date,time,illuminance_lux,light_regime,sun_altitude_deg,sun_azimuth_deg,moon_altitude_deg,moon_azimuth_deg,phase_angle_deg,pct_darkness,moon_phase_fraction,moon_phase_name,below_threshold
2025-10-11,18:30:00,4.318,Civil Twilight,-4.73,263.2561,-45.342,32.5686,66.9643,59.79,0.6957,Waning Gibbous,False
2025-10-11,18:31:00,3.4847,Civil Twilight,-4.9751,263.294,-45.2158,32.8032,66.9735,59.8,0.6956,Waning Gibbous,False
2025-10-11,18:32:00,2.6514,Civil Twilight,-5.2202,263.3317,-45.0888,33.0364,66.9827,59.81,0.6955,Waning Gibbous,False
2025-10-11,18:33:00,1.8181,Civil Twilight,-5.4653,263.3694,-44.961,33.2683,66.9919,59.82,0.6954,Waning Gibbous,False
2025-10-11,18:34:00,0.9846,Civil Twilight,-5.7104,263.4069,-44.8324,33.4987,67.0011,59.83,0.6954,Waning Gibbous,False
2025-10-11,18:35:00,0.1511,Civil Twilight,-5.9556,263.4443,-44.7031,33.7278,67.0103,59.84,0.6953,Waning Gibbous,False
2025-10-11,18:36:00,0.5799,Nautical Twilight,-6.2007,263.4817,-44.5729,33.9555,67.0196,59.85,0.6952,Waning Gibbous,False
2025-10-11,18:37:00,0.5554,Nautical Twilight,-6.4459,263.5189,-44.442,34.1818,67.0288,59.86,0.6951,Waning Gibbous,False
2025-10-11,18:38:00,0.5309,Nautical Twilight,-6.6911,263.556,-44.3103,34.4068,67.038,59.87,0.6951,Waning Gibbous,False
2025-10-11,18:39:00,0.5064,Nautical Twilight,-6.9363,263.593,-44.1779,34.6304,67.0472,59.87,0.695,Waning Gibbous,False
2025-10-11,18:40:00,0.4818,Nautical Twilight,-7.1816,263.6299,-44.0447,34.8526,67.0564,59.88,0.6949,Waning Gibbous,False
2025-10-11,18:41:00,0.4573,Nautical Twilight,-7.4268,263.6667,-43.9108,35.0735,67.0656,59.89,0.6948,Waning Gibbous,False
2025-10-11,18:42:00,0.4328,Nautical Twilight,-7.6721,263.7035,-43.7762,35.2931,67.0748,59.9,0.6948,Waning Gibbous,False
2025-10-11,18:43:00,0.4083,Nautical Twilight,-7.9174,263.7401,-43.6408,35.5112,67.084,59.91,0.6947,Waning Gibbous,False
2025-10-11,18:44:00,0.3837,Nautical Twilight,-8.1627,263.7766,-43.5046,35.7281,67.0933,59.92,0.6946,Waning Gibbous,False
2025-10-11,18:45:00,0.3592,Nautical Twilight,-8.408,263.813,-43.3678,35.9436,67.1025,59.93,0.6945,Waning Gibbous,False
2025-10-11,18:46:00,0.3347,Nautical Twilight,-8.6533,263.8494,-43.2303,36.1577,67.1117,59.94,0.6945,Waning Gibbous,False
2025-10-11,18:47:00,0.3101,Nautical Twilight,-8.8987,263.8856,-43.092,36.3706,67.1209,59.94,0.6944,Waning Gibbous,False
2025-10-11,18:48:00,0.2856,Nautical Twilight,-9.1441,263.9218,-42.9531,36.5821,67.1301,59.95,0.6943,Waning Gibbous,False
2025-10-11,18:49:00,0.2611,Nautical Twilight,-9.3894,263.9578,-42.8134,36.7923,67.1393,59.96,0.6942,Waning Gibbous,False
2025-10-11,18:50:00,0.2365,Nautical Twilight,-9.6348,263.9938,-42.6731,37.0011,67.1485,59.97,0.6942,Waning Gibbous,False
2025-10-11,18:51:00,0.212,Nautical Twilight,-9.8803,264.0297,-42.5321,37.2087,67.1577,59.98,0.6941,Waning Gibbous,False
2025-10-11,18:52:00,0.1874,Nautical Twilight,-10.1257,264.0655,-42.3904,37.415,67.1669,59.99,0.694,Waning Gibbous,False
2025-10-11,18:53:00,0.1629,Nautical Twilight,-10.3712,264.1012,-42.2481,37.6199,67.1762,60.0,0.6939,Waning Gibbous,False
2025-10-11,18:54:00,0.1383,Nautical Twilight,-10.6166,264.1368,-42.105,37.8236,67.1854,60.01,0.6939,Waning Gibbous,True
2025-10-11,18:55:00,0.1138,Nautical Twilight,-10.8621,264.1724,-41.9614,38.0259,67.1946,60.02,0.6938,Waning Gibbous,True
2025-10-11,18:56:00,0.0892,Nautical Twilight,-11.1076,264.2078,-41.817,38.227,67.2038,60.02,0.6937,Waning Gibbous,True
2025-10-11,18:57:00,0.0647,Nautical Twilight,-11.3531,264.2432,-41.6721,38.4268,67.213,60.03,0.6937,Waning Gibbous,True
2025-10-11,18:58:00,0.0401,Nautical Twilight,-11.5986,264.2785,-41.5265,38.6254,67.2222,60.04,0.6936,Waning Gibbous,True
2025-10-11,18:59:00,0.0156,Nautical Twilight,-11.8442,264.3137,-41.3802,38.8226,67.2314,60.05,0.6935,Waning Gibbous,True
2025-10-11,19:00:00,0.0059,Astronomical Twilight,-12.0897,264.3489,-41.2333,39.0186,67.2406,60.06,0.6934,Waning Gibbous,True
2025-10-11,19:01:00,0.0057,Astronomical Twilight,-12.3353,264.384,-41.0859,39.2134,67.2498,60.07,0.6934,Waning Gibbous,True
2025-10-11,19:02:00,0.0054,Astronomical Twilight,-12.5809,264.419,-40.9377,39.4069,67.259,60.08,0.6933,Waning Gibbous,True
2025-10-11,19:03:00,0.0052,Astronomical Twilight,-12.8265,264.4539,-40.789,39.5991,67.2682,60.09,0.6932,Waning Gibbous,True
2025-10-11,19:04:00,0.0049,Astronomical Twilight,-13.0721,264.4887,-40.6397,39.7901,67.2775,60.09,0.6931,Waning Gibbous,True
2025-10-11,19:05:00,0.0047,Astronomical Twilight,-13.3177,264.5235,-40.4898,39.9799,67.2867,60.1,0.6931,Waning Gibbous,True
2025-10-11,19:06:00,0.0044,Astronomical Twilight,-13.5634,264.5582,-40.3392,40.1685,67.2959,60.11,0.693,Waning Gibbous,True
2025-10-11,19:07:00,0.0042,Astronomical Twilight,-13.8091,264.5928,-40.1881,40.3558,67.3051,60.12,0.6929,Waning Gibbous,True
2025-10-11,19:08:00,0.0039,Astronomical Twilight,-14.0547,264.6274,-40.0364,40.5419,67.3143,60.13,0.6928,Waning Gibbous,True
2025-10-11,19:09:00,0.0037,Astronomical Twilight,-14.3004,264.6619,-39.8841,40.7268,67.3235,60.14,0.6928,Waning Gibbous,True
2025-10-11,19:10:00,0.0035,Astronomical Twilight,-14.5461,264.6963,-39.7313,40.9105,67.3327,60.15,0.6927,Waning Gibbous,True
2025-10-11,19:11:00,0.0032,Astronomical Twilight,-14.7918,264.7306,-39.5779,41.093,67.3419,60.16,0.6926,Waning Gibbous,True
2025-10-11,19:12:00,0.003,Astronomical Twilight,-15.0376,264.7649,-39.4239,41.2743,67.3511,60.17,0.6925,Waning Gibbous,True
2025-10-11,19:13:00,0.0027,Astronomical Twilight,-15.2833,264.7992,-39.2694,41.4544,67.3603,60.17,0.6925,Waning Gibbous,True
2025-10-11,19:14:00,0.0025,Astronomical Twilight,-15.529,264.8333,-39.1143,41.6334,67.3695,60.18,0.6924,Waning Gibbous,True
2025-10-11,19:15:00,0.0022,Astronomical Twilight,-15.7748,264.8674,-38.9586,41.8112,67.3787,60.19,0.6923,Waning Gibbous,True
2025-10-11,19:16:00,0.002,Astronomical Twilight,-16.0206,264.9015,-38.8024,41.9878,67.3879,60.2,0.6922,Waning Gibbous,True
2025-10-11,19:17:00,0.0017,Astronomical Twilight,-16.2664,264.9354,-38.6457,42.1632,67.3972,60.21,0.6922,Waning Gibbous,True
2025-10-11,19:18:00,0.0015,Astronomical Twilight,-16.5122,264.9694,-38.4884,42.3375,67.4064,60.22,0.6921,Waning Gibbous,True
2025-10-11,19:19:00,0.0012,Astronomical Twilight,-16.758,265.0032,-38.3307,42.5107,67.4156,60.23,0.692,Waning Gibbous,True
2025-10-11,19:20:00,0.001,Astronomical Twilight,-17.0038,265.037,-38.1723,42.6827,67.4248,60.24,0.6919,Waning Gibbous,True
2025-10-11,19:21:00,0.0008,Astronomical Twilight,-17.2497,265.0708,-38.0135,42.8535,67.434,60.24,0.6919,Waning Gibbous,True
2025-10-11,19:22:00,0.0005,Astronomical Twilight,-17.4955,265.1045,-37.8542,43.0233,67.4432,60.25,0.6918,Waning Gibbous,True
2025-10-11,19:23:00,0.0003,Astronomical Twilight,-17.7414,265.1381,-37.6943,43.1919,67.4524,60.26,0.6917,Waning Gibbous,True
2025-10-11,19:24:00,0.0,Astronomical Twilight,-17.9873,265.1717,-37.534,43.3594,67.4616,60.27,0.6917,Waning Gibbous,True
2025-10-11,19:25:00,0.0,Moonless Night,-18.2332,265.2052,-37.3731,43.5258,67.4708,60.28,0.6916,Waning Gibbous,True
2025-10-11,19:26:00,0.0,Moonless Night,-18.4791,265.2387,-37.2117,43.6911,67.48,60.29,0.6915,Waning Gibbous,True
2025-10-11,19:27:00,0.0,Moonless Night,-18.725,265.2721,-37.0499,43.8553,67.4892,60.3,0.6914,Waning Gibbous,True
2025-10-11,19:28:00,0.0,Moonless Night,-18.9709,265.3055,-36.8876,44.0184,67.4984,60.31,0.6914,Waning Gibbous,True
2025-10-11,19:29:00,0.0,Moonless Night,-19.2169,265.3389,-36.7247,44.1804,67.5076,60.32,0.6913,Waning Gibbous,True
2025-10-11,19:30:00,0.0,Moonless Night,-19.4628,265.3721,-36.5614,44.3413,67.5168,60.32,0.6912,Waning Gibbous,True
2025-10-11,19:31:00,0.0,Moonless Night,-19.7088,265.4054,-36.3977,44.5012,67.526,60.33,0.6911,Waning Gibbous,True
2025-10-11,19:32:00,0.0,Moonless Night,-19.9547,265.4386,-36.2334,44.66,67.5352,60.34,0.6911,Waning Gibbous,True
2025-10-11,19:33:00,0.0,Moonless Night,-20.2007,265.4717,-36.0687,44.8177,67.5444,60.35,0.691,Waning Gibbous,True
2025-10-11,19:34:00,0.0,Moonless Night,-20.4467,265.5048,-35.9036,44.9744,67.5536,60.36,0.6909,Waning Gibbous,True
2025-10-11,19:35:00,0.0,Moonless Night,-20.6927,265.5379,-35.7379,45.1301,67.5628,60.37,0.6908,Waning Gibbous,True
2025-10-11,19:36:00,0.0,Moonless Night,-20.9387,265.5709,-35.5719,45.2847,67.572,60.38,0.6908,Waning Gibbous,True
2025-10-11,19:37:00,0.0,Moonless Night,-21.1848,265.6039,-35.4053,45.4382,67.5812,60.39,0.6907,Waning Gibbous,True
2025-10-11,19:38:00,0.0,Moonless Night,-21.4308,265.6369,-35.2384,45.5908,67.5905,60.39,0.6906,Waning Gibbous,True
2025-10-11,19:39:00,0.0,Moonless Night,-21.6769,265.6698,-35.071,45.7423,67.5997,60.4,0.6905,Waning Gibbous,True
2025-10-11,19:40:00,0.0,Moonless Night,-21.9229,265.7027,-34.9031,45.8928,67.6089,60.41,0.6905,Waning Gibbous,True
2025-10-11,19:41:00,0.0,Moonless Night,-22.169,265.7355,-34.7349,46.0423,67.6181,60.42,0.6904,Waning Gibbous,True
2025-10-11,19:42:00,0.0,Moonless Night,-22.4151,265.7683,-34.5662,46.1908,67.6273,60.43,0.6903,Waning Gibbous,True
2025-10-11,19:43:00,0.0,Moonless Night,-22.6612,265.8011,-34.397,46.3382,67.6365,60.44,0.6902,Waning Gibbous,True
2025-10-11,19:44:00,0.0,Moonless Night,-22.9073,265.8338,-34.2275,46.4847,67.6457,60.45,0.6902,Waning Gibbous,True
2025-10-11,19:45:00,0.0,Moonless Night,-23.1534,265.8665,-34.0575,46.6303,67.6549,60.46,0.6901,Waning Gibbous,True
2025-10-11,19:46:00,0.0,Moonless Night,-23.3995,265.8992,-33.8871,46.7748,67.6641,60.46,0.69,Waning Gibbous,True
2025-10-11,19:47:00,0.0,Moonless Night,-23.6456,265.9318,-33.7163,46.9184,67.6733,60.47,0.6899,Waning Gibbous,True
2025-10-11,19:48:00,0.0,Moonless Night,-23.8918,265.9644,-33.5451,47.0609,67.6825,60.48,0.6899,Waning Gibbous,True
2025-10-11,19:49:00,0.0,Moonless Night,-24.1379,265.997,-33.3735,47.2026,67.6917,60.49,0.6898,Waning Gibbous,True
2025-10-11,19:50:00,0.0,Moonless Night,-24.3841,266.0296,-33.2016,47.3433,67.7009,60.5,0.6897,Waning Gibbous,True
2025-10-11,19:51:00,0.0,Moonless Night,-24.6302,266.0621,-33.0292,47.483,67.7101,60.51,0.6896,Waning Gibbous,True
2025-10-11,19:52:00,0.0,Moonless Night,-24.8764,266.0946,-32.8564,47.6218,67.7193,60.52,0.6896,Waning Gibbous,True
2025-10-11,19:53:00,0.0,Moonless Night,-25.1226,266.1271,-32.6832,47.7596,67.7285,60.53,0.6895,Waning Gibbous,True
2025-10-11,19:54:00,0.0,Moonless Night,-25.3688,266.1596,-32.5097,47.8965,67.7377,60.53,0.6894,Waning Gibbous,True
2025-10-11,19:55:00,0.0,Moonless Night,-25.615,266.192,-32.3357,48.0325,67.7469,60.54,0.6893,Waning Gibbous,True
2025-10-11,19:56:00,0.0,Moonless Night,-25.8612,266.2244,-32.1614,48.1676,67.7561,60.55,0.6893,Waning Gibbous,True
2025-10-11,19:57:00,0.0,Moonless Night,-26.1075,266.2568,-31.9867,48.3017,67.7653,60.56,0.6892,Waning Gibbous,True
2025-10-11,19:58:00,0.0,Moonless Night,-26.3537,266.2892,-31.8117,48.435,67.7745,60.57,0.6891,Waning Gibbous,True
2025-10-11,19:59:00,0.0,Moonless Night,-26.5999,266.3216,-31.6363,48.5673,67.7837,60.58,0.6891,Waning Gibbous,True
2025-10-11,20:00:00,0.0,Moonless Night,-26.8462,266.3539,-31.4605,48.6988,67.7929,60.59,0.689,Waning Gibbous,True
2025-10-11,20:01:00,0.0,Moonless Night,-27.0924,266.3863,-31.2843,48.8293,67.8021,60.6,0.6889,Waning Gibbous,True
2025-10-11,20:02:00,0.0,Moonless Night,-27.3387,266.4186,-31.1078,48.959,67.8113,60.61,0.6888,Waning Gibbous,True
2025-10-11,20:03:00,0.0,Moonless Night,-27.585,266.4509,-30.931,49.0878,67.8205,60.61,0.6888,Waning Gibbous,True
2025-10-11,20:04:00,0.0,Moonless Night,-27.8313,266.4832,-30.7538,49.2157,67.8297,60.62,0.6887,Waning Gibbous,True
2025-10-11,20:05:00,0.0,Moonless Night,-28.0776,266.5155,-30.5762,49.3427,67.8389,60.63,0.6886,Waning Gibbous,True
2025-10-11,20:06:00,0.0,Moonless Night,-28.3239,266.5477,-30.3983,49.4689,67.8481,60.64,0.6885,Waning Gibbous,True
2025-10-11,20:07:00,0.0,Moonless Night,-28.5702,266.58,-30.2201,49.5942,67.8573,60.65,0.6885,Waning Gibbous,True
2025-10-11,20:08:00,0.0,Moonless Night,-28.8165,266.6123,-30.0415,49.7187,67.8665,60.66,0.6884,Waning Gibbous,True
2025-10-11,20:09:00,0.0,Moonless Night,-29.0628,266.6445,-29.8626,49.8423,67.8757,60.67,0.6883,Waning Gibbous,True
2025-10-11,20:10:00,0.0,Moonless Night,-29.3092,266.6768,-29.6833,49.9651,67.8848,60.68,0.6882,Waning Gibbous,True
2025-10-11,20:11:00,0.0,Moonless Night,-29.5555,266.709,-29.5037,50.087,67.894,60.68,0.6882,Waning Gibbous,True
2025-10-11,20:12:00,0.0,Moonless Night,-29.8019,266.7413,-29.3238,50.2081,67.9032,60.69,0.6881,Waning Gibbous,True
2025-10-11,20:13:00,0.0,Moonless Night,-30.0482,266.7735,-29.1436,50.3284,67.9124,60.7,0.688,Waning Gibbous,True
2025-10-11,20:14:00,0.0,Moonless Night,-30.2946,266.8058,-28.9631,50.4479,67.9216,60.71,0.6879,Waning Gibbous,True
2025-10-11,20:15:00,0.0,Moonless Night,-30.541,266.838,-28.7822,50.5665,67.9308,60.72,0.6879,Waning Gibbous,True
2025-10-11,20:16:00,0.0,Moonless Night,-30.7874,266.8702,-28.601,50.6844,67.94,60.73,0.6878,Waning Gibbous,True
2025-10-11,20:17:00,0.0,Moonless Night,-31.0337,266.9025,-28.4195,50.8014,67.9492,60.74,0.6877,Waning Gibbous,True
2025-10-11,20:18:00,0.0,Moonless Night,-31.2801,266.9347,-28.2377,50.9176,67.9584,60.75,0.6876,Waning Gibbous,True
2025-10-11,20:19:00,0.0,Moonless Night,-31.5265,266.967,-28.0556,51.0331,67.9676,60.75,0.6876,Waning Gibbous,True
2025-10-11,20:20:00,0.0,Moonless Night,-31.773,266.9993,-27.8732,51.1477,67.9768,60.76,0.6875,Waning Gibbous,True
2025-10-11,20:21:00,0.0,Moonless Night,-32.0194,267.0315,-27.6905,51.2616,67.986,60.77,0.6874,Waning Gibbous,True
2025-10-11,20:22:00,0.0,Moonless Night,-32.2658,267.0638,-27.5074,51.3747,67.9952,60.78,0.6873,Waning Gibbous,True
2025-10-11,20:23:00,0.0,Moonless Night,-32.5122,267.0961,-27.3241,51.487,68.0044,60.79,0.6873,Waning Gibbous,True
2025-10-11,20:24:00,0.0,Moonless Night,-32.7587,267.1284,-27.1405,51.5985,68.0136,60.8,0.6872,Waning Gibbous,True
2025-10-11,20:25:00,0.0,Moonless Night,-33.0051,267.1607,-26.9566,51.7093,68.0228,60.81,0.6871,Waning Gibbous,True
2025-10-11,20:26:00,0.0,Moonless Night,-33.2516,267.1931,-26.7725,51.8193,68.032,60.82,0.687,Waning Gibbous,True
2025-10-11,20:27:00,0.0,Moonless Night,-33.498,267.2254,-26.588,51.9285,68.0412,60.82,0.687,Waning Gibbous,True
2025-10-11,20:28:00,0.0,Moonless Night,-33.7445,267.2578,-26.4032,52.037,68.0504,60.83,0.6869,Waning Gibbous,True
2025-10-11,20:29:00,0.0,Moonless Night,-33.991,267.2902,-26.2182,52.1448,68.0596,60.84,0.6868,Waning Gibbous,True
2025-10-11,20:30:00,0.0,Moonless Night,-34.2375,267.3226,-26.0329,52.2518,68.0688,60.85,0.6867,Waning Gibbous,True
2025-10-11,20:31:00,0.0,Moonless Night,-34.4839,267.355,-25.8473,52.358,68.078,60.86,0.6867,Waning Gibbous,True
2025-10-11,20:32:00,0.0,Moonless Night,-34.7304,267.3875,-25.6614,52.4636,68.0871,60.87,0.6866,Waning Gibbous,True
2025-10-11,20:33:00,0.0,Moonless Night,-34.9769,267.4199,-25.4753,52.5684,68.0963,60.88,0.6865,Waning Gibbous,True
2025-10-11,20:34:00,0.0,Moonless Night,-35.2234,267.4524,-25.2889,52.6725,68.1055,60.89,0.6864,Waning Gibbous,True
2025-10-11,20:35:00,0.0,Moonless Night,-35.47,267.485,-25.1022,52.7758,68.1147,60.89,0.6864,Waning Gibbous,True
2025-10-11,20:36:00,0.0,Moonless Night,-35.7165,267.5175,-24.9153,52.8785,68.1239,60.9,0.6863,Waning Gibbous,True
2025-10-11,20:37:00,0.0,Moonless Night,-35.963,267.5501,-24.7281,52.9804,68.1331,60.91,0.6862,Waning Gibbous,True
2025-10-11,20:38:00,0.0,Moonless Night,-36.2095,267.5827,-24.5406,53.0816,68.1423,60.92,0.6862,Waning Gibbous,True
2025-10-11,20:39:00,0.0,Moonless Night,-36.4561,267.6154,-24.3529,53.1822,68.1515,60.93,0.6861,Waning Gibbous,True
2025-10-11,20:40:00,0.0,Moonless Night,-36.7026,267.6481,-24.165,53.282,68.1607,60.94,0.686,Waning Gibbous,True
2025-10-11,20:41:00,0.0,Moonless Night,-36.9491,267.6808,-23.9767,53.3811,68.1699,60.95,0.6859,Waning Gibbous,True
2025-10-11,20:42:00,0.0,Moonless Night,-37.1957,267.7135,-23.7883,53.4796,68.1791,60.96,0.6859,Waning Gibbous,True
2025-10-11,20:43:00,0.0,Moonless Night,-37.4423,267.7463,-23.5996,53.5773,68.1883,60.96,0.6858,Waning Gibbous,True
2025-10-11,20:44:00,0.0,Moonless Night,-37.6888,267.7792,-23.4106,53.6744,68.1975,60.97,0.6857,Waning Gibbous,True
2025-10-11,20:45:00,0.0,Moonless Night,-37.9354,267.8121,-23.2214,53.7708,68.2066,60.98,0.6856,Waning Gibbous,True
2025-10-11,20:46:00,0.0,Moonless Night,-38.182,267.845,-23.0319,53.8666,68.2158,60.99,0.6856,Waning Gibbous,True
2025-10-11,20:47:00,0.0,Moonless Night,-38.4285,267.8779,-22.8423,53.9616,68.225,61.0,0.6855,Waning Gibbous,True
2025-10-11,20:48:00,0.0,Moonless Night,-38.6751,267.911,-22.6523,54.056,68.2342,61.01,0.6854,Waning Gibbous,True
2025-10-11,20:49:00,0.0,Moonless Night,-38.9217,267.944,-22.4622,54.1498,68.2434,61.02,0.6853,Waning Gibbous,True
2025-10-11,20:50:00,0.0,Moonless Night,-39.1683,267.9772,-22.2718,54.2428,68.2526,61.03,0.6853,Waning Gibbous,True
2025-10-11,20:51:00,0.0,Moonless Night,-39.4149,268.0103,-22.0811,54.3353,68.2618,61.03,0.6852,Waning Gibbous,True
2025-10-11,20:52:00,0.0,Moonless Night,-39.6615,268.0435,-21.8903,54.4271,68.271,61.04,0.6851,Waning Gibbous,True
2025-10-11,20:53:00,0.0,Moonless Night,-39.9081,268.0768,-21.6992,54.5182,68.2802,61.05,0.685,Waning Gibbous,True
2025-10-11,20:54:00,0.0,Moonless Night,-40.1547,268.1102,-21.5079,54.6087,68.2894,61.06,0.685,Waning Gibbous,True
2025-10-11,20:55:00,0.0,Moonless Night,-40.4014,268.1436,-21.3163,54.6985,68.2985,61.07,0.6849,Waning Gibbous,True
2025-10-11,20:56:00,0.0,Moonless Night,-40.648,268.177,-21.1246,54.7877,68.3077,61.08,0.6848,Waning Gibbous,True
2025-10-11,20:57:00,0.0,Moonless Night,-40.8946,268.2106,-20.9326,54.8763,68.3169,61.09,0.6847,Waning Gibbous,True
2025-10-11,20:58:00,0.0,Moonless Night,-41.1412,268.2441,-20.7404,54.9643,68.3261,61.1,0.6847,Waning Gibbous,True
2025-10-11,20:59:00,0.0,Moonless Night,-41.3879,268.2778,-20.548,55.0516,68.3353,61.1,0.6846,Waning Gibbous,True
2025-10-11,21:00:00,0.0,Moonless Night,-41.6345,268.3115,-20.3554,55.1384,68.3445,61.11,0.6845,Waning Gibbous,True
2025-10-11,21:01:00,0.0,Moonless Night,-41.8812,268.3453,-20.1625,55.2245,68.3537,61.12,0.6844,Waning Gibbous,True
2025-10-11,21:02:00,0.0,Moonless Night,-42.1278,268.3792,-19.9695,55.31,68.3629,61.13,0.6844,Waning Gibbous,True
2025-10-11,21:03:00,0.0,Moonless Night,-42.3745,268.4132,-19.7762,55.3948,68.3721,61.14,0.6843,Waning Gibbous,True
2025-10-11,21:04:00,0.0,Moonless Night,-42.6211,268.4472,-19.5828,55.4791,68.3812,61.15,0.6842,Waning Gibbous,True
2025-10-11,21:05:00,0.0,Moonless Night,-42.8678,268.4813,-19.3891,55.5628,68.3904,61.16,0.6841,Waning Gibbous,True
2025-10-11,21:06:00,0.0,Moonless Night,-43.1144,268.5155,-19.1952,55.6459,68.3996,61.17,0.6841,Waning Gibbous,True
2025-10-11,21:07:00,0.0,Moonless Night,-43.3611,268.5498,-19.0011,55.7283,68.4088,61.17,0.684,Waning Gibbous,True
2025-10-11,21:08:00,0.0,Moonless Night,-43.6078,268.5841,-18.8069,55.8102,68.418,61.18,0.6839,Waning Gibbous,True
2025-10-11,21:09:00,0.0,Moonless Night,-43.8545,268.6186,-18.6124,55.8915,68.4272,61.19,0.6838,Waning Gibbous,True
2025-10-11,21:10:00,0.0,Moonless Night,-44.1011,268.6531,-18.4177,55.9723,68.4364,61.2,0.6838,Waning Gibbous,True
2025-10-11,21:11:00,0.0,Moonless Night,-44.3478,268.6878,-18.2228,56.0524,68.4456,61.21,0.6837,Waning Gibbous,True
2025-10-11,21:12:00,0.0,Moonless Night,-44.5945,268.7225,-18.0278,56.1319,68.4547,61.22,0.6836,Waning Gibbous,True
2025-10-11,21:13:00,0.0,Moonless Night,-44.8412,268.7573,-17.8325,56.2109,68.4639,61.23,0.6835,Waning Gibbous,True
2025-10-11,21:14:00,0.0,Moonless Night,-45.0879,268.7923,-17.6371,56.2893,68.4731,61.24,0.6835,Waning Gibbous,True
2025-10-11,21:15:00,0.0,Moonless Night,-45.3346,268.8273,-17.4415,56.3672,68.4823,61.24,0.6834,Waning Gibbous,True
2025-10-11,21:16:00,0.0,Moonless Night,-45.5813,268.8625,-17.2456,56.4444,68.4915,61.25,0.6833,Waning Gibbous,True
2025-10-11,21:17:00,0.0,Moonless Night,-45.828,268.8977,-17.0496,56.5211,68.5007,61.26,0.6832,Waning Gibbous,True
2025-10-11,21:18:00,0.0,Moonless Night,-46.0747,268.9331,-16.8535,56.5973,68.5099,61.27,0.6832,Waning Gibbous,True
2025-10-11,21:19:00,0.0,Moonless Night,-46.3214,268.9686,-16.6571,56.6729,68.519,61.28,0.6831,Waning Gibbous,True
2025-10-11,21:20:00,0.0,Moonless Night,-46.5681,269.0042,-16.4605,56.7479,68.5282,61.29,0.683,Waning Gibbous,True
2025-10-11,21:21:00,0.0,Moonless Night,-46.8148,269.0399,-16.2638,56.8224,68.5374,61.3,0.6829,Waning Gibbous,True
2025-10-11,21:22:00,0.0,Moonless Night,-47.0615,269.0758,-16.0669,56.8963,68.5466,61.31,0.6829,Waning Gibbous,True
2025-10-11,21:23:00,0.0,Moonless Night,-47.3083,269.1118,-15.8698,56.9697,68.5558,61.31,0.6828,Waning Gibbous,True
2025-10-11,21:24:00,0.0,Moonless Night,-47.555,269.1479,-15.6726,57.0425,68.565,61.32,0.6827,Waning Gibbous,True
2025-10-11,21:25:00,0.0,Moonless Night,-47.8017,269.1841,-15.4751,57.1148,68.5742,61.33,0.6826,Waning Gibbous,True
2025-10-11,21:26:00,0.0,Moonless Night,-48.0484,269.2205,-15.2775,57.1866,68.5833,61.34,0.6826,Waning Gibbous,True
2025-10-11,21:27:00,0.0,Moonless Night,-48.2951,269.257,-15.0798,57.2578,68.5925,61.35,0.6825,Waning Gibbous,True
2025-10-11,21:28:00,0.0,Moonless Night,-48.5419,269.2937,-14.8818,57.3285,68.6017,61.36,0.6824,Waning Gibbous,True
2025-10-11,21:29:00,0.0,Moonless Night,-48.7886,269.3305,-14.6837,57.3987,68.6109,61.37,0.6823,Waning Gibbous,True
2025-10-11,21:30:00,0.0,Moonless Night,-49.0353,269.3675,-14.4854,57.4683,68.6201,61.38,0.6823,Waning Gibbous,True
2025-10-11,21:31:00,0.0,Moonless Night,-49.2821,269.4046,-14.287,57.5374,68.6293,61.38,0.6822,Waning Gibbous,True
2025-10-11,21:32:00,0.0,Moonless Night,-49.5288,269.4419,-14.0884,57.606,68.6384,61.39,0.6821,Waning Gibbous,True
2025-10-11,21:33:00,0.0,Moonless Night,-49.7755,269.4793,-13.8896,57.6741,68.6476,61.4,0.6821,Waning Gibbous,True
2025-10-11,21:34:00,0.0,Moonless Night,-50.0223,269.5169,-13.6907,57.7417,68.6568,61.41,0.682,Waning Gibbous,True
2025-10-11,21:35:00,0.0,Moonless Night,-50.269,269.5547,-13.4916,57.8087,68.666,61.42,0.6819,Waning Gibbous,True
2025-10-11,21:36:00,0.0,Moonless Night,-50.5158,269.5926,-13.2924,57.8752,68.6752,61.43,0.6818,Waning Gibbous,True
2025-10-11,21:37:00,0.0,Moonless Night,-50.7625,269.6307,-13.093,57.9413,68.6844,61.44,0.6818,Waning Gibbous,True
2025-10-11,21:38:00,0.0,Moonless Night,-51.0092,269.669,-12.8934,58.0068,68.6935,61.45,0.6817,Waning Gibbous,True
2025-10-11,21:39:00,0.0,Moonless Night,-51.256,269.7075,-12.6937,58.0718,68.7027,61.45,0.6816,Waning Gibbous,True
2025-10-11,21:40:00,0.0,Moonless Night,-51.5027,269.7462,-12.4939,58.1363,68.7119,61.46,0.6815,Waning Gibbous,True
2025-10-11,21:41:00,0.0,Moonless Night,-51.7495,269.7851,-12.2939,58.2003,68.7211,61.47,0.6815,Waning Gibbous,True
2025-10-11,21:42:00,0.0,Moonless Night,-51.9962,269.8242,-12.0937,58.2638,68.7303,61.48,0.6814,Waning Gibbous,True
2025-10-11,21:43:00,0.0,Moonless Night,-52.243,269.8635,-11.8934,58.3268,68.7394,61.49,0.6813,Waning Gibbous,True
2025-10-11,21:44:00,0.0,Moonless Night,-52.4897,269.903,-11.693,58.3894,68.7486,61.5,0.6812,Waning Gibbous,True
2025-10-11,21:45:00,0.0,Moonless Night,-52.7365,269.9427,-11.4924,58.4514,68.7578,61.51,0.6812,Waning Gibbous,True
2025-10-11,21:46:00,0.0,Moonless Night,-52.9832,269.9826,-11.2916,58.5129,68.767,61.51,0.6811,Waning Gibbous,True
2025-10-11,21:47:00,0.0,Moonless Night,-53.23,270.0228,-11.0907,58.574,68.7762,61.52,0.681,Waning Gibbous,True
2025-10-11,21:48:00,0.0,Moonless Night,-53.4767,270.0632,-10.8897,58.6346,68.7853,61.53,0.6809,Waning Gibbous,True
2025-10-11,21:49:00,0.0,Moonless Night,-53.7235,270.1038,-10.6885,58.6947,68.7945,61.54,0.6809,Waning Gibbous,True
2025-10-11,21:50:00,0.0,Moonless Night,-53.9702,270.1446,-10.4872,58.7543,68.8037,61.55,0.6808,Waning Gibbous,True
2025-10-11,21:51:00,0.0,Moonless Night,-54.2169,270.1858,-10.2858,58.8134,68.8129,61.56,0.6807,Waning Gibbous,True
2025-10-11,21:52:00,0.0,Moonless Night,-54.4637,270.2271,-10.0842,58.8721,68.8221,61.57,0.6806,Waning Gibbous,True
2025-10-11,21:53:00,0.0,Moonless Night,-54.7104,270.2688,-9.8825,58.9302,68.8312,61.58,0.6806,Waning Gibbous,True
2025-10-11,21:54:00,0.0,Moonless Night,-54.9572,270.3106,-9.6806,58.9879,68.8404,61.58,0.6805,Waning Gibbous,True
2025-10-11,21:55:00,0.0,Moonless Night,-55.2039,270.3528,-9.4786,59.0452,68.8496,61.59,0.6804,Waning Gibbous,True
2025-10-11,21:56:00,0.0,Moonless Night,-55.4507,270.3953,-9.2765,59.1019,68.8588,61.6,0.6803,Waning Gibbous,True
2025-10-11,21:57:00,0.0,Moonless Night,-55.6974,270.438,-9.0743,59.1582,68.868,61.61,0.6803,Waning Gibbous,True
2025-10-11,21:58:00,0.0,Moonless Night,-55.9441,270.481,-8.8719,59.2141,68.8771,61.62,0.6802,Waning Gibbous,True
2025-10-11,21:59:00,0.0,Moonless Night,-56.1909,270.5243,-8.6694,59.2695,68.8863,61.63,0.6801,Waning Gibbous,True
2025-10-11,22:00:00,0.0,Moonless Night,-56.4376,270.568,-8.4667,59.3244,68.8955,61.64,0.68,Waning Gibbous,True
2025-10-11,22:01:00,0.0,Moonless Night,-56.6844,270.6119,-8.264,59.3788,68.9047,61.65,0.68,Waning Gibbous,True
2025-10-11,22:02:00,0.0,Moonless Night,-56.9311,270.6562,-8.0611,59.4328,68.9139,61.65,0.6799,Waning Gibbous,True
2025-10-11,22:03:00,0.0,Moonless Night,-57.1778,270.7008,-7.8581,59.4864,68.923,61.66,0.6798,Waning Gibbous,True
2025-10-11,22:04:00,0.0,Moonless Night,-57.4245,270.7457,-7.6549,59.5394,68.9322,61.67,0.6797,Waning Gibbous,True
2025-10-11,22:05:00,0.0,Moonless Night,-57.6713,270.791,-7.4517,59.5921,68.9414,61.68,0.6797,Waning Gibbous,True
2025-10-11,22:06:00,0.0,Moonless Night,-57.918,270.8367,-7.2483,59.6443,68.9506,61.69,0.6796,Waning Gibbous,True
2025-10-11,22:07:00,0.0,Moonless Night,-58.1647,270.8827,-7.0448,59.696,68.9597,61.7,0.6795,Waning Gibbous,True
2025-10-11,22:08:00,0.0,Moonless Night,-58.4114,270.9291,-6.8411,59.7473,68.9689,61.71,0.6794,Waning Gibbous,True
2025-10-11,22:09:00,0.0,Moonless Night,-58.6581,270.9759,-6.6374,59.7981,68.9781,61.71,0.6794,Waning Gibbous,True
2025-10-11,22:10:00,0.0,Moonless Night,-58.9048,271.0231,-6.4335,59.8485,68.9873,61.72,0.6793,Waning Gibbous,True
2025-10-11,22:11:00,0.0,Moonless Night,-59.1515,271.0706,-6.2296,59.8985,68.9964,61.73,0.6792,Waning Gibbous,True
2025-10-11,22:12:00,0.0,Moonless Night,-59.3983,271.1186,-6.0255,59.948,69.0056,61.74,0.6791,Waning Gibbous,True
2025-10-11,22:13:00,0.0,Moonless Night,-59.6449,271.1671,-5.8213,59.997,69.0148,61.75,0.6791,Waning Gibbous,True
2025-10-11,22:14:00,0.0,Moonless Night,-59.8916,271.2159,-5.6169,60.0457,69.024,61.76,0.679,Waning Gibbous,True
2025-10-11,22:15:00,0.0,Moonless Night,-60.1383,271.2652,-5.4125,60.0939,69.0331,61.77,0.6789,Waning Gibbous,True
2025-10-11,22:16:00,0.0,Moonless Night,-60.385,271.315,-5.208,60.1416,69.0423,61.78,0.6788,Waning Gibbous,True
2025-10-11,22:17:00,0.0,Moonless Night,-60.6317,271.3652,-5.0033,60.1889,69.0515,61.78,0.6788,Waning Gibbous,True
2025-10-11,22:18:00,0.0,Moonless Night,-60.8784,271.416,-4.7986,60.2358,69.0607,61.79,0.6787,Waning Gibbous,True
2025-10-11,22:19:00,0.0,Moonless Night,-61.125,271.4672,-4.5937,60.2823,69.0698,61.8,0.6786,Waning Gibbous,True
2025-10-11,22:20:00,0.0,Moonless Night,-61.3717,271.519,-4.3887,60.3283,69.079,61.81,0.6785,Waning Gibbous,True
2025-10-11,22:21:00,0.0,Moonless Night,-61.6184,271.5712,-4.1836,60.3739,69.0882,61.82,0.6785,Waning Gibbous,True
2025-10-11,22:22:00,0.0,Moonless Night,-61.865,271.6241,-3.9785,60.4191,69.0974,61.83,0.6784,Waning Gibbous,True
2025-10-11,22:23:00,0.0,Moonless Night,-62.1117,271.6775,-3.7732,60.4638,69.1065,61.84,0.6783,Waning Gibbous,True
2025-10-11,22:24:00,0.0,Moonless Night,-62.3583,271.7314,-3.5678,60.5081,69.1157,61.85,0.6782,Waning Gibbous,True
2025-10-11,22:25:00,0.0,Moonless Night,-62.6049,271.786,-3.3623,60.552,69.1249,61.85,0.6782,Waning Gibbous,True
2025-10-11,22:26:00,0.0,Moonless Night,-62.8515,271.8411,-3.1567,60.5955,69.1341,61.86,0.6781,Waning Gibbous,True
2025-10-11,22:27:00,0.0,Moonless Night,-63.0982,271.8969,-2.951,60.6385,69.1432,61.87,0.678,Waning Gibbous,True
2025-10-11,22:28:00,0.0,Moonless Night,-63.3448,271.9533,-2.7452,60.6812,69.1524,61.88,0.6779,Waning Gibbous,True
2025-10-11,22:29:00,0.0,Moonless Night,-63.5914,272.0104,-2.5393,60.7234,69.1616,61.89,0.6779,Waning Gibbous,True
2025-10-11,22:30:00,0.0,Moonless Night,-63.838,272.0682,-2.3333,60.7652,69.1708,61.9,0.6778,Waning Gibbous,True
2025-10-11,22:31:00,0.0,Moonless Night,-64.0845,272.1266,-2.1272,60.8065,69.1799,61.91,0.6777,Waning Gibbous,True
2025-10-11,22:32:00,0.0,Moonless Night,-64.3311,272.1858,-1.921,60.8475,69.1891,61.91,0.6776,Waning Gibbous,True
2025-10-11,22:33:00,0.0,Moonless Night,-64.5777,272.2457,-1.7148,60.888,69.1983,61.92,0.6776,Waning Gibbous,True
2025-10-11,22:34:00,0.0,Moonless Night,-64.8242,272.3064,-1.5084,60.9281,69.2075,61.93,0.6775,Waning Gibbous,True
2025-10-11,22:35:00,0.0,Moonless Night,-65.0708,272.3679,-1.3019,60.9678,69.2166,61.94,0.6774,Waning Gibbous,True
2025-10-11,22:36:00,0.0,Moonless Night,-65.3173,272.4302,-1.0954,61.0071,69.2258,61.95,0.6773,Waning Gibbous,True
2025-10-11,22:37:00,0.0,Moonless Night,-65.5638,272.4934,-0.8887,61.046,69.235,61.96,0.6773,Waning Gibbous,True
2025-10-11,22:38:00,0.0,Moonless Night,-65.8103,272.5574,-0.682,61.0845,69.2441,61.97,0.6772,Waning Gibbous,True
2025-10-11,22:39:00,0.0,Moonless Night,-66.0568,272.6223,-0.4751,61.1225,69.2533,61.98,0.6771,Waning Gibbous,True
2025-10-11,22:40:00,0.0,Moonless Night,-66.3033,272.6881,-0.2682,61.1602,69.2625,61.98,0.677,Waning Gibbous,True
2025-10-11,22:41:00,0.0,Moonless Night,-66.5498,272.7549,-0.0612,61.1974,69.2717,61.99,0.677,Waning Gibbous,True
2025-10-11,22:42:00,0.0003,Moonlit,-66.7962,272.8226,0.1459,61.2342,69.2808,62.0,0.6769,Waning Gibbous,True
2025-10-11,22:43:00,0.0006,Moonlit,-67.0427,272.8914,0.353,61.2707,69.29,62.01,0.6768,Waning Gibbous,True
2025-10-11,22:44:00,0.001,Moonlit,-67.2891,272.9612,0.5603,61.3067,69.2992,62.02,0.6767,Waning Gibbous,True
2025-10-11,22:45:00,0.0014,Moonlit,-67.5355,273.0321,0.7676,61.3423,69.3083,62.03,0.6767,Waning Gibbous,True
2025-10-11,22:46:00,0.0018,Moonlit,-67.7819,273.1041,0.9751,61.3775,69.3175,62.04,0.6766,Waning Gibbous,True
2025-10-11,22:47:00,0.0022,Moonlit,-68.0283,273.1773,1.1826,61.4123,69.3267,62.04,0.6765,Waning Gibbous,True
2025-10-11,22:48:00,0.0025,Moonlit,-68.2747,273.2517,1.3902,61.4467,69.3358,62.05,0.6764,Waning Gibbous,True
2025-10-11,22:49:00,0.0029,Moonlit,-68.521,273.3273,1.5978,61.4807,69.345,62.06,0.6764,Waning Gibbous,True
2025-10-11,22:50:00,0.0033,Moonlit,-68.7673,273.4042,1.8056,61.5143,69.3542,62.07,0.6763,Waning Gibbous,True
2025-10-11,22:51:00,0.0037,Moonlit,-69.0136,273.4825,2.0134,61.5474,69.3634,62.08,0.6762,Waning Gibbous,True
2025-10-11,22:52:00,0.0041,Moonlit,-69.2599,273.5621,2.2213,61.5802,69.3725,62.09,0.6761,Waning Gibbous,True
2025-10-11,22:53:00,0.0044,Moonlit,-69.5062,273.6431,2.4293,61.6126,69.3817,62.1,0.6761,Waning Gibbous,True
2025-10-11,22:54:00,0.0048,Moonlit,-69.7524,273.7256,2.6374,61.6446,69.3909,62.11,0.676,Waning Gibbous,True
2025-10-11,22:55:00,0.0052,Moonlit,-69.9986,273.8097,2.8455,61.6762,69.4,62.11,0.6759,Waning Gibbous,True
2025-10-11,22:56:00,0.0056,Moonlit,-70.2448,273.8954,3.0537,61.7073,69.4092,62.12,0.6758,Waning Gibbous,True
2025-10-11,22:57:00,0.006,Moonlit,-70.491,273.9827,3.262,61.7381,69.4184,62.13,0.6758,Waning Gibbous,True
2025-10-11,22:58:00,0.0063,Moonlit,-70.7371,274.0717,3.4704,61.7685,69.4275,62.14,0.6757,Waning Gibbous,True
2025-10-11,22:59:00,0.0067,Moonlit,-70.9833,274.1625,3.6788,61.7985,69.4367,62.15,0.6756,Waning Gibbous,True
2025-10-11,23:00:00,0.0071,Moonlit,-71.2293,274.2552,3.8873,61.8281,69.4459,62.16,0.6755,Waning Gibbous,True
2025-10-11,23:01:00,0.0075,Moonlit,-71.4754,274.3498,4.0959,61.8573,69.455,62.17,0.6755,Waning Gibbous,True
2025-10-11,23:02:00,0.0078,Moonlit,-71.7214,274.4465,4.3045,61.886,69.4642,62.17,0.6754,Waning Gibbous,True
2025-10-11,23:03:00,0.0082,Moonlit,-71.9674,274.5452,4.5132,61.9144,69.4734,62.18,0.6753,Waning Gibbous,True
2025-10-11,23:04:00,0.0086,Moonlit,-72.2134,274.6461,4.722,61.9424,69.4825,62.19,0.6752,Waning Gibbous,True
2025-10-11,23:05:00,0.009,Moonlit,-72.4593,274.7492,4.9308,61.97,69.4917,62.2,0.6752,Waning Gibbous,True
2025-10-11,23:06:00,0.0094,Moonlit,-72.7052,274.8548,5.1398,61.9972,69.5009,62.21,0.6751,Waning Gibbous,True
2025-10-11,23:07:00,0.0097,Moonlit,-72.951,274.9628,5.3487,62.024,69.51,62.22,0.675,Waning Gibbous,True
2025-10-11,23:08:00,0.0101,Moonlit,-73.1968,275.0734,5.5578,62.0504,69.5192,62.23,0.6749,Waning Gibbous,True
2025-10-11,23:09:00,0.0105,Moonlit,-73.4426,275.1867,5.7669,62.0764,69.5284,62.24,0.6749,Waning Gibbous,True
2025-10-11,23:10:00,0.0109,Moonlit,-73.6883,275.3028,5.976,62.102,69.5375,62.24,0.6748,Waning Gibbous,True
2025-10-11,23:11:00,0.0112,Moonlit,-73.934,275.4219,6.1853,62.1272,69.5467,62.25,0.6747,Waning Gibbous,True
2025-10-11,23:12:00,0.0116,Moonlit,-74.1796,275.544,6.3946,62.1521,69.5559,62.26,0.6746,Waning Gibbous,True
2025-10-11,23:13:00,0.012,Moonlit,-74.4252,275.6694,6.6039,62.1765,69.565,62.27,0.6746,Waning Gibbous,True
2025-10-11,23:14:00,0.0124,Moonlit,-74.6707,275.7982,6.8133,62.2005,69.5742,62.28,0.6745,Waning Gibbous,True
2025-10-11,23:15:00,0.0127,Moonlit,-74.9162,275.9305,7.0228,62.2241,69.5834,62.29,0.6744,Waning Gibbous,True
2025-10-11,23:16:00,0.0131,Moonlit,-75.1616,276.0666,7.2324,62.2473,69.5925,62.3,0.6743,Waning Gibbous,True
2025-10-11,23:17:00,0.0135,Moonlit,-75.4069,276.2066,7.4419,62.2702,69.6017,62.3,0.6743,Waning Gibbous,True
2025-10-11,23:18:00,0.0139,Moonlit,-75.6522,276.3507,7.6516,62.2926,69.6109,62.31,0.6742,Waning Gibbous,True
2025-10-11,23:19:00,0.0142,Moonlit,-75.8974,276.4991,7.8613,62.3147,69.62,62.32,0.6741,Waning Gibbous,True
2025-10-11,23:20:00,0.0146,Moonlit,-76.1426,276.6521,8.071,62.3363,69.6292,62.33,0.674,Waning Gibbous,True
2025-10-11,23:21:00,0.015,Moonlit,-76.3876,276.8099,8.2809,62.3575,69.6384,62.34,0.674,Waning Gibbous,True
2025-10-11,23:22:00,0.0154,Moonlit,-76.6326,276.9728,8.4907,62.3784,69.6475,62.35,0.6739,Waning Gibbous,True
2025-10-11,23:23:00,0.0157,Moonlit,-76.8775,277.141,8.7006,62.3988,69.6567,62.36,0.6738,Waning Gibbous,True
2025-10-11,23:24:00,0.0161,Moonlit,-77.1223,277.3149,8.9106,62.4189,69.6658,62.37,0.6737,Waning Gibbous,True
2025-10-11,23:25:00,0.0165,Moonlit,-77.367,277.4947,9.1206,62.4385,69.675,62.37,0.6737,Waning Gibbous,True
2025-10-11,23:26:00,0.0168,Moonlit,-77.6116,277.681,9.3307,62.4578,69.6842,62.38,0.6736,Waning Gibbous,True
2025-10-11,23:27:00,0.0172,Moonlit,-77.8561,277.8739,9.5408,62.4766,69.6933,62.39,0.6735,Waning Gibbous,True
2025-10-11,23:28:00,0.0176,Moonlit,-78.1005,278.0739,9.751,62.4951,69.7025,62.4,0.6734,Waning Gibbous,True
2025-10-11,23:29:00,0.018,Moonlit,-78.3447,278.2816,9.9612,62.5131,69.7117,62.41,0.6734,Waning Gibbous,True
2025-10-11,23:30:00,0.0183,Moonlit,-78.5889,278.4973,10.1715,62.5308,69.7208,62.42,0.6733,Waning Gibbous,True
2025-10-11,23:31:00,0.0187,Moonlit,-78.8328,278.7215,10.3818,62.5481,69.73,62.43,0.6732,Waning Gibbous,True
2025-10-11,23:32:00,0.0191,Moonlit,-79.0767,278.955,10.5922,62.5649,69.7392,62.43,0.6731,Waning Gibbous,True
2025-10-11,23:33:00,0.0194,Moonlit,-79.3204,279.1982,10.8026,62.5814,69.7483,62.44,0.6731,Waning Gibbous,True
2025-10-11,23:34:00,0.0198,Moonlit,-79.5639,279.4519,11.013,62.5974,69.7575,62.45,0.673,Waning Gibbous,True
2025-10-11,23:35:00,0.0202,Moonlit,-79.8072,279.7167,11.2235,62.6131,69.7666,62.46,0.6729,Waning Gibbous,True
2025-10-11,23:36:00,0.0206,Moonlit,-80.0503,279.9936,11.4341,62.6283,69.7758,62.47,0.6728,Waning Gibbous,True
2025-10-11,23:37:00,0.0209,Moonlit,-80.2932,280.2834,11.6446,62.6431,69.785,62.48,0.6728,Waning Gibbous,True
2025-10-11,23:38:00,0.0213,Moonlit,-80.5359,280.587,11.8553,62.6576,69.7941,62.49,0.6727,Waning Gibbous,True
2025-10-11,23:39:00,0.0217,Moonlit,-80.7784,280.9056,12.0659,62.6716,69.8033,62.49,0.6726,Waning Gibbous,True
2025-10-11,23:40:00,0.022,Moonlit,-81.0206,281.2404,12.2766,62.6852,69.8124,62.5,0.6725,Waning Gibbous,True
2025-10-11,23:41:00,0.0224,Moonlit,-81.2625,281.5927,12.4874,62.6984,69.8216,62.51,0.6725,Waning Gibbous,True
2025-10-11,23:42:00,0.0228,Moonlit,-81.504,281.9639,12.6981,62.7112,69.8308,62.52,0.6724,Waning Gibbous,True
2025-10-11,23:43:00,0.0231,Moonlit,-81.7453,282.3557,12.909,62.7236,69.8399,62.53,0.6723,Waning Gibbous,True
2025-10-11,23:44:00,0.0235,Moonlit,-81.9862,282.77,13.1198,62.7356,69.8491,62.54,0.6722,Waning Gibbous,True
2025-10-11,23:45:00,0.0239,Moonlit,-82.2266,283.2087,13.3307,62.7472,69.8582,62.55,0.6722,Waning Gibbous,True
2025-10-11,23:46:00,0.0242,Moonlit,-82.4667,283.6741,13.5416,62.7584,69.8674,62.56,0.6721,Waning Gibbous,True
2025-10-11,23:47:00,0.0246,Moonlit,-82.7062,284.1689,13.7526,62.7692,69.8766,62.56,0.672,Waning Gibbous,True
2025-10-11,23:48:00,0.025,Moonlit,-82.9452,284.696,13.9636,62.7795,69.8857,62.57,0.6719,Waning Gibbous,True
2025-10-11,23:49:00,0.0253,Moonlit,-83.1836,285.2587,14.1746,62.7894,69.8949,62.58,0.6719,Waning Gibbous,True
2025-10-11,23:50:00,0.0257,Moonlit,-83.4214,285.8607,14.3856,62.7989,69.904,62.59,0.6718,Waning Gibbous,True
2025-10-11,23:51:00,0.026,Moonlit,-83.6584,286.5064,14.5967,62.8081,69.9132,62.6,0.6717,Waning Gibbous,True
2025-10-11,23:52:00,0.0264,Moonlit,-83.8946,287.2006,14.8078,62.8167,69.9224,62.61,0.6716,Waning Gibbous,True
2025-10-11,23:53:00,0.0268,Moonlit,-84.1299,287.9491,15.019,62.825,69.9315,62.62,0.6716,Waning Gibbous,True
2025-10-11,23:54:00,0.0271,Moonlit,-84.3642,288.7583,15.2302,62.8329,69.9407,62.62,0.6715,Waning Gibbous,True
2025-10-11,23:55:00,0.0275,Moonlit,-84.5973,289.6359,15.4414,62.8403,69.9498,62.63,0.6714,Waning Gibbous,True
2025-10-11,23:56:00,0.0279,Moonlit,-84.829,290.5907,15.6526,62.8473,69.959,62.64,0.6713,Waning Gibbous,True
2025-10-11,23:57:00,0.0282,Moonlit,-85.0593,291.633,15.8638,62.8539,69.9682,62.65,0.6713,Waning Gibbous,True
2025-10-11,23:58:00,0.0286,Moonlit,-85.2878,292.7749,16.0751,62.86,69.9773,62.66,0.6712,Waning Gibbous,True
2025-10-11,23:59:00,0.0289,Moonlit,-85.5144,294.0308,16.2864,62.8658,69.9865,62.67,0.6711,Waning Gibbous,True
2025-10-12,00:00:00,0.0293,Moonlit,-85.7386,295.4176,16.4977,62.8711,69.9956,62.68,0.671,Waning Gibbous,True
2025-10-12,00:01:00,0.0296,Moonlit,-85.9601,296.9553,16.7091,62.876,70.0048,62.68,0.671,Waning Gibbous,True
2025-10-12,00:02:00,0.03,Moonlit,-86.1785,298.6678,16.9205,62.8804,70.0139,62.69,0.6709,Waning Gibbous,True
2025-10-12,00:03:00,0.0304,Moonlit,-86.3931,300.5838,17.1319,62.8845,70.0231,62.7,0.6708,Waning Gibbous,True
2025-10-12,00:04:00,0.0307,Moonlit,-86.6033,302.7371,17.3433,62.888,70.0323,62.71,0.6707,Waning Gibbous,True
2025-10-12,00:05:00,0.0311,Moonlit,-86.8081,305.168,17.5547,62.8912,70.0414,62.72,0.6707,Waning Gibbous,True
2025-10-12,00:06:00,0.0314,Moonlit,-87.0066,307.9241,17.7662,62.8939,70.0506,62.73,0.6706,Waning Gibbous,True
2025-10-12,00:07:00,0.0318,Moonlit,-87.1972,311.0605,17.9776,62.8962,70.0597,62.74,0.6705,Waning Gibbous,True
2025-10-12,00:08:00,0.0321,Moonlit,-87.3783,314.6396,18.1891,62.8981,70.0689,62.74,0.6704,Waning Gibbous,True
2025-10-12,00:09:00,0.0325,Moonlit,-87.5479,318.7285,18.4006,62.8995,70.078,62.75,0.6704,Waning Gibbous,True
2025-10-12,00:10:00,0.0328,Moonlit,-87.7033,323.3945,18.6121,62.9004,70.0872,62.76,0.6703,Waning Gibbous,True
2025-10-12,00:11:00,0.0332,Moonlit,-87.8414,328.6941,18.8237,62.901,70.0963,62.77,0.6702,Waning Gibbous,True
2025-10-12,00:12:00,0.0335,Moonlit,-87.9589,334.6573,19.0352,62.9011,70.1055,62.78,0.6701,Waning Gibbous,True
2025-10-12,00:13:00,0.0339,Moonlit,-88.0519,341.2652,19.2468,62.9007,70.1147,62.79,0.6701,Waning Gibbous,True
2025-10-12,00:14:00,0.0342,Moonlit,-88.1167,348.4281,19.4584,62.8999,70.1238,62.8,0.67,Waning Gibbous,True
2025-10-12,00:15:00,0.0346,Moonlit,-88.1505,355.9743,19.67,62.8986,70.133,62.81,0.6699,Waning Gibbous,True
2025-10-12,00:16:00,0.0349,Moonlit,-88.1516,3.6633,19.8815,62.8969,70.1421,62.81,0.6698,Waning Gibbous,True
2025-10-12,00:17:00,0.0353,Moonlit,-88.1198,11.2262,20.0932,62.8947,70.1513,62.82,0.6698,Waning Gibbous,True
2025-10-12,00:18:00,0.0356,Moonlit,-88.0568,18.4192,20.3048,62.8921,70.1604,62.83,0.6697,Waning Gibbous,True
2025-10-12,00:19:00,0.036,Moonlit,-87.9655,25.0656,20.5164,62.889,70.1696,62.84,0.6696,Waning Gibbous,True
2025-10-12,00:20:00,0.0363,Moonlit,-87.8495,31.0706,20.728,62.8855,70.1787,62.85,0.6695,Waning Gibbous,True
2025-10-12,00:21:00,0.0367,Moonlit,-87.7125,36.4115,20.9396,62.8815,70.1879,62.86,0.6695,Waning Gibbous,True
2025-10-12,00:22:00,0.037,Moonlit,-87.5581,41.1159,21.1513,62.877,70.197,62.87,0.6694,Waning Gibbous,True
2025-10-12,00:23:00,0.0374,Moonlit,-87.3894,45.2393,21.3629,62.8721,70.2062,62.87,0.6693,Waning Gibbous,True
2025-10-12,00:24:00,0.0377,Moonlit,-87.2089,48.8485,21.5746,62.8667,70.2153,62.88,0.6692,Waning Gibbous,True
2025-10-12,00:25:00,0.0381,Moonlit,-87.0188,52.0108,21.7862,62.8608,70.2245,62.89,0.6692,Waning Gibbous,True
2025-10-12,00:26:00,0.0384,Moonlit,-86.8209,54.7892,21.9979,62.8545,70.2337,62.9,0.6691,Waning Gibbous,True
2025-10-12,00:27:00,0.0388,Moonlit,-86.6164,57.2392,22.2095,62.8476,70.2428,62.91,0.669,Waning Gibbous,True
2025-10-12,00:28:00,0.0391,Moonlit,-86.4065,59.4087,22.4212,62.8403,70.252,62.92,0.6689,Waning Gibbous,True
2025-10-12,00:29:00,0.0394,Moonlit,-86.1922,61.3385,22.6328,62.8325,70.2611,62.93,0.6689,Waning Gibbous,True
2025-10-12,00:30:00,0.0398,Moonlit,-85.974,63.063,22.8445,62.8243,70.2703,62.93,0.6688,Waning Gibbous,True
2025-10-12,00:31:00,0.0401,Moonlit,-85.7527,64.611,23.0561,62.8155,70.2794,62.94,0.6687,Waning Gibbous,True
2025-10-12,00:32:00,0.0405,Moonlit,-85.5286,66.0067,23.2678,62.8063,70.2886,62.95,0.6686,Waning Gibbous,True
2025-10-12,00:33:00,0.0408,Moonlit,-85.3022,67.2703,23.4794,62.7966,70.2977,62.96,0.6686,Waning Gibbous,True
2025-10-12,00:34:00,0.0411,Moonlit,-85.0738,68.419,23.691,62.7864,70.3069,62.97,0.6685,Waning Gibbous,True
2025-10-12,00:35:00,0.0415,Moonlit,-84.8436,69.4672,23.9026,62.7756,70.316,62.98,0.6684,Waning Gibbous,True
2025-10-12,00:36:00,0.0418,Moonlit,-84.612,70.4272,24.1143,62.7644,70.3252,62.99,0.6683,Waning Gibbous,True
2025-10-12,00:37:00,0.0421,Moonlit,-84.379,71.3094,24.3259,62.7527,70.3343,62.99,0.6683,Waning Gibbous,True
2025-10-12,00:38:00,0.0425,Moonlit,-84.1448,72.1227,24.5375,62.7405,70.3435,63.0,0.6682,Waning Gibbous,True
2025-10-12,00:39:00,0.0428,Moonlit,-83.9096,72.8748,24.749,62.7278,70.3526,63.01,0.6681,Waning Gibbous,True
2025-10-12,00:40:00,0.0431,Moonlit,-83.6734,73.5723,24.9606,62.7145,70.3618,63.02,0.668,Waning Gibbous,True
2025-10-12,00:41:00,0.0435,Moonlit,-83.4364,74.2209,25.1722,62.7008,70.3709,63.03,0.668,Waning Gibbous,True
2025-10-12,00:42:00,0.0438,Moonlit,-83.1987,74.8255,25.3837,62.6865,70.3801,63.04,0.6679,Waning Gibbous,True
2025-10-12,00:43:00,0.0441,Moonlit,-82.9604,75.3906,25.5953,62.6717,70.3892,63.05,0.6678,Waning Gibbous,True
2025-10-12,00:44:00,0.0445,Moonlit,-82.7214,75.9198,25.8068,62.6564,70.3984,63.05,0.6677,Waning Gibbous,True
2025-10-12,00:45:00,0.0448,Moonlit,-82.4819,76.4166,26.0183,62.6406,70.4075,63.06,0.6677,Waning Gibbous,True
2025-10-12,00:46:00,0.0451,Moonlit,-82.2419,76.8839,26.2297,62.6242,70.4167,63.07,0.6676,Waning Gibbous,True
2025-10-12,00:47:00,0.0454,Moonlit,-82.0015,77.3242,26.4412,62.6073,70.4258,63.08,0.6675,Waning Gibbous,True
2025-10-12,00:48:00,0.0458,Moonlit,-81.7607,77.74,26.6526,62.5899,70.435,63.09,0.6674,Waning Gibbous,True
2025-10-12,00:49:00,0.0461,Moonlit,-81.5194,78.1332,26.8641,62.5719,70.4441,63.1,0.6674,Waning Gibbous,True
2025-10-12,00:50:00,0.0464,Moonlit,-81.2779,78.5057,27.0755,62.5534,70.4533,63.11,0.6673,Waning Gibbous,True
2025-10-12,00:51:00,0.0467,Moonlit,-81.036,78.8591,27.2868,62.5344,70.4624,63.11,0.6672,Waning Gibbous,True
2025-10-12,00:52:00,0.0471,Moonlit,-80.7939,79.195,27.4982,62.5147,70.4716,63.12,0.6671,Waning Gibbous,True
2025-10-12,00:53:00,0.0474,Moonlit,-80.5515,79.5146,27.7095,62.4946,70.4807,63.13,0.6671,Waning Gibbous,True
2025-10-12,00:54:00,0.0477,Moonlit,-80.3088,79.8192,27.9208,62.4739,70.4899,63.14,0.667,Waning Gibbous,True
2025-10-12,00:55:00,0.048,Moonlit,-80.0659,80.1098,28.1321,62.4526,70.499,63.15,0.6669,Waning Gibbous,True
2025-10-12,00:56:00,0.0484,Moonlit,-79.8228,80.3875,28.3433,62.4307,70.5082,63.16,0.6668,Waning Gibbous,True
2025-10-12,00:57:00,0.0487,Moonlit,-79.5795,80.6532,28.5545,62.4083,70.5173,63.17,0.6668,Waning Gibbous,True
2025-10-12,00:58:00,0.049,Moonlit,-79.336,80.9075,28.7657,62.3853,70.5265,63.17,0.6667,Waning Gibbous,True
2025-10-12,00:59:00,0.0493,Moonlit,-79.0924,81.1514,28.9769,62.3618,70.5356,63.18,0.6666,Waning Gibbous,True
2025-10-12,01:00:00,0.0496,Moonlit,-78.8485,81.3855,29.188,62.3376,70.5447,63.19,0.6665,Waning Gibbous,True
2025-10-12,01:01:00,0.0499,Moonlit,-78.6046,81.6103,29.399,62.3129,70.5539,63.2,0.6665,Waning Gibbous,True
2025-10-12,01:02:00,0.0503,Moonlit,-78.3605,81.8266,29.6101,62.2876,70.563,63.21,0.6664,Waning Gibbous,True
2025-10-12,01:03:00,0.0506,Moonlit,-78.1162,82.0348,29.8211,62.2617,70.5722,63.22,0.6663,Waning Gibbous,True
2025-10-12,01:04:00,0.0509,Moonlit,-77.8719,82.2353,30.0321,62.2352,70.5813,63.23,0.6662,Waning Gibbous,True
2025-10-12,01:05:00,0.0512,Moonlit,-77.6274,82.4287,30.243,62.2081,70.5905,63.23,0.6662,Waning Gibbous,True
2025-10-12,01:06:00,0.0515,Moonlit,-77.3828,82.6154,30.4539,62.1803,70.5996,63.24,0.6661,Waning Gibbous,True
2025-10-12,01:07:00,0.0518,Moonlit,-77.1382,82.7957,30.6647,62.152,70.6088,63.25,0.666,Waning Gibbous,True
2025-10-12,01:08:00,0.0521,Moonlit,-76.8934,82.97,30.8755,62.1231,70.6179,63.26,0.6659,Waning Gibbous,True
2025-10-12,01:09:00,0.0524,Moonlit,-76.6485,83.1386,31.0863,62.0935,70.6271,63.27,0.6659,Waning Gibbous,True
2025-10-12,01:10:00,0.0527,Moonlit,-76.4036,83.3018,31.297,62.0633,70.6362,63.28,0.6658,Waning Gibbous,True
2025-10-12,01:11:00,0.0531,Moonlit,-76.1585,83.46,31.5076,62.0325,70.6453,63.29,0.6657,Waning Gibbous,True
2025-10-12,01:12:00,0.0534,Moonlit,-75.9134,83.6133,31.7183,62.001,70.6545,63.29,0.6656,Waning Gibbous,True
2025-10-12,01:13:00,0.0537,Moonlit,-75.6682,83.7621,31.9288,61.9689,70.6636,63.3,0.6656,Waning Gibbous,True
2025-10-12,01:14:00,0.054,Moonlit,-75.423,83.9065,32.1393,61.9361,70.6728,63.31,0.6655,Waning Gibbous,True
2025-10-12,01:15:00,0.0543,Moonlit,-75.1776,84.0467,32.3498,61.9027,70.6819,63.32,0.6654,Waning Gibbous,True
2025-10-12,01:16:00,0.0546,Moonlit,-74.9323,84.1831,32.5602,61.8687,70.6911,63.33,0.6653,Waning Gibbous,True
2025-10-12,01:17:00,0.0549,Moonlit,-74.6868,84.3157,32.7706,61.834,70.7002,63.34,0.6653,Waning Gibbous,True
2025-10-12,01:18:00,0.0552,Moonlit,-74.4413,84.4447,32.9808,61.7986,70.7094,63.35,0.6652,Waning Gibbous,True
2025-10-12,01:19:00,0.0555,Moonlit,-74.1958,84.5704,33.1911,61.7625,70.7185,63.35,0.6651,Waning Gibbous,True
2025-10-12,01:20:00,0.0558,Moonlit,-73.9502,84.6928,33.4013,61.7258,70.7276,63.36,0.665,Waning Gibbous,True
2025-10-12,01:21:00,0.0561,Moonlit,-73.7045,84.8121,33.6114,61.6883,70.7368,63.37,0.665,Waning Gibbous,True
2025-10-12,01:22:00,0.0564,Moonlit,-73.4588,84.9284,33.8214,61.6502,70.7459,63.38,0.6649,Waning Gibbous,True
2025-10-12,01:23:00,0.0567,Moonlit,-73.2131,85.042,34.0314,61.6114,70.7551,63.39,0.6648,Waning Gibbous,True
2025-10-12,01:24:00,0.057,Moonlit,-72.9673,85.1528,34.2413,61.5719,70.7642,63.4,0.6647,Waning Gibbous,True
2025-10-12,01:25:00,0.0572,Moonlit,-72.7215,85.261,34.4512,61.5317,70.7734,63.41,0.6647,Waning Gibbous,True
2025-10-12,01:26:00,0.0575,Moonlit,-72.4756,85.3667,34.661,61.4907,70.7825,63.41,0.6646,Waning Gibbous,True
2025-10-12,01:27:00,0.0578,Moonlit,-72.2297,85.4701,34.8707,61.449,70.7916,63.42,0.6645,Waning Gibbous,True
2025-10-12,01:28:00,0.0581,Moonlit,-71.9838,85.5712,35.0803,61.4067,70.8008,63.43,0.6644,Waning Gibbous,True
2025-10-12,01:29:00,0.0584,Moonlit,-71.7378,85.6701,35.2899,61.3635,70.8099,63.44,0.6644,Waning Gibbous,True
2025-10-12,01:30:00,0.0587,Moonlit,-71.4918,85.7669,35.4994,61.3197,70.8191,63.45,0.6643,Waning Gibbous,True
2025-10-12,01:31:00,0.059,Moonlit,-71.2458,85.8617,35.7088,61.275,70.8282,63.46,0.6642,Waning Gibbous,True
2025-10-12,01:32:00,0.0593,Moonlit,-70.9997,85.9546,35.9182,61.2297,70.8374,63.47,0.6641,Waning Gibbous,True
2025-10-12,01:33:00,0.0596,Moonlit,-70.7536,86.0456,36.1274,61.1835,70.8465,63.47,0.6641,Waning Gibbous,True
2025-10-12,01:34:00,0.0598,Moonlit,-70.5075,86.1348,36.3366,61.1366,70.8556,63.48,0.664,Waning Gibbous,True
2025-10-12,01:35:00,0.0601,Moonlit,-70.2614,86.2223,36.5457,61.089,70.8648,63.49,0.6639,Waning Gibbous,True
2025-10-12,01:36:00,0.0604,Moonlit,-70.0152,86.3081,36.7547,61.0405,70.8739,63.5,0.6638,Waning Gibbous,True
2025-10-12,01:37:00,0.0607,Moonlit,-69.769,86.3923,36.9636,60.9912,70.8831,63.51,0.6637,Waning Gibbous,True
2025-10-12,01:38:00,0.061,Moonlit,-69.5228,86.475,37.1725,60.9412,70.8922,63.52,0.6637,Waning Gibbous,True
2025-10-12,01:39:00,0.0612,Moonlit,-69.2766,86.5562,37.3812,60.8903,70.9013,63.53,0.6636,Waning Gibbous,True
2025-10-12,01:40:00,0.0615,Moonlit,-69.0303,86.636,37.5898,60.8387,70.9105,63.53,0.6635,Waning Gibbous,True
2025-10-12,01:41:00,0.0618,Moonlit,-68.7841,86.7144,37.7984,60.7862,70.9196,63.54,0.6634,Waning Gibbous,True
2025-10-12,01:42:00,0.0621,Moonlit,-68.5378,86.7914,38.0069,60.7328,70.9288,63.55,0.6634,Waning Gibbous,True
2025-10-12,01:43:00,0.0623,Moonlit,-68.2914,86.8672,38.2152,60.6787,70.9379,63.56,0.6633,Waning Gibbous,True
2025-10-12,01:44:00,0.0626,Moonlit,-68.0451,86.9417,38.4235,60.6237,70.947,63.57,0.6632,Waning Gibbous,True
2025-10-12,01:45:00,0.0629,Moonlit,-67.7988,87.015,38.6316,60.5678,70.9562,63.58,0.6631,Waning Gibbous,True
2025-10-12,01:46:00,0.0632,Moonlit,-67.5524,87.0872,38.8397,60.5111,70.9653,63.59,0.6631,Waning Gibbous,True
2025-10-12,01:47:00,0.0634,Moonlit,-67.306,87.1582,39.0476,60.4535,70.9745,63.59,0.663,Waning Gibbous,True
2025-10-12,01:48:00,0.0637,Moonlit,-67.0596,87.2282,39.2555,60.395,70.9836,63.6,0.6629,Waning Gibbous,True
2025-10-12,01:49:00,0.064,Moonlit,-66.8132,87.2971,39.4632,60.3357,70.9927,63.61,0.6628,Waning Gibbous,True
2025-10-12,01:50:00,0.0642,Moonlit,-66.5668,87.365,39.6708,60.2754,71.0019,63.62,0.6628,Waning Gibbous,True
2025-10-12,01:51:00,0.0645,Moonlit,-66.3204,87.4319,39.8783,60.2142,71.011,63.63,0.6627,Waning Gibbous,True
2025-10-12,01:52:00,0.0648,Moonlit,-66.0739,87.4979,40.0857,60.1521,71.0201,63.64,0.6626,Waning Gibbous,True
2025-10-12,01:53:00,0.065,Moonlit,-65.8274,87.5629,40.293,60.0891,71.0293,63.65,0.6625,Waning Gibbous,True
2025-10-12,01:54:00,0.0653,Moonlit,-65.581,87.627,40.5001,60.0251,71.0384,63.65,0.6625,Waning Gibbous,True
2025-10-12,01:55:00,0.0656,Moonlit,-65.3345,87.6903,40.7071,59.9602,71.0476,63.66,0.6624,Waning Gibbous,True
2025-10-12,01:56:00,0.0658,Moonlit,-65.088,87.7527,40.914,59.8944,71.0567,63.67,0.6623,Waning Gibbous,True
2025-10-12,01:57:00,0.0661,Moonlit,-64.8415,87.8143,41.1208,59.8276,71.0658,63.68,0.6622,Waning Gibbous,True
2025-10-12,01:58:00,0.0663,Moonlit,-64.595,87.8752,41.3274,59.7598,71.075,63.69,0.6622,Waning Gibbous,True
2025-10-12,01:59:00,0.0666,Moonlit,-64.3484,87.9352,41.5339,59.691,71.0841,63.7,0.6621,Waning Gibbous,True
2025-10-12,02:00:00,0.0668,Moonlit,-64.1019,87.9945,41.7403,59.6212,71.0932,63.7,0.662,Waning Gibbous,True
2025-10-12,02:01:00,0.0671,Moonlit,-63.8553,88.0531,41.9465,59.5504,71.1024,63.71,0.6619,Waning Gibbous,True
2025-10-12,02:02:00,0.0673,Moonlit,-63.6088,88.111,42.1526,59.4786,71.1115,63.72,0.6619,Waning Gibbous,True
2025-10-12,02:03:00,0.0676,Moonlit,-63.3622,88.1682,42.3586,59.4057,71.1206,63.73,0.6618,Waning Gibbous,True
2025-10-12,02:04:00,0.0678,Moonlit,-63.1157,88.2248,42.5644,59.3318,71.1298,63.74,0.6617,Waning Gibbous,True
2025-10-12,02:05:00,0.0681,Moonlit,-62.8691,88.2807,42.77,59.2569,71.1389,63.75,0.6616,Waning Gibbous,True
2025-10-12,02:06:00,0.0683,Moonlit,-62.6225,88.3359,42.9755,59.1809,71.1481,63.76,0.6616,Waning Gibbous,True
2025-10-12,02:07:00,0.0686,Moonlit,-62.3759,88.3906,43.1809,59.1038,71.1572,63.76,0.6615,Waning Gibbous,True
2025-10-12,02:08:00,0.0688,Moonlit,-62.1293,88.4447,43.3861,59.0256,71.1663,63.77,0.6614,Waning Gibbous,True
2025-10-12,02:09:00,0.0691,Moonlit,-61.8827,88.4982,43.5911,58.9463,71.1755,63.78,0.6613,Waning Gibbous,True
2025-10-12,02:10:00,0.0693,Moonlit,-61.6361,88.5511,43.796,58.8659,71.1846,63.79,0.6613,Waning Gibbous,True
2025-10-12,02:11:00,0.0696,Moonlit,-61.3895,88.6036,44.0007,58.7844,71.1937,63.8,0.6612,Waning Gibbous,True
2025-10-12,02:12:00,0.0698,Moonlit,-61.1428,88.6554,44.2053,58.7017,71.2029,63.81,0.6611,Waning Gibbous,True
2025-10-12,02:13:00,0.07,Moonlit,-60.8962,88.7068,44.4096,58.6179,71.212,63.82,0.661,Waning Gibbous,True
2025-10-12,02:14:00,0.0703,Moonlit,-60.6496,88.7576,44.6138,58.5329,71.2211,63.82,0.661,Waning Gibbous,True
2025-10-12,02:15:00,0.0705,Moonlit,-60.4029,88.808,44.8178,58.4467,71.2303,63.83,0.6609,Waning Gibbous,True
2025-10-12,02:16:00,0.0708,Moonlit,-60.1563,88.8579,45.0217,58.3594,71.2394,63.84,0.6608,Waning Gibbous,True
2025-10-12,02:17:00,0.071,Moonlit,-59.9096,88.9074,45.2254,58.2708,71.2485,63.85,0.6607,Waning Gibbous,True
2025-10-12,02:18:00,0.0712,Moonlit,-59.663,88.9563,45.4288,58.181,71.2577,63.86,0.6607,Waning Gibbous,True
2025-10-12,02:19:00,0.0715,Moonlit,-59.4163,89.0049,45.6321,58.09,71.2668,63.87,0.6606,Waning Gibbous,True
2025-10-12,02:20:00,0.0717,Moonlit,-59.1697,89.053,45.8352,57.9977,71.2759,63.88,0.6605,Waning Gibbous,True
2025-10-12,02:21:00,0.0719,Moonlit,-58.923,89.1007,46.0381,57.9042,71.2851,63.88,0.6604,Waning Gibbous,True
2025-10-12,02:22:00,0.0722,Moonlit,-58.6764,89.148,46.2408,57.8093,71.2942,63.89,0.6604,Waning Gibbous,True
2025-10-12,02:23:00,0.0724,Moonlit,-58.4297,89.1949,46.4433,57.7132,71.3033,63.9,0.6603,Waning Gibbous,True
2025-10-12,02:24:00,0.0726,Moonlit,-58.183,89.2414,46.6456,57.6158,71.3125,63.91,0.6602,Waning Gibbous,True
2025-10-12,02:25:00,0.0728,Moonlit,-57.9363,89.2876,46.8477,57.517,71.3216,63.92,0.6601,Waning Gibbous,True
2025-10-12,02:26:00,0.0731,Moonlit,-57.6897,89.3334,47.0495,57.4169,71.3307,63.93,0.6601,Waning Gibbous,True
2025-10-12,02:27:00,0.0733,Moonlit,-57.443,89.3788,47.2512,57.3154,71.3399,63.93,0.66,Waning Gibbous,True
2025-10-12,02:28:00,0.0735,Moonlit,-57.1963,89.4238,47.4526,57.2126,71.349,63.94,0.6599,Waning Gibbous,True
2025-10-12,02:29:00,0.0737,Moonlit,-56.9496,89.4686,47.6538,57.1083,71.3581,63.95,0.6598,Waning Gibbous,True
2025-10-12,02:30:00,0.0739,Moonlit,-56.7029,89.513,47.8548,57.0027,71.3672,63.96,0.6598,Waning Gibbous,True
2025-10-12,02:31:00,0.0742,Moonlit,-56.4562,89.5571,48.0555,56.8956,71.3764,63.97,0.6597,Waning Gibbous,True
2025-10-12,02:32:00,0.0744,Moonlit,-56.2096,89.6008,48.256,56.7871,71.3855,63.98,0.6596,Waning Gibbous,True
2025-10-12,02:33:00,0.0746,Moonlit,-55.9629,89.6443,48.4563,56.6771,71.3946,63.99,0.6595,Waning Gibbous,True
2025-10-12,02:34:00,0.0748,Moonlit,-55.7162,89.6874,48.6563,56.5656,71.4038,63.99,0.6594,Waning Gibbous,True
2025-10-12,02:35:00,0.075,Moonlit,-55.4695,89.7303,48.8561,56.4526,71.4129,64.0,0.6594,Waning Gibbous,True
2025-10-12,02:36:00,0.0752,Moonlit,-55.2228,89.7729,49.0556,56.3381,71.422,64.01,0.6593,Waning Gibbous,True
2025-10-12,02:37:00,0.0754,Moonlit,-54.9761,89.8152,49.2549,56.2221,71.4312,64.02,0.6592,Waning Gibbous,True
2025-10-12,02:38:00,0.0756,Moonlit,-54.7294,89.8572,49.4539,56.1045,71.4403,64.03,0.6591,Waning Gibbous,True
2025-10-12,02:39:00,0.0758,Moonlit,-54.4827,89.8989,49.6526,55.9853,71.4494,64.04,0.6591,Waning Gibbous,True
2025-10-12,02:40:00,0.076,Moonlit,-54.236,89.9404,49.8511,55.8645,71.4585,64.05,0.659,Waning Gibbous,True
2025-10-12,02:41:00,0.0763,Moonlit,-53.9893,89.9817,50.0493,55.7421,71.4677,64.05,0.6589,Waning Gibbous,True
2025-10-12,02:42:00,0.0765,Moonlit,-53.7426,90.0227,50.2472,55.618,71.4768,64.06,0.6588,Waning Gibbous,True
2025-10-12,02:43:00,0.0767,Moonlit,-53.4959,90.0634,50.4448,55.4923,71.4859,64.07,0.6588,Waning Gibbous,True
2025-10-12,02:44:00,0.0769,Moonlit,-53.2492,90.104,50.6421,55.3649,71.4951,64.08,0.6587,Waning Gibbous,True
2025-10-12,02:45:00,0.0771,Moonlit,-53.0025,90.1443,50.8391,55.2358,71.5042,64.09,0.6586,Waning Gibbous,True
2025-10-12,02:46:00,0.0773,Moonlit,-52.7558,90.1843,51.0359,55.105,71.5133,64.1,0.6585,Waning Gibbous,True
2025-10-12,02:47:00,0.0774,Moonlit,-52.5091,90.2242,51.2323,54.9725,71.5224,64.1,0.6585,Waning Gibbous,True
2025-10-12,02:48:00,0.0776,Moonlit,-52.2624,90.2638,51.4284,54.8381,71.5316,64.11,0.6584,Waning Gibbous,True
2025-10-12,02:49:00,0.0778,Moonlit,-52.0158,90.3032,51.6242,54.702,71.5407,64.12,0.6583,Waning Gibbous,True
2025-10-12,02:50:00,0.078,Moonlit,-51.7691,90.3425,51.8197,54.564,71.5498,64.13,0.6582,Waning Gibbous,True
2025-10-12,02:51:00,0.0782,Moonlit,-51.5224,90.3815,52.0148,54.4242,71.559,64.14,0.6582,Waning Gibbous,True
2025-10-12,02:52:00,0.0784,Moonlit,-51.2757,90.4203,52.2096,54.2825,71.5681,64.15,0.6581,Waning Gibbous,True
2025-10-12,02:53:00,0.0786,Moonlit,-51.029,90.4589,52.4041,54.1389,71.5772,64.16,0.658,Waning Gibbous,True
2025-10-12,02:54:00,0.0788,Moonlit,-50.7823,90.4974,52.5982,53.9935,71.5863,64.16,0.6579,Waning Gibbous,True
2025-10-12,02:55:00,0.079,Moonlit,-50.5356,90.5357,52.792,53.846,71.5955,64.17,0.6579,Waning Gibbous,True
2025-10-12,02:56:00,0.0792,Moonlit,-50.2889,90.5738,52.9854,53.6966,71.6046,64.18,0.6578,Waning Gibbous,True
2025-10-12,02:57:00,0.0793,Moonlit,-50.0423,90.6117,53.1785,53.5452,71.6137,64.19,0.6577,Waning Gibbous,True
2025-10-12,02:58:00,0.0795,Moonlit,-49.7956,90.6494,53.3712,53.3918,71.6228,64.2,0.6576,Waning Gibbous,True
2025-10-12,02:59:00,0.0797,Moonlit,-49.5489,90.687,53.5635,53.2364,71.632,64.21,0.6576,Waning Gibbous,True
2025-10-12,03:00:00,0.0799,Moonlit,-49.3022,90.7244,53.7554,53.0788,71.6411,64.22,0.6575,Waning Gibbous,True
2025-10-12,03:01:00,0.0801,Moonlit,-49.0555,90.7617,53.9469,52.9192,71.6502,64.22,0.6574,Waning Gibbous,True
2025-10-12,03:02:00,0.0802,Moonlit,-48.8089,90.7988,54.138,52.7574,71.6593,64.23,0.6573,Waning Gibbous,True
2025-10-12,03:03:00,0.0804,Moonlit,-48.5622,90.8358,54.3288,52.5934,71.6685,64.24,0.6573,Waning Gibbous,True
2025-10-12,03:04:00,0.0806,Moonlit,-48.3155,90.8726,54.5191,52.4273,71.6776,64.25,0.6572,Waning Gibbous,True
2025-10-12,03:05:00,0.0807,Moonlit,-48.0689,90.9093,54.709,52.2589,71.6867,64.26,0.6571,Waning Gibbous,True
2025-10-12,03:06:00,0.0809,Moonlit,-47.8222,90.9458,54.8985,52.0883,71.6958,64.27,0.657,Waning Gibbous,True
2025-10-12,03:07:00,0.0811,Moonlit,-47.5755,90.9822,55.0875,51.9155,71.705,64.27,0.657,Waning Gibbous,True
2025-10-12,03:08:00,0.0813,Moonlit,-47.3289,91.0184,55.2761,51.7403,71.7141,64.28,0.6569,Waning Gibbous,True
2025-10-12,03:09:00,0.0814,Moonlit,-47.0822,91.0546,55.4643,51.5627,71.7232,64.29,0.6568,Waning Gibbous,True
2025-10-12,03:10:00,0.0816,Moonlit,-46.8356,91.0906,55.6519,51.3828,71.7323,64.3,0.6567,Waning Gibbous,True
2025-10-12,03:11:00,0.0817,Moonlit,-46.5889,91.1265,55.8392,51.2005,71.7415,64.31,0.6567,Waning Gibbous,True
2025-10-12,03:12:00,0.0819,Moonlit,-46.3423,91.1622,56.0259,51.0157,71.7506,64.32,0.6566,Waning Gibbous,True
2025-10-12,03:13:00,0.0821,Moonlit,-46.0956,91.1979,56.2122,50.8284,71.7597,64.33,0.6565,Waning Gibbous,True
2025-10-12,03:14:00,0.0822,Moonlit,-45.849,91.2334,56.398,50.6387,71.7688,64.33,0.6564,Waning Gibbous,True
2025-10-12,03:15:00,0.0824,Moonlit,-45.6024,91.2688,56.5833,50.4464,71.778,64.34,0.6564,Waning Gibbous,True
2025-10-12,03:16:00,0.0825,Moonlit,-45.3557,91.3041,56.768,50.2515,71.7871,64.35,0.6563,Waning Gibbous,True
2025-10-12,03:17:00,0.0827,Moonlit,-45.1091,91.3393,56.9523,50.054,71.7962,64.36,0.6562,Waning Gibbous,True
2025-10-12,03:18:00,0.0828,Moonlit,-44.8625,91.3744,57.136,49.8539,71.8053,64.37,0.6561,Waning Gibbous,True
2025-10-12,03:19:00,0.083,Moonlit,-44.6158,91.4094,57.3192,49.6511,71.8145,64.38,0.656,Waning Gibbous,True
2025-10-12,03:20:00,0.0831,Moonlit,-44.3692,91.4443,57.5019,49.4456,71.8236,64.38,0.656,Waning Gibbous,True
2025-10-12,03:21:00,0.0833,Moonlit,-44.1226,91.4791,57.684,49.2373,71.8327,64.39,0.6559,Waning Gibbous,True
2025-10-12,03:22:00,0.0834,Moonlit,-43.876,91.5139,57.8655,49.0262,71.8418,64.4,0.6558,Waning Gibbous,True
2025-10-12,03:23:00,0.0836,Moonlit,-43.6294,91.5485,58.0464,48.8123,71.8509,64.41,0.6557,Waning Gibbous,True
2025-10-12,03:24:00,0.0837,Moonlit,-43.3828,91.583,58.2268,48.5955,71.8601,64.42,0.6557,Waning Gibbous,True
2025-10-12,03:25:00,0.0839,Moonlit,-43.1362,91.6175,58.4066,48.3758,71.8692,64.43,0.6556,Waning Gibbous,True
2025-10-12,03:26:00,0.084,Moonlit,-42.8896,91.6518,58.5857,48.1532,71.8783,64.44,0.6555,Waning Gibbous,True
2025-10-12,03:27:00,0.0842,Moonlit,-42.643,91.6861,58.7643,47.9275,71.8874,64.44,0.6554,Waning Gibbous,True
2025-10-12,03:28:00,0.0843,Moonlit,-42.3964,91.7203,58.9422,47.6989,71.8966,64.45,0.6554,Waning Gibbous,True
2025-10-12,03:29:00,0.0844,Moonlit,-42.1498,91.7544,59.1194,47.4672,71.9057,64.46,0.6553,Waning Gibbous,True
2025-10-12,03:30:00,0.0846,Moonlit,-41.9033,91.7885,59.296,47.2323,71.9148,64.47,0.6552,Waning Gibbous,True
2025-10-12,03:31:00,0.0847,Moonlit,-41.6567,91.8224,59.472,46.9944,71.9239,64.48,0.6551,Waning Gibbous,True
2025-10-12,03:32:00,0.0848,Moonlit,-41.4101,91.8563,59.6473,46.7532,71.933,64.49,0.6551,Waning Gibbous,True
2025-10-12,03:33:00,0.085,Moonlit,-41.1635,91.8902,59.8218,46.5088,71.9422,64.49,0.655,Waning Gibbous,True
2025-10-12,03:34:00,0.0851,Moonlit,-40.917,91.9239,59.9957,46.2611,71.9513,64.5,0.6549,Waning Gibbous,True
2025-10-12,03:35:00,0.0852,Moonlit,-40.6704,91.9577,60.1689,46.0101,71.9604,64.51,0.6548,Waning Gibbous,True
2025-10-12,03:36:00,0.0854,Moonlit,-40.4239,91.9913,60.3413,45.7557,71.9695,64.52,0.6548,Waning Gibbous,True
2025-10-12,03:37:00,0.0855,Moonlit,-40.1773,92.0249,60.513,45.4979,71.9786,64.53,0.6547,Waning Gibbous,True
2025-10-12,03:38:00,0.0856,Moonlit,-39.9308,92.0584,60.684,45.2367,71.9877,64.54,0.6546,Waning Gibbous,True
2025-10-12,03:39:00,0.0857,Moonlit,-39.6843,92.0919,60.8541,44.972,71.9969,64.55,0.6545,Waning Gibbous,True
2025-10-12,03:40:00,0.0859,Moonlit,-39.4377,92.1253,61.0235,44.7037,72.006,64.55,0.6545,Waning Gibbous,True
2025-10-12,03:41:00,0.086,Moonlit,-39.1912,92.1586,61.1921,44.4319,72.0151,64.56,0.6544,Waning Gibbous,True
2025-10-12,03:42:00,0.0861,Moonlit,-38.9447,92.1919,61.3599,44.1564,72.0242,64.57,0.6543,Waning Gibbous,True
2025-10-12,03:43:00,0.0862,Moonlit,-38.6982,92.2252,61.5268,43.8772,72.0333,64.58,0.6542,Waning Gibbous,True
2025-10-12,03:44:00,0.0863,Moonlit,-38.4517,92.2584,61.6929,43.5943,72.0425,64.59,0.6542,Waning Gibbous,True
2025-10-12,03:45:00,0.0864,Moonlit,-38.2052,92.2916,61.8582,43.3077,72.0516,64.6,0.6541,Waning Gibbous,True
2025-10-12,03:46:00,0.0865,Moonlit,-37.9587,92.3247,62.0226,43.0172,72.0607,64.6,0.654,Waning Gibbous,True
2025-10-12,03:47:00,0.0867,Moonlit,-37.7122,92.3577,62.1861,42.7229,72.0698,64.61,0.6539,Waning Gibbous,True
2025-10-12,03:48:00,0.0868,Moonlit,-37.4657,92.3908,62.3486,42.4247,72.0789,64.62,0.6539,Waning Gibbous,True
2025-10-12,03:49:00,0.0869,Moonlit,-37.2192,92.4238,62.5103,42.1225,72.088,64.63,0.6538,Waning Gibbous,True
2025-10-12,03:50:00,0.087,Moonlit,-36.9728,92.4567,62.671,41.8163,72.0972,64.64,0.6537,Waning Gibbous,True
2025-10-12,03:51:00,0.0871,Moonlit,-36.7263,92.4896,62.8308,41.5061,72.1063,64.65,0.6536,Waning Gibbous,True
2025-10-12,03:52:00,0.0872,Moonlit,-36.4798,92.5225,62.9896,41.1918,72.1154,64.66,0.6536,Waning Gibbous,True
2025-10-12,03:53:00,0.0873,Moonlit,-36.2334,92.5554,63.1474,40.8733,72.1245,64.66,0.6535,Waning Gibbous,True
2025-10-12,03:54:00,0.0874,Moonlit,-35.9869,92.5882,63.3042,40.5507,72.1336,64.67,0.6534,Waning Gibbous,True
2025-10-12,03:55:00,0.0875,Moonlit,-35.7405,92.621,63.4599,40.2238,72.1427,64.68,0.6533,Waning Gibbous,True
2025-10-12,03:56:00,0.0876,Moonlit,-35.4941,92.6537,63.6146,39.8927,72.1519,64.69,0.6532,Waning Gibbous,True
2025-10-12,03:57:00,0.0877,Moonlit,-35.2476,92.6865,63.7683,39.5572,72.161,64.7,0.6532,Waning Gibbous,True
2025-10-12,03:58:00,0.0878,Moonlit,-35.0012,92.7192,63.9208,39.2174,72.1701,64.71,0.6531,Waning Gibbous,True
2025-10-12,03:59:00,0.0879,Moonlit,-34.7548,92.7519,64.0723,38.8731,72.1792,64.71,0.653,Waning Gibbous,True
2025-10-12,04:00:00,0.088,Moonlit,-34.5084,92.7845,64.2226,38.5244,72.1883,64.72,0.6529,Waning Gibbous,True
2025-10-12,04:01:00,0.0881,Moonlit,-34.262,92.8172,64.3718,38.1712,72.1974,64.73,0.6529,Waning Gibbous,True
2025-10-12,04:02:00,0.0881,Moonlit,-34.0156,92.8498,64.5198,37.8135,72.2066,64.74,0.6528,Waning Gibbous,True
2025-10-12,04:03:00,0.0882,Moonlit,-33.7692,92.8824,64.6667,37.4512,72.2157,64.75,0.6527,Waning Gibbous,True
2025-10-12,04:04:00,0.0883,Moonlit,-33.5228,92.9149,64.8123,37.0842,72.2248,64.76,0.6526,Waning Gibbous,True
2025-10-12,04:05:00,0.0884,Moonlit,-33.2765,92.9475,64.9567,36.7126,72.2339,64.77,0.6526,Waning Gibbous,True
2025-10-12,04:06:00,0.0885,Moonlit,-33.0301,92.9801,65.0999,36.3362,72.243,64.77,0.6525,Waning Gibbous,True
2025-10-12,04:07:00,0.0886,Moonlit,-32.7837,93.0126,65.2417,35.9552,72.2521,64.78,0.6524,Waning Gibbous,True
2025-10-12,04:08:00,0.0886,Moonlit,-32.5374,93.0451,65.3823,35.5693,72.2612,64.79,0.6523,Waning Gibbous,True
2025-10-12,04:09:00,0.0887,Moonlit,-32.291,93.0776,65.5216,35.1786,72.2704,64.8,0.6523,Waning Gibbous,True
2025-10-12,04:10:00,0.0888,Moonlit,-32.0447,93.1101,65.6595,34.7831,72.2795,64.81,0.6522,Waning Gibbous,True
2025-10-12,04:11:00,0.0889,Moonlit,-31.7984,93.1426,65.796,34.3826,72.2886,64.82,0.6521,Waning Gibbous,True
2025-10-12,04:12:00,0.0889,Moonlit,-31.5521,93.1751,65.9312,33.9773,72.2977,64.82,0.652,Waning Gibbous,True
2025-10-12,04:13:00,0.089,Moonlit,-31.3057,93.2076,66.065,33.567,72.3068,64.83,0.652,Waning Gibbous,True
2025-10-12,04:14:00,0.0891,Moonlit,-31.0594,93.2401,66.1973,33.1516,72.3159,64.84,0.6519,Waning Gibbous,True
2025-10-12,04:15:00,0.0892,Moonlit,-30.8131,93.2726,66.3281,32.7313,72.325,64.85,0.6518,Waning Gibbous,True
2025-10-12,04:16:00,0.0892,Moonlit,-30.5669,93.305,66.4575,32.306,72.3341,64.86,0.6517,Waning Gibbous,True
2025-10-12,04:17:00,0.0893,Moonlit,-30.3206,93.3375,66.5854,31.8755,72.3433,64.87,0.6517,Waning Gibbous,True
2025-10-12,04:18:00,0.0894,Moonlit,-30.0743,93.37,66.7117,31.44,72.3524,64.87,0.6516,Waning Gibbous,True
2025-10-12,04:19:00,0.0894,Moonlit,-29.828,93.4024,66.8364,30.9994,72.3615,64.88,0.6515,Waning Gibbous,True
2025-10-12,04:20:00,0.0895,Moonlit,-29.5818,93.4349,66.9596,30.5537,72.3706,64.89,0.6514,Waning Gibbous,True
2025-10-12,04:21:00,0.0895,Moonlit,-29.3355,93.4674,67.0812,30.1028,72.3797,64.9,0.6514,Waning Gibbous,True
2025-10-12,04:22:00,0.0896,Moonlit,-29.0893,93.4999,67.2011,29.6468,72.3888,64.91,0.6513,Waning Gibbous,True
2025-10-12,04:23:00,0.0897,Moonlit,-28.8431,93.5324,67.3193,29.1856,72.3979,64.92,0.6512,Waning Gibbous,True
2025-10-12,04:24:00,0.0897,Moonlit,-28.5969,93.5649,67.4359,28.7192,72.407,64.93,0.6511,Waning Gibbous,True
2025-10-12,04:25:00,0.0898,Moonlit,-28.3506,93.5974,67.5507,28.2477,72.4162,64.93,0.6511,Waning Gibbous,True
2025-10-12,04:26:00,0.0898,Moonlit,-28.1044,93.6299,67.6638,27.771,72.4253,64.94,0.651,Waning Gibbous,True
2025-10-12,04:27:00,0.0899,Moonlit,-27.8582,93.6624,67.7751,27.2891,72.4344,64.95,0.6509,Waning Gibbous,True
2025-10-12,04:28:00,0.0899,Moonlit,-27.6121,93.695,67.8847,26.802,72.4435,64.96,0.6508,Waning Gibbous,True
2025-10-12,04:29:00,0.09,Moonlit,-27.3659,93.7275,67.9924,26.3098,72.4526,64.97,0.6507,Waning Gibbous,True
2025-10-12,04:30:00,0.09,Moonlit,-27.1197,93.7601,68.0982,25.8125,72.4617,64.98,0.6507,Waning Gibbous,True
2025-10-12,04:31:00,0.0901,Moonlit,-26.8736,93.7927,68.2021,25.31,72.4708,64.98,0.6506,Waning Gibbous,True
2025-10-12,04:32:00,0.0901,Moonlit,-26.6274,93.8253,68.3042,24.8025,72.4799,64.99,0.6505,Waning Gibbous,True
2025-10-12,04:33:00,0.0901,Moonlit,-26.3813,93.8579,68.4043,24.2898,72.489,65.0,0.6504,Waning Gibbous,True
2025-10-12,04:34:00,0.0902,Moonlit,-26.1351,93.8906,68.5024,23.7721,72.4981,65.01,0.6504,Waning Gibbous,True
2025-10-12,04:35:00,0.0902,Moonlit,-25.889,93.9232,68.5986,23.2494,72.5073,65.02,0.6503,Waning Gibbous,True
2025-10-12,04:36:00,0.0903,Moonlit,-25.6429,93.9559,68.6927,22.7217,72.5164,65.03,0.6502,Waning Gibbous,True
2025-10-12,04:37:00,0.0903,Moonlit,-25.3968,93.9886,68.7848,22.189,72.5255,65.03,0.6501,Waning Gibbous,True
2025-10-12,04:38:00,0.0903,Moonlit,-25.1507,94.0213,68.8748,21.6515,72.5346,65.04,0.6501,Waning Gibbous,True
2025-10-12,04:39:00,0.0904,Moonlit,-24.9046,94.0541,68.9627,21.1091,72.5437,65.05,0.65,Waning Gibbous,True
2025-10-12,04:40:00,0.0904,Moonlit,-24.6586,94.0868,69.0485,20.5619,72.5528,65.06,0.6499,Waning Gibbous,True
2025-10-12,04:41:00,0.0904,Moonlit,-24.4125,94.1196,69.1321,20.01,72.5619,65.07,0.6498,Waning Gibbous,True
2025-10-12,04:42:00,0.0904,Moonlit,-24.1664,94.1525,69.2135,19.4534,72.571,65.08,0.6498,Waning Gibbous,True
2025-10-12,04:43:00,0.0905,Moonlit,-23.9204,94.1853,69.2928,18.8923,72.5801,65.08,0.6497,Waning Gibbous,True
2025-10-12,04:44:00,0.0905,Moonlit,-23.6744,94.2182,69.3698,18.3266,72.5892,65.09,0.6496,Waning Gibbous,True
2025-10-12,04:45:00,0.0905,Moonlit,-23.4284,94.2511,69.4445,17.7565,72.5983,65.1,0.6495,Waning Gibbous,True
2025-10-12,04:46:00,0.0905,Moonlit,-23.1823,94.2841,69.517,17.1821,72.6074,65.11,0.6495,Waning Gibbous,True
2025-10-12,04:47:00,0.0906,Moonlit,-22.9363,94.317,69.5871,16.6034,72.6165,65.12,0.6494,Waning Gibbous,True
2025-10-12,04:48:00,0.0906,Moonlit,-22.6904,94.3501,69.655,16.0205,72.6257,65.13,0.6493,Waning Gibbous,True
2025-10-12,04:49:00,0.0906,Moonlit,-22.4444,94.3831,69.7204,15.4335,72.6348,65.14,0.6492,Waning Gibbous,True
2025-10-12,04:50:00,0.0906,Moonlit,-22.1984,94.4162,69.7835,14.8427,72.6439,65.14,0.6492,Waning Gibbous,True
2025-10-12,04:51:00,0.0906,Moonlit,-21.9525,94.4493,69.8442,14.2479,72.653,65.15,0.6491,Waning Gibbous,True
2025-10-12,04:52:00,0.0906,Moonlit,-21.7065,94.4825,69.9025,13.6495,72.6621,65.16,0.649,Waning Gibbous,True
2025-10-12,04:53:00,0.0907,Moonlit,-21.4606,94.5157,69.9583,13.0474,72.6712,65.17,0.6489,Waning Gibbous,True
2025-10-12,04:54:00,0.0907,Moonlit,-21.2147,94.5489,70.0117,12.4418,72.6803,65.18,0.6489,Waning Gibbous,True
2025-10-12,04:55:00,0.0907,Moonlit,-20.9688,94.5822,70.0626,11.8329,72.6894,65.19,0.6488,Waning Gibbous,True
2025-10-12,04:56:00,0.0907,Moonlit,-20.7229,94.6155,70.1109,11.2208,72.6985,65.19,0.6487,Waning Gibbous,True
2025-10-12,04:57:00,0.0907,Moonlit,-20.477,94.6488,70.1568,10.6056,72.7076,65.2,0.6486,Waning Gibbous,True
2025-10-12,04:58:00,0.0907,Moonlit,-20.2311,94.6822,70.2001,9.9875,72.7167,65.21,0.6485,Waning Gibbous,True
2025-10-12,04:59:00,0.0907,Moonlit,-19.9852,94.7157,70.2409,9.3666,72.7258,65.22,0.6485,Waning Gibbous,True
2025-10-12,05:00:00,0.0907,Moonlit,-19.7394,94.7492,70.2791,8.7431,72.7349,65.23,0.6484,Waning Gibbous,True
2025-10-12,05:01:00,0.0907,Moonlit,-19.4935,94.7827,70.3147,8.1171,72.744,65.24,0.6483,Waning Gibbous,True
2025-10-12,05:02:00,0.0907,Moonlit,-19.2477,94.8163,70.3477,7.4888,72.7531,65.24,0.6482,Waning Gibbous,True
2025-10-12,05:03:00,0.0907,Moonlit,-19.0019,94.85,70.378,6.8583,72.7622,65.25,0.6482,Waning Gibbous,True
2025-10-12,05:04:00,0.0907,Moonlit,-18.7561,94.8836,70.4058,6.2259,72.7713,65.26,0.6481,Waning Gibbous,True
2025-10-12,05:05:00,0.0907,Moonlit,-18.5103,94.9174,70.4309,5.5917,72.7804,65.27,0.648,Waning Gibbous,True
2025-10-12,05:06:00,0.0907,Moonlit,-18.2645,94.9512,70.4534,4.9558,72.7895,65.28,0.6479,Waning Gibbous,True
2025-10-12,05:07:00,0.0907,Moonlit,-18.0188,94.985,70.4732,4.3185,72.7986,65.29,0.6479,Waning Gibbous,True
2025-10-12,05:08:00,0.0909,Astronomical Twilight,-17.773,95.0189,70.4903,3.6799,72.8078,65.29,0.6478,Waning Gibbous,True
2025-10-12,05:09:00,0.0911,Astronomical Twilight,-17.5273,95.0529,70.5048,3.0403,72.8169,65.3,0.6477,Waning Gibbous,True
2025-10-12,05:10:00,0.0913,Astronomical Twilight,-17.2815,95.0869,70.5166,2.3997,72.826,65.31,0.6476,Waning Gibbous,True
2025-10-12,05:11:00,0.0916,Astronomical Twilight,-17.0358,95.1209,70.5257,1.7583,72.8351,65.32,0.6476,Waning Gibbous,True
2025-10-12,05:12:00,0.0918,Astronomical Twilight,-16.7901,95.1551,70.5321,1.1165,72.8442,65.33,0.6475,Waning Gibbous,True
2025-10-12,05:13:00,0.092,Astronomical Twilight,-16.5444,95.1893,70.5358,0.4743,72.8533,65.34,0.6474,Waning Gibbous,True
2025-10-12,05:14:00,0.0922,Astronomical Twilight,-16.2988,95.2235,70.5369,359.8319,72.8624,65.35,0.6473,Waning Gibbous,True
2025-10-12,05:15:00,0.0925,Astronomical Twilight,-16.0531,95.2578,70.5352,359.1895,72.8715,65.35,0.6473,Waning Gibbous,True
2025-10-12,05:16:00,0.0927,Astronomical Twilight,-15.8075,95.2922,70.5309,358.5474,72.8806,65.36,0.6472,Waning Gibbous,True
2025-10-12,05:17:00,0.0929,Astronomical Twilight,-15.5618,95.3266,70.5238,357.9056,72.8897,65.37,0.6471,Waning Gibbous,True
2025-10-12,05:18:00,0.0931,Astronomical Twilight,-15.3162,95.3611,70.5141,357.2644,72.8988,65.38,0.647,Waning Gibbous,True
2025-10-12,05:19:00,0.0933,Astronomical Twilight,-15.0706,95.3957,70.5017,356.624,72.9079,65.39,0.647,Waning Gibbous,True
2025-10-12,05:20:00,0.0936,Astronomical Twilight,-14.825,95.4303,70.4866,355.9845,72.917,65.4,0.6469,Waning Gibbous,True
2025-10-12,05:21:00,0.0938,Astronomical Twilight,-14.5794,95.465,70.4688,355.3462,72.9261,65.4,0.6468,Waning Gibbous,True
2025-10-12,05:22:00,0.094,Astronomical Twilight,-14.3339,95.4997,70.4484,354.7091,72.9352,65.41,0.6467,Waning Gibbous,True
2025-10-12,05:23:00,0.0942,Astronomical Twilight,-14.0883,95.5346,70.4253,354.0736,72.9443,65.42,0.6467,Waning Gibbous,True
2025-10-12,05:24:00,0.0944,Astronomical Twilight,-13.8428,95.5695,70.3996,353.4397,72.9534,65.43,0.6466,Waning Gibbous,True
2025-10-12,05:25:00,0.0946,Astronomical Twilight,-13.5973,95.6045,70.3712,352.8077,72.9625,65.44,0.6465,Waning Gibbous,True
2025-10-12,05:26:00,0.0948,Astronomical Twilight,-13.3518,95.6395,70.3402,352.1776,72.9716,65.45,0.6464,Waning Gibbous,True
2025-10-12,05:27:00,0.095,Astronomical Twilight,-13.1063,95.6746,70.3066,351.5498,72.9807,65.45,0.6463,Waning Gibbous,True
2025-10-12,05:28:00,0.0952,Astronomical Twilight,-12.8608,95.7098,70.2704,350.9243,72.9898,65.46,0.6463,Waning Gibbous,True
2025-10-12,05:29:00,0.0954,Astronomical Twilight,-12.6153,95.7451,70.2316,350.3013,72.9989,65.47,0.6462,Waning Gibbous,True
2025-10-12,05:30:00,0.0956,Astronomical Twilight,-12.3699,95.7804,70.1903,349.6809,73.008,65.48,0.6461,Waning Gibbous,True
2025-10-12,05:31:00,0.0958,Astronomical Twilight,-12.1245,95.8159,70.1463,349.0634,73.0171,65.49,0.646,Waning Gibbous,True
2025-10-12,05:32:00,0.102,Nautical Twilight,-11.8791,95.8514,70.0999,348.4488,73.0262,65.5,0.646,Waning Gibbous,True
2025-10-12,05:33:00,0.1265,Nautical Twilight,-11.6337,95.887,70.0509,347.8373,73.0353,65.5,0.6459,Waning Gibbous,True
2025-10-12,05:34:00,0.151,Nautical Twilight,-11.3883,95.9226,69.9995,347.2291,73.0444,65.51,0.6458,Waning Gibbous,False
2025-10-12,05:35:00,0.1755,Nautical Twilight,-11.1429,95.9584,69.9455,346.6242,73.0535,65.52,0.6457,Waning Gibbous,False
2025-10-12,05:36:00,0.2,Nautical Twilight,-10.8976,95.9942,69.8891,346.0228,73.0626,65.53,0.6457,Waning Gibbous,False
2025-10-12,05:37:00,0.2244,Nautical Twilight,-10.6522,96.0301,69.8302,345.4251,73.0717,65.54,0.6456,Waning Gibbous,False
2025-10-12,05:38:00,0.2489,Nautical Twilight,-10.4069,96.0661,69.769,344.8311,73.0808,65.55,0.6455,Waning Gibbous,False
2025-10-12,05:39:00,0.2734,Nautical Twilight,-10.1616,96.1022,69.7053,344.241,73.0899,65.55,0.6454,Waning Gibbous,False
2025-10-12,05:40:00,0.2979,Nautical Twilight,-9.9163,96.1384,69.6393,343.6549,73.099,65.56,0.6454,Waning Gibbous,False
2025-10-12,05:41:00,0.3223,Nautical Twilight,-9.6711,96.1747,69.5709,343.0728,73.1081,65.57,0.6453,Waning Gibbous,False
2025-10-12,05:42:00,0.3468,Nautical Twilight,-9.4258,96.211,69.5002,342.495,73.1172,65.58,0.6452,Waning Gibbous,False
2025-10-12,05:43:00,0.3712,Nautical Twilight,-9.1806,96.2475,69.4272,341.9214,73.1263,65.59,0.6451,Waning Gibbous,False
2025-10-12,05:44:00,0.3957,Nautical Twilight,-8.9354,96.284,69.3519,341.3522,73.1354,65.6,0.6451,Waning Gibbous,False
2025-10-12,05:45:00,0.4202,Nautical Twilight,-8.6902,96.3207,69.2743,340.7874,73.1445,65.6,0.645,Waning Gibbous,False
2025-10-12,05:46:00,0.4446,Nautical Twilight,-8.445,96.3574,69.1945,340.2271,73.1535,65.61,0.6449,Waning Gibbous,False
2025-10-12,05:47:00,0.469,Nautical Twilight,-8.1998,96.3942,69.1125,339.6715,73.1626,65.62,0.6448,Waning Gibbous,False
2025-10-12,05:48:00,0.4935,Nautical Twilight,-7.9547,96.4311,69.0284,339.1205,73.1717,65.63,0.6448,Waning Gibbous,False
2025-10-12,05:49:00,0.5179,Nautical Twilight,-7.7095,96.4682,68.9421,338.5743,73.1808,65.64,0.6447,Waning Gibbous,False
2025-10-12,05:50:00,0.5424,Nautical Twilight,-7.4644,96.5053,68.8537,338.0329,73.1899,65.65,0.6446,Waning Gibbous,False
2025-10-12,05:51:00,0.5668,Nautical Twilight,-7.2193,96.5425,68.7631,337.4963,73.199,65.65,0.6445,Waning Gibbous,False
2025-10-12,05:52:00,0.5912,Nautical Twilight,-6.9743,96.5798,68.6705,336.9647,73.2081,65.66,0.6444,Waning Gibbous,False
2025-10-12,05:53:00,0.6157,Nautical Twilight,-6.7292,96.6172,68.5759,336.4379,73.2172,65.67,0.6444,Waning Gibbous,False
2025-10-12,05:54:00,0.6401,Nautical Twilight,-6.4842,96.6548,68.4793,335.9162,73.2263,65.68,0.6443,Waning Gibbous,False
2025-10-12,05:55:00,0.6645,Nautical Twilight,-6.2392,96.6924,68.3806,335.3995,73.2354,65.69,0.6442,Waning Gibbous,False
2025-10-12,05:56:00,0.1082,Civil Twilight,-5.9942,96.7302,68.28,334.8878,73.2445,65.7,0.6441,Waning Gibbous,True
2025-10-12,05:57:00,0.941,Civil Twilight,-5.7492,96.768,68.1775,334.3813,73.2536,65.7,0.6441,Waning Gibbous,False
2025-10-12,05:58:00,1.7738,Civil Twilight,-5.5042,96.806,68.0731,333.8798,73.2627,65.71,0.644,Waning Gibbous,False
2025-10-12,05:59:00,2.6065,Civil Twilight,-5.2593,96.844,67.9667,333.3835,73.2718,65.72,0.6439,Waning Gibbous,False
2025-10-12,06:00:00,3.4391,Civil Twilight,-5.0144,96.8822,67.8586,332.8923,73.2809,65.73,0.6438,Waning Gibbous,False
2025-10-12,06:01:00,4.2717,Civil Twilight,-4.7695,96.9205,67.7486,332.4063,73.29,65.74,0.6438,Waning Gibbous,False
2025-10-12,06:02:00,5.1042,Civil Twilight,-4.5246,96.9589,67.6368,331.9254,73.2991,65.75,0.6437,Waning Gibbous,False
2025-10-12,06:03:00,5.9367,Civil Twilight,-4.2797,96.9974,67.5232,331.4498,73.3082,65.75,0.6436,Waning Gibbous,False
2025-10-12,06:04:00,6.769,Civil Twilight,-4.0349,97.0361,67.4079,330.9792,73.3173,65.76,0.6435,Waning Gibbous,False
2025-10-12,06:05:00,7.6013,Civil Twilight,-3.7901,97.0748,67.2909,330.5139,73.3264,65.77,0.6435,Waning Gibbous,False
2025-10-12,06:06:00,8.4335,Civil Twilight,-3.5453,97.1137,67.1722,330.0537,73.3354,65.78,0.6434,Waning Gibbous,False
2025-10-12,06:07:00,9.2657,Civil Twilight,-3.3005,97.1527,67.0519,329.5987,73.3445,65.79,0.6433,Waning Gibbous,False
2025-10-12,06:08:00,10.0977,Civil Twilight,-3.0557,97.1918,66.9299,329.1488,73.3536,65.8,0.6432,Waning Gibbous,False
2025-10-12,06:09:00,10.9297,Civil Twilight,-2.811,97.2311,66.8063,328.7041,73.3627,65.8,0.6432,Waning Gibbous,False
2025-10-12,06:10:00,11.7617,Civil Twilight,-2.5663,97.2705,66.6811,328.2645,73.3718,65.81,0.6431,Waning Gibbous,False
2025-10-12,06:11:00,12.5935,Civil Twilight,-2.3216,97.31,66.5543,327.83,73.3809,65.82,0.643,Waning Gibbous,False
2025-10-12,06:12:00,13.4253,Civil Twilight,-2.0769,97.3496,66.426,327.4005,73.39,65.83,0.6429,Waning Gibbous,False
2025-10-12,06:13:00,14.257,Civil Twilight,-1.8323,97.3893,66.2962,326.9762,73.3991,65.84,0.6429,Waning Gibbous,False
2025-10-12,06:14:00,15.0886,Civil Twilight,-1.5876,97.4292,66.165,326.5568,73.4082,65.85,0.6428,Waning Gibbous,False
2025-10-12,06:15:00,15.9202,Civil Twilight,-1.343,97.4692,66.0322,326.1425,73.4173,65.85,0.6427,Waning Gibbous,False
2025-10-12,06:16:00,16.7516,Civil Twilight,-1.0985,97.5094,65.8981,325.7332,73.4264,65.86,0.6426,Waning Gibbous,False
2025-10-12,06:17:00,17.583,Civil Twilight,-0.8539,97.5496,65.7625,325.3288,73.4355,65.87,0.6425,Waning Gibbous,False
2025-10-12,06:18:00,18.4143,Civil Twilight,-0.6094,97.5901,65.6255,324.9293,73.4445,65.88,0.6425,Waning Gibbous,False
2025-10-12,06:19:00,19.2456,Civil Twilight,-0.3648,97.6306,65.4872,324.5347,73.4536,65.89,0.6424,Waning Gibbous,False
2025-10-12,06:20:00,20.0767,Civil Twilight,-0.1204,97.6713,65.3476,324.1449,73.4627,65.9,0.6423,Waning Gibbous,False
2025-10-12,06:21:00,807.3078,Daylit,0.1241,97.7121,65.2066,323.76,73.4718,65.9,0.6422,Waning Gibbous,False
2025-10-12,06:22:00,1998.7883,Daylit,0.3686,97.7531,65.0643,323.3798,73.4809,65.91,0.6422,Waning Gibbous,False
2025-10-12,06:23:00,3053.5172,Daylit,0.613,97.7942,64.9208,323.0044,73.49,65.92,0.6421,Waning Gibbous,False
2025-10-12,06:24:00,4038.1361,Daylit,0.8574,97.8355,64.776,322.6337,73.4991,65.93,0.642,Waning Gibbous,False
2025-10-12,06:25:00,4976.1537,Daylit,1.1017,97.8769,64.63,322.2676,73.5082,65.94,0.6419,Waning Gibbous,False
2025-10-12,06:26:00,5879.5982,Daylit,1.3461,97.9185,64.4828,321.9062,73.5173,65.95,0.6419,Waning Gibbous,False
2025-10-12,06:27:00,6755.7352,Daylit,1.5904,97.9602,64.3344,321.5493,73.5264,65.95,0.6418,Waning Gibbous,False
2025-10-12,06:28:00,7609.4046,Daylit,1.8347,98.002,64.1848,321.197,73.5354,65.96,0.6417,Waning Gibbous,False
2025-10-12,06:29:00,8444.0479,Daylit,2.079,98.044,64.0341,320.8492,73.5445,65.97,0.6416,Waning Gibbous,False
2025-10-12,06:30:00,9262.2291,Daylit,2.3232,98.0862,63.8823,320.5058,73.5536,65.98,0.6416,Waning Gibbous,False
2025-10-12,06:31:00,10065.9274,Daylit,2.5674,98.1285,63.7293,320.1668,73.5627,65.99,0.6415,Waning Gibbous,False
2025-10-12,06:32:00,10856.7127,Daylit,2.8116,98.171,63.5753,319.8321,73.5718,66.0,0.6414,Waning Gibbous,False
2025-10-12,06:33:00,11635.8588,Daylit,3.0558,98.2136,63.4203,319.5018,73.5809,66.0,0.6413,Waning Gibbous,False
2025-10-12,06:34:00,12404.4175,Daylit,3.2999,98.2564,63.2641,319.1757,73.59,66.01,0.6413,Waning Gibbous,False
2025-10-12,06:35:00,13163.2713,Daylit,3.544,98.2994,63.107,318.8539,73.5991,66.02,0.6412,Waning Gibbous,False
2025-10-12,06:36:00,13913.1696,Daylit,3.7881,98.3425,62.9488,318.5362,73.6082,66.03,0.6411,Waning Gibbous,False
2025-10-12,06:37:00,14654.7562,Daylit,4.0322,98.3858,62.7897,318.2227,73.6172,66.04,0.641,Waning Gibbous,False
2025-10-12,06:38:00,15388.5896,Daylit,4.2762,98.4292,62.6296,317.9132,73.6263,66.05,0.641,Waning Gibbous,False
2025-10-12,06:39:00,16115.1582,Daylit,4.5202,98.4728,62.4685,317.6078,73.6354,66.05,0.6409,Waning Gibbous,False
2025-10-12,06:40:00,16834.8922,Daylit,4.7642,98.5166,62.3065,317.3063,73.6445,66.06,0.6408,Waning Gibbous,False
2025-10-12,06:41:00,17548.1734,Daylit,5.0082,98.5606,62.1436,317.0088,73.6536,66.07,0.6407,Waning Gibbous,False
2025-10-12,06:42:00,18255.3421,Daylit,5.2521,98.6047,61.9798,316.7152,73.6627,66.08,0.6406,Waning Gibbous,False
2025-10-12,06:43:00,18956.704,Daylit,5.496,98.649,61.8151,316.4255,73.6718,66.09,0.6406,Waning Gibbous,False
2025-10-12,06:44:00,19652.5342,Daylit,5.7398,98.6935,61.6495,316.1396,73.6808,66.1,0.6405,Waning Gibbous,False
2025-10-12,06:45:00,20343.0818,Daylit,5.9837,98.7382,61.483,315.8574,73.6899,66.1,0.6404,Waning Gibbous,False
2025-10-12,06:46:00,21028.5734,Daylit,6.2275,98.783,61.3157,315.5789,73.699,66.11,0.6403,Waning Gibbous,False
2025-10-12,06:47:00,21709.2154,Daylit,6.4712,98.8281,61.1476,315.3041,73.7081,66.12,0.6403,Waning Gibbous,False
2025-10-12,06:48:00,22385.1968,Daylit,6.715,98.8733,60.9787,315.0329,73.7172,66.13,0.6402,Waning Gibbous,False
2025-10-12,06:49:00,23056.6911,Daylit,6.9587,98.9187,60.809,314.7653,73.7263,66.14,0.6401,Waning Gibbous,False
2025-10-12,06:50:00,23723.858,Daylit,7.2024,98.9643,60.6385,314.5012,73.7354,66.15,0.64,Waning Gibbous,False
2025-10-12,06:51:00,24386.8448,Daylit,7.446,99.0101,60.4672,314.2406,73.7444,66.15,0.64,Waning Gibbous,False
2025-10-12,06:52:00,25045.788,Daylit,7.6897,99.0561,60.2952,313.9834,73.7535,66.16,0.6399,Waning Gibbous,False
2025-10-12,06:53:00,25700.8139,Daylit,7.9333,99.1022,60.1224,313.7297,73.7626,66.17,0.6398,Waning Gibbous,False
2025-10-12,06:54:00,26352.04,Daylit,8.1768,99.1486,59.949,313.4793,73.7717,66.18,0.6397,Waning Gibbous,False
2025-10-12,06:55:00,26999.5757,Daylit,8.4204,99.1952,59.7748,313.2322,73.7808,66.19,0.6397,Waning Gibbous,False
2025-10-12,06:56:00,27643.523,Daylit,8.6638,99.2419,59.5999,312.9883,73.7899,66.2,0.6396,Waning Gibbous,False
2025-10-12,06:57:00,28283.9772,Daylit,8.9073,99.2889,59.4243,312.7477,73.799,66.2,0.6395,Waning Gibbous,False
2025-10-12,06:58:00,28921.0275,Daylit,9.1507,99.3361,59.248,312.5103,73.808,66.21,0.6394,Waning Gibbous,False
2025-10-12,06:59:00,29554.7575,Daylit,9.3941,99.3835,59.0711,312.276,73.8171,66.22,0.6394,Waning Gibbous,False
2025-10-12,07:00:00,30185.2457,Daylit,9.6375,99.4311,58.8935,312.0448,73.8262,66.23,0.6393,Waning Gibbous,False
2025-10-12,07:01:00,30812.5658,Daylit,9.8808,99.4789,58.7152,311.8167,73.8353,66.24,0.6392,Waning Gibbous,False
2025-10-12,07:02:00,31436.7872,Daylit,10.1241,99.5269,58.5364,311.5916,73.8444,66.25,0.6391,Waning Gibbous,False
2025-10-12,07:03:00,32057.9752,Daylit,10.3674,99.5751,58.3569,311.3695,73.8535,66.25,0.639,Waning Gibbous,False
2025-10-12,07:04:00,32676.1915,Daylit,10.6106,99.6236,58.1768,311.1503,73.8625,66.26,0.639,Waning Gibbous,False
2025-10-12,07:05:00,33291.4943,Daylit,10.8538,99.6723,57.9961,310.934,73.8716,66.27,0.6389,Waning Gibbous,False
2025-10-12,07:06:00,33903.9386,Daylit,11.097,99.7212,57.8149,310.7206,73.8807,66.28,0.6388,Waning Gibbous,False
2025-10-12,07:07:00,34513.5764,Daylit,11.3401,99.7703,57.633,310.51,73.8898,66.29,0.6387,Waning Gibbous,False
2025-10-12,07:08:00,35120.457,Daylit,11.5832,99.8196,57.4506,310.3022,73.8989,66.3,0.6387,Waning Gibbous,False
2025-10-12,07:09:00,35724.627,Daylit,11.8262,99.8692,57.2677,310.0971,73.908,66.3,0.6386,Waning Gibbous,False
2025-10-12,07:10:00,36326.1307,Daylit,12.0692,99.919,57.0842,309.8948,73.917,66.31,0.6385,Waning Gibbous,False
2025-10-12,07:11:00,36925.0101,Daylit,12.3122,99.969,56.9001,309.6951,73.9261,66.32,0.6384,Waning Gibbous,False
2025-10-12,07:12:00,37521.3051,Daylit,12.5551,100.0193,56.7156,309.498,73.9352,66.33,0.6384,Waning Gibbous,False
2025-10-12,07:13:00,38115.0536,Daylit,12.798,100.0698,56.5305,309.3036,73.9443,66.34,0.6383,Waning Gibbous,False
2025-10-12,07:14:00,38706.2916,Daylit,13.0409,100.1206,56.3449,309.1117,73.9534,66.34,0.6382,Waning Gibbous,False
2025-10-12,07:15:00,39295.0534,Daylit,13.2837,100.1716,56.1588,308.9224,73.9624,66.35,0.6381,Waning Gibbous,False
2025-10-12,07:16:00,39881.3716,Daylit,13.5265,100.2228,55.9722,308.7356,73.9715,66.36,0.6381,Waning Gibbous,False
2025-10-12,07:17:00,40465.2773,Daylit,13.7692,100.2743,55.7851,308.5512,73.9806,66.37,0.638,Waning Gibbous,False
2025-10-12,07:18:00,41046.8001,Daylit,14.0119,100.3261,55.5976,308.3692,73.9897,66.38,0.6379,Waning Gibbous,False
2025-10-12,07:19:00,41625.9683,Daylit,14.2546,100.3781,55.4096,308.1897,73.9988,66.39,0.6378,Waning Gibbous,False
2025-10-12,07:20:00,42202.8088,Daylit,14.4972,100.4303,55.2211,308.0125,74.0078,66.39,0.6378,Waning Gibbous,False
2025-10-12,07:21:00,42777.3472,Daylit,14.7398,100.4829,55.0322,307.8377,74.0169,66.4,0.6377,Waning Gibbous,False
2025-10-12,07:22:00,43349.6082,Daylit,14.9823,100.5356,54.8429,307.6652,74.026,66.41,0.6376,Waning Gibbous,False
2025-10-12,07:23:00,43919.615,Daylit,15.2248,100.5887,54.6531,307.4949,74.0351,66.42,0.6375,Waning Gibbous,False
2025-10-12,07:24:00,44487.3902,Daylit,15.4673,100.642,54.4629,307.3269,74.0442,66.43,0.6374,Waning Gibbous,False
2025-10-12,07:25:00,45052.955,Daylit,15.7097,100.6956,54.2722,307.1611,74.0532,66.44,0.6374,Waning Gibbous,False
2025-10-12,07:26:00,45616.3298,Daylit,15.9521,100.7494,54.0812,306.9975,74.0623,66.44,0.6373,Waning Gibbous,False
2025-10-12,07:27:00,46177.5341,Daylit,16.1944,100.8036,53.8897,306.836,74.0714,66.45,0.6372,Waning Gibbous,False
2025-10-12,07:28:00,46736.5867,Daylit,16.4367,100.858,53.6979,306.6767,74.0805,66.46,0.6371,Waning Gibbous,False
2025-10-12,07:29:00,47293.5054,Daylit,16.6789,100.9127,53.5056,306.5195,74.0896,66.47,0.6371,Waning Gibbous,False
2025-10-12,07:30:00,47848.3071,Daylit,16.9211,100.9676,53.313,306.3643,74.0986,66.48,0.637,Waning Gibbous,False
2025-10-12,07:31:00,48401.0083,Daylit,17.1633,101.0229,53.12,306.2112,74.1077,66.49,0.6369,Waning Gibbous,False
2025-10-12,07:32:00,48951.6246,Daylit,17.4054,101.0785,52.9267,306.0601,74.1168,66.49,0.6368,Waning Gibbous,False
2025-10-12,07:33:00,49500.1708,Daylit,17.6474,101.1343,52.7329,305.911,74.1259,66.5,0.6368,Waning Gibbous,False
2025-10-12,07:34:00,50046.6614,Daylit,17.8894,101.1905,52.5388,305.7638,74.1349,66.51,0.6367,Waning Gibbous,False
2025-10-12,07:35:00,50591.1099,Daylit,18.1314,101.2469,52.3444,305.6186,74.144,66.52,0.6366,Waning Gibbous,False
2025-10-12,07:36:00,51133.5295,Daylit,18.3733,101.3037,52.1496,305.4753,74.1531,66.53,0.6365,Waning Gibbous,False
2025-10-12,07:37:00,51673.9327,Daylit,18.6152,101.3607,51.9545,305.3339,74.1622,66.54,0.6365,Waning Gibbous,False
2025-10-12,07:38:00,52212.3315,Daylit,18.857,101.4181,51.759,305.1944,74.1713,66.54,0.6364,Waning Gibbous,False
2025-10-12,07:39:00,52748.7374,Daylit,19.0988,101.4758,51.5632,305.0567,74.1803,66.55,0.6363,Waning Gibbous,False
2025-10-12,07:40:00,53283.1613,Daylit,19.3405,101.5338,51.3671,304.9208,74.1894,66.56,0.6362,Waning Gibbous,False
2025-10-12,07:41:00,53815.6138,Daylit,19.5821,101.5921,51.1707,304.7866,74.1985,66.57,0.6362,Waning Gibbous,False
2025-10-12,07:42:00,54346.1049,Daylit,19.8238,101.6507,50.9739,304.6543,74.2076,66.58,0.6361,Waning Gibbous,False
2025-10-12,07:43:00,54874.6443,Daylit,20.0653,101.7097,50.7769,304.5237,74.2166,66.58,0.636,Waning Gibbous,False
2025-10-12,07:44:00,55401.2411,Daylit,20.3068,101.769,50.5795,304.3948,74.2257,66.59,0.6359,Waning Gibbous,False
2025-10-12,07:45:00,55925.9042,Daylit,20.5483,101.8286,50.3819,304.2677,74.2348,66.6,0.6358,Waning Gibbous,False
2025-10-12,07:46:00,56448.6419,Daylit,20.7897,101.8886,50.1839,304.1422,74.2439,66.61,0.6358,Waning Gibbous,False
2025-10-12,07:47:00,56969.4623,Daylit,21.0311,101.9489,49.9857,304.0183,74.2529,66.62,0.6357,Waning Gibbous,False
2025-10-12,07:48:00,57488.3732,Daylit,21.2724,102.0096,49.7872,303.8961,74.262,66.63,0.6356,Waning Gibbous,False
2025-10-12,07:49:00,58005.3818,Daylit,21.5136,102.0706,49.5884,303.7755,74.2711,66.63,0.6355,Waning Gibbous,False
2025-10-12,07:50:00,58520.4952,Daylit,21.7548,102.132,49.3893,303.6565,74.2802,66.64,0.6355,Waning Gibbous,False
2025-10-12,07:51:00,59033.7201,Daylit,21.9959,102.1937,49.19,303.5391,74.2892,66.65,0.6354,Waning Gibbous,False
2025-10-12,07:52:00,59545.0629,Daylit,22.237,102.2558,48.9904,303.4233,74.2983,66.66,0.6353,Waning Gibbous,False
2025-10-12,07:53:00,60054.5296,Daylit,22.478,102.3182,48.7906,303.3089,74.3074,66.67,0.6352,Waning Gibbous,False
2025-10-12,07:54:00,60562.1261,Daylit,22.719,102.381,48.5904,303.1961,74.3165,66.68,0.6352,Waning Gibbous,False
2025-10-12,07:55:00,61067.858,Daylit,22.9599,102.4442,48.3901,303.0848,74.3255,66.68,0.6351,Waning Gibbous,False
2025-10-12,07:56:00,61571.7306,Daylit,23.2007,102.5078,48.1895,302.975,74.3346,66.69,0.635,Waning Gibbous,False
2025-10-12,07:57:00,62073.7488,Daylit,23.4415,102.5717,47.9886,302.8666,74.3437,66.7,0.6349,Waning Gibbous,False
2025-10-12,07:58:00,62573.9174,Daylit,23.6823,102.636,47.7876,302.7597,74.3527,66.71,0.6349,Waning Gibbous,False
2025-10-12,07:59:00,63072.2411,Daylit,23.9229,102.7008,47.5863,302.6541,74.3618,66.72,0.6348,Waning Gibbous,False
2025-10-12,08:00:00,63568.7241,Daylit,24.1635,102.7659,47.3847,302.55,74.3709,66.72,0.6347,Waning Gibbous,False
2025-10-12,08:01:00,64063.3706,Daylit,24.4041,102.8314,47.1829,302.4473,74.38,66.73,0.6346,Waning Gibbous,False
2025-10-12,08:02:00,64556.1844,Daylit,24.6445,102.8973,46.981,302.346,74.389,66.74,0.6346,Waning Gibbous,False
2025-10-12,08:03:00,65047.1692,Daylit,24.885,102.9636,46.7787,302.246,74.3981,66.75,0.6345,Waning Gibbous,False
2025-10-12,08:04:00,65536.3286,Daylit,25.1253,103.0304,46.5763,302.1474,74.4072,66.76,0.6344,Waning Gibbous,False
2025-10-12,08:05:00,66023.6657,Daylit,25.3656,103.0975,46.3737,302.05,74.4163,66.77,0.6343,Waning Gibbous,False
2025-10-12,08:06:00,66509.1839,Daylit,25.6058,103.1651,46.1708,301.954,74.4253,66.77,0.6342,Waning Gibbous,False
2025-10-12,08:07:00,66992.8859,Daylit,25.846,103.2331,45.9678,301.8593,74.4344,66.78,0.6342,Waning Gibbous,False
2025-10-12,08:08:00,67474.7745,Daylit,26.086,103.3015,45.7646,301.7659,74.4435,66.79,0.6341,Waning Gibbous,False
2025-10-12,08:09:00,67954.8524,Daylit,26.3261,103.3704,45.5611,301.6737,74.4525,66.8,0.634,Waning Gibbous,False
2025-10-12,08:10:00,68433.122,Daylit,26.566,103.4397,45.3575,301.5828,74.4616,66.81,0.6339,Waning Gibbous,False
2025-10-12,08:11:00,68909.5856,Daylit,26.8059,103.5094,45.1536,301.4931,74.4707,66.82,0.6339,Waning Gibbous,False
2025-10-12,08:12:00,69384.2453,Daylit,27.0457,103.5797,44.9496,301.4046,74.4798,66.82,0.6338,Waning Gibbous,False
2025-10-12,08:13:00,69857.1031,Daylit,27.2854,103.6503,44.7454,301.3173,74.4888,66.83,0.6337,Waning Gibbous,False
2025-10-12,08:14:00,70328.1608,Daylit,27.5251,103.7214,44.5411,301.2312,74.4979,66.84,0.6336,Waning Gibbous,False
2025-10-12,08:15:00,70797.4201,Daylit,27.7647,103.793,44.3365,301.1463,74.507,66.85,0.6336,Waning Gibbous,False
2025-10-12,08:16:00,71264.8827,Daylit,28.0042,103.8651,44.1318,301.0626,74.516,66.86,0.6335,Waning Gibbous,False
2025-10-12,08:17:00,71730.55,Daylit,28.2436,103.9376,43.9269,300.98,74.5251,66.86,0.6334,Waning Gibbous,False
2025-10-12,08:18:00,72194.4233,Daylit,28.483,104.0107,43.7218,300.8985,74.5342,66.87,0.6333,Waning Gibbous,False
2025-10-12,08:19:00,72656.5037,Daylit,28.7223,104.0842,43.5166,300.8182,74.5432,66.88,0.6333,Waning Gibbous,False
2025-10-12,08:20:00,73116.7925,Daylit,28.9615,104.1582,43.3112,300.739,74.5523,66.89,0.6332,Waning Gibbous,False
2025-10-12,08:21:00,73575.2906,Daylit,29.2006,104.2327,43.1056,300.6609,74.5614,66.9,0.6331,Waning Gibbous,False
2025-10-12,08:22:00,74031.9988,Daylit,29.4397,104.3077,42.8999,300.5838,74.5705,66.91,0.633,Waning Gibbous,False
2025-10-12,08:23:00,74486.918,Daylit,29.6786,104.3833,42.694,300.5079,74.5795,66.91,0.633,Waning Gibbous,False
2025-10-12,08:24:00,74940.0487,Daylit,29.9175,104.4593,42.488,300.433,74.5886,66.92,0.6329,Waning Gibbous,False
2025-10-12,08:25:00,75391.3916,Daylit,30.1563,104.5359,42.2818,300.3591,74.5977,66.93,0.6328,Waning Gibbous,False
2025-10-12,08:26:00,75840.947,Daylit,30.3951,104.613,42.0755,300.2863,74.6067,66.94,0.6327,Waning Gibbous,False
2025-10-12,08:27:00,76288.7155,Daylit,30.6337,104.6907,41.869,300.2145,74.6158,66.95,0.6326,Waning Gibbous,False
2025-10-12,08:28:00,76734.6972,Daylit,30.8723,104.7689,41.6624,300.1438,74.6249,66.96,0.6326,Waning Gibbous,False
2025-10-12,08:29:00,77178.8924,Daylit,31.1107,104.8476,41.4557,300.074,74.6339,66.96,0.6325,Waning Gibbous,False
2025-10-12,08:30:00,77621.3011,Daylit,31.3491,104.9269,41.2488,300.0053,74.643,66.97,0.6324,Waning Gibbous,False
2025-10-12,08:31:00,78061.9235,Daylit,31.5874,105.0068,41.0418,299.9375,74.6521,66.98,0.6323,Waning Gibbous,False
2025-10-12,08:32:00,78500.7594,Daylit,31.8256,105.0872,40.8346,299.8707,74.6611,66.99,0.6323,Waning Gibbous,False
2025-10-12,08:33:00,78937.8088,Daylit,32.0637,105.1682,40.6274,299.8048,74.6702,67.0,0.6322,Waning Gibbous,False
2025-10-12,08:34:00,79373.0714,Daylit,32.3017,105.2498,40.4199,299.7399,74.6793,67.0,0.6321,Waning Gibbous,False
2025-10-12,08:35:00,79806.5469,Daylit,32.5397,105.332,40.2124,299.676,74.6883,67.01,0.632,Waning Gibbous,False
2025-10-12,08:36:00,80238.2351,Daylit,32.7775,105.4148,40.0048,299.613,74.6974,67.02,0.632,Waning Gibbous,False
2025-10-12,08:37:00,80668.1355,Daylit,33.0152,105.4982,39.797,299.5509,74.7065,67.03,0.6319,Waning Gibbous,False
2025-10-12,08:38:00,81096.2477,Daylit,33.2529,105.5823,39.5891,299.4897,74.7155,67.04,0.6318,Waning Gibbous,False
2025-10-12,08:39:00,81522.571,Daylit,33.4904,105.6669,39.3811,299.4295,74.7246,67.05,0.6317,Waning Gibbous,False
2025-10-12,08:40:00,81947.105,Daylit,33.7279,105.7522,39.173,299.3701,74.7337,67.05,0.6317,Waning Gibbous,False
2025-10-12,08:41:00,82369.8489,Daylit,33.9652,105.8381,38.9647,299.3116,74.7427,67.06,0.6316,Waning Gibbous,False
2025-10-12,08:42:00,82790.802,Daylit,34.2025,105.9247,38.7564,299.254,74.7518,67.07,0.6315,Waning Gibbous,False
2025-10-12,08:43:00,83209.9635,Daylit,34.4396,106.0119,38.5479,299.1973,74.7609,67.08,0.6314,Waning Gibbous,False
2025-10-12,08:44:00,83627.3327,Daylit,34.6766,106.0997,38.3394,299.1414,74.7699,67.09,0.6313,Waning Gibbous,False
2025-10-12,08:45:00,84042.9087,Daylit,34.9136,106.1883,38.1307,299.0864,74.779,67.09,0.6313,Waning Gibbous,False
2025-10-12,08:46:00,84456.6904,Daylit,35.1504,106.2775,37.922,299.0322,74.7881,67.1,0.6312,Waning Gibbous,False
2025-10-12,08:47:00,84868.677,Daylit,35.3871,106.3675,37.7131,298.9788,74.7971,67.11,0.6311,Waning Gibbous,False
2025-10-12,08:48:00,85278.8674,Daylit,35.6237,106.4581,37.5041,298.9263,74.8062,67.12,0.631,Waning Gibbous,False
2025-10-12,08:49:00,85687.2605,Daylit,35.8602,106.5494,37.2951,298.8746,74.8153,67.13,0.631,Waning Gibbous,False
2025-10-12,08:50:00,86093.8552,Daylit,36.0966,106.6414,37.0859,298.8237,74.8243,67.14,0.6309,Waning Gibbous,False
2025-10-12,08:51:00,86498.6503,Daylit,36.3328,106.7342,36.8767,298.7737,74.8334,67.14,0.6308,Waning Gibbous,False
2025-10-12,08:52:00,86901.6448,Daylit,36.569,106.8277,36.6674,298.7244,74.8424,67.15,0.6307,Waning Gibbous,False
2025-10-12,08:53:00,87302.8372,Daylit,36.805,106.9219,36.4579,298.6759,74.8515,67.16,0.6307,Waning Gibbous,False
2025-10-12,08:54:00,87702.2263,Daylit,37.0409,107.0169,36.2484,298.6282,74.8606,67.17,0.6306,Waning Gibbous,False
2025-10-12,08:55:00,88099.8108,Daylit,37.2767,107.1127,36.0388,298.5812,74.8696,67.18,0.6305,Waning Gibbous,False
2025-10-12,08:56:00,88495.5893,Daylit,37.5124,107.2092,35.8292,298.535,74.8787,67.19,0.6304,Waning Gibbous,False
2025-10-12,08:57:00,88889.5605,Daylit,37.7479,107.3066,35.6194,298.4896,74.8878,67.19,0.6304,Waning Gibbous,False
2025-10-12,08:58:00,89281.7229,Daylit,37.9834,107.4047,35.4095,298.4449,74.8968,67.2,0.6303,Waning Gibbous,False
2025-10-12,08:59:00,89672.0751,Daylit,38.2187,107.5036,35.1996,298.401,74.9059,67.21,0.6302,Waning Gibbous,False
2025-10-12,09:00:00,90060.6155,Daylit,38.4538,107.6033,34.9896,298.3578,74.9149,67.22,0.6301,Waning Gibbous,False
2025-10-12,09:01:00,90447.3427,Daylit,38.6889,107.7039,34.7796,298.3154,74.924,67.23,0.63,Waning Gibbous,False
2025-10-12,09:02:00,90832.255,Daylit,38.9238,107.8053,34.5694,298.2737,74.9331,67.23,0.63,Waning Gibbous,False
2025-10-12,09:03:00,91215.351,Daylit,39.1585,107.9075,34.3592,298.2327,74.9421,67.24,0.6299,Waning Gibbous,False
2025-10-12,09:04:00,91596.6289,Daylit,39.3931,108.0107,34.1489,298.1924,74.9512,67.25,0.6298,Waning Gibbous,False
2025-10-12,09:05:00,91976.0872,Daylit,39.6276,108.1146,33.9386,298.1528,74.9603,67.26,0.6297,Waning Gibbous,False
2025-10-12,09:06:00,92353.7242,Daylit,39.862,108.2195,33.7281,298.1139,74.9693,67.27,0.6297,Waning Gibbous,False
2025-10-12,09:07:00,92729.5382,Daylit,40.0962,108.3253,33.5176,298.0757,74.9784,67.28,0.6296,Waning Gibbous,False
2025-10-12,09:08:00,93103.5275,Daylit,40.3303,108.4319,33.3071,298.0382,74.9874,67.28,0.6295,Waning Gibbous,False
2025-10-12,09:09:00,93475.6903,Daylit,40.5642,108.5395,33.0965,298.0014,74.9965,67.29,0.6294,Waning Gibbous,False
2025-10-12,09:10:00,93846.025,Daylit,40.798,108.648,32.8858,297.9652,75.0056,67.3,0.6294,Waning Gibbous,False
2025-10-12,09:11:00,94214.5297,Daylit,41.0316,108.7575,32.675,297.9298,75.0146,67.31,0.6293,Waning Gibbous,False
2025-10-12,09:12:00,94581.2026,Daylit,41.265,108.8679,32.4642,297.895,75.0237,67.32,0.6292,Waning Gibbous,False
2025-10-12,09:13:00,94946.042,Daylit,41.4984,108.9793,32.2534,297.8608,75.0327,67.32,0.6291,Waning Gibbous,False
2025-10-12,09:14:00,95309.0459,Daylit,41.7315,109.0917,32.0425,297.8273,75.0418,67.33,0.6291,Waning Gibbous,False
2025-10-12,09:15:00,95670.2126,Daylit,41.9645,109.2051,31.8315,297.7945,75.0509,67.34,0.629,Waning Gibbous,False
2025-10-12,09:16:00,96029.5401,Daylit,42.1973,109.3195,31.6205,297.7623,75.0599,67.35,0.6289,Waning Gibbous,False
2025-10-12,09:17:00,96387.0267,Daylit,42.43,109.435,31.4094,297.7307,75.069,67.36,0.6288,Waning Gibbous,False
2025-10-12,09:18:00,96742.6703,Daylit,42.6625,109.5514,31.1983,297.6998,75.078,67.37,0.6288,Waning Gibbous,False
2025-10-12,09:19:00,97096.469,Daylit,42.8949,109.669,30.9871,297.6695,75.0871,67.37,0.6287,Waning Gibbous,False
2025-10-12,09:20:00,97448.421,Daylit,43.127,109.7876,30.7759,297.6398,75.0962,67.38,0.6286,Waning Gibbous,False
2025-10-12,09:21:00,97798.5243,Daylit,43.359,109.9073,30.5646,297.6108,75.1052,67.39,0.6285,Waning Gibbous,False
2025-10-12,09:22:00,98146.7769,Daylit,43.5908,110.0281,30.3533,297.5823,75.1143,67.4,0.6284,Waning Gibbous,False
2025-10-12,09:23:00,98493.1768,Daylit,43.8225,110.15,30.142,297.5545,75.1233,67.41,0.6284,Waning Gibbous,False
2025-10-12,09:24:00,98837.7222,Daylit,44.0539,110.273,29.9306,297.5273,75.1324,67.41,0.6283,Waning Gibbous,False
2025-10-12,09:25:00,99180.4109,Daylit,44.2852,110.3972,29.7191,297.5007,75.1414,67.42,0.6282,Waning Gibbous,False
2025-10-12,09:26:00,99521.241,Daylit,44.5162,110.5226,29.5077,297.4747,75.1505,67.43,0.6281,Waning Gibbous,False
2025-10-12,09:27:00,99860.2105,Daylit,44.7471,110.6492,29.2961,297.4492,75.1596,67.44,0.6281,Waning Gibbous,False
2025-10-12,09:28:00,100197.3173,Daylit,44.9778,110.7769,29.0846,297.4244,75.1686,67.45,0.628,Waning Gibbous,False
2025-10-12,09:29:00,100532.5594,Daylit,45.2083,110.9059,28.873,297.4001,75.1777,67.46,0.6279,Waning Gibbous,False
2025-10-12,09:30:00,100865.9348,Daylit,45.4386,111.0362,28.6613,297.3764,75.1867,67.46,0.6278,Waning Gibbous,False
2025-10-12,09:31:00,101197.4415,Daylit,45.6687,111.1676,28.4497,297.3533,75.1958,67.47,0.6278,Waning Gibbous,False
2025-10-12,09:32:00,101527.0773,Daylit,45.8986,111.3004,28.238,297.3308,75.2048,67.48,0.6277,Waning Gibbous,False
2025-10-12,09:33:00,101854.8403,Daylit,46.1283,111.4345,28.0263,297.3088,75.2139,67.49,0.6276,Waning Gibbous,False
2025-10-12,09:34:00,102180.7283,Daylit,46.3577,111.5698,27.8145,297.2874,75.223,67.5,0.6275,Waning Gibbous,False
2025-10-12,09:35:00,102504.7394,Daylit,46.587,111.7065,27.6027,297.2666,75.232,67.5,0.6275,Waning Gibbous,False
2025-10-12,09:36:00,102826.8713,Daylit,46.816,111.8446,27.3909,297.2463,75.2411,67.51,0.6274,Waning Gibbous,False
2025-10-12,09:37:00,103147.1221,Daylit,47.0448,111.984,27.179,297.2265,75.2501,67.52,0.6273,Waning Gibbous,False
2025-10-12,09:38:00,103465.4896,Daylit,47.2734,112.1249,26.9672,297.2073,75.2592,67.53,0.6272,Waning Gibbous,False
2025-10-12,09:39:00,103781.9718,Daylit,47.5018,112.2671,26.7553,297.1887,75.2682,67.54,0.6271,Waning Gibbous,False
2025-10-12,09:40:00,104096.5666,Daylit,47.7299,112.4108,26.5433,297.1706,75.2773,67.54,0.6271,Waning Gibbous,False
2025-10-12,09:41:00,104409.2718,Daylit,47.9578,112.556,26.3314,297.153,75.2863,67.55,0.627,Waning Gibbous,False
2025-10-12,09:42:00,104720.0855,Daylit,48.1854,112.7026,26.1194,297.136,75.2954,67.56,0.6269,Waning Gibbous,False
2025-10-12,09:43:00,105029.0054,Daylit,48.4128,112.8508,25.9074,297.1194,75.3045,67.57,0.6268,Waning Gibbous,False
2025-10-12,09:44:00,105336.0295,Daylit,48.6399,113.0004,25.6954,297.1035,75.3135,67.58,0.6268,Waning Gibbous,False
2025-10-12,09:45:00,105641.1557,Daylit,48.8668,113.1517,25.4834,297.088,75.3226,67.59,0.6267,Waning Gibbous,False
2025-10-12,09:46:00,105944.382,Daylit,49.0935,113.3045,25.2714,297.0731,75.3316,67.59,0.6266,Waning Gibbous,False
2025-10-12,09:47:00,106245.7061,Daylit,49.3198,113.4589,25.0593,297.0587,75.3407,67.6,0.6265,Waning Gibbous,False
2025-10-12,09:48:00,106545.126,Daylit,49.5459,113.6149,24.8472,297.0448,75.3497,67.61,0.6265,Waning Gibbous,False
2025-10-12,09:49:00,106842.6396,Daylit,49.7718,113.7726,24.6351,297.0314,75.3588,67.62,0.6264,Waning Gibbous,False
2025-10-12,09:50:00,107138.2449,Daylit,49.9973,113.9319,24.423,297.0185,75.3678,67.63,0.6263,Waning Gibbous,False
2025-10-12,09:51:00,107431.9396,Daylit,50.2226,114.093,24.2109,297.0061,75.3769,67.63,0.6262,Waning Gibbous,False
2025-10-12,09:52:00,107723.7218,Daylit,50.4476,114.2558,23.9988,296.9942,75.3859,67.64,0.6262,Waning Gibbous,False
2025-10-12,09:53:00,108013.5892,Daylit,50.6723,114.4204,23.7866,296.9828,75.395,67.65,0.6261,Waning Gibbous,False
2025-10-12,09:54:00,108301.5399,Daylit,50.8967,114.5867,23.5745,296.972,75.404,67.66,0.626,Waning Gibbous,False
2025-10-12,09:55:00,108587.5718,Daylit,51.1208,114.7549,23.3623,296.9616,75.4131,67.67,0.6259,Waning Gibbous,False
2025-10-12,09:56:00,108871.6827,Daylit,51.3446,114.9249,23.1501,296.9517,75.4222,67.68,0.6258,Waning Gibbous,False
2025-10-12,09:57:00,109153.8706,Daylit,51.5681,115.0968,22.9379,296.9423,75.4312,67.68,0.6258,Waning Gibbous,False
2025-10-12,09:58:00,109434.1334,Daylit,51.7913,115.2706,22.7258,296.9334,75.4403,67.69,0.6257,Waning Gibbous,False
2025-10-12,09:59:00,109712.4691,Daylit,52.0141,115.4464,22.5136,296.9249,75.4493,67.7,0.6256,Waning Gibbous,False
2025-10-12,10:00:00,109988.8755,Daylit,52.2366,115.6241,22.3014,296.917,75.4584,67.71,0.6255,Waning Gibbous,False
2025-10-12,10:01:00,110263.3506,Daylit,52.4588,115.8038,22.0892,296.9095,75.4674,67.72,0.6255,Waning Gibbous,False
2025-10-12,10:02:00,110535.8923,Daylit,52.6807,115.9855,21.877,296.9025,75.4765,67.72,0.6254,Waning Gibbous,False
2025-10-12,10:03:00,110806.4987,Daylit,52.9022,116.1693,21.6648,296.896,75.4855,67.73,0.6253,Waning Gibbous,False
2025-10-12,10:04:00,111075.1676,Daylit,53.1233,116.3552,21.4526,296.8899,75.4946,67.74,0.6252,Waning Gibbous,False
2025-10-12,10:05:00,111341.897,Daylit,53.3441,116.5433,21.2404,296.8843,75.5036,67.75,0.6252,Waning Gibbous,False
2025-10-12,10:06:00,111606.6849,Daylit,53.5646,116.7335,21.0281,296.8792,75.5127,67.76,0.6251,Waning Gibbous,False
2025-10-12,10:07:00,111869.5292,Daylit,53.7846,116.9259,20.8159,296.8745,75.5217,67.76,0.625,Waning Gibbous,False
2025-10-12,10:08:00,112130.4279,Daylit,54.0043,117.1206,20.6037,296.8704,75.5308,67.77,0.6249,Waning Gibbous,False
2025-10-12,10:09:00,112389.379,Daylit,54.2236,117.3175,20.3916,296.8666,75.5398,67.78,0.6249,Waning Gibbous,False
2025-10-12,10:10:00,112646.3806,Daylit,54.4425,117.5168,20.1794,296.8634,75.5489,67.79,0.6248,Waning Gibbous,False
2025-10-12,10:11:00,112901.4305,Daylit,54.661,117.7184,19.9672,296.8605,75.5579,67.8,0.6247,Waning Gibbous,False
2025-10-12,10:12:00,113154.5268,Daylit,54.8791,117.9225,19.755,296.8582,75.567,67.81,0.6246,Waning Gibbous,False
2025-10-12,10:13:00,113405.6676,Daylit,55.0968,118.129,19.5428,296.8563,75.576,67.81,0.6245,Waning Gibbous,False
2025-10-12,10:14:00,113654.8508,Daylit,55.314,118.3379,19.3307,296.8548,75.5851,67.82,0.6245,Waning Gibbous,False
2025-10-12,10:15:00,113902.0744,Daylit,55.5309,118.5494,19.1185,296.8538,75.5941,67.83,0.6244,Waning Gibbous,False
2025-10-12,10:16:00,114147.3366,Daylit,55.7472,118.7634,18.9064,296.8532,75.6032,67.84,0.6243,Waning Gibbous,False
2025-10-12,10:17:00,114390.6353,Daylit,55.9632,118.9801,18.6942,296.8531,75.6122,67.85,0.6242,Waning Gibbous,False
2025-10-12,10:18:00,114631.9687,Daylit,56.1787,119.1994,18.4821,296.8534,75.6213,67.85,0.6242,Waning Gibbous,False
2025-10-12,10:19:00,114871.3348,Daylit,56.3937,119.4214,18.27,296.8542,75.6303,67.86,0.6241,Waning Gibbous,False
2025-10-12,10:20:00,115108.7316,Daylit,56.6082,119.6461,18.0579,296.8554,75.6394,67.87,0.624,Waning Gibbous,False
2025-10-12,10:21:00,115344.1572,Daylit,56.8223,119.8737,17.8458,296.857,75.6484,67.88,0.6239,Waning Gibbous,False
2025-10-12,10:22:00,115577.6098,Daylit,57.0359,120.104,17.6338,296.8591,75.6575,67.89,0.6239,Waning Gibbous,False
2025-10-12,10:23:00,115809.0875,Daylit,57.2489,120.3373,17.4217,296.8616,75.6665,67.89,0.6238,Waning Gibbous,False
2025-10-12,10:24:00,116038.5884,Daylit,57.4615,120.5735,17.2097,296.8646,75.6755,67.9,0.6237,Waning Gibbous,False
2025-10-12,10:25:00,116266.1105,Daylit,57.6735,120.8127,16.9976,296.868,75.6846,67.91,0.6236,Waning Gibbous,False
2025-10-12,10:26:00,116491.6521,Daylit,57.8851,121.055,16.7856,296.8718,75.6936,67.92,0.6236,Waning Gibbous,False
2025-10-12,10:27:00,116715.2113,Daylit,58.096,121.3003,16.5737,296.876,75.7027,67.93,0.6235,Waning Gibbous,False
2025-10-12,10:28:00,116936.7862,Daylit,58.3064,121.5488,16.3617,296.8807,75.7117,67.94,0.6234,Waning Gibbous,False
2025-10-12,10:29:00,117156.3751,Daylit,58.5163,121.8005,16.1498,296.8858,75.7208,67.94,0.6233,Waning Gibbous,False
2025-10-12,10:30:00,117373.9761,Daylit,58.7256,122.0554,15.9378,296.8913,75.7298,67.95,0.6232,Waning Gibbous,False
2025-10-12,10:31:00,117589.5873,Daylit,58.9342,122.3137,15.7259,296.8972,75.7389,67.96,0.6232,Waning Gibbous,False
2025-10-12,10:32:00,117803.2071,Daylit,59.1423,122.5753,15.5141,296.9036,75.7479,67.97,0.6231,Waning Gibbous,False
2025-10-12,10:33:00,118014.8336,Daylit,59.3498,122.8404,15.3022,296.9104,75.757,67.98,0.623,Waning Gibbous,False
2025-10-12,10:34:00,118224.4651,Daylit,59.5566,123.1089,15.0904,296.9176,75.766,67.98,0.6229,Waning Gibbous,False
2025-10-12,10:35:00,118432.0998,Daylit,59.7629,123.381,14.8786,296.9252,75.7751,67.99,0.6229,Waning Gibbous,False
2025-10-12,10:36:00,118637.7359,Daylit,59.9684,123.6568,14.6668,296.9332,75.7841,68.0,0.6228,Waning Gibbous,False
2025-10-12,10:37:00,118841.3718,Daylit,60.1733,123.9362,14.4551,296.9417,75.7931,68.01,0.6227,Waning Gibbous,False
2025-10-12,10:38:00,119043.0056,Daylit,60.3775,124.2193,14.2433,296.9506,75.8022,68.02,0.6226,Waning Gibbous,False
2025-10-12,10:39:00,119242.6358,Daylit,60.5811,124.5063,14.0317,296.9599,75.8112,68.02,0.6226,Waning Gibbous,False
2025-10-12,10:40:00,119440.2606,Daylit,60.7839,124.7971,13.82,296.9696,75.8203,68.03,0.6225,Waning Gibbous,False
2025-10-12,10:41:00,119635.8783,Daylit,60.986,125.0919,13.6084,296.9797,75.8293,68.04,0.6224,Waning Gibbous,False
2025-10-12,10:42:00,119829.4873,Daylit,61.1874,125.3907,13.3968,296.9902,75.8384,68.05,0.6223,Waning Gibbous,False
2025-10-12,10:43:00,120021.0859,Daylit,61.388,125.6935,13.1852,297.0011,75.8474,68.06,0.6223,Waning Gibbous,False
2025-10-12,10:44:00,120210.6725,Daylit,61.5878,126.0005,12.9736,297.0125,75.8565,68.07,0.6222,Waning Gibbous,False
2025-10-12,10:45:00,120398.2455,Daylit,61.7869,126.3118,12.7621,297.0242,75.8655,68.07,0.6221,Waning Gibbous,False
2025-10-12,10:46:00,120583.8032,Daylit,61.9852,126.6273,12.5507,297.0364,75.8745,68.08,0.622,Waning Gibbous,False
2025-10-12,10:47:00,120767.344,Daylit,62.1826,126.9472,12.3392,297.0489,75.8836,68.09,0.6219,Waning Gibbous,False
2025-10-12,10:48:00,120948.8664,Daylit,62.3792,127.2715,12.1278,297.0619,75.8926,68.1,0.6219,Waning Gibbous,False
2025-10-12,10:49:00,121128.3688,Daylit,62.575,127.6004,11.9165,297.0753,75.9017,68.11,0.6218,Waning Gibbous,False
2025-10-12,10:50:00,121305.8497,Daylit,62.7699,127.9338,11.7051,297.0891,75.9107,68.11,0.6217,Waning Gibbous,False
2025-10-12,10:51:00,121481.3074,Daylit,62.9639,128.272,11.4939,297.1033,75.9198,68.12,0.6216,Waning Gibbous,False
2025-10-12,10:52:00,121654.7406,Daylit,63.157,128.6149,11.2826,297.1178,75.9288,68.13,0.6216,Waning Gibbous,False
2025-10-12,10:53:00,121826.1476,Daylit,63.3491,128.9626,11.0714,297.1328,75.9378,68.14,0.6215,Waning Gibbous,False
2025-10-12,10:54:00,121995.527,Daylit,63.5403,129.3152,10.8602,297.1482,75.9469,68.15,0.6214,Waning Gibbous,False
2025-10-12,10:55:00,122162.8773,Daylit,63.7306,129.6729,10.6491,297.164,75.9559,68.15,0.6213,Waning Gibbous,False
2025-10-12,10:56:00,122328.197,Daylit,63.9198,130.0356,10.438,297.1802,75.965,68.16,0.6213,Waning Gibbous,False
2025-10-12,10:57:00,122491.4848,Daylit,64.108,130.4035,10.227,297.1968,75.974,68.17,0.6212,Waning Gibbous,False
2025-10-12,10:58:00,122652.7391,Daylit,64.2952,130.7766,10.016,297.2138,75.9831,68.18,0.6211,Waning Gibbous,False
2025-10-12,10:59:00,122811.9585,Daylit,64.4814,131.1551,9.805,297.2312,75.9921,68.19,0.621,Waning Gibbous,False
2025-10-12,11:00:00,122969.1417,Daylit,64.6665,131.539,9.5941,297.249,76.0011,68.19,0.621,Waning Gibbous,False
2025-10-12,11:01:00,123124.2873,Daylit,64.8504,131.9284,9.3832,297.2672,76.0102,68.2,0.6209,Waning Gibbous,False
2025-10-12,11:02:00,123277.3938,Daylit,65.0332,132.3234,9.1724,297.2858,76.0192,68.21,0.6208,Waning Gibbous,False
2025-10-12,11:03:00,123428.46,Daylit,65.2149,132.7241,8.9616,297.3048,76.0283,68.22,0.6207,Waning Gibbous,False
2025-10-12,11:04:00,123577.4844,Daylit,65.3954,133.1306,8.7509,297.3242,76.0373,68.23,0.6206,Waning Gibbous,False
2025-10-12,11:05:00,123724.4659,Daylit,65.5747,133.543,8.5402,297.344,76.0463,68.24,0.6206,Waning Gibbous,False
2025-10-12,11:06:00,123869.403,Daylit,65.7527,133.9613,8.3296,297.3641,76.0554,68.24,0.6205,Waning Gibbous,False
2025-10-12,11:07:00,124012.2945,Daylit,65.9295,134.3856,8.119,297.3847,76.0644,68.25,0.6204,Waning Gibbous,False
2025-10-12,11:08:00,124153.1391,Daylit,66.105,134.8161,7.9085,297.4057,76.0735,68.26,0.6203,Waning Gibbous,False
2025-10-12,11:09:00,124291.9356,Daylit,66.2792,135.2528,7.698,297.4271,76.0825,68.27,0.6203,Waning Gibbous,False
2025-10-12,11:10:00,124428.6827,Daylit,66.452,135.6958,7.4876,297.4488,76.0915,68.28,0.6202,Waning Gibbous,False
2025-10-12,11:11:00,124563.3792,Daylit,66.6235,136.1452,7.2772,297.471,76.1006,68.28,0.6201,Waning Gibbous,False
2025-10-12,11:12:00,124696.0238,Daylit,66.7935,136.6011,7.0669,297.4936,76.1096,68.29,0.62,Waning Gibbous,False
2025-10-12,11:13:00,124826.6155,Daylit,66.9622,137.0636,6.8566,297.5165,76.1187,68.3,0.62,Waning Gibbous,False
2025-10-12,11:14:00,124955.153,Daylit,67.1293,137.5327,6.6464,297.5399,76.1277,68.31,0.6199,Waning Gibbous,False
2025-10-12,11:15:00,125081.6352,Daylit,67.2949,138.0086,6.4363,297.5636,76.1367,68.32,0.6198,Waning Gibbous,False
2025-10-12,11:16:00,125206.0609,Daylit,67.459,138.4914,6.2262,297.5878,76.1458,68.32,0.6197,Waning Gibbous,False
2025-10-12,11:17:00,125328.4291,Daylit,67.6216,138.9811,6.0162,297.6123,76.1548,68.33,0.6196,Waning Gibbous,False
2025-10-12,11:18:00,125448.7386,Daylit,67.7825,139.4778,5.8062,297.6372,76.1638,68.34,0.6196,Waning Gibbous,False
2025-10-12,11:19:00,125566.9883,Daylit,67.9418,139.9815,5.5963,297.6626,76.1729,68.35,0.6195,Waning Gibbous,False
2025-10-12,11:20:00,125683.1772,Daylit,68.0994,140.4925,5.3864,297.6883,76.1819,68.36,0.6194,Waning Gibbous,False
2025-10-12,11:21:00,125797.3041,Daylit,68.2553,141.0107,5.1766,297.7144,76.191,68.36,0.6193,Waning Gibbous,False
2025-10-12,11:22:00,125909.3682,Daylit,68.4095,141.5362,4.9669,297.7409,76.2,68.37,0.6193,Waning Gibbous,False
2025-10-12,11:23:00,126019.3684,Daylit,68.5619,142.0691,4.7572,297.7678,76.209,68.38,0.6192,Waning Gibbous,False
2025-10-12,11:24:00,126127.3036,Daylit,68.7124,142.6095,4.5476,297.7951,76.2181,68.39,0.6191,Waning Gibbous,False
2025-10-12,11:25:00,126233.1729,Daylit,68.8611,143.1574,4.3381,297.8228,76.2271,68.4,0.619,Waning Gibbous,False
2025-10-12,11:26:00,126336.9754,Daylit,69.0079,143.7129,4.1286,297.851,76.2361,68.4,0.619,Waning Gibbous,False
2025-10-12,11:27:00,126438.71,Daylit,69.1527,144.2761,3.9192,297.8795,76.2452,68.41,0.6189,Waning Gibbous,False
2025-10-12,11:28:00,126538.3759,Daylit,69.2956,144.847,3.7098,297.9083,76.2542,68.42,0.6188,Waning Gibbous,False
2025-10-12,11:29:00,126635.9722,Daylit,69.4364,145.4256,3.5006,297.9376,76.2633,68.43,0.6187,Waning Gibbous,False
2025-10-12,11:30:00,126731.4979,Daylit,69.5752,146.0121,3.2914,297.9673,76.2723,68.44,0.6187,Waning Gibbous,False
2025-10-12,11:31:00,126824.9522,Daylit,69.7118,146.6064,3.0822,297.9974,76.2813,68.44,0.6186,Waning Gibbous,False
2025-10-12,11:32:00,126916.3343,Daylit,69.8463,147.2086,2.8732,298.0279,76.2904,68.45,0.6185,Waning Gibbous,False
2025-10-12,11:33:00,127005.6433,Daylit,69.9786,147.8187,2.6642,298.0588,76.2994,68.46,0.6184,Waning Gibbous,False
2025-10-12,11:34:00,127092.8784,Daylit,70.1087,148.4367,2.4552,298.0901,76.3084,68.47,0.6183,Waning Gibbous,False
2025-10-12,11:35:00,127178.0388,Daylit,70.2365,149.0627,2.2464,298.1218,76.3175,68.48,0.6183,Waning Gibbous,False
2025-10-12,11:36:00,127261.1237,Daylit,70.3619,149.6967,2.0376,298.1539,76.3265,68.49,0.6182,Waning Gibbous,False
2025-10-12,11:37:00,127342.1323,Daylit,70.485,150.3387,1.8289,298.1864,76.3355,68.49,0.6181,Waning Gibbous,False
2025-10-12,11:38:00,127421.064,Daylit,70.6057,150.9886,1.6203,298.2192,76.3446,68.5,0.618,Waning Gibbous,False
2025-10-12,11:39:00,127497.918,Daylit,70.7239,151.6464,1.4117,298.2525,76.3536,68.51,0.618,Waning Gibbous,False
2025-10-12,11:40:00,127572.6935,Daylit,70.8396,152.3122,1.2032,298.2862,76.3626,68.52,0.6179,Waning Gibbous,False
2025-10-12,11:41:00,127645.39,Daylit,70.9527,152.9859,0.9948,298.3203,76.3717,68.53,0.6178,Waning Gibbous,False
2025-10-12,11:42:00,127716.0066,Daylit,71.0632,153.6674,0.7865,298.3548,76.3807,68.53,0.6177,Waning Gibbous,False
2025-10-12,11:43:00,127784.5429,Daylit,71.1711,154.3568,0.5783,298.3897,76.3897,68.54,0.6177,Waning Gibbous,False
2025-10-12,11:44:00,127850.9981,Daylit,71.2763,155.0539,0.3701,298.425,76.3988,68.55,0.6176,Waning Gibbous,False
2025-10-12,11:45:00,127915.3717,Daylit,71.3788,155.7587,0.162,298.4607,76.4078,68.56,0.6175,Waning Gibbous,False
2025-10-12,11:46:00,127977.6631,Daylit,71.4784,156.4711,-0.046,298.4969,76.4168,68.57,0.6174,Waning Gibbous,False
2025-10-12,11:47:00,128037.8719,Daylit,71.5753,157.191,-0.2539,298.5334,76.4259,68.57,0.6174,Waning Gibbous,False
2025-10-12,11:48:00,128095.9973,Daylit,71.6692,157.9183,-0.4617,298.5703,76.4349,68.58,0.6173,Waning Gibbous,False
2025-10-12,11:49:00,128152.0388,Daylit,71.7603,158.653,-0.6695,298.6077,76.4439,68.59,0.6172,Waning Gibbous,False
2025-10-12,11:50:00,128205.9959,Daylit,71.8484,159.3947,-0.8771,298.6454,76.453,68.6,0.6171,Waning Gibbous,False
2025-10-12,11:51:00,128257.8681,Daylit,71.9334,160.1436,-1.0847,298.6836,76.462,68.61,0.617,Waning Gibbous,False
2025-10-12,11:52:00,128307.6548,Daylit,72.0155,160.8992,-1.2922,298.7222,76.471,68.61,0.617,Waning Gibbous,False
2025-10-12,11:53:00,128355.3557,Daylit,72.0944,161.6617,-1.4996,298.7612,76.4801,68.62,0.6169,Waning Gibbous,False
2025-10-12,11:54:00,128400.9703,Daylit,72.1702,162.4306,-1.7069,298.8006,76.4891,68.63,0.6168,Waning Gibbous,False
2025-10-12,11:55:00,128444.4981,Daylit,72.2429,163.206,-1.9142,298.8404,76.4981,68.64,0.6167,Waning Gibbous,False
2025-10-12,11:56:00,128485.9388,Daylit,72.3123,163.9874,-2.1213,298.8806,76.5072,68.65,0.6167,Waning Gibbous,False
2025-10-12,11:57:00,128525.292,Daylit,72.3785,164.7749,-2.3283,298.9212,76.5162,68.65,0.6166,Waning Gibbous,False
2025-10-12,11:58:00,128562.5574,Daylit,72.4414,165.5681,-2.5353,298.9623,76.5252,68.66,0.6165,Waning Gibbous,False
2025-10-12,11:59:00,128597.7345,Daylit,72.501,166.3667,-2.7421,299.0038,76.5342,68.67,0.6164,Waning Gibbous,False
2025-10-12,12:00:00,128630.823,Daylit,72.5572,167.1706,-2.9489,299.0457,76.5433,68.68,0.6164,Waning Gibbous,False
2025-10-12,12:01:00,128661.8227,Daylit,72.61,167.9795,-3.1556,299.088,76.5523,68.69,0.6163,Waning Gibbous,False
2025-10-12,12:02:00,128690.7333,Daylit,72.6594,168.7932,-3.3621,299.1307,76.5613,68.69,0.6162,Waning Gibbous,False
2025-10-12,12:03:00,128717.5545,Daylit,72.7054,169.6112,-3.5686,299.1739,76.5704,68.7,0.6161,Waning Gibbous,False
2025-10-12,12:04:00,128742.286,Daylit,72.7479,170.4334,-3.775,299.2175,76.5794,68.71,0.616,Waning Gibbous,False
2025-10-12,12:05:00,128764.9276,Daylit,72.7869,171.2595,-3.9813,299.2615,76.5884,68.72,0.616,Waning Gibbous,False
2025-10-12,12:06:00,128785.4792,Daylit,72.8224,172.0891,-4.1875,299.3059,76.5975,68.73,0.6159,Waning Gibbous,False
2025-10-12,12:07:00,128803.9404,Daylit,72.8543,172.922,-4.3935,299.3508,76.6065,68.73,0.6158,Waning Gibbous,False
2025-10-12,12:08:00,128820.3113,Daylit,72.8827,173.7577,-4.5995,299.3961,76.6155,68.74,0.6157,Waning Gibbous,False
2025-10-12,12:09:00,128834.5915,Daylit,72.9074,174.5961,-4.8054,299.4418,76.6245,68.75,0.6157,Waning Gibbous,False
2025-10-12,12:10:00,128846.7809,Daylit,72.9286,175.4366,-5.0111,299.4879,76.6336,68.76,0.6156,Waning Gibbous,False
2025-10-12,12:11:00,128856.8796,Daylit,72.9462,176.2791,-5.2168,299.5345,76.6426,68.77,0.6155,Waning Gibbous,False
2025-10-12,12:12:00,128864.8873,Daylit,72.9601,177.1231,-5.4224,299.5815,76.6516,68.77,0.6154,Waning Gibbous,False
2025-10-12,12:13:00,128870.8039,Daylit,72.9704,177.9683,-5.6278,299.629,76.6607,68.78,0.6154,Waning Gibbous,False
2025-10-12,12:14:00,128874.6296,Daylit,72.9771,178.8143,-5.8332,299.6768,76.6697,68.79,0.6153,Waning Gibbous,False
2025-10-12,12:15:00,128876.3641,Daylit,72.9801,179.6608,-6.0384,299.7252,76.6787,68.8,0.6152,Waning Gibbous,False
2025-10-12,12:16:00,128876.0075,Daylit,72.9795,180.5074,-6.2435,299.7739,76.6877,68.81,0.6151,Waning Gibbous,False
2025-10-12,12:17:00,128873.5598,Daylit,72.9752,181.3538,-6.4485,299.8231,76.6968,68.81,0.6151,Waning Gibbous,False
2025-10-12,12:18:00,128869.021,Daylit,72.9673,182.1995,-6.6535,299.8728,76.7058,68.82,0.615,Waning Gibbous,False
2025-10-12,12:19:00,128862.3911,Daylit,72.9558,183.0443,-6.8582,299.9228,76.7148,68.83,0.6149,Waning Gibbous,False
2025-10-12,12:20:00,128853.6703,Daylit,72.9406,183.8878,-7.0629,299.9734,76.7238,68.84,0.6148,Waning Gibbous,False
2025-10-12,12:21:00,128842.8586,Daylit,72.9218,184.7297,-7.2675,300.0243,76.7329,68.85,0.6147,Waning Gibbous,False
2025-10-12,12:22:00,128829.956,Daylit,72.8994,185.5695,-7.4719,300.0758,76.7419,68.85,0.6147,Waning Gibbous,False
2025-10-12,12:23:00,128814.9628,Daylit,72.8734,186.407,-7.6763,300.1276,76.7509,68.86,0.6146,Waning Gibbous,False
2025-10-12,12:24:00,128797.8791,Daylit,72.8438,187.2418,-7.8805,300.18,76.76,68.87,0.6145,Waning Gibbous,False
2025-10-12,12:25:00,128778.705,Daylit,72.8107,188.0736,-8.0846,300.2327,76.769,68.88,0.6144,Waning Gibbous,False
2025-10-12,12:26:00,128757.4406,Daylit,72.774,188.902,-8.2885,300.286,76.778,68.89,0.6144,Waning Gibbous,False
2025-10-12,12:27:00,128734.0863,Daylit,72.7338,189.7268,-8.4924,300.3397,76.787,68.89,0.6143,Waning Gibbous,False
2025-10-12,12:28:00,128708.6422,Daylit,72.6901,190.5476,-8.6961,300.3938,76.7961,68.9,0.6142,Waning Gibbous,False
2025-10-12,12:29:00,128681.1086,Daylit,72.643,191.3642,-8.8997,300.4484,76.8051,68.91,0.6141,Waning Gibbous,False
2025-10-12,12:30:00,128651.4856,Daylit,72.5924,192.1762,-9.1032,300.5035,76.8141,68.92,0.6141,Waning Gibbous,False
2025-10-12,12:31:00,128619.7737,Daylit,72.5384,192.9834,-9.3066,300.559,76.8231,68.93,0.614,Waning Gibbous,False
2025-10-12,12:32:00,128585.973,Daylit,72.481,193.7856,-9.5098,300.615,76.8322,68.93,0.6139,Waning Gibbous,False
2025-10-12,12:33:00,128550.0839,Daylit,72.4203,194.5823,-9.7129,300.6715,76.8412,68.94,0.6138,Waning Gibbous,False
2025-10-12,12:34:00,128512.1068,Daylit,72.3563,195.3736,-9.9159,300.7284,76.8502,68.95,0.6137,Waning Gibbous,False
2025-10-12,12:35:00,128472.0419,Daylit,72.289,196.159,-10.1187,300.7858,76.8592,68.96,0.6137,Waning Gibbous,False
2025-10-12,12:36:00,128429.8897,Daylit,72.2185,196.9384,-10.3214,300.8437,76.8683,68.97,0.6136,Waning Gibbous,False
2025-10-12,12:37:00,128385.6506,Daylit,72.1447,197.7115,-10.524,300.902,76.8773,68.97,0.6135,Waning Gibbous,False
2025-10-12,12:38:00,128339.3249,Daylit,72.0679,198.4783,-10.7264,300.9609,76.8863,68.98,0.6134,Waning Gibbous,False
2025-10-12,12:39:00,128290.9131,Daylit,71.9879,199.2384,-10.9287,301.0202,76.8953,68.99,0.6134,Waning Gibbous,False
2025-10-12,12:40:00,128240.4156,Daylit,71.9048,199.9917,-11.1309,301.08,76.9043,69.0,0.6133,Waning Gibbous,False
2025-10-12,12:41:00,128187.8329,Daylit,71.8187,200.7381,-11.333,301.1402,76.9134,69.01,0.6132,Waning Gibbous,False
2025-10-12,12:42:00,128133.1655,Daylit,71.7296,201.4775,-11.5349,301.201,76.9224,69.01,0.6131,Waning Gibbous,False
2025-10-12,12:43:00,128076.4139,Daylit,71.6375,202.2096,-11.7366,301.2622,76.9314,69.02,0.6131,Waning Gibbous,False
2025-10-12,12:44:00,128017.5786,Daylit,71.5426,202.9344,-11.9382,301.324,76.9404,69.03,0.613,Waning Gibbous,False
2025-10-12,12:45:00,127956.6602,Daylit,71.4448,203.6517,-12.1397,301.3862,76.9495,69.04,0.6129,Waning Gibbous,False
2025-10-12,12:46:00,127893.6592,Daylit,71.3441,204.3615,-12.341,301.4489,76.9585,69.05,0.6128,Waning Gibbous,False
2025-10-12,12:47:00,127828.5763,Daylit,71.2407,205.0636,-12.5422,301.5121,76.9675,69.05,0.6128,Waning Gibbous,False
2025-10-12,12:48:00,127761.4119,Daylit,71.1346,205.7581,-12.7433,301.5759,76.9765,69.06,0.6127,Waning Gibbous,False
2025-10-12,12:49:00,127692.1668,Daylit,71.0258,206.4447,-12.9442,301.6401,76.9855,69.07,0.6126,Waning Gibbous,False
2025-10-12,12:50:00,127620.8415,Daylit,70.9144,207.1236,-13.1449,301.7048,76.9946,69.08,0.6125,Waning Gibbous,False
2025-10-12,12:51:00,127547.4368,Daylit,70.8004,207.7946,-13.3455,301.77,77.0036,69.09,0.6124,Waning Gibbous,False
2025-10-12,12:52:00,127471.9532,Daylit,70.6839,208.4576,-13.5459,301.8358,77.0126,69.09,0.6124,Waning Gibbous,False
2025-10-12,12:53:00,127394.3916,Daylit,70.5648,209.1127,-13.7462,301.902,77.0216,69.1,0.6123,Waning Gibbous,False
2025-10-12,12:54:00,127314.7526,Daylit,70.4433,209.7599,-13.9464,301.9688,77.0307,69.11,0.6122,Waning Gibbous,False
2025-10-12,12:55:00,127233.0369,Daylit,70.3194,210.3991,-14.1463,302.0361,77.0397,69.12,0.6121,Waning Gibbous,False
2025-10-12,12:56:00,127149.2453,Daylit,70.1932,211.0303,-14.3462,302.1038,77.0487,69.13,0.6121,Waning Gibbous,False
2025-10-12,12:57:00,127063.3785,Daylit,70.0646,211.6535,-14.5458,302.1722,77.0577,69.13,0.612,Waning Gibbous,False
2025-10-12,12:58:00,126975.4375,Daylit,69.9338,212.2688,-14.7453,302.241,77.0667,69.14,0.6119,Waning Gibbous,False
2025-10-12,12:59:00,126885.4228,Daylit,69.8007,212.8762,-14.9447,302.3104,77.0758,69.15,0.6118,Waning Gibbous,False
2025-10-12,13:00:00,126793.3355,Daylit,69.6655,213.4756,-15.1439,302.3803,77.0848,69.16,0.6118,Waning Gibbous,False
2025-10-12,13:01:00,126699.1762,Daylit,69.5281,214.0672,-15.3429,302.4507,77.0938,69.17,0.6117,Waning Gibbous,False
2025-10-12,13:02:00,126602.946,Daylit,69.3887,214.651,-15.5418,302.5216,77.1028,69.17,0.6116,Waning Gibbous,False
2025-10-12,13:03:00,126504.6456,Daylit,69.2471,215.2269,-15.7405,302.5931,77.1118,69.18,0.6115,Waning Gibbous,False
2025-10-12,13:04:00,126404.2759,Daylit,69.1036,215.7951,-15.939,302.6652,77.1209,69.19,0.6114,Waning Gibbous,False
2025-10-12,13:05:00,126301.838,Daylit,68.9581,216.3556,-16.1373,302.7378,77.1299,69.2,0.6114,Waning Gibbous,False
2025-10-12,13:06:00,126197.3326,Daylit,68.8107,216.9085,-16.3355,302.8109,77.1389,69.21,0.6113,Waning Gibbous,False
2025-10-12,13:07:00,126090.7608,Daylit,68.6613,217.4538,-16.5335,302.8846,77.1479,69.21,0.6112,Waning Gibbous,False
2025-10-12,13:08:00,125982.1236,Daylit,68.5102,217.9916,-16.7314,302.9588,77.1569,69.22,0.6111,Waning Gibbous,False
2025-10-12,13:09:00,125871.4218,Daylit,68.3572,218.5219,-16.929,303.0336,77.1659,69.23,0.6111,Waning Gibbous,False
2025-10-12,13:10:00,125758.6566,Daylit,68.2024,219.0449,-17.1265,303.1089,77.175,69.24,0.611,Waning Gibbous,False
2025-10-12,13:11:00,125643.8289,Daylit,68.0459,219.5606,-17.3238,303.1848,77.184,69.25,0.6109,Waning Gibbous,False
2025-10-12,13:12:00,125526.9398,Daylit,67.8877,220.069,-17.5209,303.2612,77.193,69.25,0.6108,Waning Gibbous,False
2025-10-12,13:13:00,125407.9903,Daylit,67.7279,220.5703,-17.7179,303.3383,77.202,69.26,0.6108,Waning Gibbous,False
2025-10-12,13:14:00,125286.9815,Daylit,67.5664,221.0645,-17.9146,303.4159,77.211,69.27,0.6107,Waning Gibbous,False
2025-10-12,13:15:00,125163.9146,Daylit,67.4033,221.5518,-18.1112,303.494,77.22,69.28,0.6106,Waning Gibbous,False
2025-10-12,13:16:00,125038.7905,Daylit,67.2387,222.0322,-18.3076,303.5728,77.2291,69.29,0.6105,Waning Gibbous,False
2025-10-12,13:17:00,124911.6105,Daylit,67.0726,222.5057,-18.5038,303.6521,77.2381,69.29,0.6105,Waning Gibbous,False
2025-10-12,13:18:00,124782.3757,Daylit,66.9049,222.9725,-18.6998,303.732,77.2471,69.3,0.6104,Waning Gibbous,False
2025-10-12,13:19:00,124651.0872,Daylit,66.7358,223.4327,-18.8956,303.8125,77.2561,69.31,0.6103,Waning Gibbous,False
2025-10-12,13:20:00,124517.7463,Daylit,66.5653,223.8863,-19.0913,303.8936,77.2651,69.32,0.6102,Waning Gibbous,False
2025-10-12,13:21:00,124382.3541,Daylit,66.3934,224.3335,-19.2867,303.9752,77.2741,69.33,0.6101,Waning Gibbous,False
2025-10-12,13:22:00,124244.9118,Daylit,66.2201,224.7743,-19.4819,304.0575,77.2832,69.33,0.6101,Waning Gibbous,False
2025-10-12,13:23:00,124105.4207,Daylit,66.0454,225.2088,-19.677,304.1404,77.2922,69.34,0.61,Waning Gibbous,False
2025-10-12,13:24:00,123963.8821,Daylit,65.8695,225.6371,-19.8718,304.2238,77.3012,69.35,0.6099,Waning Gibbous,False
2025-10-12,13:25:00,123820.297,Daylit,65.6923,226.0593,-20.0665,304.3079,77.3102,69.36,0.6098,Waning Gibbous,False
2025-10-12,13:26:00,123674.667,Daylit,65.5138,226.4755,-20.2609,304.3926,77.3192,69.37,0.6098,Waning Gibbous,False
2025-10-12,13:27:00,123526.9932,Daylit,65.3341,226.8858,-20.4551,304.4779,77.3282,69.37,0.6097,Waning Gibbous,False
2025-10-12,13:28:00,123377.2769,Daylit,65.1532,227.2902,-20.6492,304.5638,77.3373,69.38,0.6096,Waning Gibbous,False
2025-10-12,13:29:00,123225.5196,Daylit,64.9712,227.6889,-20.843,304.6503,77.3463,69.39,0.6095,Waning Gibbous,False
2025-10-12,13:30:00,123071.7225,Daylit,64.788,228.0819,-21.0366,304.7375,77.3553,69.4,0.6095,Waning Gibbous,False
2025-10-12,13:31:00,122915.8869,Daylit,64.6036,228.4694,-21.23,304.8253,77.3643,69.41,0.6094,Waning Gibbous,False
2025-10-12,13:32:00,122758.0144,Daylit,64.4182,228.8514,-21.4231,304.9137,77.3733,69.41,0.6093,Waning Gibbous,False
2025-10-12,13:33:00,122598.1062,Daylit,64.2317,229.228,-21.6161,305.0027,77.3823,69.42,0.6092,Waning Gibbous,False
2025-10-12,13:34:00,122436.1638,Daylit,64.0441,229.5992,-21.8089,305.0924,77.3913,69.43,0.6091,Waning Gibbous,False
2025-10-12,13:35:00,122272.1886,Daylit,63.8556,229.9653,-22.0014,305.1827,77.4004,69.44,0.6091,Waning Gibbous,False
2025-10-12,13:36:00,122106.182,Daylit,63.666,230.3262,-22.1937,305.2737,77.4094,69.45,0.609,Waning Gibbous,False
2025-10-12,13:37:00,121938.1455,Daylit,63.4754,230.6821,-22.3858,305.3653,77.4184,69.45,0.6089,Waning Gibbous,False
2025-10-12,13:38:00,121768.0806,Daylit,63.2839,231.0329,-22.5776,305.4576,77.4274,69.46,0.6088,Waning Gibbous,False
2025-10-12,13:39:00,121595.9887,Daylit,63.0914,231.3789,-22.7692,305.5505,77.4364,69.47,0.6088,Waning Gibbous,False
2025-10-12,13:40:00,121421.8714,Daylit,62.898,231.7201,-22.9606,305.6441,77.4454,69.48,0.6087,Waning Gibbous,False
2025-10-12,13:41:00,121245.7301,Daylit,62.7037,232.0566,-23.1518,305.7384,77.4544,69.49,0.6086,Waning Gibbous,False
2025-10-12,13:42:00,121067.5664,Daylit,62.5085,232.3884,-23.3427,305.8333,77.4634,69.49,0.6085,Waning Gibbous,False
2025-10-12,13:43:00,120887.3819,Daylit,62.3125,232.7156,-23.5334,305.929,77.4725,69.5,0.6085,Waning Gibbous,False
2025-10-12,13:44:00,120705.1781,Daylit,62.1156,233.0384,-23.7239,306.0252,77.4815,69.51,0.6084,Waning Gibbous,False
2025-10-12,13:45:00,120520.9565,Daylit,61.9179,233.3567,-23.9141,306.1222,77.4905,69.52,0.6083,Waning Gibbous,False
2025-10-12,13:46:00,120334.7188,Daylit,61.7193,233.6707,-24.1041,306.2199,77.4995,69.52,0.6082,Waning Gibbous,False
2025-10-12,13:47:00,120146.4665,Daylit,61.52,233.9804,-24.2938,306.3182,77.5085,69.53,0.6081,Waning Gibbous,False
2025-10-12,13:48:00,119956.2014,Daylit,61.3199,234.2859,-24.4833,306.4173,77.5175,69.54,0.6081,Waning Gibbous,False
2025-10-12,13:49:00,119763.9249,Daylit,61.119,234.5873,-24.6725,306.517,77.5265,69.55,0.608,Waning Gibbous,False
2025-10-12,13:50:00,119569.6388,Daylit,60.9174,234.8846,-24.8615,306.6175,77.5355,69.56,0.6079,Waning Gibbous,False
2025-10-12,13:51:00,119373.3447,Daylit,60.7151,235.1779,-25.0502,306.7186,77.5445,69.56,0.6078,Waning Gibbous,False
2025-10-12,13:52:00,119175.0443,Daylit,60.512,235.4674,-25.2387,306.8205,77.5536,69.57,0.6078,Waning Gibbous,False
2025-10-12,13:53:00,118974.7393,Daylit,60.3083,235.7529,-25.4269,306.9231,77.5626,69.58,0.6077,Waning Gibbous,False
2025-10-12,13:54:00,118772.4313,Daylit,60.1038,236.0347,-25.6148,307.0264,77.5716,69.59,0.6076,Waning Gibbous,False
2025-10-12,13:55:00,118568.1221,Daylit,59.8987,236.3128,-25.8025,307.1304,77.5806,69.6,0.6075,Waning Gibbous,False
2025-10-12,13:56:00,118361.8134,Daylit,59.6929,236.5872,-25.99,307.2352,77.5896,69.6,0.6075,Waning Gibbous,False
2025-10-12,13:57:00,118153.507,Daylit,59.4865,236.858,-26.1771,307.3407,77.5986,69.61,0.6074,Waning Gibbous,False
2025-10-12,13:58:00,117943.2045,Daylit,59.2794,237.1253,-26.364,307.447,77.6076,69.62,0.6073,Waning Gibbous,False
2025-10-12,13:59:00,117730.9078,Daylit,59.0718,237.3891,-26.5506,307.5539,77.6166,69.63,0.6072,Waning Gibbous,False
2025-10-12,14:00:00,117516.6187,Daylit,58.8635,237.6495,-26.737,307.6617,77.6256,69.64,0.6071,Waning Gibbous,False
2025-10-12,14:01:00,117300.3388,Daylit,58.6546,237.9065,-26.923,307.7702,77.6346,69.64,0.6071,Waning Gibbous,False
2025-10-12,14:02:00,117082.0701,Daylit,58.4451,238.1602,-27.1088,307.8794,77.6437,69.65,0.607,Waning Gibbous,False
2025-10-12,14:03:00,116861.8142,Daylit,58.2351,238.4107,-27.2943,307.9895,77.6527,69.66,0.6069,Waning Gibbous,False
2025-10-12,14:04:00,116639.5732,Daylit,58.0245,238.6581,-27.4795,308.1002,77.6617,69.67,0.6068,Waning Gibbous,False
2025-10-12,14:05:00,116415.3487,Daylit,57.8134,238.9022,-27.6645,308.2118,77.6707,69.68,0.6068,Waning Gibbous,False
2025-10-12,14:06:00,116189.1426,Daylit,57.6017,239.1433,-27.8491,308.3242,77.6797,69.68,0.6067,Waning Gibbous,False
2025-10-12,14:07:00,115960.9568,Daylit,57.3895,239.3814,-28.0335,308.4373,77.6887,69.69,0.6066,Waning Gibbous,False
2025-10-12,14:08:00,115730.7931,Daylit,57.1768,239.6165,-28.2175,308.5512,77.6977,69.7,0.6065,Waning Gibbous,False
2025-10-12,14:09:00,115498.6535,Daylit,56.9635,239.8487,-28.4013,308.6659,77.7067,69.71,0.6065,Waning Gibbous,False
2025-10-12,14:10:00,115264.5398,Daylit,56.7498,240.078,-28.5847,308.7814,77.7157,69.71,0.6064,Waning Gibbous,False
2025-10-12,14:11:00,115028.4539,Daylit,56.5356,240.3045,-28.7679,308.8978,77.7247,69.72,0.6063,Waning Gibbous,False
2025-10-12,14:12:00,114790.3977,Daylit,56.3209,240.5282,-28.9507,309.0149,77.7337,69.73,0.6062,Waning Gibbous,False
2025-10-12,14:13:00,114550.3731,Daylit,56.1057,240.7492,-29.1333,309.1328,77.7427,69.74,0.6062,Waning Gibbous,False
2025-10-12,14:14:00,114308.3821,Daylit,55.8901,240.9675,-29.3155,309.2516,77.7517,69.75,0.6061,Waning Gibbous,False
2025-10-12,14:15:00,114064.4266,Daylit,55.674,241.1831,-29.4974,309.3712,77.7607,69.75,0.606,Waning Gibbous,False
2025-10-12,14:16:00,113818.5085,Daylit,55.4574,241.3962,-29.679,309.4916,77.7698,69.76,0.6059,Waning Gibbous,False
2025-10-12,14:17:00,113570.6299,Daylit,55.2405,241.6067,-29.8603,309.6129,77.7788,69.77,0.6058,Waning Gibbous,False
2025-10-12,14:18:00,113320.7926,Daylit,55.0231,241.8147,-30.0412,309.735,77.7878,69.78,0.6058,Waning Gibbous,False
2025-10-12,14:19:00,113068.9986,Daylit,54.8053,242.0202,-30.2219,309.8579,77.7968,69.79,0.6057,Waning Gibbous,False
2025-10-12,14:20:00,112815.25,Daylit,54.587,242.2233,-30.4022,309.9817,77.8058,69.79,0.6056,Waning Gibbous,False
2025-10-12,14:21:00,112559.5487,Daylit,54.3684,242.4241,-30.5821,310.1064,77.8148,69.8,0.6055,Waning Gibbous,False
2025-10-12,14:22:00,112301.8966,Daylit,54.1494,242.6224,-30.7618,310.2319,77.8238,69.81,0.6055,Waning Gibbous,False
2025-10-12,14:23:00,112042.2959,Daylit,53.93,242.8185,-30.9411,310.3583,77.8328,69.82,0.6054,Waning Gibbous,False
2025-10-12,14:24:00,111780.7485,Daylit,53.7102,243.0123,-31.12,310.4856,77.8418,69.83,0.6053,Waning Gibbous,False
2025-10-12,14:25:00,111517.2564,Daylit,53.49,243.2039,-31.2986,310.6138,77.8508,69.83,0.6052,Waning Gibbous,False
2025-10-12,14:26:00,111251.8217,Daylit,53.2694,243.3932,-31.4769,310.7428,77.8598,69.84,0.6052,Waning Gibbous,False
2025-10-12,14:27:00,110984.4465,Daylit,53.0485,243.5804,-31.6548,310.8728,77.8688,69.85,0.6051,Waning Gibbous,False
2025-10-12,14:28:00,110715.1326,Daylit,52.8273,243.7655,-31.8323,311.0036,77.8778,69.86,0.605,Waning Gibbous,False
2025-10-12,14:29:00,110443.8822,Daylit,52.6057,243.9485,-32.0095,311.1354,77.8868,69.87,0.6049,Waning Gibbous,False
2025-10-12,14:30:00,110170.6974,Daylit,52.3837,244.1294,-32.1864,311.268,77.8958,69.87,0.6048,Waning Gibbous,False
2025-10-12,14:31:00,109895.5801,Daylit,52.1614,244.3083,-32.3628,311.4016,77.9048,69.88,0.6048,Waning Gibbous,False
2025-10-12,14:32:00,109618.5325,Daylit,51.9388,244.4852,-32.5389,311.5361,77.9138,69.89,0.6047,Waning Gibbous,False
2025-10-12,14:33:00,109339.5566,Daylit,51.7158,244.6602,-32.7147,311.6715,77.9228,69.9,0.6046,Waning Gibbous,False
2025-10-12,14:34:00,109058.6545,Daylit,51.4926,244.8332,-32.89,311.8079,77.9318,69.9,0.6045,Waning Gibbous,False
2025-10-12,14:35:00,108775.8282,Daylit,51.269,245.0044,-33.065,311.9452,77.9408,69.91,0.6045,Waning Gibbous,False
2025-10-12,14:36:00,108491.0799,Daylit,51.0451,245.1736,-33.2396,312.0834,77.9498,69.92,0.6044,Waning Gibbous,False
2025-10-12,14:37:00,108204.4117,Daylit,50.8209,245.3411,-33.4138,312.2226,77.9588,69.93,0.6043,Waning Gibbous,False
2025-10-12,14:38:00,107915.8255,Daylit,50.5964,245.5067,-33.5877,312.3628,77.9678,69.94,0.6042,Waning Gibbous,False
2025-10-12,14:39:00,107625.3235,Daylit,50.3716,245.6705,-33.7611,312.5039,77.9768,69.94,0.6042,Waning Gibbous,False
2025-10-12,14:40:00,107332.9078,Daylit,50.1465,245.8326,-33.9341,312.646,77.9859,69.95,0.6041,Waning Gibbous,False
2025-10-12,14:41:00,107038.5805,Daylit,49.9212,245.993,-34.1068,312.7891,77.9949,69.96,0.604,Waning Gibbous,False
2025-10-12,14:42:00,106742.3437,Daylit,49.6955,246.1516,-34.279,312.9331,78.0039,69.97,0.6039,Waning Gibbous,False
2025-10-12,14:43:00,106444.1994,Daylit,49.4696,246.3086,-34.4509,313.0782,78.0129,69.98,0.6038,Waning Gibbous,False
2025-10-12,14:44:00,106144.1499,Daylit,49.2434,246.464,-34.6223,313.2242,78.0219,69.98,0.6038,Waning Gibbous,False
2025-10-12,14:45:00,105842.1971,Daylit,49.017,246.6177,-34.7933,313.3713,78.0309,69.99,0.6037,Waning Gibbous,False
2025-10-12,14:46:00,105538.3431,Daylit,48.7903,246.7698,-34.9639,313.5193,78.0399,70.0,0.6036,Waning Gibbous,False
2025-10-12,14:47:00,105232.5902,Daylit,48.5633,246.9204,-35.134,313.6684,78.0489,70.01,0.6035,Waning Gibbous,False
2025-10-12,14:48:00,104924.9403,Daylit,48.3361,247.0694,-35.3038,313.8185,78.0579,70.02,0.6035,Waning Gibbous,False
2025-10-12,14:49:00,104615.3956,Daylit,48.1086,247.2169,-35.4731,313.9696,78.0669,70.02,0.6034,Waning Gibbous,False
2025-10-12,14:50:00,104303.9582,Daylit,47.8809,247.3629,-35.642,314.1218,78.0759,70.03,0.6033,Waning Gibbous,False
2025-10-12,14:51:00,103990.6302,Daylit,47.653,247.5074,-35.8104,314.275,78.0849,70.04,0.6032,Waning Gibbous,False
2025-10-12,14:52:00,103675.4136,Daylit,47.4248,247.6505,-35.9784,314.4293,78.0939,70.05,0.6032,Waning Gibbous,False
2025-10-12,14:53:00,103358.3106,Daylit,47.1964,247.7921,-36.146,314.5846,78.1029,70.05,0.6031,Waning Gibbous,False
2025-10-12,14:54:00,103039.3232,Daylit,46.9677,247.9323,-36.313,314.7409,78.1119,70.06,0.603,Waning Gibbous,False
2025-10-12,14:55:00,102718.4536,Daylit,46.7389,248.0712,-36.4797,314.8984,78.1209,70.07,0.6029,Waning Gibbous,False
2025-10-12,14:56:00,102395.7038,Daylit,46.5098,248.2086,-36.6459,315.0569,78.1299,70.08,0.6028,Waning Gibbous,False
2025-10-12,14:57:00,102071.0759,Daylit,46.2804,248.3447,-36.8116,315.2165,78.1389,70.09,0.6028,Waning Gibbous,False
2025-10-12,14:58:00,101744.572,Daylit,46.0509,248.4795,-36.9769,315.3772,78.1479,70.09,0.6027,Waning Gibbous,False
2025-10-12,14:59:00,101416.1941,Daylit,45.8212,248.613,-37.1416,315.5389,78.1569,70.1,0.6026,Waning Gibbous,False
2025-10-12,15:00:00,101085.9444,Daylit,45.5912,248.7452,-37.3059,315.7018,78.1659,70.11,0.6025,Waning Gibbous,False
2025-10-12,15:01:00,100753.8248,Daylit,45.3611,248.8761,-37.4698,315.8658,78.1749,70.12,0.6025,Waning Gibbous,False
2025-10-12,15:02:00,100419.8374,Daylit,45.1307,249.0057,-37.6331,316.0309,78.1838,70.13,0.6024,Waning Gibbous,False
2025-10-12,15:03:00,100083.9843,Daylit,44.9002,249.1341,-37.796,316.1971,78.1928,70.13,0.6023,Waning Gibbous,False
2025-10-12,15:04:00,99746.2674,Daylit,44.6694,249.2614,-37.9583,316.3645,78.2018,70.14,0.6022,Waning Gibbous,False
2025-10-12,15:05:00,99406.689,Daylit,44.4385,249.3874,-38.1202,316.533,78.2108,70.15,0.6022,Waning Gibbous,False
2025-10-12,15:06:00,99065.2508,Daylit,44.2074,249.5122,-38.2815,316.7026,78.2198,70.16,0.6021,Waning Gibbous,False
2025-10-12,15:07:00,98721.955,Daylit,43.976,249.6358,-38.4424,316.8734,78.2288,70.16,0.602,Waning Gibbous,False
2025-10-12,15:08:00,98376.8036,Daylit,43.7445,249.7584,-38.6027,317.0453,78.2378,70.17,0.6019,Waning Gibbous,False
2025-10-12,15:09:00,98029.7985,Daylit,43.5129,249.8797,-38.7625,317.2184,78.2468,70.18,0.6018,Waning Gibbous,False
2025-10-12,15:10:00,97680.9418,Daylit,43.281,250.0,-38.9218,317.3926,78.2558,70.19,0.6018,Waning Gibbous,False
2025-10-12,15:11:00,97330.2353,Daylit,43.049,250.1192,-39.0806,317.568,78.2648,70.2,0.6017,Waning Gibbous,False
2025-10-12,15:12:00,96977.6811,Daylit,42.8168,250.2373,-39.2388,317.7447,78.2738,70.2,0.6016,Waning Gibbous,False
2025-10-12,15:13:00,96623.2811,Daylit,42.5844,250.3543,-39.3965,317.9225,78.2828,70.21,0.6015,Waning Gibbous,False
2025-10-12,15:14:00,96267.0371,Daylit,42.3518,250.4702,-39.5536,318.1015,78.2918,70.22,0.6015,Waning Gibbous,False
2025-10-12,15:15:00,95908.9513,Daylit,42.1191,250.5851,-39.7102,318.2816,78.3008,70.23,0.6014,Waning Gibbous,False
2025-10-12,15:16:00,95549.0253,Daylit,41.8862,250.699,-39.8663,318.463,78.3098,70.24,0.6013,Waning Gibbous,False
2025-10-12,15:17:00,95187.2611,Daylit,41.6532,250.8119,-40.0217,318.6457,78.3188,70.24,0.6012,Waning Gibbous,False
2025-10-12,15:18:00,94823.6607,Daylit,41.42,250.9238,-40.1767,318.8295,78.3278,70.25,0.6012,Waning Gibbous,False
2025-10-12,15:19:00,94458.2257,Daylit,41.1867,251.0347,-40.331,319.0146,78.3368,70.26,0.6011,Waning Gibbous,False
2025-10-12,15:20:00,94090.9581,Daylit,40.9532,251.1446,-40.4848,319.2009,78.3458,70.27,0.601,Waning Gibbous,False
2025-10-12,15:21:00,93721.8597,Daylit,40.7195,251.2536,-40.638,319.3884,78.3548,70.27,0.6009,Waning Gibbous,False
2025-10-12,15:22:00,93350.9322,Daylit,40.4857,251.3617,-40.7906,319.5772,78.3638,70.28,0.6008,Waning Gibbous,False
2025-10-12,15:23:00,92978.1774,Daylit,40.2517,251.4688,-40.9426,319.7672,78.3728,70.29,0.6008,Waning Gibbous,False
2025-10-12,15:24:00,92603.5971,Daylit,40.0176,251.5749,-41.0941,319.9585,78.3818,70.3,0.6007,Waning Gibbous,False
2025-10-12,15:25:00,92227.193,Daylit,39.7834,251.6802,-41.2449,320.1511,78.3908,70.31,0.6006,Waning Gibbous,False
2025-10-12,15:26:00,91848.9668,Daylit,39.549,251.7846,-41.3951,320.3449,78.3998,70.31,0.6005,Waning Gibbous,False
2025-10-12,15:27:00,91468.9202,Daylit,39.3145,251.8881,-41.5447,320.54,78.4087,70.32,0.6005,Waning Gibbous,False
2025-10-12,15:28:00,91087.0548,Daylit,39.0798,251.9908,-41.6937,320.7364,78.4177,70.33,0.6004,Waning Gibbous,False
2025-10-12,15:29:00,90703.3723,Daylit,38.845,252.0925,-41.8421,320.9341,78.4267,70.34,0.6003,Waning Gibbous,False
2025-10-12,15:30:00,90317.8742,Daylit,38.6101,252.1935,-41.9898,321.1331,78.4357,70.35,0.6002,Waning Gibbous,False
2025-10-12,15:31:00,89930.5622,Daylit,38.375,252.2936,-42.1369,321.3334,78.4447,70.35,0.6002,Waning Gibbous,False
2025-10-12,15:32:00,89541.4378,Daylit,38.1398,252.3929,-42.2834,321.535,78.4537,70.36,0.6001,Waning Gibbous,False
2025-10-12,15:33:00,89150.5024,Daylit,37.9045,252.4913,-42.4292,321.7379,78.4627,70.37,0.6,Waning Gibbous,False
2025-10-12,15:34:00,88757.7577,Daylit,37.6691,252.589,-42.5743,321.9422,78.4717,70.38,0.5999,Waning Gibbous,False
2025-10-12,15:35:00,88363.205,Daylit,37.4335,252.6858,-42.7188,322.1477,78.4807,70.38,0.5998,Waning Gibbous,False
2025-10-12,15:36:00,87966.8457,Daylit,37.1978,252.7819,-42.8627,322.3546,78.4897,70.39,0.5998,Waning Gibbous,False
2025-10-12,15:37:00,87568.6813,Daylit,36.962,252.8772,-43.0058,322.5629,78.4987,70.4,0.5997,Waning Gibbous,False
2025-10-12,15:38:00,87168.713,Daylit,36.726,252.9718,-43.1483,322.7725,78.5077,70.41,0.5996,Waning Gibbous,False
2025-10-12,15:39:00,86766.9423,Daylit,36.49,253.0656,-43.2901,322.9834,78.5167,70.42,0.5995,Waning Gibbous,False
2025-10-12,15:40:00,86363.3703,Daylit,36.2538,253.1587,-43.4312,323.1957,78.5256,70.42,0.5995,Waning Gibbous,False
2025-10-12,15:41:00,85957.9983,Daylit,36.0175,253.251,-43.5716,323.4093,78.5346,70.43,0.5994,Waning Gibbous,False
2025-10-12,15:42:00,85550.8274,Daylit,35.7811,253.3426,-43.7113,323.6243,78.5436,70.44,0.5993,Waning Gibbous,False
2025-10-12,15:43:00,85141.859,Daylit,35.5446,253.4335,-43.8503,323.8407,78.5526,70.45,0.5992,Waning Gibbous,False
2025-10-12,15:44:00,84731.0939,Daylit,35.308,253.5237,-43.9886,324.0585,78.5616,70.45,0.5992,Waning Gibbous,False
2025-10-12,15:45:00,84318.5334,Daylit,35.0712,253.6131,-44.1262,324.2776,78.5706,70.46,0.5991,Waning Gibbous,False
2025-10-12,15:46:00,83904.1784,Daylit,34.8344,253.7019,-44.263,324.4982,78.5796,70.47,0.599,Waning Gibbous,False
2025-10-12,15:47:00,83488.0298,Daylit,34.5974,253.7901,-44.3991,324.7201,78.5886,70.48,0.5989,Waning Gibbous,False
2025-10-12,15:48:00,83070.0887,Daylit,34.3604,253.8775,-44.5345,324.9434,78.5976,70.49,0.5988,Waning Gibbous,False
2025-10-12,15:49:00,82650.3558,Daylit,34.1232,253.9643,-44.6691,325.1681,78.6066,70.49,0.5988,Waning Gibbous,False
2025-10-12,15:50:00,82228.832,Daylit,33.886,254.0504,-44.8029,325.3942,78.6155,70.5,0.5987,Waning Gibbous,False
2025-10-12,15:51:00,81805.518,Daylit,33.6486,254.1359,-44.936,325.6218,78.6245,70.51,0.5986,Waning Gibbous,False
2025-10-12,15:52:00,81380.4146,Daylit,33.4111,254.2208,-45.0683,325.8507,78.6335,70.52,0.5985,Waning Gibbous,False
2025-10-12,15:53:00,80953.5223,Daylit,33.1736,254.305,-45.1999,326.0811,78.6425,70.53,0.5985,Waning Gibbous,False
2025-10-12,15:54:00,80524.8417,Daylit,32.9359,254.3886,-45.3307,326.3128,78.6515,70.53,0.5984,Waning Gibbous,False
2025-10-12,15:55:00,80094.3735,Daylit,32.6982,254.4716,-45.4606,326.546,78.6605,70.54,0.5983,Waning Gibbous,False
2025-10-12,15:56:00,79662.1179,Daylit,32.4603,254.554,-45.5898,326.7807,78.6695,70.55,0.5982,Waning Gibbous,False
2025-10-12,15:57:00,79228.0755,Daylit,32.2224,254.6358,-45.7182,327.0167,78.6785,70.56,0.5982,Waning Gibbous,False
2025-10-12,15:58:00,78792.2465,Daylit,31.9844,254.717,-45.8458,327.2542,78.6875,70.56,0.5981,Waning Gibbous,False
2025-10-12,15:59:00,78354.6312,Daylit,31.7462,254.7976,-45.9725,327.4932,78.6964,70.57,0.598,Waning Gibbous,False
2025-10-12,16:00:00,77915.2297,Daylit,31.508,254.8776,-46.0984,327.7335,78.7054,70.58,0.5979,Waning Gibbous,False
2025-10-12,16:01:00,77474.0422,Daylit,31.2697,254.957,-46.2235,327.9753,78.7144,70.59,0.5978,Waning Gibbous,False
2025-10-12,16:02:00,77031.0686,Daylit,31.0313,255.0359,-46.3478,328.2186,78.7234,70.6,0.5978,Waning Gibbous,False
2025-10-12,16:03:00,76586.309,Daylit,30.7928,255.1143,-46.4712,328.4633,78.7324,70.6,0.5977,Waning Gibbous,False
2025-10-12,16:04:00,76139.7632,Daylit,30.5543,255.192,-46.5938,328.7095,78.7414,70.61,0.5976,Waning Gibbous,False
2025-10-12,16:05:00,75691.4309,Daylit,30.3156,255.2693,-46.7155,328.9571,78.7504,70.62,0.5975,Waning Gibbous,False
2025-10-12,16:06:00,75241.3119,Daylit,30.0769,255.346,-46.8363,329.2062,78.7594,70.63,0.5975,Waning Gibbous,False
2025-10-12,16:07:00,74789.4057,Daylit,29.8381,255.4222,-46.9562,329.4567,78.7683,70.63,0.5974,Waning Gibbous,False
2025-10-12,16:08:00,74335.7119,Daylit,29.5992,255.4978,-47.0753,329.7086,78.7773,70.64,0.5973,Waning Gibbous,False
2025-10-12,16:09:00,73880.2298,Daylit,29.3602,255.5729,-47.1935,329.9621,78.7863,70.65,0.5972,Waning Gibbous,False
2025-10-12,16:10:00,73422.9587,Daylit,29.1211,255.6476,-47.3108,330.217,78.7953,70.66,0.5972,Waning Gibbous,False
2025-10-12,16:11:00,72963.8979,Daylit,28.882,255.7217,-47.4272,330.4733,78.8043,70.67,0.5971,Waning Gibbous,False
2025-10-12,16:12:00,72503.0465,Daylit,28.6427,255.7953,-47.5427,330.7311,78.8133,70.67,0.597,Waning Gibbous,False
2025-10-12,16:13:00,72040.4034,Daylit,28.4035,255.8684,-47.6572,330.9904,78.8223,70.68,0.5969,Waning Gibbous,False
2025-10-12,16:14:00,71575.9675,Daylit,28.1641,255.941,-47.7708,331.2511,78.8312,70.69,0.5968,Waning Gibbous,False
2025-10-12,16:15:00,71109.7376,Daylit,27.9246,256.0131,-47.8835,331.5133,78.8402,70.7,0.5968,Waning Gibbous,False
2025-10-12,16:16:00,70641.7123,Daylit,27.6851,256.0848,-47.9953,331.777,78.8492,70.7,0.5967,Waning Gibbous,False
2025-10-12,16:17:00,70171.8901,Daylit,27.4455,256.156,-48.1061,332.0421,78.8582,70.71,0.5966,Waning Gibbous,False
2025-10-12,16:18:00,69700.2694,Daylit,27.2058,256.2267,-48.216,332.3086,78.8672,70.72,0.5965,Waning Gibbous,False
2025-10-12,16:19:00,69226.8485,Daylit,26.9661,256.297,-48.3248,332.5767,78.8762,70.73,0.5965,Waning Gibbous,False
2025-10-12,16:20:00,68751.6253,Daylit,26.7263,256.3668,-48.4328,332.8461,78.8852,70.74,0.5964,Waning Gibbous,False
2025-10-12,16:21:00,68274.598,Daylit,26.4864,256.4361,-48.5397,333.1171,78.8941,70.74,0.5963,Waning Gibbous,False
2025-10-12,16:22:00,67795.7644,Daylit,26.2465,256.505,-48.6456,333.3894,78.9031,70.75,0.5962,Waning Gibbous,False
2025-10-12,16:23:00,67315.122,Daylit,26.0064,256.5735,-48.7506,333.6633,78.9121,70.76,0.5962,Waning Gibbous,False
2025-10-12,16:24:00,66832.6684,Daylit,25.7663,256.6415,-48.8546,333.9385,78.9211,70.77,0.5961,Waning Gibbous,False
2025-10-12,16:25:00,66348.401,Daylit,25.5262,256.7091,-48.9575,334.2152,78.9301,70.78,0.596,Waning Gibbous,False
2025-10-12,16:26:00,65862.3169,Daylit,25.286,256.7763,-49.0594,334.4934,78.9391,70.78,0.5959,Waning Gibbous,False
2025-10-12,16:27:00,65374.4132,Daylit,25.0457,256.843,-49.1603,334.7729,78.948,70.79,0.5958,Waning Gibbous,False
2025-10-12,16:28:00,64884.6866,Daylit,24.8053,256.9094,-49.2602,335.0539,78.957,70.8,0.5958,Waning Gibbous,False
2025-10-12,16:29:00,64393.1338,Daylit,24.5649,256.9753,-49.359,335.3364,78.966,70.81,0.5957,Waning Gibbous,False
2025-10-12,16:30:00,63899.7513,Daylit,24.3244,257.0408,-49.4568,335.6202,78.975,70.81,0.5956,Waning Gibbous,False
2025-10-12,16:31:00,63404.5353,Daylit,24.0839,257.1059,-49.5536,335.9055,78.984,70.82,0.5955,Waning Gibbous,False
2025-10-12,16:32:00,62907.4817,Daylit,23.8433,257.1706,-49.6492,336.1922,78.993,70.83,0.5955,Waning Gibbous,False
2025-10-12,16:33:00,62408.5866,Daylit,23.6026,257.2349,-49.7438,336.4802,79.0019,70.84,0.5954,Waning Gibbous,False
2025-10-12,16:34:00,61907.8453,Daylit,23.3619,257.2989,-49.8373,336.7697,79.0109,70.85,0.5953,Waning Gibbous,False
2025-10-12,16:35:00,61405.2535,Daylit,23.1211,257.3624,-49.9298,337.0606,79.0199,70.85,0.5952,Waning Gibbous,False
2025-10-12,16:36:00,60900.806,Daylit,22.8803,257.4256,-50.0211,337.3528,79.0289,70.86,0.5952,Waning Gibbous,False
2025-10-12,16:37:00,60394.4979,Daylit,22.6394,257.4884,-50.1114,337.6465,79.0379,70.87,0.5951,Waning Gibbous,False
2025-10-12,16:38:00,59886.3238,Daylit,22.3984,257.5508,-50.2005,337.9415,79.0468,70.88,0.595,Waning Gibbous,False
2025-10-12,16:39:00,59376.278,Daylit,22.1574,257.6128,-50.2885,338.2378,79.0558,70.88,0.5949,Waning Gibbous,False
2025-10-12,16:40:00,58864.3547,Daylit,21.9163,257.6745,-50.3754,338.5356,79.0648,70.89,0.5948,Waning Gibbous,False
2025-10-12,16:41:00,58350.5476,Daylit,21.6752,257.7358,-50.4612,338.8346,79.0738,70.9,0.5948,Waning Gibbous,False
2025-10-12,16:42:00,57834.8502,Daylit,21.434,257.7967,-50.5458,339.135,79.0828,70.91,0.5947,Waning Gibbous,False
2025-10-12,16:43:00,57317.2557,Daylit,21.1927,257.8573,-50.6293,339.4367,79.0917,70.92,0.5946,Waning Gibbous,False
2025-10-12,16:44:00,56797.7571,Daylit,20.9514,257.9176,-50.7116,339.7398,79.1007,70.92,0.5945,Waning Gibbous,False
2025-10-12,16:45:00,56276.3468,Daylit,20.7101,257.9775,-50.7928,340.0441,79.1097,70.93,0.5945,Waning Gibbous,False
2025-10-12,16:46:00,55753.017,Daylit,20.4687,258.0371,-50.8728,340.3498,79.1187,70.94,0.5944,Waning Gibbous,False
2025-10-12,16:47:00,55227.7597,Daylit,20.2272,258.0963,-50.9516,340.6567,79.1277,70.95,0.5943,Waning Gibbous,False
2025-10-12,16:48:00,54700.5661,Daylit,19.9857,258.1552,-51.0293,340.9649,79.1366,70.95,0.5942,Waning Gibbous,False
2025-10-12,16:49:00,54171.4275,Daylit,19.7441,258.2137,-51.1058,341.2744,79.1456,70.96,0.5942,Waning Gibbous,False
2025-10-12,16:50:00,53640.3345,Daylit,19.5025,258.272,-51.181,341.5851,79.1546,70.97,0.5941,Waning Gibbous,False
2025-10-12,16:51:00,53107.2773,Daylit,19.2609,258.3299,-51.2551,341.897,79.1636,70.98,0.594,Waning Gibbous,False
2025-10-12,16:52:00,52572.2457,Daylit,19.0191,258.3875,-51.328,342.2102,79.1726,70.98,0.5939,Waning Gibbous,False
2025-10-12,16:53:00,52035.229,Daylit,18.7774,258.4447,-51.3996,342.5246,79.1815,70.99,0.5938,Waning Gibbous,False
2025-10-12,16:54:00,51496.2162,Daylit,18.5356,258.5017,-51.47,342.8402,79.1905,71.0,0.5938,Waning Gibbous,False
2025-10-12,16:55:00,50955.1956,Daylit,18.2937,258.5583,-51.5392,343.1569,79.1995,71.01,0.5937,Waning Gibbous,False
2025-10-12,16:56:00,50412.1549,Daylit,18.0518,258.6147,-51.6072,343.4748,79.2085,71.02,0.5936,Waning Gibbous,False
2025-10-12,16:57:00,49867.0816,Daylit,17.8098,258.6707,-51.6739,343.7939,79.2174,71.02,0.5935,Waning Gibbous,False
2025-10-12,16:58:00,49319.9622,Daylit,17.5678,258.7264,-51.7393,344.1142,79.2264,71.03,0.5935,Waning Gibbous,False
2025-10-12,16:59:00,48770.783,Daylit,17.3258,258.7819,-51.8036,344.4355,79.2354,71.04,0.5934,Waning Gibbous,False
2025-10-12,17:00:00,48219.5295,Daylit,17.0837,258.837,-51.8665,344.7579,79.2444,71.05,0.5933,Waning Gibbous,False
2025-10-12,17:01:00,47666.1865,Daylit,16.8415,258.8918,-51.9282,345.0815,79.2534,71.05,0.5932,Waning Gibbous,False
2025-10-12,17:02:00,47110.738,Daylit,16.5994,258.9464,-51.9886,345.4061,79.2623,71.06,0.5932,Waning Gibbous,False
2025-10-12,17:03:00,46553.1677,Daylit,16.3571,259.0007,-52.0477,345.7318,79.2713,71.07,0.5931,Waning Gibbous,False
2025-10-12,17:04:00,45993.4582,Daylit,16.1149,259.0547,-52.1056,346.0585,79.2803,71.08,0.593,Waning Gibbous,False
2025-10-12,17:05:00,45431.5913,Daylit,15.8725,259.1084,-52.1621,346.3862,79.2893,71.09,0.5929,Waning Gibbous,False
2025-10-12,17:06:00,44867.5483,Daylit,15.6302,259.1618,-52.2174,346.7149,79.2982,71.09,0.5928,Waning Gibbous,False
2025-10-12,17:07:00,44301.3091,Daylit,15.3878,259.2149,-52.2713,347.0446,79.3072,71.1,0.5928,Waning Gibbous,False
2025-10-12,17:08:00,43732.8532,Daylit,15.1453,259.2678,-52.324,347.3753,79.3162,71.11,0.5927,Waning Gibbous,False
2025-10-12,17:09:00,43162.1589,Daylit,14.9028,259.3204,-52.3753,347.7069,79.3252,71.12,0.5926,Waning Gibbous,False
2025-10-12,17:10:00,42589.2035,Daylit,14.6603,259.3728,-52.4253,348.0394,79.3341,71.12,0.5925,Waning Gibbous,False
2025-10-12,17:11:00,42013.9632,Daylit,14.4177,259.4249,-52.474,348.3728,79.3431,71.13,0.5925,Waning Gibbous,False
2025-10-12,17:12:00,41436.4131,Daylit,14.1751,259.4767,-52.5213,348.7071,79.3521,71.14,0.5924,Waning Gibbous,False
2025-10-12,17:13:00,40856.5271,Daylit,13.9325,259.5283,-52.5673,349.0423,79.3611,71.15,0.5923,Waning Gibbous,False
2025-10-12,17:14:00,40274.278,Daylit,13.6898,259.5796,-52.612,349.3783,79.37,71.16,0.5922,Waning Gibbous,False
2025-10-12,17:15:00,39689.637,Daylit,13.447,259.6306,-52.6553,349.7151,79.379,71.16,0.5922,Waning Gibbous,False
2025-10-12,17:16:00,39102.574,Daylit,13.2042,259.6814,-52.6973,350.0527,79.388,71.17,0.5921,Waning Gibbous,False
2025-10-12,17:17:00,38513.0576,Daylit,12.9614,259.732,-52.7379,350.3911,79.397,71.18,0.592,Waning Gibbous,False
2025-10-12,17:18:00,37921.0545,Daylit,12.7186,259.7823,-52.7772,350.7303,79.4059,71.19,0.5919,Waning Gibbous,False
2025-10-12,17:19:00,37326.5298,Daylit,12.4757,259.8324,-52.8151,351.0701,79.4149,71.19,0.5918,Waning Gibbous,False
2025-10-12,17:20:00,36729.4471,Daylit,12.2328,259.8822,-52.8516,351.4107,79.4239,71.2,0.5918,Waning Gibbous,False
2025-10-12,17:21:00,36129.7677,Daylit,11.9898,259.9318,-52.8868,351.7519,79.4329,71.21,0.5917,Waning Gibbous,False
2025-10-12,17:22:00,35527.4511,Daylit,11.7468,259.9812,-52.9206,352.0938,79.4418,71.22,0.5916,Waning Gibbous,False
2025-10-12,17:23:00,34922.4547,Daylit,11.5038,260.0303,-52.953,352.4364,79.4508,71.23,0.5915,Waning Gibbous,False
2025-10-12,17:24:00,34314.7333,Daylit,11.2607,260.0792,-52.984,352.7795,79.4598,71.23,0.5915,Waning Gibbous,False
2025-10-12,17:25:00,33704.2395,Daylit,11.0176,260.1278,-53.0136,353.1232,79.4687,71.24,0.5914,Waning Gibbous,False
2025-10-12,17:26:00,33090.9232,Daylit,10.7744,260.1763,-53.0419,353.4675,79.4777,71.25,0.5913,Waning Gibbous,False
2025-10-12,17:27:00,32474.7315,Daylit,10.5313,260.2245,-53.0687,353.8123,79.4867,71.26,0.5912,Waning Gibbous,False
2025-10-12,17:28:00,31855.6083,Daylit,10.288,260.2725,-53.0942,354.1576,79.4957,71.26,0.5912,Waning Gibbous,False
2025-10-12,17:29:00,31233.4943,Daylit,10.0448,260.3203,-53.1183,354.5034,79.5046,71.27,0.5911,Waning Gibbous,False
2025-10-12,17:30:00,30608.3268,Daylit,9.8015,260.3678,-53.1409,354.8497,79.5136,71.28,0.591,Waning Gibbous,False
2025-10-12,17:31:00,29980.0391,Daylit,9.5582,260.4152,-53.1622,355.1963,79.5226,71.29,0.5909,Waning Gibbous,False
2025-10-12,17:32:00,29348.5604,Daylit,9.3148,260.4623,-53.182,355.5434,79.5316,71.29,0.5908,Waning Gibbous,False
2025-10-12,17:33:00,28713.8156,Daylit,9.0715,260.5092,-53.2005,355.8908,79.5405,71.3,0.5908,Waning Gibbous,False
2025-10-12,17:34:00,28075.7247,Daylit,8.828,260.5559,-53.2175,356.2386,79.5495,71.31,0.5907,Waning Gibbous,False
2025-10-12,17:35:00,27434.2022,Daylit,8.5846,260.6024,-53.2331,356.5867,79.5585,71.32,0.5906,Waning Gibbous,False
2025-10-12,17:36:00,26789.157,Daylit,8.3411,260.6487,-53.2473,356.9351,79.5674,71.33,0.5905,Waning Gibbous,False
2025-10-12,17:37:00,26140.4919,Daylit,8.0976,260.6948,-53.2601,357.2838,79.5764,71.33,0.5905,Waning Gibbous,False
2025-10-12,17:38:00,25488.1023,Daylit,7.854,260.7407,-53.2714,357.6327,79.5854,71.34,0.5904,Waning Gibbous,False
2025-10-12,17:39:00,24831.8766,Daylit,7.6105,260.7864,-53.2814,357.9819,79.5943,71.35,0.5903,Waning Gibbous,False
2025-10-12,17:40:00,24171.6944,Daylit,7.3668,260.8319,-53.2899,358.3312,79.6033,71.36,0.5902,Waning Gibbous,False
2025-10-12,17:41:00,23507.4261,Daylit,7.1232,260.8772,-53.297,358.6806,79.6123,71.36,0.5902,Waning Gibbous,False
2025-10-12,17:42:00,22838.9321,Daylit,6.8795,260.9223,-53.3027,359.0302,79.6213,71.37,0.5901,Waning Gibbous,False
2025-10-12,17:43:00,22166.0612,Daylit,6.6358,260.9672,-53.3069,359.3799,79.6302,71.38,0.59,Waning Gibbous,False
2025-10-12,17:44:00,21488.6494,Daylit,6.3921,261.012,-53.3098,359.7297,79.6392,71.39,0.5899,Waning Gibbous,False
2025-10-12,17:45:00,20806.5185,Daylit,6.1483,261.0565,-53.3112,0.0795,79.6482,71.4,0.5898,Waning Gibbous,False
2025-10-12,17:46:00,20119.474,Daylit,5.9045,261.1009,-53.3112,0.4293,79.6571,71.4,0.5898,Waning Gibbous,False
2025-10-12,17:47:00,19427.3034,Daylit,5.6607,261.145,-53.3097,0.7791,79.6661,71.41,0.5897,Waning Gibbous,False
2025-10-12,17:48:00,18729.7732,Daylit,5.4169,261.189,-53.3068,1.1289,79.6751,71.42,0.5896,Waning Gibbous,False
2025-10-12,17:49:00,18026.6262,Daylit,5.173,261.2328,-53.3026,1.4786,79.684,71.43,0.5895,Waning Gibbous,False
2025-10-12,17:50:00,17317.5781,Daylit,4.9291,261.2765,-53.2968,1.8282,79.693,71.43,0.5895,Waning Gibbous,False
2025-10-12,17:51:00,16602.3127,Daylit,4.6852,261.3199,-53.2897,2.1777,79.702,71.44,0.5894,Waning Gibbous,False
2025-10-12,17:52:00,15880.4769,Daylit,4.4412,261.3632,-53.2811,2.5271,79.7109,71.45,0.5893,Waning Gibbous,False
2025-10-12,17:53:00,15151.6743,Daylit,4.1972,261.4063,-53.2712,2.8763,79.7199,71.46,0.5892,Waning Gibbous,False
2025-10-12,17:54:00,14415.4572,Daylit,3.9532,261.4493,-53.2598,3.2252,79.7289,71.46,0.5892,Waning Gibbous,False
2025-10-12,17:55:00,13671.316,Daylit,3.7091,261.492,-53.247,3.574,79.7378,71.47,0.5891,Waning Gibbous,False
2025-10-12,17:56:00,12918.6668,Daylit,3.4651,261.5346,-53.2327,3.9225,79.7468,71.48,0.589,Waning Gibbous,False
2025-10-12,17:57:00,12156.8341,Daylit,3.221,261.5771,-53.2171,4.2707,79.7558,71.49,0.5889,Waning Gibbous,False
2025-10-12,17:58:00,11385.0292,Daylit,2.9768,261.6193,-53.2,4.6185,79.7647,71.5,0.5888,Waning Gibbous,False
2025-10-12,17:59:00,10602.3198,Daylit,2.7327,261.6614,-53.1815,4.9661,79.7737,71.5,0.5888,Waning Gibbous,False
2025-10-12,18:00:00,9807.589,Daylit,2.4885,261.7034,-53.1616,5.3132,79.7827,71.51,0.5887,Waning Gibbous,False
2025-10-12,18:01:00,8999.4776,Daylit,2.2443,261.7452,-53.1403,5.66,79.7916,71.52,0.5886,Waning Gibbous,False
2025-10-12,18:02:00,8176.2984,Daylit,2.0001,261.7868,-53.1176,6.0064,79.8006,71.53,0.5885,Waning Gibbous,False
2025-10-12,18:03:00,7335.9075,Daylit,1.7558,261.8283,-53.0935,6.3523,79.8096,71.53,0.5885,Waning Gibbous,False
2025-10-12,18:04:00,6475.4981,Daylit,1.5115,261.8696,-53.068,6.6977,79.8185,71.54,0.5884,Waning Gibbous,False
2025-10-12,18:05:00,5591.2518,Daylit,1.2672,261.9107,-53.0411,7.0427,79.8275,71.55,0.5883,Waning Gibbous,False
2025-10-12,18:06:00,4677.6977,Daylit,1.0229,261.9518,-53.0128,7.3871,79.8365,71.56,0.5882,Waning Gibbous,False
2025-10-12,18:07:00,3726.3992,Daylit,0.7786,261.9926,-52.9832,7.731,79.8454,71.56,0.5882,Waning Gibbous,False
2025-10-12,18:08:00,2722.7745,Daylit,0.5342,262.0333,-52.9521,8.0743,79.8544,71.57,0.5881,Waning Gibbous,False
2025-10-12,18:09:00,1635.8618,Daylit,0.2898,262.0739,-52.9196,8.417,79.8634,71.58,0.588,Waning Gibbous,False
2025-10-12,18:10:00,348.9229,Daylit,0.0453,262.1143,-52.8858,8.759,79.8723,71.59,0.5879,Waning Gibbous,False
2025-10-12,18:11:00,19.723,Civil Twilight,-0.1991,262.1546,-52.8506,9.1005,79.8813,71.6,0.5878,Waning Gibbous,False
2025-10-12,18:12:00,18.8918,Civil Twilight,-0.4436,262.1947,-52.814,9.4412,79.8903,71.6,0.5878,Waning Gibbous,False
2025-10-12,18:13:00,18.0605,Civil Twilight,-0.6881,262.2347,-52.776,9.7813,79.8992,71.61,0.5877,Waning Gibbous,False
2025-10-12,18:14:00,17.2292,Civil Twilight,-0.9326,262.2745,-52.7367,10.1206,79.9082,71.62,0.5876,Waning Gibbous,False
2025-10-12,18:15:00,16.3977,Civil Twilight,-1.1771,262.3143,-52.696,10.4592,79.9172,71.63,0.5875,Waning Gibbous,False
2025-10-12,18:16:00,15.5662,Civil Twilight,-1.4217,262.3538,-52.654,10.7971,79.9261,71.63,0.5875,Waning Gibbous,False
2025-10-12,18:17:00,14.7346,Civil Twilight,-1.6663,262.3933,-52.6106,11.1341,79.9351,71.64,0.5874,Waning Gibbous,False
2025-10-12,18:18:00,13.9029,Civil Twilight,-1.9109,262.4326,-52.5659,11.4703,79.944,71.65,0.5873,Waning Gibbous,False
2025-10-12,18:19:00,13.0712,Civil Twilight,-2.1555,262.4717,-52.5198,11.8057,79.953,71.66,0.5872,Waning Gibbous,False
2025-10-12,18:20:00,12.2394,Civil Twilight,-2.4002,262.5108,-52.4724,12.1403,79.962,71.66,0.5872,Waning Gibbous,False
2025-10-12,18:21:00,11.4075,Civil Twilight,-2.6449,262.5497,-52.4236,12.474,79.9709,71.67,0.5871,Waning Gibbous,False
2025-10-12,18:22:00,10.5755,Civil Twilight,-2.8896,262.5884,-52.3735,12.8067,79.9799,71.68,0.587,Waning Gibbous,False
2025-10-12,18:23:00,9.7435,Civil Twilight,-3.1343,262.6271,-52.3221,13.1386,79.9889,71.69,0.5869,Waning Gibbous,False
2025-10-12,18:24:00,8.9113,Civil Twilight,-3.379,262.6656,-52.2694,13.4695,79.9978,71.7,0.5868,Waning Gibbous,False
2025-10-12,18:25:00,8.0792,Civil Twilight,-3.6238,262.704,-52.2154,13.7995,80.0068,71.7,0.5868,Waning Gibbous,False
2025-10-12,18:26:00,7.2469,Civil Twilight,-3.8686,262.7423,-52.1601,14.1285,80.0157,71.71,0.5867,Waning Gibbous,False
2025-10-12,18:27:00,6.4146,Civil Twilight,-4.1134,262.7804,-52.1034,14.4565,80.0247,71.72,0.5866,Waning Gibbous,False
2025-10-12,18:28:00,5.5822,Civil Twilight,-4.3582,262.8185,-52.0455,14.7835,80.0337,71.73,0.5865,Waning Gibbous,False
2025-10-12,18:29:00,4.7497,Civil Twilight,-4.603,262.8564,-51.9863,15.1095,80.0426,71.73,0.5865,Waning Gibbous,False
2025-10-12,18:30:00,3.9172,Civil Twilight,-4.8479,262.8941,-51.9258,15.4344,80.0516,71.74,0.5864,Waning Gibbous,False
2025-10-12,18:31:00,3.0846,Civil Twilight,-5.0928,262.9318,-51.864,15.7582,80.0606,71.75,0.5863,Waning Gibbous,False
2025-10-12,18:32:00,2.2519,Civil Twilight,-5.3377,262.9694,-51.801,16.081,80.0695,71.76,0.5862,Waning Gibbous,False
2025-10-12,18:33:00,1.4192,Civil Twilight,-5.5826,263.0068,-51.7367,16.4026,80.0785,71.76,0.5861,Waning Gibbous,False
2025-10-12,18:34:00,0.5864,Civil Twilight,-5.8275,263.0441,-51.6711,16.7232,80.0874,71.77,0.5861,Waning Gibbous,False
2025-10-12,18:35:00,0.5928,Nautical Twilight,-6.0725,263.0813,-51.6043,17.0426,80.0964,71.78,0.586,Waning Gibbous,False
2025-10-12,18:36:00,0.5683,Nautical Twilight,-6.3175,263.1184,-51.5362,17.3609,80.1054,71.79,0.5859,Waning Gibbous,False
2025-10-12,18:37:00,0.5438,Nautical Twilight,-6.5625,263.1554,-51.4669,17.678,80.1143,71.79,0.5858,Waning Gibbous,False
2025-10-12,18:38:00,0.5193,Nautical Twilight,-6.8075,263.1923,-51.3964,17.9939,80.1233,71.8,0.5858,Waning Gibbous,False
2025-10-12,18:39:00,0.4947,Nautical Twilight,-7.0525,263.2291,-51.3246,18.3086,80.1322,71.81,0.5857,Waning Gibbous,False
2025-10-12,18:40:00,0.4702,Nautical Twilight,-7.2976,263.2657,-51.2517,18.6221,80.1412,71.82,0.5856,Waning Gibbous,False
2025-10-12,18:41:00,0.4457,Nautical Twilight,-7.5427,263.3023,-51.1775,18.9345,80.1502,71.83,0.5855,Waning Gibbous,False
2025-10-12,18:42:00,0.4212,Nautical Twilight,-7.7877,263.3388,-51.1021,19.2455,80.1591,71.83,0.5855,Waning Gibbous,False
2025-10-12,18:43:00,0.3967,Nautical Twilight,-8.0329,263.3751,-51.0255,19.5554,80.1681,71.84,0.5854,Waning Gibbous,False
2025-10-12,18:44:00,0.3722,Nautical Twilight,-8.278,263.4113,-50.9477,19.8639,80.177,71.85,0.5853,Waning Gibbous,False
2025-10-12,18:45:00,0.3477,Nautical Twilight,-8.5231,263.4475,-50.8688,20.1713,80.186,71.86,0.5852,Waning Gibbous,False
2025-10-12,18:46:00,0.3232,Nautical Twilight,-8.7683,263.4835,-50.7886,20.4773,80.1949,71.86,0.5851,Waning Gibbous,False
2025-10-12,18:47:00,0.2987,Nautical Twilight,-9.0135,263.5195,-50.7073,20.782,80.2039,71.87,0.5851,Waning Gibbous,False
2025-10-12,18:48:00,0.2741,Nautical Twilight,-9.2587,263.5553,-50.6249,21.0855,80.2129,71.88,0.585,Waning Gibbous,False
2025-10-12,18:49:00,0.2496,Nautical Twilight,-9.5039,263.5911,-50.5412,21.3876,80.2218,71.89,0.5849,Waning Gibbous,False
2025-10-12,18:50:00,0.2251,Nautical Twilight,-9.7491,263.6267,-50.4565,21.6884,80.2308,71.89,0.5848,Waning Gibbous,False
2025-10-12,18:51:00,0.2006,Nautical Twilight,-9.9944,263.6623,-50.3705,21.9879,80.2397,71.9,0.5848,Waning Gibbous,False
2025-10-12,18:52:00,0.176,Nautical Twilight,-10.2396,263.6978,-50.2835,22.286,80.2487,71.91,0.5847,Waning Gibbous,False
2025-10-12,18:53:00,0.1515,Nautical Twilight,-10.4849,263.7331,-50.1953,22.5828,80.2577,71.92,0.5846,Waning Gibbous,False
2025-10-12,18:54:00,0.127,Nautical Twilight,-10.7302,263.7684,-50.106,22.8782,80.2666,71.92,0.5845,Waning Gibbous,True
2025-10-12,18:55:00,0.1024,Nautical Twilight,-10.9755,263.8036,-50.0156,23.1722,80.2756,71.93,0.5845,Waning Gibbous,True
2025-10-12,18:56:00,0.0779,Nautical Twilight,-11.2208,263.8387,-49.9241,23.4649,80.2845,71.94,0.5844,Waning Gibbous,True
2025-10-12,18:57:00,0.0534,Nautical Twilight,-11.4662,263.8737,-49.8315,23.7562,80.2935,71.95,0.5843,Waning Gibbous,True
2025-10-12,18:58:00,0.0288,Nautical Twilight,-11.7115,263.9087,-49.7378,24.0462,80.3024,71.96,0.5842,Waning Gibbous,True
2025-10-12,18:59:00,0.0043,Nautical Twilight,-11.9569,263.9435,-49.6431,24.3347,80.3114,71.96,0.5841,Waning Gibbous,True
2025-10-12,19:00:00,0.0058,Astronomical Twilight,-12.2023,263.9783,-49.5472,24.6218,80.3203,71.97,0.5841,Waning Gibbous,True
2025-10-12,19:01:00,0.0056,Astronomical Twilight,-12.4477,264.0129,-49.4503,24.9075,80.3293,71.98,0.584,Waning Gibbous,True
2025-10-12,19:02:00,0.0053,Astronomical Twilight,-12.6932,264.0475,-49.3523,25.1918,80.3383,71.99,0.5839,Waning Gibbous,True
2025-10-12,19:03:00,0.0051,Astronomical Twilight,-12.9386,264.082,-49.2533,25.4747,80.3472,71.99,0.5838,Waning Gibbous,True
2025-10-12,19:04:00,0.0048,Astronomical Twilight,-13.184,264.1165,-49.1533,25.7562,80.3562,72.0,0.5838,Waning Gibbous,True
2025-10-12,19:05:00,0.0046,Astronomical Twilight,-13.4295,264.1508,-49.0522,26.0362,80.3651,72.01,0.5837,Waning Gibbous,True
2025-10-12,19:06:00,0.0043,Astronomical Twilight,-13.675,264.1851,-48.95,26.3148,80.3741,72.02,0.5836,Waning Gibbous,True
2025-10-12,19:07:00,0.0041,Astronomical Twilight,-13.9205,264.2193,-48.8469,26.592,80.383,72.02,0.5835,Waning Gibbous,True
2025-10-12,19:08:00,0.0038,Astronomical Twilight,-14.166,264.2534,-48.7427,26.8678,80.392,72.03,0.5835,Waning Gibbous,True
2025-10-12,19:09:00,0.0036,Astronomical Twilight,-14.4115,264.2874,-48.6376,27.1421,80.4009,72.04,0.5834,Waning Gibbous,True
2025-10-12,19:10:00,0.0033,Astronomical Twilight,-14.6571,264.3214,-48.5314,27.4149,80.4099,72.05,0.5833,Waning Gibbous,True
2025-10-12,19:11:00,0.0031,Astronomical Twilight,-14.9026,264.3552,-48.4243,27.6863,80.4188,72.05,0.5832,Waning Gibbous,True
2025-10-12,19:12:00,0.0029,Astronomical Twilight,-15.1482,264.3891,-48.3161,27.9563,80.4278,72.06,0.5831,Waning Gibbous,True
2025-10-12,19:13:00,0.0026,Astronomical Twilight,-15.3938,264.4228,-48.207,28.2248,80.4368,72.07,0.5831,Waning Gibbous,True
2025-10-12,19:14:00,0.0024,Astronomical Twilight,-15.6394,264.4565,-48.097,28.4919,80.4457,72.08,0.583,Waning Gibbous,True
2025-10-12,19:15:00,0.0021,Astronomical Twilight,-15.885,264.4901,-47.9859,28.7575,80.4547,72.09,0.5829,Waning Gibbous,True
2025-10-12,19:16:00,0.0019,Astronomical Twilight,-16.1306,264.5236,-47.8739,29.0216,80.4636,72.09,0.5828,Waning Gibbous,True
2025-10-12,19:17:00,0.0016,Astronomical Twilight,-16.3763,264.5571,-47.761,29.2843,80.4726,72.1,0.5828,Waning Gibbous,True
2025-10-12,19:18:00,0.0014,Astronomical Twilight,-16.6219,264.5905,-47.6471,29.5456,80.4815,72.11,0.5827,Waning Gibbous,True
2025-10-12,19:19:00,0.0011,Astronomical Twilight,-16.8676,264.6238,-47.5323,29.8053,80.4905,72.12,0.5826,Waning Gibbous,True
2025-10-12,19:20:00,0.0009,Astronomical Twilight,-17.1133,264.657,-47.4166,30.0637,80.4994,72.12,0.5825,Waning Gibbous,True
2025-10-12,19:21:00,0.0006,Astronomical Twilight,-17.359,264.6902,-47.3,30.3205,80.5084,72.13,0.5825,Waning Gibbous,True
2025-10-12,19:22:00,0.0004,Astronomical Twilight,-17.6047,264.7234,-47.1824,30.576,80.5173,72.14,0.5824,Waning Gibbous,True
2025-10-12,19:23:00,0.0001,Astronomical Twilight,-17.8504,264.7565,-47.064,30.8299,80.5263,72.15,0.5823,Waning Gibbous,True
2025-10-12,19:24:00,0.0,Moonless Night,-18.0961,264.7895,-46.9447,31.0824,80.5352,72.15,0.5822,Waning Gibbous,True
2025-10-12,19:25:00,0.0,Moonless Night,-18.3419,264.8224,-46.8244,31.3335,80.5442,72.16,0.5821,Waning Gibbous,True
2025-10-12,19:26:00,0.0,Moonless Night,-18.5876,264.8553,-46.7033,31.5831,80.5531,72.17,0.5821,Waning Gibbous,True
2025-10-12,19:27:00,0.0,Moonless Night,-18.8334,264.8881,-46.5814,31.8312,80.5621,72.18,0.582,Waning Gibbous,True
2025-10-12,19:28:00,0.0,Moonless Night,-19.0792,264.9209,-46.4585,32.0779,80.571,72.18,0.5819,Waning Gibbous,True
2025-10-12,19:29:00,0.0,Moonless Night,-19.325,264.9536,-46.3348,32.3232,80.58,72.19,0.5818,Waning Gibbous,True
2025-10-12,19:30:00,0.0,Moonless Night,-19.5708,264.9863,-46.2103,32.567,80.5889,72.2,0.5818,Waning Gibbous,True
2025-10-12,19:31:00,0.0,Moonless Night,-19.8166,265.0189,-46.0849,32.8094,80.5979,72.21,0.5817,Waning Gibbous,True
2025-10-12,19:32:00,0.0,Moonless Night,-20.0624,265.0515,-45.9587,33.0503,80.6068,72.21,0.5816,Waning Gibbous,True
2025-10-12,19:33:00,0.0,Moonless Night,-20.3083,265.084,-45.8317,33.2898,80.6158,72.22,0.5815,Waning Gibbous,True
2025-10-12,19:34:00,0.0,Moonless Night,-20.5541,265.1164,-45.7038,33.5278,80.6247,72.23,0.5814,Waning Gibbous,True
2025-10-12,19:35:00,0.0,Moonless Night,-20.8,265.1488,-45.5751,33.7645,80.6337,72.24,0.5814,Waning Gibbous,True
2025-10-12,19:36:00,0.0,Moonless Night,-21.0459,265.1811,-45.4456,33.9996,80.6426,72.25,0.5813,Waning Gibbous,True
2025-10-12,19:37:00,0.0,Moonless Night,-21.2918,265.2134,-45.3153,34.2334,80.6516,72.25,0.5812,Waning Gibbous,True
2025-10-12,19:38:00,0.0,Moonless Night,-21.5377,265.2457,-45.1843,34.4658,80.6605,72.26,0.5811,Waning Gibbous,True
2025-10-12,19:39:00,0.0,Moonless Night,-21.7836,265.2779,-45.0524,34.6967,80.6695,72.27,0.5811,Waning Gibbous,True
2025-10-12,19:40:00,0.0,Moonless Night,-22.0295,265.3101,-44.9197,34.9262,80.6784,72.28,0.581,Waning Gibbous,True
2025-10-12,19:41:00,0.0,Moonless Night,-22.2755,265.3422,-44.7863,35.1543,80.6874,72.28,0.5809,Waning Gibbous,True
2025-10-12,19:42:00,0.0,Moonless Night,-22.5214,265.3742,-44.6521,35.381,80.6963,72.29,0.5808,Waning Gibbous,True
2025-10-12,19:43:00,0.0,Moonless Night,-22.7674,265.4063,-44.5172,35.6063,80.7053,72.3,0.5808,Waning Gibbous,True
2025-10-12,19:44:00,0.0,Moonless Night,-23.0133,265.4382,-44.3815,35.8302,80.7142,72.31,0.5807,Waning Gibbous,True
2025-10-12,19:45:00,0.0,Moonless Night,-23.2593,265.4702,-44.2451,36.0527,80.7232,72.31,0.5806,Waning Gibbous,True
2025-10-12,19:46:00,0.0,Moonless Night,-23.5053,265.5021,-44.1079,36.2738,80.7321,72.32,0.5805,Waning Gibbous,True
2025-10-12,19:47:00,0.0,Moonless Night,-23.7513,265.5339,-43.97,36.4936,80.7411,72.33,0.5804,Waning Gibbous,True
2025-10-12,19:48:00,0.0,Moonless Night,-23.9973,265.5657,-43.8313,36.7119,80.75,72.34,0.5804,Waning Gibbous,True
2025-10-12,19:49:00,0.0,Moonless Night,-24.2433,265.5975,-43.692,36.9289,80.759,72.34,0.5803,Waning Gibbous,True
2025-10-12,19:50:00,0.0,Moonless Night,-24.4894,265.6293,-43.5519,37.1445,80.7679,72.35,0.5802,Waning Gibbous,True
2025-10-12,19:51:00,0.0,Moonless Night,-24.7354,265.661,-43.4111,37.3588,80.7769,72.36,0.5801,Waning Gibbous,True
2025-10-12,19:52:00,0.0,Moonless Night,-24.9815,265.6927,-43.2697,37.5717,80.7858,72.37,0.5801,Waning Gibbous,True
2025-10-12,19:53:00,0.0,Moonless Night,-25.2275,265.7243,-43.1275,37.7832,80.7948,72.37,0.58,Waning Gibbous,True
2025-10-12,19:54:00,0.0,Moonless Night,-25.4736,265.7559,-42.9846,37.9934,80.8037,72.38,0.5799,Waning Gibbous,True
2025-10-12,19:55:00,0.0,Moonless Night,-25.7197,265.7875,-42.8411,38.2023,80.8126,72.39,0.5798,Waning Gibbous,True
2025-10-12,19:56:00,0.0,Moonless Night,-25.9658,265.819,-42.6969,38.4098,80.8216,72.4,0.5798,Waning Gibbous,True
2025-10-12,19:57:00,0.0,Moonless Night,-26.2119,265.8505,-42.552,38.616,80.8305,72.4,0.5797,Waning Gibbous,True
2025-10-12,19:58:00,0.0,Moonless Night,-26.458,265.882,-42.4064,38.8208,80.8395,72.41,0.5796,Waning Gibbous,True
2025-10-12,19:59:00,0.0,Moonless Night,-26.7041,265.9135,-42.2602,39.0244,80.8484,72.42,0.5795,Waning Gibbous,True
2025-10-12,20:00:00,0.0,Moonless Night,-26.9502,265.9449,-42.1134,39.2266,80.8574,72.43,0.5794,Waning Gibbous,True
2025-10-12,20:01:00,0.0,Moonless Night,-27.1964,265.9763,-41.9659,39.4275,80.8663,72.43,0.5794,Waning Gibbous,True
2025-10-12,20:02:00,0.0,Moonless Night,-27.4425,266.0077,-41.8177,39.6271,80.8753,72.44,0.5793,Waning Gibbous,True
2025-10-12,20:03:00,0.0,Moonless Night,-27.6887,266.039,-41.6689,39.8254,80.8842,72.45,0.5792,Waning Gibbous,True
2025-10-12,20:04:00,0.0,Moonless Night,-27.9349,266.0703,-41.5195,40.0225,80.8932,72.46,0.5791,Waning Gibbous,True
2025-10-12,20:05:00,0.0,Moonless Night,-28.181,266.1016,-41.3695,40.2182,80.9021,72.47,0.5791,Waning Gibbous,True
2025-10-12,20:06:00,0.0,Moonless Night,-28.4272,266.1329,-41.2189,40.4127,80.911,72.47,0.579,Waning Gibbous,True
2025-10-12,20:07:00,0.0,Moonless Night,-28.6734,266.1642,-41.0676,40.6059,80.92,72.48,0.5789,Waning Gibbous,True
2025-10-12,20:08:00,0.0,Moonless Night,-28.9196,266.1954,-40.9158,40.7979,80.9289,72.49,0.5788,Waning Gibbous,True
2025-10-12,20:09:00,0.0,Moonless Night,-29.1658,266.2267,-40.7633,40.9886,80.9379,72.5,0.5788,Waning Gibbous,True
2025-10-12,20:10:00,0.0,Moonless Night,-29.4121,266.2579,-40.6102,41.178,80.9468,72.5,0.5787,Waning Gibbous,True
2025-10-12,20:11:00,0.0,Moonless Night,-29.6583,266.2891,-40.4566,41.3662,80.9558,72.51,0.5786,Waning Gibbous,True
2025-10-12,20:12:00,0.0,Moonless Night,-29.9045,266.3202,-40.3024,41.5531,80.9647,72.52,0.5785,Waning Gibbous,True
2025-10-12,20:13:00,0.0,Moonless Night,-30.1508,266.3514,-40.1476,41.7389,80.9736,72.53,0.5784,Waning Gibbous,True
2025-10-12,20:14:00,0.0,Moonless Night,-30.397,266.3825,-39.9922,41.9234,80.9826,72.53,0.5784,Waning Gibbous,True
2025-10-12,20:15:00,0.0,Moonless Night,-30.6433,266.4137,-39.8362,42.1066,80.9915,72.54,0.5783,Waning Gibbous,True
2025-10-12,20:16:00,0.0,Moonless Night,-30.8896,266.4448,-39.6797,42.2887,81.0005,72.55,0.5782,Waning Gibbous,True
2025-10-12,20:17:00,0.0,Moonless Night,-31.1358,266.4759,-39.5226,42.4696,81.0094,72.56,0.5781,Waning Gibbous,True
2025-10-12,20:18:00,0.0,Moonless Night,-31.3821,266.507,-39.365,42.6492,81.0184,72.56,0.5781,Waning Gibbous,True
2025-10-12,20:19:00,0.0,Moonless Night,-31.6284,266.5381,-39.2069,42.8277,81.0273,72.57,0.578,Waning Gibbous,True
2025-10-12,20:20:00,0.0,Moonless Night,-31.8747,266.5692,-39.0481,43.005,81.0362,72.58,0.5779,Waning Gibbous,True
2025-10-12,20:21:00,0.0,Moonless Night,-32.121,266.6003,-38.8889,43.1811,81.0452,72.59,0.5778,Waning Gibbous,True
2025-10-12,20:22:00,0.0,Moonless Night,-32.3674,266.6314,-38.7291,43.356,81.0541,72.59,0.5778,Waning Gibbous,True
2025-10-12,20:23:00,0.0,Moonless Night,-32.6137,266.6625,-38.5688,43.5298,81.0631,72.6,0.5777,Waning Gibbous,True
2025-10-12,20:24:00,0.0,Moonless Night,-32.86,266.6935,-38.408,43.7024,81.072,72.61,0.5776,Waning Gibbous,True
2025-10-12,20:25:00,0.0,Moonless Night,-33.1064,266.7246,-38.2466,43.8739,81.0809,72.62,0.5775,Waning Gibbous,True
2025-10-12,20:26:00,0.0,Moonless Night,-33.3527,266.7557,-38.0848,44.0442,81.0899,72.62,0.5774,Waning Gibbous,True
2025-10-12,20:27:00,0.0,Moonless Night,-33.5991,266.7868,-37.9224,44.2133,81.0988,72.63,0.5774,Waning Gibbous,True
2025-10-12,20:28:00,0.0,Moonless Night,-33.8455,266.8178,-37.7595,44.3814,81.1078,72.64,0.5773,Waning Gibbous,True
2025-10-12,20:29:00,0.0,Moonless Night,-34.0918,266.8489,-37.5962,44.5483,81.1167,72.65,0.5772,Waning Gibbous,True
2025-10-12,20:30:00,0.0,Moonless Night,-34.3382,266.88,-37.4323,44.7141,81.1256,72.65,0.5771,Waning Gibbous,True
2025-10-12,20:31:00,0.0,Moonless Night,-34.5846,266.9111,-37.268,44.8788,81.1346,72.66,0.5771,Waning Gibbous,True
2025-10-12,20:32:00,0.0,Moonless Night,-34.831,266.9422,-37.1031,45.0424,81.1435,72.67,0.577,Waning Gibbous,True
2025-10-12,20:33:00,0.0,Moonless Night,-35.0774,266.9733,-36.9378,45.2049,81.1525,72.68,0.5769,Waning Gibbous,True
2025-10-12,20:34:00,0.0,Moonless Night,-35.3238,267.0044,-36.772,45.3663,81.1614,72.68,0.5768,Waning Gibbous,True
2025-10-12,20:35:00,0.0,Moonless Night,-35.5702,267.0355,-36.6057,45.5266,81.1703,72.69,0.5767,Waning Gibbous,True
2025-10-12,20:36:00,0.0,Moonless Night,-35.8166,267.0667,-36.439,45.6858,81.1793,72.7,0.5767,Waning Gibbous,True
2025-10-12,20:37:00,0.0,Moonless Night,-36.0631,267.0978,-36.2718,45.8439,81.1882,72.71,0.5766,Waning Gibbous,True
2025-10-12,20:38:00,0.0,Moonless Night,-36.3095,267.129,-36.1042,46.001,81.1972,72.71,0.5765,Waning Gibbous,True
2025-10-12,20:39:00,0.0,Moonless Night,-36.5559,267.1602,-35.936,46.1571,81.2061,72.72,0.5764,Waning Gibbous,True
2025-10-12,20:40:00,0.0,Moonless Night,-36.8024,267.1914,-35.7675,46.3121,81.215,72.73,0.5764,Waning Gibbous,True
2025-10-12,20:41:00,0.0,Moonless Night,-37.0488,267.2226,-35.5985,46.466,81.224,72.74,0.5763,Waning Gibbous,True
2025-10-12,20:42:00,0.0,Moonless Night,-37.2953,267.2538,-35.429,46.6189,81.2329,72.74,0.5762,Waning Gibbous,True
2025-10-12,20:43:00,0.0,Moonless Night,-37.5418,267.2851,-35.2591,46.7707,81.2418,72.75,0.5761,Waning Gibbous,True
2025-10-12,20:44:00,0.0,Moonless Night,-37.7883,267.3164,-35.0888,46.9216,81.2508,72.76,0.5761,Waning Gibbous,True
2025-10-12,20:45:00,0.0,Moonless Night,-38.0347,267.3477,-34.9181,47.0714,81.2597,72.77,0.576,Waning Gibbous,True
2025-10-12,20:46:00,0.0,Moonless Night,-38.2812,267.379,-34.7469,47.2202,81.2687,72.77,0.5759,Waning Gibbous,True
2025-10-12,20:47:00,0.0,Moonless Night,-38.5277,267.4103,-34.5753,47.368,81.2776,72.78,0.5758,Waning Gibbous,True
2025-10-12,20:48:00,0.0,Moonless Night,-38.7742,267.4417,-34.4033,47.5148,81.2865,72.79,0.5757,Waning Gibbous,True
2025-10-12,20:49:00,0.0,Moonless Night,-39.0207,267.4731,-34.2308,47.6606,81.2955,72.8,0.5757,Waning Gibbous,True
2025-10-12,20:50:00,0.0,Moonless Night,-39.2672,267.5046,-34.058,47.8054,81.3044,72.8,0.5756,Waning Gibbous,True
2025-10-12,20:51:00,0.0,Moonless Night,-39.5137,267.536,-33.8847,47.9493,81.3133,72.81,0.5755,Waning Gibbous,True
2025-10-12,20:52:00,0.0,Moonless Night,-39.7603,267.5675,-33.7111,48.0921,81.3223,72.82,0.5754,Waning Gibbous,True
2025-10-12,20:53:00,0.0,Moonless Night,-40.0068,267.5991,-33.537,48.234,81.3312,72.83,0.5754,Waning Gibbous,True
2025-10-12,20:54:00,0.0,Moonless Night,-40.2533,267.6307,-33.3626,48.3749,81.3402,72.84,0.5753,Waning Gibbous,True
2025-10-12,20:55:00,0.0,Moonless Night,-40.4999,267.6623,-33.1877,48.5149,81.3491,72.84,0.5752,Waning Gibbous,True
2025-10-12,20:56:00,0.0,Moonless Night,-40.7464,267.6939,-33.0125,48.6539,81.358,72.85,0.5751,Waning Gibbous,True
2025-10-12,20:57:00,0.0,Moonless Night,-40.993,267.7256,-32.8369,48.792,81.367,72.86,0.5751,Waning Gibbous,True
2025-10-12,20:58:00,0.0,Moonless Night,-41.2395,267.7574,-32.6609,48.9292,81.3759,72.87,0.575,Waning Gibbous,True
2025-10-12,20:59:00,0.0,Moonless Night,-41.4861,267.7892,-32.4845,49.0654,81.3848,72.87,0.5749,Waning Gibbous,True
2025-10-12,21:00:00,0.0,Moonless Night,-41.7326,267.821,-32.3077,49.2007,81.3938,72.88,0.5748,Waning Gibbous,True
2025-10-12,21:01:00,0.0,Moonless Night,-41.9792,267.8529,-32.1306,49.335,81.4027,72.89,0.5747,Waning Gibbous,True
2025-10-12,21:02:00,0.0,Moonless Night,-42.2258,267.8848,-31.9531,49.4685,81.4116,72.9,0.5747,Waning Gibbous,True
2025-10-12,21:03:00,0.0,Moonless Night,-42.4724,267.9168,-31.7753,49.601,81.4206,72.9,0.5746,Waning Gibbous,True
2025-10-12,21:04:00,0.0,Moonless Night,-42.719,267.9489,-31.5971,49.7326,81.4295,72.91,0.5745,Waning Gibbous,True
2025-10-12,21:05:00,0.0,Moonless Night,-42.9655,267.981,-31.4185,49.8634,81.4384,72.92,0.5744,Waning Gibbous,True
2025-10-12,21:06:00,0.0,Moonless Night,-43.2121,268.0131,-31.2395,49.9932,81.4474,72.93,0.5744,Waning Gibbous,True
2025-10-12,21:07:00,0.0,Moonless Night,-43.4587,268.0453,-31.0603,50.1222,81.4563,72.93,0.5743,Waning Gibbous,True
2025-10-12,21:08:00,0.0,Moonless Night,-43.7053,268.0776,-30.8806,50.2503,81.4652,72.94,0.5742,Waning Gibbous,True
2025-10-12,21:09:00,0.0,Moonless Night,-43.952,268.1099,-30.7006,50.3775,81.4742,72.95,0.5741,Waning Gibbous,True
2025-10-12,21:10:00,0.0,Moonless Night,-44.1986,268.1423,-30.5203,50.5039,81.4831,72.96,0.5741,Waning Gibbous,True
2025-10-12,21:11:00,0.0,Moonless Night,-44.4452,268.1748,-30.3397,50.6294,81.492,72.96,0.574,Waning Gibbous,True
2025-10-12,21:12:00,0.0,Moonless Night,-44.6918,268.2073,-30.1587,50.754,81.501,72.97,0.5739,Waning Gibbous,True
2025-10-12,21:13:00,0.0,Moonless Night,-44.9384,268.24,-29.9773,50.8778,81.5099,72.98,0.5738,Waning Gibbous,True
2025-10-12,21:14:00,0.0,Moonless Night,-45.1851,268.2726,-29.7957,51.0007,81.5188,72.99,0.5737,Waning Gibbous,True
2025-10-12,21:15:00,0.0,Moonless Night,-45.4317,268.3054,-29.6137,51.1228,81.5278,72.99,0.5737,Waning Gibbous,True
2025-10-12,21:16:00,0.0,Moonless Night,-45.6783,268.3382,-29.4314,51.2441,81.5367,73.0,0.5736,Waning Gibbous,True
2025-10-12,21:17:00,0.0,Moonless Night,-45.925,268.3712,-29.2487,51.3645,81.5456,73.01,0.5735,Waning Gibbous,True
2025-10-12,21:18:00,0.0,Moonless Night,-46.1716,268.4042,-29.0658,51.4841,81.5546,73.02,0.5734,Waning Gibbous,True
2025-10-12,21:19:00,0.0,Moonless Night,-46.4183,268.4372,-28.8825,51.6029,81.5635,73.02,0.5734,Waning Gibbous,True
2025-10-12,21:20:00,0.0,Moonless Night,-46.6649,268.4704,-28.6989,51.7209,81.5724,73.03,0.5733,Waning Gibbous,True
2025-10-12,21:21:00,0.0,Moonless Night,-46.9116,268.5037,-28.515,51.8381,81.5813,73.04,0.5732,Waning Gibbous,True
2025-10-12,21:22:00,0.0,Moonless Night,-47.1583,268.537,-28.3308,51.9545,81.5903,73.05,0.5731,Waning Gibbous,True
2025-10-12,21:23:00,0.0,Moonless Night,-47.4049,268.5705,-28.1463,52.0701,81.5992,73.05,0.573,Waning Gibbous,True
2025-10-12,21:24:00,0.0,Moonless Night,-47.6516,268.604,-27.9615,52.1848,81.6081,73.06,0.573,Waning Gibbous,True
2025-10-12,21:25:00,0.0,Moonless Night,-47.8983,268.6377,-27.7764,52.2988,81.6171,73.07,0.5729,Waning Gibbous,True
2025-10-12,21:26:00,0.0,Moonless Night,-48.145,268.6714,-27.591,52.4121,81.626,73.08,0.5728,Waning Gibbous,True
2025-10-12,21:27:00,0.0,Moonless Night,-48.3916,268.7053,-27.4053,52.5245,81.6349,73.08,0.5727,Waning Gibbous,True
2025-10-12,21:28:00,0.0,Moonless Night,-48.6383,268.7392,-27.2193,52.6362,81.6439,73.09,0.5727,Waning Gibbous,True
2025-10-12,21:29:00,0.0,Moonless Night,-48.885,268.7733,-27.0331,52.7471,81.6528,73.1,0.5726,Waning Gibbous,True
2025-10-12,21:30:00,0.0,Moonless Night,-49.1317,268.8075,-26.8465,52.8572,81.6617,73.11,0.5725,Waning Gibbous,True
2025-10-12,21:31:00,0.0,Moonless Night,-49.3784,268.8418,-26.6596,52.9666,81.6706,73.11,0.5724,Waning Gibbous,True
2025-10-12,21:32:00,0.0,Moonless Night,-49.6251,268.8762,-26.4725,53.0753,81.6796,73.12,0.5724,Waning Gibbous,True
2025-10-12,21:33:00,0.0,Moonless Night,-49.8718,268.9108,-26.2851,53.1832,81.6885,73.13,0.5723,Waning Gibbous,True
2025-10-12,21:34:00,0.0,Moonless Night,-50.1185,268.9454,-26.0974,53.2903,81.6974,73.14,0.5722,Waning Gibbous,True
2025-10-12,21:35:00,0.0,Moonless Night,-50.3652,268.9802,-25.9095,53.3967,81.7064,73.14,0.5721,Waning Gibbous,True
2025-10-12,21:36:00,0.0,Moonless Night,-50.6119,269.0152,-25.7212,53.5024,81.7153,73.15,0.572,Waning Gibbous,True
2025-10-12,21:37:00,0.0,Moonless Night,-50.8586,269.0502,-25.5327,53.6074,81.7242,73.16,0.572,Waning Gibbous,True
2025-10-12,21:38:00,0.0,Moonless Night,-51.1053,269.0854,-25.344,53.7116,81.7331,73.17,0.5719,Waning Gibbous,True
2025-10-12,21:39:00,0.0,Moonless Night,-51.352,269.1208,-25.1549,53.8151,81.7421,73.17,0.5718,Waning Gibbous,True
2025-10-12,21:40:00,0.0,Moonless Night,-51.5987,269.1563,-24.9656,53.9179,81.751,73.18,0.5717,Waning Gibbous,True
2025-10-12,21:41:00,0.0,Moonless Night,-51.8455,269.1919,-24.7761,54.02,81.7599,73.19,0.5717,Waning Gibbous,True
2025-10-12,21:42:00,0.0,Moonless Night,-52.0922,269.2277,-24.5863,54.1214,81.7689,73.2,0.5716,Waning Gibbous,True
2025-10-12,21:43:00,0.0,Moonless Night,-52.3389,269.2637,-24.3962,54.2221,81.7778,73.2,0.5715,Waning Gibbous,True
2025-10-12,21:44:00,0.0,Moonless Night,-52.5856,269.2998,-24.2059,54.3221,81.7867,73.21,0.5714,Waning Gibbous,True
2025-10-12,21:45:00,0.0,Moonless Night,-52.8323,269.3361,-24.0153,54.4214,81.7956,73.22,0.5714,Waning Gibbous,True
2025-10-12,21:46:00,0.0,Moonless Night,-53.0791,269.3726,-23.8245,54.52,81.8046,73.23,0.5713,Waning Gibbous,True
2025-10-12,21:47:00,0.0,Moonless Night,-53.3258,269.4092,-23.6334,54.6179,81.8135,73.23,0.5712,Waning Gibbous,True
2025-10-12,21:48:00,0.0,Moonless Night,-53.5725,269.446,-23.4421,54.7152,81.8224,73.24,0.5711,Waning Gibbous,True
2025-10-12,21:49:00,0.0,Moonless Night,-53.8193,269.483,-23.2505,54.8118,81.8313,73.25,0.571,Waning Gibbous,True
2025-10-12,21:50:00,0.0,Moonless Night,-54.066,269.5202,-23.0587,54.9077,81.8403,73.25,0.571,Waning Gibbous,True
2025-10-12,21:51:00,0.0,Moonless Night,-54.3127,269.5576,-22.8667,55.0029,81.8492,73.26,0.5709,Waning Gibbous,True
2025-10-12,21:52:00,0.0,Moonless Night,-54.5595,269.5952,-22.6744,55.0975,81.8581,73.27,0.5708,Waning Gibbous,True
2025-10-12,21:53:00,0.0,Moonless Night,-54.8062,269.633,-22.4819,55.1914,81.867,73.28,0.5707,Waning Gibbous,True
2025-10-12,21:54:00,0.0,Moonless Night,-55.0529,269.6709,-22.2892,55.2847,81.876,73.28,0.5707,Waning Gibbous,True
2025-10-12,21:55:00,0.0,Moonless Night,-55.2997,269.7091,-22.0962,55.3773,81.8849,73.29,0.5706,Waning Gibbous,True
2025-10-12,21:56:00,0.0,Moonless Night,-55.5464,269.7476,-21.903,55.4693,81.8938,73.3,0.5705,Waning Gibbous,True
2025-10-12,21:57:00,0.0,Moonless Night,-55.7932,269.7862,-21.7096,55.5606,81.9027,73.31,0.5704,Waning Gibbous,True
2025-10-12,21:58:00,0.0,Moonless Night,-56.0399,269.8251,-21.516,55.6513,81.9117,73.31,0.5703,Waning Gibbous,True
2025-10-12,21:59:00,0.0,Moonless Night,-56.2867,269.8642,-21.3221,55.7414,81.9206,73.32,0.5703,Waning Gibbous,True
2025-10-12,22:00:00,0.0,Moonless Night,-56.5334,269.9035,-21.128,55.8308,81.9295,73.33,0.5702,Waning Gibbous,True
2025-10-12,22:01:00,0.0,Moonless Night,-56.7801,269.9431,-20.9337,55.9196,81.9384,73.34,0.5701,Waning Gibbous,True
2025-10-12,22:02:00,0.0,Moonless Night,-57.0269,269.983,-20.7392,56.0078,81.9474,73.34,0.57,Waning Gibbous,True
2025-10-12,22:03:00,0.0,Moonless Night,-57.2736,270.0231,-20.5444,56.0954,81.9563,73.35,0.57,Waning Gibbous,True
2025-10-12,22:04:00,0.0,Moonless Night,-57.5204,270.0635,-20.3495,56.1823,81.9652,73.36,0.5699,Waning Gibbous,True
2025-10-12,22:05:00,0.0,Moonless Night,-57.7671,270.1042,-20.1543,56.2686,81.9741,73.37,0.5698,Waning Gibbous,True
2025-10-12,22:06:00,0.0,Moonless Night,-58.0138,270.1451,-19.9589,56.3544,81.9831,73.37,0.5697,Waning Gibbous,True
2025-10-12,22:07:00,0.0,Moonless Night,-58.2606,270.1863,-19.7633,56.4395,81.992,73.38,0.5697,Waning Gibbous,True
2025-10-12,22:08:00,0.0,Moonless Night,-58.5073,270.2279,-19.5675,56.524,82.0009,73.39,0.5696,Waning Gibbous,True
2025-10-12,22:09:00,0.0,Moonless Night,-58.7541,270.2697,-19.3715,56.6079,82.0098,73.4,0.5695,Waning Gibbous,True
2025-10-12,22:10:00,0.0,Moonless Night,-59.0008,270.3118,-19.1753,56.6913,82.0187,73.4,0.5694,Waning Gibbous,True
2025-10-12,22:11:00,0.0,Moonless Night,-59.2475,270.3543,-18.9789,56.774,82.0277,73.41,0.5693,Waning Gibbous,True
2025-10-12,22:12:00,0.0,Moonless Night,-59.4943,270.3971,-18.7823,56.8562,82.0366,73.42,0.5693,Waning Gibbous,True
2025-10-12,22:13:00,0.0,Moonless Night,-59.741,270.4403,-18.5856,56.9377,82.0455,73.43,0.5692,Waning Gibbous,True
2025-10-12,22:14:00,0.0,Moonless Night,-59.9878,270.4837,-18.3886,57.0187,82.0544,73.43,0.5691,Waning Gibbous,True
2025-10-12,22:15:00,0.0,Moonless Night,-60.2345,270.5276,-18.1914,57.0991,82.0634,73.44,0.569,Waning Gibbous,True
2025-10-12,22:16:00,0.0,Moonless Night,-60.4812,270.5718,-17.994,57.179,82.0723,73.45,0.569,Waning Gibbous,True
2025-10-12,22:17:00,0.0,Moonless Night,-60.7279,270.6164,-17.7964,57.2582,82.0812,73.46,0.5689,Waning Gibbous,True
2025-10-12,22:18:00,0.0,Moonless Night,-60.9747,270.6614,-17.5987,57.3369,82.0901,73.46,0.5688,Waning Gibbous,True
2025-10-12,22:19:00,0.0,Moonless Night,-61.2214,270.7067,-17.4007,57.4151,82.099,73.47,0.5687,Waning Gibbous,True
2025-10-12,22:20:00,0.0,Moonless Night,-61.4681,270.7525,-17.2026,57.4927,82.108,73.48,0.5687,Waning Gibbous,True
2025-10-12,22:21:00,0.0,Moonless Night,-61.7148,270.7987,-17.0043,57.5697,82.1169,73.49,0.5686,Waning Gibbous,True
2025-10-12,22:22:00,0.0,Moonless Night,-61.9616,270.8453,-16.8058,57.6461,82.1258,73.49,0.5685,Waning Gibbous,True
2025-10-12,22:23:00,0.0,Moonless Night,-62.2083,270.8924,-16.6071,57.7221,82.1347,73.5,0.5684,Waning Gibbous,True
2025-10-12,22:24:00,0.0,Moonless Night,-62.455,270.94,-16.4082,57.7974,82.1436,73.51,0.5683,Waning Gibbous,True
2025-10-12,22:25:00,0.0,Moonless Night,-62.7017,270.988,-16.2092,57.8722,82.1526,73.52,0.5683,Waning Gibbous,True
2025-10-12,22:26:00,0.0,Moonless Night,-62.9484,271.0365,-16.01,57.9465,82.1615,73.52,0.5682,Waning Gibbous,True
2025-10-12,22:27:00,0.0,Moonless Night,-63.1951,271.0855,-15.8106,58.0202,82.1704,73.53,0.5681,Waning Gibbous,True
2025-10-12,22:28:00,0.0,Moonless Night,-63.4418,271.135,-15.611,58.0934,82.1793,73.54,0.568,Waning Gibbous,True
2025-10-12,22:29:00,0.0,Moonless Night,-63.6885,271.185,-15.4112,58.1661,82.1882,73.55,0.568,Waning Gibbous,True
2025-10-12,22:30:00,0.0,Moonless Night,-63.9352,271.2356,-15.2113,58.2382,82.1972,73.55,0.5679,Waning Gibbous,True
2025-10-12,22:31:00,0.0,Moonless Night,-64.1819,271.2868,-15.0113,58.3098,82.2061,73.56,0.5678,Waning Gibbous,True
2025-10-12,22:32:00,0.0,Moonless Night,-64.4285,271.3385,-14.811,58.3809,82.215,73.57,0.5677,Waning Gibbous,True
2025-10-12,22:33:00,0.0,Moonless Night,-64.6752,271.3908,-14.6106,58.4515,82.2239,73.58,0.5677,Waning Gibbous,True
2025-10-12,22:34:00,0.0,Moonless Night,-64.9219,271.4437,-14.41,58.5215,82.2328,73.58,0.5676,Waning Gibbous,True
2025-10-12,22:35:00,0.0,Moonless Night,-65.1685,271.4973,-14.2092,58.591,82.2417,73.59,0.5675,Waning Gibbous,True
2025-10-12,22:36:00,0.0,Moonless Night,-65.4152,271.5515,-14.0083,58.66,82.2507,73.6,0.5674,Waning Gibbous,True
2025-10-12,22:37:00,0.0,Moonless Night,-65.6618,271.6064,-13.8073,58.7285,82.2596,73.6,0.5673,Waning Gibbous,True
2025-10-12,22:38:00,0.0,Moonless Night,-65.9085,271.662,-13.606,58.7965,82.2685,73.61,0.5673,Waning Gibbous,True
2025-10-12,22:39:00,0.0,Moonless Night,-66.1551,271.7183,-13.4046,58.8639,82.2774,73.62,0.5672,Waning Gibbous,True
2025-10-12,22:40:00,0.0,Moonless Night,-66.4017,271.7753,-13.2031,58.9309,82.2863,73.63,0.5671,Waning Gibbous,True
2025-10-12,22:41:00,0.0,Moonless Night,-66.6484,271.8332,-13.0014,58.9974,82.2952,73.63,0.567,Waning Gibbous,True
2025-10-12,22:42:00,0.0,Moonless Night,-66.895,271.8918,-12.7995,59.0633,82.3042,73.64,0.567,Waning Gibbous,True
2025-10-12,22:43:00,0.0,Moonless Night,-67.1416,271.9512,-12.5975,59.1288,82.3131,73.65,0.5669,Waning Gibbous,True
2025-10-12,22:44:00,0.0,Moonless Night,-67.3882,272.0114,-12.3953,59.1938,82.322,73.66,0.5668,Waning Gibbous,True
2025-10-12,22:45:00,0.0,Moonless Night,-67.6348,272.0726,-12.193,59.2582,82.3309,73.66,0.5667,Waning Gibbous,True
2025-10-12,22:46:00,0.0,Moonless Night,-67.8813,272.1346,-11.9905,59.3222,82.3398,73.67,0.5666,Waning Gibbous,True
2025-10-12,22:47:00,0.0,Moonless Night,-68.1279,272.1976,-11.7879,59.3857,82.3487,73.68,0.5666,Waning Gibbous,True
2025-10-12,22:48:00,0.0,Moonless Night,-68.3745,272.2615,-11.5852,59.4487,82.3577,73.69,0.5665,Waning Gibbous,True
2025-10-12,22:49:00,0.0,Moonless Night,-68.621,272.3264,-11.3823,59.5113,82.3666,73.69,0.5664,Waning Gibbous,True
2025-10-12,22:50:00,0.0,Moonless Night,-68.8675,272.3924,-11.1792,59.5733,82.3755,73.7,0.5663,Waning Gibbous,True
2025-10-12,22:51:00,0.0,Moonless Night,-69.1141,272.4595,-10.976,59.6349,82.3844,73.71,0.5663,Waning Gibbous,True
2025-10-12,22:52:00,0.0,Moonless Night,-69.3606,272.5276,-10.7727,59.696,82.3933,73.72,0.5662,Waning Gibbous,True
2025-10-12,22:53:00,0.0,Moonless Night,-69.6071,272.5969,-10.5692,59.7566,82.4022,73.72,0.5661,Waning Gibbous,True
2025-10-12,22:54:00,0.0,Moonless Night,-69.8536,272.6674,-10.3656,59.8167,82.4111,73.73,0.566,Waning Gibbous,True
2025-10-12,22:55:00,0.0,Moonless Night,-70.1,272.7392,-10.1618,59.8764,82.4201,73.74,0.566,Waning Gibbous,True
2025-10-12,22:56:00,0.0,Moonless Night,-70.3465,272.8122,-9.9579,59.9356,82.429,73.75,0.5659,Waning Gibbous,True
2025-10-12,22:57:00,0.0,Moonless Night,-70.5929,272.8866,-9.7539,59.9944,82.4379,73.75,0.5658,Waning Gibbous,True
2025-10-12,22:58:00,0.0,Moonless Night,-70.8393,272.9624,-9.5497,60.0526,82.4468,73.76,0.5657,Waning Gibbous,True
2025-10-12,22:59:00,0.0,Moonless Night,-71.0858,273.0396,-9.3454,60.1104,82.4557,73.77,0.5656,Waning Gibbous,True
2025-10-12,23:00:00,0.0,Moonless Night,-71.3321,273.1183,-9.1409,60.1678,82.4646,73.78,0.5656,Waning Gibbous,True
2025-10-12,23:01:00,0.0,Moonless Night,-71.5785,273.1986,-8.9364,60.2247,82.4735,73.78,0.5655,Waning Gibbous,True
2025-10-12,23:02:00,0.0,Moonless Night,-71.8249,273.2805,-8.7317,60.2811,82.4825,73.79,0.5654,Waning Gibbous,True
2025-10-12,23:03:00,0.0,Moonless Night,-72.0712,273.3641,-8.5268,60.3371,82.4914,73.8,0.5653,Waning Gibbous,True
2025-10-12,23:04:00,0.0,Moonless Night,-72.3175,273.4495,-8.3219,60.3926,82.5003,73.8,0.5653,Waning Gibbous,True
2025-10-12,23:05:00,0.0,Moonless Night,-72.5638,273.5367,-8.1168,60.4477,82.5092,73.81,0.5652,Waning Gibbous,True
2025-10-12,23:06:00,0.0,Moonless Night,-72.8101,273.6259,-7.9116,60.5023,82.5181,73.82,0.5651,Waning Gibbous,True
2025-10-12,23:07:00,0.0,Moonless Night,-73.0563,273.717,-7.7062,60.5565,82.527,73.83,0.565,Waning Gibbous,True
2025-10-12,23:08:00,0.0,Moonless Night,-73.3025,273.8103,-7.5008,60.6102,82.5359,73.83,0.565,Waning Gibbous,True
2025-10-12,23:09:00,0.0,Moonless Night,-73.5487,273.9057,-7.2952,60.6635,82.5448,73.84,0.5649,Waning Gibbous,True
2025-10-12,23:10:00,0.0,Moonless Night,-73.7949,274.0034,-7.0895,60.7164,82.5538,73.85,0.5648,Waning Gibbous,True
2025-10-12,23:11:00,0.0,Moonless Night,-74.041,274.1036,-6.8836,60.7688,82.5627,73.86,0.5647,Waning Gibbous,True
2025-10-12,23:12:00,0.0,Moonless Night,-74.2871,274.2062,-6.6777,60.8207,82.5716,73.86,0.5646,Waning Gibbous,True
2025-10-12,23:13:00,0.0,Moonless Night,-74.5332,274.3115,-6.4716,60.8723,82.5805,73.87,0.5646,Waning Gibbous,True
2025-10-12,23:14:00,0.0,Moonless Night,-74.7792,274.4195,-6.2654,60.9234,82.5894,73.88,0.5645,Waning Gibbous,True
2025-10-12,23:15:00,0.0,Moonless Night,-75.0252,274.5305,-6.0591,60.974,82.5983,73.89,0.5644,Waning Gibbous,True
2025-10-12,23:16:00,0.0,Moonless Night,-75.2711,274.6445,-5.8527,61.0242,82.6072,73.89,0.5643,Waning Gibbous,True
2025-10-12,23:17:00,0.0,Moonless Night,-75.5171,274.7616,-5.6461,61.074,82.6161,73.9,0.5643,Waning Gibbous,True
2025-10-12,23:18:00,0.0,Moonless Night,-75.7629,274.8822,-5.4395,61.1234,82.625,73.91,0.5642,Waning Gibbous,True
2025-10-12,23:19:00,0.0,Moonless Night,-76.0088,275.0063,-5.2327,61.1723,82.6339,73.92,0.5641,Waning Gibbous,True
2025-10-12,23:20:00,0.0,Moonless Night,-76.2546,275.1341,-5.0258,61.2208,82.6429,73.92,0.564,Waning Gibbous,True
2025-10-12,23:21:00,0.0,Moonless Night,-76.5003,275.2658,-4.8188,61.2689,82.6518,73.93,0.5639,Waning Gibbous,True
2025-10-12,23:22:00,0.0,Moonless Night,-76.746,275.4017,-4.6117,61.3166,82.6607,73.94,0.5639,Waning Gibbous,True
2025-10-12,23:23:00,0.0,Moonless Night,-76.9916,275.542,-4.4045,61.3638,82.6696,73.95,0.5638,Waning Gibbous,True
2025-10-12,23:24:00,0.0,Moonless Night,-77.2372,275.687,-4.1972,61.4106,82.6785,73.95,0.5637,Waning Gibbous,True
2025-10-12,23:25:00,0.0,Moonless Night,-77.4827,275.8368,-3.9898,61.457,82.6874,73.96,0.5636,Waning Gibbous,True
2025-10-12,23:26:00,0.0,Moonless Night,-77.7281,275.9919,-3.7822,61.503,82.6963,73.97,0.5636,Waning Gibbous,True
2025-10-12,23:27:00,0.0,Moonless Night,-77.9735,276.1524,-3.5746,61.5485,82.7052,73.97,0.5635,Waning Gibbous,True
2025-10-12,23:28:00,0.0,Moonless Night,-78.2188,276.3189,-3.3668,61.5937,82.7141,73.98,0.5634,Waning Gibbous,True
2025-10-12,23:29:00,0.0,Moonless Night,-78.464,276.4916,-3.159,61.6384,82.723,73.99,0.5633,Waning Gibbous,True
2025-10-12,23:30:00,0.0,Moonless Night,-78.7091,276.6709,-2.951,61.6827,82.7319,74.0,0.5633,Waning Gibbous,True
2025-10-12,23:31:00,0.0,Moonless Night,-78.9542,276.8574,-2.743,61.7266,82.7409,74.0,0.5632,Waning Gibbous,True
2025-10-12,23:32:00,0.0,Moonless Night,-79.1991,277.0514,-2.5348,61.7701,82.7498,74.01,0.5631,Waning Gibbous,True
2025-10-12,23:33:00,0.0,Moonless Night,-79.4439,277.2535,-2.3266,61.8132,82.7587,74.02,0.563,Waning Gibbous,True
2025-10-12,23:34:00,0.0,Moonless Night,-79.6887,277.4642,-2.1182,61.8558,82.7676,74.03,0.5629,Waning Gibbous,True
2025-10-12,23:35:00,0.0,Moonless Night,-79.9333,277.6843,-1.9098,61.8981,82.7765,74.03,0.5629,Waning Gibbous,True
2025-10-12,23:36:00,0.0,Moonless Night,-80.1778,277.9143,-1.7012,61.9399,82.7854,74.04,0.5628,Waning Gibbous,True
2025-10-12,23:37:00,0.0,Moonless Night,-80.4221,278.1551,-1.4926,61.9814,82.7943,74.05,0.5627,Waning Gibbous,True
2025-10-12,23:38:00,0.0,Moonless Night,-80.6663,278.4075,-1.2838,62.0224,82.8032,74.06,0.5626,Waning Gibbous,True
2025-10-12,23:39:00,0.0,Moonless Night,-80.9103,278.6724,-1.075,62.0631,82.8121,74.06,0.5626,Waning Gibbous,True
2025-10-12,23:40:00,0.0,Moonless Night,-81.1542,278.9508,-0.8661,62.1033,82.821,74.07,0.5625,Waning Gibbous,True
2025-10-12,23:41:00,0.0,Moonless Night,-81.3978,279.244,-0.657,62.1431,82.8299,74.08,0.5624,Waning Gibbous,True
2025-10-12,23:42:00,0.0,Moonless Night,-81.6413,279.553,-0.4479,62.1825,82.8388,74.09,0.5623,Waning Gibbous,True
2025-10-12,23:43:00,0.0,Moonless Night,-81.8845,279.8794,-0.2387,62.2216,82.8477,74.09,0.5623,Waning Gibbous,True
2025-10-12,23:44:00,0.0,Moonless Night,-82.1275,280.2248,-0.0294,62.2602,82.8566,74.1,0.5622,Waning Gibbous,True
2025-10-12,23:45:00,0.0002,Moonlit,-82.3702,280.591,0.18,62.2984,82.8655,74.11,0.5621,Waning Gibbous,True
2025-10-12,23:46:00,0.0005,Moonlit,-82.6126,280.9799,0.3894,62.3362,82.8745,74.11,0.562,Waning Gibbous,True
2025-10-12,23:47:00,0.0008,Moonlit,-82.8547,281.3938,0.599,62.3737,82.8834,74.12,0.5619,Waning Gibbous,True
2025-10-12,23:48:00,0.001,Moonlit,-83.0964,281.8355,0.8087,62.4107,82.8923,74.13,0.5619,Waning Gibbous,True
2025-10-12,23:49:00,0.0013,Moonlit,-83.3377,282.3077,1.0184,62.4473,82.9012,74.14,0.5618,Waning Gibbous,True
2025-10-12,23:50:00,0.0016,Moonlit,-83.5786,282.814,1.2282,62.4836,82.9101,74.14,0.5617,Waning Gibbous,True
2025-10-12,23:51:00,0.0018,Moonlit,-83.819,283.3581,1.4381,62.5194,82.919,74.15,0.5616,Waning Gibbous,True
2025-10-12,23:52:00,0.0021,Moonlit,-84.0588,283.9447,1.6481,62.5549,82.9279,74.16,0.5616,Waning Gibbous,True
2025-10-12,23:53:00,0.0024,Moonlit,-84.298,284.5789,1.8582,62.5899,82.9368,74.17,0.5615,Waning Gibbous,True
2025-10-12,23:54:00,0.0026,Moonlit,-84.5365,285.2669,2.0684,62.6246,82.9457,74.17,0.5614,Waning Gibbous,True
2025-10-12,23:55:00,0.0029,Moonlit,-84.7741,286.0159,2.2786,62.6589,82.9546,74.18,0.5613,Waning Gibbous,True
2025-10-12,23:56:00,0.0031,Moonlit,-85.0109,286.8342,2.4889,62.6928,82.9635,74.19,0.5613,Waning Gibbous,True
2025-10-12,23:57:00,0.0034,Moonlit,-85.2465,287.7319,2.6993,62.7263,82.9724,74.2,0.5612,Waning Gibbous,True
2025-10-12,23:58:00,0.0037,Moonlit,-85.481,288.721,2.9098,62.7594,82.9813,74.2,0.5611,Waning Gibbous,True
2025-10-12,23:59:00,0.0039,Moonlit,-85.714,289.8159,3.1204,62.7921,82.9902,74.21,0.561,Waning Gibbous,True
2025-10-13,00:00:00,0.0042,Moonlit,-85.9453,291.034,3.331,62.8244,82.9991,74.22,0.5609,Waning Gibbous,True
2025-10-13,00:01:00,0.0045,Moonlit,-86.1746,292.3964,3.5417,62.8563,83.008,74.22,0.5609,Waning Gibbous,True
2025-10-13,00:02:00,0.0047,Moonlit,-86.4015,293.9292,3.7525,62.8879,83.0169,74.23,0.5608,Waning Gibbous,True
2025-10-13,00:03:00,0.005,Moonlit,-86.6256,295.6644,3.9634,62.919,83.0258,74.24,0.5607,Waning Gibbous,True
2025-10-13,00:04:00,0.0053,Moonlit,-86.8463,297.6416,4.1743,62.9498,83.0347,74.25,0.5606,Waning Gibbous,True
2025-10-13,00:05:00,0.0055,Moonlit,-87.0627,299.9104,4.3853,62.9802,83.0436,74.25,0.5606,Waning Gibbous,True
2025-10-13,00:06:00,0.0058,Moonlit,-87.2739,302.5322,4.5964,63.0102,83.0525,74.26,0.5605,Waning Gibbous,True
2025-10-13,00:07:00,0.0061,Moonlit,-87.4785,305.5835,4.8076,63.0398,83.0614,74.27,0.5604,Waning Gibbous,True
2025-10-13,00:08:00,0.0063,Moonlit,-87.6748,309.1583,5.0188,63.069,83.0703,74.28,0.5603,Waning Gibbous,True
2025-10-13,00:09:00,0.0066,Moonlit,-87.8606,313.3691,5.2301,63.0979,83.0792,74.28,0.5602,Waning Gibbous,True
2025-10-13,00:10:00,0.0068,Moonlit,-88.0328,318.3442,5.4415,63.1263,83.0881,74.29,0.5602,Waning Gibbous,True
2025-10-13,00:11:00,0.0071,Moonlit,-88.1875,324.2161,5.6529,63.1544,83.097,74.3,0.5601,Waning Gibbous,True
2025-10-13,00:12:00,0.0074,Moonlit,-88.3199,331.0929,5.8644,63.182,83.1059,74.31,0.56,Waning Gibbous,True
2025-10-13,00:13:00,0.0076,Moonlit,-88.4245,339.0074,6.076,63.2093,83.1148,74.31,0.5599,Waning Gibbous,True
2025-10-13,00:14:00,0.0079,Moonlit,-88.4953,347.8491,6.2876,63.2362,83.1237,74.32,0.5599,Waning Gibbous,True
2025-10-13,00:15:00,0.0082,Moonlit,-88.5275,357.3136,6.4993,63.2628,83.1326,74.33,0.5598,Waning Gibbous,True
2025-10-13,00:16:00,0.0084,Moonlit,-88.5186,6.9283,6.7111,63.2889,83.1415,74.33,0.5597,Waning Gibbous,True
2025-10-13,00:17:00,0.0087,Moonlit,-88.4693,16.1747,6.9229,63.3147,83.1504,74.34,0.5596,Waning Gibbous,True
2025-10-13,00:18:00,0.0089,Moonlit,-88.3833,24.6428,7.1348,63.34,83.1593,74.35,0.5596,Waning Gibbous,True
2025-10-13,00:19:00,0.0092,Moonlit,-88.266,32.1143,7.3468,63.365,83.1682,74.36,0.5595,Waning Gibbous,True
2025-10-13,00:20:00,0.0095,Moonlit,-88.1233,38.5488,7.5588,63.3896,83.1771,74.36,0.5594,Waning Gibbous,True
2025-10-13,00:21:00,0.0097,Moonlit,-87.9606,44.0192,7.7709,63.4138,83.186,74.37,0.5593,Waning Gibbous,True
2025-10-13,00:22:00,0.01,Moonlit,-87.7821,48.6491,7.983,63.4376,83.1949,74.38,0.5592,Waning Gibbous,True
2025-10-13,00:23:00,0.0103,Moonlit,-87.5915,52.5712,8.1952,63.4611,83.2038,74.39,0.5592,Waning Gibbous,True
2025-10-13,00:24:00,0.0105,Moonlit,-87.3914,55.9081,8.4075,63.4841,83.2127,74.39,0.5591,Waning Gibbous,True
2025-10-13,00:25:00,0.0108,Moonlit,-87.1838,58.7641,8.6198,63.5068,83.2216,74.4,0.559,Waning Gibbous,True
2025-10-13,00:26:00,0.011,Moonlit,-86.9702,61.2256,8.8322,63.5291,83.2305,74.41,0.5589,Waning Gibbous,True
2025-10-13,00:27:00,0.0113,Moonlit,-86.7518,63.3621,9.0446,63.551,83.2394,74.42,0.5589,Waning Gibbous,True
2025-10-13,00:28:00,0.0116,Moonlit,-86.5296,65.2297,9.2571,63.5725,83.2483,74.42,0.5588,Waning Gibbous,True
2025-10-13,00:29:00,0.0118,Moonlit,-86.3042,66.8735,9.4697,63.5936,83.2572,74.43,0.5587,Waning Gibbous,True
2025-10-13,00:30:00,0.0121,Moonlit,-86.0762,68.3294,9.6823,63.6144,83.2661,74.44,0.5586,Waning Gibbous,True
2025-10-13,00:31:00,0.0123,Moonlit,-85.846,69.6269,9.8949,63.6347,83.275,74.44,0.5586,Waning Gibbous,True
2025-10-13,00:32:00,0.0126,Moonlit,-85.6139,70.7896,10.1076,63.6547,83.2839,74.45,0.5585,Waning Gibbous,True
2025-10-13,00:33:00,0.0129,Moonlit,-85.3803,71.837,10.3204,63.6743,83.2928,74.46,0.5584,Waning Gibbous,True
2025-10-13,00:34:00,0.0131,Moonlit,-85.1453,72.7852,10.5332,63.6935,83.3017,74.47,0.5583,Waning Gibbous,True
2025-10-13,00:35:00,0.0134,Moonlit,-84.9092,73.6474,10.7461,63.7123,83.3106,74.47,0.5582,Waning Gibbous,True
2025-10-13,00:36:00,0.0136,Moonlit,-84.672,74.4348,10.959,63.7307,83.3195,74.48,0.5582,Waning Gibbous,True
2025-10-13,00:37:00,0.0139,Moonlit,-84.434,75.1565,11.172,63.7487,83.3284,74.49,0.5581,Waning Gibbous,True
2025-10-13,00:38:00,0.0141,Moonlit,-84.1952,75.8206,11.385,63.7663,83.3373,74.5,0.558,Waning Gibbous,True
2025-10-13,00:39:00,0.0144,Moonlit,-83.9558,76.4337,11.5981,63.7836,83.3462,74.5,0.5579,Waning Gibbous,True
2025-10-13,00:40:00,0.0147,Moonlit,-83.7157,77.0014,11.8112,63.8004,83.3551,74.51,0.5579,Waning Gibbous,True
2025-10-13,00:41:00,0.0149,Moonlit,-83.4751,77.5288,12.0243,63.8169,83.364,74.52,0.5578,Waning Gibbous,True
2025-10-13,00:42:00,0.0152,Moonlit,-83.2341,78.0199,12.2375,63.833,83.3729,74.52,0.5577,Waning Gibbous,True
2025-10-13,00:43:00,0.0154,Moonlit,-82.9926,78.4786,12.4508,63.8486,83.3818,74.53,0.5576,Waning Gibbous,True
2025-10-13,00:44:00,0.0157,Moonlit,-82.7507,78.908,12.6641,63.8639,83.3907,74.54,0.5575,Waning Gibbous,True
2025-10-13,00:45:00,0.0159,Moonlit,-82.5085,79.311,12.8774,63.8788,83.3996,74.55,0.5575,Waning Gibbous,True
2025-10-13,00:46:00,0.0162,Moonlit,-82.266,79.6898,13.0908,63.8933,83.4084,74.55,0.5574,Waning Gibbous,True
2025-10-13,00:47:00,0.0165,Moonlit,-82.0231,80.0468,13.3042,63.9074,83.4173,74.56,0.5573,Waning Gibbous,True
2025-10-13,00:48:00,0.0167,Moonlit,-81.7801,80.3839,13.5177,63.9211,83.4262,74.57,0.5572,Waning Gibbous,True
2025-10-13,00:49:00,0.017,Moonlit,-81.5367,80.7027,13.7312,63.9344,83.4351,74.58,0.5572,Waning Gibbous,True
2025-10-13,00:50:00,0.0172,Moonlit,-81.2932,81.0047,13.9447,63.9473,83.444,74.58,0.5571,Waning Gibbous,True
2025-10-13,00:51:00,0.0175,Moonlit,-81.0495,81.2914,14.1583,63.9599,83.4529,74.59,0.557,Waning Gibbous,True
2025-10-13,00:52:00,0.0177,Moonlit,-80.8055,81.5639,14.3719,63.972,83.4618,74.6,0.5569,Waning Gibbous,True
2025-10-13,00:53:00,0.018,Moonlit,-80.5615,81.8233,14.5856,63.9837,83.4707,74.6,0.5569,Waning Gibbous,True
2025-10-13,00:54:00,0.0182,Moonlit,-80.3172,82.0706,14.7993,63.995,83.4796,74.61,0.5568,Waning Gibbous,True
2025-10-13,00:55:00,0.0185,Moonlit,-80.0728,82.3067,15.013,64.0059,83.4885,74.62,0.5567,Waning Gibbous,True
2025-10-13,00:56:00,0.0187,Moonlit,-79.8283,82.5324,15.2268,64.0164,83.4974,74.63,0.5566,Waning Gibbous,True
2025-10-13,00:57:00,0.019,Moonlit,-79.5837,82.7484,15.4406,64.0265,83.5063,74.63,0.5565,Waning Gibbous,True
2025-10-13,00:58:00,0.0192,Moonlit,-79.3389,82.9554,15.6544,64.0362,83.5152,74.64,0.5565,Waning Gibbous,True
2025-10-13,00:59:00,0.0195,Moonlit,-79.094,83.154,15.8683,64.0455,83.5241,74.65,0.5564,Waning Gibbous,True
2025-10-13,01:00:00,0.0197,Moonlit,-78.8491,83.3447,16.0822,64.0544,83.533,74.66,0.5563,Waning Gibbous,True
2025-10-13,01:01:00,0.02,Moonlit,-78.604,83.5281,16.2962,64.0629,83.5418,74.66,0.5562,Waning Gibbous,True
2025-10-13,01:02:00,0.0202,Moonlit,-78.3589,83.7045,16.5101,64.0709,83.5507,74.67,0.5562,Waning Gibbous,True
2025-10-13,01:03:00,0.0205,Moonlit,-78.1136,83.8745,16.7241,64.0786,83.5596,74.68,0.5561,Waning Gibbous,True
2025-10-13,01:04:00,0.0207,Moonlit,-77.8683,84.0384,16.9381,64.0858,83.5685,74.68,0.556,Waning Gibbous,True
2025-10-13,01:05:00,0.021,Moonlit,-77.6229,84.1966,17.1522,64.0927,83.5774,74.69,0.5559,Waning Gibbous,True
2025-10-13,01:06:00,0.0212,Moonlit,-77.3775,84.3495,17.3663,64.0991,83.5863,74.7,0.5559,Waning Gibbous,True
2025-10-13,01:07:00,0.0215,Moonlit,-77.132,84.4972,17.5804,64.1051,83.5952,74.71,0.5558,Waning Gibbous,True
2025-10-13,01:08:00,0.0217,Moonlit,-76.8864,84.6401,17.7945,64.1106,83.6041,74.71,0.5557,Waning Gibbous,True
2025-10-13,01:09:00,0.022,Moonlit,-76.6407,84.7785,18.0087,64.1158,83.613,74.72,0.5556,Waning Gibbous,True
2025-10-13,01:10:00,0.0222,Moonlit,-76.3951,84.9127,18.2229,64.1205,83.6219,74.73,0.5555,Waning Gibbous,True
2025-10-13,01:11:00,0.0225,Moonlit,-76.1493,85.0427,18.4371,64.1249,83.6308,74.74,0.5555,Waning Gibbous,True
2025-10-13,01:12:00,0.0227,Moonlit,-75.9035,85.169,18.6513,64.1288,83.6396,74.74,0.5554,Waning Gibbous,True
2025-10-13,01:13:00,0.023,Moonlit,-75.6577,85.2916,18.8656,64.1322,83.6485,74.75,0.5553,Waning Gibbous,True
2025-10-13,01:14:00,0.0232,Moonlit,-75.4118,85.4107,19.0799,64.1353,83.6574,74.76,0.5552,Waning Gibbous,True
2025-10-13,01:15:00,0.0234,Moonlit,-75.1659,85.5265,19.2942,64.1379,83.6663,74.76,0.5552,Waning Gibbous,True
2025-10-13,01:16:00,0.0237,Moonlit,-74.92,85.6392,19.5085,64.1401,83.6752,74.77,0.5551,Waning Gibbous,True
2025-10-13,01:17:00,0.0239,Moonlit,-74.674,85.7489,19.7229,64.1418,83.6841,74.78,0.555,Waning Gibbous,True
2025-10-13,01:18:00,0.0242,Moonlit,-74.4279,85.8558,19.9372,64.1431,83.693,74.79,0.5549,Waning Gibbous,True
2025-10-13,01:19:00,0.0244,Moonlit,-74.1819,85.96,20.1516,64.144,83.7019,74.79,0.5549,Waning Gibbous,True
2025-10-13,01:20:00,0.0247,Moonlit,-73.9358,86.0616,20.366,64.1445,83.7108,74.8,0.5548,Waning Gibbous,True
2025-10-13,01:21:00,0.0249,Moonlit,-73.6897,86.1607,20.5804,64.1445,83.7196,74.81,0.5547,Waning Gibbous,True
2025-10-13,01:22:00,0.0251,Moonlit,-73.4435,86.2575,20.7948,64.144,83.7285,74.82,0.5546,Waning Gibbous,True
2025-10-13,01:23:00,0.0254,Moonlit,-73.1973,86.352,21.0093,64.1432,83.7374,74.82,0.5545,Waning Gibbous,True
2025-10-13,01:24:00,0.0256,Moonlit,-72.9511,86.4444,21.2237,64.1418,83.7463,74.83,0.5545,Waning Gibbous,True
2025-10-13,01:25:00,0.0259,Moonlit,-72.7049,86.5348,21.4382,64.1401,83.7552,74.84,0.5544,Waning Gibbous,True
2025-10-13,01:26:00,0.0261,Moonlit,-72.4587,86.6231,21.6527,64.1378,83.7641,74.84,0.5543,Waning Gibbous,True
2025-10-13,01:27:00,0.0263,Moonlit,-72.2124,86.7096,21.8672,64.1352,83.773,74.85,0.5542,Waning Gibbous,True
2025-10-13,01:28:00,0.0266,Moonlit,-71.9661,86.7943,22.0817,64.1321,83.7819,74.86,0.5542,Waning Gibbous,True
2025-10-13,01:29:00,0.0268,Moonlit,-71.7198,86.8772,22.2962,64.1285,83.7907,74.87,0.5541,Waning Gibbous,True
2025-10-13,01:30:00,0.0271,Moonlit,-71.4734,86.9584,22.5107,64.1244,83.7996,74.87,0.554,Waning Gibbous,True
2025-10-13,01:31:00,0.0273,Moonlit,-71.2271,87.0381,22.7253,64.1199,83.8085,74.88,0.5539,Waning Gibbous,True
2025-10-13,01:32:00,0.0275,Moonlit,-70.9807,87.1162,22.9398,64.115,83.8174,74.89,0.5538,Waning Gibbous,True
2025-10-13,01:33:00,0.0278,Moonlit,-70.7343,87.1929,23.1544,64.1096,83.8263,74.9,0.5538,Waning Gibbous,True
2025-10-13,01:34:00,0.028,Moonlit,-70.4879,87.2681,23.3689,64.1037,83.8352,74.9,0.5537,Waning Gibbous,True
2025-10-13,01:35:00,0.0282,Moonlit,-70.2415,87.3419,23.5835,64.0973,83.8441,74.91,0.5536,Waning Gibbous,True
2025-10-13,01:36:00,0.0285,Moonlit,-69.9951,87.4145,23.798,64.0905,83.853,74.92,0.5535,Waning Gibbous,True
2025-10-13,01:37:00,0.0287,Moonlit,-69.7486,87.4858,24.0126,64.0832,83.8618,74.92,0.5535,Waning Gibbous,True
2025-10-13,01:38:00,0.0289,Moonlit,-69.5022,87.5558,24.2272,64.0754,83.8707,74.93,0.5534,Waning Gibbous,True
2025-10-13,01:39:00,0.0292,Moonlit,-69.2557,87.6247,24.4417,64.0671,83.8796,74.94,0.5533,Waning Gibbous,True
2025-10-13,01:40:00,0.0294,Moonlit,-69.0092,87.6924,24.6563,64.0584,83.8885,74.95,0.5532,Waning Gibbous,True
2025-10-13,01:41:00,0.0296,Moonlit,-68.7627,87.7591,24.8709,64.0491,83.8974,74.95,0.5532,Waning Gibbous,True
2025-10-13,01:42:00,0.0299,Moonlit,-68.5162,87.8246,25.0854,64.0394,83.9063,74.96,0.5531,Waning Gibbous,True
2025-10-13,01:43:00,0.0301,Moonlit,-68.2697,87.8892,25.3,64.0292,83.9151,74.97,0.553,Waning Gibbous,True
2025-10-13,01:44:00,0.0303,Moonlit,-68.0231,87.9528,25.5146,64.0185,83.924,74.97,0.5529,Waning Gibbous,True
2025-10-13,01:45:00,0.0305,Moonlit,-67.7766,88.0154,25.7291,64.0073,83.9329,74.98,0.5528,Waning Gibbous,True
2025-10-13,01:46:00,0.0308,Moonlit,-67.53,88.0771,25.9437,63.9956,83.9418,74.99,0.5528,Waning Gibbous,True
2025-10-13,01:47:00,0.031,Moonlit,-67.2835,88.138,26.1582,63.9834,83.9507,75.0,0.5527,Waning Gibbous,True
2025-10-13,01:48:00,0.0312,Moonlit,-67.0369,88.1979,26.3728,63.9706,83.9596,75.0,0.5526,Waning Gibbous,True
2025-10-13,01:49:00,0.0315,Moonlit,-66.7903,88.2571,26.5873,63.9574,83.9685,75.01,0.5525,Waning Gibbous,True
2025-10-13,01:50:00,0.0317,Moonlit,-66.5438,88.3154,26.8018,63.9437,83.9773,75.02,0.5525,Waning Gibbous,True
2025-10-13,01:51:00,0.0319,Moonlit,-66.2972,88.3729,27.0163,63.9294,83.9862,75.03,0.5524,Waning Gibbous,True
2025-10-13,01:52:00,0.0321,Moonlit,-66.0506,88.4297,27.2308,63.9146,83.9951,75.03,0.5523,Waning Gibbous,True
2025-10-13,01:53:00,0.0324,Moonlit,-65.804,88.4858,27.4453,63.8993,84.004,75.04,0.5522,Waning Gibbous,True
2025-10-13,01:54:00,0.0326,Moonlit,-65.5574,88.5412,27.6598,63.8835,84.0129,75.05,0.5522,Waning Gibbous,True
2025-10-13,01:55:00,0.0328,Moonlit,-65.3107,88.5958,27.8742,63.8672,84.0218,75.05,0.5521,Waning Gibbous,True
2025-10-13,01:56:00,0.033,Moonlit,-65.0641,88.6499,28.0887,63.8503,84.0306,75.06,0.552,Waning Gibbous,True
2025-10-13,01:57:00,0.0333,Moonlit,-64.8175,88.7032,28.3031,63.8328,84.0395,75.07,0.5519,Waning Gibbous,True
2025-10-13,01:58:00,0.0335,Moonlit,-64.5708,88.756,28.5175,63.8149,84.0484,75.08,0.5518,Waning Gibbous,True
2025-10-13,01:59:00,0.0337,Moonlit,-64.3242,88.8081,28.7319,63.7964,84.0573,75.08,0.5518,Waning Gibbous,True
2025-10-13,02:00:00,0.0339,Moonlit,-64.0776,88.8597,28.9463,63.7773,84.0662,75.09,0.5517,Waning Gibbous,True
2025-10-13,02:01:00,0.0341,Moonlit,-63.8309,88.9107,29.1607,63.7577,84.075,75.1,0.5516,Waning Gibbous,True
2025-10-13,02:02:00,0.0344,Moonlit,-63.5843,88.9611,29.375,63.7375,84.0839,75.1,0.5515,Waning Gibbous,True
2025-10-13,02:03:00,0.0346,Moonlit,-63.3376,89.011,29.5893,63.7168,84.0928,75.11,0.5515,Waning Gibbous,True
2025-10-13,02:04:00,0.0348,Moonlit,-63.0909,89.0603,29.8036,63.6955,84.1017,75.12,0.5514,Waning Gibbous,True
2025-10-13,02:05:00,0.035,Moonlit,-62.8443,89.1092,30.0179,63.6736,84.1106,75.13,0.5513,Waning Gibbous,True
2025-10-13,02:06:00,0.0352,Moonlit,-62.5976,89.1576,30.2321,63.6512,84.1194,75.13,0.5512,Waning Gibbous,True
2025-10-13,02:07:00,0.0354,Moonlit,-62.3509,89.2055,30.4463,63.6282,84.1283,75.14,0.5512,Waning Gibbous,True
2025-10-13,02:08:00,0.0357,Moonlit,-62.1043,89.2529,30.6605,63.6046,84.1372,75.15,0.5511,Waning Gibbous,True
2025-10-13,02:09:00,0.0359,Moonlit,-61.8576,89.2999,30.8747,63.5804,84.1461,75.16,0.551,Waning Gibbous,True
2025-10-13,02:10:00,0.0361,Moonlit,-61.6109,89.3464,31.0888,63.5556,84.155,75.16,0.5509,Waning Gibbous,True
2025-10-13,02:11:00,0.0363,Moonlit,-61.3642,89.3925,31.3029,63.5302,84.1638,75.17,0.5508,Waning Gibbous,True
2025-10-13,02:12:00,0.0365,Moonlit,-61.1176,89.4382,31.5169,63.5043,84.1727,75.18,0.5508,Waning Gibbous,True
2025-10-13,02:13:00,0.0367,Moonlit,-60.8709,89.4835,31.731,63.4777,84.1816,75.18,0.5507,Waning Gibbous,True
2025-10-13,02:14:00,0.0369,Moonlit,-60.6242,89.5284,31.945,63.4505,84.1905,75.19,0.5506,Waning Gibbous,True
2025-10-13,02:15:00,0.0372,Moonlit,-60.3775,89.5729,32.1589,63.4227,84.1994,75.2,0.5505,Waning Gibbous,True
2025-10-13,02:16:00,0.0374,Moonlit,-60.1308,89.6171,32.3728,63.3943,84.2082,75.21,0.5505,Waning Gibbous,True
2025-10-13,02:17:00,0.0376,Moonlit,-59.8841,89.6609,32.5867,63.3652,84.2171,75.21,0.5504,Waning Gibbous,True
2025-10-13,02:18:00,0.0378,Moonlit,-59.6374,89.7043,32.8006,63.3356,84.226,75.22,0.5503,Waning Gibbous,True
2025-10-13,02:19:00,0.038,Moonlit,-59.3907,89.7474,33.0144,63.3052,84.2349,75.23,0.5502,Waning Gibbous,True
2025-10-13,02:20:00,0.0382,Moonlit,-59.144,89.7901,33.2281,63.2743,84.2438,75.23,0.5501,Waning Gibbous,True
2025-10-13,02:21:00,0.0384,Moonlit,-58.8973,89.8326,33.4418,63.2427,84.2526,75.24,0.5501,Waning Gibbous,True
2025-10-13,02:22:00,0.0386,Moonlit,-58.6506,89.8747,33.6555,63.2104,84.2615,75.25,0.55,Waning Gibbous,True
2025-10-13,02:23:00,0.0388,Moonlit,-58.4039,89.9165,33.8691,63.1775,84.2704,75.26,0.5499,Waning Gibbous,True
2025-10-13,02:24:00,0.039,Moonlit,-58.1573,89.958,34.0827,63.1439,84.2793,75.26,0.5498,Waning Gibbous,True
2025-10-13,02:25:00,0.0392,Moonlit,-57.9106,89.9992,34.2963,63.1097,84.2881,75.27,0.5498,Waning Gibbous,True
2025-10-13,02:26:00,0.0394,Moonlit,-57.6639,90.0401,34.5097,63.0748,84.297,75.28,0.5497,Waning Gibbous,True
2025-10-13,02:27:00,0.0396,Moonlit,-57.4172,90.0807,34.7232,63.0392,84.3059,75.28,0.5496,Waning Gibbous,True
2025-10-13,02:28:00,0.0398,Moonlit,-57.1705,90.1211,34.9365,63.0029,84.3148,75.29,0.5495,Waning Gibbous,True
2025-10-13,02:29:00,0.04,Moonlit,-56.9238,90.1612,35.1499,62.9659,84.3237,75.3,0.5495,Waning Gibbous,True
2025-10-13,02:30:00,0.0402,Moonlit,-56.6771,90.2011,35.3631,62.9282,84.3325,75.31,0.5494,Waning Gibbous,True
2025-10-13,02:31:00,0.0404,Moonlit,-56.4304,90.2407,35.5763,62.8898,84.3414,75.31,0.5493,Waning Gibbous,True
2025-10-13,02:32:00,0.0406,Moonlit,-56.1837,90.28,35.7895,62.8507,84.3503,75.32,0.5492,Waning Gibbous,True
2025-10-13,02:33:00,0.0408,Moonlit,-55.937,90.3192,36.0026,62.8109,84.3592,75.33,0.5491,Waning Gibbous,True
2025-10-13,02:34:00,0.041,Moonlit,-55.6903,90.358,36.2156,62.7704,84.368,75.34,0.5491,Waning Gibbous,True
2025-10-13,02:35:00,0.0412,Moonlit,-55.4436,90.3967,36.4286,62.7291,84.3769,75.34,0.549,Waning Gibbous,True
2025-10-13,02:36:00,0.0414,Moonlit,-55.1969,90.4351,36.6414,62.6871,84.3858,75.35,0.5489,Waning Gibbous,True
2025-10-13,02:37:00,0.0416,Moonlit,-54.9502,90.4734,36.8543,62.6443,84.3947,75.36,0.5488,Waning Gibbous,True
2025-10-13,02:38:00,0.0418,Moonlit,-54.7035,90.5114,37.067,62.6008,84.4035,75.36,0.5488,Waning Gibbous,True
2025-10-13,02:39:00,0.042,Moonlit,-54.4569,90.5492,37.2797,62.5565,84.4124,75.37,0.5487,Waning Gibbous,True
2025-10-13,02:40:00,0.0422,Moonlit,-54.2102,90.5868,37.4924,62.5114,84.4213,75.38,0.5486,Waning Gibbous,True
2025-10-13,02:41:00,0.0424,Moonlit,-53.9635,90.6242,37.7049,62.4656,84.4302,75.39,0.5485,Waning Gibbous,True
2025-10-13,02:42:00,0.0426,Moonlit,-53.7168,90.6614,37.9174,62.419,84.439,75.39,0.5485,Waning Gibbous,True
2025-10-13,02:43:00,0.0428,Moonlit,-53.4701,90.6985,38.1298,62.3715,84.4479,75.4,0.5484,Waning Gibbous,True
2025-10-13,02:44:00,0.043,Moonlit,-53.2235,90.7353,38.3421,62.3233,84.4568,75.41,0.5483,Waning Gibbous,True
2025-10-13,02:45:00,0.0431,Moonlit,-52.9768,90.772,38.5544,62.2743,84.4657,75.41,0.5482,Waning Gibbous,True
2025-10-13,02:46:00,0.0433,Moonlit,-52.7301,90.8085,38.7665,62.2245,84.4745,75.42,0.5481,Waning Gibbous,True
2025-10-13,02:47:00,0.0435,Moonlit,-52.4834,90.8449,38.9786,62.1738,84.4834,75.43,0.5481,Waning Gibbous,True
2025-10-13,02:48:00,0.0437,Moonlit,-52.2368,90.881,39.1906,62.1223,84.4923,75.44,0.548,Waning Gibbous,True
2025-10-13,02:49:00,0.0439,Moonlit,-51.9901,90.917,39.4025,62.07,84.5011,75.44,0.5479,Waning Gibbous,True
2025-10-13,02:50:00,0.0441,Moonlit,-51.7434,90.9529,39.6143,62.0168,84.51,75.45,0.5478,Waning Gibbous,True
2025-10-13,02:51:00,0.0443,Moonlit,-51.4968,90.9886,39.826,61.9627,84.5189,75.46,0.5478,Waning Gibbous,True
2025-10-13,02:52:00,0.0444,Moonlit,-51.2501,91.0242,40.0377,61.9078,84.5278,75.46,0.5477,Waning Gibbous,True
2025-10-13,02:53:00,0.0446,Moonlit,-51.0035,91.0596,40.2492,61.852,84.5366,75.47,0.5476,Waning Gibbous,True
2025-10-13,02:54:00,0.0448,Moonlit,-50.7568,91.0949,40.4607,61.7953,84.5455,75.48,0.5475,Waning Gibbous,True
2025-10-13,02:55:00,0.045,Moonlit,-50.5102,91.13,40.672,61.7377,84.5544,75.49,0.5475,Waning Gibbous,True
2025-10-13,02:56:00,0.0452,Moonlit,-50.2635,91.165,40.8832,61.6792,84.5633,75.49,0.5474,Waning Gibbous,True
2025-10-13,02:57:00,0.0453,Moonlit,-50.0169,91.1999,41.0944,61.6198,84.5721,75.5,0.5473,Waning Gibbous,True
2025-10-13,02:58:00,0.0455,Moonlit,-49.7702,91.2347,41.3054,61.5595,84.581,75.51,0.5472,Waning Gibbous,True
2025-10-13,02:59:00,0.0457,Moonlit,-49.5236,91.2693,41.5164,61.4982,84.5899,75.51,0.5471,Waning Gibbous,True
2025-10-13,03:00:00,0.0459,Moonlit,-49.277,91.3038,41.7272,61.4359,84.5987,75.52,0.5471,Waning Gibbous,True
2025-10-13,03:01:00,0.0461,Moonlit,-49.0303,91.3382,41.9379,61.3728,84.6076,75.53,0.547,Waning Gibbous,True
2025-10-13,03:02:00,0.0462,Moonlit,-48.7837,91.3725,42.1485,61.3086,84.6165,75.54,0.5469,Waning Gibbous,True
2025-10-13,03:03:00,0.0464,Moonlit,-48.5371,91.4066,42.359,61.2435,84.6254,75.54,0.5468,Waning Gibbous,True
2025-10-13,03:04:00,0.0466,Moonlit,-48.2905,91.4407,42.5693,61.1773,84.6342,75.55,0.5468,Waning Gibbous,True
2025-10-13,03:05:00,0.0468,Moonlit,-48.0438,91.4746,42.7796,61.1102,84.6431,75.56,0.5467,Waning Gibbous,True
2025-10-13,03:06:00,0.0469,Moonlit,-47.7972,91.5085,42.9897,61.0421,84.652,75.56,0.5466,Waning Gibbous,True
2025-10-13,03:07:00,0.0471,Moonlit,-47.5506,91.5422,43.1997,60.9729,84.6608,75.57,0.5465,Waning Gibbous,True
2025-10-13,03:08:00,0.0473,Moonlit,-47.304,91.5759,43.4096,60.9027,84.6697,75.58,0.5464,Waning Gibbous,True
2025-10-13,03:09:00,0.0474,Moonlit,-47.0574,91.6094,43.6193,60.8314,84.6786,75.59,0.5464,Waning Gibbous,True
2025-10-13,03:10:00,0.0476,Moonlit,-46.8108,91.6429,43.8289,60.7591,84.6874,75.59,0.5463,Waning Gibbous,True
2025-10-13,03:11:00,0.0478,Moonlit,-46.5642,91.6762,44.0384,60.6857,84.6963,75.6,0.5462,Waning Gibbous,True
2025-10-13,03:12:00,0.0479,Moonlit,-46.3176,91.7095,44.2477,60.6112,84.7052,75.61,0.5461,Waning Gibbous,True
2025-10-13,03:13:00,0.0481,Moonlit,-46.071,91.7427,44.4569,60.5356,84.714,75.61,0.5461,Waning Gibbous,True
2025-10-13,03:14:00,0.0483,Moonlit,-45.8245,91.7758,44.666,60.4589,84.7229,75.62,0.546,Waning Gibbous,True
2025-10-13,03:15:00,0.0484,Moonlit,-45.5779,91.8089,44.8749,60.3811,84.7318,75.63,0.5459,Waning Gibbous,True
2025-10-13,03:16:00,0.0486,Moonlit,-45.3313,91.8418,45.0837,60.3022,84.7407,75.64,0.5458,Waning Gibbous,True
2025-10-13,03:17:00,0.0488,Moonlit,-45.0848,91.8747,45.2923,60.222,84.7495,75.64,0.5458,Waning Gibbous,True
2025-10-13,03:18:00,0.0489,Moonlit,-44.8382,91.9075,45.5007,60.1407,84.7584,75.65,0.5457,Waning Gibbous,True
2025-10-13,03:19:00,0.0491,Moonlit,-44.5916,91.9402,45.709,60.0583,84.7673,75.66,0.5456,Waning Gibbous,True
2025-10-13,03:20:00,0.0492,Moonlit,-44.3451,91.9729,45.9172,59.9746,84.7761,75.66,0.5455,Waning Gibbous,True
2025-10-13,03:21:00,0.0494,Moonlit,-44.0985,92.0055,46.1251,59.8897,84.785,75.67,0.5454,Waning Gibbous,True
2025-10-13,03:22:00,0.0496,Moonlit,-43.852,92.038,46.3329,59.8036,84.7939,75.68,0.5454,Waning Gibbous,True
2025-10-13,03:23:00,0.0497,Moonlit,-43.6055,92.0705,46.5406,59.7163,84.8027,75.69,0.5453,Waning Gibbous,True
2025-10-13,03:24:00,0.0499,Moonlit,-43.3589,92.1029,46.7481,59.6277,84.8116,75.69,0.5452,Waning Gibbous,True
2025-10-13,03:25:00,0.05,Moonlit,-43.1124,92.1353,46.9554,59.5378,84.8205,75.7,0.5451,Waning Gibbous,True
2025-10-13,03:26:00,0.0502,Moonlit,-42.8659,92.1676,47.1625,59.4466,84.8293,75.71,0.5451,Waning Gibbous,True
2025-10-13,03:27:00,0.0503,Moonlit,-42.6194,92.1998,47.3694,59.3541,84.8382,75.71,0.545,Waning Gibbous,True
2025-10-13,03:28:00,0.0505,Moonlit,-42.3728,92.232,47.5762,59.2603,84.8471,75.72,0.5449,Waning Gibbous,True
2025-10-13,03:29:00,0.0506,Moonlit,-42.1263,92.2641,47.7827,59.1652,84.8559,75.73,0.5448,Waning Gibbous,True
2025-10-13,03:30:00,0.0508,Moonlit,-41.8798,92.2962,47.9891,59.0687,84.8648,75.74,0.5448,Waning Gibbous,True
2025-10-13,03:31:00,0.0509,Moonlit,-41.6333,92.3282,48.1953,58.9708,84.8737,75.74,0.5447,Waning Gibbous,True
2025-10-13,03:32:00,0.0511,Moonlit,-41.3869,92.3602,48.4013,58.8715,84.8825,75.75,0.5446,Waning Gibbous,True
2025-10-13,03:33:00,0.0512,Moonlit,-41.1404,92.3922,48.607,58.7708,84.8914,75.76,0.5445,Waning Gibbous,True
2025-10-13,03:34:00,0.0514,Moonlit,-40.8939,92.4241,48.8126,58.6687,84.9003,75.76,0.5444,Waning Gibbous,True
2025-10-13,03:35:00,0.0515,Moonlit,-40.6474,92.4559,49.018,58.5651,84.9091,75.77,0.5444,Waning Gibbous,True
2025-10-13,03:36:00,0.0517,Moonlit,-40.401,92.4877,49.2231,58.4601,84.918,75.78,0.5443,Waning Gibbous,True
2025-10-13,03:37:00,0.0518,Moonlit,-40.1545,92.5195,49.428,58.3536,84.9268,75.79,0.5442,Waning Gibbous,True
2025-10-13,03:38:00,0.052,Moonlit,-39.908,92.5512,49.6327,58.2456,84.9357,75.79,0.5441,Waning Gibbous,True
2025-10-13,03:39:00,0.0521,Moonlit,-39.6616,92.583,49.8372,58.136,84.9446,75.8,0.5441,Waning Gibbous,True
2025-10-13,03:40:00,0.0523,Moonlit,-39.4152,92.6146,50.0415,58.0249,84.9534,75.81,0.544,Waning Gibbous,True
2025-10-13,03:41:00,0.0524,Moonlit,-39.1687,92.6463,50.2455,57.9122,84.9623,75.81,0.5439,Waning Gibbous,True
2025-10-13,03:42:00,0.0525,Moonlit,-38.9223,92.6779,50.4492,57.798,84.9712,75.82,0.5438,Waning Gibbous,True
2025-10-13,03:43:00,0.0527,Moonlit,-38.6759,92.7095,50.6528,57.6821,84.98,75.83,0.5438,Waning Gibbous,True
2025-10-13,03:44:00,0.0528,Moonlit,-38.4294,92.741,50.8561,57.5646,84.9889,75.83,0.5437,Waning Gibbous,True
2025-10-13,03:45:00,0.053,Moonlit,-38.183,92.7725,51.0591,57.4454,84.9978,75.84,0.5436,Waning Gibbous,True
2025-10-13,03:46:00,0.0531,Moonlit,-37.9366,92.804,51.2619,57.3246,85.0066,75.85,0.5435,Waning Gibbous,True
2025-10-13,03:47:00,0.0532,Moonlit,-37.6902,92.8355,51.4644,57.2021,85.0155,75.86,0.5434,Waning Gibbous,True
2025-10-13,03:48:00,0.0534,Moonlit,-37.4438,92.867,51.6666,57.0778,85.0243,75.86,0.5434,Waning Gibbous,True
2025-10-13,03:49:00,0.0535,Moonlit,-37.1975,92.8984,51.8686,56.9518,85.0332,75.87,0.5433,Waning Gibbous,True
2025-10-13,03:50:00,0.0536,Moonlit,-36.9511,92.9298,52.0703,56.824,85.0421,75.88,0.5432,Waning Gibbous,True
2025-10-13,03:51:00,0.0538,Moonlit,-36.7047,92.9612,52.2717,56.6944,85.0509,75.88,0.5431,Waning Gibbous,True
2025-10-13,03:52:00,0.0539,Moonlit,-36.4584,92.9926,52.4728,56.563,85.0598,75.89,0.5431,Waning Gibbous,True
2025-10-13,03:53:00,0.054,Moonlit,-36.212,93.024,52.6737,56.4297,85.0687,75.9,0.543,Waning Gibbous,True
2025-10-13,03:54:00,0.0541,Moonlit,-35.9657,93.0554,52.8742,56.2945,85.0775,75.91,0.5429,Waning Gibbous,True
2025-10-13,03:55:00,0.0543,Moonlit,-35.7193,93.0867,53.0744,56.1575,85.0864,75.91,0.5428,Waning Gibbous,True
2025-10-13,03:56:00,0.0544,Moonlit,-35.473,93.118,53.2744,56.0185,85.0952,75.92,0.5427,Waning Gibbous,True
2025-10-13,03:57:00,0.0545,Moonlit,-35.2267,93.1493,53.474,55.8776,85.1041,75.93,0.5427,Waning Gibbous,True
2025-10-13,03:58:00,0.0547,Moonlit,-34.9803,93.1807,53.6733,55.7346,85.113,75.93,0.5426,Waning Gibbous,True
2025-10-13,03:59:00,0.0548,Moonlit,-34.734,93.212,53.8722,55.5897,85.1218,75.94,0.5425,Waning Gibbous,True
2025-10-13,04:00:00,0.0549,Moonlit,-34.4877,93.2433,54.0709,55.4427,85.1307,75.95,0.5424,Waning Gibbous,True
2025-10-13,04:01:00,0.055,Moonlit,-34.2414,93.2746,54.2692,55.2937,85.1395,75.96,0.5424,Waning Gibbous,True
2025-10-13,04:02:00,0.0551,Moonlit,-33.9951,93.3059,54.4671,55.1425,85.1484,75.96,0.5423,Waning Gibbous,True
2025-10-13,04:03:00,0.0553,Moonlit,-33.7489,93.3371,54.6647,54.9892,85.1573,75.97,0.5422,Waning Gibbous,True
2025-10-13,04:04:00,0.0554,Moonlit,-33.5026,93.3684,54.862,54.8338,85.1661,75.98,0.5421,Waning Gibbous,True
2025-10-13,04:05:00,0.0555,Moonlit,-33.2563,93.3997,55.0588,54.6761,85.175,75.98,0.5421,Waning Gibbous,True
2025-10-13,04:06:00,0.0556,Moonlit,-33.0101,93.431,55.2553,54.5162,85.1838,75.99,0.542,Waning Gibbous,True
2025-10-13,04:07:00,0.0557,Moonlit,-32.7638,93.4623,55.4515,54.3541,85.1927,76.0,0.5419,Waning Gibbous,True
2025-10-13,04:08:00,0.0558,Moonlit,-32.5176,93.4936,55.6472,54.1897,85.2016,76.01,0.5418,Waning Gibbous,True
2025-10-13,04:09:00,0.056,Moonlit,-32.2713,93.5249,55.8425,54.0229,85.2104,76.01,0.5417,Waning Gibbous,True
2025-10-13,04:10:00,0.0561,Moonlit,-32.0251,93.5562,56.0375,53.8538,85.2193,76.02,0.5417,Waning Gibbous,True
2025-10-13,04:11:00,0.0562,Moonlit,-31.7789,93.5875,56.232,53.6822,85.2281,76.03,0.5416,Waning Gibbous,True
2025-10-13,04:12:00,0.0563,Moonlit,-31.5327,93.6188,56.4261,53.5083,85.237,76.03,0.5415,Waning Gibbous,True
2025-10-13,04:13:00,0.0564,Moonlit,-31.2865,93.6501,56.6198,53.3319,85.2459,76.04,0.5414,Waning Gibbous,True
2025-10-13,04:14:00,0.0565,Moonlit,-31.0403,93.6815,56.8131,53.1529,85.2547,76.05,0.5414,Waning Gibbous,True
2025-10-13,04:15:00,0.0566,Moonlit,-30.7941,93.7128,57.0059,52.9714,85.2636,76.05,0.5413,Waning Gibbous,True
2025-10-13,04:16:00,0.0567,Moonlit,-30.548,93.7442,57.1983,52.7874,85.2724,76.06,0.5412,Waning Gibbous,True
2025-10-13,04:17:00,0.0568,Moonlit,-30.3018,93.7755,57.3902,52.6007,85.2813,76.07,0.5411,Waning Gibbous,True
2025-10-13,04:18:00,0.0569,Moonlit,-30.0556,93.8069,57.5817,52.4114,85.2901,76.08,0.5411,Waning Gibbous,True
2025-10-13,04:19:00,0.0571,Moonlit,-29.8095,93.8383,57.7727,52.2193,85.299,76.08,0.541,Waning Gibbous,True
2025-10-13,04:20:00,0.0572,Moonlit,-29.5634,93.8697,57.9632,52.0246,85.3079,76.09,0.5409,Waning Gibbous,True
2025-10-13,04:21:00,0.0573,Moonlit,-29.3172,93.9012,58.1532,51.827,85.3167,76.1,0.5408,Waning Gibbous,True
2025-10-13,04:22:00,0.0574,Moonlit,-29.0711,93.9326,58.3427,51.6266,85.3256,76.1,0.5407,Waning Gibbous,True
2025-10-13,04:23:00,0.0575,Moonlit,-28.825,93.9641,58.5316,51.4234,85.3344,76.11,0.5407,Waning Gibbous,True
2025-10-13,04:24:00,0.0576,Moonlit,-28.5789,93.9956,58.7201,51.2172,85.3433,76.12,0.5406,Waning Gibbous,True
2025-10-13,04:25:00,0.0577,Moonlit,-28.3328,94.0271,58.908,51.0081,85.3521,76.13,0.5405,Waning Gibbous,True
2025-10-13,04:26:00,0.0578,Moonlit,-28.0867,94.0586,59.0954,50.7961,85.361,76.13,0.5404,Waning Gibbous,True
2025-10-13,04:27:00,0.0578,Moonlit,-27.8407,94.0902,59.2823,50.5809,85.3699,76.14,0.5404,Waning Gibbous,True
2025-10-13,04:28:00,0.0579,Moonlit,-27.5946,94.1218,59.4685,50.3627,85.3787,76.15,0.5403,Waning Gibbous,True
2025-10-13,04:29:00,0.058,Moonlit,-27.3486,94.1534,59.6542,50.1413,85.3876,76.15,0.5402,Waning Gibbous,True
2025-10-13,04:30:00,0.0581,Moonlit,-27.1025,94.185,59.8393,49.9168,85.3964,76.16,0.5401,Waning Gibbous,True
2025-10-13,04:31:00,0.0582,Moonlit,-26.8565,94.2167,60.0238,49.689,85.4053,76.17,0.5401,Waning Gibbous,True
2025-10-13,04:32:00,0.0583,Moonlit,-26.6105,94.2484,60.2077,49.458,85.4141,76.17,0.54,Waning Gibbous,True
2025-10-13,04:33:00,0.0584,Moonlit,-26.3645,94.2801,60.391,49.2236,85.423,76.18,0.5399,Waning Gibbous,True
2025-10-13,04:34:00,0.0585,Moonlit,-26.1185,94.3118,60.5737,48.9859,85.4318,76.19,0.5398,Waning Gibbous,True
2025-10-13,04:35:00,0.0586,Moonlit,-25.8725,94.3436,60.7557,48.7447,85.4407,76.2,0.5397,Waning Gibbous,True
2025-10-13,04:36:00,0.0587,Moonlit,-25.6265,94.3754,60.937,48.5001,85.4495,76.2,0.5397,Waning Gibbous,True
2025-10-13,04:37:00,0.0588,Moonlit,-25.3805,94.4073,61.1177,48.2519,85.4584,76.21,0.5396,Waning Gibbous,True
2025-10-13,04:38:00,0.0588,Moonlit,-25.1346,94.4392,61.2977,48.0002,85.4673,76.22,0.5395,Waning Gibbous,True
2025-10-13,04:39:00,0.0589,Moonlit,-24.8886,94.4711,61.4769,47.7448,85.4761,76.22,0.5394,Waning Gibbous,True
2025-10-13,04:40:00,0.059,Moonlit,-24.6427,94.503,61.6555,47.4858,85.485,76.23,0.5394,Waning Gibbous,True
2025-10-13,04:41:00,0.0591,Moonlit,-24.3967,94.535,61.8334,47.2229,85.4938,76.24,0.5393,Waning Gibbous,True
2025-10-13,04:42:00,0.0592,Moonlit,-24.1508,94.567,62.0105,46.9563,85.5027,76.25,0.5392,Waning Gibbous,True
2025-10-13,04:43:00,0.0593,Moonlit,-23.9049,94.5991,62.1868,46.6859,85.5115,76.25,0.5391,Waning Gibbous,True
2025-10-13,04:44:00,0.0593,Moonlit,-23.659,94.6312,62.3624,46.4115,85.5204,76.26,0.5391,Waning Gibbous,True
2025-10-13,04:45:00,0.0594,Moonlit,-23.4132,94.6634,62.5372,46.1332,85.5292,76.27,0.539,Waning Gibbous,True
2025-10-13,04:46:00,0.0595,Moonlit,-23.1673,94.6955,62.7111,45.8509,85.5381,76.27,0.5389,Waning Gibbous,True
2025-10-13,04:47:00,0.0596,Moonlit,-22.9214,94.7278,62.8843,45.5644,85.5469,76.28,0.5388,Waning Gibbous,True
2025-10-13,04:48:00,0.0596,Moonlit,-22.6756,94.7601,63.0566,45.2739,85.5558,76.29,0.5387,Waning Gibbous,True
2025-10-13,04:49:00,0.0597,Moonlit,-22.4297,94.7924,63.2281,44.9791,85.5646,76.29,0.5387,Waning Gibbous,True
2025-10-13,04:50:00,0.0598,Moonlit,-22.1839,94.8247,63.3987,44.6801,85.5735,76.3,0.5386,Waning Gibbous,True
2025-10-13,04:51:00,0.0599,Moonlit,-21.9381,94.8572,63.5684,44.3768,85.5823,76.31,0.5385,Waning Gibbous,True
2025-10-13,04:52:00,0.0599,Moonlit,-21.6923,94.8896,63.7373,44.0691,85.5912,76.32,0.5384,Waning Gibbous,True
2025-10-13,04:53:00,0.06,Moonlit,-21.4465,94.9221,63.9051,43.7569,85.6,76.32,0.5384,Waning Gibbous,True
2025-10-13,04:54:00,0.0601,Moonlit,-21.2007,94.9547,64.0721,43.4403,85.6089,76.33,0.5383,Waning Gibbous,True
2025-10-13,04:55:00,0.0601,Moonlit,-20.955,94.9873,64.2381,43.1191,85.6177,76.34,0.5382,Waning Gibbous,True
2025-10-13,04:56:00,0.0602,Moonlit,-20.7092,95.0199,64.4031,42.7933,85.6266,76.34,0.5381,Waning Gibbous,True
2025-10-13,04:57:00,0.0603,Moonlit,-20.4635,95.0527,64.5671,42.4629,85.6354,76.35,0.5381,Waning Gibbous,True
2025-10-13,04:58:00,0.0603,Moonlit,-20.2178,95.0854,64.7301,42.1277,85.6443,76.36,0.538,Waning Gibbous,True
2025-10-13,04:59:00,0.0604,Moonlit,-19.972,95.1182,64.8921,41.7876,85.6531,76.36,0.5379,Waning Gibbous,True
2025-10-13,05:00:00,0.0605,Moonlit,-19.7263,95.1511,65.053,41.4428,85.662,76.37,0.5378,Waning Gibbous,True
2025-10-13,05:01:00,0.0605,Moonlit,-19.4807,95.1841,65.2128,41.093,85.6708,76.38,0.5377,Waning Gibbous,True
2025-10-13,05:02:00,0.0606,Moonlit,-19.235,95.217,65.3715,40.7382,85.6797,76.39,0.5377,Waning Gibbous,True
2025-10-13,05:03:00,0.0606,Moonlit,-18.9893,95.2501,65.5291,40.3784,85.6885,76.39,0.5376,Waning Gibbous,True
2025-10-13,05:04:00,0.0607,Moonlit,-18.7437,95.2832,65.6856,40.0134,85.6974,76.4,0.5375,Waning Gibbous,True
2025-10-13,05:05:00,0.0607,Moonlit,-18.498,95.3164,65.8409,39.6433,85.7062,76.41,0.5374,Waning Gibbous,True
2025-10-13,05:06:00,0.0608,Moonlit,-18.2524,95.3496,65.9949,39.268,85.7151,76.41,0.5374,Waning Gibbous,True
2025-10-13,05:07:00,0.0609,Moonlit,-18.0068,95.3829,66.1478,38.8874,85.7239,76.42,0.5373,Waning Gibbous,True
2025-10-13,05:08:00,0.0612,Astronomical Twilight,-17.7612,95.4162,66.2994,38.5015,85.7328,76.43,0.5372,Waning Gibbous,True
2025-10-13,05:09:00,0.0614,Astronomical Twilight,-17.5156,95.4496,66.4498,38.1101,85.7416,76.43,0.5371,Waning Gibbous,True
2025-10-13,05:10:00,0.0617,Astronomical Twilight,-17.27,95.4831,66.5989,37.7133,85.7505,76.44,0.5371,Waning Gibbous,True
2025-10-13,05:11:00,0.062,Astronomical Twilight,-17.0245,95.5167,66.7466,37.311,85.7593,76.45,0.537,Waning Gibbous,True
2025-10-13,05:12:00,0.0623,Astronomical Twilight,-16.779,95.5503,66.893,36.9031,85.7682,76.46,0.5369,Waning Gibbous,True
2025-10-13,05:13:00,0.0626,Astronomical Twilight,-16.5334,95.584,67.0381,36.4896,85.777,76.46,0.5368,Waning Gibbous,True
2025-10-13,05:14:00,0.0629,Astronomical Twilight,-16.2879,95.6177,67.1818,36.0704,85.7859,76.47,0.5367,Waning Gibbous,True
2025-10-13,05:15:00,0.0632,Astronomical Twilight,-16.0424,95.6515,67.324,35.6455,85.7947,76.48,0.5367,Waning Gibbous,True
2025-10-13,05:16:00,0.0635,Astronomical Twilight,-15.7969,95.6854,67.4648,35.2148,85.8036,76.48,0.5366,Waning Gibbous,True
2025-10-13,05:17:00,0.0638,Astronomical Twilight,-15.5515,95.7194,67.6041,34.7783,85.8124,76.49,0.5365,Waning Gibbous,True
2025-10-13,05:18:00,0.0641,Astronomical Twilight,-15.306,95.7534,67.7419,34.3359,85.8213,76.5,0.5364,Waning Gibbous,True
2025-10-13,05:19:00,0.0644,Astronomical Twilight,-15.0606,95.7875,67.8782,33.8876,85.8301,76.5,0.5364,Waning Gibbous,True
2025-10-13,05:20:00,0.0647,Astronomical Twilight,-14.8151,95.8217,68.0129,33.4334,85.839,76.51,0.5363,Waning Gibbous,True
2025-10-13,05:21:00,0.0649,Astronomical Twilight,-14.5697,95.856,68.146,32.9731,85.8478,76.52,0.5362,Waning Gibbous,True
2025-10-13,05:22:00,0.0652,Astronomical Twilight,-14.3243,95.8903,68.2775,32.5068,85.8567,76.53,0.5361,Waning Gibbous,True
2025-10-13,05:23:00,0.0655,Astronomical Twilight,-14.079,95.9247,68.4073,32.0345,85.8655,76.53,0.536,Waning Gibbous,True
2025-10-13,05:24:00,0.0658,Astronomical Twilight,-13.8336,95.9592,68.5355,31.5561,85.8743,76.54,0.536,Waning Gibbous,True
2025-10-13,05:25:00,0.0661,Astronomical Twilight,-13.5882,95.9938,68.662,31.0715,85.8832,76.55,0.5359,Waning Gibbous,True
2025-10-13,05:26:00,0.0664,Astronomical Twilight,-13.3429,96.0284,68.7867,30.5808,85.892,76.55,0.5358,Waning Gibbous,True
2025-10-13,05:27:00,0.0666,Astronomical Twilight,-13.0976,96.0632,68.9096,30.0839,85.9009,76.56,0.5357,Waning Gibbous,True
2025-10-13,05:28:00,0.0669,Astronomical Twilight,-12.8523,96.098,69.0307,29.5808,85.9097,76.57,0.5357,Waning Gibbous,True
2025-10-13,05:29:00,0.0672,Astronomical Twilight,-12.607,96.1329,69.15,29.0716,85.9186,76.57,0.5356,Waning Gibbous,True
2025-10-13,05:30:00,0.0675,Astronomical Twilight,-12.3617,96.1679,69.2675,28.5561,85.9274,76.58,0.5355,Waning Gibbous,True
2025-10-13,05:31:00,0.0677,Astronomical Twilight,-12.1165,96.2029,69.383,28.0344,85.9363,76.59,0.5354,Waning Gibbous,True
2025-10-13,05:32:00,0.0748,Nautical Twilight,-11.8712,96.2381,69.4966,27.5065,85.9451,76.6,0.5354,Waning Gibbous,True
2025-10-13,05:33:00,0.0993,Nautical Twilight,-11.626,96.2733,69.6082,26.9723,85.9539,76.6,0.5353,Waning Gibbous,True
2025-10-13,05:34:00,0.1239,Nautical Twilight,-11.3808,96.3087,69.7178,26.432,85.9628,76.61,0.5352,Waning Gibbous,True
2025-10-13,05:35:00,0.1484,Nautical Twilight,-11.1356,96.3441,69.8254,25.8855,85.9716,76.62,0.5351,Waning Gibbous,False
2025-10-13,05:36:00,0.1729,Nautical Twilight,-10.8905,96.3796,69.9309,25.3328,85.9805,76.62,0.535,Waning Gibbous,False
2025-10-13,05:37:00,0.1975,Nautical Twilight,-10.6453,96.4152,70.0343,24.774,85.9893,76.63,0.535,Waning Gibbous,False
2025-10-13,05:38:00,0.222,Nautical Twilight,-10.4002,96.4509,70.1356,24.209,85.9982,76.64,0.5349,Waning Gibbous,False
2025-10-13,05:39:00,0.2466,Nautical Twilight,-10.1551,96.4867,70.2347,23.638,86.007,76.64,0.5348,Waning Gibbous,False
2025-10-13,05:40:00,0.2711,Nautical Twilight,-9.91,96.5226,70.3316,23.0609,86.0159,76.65,0.5347,Waning Gibbous,False
2025-10-13,05:41:00,0.2956,Nautical Twilight,-9.6649,96.5586,70.4263,22.4779,86.0247,76.66,0.5347,Waning Gibbous,False
2025-10-13,05:42:00,0.3201,Nautical Twilight,-9.4198,96.5947,70.5187,21.8889,86.0335,76.67,0.5346,Waning Gibbous,False
2025-10-13,05:43:00,0.3447,Nautical Twilight,-9.1748,96.6308,70.6088,21.294,86.0424,76.67,0.5345,Waning Gibbous,False
2025-10-13,05:44:00,0.3692,Nautical Twilight,-8.9297,96.6671,70.6966,20.6934,86.0512,76.68,0.5344,Waning Gibbous,False
2025-10-13,05:45:00,0.3937,Nautical Twilight,-8.6847,96.7035,70.782,20.087,86.0601,76.69,0.5344,Waning Gibbous,False
2025-10-13,05:46:00,0.4182,Nautical Twilight,-8.4397,96.74,70.865,19.475,86.0689,76.69,0.5343,Waning Gibbous,False
2025-10-13,05:47:00,0.4427,Nautical Twilight,-8.1948,96.7766,70.9456,18.8574,86.0777,76.7,0.5342,Waning Gibbous,False
2025-10-13,05:48:00,0.4672,Nautical Twilight,-7.9498,96.8133,71.0237,18.2344,86.0866,76.71,0.5341,Waning Gibbous,False
2025-10-13,05:49:00,0.4917,Nautical Twilight,-7.7049,96.8501,71.0994,17.606,86.0954,76.71,0.534,Waning Gibbous,False
2025-10-13,05:50:00,0.5162,Nautical Twilight,-7.4599,96.887,71.1725,16.9723,86.1043,76.72,0.534,Waning Gibbous,False
2025-10-13,05:51:00,0.5407,Nautical Twilight,-7.215,96.924,71.2431,16.3336,86.1131,76.73,0.5339,Waning Gibbous,False
2025-10-13,05:52:00,0.5652,Nautical Twilight,-6.9702,96.9611,71.3111,15.6899,86.122,76.74,0.5338,Waning Gibbous,False
2025-10-13,05:53:00,0.5897,Nautical Twilight,-6.7253,96.9983,71.3765,15.0413,86.1308,76.74,0.5337,Waning Gibbous,False
2025-10-13,05:54:00,0.6142,Nautical Twilight,-6.4805,97.0357,71.4392,14.3879,86.1396,76.75,0.5337,Waning Gibbous,False
2025-10-13,05:55:00,0.6387,Nautical Twilight,-6.2356,97.0731,71.4993,13.73,86.1485,76.76,0.5336,Waning Gibbous,False
2025-10-13,05:56:00,0.0934,Civil Twilight,-5.9908,97.1107,71.5567,13.0677,86.1573,76.76,0.5335,Waning Gibbous,True
2025-10-13,05:57:00,0.9256,Civil Twilight,-5.7461,97.1484,71.6114,12.4012,86.1662,76.77,0.5334,Waning Gibbous,False
2025-10-13,05:58:00,1.7578,Civil Twilight,-5.5013,97.1862,71.6634,11.7305,86.175,76.78,0.5334,Waning Gibbous,False
2025-10-13,05:59:00,2.5899,Civil Twilight,-5.2566,97.2241,71.7126,11.056,86.1838,76.78,0.5333,Waning Gibbous,False
2025-10-13,06:00:00,3.422,Civil Twilight,-5.0119,97.2621,71.759,10.3777,86.1927,76.79,0.5332,Waning Gibbous,False
2025-10-13,06:01:00,4.2539,Civil Twilight,-4.7672,97.3003,71.8026,9.6959,86.2015,76.8,0.5331,Waning Gibbous,False
2025-10-13,06:02:00,5.0858,Civil Twilight,-4.5225,97.3386,71.8433,9.0108,86.2104,76.81,0.533,Waning Gibbous,False
2025-10-13,06:03:00,5.9177,Civil Twilight,-4.2778,97.377,71.8812,8.3226,86.2192,76.81,0.533,Waning Gibbous,False
2025-10-13,06:04:00,6.7494,Civil Twilight,-4.0332,97.4155,71.9163,7.6314,86.228,76.82,0.5329,Waning Gibbous,False
2025-10-13,06:05:00,7.5811,Civil Twilight,-3.7886,97.4541,71.9485,6.9375,86.2369,76.83,0.5328,Waning Gibbous,False
2025-10-13,06:06:00,8.4127,Civil Twilight,-3.544,97.4929,71.9778,6.2411,86.2457,76.83,0.5327,Waning Gibbous,False
2025-10-13,06:07:00,9.2442,Civil Twilight,-3.2994,97.5318,72.0041,5.5425,86.2545,76.84,0.5327,Waning Gibbous,False
2025-10-13,06:08:00,10.0757,Civil Twilight,-3.0549,97.5708,72.0276,4.8418,86.2634,76.85,0.5326,Waning Gibbous,False
2025-10-13,06:09:00,10.907,Civil Twilight,-2.8103,97.61,72.0481,4.1393,86.2722,76.85,0.5325,Waning Gibbous,False
2025-10-13,06:10:00,11.7383,Civil Twilight,-2.5658,97.6493,72.0657,3.4352,86.2811,76.86,0.5324,Waning Gibbous,False
2025-10-13,06:11:00,12.5695,Civil Twilight,-2.3214,97.6887,72.0803,2.7298,86.2899,76.87,0.5324,Waning Gibbous,False
2025-10-13,06:12:00,13.4007,Civil Twilight,-2.0769,97.7283,72.0919,2.0233,86.2987,76.87,0.5323,Waning Gibbous,False
2025-10-13,06:13:00,14.2317,Civil Twilight,-1.8325,97.768,72.1006,1.3159,86.3076,76.88,0.5322,Waning Gibbous,False
2025-10-13,06:14:00,15.0627,Civil Twilight,-1.5881,97.8078,72.1063,0.608,86.3164,76.89,0.5321,Waning Gibbous,False
2025-10-13,06:15:00,15.8936,Civil Twilight,-1.3437,97.8478,72.109,359.8996,86.3252,76.9,0.532,Waning Gibbous,False
2025-10-13,06:16:00,16.7244,Civil Twilight,-1.0993,97.8879,72.1088,359.1912,86.3341,76.9,0.532,Waning Gibbous,False
2025-10-13,06:17:00,17.5552,Civil Twilight,-0.855,97.9281,72.1056,358.4829,86.3429,76.91,0.5319,Waning Gibbous,False
2025-10-13,06:18:00,18.3858,Civil Twilight,-0.6107,97.9685,72.0994,357.775,86.3518,76.92,0.5318,Waning Gibbous,False
2025-10-13,06:19:00,19.2164,Civil Twilight,-0.3664,98.0091,72.0902,357.0677,86.3606,76.92,0.5317,Waning Gibbous,False
2025-10-13,06:20:00,20.0469,Civil Twilight,-0.1221,98.0498,72.078,356.3613,86.3694,76.93,0.5317,Waning Gibbous,False
2025-10-13,06:21:00,796.5917,Daylit,0.1221,98.0906,72.0629,355.6559,86.3783,76.94,0.5316,Waning Gibbous,False
2025-10-13,06:22:00,1988.8357,Daylit,0.3664,98.1316,72.0449,354.952,86.3871,76.94,0.5315,Waning Gibbous,False
2025-10-13,06:23:00,3043.4325,Daylit,0.6105,98.1727,72.0239,354.2496,86.3959,76.95,0.5314,Waning Gibbous,False
2025-10-13,06:24:00,4027.7049,Daylit,0.8547,98.214,71.9999,353.549,86.4048,76.96,0.5314,Waning Gibbous,False
2025-10-13,06:25:00,4965.2871,Daylit,1.0989,98.2554,71.9731,352.8505,86.4136,76.96,0.5313,Waning Gibbous,False
2025-10-13,06:26:00,5868.2502,Daylit,1.343,98.297,71.9433,352.1543,86.4224,76.97,0.5312,Waning Gibbous,False
2025-10-13,06:27:00,6743.8792,Daylit,1.5871,98.3387,71.9106,351.4606,86.4313,76.98,0.5311,Waning Gibbous,False
2025-10-13,06:28:00,7597.0241,Daylit,1.8311,98.3806,71.8751,350.7697,86.4401,76.99,0.531,Waning Gibbous,False
2025-10-13,06:29:00,8431.132,Daylit,2.0752,98.4227,71.8366,350.0816,86.4489,76.99,0.531,Waning Gibbous,False
2025-10-13,06:30:00,9248.7704,Daylit,2.3192,98.4649,71.7954,349.3967,86.4578,77.0,0.5309,Waning Gibbous,False
2025-10-13,06:31:00,10051.9206,Daylit,2.5631,98.5073,71.7513,348.7152,86.4666,77.01,0.5308,Waning Gibbous,False
2025-10-13,06:32:00,10842.1542,Daylit,2.8071,98.5498,71.7044,348.0372,86.4755,77.01,0.5307,Waning Gibbous,False
2025-10-13,06:33:00,11620.7458,Daylit,3.051,98.5925,71.6547,347.3629,86.4843,77.02,0.5307,Waning Gibbous,False
2025-10-13,06:34:00,12388.748,Daylit,3.2949,98.6354,71.6023,346.6925,86.4931,77.03,0.5306,Waning Gibbous,False
2025-10-13,06:35:00,13147.0437,Daylit,3.5388,98.6785,71.5471,346.0263,86.502,77.03,0.5305,Waning Gibbous,False
2025-10-13,06:36:00,13896.3828,Daylit,3.7826,98.7217,71.4892,345.3643,86.5108,77.04,0.5304,Waning Gibbous,False
2025-10-13,06:37:00,14637.4093,Daylit,4.0265,98.7651,71.4286,344.7067,86.5196,77.05,0.5304,Waning Gibbous,False
2025-10-13,06:38:00,15370.6818,Daylit,4.2702,98.8086,71.3654,344.0537,86.5285,77.05,0.5303,Waning Gibbous,False
2025-10-13,06:39:00,16096.6889,Daylit,4.514,98.8524,71.2995,343.4054,86.5373,77.06,0.5302,Waning Gibbous,False
2025-10-13,06:40:00,16815.8609,Daylit,4.7577,98.8963,71.231,342.762,86.5461,77.07,0.5301,Waning Gibbous,False
2025-10-13,06:41:00,17528.5796,Daylit,5.0014,98.9404,71.1599,342.1237,86.5549,77.08,0.53,Waning Gibbous,False
2025-10-13,06:42:00,18235.1856,Daylit,5.2451,98.9847,71.0863,341.4904,86.5638,77.08,0.53,Waning Gibbous,False
2025-10-13,06:43:00,18935.9843,Daylit,5.4887,99.0291,71.0102,340.8624,86.5726,77.09,0.5299,Waning Gibbous,False
2025-10-13,06:44:00,19631.251,Daylit,5.7324,99.0738,70.9315,340.2397,86.5814,77.1,0.5298,Waning Gibbous,False
2025-10-13,06:45:00,20321.2349,Daylit,5.9759,99.1186,70.8504,339.6225,86.5903,77.1,0.5297,Waning Gibbous,False
2025-10-13,06:46:00,21006.1624,Daylit,6.2195,99.1636,70.7669,339.0109,86.5991,77.11,0.5297,Waning Gibbous,False
2025-10-13,06:47:00,21686.24,Daylit,6.463,99.2088,70.681,338.4049,86.6079,77.12,0.5296,Waning Gibbous,False
2025-10-13,06:48:00,22361.6568,Daylit,6.7065,99.2542,70.5927,337.8046,86.6168,77.12,0.5295,Waning Gibbous,False
2025-10-13,06:49:00,23032.5861,Daylit,6.9499,99.2998,70.5021,337.2101,86.6256,77.13,0.5294,Waning Gibbous,False
2025-10-13,06:50:00,23699.1877,Daylit,7.1934,99.3456,70.4092,336.6215,86.6344,77.14,0.5294,Waning Gibbous,False
2025-10-13,06:51:00,24361.6089,Daylit,7.4368,99.3916,70.314,336.0389,86.6433,77.14,0.5293,Waning Gibbous,False
2025-10-13,06:52:00,25019.9861,Daylit,7.6801,99.4378,70.2166,335.4622,86.6521,77.15,0.5292,Waning Gibbous,False
2025-10-13,06:53:00,25674.4456,Daylit,7.9234,99.4842,70.117,334.8916,86.6609,77.16,0.5291,Waning Gibbous,False
2025-10-13,06:54:00,26325.1051,Daylit,8.1667,99.5308,70.0152,334.327,86.6698,77.17,0.529,Waning Gibbous,False
2025-10-13,06:55:00,26972.0737,Daylit,8.41,99.5776,69.9113,333.7686,86.6786,77.17,0.529,Waning Gibbous,False
2025-10-13,06:56:00,27615.4536,Daylit,8.6532,99.6246,69.8053,333.2163,86.6874,77.18,0.5289,Waning Gibbous,False
2025-10-13,06:57:00,28255.3399,Daylit,8.8964,99.6718,69.6972,332.6701,86.6962,77.19,0.5288,Waning Gibbous,False
2025-10-13,06:58:00,28891.822,Daylit,9.1396,99.7192,69.5871,332.1302,86.7051,77.19,0.5287,Waning Gibbous,False
2025-10-13,06:59:00,29524.9834,Daylit,9.3827,99.7668,69.475,331.5964,86.7139,77.2,0.5287,Waning Gibbous,False
2025-10-13,07:00:00,30154.9025,Daylit,9.6258,99.8147,69.3609,331.0689,86.7227,77.21,0.5286,Waning Gibbous,False
2025-10-13,07:01:00,30781.6531,Daylit,9.8688,99.8628,69.2449,330.5476,86.7316,77.21,0.5285,Waning Gibbous,False
2025-10-13,07:02:00,31405.3045,Daylit,10.1118,99.9111,69.127,330.0325,86.7404,77.22,0.5284,Waning Gibbous,False
2025-10-13,07:03:00,32025.922,Daylit,10.3548,99.9596,69.0072,329.5236,86.7492,77.23,0.5284,Waning Gibbous,False
2025-10-13,07:04:00,32643.5674,Daylit,10.5978,100.0083,68.8855,329.0209,86.758,77.23,0.5283,Waning Gibbous,False
2025-10-13,07:05:00,33258.2989,Daylit,10.8407,100.0573,68.7621,328.5243,86.7669,77.24,0.5282,Waning Gibbous,False
2025-10-13,07:06:00,33870.1713,Daylit,11.0835,100.1065,68.6368,328.034,86.7757,77.25,0.5281,Waning Gibbous,False
2025-10-13,07:07:00,34479.2367,Daylit,11.3264,100.1559,68.5099,327.5498,86.7845,77.25,0.528,Waning Gibbous,False
2025-10-13,07:08:00,35085.5445,Daylit,11.5692,100.2056,68.3812,327.0717,86.7934,77.26,0.528,Waning Gibbous,False
2025-10-13,07:09:00,35689.1411,Daylit,11.8119,100.2555,68.2508,326.5996,86.8022,77.27,0.5279,Waning Gibbous,False
2025-10-13,07:10:00,36290.071,Daylit,12.0546,100.3056,68.1188,326.1337,86.811,77.28,0.5278,Waning Gibbous,False
2025-10-13,07:11:00,36888.376,Daylit,12.2973,100.356,67.9852,325.6738,86.8198,77.28,0.5277,Waning Gibbous,False
2025-10-13,07:12:00,37484.096,Daylit,12.5399,100.4066,67.8499,325.2198,86.8287,77.29,0.5277,Waning Gibbous,False
2025-10-13,07:13:00,38077.269,Daylit,12.7825,100.4575,67.7131,324.7718,86.8375,77.3,0.5276,Waning Gibbous,False
2025-10-13,07:14:00,38667.931,Daylit,13.0251,100.5086,67.5748,324.3297,86.8463,77.3,0.5275,Waning Gibbous,False
2025-10-13,07:15:00,39256.1162,Daylit,13.2676,100.56,67.4349,323.8935,86.8551,77.31,0.5274,Waning Gibbous,False
2025-10-13,07:16:00,39841.8573,Daylit,13.5101,100.6116,67.2936,323.4631,86.864,77.32,0.5274,Waning Gibbous,False
2025-10-13,07:17:00,40425.1854,Daylit,13.7525,100.6635,67.1508,323.0385,86.8728,77.32,0.5273,Waning Gibbous,False
2025-10-13,07:18:00,41006.13,Daylit,13.9949,100.7156,67.0067,322.6195,86.8816,77.33,0.5272,Waning Gibbous,False
2025-10-13,07:19:00,41584.7194,Daylit,14.2373,100.768,66.8611,322.2063,86.8905,77.34,0.5271,Waning Gibbous,False
2025-10-13,07:20:00,42160.9806,Daylit,14.4796,100.8207,66.7141,321.7986,86.8993,77.34,0.527,Waning Gibbous,False
2025-10-13,07:21:00,42734.9392,Daylit,14.7219,100.8736,66.5658,321.3965,86.9081,77.35,0.527,Waning Gibbous,False
2025-10-13,07:22:00,43306.6197,Daylit,14.9641,100.9268,66.4162,321.0,86.9169,77.36,0.5269,Waning Gibbous,False
2025-10-13,07:23:00,43876.0455,Daylit,15.2063,100.9803,66.2653,320.6088,86.9258,77.37,0.5268,Waning Gibbous,False
2025-10-13,07:24:00,44443.2391,Daylit,15.4484,101.0341,66.1131,320.2231,86.9346,77.37,0.5267,Waning Gibbous,False
2025-10-13,07:25:00,45008.2217,Daylit,15.6905,101.0881,65.9596,319.8427,86.9434,77.38,0.5267,Waning Gibbous,False
2025-10-13,07:26:00,45571.0138,Daylit,15.9326,101.1424,65.805,319.4676,86.9522,77.39,0.5266,Waning Gibbous,False
2025-10-13,07:27:00,46131.6349,Daylit,16.1746,101.197,65.6491,319.0976,86.9611,77.39,0.5265,Waning Gibbous,False
2025-10-13,07:28:00,46690.1036,Daylit,16.4165,101.2519,65.4921,318.7329,86.9699,77.4,0.5264,Waning Gibbous,False
2025-10-13,07:29:00,47246.4378,Daylit,16.6584,101.307,65.334,318.3732,86.9787,77.41,0.5264,Waning Gibbous,False
2025-10-13,07:30:00,47800.6545,Daylit,16.9003,101.3625,65.1747,318.0186,86.9875,77.41,0.5263,Waning Gibbous,False
2025-10-13,07:31:00,48352.7702,Daylit,17.1421,101.4182,65.0143,317.669,86.9963,77.42,0.5262,Waning Gibbous,False
2025-10-13,07:32:00,48902.8003,Daylit,17.3839,101.4743,64.8528,317.3242,87.0052,77.43,0.5261,Waning Gibbous,False
2025-10-13,07:33:00,49450.7598,Daylit,17.6256,101.5307,64.6902,316.9843,87.014,77.43,0.526,Waning Gibbous,False
2025-10-13,07:34:00,49996.663,Daylit,17.8673,101.5873,64.5266,316.6492,87.0228,77.44,0.526,Waning Gibbous,False
2025-10-13,07:35:00,50540.5237,Daylit,18.1089,101.6443,64.362,316.3189,87.0316,77.45,0.5259,Waning Gibbous,False
2025-10-13,07:36:00,51082.3549,Daylit,18.3504,101.7016,64.1964,315.9932,87.0405,77.45,0.5258,Waning Gibbous,False
2025-10-13,07:37:00,51622.1691,Daylit,18.592,101.7592,64.0298,315.6721,87.0493,77.46,0.5257,Waning Gibbous,False
2025-10-13,07:38:00,52159.9783,Daylit,18.8334,101.8171,63.8623,315.3555,87.0581,77.47,0.5257,Waning Gibbous,False
2025-10-13,07:39:00,52695.7941,Daylit,19.0749,101.8753,63.6938,315.0434,87.0669,77.47,0.5256,Waning Gibbous,False
2025-10-13,07:40:00,53229.6273,Daylit,19.3162,101.9339,63.5243,314.7358,87.0758,77.48,0.5255,Waning Gibbous,False
2025-10-13,07:41:00,53761.4886,Daylit,19.5575,101.9928,63.354,314.4325,87.0846,77.49,0.5254,Waning Gibbous,False
2025-10-13,07:42:00,54291.3879,Daylit,19.7988,102.052,63.1828,314.1336,87.0934,77.5,0.5254,Waning Gibbous,False
2025-10-13,07:43:00,54819.3349,Daylit,20.04,102.1116,63.0107,313.8388,87.1022,77.5,0.5253,Waning Gibbous,False
2025-10-13,07:44:00,55345.3388,Daylit,20.2812,102.1714,62.8377,313.5483,87.111,77.51,0.5252,Waning Gibbous,False
2025-10-13,07:45:00,55869.4085,Daylit,20.5223,102.2317,62.6639,313.2619,87.1199,77.52,0.5251,Waning Gibbous,False
2025-10-13,07:46:00,56391.5522,Daylit,20.7633,102.2923,62.4893,312.9795,87.1287,77.52,0.525,Waning Gibbous,False
2025-10-13,07:47:00,56911.7781,Daylit,21.0043,102.3532,62.3138,312.7012,87.1375,77.53,0.525,Waning Gibbous,False
2025-10-13,07:48:00,57430.0939,Daylit,21.2452,102.4145,62.1376,312.4268,87.1463,77.54,0.5249,Waning Gibbous,False
2025-10-13,07:49:00,57946.5069,Daylit,21.4861,102.4761,61.9606,312.1563,87.1551,77.54,0.5248,Waning Gibbous,False
2025-10-13,07:50:00,58461.0242,Daylit,21.7269,102.5381,61.7829,311.8897,87.164,77.55,0.5247,Waning Gibbous,False
2025-10-13,07:51:00,58973.6524,Daylit,21.9677,102.6005,61.6044,311.6269,87.1728,77.56,0.5247,Waning Gibbous,False
2025-10-13,07:52:00,59484.398,Daylit,22.2084,102.6633,61.4251,311.3677,87.1816,77.56,0.5246,Waning Gibbous,False
2025-10-13,07:53:00,59993.267,Daylit,22.449,102.7264,61.2452,311.1123,87.1904,77.57,0.5245,Waning Gibbous,False
2025-10-13,07:54:00,60500.2653,Daylit,22.6896,102.7899,61.0645,310.8605,87.1992,77.58,0.5244,Waning Gibbous,False
2025-10-13,07:55:00,61005.3985,Daylit,22.9301,102.8538,60.8832,310.6122,87.2081,77.58,0.5244,Waning Gibbous,False
2025-10-13,07:56:00,61508.6718,Daylit,23.1706,102.918,60.7012,310.3675,87.2169,77.59,0.5243,Waning Gibbous,False
2025-10-13,07:57:00,62010.0903,Daylit,23.411,102.9827,60.5185,310.1263,87.2257,77.6,0.5242,Waning Gibbous,False
2025-10-13,07:58:00,62509.6587,Daylit,23.6513,103.0477,60.3351,309.8884,87.2345,77.6,0.5241,Waning Gibbous,False
2025-10-13,07:59:00,63007.3816,Daylit,23.8916,103.1132,60.1512,309.6539,87.2433,77.61,0.524,Waning Gibbous,False
2025-10-13,08:00:00,63503.2634,Daylit,24.1318,103.179,59.9665,309.4228,87.2522,77.62,0.524,Waning Gibbous,False
2025-10-13,08:01:00,63997.3082,Daylit,24.3719,103.2453,59.7813,309.1949,87.261,77.63,0.5239,Waning Gibbous,False
2025-10-13,08:02:00,64489.5198,Daylit,24.612,103.3119,59.5955,308.9702,87.2698,77.63,0.5238,Waning Gibbous,False
2025-10-13,08:03:00,64979.9019,Daylit,24.852,103.379,59.4091,308.7487,87.2786,77.64,0.5237,Waning Gibbous,False
2025-10-13,08:04:00,65468.4581,Daylit,25.0919,103.4465,59.2221,308.5303,87.2874,77.65,0.5237,Waning Gibbous,False
2025-10-13,08:05:00,65955.1917,Daylit,25.3318,103.5144,59.0345,308.315,87.2962,77.65,0.5236,Waning Gibbous,False
2025-10-13,08:06:00,66440.1058,Daylit,25.5716,103.5828,58.8464,308.1028,87.3051,77.66,0.5235,Waning Gibbous,False
2025-10-13,08:07:00,66923.2033,Daylit,25.8113,103.6516,58.6577,307.8935,87.3139,77.67,0.5234,Waning Gibbous,False
2025-10-13,08:08:00,67404.4869,Daylit,26.051,103.7208,58.4685,307.6872,87.3227,77.67,0.5234,Waning Gibbous,False
2025-10-13,08:09:00,67883.9594,Daylit,26.2906,103.7905,58.2788,307.4837,87.3315,77.68,0.5233,Waning Gibbous,False
2025-10-13,08:10:00,68361.6232,Daylit,26.5301,103.8607,58.0885,307.2831,87.3403,77.69,0.5232,Waning Gibbous,False
2025-10-13,08:11:00,68837.4804,Daylit,26.7695,103.9313,57.8978,307.0854,87.3492,77.69,0.5231,Waning Gibbous,False
2025-10-13,08:12:00,69311.5334,Daylit,27.0089,104.0023,57.7065,306.8904,87.358,77.7,0.523,Waning Gibbous,False
2025-10-13,08:13:00,69783.784,Daylit,27.2482,104.0738,57.5148,306.6981,87.3668,77.71,0.523,Waning Gibbous,False
2025-10-13,08:14:00,70254.2342,Daylit,27.4874,104.1458,57.3225,306.5085,87.3756,77.71,0.5229,Waning Gibbous,False
2025-10-13,08:15:00,70722.8856,Daylit,27.7266,104.2183,57.1298,306.3216,87.3844,77.72,0.5228,Waning Gibbous,False
2025-10-13,08:16:00,71189.7398,Daylit,27.9656,104.2912,56.9367,306.1373,87.3932,77.73,0.5227,Waning Gibbous,False
2025-10-13,08:17:00,71654.7983,Daylit,28.2046,104.3647,56.7431,305.9556,87.402,77.73,0.5227,Waning Gibbous,False
2025-10-13,08:18:00,72118.0624,Daylit,28.4435,104.4386,56.549,305.7764,87.4109,77.74,0.5226,Waning Gibbous,False
2025-10-13,08:19:00,72579.5333,Daylit,28.6824,104.5131,56.3545,305.5997,87.4197,77.75,0.5225,Waning Gibbous,False
2025-10-13,08:20:00,73039.2121,Daylit,28.9211,104.588,56.1596,305.4254,87.4285,77.75,0.5224,Waning Gibbous,False
2025-10-13,08:21:00,73497.0999,Daylit,29.1598,104.6634,55.9642,305.2536,87.4373,77.76,0.5224,Waning Gibbous,False
2025-10-13,08:22:00,73953.1974,Daylit,29.3984,104.7394,55.7685,305.0842,87.4461,77.77,0.5223,Waning Gibbous,False
2025-10-13,08:23:00,74407.5055,Daylit,29.6369,104.8159,55.5723,304.9171,87.4549,77.78,0.5222,Waning Gibbous,False
2025-10-13,08:24:00,74860.0248,Daylit,29.8753,104.8929,55.3757,304.7524,87.4638,77.78,0.5221,Waning Gibbous,False
2025-10-13,08:25:00,75310.7558,Daylit,30.1136,104.9705,55.1788,304.5899,87.4726,77.79,0.522,Waning Gibbous,False
2025-10-13,08:26:00,75759.6992,Daylit,30.3519,105.0486,54.9814,304.4297,87.4814,77.8,0.522,Waning Gibbous,False
2025-10-13,08:27:00,76206.8552,Daylit,30.59,105.1272,54.7837,304.2717,87.4902,77.8,0.5219,Waning Gibbous,False
2025-10-13,08:28:00,76652.2241,Daylit,30.8281,105.2064,54.5856,304.1159,87.499,77.81,0.5218,Waning Gibbous,False
2025-10-13,08:29:00,77095.8062,Daylit,31.0661,105.2862,54.3871,303.9623,87.5078,77.82,0.5217,Waning Gibbous,False
2025-10-13,08:30:00,77537.6015,Daylit,31.304,105.3666,54.1883,303.8108,87.5166,77.82,0.5217,Waning Gibbous,False
2025-10-13,08:31:00,77977.6101,Daylit,31.5417,105.4475,53.9892,303.6614,87.5254,77.83,0.5216,Waning Gibbous,False
2025-10-13,08:32:00,78415.8319,Daylit,31.7794,105.529,53.7896,303.514,87.5343,77.84,0.5215,Waning Gibbous,False
2025-10-13,08:33:00,78852.2669,Daylit,32.0171,105.6111,53.5898,303.3687,87.5431,77.84,0.5214,Waning Gibbous,False
2025-10-13,08:34:00,79286.9149,Daylit,32.2546,105.6937,53.3896,303.2254,87.5519,77.85,0.5214,Waning Gibbous,False
2025-10-13,08:35:00,79719.7755,Daylit,32.492,105.777,53.1891,303.0841,87.5607,77.86,0.5213,Waning Gibbous,False
2025-10-13,08:36:00,80150.8484,Daylit,32.7293,105.8609,52.9883,302.9447,87.5695,77.86,0.5212,Waning Gibbous,False
2025-10-13,08:37:00,80580.1333,Daylit,32.9665,105.9455,52.7871,302.8072,87.5783,77.87,0.5211,Waning Gibbous,False
2025-10-13,08:38:00,81007.6297,Daylit,33.2036,106.0306,52.5857,302.6717,87.5871,77.88,0.521,Waning Gibbous,False
2025-10-13,08:39:00,81433.337,Daylit,33.4406,106.1164,52.3839,302.538,87.5959,77.88,0.521,Waning Gibbous,False
2025-10-13,08:40:00,81857.2546,Daylit,33.6775,106.2028,52.1819,302.4061,87.6048,77.89,0.5209,Waning Gibbous,False
2025-10-13,08:41:00,82279.382,Daylit,33.9144,106.2899,51.9795,302.2761,87.6136,77.9,0.5208,Waning Gibbous,False
2025-10-13,08:42:00,82699.7183,Daylit,34.151,106.3776,51.7769,302.1479,87.6224,77.9,0.5207,Waning Gibbous,False
2025-10-13,08:43:00,83118.2628,Daylit,34.3876,106.466,51.574,302.0214,87.6312,77.91,0.5207,Waning Gibbous,False
2025-10-13,08:44:00,83535.0148,Daylit,34.6241,106.5551,51.3708,301.8967,87.64,77.92,0.5206,Waning Gibbous,False
2025-10-13,08:45:00,83949.9732,Daylit,34.8605,106.6449,51.1673,301.7737,87.6488,77.92,0.5205,Waning Gibbous,False
2025-10-13,08:46:00,84363.1373,Daylit,35.0968,106.7353,50.9636,301.6524,87.6576,77.93,0.5204,Waning Gibbous,False
2025-10-13,08:47:00,84774.5059,Daylit,35.3329,106.8265,50.7596,301.5327,87.6664,77.94,0.5204,Waning Gibbous,False
2025-10-13,08:48:00,85184.0782,Daylit,35.5689,106.9183,50.5553,301.4148,87.6752,77.94,0.5203,Waning Gibbous,False
2025-10-13,08:49:00,85591.853,Daylit,35.8049,107.0109,50.3508,301.2984,87.6841,77.95,0.5202,Waning Gibbous,False
2025-10-13,08:50:00,85997.8293,Daylit,36.0407,107.1042,50.1461,301.1836,87.6929,77.96,0.5201,Waning Gibbous,False
2025-10-13,08:51:00,86402.0058,Daylit,36.2763,107.1983,49.9411,301.0705,87.7017,77.97,0.5201,Waning Gibbous,False
2025-10-13,08:52:00,86804.3813,Daylit,36.5119,107.2931,49.7358,300.9589,87.7105,77.97,0.52,Waning Gibbous,False
2025-10-13,08:53:00,87204.9548,Daylit,36.7473,107.3886,49.5303,300.8488,87.7193,77.98,0.5199,Waning Gibbous,False
2025-10-13,08:54:00,87603.7247,Daylit,36.9827,107.485,49.3246,300.7403,87.7281,77.99,0.5198,Waning Gibbous,False
2025-10-13,08:55:00,88000.6899,Daylit,37.2179,107.5821,49.1187,300.6332,87.7369,77.99,0.5197,Waning Gibbous,False
2025-10-13,08:56:00,88395.849,Daylit,37.4529,107.68,48.9125,300.5277,87.7457,78.0,0.5197,Waning Gibbous,False
2025-10-13,08:57:00,88789.2006,Daylit,37.6878,107.7786,48.7061,300.4236,87.7545,78.01,0.5196,Waning Gibbous,False
2025-10-13,08:58:00,89180.7433,Daylit,37.9227,107.8781,48.4995,300.3209,87.7633,78.01,0.5195,Waning Gibbous,False
2025-10-13,08:59:00,89570.4756,Daylit,38.1573,107.9784,48.2927,300.2197,87.7721,78.02,0.5194,Waning Gibbous,False
2025-10-13,09:00:00,89958.3961,Daylit,38.3919,108.0796,48.0857,300.1199,87.781,78.03,0.5194,Waning Gibbous,False
2025-10-13,09:01:00,90344.5031,Daylit,38.6263,108.1816,47.8784,300.0214,87.7898,78.03,0.5193,Waning Gibbous,False
2025-10-13,09:02:00,90728.7953,Daylit,38.8605,108.2844,47.671,299.9243,87.7986,78.04,0.5192,Waning Gibbous,False
2025-10-13,09:03:00,91111.271,Daylit,39.0946,108.3881,47.4634,299.8286,87.8074,78.05,0.5191,Waning Gibbous,False
2025-10-13,09:04:00,91491.9286,Daylit,39.3286,108.4927,47.2555,299.7342,87.8162,78.05,0.5191,Waning Gibbous,False
2025-10-13,09:05:00,91870.7664,Daylit,39.5625,108.5981,47.0475,299.6412,87.825,78.06,0.519,Waning Gibbous,False
2025-10-13,09:06:00,92247.7829,Daylit,39.7962,108.7045,46.8393,299.5494,87.8338,78.07,0.5189,Waning Gibbous,False
2025-10-13,09:07:00,92622.9763,Daylit,40.0297,108.8117,46.6309,299.4589,87.8426,78.07,0.5188,Waning Gibbous,False
2025-10-13,09:08:00,92996.345,Daylit,40.2631,108.9199,46.4223,299.3697,87.8514,78.08,0.5187,Waning Gibbous,False
2025-10-13,09:09:00,93367.8871,Daylit,40.4963,109.0291,46.2136,299.2817,87.8602,78.09,0.5187,Waning Gibbous,False
2025-10-13,09:10:00,93737.6011,Daylit,40.7294,109.1391,46.0047,299.195,87.869,78.09,0.5186,Waning Gibbous,False
2025-10-13,09:11:00,94105.485,Daylit,40.9623,109.2502,45.7956,299.1095,87.8778,78.1,0.5185,Waning Gibbous,False
2025-10-13,09:12:00,94471.5372,Daylit,41.1951,109.3622,45.5863,299.0252,87.8866,78.11,0.5184,Waning Gibbous,False
2025-10-13,09:13:00,94835.7557,Daylit,41.4277,109.4752,45.3769,298.9421,87.8954,78.11,0.5184,Waning Gibbous,False
2025-10-13,09:14:00,95198.1388,Daylit,41.6602,109.5892,45.1673,298.8602,87.9043,78.12,0.5183,Waning Gibbous,False
2025-10-13,09:15:00,95558.6846,Daylit,41.8925,109.7042,44.9575,298.7794,87.9131,78.13,0.5182,Waning Gibbous,False
2025-10-13,09:16:00,95917.3914,Daylit,42.1246,109.8202,44.7476,298.6998,87.9219,78.13,0.5181,Waning Gibbous,False
2025-10-13,09:17:00,96274.257,Daylit,42.3565,109.9373,44.5375,298.6213,87.9307,78.14,0.5181,Waning Gibbous,False
2025-10-13,09:18:00,96629.2798,Daylit,42.5883,110.0554,44.3273,298.5439,87.9395,78.15,0.518,Waning Gibbous,False
2025-10-13,09:19:00,96982.4578,Daylit,42.8199,110.1746,44.1169,298.4677,87.9483,78.15,0.5179,Waning Gibbous,False
2025-10-13,09:20:00,97333.789,Daylit,43.0513,110.295,43.9064,298.3925,87.9571,78.16,0.5178,Waning Gibbous,False
2025-10-13,09:21:00,97683.2715,Daylit,43.2825,110.4164,43.6958,298.3184,87.9659,78.17,0.5177,Waning Gibbous,False
2025-10-13,09:22:00,98030.9035,Daylit,43.5136,110.5389,43.485,298.2454,87.9747,78.17,0.5177,Waning Gibbous,False
2025-10-13,09:23:00,98376.6828,Daylit,43.7444,110.6626,43.274,298.1735,87.9835,78.18,0.5176,Waning Gibbous,False
2025-10-13,09:24:00,98720.6075,Daylit,43.9751,110.7874,43.0629,298.1026,87.9923,78.19,0.5175,Waning Gibbous,False
2025-10-13,09:25:00,99062.6758,Daylit,44.2056,110.9134,42.8517,298.0327,88.0011,78.19,0.5174,Waning Gibbous,False
2025-10-13,09:26:00,99402.8854,Daylit,44.4359,111.0405,42.6404,297.9638,88.0099,78.2,0.5174,Waning Gibbous,False
2025-10-13,09:27:00,99741.2345,Daylit,44.666,111.1689,42.4289,297.896,88.0187,78.21,0.5173,Waning Gibbous,False
2025-10-13,09:28:00,100077.7211,Daylit,44.8959,111.2985,42.2173,297.8291,88.0275,78.22,0.5172,Waning Gibbous,False
2025-10-13,09:29:00,100412.3431,Daylit,45.1255,111.4293,42.0056,297.7633,88.0363,78.22,0.5171,Waning Gibbous,False
2025-10-13,09:30:00,100745.0984,Daylit,45.355,111.5614,41.7937,297.6984,88.0451,78.23,0.5171,Waning Gibbous,False
2025-10-13,09:31:00,101075.9852,Daylit,45.5843,111.6948,41.5818,297.6344,88.0539,78.24,0.517,Waning Gibbous,False
2025-10-13,09:32:00,101405.0012,Daylit,45.8133,111.8294,41.3697,297.5715,88.0627,78.24,0.5169,Waning Gibbous,False
2025-10-13,09:33:00,101732.1444,Daylit,46.0422,111.9654,41.1575,297.5094,88.0715,78.25,0.5168,Waning Gibbous,False
2025-10-13,09:34:00,102057.4129,Daylit,46.2708,112.1027,40.9452,297.4483,88.0803,78.26,0.5167,Waning Gibbous,False
2025-10-13,09:35:00,102380.8045,Daylit,46.4992,112.2413,40.7327,297.3881,88.0891,78.26,0.5167,Waning Gibbous,False
2025-10-13,09:36:00,102702.3171,Daylit,46.7273,112.3814,40.5202,297.3289,88.0979,78.27,0.5166,Waning Gibbous,False
2025-10-13,09:37:00,103021.9488,Daylit,46.9553,112.5228,40.3075,297.2705,88.1067,78.28,0.5165,Waning Gibbous,False
2025-10-13,09:38:00,103339.6973,Daylit,47.183,112.6656,40.0948,297.213,88.1155,78.28,0.5164,Waning Gibbous,False
2025-10-13,09:39:00,103655.5607,Daylit,47.4104,112.8099,39.8819,297.1564,88.1243,78.29,0.5164,Waning Gibbous,False
2025-10-13,09:40:00,103969.5369,Daylit,47.6376,112.9556,39.669,297.1007,88.1331,78.3,0.5163,Waning Gibbous,False
2025-10-13,09:41:00,104281.6237,Daylit,47.8646,113.1028,39.4559,297.0459,88.1419,78.3,0.5162,Waning Gibbous,False
2025-10-13,09:42:00,104591.8191,Daylit,48.0913,113.2515,39.2428,296.9919,88.1507,78.31,0.5161,Waning Gibbous,False
2025-10-13,09:43:00,104900.121,Daylit,48.3178,113.4017,39.0295,296.9387,88.1595,78.32,0.5161,Waning Gibbous,False
2025-10-13,09:44:00,105206.5273,Daylit,48.544,113.5535,38.8162,296.8864,88.1683,78.32,0.516,Waning Gibbous,False
2025-10-13,09:45:00,105511.0359,Daylit,48.7699,113.7068,38.6028,296.8349,88.1771,78.33,0.5159,Waning Gibbous,False
2025-10-13,09:46:00,105813.6448,Daylit,48.9956,113.8617,38.3892,296.7842,88.1859,78.34,0.5158,Waning Gibbous,False
2025-10-13,09:47:00,106114.3517,Daylit,49.221,114.0183,38.1756,296.7344,88.1947,78.34,0.5158,Waning Gibbous,False
2025-10-13,09:48:00,106413.1547,Daylit,49.4461,114.1765,37.9619,296.6853,88.2035,78.35,0.5157,Waning Gibbous,False
2025-10-13,09:49:00,106710.0517,Daylit,49.671,114.3364,37.7481,296.637,88.2123,78.36,0.5156,Waning Gibbous,False
2025-10-13,09:50:00,107005.0405,Daylit,49.8955,114.4979,37.5343,296.5896,88.2211,78.36,0.5155,Waning Gibbous,False
2025-10-13,09:51:00,107298.1191,Daylit,50.1198,114.6612,37.3203,296.5429,88.2299,78.37,0.5154,Waning Gibbous,False
2025-10-13,09:52:00,107589.2853,Daylit,50.3438,114.8262,37.1063,296.4969,88.2387,78.38,0.5154,Waning Gibbous,False
2025-10-13,09:53:00,107878.5372,Daylit,50.5675,114.993,36.8922,296.4518,88.2475,78.38,0.5153,Waning Gibbous,False
2025-10-13,09:54:00,108165.8725,Daylit,50.7908,115.1617,36.678,296.4074,88.2563,78.39,0.5152,Waning Gibbous,False
2025-10-13,09:55:00,108451.2893,Daylit,51.0139,115.3321,36.4637,296.3637,88.2651,78.4,0.5151,Waning Gibbous,False
2025-10-13,09:56:00,108734.7855,Daylit,51.2366,115.5044,36.2494,296.3208,88.2739,78.4,0.5151,Waning Gibbous,False
2025-10-13,09:57:00,109016.359,Daylit,51.459,115.6786,36.035,296.2786,88.2827,78.41,0.515,Waning Gibbous,False
2025-10-13,09:58:00,109296.0076,Daylit,51.6811,115.8548,35.8205,296.2372,88.2915,78.42,0.5149,Waning Gibbous,False
2025-10-13,09:59:00,109573.7295,Daylit,51.9029,116.0328,35.606,296.1964,88.3003,78.42,0.5148,Waning Gibbous,False
2025-10-13,10:00:00,109849.5224,Daylit,52.1243,116.2129,35.3913,296.1564,88.3091,78.43,0.5148,Waning Gibbous,False
2025-10-13,10:01:00,110123.3844,Daylit,52.3454,116.395,35.1767,296.1171,88.3179,78.44,0.5147,Waning Gibbous,False
2025-10-13,10:02:00,110395.3133,Daylit,52.5661,116.5791,34.9619,296.0785,88.3267,78.44,0.5146,Waning Gibbous,False
2025-10-13,10:03:00,110665.3072,Daylit,52.7865,116.7654,34.7471,296.0406,88.3355,78.45,0.5145,Waning Gibbous,False
2025-10-13,10:04:00,110933.364,Daylit,53.0065,116.9537,34.5322,296.0033,88.3443,78.46,0.5144,Waning Gibbous,False
2025-10-13,10:05:00,111199.4816,Daylit,53.2261,117.1442,34.3173,295.9668,88.3531,78.46,0.5144,Waning Gibbous,False
2025-10-13,10:06:00,111463.6582,Daylit,53.4453,117.3368,34.1023,295.9309,88.3619,78.47,0.5143,Waning Gibbous,False
2025-10-13,10:07:00,111725.8915,Daylit,53.6642,117.5317,33.8873,295.8957,88.3707,78.48,0.5142,Waning Gibbous,False
2025-10-13,10:08:00,111986.1796,Daylit,53.8827,117.7289,33.6721,295.8612,88.3795,78.48,0.5141,Waning Gibbous,False
2025-10-13,10:09:00,112244.5205,Daylit,54.1008,117.9284,33.457,295.8273,88.3883,78.49,0.5141,Waning Gibbous,False
2025-10-13,10:10:00,112500.9123,Daylit,54.3184,118.1301,33.2418,295.7941,88.3971,78.5,0.514,Waning Gibbous,False
2025-10-13,10:11:00,112755.3528,Daylit,54.5357,118.3343,33.0265,295.7615,88.4059,78.5,0.5139,Waning Gibbous,False
2025-10-13,10:12:00,113007.8401,Daylit,54.7525,118.5409,32.8112,295.7295,88.4147,78.51,0.5138,Waning Gibbous,False
2025-10-13,10:13:00,113258.3723,Daylit,54.9689,118.7499,32.5958,295.6982,88.4235,78.52,0.5138,Waning Gibbous,False
2025-10-13,10:14:00,113506.9474,Daylit,55.1849,118.9614,32.3804,295.6675,88.4323,78.52,0.5137,Waning Gibbous,False
2025-10-13,10:15:00,113753.5633,Daylit,55.4004,119.1755,32.1649,295.6375,88.4411,78.53,0.5136,Waning Gibbous,False
2025-10-13,10:16:00,113998.2183,Daylit,55.6155,119.3921,31.9494,295.6081,88.4499,78.54,0.5135,Waning Gibbous,False
2025-10-13,10:17:00,114240.9102,Daylit,55.8301,119.6113,31.7339,295.5792,88.4587,78.54,0.5134,Waning Gibbous,False
2025-10-13,10:18:00,114481.6372,Daylit,56.0443,119.8332,31.5183,295.551,88.4675,78.55,0.5134,Waning Gibbous,False
2025-10-13,10:19:00,114720.3974,Daylit,56.2579,120.0579,31.3026,295.5234,88.4763,78.56,0.5133,Waning Gibbous,False
2025-10-13,10:20:00,114957.1888,Daylit,56.4711,120.2852,31.0869,295.4964,88.4851,78.56,0.5132,Waning Gibbous,False
2025-10-13,10:21:00,115192.0096,Daylit,56.6838,120.5154,30.8712,295.47,88.4938,78.57,0.5131,Waning Gibbous,False
2025-10-13,10:22:00,115424.8578,Daylit,56.896,120.7484,30.6554,295.4442,88.5026,78.58,0.5131,Waning Gibbous,False
2025-10-13,10:23:00,115655.7315,Daylit,57.1076,120.9843,30.4396,295.4189,88.5114,78.58,0.513,Waning Gibbous,False
2025-10-13,10:24:00,115884.6289,Daylit,57.3188,121.2232,30.2238,295.3943,88.5202,78.59,0.5129,Waning Gibbous,False
2025-10-13,10:25:00,116111.5482,Daylit,57.5294,121.4651,30.0079,295.3702,88.529,78.6,0.5128,Waning Gibbous,False
2025-10-13,10:26:00,116336.4874,Daylit,57.7394,121.71,29.792,295.3467,88.5378,78.6,0.5128,Waning Gibbous,False
2025-10-13,10:27:00,116559.4447,Daylit,57.9489,121.958,29.5761,295.3237,88.5466,78.61,0.5127,Waning Gibbous,False
2025-10-13,10:28:00,116780.4183,Daylit,58.1578,122.2091,29.3601,295.3014,88.5554,78.62,0.5126,Waning Gibbous,False
2025-10-13,10:29:00,116999.4063,Daylit,58.3661,122.4635,29.1441,295.2795,88.5642,78.62,0.5125,Waning Gibbous,False
2025-10-13,10:30:00,117216.407,Daylit,58.5739,122.7211,28.9281,295.2583,88.573,78.63,0.5125,Waning Gibbous,False
2025-10-13,10:31:00,117431.4186,Daylit,58.781,122.9821,28.712,295.2375,88.5818,78.64,0.5124,Waning Gibbous,False
2025-10-13,10:32:00,117644.4392,Daylit,58.9875,123.2464,28.4959,295.2174,88.5906,78.64,0.5123,Waning Gibbous,False
2025-10-13,10:33:00,117855.4672,Daylit,59.1934,123.5141,28.2798,295.1977,88.5994,78.65,0.5122,Waning Gibbous,False
2025-10-13,10:34:00,118064.5006,Daylit,59.3987,123.7853,28.0636,295.1787,88.6082,78.66,0.5121,Waning Gibbous,False
2025-10-13,10:35:00,118271.5379,Daylit,59.6033,124.0601,27.8474,295.1601,88.6169,78.66,0.5121,Waning Gibbous,False
2025-10-13,10:36:00,118476.5772,Daylit,59.8072,124.3385,27.6313,295.1421,88.6257,78.67,0.512,Waning Gibbous,False
2025-10-13,10:37:00,118679.6168,Daylit,60.0104,124.6205,27.415,295.1246,88.6345,78.68,0.5119,Waning Gibbous,False
2025-10-13,10:38:00,118880.6551,Daylit,60.213,124.9063,27.1988,295.1076,88.6433,78.68,0.5118,Waning Gibbous,False
2025-10-13,10:39:00,119079.6902,Daylit,60.4148,125.1959,26.9825,295.0912,88.6521,78.69,0.5118,Waning Gibbous,False
2025-10-13,10:40:00,119276.7206,Daylit,60.6159,125.4893,26.7662,295.0752,88.6609,78.7,0.5117,Waning Gibbous,False
2025-10-13,10:41:00,119471.7446,Daylit,60.8163,125.7866,26.5499,295.0598,88.6697,78.7,0.5116,Waning Gibbous,False
2025-10-13,10:42:00,119664.7604,Daylit,61.0159,126.088,26.3336,295.0449,88.6785,78.71,0.5115,Waning Gibbous,False
2025-10-13,10:43:00,119855.7665,Daylit,61.2148,126.3934,26.1173,295.0305,88.6873,78.72,0.5115,Waning Gibbous,False
2025-10-13,10:44:00,120044.7613,Daylit,61.4129,126.7029,25.9009,295.0166,88.6961,78.72,0.5114,Waning Gibbous,False
2025-10-13,10:45:00,120231.743,Daylit,61.6101,127.0167,25.6845,295.0032,88.7049,78.73,0.5113,Waning Gibbous,False
2025-10-13,10:46:00,120416.7101,Daylit,61.8066,127.3347,25.4682,294.9903,88.7136,78.74,0.5112,Waning Gibbous,False
2025-10-13,10:47:00,120599.6611,Daylit,62.0022,127.657,25.2518,294.9779,88.7224,78.74,0.5111,Waning Gibbous,False
2025-10-13,10:48:00,120780.5943,Daylit,62.1969,127.9838,25.0353,294.9659,88.7312,78.75,0.5111,Waning Gibbous,False
2025-10-13,10:49:00,120959.5082,Daylit,62.3908,128.315,24.8189,294.9545,88.74,78.76,0.511,Waning Gibbous,False
2025-10-13,10:50:00,121136.4012,Daylit,62.5838,128.6508,24.6025,294.9436,88.7488,78.76,0.5109,Waning Gibbous,False
2025-10-13,10:51:00,121311.2718,Daylit,62.7758,128.9913,24.386,294.9331,88.7576,78.77,0.5108,Waning Gibbous,False
2025-10-13,10:52:00,121484.1185,Daylit,62.967,129.3364,24.1696,294.9231,88.7664,78.78,0.5108,Waning Gibbous,False
2025-10-13,10:53:00,121654.9398,Daylit,63.1572,129.6863,23.9531,294.9136,88.7752,78.78,0.5107,Waning Gibbous,False
2025-10-13,10:54:00,121823.7342,Daylit,63.3464,130.0411,23.7366,294.9046,88.784,78.79,0.5106,Waning Gibbous,False
2025-10-13,10:55:00,121990.5002,Daylit,63.5346,130.4009,23.5202,294.896,88.7927,78.8,0.5105,Waning Gibbous,False
2025-10-13,10:56:00,122155.2363,Daylit,63.7218,130.7657,23.3037,294.8879,88.8015,78.8,0.5105,Waning Gibbous,False
2025-10-13,10:57:00,122317.9412,Daylit,63.908,131.1355,23.0872,294.8803,88.8103,78.81,0.5104,Waning Gibbous,False
2025-10-13,10:58:00,122478.6134,Daylit,64.0932,131.5106,22.8707,294.8731,88.8191,78.82,0.5103,Waning Gibbous,False
2025-10-13,10:59:00,122637.2515,Daylit,64.2772,131.8909,22.6542,294.8664,88.8279,78.82,0.5102,Waning Gibbous,False
2025-10-13,11:00:00,122793.8541,Daylit,64.4602,132.2766,22.4377,294.8602,88.8367,78.83,0.5102,Waning Gibbous,False
2025-10-13,11:01:00,122948.4199,Daylit,64.642,132.6677,22.2212,294.8544,88.8455,78.84,0.5101,Waning Gibbous,False
2025-10-13,11:02:00,123100.9473,Daylit,64.8226,133.0644,22.0047,294.849,88.8543,78.84,0.51,Waning Gibbous,False
2025-10-13,11:03:00,123251.4352,Daylit,65.0021,133.4666,21.7882,294.8442,88.863,78.85,0.5099,Half Moon,False
2025-10-13,11:04:00,123399.8822,Daylit,65.1804,133.8745,21.5717,294.8397,88.8718,78.86,0.5098,Half Moon,False
2025-10-13,11:05:00,123546.2869,Daylit,65.3575,134.2882,21.3552,294.8357,88.8806,78.86,0.5098,Half Moon,False
2025-10-13,11:06:00,123690.6481,Daylit,65.5333,134.7077,21.1387,294.8322,88.8894,78.87,0.5097,Half Moon,False
2025-10-13,11:07:00,123832.9645,Daylit,65.7078,135.1332,20.9222,294.8291,88.8982,78.88,0.5096,Half Moon,False
2025-10-13,11:08:00,123973.2348,Daylit,65.881,135.5647,20.7057,294.8264,88.907,78.88,0.5095,Half Moon,False
2025-10-13,11:09:00,124111.4578,Daylit,66.0529,136.0023,20.4892,294.8242,88.9158,78.89,0.5095,Half Moon,False
2025-10-13,11:10:00,124247.6322,Daylit,66.2234,136.446,20.2728,294.8224,88.9245,78.9,0.5094,Half Moon,False
2025-10-13,11:11:00,124381.7568,Daylit,66.3926,136.8961,20.0563,294.8211,88.9333,78.9,0.5093,Half Moon,False
2025-10-13,11:12:00,124513.8305,Daylit,66.5603,137.3525,19.8398,294.8201,88.9421,78.91,0.5092,Half Moon,False
2025-10-13,11:13:00,124643.852,Daylit,66.7265,137.8153,19.6234,294.8196,88.9509,78.92,0.5092,Half Moon,False
2025-10-13,11:14:00,124771.8202,Daylit,66.8912,138.2847,19.4069,294.8196,88.9597,78.92,0.5091,Half Moon,False
2025-10-13,11:15:00,124897.7339,Daylit,67.0545,138.7606,19.1905,294.82,88.9685,78.93,0.509,Half Moon,False
2025-10-13,11:16:00,125021.5921,Daylit,67.2161,139.2432,18.974,294.8207,88.9773,78.94,0.5089,Half Moon,False
2025-10-13,11:17:00,125143.3935,Daylit,67.3762,139.7326,18.7576,294.822,88.986,78.94,0.5088,Half Moon,False
2025-10-13,11:18:00,125263.1371,Daylit,67.5347,140.2288,18.5412,294.8236,88.9948,78.95,0.5088,Half Moon,False
2025-10-13,11:19:00,125380.8218,Daylit,67.6915,140.7319,18.3248,294.8257,89.0036,78.96,0.5087,Half Moon,False
2025-10-13,11:20:00,125496.4466,Daylit,67.8466,141.2419,18.1084,294.8281,89.0124,78.96,0.5086,Half Moon,False
2025-10-13,11:21:00,125610.0104,Daylit,68.0,141.759,17.8921,294.831,89.0212,78.97,0.5085,Half Moon,False
2025-10-13,11:22:00,125721.5122,Daylit,68.1517,142.2833,17.6757,294.8343,89.03,78.98,0.5085,Half Moon,False
2025-10-13,11:23:00,125830.9509,Daylit,68.3015,142.8147,17.4594,294.8381,89.0387,78.98,0.5084,Half Moon,False
2025-10-13,11:24:00,125938.3257,Daylit,68.4495,143.3533,17.2431,294.8422,89.0475,78.99,0.5083,Half Moon,False
2025-10-13,11:25:00,126043.6354,Daylit,68.5956,143.8992,17.0268,294.8467,89.0563,79.0,0.5082,Half Moon,False
2025-10-13,11:26:00,126146.8792,Daylit,68.7398,144.4525,16.8105,294.8517,89.0651,79.0,0.5082,Half Moon,False
2025-10-13,11:27:00,126248.0561,Daylit,68.8821,145.0131,16.5942,294.8571,89.0739,79.01,0.5081,Half Moon,False
2025-10-13,11:28:00,126347.1653,Daylit,69.0223,145.5812,16.378,294.8628,89.0827,79.02,0.508,Half Moon,False
2025-10-13,11:29:00,126444.2057,Daylit,69.1606,146.1568,16.1617,294.869,89.0914,79.02,0.5079,Half Moon,False
2025-10-13,11:30:00,126539.1766,Daylit,69.2967,146.7399,15.9455,294.8756,89.1002,79.03,0.5079,Half Moon,False
2025-10-13,11:31:00,126632.077,Daylit,69.4308,147.3306,15.7294,294.8826,89.109,79.04,0.5078,Half Moon,False
2025-10-13,11:32:00,126722.9061,Daylit,69.5626,147.9289,15.5132,294.8899,89.1178,79.04,0.5077,Half Moon,False
2025-10-13,11:33:00,126811.6631,Daylit,69.6923,148.5347,15.297,294.8977,89.1266,79.05,0.5076,Half Moon,False
2025-10-13,11:34:00,126898.3471,Daylit,69.8198,149.1482,15.0809,294.9059,89.1354,79.05,0.5075,Half Moon,False
2025-10-13,11:35:00,126982.9574,Daylit,69.9449,149.7693,14.8648,294.9145,89.1441,79.06,0.5075,Half Moon,False
2025-10-13,11:36:00,127065.4933,Daylit,70.0678,150.398,14.6488,294.9235,89.1529,79.07,0.5074,Half Moon,False
2025-10-13,11:37:00,127145.9539,Daylit,70.1882,151.0344,14.4327,294.9329,89.1617,79.07,0.5073,Half Moon,False
2025-10-13,11:38:00,127224.3385,Daylit,70.3063,151.6784,14.2167,294.9426,89.1705,79.08,0.5072,Half Moon,False
2025-10-13,11:39:00,127300.6464,Daylit,70.4219,152.3299,14.0007,294.9528,89.1793,79.09,0.5072,Half Moon,False
2025-10-13,11:40:00,127374.8768,Daylit,70.535,152.989,13.7848,294.9634,89.188,79.09,0.5071,Half Moon,False
2025-10-13,11:41:00,127447.0292,Daylit,70.6455,153.6557,13.5688,294.9743,89.1968,79.1,0.507,Half Moon,False
2025-10-13,11:42:00,127517.1029,Daylit,70.7535,154.3298,13.3529,294.9857,89.2056,79.11,0.5069,Half Moon,False
2025-10-13,11:43:00,127585.0972,Daylit,70.8588,155.0114,13.137,294.9974,89.2144,79.11,0.5069,Half Moon,False
2025-10-13,11:44:00,127651.0114,Daylit,70.9614,155.7003,12.9212,295.0095,89.2232,79.12,0.5068,Half Moon,False
2025-10-13,11:45:00,127714.8451,Daylit,71.0614,156.3965,12.7054,295.022,89.2319,79.13,0.5067,Half Moon,False
2025-10-13,11:46:00,127776.5975,Daylit,71.1585,157.0999,12.4896,295.0349,89.2407,79.13,0.5066,Half Moon,False
2025-10-13,11:47:00,127836.2681,Daylit,71.2529,157.8104,12.2739,295.0482,89.2495,79.14,0.5065,Half Moon,False
2025-10-13,11:48:00,127893.8565,Daylit,71.3444,158.5279,12.0581,295.0619,89.2583,79.15,0.5065,Half Moon,False
2025-10-13,11:49:00,127949.3619,Daylit,71.4331,159.2523,11.8425,295.076,89.2671,79.15,0.5064,Half Moon,False
2025-10-13,11:50:00,128002.7841,Daylit,71.5187,159.9834,11.6268,295.0904,89.2758,79.16,0.5063,Half Moon,False
2025-10-13,11:51:00,128054.1223,Daylit,71.6015,160.7212,11.4112,295.1052,89.2846,79.17,0.5062,Half Moon,False
2025-10-13,11:52:00,128103.3762,Daylit,71.6812,161.4654,11.1956,295.1204,89.2934,79.17,0.5062,Half Moon,False
2025-10-13,11:53:00,128150.5454,Daylit,71.7578,162.216,10.9801,295.1361,89.3022,79.18,0.5061,Half Moon,False
2025-10-13,11:54:00,128195.6293,Daylit,71.8314,162.9727,10.7646,295.152,89.3109,79.19,0.506,Half Moon,False
2025-10-13,11:55:00,128238.6276,Daylit,71.9018,163.7353,10.5491,295.1684,89.3197,79.19,0.5059,Half Moon,False
2025-10-13,11:56:00,128279.5399,Daylit,71.9691,164.5038,10.3337,295.1851,89.3285,79.2,0.5059,Half Moon,False
2025-10-13,11:57:00,128318.3657,Daylit,72.0332,165.2777,10.1183,295.2023,89.3373,79.21,0.5058,Half Moon,False
2025-10-13,11:58:00,128355.1048,Daylit,72.094,166.0571,9.903,295.2198,89.3461,79.21,0.5057,Half Moon,False
2025-10-13,11:59:00,128389.7568,Daylit,72.1515,166.8415,9.6877,295.2377,89.3548,79.22,0.5056,Half Moon,False
2025-10-13,12:00:00,128422.3214,Daylit,72.2058,167.6308,9.4724,295.256,89.3636,79.23,0.5056,Half Moon,False
2025-10-13,12:01:00,128452.7982,Daylit,72.2567,168.4248,9.2572,295.2746,89.3724,79.23,0.5055,Half Moon,False
2025-10-13,12:02:00,128481.1871,Daylit,72.3043,169.2231,9.042,295.2936,89.3812,79.24,0.5054,Half Moon,False
2025-10-13,12:03:00,128507.4876,Daylit,72.3485,170.0255,8.8269,295.3131,89.3899,79.25,0.5053,Half Moon,False
2025-10-13,12:04:00,128531.6997,Daylit,72.3893,170.8318,8.6118,295.3328,89.3987,79.25,0.5052,Half Moon,False
2025-10-13,12:05:00,128553.823,Daylit,72.4266,171.6416,8.3968,295.353,89.4075,79.26,0.5052,Half Moon,False
2025-10-13,12:06:00,128573.8574,Daylit,72.4605,172.4547,8.1818,295.3736,89.4163,79.27,0.5051,Half Moon,False
2025-10-13,12:07:00,128591.8027,Daylit,72.4909,173.2707,7.9668,295.3945,89.425,79.27,0.505,Half Moon,False
2025-10-13,12:08:00,128607.6587,Daylit,72.5178,174.0894,7.7519,295.4158,89.4338,79.28,0.5049,Half Moon,False
2025-10-13,12:09:00,128621.4252,Daylit,72.5412,174.9104,7.537,295.4375,89.4426,79.28,0.5049,Half Moon,False
2025-10-13,12:10:00,128633.1022,Daylit,72.5611,175.7334,7.3222,295.4595,89.4514,79.29,0.5048,Half Moon,False
2025-10-13,12:11:00,128642.6895,Daylit,72.5774,176.5582,7.1075,295.482,89.4601,79.3,0.5047,Half Moon,False
2025-10-13,12:12:00,128650.1871,Daylit,72.5902,177.3842,6.8928,295.5048,89.4689,79.3,0.5046,Half Moon,False
2025-10-13,12:13:00,128655.5948,Daylit,72.5994,178.2114,6.6781,295.528,89.4777,79.31,0.5046,Half Moon,False
2025-10-13,12:14:00,128658.9127,Daylit,72.605,179.0392,6.4635,295.5516,89.4865,79.32,0.5045,Half Moon,False
2025-10-13,12:15:00,128660.1407,Daylit,72.6071,179.8674,6.249,295.5755,89.4952,79.32,0.5044,Half Moon,False
2025-10-13,12:16:00,128659.2787,Daylit,72.6057,180.6956,6.0345,295.5999,89.504,79.33,0.5043,Half Moon,False
2025-10-13,12:17:00,128656.3269,Daylit,72.6006,181.5235,5.82,295.6246,89.5128,79.34,0.5043,Half Moon,False
2025-10-13,12:18:00,128651.2851,Daylit,72.592,182.3508,5.6056,295.6497,89.5216,79.34,0.5042,Half Moon,False
2025-10-13,12:19:00,128644.1536,Daylit,72.5799,183.1771,5.3913,295.6751,89.5303,79.35,0.5041,Half Moon,False
2025-10-13,12:20:00,128634.9323,Daylit,72.5642,184.002,5.177,295.701,89.5391,79.36,0.504,Half Moon,False
2025-10-13,12:21:00,128623.6213,Daylit,72.5449,184.8254,4.9628,295.7272,89.5479,79.36,0.5039,Half Moon,False
2025-10-13,12:22:00,128610.2207,Daylit,72.5221,185.6468,4.7486,295.7538,89.5567,79.37,0.5039,Half Moon,False
2025-10-13,12:23:00,128594.7308,Daylit,72.4959,186.4659,4.5345,295.7808,89.5654,79.38,0.5038,Half Moon,False
2025-10-13,12:24:00,128577.1515,Daylit,72.4661,187.2824,4.3204,295.8081,89.5742,79.38,0.5037,Half Moon,False
2025-10-13,12:25:00,128557.483,Daylit,72.4328,188.096,4.1064,295.8359,89.583,79.39,0.5036,Half Moon,False
2025-10-13,12:26:00,128535.7257,Daylit,72.3961,188.9064,3.8925,295.864,89.5918,79.4,0.5036,Half Moon,False
2025-10-13,12:27:00,128511.8796,Daylit,72.3559,189.7133,3.6786,295.8925,89.6005,79.4,0.5035,Half Moon,False
2025-10-13,12:28:00,128485.9449,Daylit,72.3123,190.5164,3.4648,295.9214,89.6093,79.41,0.5034,Half Moon,False
2025-10-13,12:29:00,128457.922,Daylit,72.2653,191.3154,3.2511,295.9506,89.6181,79.42,0.5033,Half Moon,False
2025-10-13,12:30:00,128427.811,Daylit,72.215,192.1102,3.0374,295.9803,89.6268,79.42,0.5033,Half Moon,False
2025-10-13,12:31:00,128395.6123,Daylit,72.1613,192.9003,2.8238,296.0103,89.6356,79.43,0.5032,Half Moon,False
2025-10-13,12:32:00,128361.3262,Daylit,72.1043,193.6856,2.6102,296.0407,89.6444,79.44,0.5031,Half Moon,False
2025-10-13,12:33:00,128324.953,Daylit,72.0441,194.4658,2.3967,296.0715,89.6532,79.44,0.503,Half Moon,False
2025-10-13,12:34:00,128286.4929,Daylit,71.9806,195.2407,2.1833,296.1027,89.6619,79.45,0.503,Half Moon,False
2025-10-13,12:35:00,128245.9465,Daylit,71.9139,196.0101,1.9699,296.1342,89.6707,79.45,0.5029,Half Moon,False
2025-10-13,12:36:00,128203.3139,Daylit,71.844,196.7738,1.7566,296.1661,89.6795,79.46,0.5028,Half Moon,False
2025-10-13,12:37:00,128158.5957,Daylit,71.771,197.5315,1.5434,296.1985,89.6882,79.47,0.5027,Half Moon,False
2025-10-13,12:38:00,128111.7923,Daylit,71.6948,198.2831,1.3303,296.2312,89.697,79.47,0.5026,Half Moon,False
2025-10-13,12:39:00,128062.9041,Daylit,71.6157,199.0285,1.1172,296.2643,89.7058,79.48,0.5026,Half Moon,False
2025-10-13,12:40:00,128011.9315,Daylit,71.5335,199.7673,0.9042,296.2977,89.7146,79.49,0.5025,Half Moon,False
2025-10-13,12:41:00,127958.875,Daylit,71.4483,200.4996,0.6912,296.3316,89.7233,79.49,0.5024,Half Moon,False
2025-10-13,12:42:00,127903.7351,Daylit,71.3602,201.2252,0.4783,296.3659,89.7321,79.5,0.5023,Half Moon,False
2025-10-13,12:43:00,127846.5124,Daylit,71.2692,201.9439,0.2655,296.4005,89.7409,79.51,0.5023,Half Moon,False
2025-10-13,12:44:00,127787.2073,Daylit,71.1753,202.6556,0.0528,296.4355,89.7496,79.51,0.5022,Half Moon,False
2025-10-13,12:45:00,127725.8205,Daylit,71.0786,203.3602,-0.1598,296.471,89.7584,79.52,0.5021,Half Moon,False
2025-10-13,12:46:00,127662.3526,Daylit,70.9792,204.0577,-0.3724,296.5068,89.7672,79.53,0.502,Half Moon,False
2025-10-13,12:47:00,127596.804,Daylit,70.877,204.7478,-0.5849,296.543,89.7759,79.53,0.502,Half Moon,False
2025-10-13,12:48:00,127529.1753,Daylit,70.7721,205.4306,-0.7974,296.5796,89.7847,79.54,0.5019,Half Moon,False
2025-10-13,12:49:00,127459.4673,Daylit,70.6646,206.106,-1.0097,296.6166,89.7935,79.55,0.5018,Half Moon,False
2025-10-13,12:50:00,127387.6804,Daylit,70.5546,206.774,-1.222,296.6539,89.8022,79.55,0.5017,Half Moon,False
2025-10-13,12:51:00,127313.8154,Daylit,70.4419,207.4344,-1.4342,296.6917,89.811,79.56,0.5016,Half Moon,False
2025-10-13,12:52:00,127237.873,Daylit,70.3267,208.0872,-1.6463,296.7299,89.8198,79.57,0.5016,Half Moon,False
2025-10-13,12:53:00,127159.8538,Daylit,70.2091,208.7325,-1.8583,296.7685,89.8286,79.57,0.5015,Half Moon,False
2025-10-13,12:54:00,127079.7586,Daylit,70.0891,209.3702,-2.0703,296.8074,89.8373,79.58,0.5014,Half Moon,False
2025-10-13,12:55:00,126997.5881,Daylit,69.9667,210.0002,-2.2821,296.8468,89.8461,79.59,0.5013,Half Moon,False
2025-10-13,12:56:00,126913.343,Daylit,69.8419,210.6226,-2.4939,296.8866,89.8549,79.59,0.5013,Half Moon,False
2025-10-13,12:57:00,126827.0242,Daylit,69.7149,211.2374,-2.7056,296.9267,89.8636,79.6,0.5012,Half Moon,False
2025-10-13,12:58:00,126738.6324,Daylit,69.5856,211.8445,-2.9172,296.9673,89.8724,79.6,0.5011,Half Moon,False
2025-10-13,12:59:00,126648.1684,Daylit,69.4541,212.4441,-3.1288,297.0083,89.8812,79.61,0.501,Half Moon,False
2025-10-13,13:00:00,126555.6331,Daylit,69.3204,213.036,-3.3402,297.0496,89.8899,79.62,0.501,Half Moon,False
2025-10-13,13:01:00,126461.0273,Daylit,69.1846,213.6204,-3.5516,297.0914,89.8987,79.62,0.5009,Half Moon,False
2025-10-13,13:02:00,126364.3518,Daylit,69.0468,214.1973,-3.7628,297.1336,89.9075,79.63,0.5008,Half Moon,False
2025-10-13,13:03:00,126265.6076,Daylit,68.9069,214.7667,-3.974,297.1762,89.9162,79.64,0.5007,Half Moon,False
2025-10-13,13:04:00,126164.7955,Daylit,68.765,215.3286,-4.1851,297.2192,89.925,79.64,0.5007,Half Moon,False
2025-10-13,13:05:00,126061.9165,Daylit,68.6211,215.8831,-4.3961,297.2626,89.9338,79.65,0.5006,Half Moon,False
2025-10-13,13:06:00,125956.9716,Daylit,68.4753,216.4303,-4.607,297.3065,89.9425,79.66,0.5005,Half Moon,False
2025-10-13,13:07:00,125849.9615,Daylit,68.3276,216.9701,-4.8178,297.3507,89.9513,79.66,0.5004,Half Moon,False
2025-10-13,13:08:00,125740.8874,Daylit,68.1781,217.5027,-5.0285,297.3953,89.9601,79.67,0.5003,Half Moon,False
2025-10-13,13:09:00,125629.7502,Daylit,68.0268,218.0282,-5.2392,297.4404,89.9688,79.68,0.5003,Half Moon,False
2025-10-13,13:10:00,125516.5509,Daylit,67.8737,218.5465,-5.4497,297.4859,89.9776,79.68,0.5002,Half Moon,False
2025-10-13,13:11:00,125401.2906,Daylit,67.7189,219.0577,-5.6601,297.5318,89.9863,79.69,0.5001,Half Moon,False
2025-10-13,13:12:00,125283.9703,Daylit,67.5624,219.562,-5.8705,297.5781,89.9951,79.7,0.5,Half Moon,False
2025-10-13,13:13:00,125164.591,Daylit,67.4042,220.0593,-6.0807,297.6249,90.0039,79.7,0.5,Half Moon,False
2025-10-13,13:14:00,125043.1539,Daylit,67.2444,220.5498,-6.2909,297.672,90.0126,79.71,0.4999,Half Moon,False
2025-10-13,13:15:00,124919.6599,Daylit,67.083,221.0336,-6.5009,297.7196,90.0214,79.72,0.4998,Half Moon,False
2025-10-13,13:16:00,124794.1104,Daylit,66.9201,221.5106,-6.7108,297.7676,90.0302,79.72,0.4997,Half Moon,False
2025-10-13,13:17:00,124666.5062,Daylit,66.7556,221.9811,-6.9207,297.8161,90.0389,79.73,0.4997,Half Moon,False
2025-10-13,13:18:00,124536.8487,Daylit,66.5896,222.445,-7.1304,297.865,90.0477,79.73,0.4996,Half Moon,False
2025-10-13,13:19:00,124405.139,Daylit,66.4222,222.9024,-7.3401,297.9143,90.0565,79.74,0.4995,Half Moon,False
2025-10-13,13:20:00,124271.3782,Daylit,66.2533,223.3535,-7.5496,297.964,90.0652,79.75,0.4994,Half Moon,False
2025-10-13,13:21:00,124135.5676,Daylit,66.0831,223.7983,-7.759,298.0142,90.074,79.75,0.4994,Half Moon,False
2025-10-13,13:22:00,123997.7083,Daylit,65.9114,224.237,-7.9683,298.0648,90.0827,79.76,0.4993,Half Moon,False
2025-10-13,13:23:00,123857.8017,Daylit,65.7384,224.6695,-8.1776,298.1158,90.0915,79.77,0.4992,Half Moon,False
2025-10-13,13:24:00,123715.8489,Daylit,65.5641,225.0959,-8.3867,298.1673,90.1003,79.77,0.4991,Half Moon,False
2025-10-13,13:25:00,123571.8512,Daylit,65.3886,225.5164,-8.5957,298.2192,90.109,79.78,0.499,Half Moon,False
2025-10-13,13:26:00,123425.8099,Daylit,65.2117,225.9311,-8.8045,298.2716,90.1178,79.79,0.499,Half Moon,False
2025-10-13,13:27:00,123277.7262,Daylit,65.0336,226.3399,-9.0133,298.3244,90.1266,79.79,0.4989,Half Moon,False
2025-10-13,13:28:00,123127.6016,Daylit,64.8544,226.7431,-9.222,298.3776,90.1353,79.8,0.4988,Half Moon,False
2025-10-13,13:29:00,122975.4373,Daylit,64.6739,227.1406,-9.4305,298.4313,90.1441,79.81,0.4987,Half Moon,False
2025-10-13,13:30:00,122821.2347,Daylit,64.4923,227.5326,-9.639,298.4855,90.1528,79.81,0.4987,Half Moon,False
2025-10-13,13:31:00,122664.9952,Daylit,64.3095,227.9192,-9.8473,298.5401,90.1616,79.82,0.4986,Half Moon,False
2025-10-13,13:32:00,122506.72,Daylit,64.1257,228.3004,-10.0555,298.5951,90.1704,79.83,0.4985,Half Moon,False
2025-10-13,13:33:00,122346.4107,Daylit,63.9408,228.6763,-10.2636,298.6506,90.1791,79.83,0.4984,Half Moon,False
2025-10-13,13:34:00,122184.0686,Daylit,63.7548,229.047,-10.4715,298.7066,90.1879,79.84,0.4984,Half Moon,False
2025-10-13,13:35:00,122019.6952,Daylit,63.5677,229.4126,-10.6794,298.763,90.1967,79.84,0.4983,Half Moon,False
2025-10-13,13:36:00,121853.2918,Daylit,63.3797,229.7732,-10.8871,298.8199,90.2054,79.85,0.4982,Half Moon,False
2025-10-13,13:37:00,121684.8599,Daylit,63.1906,230.1288,-11.0947,298.8773,90.2142,79.86,0.4981,Half Moon,False
2025-10-13,13:38:00,121514.4011,Daylit,63.0006,230.4795,-11.3022,298.9351,90.2229,79.86,0.4981,Half Moon,False
2025-10-13,13:39:00,121341.9168,Daylit,62.8097,230.8254,-11.5096,298.9934,90.2317,79.87,0.498,Half Moon,False
2025-10-13,13:40:00,121167.4085,Daylit,62.6178,231.1666,-11.7168,299.0521,90.2405,79.88,0.4979,Half Moon,False
2025-10-13,13:41:00,120990.8777,Daylit,62.4249,231.5031,-11.9239,299.1114,90.2492,79.88,0.4978,Half Moon,False
2025-10-13,13:42:00,120812.3259,Daylit,62.2312,231.8351,-12.1309,299.1711,90.258,79.89,0.4977,Half Moon,False
2025-10-13,13:43:00,120631.7548,Daylit,62.0366,232.1625,-12.3378,299.2313,90.2667,79.9,0.4977,Half Moon,False
2025-10-13,13:44:00,120449.1658,Daylit,61.8412,232.4856,-12.5445,299.2919,90.2755,79.9,0.4976,Half Moon,False
2025-10-13,13:45:00,120264.5605,Daylit,61.6449,232.8043,-12.7511,299.3531,90.2842,79.91,0.4975,Half Moon,False
2025-10-13,13:46:00,120077.9405,Daylit,61.4478,233.1187,-12.9575,299.4147,90.293,79.92,0.4974,Half Moon,False
2025-10-13,13:47:00,119889.3075,Daylit,61.2499,233.4289,-13.1639,299.4768,90.3018,79.92,0.4974,Half Moon,False
2025-10-13,13:48:00,119698.6629,Daylit,61.0512,233.7349,-13.3701,299.5394,90.3105,79.93,0.4973,Half Moon,False
2025-10-13,13:49:00,119506.0086,Daylit,60.8517,234.0369,-13.5761,299.6025,90.3193,79.93,0.4972,Half Moon,False
2025-10-13,13:50:00,119311.3461,Daylit,60.6515,234.3349,-13.782,299.6661,90.328,79.94,0.4971,Half Moon,False
2025-10-13,13:51:00,119114.677,Daylit,60.4505,234.6289,-13.9878,299.7302,90.3368,79.95,0.4971,Half Moon,False
2025-10-13,13:52:00,118916.0031,Daylit,60.2488,234.9191,-14.1935,299.7948,90.3456,79.95,0.497,Half Moon,False
2025-10-13,13:53:00,118715.3259,Daylit,60.0464,235.2054,-14.399,299.8599,90.3543,79.96,0.4969,Half Moon,False
2025-10-13,13:54:00,118512.6474,Daylit,59.8432,235.488,-14.6043,299.9255,90.3631,79.97,0.4968,Half Moon,False
2025-10-13,13:55:00,118307.969,Daylit,59.6394,235.767,-14.8095,299.9916,90.3718,79.97,0.4968,Half Moon,False
2025-10-13,13:56:00,118101.2926,Daylit,59.435,236.0423,-15.0146,300.0582,90.3806,79.98,0.4967,Half Moon,False
2025-10-13,13:57:00,117892.6199,Daylit,59.2298,236.314,-15.2196,300.1254,90.3893,79.99,0.4966,Half Moon,False
2025-10-13,13:58:00,117681.9526,Daylit,59.0241,236.5823,-15.4243,300.193,90.3981,79.99,0.4965,Half Moon,False
2025-10-13,13:59:00,117469.2926,Daylit,58.8177,236.8471,-15.629,300.2612,90.4069,80.0,0.4964,Half Moon,False
2025-10-13,14:00:00,117254.6415,Daylit,58.6106,237.1086,-15.8335,300.3298,90.4156,80.01,0.4964,Half Moon,False
2025-10-13,14:01:00,117038.0012,Daylit,58.403,237.3667,-16.0378,300.3991,90.4244,80.01,0.4963,Half Moon,False
2025-10-13,14:02:00,116819.3734,Daylit,58.1948,237.6215,-16.242,300.4688,90.4331,80.02,0.4962,Half Moon,False
2025-10-13,14:03:00,116598.76,Daylit,57.986,237.8731,-16.446,300.5391,90.4419,80.03,0.4961,Half Moon,False
2025-10-13,14:04:00,116376.1628,Daylit,57.7766,238.1216,-16.6499,300.6099,90.4506,80.03,0.4961,Half Moon,False
2025-10-13,14:05:00,116151.5836,Daylit,57.5667,238.3669,-16.8536,300.6812,90.4594,80.04,0.496,Half Moon,False
2025-10-13,14:06:00,115925.0243,Daylit,57.3562,238.6092,-17.0572,300.7531,90.4681,80.04,0.4959,Half Moon,False
2025-10-13,14:07:00,115696.4867,Daylit,57.1452,238.8485,-17.2606,300.8255,90.4769,80.05,0.4958,Half Moon,False
2025-10-13,14:08:00,115465.9727,Daylit,56.9336,239.0849,-17.4638,300.8985,90.4857,80.06,0.4958,Half Moon,False
2025-10-13,14:09:00,115233.4841,Daylit,56.7215,239.3183,-17.6669,300.972,90.4944,80.06,0.4957,Half Moon,False
2025-10-13,14:10:00,114999.0229,Daylit,56.509,239.5489,-17.8698,301.046,90.5032,80.07,0.4956,Half Moon,False
2025-10-13,14:11:00,114762.591,Daylit,56.2959,239.7766,-18.0726,301.1206,90.5119,80.08,0.4955,Half Moon,False
2025-10-13,14:12:00,114524.1901,Daylit,56.0823,240.0016,-18.2752,301.1958,90.5207,80.08,0.4955,Half Moon,False
2025-10-13,14:13:00,114283.8224,Daylit,55.8682,240.2239,-18.4776,301.2716,90.5294,80.09,0.4954,Half Moon,False
2025-10-13,14:14:00,114041.4896,Daylit,55.6537,240.4435,-18.6798,301.3479,90.5382,80.1,0.4953,Half Moon,False
2025-10-13,14:15:00,113797.1937,Daylit,55.4387,240.6605,-18.8819,301.4247,90.5469,80.1,0.4952,Half Moon,False
2025-10-13,14:16:00,113550.9367,Daylit,55.2233,240.8749,-19.0838,301.5022,90.5557,80.11,0.4952,Half Moon,False
2025-10-13,14:17:00,113302.7205,Daylit,55.0074,241.0868,-19.2856,301.5802,90.5644,80.11,0.4951,Half Moon,False
2025-10-13,14:18:00,113052.5471,Daylit,54.7911,241.2961,-19.4871,301.6588,90.5732,80.12,0.495,Half Moon,False
2025-10-13,14:19:00,112800.4185,Daylit,54.5743,241.503,-19.6885,301.738,90.582,80.13,0.4949,Half Moon,False
2025-10-13,14:20:00,112546.3365,Daylit,54.3571,241.7075,-19.8897,301.8177,90.5907,80.13,0.4948,Half Moon,False
2025-10-13,14:21:00,112290.3033,Daylit,54.1396,241.9096,-20.0907,301.8981,90.5995,80.14,0.4948,Half Moon,False
2025-10-13,14:22:00,112032.3208,Daylit,53.9216,242.1093,-20.2916,301.9791,90.6082,80.15,0.4947,Half Moon,False
2025-10-13,14:23:00,111772.391,Daylit,53.7032,242.3068,-20.4922,302.0606,90.617,80.15,0.4946,Half Moon,False
2025-10-13,14:24:00,111510.5159,Daylit,53.4844,242.502,-20.6927,302.1427,90.6257,80.16,0.4945,Half Moon,False
2025-10-13,14:25:00,111246.6975,Daylit,53.2652,242.6949,-20.893,302.2255,90.6345,80.17,0.4945,Half Moon,False
2025-10-13,14:26:00,110980.9379,Daylit,53.0457,242.8857,-21.0931,302.3089,90.6432,80.17,0.4944,Half Moon,False
2025-10-13,14:27:00,110713.2391,Daylit,52.8257,243.0743,-21.293,302.3928,90.652,80.18,0.4943,Half Moon,False
2025-10-13,14:28:00,110443.6031,Daylit,52.6054,243.2608,-21.4927,302.4774,90.6607,80.19,0.4942,Half Moon,False
2025-10-13,14:29:00,110172.0319,Daylit,52.3848,243.4452,-21.6923,302.5626,90.6695,80.19,0.4942,Half Moon,False
2025-10-13,14:30:00,109898.5276,Daylit,52.1638,243.6275,-21.8916,302.6484,90.6782,80.2,0.4941,Half Moon,False
2025-10-13,14:31:00,109623.0923,Daylit,51.9425,243.8078,-22.0907,302.7349,90.687,80.2,0.494,Half Moon,False
2025-10-13,14:32:00,109345.728,Daylit,51.7208,243.9861,-22.2897,302.822,90.6957,80.21,0.4939,Half Moon,False
2025-10-13,14:33:00,109066.4368,Daylit,51.4987,244.1625,-22.4884,302.9097,90.7045,80.22,0.4939,Half Moon,False
2025-10-13,14:34:00,108785.2207,Daylit,51.2764,244.3369,-22.6869,302.9981,90.7132,80.22,0.4938,Half Moon,False
2025-10-13,14:35:00,108502.0818,Daylit,51.0537,244.5094,-22.8853,303.0871,90.722,80.23,0.4937,Half Moon,False
2025-10-13,14:36:00,108217.0222,Daylit,50.8307,244.6801,-23.0834,303.1768,90.7307,80.24,0.4936,Half Moon,False
2025-10-13,14:37:00,107930.0439,Daylit,50.6074,244.8489,-23.2813,303.2671,90.7395,80.24,0.4935,Half Moon,False
2025-10-13,14:38:00,107641.1491,Daylit,50.3838,245.0159,-23.479,303.358,90.7482,80.25,0.4935,Half Moon,False
2025-10-13,14:39:00,107350.3398,Daylit,50.1599,245.1811,-23.6765,303.4497,90.757,80.26,0.4934,Half Moon,False
2025-10-13,14:40:00,107057.6181,Daylit,49.9357,245.3446,-23.8738,303.542,90.7657,80.26,0.4933,Half Moon,False
2025-10-13,14:41:00,106762.9861,Daylit,49.7112,245.5063,-24.0708,303.6349,90.7745,80.27,0.4932,Half Moon,False
2025-10-13,14:42:00,106466.4459,Daylit,49.4864,245.6663,-24.2677,303.7286,90.7832,80.27,0.4932,Half Moon,False
2025-10-13,14:43:00,106167.9996,Daylit,49.2614,245.8247,-24.4643,303.8229,90.792,80.28,0.4931,Half Moon,False
2025-10-13,14:44:00,105867.6492,Daylit,49.036,245.9814,-24.6607,303.9179,90.8007,80.29,0.493,Half Moon,False
2025-10-13,14:45:00,105565.3969,Daylit,48.8104,246.1365,-24.8569,304.0136,90.8095,80.29,0.4929,Half Moon,False
2025-10-13,14:46:00,105261.2447,Daylit,48.5845,246.29,-25.0528,304.11,90.8182,80.3,0.4929,Half Moon,False
2025-10-13,14:47:00,104955.1948,Daylit,48.3584,246.4419,-25.2486,304.207,90.827,80.31,0.4928,Half Moon,False
2025-10-13,14:48:00,104647.2492,Daylit,48.132,246.5923,-25.4441,304.3048,90.8357,80.31,0.4927,Half Moon,False
2025-10-13,14:49:00,104337.41,Daylit,47.9053,246.7411,-25.6393,304.4033,90.8445,80.32,0.4926,Half Moon,False
2025-10-13,14:50:00,104025.6794,Daylit,47.6784,246.8884,-25.8344,304.5025,90.8532,80.33,0.4926,Half Moon,False
2025-10-13,14:51:00,103712.0594,Daylit,47.4513,247.0343,-26.0292,304.6025,90.862,80.33,0.4925,Half Moon,False
2025-10-13,14:52:00,103396.5521,Daylit,47.2239,247.1786,-26.2237,304.7031,90.8707,80.34,0.4924,Half Moon,False
2025-10-13,14:53:00,103079.1595,Daylit,46.9962,247.3216,-26.418,304.8045,90.8795,80.35,0.4923,Half Moon,False
2025-10-13,14:54:00,102759.8839,Daylit,46.7683,247.4631,-26.6121,304.9066,90.8882,80.35,0.4922,Half Moon,False
2025-10-13,14:55:00,102438.7271,Daylit,46.5402,247.6032,-26.8059,305.0094,90.897,80.36,0.4922,Half Moon,False
2025-10-13,14:56:00,102115.6914,Daylit,46.3119,247.742,-26.9995,305.113,90.9057,80.36,0.4921,Half Moon,False
2025-10-13,14:57:00,101790.7788,Daylit,46.0833,247.8794,-27.1928,305.2173,90.9144,80.37,0.492,Half Moon,False
2025-10-13,14:58:00,101463.9913,Daylit,45.8546,248.0154,-27.3859,305.3224,90.9232,80.38,0.4919,Half Moon,False
2025-10-13,14:59:00,101135.3311,Daylit,45.6256,248.1502,-27.5787,305.4283,90.9319,80.38,0.4919,Half Moon,False
2025-10-13,15:00:00,100804.8001,Daylit,45.3963,248.2836,-27.7713,305.5349,90.9407,80.39,0.4918,Half Moon,False
2025-10-13,15:01:00,100472.4004,Daylit,45.1669,248.4158,-27.9636,305.6422,90.9494,80.4,0.4917,Half Moon,False
2025-10-13,15:02:00,100138.1341,Daylit,44.9373,248.5467,-28.1556,305.7504,90.9582,80.4,0.4916,Half Moon,False
2025-10-13,15:03:00,99802.0031,Daylit,44.7074,248.6763,-28.3474,305.8593,90.9669,80.41,0.4916,Half Moon,False
2025-10-13,15:04:00,99464.0096,Daylit,44.4774,248.8048,-28.5389,305.969,90.9757,80.42,0.4915,Half Moon,False
2025-10-13,15:05:00,99124.1555,Daylit,44.2472,248.932,-28.7302,306.0795,90.9844,80.42,0.4914,Half Moon,False
2025-10-13,15:06:00,98782.4428,Daylit,44.0167,249.0581,-28.9211,306.1908,90.9932,80.43,0.4913,Half Moon,False
2025-10-13,15:07:00,98438.8736,Daylit,43.7861,249.1829,-29.1118,306.303,91.0019,80.43,0.4913,Half Moon,False
2025-10-13,15:08:00,98093.4498,Daylit,43.5553,249.3066,-29.3023,306.4159,91.0107,80.44,0.4912,Half Moon,False
2025-10-13,15:09:00,97746.1734,Daylit,43.3243,249.4292,-29.4924,306.5296,91.0194,80.45,0.4911,Half Moon,False
2025-10-13,15:10:00,97397.0463,Daylit,43.0931,249.5507,-29.6822,306.6441,91.0281,80.45,0.491,Half Moon,False
2025-10-13,15:11:00,97046.0706,Daylit,42.8617,249.671,-29.8718,306.7595,91.0369,80.46,0.491,Half Moon,False
2025-10-13,15:12:00,96693.2482,Daylit,42.6302,249.7903,-30.0611,306.8757,91.0456,80.47,0.4909,Half Moon,False
2025-10-13,15:13:00,96338.5809,Daylit,42.3985,249.9084,-30.2501,306.9927,91.0544,80.47,0.4908,Half Moon,False
2025-10-13,15:14:00,95982.0707,Daylit,42.1666,250.0255,-30.4388,307.1106,91.0631,80.48,0.4907,Half Moon,False
2025-10-13,15:15:00,95623.7196,Daylit,41.9345,250.1416,-30.6272,307.2294,91.0719,80.49,0.4906,Half Moon,False
2025-10-13,15:16:00,95263.5293,Daylit,41.7023,250.2566,-30.8153,307.349,91.0806,80.49,0.4906,Half Moon,False
2025-10-13,15:17:00,94901.5018,Daylit,41.4699,250.3706,-31.0031,307.4694,91.0893,80.5,0.4905,Half Moon,False
2025-10-13,15:18:00,94537.6388,Daylit,41.2373,250.4837,-31.1906,307.5907,91.0981,80.5,0.4904,Half Moon,False
2025-10-13,15:19:00,94171.9423,Daylit,41.0046,250.5957,-31.3778,307.7129,91.1068,80.51,0.4903,Half Moon,False
2025-10-13,15:20:00,93804.4141,Daylit,40.7717,250.7067,-31.5647,307.836,91.1156,80.52,0.4903,Half Moon,False
2025-10-13,15:21:00,93435.0559,Daylit,40.5386,250.8168,-31.7512,307.9599,91.1243,80.52,0.4902,Half Moon,False
2025-10-13,15:22:00,93063.8695,Daylit,40.3054,250.9259,-31.9375,308.0848,91.1331,80.53,0.4901,Half Moon,False
2025-10-13,15:23:00,92690.8567,Daylit,40.0721,251.0341,-32.1234,308.2105,91.1418,80.54,0.49,Half Moon,False
2025-10-13,15:24:00,92316.0191,Daylit,39.8386,251.1413,-32.309,308.3372,91.1505,80.54,0.49,Half Moon,False
2025-10-13,15:25:00,91939.3586,Daylit,39.6049,251.2477,-32.4943,308.4648,91.1593,80.55,0.4899,Waxing Gibbous,False
2025-10-13,15:26:00,91560.8768,Daylit,39.3711,251.3531,-32.6792,308.5933,91.168,80.55,0.4898,Waxing Gibbous,False
2025-10-13,15:27:00,91180.5753,Daylit,39.1372,251.4577,-32.8638,308.7227,91.1768,80.56,0.4897,Waxing Gibbous,False
2025-10-13,15:28:00,90798.4558,Daylit,38.9031,251.5613,-33.0481,308.853,91.1855,80.57,0.4897,Waxing Gibbous,False
2025-10-13,15:29:00,90414.5199,Daylit,38.6689,251.6641,-33.2321,308.9843,91.1943,80.57,0.4896,Waxing Gibbous,False
2025-10-13,15:30:00,90028.7692,Daylit,38.4345,251.7661,-33.4157,309.1166,91.203,80.58,0.4895,Waxing Gibbous,False
2025-10-13,15:31:00,89641.2052,Daylit,38.2,251.8672,-33.5989,309.2498,91.2117,80.59,0.4894,Waxing Gibbous,False
2025-10-13,15:32:00,89251.8295,Daylit,37.9654,251.9675,-33.7818,309.3839,91.2205,80.59,0.4894,Waxing Gibbous,False
2025-10-13,15:33:00,88860.6435,Daylit,37.7306,252.0669,-33.9644,309.519,91.2292,80.6,0.4893,Waxing Gibbous,False
2025-10-13,15:34:00,88467.6488,Daylit,37.4958,252.1656,-34.1466,309.6551,91.238,80.61,0.4892,Waxing Gibbous,False
2025-10-13,15:35:00,88072.8466,Daylit,37.2607,252.2634,-34.3284,309.7922,91.2467,80.61,0.4891,Waxing Gibbous,False
2025-10-13,15:36:00,87676.2385,Daylit,37.0256,252.3605,-34.5099,309.9303,91.2554,80.62,0.489,Waxing Gibbous,False
2025-10-13,15:37:00,87277.8258,Daylit,36.7903,252.4567,-34.691,310.0693,91.2642,80.62,0.489,Waxing Gibbous,False
2025-10-13,15:38:00,86877.6098,Daylit,36.5549,252.5523,-34.8717,310.2094,91.2729,80.63,0.4889,Waxing Gibbous,False
2025-10-13,15:39:00,86475.5918,Daylit,36.3194,252.647,-35.0521,310.3505,91.2817,80.64,0.4888,Waxing Gibbous,False
2025-10-13,15:40:00,86071.7731,Daylit,36.0837,252.741,-35.2321,310.4925,91.2904,80.64,0.4887,Waxing Gibbous,False
2025-10-13,15:41:00,85666.1548,Daylit,35.848,252.8342,-35.4117,310.6357,91.2991,80.65,0.4887,Waxing Gibbous,False
2025-10-13,15:42:00,85258.7381,Daylit,35.6121,252.9268,-35.5909,310.7798,91.3079,80.66,0.4886,Waxing Gibbous,False
2025-10-13,15:43:00,84849.5242,Daylit,35.3761,253.0186,-35.7697,310.925,91.3166,80.66,0.4885,Waxing Gibbous,False
2025-10-13,15:44:00,84438.514,Daylit,35.14,253.1096,-35.9482,311.0712,91.3254,80.67,0.4884,Waxing Gibbous,False
2025-10-13,15:45:00,84025.7087,Daylit,34.9038,253.2,-36.1262,311.2185,91.3341,80.67,0.4884,Waxing Gibbous,False
2025-10-13,15:46:00,83611.1093,Daylit,34.6674,253.2897,-36.3039,311.3669,91.3428,80.68,0.4883,Waxing Gibbous,False
2025-10-13,15:47:00,83194.7166,Daylit,34.431,253.3787,-36.4811,311.5163,91.3516,80.69,0.4882,Waxing Gibbous,False
2025-10-13,15:48:00,82776.5315,Daylit,34.1944,253.467,-36.6579,311.6668,91.3603,80.69,0.4881,Waxing Gibbous,False
2025-10-13,15:49:00,82356.555,Daylit,33.9578,253.5547,-36.8343,311.8184,91.369,80.7,0.4881,Waxing Gibbous,False
2025-10-13,15:50:00,81934.7877,Daylit,33.721,253.6417,-37.0103,311.9711,91.3778,80.71,0.488,Waxing Gibbous,False
2025-10-13,15:51:00,81511.2304,Daylit,33.4841,253.728,-37.1859,312.1249,91.3865,80.71,0.4879,Waxing Gibbous,False
2025-10-13,15:52:00,81085.8837,Daylit,33.2472,253.8137,-37.3611,312.2798,91.3953,80.72,0.4878,Waxing Gibbous,False
2025-10-13,15:53:00,80658.7483,Daylit,33.0101,253.8987,-37.5358,312.4358,91.404,80.73,0.4877,Waxing Gibbous,False
2025-10-13,15:54:00,80229.8246,Daylit,32.7729,253.9832,-37.7101,312.5929,91.4127,80.73,0.4877,Waxing Gibbous,False
2025-10-13,15:55:00,79799.1133,Daylit,32.5356,254.067,-37.8839,312.7512,91.4215,80.74,0.4876,Waxing Gibbous,False
2025-10-13,15:56:00,79366.6147,Daylit,32.2982,254.1501,-38.0574,312.9106,91.4302,80.74,0.4875,Waxing Gibbous,False
2025-10-13,15:57:00,78932.3291,Daylit,32.0608,254.2327,-38.2303,313.0712,91.4389,80.75,0.4874,Waxing Gibbous,False
2025-10-13,15:58:00,78496.2568,Daylit,31.8232,254.3147,-38.4028,313.2329,91.4477,80.76,0.4874,Waxing Gibbous,False
2025-10-13,15:59:00,78058.398,Daylit,31.5855,254.3961,-38.5749,313.3958,91.4564,80.76,0.4873,Waxing Gibbous,False
2025-10-13,16:00:00,77618.753,Daylit,31.3478,254.4769,-38.7465,313.5599,91.4651,80.77,0.4872,Waxing Gibbous,False
2025-10-13,16:01:00,77177.3216,Daylit,31.1099,254.5571,-38.9176,313.7251,91.4739,80.78,0.4871,Waxing Gibbous,False
2025-10-13,16:02:00,76734.104,Daylit,30.872,254.6367,-39.0883,313.8915,91.4826,80.78,0.4871,Waxing Gibbous,False
2025-10-13,16:03:00,76289.0999,Daylit,30.6339,254.7158,-39.2585,314.0592,91.4914,80.79,0.487,Waxing Gibbous,False
2025-10-13,16:04:00,75842.3093,Daylit,30.3958,254.7943,-39.4282,314.228,91.5001,80.79,0.4869,Waxing Gibbous,False
2025-10-13,16:05:00,75393.7318,Daylit,30.1576,254.8723,-39.5974,314.3981,91.5088,80.8,0.4868,Waxing Gibbous,False
2025-10-13,16:06:00,74943.3671,Daylit,29.9193,254.9498,-39.7661,314.5693,91.5176,80.81,0.4868,Waxing Gibbous,False
2025-10-13,16:07:00,74491.2147,Daylit,29.6809,255.0266,-39.9344,314.7419,91.5263,80.81,0.4867,Waxing Gibbous,False
2025-10-13,16:08:00,74037.2741,Daylit,29.4425,255.103,-40.1021,314.9156,91.535,80.82,0.4866,Waxing Gibbous,False
2025-10-13,16:09:00,73581.5446,Daylit,29.2039,255.1788,-40.2694,315.0906,91.5438,80.83,0.4865,Waxing Gibbous,False
2025-10-13,16:10:00,73124.0255,Daylit,28.9653,255.2541,-40.4361,315.2669,91.5525,80.83,0.4865,Waxing Gibbous,False
2025-10-13,16:11:00,72664.7159,Daylit,28.7266,255.3289,-40.6023,315.4444,91.5612,80.84,0.4864,Waxing Gibbous,False
2025-10-13,16:12:00,72203.6149,Daylit,28.4878,255.4032,-40.768,315.6232,91.57,80.85,0.4863,Waxing Gibbous,False
2025-10-13,16:13:00,71740.7214,Daylit,28.2489,255.477,-40.9332,315.8032,91.5787,80.85,0.4862,Waxing Gibbous,False
2025-10-13,16:14:00,71276.0342,Daylit,28.0099,255.5503,-41.0978,315.9846,91.5874,80.86,0.4861,Waxing Gibbous,False
2025-10-13,16:15:00,70809.5519,Daylit,27.7709,255.6231,-41.2619,316.1673,91.5962,80.86,0.4861,Waxing Gibbous,False
2025-10-13,16:16:00,70341.2733,Daylit,27.5318,255.6954,-41.4255,316.3513,91.6049,80.87,0.486,Waxing Gibbous,False
2025-10-13,16:17:00,69871.1966,Daylit,27.2926,255.7672,-41.5885,316.5366,91.6136,80.88,0.4859,Waxing Gibbous,False
2025-10-13,16:18:00,69399.3202,Daylit,27.0533,255.8386,-41.751,316.7232,91.6224,80.88,0.4858,Waxing Gibbous,False
2025-10-13,16:19:00,68925.6424,Daylit,26.814,255.9095,-41.9129,316.9111,91.6311,80.89,0.4858,Waxing Gibbous,False
2025-10-13,16:20:00,68450.161,Daylit,26.5746,255.9799,-42.0742,317.1004,91.6398,80.9,0.4857,Waxing Gibbous,False
2025-10-13,16:21:00,67972.8741,Daylit,26.3351,256.0499,-42.235,317.2911,91.6486,80.9,0.4856,Waxing Gibbous,False
2025-10-13,16:22:00,67493.7794,Daylit,26.0956,256.1194,-42.3952,317.4831,91.6573,80.91,0.4855,Waxing Gibbous,False
2025-10-13,16:23:00,67012.8743,Daylit,25.8559,256.1885,-42.5548,317.6764,91.666,80.91,0.4855,Waxing Gibbous,False
2025-10-13,16:24:00,66530.1565,Daylit,25.6162,256.2571,-42.7139,317.8712,91.6748,80.92,0.4854,Waxing Gibbous,False
2025-10-13,16:25:00,66045.6231,Daylit,25.3765,256.3253,-42.8723,318.0673,91.6835,80.93,0.4853,Waxing Gibbous,False
2025-10-13,16:26:00,65559.2712,Daylit,25.1366,256.393,-43.0302,318.2648,91.6922,80.93,0.4852,Waxing Gibbous,False
2025-10-13,16:27:00,65071.0978,Daylit,24.8967,256.4603,-43.1874,318.4637,91.701,80.94,0.4852,Waxing Gibbous,False
2025-10-13,16:28:00,64581.0995,Daylit,24.6568,256.5272,-43.3441,318.6641,91.7097,80.95,0.4851,Waxing Gibbous,False
2025-10-13,16:29:00,64089.2729,Daylit,24.4167,256.5937,-43.5001,318.8658,91.7184,80.95,0.485,Waxing Gibbous,False
2025-10-13,16:30:00,63595.6144,Daylit,24.1766,256.6598,-43.6555,319.069,91.7271,80.96,0.4849,Waxing Gibbous,False
2025-10-13,16:31:00,63100.12,Daylit,23.9364,256.7254,-43.8103,319.2736,91.7359,80.96,0.4849,Waxing Gibbous,False
2025-10-13,16:32:00,62602.7859,Daylit,23.6962,256.7907,-43.9644,319.4797,91.7446,80.97,0.4848,Waxing Gibbous,False
2025-10-13,16:33:00,62103.6075,Daylit,23.4559,256.8555,-44.1179,319.6872,91.7533,80.98,0.4847,Waxing Gibbous,False
2025-10-13,16:34:00,61602.5805,Daylit,23.2155,256.92,-44.2707,319.8961,91.7621,80.98,0.4846,Waxing Gibbous,False
2025-10-13,16:35:00,61099.7,Daylit,22.9751,256.984,-44.4229,320.1066,91.7708,80.99,0.4845,Waxing Gibbous,False
2025-10-13,16:36:00,60594.9612,Daylit,22.7346,257.0477,-44.5744,320.3185,91.7795,81.0,0.4845,Waxing Gibbous,False
2025-10-13,16:37:00,60088.3587,Daylit,22.4941,257.111,-44.7253,320.5319,91.7883,81.0,0.4844,Waxing Gibbous,False
2025-10-13,16:38:00,59579.8871,Daylit,22.2535,257.1739,-44.8755,320.7468,91.797,81.01,0.4843,Waxing Gibbous,False
2025-10-13,16:39:00,59069.5405,Daylit,22.0128,257.2364,-45.025,320.9631,91.8057,81.01,0.4842,Waxing Gibbous,False
2025-10-13,16:40:00,58557.313,Daylit,21.7721,257.2986,-45.1738,321.181,91.8144,81.02,0.4842,Waxing Gibbous,False
2025-10-13,16:41:00,58043.1982,Daylit,21.5313,257.3603,-45.322,321.4004,91.8232,81.03,0.4841,Waxing Gibbous,False
2025-10-13,16:42:00,57527.1894,Daylit,21.2905,257.4218,-45.4694,321.6214,91.8319,81.03,0.484,Waxing Gibbous,False
2025-10-13,16:43:00,57009.2797,Daylit,21.0496,257.4828,-45.6161,321.8438,91.8406,81.04,0.4839,Waxing Gibbous,False
2025-10-13,16:44:00,56489.4619,Daylit,20.8086,257.5435,-45.7621,322.0678,91.8494,81.05,0.4839,Waxing Gibbous,False
2025-10-13,16:45:00,55967.7282,Daylit,20.5676,257.6039,-45.9074,322.2933,91.8581,81.05,0.4838,Waxing Gibbous,False
2025-10-13,16:46:00,55444.0707,Daylit,20.3265,257.6639,-46.0519,322.5204,91.8668,81.06,0.4837,Waxing Gibbous,False
2025-10-13,16:47:00,54918.481,Daylit,20.0854,257.7236,-46.1957,322.7491,91.8755,81.06,0.4836,Waxing Gibbous,False
2025-10-13,16:48:00,54390.9505,Daylit,19.8443,257.7829,-46.3388,322.9793,91.8843,81.07,0.4836,Waxing Gibbous,False
2025-10-13,16:49:00,53861.47,Daylit,19.603,257.8419,-46.4811,323.2111,91.893,81.08,0.4835,Waxing Gibbous,False
2025-10-13,16:50:00,53330.0299,Daylit,19.3617,257.9005,-46.6227,323.4444,91.9017,81.08,0.4834,Waxing Gibbous,False
2025-10-13,16:51:00,52796.6204,Daylit,19.1204,257.9588,-46.7635,323.6794,91.9105,81.09,0.4833,Waxing Gibbous,False
2025-10-13,16:52:00,52261.2309,Daylit,18.879,258.0168,-46.9035,323.9159,91.9192,81.1,0.4833,Waxing Gibbous,False
2025-10-13,16:53:00,51723.8505,Daylit,18.6376,258.0745,-47.0427,324.1541,91.9279,81.1,0.4832,Waxing Gibbous,False
2025-10-13,16:54:00,51184.468,Daylit,18.3961,258.1318,-47.1812,324.3938,91.9366,81.11,0.4831,Waxing Gibbous,False
2025-10-13,16:55:00,50643.0714,Daylit,18.1546,258.1889,-47.3188,324.6352,91.9454,81.11,0.483,Waxing Gibbous,False
2025-10-13,16:56:00,50099.6483,Daylit,17.913,258.2456,-47.4557,324.8782,91.9541,81.12,0.483,Waxing Gibbous,False
2025-10-13,16:57:00,49554.1856,Daylit,17.6713,258.302,-47.5917,325.1228,91.9628,81.13,0.4829,Waxing Gibbous,False
2025-10-13,16:58:00,49006.67,Daylit,17.4296,258.3581,-47.7269,325.369,91.9715,81.13,0.4828,Waxing Gibbous,False
2025-10-13,16:59:00,48457.087,Daylit,17.1879,258.4139,-47.8613,325.6169,91.9803,81.14,0.4827,Waxing Gibbous,False
2025-10-13,17:00:00,47905.4221,Daylit,16.9461,258.4693,-47.9948,325.8664,91.989,81.15,0.4826,Waxing Gibbous,False
2025-10-13,17:01:00,47351.6595,Daylit,16.7043,258.5245,-48.1276,326.1176,91.9977,81.15,0.4826,Waxing Gibbous,False
2025-10-13,17:02:00,46795.7833,Daylit,16.4624,258.5794,-48.2594,326.3704,92.0064,81.16,0.4825,Waxing Gibbous,False
2025-10-13,17:03:00,46237.7765,Daylit,16.2205,258.634,-48.3904,326.6249,92.0152,81.16,0.4824,Waxing Gibbous,False
2025-10-13,17:04:00,45677.6214,Daylit,15.9785,258.6883,-48.5205,326.881,92.0239,81.17,0.4823,Waxing Gibbous,False
2025-10-13,17:05:00,45115.2994,Daylit,15.7365,258.7424,-48.6498,327.1388,92.0326,81.18,0.4823,Waxing Gibbous,False
2025-10-13,17:06:00,44550.7914,Daylit,15.4945,258.7961,-48.7781,327.3982,92.0413,81.18,0.4822,Waxing Gibbous,False
2025-10-13,17:07:00,43984.0769,Daylit,15.2524,258.8496,-48.9056,327.6593,92.0501,81.19,0.4821,Waxing Gibbous,False
2025-10-13,17:08:00,43415.135,Daylit,15.0102,258.9028,-49.0322,327.9221,92.0588,81.2,0.482,Waxing Gibbous,False
2025-10-13,17:09:00,42843.9433,Daylit,14.768,258.9557,-49.1579,328.1866,92.0675,81.2,0.482,Waxing Gibbous,False
2025-10-13,17:10:00,42270.4788,Daylit,14.5258,259.0083,-49.2826,328.4528,92.0762,81.21,0.4819,Waxing Gibbous,False
2025-10-13,17:11:00,41694.7171,Daylit,14.2835,259.0607,-49.4064,328.7206,92.085,81.21,0.4818,Waxing Gibbous,False
2025-10-13,17:12:00,41116.6328,Daylit,14.0412,259.1128,-49.5293,328.9902,92.0937,81.22,0.4817,Waxing Gibbous,False
2025-10-13,17:13:00,40536.1991,Daylit,13.7988,259.1646,-49.6512,329.2614,92.1024,81.23,0.4817,Waxing Gibbous,False
2025-10-13,17:14:00,39953.3882,Daylit,13.5564,259.2162,-49.7722,329.5343,92.1111,81.23,0.4816,Waxing Gibbous,False
2025-10-13,17:15:00,39368.1707,Daylit,13.314,259.2675,-49.8923,329.8089,92.1199,81.24,0.4815,Waxing Gibbous,False
2025-10-13,17:16:00,38780.5158,Daylit,13.0715,259.3186,-50.0113,330.0852,92.1286,81.24,0.4814,Waxing Gibbous,False
2025-10-13,17:17:00,38190.3913,Daylit,12.829,259.3694,-50.1294,330.3632,92.1373,81.25,0.4814,Waxing Gibbous,False
2025-10-13,17:18:00,37597.763,Daylit,12.5864,259.4199,-50.2465,330.6429,92.146,81.26,0.4813,Waxing Gibbous,False
2025-10-13,17:19:00,37002.5955,Daylit,12.3438,259.4702,-50.3626,330.9243,92.1548,81.26,0.4812,Waxing Gibbous,False
2025-10-13,17:20:00,36404.8512,Daylit,12.1011,259.5203,-50.4777,331.2074,92.1635,81.27,0.4811,Waxing Gibbous,False
2025-10-13,17:21:00,35804.4905,Daylit,11.8584,259.5701,-50.5918,331.4922,92.1722,81.28,0.481,Waxing Gibbous,False
2025-10-13,17:22:00,35201.472,Daylit,11.6157,259.6197,-50.7048,331.7787,92.1809,81.28,0.481,Waxing Gibbous,False
2025-10-13,17:23:00,34595.7518,Daylit,11.373,259.669,-50.8169,332.0669,92.1896,81.29,0.4809,Waxing Gibbous,False
2025-10-13,17:24:00,33987.2839,Daylit,11.1302,259.7181,-50.9279,332.3568,92.1984,81.29,0.4808,Waxing Gibbous,False
2025-10-13,17:25:00,33376.0194,Daylit,10.8873,259.767,-51.0378,332.6483,92.2071,81.3,0.4807,Waxing Gibbous,False
2025-10-13,17:26:00,32761.9069,Daylit,10.6445,259.8156,-51.1467,332.9416,92.2158,81.31,0.4807,Waxing Gibbous,False
2025-10-13,17:27:00,32144.892,Daylit,10.4015,259.864,-51.2545,333.2365,92.2245,81.31,0.4806,Waxing Gibbous,False
2025-10-13,17:28:00,31524.9173,Daylit,10.1586,259.9122,-51.3612,333.5332,92.2332,81.32,0.4805,Waxing Gibbous,False
2025-10-13,17:29:00,30901.9217,Daylit,9.9156,259.9601,-51.4669,333.8315,92.242,81.33,0.4804,Waxing Gibbous,False
2025-10-13,17:30:00,30275.8406,Daylit,9.6726,260.0079,-51.5715,334.1315,92.2507,81.33,0.4804,Waxing Gibbous,False
2025-10-13,17:31:00,29646.6056,Daylit,9.4295,260.0554,-51.6749,334.4332,92.2594,81.34,0.4803,Waxing Gibbous,False
2025-10-13,17:32:00,29014.1438,Daylit,9.1865,260.1027,-51.7773,334.7365,92.2681,81.34,0.4802,Waxing Gibbous,False
2025-10-13,17:33:00,28378.3776,Daylit,8.9433,260.1497,-51.8785,335.0415,92.2768,81.35,0.4801,Waxing Gibbous,False
2025-10-13,17:34:00,27739.2247,Daylit,8.7002,260.1966,-51.9786,335.3482,92.2856,81.36,0.4801,Waxing Gibbous,False
2025-10-13,17:35:00,27096.5969,Daylit,8.457,260.2432,-52.0776,335.6565,92.2943,81.36,0.48,Waxing Gibbous,False
2025-10-13,17:36:00,26450.4002,Daylit,8.2138,260.2896,-52.1754,335.9665,92.303,81.37,0.4799,Waxing Gibbous,False
2025-10-13,17:37:00,25800.534,Daylit,7.9705,260.3359,-52.2721,336.2781,92.3117,81.38,0.4798,Waxing Gibbous,False
2025-10-13,17:38:00,25146.8904,Daylit,7.7272,260.3819,-52.3676,336.5914,92.3204,81.38,0.4798,Waxing Gibbous,False
2025-10-13,17:39:00,24489.3536,Daylit,7.4839,260.4277,-52.4619,336.9062,92.3292,81.39,0.4797,Waxing Gibbous,False
2025-10-13,17:40:00,23827.7991,Daylit,7.2405,260.4733,-52.5551,337.2227,92.3379,81.39,0.4796,Waxing Gibbous,False
2025-10-13,17:41:00,23162.0926,Daylit,6.9971,260.5187,-52.647,337.5408,92.3466,81.4,0.4795,Waxing Gibbous,False
2025-10-13,17:42:00,22492.089,Daylit,6.7537,260.5639,-52.7378,337.8605,92.3553,81.41,0.4795,Waxing Gibbous,False
2025-10-13,17:43:00,21817.6312,Daylit,6.5103,260.6089,-52.8273,338.1818,92.364,81.41,0.4794,Waxing Gibbous,False
2025-10-13,17:44:00,21138.5485,Daylit,6.2668,260.6537,-52.9157,338.5047,92.3728,81.42,0.4793,Waxing Gibbous,False
2025-10-13,17:45:00,20454.6552,Daylit,6.0233,260.6984,-53.0028,338.8292,92.3815,81.42,0.4792,Waxing Gibbous,False
2025-10-13,17:46:00,19765.7485,Daylit,5.7797,260.7428,-53.0886,339.1552,92.3902,81.43,0.4791,Waxing Gibbous,False
2025-10-13,17:47:00,19071.606,Daylit,5.5361,260.787,-53.1733,339.4828,92.3989,81.44,0.4791,Waxing Gibbous,False
2025-10-13,17:48:00,18371.9833,Daylit,5.2925,260.8311,-53.2566,339.8119,92.4076,81.44,0.479,Waxing Gibbous,False
2025-10-13,17:49:00,17666.6107,Daylit,5.0489,260.875,-53.3388,340.1425,92.4163,81.45,0.4789,Waxing Gibbous,False
2025-10-13,17:50:00,16955.1889,Daylit,4.8052,260.9186,-53.4196,340.4746,92.4251,81.46,0.4788,Waxing Gibbous,False
2025-10-13,17:51:00,16237.3849,Daylit,4.5615,260.9621,-53.4992,340.8083,92.4338,81.46,0.4788,Waxing Gibbous,False
2025-10-13,17:52:00,15512.8256,Daylit,4.3178,261.0055,-53.5775,341.1434,92.4425,81.47,0.4787,Waxing Gibbous,False
2025-10-13,17:53:00,14781.0909,Daylit,4.0741,261.0486,-53.6544,341.48,92.4512,81.47,0.4786,Waxing Gibbous,False
2025-10-13,17:54:00,14041.7046,Daylit,3.8303,261.0916,-53.7301,341.818,92.4599,81.48,0.4785,Waxing Gibbous,False
2025-10-13,17:55:00,13294.1231,Daylit,3.5865,261.1344,-53.8045,342.1575,92.4686,81.49,0.4785,Waxing Gibbous,False
2025-10-13,17:56:00,12537.7207,Daylit,3.3426,261.177,-53.8776,342.4984,92.4774,81.49,0.4784,Waxing Gibbous,False
2025-10-13,17:57:00,11771.7703,Daylit,3.0988,261.2194,-53.9493,342.8406,92.4861,81.5,0.4783,Waxing Gibbous,False
2025-10-13,17:58:00,10995.4179,Daylit,2.8549,261.2617,-54.0197,343.1843,92.4948,81.5,0.4782,Waxing Gibbous,False
2025-10-13,17:59:00,10207.6481,Daylit,2.6109,261.3038,-54.0887,343.5294,92.5035,81.51,0.4782,Waxing Gibbous,False
2025-10-13,18:00:00,9407.2351,Daylit,2.367,261.3457,-54.1564,343.8758,92.5122,81.52,0.4781,Waxing Gibbous,False
2025-10-13,18:01:00,8592.6735,Daylit,2.123,261.3875,-54.2228,344.2235,92.5209,81.52,0.478,Waxing Gibbous,False
2025-10-13,18:02:00,7762.0745,Daylit,1.879,261.4291,-54.2878,344.5726,92.5297,81.53,0.4779,Waxing Gibbous,False
2025-10-13,18:03:00,6913.0048,Daylit,1.635,261.4706,-54.3514,344.9229,92.5384,81.54,0.4779,Waxing Gibbous,False
2025-10-13,18:04:00,6042.2227,Daylit,1.3909,261.5118,-54.4136,345.2745,92.5471,81.54,0.4778,Waxing Gibbous,False
2025-10-13,18:05:00,5145.2146,Daylit,1.1468,261.553,-54.4744,345.6273,92.5558,81.55,0.4777,Waxing Gibbous,False
2025-10-13,18:06:00,4215.3009,Daylit,0.9027,261.5939,-54.5339,345.9814,92.5645,81.55,0.4776,Waxing Gibbous,False
2025-10-13,18:07:00,3241.6662,Daylit,0.6586,261.6347,-54.5919,346.3367,92.5732,81.56,0.4776,Waxing Gibbous,False
2025-10-13,18:08:00,2204.0021,Daylit,0.4145,261.6754,-54.6485,346.6932,92.5819,81.57,0.4775,Waxing Gibbous,False
2025-10-13,18:09:00,1050.4981,Daylit,0.1703,261.7159,-54.7037,347.0508,92.5907,81.57,0.4774,Waxing Gibbous,False
2025-10-13,18:10:00,20.1486,Civil Twilight,-0.0739,261.7562,-54.7575,347.4095,92.5994,81.58,0.4773,Waxing Gibbous,False
2025-10-13,18:11:00,19.3182,Civil Twilight,-0.3182,261.7964,-54.8099,347.7694,92.6081,81.58,0.4772,Waxing Gibbous,False
2025-10-13,18:12:00,18.4877,Civil Twilight,-0.5624,261.8365,-54.8608,348.1303,92.6168,81.59,0.4772,Waxing Gibbous,False
2025-10-13,18:13:00,17.6572,Civil Twilight,-0.8067,261.8764,-54.9103,348.4923,92.6255,81.6,0.4771,Waxing Gibbous,False
2025-10-13,18:14:00,16.8266,Civil Twilight,-1.051,261.9162,-54.9583,348.8554,92.6342,81.6,0.477,Waxing Gibbous,False
2025-10-13,18:15:00,15.9958,Civil Twilight,-1.2953,261.9558,-55.0049,349.2194,92.6429,81.61,0.4769,Waxing Gibbous,False
2025-10-13,18:16:00,15.165,Civil Twilight,-1.5397,261.9952,-55.05,349.5845,92.6517,81.62,0.4769,Waxing Gibbous,False
2025-10-13,18:17:00,14.3342,Civil Twilight,-1.7841,262.0346,-55.0937,349.9504,92.6604,81.62,0.4768,Waxing Gibbous,False
2025-10-13,18:18:00,13.5032,Civil Twilight,-2.0285,262.0737,-55.1359,350.3173,92.6691,81.63,0.4767,Waxing Gibbous,False
2025-10-13,18:19:00,12.6722,Civil Twilight,-2.2729,262.1128,-55.1766,350.6851,92.6778,81.63,0.4766,Waxing Gibbous,False
2025-10-13,18:20:00,11.8411,Civil Twilight,-2.5173,262.1517,-55.2158,351.0538,92.6865,81.64,0.4766,Waxing Gibbous,False
2025-10-13,18:21:00,11.0099,Civil Twilight,-2.7618,262.1905,-55.2536,351.4233,92.6952,81.65,0.4765,Waxing Gibbous,False
2025-10-13,18:22:00,10.1786,Civil Twilight,-3.0063,262.2291,-55.2898,351.7936,92.7039,81.65,0.4764,Waxing Gibbous,False
2025-10-13,18:23:00,9.3473,Civil Twilight,-3.2508,262.2676,-55.3246,352.1647,92.7126,81.66,0.4763,Waxing Gibbous,False
2025-10-13,18:24:00,8.5158,Civil Twilight,-3.4953,262.306,-55.3578,352.5366,92.7214,81.66,0.4763,Waxing Gibbous,False
2025-10-13,18:25:00,7.6843,Civil Twilight,-3.7399,262.3442,-55.3896,352.9091,92.7301,81.67,0.4762,Waxing Gibbous,False
2025-10-13,18:26:00,6.8528,Civil Twilight,-3.9845,262.3823,-55.4198,353.2824,92.7388,81.68,0.4761,Waxing Gibbous,False
2025-10-13,18:27:00,6.0211,Civil Twilight,-4.2291,262.4203,-55.4485,353.6563,92.7475,81.68,0.476,Waxing Gibbous,False
2025-10-13,18:28:00,5.1894,Civil Twilight,-4.4737,262.4581,-55.4757,354.0308,92.7562,81.69,0.476,Waxing Gibbous,False
2025-10-13,18:29:00,4.3576,Civil Twilight,-4.7183,262.4958,-55.5014,354.4059,92.7649,81.7,0.4759,Waxing Gibbous,False
2025-10-13,18:30:00,3.5258,Civil Twilight,-4.963,262.5334,-55.5256,354.7816,92.7736,81.7,0.4758,Waxing Gibbous,False
2025-10-13,18:31:00,2.6939,Civil Twilight,-5.2077,262.5709,-55.5482,355.1578,92.7823,81.71,0.4757,Waxing Gibbous,False
2025-10-13,18:32:00,1.8619,Civil Twilight,-5.4524,262.6083,-55.5693,355.5345,92.791,81.71,0.4757,Waxing Gibbous,False
2025-10-13,18:33:00,1.0298,Civil Twilight,-5.6971,262.6455,-55.5889,355.9117,92.7997,81.72,0.4756,Waxing Gibbous,False
2025-10-13,18:34:00,0.1977,Civil Twilight,-5.9419,262.6826,-55.6069,356.2893,92.8085,81.73,0.4755,Waxing Gibbous,False
2025-10-13,18:35:00,0.5813,Nautical Twilight,-6.1866,262.7196,-55.6234,356.6672,92.8172,81.73,0.4754,Waxing Gibbous,False
2025-10-13,18:36:00,0.5569,Nautical Twilight,-6.4314,262.7564,-55.6384,357.0456,92.8259,81.74,0.4753,Waxing Gibbous,False
2025-10-13,18:37:00,0.5324,Nautical Twilight,-6.6762,262.7932,-55.6518,357.4242,92.8346,81.74,0.4753,Waxing Gibbous,False
2025-10-13,18:38:00,0.5079,Nautical Twilight,-6.921,262.8298,-55.6637,357.8032,92.8433,81.75,0.4752,Waxing Gibbous,False
2025-10-13,18:39:00,0.4834,Nautical Twilight,-7.1659,262.8664,-55.674,358.1824,92.852,81.76,0.4751,Waxing Gibbous,False
2025-10-13,18:40:00,0.4589,Nautical Twilight,-7.4108,262.9028,-55.6828,358.5618,92.8607,81.76,0.475,Waxing Gibbous,False
2025-10-13,18:41:00,0.4344,Nautical Twilight,-7.6556,262.9391,-55.69,358.9415,92.8694,81.77,0.475,Waxing Gibbous,False
2025-10-13,18:42:00,0.4099,Nautical Twilight,-7.9005,262.9752,-55.6957,359.3212,92.8781,81.77,0.4749,Waxing Gibbous,False
2025-10-13,18:43:00,0.3855,Nautical Twilight,-8.1455,263.0113,-55.6998,359.7011,92.8868,81.78,0.4748,Waxing Gibbous,False
2025-10-13,18:44:00,0.361,Nautical Twilight,-8.3904,263.0473,-55.7024,0.0811,92.8955,81.79,0.4747,Waxing Gibbous,False
2025-10-13,18:45:00,0.3365,Nautical Twilight,-8.6354,263.0831,-55.7034,0.4611,92.9043,81.79,0.4747,Waxing Gibbous,False
2025-10-13,18:46:00,0.312,Nautical Twilight,-8.8803,263.1189,-55.7029,0.8412,92.913,81.8,0.4746,Waxing Gibbous,False
2025-10-13,18:47:00,0.2875,Nautical Twilight,-9.1253,263.1545,-55.7008,1.2212,92.9217,81.81,0.4745,Waxing Gibbous,False
2025-10-13,18:48:00,0.263,Nautical Twilight,-9.3703,263.1901,-55.6971,1.6012,92.9304,81.81,0.4744,Waxing Gibbous,False
2025-10-13,18:49:00,0.2385,Nautical Twilight,-9.6154,263.2255,-55.692,1.981,92.9391,81.82,0.4744,Waxing Gibbous,False
2025-10-13,18:50:00,0.214,Nautical Twilight,-9.8604,263.2608,-55.6852,2.3608,92.9478,81.82,0.4743,Waxing Gibbous,False
2025-10-13,18:51:00,0.1895,Nautical Twilight,-10.1055,263.2961,-55.6769,2.7404,92.9565,81.83,0.4742,Waxing Gibbous,False
2025-10-13,18:52:00,0.1649,Nautical Twilight,-10.3506,263.3312,-55.6671,3.1197,92.9652,81.84,0.4741,Waxing Gibbous,False
2025-10-13,18:53:00,0.1404,Nautical Twilight,-10.5957,263.3662,-55.6557,3.4989,92.9739,81.84,0.4741,Waxing Gibbous,True
2025-10-13,18:54:00,0.1159,Nautical Twilight,-10.8408,263.4012,-55.6428,3.8778,92.9826,81.85,0.474,Waxing Gibbous,True
2025-10-13,18:55:00,0.0914,Nautical Twilight,-11.0859,263.436,-55.6283,4.2564,92.9913,81.85,0.4739,Waxing Gibbous,True
2025-10-13,18:56:00,0.0669,Nautical Twilight,-11.3311,263.4707,-55.6123,4.6346,93.0,81.86,0.4738,Waxing Gibbous,True
2025-10-13,18:57:00,0.0424,Nautical Twilight,-11.5762,263.5054,-55.5947,5.0125,93.0087,81.87,0.4738,Waxing Gibbous,True
2025-10-13,18:58:00,0.0179,Nautical Twilight,-11.8214,263.5399,-55.5756,5.39,93.0174,81.87,0.4737,Waxing Gibbous,True
2025-10-13,18:59:00,0.0059,Astronomical Twilight,-12.0666,263.5744,-55.555,5.7671,93.0261,81.88,0.4736,Waxing Gibbous,True
2025-10-13,19:00:00,0.0057,Astronomical Twilight,-12.3118,263.6088,-55.5328,6.1437,93.0349,81.88,0.4735,Waxing Gibbous,True
2025-10-13,19:01:00,0.0054,Astronomical Twilight,-12.5571,263.643,-55.5091,6.5198,93.0436,81.89,0.4735,Waxing Gibbous,True
2025-10-13,19:02:00,0.0052,Astronomical Twilight,-12.8023,263.6772,-55.4839,6.8953,93.0523,81.9,0.4734,Waxing Gibbous,True
2025-10-13,19:03:00,0.005,Astronomical Twilight,-13.0476,263.7113,-55.4572,7.2703,93.061,81.9,0.4733,Waxing Gibbous,True
2025-10-13,19:04:00,0.0047,Astronomical Twilight,-13.2929,263.7453,-55.4289,7.6447,93.0697,81.91,0.4732,Waxing Gibbous,True
2025-10-13,19:05:00,0.0045,Astronomical Twilight,-13.5382,263.7792,-55.3991,8.0184,93.0784,81.92,0.4731,Waxing Gibbous,True
2025-10-13,19:06:00,0.0042,Astronomical Twilight,-13.7835,263.813,-55.3678,8.3915,93.0871,81.92,0.4731,Waxing Gibbous,True
2025-10-13,19:07:00,0.004,Astronomical Twilight,-14.0288,263.8468,-55.335,8.7639,93.0958,81.93,0.473,Waxing Gibbous,True
2025-10-13,19:08:00,0.0037,Astronomical Twilight,-14.2742,263.8805,-55.3007,9.1356,93.1045,81.93,0.4729,Waxing Gibbous,True
2025-10-13,19:09:00,0.0035,Astronomical Twilight,-14.5195,263.914,-55.2649,9.5065,93.1132,81.94,0.4728,Waxing Gibbous,True
2025-10-13,19:10:00,0.0032,Astronomical Twilight,-14.7649,263.9475,-55.2276,9.8767,93.1219,81.95,0.4728,Waxing Gibbous,True
2025-10-13,19:11:00,0.003,Astronomical Twilight,-15.0103,263.9809,-55.1888,10.246,93.1306,81.95,0.4727,Waxing Gibbous,True
2025-10-13,19:12:00,0.0027,Astronomical Twilight,-15.2557,264.0143,-55.1485,10.6144,93.1393,81.96,0.4726,Waxing Gibbous,True
2025-10-13,19:13:00,0.0025,Astronomical Twilight,-15.5011,264.0475,-55.1068,10.982,93.148,81.96,0.4725,Waxing Gibbous,True
2025-10-13,19:14:00,0.0023,Astronomical Twilight,-15.7466,264.0807,-55.0635,11.3487,93.1567,81.97,0.4725,Waxing Gibbous,True
2025-10-13,19:15:00,0.002,Astronomical Twilight,-15.992,264.1138,-55.0188,11.7145,93.1654,81.98,0.4724,Waxing Gibbous,True
2025-10-13,19:16:00,0.0018,Astronomical Twilight,-16.2375,264.1468,-54.9726,12.0793,93.1741,81.98,0.4723,Waxing Gibbous,True
2025-10-13,19:17:00,0.0015,Astronomical Twilight,-16.483,264.1797,-54.925,12.4432,93.1828,81.99,0.4722,Waxing Gibbous,True
2025-10-13,19:18:00,0.0013,Astronomical Twilight,-16.7284,264.2126,-54.8759,12.806,93.1915,81.99,0.4722,Waxing Gibbous,True
2025-10-13,19:19:00,0.001,Astronomical Twilight,-16.974,264.2454,-54.8254,13.1677,93.2002,82.0,0.4721,Waxing Gibbous,True
2025-10-13,19:20:00,0.0008,Astronomical Twilight,-17.2195,264.2781,-54.7734,13.5285,93.2089,82.01,0.472,Waxing Gibbous,True
2025-10-13,19:21:00,0.0005,Astronomical Twilight,-17.465,264.3108,-54.72,13.8881,93.2176,82.01,0.4719,Waxing Gibbous,True
2025-10-13,19:22:00,0.0003,Astronomical Twilight,-17.7106,264.3433,-54.6652,14.2466,93.2263,82.02,0.4719,Waxing Gibbous,True
2025-10-13,19:23:00,0.0,Astronomical Twilight,-17.9561,264.3758,-54.6089,14.604,93.235,82.02,0.4718,Waxing Gibbous,True
2025-10-13,19:24:00,0.0,Moonless Night,-18.2017,264.4083,-54.5512,14.9602,93.2437,82.03,0.4717,Waxing Gibbous,True
2025-10-13,19:25:00,0.0,Moonless Night,-18.4473,264.4406,-54.4921,15.3152,93.2524,82.04,0.4716,Waxing Gibbous,True
2025-10-13,19:26:00,0.0,Moonless Night,-18.6929,264.4729,-54.4317,15.669,93.2611,82.04,0.4716,Waxing Gibbous,True
2025-10-13,19:27:00,0.0,Moonless Night,-18.9385,264.5052,-54.3698,16.0216,93.2698,82.05,0.4715,Waxing Gibbous,True
2025-10-13,19:28:00,0.0,Moonless Night,-19.1841,264.5373,-54.3065,16.373,93.2785,82.06,0.4714,Waxing Gibbous,True
2025-10-13,19:29:00,0.0,Moonless Night,-19.4298,264.5694,-54.2419,16.723,93.2872,82.06,0.4713,Waxing Gibbous,True
2025-10-13,19:30:00,0.0,Moonless Night,-19.6754,264.6015,-54.1758,17.0718,93.2959,82.07,0.4713,Waxing Gibbous,True
2025-10-13,19:31:00,0.0,Moonless Night,-19.9211,264.6334,-54.1085,17.4193,93.3046,82.07,0.4712,Waxing Gibbous,True
2025-10-13,19:32:00,0.0,Moonless Night,-20.1668,264.6653,-54.0397,17.7654,93.3133,82.08,0.4711,Waxing Gibbous,True
2025-10-13,19:33:00,0.0,Moonless Night,-20.4125,264.6972,-53.9696,18.1102,93.322,82.09,0.471,Waxing Gibbous,True
2025-10-13,19:34:00,0.0,Moonless Night,-20.6582,264.729,-53.8982,18.4536,93.3307,82.09,0.471,Waxing Gibbous,True
2025-10-13,19:35:00,0.0,Moonless Night,-20.9039,264.7607,-53.8254,18.7956,93.3394,82.1,0.4709,Waxing Gibbous,True
2025-10-13,19:36:00,0.0,Moonless Night,-21.1496,264.7924,-53.7513,19.1363,93.3481,82.1,0.4708,Waxing Gibbous,True
2025-10-13,19:37:00,0.0,Moonless Night,-21.3954,264.824,-53.6759,19.4755,93.3568,82.11,0.4707,Waxing Gibbous,True
2025-10-13,19:38:00,0.0,Moonless Night,-21.6411,264.8555,-53.5992,19.8132,93.3655,82.12,0.4706,Waxing Gibbous,True
2025-10-13,19:39:00,0.0,Moonless Night,-21.8869,264.887,-53.5212,20.1495,93.3742,82.12,0.4706,Waxing Gibbous,True
2025-10-13,19:40:00,0.0,Moonless Night,-22.1327,264.9184,-53.4419,20.4844,93.3829,82.13,0.4705,Waxing Gibbous,True
2025-10-13,19:41:00,0.0,Moonless Night,-22.3784,264.9498,-53.3613,20.8177,93.3916,82.13,0.4704,Waxing Gibbous,True
2025-10-13,19:42:00,0.0,Moonless Night,-22.6242,264.9811,-53.2794,21.1496,93.4003,82.14,0.4703,Waxing Gibbous,True
2025-10-13,19:43:00,0.0,Moonless Night,-22.8701,265.0124,-53.1962,21.4799,93.409,82.15,0.4703,Waxing Gibbous,True
2025-10-13,19:44:00,0.0,Moonless Night,-23.1159,265.0436,-53.1118,21.8088,93.4177,82.15,0.4702,Waxing Gibbous,True
2025-10-13,19:45:00,0.0,Moonless Night,-23.3617,265.0748,-53.0261,22.1361,93.4264,82.16,0.4701,Waxing Gibbous,True
2025-10-13,19:46:00,0.0,Moonless Night,-23.6076,265.1059,-52.9392,22.4618,93.4351,82.16,0.47,Waxing Gibbous,True
2025-10-13,19:47:00,0.0,Moonless Night,-23.8534,265.137,-52.8511,22.786,93.4438,82.17,0.47,Waxing Gibbous,True
2025-10-13,19:48:00,0.0,Moonless Night,-24.0993,265.168,-52.7617,23.1086,93.4525,82.18,0.4699,Waxing Gibbous,True
2025-10-13,19:49:00,0.0,Moonless Night,-24.3452,265.199,-52.6712,23.4297,93.4612,82.18,0.4698,Waxing Gibbous,True
2025-10-13,19:50:00,0.0,Moonless Night,-24.5911,265.2299,-52.5794,23.7491,93.4699,82.19,0.4697,Waxing Gibbous,True
2025-10-13,19:51:00,0.0,Moonless Night,-24.837,265.2608,-52.4864,24.067,93.4786,82.19,0.4697,Waxing Gibbous,True
2025-10-13,19:52:00,0.0,Moonless Night,-25.0829,265.2916,-52.3922,24.3832,93.4873,82.2,0.4696,Waxing Gibbous,True
2025-10-13,19:53:00,0.0,Moonless Night,-25.3288,265.3224,-52.2968,24.6978,93.496,82.21,0.4695,Waxing Gibbous,True
2025-10-13,19:54:00,0.0,Moonless Night,-25.5748,265.3532,-52.2003,25.0108,93.5047,82.21,0.4694,Waxing Gibbous,True
2025-10-13,19:55:00,0.0,Moonless Night,-25.8207,265.3839,-52.1026,25.3222,93.5134,82.22,0.4694,Waxing Gibbous,True
2025-10-13,19:56:00,0.0,Moonless Night,-26.0667,265.4145,-52.0037,25.6319,93.5221,82.22,0.4693,Waxing Gibbous,True
2025-10-13,19:57:00,0.0,Moonless Night,-26.3126,265.4451,-51.9037,25.94,93.5308,82.23,0.4692,Waxing Gibbous,True
2025-10-13,19:58:00,0.0,Moonless Night,-26.5586,265.4757,-51.8026,26.2465,93.5395,82.24,0.4691,Waxing Gibbous,True
2025-10-13,19:59:00,0.0,Moonless Night,-26.8046,265.5063,-51.7003,26.5512,93.5482,82.24,0.4691,Waxing Gibbous,True
2025-10-13,20:00:00,0.0,Moonless Night,-27.0506,265.5368,-51.597,26.8544,93.5569,82.25,0.469,Waxing Gibbous,True
2025-10-13,20:01:00,0.0,Moonless Night,-27.2966,265.5672,-51.4925,27.1558,93.5656,82.25,0.4689,Waxing Gibbous,True
2025-10-13,20:02:00,0.0,Moonless Night,-27.5426,265.5976,-51.3869,27.4556,93.5743,82.26,0.4688,Waxing Gibbous,True
2025-10-13,20:03:00,0.0,Moonless Night,-27.7886,265.628,-51.2802,27.7537,93.583,82.27,0.4688,Waxing Gibbous,True
2025-10-13,20:04:00,0.0,Moonless Night,-28.0347,265.6584,-51.1724,28.0501,93.5917,82.27,0.4687,Waxing Gibbous,True
2025-10-13,20:05:00,0.0,Moonless Night,-28.2807,265.6887,-51.0635,28.3449,93.6003,82.28,0.4686,Waxing Gibbous,True
2025-10-13,20:06:00,0.0,Moonless Night,-28.5268,265.719,-50.9536,28.6379,93.609,82.28,0.4685,Waxing Gibbous,True
2025-10-13,20:07:00,0.0,Moonless Night,-28.7728,265.7492,-50.8426,28.9293,93.6177,82.29,0.4685,Waxing Gibbous,True
2025-10-13,20:08:00,0.0,Moonless Night,-29.0189,265.7795,-50.7306,29.219,93.6264,82.3,0.4684,Waxing Gibbous,True
2025-10-13,20:09:00,0.0,Moonless Night,-29.265,265.8097,-50.6175,29.507,93.6351,82.3,0.4683,Waxing Gibbous,True
2025-10-13,20:10:00,0.0,Moonless Night,-29.5111,265.8398,-50.5034,29.7933,93.6438,82.31,0.4682,Waxing Gibbous,True
2025-10-13,20:11:00,0.0,Moonless Night,-29.7572,265.87,-50.3883,30.078,93.6525,82.31,0.4681,Waxing Gibbous,True
2025-10-13,20:12:00,0.0,Moonless Night,-30.0033,265.9001,-50.2722,30.3609,93.6612,82.32,0.4681,Waxing Gibbous,True
2025-10-13,20:13:00,0.0,Moonless Night,-30.2494,265.9301,-50.1551,30.6422,93.6699,82.33,0.468,Waxing Gibbous,True
2025-10-13,20:14:00,0.0,Moonless Night,-30.4956,265.9602,-50.0369,30.9217,93.6786,82.33,0.4679,Waxing Gibbous,True
2025-10-13,20:15:00,0.0,Moonless Night,-30.7417,265.9902,-49.9178,31.1996,93.6873,82.34,0.4678,Waxing Gibbous,True
2025-10-13,20:16:00,0.0,Moonless Night,-30.9879,266.0202,-49.7977,31.4758,93.696,82.34,0.4678,Waxing Gibbous,True
2025-10-13,20:17:00,0.0,Moonless Night,-31.234,266.0502,-49.6766,31.7502,93.7047,82.35,0.4677,Waxing Gibbous,True
2025-10-13,20:18:00,0.0,Moonless Night,-31.4802,266.0802,-49.5546,32.023,93.7134,82.36,0.4676,Waxing Gibbous,True
2025-10-13,20:19:00,0.0,Moonless Night,-31.7264,266.1101,-49.4316,32.2942,93.7221,82.36,0.4675,Waxing Gibbous,True
2025-10-13,20:20:00,0.0,Moonless Night,-31.9725,266.14,-49.3077,32.5636,93.7307,82.37,0.4675,Waxing Gibbous,True
2025-10-13,20:21:00,0.0,Moonless Night,-32.2187,266.1699,-49.1829,32.8314,93.7394,82.37,0.4674,Waxing Gibbous,True
2025-10-13,20:22:00,0.0,Moonless Night,-32.4649,266.1998,-49.0571,33.0974,93.7481,82.38,0.4673,Waxing Gibbous,True
2025-10-13,20:23:00,0.0,Moonless Night,-32.7111,266.2296,-48.9304,33.3618,93.7568,82.39,0.4672,Waxing Gibbous,True
2025-10-13,20:24:00,0.0,Moonless Night,-32.9574,266.2595,-48.8027,33.6246,93.7655,82.39,0.4672,Waxing Gibbous,True
2025-10-13,20:25:00,0.0,Moonless Night,-33.2036,266.2893,-48.6742,33.8856,93.7742,82.4,0.4671,Waxing Gibbous,True
2025-10-13,20:26:00,0.0,Moonless Night,-33.4498,266.3191,-48.5448,34.145,93.7829,82.4,0.467,Waxing Gibbous,True
2025-10-13,20:27:00,0.0,Moonless Night,-33.6961,266.3489,-48.4145,34.4028,93.7916,82.41,0.4669,Waxing Gibbous,True
2025-10-13,20:28:00,0.0,Moonless Night,-33.9423,266.3787,-48.2833,34.6589,93.8003,82.42,0.4669,Waxing Gibbous,True
2025-10-13,20:29:00,0.0,Moonless Night,-34.1886,266.4084,-48.1513,34.9133,93.809,82.42,0.4668,Waxing Gibbous,True
2025-10-13,20:30:00,0.0,Moonless Night,-34.4348,266.4382,-48.0184,35.1661,93.8177,82.43,0.4667,Waxing Gibbous,True
2025-10-13,20:31:00,0.0,Moonless Night,-34.6811,266.4679,-47.8846,35.4173,93.8263,82.43,0.4666,Waxing Gibbous,True
2025-10-13,20:32:00,0.0,Moonless Night,-34.9274,266.4977,-47.75,35.6668,93.835,82.44,0.4666,Waxing Gibbous,True
2025-10-13,20:33:00,0.0,Moonless Night,-35.1737,266.5274,-47.6146,35.9146,93.8437,82.45,0.4665,Waxing Gibbous,True
2025-10-13,20:34:00,0.0,Moonless Night,-35.42,266.5571,-47.4783,36.1609,93.8524,82.45,0.4664,Waxing Gibbous,True
2025-10-13,20:35:00,0.0,Moonless Night,-35.6663,266.5869,-47.3412,36.4055,93.8611,82.46,0.4663,Waxing Gibbous,True
2025-10-13,20:36:00,0.0,Moonless Night,-35.9126,266.6166,-47.2033,36.6486,93.8698,82.46,0.4663,Waxing Gibbous,True
2025-10-13,20:37:00,0.0,Moonless Night,-36.1589,266.6463,-47.0646,36.89,93.8785,82.47,0.4662,Waxing Gibbous,True
2025-10-13,20:38:00,0.0,Moonless Night,-36.4053,266.676,-46.9251,37.1298,93.8872,82.48,0.4661,Waxing Gibbous,True
2025-10-13,20:39:00,0.0,Moonless Night,-36.6516,266.7057,-46.7848,37.368,93.8959,82.48,0.466,Waxing Gibbous,True
2025-10-13,20:40:00,0.0,Moonless Night,-36.8979,266.7354,-46.6437,37.6046,93.9045,82.49,0.466,Waxing Gibbous,True
2025-10-13,20:41:00,0.0,Moonless Night,-37.1443,266.7651,-46.5018,37.8397,93.9132,82.49,0.4659,Waxing Gibbous,True
2025-10-13,20:42:00,0.0,Moonless Night,-37.3906,266.7948,-46.3592,38.0731,93.9219,82.5,0.4658,Waxing Gibbous,True
2025-10-13,20:43:00,0.0,Moonless Night,-37.637,266.8245,-46.2158,38.305,93.9306,82.51,0.4657,Waxing Gibbous,True
2025-10-13,20:44:00,0.0,Moonless Night,-37.8834,266.8542,-46.0716,38.5353,93.9393,82.51,0.4657,Waxing Gibbous,True
2025-10-13,20:45:00,0.0,Moonless Night,-38.1297,266.8839,-45.9267,38.7641,93.948,82.52,0.4656,Waxing Gibbous,True
2025-10-13,20:46:00,0.0,Moonless Night,-38.3761,266.9137,-45.7811,38.9913,93.9567,82.52,0.4655,Waxing Gibbous,True
2025-10-13,20:47:00,0.0,Moonless Night,-38.6225,266.9434,-45.6348,39.217,93.9654,82.53,0.4654,Waxing Gibbous,True
2025-10-13,20:48:00,0.0,Moonless Night,-38.8689,266.9731,-45.4877,39.4412,93.9741,82.54,0.4653,Waxing Gibbous,True
2025-10-13,20:49:00,0.0,Moonless Night,-39.1153,267.0029,-45.3399,39.6638,93.9827,82.54,0.4653,Waxing Gibbous,True
2025-10-13,20:50:00,0.0,Moonless Night,-39.3617,267.0326,-45.1913,39.8849,93.9914,82.55,0.4652,Waxing Gibbous,True
2025-10-13,20:51:00,0.0,Moonless Night,-39.6081,267.0624,-45.0421,40.1045,94.0001,82.55,0.4651,Waxing Gibbous,True
2025-10-13,20:52:00,0.0,Moonless Night,-39.8546,267.0922,-44.8922,40.3225,94.0088,82.56,0.465,Waxing Gibbous,True
2025-10-13,20:53:00,0.0,Moonless Night,-40.101,267.122,-44.7416,40.5391,94.0175,82.57,0.465,Waxing Gibbous,True
2025-10-13,20:54:00,0.0,Moonless Night,-40.3474,267.1518,-44.5903,40.7542,94.0262,82.57,0.4649,Waxing Gibbous,True
2025-10-13,20:55:00,0.0,Moonless Night,-40.5939,267.1816,-44.4384,40.9679,94.0349,82.58,0.4648,Waxing Gibbous,True
2025-10-13,20:56:00,0.0,Moonless Night,-40.8403,267.2115,-44.2857,41.18,94.0435,82.58,0.4647,Waxing Gibbous,True
2025-10-13,20:57:00,0.0,Moonless Night,-41.0868,267.2413,-44.1324,41.3907,94.0522,82.59,0.4647,Waxing Gibbous,True
2025-10-13,20:58:00,0.0,Moonless Night,-41.3332,267.2712,-43.9785,41.5999,94.0609,82.6,0.4646,Waxing Gibbous,True
2025-10-13,20:59:00,0.0,Moonless Night,-41.5797,267.3011,-43.8239,41.8077,94.0696,82.6,0.4645,Waxing Gibbous,True
2025-10-13,21:00:00,0.0,Moonless Night,-41.8262,267.3311,-43.6686,42.014,94.0783,82.61,0.4644,Waxing Gibbous,True
2025-10-13,21:01:00,0.0,Moonless Night,-42.0727,267.361,-43.5127,42.2189,94.087,82.61,0.4644,Waxing Gibbous,True
2025-10-13,21:02:00,0.0,Moonless Night,-42.3191,267.391,-43.3562,42.4224,94.0957,82.62,0.4643,Waxing Gibbous,True
2025-10-13,21:03:00,0.0,Moonless Night,-42.5656,267.421,-43.199,42.6245,94.1043,82.63,0.4642,Waxing Gibbous,True
2025-10-13,21:04:00,0.0,Moonless Night,-42.8121,267.4511,-43.0413,42.8251,94.113,82.63,0.4641,Waxing Gibbous,True
2025-10-13,21:05:00,0.0,Moonless Night,-43.0586,267.4811,-42.8829,43.0244,94.1217,82.64,0.4641,Waxing Gibbous,True
2025-10-13,21:06:00,0.0,Moonless Night,-43.3051,267.5113,-42.7239,43.2222,94.1304,82.64,0.464,Waxing Gibbous,True
2025-10-13,21:07:00,0.0,Moonless Night,-43.5517,267.5414,-42.5643,43.4187,94.1391,82.65,0.4639,Waxing Gibbous,True
2025-10-13,21:08:00,0.0,Moonless Night,-43.7982,267.5716,-42.4042,43.6138,94.1478,82.66,0.4638,Waxing Gibbous,True
2025-10-13,21:09:00,0.0,Moonless Night,-44.0447,267.6018,-42.2434,43.8076,94.1564,82.66,0.4638,Waxing Gibbous,True
2025-10-13,21:10:00,0.0,Moonless Night,-44.2912,267.632,-42.082,44.0,94.1651,82.67,0.4637,Waxing Gibbous,True
2025-10-13,21:11:00,0.0,Moonless Night,-44.5378,267.6623,-41.9201,44.191,94.1738,82.67,0.4636,Waxing Gibbous,True
2025-10-13,21:12:00,0.0,Moonless Night,-44.7843,267.6926,-41.7576,44.3807,94.1825,82.68,0.4635,Waxing Gibbous,True
2025-10-13,21:13:00,0.0,Moonless Night,-45.0308,267.723,-41.5945,44.5691,94.1912,82.69,0.4635,Waxing Gibbous,True
2025-10-13,21:14:00,0.0,Moonless Night,-45.2774,267.7534,-41.4309,44.7562,94.1999,82.69,0.4634,Waxing Gibbous,True
2025-10-13,21:15:00,0.0,Moonless Night,-45.524,267.7839,-41.2667,44.9419,94.2085,82.7,0.4633,Waxing Gibbous,True
2025-10-13,21:16:00,0.0,Moonless Night,-45.7705,267.8144,-41.102,45.1263,94.2172,82.7,0.4632,Waxing Gibbous,True
2025-10-13,21:17:00,0.0,Moonless Night,-46.0171,267.845,-40.9367,45.3095,94.2259,82.71,0.4632,Waxing Gibbous,True
2025-10-13,21:18:00,0.0,Moonless Night,-46.2636,267.8756,-40.7709,45.4913,94.2346,82.72,0.4631,Waxing Gibbous,True
2025-10-13,21:19:00,0.0,Moonless Night,-46.5102,267.9063,-40.6046,45.6719,94.2433,82.72,0.463,Waxing Gibbous,True
2025-10-13,21:20:00,0.0,Moonless Night,-46.7568,267.937,-40.4377,45.8512,94.252,82.73,0.4629,Waxing Gibbous,True
2025-10-13,21:21:00,0.0,Moonless Night,-47.0034,267.9678,-40.2703,46.0292,94.2606,82.73,0.4629,Waxing Gibbous,True
2025-10-13,21:22:00,0.0,Moonless Night,-47.25,267.9986,-40.1024,46.206,94.2693,82.74,0.4628,Waxing Gibbous,True
2025-10-13,21:23:00,0.0,Moonless Night,-47.4966,268.0295,-39.9339,46.3815,94.278,82.74,0.4627,Waxing Gibbous,True
2025-10-13,21:24:00,0.0,Moonless Night,-47.7432,268.0605,-39.765,46.5558,94.2867,82.75,0.4626,Waxing Gibbous,True
2025-10-13,21:25:00,0.0,Moonless Night,-47.9898,268.0915,-39.5955,46.7289,94.2954,82.76,0.4626,Waxing Gibbous,True
2025-10-13,21:26:00,0.0,Moonless Night,-48.2364,268.1226,-39.4256,46.9007,94.304,82.76,0.4625,Waxing Gibbous,True
2025-10-13,21:27:00,0.0,Moonless Night,-48.483,268.1538,-39.2552,47.0714,94.3127,82.77,0.4624,Waxing Gibbous,True
2025-10-13,21:28:00,0.0,Moonless Night,-48.7296,268.185,-39.0843,47.2408,94.3214,82.77,0.4623,Waxing Gibbous,True
2025-10-13,21:29:00,0.0,Moonless Night,-48.9762,268.2164,-38.9129,47.4091,94.3301,82.78,0.4622,Waxing Gibbous,True
2025-10-13,21:30:00,0.0,Moonless Night,-49.2228,268.2477,-38.741,47.5761,94.3388,82.79,0.4622,Waxing Gibbous,True
2025-10-13,21:31:00,0.0,Moonless Night,-49.4695,268.2792,-38.5686,47.742,94.3474,82.79,0.4621,Waxing Gibbous,True
2025-10-13,21:32:00,0.0,Moonless Night,-49.7161,268.3108,-38.3958,47.9067,94.3561,82.8,0.462,Waxing Gibbous,True
2025-10-13,21:33:00,0.0,Moonless Night,-49.9627,268.3424,-38.2225,48.0702,94.3648,82.8,0.4619,Waxing Gibbous,True
2025-10-13,21:34:00,0.0,Moonless Night,-50.2094,268.3741,-38.0488,48.2326,94.3735,82.81,0.4619,Waxing Gibbous,True
2025-10-13,21:35:00,0.0,Moonless Night,-50.456,268.4059,-37.8745,48.3938,94.3822,82.82,0.4618,Waxing Gibbous,True
2025-10-13,21:36:00,0.0,Moonless Night,-50.7027,268.4378,-37.6999,48.5539,94.3908,82.82,0.4617,Waxing Gibbous,True
2025-10-13,21:37:00,0.0,Moonless Night,-50.9493,268.4698,-37.5248,48.7129,94.3995,82.83,0.4616,Waxing Gibbous,True
2025-10-13,21:38:00,0.0,Moonless Night,-51.196,268.5019,-37.3492,48.8707,94.4082,82.83,0.4616,Waxing Gibbous,True
2025-10-13,21:39:00,0.0,Moonless Night,-51.4426,268.5341,-37.1733,49.0275,94.4169,82.84,0.4615,Waxing Gibbous,True
2025-10-13,21:40:00,0.0,Moonless Night,-51.6893,268.5664,-36.9968,49.1831,94.4256,82.85,0.4614,Waxing Gibbous,True
2025-10-13,21:41:00,0.0,Moonless Night,-51.9359,268.5988,-36.82,49.3376,94.4342,82.85,0.4613,Waxing Gibbous,True
2025-10-13,21:42:00,0.0,Moonless Night,-52.1826,268.6313,-36.6427,49.4911,94.4429,82.86,0.4613,Waxing Gibbous,True
2025-10-13,21:43:00,0.0,Moonless Night,-52.4293,268.6639,-36.465,49.6434,94.4516,82.86,0.4612,Waxing Gibbous,True
2025-10-13,21:44:00,0.0,Moonless Night,-52.676,268.6967,-36.2869,49.7947,94.4603,82.87,0.4611,Waxing Gibbous,True
2025-10-13,21:45:00,0.0,Moonless Night,-52.9226,268.7295,-36.1084,49.9449,94.4689,82.88,0.461,Waxing Gibbous,True
2025-10-13,21:46:00,0.0,Moonless Night,-53.1693,268.7625,-35.9295,50.0941,94.4776,82.88,0.461,Waxing Gibbous,True
2025-10-13,21:47:00,0.0,Moonless Night,-53.416,268.7956,-35.7501,50.2422,94.4863,82.89,0.4609,Waxing Gibbous,True
2025-10-13,21:48:00,0.0,Moonless Night,-53.6627,268.8288,-35.5704,50.3893,94.495,82.89,0.4608,Waxing Gibbous,True
2025-10-13,21:49:00,0.0,Moonless Night,-53.9094,268.8621,-35.3903,50.5353,94.5037,82.9,0.4607,Waxing Gibbous,True
2025-10-13,21:50:00,0.0,Moonless Night,-54.1561,268.8956,-35.2097,50.6803,94.5123,82.9,0.4607,Waxing Gibbous,True
2025-10-13,21:51:00,0.0,Moonless Night,-54.4028,268.9292,-35.0288,50.8243,94.521,82.91,0.4606,Waxing Gibbous,True
2025-10-13,21:52:00,0.0,Moonless Night,-54.6495,268.963,-34.8475,50.9672,94.5297,82.92,0.4605,Waxing Gibbous,True
2025-10-13,21:53:00,0.0,Moonless Night,-54.8962,268.9969,-34.6658,51.1092,94.5384,82.92,0.4604,Waxing Gibbous,True
2025-10-13,21:54:00,0.0,Moonless Night,-55.1429,269.031,-34.4838,51.2502,94.547,82.93,0.4604,Waxing Gibbous,True
2025-10-13,21:55:00,0.0,Moonless Night,-55.3896,269.0652,-34.3013,51.3901,94.5557,82.93,0.4603,Waxing Gibbous,True
2025-10-13,21:56:00,0.0,Moonless Night,-55.6363,269.0995,-34.1185,51.5291,94.5644,82.94,0.4602,Waxing Gibbous,True
2025-10-13,21:57:00,0.0,Moonless Night,-55.883,269.1341,-33.9353,51.6671,94.5731,82.95,0.4601,Waxing Gibbous,True
2025-10-13,21:58:00,0.0,Moonless Night,-56.1297,269.1688,-33.7518,51.8041,94.5817,82.95,0.4601,Waxing Gibbous,True
2025-10-13,21:59:00,0.0,Moonless Night,-56.3764,269.2036,-33.5679,51.9402,94.5904,82.96,0.46,Waxing Gibbous,True
2025-10-13,22:00:00,0.0,Moonless Night,-56.6231,269.2387,-33.3836,52.0753,94.5991,82.96,0.4599,Waxing Gibbous,True
2025-10-13,22:01:00,0.0,Moonless Night,-56.8698,269.2739,-33.199,52.2095,94.6078,82.97,0.4598,Waxing Gibbous,True
2025-10-13,22:02:00,0.0,Moonless Night,-57.1166,269.3093,-33.014,52.3427,94.6164,82.98,0.4598,Waxing Gibbous,True
2025-10-13,22:03:00,0.0,Moonless Night,-57.3633,269.3449,-32.8287,52.475,94.6251,82.98,0.4597,Waxing Gibbous,True
2025-10-13,22:04:00,0.0,Moonless Night,-57.61,269.3807,-32.6431,52.6064,94.6338,82.99,0.4596,Waxing Gibbous,True
2025-10-13,22:05:00,0.0,Moonless Night,-57.8567,269.4167,-32.4571,52.7368,94.6425,82.99,0.4595,Waxing Gibbous,True
2025-10-13,22:06:00,0.0,Moonless Night,-58.1035,269.4529,-32.2707,52.8664,94.6511,83.0,0.4595,Waxing Gibbous,True
2025-10-13,22:07:00,0.0,Moonless Night,-58.3502,269.4893,-32.0841,52.995,94.6598,83.0,0.4594,Waxing Gibbous,True
2025-10-13,22:08:00,0.0,Moonless Night,-58.5969,269.5259,-31.897,53.1227,94.6685,83.01,0.4593,Waxing Gibbous,True
2025-10-13,22:09:00,0.0,Moonless Night,-58.8436,269.5627,-31.7097,53.2495,94.6772,83.02,0.4592,Waxing Gibbous,True
2025-10-13,22:10:00,0.0,Moonless Night,-59.0904,269.5998,-31.5221,53.3755,94.6858,83.02,0.4592,Waxing Gibbous,True
2025-10-13,22:11:00,0.0,Moonless Night,-59.3371,269.6371,-31.3341,53.5005,94.6945,83.03,0.4591,Waxing Gibbous,True
2025-10-13,22:12:00,0.0,Moonless Night,-59.5838,269.6747,-31.1458,53.6247,94.7032,83.03,0.459,Waxing Gibbous,True
2025-10-13,22:13:00,0.0,Moonless Night,-59.8306,269.7125,-30.9572,53.748,94.7119,83.04,0.4589,Waxing Gibbous,True
2025-10-13,22:14:00,0.0,Moonless Night,-60.0773,269.7505,-30.7682,53.8705,94.7205,83.05,0.4589,Waxing Gibbous,True
2025-10-13,22:15:00,0.0,Moonless Night,-60.324,269.7889,-30.579,53.9921,94.7292,83.05,0.4588,Waxing Gibbous,True
2025-10-13,22:16:00,0.0,Moonless Night,-60.5708,269.8275,-30.3894,54.1128,94.7379,83.06,0.4587,Waxing Gibbous,True
2025-10-13,22:17:00,0.0,Moonless Night,-60.8175,269.8663,-30.1996,54.2327,94.7465,83.06,0.4586,Waxing Gibbous,True
2025-10-13,22:18:00,0.0,Moonless Night,-61.0643,269.9055,-30.0094,54.3518,94.7552,83.07,0.4586,Waxing Gibbous,True
2025-10-13,22:19:00,0.0,Moonless Night,-61.311,269.9449,-29.819,54.47,94.7639,83.08,0.4585,Waxing Gibbous,True
2025-10-13,22:20:00,0.0,Moonless Night,-61.5577,269.9847,-29.6282,54.5874,94.7726,83.08,0.4584,Waxing Gibbous,True
2025-10-13,22:21:00,0.0,Moonless Night,-61.8045,270.0248,-29.4372,54.704,94.7812,83.09,0.4583,Waxing Gibbous,True
2025-10-13,22:22:00,0.0,Moonless Night,-62.0512,270.0651,-29.2459,54.8198,94.7899,83.09,0.4582,Waxing Gibbous,True
2025-10-13,22:23:00,0.0,Moonless Night,-62.2979,270.1059,-29.0542,54.9348,94.7986,83.1,0.4582,Waxing Gibbous,True
2025-10-13,22:24:00,0.0,Moonless Night,-62.5447,270.1469,-28.8623,55.0489,94.8073,83.1,0.4581,Waxing Gibbous,True
2025-10-13,22:25:00,0.0,Moonless Night,-62.7914,270.1883,-28.6701,55.1623,94.8159,83.11,0.458,Waxing Gibbous,True
2025-10-13,22:26:00,0.0,Moonless Night,-63.0382,270.2301,-28.4777,55.2749,94.8246,83.12,0.4579,Waxing Gibbous,True
2025-10-13,22:27:00,0.0,Moonless Night,-63.2849,270.2722,-28.2849,55.3867,94.8333,83.12,0.4579,Waxing Gibbous,True
2025-10-13,22:28:00,0.0,Moonless Night,-63.5316,270.3148,-28.0919,55.4977,94.8419,83.13,0.4578,Waxing Gibbous,True
2025-10-13,22:29:00,0.0,Moonless Night,-63.7784,270.3577,-27.8986,55.608,94.8506,83.13,0.4577,Waxing Gibbous,True
2025-10-13,22:30:00,0.0,Moonless Night,-64.0251,270.401,-27.705,55.7174,94.8593,83.14,0.4576,Waxing Gibbous,True
2025-10-13,22:31:00,0.0,Moonless Night,-64.2718,270.4447,-27.5112,55.8262,94.8679,83.15,0.4576,Waxing Gibbous,True
2025-10-13,22:32:00,0.0,Moonless Night,-64.5185,270.4889,-27.3171,55.9341,94.8766,83.15,0.4575,Waxing Gibbous,True
2025-10-13,22:33:00,0.0,Moonless Night,-64.7653,270.5335,-27.1227,56.0413,94.8853,83.16,0.4574,Waxing Gibbous,True
2025-10-13,22:34:00,0.0,Moonless Night,-65.012,270.5786,-26.9281,56.1478,94.894,83.16,0.4573,Waxing Gibbous,True
2025-10-13,22:35:00,0.0,Moonless Night,-65.2587,270.6242,-26.7332,56.2535,94.9026,83.17,0.4573,Waxing Gibbous,True
2025-10-13,22:36:00,0.0,Moonless Night,-65.5054,270.6702,-26.5381,56.3585,94.9113,83.17,0.4572,Waxing Gibbous,True
2025-10-13,22:37:00,0.0,Moonless Night,-65.7522,270.7167,-26.3427,56.4628,94.92,83.18,0.4571,Waxing Gibbous,True
2025-10-13,22:38:00,0.0,Moonless Night,-65.9989,270.7638,-26.147,56.5663,94.9286,83.19,0.457,Waxing Gibbous,True
2025-10-13,22:39:00,0.0,Moonless Night,-66.2456,270.8114,-25.9511,56.6691,94.9373,83.19,0.457,Waxing Gibbous,True
2025-10-13,22:40:00,0.0,Moonless Night,-66.4923,270.8595,-25.755,56.7712,94.946,83.2,0.4569,Waxing Gibbous,True
2025-10-13,22:41:00,0.0,Moonless Night,-66.739,270.9083,-25.5586,56.8726,94.9546,83.2,0.4568,Waxing Gibbous,True
2025-10-13,22:42:00,0.0,Moonless Night,-66.9857,270.9576,-25.362,56.9733,94.9633,83.21,0.4567,Waxing Gibbous,True
2025-10-13,22:43:00,0.0,Moonless Night,-67.2324,271.0075,-25.1651,57.0733,94.972,83.22,0.4567,Waxing Gibbous,True
2025-10-13,22:44:00,0.0,Moonless Night,-67.4791,271.0581,-24.968,57.1726,94.9806,83.22,0.4566,Waxing Gibbous,True
2025-10-13,22:45:00,0.0,Moonless Night,-67.7258,271.1093,-24.7706,57.2712,94.9893,83.23,0.4565,Waxing Gibbous,True
2025-10-13,22:46:00,0.0,Moonless Night,-67.9725,271.1612,-24.573,57.3691,94.998,83.23,0.4564,Waxing Gibbous,True
2025-10-13,22:47:00,0.0,Moonless Night,-68.2192,271.2138,-24.3752,57.4663,95.0066,83.24,0.4564,Waxing Gibbous,True
2025-10-13,22:48:00,0.0,Moonless Night,-68.4659,271.2671,-24.1772,57.5629,95.0153,83.24,0.4563,Waxing Gibbous,True
2025-10-13,22:49:00,0.0,Moonless Night,-68.7125,271.3212,-23.9789,57.6588,95.024,83.25,0.4562,Waxing Gibbous,True
2025-10-13,22:50:00,0.0,Moonless Night,-68.9592,271.3761,-23.7804,57.754,95.0326,83.26,0.4561,Waxing Gibbous,True
2025-10-13,22:51:00,0.0,Moonless Night,-69.2059,271.4317,-23.5817,57.8486,95.0413,83.26,0.4561,Waxing Gibbous,True
2025-10-13,22:52:00,0.0,Moonless Night,-69.4525,271.4882,-23.3827,57.9425,95.05,83.27,0.456,Waxing Gibbous,True
2025-10-13,22:53:00,0.0,Moonless Night,-69.6992,271.5456,-23.1836,58.0357,95.0586,83.27,0.4559,Waxing Gibbous,True
2025-10-13,22:54:00,0.0,Moonless Night,-69.9458,271.6039,-22.9842,58.1283,95.0673,83.28,0.4558,Waxing Gibbous,True
2025-10-13,22:55:00,0.0,Moonless Night,-70.1925,271.6631,-22.7846,58.2203,95.076,83.29,0.4558,Waxing Gibbous,True
2025-10-13,22:56:00,0.0,Moonless Night,-70.4391,271.7233,-22.5848,58.3116,95.0846,83.29,0.4557,Waxing Gibbous,True
2025-10-13,22:57:00,0.0,Moonless Night,-70.6857,271.7845,-22.3848,58.4023,95.0933,83.3,0.4556,Waxing Gibbous,True
2025-10-13,22:58:00,0.0,Moonless Night,-70.9323,271.8467,-22.1845,58.4923,95.102,83.3,0.4555,Waxing Gibbous,True
2025-10-13,22:59:00,0.0,Moonless Night,-71.1789,271.9101,-21.9841,58.5818,95.1106,83.31,0.4555,Waxing Gibbous,True
2025-10-13,23:00:00,0.0,Moonless Night,-71.4255,271.9745,-21.7834,58.6706,95.1193,83.31,0.4554,Waxing Gibbous,True
2025-10-13,23:01:00,0.0,Moonless Night,-71.6721,272.0402,-21.5825,58.7588,95.128,83.32,0.4553,Waxing Gibbous,True
2025-10-13,23:02:00,0.0,Moonless Night,-71.9187,272.1071,-21.3815,58.8463,95.1366,83.33,0.4552,Waxing Gibbous,True
2025-10-13,23:03:00,0.0,Moonless Night,-72.1653,272.1753,-21.1802,58.9333,95.1453,83.33,0.4552,Waxing Gibbous,True
2025-10-13,23:04:00,0.0,Moonless Night,-72.4118,272.2448,-20.9787,59.0196,95.154,83.34,0.4551,Waxing Gibbous,True
2025-10-13,23:05:00,0.0,Moonless Night,-72.6584,272.3157,-20.7771,59.1054,95.1626,83.34,0.455,Waxing Gibbous,True
2025-10-13,23:06:00,0.0,Moonless Night,-72.9049,272.3881,-20.5752,59.1906,95.1713,83.35,0.4549,Waxing Gibbous,True
2025-10-13,23:07:00,0.0,Moonless Night,-73.1514,272.462,-20.3731,59.2751,95.18,83.36,0.4549,Waxing Gibbous,True
2025-10-13,23:08:00,0.0,Moonless Night,-73.3979,272.5375,-20.1709,59.3591,95.1886,83.36,0.4548,Waxing Gibbous,True
2025-10-13,23:09:00,0.0,Moonless Night,-73.6444,272.6146,-19.9684,59.4425,95.1973,83.37,0.4547,Waxing Gibbous,True
2025-10-13,23:10:00,0.0,Moonless Night,-73.8909,272.6935,-19.7658,59.5253,95.2059,83.37,0.4546,Waxing Gibbous,True
2025-10-13,23:11:00,0.0,Moonless Night,-74.1373,272.7742,-19.563,59.6075,95.2146,83.38,0.4546,Waxing Gibbous,True
2025-10-13,23:12:00,0.0,Moonless Night,-74.3838,272.8569,-19.36,59.6891,95.2233,83.38,0.4545,Waxing Gibbous,True
2025-10-13,23:13:00,0.0,Moonless Night,-74.6302,272.9415,-19.1568,59.7702,95.2319,83.39,0.4544,Waxing Gibbous,True
2025-10-13,23:14:00,0.0,Moonless Night,-74.8766,273.0282,-18.9534,59.8507,95.2406,83.4,0.4543,Waxing Gibbous,True
2025-10-13,23:15:00,0.0,Moonless Night,-75.123,273.1172,-18.7498,59.9306,95.2493,83.4,0.4543,Waxing Gibbous,True
2025-10-13,23:16:00,0.0,Moonless Night,-75.3694,273.2084,-18.5461,60.01,95.2579,83.41,0.4542,Waxing Gibbous,True
2025-10-13,23:17:00,0.0,Moonless Night,-75.6157,273.3021,-18.3421,60.0888,95.2666,83.41,0.4541,Waxing Gibbous,True
2025-10-13,23:18:00,0.0,Moonless Night,-75.862,273.3984,-18.138,60.1671,95.2752,83.42,0.454,Waxing Gibbous,True
2025-10-13,23:19:00,0.0,Moonless Night,-76.1083,273.4973,-17.9338,60.2448,95.2839,83.43,0.454,Waxing Gibbous,True
2025-10-13,23:20:00,0.0,Moonless Night,-76.3546,273.5991,-17.7293,60.322,95.2926,83.43,0.4539,Waxing Gibbous,True
2025-10-13,23:21:00,0.0,Moonless Night,-76.6008,273.7039,-17.5247,60.3986,95.3012,83.44,0.4538,Waxing Gibbous,True
2025-10-13,23:22:00,0.0,Moonless Night,-76.8471,273.8119,-17.3199,60.4747,95.3099,83.44,0.4537,Waxing Gibbous,True
2025-10-13,23:23:00,0.0,Moonless Night,-77.0932,273.9233,-17.1149,60.5502,95.3186,83.45,0.4537,Waxing Gibbous,True
2025-10-13,23:24:00,0.0,Moonless Night,-77.3394,274.0381,-16.9097,60.6252,95.3272,83.45,0.4536,Waxing Gibbous,True
2025-10-13,23:25:00,0.0,Moonless Night,-77.5855,274.1568,-16.7044,60.6997,95.3359,83.46,0.4535,Waxing Gibbous,True
2025-10-13,23:26:00,0.0,Moonless Night,-77.8316,274.2795,-16.499,60.7737,95.3445,83.47,0.4534,Waxing Gibbous,True
2025-10-13,23:27:00,0.0,Moonless Night,-78.0776,274.4064,-16.2933,60.8471,95.3532,83.47,0.4534,Waxing Gibbous,True
2025-10-13,23:28:00,0.0,Moonless Night,-78.3236,274.5378,-16.0875,60.92,95.3619,83.48,0.4533,Waxing Gibbous,True
2025-10-13,23:29:00,0.0,Moonless Night,-78.5695,274.674,-15.8815,60.9924,95.3705,83.48,0.4532,Waxing Gibbous,True
2025-10-13,23:30:00,0.0,Moonless Night,-78.8154,274.8153,-15.6754,61.0642,95.3792,83.49,0.4531,Waxing Gibbous,True
2025-10-13,23:31:00,0.0,Moonless Night,-79.0613,274.9621,-15.4691,61.1356,95.3878,83.49,0.4531,Waxing Gibbous,True
2025-10-13,23:32:00,0.0,Moonless Night,-79.3071,275.1147,-15.2627,61.2065,95.3965,83.5,0.453,Waxing Gibbous,True
2025-10-13,23:33:00,0.0,Moonless Night,-79.5528,275.2736,-15.0561,61.2768,95.4052,83.51,0.4529,Waxing Gibbous,True
2025-10-13,23:34:00,0.0,Moonless Night,-79.7985,275.4391,-14.8493,61.3466,95.4138,83.51,0.4528,Waxing Gibbous,True
2025-10-13,23:35:00,0.0,Moonless Night,-80.0441,275.6119,-14.6424,61.416,95.4225,83.52,0.4528,Waxing Gibbous,True
2025-10-13,23:36:00,0.0,Moonless Night,-80.2896,275.7924,-14.4353,61.4848,95.4311,83.52,0.4527,Waxing Gibbous,True
2025-10-13,23:37:00,0.0,Moonless Night,-80.5351,275.9812,-14.2281,61.5532,95.4398,83.53,0.4526,Waxing Gibbous,True
2025-10-13,23:38:00,0.0,Moonless Night,-80.7804,276.1791,-14.0207,61.621,95.4485,83.54,0.4525,Waxing Gibbous,True
2025-10-13,23:39:00,0.0,Moonless Night,-81.0257,276.3867,-13.8132,61.6884,95.4571,83.54,0.4524,Waxing Gibbous,True
2025-10-13,23:40:00,0.0,Moonless Night,-81.2709,276.6048,-13.6055,61.7552,95.4658,83.55,0.4524,Waxing Gibbous,True
2025-10-13,23:41:00,0.0,Moonless Night,-81.5159,276.8344,-13.3977,61.8216,95.4744,83.55,0.4523,Waxing Gibbous,True
2025-10-13,23:42:00,0.0,Moonless Night,-81.7609,277.0765,-13.1897,61.8875,95.4831,83.56,0.4522,Waxing Gibbous,True
2025-10-13,23:43:00,0.0,Moonless Night,-82.0057,277.3322,-12.9816,61.953,95.4918,83.56,0.4521,Waxing Gibbous,True
2025-10-13,23:44:00,0.0,Moonless Night,-82.2503,277.6028,-12.7734,62.0179,95.5004,83.57,0.4521,Waxing Gibbous,True
2025-10-13,23:45:00,0.0,Moonless Night,-82.4948,277.8898,-12.565,62.0824,95.5091,83.58,0.452,Waxing Gibbous,True
2025-10-13,23:46:00,0.0,Moonless Night,-82.7392,278.1948,-12.3564,62.1464,95.5177,83.58,0.4519,Waxing Gibbous,True
2025-10-13,23:47:00,0.0,Moonless Night,-82.9833,278.5196,-12.1478,62.21,95.5264,83.59,0.4518,Waxing Gibbous,True
2025-10-13,23:48:00,0.0,Moonless Night,-83.2272,278.8664,-11.9389,62.273,95.535,83.59,0.4518,Waxing Gibbous,True
2025-10-13,23:49:00,0.0,Moonless Night,-83.4709,279.2377,-11.73,62.3356,95.5437,83.6,0.4517,Waxing Gibbous,True
2025-10-13,23:50:00,0.0,Moonless Night,-83.7144,279.6362,-11.5209,62.3978,95.5524,83.6,0.4516,Waxing Gibbous,True
2025-10-13,23:51:00,0.0,Moonless Night,-83.9575,280.0652,-11.3117,62.4595,95.561,83.61,0.4515,Waxing Gibbous,True
2025-10-13,23:52:00,0.0,Moonless Night,-84.2003,280.5286,-11.1023,62.5207,95.5697,83.62,0.4515,Waxing Gibbous,True
2025-10-13,23:53:00,0.0,Moonless Night,-84.4427,281.0307,-10.8928,62.5815,95.5783,83.62,0.4514,Waxing Gibbous,True
2025-10-13,23:54:00,0.0,Moonless Night,-84.6847,281.5767,-10.6832,62.6418,95.587,83.63,0.4513,Waxing Gibbous,True
2025-10-13,23:55:00,0.0,Moonless Night,-84.9262,282.1729,-10.4734,62.7017,95.5956,83.63,0.4512,Waxing Gibbous,True
2025-10-13,23:56:00,0.0,Moonless Night,-85.1671,282.8267,-10.2635,62.7611,95.6043,83.64,0.4512,Waxing Gibbous,True
2025-10-13,23:57:00,0.0,Moonless Night,-85.4074,283.547,-10.0535,62.8201,95.6129,83.64,0.4511,Waxing Gibbous,True
2025-10-13,23:58:00,0.0,Moonless Night,-85.6469,284.3445,-9.8434,62.8786,95.6216,83.65,0.451,Waxing Gibbous,True
2025-10-13,23:59:00,0.0,Moonless Night,-85.8855,285.2324,-9.6331,62.9367,95.6303,83.66,0.4509,Waxing Gibbous,True
2025-10-14,00:00:00,0.0,Moonless Night,-86.1231,286.2269,-9.4227,62.9944,95.6389,83.66,0.4509,Waxing Gibbous,True
2025-10-14,00:01:00,0.0,Moonless Night,-86.3594,287.3484,-9.2122,63.0516,95.6476,83.67,0.4508,Waxing Gibbous,True
2025-10-14,00:02:00,0.0,Moonless Night,-86.5941,288.6223,-9.0015,63.1084,95.6562,83.67,0.4507,Waxing Gibbous,True
2025-10-14,00:03:00,0.0,Moonless Night,-86.827,290.0811,-8.7907,63.1648,95.6649,83.68,0.4506,Waxing Gibbous,True
2025-10-14,00:04:00,0.0,Moonless Night,-87.0576,291.7666,-8.5798,63.2207,95.6735,83.69,0.4506,Waxing Gibbous,True
2025-10-14,00:05:00,0.0,Moonless Night,-87.2852,293.7335,-8.3688,63.2762,95.6822,83.69,0.4505,Waxing Gibbous,True
2025-10-14,00:06:00,0.0,Moonless Night,-87.5092,296.0536,-8.1577,63.3312,95.6908,83.7,0.4504,Waxing Gibbous,True
2025-10-14,00:07:00,0.0,Moonless Night,-87.7283,298.8227,-7.9464,63.3859,95.6995,83.7,0.4503,Waxing Gibbous,True
2025-10-14,00:08:00,0.0,Moonless Night,-87.9411,302.1693,-7.735,63.4401,95.7081,83.71,0.4503,Waxing Gibbous,True
2025-10-14,00:09:00,0.0,Moonless Night,-88.1454,306.2653,-7.5235,63.4939,95.7168,83.71,0.4502,Waxing Gibbous,True
2025-10-14,00:10:00,0.0,Moonless Night,-88.338,311.3371,-7.3119,63.5473,95.7255,83.72,0.4501,Waxing Gibbous,True
2025-10-14,00:11:00,0.0,Moonless Night,-88.5144,317.6686,-7.1002,63.6002,95.7341,83.73,0.45,Waxing Gibbous,True
2025-10-14,00:12:00,0.0,Moonless Night,-88.6682,325.5737,-6.8884,63.6528,95.7428,83.73,0.45,Waxing Gibbous,True
2025-10-14,00:13:00,0.0,Moonless Night,-88.7906,335.2949,-6.6764,63.7049,95.7514,83.74,0.4499,Waxing Gibbous,True
2025-10-14,00:14:00,0.0,Moonless Night,-88.8714,346.7848,-6.4643,63.7566,95.7601,83.74,0.4498,Waxing Gibbous,True
2025-10-14,00:15:00,0.0,Moonless Night,-88.9014,359.4498,-6.2521,63.8079,95.7687,83.75,0.4497,Waxing Gibbous,True
2025-10-14,00:16:00,0.0,Moonless Night,-88.8765,12.1735,-6.0399,63.8588,95.7774,83.75,0.4497,Waxing Gibbous,True
2025-10-14,00:17:00,0.0,Moonless Night,-88.8002,23.8097,-5.8275,63.9093,95.786,83.76,0.4496,Waxing Gibbous,True
2025-10-14,00:18:00,0.0,Moonless Night,-88.6812,33.7071,-5.6149,63.9594,95.7947,83.77,0.4495,Waxing Gibbous,True
2025-10-14,00:19:00,0.0,Moonless Night,-88.5301,41.776,-5.4023,64.0091,95.8033,83.77,0.4494,Waxing Gibbous,True
2025-10-14,00:20:00,0.0,Moonless Night,-88.3555,48.2428,-5.1896,64.0583,95.812,83.78,0.4494,Waxing Gibbous,True
2025-10-14,00:21:00,0.0,Moonless Night,-88.1642,53.4207,-4.9768,64.1072,95.8206,83.78,0.4493,Waxing Gibbous,True
2025-10-14,00:22:00,0.0,Moonless Night,-87.9608,57.5984,-4.7638,64.1557,95.8293,83.79,0.4492,Waxing Gibbous,True
2025-10-14,00:23:00,0.0,Moonless Night,-87.7487,61.0077,-4.5508,64.2038,95.8379,83.79,0.4491,Waxing Gibbous,True
2025-10-14,00:24:00,0.0,Moonless Night,-87.5301,63.8253,-4.3376,64.2514,95.8466,83.8,0.4491,Waxing Gibbous,True
2025-10-14,00:25:00,0.0,Moonless Night,-87.3066,66.1833,-4.1244,64.2987,95.8552,83.81,0.449,Waxing Gibbous,True
2025-10-14,00:26:00,0.0,Moonless Night,-87.0792,68.1802,-3.911,64.3456,95.8639,83.81,0.4489,Waxing Gibbous,True
2025-10-14,00:27:00,0.0,Moonless Night,-86.8489,69.8898,-3.6976,64.3921,95.8725,83.82,0.4488,Waxing Gibbous,True
2025-10-14,00:28:00,0.0,Moonless Night,-86.6162,71.3681,-3.484,64.4382,95.8812,83.82,0.4488,Waxing Gibbous,True
2025-10-14,00:29:00,0.0,Moonless Night,-86.3817,72.6579,-3.2703,64.4839,95.8898,83.83,0.4487,Waxing Gibbous,True
2025-10-14,00:30:00,0.0,Moonless Night,-86.1455,73.7926,-3.0566,64.5293,95.8985,83.83,0.4486,Waxing Gibbous,True
2025-10-14,00:31:00,0.0,Moonless Night,-85.9081,74.7982,-2.8427,64.5742,95.9071,83.84,0.4485,Waxing Gibbous,True
2025-10-14,00:32:00,0.0,Moonless Night,-85.6695,75.6955,-2.6288,64.6188,95.9158,83.85,0.4485,Waxing Gibbous,True
2025-10-14,00:33:00,0.0,Moonless Night,-85.4301,76.5009,-2.4147,64.663,95.9244,83.85,0.4484,Waxing Gibbous,True
2025-10-14,00:34:00,0.0,Moonless Night,-85.1899,77.228,-2.2006,64.7067,95.9331,83.86,0.4483,Waxing Gibbous,True
2025-10-14,00:35:00,0.0,Moonless Night,-84.949,77.8877,-1.9863,64.7501,95.9417,83.86,0.4482,Waxing Gibbous,True
2025-10-14,00:36:00,0.0,Moonless Night,-84.7076,78.489,-1.772,64.7932,95.9504,83.87,0.4482,Waxing Gibbous,True
2025-10-14,00:37:00,0.0,Moonless Night,-84.4657,79.0395,-1.5576,64.8358,95.959,83.87,0.4481,Waxing Gibbous,True
2025-10-14,00:38:00,0.0,Moonless Night,-84.2233,79.5456,-1.3431,64.8781,95.9677,83.88,0.448,Waxing Gibbous,True
2025-10-14,00:39:00,0.0,Moonless Night,-83.9805,80.0124,-1.1285,64.92,95.9763,83.89,0.4479,Waxing Gibbous,True
2025-10-14,00:40:00,0.0,Moonless Night,-83.7375,80.4445,-0.9137,64.9615,95.985,83.89,0.4479,Waxing Gibbous,True
2025-10-14,00:41:00,0.0,Moonless Night,-83.4941,80.8458,-0.699,65.0026,95.9936,83.9,0.4478,Waxing Gibbous,True
2025-10-14,00:42:00,0.0,Moonless Night,-83.2504,81.2195,-0.4841,65.0434,96.0023,83.9,0.4477,Waxing Gibbous,True
2025-10-14,00:43:00,0.0,Moonless Night,-83.0065,81.5686,-0.2691,65.0838,96.0109,83.91,0.4476,Waxing Gibbous,True
2025-10-14,00:44:00,0.0,Moonless Night,-82.7624,81.8954,-0.054,65.1238,96.0196,83.91,0.4476,Waxing Gibbous,True
2025-10-14,00:45:00,0.0001,Moonlit,-82.5181,82.2022,0.1611,65.1635,96.0282,83.92,0.4475,Waxing Gibbous,True
2025-10-14,00:46:00,0.0003,Moonlit,-82.2736,82.4908,0.3764,65.2027,96.0369,83.93,0.4474,Waxing Gibbous,True
2025-10-14,00:47:00,0.0005,Moonlit,-82.029,82.7629,0.5917,65.2416,96.0455,83.93,0.4473,Waxing Gibbous,True
2025-10-14,00:48:00,0.0007,Moonlit,-81.7842,83.02,0.8071,65.2802,96.0542,83.94,0.4473,Waxing Gibbous,True
2025-10-14,00:49:00,0.0008,Moonlit,-81.5393,83.2634,1.0226,65.3184,96.0628,83.94,0.4472,Waxing Gibbous,True
2025-10-14,00:50:00,0.001,Moonlit,-81.2943,83.4941,1.2382,65.3562,96.0715,83.95,0.4471,Waxing Gibbous,True
2025-10-14,00:51:00,0.0012,Moonlit,-81.0491,83.7133,1.4538,65.3936,96.0801,83.95,0.447,Waxing Gibbous,True
2025-10-14,00:52:00,0.0014,Moonlit,-80.8039,83.9219,1.6696,65.4307,96.0888,83.96,0.447,Waxing Gibbous,True
2025-10-14,00:53:00,0.0015,Moonlit,-80.5585,84.1206,1.8854,65.4674,96.0974,83.97,0.4469,Waxing Gibbous,True
2025-10-14,00:54:00,0.0017,Moonlit,-80.3131,84.3103,2.1013,65.5037,96.1061,83.97,0.4468,Waxing Gibbous,True
2025-10-14,00:55:00,0.0019,Moonlit,-80.0676,84.4916,2.3173,65.5397,96.1147,83.98,0.4467,Waxing Gibbous,True
2025-10-14,00:56:00,0.0021,Moonlit,-79.822,84.6651,2.5333,65.5753,96.1233,83.98,0.4467,Waxing Gibbous,True
2025-10-14,00:57:00,0.0022,Moonlit,-79.5764,84.8314,2.7495,65.6106,96.132,83.99,0.4466,Waxing Gibbous,True
2025-10-14,00:58:00,0.0024,Moonlit,-79.3306,84.9909,2.9657,65.6455,96.1406,83.99,0.4465,Waxing Gibbous,True
2025-10-14,00:59:00,0.0026,Moonlit,-79.0849,85.1441,3.182,65.68,96.1493,84.0,0.4464,Waxing Gibbous,True
2025-10-14,01:00:00,0.0027,Moonlit,-78.839,85.2915,3.3984,65.7142,96.1579,84.01,0.4464,Waxing Gibbous,True
2025-10-14,01:01:00,0.0029,Moonlit,-78.5932,85.4333,3.6148,65.748,96.1666,84.01,0.4463,Waxing Gibbous,True
2025-10-14,01:02:00,0.0031,Moonlit,-78.3472,85.57,3.8314,65.7815,96.1752,84.02,0.4462,Waxing Gibbous,True
2025-10-14,01:03:00,0.0033,Moonlit,-78.1013,85.7019,4.048,65.8146,96.1839,84.02,0.4461,Waxing Gibbous,True
2025-10-14,01:04:00,0.0034,Moonlit,-77.8552,85.8293,4.2646,65.8473,96.1925,84.03,0.4461,Waxing Gibbous,True
2025-10-14,01:05:00,0.0036,Moonlit,-77.6092,85.9524,4.4814,65.8797,96.2012,84.03,0.446,Waxing Gibbous,True
2025-10-14,01:06:00,0.0038,Moonlit,-77.3631,86.0714,4.6982,65.9118,96.2098,84.04,0.4459,Waxing Gibbous,True
2025-10-14,01:07:00,0.004,Moonlit,-77.117,86.1867,4.9151,65.9434,96.2184,84.05,0.4458,Waxing Gibbous,True
2025-10-14,01:08:00,0.0041,Moonlit,-76.8708,86.2984,5.1321,65.9748,96.2271,84.05,0.4458,Waxing Gibbous,True
2025-10-14,01:09:00,0.0043,Moonlit,-76.6246,86.4068,5.3491,66.0057,96.2357,84.06,0.4457,Waxing Gibbous,True
2025-10-14,01:10:00,0.0045,Moonlit,-76.3784,86.5119,5.5662,66.0363,96.2444,84.06,0.4456,Waxing Gibbous,True
2025-10-14,01:11:00,0.0047,Moonlit,-76.1322,86.614,5.7834,66.0666,96.253,84.07,0.4455,Waxing Gibbous,True
2025-10-14,01:12:00,0.0048,Moonlit,-75.8859,86.7133,6.0007,66.0965,96.2617,84.07,0.4455,Waxing Gibbous,True
2025-10-14,01:13:00,0.005,Moonlit,-75.6396,86.8098,6.218,66.126,96.2703,84.08,0.4454,Waxing Gibbous,True
2025-10-14,01:14:00,0.0052,Moonlit,-75.3933,86.9038,6.4353,66.1552,96.2789,84.08,0.4453,Waxing Gibbous,True
2025-10-14,01:15:00,0.0053,Moonlit,-75.1469,86.9953,6.6528,66.1841,96.2876,84.09,0.4452,Waxing Gibbous,True
2025-10-14,01:16:00,0.0055,Moonlit,-74.9006,87.0845,6.8703,66.2126,96.2962,84.1,0.4452,Waxing Gibbous,True
2025-10-14,01:17:00,0.0057,Moonlit,-74.6542,87.1715,7.0879,66.2407,96.3049,84.1,0.4451,Waxing Gibbous,True
2025-10-14,01:18:00,0.0059,Moonlit,-74.4078,87.2564,7.3055,66.2685,96.3135,84.11,0.445,Waxing Gibbous,True
2025-10-14,01:19:00,0.006,Moonlit,-74.1614,87.3392,7.5233,66.2959,96.3222,84.11,0.4449,Waxing Gibbous,True
2025-10-14,01:20:00,0.0062,Moonlit,-73.9149,87.4202,7.741,66.323,96.3308,84.12,0.4449,Waxing Gibbous,True
2025-10-14,01:21:00,0.0064,Moonlit,-73.6685,87.4993,7.9589,66.3497,96.3394,84.12,0.4448,Waxing Gibbous,True
2025-10-14,01:22:00,0.0065,Moonlit,-73.422,87.5766,8.1768,66.3761,96.3481,84.13,0.4447,Waxing Gibbous,True
2025-10-14,01:23:00,0.0067,Moonlit,-73.1755,87.6523,8.3947,66.4021,96.3567,84.14,0.4446,Waxing Gibbous,True
2025-10-14,01:24:00,0.0069,Moonlit,-72.929,87.7264,8.6128,66.4278,96.3654,84.14,0.4446,Waxing Gibbous,True
2025-10-14,01:25:00,0.0071,Moonlit,-72.6825,87.799,8.8309,66.4531,96.374,84.15,0.4445,Waxing Gibbous,True
2025-10-14,01:26:00,0.0072,Moonlit,-72.436,87.8701,9.049,66.4781,96.3826,84.15,0.4444,Waxing Gibbous,True
2025-10-14,01:27:00,0.0074,Moonlit,-72.1895,87.9398,9.2672,66.5027,96.3913,84.16,0.4443,Waxing Gibbous,True
2025-10-14,01:28:00,0.0076,Moonlit,-71.9429,88.0081,9.4855,66.5269,96.3999,84.16,0.4443,Waxing Gibbous,True
2025-10-14,01:29:00,0.0077,Moonlit,-71.6964,88.0752,9.7038,66.5508,96.4086,84.17,0.4442,Waxing Gibbous,True
2025-10-14,01:30:00,0.0079,Moonlit,-71.4498,88.141,9.9222,66.5744,96.4172,84.18,0.4441,Waxing Gibbous,True
2025-10-14,01:31:00,0.0081,Moonlit,-71.2033,88.2057,10.1406,66.5976,96.4259,84.18,0.444,Waxing Gibbous,True
2025-10-14,01:32:00,0.0082,Moonlit,-70.9567,88.2692,10.3591,66.6205,96.4345,84.19,0.444,Waxing Gibbous,True
2025-10-14,01:33:00,0.0084,Moonlit,-70.7101,88.3316,10.5776,66.643,96.4431,84.19,0.4439,Waxing Gibbous,True
2025-10-14,01:34:00,0.0086,Moonlit,-70.4635,88.393,10.7962,66.6651,96.4518,84.2,0.4438,Waxing Gibbous,True
2025-10-14,01:35:00,0.0088,Moonlit,-70.2169,88.4533,11.0149,66.6869,96.4604,84.2,0.4437,Waxing Gibbous,True
2025-10-14,01:36:00,0.0089,Moonlit,-69.9703,88.5127,11.2336,66.7084,96.469,84.21,0.4437,Waxing Gibbous,True
2025-10-14,01:37:00,0.0091,Moonlit,-69.7237,88.5711,11.4524,66.7294,96.4777,84.21,0.4436,Waxing Gibbous,True
2025-10-14,01:38:00,0.0093,Moonlit,-69.477,88.6286,11.6712,66.7502,96.4863,84.22,0.4435,Waxing Gibbous,True
2025-10-14,01:39:00,0.0094,Moonlit,-69.2304,88.6853,11.8901,66.7706,96.495,84.23,0.4434,Waxing Gibbous,True
2025-10-14,01:40:00,0.0096,Moonlit,-68.9838,88.7411,12.109,66.7906,96.5036,84.23,0.4434,Waxing Gibbous,True
2025-10-14,01:41:00,0.0098,Moonlit,-68.7371,88.7961,12.328,66.8102,96.5122,84.24,0.4433,Waxing Gibbous,True
2025-10-14,01:42:00,0.0099,Moonlit,-68.4905,88.8503,12.547,66.8296,96.5209,84.24,0.4432,Waxing Gibbous,True
2025-10-14,01:43:00,0.0101,Moonlit,-68.2438,88.9037,12.7661,66.8485,96.5295,84.25,0.4431,Waxing Gibbous,True
2025-10-14,01:44:00,0.0103,Moonlit,-67.9972,88.9565,12.9852,66.8671,96.5382,84.25,0.4431,Waxing Gibbous,True
2025-10-14,01:45:00,0.0104,Moonlit,-67.7505,89.0085,13.2044,66.8854,96.5468,84.26,0.443,Waxing Gibbous,True
2025-10-14,01:46:00,0.0106,Moonlit,-67.5039,89.0599,13.4236,66.9033,96.5554,84.27,0.4429,Waxing Gibbous,True
2025-10-14,01:47:00,0.0108,Moonlit,-67.2572,89.1106,13.6428,66.9208,96.5641,84.27,0.4428,Waxing Gibbous,True
2025-10-14,01:48:00,0.0109,Moonlit,-67.0105,89.1606,13.8621,66.938,96.5727,84.28,0.4428,Waxing Gibbous,True
2025-10-14,01:49:00,0.0111,Moonlit,-66.7639,89.2101,14.0815,66.9548,96.5813,84.28,0.4427,Waxing Gibbous,True
2025-10-14,01:50:00,0.0113,Moonlit,-66.5172,89.2589,14.3009,66.9712,96.59,84.29,0.4426,Waxing Gibbous,True
2025-10-14,01:51:00,0.0114,Moonlit,-66.2705,89.3072,14.5204,66.9873,96.5986,84.29,0.4425,Waxing Gibbous,True
2025-10-14,01:52:00,0.0116,Moonlit,-66.0238,89.3549,14.7398,67.0031,96.6073,84.3,0.4425,Waxing Gibbous,True
2025-10-14,01:53:00,0.0118,Moonlit,-65.7772,89.4021,14.9594,67.0184,96.6159,84.3,0.4424,Waxing Gibbous,True
2025-10-14,01:54:00,0.0119,Moonlit,-65.5305,89.4488,15.179,67.0334,96.6245,84.31,0.4423,Waxing Gibbous,True
2025-10-14,01:55:00,0.0121,Moonlit,-65.2838,89.4949,15.3986,67.0481,96.6332,84.32,0.4422,Waxing Gibbous,True
2025-10-14,01:56:00,0.0123,Moonlit,-65.0371,89.5406,15.6182,67.0624,96.6418,84.32,0.4422,Waxing Gibbous,True
2025-10-14,01:57:00,0.0124,Moonlit,-64.7904,89.5858,15.8379,67.0763,96.6504,84.33,0.4421,Waxing Gibbous,True
2025-10-14,01:58:00,0.0126,Moonlit,-64.5437,89.6305,16.0577,67.0898,96.6591,84.33,0.442,Waxing Gibbous,True
2025-10-14,01:59:00,0.0127,Moonlit,-64.297,89.6748,16.2775,67.103,96.6677,84.34,0.4419,Waxing Gibbous,True
2025-10-14,02:00:00,0.0129,Moonlit,-64.0503,89.7187,16.4973,67.1158,96.6763,84.34,0.4419,Waxing Gibbous,True
2025-10-14,02:01:00,0.0131,Moonlit,-63.8036,89.7621,16.7172,67.1283,96.685,84.35,0.4418,Waxing Gibbous,True
2025-10-14,02:02:00,0.0132,Moonlit,-63.5569,89.8052,16.9371,67.1404,96.6936,84.36,0.4417,Waxing Gibbous,True
2025-10-14,02:03:00,0.0134,Moonlit,-63.3102,89.8478,17.157,67.1521,96.7023,84.36,0.4416,Waxing Gibbous,True
2025-10-14,02:04:00,0.0136,Moonlit,-63.0635,89.8901,17.377,67.1634,96.7109,84.37,0.4416,Waxing Gibbous,True
2025-10-14,02:05:00,0.0137,Moonlit,-62.8169,89.9319,17.597,67.1744,96.7195,84.37,0.4415,Waxing Gibbous,True
2025-10-14,02:06:00,0.0139,Moonlit,-62.5702,89.9735,17.817,67.185,96.7282,84.38,0.4414,Waxing Gibbous,True
2025-10-14,02:07:00,0.014,Moonlit,-62.3235,90.0147,18.0371,67.1952,96.7368,84.38,0.4413,Waxing Gibbous,True
2025-10-14,02:08:00,0.0142,Moonlit,-62.0768,90.0555,18.2572,67.205,96.7454,84.39,0.4413,Waxing Gibbous,True
2025-10-14,02:09:00,0.0144,Moonlit,-61.8301,90.096,18.4774,67.2145,96.7541,84.39,0.4412,Waxing Gibbous,True
2025-10-14,02:10:00,0.0145,Moonlit,-61.5834,90.1362,18.6976,67.2236,96.7627,84.4,0.4411,Waxing Gibbous,True
2025-10-14,02:11:00,0.0147,Moonlit,-61.3367,90.1761,18.9178,67.2323,96.7713,84.41,0.441,Waxing Gibbous,True
2025-10-14,02:12:00,0.0148,Moonlit,-61.09,90.2156,19.138,67.2406,96.78,84.41,0.441,Waxing Gibbous,True
2025-10-14,02:13:00,0.015,Moonlit,-60.8433,90.2549,19.3583,67.2485,96.7886,84.42,0.4409,Waxing Gibbous,True
2025-10-14,02:14:00,0.0152,Moonlit,-60.5966,90.2939,19.5786,67.2561,96.7972,84.42,0.4408,Waxing Gibbous,True
2025-10-14,02:15:00,0.0153,Moonlit,-60.3499,90.3326,19.7989,67.2632,96.8059,84.43,0.4407,Waxing Gibbous,True
2025-10-14,02:16:00,0.0155,Moonlit,-60.1032,90.3711,20.0193,67.27,96.8145,84.43,0.4407,Waxing Gibbous,True
2025-10-14,02:17:00,0.0156,Moonlit,-59.8565,90.4092,20.2397,67.2764,96.8231,84.44,0.4406,Waxing Gibbous,True
2025-10-14,02:18:00,0.0158,Moonlit,-59.6098,90.4472,20.4601,67.2824,96.8318,84.45,0.4405,Waxing Gibbous,True
2025-10-14,02:19:00,0.0159,Moonlit,-59.3631,90.4848,20.6806,67.288,96.8404,84.45,0.4404,Waxing Gibbous,True
2025-10-14,02:20:00,0.0161,Moonlit,-59.1164,90.5223,20.9011,67.2933,96.849,84.46,0.4404,Waxing Gibbous,True
2025-10-14,02:21:00,0.0163,Moonlit,-58.8698,90.5595,21.1216,67.2981,96.8577,84.46,0.4403,Waxing Gibbous,True
2025-10-14,02:22:00,0.0164,Moonlit,-58.6231,90.5964,21.3421,67.3025,96.8663,84.47,0.4402,Waxing Gibbous,True
2025-10-14,02:23:00,0.0166,Moonlit,-58.3764,90.6332,21.5627,67.3066,96.8749,84.47,0.4401,Waxing Gibbous,True
2025-10-14,02:24:00,0.0167,Moonlit,-58.1297,90.6697,21.7832,67.3102,96.8835,84.48,0.4401,Waxing Gibbous,True
2025-10-14,02:25:00,0.0169,Moonlit,-57.883,90.706,22.0038,67.3134,96.8922,84.48,0.44,Waxing Gibbous,True
2025-10-14,02:26:00,0.017,Moonlit,-57.6363,90.7421,22.2245,67.3163,96.9008,84.49,0.4399,Waxing Gibbous,True
2025-10-14,02:27:00,0.0172,Moonlit,-57.3897,90.778,22.4451,67.3187,96.9094,84.5,0.4398,Waxing Gibbous,True
2025-10-14,02:28:00,0.0174,Moonlit,-57.143,90.8138,22.6658,67.3207,96.9181,84.5,0.4398,Waxing Gibbous,True
2025-10-14,02:29:00,0.0175,Moonlit,-56.8963,90.8493,22.8865,67.3223,96.9267,84.51,0.4397,Waxing Gibbous,True
2025-10-14,02:30:00,0.0177,Moonlit,-56.6497,90.8846,23.1072,67.3235,96.9353,84.51,0.4396,Waxing Gibbous,True
2025-10-14,02:31:00,0.0178,Moonlit,-56.403,90.9198,23.3279,67.3243,96.944,84.52,0.4396,Waxing Gibbous,True
2025-10-14,02:32:00,0.018,Moonlit,-56.1563,90.9548,23.5487,67.3246,96.9526,84.52,0.4395,Waxing Gibbous,True
2025-10-14,02:33:00,0.0181,Moonlit,-55.9097,90.9896,23.7694,67.3246,96.9612,84.53,0.4394,Waxing Gibbous,True
2025-10-14,02:34:00,0.0183,Moonlit,-55.663,91.0242,23.9902,67.3241,96.9699,84.53,0.4393,Waxing Gibbous,True
2025-10-14,02:35:00,0.0184,Moonlit,-55.4163,91.0587,24.211,67.3232,96.9785,84.54,0.4393,Waxing Gibbous,True
2025-10-14,02:36:00,0.0186,Moonlit,-55.1697,91.0931,24.4318,67.3219,96.9871,84.55,0.4392,Waxing Gibbous,True
2025-10-14,02:37:00,0.0187,Moonlit,-54.923,91.1273,24.6527,67.3202,96.9957,84.55,0.4391,Waxing Gibbous,True
2025-10-14,02:38:00,0.0189,Moonlit,-54.6764,91.1613,24.8735,67.318,97.0044,84.56,0.439,Waxing Gibbous,True
2025-10-14,02:39:00,0.019,Moonlit,-54.4297,91.1952,25.0944,67.3154,97.013,84.56,0.439,Waxing Gibbous,True
2025-10-14,02:40:00,0.0192,Moonlit,-54.1831,91.2289,25.3153,67.3124,97.0216,84.57,0.4389,Waxing Gibbous,True
2025-10-14,02:41:00,0.0193,Moonlit,-53.9365,91.2625,25.5362,67.3089,97.0303,84.57,0.4388,Waxing Gibbous,True
2025-10-14,02:42:00,0.0195,Moonlit,-53.6898,91.296,25.7571,67.305,97.0389,84.58,0.4387,Waxing Gibbous,True
2025-10-14,02:43:00,0.0196,Moonlit,-53.4432,91.3294,25.978,67.3006,97.0475,84.58,0.4387,Waxing Gibbous,True
2025-10-14,02:44:00,0.0198,Moonlit,-53.1966,91.3626,26.1989,67.2959,97.0561,84.59,0.4386,Waxing Gibbous,True
2025-10-14,02:45:00,0.0199,Moonlit,-52.9499,91.3957,26.4198,67.2906,97.0648,84.6,0.4385,Waxing Gibbous,True
2025-10-14,02:46:00,0.0201,Moonlit,-52.7033,91.4287,26.6408,67.2849,97.0734,84.6,0.4384,Waxing Gibbous,True
2025-10-14,02:47:00,0.0202,Moonlit,-52.4567,91.4615,26.8617,67.2788,97.082,84.61,0.4384,Waxing Gibbous,True
2025-10-14,02:48:00,0.0204,Moonlit,-52.2101,91.4943,27.0827,67.2722,97.0907,84.61,0.4383,Waxing Gibbous,True
2025-10-14,02:49:00,0.0205,Moonlit,-51.9635,91.5269,27.3036,67.2651,97.0993,84.62,0.4382,Waxing Gibbous,True
2025-10-14,02:50:00,0.0207,Moonlit,-51.7169,91.5595,27.5246,67.2576,97.1079,84.62,0.4381,Waxing Gibbous,True
2025-10-14,02:51:00,0.0208,Moonlit,-51.4703,91.5919,27.7456,67.2496,97.1165,84.63,0.4381,Waxing Gibbous,True
2025-10-14,02:52:00,0.0209,Moonlit,-51.2237,91.6242,27.9666,67.2412,97.1252,84.63,0.438,Waxing Gibbous,True
2025-10-14,02:53:00,0.0211,Moonlit,-50.9771,91.6564,28.1876,67.2323,97.1338,84.64,0.4379,Waxing Gibbous,True
2025-10-14,02:54:00,0.0212,Moonlit,-50.7305,91.6886,28.4085,67.2229,97.1424,84.65,0.4378,Waxing Gibbous,True
2025-10-14,02:55:00,0.0214,Moonlit,-50.4839,91.7206,28.6295,67.213,97.151,84.65,0.4378,Waxing Gibbous,True
2025-10-14,02:56:00,0.0215,Moonlit,-50.2373,91.7526,28.8505,67.2027,97.1597,84.66,0.4377,Waxing Gibbous,True
2025-10-14,02:57:00,0.0217,Moonlit,-49.9907,91.7844,29.0715,67.1918,97.1683,84.66,0.4376,Waxing Gibbous,True
2025-10-14,02:58:00,0.0218,Moonlit,-49.7441,91.8162,29.2925,67.1805,97.1769,84.67,0.4375,Waxing Gibbous,True
2025-10-14,02:59:00,0.022,Moonlit,-49.4976,91.8479,29.5135,67.1687,97.1855,84.67,0.4375,Waxing Gibbous,True
2025-10-14,03:00:00,0.0221,Moonlit,-49.251,91.8795,29.7345,67.1564,97.1942,84.68,0.4374,Waxing Gibbous,True
2025-10-14,03:01:00,0.0222,Moonlit,-49.0045,91.9111,29.9555,67.1436,97.2028,84.68,0.4373,Waxing Gibbous,True
2025-10-14,03:02:00,0.0224,Moonlit,-48.7579,91.9425,30.1764,67.1303,97.2114,84.69,0.4372,Waxing Gibbous,True
2025-10-14,03:03:00,0.0225,Moonlit,-48.5113,91.9739,30.3974,67.1165,97.22,84.7,0.4372,Waxing Gibbous,True
2025-10-14,03:04:00,0.0227,Moonlit,-48.2648,92.0052,30.6184,67.1022,97.2287,84.7,0.4371,Waxing Gibbous,True
2025-10-14,03:05:00,0.0228,Moonlit,-48.0182,92.0365,30.8394,67.0874,97.2373,84.71,0.437,Waxing Gibbous,True
2025-10-14,03:06:00,0.0229,Moonlit,-47.7717,92.0676,31.0603,67.072,97.2459,84.71,0.4369,Waxing Gibbous,True
2025-10-14,03:07:00,0.0231,Moonlit,-47.5252,92.0988,31.2813,67.0562,97.2545,84.72,0.4369,Waxing Gibbous,True
2025-10-14,03:08:00,0.0232,Moonlit,-47.2786,92.1298,31.5022,67.0398,97.2632,84.72,0.4368,Waxing Gibbous,True
2025-10-14,03:09:00,0.0234,Moonlit,-47.0321,92.1608,31.7231,67.0229,97.2718,84.73,0.4367,Waxing Gibbous,True
2025-10-14,03:10:00,0.0235,Moonlit,-46.7856,92.1917,31.9441,67.0054,97.2804,84.73,0.4366,Waxing Gibbous,True
2025-10-14,03:11:00,0.0236,Moonlit,-46.5391,92.2226,32.165,66.9874,97.289,84.74,0.4366,Waxing Gibbous,True
2025-10-14,03:12:00,0.0238,Moonlit,-46.2926,92.2534,32.3859,66.9689,97.2977,84.75,0.4365,Waxing Gibbous,True
2025-10-14,03:13:00,0.0239,Moonlit,-46.0461,92.2842,32.6068,66.9498,97.3063,84.75,0.4364,Waxing Gibbous,True
2025-10-14,03:14:00,0.024,Moonlit,-45.7996,92.3149,32.8276,66.9302,97.3149,84.76,0.4363,Waxing Gibbous,True
2025-10-14,03:15:00,0.0242,Moonlit,-45.5531,92.3456,33.0485,66.91,97.3235,84.76,0.4363,Waxing Gibbous,True
2025-10-14,03:16:00,0.0243,Moonlit,-45.3066,92.3762,33.2693,66.8893,97.3322,84.77,0.4362,Waxing Gibbous,True
2025-10-14,03:17:00,0.0244,Moonlit,-45.0601,92.4068,33.4901,66.868,97.3408,84.77,0.4361,Waxing Gibbous,True
2025-10-14,03:18:00,0.0246,Moonlit,-44.8136,92.4373,33.7109,66.8461,97.3494,84.78,0.436,Waxing Gibbous,True
2025-10-14,03:19:00,0.0247,Moonlit,-44.5672,92.4678,33.9317,66.8236,97.358,84.78,0.436,Waxing Gibbous,True
2025-10-14,03:20:00,0.0248,Moonlit,-44.3207,92.4983,34.1525,66.8006,97.3666,84.79,0.4359,Waxing Gibbous,True
2025-10-14,03:21:00,0.025,Moonlit,-44.0743,92.5287,34.3732,66.777,97.3753,84.8,0.4358,Waxing Gibbous,True
2025-10-14,03:22:00,0.0251,Moonlit,-43.8278,92.559,34.594,66.7527,97.3839,84.8,0.4357,Waxing Gibbous,True
2025-10-14,03:23:00,0.0252,Moonlit,-43.5814,92.5894,34.8147,66.7279,97.3925,84.81,0.4357,Waxing Gibbous,True
2025-10-14,03:24:00,0.0254,Moonlit,-43.3349,92.6197,35.0353,66.7025,97.4011,84.81,0.4356,Waxing Gibbous,True
2025-10-14,03:25:00,0.0255,Moonlit,-43.0885,92.65,35.256,66.6765,97.4098,84.82,0.4355,Waxing Gibbous,True
2025-10-14,03:26:00,0.0256,Moonlit,-42.842,92.6802,35.4766,66.6499,97.4184,84.82,0.4354,Waxing Gibbous,True
2025-10-14,03:27:00,0.0258,Moonlit,-42.5956,92.7104,35.6972,66.6226,97.427,84.83,0.4354,Waxing Gibbous,True
2025-10-14,03:28:00,0.0259,Moonlit,-42.3492,92.7406,35.9178,66.5947,97.4356,84.83,0.4353,Waxing Gibbous,True
2025-10-14,03:29:00,0.026,Moonlit,-42.1028,92.7707,36.1383,66.5662,97.4442,84.84,0.4352,Waxing Gibbous,True
2025-10-14,03:30:00,0.0262,Moonlit,-41.8564,92.8009,36.3588,66.5371,97.4529,84.85,0.4351,Waxing Gibbous,True
2025-10-14,03:31:00,0.0263,Moonlit,-41.61,92.831,36.5793,66.5073,97.4615,84.85,0.4351,Waxing Gibbous,True
2025-10-14,03:32:00,0.0264,Moonlit,-41.3636,92.8611,36.7997,66.4769,97.4701,84.86,0.435,Waxing Gibbous,True
2025-10-14,03:33:00,0.0265,Moonlit,-41.1172,92.8911,37.0201,66.4458,97.4787,84.86,0.4349,Waxing Gibbous,True
2025-10-14,03:34:00,0.0267,Moonlit,-40.8708,92.9212,37.2405,66.414,97.4873,84.87,0.4348,Waxing Gibbous,True
2025-10-14,03:35:00,0.0268,Moonlit,-40.6245,92.9512,37.4608,66.3816,97.496,84.87,0.4348,Waxing Gibbous,True
2025-10-14,03:36:00,0.0269,Moonlit,-40.3781,92.9812,37.6811,66.3485,97.5046,84.88,0.4347,Waxing Gibbous,True
2025-10-14,03:37:00,0.027,Moonlit,-40.1317,93.0112,37.9014,66.3147,97.5132,84.88,0.4346,Waxing Gibbous,True
2025-10-14,03:38:00,0.0272,Moonlit,-39.8854,93.0412,38.1216,66.2802,97.5218,84.89,0.4345,Waxing Gibbous,True
2025-10-14,03:39:00,0.0273,Moonlit,-39.639,93.0711,38.3418,66.2451,97.5304,84.89,0.4345,Waxing Gibbous,True
2025-10-14,03:40:00,0.0274,Moonlit,-39.3927,93.1011,38.5619,66.2092,97.5391,84.9,0.4344,Waxing Gibbous,True
2025-10-14,03:41:00,0.0275,Moonlit,-39.1464,93.131,38.782,66.1726,97.5477,84.91,0.4343,Waxing Gibbous,True
2025-10-14,03:42:00,0.0277,Moonlit,-38.9001,93.1609,39.002,66.1353,97.5563,84.91,0.4342,Waxing Gibbous,True
2025-10-14,03:43:00,0.0278,Moonlit,-38.6537,93.1909,39.222,66.0973,97.5649,84.92,0.4342,Waxing Gibbous,True
2025-10-14,03:44:00,0.0279,Moonlit,-38.4074,93.2208,39.442,66.0585,97.5735,84.92,0.4341,Waxing Gibbous,True
2025-10-14,03:45:00,0.028,Moonlit,-38.1611,93.2507,39.6619,66.019,97.5822,84.93,0.434,Waxing Gibbous,True
2025-10-14,03:46:00,0.0281,Moonlit,-37.9148,93.2806,39.8817,65.9787,97.5908,84.93,0.434,Waxing Gibbous,True
2025-10-14,03:47:00,0.0283,Moonlit,-37.6685,93.3105,40.1015,65.9377,97.5994,84.94,0.4339,Waxing Gibbous,True
2025-10-14,03:48:00,0.0284,Moonlit,-37.4223,93.3404,40.3213,65.8959,97.608,84.94,0.4338,Waxing Gibbous,True
2025-10-14,03:49:00,0.0285,Moonlit,-37.176,93.3703,40.541,65.8533,97.6166,84.95,0.4337,Waxing Gibbous,True
2025-10-14,03:50:00,0.0286,Moonlit,-36.9297,93.4002,40.7606,65.81,97.6252,84.96,0.4337,Waxing Gibbous,True
2025-10-14,03:51:00,0.0287,Moonlit,-36.6835,93.4301,40.9802,65.7659,97.6339,84.96,0.4336,Waxing Gibbous,True
2025-10-14,03:52:00,0.0288,Moonlit,-36.4372,93.46,41.1997,65.7209,97.6425,84.97,0.4335,Waxing Gibbous,True
2025-10-14,03:53:00,0.029,Moonlit,-36.191,93.4899,41.4191,65.6752,97.6511,84.97,0.4334,Waxing Gibbous,True
2025-10-14,03:54:00,0.0291,Moonlit,-35.9447,93.5198,41.6385,65.6286,97.6597,84.98,0.4334,Waxing Gibbous,True
2025-10-14,03:55:00,0.0292,Moonlit,-35.6985,93.5497,41.8578,65.5812,97.6683,84.98,0.4333,Waxing Gibbous,True
2025-10-14,03:56:00,0.0293,Moonlit,-35.4523,93.5796,42.0771,65.5329,97.6769,84.99,0.4332,Waxing Gibbous,True
2025-10-14,03:57:00,0.0294,Moonlit,-35.2061,93.6095,42.2963,65.4838,97.6856,84.99,0.4331,Waxing Gibbous,True
2025-10-14,03:58:00,0.0295,Moonlit,-34.9599,93.6395,42.5154,65.4339,97.6942,85.0,0.4331,Waxing Gibbous,True
2025-10-14,03:59:00,0.0296,Moonlit,-34.7137,93.6694,42.7344,65.383,97.7028,85.0,0.433,Waxing Gibbous,True
2025-10-14,04:00:00,0.0298,Moonlit,-34.4675,93.6993,42.9534,65.3313,97.7114,85.01,0.4329,Waxing Gibbous,True
2025-10-14,04:01:00,0.0299,Moonlit,-34.2213,93.7293,43.1723,65.2787,97.72,85.02,0.4328,Waxing Gibbous,True
2025-10-14,04:02:00,0.03,Moonlit,-33.9752,93.7593,43.3912,65.2252,97.7286,85.02,0.4328,Waxing Gibbous,True
2025-10-14,04:03:00,0.0301,Moonlit,-33.729,93.7893,43.6099,65.1708,97.7373,85.03,0.4327,Waxing Gibbous,True
2025-10-14,04:04:00,0.0302,Moonlit,-33.4829,93.8193,43.8286,65.1154,97.7459,85.03,0.4326,Waxing Gibbous,True
2025-10-14,04:05:00,0.0303,Moonlit,-33.2367,93.8493,44.0472,65.0591,97.7545,85.04,0.4325,Waxing Gibbous,True
2025-10-14,04:06:00,0.0304,Moonlit,-32.9906,93.8793,44.2657,65.0019,97.7631,85.04,0.4325,Waxing Gibbous,True
2025-10-14,04:07:00,0.0305,Moonlit,-32.7445,93.9094,44.4841,64.9437,97.7717,85.05,0.4324,Waxing Gibbous,True
2025-10-14,04:08:00,0.0306,Moonlit,-32.4983,93.9394,44.7024,64.8845,97.7803,85.05,0.4323,Waxing Gibbous,True
2025-10-14,04:09:00,0.0307,Moonlit,-32.2522,93.9695,44.9206,64.8244,97.7889,85.06,0.4322,Waxing Gibbous,True
2025-10-14,04:10:00,0.0309,Moonlit,-32.0061,93.9996,45.1388,64.7632,97.7976,85.06,0.4322,Waxing Gibbous,True
2025-10-14,04:11:00,0.031,Moonlit,-31.7601,94.0298,45.3568,64.7011,97.8062,85.07,0.4321,Waxing Gibbous,True
2025-10-14,04:12:00,0.0311,Moonlit,-31.514,94.0599,45.5748,64.6379,97.8148,85.08,0.432,Waxing Gibbous,True
2025-10-14,04:13:00,0.0312,Moonlit,-31.2679,94.0901,45.7927,64.5737,97.8234,85.08,0.4319,Waxing Gibbous,True
2025-10-14,04:14:00,0.0313,Moonlit,-31.0218,94.1203,46.0104,64.5084,97.832,85.09,0.4319,Waxing Gibbous,True
2025-10-14,04:15:00,0.0314,Moonlit,-30.7758,94.1505,46.2281,64.4421,97.8406,85.09,0.4318,Waxing Gibbous,True
2025-10-14,04:16:00,0.0315,Moonlit,-30.5298,94.1808,46.4456,64.3747,97.8492,85.1,0.4317,Waxing Gibbous,True
2025-10-14,04:17:00,0.0316,Moonlit,-30.2837,94.2111,46.6631,64.3062,97.8579,85.1,0.4316,Waxing Gibbous,True
2025-10-14,04:18:00,0.0317,Moonlit,-30.0377,94.2414,46.8804,64.2366,97.8665,85.11,0.4316,Waxing Gibbous,True
2025-10-14,04:19:00,0.0318,Moonlit,-29.7917,94.2717,47.0976,64.1658,97.8751,85.11,0.4315,Waxing Gibbous,True
2025-10-14,04:20:00,0.0319,Moonlit,-29.5457,94.3021,47.3148,64.094,97.8837,85.12,0.4314,Waxing Gibbous,True
2025-10-14,04:21:00,0.032,Moonlit,-29.2997,94.3324,47.5318,64.0209,97.8923,85.12,0.4313,Waxing Gibbous,True
2025-10-14,04:22:00,0.0321,Moonlit,-29.0537,94.3629,47.7486,63.9468,97.9009,85.13,0.4313,Waxing Gibbous,True
2025-10-14,04:23:00,0.0322,Moonlit,-28.8077,94.3933,47.9654,63.8714,97.9095,85.14,0.4312,Waxing Gibbous,True
2025-10-14,04:24:00,0.0323,Moonlit,-28.5618,94.4238,48.182,63.7948,97.9181,85.14,0.4311,Waxing Gibbous,True
2025-10-14,04:25:00,0.0324,Moonlit,-28.3158,94.4543,48.3985,63.717,97.9268,85.15,0.431,Waxing Gibbous,True
2025-10-14,04:26:00,0.0325,Moonlit,-28.0699,94.4849,48.6149,63.638,97.9354,85.15,0.431,Waxing Gibbous,True
2025-10-14,04:27:00,0.0326,Moonlit,-27.8239,94.5155,48.8311,63.5577,97.944,85.16,0.4309,Waxing Gibbous,True
2025-10-14,04:28:00,0.0327,Moonlit,-27.578,94.5461,49.0473,63.4761,97.9526,85.16,0.4308,Waxing Gibbous,True
2025-10-14,04:29:00,0.0328,Moonlit,-27.3321,94.5768,49.2632,63.3933,97.9612,85.17,0.4307,Waxing Gibbous,True
2025-10-14,04:30:00,0.0329,Moonlit,-27.0862,94.6075,49.4791,63.3091,97.9698,85.17,0.4307,Waxing Gibbous,True
2025-10-14,04:31:00,0.033,Moonlit,-26.8403,94.6382,49.6948,63.2237,97.9784,85.18,0.4306,Waxing Gibbous,True
2025-10-14,04:32:00,0.0331,Moonlit,-26.5944,94.669,49.9103,63.1368,97.987,85.18,0.4305,Waxing Gibbous,True
2025-10-14,04:33:00,0.0331,Moonlit,-26.3486,94.6998,50.1257,63.0487,97.9956,85.19,0.4305,Waxing Gibbous,True
2025-10-14,04:34:00,0.0332,Moonlit,-26.1027,94.7307,50.3409,62.9591,98.0042,85.2,0.4304,Waxing Gibbous,True
2025-10-14,04:35:00,0.0333,Moonlit,-25.8569,94.7616,50.556,62.8681,98.0129,85.2,0.4303,Waxing Gibbous,True
2025-10-14,04:36:00,0.0334,Moonlit,-25.611,94.7926,50.7709,62.7757,98.0215,85.21,0.4302,Waxing Gibbous,True
2025-10-14,04:37:00,0.0335,Moonlit,-25.3652,94.8236,50.9857,62.6819,98.0301,85.21,0.4302,Waxing Gibbous,True
2025-10-14,04:38:00,0.0336,Moonlit,-25.1194,94.8546,51.2003,62.5865,98.0387,85.22,0.4301,Waxing Gibbous,True
2025-10-14,04:39:00,0.0337,Moonlit,-24.8736,94.8857,51.4147,62.4897,98.0473,85.22,0.43,Waxing Gibbous,True
2025-10-14,04:40:00,0.0338,Moonlit,-24.6278,94.9168,51.629,62.3914,98.0559,85.23,0.4299,Waxing Gibbous,True
2025-10-14,04:41:00,0.0339,Moonlit,-24.382,94.948,51.8431,62.2915,98.0645,85.23,0.4299,Waxing Gibbous,True
2025-10-14,04:42:00,0.034,Moonlit,-24.1363,94.9793,52.057,62.1901,98.0731,85.24,0.4298,Waxing Gibbous,True
2025-10-14,04:43:00,0.034,Moonlit,-23.8905,95.0105,52.2707,62.0871,98.0817,85.24,0.4297,Waxing Gibbous,True
2025-10-14,04:44:00,0.0341,Moonlit,-23.6448,95.0419,52.4842,61.9825,98.0903,85.25,0.4296,Waxing Gibbous,True
2025-10-14,04:45:00,0.0342,Moonlit,-23.399,95.0733,52.6975,61.8762,98.099,85.26,0.4296,Waxing Gibbous,True
2025-10-14,04:46:00,0.0343,Moonlit,-23.1533,95.1047,52.9107,61.7683,98.1076,85.26,0.4295,Waxing Gibbous,True
2025-10-14,04:47:00,0.0344,Moonlit,-22.9076,95.1362,53.1236,61.6587,98.1162,85.27,0.4294,Waxing Gibbous,True
2025-10-14,04:48:00,0.0345,Moonlit,-22.6619,95.1677,53.3363,61.5474,98.1248,85.27,0.4293,Waxing Gibbous,True
2025-10-14,04:49:00,0.0346,Moonlit,-22.4162,95.1993,53.5489,61.4344,98.1334,85.28,0.4293,Waxing Gibbous,True
2025-10-14,04:50:00,0.0346,Moonlit,-22.1705,95.231,53.7612,61.3196,98.142,85.28,0.4292,Waxing Gibbous,True
2025-10-14,04:51:00,0.0347,Moonlit,-21.9249,95.2627,53.9733,61.203,98.1506,85.29,0.4291,Waxing Gibbous,True
2025-10-14,04:52:00,0.0348,Moonlit,-21.6792,95.2945,54.1852,61.0845,98.1592,85.29,0.429,Waxing Gibbous,True
2025-10-14,04:53:00,0.0349,Moonlit,-21.4336,95.3263,54.3968,60.9642,98.1678,85.3,0.429,Waxing Gibbous,True
2025-10-14,04:54:00,0.035,Moonlit,-21.188,95.3582,54.6082,60.8421,98.1764,85.3,0.4289,Waxing Gibbous,True
2025-10-14,04:55:00,0.035,Moonlit,-20.9424,95.3901,54.8194,60.718,98.185,85.31,0.4288,Waxing Gibbous,True
2025-10-14,04:56:00,0.0351,Moonlit,-20.6968,95.4221,55.0304,60.592,98.1936,85.32,0.4287,Waxing Gibbous,True
2025-10-14,04:57:00,0.0352,Moonlit,-20.4512,95.4542,55.2411,60.4639,98.2022,85.32,0.4287,Waxing Gibbous,True
2025-10-14,04:58:00,0.0353,Moonlit,-20.2056,95.4863,55.4515,60.3339,98.2108,85.33,0.4286,Waxing Gibbous,True
2025-10-14,04:59:00,0.0354,Moonlit,-19.9601,95.5185,55.6617,60.2019,98.2195,85.33,0.4285,Waxing Gibbous,True
2025-10-14,05:00:00,0.0354,Moonlit,-19.7146,95.5508,55.8716,60.0677,98.2281,85.34,0.4284,Waxing Gibbous,True
2025-10-14,05:01:00,0.0355,Moonlit,-19.469,95.5831,56.0813,59.9315,98.2367,85.34,0.4284,Waxing Gibbous,True
2025-10-14,05:02:00,0.0356,Moonlit,-19.2235,95.6155,56.2907,59.7931,98.2453,85.35,0.4283,Waxing Gibbous,True
2025-10-14,05:03:00,0.0357,Moonlit,-18.978,95.648,56.4998,59.6525,98.2539,85.35,0.4282,Waxing Gibbous,True
2025-10-14,05:04:00,0.0357,Moonlit,-18.7325,95.6805,56.7086,59.5097,98.2625,85.36,0.4281,Waxing Gibbous,True
2025-10-14,05:05:00,0.0358,Moonlit,-18.4871,95.7131,56.9172,59.3646,98.2711,85.36,0.4281,Waxing Gibbous,True
2025-10-14,05:06:00,0.0359,Moonlit,-18.2416,95.7458,57.1254,59.2172,98.2797,85.37,0.428,Waxing Gibbous,True
2025-10-14,05:07:00,0.036,Astronomical Twilight,-17.9961,95.7785,57.3334,59.0675,98.2883,85.37,0.4279,Waxing Gibbous,True
2025-10-14,05:08:00,0.0363,Astronomical Twilight,-17.7507,95.8113,57.541,58.9154,98.2969,85.38,0.4278,Waxing Gibbous,True
2025-10-14,05:09:00,0.0366,Astronomical Twilight,-17.5053,95.8442,57.7483,58.7609,98.3055,85.39,0.4278,Waxing Gibbous,True
2025-10-14,05:10:00,0.0369,Astronomical Twilight,-17.2599,95.8772,57.9553,58.6039,98.3141,85.39,0.4277,Waxing Gibbous,True
2025-10-14,05:11:00,0.0372,Astronomical Twilight,-17.0145,95.9102,58.162,58.4445,98.3227,85.4,0.4276,Waxing Gibbous,True
2025-10-14,05:12:00,0.0375,Astronomical Twilight,-16.7691,95.9433,58.3683,58.2825,98.3313,85.4,0.4276,Waxing Gibbous,True
2025-10-14,05:13:00,0.0378,Astronomical Twilight,-16.5238,95.9765,58.5743,58.1178,98.3399,85.41,0.4275,Waxing Gibbous,True
2025-10-14,05:14:00,0.0382,Astronomical Twilight,-16.2784,96.0097,58.7799,57.9506,98.3485,85.41,0.4274,Waxing Gibbous,True
2025-10-14,05:15:00,0.0385,Astronomical Twilight,-16.0331,96.0431,58.9852,57.7806,98.3571,85.42,0.4273,Waxing Gibbous,True
2025-10-14,05:16:00,0.0388,Astronomical Twilight,-15.7878,96.0765,59.1901,57.608,98.3657,85.42,0.4273,Waxing Gibbous,True
2025-10-14,05:17:00,0.0391,Astronomical Twilight,-15.5425,96.11,59.3946,57.4325,98.3743,85.43,0.4272,Waxing Gibbous,True
2025-10-14,05:18:00,0.0394,Astronomical Twilight,-15.2972,96.1435,59.5987,57.2542,98.3829,85.43,0.4271,Waxing Gibbous,True
2025-10-14,05:19:00,0.0397,Astronomical Twilight,-15.052,96.1772,59.8025,57.073,98.3915,85.44,0.427,Waxing Gibbous,True
2025-10-14,05:20:00,0.04,Astronomical Twilight,-14.8067,96.2109,60.0058,56.8889,98.4001,85.44,0.427,Waxing Gibbous,True
2025-10-14,05:21:00,0.0403,Astronomical Twilight,-14.5615,96.2448,60.2088,56.7018,98.4087,85.45,0.4269,Waxing Gibbous,True
2025-10-14,05:22:00,0.0406,Astronomical Twilight,-14.3163,96.2787,60.4113,56.5117,98.4174,85.46,0.4268,Waxing Gibbous,True
2025-10-14,05:23:00,0.0409,Astronomical Twilight,-14.0711,96.3127,60.6134,56.3184,98.426,85.46,0.4267,Waxing Gibbous,True
2025-10-14,05:24:00,0.0412,Astronomical Twilight,-13.8259,96.3467,60.8151,56.122,98.4346,85.47,0.4267,Waxing Gibbous,True
2025-10-14,05:25:00,0.0415,Astronomical Twilight,-13.5807,96.3809,61.0163,55.9224,98.4432,85.47,0.4266,Waxing Gibbous,True
2025-10-14,05:26:00,0.0419,Astronomical Twilight,-13.3356,96.4152,61.217,55.7195,98.4518,85.48,0.4265,Waxing Gibbous,True
2025-10-14,05:27:00,0.0422,Astronomical Twilight,-13.0904,96.4495,61.4173,55.5133,98.4604,85.48,0.4264,Waxing Gibbous,True
2025-10-14,05:28:00,0.0425,Astronomical Twilight,-12.8453,96.484,61.6171,55.3037,98.469,85.49,0.4264,Waxing Gibbous,True
2025-10-14,05:29:00,0.0428,Astronomical Twilight,-12.6002,96.5185,61.8164,55.0906,98.4776,85.49,0.4263,Waxing Gibbous,True
2025-10-14,05:30:00,0.0431,Astronomical Twilight,-12.3551,96.5531,62.0153,54.8741,98.4862,85.5,0.4262,Waxing Gibbous,True
2025-10-14,05:31:00,0.0434,Astronomical Twilight,-12.1101,96.5878,62.2136,54.6539,98.4948,85.5,0.4261,Waxing Gibbous,True
2025-10-14,05:32:00,0.051,Nautical Twilight,-11.865,96.6226,62.4113,54.43,98.5034,85.51,0.4261,Waxing Gibbous,True
2025-10-14,05:33:00,0.0756,Nautical Twilight,-11.62,96.6575,62.6086,54.2025,98.512,85.51,0.426,Waxing Gibbous,True
2025-10-14,05:34:00,0.1001,Nautical Twilight,-11.375,96.6925,62.8053,53.9711,98.5206,85.52,0.4259,Waxing Gibbous,True
2025-10-14,05:35:00,0.1247,Nautical Twilight,-11.13,96.7276,63.0014,53.7359,98.5292,85.53,0.4258,Waxing Gibbous,True
2025-10-14,05:36:00,0.1492,Nautical Twilight,-10.885,96.7628,63.197,53.4968,98.5378,85.53,0.4258,Waxing Gibbous,False
2025-10-14,05:37:00,0.1738,Nautical Twilight,-10.64,96.7981,63.392,53.2536,98.5464,85.54,0.4257,Waxing Gibbous,False
2025-10-14,05:38:00,0.1983,Nautical Twilight,-10.3951,96.8335,63.5864,53.0064,98.555,85.54,0.4256,Waxing Gibbous,False
2025-10-14,05:39:00,0.2229,Nautical Twilight,-10.1501,96.869,63.7802,52.755,98.5636,85.55,0.4255,Waxing Gibbous,False
2025-10-14,05:40:00,0.2474,Nautical Twilight,-9.9052,96.9046,63.9733,52.4993,98.5722,85.55,0.4255,Waxing Gibbous,False
2025-10-14,05:41:00,0.272,Nautical Twilight,-9.6603,96.9403,64.1658,52.2394,98.5808,85.56,0.4254,Waxing Gibbous,False
2025-10-14,05:42:00,0.2965,Nautical Twilight,-9.4155,96.9761,64.3576,51.975,98.5894,85.56,0.4253,Waxing Gibbous,False
2025-10-14,05:43:00,0.321,Nautical Twilight,-9.1706,97.0121,64.5488,51.7061,98.598,85.57,0.4252,Waxing Gibbous,False
2025-10-14,05:44:00,0.3456,Nautical Twilight,-8.9258,97.0481,64.7393,51.4327,98.6066,85.57,0.4252,Waxing Gibbous,False
2025-10-14,05:45:00,0.3701,Nautical Twilight,-8.681,97.0842,64.9291,51.1546,98.6152,85.58,0.4251,Waxing Gibbous,False
2025-10-14,05:46:00,0.3946,Nautical Twilight,-8.4362,97.1204,65.1181,50.8718,98.6238,85.58,0.425,Waxing Gibbous,False
2025-10-14,05:47:00,0.4191,Nautical Twilight,-8.1914,97.1568,65.3064,50.5841,98.6324,85.59,0.425,Waxing Gibbous,False
2025-10-14,05:48:00,0.4437,Nautical Twilight,-7.9467,97.1933,65.494,50.2915,98.641,85.6,0.4249,Waxing Gibbous,False
2025-10-14,05:49:00,0.4682,Nautical Twilight,-7.7019,97.2298,65.6808,49.9939,98.6496,85.6,0.4248,Waxing Gibbous,False
2025-10-14,05:50:00,0.4927,Nautical Twilight,-7.4572,97.2665,65.8667,49.6912,98.6582,85.61,0.4247,Waxing Gibbous,False
2025-10-14,05:51:00,0.5172,Nautical Twilight,-7.2125,97.3033,66.0519,49.3833,98.6668,85.61,0.4247,Waxing Gibbous,False
2025-10-14,05:52:00,0.5417,Nautical Twilight,-6.9678,97.3402,66.2363,49.0701,98.6753,85.62,0.4246,Waxing Gibbous,False
2025-10-14,05:53:00,0.5662,Nautical Twilight,-6.7232,97.3773,66.4197,48.7514,98.6839,85.62,0.4245,Waxing Gibbous,False
2025-10-14,05:54:00,0.5907,Nautical Twilight,-6.4785,97.4144,66.6024,48.4273,98.6925,85.63,0.4244,Waxing Gibbous,False
2025-10-14,05:55:00,0.6152,Nautical Twilight,-6.2339,97.4517,66.7841,48.0975,98.7011,85.63,0.4244,Waxing Gibbous,False
2025-10-14,05:56:00,0.0749,Civil Twilight,-5.9893,97.4891,66.9649,47.7621,98.7097,85.64,0.4243,Waxing Gibbous,True
2025-10-14,05:57:00,0.9065,Civil Twilight,-5.7448,97.5266,67.1447,47.4208,98.7183,85.64,0.4242,Waxing Gibbous,False
2025-10-14,05:58:00,1.738,Civil Twilight,-5.5002,97.5643,67.3236,47.0736,98.7269,85.65,0.4241,Waxing Gibbous,False
2025-10-14,05:59:00,2.5694,Civil Twilight,-5.2557,97.602,67.5016,46.7204,98.7355,85.65,0.4241,Waxing Gibbous,False
2025-10-14,06:00:00,3.4008,Civil Twilight,-5.0112,97.6399,67.6785,46.3611,98.7441,85.66,0.424,Waxing Gibbous,False
2025-10-14,06:01:00,4.232,Civil Twilight,-4.7667,97.6779,67.8543,45.9954,98.7527,85.66,0.4239,Waxing Gibbous,False
2025-10-14,06:02:00,5.0633,Civil Twilight,-4.5222,97.7161,68.0291,45.6235,98.7613,85.67,0.4238,Waxing Gibbous,False
2025-10-14,06:03:00,5.8944,Civil Twilight,-4.2778,97.7544,68.2029,45.245,98.7699,85.68,0.4238,Waxing Gibbous,False
2025-10-14,06:04:00,6.7254,Civil Twilight,-4.0334,97.7928,68.3755,44.86,98.7785,85.68,0.4237,Waxing Gibbous,False
2025-10-14,06:05:00,7.5564,Civil Twilight,-3.789,97.8313,68.5469,44.4683,98.7871,85.69,0.4236,Waxing Gibbous,False
2025-10-14,06:06:00,8.3873,Civil Twilight,-3.5446,97.87,68.7173,44.0698,98.7957,85.69,0.4235,Waxing Gibbous,False
2025-10-14,06:07:00,9.2181,Civil Twilight,-3.3003,97.9088,68.8864,43.6643,98.8043,85.7,0.4235,Waxing Gibbous,False
2025-10-14,06:08:00,10.0489,Civil Twilight,-3.0559,97.9477,69.0542,43.2518,98.8129,85.7,0.4234,Waxing Gibbous,False
2025-10-14,06:09:00,10.8795,Civil Twilight,-2.8116,97.9868,69.2209,42.8321,98.8215,85.71,0.4233,Waxing Gibbous,False
2025-10-14,06:10:00,11.7101,Civil Twilight,-2.5674,98.026,69.3862,42.4051,98.8301,85.71,0.4232,Waxing Gibbous,False
2025-10-14,06:11:00,12.5406,Civil Twilight,-2.3231,98.0654,69.5502,41.9708,98.8387,85.72,0.4232,Waxing Gibbous,False
2025-10-14,06:12:00,13.371,Civil Twilight,-2.0789,98.1048,69.7129,41.5289,98.8473,85.72,0.4231,Waxing Gibbous,False
2025-10-14,06:13:00,14.2014,Civil Twilight,-1.8347,98.1445,69.8741,41.0793,98.8559,85.73,0.423,Waxing Gibbous,False
2025-10-14,06:14:00,15.0316,Civil Twilight,-1.5905,98.1843,70.034,40.6221,98.8645,85.73,0.423,Waxing Gibbous,False
2025-10-14,06:15:00,15.8618,Civil Twilight,-1.3463,98.2242,70.1924,40.1569,98.873,85.74,0.4229,Waxing Gibbous,False
2025-10-14,06:16:00,16.6919,Civil Twilight,-1.1022,98.2643,70.3493,39.6838,98.8816,85.74,0.4228,Waxing Gibbous,False
2025-10-14,06:17:00,17.5219,Civil Twilight,-0.8581,98.3045,70.5047,39.2026,98.8902,85.75,0.4227,Waxing Gibbous,False
2025-10-14,06:18:00,18.3518,Civil Twilight,-0.614,98.3448,70.6585,38.7132,98.8988,85.76,0.4227,Waxing Gibbous,False
2025-10-14,06:19:00,19.1816,Civil Twilight,-0.3699,98.3854,70.8107,38.2154,98.9074,85.76,0.4226,Waxing Gibbous,False
2025-10-14,06:20:00,20.0113,Civil Twilight,-0.1259,98.426,70.9613,37.7092,98.916,85.77,0.4225,Waxing Gibbous,False
2025-10-14,06:21:00,774.6466,Daylit,0.1181,98.4669,71.1102,37.1945,98.9246,85.77,0.4224,Waxing Gibbous,False
2025-10-14,06:22:00,1969.5331,Daylit,0.3621,98.5078,71.2573,36.6712,98.9332,85.78,0.4224,Waxing Gibbous,False
2025-10-14,06:23:00,3024.7308,Daylit,0.606,98.549,71.4027,36.1391,98.9418,85.78,0.4223,Waxing Gibbous,False
2025-10-14,06:24:00,4009.0943,Daylit,0.85,98.5903,71.5463,35.5981,98.9504,85.79,0.4222,Waxing Gibbous,False
2025-10-14,06:25:00,4946.544,Daylit,1.0939,98.6317,71.6881,35.0483,98.959,85.79,0.4221,Waxing Gibbous,False
2025-10-14,06:26:00,5849.2529,Daylit,1.3378,98.6733,71.8279,34.4894,98.9676,85.8,0.4221,Waxing Gibbous,False
2025-10-14,06:27:00,6724.5527,Daylit,1.5816,98.7151,71.9658,33.9214,98.9762,85.8,0.422,Waxing Gibbous,False
2025-10-14,06:28:00,7577.3185,Daylit,1.8254,98.7571,72.1017,33.3442,98.9848,85.81,0.4219,Waxing Gibbous,False
2025-10-14,06:29:00,8411.0122,Daylit,2.0692,98.7992,72.2356,32.7578,98.9933,85.81,0.4218,Waxing Gibbous,False
2025-10-14,06:30:00,9228.2107,Daylit,2.313,98.8415,72.3675,32.1621,99.0019,85.82,0.4218,Waxing Gibbous,False
