date,time,illuminance_lux,light_regime,sun_altitude_deg,sun_azimuth_deg,moon_altitude_deg,moon_azimuth_deg,phase_angle_deg,pct_darkness,moon_phase_fraction,moon_phase_name,datetime
2018-09-27,17:00:00,53318.2587,Daylit,19.3564,264.66,-49.2657,64.0547,33.6645,27.72,0.9161,Waning Crescent,
2018-09-27,17:01:00,52775.0576,Daylit,19.1107,264.7082,-49.0522,64.2079,33.6729,27.73,0.9161,Waning Crescent,
2018-09-27,17:02:00,52229.8807,Daylit,18.8649,264.7563,-48.8386,64.3595,33.6812,27.74,0.9161,Waning Crescent,
2018-09-27,17:03:00,51682.7167,Daylit,18.6191,264.8042,-48.6246,64.5096,33.6896,27.75,0.916,Waning Crescent,
2018-09-27,17:04:00,51133.5536,Daylit,18.3733,264.852,-48.4104,64.6582,33.698,27.75,0.916,Waning Crescent,
2018-09-27,17:05:00,50582.3788,Daylit,18.1275,264.8995,-48.1959,64.8054,33.7063,27.76,0.9159,Waning Crescent,
2018-09-27,17:06:00,50029.1795,Daylit,17.8817,264.9469,-47.9811,64.9511,33.7147,27.77,0.9159,Waning Crescent,
2018-09-27,17:07:00,49473.9418,Daylit,17.6359,264.9942,-47.7661,65.0954,33.7231,27.78,0.9159,Waning Crescent,
2018-09-27,17:08:00,48916.6517,Daylit,17.39,265.0412,-47.5509,65.2383,33.7314,27.78,0.9158,Waning Crescent,
2018-09-27,17:09:00,48357.2942,Daylit,17.1441,265.0881,-47.3354,65.3799,33.7398,27.79,0.9158,Waning Crescent,
2018-09-27,17:10:00,47795.8538,Daylit,16.8982,265.1349,-47.1197,65.52,33.7481,27.8,0.9157,Waning Crescent,
2018-09-27,17:11:00,47232.3141,Daylit,16.6523,265.1814,-46.9037,65.6589,33.7565,27.8,0.9157,Waning Crescent,
2018-09-27,17:12:00,46666.6583,Daylit,16.4064,265.2279,-46.6875,65.7964,33.7649,27.81,0.9157,Waning Crescent,
2018-09-27,17:13:00,46098.8684,Daylit,16.1604,265.2741,-46.471,65.9326,33.7732,27.82,0.9156,Waning Crescent,
2018-09-27,17:14:00,45528.9259,Daylit,15.9144,265.3202,-46.2543,66.0675,33.7816,27.83,0.9156,Waning Crescent,
2018-09-27,17:15:00,44956.8113,Daylit,15.6685,265.3662,-46.0374,66.2012,33.79,27.83,0.9155,Waning Crescent,
2018-09-27,17:16:00,44382.5043,Daylit,15.4225,265.412,-45.8203,66.3336,33.7983,27.84,0.9155,Waning Crescent,
2018-09-27,17:17:00,43805.9835,Daylit,15.1765,265.4577,-45.603,66.4647,33.8067,27.85,0.9155,Waning Crescent,
2018-09-27,17:18:00,43227.2266,Daylit,14.9304,265.5032,-45.3854,66.5947,33.8151,27.86,0.9154,Waning Crescent,
2018-09-27,17:19:00,42646.2102,Daylit,14.6844,265.5486,-45.1676,66.7234,33.8234,27.86,0.9154,Waning Crescent,
2018-09-27,17:20:00,42062.9099,Daylit,14.4383,265.5939,-44.9496,66.851,33.8318,27.87,0.9153,Waning Crescent,
2018-09-27,17:21:00,41477.3,Daylit,14.1923,265.639,-44.7314,66.9774,33.8402,27.88,0.9153,Waning Crescent,
2018-09-27,17:22:00,40889.3536,Daylit,13.9462,265.684,-44.513,67.1026,33.8486,27.89,0.9153,Waning Crescent,
2018-09-27,17:23:00,40299.0425,Daylit,13.7001,265.7288,-44.2944,67.2267,33.8569,27.89,0.9152,Waning Crescent,
2018-09-27,17:24:00,39706.3372,Daylit,13.4539,265.7735,-44.0756,67.3497,33.8653,27.9,0.9152,Waning Crescent,
2018-09-27,17:25:00,39111.2065,Daylit,13.2078,265.8181,-43.8566,67.4716,33.8737,27.91,0.9151,Waning Crescent,
2018-09-27,17:26:00,38513.6179,Daylit,12.9617,265.8626,-43.6373,67.5924,33.882,27.92,0.9151,Waning Crescent,
2018-09-27,17:27:00,37913.5372,Daylit,12.7155,265.9069,-43.4179,67.7121,33.8904,27.92,0.9151,Waning Crescent,
2018-09-27,17:28:00,37310.9282,Daylit,12.4693,265.9511,-43.1984,67.8307,33.8988,27.93,0.915,Waning Crescent,
2018-09-27,17:29:00,36705.7532,Daylit,12.2232,265.9952,-42.9786,67.9483,33.9071,27.94,0.915,Waning Crescent,
2018-09-27,17:30:00,36097.9723,Daylit,11.977,266.0392,-42.7586,68.0649,33.9155,27.95,0.9149,Waning Crescent,
2018-09-27,17:31:00,35487.5435,Daylit,11.7307,266.0831,-42.5385,68.1804,33.9239,27.95,0.9149,Waning Crescent,
2018-09-27,17:32:00,34874.4226,Daylit,11.4845,266.1268,-42.3181,68.2949,33.9322,27.96,0.9148,Waning Crescent,
2018-09-27,17:33:00,34258.5629,Daylit,11.2383,266.1705,-42.0976,68.4084,33.9406,27.97,0.9148,Waning Crescent,
2018-09-27,17:34:00,33639.9152,Daylit,10.992,266.214,-41.877,68.521,33.949,27.98,0.9148,Waning Crescent,
2018-09-27,17:35:00,33018.4275,Daylit,10.7458,266.2574,-41.6561,68.6326,33.9573,27.98,0.9147,Waning Crescent,
2018-09-27,17:36:00,32394.0448,Daylit,10.4995,266.3007,-41.4351,68.7432,33.9657,27.99,0.9147,Waning Crescent,
2018-09-27,17:37:00,31766.7089,Daylit,10.2532,266.3439,-41.2139,68.8528,33.9741,28.0,0.9146,Waning Crescent,
2018-09-27,17:38:00,31136.3583,Daylit,10.0069,266.387,-40.9925,68.9616,33.9825,28.01,0.9146,Waning Crescent,
2018-09-27,17:39:00,30502.9275,Daylit,9.7606,266.43,-40.771,69.0694,33.9908,28.01,0.9146,Waning Crescent,
2018-09-27,17:40:00,29866.3473,Daylit,9.5143,266.4729,-40.5493,69.1763,33.9992,28.02,0.9145,Waning Crescent,
2018-09-27,17:41:00,29226.5439,Daylit,9.268,266.5157,-40.3275,69.2823,34.0076,28.03,0.9145,Waning Crescent,
2018-09-27,17:42:00,28583.4388,Daylit,9.0216,266.5584,-40.1054,69.3874,34.0159,28.04,0.9144,Waning Crescent,
2018-09-27,17:43:00,27936.9486,Daylit,8.7753,266.601,-39.8833,69.4916,34.0243,28.04,0.9144,Waning Crescent,
2018-09-27,17:44:00,27286.984,Daylit,8.5289,266.6435,-39.6609,69.595,34.0327,28.05,0.9144,Waning Crescent,
2018-09-27,17:45:00,26633.4499,Daylit,8.2825,266.686,-39.4385,69.6975,34.041,28.06,0.9143,Waning Crescent,
2018-09-27,17:46:00,25976.2442,Daylit,8.0361,266.7283,-39.2158,69.7991,34.0494,28.07,0.9143,Waning Crescent,
2018-09-27,17:47:00,25315.2577,Daylit,7.7897,266.7706,-38.9931,69.9,34.0578,28.07,0.9142,Waning Crescent,
2018-09-27,17:48:00,24650.3731,Daylit,7.5433,266.8127,-38.7701,70.0,34.0662,28.08,0.9142,Waning Crescent,
2018-09-27,17:49:00,23981.4638,Daylit,7.2969,266.8548,-38.5471,70.0992,34.0745,28.09,0.9142,Waning Crescent,
2018-09-27,17:50:00,23308.3939,Daylit,7.0505,266.8968,-38.3238,70.1976,34.0829,28.09,0.9141,Waning Crescent,
2018-09-27,17:51:00,22631.0161,Daylit,6.8041,266.9387,-38.1005,70.2952,34.0913,28.1,0.9141,Waning Crescent,
2018-09-27,17:52:00,21949.1708,Daylit,6.5576,266.9806,-37.877,70.392,34.0996,28.11,0.914,Waning Crescent,
2018-09-27,17:53:00,21262.685,Daylit,6.3112,267.0223,-37.6533,70.488,34.108,28.12,0.914,Waning Crescent,
2018-09-27,17:54:00,20571.3698,Daylit,6.0647,267.064,-37.4296,70.5833,34.1164,28.12,0.9139,Waning Crescent,
2018-09-27,17:55:00,19875.0193,Daylit,5.8182,267.1056,-37.2056,70.6778,34.1248,28.13,0.9139,Waning Crescent,
2018-09-27,17:56:00,19173.4075,Daylit,5.5717,267.1472,-36.9816,70.7715,34.1331,28.14,0.9139,Waning Crescent,
2018-09-27,17:57:00,18466.2858,Daylit,5.3253,267.1887,-36.7574,70.8646,34.1415,28.15,0.9138,Waning Crescent,
2018-09-27,17:58:00,17753.3797,Daylit,5.0788,267.2301,-36.5331,70.9569,34.1499,28.15,0.9138,Waning Crescent,
2018-09-27,17:59:00,17034.3848,Daylit,4.8323,267.2714,-36.3086,71.0485,34.1582,28.16,0.9137,Waning Crescent,
2018-09-27,18:00:00,16308.9617,Daylit,4.5857,267.3127,-36.0841,71.1393,34.1666,28.17,0.9137,Waning Crescent,
2018-09-27,18:01:00,15576.7303,Daylit,4.3392,267.3539,-35.8593,71.2295,34.175,28.18,0.9137,Waning Crescent,
2018-09-27,18:02:00,14837.2622,Daylit,4.0927,267.395,-35.6345,71.3189,34.1834,28.18,0.9136,Waning Crescent,
2018-09-27,18:03:00,14090.0713,Daylit,3.8461,267.4361,-35.4096,71.4077,34.1917,28.19,0.9136,Waning Crescent,
2018-09-27,18:04:00,13334.6026,Daylit,3.5996,267.4771,-35.1845,71.4958,34.2001,28.2,0.9135,Waning Crescent,
2018-09-27,18:05:00,12570.2162,Daylit,3.353,267.5181,-34.9593,71.5833,34.2085,28.21,0.9135,Waning Crescent,
2018-09-27,18:06:00,11796.168,Daylit,3.1065,267.559,-34.734,71.67,34.2169,28.21,0.9135,Waning Crescent,
2018-09-27,18:07:00,11011.583,Daylit,2.8599,267.5998,-34.5085,71.7561,34.2252,28.22,0.9134,Waning Crescent,
2018-09-27,18:08:00,10215.4191,Daylit,2.6133,267.6406,-34.283,71.8416,34.2336,28.23,0.9134,Waning Crescent,
2018-09-27,18:09:00,9406.4163,Daylit,2.3667,267.6814,-34.0573,71.9264,34.242,28.24,0.9133,Waning Crescent,
2018-09-27,18:10:00,8583.0243,Daylit,2.1202,267.7221,-33.8315,72.0106,34.2504,28.24,0.9133,Waning Crescent,
2018-09-27,18:11:00,7743.2927,Daylit,1.8736,267.7627,-33.6056,72.0942,34.2587,28.25,0.9133,Waning Crescent,
2018-09-27,18:12:00,6884.7016,Daylit,1.627,267.8033,-33.3796,72.1771,34.2671,28.26,0.9132,Waning Crescent,
2018-09-27,18:13:00,6003.8806,Daylit,1.3803,267.8439,-33.1534,72.2594,34.2755,28.27,0.9132,Waning Crescent,
2018-09-27,18:14:00,5096.1117,Daylit,1.1337,267.8844,-32.9272,72.3411,34.2838,28.27,0.9131,Waning Crescent,
2018-09-27,18:15:00,4154.3608,Daylit,0.8871,267.9249,-32.7008,72.4223,34.2922,28.28,0.9131,Waning Crescent,
2018-09-27,18:16:00,3167.1059,Daylit,0.6405,267.9653,-32.4744,72.5028,34.3006,28.29,0.913,Waning Crescent,
2018-09-27,18:17:00,2112.2611,Daylit,0.3938,268.0057,-32.2478,72.5827,34.309,28.3,0.913,Waning Crescent,
2018-09-27,18:18:00,930.4494,Daylit,0.1472,268.046,-32.0211,72.6621,34.3173,28.3,0.913,Waning Crescent,
2018-09-27,18:19:00,20.0618,Civil Twilight,-0.0995,268.0863,-31.7943,72.7409,34.3257,28.31,0.9129,Waning Crescent,
2018-09-27,18:20:00,19.2232,Civil Twilight,-0.3461,268.1266,-31.5674,72.8191,34.3341,28.32,0.9129,Waning Crescent,
2018-09-27,18:21:00,18.3846,Civil Twilight,-0.5928,268.1669,-31.3404,72.8968,34.3425,28.33,0.9128,Waning Crescent,
2018-09-27,18:22:00,17.5459,Civil Twilight,-0.8394,268.2071,-31.1134,72.9739,34.3508,28.33,0.9128,Waning Crescent,
2018-09-27,18:23:00,16.7072,Civil Twilight,-1.0861,268.2473,-30.8862,73.0505,34.3592,28.34,0.9128,Waning Crescent,
2018-09-27,18:24:00,15.8685,Civil Twilight,-1.3328,268.2874,-30.6589,73.1265,34.3676,28.35,0.9127,Waning Crescent,
2018-09-27,18:25:00,15.0298,Civil Twilight,-1.5795,268.3275,-30.4315,73.202,34.376,28.36,0.9127,Waning Crescent,
2018-09-27,18:26:00,14.1911,Civil Twilight,-1.8262,268.3676,-30.204,73.277,34.3844,28.36,0.9126,Waning Crescent,
2018-09-27,18:27:00,13.3523,Civil Twilight,-2.0728,268.4077,-29.9764,73.3514,34.3927,28.37,0.9126,Waning Crescent,
2018-09-27,18:28:00,12.5136,Civil Twilight,-2.3195,268.4477,-29.7487,73.4253,34.4011,28.38,0.9126,Waning Crescent,
2018-09-27,18:29:00,11.6748,Civil Twilight,-2.5662,268.4878,-29.5209,73.4987,34.4095,28.39,0.9125,Waning Crescent,
2018-09-27,18:30:00,10.836,Civil Twilight,-2.8129,268.5278,-29.293,73.5716,34.4179,28.39,0.9125,Waning Crescent,
2018-09-27,18:31:00,9.9972,Civil Twilight,-3.0597,268.5678,-29.0651,73.644,34.4262,28.4,0.9124,Waning Crescent,
2018-09-27,18:32:00,9.1584,Civil Twilight,-3.3064,268.6077,-28.837,73.7159,34.4346,28.41,0.9124,Waning Crescent,
2018-09-27,18:33:00,8.3195,Civil Twilight,-3.5531,268.6477,-28.6088,73.7873,34.443,28.42,0.9123,Waning Crescent,
2018-09-27,18:34:00,7.4807,Civil Twilight,-3.7998,268.6876,-28.3806,73.8583,34.4514,28.42,0.9123,Waning Crescent,
2018-09-27,18:35:00,6.6418,Civil Twilight,-4.0465,268.7276,-28.1522,73.9287,34.4597,28.43,0.9123,Waning Crescent,
2018-09-27,18:36:00,5.8029,Civil Twilight,-4.2933,268.7675,-27.9238,73.9987,34.4681,28.44,0.9122,Waning Crescent,
2018-09-27,18:37:00,4.964,Civil Twilight,-4.54,268.8074,-27.6953,74.0682,34.4765,28.45,0.9122,Waning Crescent,
2018-09-27,18:38:00,4.1251,Civil Twilight,-4.7867,268.8473,-27.4667,74.1372,34.4849,28.45,0.9121,Waning Crescent,
2018-09-27,18:39:00,3.2862,Civil Twilight,-5.0335,268.8872,-27.238,74.2058,34.4933,28.46,0.9121,Waning Crescent,
2018-09-27,18:40:00,2.4473,Civil Twilight,-5.2802,268.9271,-27.0092,74.2739,34.5016,28.47,0.9121,Waning Crescent,
2018-09-27,18:41:00,1.6083,Civil Twilight,-5.527,268.9669,-26.7804,74.3416,34.51,28.48,0.912,Waning Crescent,
2018-09-27,18:42:00,0.7694,Civil Twilight,-5.7737,269.0068,-26.5514,74.4088,34.5184,28.48,0.912,Waning Crescent,
2018-09-27,18:43:00,0.598,Nautical Twilight,-6.0205,269.0467,-26.3224,74.4755,34.5268,28.49,0.9119,Waning Crescent,
2018-09-27,18:44:00,0.5733,Nautical Twilight,-6.2672,269.0866,-26.0933,74.5419,34.5351,28.5,0.9119,Waning Crescent,
2018-09-27,18:45:00,0.5486,Nautical Twilight,-6.514,269.1264,-25.8641,74.6078,34.5435,28.51,0.9118,Waning Crescent,
2018-09-27,18:46:00,0.5239,Nautical Twilight,-6.7607,269.1663,-25.6348,74.6732,34.5519,28.51,0.9118,Waning Crescent,
2018-09-27,18:47:00,0.4993,Nautical Twilight,-7.0075,269.2062,-25.4054,74.7383,34.5603,28.52,0.9118,Waning Crescent,
2018-09-27,18:48:00,0.4746,Nautical Twilight,-7.2543,269.2461,-25.176,74.8029,34.5687,28.53,0.9117,Waning Crescent,
2018-09-27,18:49:00,0.4499,Nautical Twilight,-7.501,269.286,-24.9464,74.8671,34.577,28.54,0.9117,Waning Crescent,
2018-09-27,18:50:00,0.4252,Nautical Twilight,-7.7478,269.3259,-24.7168,74.9309,34.5854,28.54,0.9116,Waning Crescent,
2018-09-27,18:51:00,0.4005,Nautical Twilight,-7.9946,269.3658,-24.4872,74.9943,34.5938,28.55,0.9116,Waning Crescent,
2018-09-27,18:52:00,0.3759,Nautical Twilight,-8.2413,269.4057,-24.2574,75.0573,34.6022,28.56,0.9116,Waning Crescent,
2018-09-27,18:53:00,0.3512,Nautical Twilight,-8.4881,269.4457,-24.0276,75.1199,34.6105,28.57,0.9115,Waning Crescent,
2018-09-27,18:54:00,0.3265,Nautical Twilight,-8.7349,269.4856,-23.7976,75.1821,34.6189,28.57,0.9115,Waning Crescent,
2018-09-27,18:55:00,0.3018,Nautical Twilight,-8.9817,269.5256,-23.5676,75.2439,34.6273,28.58,0.9114,Waning Crescent,
2018-09-27,18:56:00,0.2772,Nautical Twilight,-9.2284,269.5656,-23.3376,75.3053,34.6357,28.59,0.9114,Waning Crescent,
2018-09-27,18:57:00,0.2525,Nautical Twilight,-9.4752,269.6056,-23.1074,75.3663,34.6441,28.6,0.9113,Waning Crescent,
2018-09-27,18:58:00,0.2278,Nautical Twilight,-9.722,269.6456,-22.8772,75.427,34.6524,28.6,0.9113,Waning Crescent,
2018-09-27,18:59:00,0.2031,Nautical Twilight,-9.9688,269.6857,-22.6469,75.4872,34.6608,28.61,0.9113,Waning Crescent,
2018-09-27,19:00:00,0.1784,Nautical Twilight,-10.2156,269.7258,-22.4166,75.5471,34.6692,28.62,0.9112,Waning Crescent,
2018-09-27,19:01:00,0.1538,Nautical Twilight,-10.4623,269.7659,-22.1861,75.6067,34.6776,28.63,0.9112,Waning Crescent,
2018-09-27,19:02:00,0.1291,Nautical Twilight,-10.7091,269.806,-21.9556,75.6658,34.686,28.63,0.9111,Waning Crescent,
2018-09-27,19:03:00,0.1044,Nautical Twilight,-10.9559,269.8462,-21.7251,75.7246,34.6944,28.64,0.9111,Waning Crescent,
2018-09-27,19:04:00,0.0797,Nautical Twilight,-11.2027,269.8864,-21.4944,75.7831,34.7027,28.65,0.9111,Waning Crescent,
2018-09-27,19:05:00,0.0551,Nautical Twilight,-11.4495,269.9266,-21.2637,75.8412,34.7111,28.66,0.911,Waning Crescent,
2018-09-27,19:06:00,0.0304,Nautical Twilight,-11.6963,269.9669,-21.0329,75.8989,34.7195,28.66,0.911,Waning Crescent,
2018-09-27,19:07:00,0.0057,Nautical Twilight,-11.9431,270.0071,-20.8021,75.9563,34.7279,28.67,0.9109,Waning Crescent,
2018-09-27,19:08:00,0.0058,Astronomical Twilight,-12.1898,270.0475,-20.5711,76.0133,34.7363,28.68,0.9109,Waning Crescent,
2018-09-27,19:09:00,0.0056,Astronomical Twilight,-12.4366,270.0878,-20.3401,76.07,34.7446,28.69,0.9109,Waning Crescent,
2018-09-27,19:10:00,0.0053,Astronomical Twilight,-12.6834,270.1282,-20.1091,76.1264,34.753,28.69,0.9108,Waning Crescent,
2018-09-27,19:11:00,0.0051,Astronomical Twilight,-12.9302,270.1687,-19.8779,76.1824,34.7614,28.7,0.9108,Waning Crescent,
2018-09-27,19:12:00,0.0048,Astronomical Twilight,-13.177,270.2092,-19.6468,76.2381,34.7698,28.71,0.9107,Waning Crescent,
2018-09-27,19:13:00,0.0046,Astronomical Twilight,-13.4238,270.2497,-19.4155,76.2934,34.7782,28.72,0.9107,Waning Crescent,
2018-09-27,19:14:00,0.0043,Astronomical Twilight,-13.6706,270.2903,-19.1842,76.3485,34.7865,28.72,0.9106,Waning Crescent,
2018-09-27,19:15:00,0.0041,Astronomical Twilight,-13.9173,270.3309,-18.9528,76.4032,34.7949,28.73,0.9106,Waning Crescent,
2018-09-27,19:16:00,0.0038,Astronomical Twilight,-14.1641,270.3716,-18.7213,76.4576,34.8033,28.74,0.9106,Waning Crescent,
2018-09-27,19:17:00,0.0036,Astronomical Twilight,-14.4109,270.4123,-18.4898,76.5116,34.8117,28.75,0.9105,Waning Crescent,
2018-09-27,19:18:00,0.0033,Astronomical Twilight,-14.6577,270.4531,-18.2582,76.5654,34.8201,28.75,0.9105,Waning Crescent,
2018-09-27,19:19:00,0.0031,Astronomical Twilight,-14.9045,270.494,-18.0266,76.6188,34.8285,28.76,0.9104,Waning Crescent,
2018-09-27,19:20:00,0.0028,Astronomical Twilight,-15.1512,270.5348,-17.7949,76.6719,34.8368,28.77,0.9104,Waning Crescent,
2018-09-27,19:21:00,0.0026,Astronomical Twilight,-15.398,270.5758,-17.5631,76.7248,34.8452,28.78,0.9103,Waning Crescent,
2018-09-27,19:22:00,0.0024,Astronomical Twilight,-15.6448,270.6168,-17.3313,76.7773,34.8536,28.78,0.9103,Waning Crescent,
2018-09-27,19:23:00,0.0021,Astronomical Twilight,-15.8915,270.6579,-17.0994,76.8295,34.862,28.79,0.9103,Waning Crescent,
2018-09-27,19:24:00,0.0019,Astronomical Twilight,-16.1383,270.699,-16.8674,76.8814,34.8704,28.8,0.9102,Waning Crescent,
2018-09-27,19:25:00,0.0016,Astronomical Twilight,-16.3851,270.7402,-16.6354,76.9331,34.8788,28.81,0.9102,Waning Crescent,
2018-09-27,19:26:00,0.0014,Astronomical Twilight,-16.6318,270.7815,-16.4033,76.9844,34.8871,28.81,0.9101,Waning Crescent,
2018-09-27,19:27:00,0.0011,Astronomical Twilight,-16.8786,270.8228,-16.1712,77.0355,34.8955,28.82,0.9101,Waning Crescent,
2018-09-27,19:28:00,0.0009,Astronomical Twilight,-17.1254,270.8642,-15.939,77.0862,34.9039,28.83,0.9101,Waning Crescent,
2018-09-27,19:29:00,0.0006,Astronomical Twilight,-17.3721,270.9057,-15.7067,77.1367,34.9123,28.84,0.91,Waning Crescent,
2018-09-27,19:30:00,0.0004,Astronomical Twilight,-17.6189,270.9473,-15.4744,77.1869,34.9207,28.84,0.91,Waning Crescent,
2018-09-27,19:31:00,0.0001,Astronomical Twilight,-17.8656,270.9889,-15.2421,77.2368,34.9291,28.85,0.9099,Waning Crescent,
2018-09-27,19:32:00,0.0,Moonless Night,-18.1124,271.0306,-15.0096,77.2864,34.9374,28.86,0.9099,Waning Crescent,
2018-09-27,19:33:00,0.0,Moonless Night,-18.3591,271.0724,-14.7771,77.3358,34.9458,28.87,0.9098,Waning Crescent,
2018-09-27,19:34:00,0.0,Moonless Night,-18.6059,271.1143,-14.5446,77.3848,34.9542,28.87,0.9098,Waning Crescent,
2018-09-27,19:35:00,0.0,Moonless Night,-18.8526,271.1562,-14.312,77.4337,34.9626,28.88,0.9098,Waning Crescent,
2018-09-27,19:36:00,0.0,Moonless Night,-19.0993,271.1982,-14.0794,77.4822,34.971,28.89,0.9097,Waning Crescent,
2018-09-27,19:37:00,0.0,Moonless Night,-19.346,271.2404,-13.8466,77.5305,34.9794,28.9,0.9097,Waning Crescent,
2018-09-27,19:38:00,0.0,Moonless Night,-19.5928,271.2826,-13.6139,77.5785,34.9878,28.9,0.9096,Waning Crescent,
2018-09-27,19:39:00,0.0,Moonless Night,-19.8395,271.3249,-13.3811,77.6262,34.9961,28.91,0.9096,Waning Crescent,
2018-09-27,19:40:00,0.0,Moonless Night,-20.0862,271.3673,-13.1482,77.6737,35.0045,28.92,0.9096,Waning Crescent,
2018-09-27,19:41:00,0.0,Moonless Night,-20.3329,271.4098,-12.9153,77.721,35.0129,28.93,0.9095,Waning Crescent,
2018-09-27,19:42:00,0.0,Moonless Night,-20.5796,271.4524,-12.6823,77.7679,35.0213,28.93,0.9095,Waning Crescent,
2018-09-27,19:43:00,0.0,Moonless Night,-20.8263,271.4951,-12.4492,77.8147,35.0297,28.94,0.9094,Waning Crescent,
2018-09-27,19:44:00,0.0,Moonless Night,-21.073,271.5378,-12.2161,77.8612,35.0381,28.95,0.9094,Waning Crescent,
2018-09-27,19:45:00,0.0,Moonless Night,-21.3197,271.5807,-11.983,77.9074,35.0465,28.96,0.9093,Waning Crescent,
2018-09-27,19:46:00,0.0,Moonless Night,-21.5664,271.6237,-11.7498,77.9534,35.0548,28.96,0.9093,Waning Crescent,
2018-09-27,19:47:00,0.0,Moonless Night,-21.8131,271.6668,-11.5166,77.9991,35.0632,28.97,0.9093,Waning Crescent,
2018-09-27,19:48:00,0.0,Moonless Night,-22.0598,271.7101,-11.2833,78.0446,35.0716,28.98,0.9092,Waning Crescent,
2018-09-27,19:49:00,0.0,Moonless Night,-22.3065,271.7534,-11.0499,78.0898,35.08,28.99,0.9092,Waning Crescent,
2018-09-27,19:50:00,0.0,Moonless Night,-22.5531,271.7968,-10.8165,78.1349,35.0884,28.99,0.9091,Waning Crescent,
2018-09-27,19:51:00,0.0,Moonless Night,-22.7998,271.8404,-10.583,78.1796,35.0968,29.0,0.9091,Waning Crescent,
2018-09-27,19:52:00,0.0,Moonless Night,-23.0464,271.8841,-10.3495,78.2242,35.1052,29.01,0.909,Waning Crescent,
2018-09-27,19:53:00,0.0,Moonless Night,-23.2931,271.9279,-10.116,78.2685,35.1135,29.02,0.909,Waning Crescent,
2018-09-27,19:54:00,0.0,Moonless Night,-23.5397,271.9718,-9.8824,78.3126,35.1219,29.02,0.909,Waning Crescent,
2018-09-27,19:55:00,0.0,Moonless Night,-23.7864,272.0158,-9.6487,78.3564,35.1303,29.03,0.9089,Waning Crescent,
2018-09-27,19:56:00,0.0,Moonless Night,-24.033,272.06,-9.415,78.4,35.1387,29.04,0.9089,Waning Crescent,
2018-09-27,19:57:00,0.0,Moonless Night,-24.2796,272.1043,-9.1813,78.4434,35.1471,29.05,0.9088,Waning Crescent,
2018-09-27,19:58:00,0.0,Moonless Night,-24.5262,272.1487,-8.9475,78.4866,35.1555,29.05,0.9088,Waning Crescent,
2018-09-27,19:59:00,0.0,Moonless Night,-24.7728,272.1933,-8.7136,78.5295,35.1639,29.06,0.9088,Waning Crescent,
2018-09-27,20:00:00,0.0,Moonless Night,-25.0194,272.238,-8.4797,78.5723,35.1723,29.07,0.9087,Waning Crescent,
2018-09-29,17:00:00,52635.4887,Daylit,19.0477,263.884,-61.4618,25.613,58.2331,51.27,0.7632,Waning Crescent,
2018-09-29,17:01:00,52090.5957,Daylit,18.8023,263.9333,-61.3578,26.0357,58.2418,51.28,0.7632,Waning Crescent,
2018-09-29,17:02:00,51543.7103,Daylit,18.5568,263.9824,-61.2523,26.4553,58.2504,51.29,0.7631,Waning Crescent,
2018-09-29,17:03:00,50994.8204,Daylit,18.3114,264.0312,-61.1453,26.8719,58.2591,51.29,0.763,Waning Crescent,
2018-09-29,17:04:00,50443.9135,Daylit,18.0659,264.0799,-61.0368,27.2853,58.2678,51.3,0.763,Waning Crescent,
2018-09-29,17:05:00,49890.9764,Daylit,17.8204,264.1284,-60.9267,27.6957,58.2765,51.31,0.7629,Waning Crescent,
2018-09-29,17:06:00,49335.9953,Daylit,17.5749,264.1768,-60.8152,28.1029,58.2852,51.32,0.7628,Waning Crescent,
2018-09-29,17:07:00,48778.956,Daylit,17.3294,264.2249,-60.7023,28.507,58.2939,51.33,0.7628,Waning Crescent,
2018-09-29,17:08:00,48219.8433,Daylit,17.0838,264.2729,-60.5879,28.908,58.3025,51.34,0.7627,Waning Crescent,
2018-09-29,17:09:00,47658.6417,Daylit,16.8383,264.3206,-60.472,29.3058,58.3112,51.35,0.7627,Waning Crescent,
2018-09-29,17:10:00,47095.3347,Daylit,16.5927,264.3682,-60.3548,29.7006,58.3199,51.35,0.7626,Waning Crescent,
2018-09-29,17:11:00,46529.9051,Daylit,16.347,264.4157,-60.2362,30.0922,58.3286,51.36,0.7625,Waning Crescent,
2018-09-29,17:12:00,45962.3349,Daylit,16.1014,264.4629,-60.1162,30.4807,58.3373,51.37,0.7625,Waning Crescent,
2018-09-29,17:13:00,45392.6056,Daylit,15.8558,264.51,-59.9948,30.866,58.346,51.38,0.7624,Waning Crescent,
2018-09-29,17:14:00,44820.6973,Daylit,15.6101,264.5569,-59.8721,31.2483,58.3547,51.39,0.7623,Waning Crescent,
2018-09-29,17:15:00,44246.5895,Daylit,15.3644,264.6037,-59.7481,31.6274,58.3633,51.4,0.7623,Waning Crescent,
2018-09-29,17:16:00,43670.2609,Daylit,15.1187,264.6503,-59.6228,32.0034,58.372,51.41,0.7622,Waning Crescent,
2018-09-29,17:17:00,43091.6887,Daylit,14.8729,264.6967,-59.4961,32.3764,58.3807,51.41,0.7621,Waning Crescent,
2018-09-29,17:18:00,42510.8496,Daylit,14.6272,264.743,-59.3682,32.7462,58.3894,51.42,0.7621,Waning Crescent,
2018-09-29,17:19:00,41927.7187,Daylit,14.3814,264.7891,-59.239,33.1129,58.3981,51.43,0.762,Waning Crescent,
2018-09-29,17:20:00,41342.2703,Daylit,14.1356,264.8351,-59.1086,33.4766,58.4068,51.44,0.7619,Waning Crescent,
2018-09-29,17:21:00,40754.4771,Daylit,13.8898,264.8809,-58.977,33.8371,58.4155,51.45,0.7619,Waning Crescent,
2018-09-29,17:22:00,40164.3107,Daylit,13.644,264.9266,-58.8441,34.1947,58.4241,51.46,0.7618,Waning Crescent,
2018-09-29,17:23:00,39571.7414,Daylit,13.3982,264.9721,-58.71,34.5491,58.4328,51.47,0.7617,Waning Crescent,
2018-09-29,17:24:00,38976.7377,Daylit,13.1523,265.0175,-58.5748,34.9006,58.4415,51.47,0.7617,Waning Crescent,
2018-09-29,17:25:00,38379.2668,Daylit,12.9065,265.0628,-58.4384,35.249,58.4502,51.48,0.7616,Waning Crescent,
2018-09-29,17:26:00,37779.294,Daylit,12.6606,265.1079,-58.3008,35.5944,58.4589,51.49,0.7616,Waning Crescent,
2018-09-29,17:27:00,37176.7832,Daylit,12.4147,265.1528,-58.1621,35.9368,58.4676,51.5,0.7615,Waning Crescent,
2018-09-29,17:28:00,36571.696,Daylit,12.1688,265.1976,-58.0223,36.2763,58.4763,51.51,0.7614,Waning Crescent,
2018-09-29,17:29:00,35963.9922,Daylit,11.9228,265.2423,-57.8813,36.6127,58.4849,51.52,0.7614,Waning Crescent,
2018-09-29,17:30:00,35353.6294,Daylit,11.6769,265.2869,-57.7393,36.9462,58.4936,51.53,0.7613,Waning Crescent,
2018-09-29,17:31:00,34740.5631,Daylit,11.4309,265.3313,-57.5961,37.2768,58.5023,51.53,0.7612,Waning Crescent,
2018-09-29,17:32:00,34124.746,Daylit,11.1849,265.3756,-57.452,37.6045,58.511,51.54,0.7612,Waning Crescent,
2018-09-29,17:33:00,33506.1285,Daylit,10.9389,265.4198,-57.3067,37.9292,58.5197,51.55,0.7611,Waning Crescent,
2018-09-29,17:34:00,32884.6581,Daylit,10.6929,265.4639,-57.1604,38.2511,58.5284,51.56,0.761,Waning Crescent,
2018-09-29,17:35:00,32260.2792,Daylit,10.4469,265.5078,-57.0131,38.5701,58.5371,51.57,0.761,Waning Crescent,
2018-09-29,17:36:00,31632.933,Daylit,10.2008,265.5516,-56.8648,38.8863,58.5458,51.58,0.7609,Waning Crescent,
2018-09-29,17:37:00,31002.5573,Daylit,9.9548,265.5953,-56.7155,39.1997,58.5544,51.59,0.7608,Waning Crescent,
2018-09-29,17:38:00,30369.0861,Daylit,9.7087,265.6389,-56.5652,39.5102,58.5631,51.59,0.7608,Waning Crescent,
2018-09-29,17:39:00,29732.4492,Daylit,9.4626,265.6823,-56.4139,39.818,58.5718,51.6,0.7607,Waning Crescent,
2018-09-29,17:40:00,29092.5721,Daylit,9.2165,265.7257,-56.2617,40.123,58.5805,51.61,0.7607,Waning Crescent,
2018-09-29,17:41:00,28449.3755,Daylit,8.9704,265.7689,-56.1085,40.4252,58.5892,51.62,0.7606,Waning Crescent,
2018-09-29,17:42:00,27802.7749,Daylit,8.7243,265.812,-55.9544,40.7247,58.5979,51.63,0.7605,Waning Crescent,
2018-09-29,17:43:00,27152.6802,Daylit,8.4782,265.855,-55.7993,41.0215,58.6066,51.64,0.7605,Waning Crescent,
2018-09-29,17:44:00,26498.9948,Daylit,8.232,265.898,-55.6434,41.3156,58.6153,51.65,0.7604,Waning Crescent,
2018-09-29,17:45:00,25841.6156,Daylit,7.9858,265.9408,-55.4866,41.6071,58.6239,51.65,0.7603,Waning Crescent,
2018-09-29,17:46:00,25180.4319,Daylit,7.7397,265.9835,-55.3288,41.8959,58.6326,51.66,0.7603,Waning Crescent,
2018-09-29,17:47:00,24515.3249,Daylit,7.4935,266.0261,-55.1702,42.1821,58.6413,51.67,0.7602,Waning Crescent,
2018-09-29,17:48:00,23846.1665,Daylit,7.2473,266.0686,-55.0108,42.4656,58.65,51.68,0.7601,Waning Crescent,
2018-09-29,17:49:00,23172.8187,Daylit,7.001,266.111,-54.8505,42.7466,58.6587,51.69,0.7601,Waning Crescent,
2018-09-29,17:50:00,22495.1321,Daylit,6.7548,266.1533,-54.6893,43.0251,58.6674,51.7,0.76,Waning Crescent,
2018-09-29,17:51:00,21812.945,Daylit,6.5086,266.1955,-54.5273,43.301,58.6761,51.71,0.7599,Last Quarter,
2018-09-29,17:52:00,21126.0816,Daylit,6.2623,266.2377,-54.3646,43.5744,58.6848,51.71,0.7599,Last Quarter,
2018-09-29,17:53:00,20434.3503,Daylit,6.0161,266.2797,-54.201,43.8453,58.6935,51.72,0.7598,Last Quarter,
2018-09-29,17:54:00,19737.5416,Daylit,5.7698,266.3217,-54.0366,44.1137,58.7021,51.73,0.7597,Last Quarter,
2018-09-29,17:55:00,19035.4257,Daylit,5.5235,266.3635,-53.8714,44.3797,58.7108,51.74,0.7597,Last Quarter,
2018-09-29,17:56:00,18327.7499,Daylit,5.2772,266.4053,-53.7055,44.6432,58.7195,51.75,0.7596,Last Quarter,
2018-09-29,17:57:00,17614.2345,Daylit,5.0309,266.447,-53.5388,44.9044,58.7282,51.76,0.7595,Last Quarter,
2018-09-29,17:58:00,16894.5694,Daylit,4.7846,266.4886,-53.3713,45.1631,58.7369,51.77,0.7595,Last Quarter,
2018-09-29,17:59:00,16168.4084,Daylit,4.5382,266.5302,-53.2031,45.4195,58.7456,51.77,0.7594,Last Quarter,
2018-09-29,18:00:00,15435.3633,Daylit,4.2919,266.5716,-53.0342,45.6736,58.7543,51.78,0.7594,Last Quarter,
2018-09-29,18:01:00,14694.9963,Daylit,4.0455,266.613,-52.8646,45.9253,58.763,51.79,0.7593,Last Quarter,
2018-09-29,18:02:00,13946.81,Daylit,3.7992,266.6543,-52.6942,46.1748,58.7717,51.8,0.7592,Last Quarter,
2018-09-29,18:03:00,13190.2354,Daylit,3.5528,266.6955,-52.5231,46.4219,58.7804,51.81,0.7592,Last Quarter,
2018-09-29,18:04:00,12424.6158,Daylit,3.3064,266.7367,-52.3514,46.6669,58.789,51.82,0.7591,Last Quarter,
2018-09-29,18:05:00,11649.1858,Daylit,3.06,266.7778,-52.179,46.9095,58.7977,51.83,0.759,Last Quarter,
2018-09-29,18:06:00,10863.0437,Daylit,2.8136,266.8188,-52.0058,47.15,58.8064,51.83,0.759,Last Quarter,
2018-09-29,18:07:00,10065.1126,Daylit,2.5672,266.8597,-51.8321,47.3883,58.8151,51.84,0.7589,Last Quarter,
2018-09-29,18:08:00,9254.087,Daylit,2.3208,266.9006,-51.6576,47.6244,58.8238,51.85,0.7588,Last Quarter,
2018-09-29,18:09:00,8428.3542,Daylit,2.0744,266.9414,-51.4826,47.8584,58.8325,51.86,0.7588,Last Quarter,
2018-09-29,18:10:00,7585.8768,Daylit,1.8279,266.9822,-51.3068,48.0902,58.8412,51.87,0.7587,Last Quarter,
2018-09-29,18:11:00,6724.0075,Daylit,1.5815,267.0229,-51.1305,48.32,58.8499,51.88,0.7586,Last Quarter,
2018-09-29,18:12:00,5839.1797,Daylit,1.335,267.0635,-50.9535,48.5476,58.8586,51.89,0.7586,Last Quarter,
2018-09-29,18:13:00,4926.3519,Daylit,1.0885,267.1041,-50.7759,48.7732,58.8673,51.89,0.7585,Last Quarter,
2018-09-29,18:14:00,3977.8998,Daylit,0.8421,267.1446,-50.5978,48.9968,58.876,51.9,0.7584,Last Quarter,
2018-09-29,18:15:00,2981.0553,Daylit,0.5956,267.1851,-50.419,49.2183,58.8846,51.91,0.7584,Last Quarter,
2018-09-29,18:16:00,1910.3212,Daylit,0.3491,267.2255,-50.2396,49.4378,58.8933,51.92,0.7583,Last Quarter,
2018-09-29,18:17:00,688.7187,Daylit,0.1026,267.2658,-50.0596,49.6554,58.902,51.93,0.7583,Last Quarter,
2018-09-29,18:18:00,19.9106,Civil Twilight,-0.1439,267.3061,-49.8791,49.871,58.9107,51.94,0.7582,Last Quarter,
2018-09-29,18:19:00,19.0724,Civil Twilight,-0.3905,267.3464,-49.698,50.0846,58.9194,51.95,0.7581,Last Quarter,
2018-09-29,18:20:00,18.2342,Civil Twilight,-0.637,267.3866,-49.5164,50.2964,58.9281,51.95,0.7581,Last Quarter,
2018-09-29,18:21:00,17.396,Civil Twilight,-0.8835,267.4268,-49.3342,50.5062,58.9368,51.96,0.758,Last Quarter,
2018-09-29,18:22:00,16.5578,Civil Twilight,-1.1301,267.4669,-49.1514,50.7142,58.9455,51.97,0.7579,Last Quarter,
2018-09-29,18:23:00,15.7195,Civil Twilight,-1.3766,267.507,-48.9681,50.9202,58.9542,51.98,0.7579,Last Quarter,
2018-09-29,18:24:00,14.8812,Civil Twilight,-1.6232,267.547,-48.7843,51.1245,58.9629,51.99,0.7578,Last Quarter,
2018-09-29,18:25:00,14.0429,Civil Twilight,-1.8697,267.587,-48.6,51.3269,58.9716,52.0,0.7577,Last Quarter,
2018-09-29,18:26:00,13.2046,Civil Twilight,-2.1163,267.6269,-48.4151,51.5275,58.9803,52.01,0.7577,Last Quarter,
2018-09-29,18:27:00,12.3662,Civil Twilight,-2.3629,267.6668,-48.2298,51.7264,58.9889,52.01,0.7576,Last Quarter,
2018-09-29,18:28:00,11.5278,Civil Twilight,-2.6095,267.7067,-48.0439,51.9234,58.9976,52.02,0.7575,Last Quarter,
2018-09-29,18:29:00,10.6894,Civil Twilight,-2.8561,267.7466,-47.8575,52.1188,59.0063,52.03,0.7575,Last Quarter,
2018-09-29,18:30:00,9.851,Civil Twilight,-3.1027,267.7864,-47.6707,52.3124,59.015,52.04,0.7574,Last Quarter,
2018-09-29,18:31:00,9.0125,Civil Twilight,-3.3493,267.8261,-47.4833,52.5042,59.0237,52.05,0.7573,Last Quarter,
2018-09-29,18:32:00,8.174,Civil Twilight,-3.5959,267.8659,-47.2955,52.6944,59.0324,52.06,0.7573,Last Quarter,
2018-09-29,18:33:00,7.3355,Civil Twilight,-3.8425,267.9056,-47.1072,52.8829,59.0411,52.07,0.7572,Last Quarter,
2018-09-29,18:34:00,6.497,Civil Twilight,-4.0891,267.9453,-46.9185,53.0698,59.0498,52.07,0.7571,Last Quarter,
2018-09-29,18:35:00,5.6584,Civil Twilight,-4.3358,267.985,-46.7293,53.255,59.0585,52.08,0.7571,Last Quarter,
2018-09-29,18:36:00,4.8199,Civil Twilight,-4.5824,268.0246,-46.5396,53.4386,59.0672,52.09,0.757,Last Quarter,
2018-09-29,18:37:00,3.9813,Civil Twilight,-4.829,268.0642,-46.3495,53.6206,59.0759,52.1,0.757,Last Quarter,
2018-09-29,18:38:00,3.1427,Civil Twilight,-5.0757,268.1038,-46.159,53.801,59.0846,52.11,0.7569,Last Quarter,
2018-09-29,18:39:00,2.3041,Civil Twilight,-5.3223,268.1434,-45.968,53.9798,59.0933,52.12,0.7568,Last Quarter,
2018-09-29,18:40:00,1.4654,Civil Twilight,-5.569,268.1829,-45.7766,54.1571,59.102,52.13,0.7568,Last Quarter,
2018-09-29,18:41:00,0.6268,Civil Twilight,-5.8157,268.2225,-45.5847,54.3328,59.1107,52.13,0.7567,Last Quarter,
2018-09-29,18:42:00,0.5938,Nautical Twilight,-6.0623,268.262,-45.3925,54.507,59.1194,52.14,0.7566,Last Quarter,
2018-09-29,18:43:00,0.5691,Nautical Twilight,-6.309,268.3015,-45.1998,54.6797,59.128,52.15,0.7566,Last Quarter,
2018-09-29,18:44:00,0.5444,Nautical Twilight,-6.5557,268.341,-45.0067,54.8509,59.1367,52.16,0.7565,Last Quarter,
2018-09-29,18:45:00,0.5198,Nautical Twilight,-6.8024,268.3805,-44.8132,55.0206,59.1454,52.17,0.7564,Last Quarter,
2018-09-29,18:46:00,0.4951,Nautical Twilight,-7.049,268.4199,-44.6193,55.1889,59.1541,52.18,0.7564,Last Quarter,
2018-09-29,18:47:00,0.4704,Nautical Twilight,-7.2957,268.4594,-44.425,55.3557,59.1628,52.19,0.7563,Last Quarter,
2018-09-29,18:48:00,0.4458,Nautical Twilight,-7.5424,268.4989,-44.2304,55.5211,59.1715,52.19,0.7562,Last Quarter,
2018-09-29,18:49:00,0.4211,Nautical Twilight,-7.7891,268.5383,-44.0353,55.6851,59.1802,52.2,0.7562,Last Quarter,
2018-09-29,18:50:00,0.3964,Nautical Twilight,-8.0359,268.5778,-43.8399,55.8477,59.1889,52.21,0.7561,Last Quarter,
2018-09-29,18:51:00,0.3717,Nautical Twilight,-8.2826,268.6172,-43.6441,56.0089,59.1976,52.22,0.756,Last Quarter,
2018-09-29,18:52:00,0.3471,Nautical Twilight,-8.5293,268.6566,-43.4479,56.1687,59.2063,52.23,0.756,Last Quarter,
2018-09-29,18:53:00,0.3224,Nautical Twilight,-8.776,268.6961,-43.2513,56.3272,59.215,52.24,0.7559,Last Quarter,
2018-09-29,18:54:00,0.2977,Nautical Twilight,-9.0227,268.7355,-43.0544,56.4843,59.2237,52.25,0.7558,Last Quarter,
2018-09-29,18:55:00,0.2731,Nautical Twilight,-9.2694,268.775,-42.8571,56.6401,59.2324,52.26,0.7558,Last Quarter,
2018-09-29,18:56:00,0.2484,Nautical Twilight,-9.5162,268.8144,-42.6595,56.7946,59.2411,52.26,0.7557,Last Quarter,
2018-09-29,18:57:00,0.2237,Nautical Twilight,-9.7629,268.8539,-42.4616,56.9478,59.2498,52.27,0.7556,Last Quarter,
2018-09-29,18:58:00,0.199,Nautical Twilight,-10.0096,268.8933,-42.2632,57.0997,59.2585,52.28,0.7556,Last Quarter,
2018-09-29,18:59:00,0.1744,Nautical Twilight,-10.2564,268.9328,-42.0646,57.2504,59.2672,52.29,0.7555,Last Quarter,
2018-09-29,19:00:00,0.1497,Nautical Twilight,-10.5031,268.9723,-41.8656,57.3997,59.2759,52.3,0.7555,Last Quarter,
2018-09-29,19:01:00,0.125,Nautical Twilight,-10.7499,269.0118,-41.6663,57.5479,59.2846,52.31,0.7554,Last Quarter,
2018-09-29,19:02:00,0.1003,Nautical Twilight,-10.9966,269.0513,-41.4666,57.6948,59.2933,52.32,0.7553,Last Quarter,
2018-09-29,19:03:00,0.0757,Nautical Twilight,-11.2434,269.0908,-41.2667,57.8405,59.302,52.32,0.7553,Last Quarter,
2018-09-29,19:04:00,0.051,Nautical Twilight,-11.4901,269.1303,-41.0664,57.9849,59.3106,52.33,0.7552,Last Quarter,
2018-09-29,19:05:00,0.0263,Nautical Twilight,-11.7369,269.1699,-40.8658,58.1282,59.3193,52.34,0.7551,Last Quarter,
2018-09-29,19:06:00,0.0016,Nautical Twilight,-11.9836,269.2094,-40.6648,58.2703,59.328,52.35,0.7551,Last Quarter,
2018-09-29,19:07:00,0.0058,Astronomical Twilight,-12.2304,269.249,-40.4636,58.4112,59.3367,52.36,0.755,Last Quarter,
2018-09-29,19:08:00,0.0055,Astronomical Twilight,-12.4772,269.2886,-40.2621,58.551,59.3454,52.37,0.7549,Last Quarter,
2018-09-29,19:09:00,0.0053,Astronomical Twilight,-12.7239,269.3283,-40.0602,58.6896,59.3541,52.38,0.7549,Last Quarter,
2018-09-29,19:10:00,0.005,Astronomical Twilight,-12.9707,269.3679,-39.8581,58.8271,59.3628,52.38,0.7548,Last Quarter,
2018-09-29,19:11:00,0.0048,Astronomical Twilight,-13.2175,269.4076,-39.6557,58.9635,59.3715,52.39,0.7547,Last Quarter,
2018-09-29,19:12:00,0.0045,Astronomical Twilight,-13.4642,269.4473,-39.4529,59.0987,59.3802,52.4,0.7547,Last Quarter,
2018-09-29,19:13:00,0.0043,Astronomical Twilight,-13.711,269.4871,-39.2499,59.2329,59.3889,52.41,0.7546,Last Quarter,
2018-09-29,19:14:00,0.004,Astronomical Twilight,-13.9578,269.5269,-39.0466,59.366,59.3976,52.42,0.7545,Last Quarter,
2018-09-29,19:15:00,0.0038,Astronomical Twilight,-14.2046,269.5667,-38.8431,59.498,59.4063,52.43,0.7545,Last Quarter,
2018-09-29,19:16:00,0.0035,Astronomical Twilight,-14.4513,269.6065,-38.6392,59.6289,59.415,52.44,0.7544,Last Quarter,
2018-09-29,19:17:00,0.0033,Astronomical Twilight,-14.6981,269.6464,-38.4351,59.7588,59.4237,52.44,0.7543,Last Quarter,
2018-09-29,19:18:00,0.0031,Astronomical Twilight,-14.9449,269.6863,-38.2307,59.8876,59.4324,52.45,0.7543,Last Quarter,
2018-09-29,19:19:00,0.0028,Astronomical Twilight,-15.1917,269.7263,-38.026,60.0154,59.4411,52.46,0.7542,Last Quarter,
2018-09-29,19:20:00,0.0026,Astronomical Twilight,-15.4385,269.7663,-37.8211,60.1422,59.4498,52.47,0.7541,Last Quarter,
2018-09-29,19:21:00,0.0023,Astronomical Twilight,-15.6852,269.8063,-37.6159,60.268,59.4585,52.48,0.7541,Last Quarter,
2018-09-29,19:22:00,0.0021,Astronomical Twilight,-15.932,269.8464,-37.4104,60.3927,59.4672,52.49,0.754,Last Quarter,
2018-09-29,19:23:00,0.0018,Astronomical Twilight,-16.1788,269.8865,-37.2047,60.5165,59.4759,52.5,0.754,Last Quarter,
2018-09-29,19:24:00,0.0016,Astronomical Twilight,-16.4256,269.9267,-36.9987,60.6393,59.4846,52.5,0.7539,Last Quarter,
2018-09-29,19:25:00,0.0013,Astronomical Twilight,-16.6724,269.967,-36.7925,60.7611,59.4933,52.51,0.7538,Last Quarter,
2018-09-29,19:26:00,0.0011,Astronomical Twilight,-16.9191,270.0072,-36.586,60.882,59.502,52.52,0.7538,Last Quarter,
2018-09-29,19:27:00,0.0008,Astronomical Twilight,-17.1659,270.0476,-36.3793,61.0019,59.5107,52.53,0.7537,Last Quarter,
2018-09-29,19:28:00,0.0006,Astronomical Twilight,-17.4127,270.088,-36.1723,61.1208,59.5194,52.54,0.7536,Last Quarter,
2018-09-29,19:29:00,0.0003,Astronomical Twilight,-17.6595,270.1284,-35.9651,61.2389,59.5281,52.55,0.7536,Last Quarter,
2018-09-29,19:30:00,0.0001,Astronomical Twilight,-17.9063,270.1689,-35.7577,61.356,59.5368,52.56,0.7535,Last Quarter,
2018-09-29,19:31:00,0.0,Moonless Night,-18.1531,270.2095,-35.55,61.4721,59.5455,52.56,0.7534,Last Quarter,
2018-09-29,19:32:00,0.0,Moonless Night,-18.3998,270.2501,-35.3421,61.5874,59.5542,52.57,0.7534,Last Quarter,
2018-09-29,19:33:00,0.0,Moonless Night,-18.6466,270.2908,-35.134,61.7018,59.5629,52.58,0.7533,Last Quarter,
2018-09-29,19:34:00,0.0,Moonless Night,-18.8934,270.3315,-34.9256,61.8153,59.5716,52.59,0.7532,Last Quarter,
2018-09-29,19:35:00,0.0,Moonless Night,-19.1402,270.3723,-34.717,61.9279,59.5803,52.6,0.7532,Last Quarter,
2018-09-29,19:36:00,0.0,Moonless Night,-19.3869,270.4132,-34.5082,62.0397,59.589,52.61,0.7531,Last Quarter,
2018-09-29,19:37:00,0.0,Moonless Night,-19.6337,270.4542,-34.2992,62.1506,59.5977,52.62,0.753,Last Quarter,
2018-09-29,19:38:00,0.0,Moonless Night,-19.8805,270.4952,-34.0899,62.2606,59.6064,52.62,0.753,Last Quarter,
2018-09-29,19:39:00,0.0,Moonless Night,-20.1273,270.5363,-33.8804,62.3698,59.6151,52.63,0.7529,Last Quarter,
2018-09-29,19:40:00,0.0,Moonless Night,-20.374,270.5775,-33.6708,62.4781,59.6238,52.64,0.7528,Last Quarter,
2018-09-29,19:41:00,0.0,Moonless Night,-20.6208,270.6187,-33.4609,62.5856,59.6325,52.65,0.7528,Last Quarter,
2018-09-29,19:42:00,0.0,Moonless Night,-20.8676,270.6601,-33.2508,62.6923,59.6412,52.66,0.7527,Last Quarter,
2018-09-29,19:43:00,0.0,Moonless Night,-21.1143,270.7015,-33.0405,62.7982,59.6499,52.67,0.7526,Last Quarter,
2018-09-29,19:44:00,0.0,Moonless Night,-21.3611,270.743,-32.8299,62.9033,59.6586,52.68,0.7526,Last Quarter,
2018-09-29,19:45:00,0.0,Moonless Night,-21.6079,270.7846,-32.6192,63.0076,59.6673,52.68,0.7525,Last Quarter,
2018-09-29,19:46:00,0.0,Moonless Night,-21.8546,270.8262,-32.4083,63.1111,59.676,52.69,0.7524,Last Quarter,
2018-09-29,19:47:00,0.0,Moonless Night,-22.1014,270.868,-32.1972,63.2138,59.6847,52.7,0.7524,Last Quarter,
2018-09-29,19:48:00,0.0,Moonless Night,-22.3481,270.9098,-31.9859,63.3157,59.6934,52.71,0.7523,Last Quarter,
2018-09-29,19:49:00,0.0,Moonless Night,-22.5949,270.9518,-31.7744,63.4169,59.7021,52.72,0.7522,Last Quarter,
2018-09-29,19:50:00,0.0,Moonless Night,-22.8416,270.9938,-31.5627,63.5173,59.7108,52.73,0.7522,Last Quarter,
2018-09-29,19:51:00,0.0,Moonless Night,-23.0884,271.036,-31.3508,63.6169,59.7195,52.74,0.7521,Last Quarter,
2018-09-29,19:52:00,0.0,Moonless Night,-23.3351,271.0782,-31.1387,63.7159,59.7282,52.74,0.7521,Last Quarter,
2018-09-29,19:53:00,0.0,Moonless Night,-23.5818,271.1205,-30.9265,63.814,59.7369,52.75,0.752,Last Quarter,
2018-09-29,19:54:00,0.0,Moonless Night,-23.8286,271.163,-30.714,63.9115,59.7456,52.76,0.7519,Last Quarter,
2018-09-29,19:55:00,0.0,Moonless Night,-24.0753,271.2055,-30.5014,64.0082,59.7543,52.77,0.7519,Last Quarter,
2018-09-29,19:56:00,0.0,Moonless Night,-24.322,271.2482,-30.2886,64.1042,59.763,52.78,0.7518,Last Quarter,
2018-09-29,19:57:00,0.0,Moonless Night,-24.5688,271.2909,-30.0756,64.1994,59.7717,52.79,0.7517,Last Quarter,
2018-09-29,19:58:00,0.0,Moonless Night,-24.8155,271.3338,-29.8624,64.294,59.7804,52.8,0.7517,Last Quarter,
2018-09-29,19:59:00,0.0,Moonless Night,-25.0622,271.3768,-29.6491,64.3879,59.7891,52.8,0.7516,Last Quarter,
2018-09-29,20:00:00,0.0,Moonless Night,-25.3089,271.4199,-29.4356,64.4811,59.7978,52.81,0.7515,Last Quarter,
2018-10-01,17:00:00,51953.6673,Daylit,18.7407,263.1117,-57.3564,335.3119,83.6522,74.75,0.5553,Waning Gibbous,
2018-10-01,17:01:00,51407.182,Daylit,18.4957,263.1619,-57.4529,335.6821,83.6611,74.76,0.5552,Waning Gibbous,
2018-10-01,17:02:00,50858.6874,Daylit,18.2507,263.2119,-57.548,336.0545,83.6701,74.77,0.5551,Waning Gibbous,
2018-10-01,17:03:00,50308.1709,Daylit,18.0056,263.2617,-57.6417,336.429,83.6791,74.78,0.555,Waning Gibbous,
2018-10-01,17:04:00,49755.6192,Daylit,17.7605,263.3113,-57.7339,336.8058,83.688,74.78,0.555,Waning Gibbous,
2018-10-01,17:05:00,49201.0184,Daylit,17.5153,263.3607,-57.8248,337.1847,83.697,74.79,0.5549,Waning Gibbous,
2018-10-01,17:06:00,48644.3542,Daylit,17.2702,263.4099,-57.9142,337.5658,83.706,74.8,0.5548,Waning Gibbous,
2018-10-01,17:07:00,48085.6113,Daylit,17.025,263.4589,-58.0022,337.9489,83.7149,74.8,0.5547,Waning Gibbous,
2018-10-01,17:08:00,47524.774,Daylit,16.7798,263.5078,-58.0887,338.3342,83.7239,74.81,0.5547,Waning Gibbous,
2018-10-01,17:09:00,46961.8257,Daylit,16.5346,263.5564,-58.1738,338.7216,83.7329,74.82,0.5546,Waning Gibbous,
2018-10-01,17:10:00,46396.7492,Daylit,16.2893,263.6048,-58.2574,339.111,83.7418,74.83,0.5545,Waning Gibbous,
2018-10-01,17:11:00,45829.5263,Daylit,16.0441,263.653,-58.3395,339.5025,83.7508,74.83,0.5544,Waning Gibbous,
2018-10-01,17:12:00,45260.1382,Daylit,15.7988,263.7011,-58.4201,339.896,83.7598,74.84,0.5543,Waning Gibbous,
2018-10-01,17:13:00,44688.5651,Daylit,15.5534,263.749,-58.4992,340.2915,83.7687,74.85,0.5543,Waning Gibbous,
2018-10-01,17:14:00,44114.7862,Daylit,15.3081,263.7966,-58.5767,340.689,83.7777,74.86,0.5542,Waning Gibbous,
2018-10-01,17:15:00,43538.78,Daylit,15.0628,263.8442,-58.6527,341.0884,83.7867,74.86,0.5541,Waning Gibbous,
2018-10-01,17:16:00,42960.5237,Daylit,14.8174,263.8915,-58.7272,341.4898,83.7956,74.87,0.554,Waning Gibbous,
2018-10-01,17:17:00,42379.9937,Daylit,14.572,263.9387,-58.8001,341.8931,83.8046,74.88,0.554,Waning Gibbous,
2018-10-01,17:18:00,41797.1649,Daylit,14.3265,263.9856,-58.8714,342.2982,83.8136,74.88,0.5539,Waning Gibbous,
2018-10-01,17:19:00,41212.0114,Daylit,14.0811,264.0325,-58.9412,342.7052,83.8225,74.89,0.5538,Waning Gibbous,
2018-10-01,17:20:00,40624.5058,Daylit,13.8356,264.0791,-59.0094,343.1141,83.8315,74.9,0.5537,Waning Gibbous,
2018-10-01,17:21:00,40034.6194,Daylit,13.5901,264.1256,-59.076,343.5247,83.8405,74.91,0.5536,Waning Gibbous,
2018-10-01,17:22:00,39442.3223,Daylit,13.3446,264.1719,-59.1409,343.937,83.8494,74.91,0.5536,Waning Gibbous,
2018-10-01,17:23:00,38847.5827,Daylit,13.0991,264.2181,-59.2043,344.3511,83.8584,74.92,0.5535,Waning Gibbous,
2018-10-01,17:24:00,38250.3675,Daylit,12.8536,264.2641,-59.266,344.7669,83.8674,74.93,0.5534,Waning Gibbous,
2018-10-01,17:25:00,37650.642,Daylit,12.608,264.31,-59.326,345.1843,83.8763,74.94,0.5533,Waning Gibbous,
2018-10-01,17:26:00,37048.3694,Daylit,12.3624,264.3557,-59.3844,345.6034,83.8853,74.94,0.5533,Waning Gibbous,
2018-10-01,17:27:00,36443.5113,Daylit,12.1168,264.4012,-59.4412,346.024,83.8943,74.95,0.5532,Waning Gibbous,
2018-10-01,17:28:00,35836.0271,Daylit,11.8712,264.4466,-59.4963,346.4462,83.9032,74.96,0.5531,Waning Gibbous,
2018-10-01,17:29:00,35225.874,Daylit,11.6255,264.4919,-59.5497,346.8699,83.9122,74.97,0.553,Waning Gibbous,
2018-10-01,17:30:00,34613.007,Daylit,11.3799,264.537,-59.6014,347.2951,83.9212,74.97,0.5529,Waning Gibbous,
2018-10-01,17:31:00,33997.3787,Daylit,11.1342,264.5819,-59.6515,347.7217,83.9301,74.98,0.5529,Waning Gibbous,
2018-10-01,17:32:00,33378.9389,Daylit,10.8885,264.6268,-59.6998,348.1497,83.9391,74.99,0.5528,Waning Gibbous,
2018-10-01,17:33:00,32757.6346,Daylit,10.6428,264.6714,-59.7464,348.579,83.9481,74.99,0.5527,Waning Gibbous,
2018-10-01,17:34:00,32133.4098,Daylit,10.397,264.716,-59.7913,349.0097,83.957,75.0,0.5526,Waning Gibbous,
2018-10-01,17:35:00,31506.2051,Daylit,10.1513,264.7604,-59.8344,349.4416,83.966,75.01,0.5526,Waning Gibbous,
2018-10-01,17:36:00,30875.9577,Daylit,9.9055,264.8047,-59.8759,349.8747,83.975,75.02,0.5525,Waning Gibbous,
2018-10-01,17:37:00,30242.6011,Daylit,9.6597,264.8488,-59.9156,350.309,83.9839,75.02,0.5524,Waning Gibbous,
2018-10-01,17:38:00,29606.0644,Daylit,9.4139,264.8928,-59.9535,350.7444,83.9929,75.03,0.5523,Waning Gibbous,
2018-10-01,17:39:00,28966.2723,Daylit,9.1681,264.9367,-59.9897,351.1809,84.0019,75.04,0.5522,Waning Gibbous,
2018-10-01,17:40:00,28323.1448,Daylit,8.9223,264.9805,-60.0241,351.6184,84.0109,75.05,0.5522,Waning Gibbous,
2018-10-01,17:41:00,27676.5965,Daylit,8.6764,265.0241,-60.0568,352.0569,84.0198,75.05,0.5521,Waning Gibbous,
2018-10-01,17:42:00,27026.5363,Daylit,8.4305,265.0676,-60.0876,352.4964,84.0288,75.06,0.552,Waning Gibbous,
2018-10-01,17:43:00,26372.8667,Daylit,8.1847,265.111,-60.1167,352.9367,84.0378,75.07,0.5519,Waning Gibbous,
2018-10-01,17:44:00,25715.4835,Daylit,7.9388,265.1543,-60.1441,353.3779,84.0467,75.07,0.5519,Waning Gibbous,
2018-10-01,17:45:00,25054.2746,Daylit,7.6928,265.1974,-60.1696,353.8198,84.0557,75.08,0.5518,Waning Gibbous,
2018-10-01,17:46:00,24389.1199,Daylit,7.4469,265.2405,-60.1933,354.2625,84.0647,75.09,0.5517,Waning Gibbous,
2018-10-01,17:47:00,23719.8899,Daylit,7.201,265.2834,-60.2153,354.7058,84.0736,75.1,0.5516,Waning Gibbous,
2018-10-01,17:48:00,23046.4448,Daylit,6.955,265.3262,-60.2354,355.1498,84.0826,75.1,0.5515,Waning Gibbous,
2018-10-01,17:49:00,22368.6335,Daylit,6.709,265.3689,-60.2537,355.5944,84.0916,75.11,0.5515,Waning Gibbous,
2018-10-01,17:50:00,21686.292,Daylit,6.463,265.4115,-60.2702,356.0394,84.1005,75.12,0.5514,Waning Gibbous,
2018-10-01,17:51:00,20999.2422,Daylit,6.217,265.454,-60.2849,356.485,84.1095,75.13,0.5513,Waning Gibbous,
2018-10-01,17:52:00,20307.2899,Daylit,5.971,265.4964,-60.2978,356.9309,84.1185,75.13,0.5512,Waning Gibbous,
2018-10-01,17:53:00,19610.2226,Daylit,5.725,265.5387,-60.3089,357.3772,84.1275,75.14,0.5512,Waning Gibbous,
2018-10-01,17:54:00,18907.8072,Daylit,5.4789,265.5809,-60.3182,357.8239,84.1364,75.15,0.5511,Waning Gibbous,
2018-10-01,17:55:00,18199.7868,Daylit,5.2329,265.623,-60.3256,358.2707,84.1454,75.15,0.551,Waning Gibbous,
2018-10-01,17:56:00,17485.8773,Daylit,4.9868,265.665,-60.3312,358.7178,84.1544,75.16,0.5509,Waning Gibbous,
2018-10-01,17:57:00,16765.7633,Daylit,4.7407,265.7068,-60.335,359.165,84.1633,75.17,0.5508,Waning Gibbous,
2018-10-01,17:58:00,16039.0924,Daylit,4.4946,265.7486,-60.337,359.6123,84.1723,75.18,0.5508,Waning Gibbous,
2018-10-01,17:59:00,15305.4693,Daylit,4.2485,265.7903,-60.3372,0.0596,84.1813,75.18,0.5507,Waning Gibbous,
2018-10-01,18:00:00,14564.4473,Daylit,4.0024,265.832,-60.3355,0.5069,84.1902,75.19,0.5506,Waning Gibbous,
2018-10-01,18:01:00,13815.5187,Daylit,3.7562,265.8735,-60.332,0.9542,84.1992,75.2,0.5505,Waning Gibbous,
2018-10-01,18:02:00,13058.1018,Daylit,3.5101,265.9149,-60.3267,1.4012,84.2082,75.21,0.5505,Waning Gibbous,
2018-10-01,18:03:00,12291.5242,Daylit,3.2639,265.9562,-60.3195,1.8481,84.2172,75.21,0.5504,Waning Gibbous,
2018-10-01,18:04:00,11515.0011,Daylit,3.0177,265.9975,-60.3105,2.2948,84.2261,75.22,0.5503,Waning Gibbous,
2018-10-01,18:05:00,10727.6058,Daylit,2.7715,266.0387,-60.2998,2.7411,84.2351,75.23,0.5502,Waning Gibbous,
2018-10-01,18:06:00,9928.2293,Daylit,2.5253,266.0798,-60.2872,3.1871,84.2441,75.23,0.5501,Waning Gibbous,
2018-10-01,18:07:00,9115.5232,Daylit,2.2791,266.1208,-60.2727,3.6327,84.253,75.24,0.5501,Waning Gibbous,
2018-10-01,18:08:00,8287.8163,Daylit,2.0329,266.1617,-60.2565,4.0778,84.262,75.25,0.55,Waning Gibbous,
2018-10-01,18:09:00,7442.9889,Daylit,1.7866,266.2026,-60.2385,4.5224,84.271,75.26,0.5499,Waning Gibbous,
2018-10-01,18:10:00,6578.2718,Daylit,1.5404,266.2434,-60.2186,4.9665,84.28,75.26,0.5498,Waning Gibbous,
2018-10-01,18:11:00,5689.9093,Daylit,1.2941,266.2841,-60.197,5.4099,84.2889,75.27,0.5498,Waning Gibbous,
2018-10-01,18:12:00,4772.5421,Daylit,1.0479,266.3247,-60.1736,5.8526,84.2979,75.28,0.5497,Waning Gibbous,
2018-10-01,18:13:00,3817.9553,Daylit,0.8016,266.3653,-60.1483,6.2946,84.3069,75.29,0.5496,Waning Gibbous,
2018-10-01,18:14:00,2812.0891,Daylit,0.5553,266.4058,-60.1213,6.7358,84.3158,75.29,0.5495,Waning Gibbous,
2018-10-01,18:15:00,1725.668,Daylit,0.309,266.4462,-60.0925,7.1762,84.3248,75.3,0.5494,Waning Gibbous,
2018-10-01,18:16:00,456.7854,Daylit,0.0627,266.4866,-60.0619,7.6158,84.3338,75.31,0.5494,Waning Gibbous,
2018-10-01,18:17:00,19.7755,Civil Twilight,-0.1837,266.5269,-60.0295,8.0544,84.3428,75.31,0.5493,Waning Gibbous,
2018-10-01,18:18:00,18.938,Civil Twilight,-0.43,266.5671,-59.9954,8.492,84.3517,75.32,0.5492,Waning Gibbous,
2018-10-01,18:19:00,18.1004,Civil Twilight,-0.6764,266.6073,-59.9595,8.9286,84.3607,75.33,0.5491,Waning Gibbous,
2018-10-01,18:20:00,17.2628,Civil Twilight,-0.9227,266.6474,-59.9219,9.3641,84.3697,75.34,0.5491,Waning Gibbous,
2018-10-01,18:21:00,16.4251,Civil Twilight,-1.1691,266.6874,-59.8825,9.7985,84.3787,75.34,0.549,Waning Gibbous,
2018-10-01,18:22:00,15.5874,Civil Twilight,-1.4155,266.7274,-59.8413,10.2317,84.3876,75.35,0.5489,Waning Gibbous,
2018-10-01,18:23:00,14.7497,Civil Twilight,-1.6619,266.7673,-59.7985,10.6637,84.3966,75.36,0.5488,Waning Gibbous,
2018-10-01,18:24:00,13.912,Civil Twilight,-1.9082,266.8072,-59.7539,11.0945,84.4056,75.37,0.5487,Waning Gibbous,
2018-10-01,18:25:00,13.0742,Civil Twilight,-2.1547,266.847,-59.7075,11.5239,84.4145,75.37,0.5487,Waning Gibbous,
2018-10-01,18:26:00,12.2364,Civil Twilight,-2.4011,266.8868,-59.6595,11.952,84.4235,75.38,0.5486,Waning Gibbous,
2018-10-01,18:27:00,11.3985,Civil Twilight,-2.6475,266.9265,-59.6098,12.3788,84.4325,75.39,0.5485,Waning Gibbous,
2018-10-01,18:28:00,10.5606,Civil Twilight,-2.8939,266.9662,-59.5583,12.804,84.4415,75.39,0.5484,Waning Gibbous,
2018-10-01,18:29:00,9.7227,Civil Twilight,-3.1404,267.0058,-59.5052,13.2279,84.4504,75.4,0.5484,Waning Gibbous,
2018-10-01,18:30:00,8.8848,Civil Twilight,-3.3868,267.0454,-59.4504,13.6502,84.4594,75.41,0.5483,Waning Gibbous,
2018-10-01,18:31:00,8.0468,Civil Twilight,-3.6333,267.0849,-59.3939,14.071,84.4684,75.42,0.5482,Waning Gibbous,
2018-10-01,18:32:00,7.2088,Civil Twilight,-3.8798,267.1244,-59.3358,14.4902,84.4774,75.42,0.5481,Waning Gibbous,
2018-10-01,18:33:00,6.3708,Civil Twilight,-4.1262,267.1639,-59.276,14.9078,84.4863,75.43,0.548,Waning Gibbous,
2018-10-01,18:34:00,5.5328,Civil Twilight,-4.3727,267.2033,-59.2146,15.3237,84.4953,75.44,0.548,Waning Gibbous,
2018-10-01,18:35:00,4.6947,Civil Twilight,-4.6192,267.2427,-59.1515,15.7379,84.5043,75.45,0.5479,Waning Gibbous,
2018-10-01,18:36:00,3.8566,Civil Twilight,-4.8657,267.282,-59.0868,16.1504,84.5133,75.45,0.5478,Waning Gibbous,
2018-10-01,18:37:00,3.0184,Civil Twilight,-5.1122,267.3213,-59.0206,16.5612,84.5222,75.46,0.5477,Waning Gibbous,
2018-10-01,18:38:00,2.1803,Civil Twilight,-5.3587,267.3606,-58.9527,16.9702,84.5312,75.47,0.5477,Waning Gibbous,
2018-10-01,18:39:00,1.3421,Civil Twilight,-5.6053,267.3998,-58.8832,17.3773,84.5402,75.47,0.5476,Waning Gibbous,
2018-10-01,18:40:00,0.5039,Civil Twilight,-5.8518,267.439,-58.8121,17.7826,84.5491,75.48,0.5475,Waning Gibbous,
2018-10-01,18:41:00,0.5902,Nautical Twilight,-6.0983,267.4781,-58.7395,18.1861,84.5581,75.49,0.5474,Waning Gibbous,
2018-10-01,18:42:00,0.5655,Nautical Twilight,-6.3449,267.5173,-58.6653,18.5876,84.5671,75.5,0.5473,Waning Gibbous,
2018-10-01,18:43:00,0.5409,Nautical Twilight,-6.5914,267.5564,-58.5895,18.9872,84.5761,75.5,0.5473,Waning Gibbous,
2018-10-01,18:44:00,0.5162,Nautical Twilight,-6.838,267.5955,-58.5123,19.3849,84.585,75.51,0.5472,Waning Gibbous,
2018-10-01,18:45:00,0.4915,Nautical Twilight,-7.0846,267.6345,-58.4335,19.7805,84.594,75.52,0.5471,Waning Gibbous,
2018-10-01,18:46:00,0.4669,Nautical Twilight,-7.3312,267.6735,-58.3531,20.1742,84.603,75.52,0.547,Waning Gibbous,
2018-10-01,18:47:00,0.4422,Nautical Twilight,-7.5777,267.7125,-58.2713,20.5658,84.612,75.53,0.547,Waning Gibbous,
2018-10-01,18:48:00,0.4176,Nautical Twilight,-7.8243,267.7515,-58.188,20.9554,84.6209,75.54,0.5469,Waning Gibbous,
2018-10-01,18:49:00,0.3929,Nautical Twilight,-8.0709,267.7905,-58.1032,21.343,84.6299,75.55,0.5468,Waning Gibbous,
2018-10-01,18:50:00,0.3682,Nautical Twilight,-8.3175,267.8295,-58.017,21.7284,84.6389,75.55,0.5467,Waning Gibbous,
2018-10-01,18:51:00,0.3436,Nautical Twilight,-8.5641,267.8684,-57.9293,22.1118,84.6479,75.56,0.5466,Waning Gibbous,
2018-10-01,18:52:00,0.3189,Nautical Twilight,-8.8107,267.9073,-57.8401,22.493,84.6568,75.57,0.5466,Waning Gibbous,
2018-10-01,18:53:00,0.2943,Nautical Twilight,-9.0574,267.9462,-57.7495,22.8721,84.6658,75.58,0.5465,Waning Gibbous,
2018-10-01,18:54:00,0.2696,Nautical Twilight,-9.304,267.9851,-57.6575,23.249,84.6748,75.58,0.5464,Waning Gibbous,
2018-10-01,18:55:00,0.2449,Nautical Twilight,-9.5506,268.024,-57.5641,23.6238,84.6838,75.59,0.5463,Waning Gibbous,
2018-10-01,18:56:00,0.2203,Nautical Twilight,-9.7973,268.0628,-57.4693,23.9963,84.6928,75.6,0.5462,Waning Gibbous,
2018-10-01,18:57:00,0.1956,Nautical Twilight,-10.0439,268.1017,-57.3731,24.3667,84.7017,75.6,0.5462,Waning Gibbous,
2018-10-01,18:58:00,0.1709,Nautical Twilight,-10.2906,268.1406,-57.2755,24.7349,84.7107,75.61,0.5461,Waning Gibbous,
2018-10-01,18:59:00,0.1463,Nautical Twilight,-10.5372,268.1794,-57.1766,25.1008,84.7197,75.62,0.546,Waning Gibbous,
2018-10-01,19:00:00,0.1216,Nautical Twilight,-10.7839,268.2183,-57.0763,25.4645,84.7287,75.63,0.5459,Waning Gibbous,
2018-10-01,19:01:00,0.0969,Nautical Twilight,-11.0305,268.2571,-56.9747,25.826,84.7376,75.63,0.5459,Waning Gibbous,
2018-10-01,19:02:00,0.0723,Nautical Twilight,-11.2772,268.2959,-56.8717,26.1852,84.7466,75.64,0.5458,Waning Gibbous,
2018-10-01,19:03:00,0.0476,Nautical Twilight,-11.5239,268.3348,-56.7675,26.5422,84.7556,75.65,0.5457,Waning Gibbous,
2018-10-01,19:04:00,0.0229,Nautical Twilight,-11.7706,268.3736,-56.6619,26.8969,84.7646,75.65,0.5456,Waning Gibbous,
2018-10-01,19:05:00,0.006,Astronomical Twilight,-12.0172,268.4125,-56.5551,27.2494,84.7735,75.66,0.5455,Waning Gibbous,
2018-10-01,19:06:00,0.0057,Astronomical Twilight,-12.2639,268.4513,-56.447,27.5995,84.7825,75.67,0.5455,Waning Gibbous,
2018-10-01,19:07:00,0.0055,Astronomical Twilight,-12.5106,268.4902,-56.3376,27.9474,84.7915,75.68,0.5454,Waning Gibbous,
2018-10-01,19:08:00,0.0052,Astronomical Twilight,-12.7573,268.529,-56.227,28.293,84.8005,75.68,0.5453,Waning Gibbous,
2018-10-01,19:09:00,0.005,Astronomical Twilight,-13.004,268.5679,-56.1152,28.6364,84.8094,75.69,0.5452,Waning Gibbous,
2018-10-01,19:10:00,0.0047,Astronomical Twilight,-13.2507,268.6068,-56.0021,28.9774,84.8184,75.7,0.5452,Waning Gibbous,
2018-10-01,19:11:00,0.0045,Astronomical Twilight,-13.4974,268.6457,-55.8878,29.3161,84.8274,75.71,0.5451,Waning Gibbous,
2018-10-01,19:12:00,0.0043,Astronomical Twilight,-13.7442,268.6846,-55.7723,29.6526,84.8364,75.71,0.545,Waning Gibbous,
2018-10-01,19:13:00,0.004,Astronomical Twilight,-13.9909,268.7235,-55.6556,29.9867,84.8454,75.72,0.5449,Waning Gibbous,
2018-10-01,19:14:00,0.0038,Astronomical Twilight,-14.2376,268.7625,-55.5377,30.3186,84.8543,75.73,0.5448,Waning Gibbous,
2018-10-01,19:15:00,0.0035,Astronomical Twilight,-14.4843,268.8014,-55.4187,30.6481,84.8633,75.73,0.5448,Waning Gibbous,
2018-10-01,19:16:00,0.0033,Astronomical Twilight,-14.731,268.8404,-55.2985,30.9754,84.8723,75.74,0.5447,Waning Gibbous,
2018-10-01,19:17:00,0.003,Astronomical Twilight,-14.9778,268.8794,-55.1772,31.3004,84.8813,75.75,0.5446,Waning Gibbous,
2018-10-01,19:18:00,0.0028,Astronomical Twilight,-15.2245,268.9184,-55.0548,31.6231,84.8902,75.76,0.5445,Waning Gibbous,
2018-10-01,19:19:00,0.0025,Astronomical Twilight,-15.4712,268.9575,-54.9312,31.9435,84.8992,75.76,0.5445,Waning Gibbous,
2018-10-01,19:20:00,0.0023,Astronomical Twilight,-15.718,268.9965,-54.8065,32.2617,84.9082,75.77,0.5444,Waning Gibbous,
2018-10-01,19:21:00,0.002,Astronomical Twilight,-15.9647,269.0356,-54.6807,32.5775,84.9172,75.78,0.5443,Waning Gibbous,
2018-10-01,19:22:00,0.0018,Astronomical Twilight,-16.2115,269.0748,-54.5539,32.8911,84.9262,75.78,0.5442,Waning Gibbous,
2018-10-01,19:23:00,0.0015,Astronomical Twilight,-16.4582,269.1139,-54.426,33.2024,84.9351,75.79,0.5441,Waning Gibbous,
2018-10-01,19:24:00,0.0013,Astronomical Twilight,-16.705,269.1531,-54.297,33.5115,84.9441,75.8,0.5441,Waning Gibbous,
2018-10-01,19:25:00,0.001,Astronomical Twilight,-16.9517,269.1923,-54.1669,33.8183,84.9531,75.81,0.544,Waning Gibbous,
2018-10-01,19:26:00,0.0008,Astronomical Twilight,-17.1985,269.2316,-54.0359,34.1229,84.9621,75.81,0.5439,Waning Gibbous,
2018-10-01,19:27:00,0.0006,Astronomical Twilight,-17.4452,269.2709,-53.9038,34.4252,84.971,75.82,0.5438,Waning Gibbous,
2018-10-01,19:28:00,0.0003,Astronomical Twilight,-17.692,269.3102,-53.7707,34.7253,84.98,75.83,0.5438,Waning Gibbous,
2018-10-01,19:29:00,0.0001,Astronomical Twilight,-17.9388,269.3496,-53.6365,35.0231,84.989,75.84,0.5437,Waning Gibbous,
2018-10-01,19:30:00,0.0,Moonless Night,-18.1855,269.389,-53.5014,35.3187,84.998,75.84,0.5436,Waning Gibbous,
2018-10-01,19:31:00,0.0,Moonless Night,-18.4323,269.4284,-53.3653,35.6122,85.007,75.85,0.5435,Waning Gibbous,
2018-10-01,19:32:00,0.0,Moonless Night,-18.6791,269.4679,-53.2283,35.9034,85.0159,75.86,0.5434,Waning Gibbous,
2018-10-01,19:33:00,0.0,Moonless Night,-18.9258,269.5075,-53.0903,36.1924,85.0249,75.86,0.5434,Waning Gibbous,
2018-10-01,19:34:00,0.0,Moonless Night,-19.1726,269.5471,-52.9513,36.4793,85.0339,75.87,0.5433,Waning Gibbous,
2018-10-01,19:35:00,0.0,Moonless Night,-19.4194,269.5867,-52.8114,36.7639,85.0429,75.88,0.5432,Waning Gibbous,
2018-10-01,19:36:00,0.0,Moonless Night,-19.6662,269.6264,-52.6705,37.0464,85.0519,75.89,0.5431,Waning Gibbous,
2018-10-01,19:37:00,0.0,Moonless Night,-19.9129,269.6661,-52.5288,37.3268,85.0608,75.89,0.543,Waning Gibbous,
2018-10-01,19:38:00,0.0,Moonless Night,-20.1597,269.7059,-52.3861,37.605,85.0698,75.9,0.543,Waning Gibbous,
2018-10-01,19:39:00,0.0,Moonless Night,-20.4065,269.7458,-52.2425,37.8811,85.0788,75.91,0.5429,Waning Gibbous,
2018-10-01,19:40:00,0.0,Moonless Night,-20.6533,269.7857,-52.0981,38.155,85.0878,75.91,0.5428,Waning Gibbous,
2018-10-01,19:41:00,0.0,Moonless Night,-20.9,269.8257,-51.9527,38.4268,85.0968,75.92,0.5427,Waning Gibbous,
2018-10-01,19:42:00,0.0,Moonless Night,-21.1468,269.8657,-51.8065,38.6966,85.1057,75.93,0.5427,Waning Gibbous,
2018-10-01,19:43:00,0.0,Moonless Night,-21.3936,269.9058,-51.6595,38.9642,85.1147,75.94,0.5426,Waning Gibbous,
2018-10-01,19:44:00,0.0,Moonless Night,-21.6404,269.946,-51.5116,39.2298,85.1237,75.94,0.5425,Waning Gibbous,
2018-10-01,19:45:00,0.0,Moonless Night,-21.8871,269.9862,-51.3628,39.4933,85.1327,75.95,0.5424,Waning Gibbous,
2018-10-01,19:46:00,0.0,Moonless Night,-22.1339,270.0265,-51.2132,39.7548,85.1417,75.96,0.5423,Waning Gibbous,
2018-10-01,19:47:00,0.0,Moonless Night,-22.3807,270.0669,-51.0628,40.0142,85.1506,75.96,0.5423,Waning Gibbous,
2018-10-01,19:48:00,0.0,Moonless Night,-22.6275,270.1073,-50.9116,40.2716,85.1596,75.97,0.5422,Waning Gibbous,
2018-10-01,19:49:00,0.0,Moonless Night,-22.8743,270.1478,-50.7596,40.527,85.1686,75.98,0.5421,Waning Gibbous,
2018-10-01,19:50:00,0.0,Moonless Night,-23.121,270.1884,-50.6068,40.7803,85.1776,75.99,0.542,Waning Gibbous,
2018-10-01,19:51:00,0.0,Moonless Night,-23.3678,270.2291,-50.4532,41.0317,85.1866,75.99,0.542,Waning Gibbous,
2018-10-01,19:52:00,0.0,Moonless Night,-23.6146,270.2698,-50.2989,41.2811,85.1955,76.0,0.5419,Waning Gibbous,
2018-10-01,19:53:00,0.0,Moonless Night,-23.8614,270.3107,-50.1438,41.5286,85.2045,76.01,0.5418,Waning Gibbous,
2018-10-01,19:54:00,0.0,Moonless Night,-24.1081,270.3516,-49.9879,41.7741,85.2135,76.01,0.5417,Waning Gibbous,
2018-10-01,19:55:00,0.0,Moonless Night,-24.3549,270.3926,-49.8313,42.0176,85.2225,76.02,0.5416,Waning Gibbous,
2018-10-01,19:56:00,0.0,Moonless Night,-24.6017,270.4337,-49.6739,42.2592,85.2315,76.03,0.5416,Waning Gibbous,
2018-10-01,19:57:00,0.0,Moonless Night,-24.8485,270.4749,-49.5158,42.499,85.2405,76.04,0.5415,Waning Gibbous,
2018-10-01,19:58:00,0.0,Moonless Night,-25.0952,270.5162,-49.357,42.7368,85.2494,76.04,0.5414,Waning Gibbous,
2018-10-01,19:59:00,0.0,Moonless Night,-25.342,270.5575,-49.1975,42.9727,85.2584,76.05,0.5413,Waning Gibbous,
2018-10-01,20:00:00,0.0,Moonless Night,-25.5888,270.599,-49.0372,43.2068,85.2674,76.06,0.5413,Waning Gibbous,
2018-10-03,17:00:00,51275.0312,Daylit,18.4366,262.3434,-39.9341,305.1982,109.8372,91.67,0.3303,Waxing Gibbous,
2018-10-03,17:01:00,50727.0595,Daylit,18.192,262.3946,-40.1262,305.3477,109.8464,91.68,0.3303,Waxing Gibbous,
2018-10-03,17:02:00,50177.0615,Daylit,17.9473,262.4455,-40.3179,305.4984,109.8556,91.68,0.3302,Waxing Gibbous,
2018-10-03,17:03:00,49625.0239,Daylit,17.7027,262.4962,-40.5092,305.6503,109.8648,91.68,0.3301,Waxing Gibbous,
2018-10-03,17:04:00,49070.9328,Daylit,17.458,262.5467,-40.7001,305.8034,109.874,91.69,0.33,Waxing Gibbous,
2018-10-03,17:05:00,48514.7737,Daylit,17.2132,262.5969,-40.8907,305.9578,109.8832,91.69,0.3299,Waxing Gibbous,
2018-10-03,17:06:00,47956.5312,Daylit,16.9685,262.647,-41.0809,306.1133,109.8925,91.7,0.3299,Waxing Gibbous,
2018-10-03,17:07:00,47396.1896,Daylit,16.7237,262.6968,-41.2707,306.2701,109.9017,91.7,0.3298,Waxing Gibbous,
2018-10-03,17:08:00,46833.7321,Daylit,16.4789,262.7464,-41.4601,306.4282,109.9109,91.71,0.3297,Waxing Gibbous,
2018-10-03,17:09:00,46269.1413,Daylit,16.2341,262.7958,-41.6492,306.5876,109.9201,91.71,0.3296,Waxing Gibbous,
2018-10-03,17:10:00,45702.3992,Daylit,15.9892,262.8451,-41.8378,306.7482,109.9293,91.71,0.3296,Waxing Gibbous,
2018-10-03,17:11:00,45133.4866,Daylit,15.7443,262.8941,-42.026,306.9101,109.9385,91.72,0.3295,Waxing Gibbous,
2018-10-03,17:12:00,44562.3836,Daylit,15.4994,262.9429,-42.2139,307.0733,109.9477,91.72,0.3294,Waxing Gibbous,
2018-10-03,17:13:00,43989.0694,Daylit,15.2545,262.9915,-42.4013,307.2379,109.9569,91.73,0.3293,Waxing Gibbous,
2018-10-03,17:14:00,43413.5223,Daylit,15.0095,263.0399,-42.5883,307.4038,109.9661,91.73,0.3293,Waxing Gibbous,
2018-10-03,17:15:00,42835.7194,Daylit,14.7645,263.0881,-42.7749,307.571,109.9753,91.73,0.3292,Waxing Gibbous,
2018-10-03,17:16:00,42255.6368,Daylit,14.5195,263.1362,-42.9611,307.7396,109.9845,91.74,0.3291,Waxing Gibbous,
2018-10-03,17:17:00,41673.2494,Daylit,14.2745,263.184,-43.1469,307.9096,109.9937,91.74,0.329,Waxing Gibbous,
2018-10-03,17:18:00,41088.531,Daylit,14.0294,263.2317,-43.3322,308.0809,110.0029,91.75,0.329,Waxing Gibbous,
2018-10-03,17:19:00,40501.4542,Daylit,13.7843,263.2792,-43.5171,308.2536,110.0122,91.75,0.3289,Waxing Gibbous,
2018-10-03,17:20:00,39911.99,Daylit,13.5392,263.3265,-43.7015,308.4278,110.0214,91.76,0.3288,Waxing Gibbous,
2018-10-03,17:21:00,39320.1082,Daylit,13.2941,263.3736,-43.8855,308.6033,110.0306,91.76,0.3287,Waxing Gibbous,
2018-10-03,17:22:00,38725.777,Daylit,13.0489,263.4205,-44.0691,308.7803,110.0398,91.76,0.3287,Waxing Gibbous,
2018-10-03,17:23:00,38128.963,Daylit,12.8038,263.4673,-44.2521,308.9588,110.049,91.77,0.3286,Waxing Gibbous,
2018-10-03,17:24:00,37529.6312,Daylit,12.5586,263.5139,-44.4348,309.1387,110.0582,91.77,0.3285,Waxing Gibbous,
2018-10-03,17:25:00,36927.7446,Daylit,12.3133,263.5603,-44.6169,309.3201,110.0674,91.78,0.3284,Waxing Gibbous,
2018-10-03,17:26:00,36323.2646,Daylit,12.0681,263.6066,-44.7986,309.503,110.0766,91.78,0.3284,Waxing Gibbous,
2018-10-03,17:27:00,35716.1502,Daylit,11.8228,263.6527,-44.9798,309.6874,110.0858,91.79,0.3283,Waxing Gibbous,
2018-10-03,17:28:00,35106.3584,Daylit,11.5775,263.6986,-45.1605,309.8733,110.095,91.79,0.3282,Waxing Gibbous,
2018-10-03,17:29:00,34493.8439,Daylit,11.3322,263.7444,-45.3407,310.0607,110.1042,91.79,0.3281,Waxing Gibbous,
2018-10-03,17:30:00,33878.5588,Daylit,11.0869,263.79,-45.5204,310.2497,110.1135,91.8,0.3281,Waxing Gibbous,
2018-10-03,17:31:00,33260.4527,Daylit,10.8415,263.8355,-45.6996,310.4402,110.1227,91.8,0.328,Waxing Gibbous,
2018-10-03,17:32:00,32639.4721,Daylit,10.5962,263.8808,-45.8783,310.6323,110.1319,91.81,0.3279,Waxing Gibbous,
2018-10-03,17:33:00,32015.5606,Daylit,10.3508,263.9259,-46.0565,310.826,110.1411,91.81,0.3278,Waxing Gibbous,
2018-10-03,17:34:00,31388.6585,Daylit,10.1054,263.9709,-46.2342,311.0213,110.1503,91.82,0.3278,Waxing Gibbous,
2018-10-03,17:35:00,30758.7024,Daylit,9.8599,264.0158,-46.4113,311.2183,110.1595,91.82,0.3277,Waxing Gibbous,
2018-10-03,17:36:00,30125.6252,Daylit,9.6145,264.0605,-46.588,311.4168,110.1687,91.82,0.3276,Waxing Gibbous,
2018-10-03,17:37:00,29489.3555,Daylit,9.369,264.105,-46.764,311.617,110.1779,91.83,0.3275,Waxing Gibbous,
2018-10-03,17:38:00,28849.8174,Daylit,9.1235,264.1495,-46.9395,311.8189,110.1871,91.83,0.3275,Waxing Gibbous,
2018-10-03,17:39:00,28206.9302,Daylit,8.878,264.1937,-47.1145,312.0224,110.1963,91.84,0.3274,Waxing Gibbous,
2018-10-03,17:40:00,27560.6078,Daylit,8.6325,264.2379,-47.2889,312.2277,110.2056,91.84,0.3273,Waxing Gibbous,
2018-10-03,17:41:00,26910.7582,Daylit,8.3869,264.2819,-47.4627,312.4346,110.2148,91.84,0.3272,Waxing Gibbous,
2018-10-03,17:42:00,26257.2832,Daylit,8.1413,264.3257,-47.636,312.6433,110.224,91.85,0.3272,Waxing Gibbous,
2018-10-03,17:43:00,25600.0775,Daylit,7.8957,264.3695,-47.8087,312.8537,110.2332,91.85,0.3271,Waxing Gibbous,
2018-10-03,17:44:00,24939.0281,Daylit,7.6501,264.4131,-47.9808,313.0658,110.2424,91.86,0.327,Waxing Gibbous,
2018-10-03,17:45:00,24274.0135,Daylit,7.4045,264.4566,-48.1523,313.2797,110.2516,91.86,0.3269,Waxing Gibbous,
2018-10-03,17:46:00,23604.903,Daylit,7.1589,264.4999,-48.3232,313.4954,110.2608,91.87,0.3269,Waxing Gibbous,
2018-10-03,17:47:00,22931.5555,Daylit,6.9132,264.5431,-48.4934,313.7129,110.27,91.87,0.3268,Waxing Gibbous,
2018-10-03,17:48:00,22253.8181,Daylit,6.6675,264.5862,-48.6631,313.9322,110.2792,91.87,0.3267,Waxing Gibbous,
2018-10-03,17:49:00,21571.5252,Daylit,6.4218,264.6292,-48.8322,314.1534,110.2884,91.88,0.3266,Waxing Gibbous,
2018-10-03,17:50:00,20884.4965,Daylit,6.1761,264.672,-49.0006,314.3763,110.2977,91.88,0.3266,Waxing Gibbous,
2018-10-03,17:51:00,20192.5356,Daylit,5.9304,264.7148,-49.1683,314.6012,110.3069,91.89,0.3265,Waxing Gibbous,
2018-10-03,17:52:00,19495.4274,Daylit,5.6846,264.7574,-49.3354,314.8279,110.3161,91.89,0.3264,Waxing Gibbous,
2018-10-03,17:53:00,18792.9357,Daylit,5.4389,264.7999,-49.5019,315.0565,110.3253,91.89,0.3263,Waxing Gibbous,
2018-10-03,17:54:00,18084.8004,Daylit,5.1931,264.8423,-49.6677,315.287,110.3345,91.9,0.3262,Waxing Gibbous,
2018-10-03,17:55:00,17370.7334,Daylit,4.9473,264.8845,-49.8328,315.5195,110.3437,91.9,0.3262,Waxing Gibbous,
2018-10-03,17:56:00,16650.4146,Daylit,4.7015,264.9267,-49.9973,315.7538,110.3529,91.91,0.3261,Waxing Gibbous,
2018-10-03,17:57:00,15923.4863,Daylit,4.4557,264.9687,-50.161,315.9902,110.3621,91.91,0.326,Waxing Gibbous,
2018-10-03,17:58:00,15189.5469,Daylit,4.2098,265.0107,-50.3241,316.2285,110.3713,91.92,0.3259,Waxing Gibbous,
2018-10-03,17:59:00,14448.1421,Daylit,3.964,265.0525,-50.4865,316.4688,110.3806,91.92,0.3259,Waxing Gibbous,
2018-10-03,18:00:00,13698.755,Daylit,3.7181,265.0942,-50.6481,316.7111,110.3898,91.92,0.3258,Waxing Gibbous,
2018-10-03,18:01:00,12940.7928,Daylit,3.4722,265.1359,-50.809,316.9554,110.399,91.93,0.3257,Waxing Gibbous,
2018-10-03,18:02:00,12173.5694,Daylit,3.2263,265.1774,-50.9692,317.2017,110.4082,91.93,0.3256,Waxing Gibbous,
2018-10-03,18:03:00,11396.2826,Daylit,2.9804,265.2188,-51.1286,317.4501,110.4174,91.94,0.3256,Waxing Gibbous,
2018-10-03,18:04:00,10607.9836,Daylit,2.7344,265.2602,-51.2873,317.7005,110.4266,91.94,0.3255,Waxing Gibbous,
2018-10-03,18:05:00,9807.5349,Daylit,2.4885,265.3014,-51.4453,317.953,110.4358,91.95,0.3254,Waxing Gibbous,
2018-10-03,18:06:00,8993.5496,Daylit,2.2425,265.3426,-51.6024,318.2077,110.445,91.95,0.3253,Waxing Gibbous,
2018-10-03,18:07:00,8164.304,Daylit,1.9966,265.3836,-51.7588,318.4644,110.4542,91.95,0.3253,Waxing Gibbous,
2018-10-03,18:08:00,7317.6037,Daylit,1.7506,265.4246,-51.9144,318.7232,110.4635,91.96,0.3252,Waxing Gibbous,
2018-10-03,18:09:00,6450.5685,Daylit,1.5046,265.4654,-52.0692,318.9842,110.4727,91.96,0.3251,Waxing Gibbous,
2018-10-03,18:10:00,5559.2678,Daylit,1.2585,265.5062,-52.2232,319.2474,110.4819,91.97,0.325,Waxing Gibbous,
2018-10-03,18:11:00,4638.0453,Daylit,1.0125,265.5469,-52.3764,319.5127,110.4911,91.97,0.325,Waxing Gibbous,
2018-10-03,18:12:00,3678.122,Daylit,0.7665,265.5875,-52.5288,319.7802,110.5003,91.97,0.3249,Waxing Gibbous,
2018-10-03,18:13:00,2664.163,Daylit,0.5204,265.628,-52.6803,320.0498,110.5095,91.98,0.3248,Waxing Gibbous,
2018-10-03,18:14:00,1562.9025,Daylit,0.2743,265.6685,-52.8309,320.3217,110.5187,91.98,0.3247,Waxing Gibbous,
2018-10-03,18:15:00,235.1883,Daylit,0.0282,265.7088,-52.9808,320.5959,110.5279,91.99,0.3247,Waxing Gibbous,
2018-10-03,18:16:00,19.6593,Civil Twilight,-0.2179,265.7491,-53.1297,320.8722,110.5372,91.99,0.3246,Waxing Gibbous,
2018-10-03,18:17:00,18.8225,Civil Twilight,-0.464,265.7893,-53.2778,321.1509,110.5464,92.0,0.3245,Waxing Gibbous,
2018-10-03,18:18:00,17.9857,Civil Twilight,-0.7101,265.8294,-53.425,321.4318,110.5556,92.0,0.3244,Waxing Gibbous,
2018-10-03,18:19:00,17.1488,Civil Twilight,-0.9562,265.8695,-53.5713,321.7149,110.5648,92.0,0.3244,Waxing Gibbous,
2018-10-03,18:20:00,16.3119,Civil Twilight,-1.2024,265.9095,-53.7166,322.0004,110.574,92.01,0.3243,Waxing Gibbous,
2018-10-03,18:21:00,15.475,Civil Twilight,-1.4485,265.9494,-53.8611,322.2882,110.5832,92.01,0.3242,Waxing Gibbous,
2018-10-03,18:22:00,14.638,Civil Twilight,-1.6947,265.9892,-54.0046,322.5783,110.5924,92.02,0.3241,Waxing Gibbous,
2018-10-03,18:23:00,13.801,Civil Twilight,-1.9409,266.029,-54.1472,322.8707,110.6016,92.02,0.3241,Waxing Gibbous,
2018-10-03,18:24:00,12.9639,Civil Twilight,-2.1871,266.0687,-54.2888,323.1655,110.6109,92.02,0.324,Waxing Gibbous,
2018-10-03,18:25:00,12.1268,Civil Twilight,-2.4333,266.1083,-54.4295,323.4626,110.6201,92.03,0.3239,Waxing Gibbous,
2018-10-03,18:26:00,11.2896,Civil Twilight,-2.6795,266.1479,-54.5692,323.7621,110.6293,92.03,0.3238,Waxing Gibbous,
2018-10-03,18:27:00,10.4524,Civil Twilight,-2.9258,266.1874,-54.7079,324.064,110.6385,92.04,0.3238,Waxing Gibbous,
2018-10-03,18:28:00,9.6152,Civil Twilight,-3.172,266.2268,-54.8456,324.3683,110.6477,92.04,0.3237,Waxing Gibbous,
2018-10-03,18:29:00,8.778,Civil Twilight,-3.4182,266.2662,-54.9823,324.6749,110.6569,92.05,0.3236,Waxing Gibbous,
2018-10-03,18:30:00,7.9407,Civil Twilight,-3.6645,266.3055,-55.1179,324.984,110.6661,92.05,0.3235,Waxing Gibbous,
2018-10-03,18:31:00,7.1033,Civil Twilight,-3.9108,266.3448,-55.2526,325.2955,110.6753,92.05,0.3235,Waxing Gibbous,
2018-10-03,18:32:00,6.266,Civil Twilight,-4.1571,266.384,-55.3861,325.6094,110.6846,92.06,0.3234,Waxing Gibbous,
2018-10-03,18:33:00,5.4286,Civil Twilight,-4.4034,266.4231,-55.5187,325.9258,110.6938,92.06,0.3233,Waxing Gibbous,
2018-10-03,18:34:00,4.5911,Civil Twilight,-4.6497,266.4622,-55.6501,326.2446,110.703,92.07,0.3232,Waxing Gibbous,
2018-10-03,18:35:00,3.7536,Civil Twilight,-4.896,266.5013,-55.7805,326.5659,110.7122,92.07,0.3232,Waxing Gibbous,
2018-10-03,18:36:00,2.9161,Civil Twilight,-5.1423,266.5403,-55.9098,326.8896,110.7214,92.07,0.3231,Waxing Gibbous,
2018-10-03,18:37:00,2.0786,Civil Twilight,-5.3886,266.5792,-56.038,327.2158,110.7306,92.08,0.323,Waxing Gibbous,
2018-10-03,18:38:00,1.241,Civil Twilight,-5.635,266.6181,-56.165,327.5445,110.7398,92.08,0.3229,Waxing Gibbous,
2018-10-03,18:39:00,0.4034,Civil Twilight,-5.8814,266.657,-56.2909,327.8757,110.7491,92.09,0.3229,Waxing Gibbous,
2018-10-03,18:40:00,0.5872,Nautical Twilight,-6.1277,266.6958,-56.4157,328.2093,110.7583,92.09,0.3228,Waxing Gibbous,
2018-10-03,18:41:00,0.5626,Nautical Twilight,-6.3741,266.7345,-56.5393,328.5455,110.7675,92.09,0.3227,Waxing Gibbous,
2018-10-03,18:42:00,0.538,Nautical Twilight,-6.6205,266.7733,-56.6617,328.8841,110.7767,92.1,0.3226,Waxing Gibbous,
2018-10-03,18:43:00,0.5133,Nautical Twilight,-6.8669,266.8119,-56.783,329.2252,110.7859,92.1,0.3226,Waxing Gibbous,
2018-10-03,18:44:00,0.4887,Nautical Twilight,-7.1133,266.8506,-56.9031,329.5689,110.7951,92.11,0.3225,Waxing Gibbous,
2018-10-03,18:45:00,0.464,Nautical Twilight,-7.3597,266.8892,-57.0219,329.915,110.8043,92.11,0.3224,Waxing Gibbous,
2018-10-03,18:46:00,0.4394,Nautical Twilight,-7.6061,266.9277,-57.1395,330.2637,110.8136,92.12,0.3223,Waxing Gibbous,
2018-10-03,18:47:00,0.4147,Nautical Twilight,-7.8525,266.9662,-57.2559,330.6148,110.8228,92.12,0.3223,Waxing Gibbous,
2018-10-03,18:48:00,0.3901,Nautical Twilight,-8.099,267.0047,-57.3711,330.9685,110.832,92.12,0.3222,Waxing Gibbous,
2018-10-03,18:49:00,0.3655,Nautical Twilight,-8.3454,267.0432,-57.4849,331.3246,110.8412,92.13,0.3221,Waxing Gibbous,
2018-10-03,18:50:00,0.3408,Nautical Twilight,-8.5919,267.0816,-57.5975,331.6833,110.8504,92.13,0.322,Waxing Gibbous,
2018-10-03,18:51:00,0.3162,Nautical Twilight,-8.8383,267.12,-57.7089,332.0444,110.8596,92.14,0.322,Waxing Gibbous,
2018-10-03,18:52:00,0.2915,Nautical Twilight,-9.0848,267.1584,-57.8189,332.4081,110.8688,92.14,0.3219,Waxing Gibbous,
2018-10-03,18:53:00,0.2669,Nautical Twilight,-9.3313,267.1967,-57.9276,332.7742,110.8781,92.14,0.3218,Waxing Gibbous,
2018-10-03,18:54:00,0.2422,Nautical Twilight,-9.5778,267.235,-58.0349,333.1429,110.8873,92.15,0.3217,Waxing Gibbous,
2018-10-03,18:55:00,0.2176,Nautical Twilight,-9.8243,267.2733,-58.141,333.514,110.8965,92.15,0.3217,Waxing Gibbous,
2018-10-03,18:56:00,0.1929,Nautical Twilight,-10.0708,267.3116,-58.2456,333.8876,110.9057,92.16,0.3216,Waxing Gibbous,
2018-10-03,18:57:00,0.1683,Nautical Twilight,-10.3173,267.3498,-58.3489,334.2637,110.9149,92.16,0.3215,Waxing Gibbous,
2018-10-03,18:58:00,0.1436,Nautical Twilight,-10.5638,267.388,-58.4508,334.6422,110.9241,92.16,0.3214,Waxing Gibbous,
2018-10-03,18:59:00,0.119,Nautical Twilight,-10.8103,267.4262,-58.5514,335.0231,110.9333,92.17,0.3214,Waxing Gibbous,
2018-10-03,19:00:00,0.0943,Nautical Twilight,-11.0569,267.4644,-58.6505,335.4065,110.9426,92.17,0.3213,Waxing Gibbous,
2018-10-03,19:01:00,0.0697,Nautical Twilight,-11.3034,267.5026,-58.7482,335.7924,110.9518,92.18,0.3212,Waxing Gibbous,
2018-10-03,19:02:00,0.045,Nautical Twilight,-11.55,267.5407,-58.8444,336.1806,110.961,92.18,0.3211,Waxing Gibbous,
2018-10-03,19:03:00,0.0203,Nautical Twilight,-11.7965,267.5789,-58.9392,336.5713,110.9702,92.19,0.3211,Waxing Gibbous,
2018-10-03,19:04:00,0.006,Astronomical Twilight,-12.0431,267.617,-59.0326,336.9643,110.9794,92.19,0.321,Waxing Gibbous,
2018-10-03,19:05:00,0.0057,Astronomical Twilight,-12.2896,267.6551,-59.1244,337.3597,110.9886,92.19,0.3209,Waxing Gibbous,
2018-10-03,19:06:00,0.0055,Astronomical Twilight,-12.5362,267.6932,-59.2148,337.7574,110.9979,92.2,0.3208,Waxing Gibbous,
2018-10-03,19:07:00,0.0052,Astronomical Twilight,-12.7828,267.7313,-59.3037,338.1575,111.0071,92.2,0.3208,Waxing Gibbous,
2018-10-03,19:08:00,0.005,Astronomical Twilight,-13.0294,267.7694,-59.391,338.5599,111.0163,92.21,0.3207,Waxing Gibbous,
2018-10-03,19:09:00,0.0047,Astronomical Twilight,-13.276,267.8074,-59.4769,338.9646,111.0255,92.21,0.3206,Waxing Gibbous,
2018-10-03,19:10:00,0.0045,Astronomical Twilight,-13.5226,267.8455,-59.5611,339.3715,111.0347,92.21,0.3205,Waxing Gibbous,
2018-10-03,19:11:00,0.0042,Astronomical Twilight,-13.7692,267.8836,-59.6439,339.7808,111.0439,92.22,0.3205,Waxing Gibbous,
2018-10-03,19:12:00,0.004,Astronomical Twilight,-14.0158,267.9217,-59.7251,340.1922,111.0532,92.22,0.3204,Waxing Gibbous,
2018-10-03,19:13:00,0.0037,Astronomical Twilight,-14.2624,267.9597,-59.8046,340.6058,111.0624,92.23,0.3203,Waxing Gibbous,
2018-10-03,19:14:00,0.0035,Astronomical Twilight,-14.509,267.9978,-59.8826,341.0216,111.0716,92.23,0.3202,Waxing Gibbous,
2018-10-03,19:15:00,0.0032,Astronomical Twilight,-14.7557,268.0359,-59.959,341.4396,111.0808,92.23,0.3202,Waxing Gibbous,
2018-10-03,19:16:00,0.003,Astronomical Twilight,-15.0023,268.0739,-60.0338,341.8597,111.09,92.24,0.3201,Waxing Gibbous,
2018-10-03,19:17:00,0.0028,Astronomical Twilight,-15.2489,268.112,-60.107,342.2818,111.0992,92.24,0.32,Waxing Gibbous,
2018-10-03,19:18:00,0.0025,Astronomical Twilight,-15.4956,268.1501,-60.1785,342.706,111.1085,92.25,0.3199,Waxing Gibbous,
2018-10-03,19:19:00,0.0023,Astronomical Twilight,-15.7422,268.1882,-60.2483,343.1323,111.1177,92.25,0.3199,Waxing Gibbous,
2018-10-03,19:20:00,0.002,Astronomical Twilight,-15.9889,268.2263,-60.3165,343.5605,111.1269,92.26,0.3198,Waxing Gibbous,
2018-10-03,19:21:00,0.0018,Astronomical Twilight,-16.2356,268.2644,-60.3831,343.9907,111.1361,92.26,0.3197,Waxing Gibbous,
2018-10-03,19:22:00,0.0015,Astronomical Twilight,-16.4822,268.3026,-60.4479,344.4228,111.1453,92.26,0.3196,Waxing Gibbous,
2018-10-03,19:23:00,0.0013,Astronomical Twilight,-16.7289,268.3407,-60.511,344.8568,111.1545,92.27,0.3196,Waxing Gibbous,
2018-10-03,19:24:00,0.001,Astronomical Twilight,-16.9756,268.3789,-60.5725,345.2926,111.1638,92.27,0.3195,Waxing Gibbous,
2018-10-03,19:25:00,0.0008,Astronomical Twilight,-17.2223,268.417,-60.6322,345.7303,111.173,92.28,0.3194,Waxing Gibbous,
2018-10-03,19:26:00,0.0005,Astronomical Twilight,-17.4689,268.4552,-60.6902,346.1697,111.1822,92.28,0.3193,Waxing Gibbous,
2018-10-03,19:27:00,0.0003,Astronomical Twilight,-17.7156,268.4934,-60.7464,346.6108,111.1914,92.28,0.3193,Waxing Gibbous,
2018-10-03,19:28:00,0.0,Astronomical Twilight,-17.9623,268.5317,-60.8009,347.0536,111.2006,92.29,0.3192,Waxing Gibbous,
2018-10-03,19:29:00,0.0,Moonless Night,-18.209,268.5699,-60.8536,347.4981,111.2098,92.29,0.3191,Waxing Gibbous,
2018-10-03,19:30:00,0.0,Moonless Night,-18.4557,268.6082,-60.9046,347.9441,111.2191,92.3,0.319,Waxing Gibbous,
2018-10-03,19:31:00,0.0,Moonless Night,-18.7024,268.6465,-60.9538,348.3917,111.2283,92.3,0.319,Waxing Gibbous,
2018-10-03,19:32:00,0.0,Moonless Night,-18.9491,268.6849,-61.0012,348.8408,111.2375,92.3,0.3189,Waxing Gibbous,
2018-10-03,19:33:00,0.0,Moonless Night,-19.1958,268.7232,-61.0468,349.2913,111.2467,92.31,0.3188,Waxing Gibbous,
2018-10-03,19:34:00,0.0,Moonless Night,-19.4426,268.7616,-61.0906,349.7433,111.2559,92.31,0.3187,Waxing Gibbous,
2018-10-03,19:35:00,0.0,Moonless Night,-19.6893,268.8001,-61.1326,350.1966,111.2651,92.32,0.3187,Waxing Gibbous,
2018-10-03,19:36:00,0.0,Moonless Night,-19.936,268.8385,-61.1727,350.6511,111.2744,92.32,0.3186,Waxing Gibbous,
2018-10-03,19:37:00,0.0,Moonless Night,-20.1827,268.877,-61.2111,351.107,111.2836,92.32,0.3185,Waxing Gibbous,
2018-10-03,19:38:00,0.0,Moonless Night,-20.4295,268.9155,-61.2476,351.564,111.2928,92.33,0.3184,Waxing Gibbous,
2018-10-03,19:39:00,0.0,Moonless Night,-20.6762,268.9541,-61.2822,352.0222,111.302,92.33,0.3184,Waxing Gibbous,
2018-10-03,19:40:00,0.0,Moonless Night,-20.9229,268.9927,-61.315,352.4814,111.3112,92.34,0.3183,Waxing Gibbous,
2018-10-03,19:41:00,0.0,Moonless Night,-21.1697,269.0314,-61.346,352.9417,111.3204,92.34,0.3182,Waxing Gibbous,
2018-10-03,19:42:00,0.0,Moonless Night,-21.4164,269.0701,-61.3751,353.4029,111.3297,92.34,0.3181,Waxing Gibbous,
2018-10-03,19:43:00,0.0,Moonless Night,-21.6632,269.1088,-61.4023,353.8651,111.3389,92.35,0.3181,Waxing Gibbous,
2018-10-03,19:44:00,0.0,Moonless Night,-21.9099,269.1476,-61.4277,354.3281,111.3481,92.35,0.318,Waxing Gibbous,
2018-10-03,19:45:00,0.0,Moonless Night,-22.1566,269.1864,-61.4511,354.7919,111.3573,92.36,0.3179,Waxing Gibbous,
2018-10-03,19:46:00,0.0,Moonless Night,-22.4034,269.2253,-61.4727,355.2565,111.3665,92.36,0.3178,Waxing Gibbous,
2018-10-03,19:47:00,0.0,Moonless Night,-22.6502,269.2643,-61.4924,355.7217,111.3758,92.36,0.3178,Waxing Gibbous,
2018-10-03,19:48:00,0.0,Moonless Night,-22.8969,269.3033,-61.5103,356.1875,111.385,92.37,0.3177,Waxing Gibbous,
2018-10-03,19:49:00,0.0,Moonless Night,-23.1437,269.3423,-61.5262,356.6539,111.3942,92.37,0.3176,Waxing Gibbous,
2018-10-03,19:50:00,0.0,Moonless Night,-23.3904,269.3814,-61.5402,357.1208,111.4034,92.38,0.3175,Waxing Gibbous,
2018-10-03,19:51:00,0.0,Moonless Night,-23.6372,269.4206,-61.5523,357.5882,111.4126,92.38,0.3175,Waxing Gibbous,
2018-10-03,19:52:00,0.0,Moonless Night,-23.8839,269.4598,-61.5626,358.0559,111.4219,92.39,0.3174,Waxing Gibbous,
2018-10-03,19:53:00,0.0,Moonless Night,-24.1307,269.4991,-61.5709,358.5239,111.4311,92.39,0.3173,Waxing Gibbous,
2018-10-03,19:54:00,0.0,Moonless Night,-24.3775,269.5384,-61.5773,358.9922,111.4403,92.39,0.3172,Waxing Gibbous,
2018-10-03,19:55:00,0.0,Moonless Night,-24.6242,269.5779,-61.5818,359.4606,111.4495,92.4,0.3172,Waxing Gibbous,
2018-10-03,19:56:00,0.0,Moonless Night,-24.871,269.6173,-61.5844,359.9292,111.4587,92.4,0.3171,Waxing Gibbous,
2018-10-03,19:57:00,0.0,Moonless Night,-25.1178,269.6569,-61.5851,0.3978,111.4679,92.41,0.317,Waxing Gibbous,
2018-10-03,19:58:00,0.0,Moonless Night,-25.3646,269.6965,-61.5838,0.8664,111.4772,92.41,0.3169,Waxing Gibbous,
2018-10-03,19:59:00,0.0,Moonless Night,-25.6113,269.7362,-61.5807,1.335,111.4864,92.41,0.3169,Waxing Gibbous,
2018-10-03,20:00:00,0.0,Moonless Night,-25.8581,269.776,-61.5757,1.8034,111.4956,92.42,0.3168,Waxing Gibbous,
2018-10-05,17:00:00,50601.7243,Daylit,18.1361,261.5799,-17.8845,287.6356,136.5543,99.26,0.137,Waxing Crescent,
2018-10-05,17:01:00,50052.3776,Daylit,17.892,261.6319,-18.1103,287.6939,136.5636,99.26,0.1369,Waxing Crescent,
2018-10-05,17:02:00,49500.9876,Daylit,17.6478,261.6837,-18.3361,287.7527,136.5729,99.26,0.1369,Waxing Crescent,
2018-10-05,17:03:00,48947.5402,Daylit,17.4036,261.7352,-18.5617,287.8118,136.5822,99.26,0.1368,Waxing Crescent,
2018-10-05,17:04:00,48392.021,Daylit,17.1593,261.7865,-18.7873,287.8713,136.5915,99.26,0.1368,Waxing Crescent,
2018-10-05,17:05:00,47834.4144,Daylit,16.9151,261.8376,-19.0128,287.9312,136.6008,99.26,0.1367,Waxing Crescent,
2018-10-05,17:06:00,47274.7047,Daylit,16.6708,261.8885,-19.2381,287.9915,136.6101,99.26,0.1367,Waxing Crescent,
2018-10-05,17:07:00,46712.8749,Daylit,16.4264,261.9391,-19.4634,288.0521,136.6194,99.27,0.1366,Waxing Crescent,
2018-10-05,17:08:00,46148.9078,Daylit,16.1821,261.9895,-19.6887,288.1132,136.6287,99.27,0.1365,Waxing Crescent,
2018-10-05,17:09:00,45582.7849,Daylit,15.9377,262.0396,-19.9138,288.1747,136.638,99.27,0.1365,Waxing Crescent,
2018-10-05,17:10:00,45014.4871,Daylit,15.6932,262.0896,-20.1388,288.2366,136.6473,99.27,0.1364,Waxing Crescent,
2018-10-05,17:11:00,44443.9945,Daylit,15.4488,262.1393,-20.3638,288.2989,136.6567,99.27,0.1364,Waxing Crescent,
2018-10-05,17:12:00,43871.2862,Daylit,15.2043,262.1889,-20.5886,288.3617,136.666,99.27,0.1363,Waxing Crescent,
2018-10-05,17:13:00,43296.3401,Daylit,14.9598,262.2382,-20.8134,288.4248,136.6753,99.27,0.1363,Waxing Crescent,
2018-10-05,17:14:00,42719.1335,Daylit,14.7152,262.2873,-21.038,288.4884,136.6846,99.27,0.1362,Waxing Crescent,
2018-10-05,17:15:00,42139.6422,Daylit,14.4706,262.3362,-21.2626,288.5524,136.6939,99.28,0.1362,Waxing Crescent,
2018-10-05,17:16:00,41557.8411,Daylit,14.226,262.3849,-21.4871,288.6168,136.7032,99.28,0.1361,Waxing Crescent,
2018-10-05,17:17:00,40973.7038,Daylit,13.9814,262.4334,-21.7115,288.6816,136.7125,99.28,0.136,Waxing Crescent,
2018-10-05,17:18:00,40387.2026,Daylit,13.7368,262.4817,-21.9357,288.7469,136.7218,99.28,0.136,Waxing Crescent,
2018-10-05,17:19:00,39798.3087,Daylit,13.4921,262.5298,-22.1599,288.8127,136.7311,99.28,0.1359,Waxing Crescent,
2018-10-05,17:20:00,39206.9915,Daylit,13.2474,262.5777,-22.384,288.8788,136.7404,99.28,0.1359,Waxing Crescent,
2018-10-05,17:21:00,38613.219,Daylit,13.0026,262.6254,-22.608,288.9455,136.7497,99.28,0.1358,Waxing Crescent,
2018-10-05,17:22:00,38016.9578,Daylit,12.7579,262.6729,-22.8319,289.0125,136.759,99.28,0.1358,Waxing Crescent,
2018-10-05,17:23:00,37418.1727,Daylit,12.5131,262.7202,-23.0557,289.0801,136.7684,99.28,0.1357,Waxing Crescent,
2018-10-05,17:24:00,36816.8264,Daylit,12.2683,262.7674,-23.2794,289.148,136.7777,99.29,0.1356,Waxing Crescent,
2018-10-05,17:25:00,36212.88,Daylit,12.0234,262.8144,-23.503,289.2165,136.787,99.29,0.1356,Waxing Crescent,
2018-10-05,17:26:00,35606.2925,Daylit,11.7786,262.8612,-23.7265,289.2854,136.7963,99.29,0.1355,Waxing Crescent,
2018-10-05,17:27:00,34997.0205,Daylit,11.5337,262.9078,-23.9499,289.3548,136.8056,99.29,0.1355,Waxing Crescent,
2018-10-05,17:28:00,34385.0186,Daylit,11.2888,262.9542,-24.1732,289.4247,136.8149,99.29,0.1354,Waxing Crescent,
2018-10-05,17:29:00,33770.2385,Daylit,11.0438,263.0005,-24.3963,289.495,136.8242,99.29,0.1354,Waxing Crescent,
2018-10-05,17:30:00,33152.6296,Daylit,10.7989,263.0466,-24.6194,289.5659,136.8335,99.29,0.1353,Waxing Crescent,
2018-10-05,17:31:00,32532.138,Daylit,10.5539,263.0925,-24.8424,289.6372,136.8428,99.29,0.1353,Waxing Crescent,
2018-10-05,17:32:00,31908.707,Daylit,10.3089,263.1382,-25.0652,289.709,136.8521,99.29,0.1352,Waxing Crescent,
2018-10-05,17:33:00,31282.2765,Daylit,10.0638,263.1838,-25.288,289.7814,136.8614,99.3,0.1351,Waxing Crescent,
2018-10-05,17:34:00,30652.7829,Daylit,9.8188,263.2293,-25.5106,289.8542,136.8707,99.3,0.1351,Waxing Crescent,
2018-10-05,17:35:00,30020.1584,Daylit,9.5737,263.2745,-25.7331,289.9275,136.88,99.3,0.135,Waxing Crescent,
2018-10-05,17:36:00,29384.3313,Daylit,9.3286,263.3196,-25.9555,290.0014,136.8894,99.3,0.135,Waxing Crescent,
2018-10-05,17:37:00,28745.2252,Daylit,9.0835,263.3646,-26.1778,290.0757,136.8987,99.3,0.1349,Waxing Crescent,
2018-10-05,17:38:00,28102.7589,Daylit,8.8383,263.4094,-26.4,290.1506,136.908,99.3,0.1349,Waxing Crescent,
2018-10-05,17:39:00,27456.8457,Daylit,8.5932,263.454,-26.6221,290.226,136.9173,99.3,0.1348,Waxing Crescent,
2018-10-05,17:40:00,26807.3929,Daylit,8.348,263.4985,-26.844,290.302,136.9266,99.3,0.1348,Waxing Crescent,
2018-10-05,17:41:00,26154.3016,Daylit,8.1028,263.5428,-27.0659,290.3785,136.9359,99.31,0.1347,Waxing Crescent,
2018-10-05,17:42:00,25497.4658,Daylit,7.8575,263.587,-27.2876,290.4555,136.9452,99.31,0.1346,Waxing Crescent,
2018-10-05,17:43:00,24836.7716,Daylit,7.6123,263.631,-27.5092,290.5331,136.9545,99.31,0.1346,Waxing Crescent,
2018-10-05,17:44:00,24172.0966,Daylit,7.367,263.6749,-27.7306,290.6112,136.9638,99.31,0.1345,Waxing Crescent,
2018-10-05,17:45:00,23503.3091,Daylit,7.1217,263.7187,-27.952,290.6899,136.9731,99.31,0.1345,Waxing Crescent,
2018-10-05,17:46:00,22830.2666,Daylit,6.8764,263.7623,-28.1732,290.7691,136.9824,99.31,0.1344,Waxing Crescent,
2018-10-05,17:47:00,22152.8152,Daylit,6.6311,263.8058,-28.3943,290.849,136.9917,99.31,0.1344,Waxing Crescent,
2018-10-05,17:48:00,21470.7877,Daylit,6.3857,263.8491,-28.6153,290.9294,137.001,99.31,0.1343,Waxing Crescent,
2018-10-05,17:49:00,20784.0023,Daylit,6.1403,263.8923,-28.8362,291.0103,137.0104,99.31,0.1343,Waxing Crescent,
2018-10-05,17:50:00,20092.2606,Daylit,5.8949,263.9354,-29.0569,291.0919,137.0197,99.32,0.1342,Waxing Crescent,
2018-10-05,17:51:00,19395.3454,Daylit,5.6495,263.9783,-29.2775,291.1741,137.029,99.32,0.1342,Waxing Crescent,
2018-10-05,17:52:00,18693.0181,Daylit,5.4041,264.0211,-29.498,291.2568,137.0383,99.32,0.1341,Waxing Crescent,
2018-10-05,17:53:00,17985.0159,Daylit,5.1586,264.0638,-29.7183,291.3402,137.0476,99.32,0.134,Waxing Crescent,
2018-10-05,17:54:00,17271.0474,Daylit,4.9132,264.1064,-29.9385,291.4241,137.0569,99.32,0.134,Waxing Crescent,
2018-10-05,17:55:00,16550.7888,Daylit,4.6677,264.1488,-30.1586,291.5087,137.0662,99.32,0.1339,Waxing Crescent,
2018-10-05,17:56:00,15823.8781,Daylit,4.4222,264.1911,-30.3785,291.5939,137.0755,99.32,0.1339,Waxing Crescent,
2018-10-05,17:57:00,15089.9083,Daylit,4.1766,264.2333,-30.5983,291.6798,137.0848,99.32,0.1338,Waxing Crescent,
2018-10-05,17:58:00,14348.419,Daylit,3.9311,264.2753,-30.8179,291.7662,137.0941,99.32,0.1338,Waxing Crescent,
2018-10-05,17:59:00,13598.8857,Daylit,3.6855,264.3173,-31.0374,291.8533,137.1034,99.33,0.1337,Waxing Crescent,
2018-10-05,18:00:00,12840.7065,Daylit,3.4399,264.3591,-31.2568,291.9411,137.1127,99.33,0.1337,Waxing Crescent,
2018-10-05,18:01:00,12073.1836,Daylit,3.1943,264.4008,-31.4761,292.0295,137.122,99.33,0.1336,Waxing Crescent,
2018-10-05,18:02:00,11295.5008,Daylit,2.9487,264.4424,-31.6951,292.1186,137.1314,99.33,0.1335,Waxing Crescent,
2018-10-05,18:03:00,10506.6908,Daylit,2.7031,264.4839,-31.9141,292.2083,137.1407,99.33,0.1335,Waxing Crescent,
2018-10-05,18:04:00,9705.5918,Daylit,2.4575,264.5253,-32.1329,292.2987,137.15,99.33,0.1334,Waxing Crescent,
2018-10-05,18:05:00,8890.785,Daylit,2.2118,264.5666,-32.3515,292.3898,137.1593,99.33,0.1334,Waxing Crescent,
2018-10-05,18:06:00,8060.5022,Daylit,1.9661,264.6077,-32.57,292.4816,137.1686,99.33,0.1333,Waxing Crescent,
2018-10-05,18:07:00,7212.4853,Daylit,1.7204,264.6488,-32.7884,292.5741,137.1779,99.33,0.1333,Waxing Crescent,
2018-10-05,18:08:00,6343.759,Daylit,1.4747,264.6897,-33.0066,292.6673,137.1872,99.34,0.1332,Waxing Crescent,
2018-10-05,18:09:00,5450.2412,Daylit,1.229,264.7306,-33.2246,292.7612,137.1965,99.34,0.1332,Waxing Crescent,
2018-10-05,18:10:00,4526.0154,Daylit,0.9832,264.7713,-33.4425,292.8558,137.2058,99.34,0.1331,Waxing Crescent,
2018-10-05,18:11:00,3561.7983,Daylit,0.7374,264.812,-33.6602,292.9511,137.2151,99.34,0.133,Waxing Crescent,
2018-10-05,18:12:00,2541.0799,Daylit,0.4917,264.8525,-33.8777,293.0472,137.2244,99.34,0.133,Waxing Crescent,
2018-10-05,18:13:00,1426.6691,Daylit,0.2459,264.893,-34.0951,293.144,137.2337,99.34,0.1329,Waxing Crescent,
2018-10-05,18:14:00,1.5055,Daylit,0.0001,264.9333,-34.3124,293.2416,137.243,99.34,0.1329,Waxing Crescent,
2018-10-05,18:15:00,19.5644,Civil Twilight,-0.2458,264.9736,-34.5295,293.3399,137.2524,99.34,0.1328,Waxing Crescent,
2018-10-05,18:16:00,18.7286,Civil Twilight,-0.4916,265.0138,-34.7464,293.439,137.2617,99.35,0.1328,Waxing Crescent,
2018-10-05,18:17:00,17.8927,Civil Twilight,-0.7375,265.0539,-34.9631,293.5388,137.271,99.35,0.1327,Waxing Crescent,
2018-10-05,18:18:00,17.0567,Civil Twilight,-0.9833,265.0939,-35.1797,293.6395,137.2803,99.35,0.1327,Waxing Crescent,
2018-10-05,18:19:00,16.2207,Civil Twilight,-1.2292,265.1338,-35.3961,293.7409,137.2896,99.35,0.1326,Waxing Crescent,
2018-10-05,18:20:00,15.3846,Civil Twilight,-1.4751,265.1736,-35.6123,293.8431,137.2989,99.35,0.1325,Waxing Crescent,
2018-10-05,18:21:00,14.5485,Civil Twilight,-1.721,265.2133,-35.8283,293.9461,137.3082,99.35,0.1325,Waxing Crescent,
2018-10-05,18:22:00,13.7124,Civil Twilight,-1.9669,265.253,-36.0442,294.05,137.3175,99.35,0.1324,Waxing Crescent,
2018-10-05,18:23:00,12.8762,Civil Twilight,-2.2129,265.2925,-36.2599,294.1547,137.3268,99.35,0.1324,Waxing Crescent,
2018-10-05,18:24:00,12.0399,Civil Twilight,-2.4588,265.332,-36.4754,294.2602,137.3361,99.35,0.1323,Waxing Crescent,
2018-10-05,18:25:00,11.2036,Civil Twilight,-2.7048,265.3714,-36.6907,294.3665,137.3454,99.36,0.1323,Waxing Crescent,
2018-10-05,18:26:00,10.3673,Civil Twilight,-2.9508,265.4108,-36.9058,294.4737,137.3547,99.36,0.1322,Waxing Crescent,
2018-10-05,18:27:00,9.5309,Civil Twilight,-3.1968,265.45,-37.1208,294.5818,137.364,99.36,0.1322,Waxing Crescent,
2018-10-05,18:28:00,8.6945,Civil Twilight,-3.4428,265.4892,-37.3355,294.6907,137.3733,99.36,0.1321,Waxing Crescent,
2018-10-05,18:29:00,7.858,Civil Twilight,-3.6888,265.5283,-37.5501,294.8005,137.3827,99.36,0.1321,Waxing Crescent,
2018-10-05,18:30:00,7.0215,Civil Twilight,-3.9349,265.5673,-37.7644,294.9112,137.392,99.36,0.132,Waxing Crescent,
2018-10-05,18:31:00,6.1849,Civil Twilight,-4.1809,265.6063,-37.9786,295.0228,137.4013,99.36,0.1319,Waxing Crescent,
2018-10-05,18:32:00,5.3483,Civil Twilight,-4.427,265.6452,-38.1926,295.1353,137.4106,99.36,0.1319,Waxing Crescent,
2018-10-05,18:33:00,4.5117,Civil Twilight,-4.673,265.684,-38.4063,295.2488,137.4199,99.36,0.1318,Waxing Crescent,
2018-10-05,18:34:00,3.675,Civil Twilight,-4.9191,265.7228,-38.6199,295.3631,137.4292,99.37,0.1318,Waxing Crescent,
2018-10-05,18:35:00,2.8383,Civil Twilight,-5.1652,265.7615,-38.8333,295.4785,137.4385,99.37,0.1317,Waxing Crescent,
2018-10-05,18:36:00,2.0015,Civil Twilight,-5.4113,265.8001,-39.0464,295.5947,137.4478,99.37,0.1317,Waxing Crescent,
2018-10-05,18:37:00,1.1647,Civil Twilight,-5.6574,265.8387,-39.2594,295.7119,137.4571,99.37,0.1316,Waxing Crescent,
2018-10-05,18:38:00,0.3278,Civil Twilight,-5.9036,265.8772,-39.4721,295.8301,137.4664,99.37,0.1316,Waxing Crescent,
2018-10-05,18:39:00,0.585,Nautical Twilight,-6.1497,265.9156,-39.6846,295.9493,137.4757,99.37,0.1315,Waxing Crescent,
2018-10-05,18:40:00,0.5604,Nautical Twilight,-6.3959,265.954,-39.8969,296.0695,137.485,99.37,0.1314,Waxing Crescent,
2018-10-05,18:41:00,0.5358,Nautical Twilight,-6.6421,265.9924,-40.1089,296.1907,137.4943,99.37,0.1314,Waxing Crescent,
2018-10-05,18:42:00,0.5112,Nautical Twilight,-6.8882,266.0306,-40.3208,296.3129,137.5036,99.37,0.1313,Waxing Crescent,
2018-10-05,18:43:00,0.4866,Nautical Twilight,-7.1344,266.0688,-40.5324,296.4362,137.513,99.38,0.1313,Waxing Crescent,
2018-10-05,18:44:00,0.4619,Nautical Twilight,-7.3806,266.107,-40.7438,296.5605,137.5223,99.38,0.1312,Waxing Crescent,
2018-10-05,18:45:00,0.4373,Nautical Twilight,-7.6268,266.1451,-40.9549,296.6858,137.5316,99.38,0.1312,Waxing Crescent,
2018-10-05,18:46:00,0.4127,Nautical Twilight,-7.8731,266.1832,-41.1658,296.8122,137.5409,99.38,0.1311,Waxing Crescent,
2018-10-05,18:47:00,0.3881,Nautical Twilight,-8.1193,266.2212,-41.3765,296.9397,137.5502,99.38,0.1311,Waxing Crescent,
2018-10-05,18:48:00,0.3634,Nautical Twilight,-8.3655,266.2592,-41.587,297.0683,137.5595,99.38,0.131,Waxing Crescent,
2018-10-05,18:49:00,0.3388,Nautical Twilight,-8.6118,266.2971,-41.7972,297.198,137.5688,99.38,0.131,Waxing Crescent,
2018-10-05,18:50:00,0.3142,Nautical Twilight,-8.8581,266.335,-42.0071,297.3288,137.5781,99.38,0.1309,Waxing Crescent,
2018-10-05,18:51:00,0.2896,Nautical Twilight,-9.1043,266.3728,-42.2168,297.4607,137.5874,99.38,0.1308,Waxing Crescent,
2018-10-05,18:52:00,0.2649,Nautical Twilight,-9.3506,266.4106,-42.4262,297.5938,137.5967,99.38,0.1308,Waxing Crescent,
2018-10-05,18:53:00,0.2403,Nautical Twilight,-9.5969,266.4483,-42.6354,297.7281,137.606,99.39,0.1307,Waxing Crescent,
2018-10-05,18:54:00,0.2157,Nautical Twilight,-9.8432,266.486,-42.8444,297.8635,137.6153,99.39,0.1307,Waxing Crescent,
2018-10-05,18:55:00,0.191,Nautical Twilight,-10.0896,266.5237,-43.053,298.0001,137.6246,99.39,0.1306,Waxing Crescent,
2018-10-05,18:56:00,0.1664,Nautical Twilight,-10.3359,266.5613,-43.2614,298.1379,137.6339,99.39,0.1306,Waxing Crescent,
2018-10-05,18:57:00,0.1418,Nautical Twilight,-10.5822,266.5989,-43.4695,298.2769,137.6432,99.39,0.1305,Waxing Crescent,
2018-10-05,18:58:00,0.1171,Nautical Twilight,-10.8286,266.6365,-43.6774,298.4172,137.6526,99.39,0.1305,Waxing Crescent,
2018-10-05,18:59:00,0.0925,Nautical Twilight,-11.0749,266.674,-43.885,298.5587,137.6619,99.39,0.1304,Waxing Crescent,
2018-10-05,19:00:00,0.0679,Nautical Twilight,-11.3213,266.7115,-44.0923,298.7015,137.6712,99.39,0.1304,Waxing Crescent,
2018-10-05,19:01:00,0.0432,Nautical Twilight,-11.5677,266.7489,-44.2993,298.8455,137.6805,99.39,0.1303,Waxing Crescent,
2018-10-05,19:02:00,0.0186,Nautical Twilight,-11.814,266.7863,-44.506,298.9908,137.6898,99.4,0.1302,Waxing Crescent,
2018-10-05,19:03:00,0.0059,Astronomical Twilight,-12.0604,266.8237,-44.7124,299.1375,137.6991,99.4,0.1302,Waxing Crescent,
2018-10-05,19:04:00,0.0057,Astronomical Twilight,-12.3068,266.8611,-44.9186,299.2854,137.7084,99.4,0.1301,Waxing Crescent,
2018-10-05,19:05:00,0.0054,Astronomical Twilight,-12.5532,266.8985,-45.1244,299.4347,137.7177,99.4,0.1301,Waxing Crescent,
2018-10-05,19:06:00,0.0052,Astronomical Twilight,-12.7997,266.9358,-45.3299,299.5854,137.727,99.4,0.13,Waxing Crescent,
2018-10-05,19:07:00,0.005,Astronomical Twilight,-13.0461,266.9731,-45.5351,299.7374,137.7363,99.4,0.13,Waxing Crescent,
2018-10-05,19:08:00,0.0047,Astronomical Twilight,-13.2925,267.0103,-45.7401,299.8908,137.7456,99.4,0.1299,Waxing Crescent,
2018-10-05,19:09:00,0.0045,Astronomical Twilight,-13.539,267.0476,-45.9447,300.0456,137.7549,99.4,0.1299,Waxing Crescent,
2018-10-05,19:10:00,0.0042,Astronomical Twilight,-13.7854,267.0848,-46.1489,300.2018,137.7642,99.4,0.1298,Waxing Crescent,
2018-10-05,19:11:00,0.004,Astronomical Twilight,-14.0319,267.1221,-46.3529,300.3595,137.7735,99.41,0.1298,Waxing Crescent,
2018-10-05,19:12:00,0.0037,Astronomical Twilight,-14.2783,267.1592,-46.5565,300.5187,137.7828,99.41,0.1297,Waxing Crescent,
2018-10-05,19:13:00,0.0035,Astronomical Twilight,-14.5248,267.1964,-46.7598,300.6793,137.7922,99.41,0.1296,Waxing Crescent,
2018-10-05,19:14:00,0.0032,Astronomical Twilight,-14.7713,267.2336,-46.9627,300.8414,137.8015,99.41,0.1296,Waxing Crescent,
2018-10-05,19:15:00,0.003,Astronomical Twilight,-15.0178,267.2708,-47.1654,301.005,137.8108,99.41,0.1295,Waxing Crescent,
2018-10-05,19:16:00,0.0027,Astronomical Twilight,-15.2643,267.3079,-47.3676,301.1701,137.8201,99.41,0.1295,Waxing Crescent,
2018-10-05,19:17:00,0.0025,Astronomical Twilight,-15.5108,267.345,-47.5695,301.3368,137.8294,99.41,0.1294,Waxing Crescent,
2018-10-05,19:18:00,0.0022,Astronomical Twilight,-15.7573,267.3822,-47.7711,301.5051,137.8387,99.41,0.1294,Waxing Crescent,
2018-10-05,19:19:00,0.002,Astronomical Twilight,-16.0038,267.4193,-47.9723,301.675,137.848,99.41,0.1293,Waxing Crescent,
2018-10-05,19:20:00,0.0017,Astronomical Twilight,-16.2503,267.4564,-48.1731,301.8464,137.8573,99.42,0.1293,Waxing Crescent,
2018-10-05,19:21:00,0.0015,Astronomical Twilight,-16.4969,267.4935,-48.3735,302.0195,137.8666,99.42,0.1292,Waxing Crescent,
2018-10-05,19:22:00,0.0013,Astronomical Twilight,-16.7434,267.5306,-48.5736,302.1943,137.8759,99.42,0.1292,Waxing Crescent,
2018-10-05,19:23:00,0.001,Astronomical Twilight,-16.99,267.5677,-48.7733,302.3707,137.8852,99.42,0.1291,Waxing Crescent,
2018-10-05,19:24:00,0.0008,Astronomical Twilight,-17.2365,267.6048,-48.9726,302.5488,137.8945,99.42,0.129,Waxing Crescent,
2018-10-05,19:25:00,0.0005,Astronomical Twilight,-17.4831,267.6419,-49.1715,302.7286,137.9038,99.42,0.129,Waxing Crescent,
2018-10-05,19:26:00,0.0003,Astronomical Twilight,-17.7297,267.679,-49.37,302.9102,137.9131,99.42,0.1289,Waxing Crescent,
2018-10-05,19:27:00,0.0,Astronomical Twilight,-17.9762,267.7161,-49.5682,303.0935,137.9224,99.42,0.1289,Waxing Crescent,
2018-10-05,19:28:00,0.0,Moonless Night,-18.2228,267.7532,-49.7658,303.2786,137.9317,99.42,0.1288,Waxing Crescent,
2018-10-05,19:29:00,0.0,Moonless Night,-18.4694,267.7903,-49.9631,303.4655,137.9411,99.42,0.1288,Waxing Crescent,
2018-10-05,19:30:00,0.0,Moonless Night,-18.716,267.8274,-50.16,303.6542,137.9504,99.43,0.1287,Waxing Crescent,
2018-10-05,19:31:00,0.0,Moonless Night,-18.9626,267.8646,-50.3564,303.8448,137.9597,99.43,0.1287,Waxing Crescent,
2018-10-05,19:32:00,0.0,Moonless Night,-19.2092,267.9017,-50.5524,304.0372,137.969,99.43,0.1286,Waxing Crescent,
2018-10-05,19:33:00,0.0,Moonless Night,-19.4558,267.9389,-50.748,304.2315,137.9783,99.43,0.1286,Waxing Crescent,
2018-10-05,19:34:00,0.0,Moonless Night,-19.7024,267.976,-50.9431,304.4278,137.9876,99.43,0.1285,Waxing Crescent,
2018-10-05,19:35:00,0.0,Moonless Night,-19.949,268.0132,-51.1377,304.6259,137.9969,99.43,0.1284,Waxing Crescent,
2018-10-05,19:36:00,0.0,Moonless Night,-20.1957,268.0504,-51.3319,304.8261,138.0062,99.43,0.1284,Waxing Crescent,
2018-10-05,19:37:00,0.0,Moonless Night,-20.4423,268.0876,-51.5256,305.0282,138.0155,99.43,0.1283,Waxing Crescent,
2018-10-05,19:38:00,0.0,Moonless Night,-20.6889,268.1249,-51.7189,305.2324,138.0248,99.43,0.1283,Waxing Crescent,
2018-10-05,19:39:00,0.0,Moonless Night,-20.9356,268.1621,-51.9116,305.4386,138.0341,99.44,0.1282,Waxing Crescent,
2018-10-05,19:40:00,0.0,Moonless Night,-21.1822,268.1994,-52.1039,305.6468,138.0434,99.44,0.1282,Waxing Crescent,
2018-10-05,19:41:00,0.0,Moonless Night,-21.4289,268.2367,-52.2957,305.8572,138.0527,99.44,0.1281,Waxing Crescent,
2018-10-05,19:42:00,0.0,Moonless Night,-21.6755,268.274,-52.487,306.0697,138.062,99.44,0.1281,Waxing Crescent,
2018-10-05,19:43:00,0.0,Moonless Night,-21.9222,268.3114,-52.6777,306.2843,138.0713,99.44,0.128,Waxing Crescent,
2018-10-05,19:44:00,0.0,Moonless Night,-22.1689,268.3487,-52.868,306.5011,138.0806,99.44,0.128,Waxing Crescent,
2018-10-05,19:45:00,0.0,Moonless Night,-22.4155,268.3862,-53.0577,306.7201,138.0899,99.44,0.1279,Waxing Crescent,
2018-10-05,19:46:00,0.0,Moonless Night,-22.6622,268.4236,-53.2469,306.9413,138.0993,99.44,0.1278,Waxing Crescent,
2018-10-05,19:47:00,0.0,Moonless Night,-22.9089,268.4611,-53.4355,307.1648,138.1086,99.44,0.1278,Waxing Crescent,
2018-10-05,19:48:00,0.0,Moonless Night,-23.1556,268.4986,-53.6236,307.3906,138.1179,99.44,0.1277,Waxing Crescent,
2018-10-05,19:49:00,0.0,Moonless Night,-23.4023,268.5361,-53.8111,307.6186,138.1272,99.45,0.1277,Waxing Crescent,
2018-10-05,19:50:00,0.0,Moonless Night,-23.6489,268.5737,-53.9981,307.8491,138.1365,99.45,0.1276,Waxing Crescent,
2018-10-05,19:51:00,0.0,Moonless Night,-23.8956,268.6113,-54.1845,308.0819,138.1458,99.45,0.1276,Waxing Crescent,
2018-10-05,19:52:00,0.0,Moonless Night,-24.1423,268.649,-54.3702,308.317,138.1551,99.45,0.1275,Waxing Crescent,
2018-10-05,19:53:00,0.0,Moonless Night,-24.389,268.6867,-54.5554,308.5547,138.1644,99.45,0.1275,Waxing Crescent,
2018-10-05,19:54:00,0.0,Moonless Night,-24.6358,268.7244,-54.74,308.7948,138.1737,99.45,0.1274,Waxing Crescent,
2018-10-05,19:55:00,0.0,Moonless Night,-24.8825,268.7622,-54.924,309.0373,138.183,99.45,0.1274,Waxing Crescent,
2018-10-05,19:56:00,0.0,Moonless Night,-25.1292,268.8,-55.1074,309.2824,138.1923,99.45,0.1273,Waxing Crescent,
2018-10-05,19:57:00,0.0,Moonless Night,-25.3759,268.8379,-55.2901,309.5301,138.2016,99.45,0.1273,Waxing Crescent,
2018-10-05,19:58:00,0.0,Moonless Night,-25.6226,268.8758,-55.4722,309.7803,138.2109,99.46,0.1272,Waxing Crescent,
2018-10-05,19:59:00,0.0,Moonless Night,-25.8693,268.9138,-55.6536,310.0332,138.2202,99.46,0.1271,Waxing Crescent,
2018-10-05,20:00:00,0.0,Moonless Night,-26.1161,268.9519,-55.8344,310.2887,138.2295,99.46,0.1271,Waxing Crescent,
2018-10-08,17:00:00,49606.1398,Daylit,17.6943,260.4447,16.727,266.4022,174.3252,100.0,0.0025,New Moon,
2018-10-08,17:01:00,49054.95,Daylit,17.4509,260.498,16.4873,266.4424,174.3301,100.0,0.0024,New Moon,
2018-10-08,17:02:00,48501.6913,Daylit,17.2075,260.5509,16.2477,266.4826,174.3349,100.0,0.0024,New Moon,
2018-10-08,17:03:00,47946.3486,Daylit,16.964,260.6037,16.0081,266.5226,174.3398,100.0,0.0024,New Moon,
2018-10-08,17:04:00,47388.9062,Daylit,16.7205,260.6561,15.7685,266.5625,174.3446,100.0,0.0024,New Moon,
2018-10-08,17:05:00,46829.3477,Daylit,16.477,260.7083,15.5289,266.6023,174.3494,100.0,0.0024,New Moon,
2018-10-08,17:06:00,46267.6559,Daylit,16.2334,260.7603,15.2893,266.642,174.3542,100.0,0.0024,New Moon,
2018-10-08,17:07:00,45703.8128,Daylit,15.9898,260.812,15.0497,266.6815,174.359,100.0,0.0024,New Moon,
2018-10-08,17:08:00,45137.7997,Daylit,15.7462,260.8635,14.8101,266.721,174.3638,100.0,0.0024,New Moon,
2018-10-08,17:09:00,44569.5969,Daylit,15.5025,260.9147,14.5705,266.7604,174.3685,100.0,0.0024,New Moon,
2018-10-08,17:10:00,43999.1838,Daylit,15.2588,260.9657,14.3309,266.7996,174.3733,100.0,0.0024,New Moon,
2018-10-08,17:11:00,43426.539,Daylit,15.015,261.0165,14.0914,266.8388,174.378,100.0,0.0024,New Moon,
2018-10-08,17:12:00,42851.6398,Daylit,14.7713,261.067,13.8518,266.8779,174.3828,100.0,0.0024,New Moon,
2018-10-08,17:13:00,42274.4628,Daylit,14.5275,261.1173,13.6123,266.9169,174.3875,100.0,0.0024,New Moon,
2018-10-08,17:14:00,41694.9832,Daylit,14.2836,261.1674,13.3728,266.9557,174.3922,100.0,0.0024,New Moon,
2018-10-08,17:15:00,41113.1751,Daylit,14.0397,261.2172,13.1332,266.9945,174.3969,100.0,0.0024,New Moon,
2018-10-08,17:16:00,40529.0114,Daylit,13.7958,261.2668,12.8937,267.0332,174.4016,100.0,0.0024,New Moon,
2018-10-08,17:17:00,39942.4636,Daylit,13.5519,261.3162,12.6542,267.0718,174.4063,100.0,0.0024,New Moon,
2018-10-08,17:18:00,39353.5019,Daylit,13.3079,261.3654,12.4147,267.1103,174.411,100.0,0.0024,New Moon,
2018-10-08,17:19:00,38762.095,Daylit,13.0639,261.4144,12.1752,267.1487,174.4156,100.0,0.0024,New Moon,
2018-10-08,17:20:00,38168.21,Daylit,12.8199,261.4631,11.9357,267.1871,174.4203,100.0,0.0024,New Moon,
2018-10-08,17:21:00,37571.8123,Daylit,12.5758,261.5116,11.6963,267.2253,174.4249,100.0,0.0024,New Moon,
2018-10-08,17:22:00,36972.8655,Daylit,12.3317,261.56,11.4568,267.2635,174.4295,100.0,0.0024,New Moon,
2018-10-08,17:23:00,36371.3315,Daylit,12.0876,261.6081,11.2174,267.3016,174.4341,100.0,0.0024,New Moon,
2018-10-08,17:24:00,35767.17,Daylit,11.8434,261.656,10.9779,267.3396,174.4387,100.0,0.0024,New Moon,
2018-10-08,17:25:00,35160.3387,Daylit,11.5992,261.7037,10.7385,267.3775,174.4433,100.0,0.0023,New Moon,
2018-10-08,17:26:00,34550.7929,Daylit,11.355,261.7513,10.4991,267.4154,174.4479,100.0,0.0023,New Moon,
2018-10-08,17:27:00,33938.4856,Daylit,11.1107,261.7986,10.2597,267.4532,174.4525,100.0,0.0023,New Moon,
2018-10-08,17:28:00,33323.367,Daylit,10.8665,261.8457,10.0203,267.4909,174.457,100.0,0.0023,New Moon,
2018-10-08,17:29:00,32705.3847,Daylit,10.6222,261.8926,9.7809,267.5285,174.4616,100.0,0.0023,New Moon,
2018-10-08,17:30:00,32084.4831,Daylit,10.3778,261.9394,9.5415,267.5661,174.4661,100.0,0.0023,New Moon,
2018-10-08,17:31:00,31460.6035,Daylit,10.1335,261.9859,9.3021,267.6036,174.4707,100.0,0.0023,New Moon,
2018-10-08,17:32:00,30833.6837,Daylit,9.8891,262.0323,9.0628,267.641,174.4752,100.0,0.0023,New Moon,
2018-10-08,17:33:00,30203.6576,Daylit,9.6447,262.0785,8.8234,267.6784,174.4797,100.0,0.0023,New Moon,
2018-10-08,17:34:00,29570.4552,Daylit,9.4002,262.1245,8.5841,267.7156,174.4842,100.0,0.0023,New Moon,
2018-10-08,17:35:00,28934.002,Daylit,9.1557,262.1703,8.3448,267.7529,174.4886,100.0,0.0023,New Moon,
2018-10-08,17:36:00,28294.2188,Daylit,8.9112,262.2159,8.1055,267.79,174.4931,100.0,0.0023,New Moon,
2018-10-08,17:37:00,27651.021,Daylit,8.6667,262.2614,7.8662,267.8271,174.4976,100.0,0.0023,New Moon,
2018-10-08,17:38:00,27004.3186,Daylit,8.4222,262.3067,7.6269,267.8642,174.502,100.0,0.0023,New Moon,
2018-10-08,17:39:00,26354.0151,Daylit,8.1776,262.3518,7.3876,267.9012,174.5064,100.0,0.0023,New Moon,
2018-10-08,17:40:00,25700.0074,Daylit,7.933,262.3968,7.1484,267.9381,174.5109,100.0,0.0023,New Moon,
2018-10-08,17:41:00,25042.1849,Daylit,7.6884,262.4415,6.9091,267.975,174.5153,100.0,0.0023,New Moon,
2018-10-08,17:42:00,24380.4287,Daylit,7.4437,262.4861,6.6699,268.0118,174.5197,100.0,0.0023,New Moon,
2018-10-08,17:43:00,23714.611,Daylit,7.199,262.5306,6.4306,268.0485,174.524,100.0,0.0023,New Moon,
2018-10-08,17:44:00,23044.5937,Daylit,6.9543,262.5749,6.1914,268.0852,174.5284,100.0,0.0023,New Moon,
2018-10-08,17:45:00,22370.2275,Daylit,6.7096,262.619,5.9522,268.1219,174.5328,100.0,0.0023,New Moon,
2018-10-08,17:46:00,21691.3508,Daylit,6.4649,262.663,5.713,268.1585,174.5371,100.0,0.0023,New Moon,
2018-10-08,17:47:00,21007.7877,Daylit,6.2201,262.7068,5.4739,268.1951,174.5415,100.0,0.0023,New Moon,
2018-10-08,17:48:00,20319.3467,Daylit,5.9753,262.7504,5.2347,268.2316,174.5458,100.0,0.0023,New Moon,
2018-10-08,17:49:00,19625.8184,Daylit,5.7305,262.7939,4.9955,268.268,174.5501,100.0,0.0023,New Moon,
2018-10-08,17:50:00,18926.9731,Daylit,5.4856,262.8373,4.7564,268.3045,174.5544,100.0,0.0023,New Moon,
2018-10-08,17:51:00,18222.5577,Daylit,5.2408,262.8804,4.5173,268.3408,174.5587,100.0,0.0023,New Moon,
2018-10-08,17:52:00,17512.2928,Daylit,4.9959,262.9235,4.2782,268.3772,174.563,100.0,0.0022,New Moon,
2018-10-08,17:53:00,16795.8681,Daylit,4.751,262.9664,4.0391,268.4135,174.5673,100.0,0.0022,New Moon,
2018-10-08,17:54:00,16072.9372,Daylit,4.506,263.0091,3.8,268.4497,174.5715,100.0,0.0022,New Moon,
2018-10-08,17:55:00,15343.1118,Daylit,4.2611,263.0518,3.5609,268.4859,174.5758,100.0,0.0022,New Moon,
2018-10-08,17:56:00,14605.9535,Daylit,4.0161,263.0942,3.3218,268.5221,174.58,100.0,0.0022,New Moon,
2018-10-08,17:57:00,13860.9647,Daylit,3.7711,263.1365,3.0828,268.5583,174.5842,100.0,0.0022,New Moon,
2018-10-08,17:58:00,13107.5756,Daylit,3.5261,263.1787,2.8438,268.5944,174.5884,100.0,0.0022,New Moon,
2018-10-08,17:59:00,12345.1283,Daylit,3.281,263.2208,2.6047,268.6304,174.5926,100.0,0.0022,New Moon,
2018-10-08,18:00:00,11572.8563,Daylit,3.0359,263.2627,2.3657,268.6665,174.5968,100.0,0.0022,New Moon,
2018-10-08,18:01:00,10789.8555,Daylit,2.7909,263.3045,2.1267,268.7025,174.601,100.0,0.0022,New Moon,
2018-10-08,18:02:00,9995.0464,Daylit,2.5458,263.3461,1.8878,268.7385,174.6051,100.0,0.0022,New Moon,
2018-10-08,18:03:00,9187.119,Daylit,2.3006,263.3877,1.6488,268.7744,174.6093,100.0,0.0022,New Moon,
2018-10-08,18:04:00,8364.4544,Daylit,2.0555,263.429,1.4098,268.8104,174.6134,100.0,0.0022,New Moon,
2018-10-08,18:05:00,7525.0053,Daylit,1.8103,263.4703,1.1709,268.8463,174.6175,100.0,0.0022,New Moon,
2018-10-08,18:06:00,6666.109,Daylit,1.5651,263.5115,0.932,268.8821,174.6216,100.0,0.0022,New Moon,
2018-10-08,18:07:00,5784.1729,Daylit,1.3199,263.5525,0.6931,268.918,174.6257,100.0,0.0022,New Moon,
2018-10-08,18:08:00,4874.1087,Daylit,1.0747,263.5934,0.4542,268.9538,174.6298,100.0,0.0022,New Moon,
2018-10-08,18:09:00,3928.2006,Daylit,0.8294,263.6341,0.2153,268.9896,174.6339,100.0,0.0022,New Moon,
2018-10-08,18:10:00,2933.4685,Daylit,0.5842,263.6748,-0.0235,269.0254,174.6379,100.0,0.0022,New Moon,
2018-10-08,18:11:00,1863.772,Daylit,0.3389,263.7153,-0.2624,269.0612,174.642,100.0,0.0022,New Moon,
2018-10-08,18:12:00,638.0661,Daylit,0.0936,263.7557,-0.5012,269.0969,174.646,100.0,0.0022,New Moon,
2018-10-08,18:13:00,19.8841,Civil Twilight,-0.1517,263.796,-0.7401,269.1327,174.65,100.0,0.0022,New Moon,
2018-10-08,18:14:00,19.0499,Civil Twilight,-0.3971,263.8362,-0.9789,269.1684,174.654,100.0,0.0022,New Moon,
2018-10-08,18:15:00,18.2157,Civil Twilight,-0.6424,263.8763,-1.2176,269.2041,174.658,100.0,0.0022,New Moon,
2018-10-08,18:16:00,17.3814,Civil Twilight,-0.8878,263.9163,-1.4564,269.2398,174.662,100.0,0.0022,New Moon,
2018-10-08,18:17:00,16.5471,Civil Twilight,-1.1332,263.9561,-1.6952,269.2754,174.666,100.0,0.0022,New Moon,
2018-10-08,18:18:00,15.7127,Civil Twilight,-1.3786,263.9959,-1.9339,269.3111,174.67,100.0,0.0022,New Moon,
2018-10-08,18:19:00,14.8782,Civil Twilight,-1.6241,264.0355,-2.1726,269.3468,174.6739,100.0,0.0022,New Moon,
2018-10-08,18:20:00,14.0437,Civil Twilight,-1.8695,264.075,-2.4114,269.3824,174.6778,100.0,0.0022,New Moon,
2018-10-08,18:21:00,13.2091,Civil Twilight,-2.115,264.1145,-2.6501,269.418,174.6818,100.0,0.0022,New Moon,
2018-10-08,18:22:00,12.3744,Civil Twilight,-2.3605,264.1538,-2.8887,269.4537,174.6857,100.0,0.0021,New Moon,
2018-10-08,18:23:00,11.5397,Civil Twilight,-2.606,264.193,-3.1274,269.4893,174.6896,100.0,0.0021,New Moon,
2018-10-08,18:24:00,10.705,Civil Twilight,-2.8515,264.2321,-3.3661,269.5249,174.6934,100.0,0.0021,New Moon,
2018-10-08,18:25:00,9.8701,Civil Twilight,-3.097,264.2712,-3.6047,269.5606,174.6973,100.0,0.0021,New Moon,
2018-10-08,18:26:00,9.0353,Civil Twilight,-3.3426,264.3101,-3.8433,269.5962,174.7012,100.0,0.0021,New Moon,
2018-10-08,18:27:00,8.2003,Civil Twilight,-3.5881,264.3489,-4.0819,269.6318,174.705,100.0,0.0021,New Moon,
2018-10-08,18:28:00,7.3654,Civil Twilight,-3.8337,264.3877,-4.3205,269.6674,174.7088,100.0,0.0021,New Moon,
2018-10-08,18:29:00,6.5303,Civil Twilight,-4.0793,264.4263,-4.5591,269.7031,174.7127,100.0,0.0021,New Moon,
2018-10-08,18:30:00,5.6952,Civil Twilight,-4.3249,264.4649,-4.7976,269.7387,174.7165,100.0,0.0021,New Moon,
2018-10-08,18:31:00,4.8601,Civil Twilight,-4.5706,264.5034,-5.0362,269.7743,174.7203,100.0,0.0021,New Moon,
2018-10-08,18:32:00,4.0249,Civil Twilight,-4.8162,264.5417,-5.2747,269.8099,174.724,100.0,0.0021,New Moon,
2018-10-08,18:33:00,3.1896,Civil Twilight,-5.0619,264.58,-5.5132,269.8456,174.7278,100.0,0.0021,New Moon,
2018-10-08,18:34:00,2.3543,Civil Twilight,-5.3076,264.6182,-5.7517,269.8812,174.7315,100.0,0.0021,New Moon,
2018-10-08,18:35:00,1.5189,Civil Twilight,-5.5533,264.6564,-5.9901,269.9169,174.7353,100.0,0.0021,New Moon,
2018-10-08,18:36:00,0.6835,Civil Twilight,-5.799,264.6944,-6.2286,269.9526,174.739,100.0,0.0021,New Moon,
2018-10-08,18:37:00,0.5955,Nautical Twilight,-6.0447,264.7323,-6.467,269.9883,174.7427,100.0,0.0021,New Moon,
2018-10-08,18:38:00,0.571,Nautical Twilight,-6.2904,264.7702,-6.7055,270.024,174.7464,100.0,0.0021,New Moon,
2018-10-08,18:39:00,0.5464,Nautical Twilight,-6.5362,264.808,-6.9439,270.0597,174.7501,100.0,0.0021,New Moon,
2018-10-08,18:40:00,0.5218,Nautical Twilight,-6.7819,264.8457,-7.1823,270.0954,174.7538,100.0,0.0021,New Moon,
2018-10-08,18:41:00,0.4972,Nautical Twilight,-7.0277,264.8834,-7.4206,270.1311,174.7574,100.0,0.0021,New Moon,
2018-10-08,18:42:00,0.4726,Nautical Twilight,-7.2735,264.9209,-7.659,270.1669,174.7611,100.0,0.0021,New Moon,
2018-10-08,18:43:00,0.4481,Nautical Twilight,-7.5193,264.9584,-7.8973,270.2027,174.7647,100.0,0.0021,New Moon,
2018-10-08,18:44:00,0.4235,Nautical Twilight,-7.7652,264.9958,-8.1356,270.2385,174.7683,100.0,0.0021,New Moon,
2018-10-08,18:45:00,0.3989,Nautical Twilight,-8.011,265.0332,-8.3739,270.2743,174.7719,100.0,0.0021,New Moon,
2018-10-08,18:46:00,0.3743,Nautical Twilight,-8.2569,265.0704,-8.6122,270.3101,174.7755,100.0,0.0021,New Moon,
2018-10-08,18:47:00,0.3497,Nautical Twilight,-8.5027,265.1076,-8.8505,270.346,174.7791,100.0,0.0021,New Moon,
2018-10-08,18:48:00,0.3251,Nautical Twilight,-8.7486,265.1448,-9.0887,270.3819,174.7827,100.0,0.0021,New Moon,
2018-10-08,18:49:00,0.3006,Nautical Twilight,-8.9945,265.1818,-9.327,270.4178,174.7862,100.0,0.0021,New Moon,
2018-10-08,18:50:00,0.276,Nautical Twilight,-9.2404,265.2188,-9.5652,270.4537,174.7898,100.0,0.0021,New Moon,
2018-10-08,18:51:00,0.2514,Nautical Twilight,-9.4863,265.2558,-9.8034,270.4897,174.7933,100.0,0.0021,New Moon,
2018-10-08,18:52:00,0.2268,Nautical Twilight,-9.7323,265.2926,-10.0416,270.5257,174.7968,100.0,0.0021,New Moon,
2018-10-08,18:53:00,0.2022,Nautical Twilight,-9.9782,265.3294,-10.2797,270.5617,174.8003,100.0,0.0021,New Moon,
2018-10-08,18:54:00,0.1776,Nautical Twilight,-10.2242,265.3662,-10.5179,270.5978,174.8038,100.0,0.0021,New Moon,
2018-10-08,18:55:00,0.153,Nautical Twilight,-10.4701,265.4029,-10.756,270.6339,174.8073,100.0,0.0021,New Moon,
2018-10-08,18:56:00,0.1284,Nautical Twilight,-10.7161,265.4395,-10.9941,270.67,174.8107,100.0,0.002,New Moon,
2018-10-08,18:57:00,0.1038,Nautical Twilight,-10.9621,265.476,-11.2322,270.7062,174.8142,100.0,0.002,New Moon,
2018-10-08,18:58:00,0.0792,Nautical Twilight,-11.2081,265.5126,-11.4703,270.7424,174.8176,100.0,0.002,New Moon,
2018-10-08,18:59:00,0.0546,Nautical Twilight,-11.4541,265.549,-11.7083,270.7787,174.821,100.0,0.002,New Moon,
2018-10-08,19:00:00,0.03,Nautical Twilight,-11.7002,265.5854,-11.9463,270.815,174.8244,100.0,0.002,New Moon,
2018-10-08,19:01:00,0.0054,Nautical Twilight,-11.9462,265.6218,-12.1844,270.8513,174.8278,100.0,0.002,New Moon,
2018-10-08,19:02:00,0.0058,Astronomical Twilight,-12.1923,265.6581,-12.4224,270.8876,174.8312,100.0,0.002,New Moon,
2018-10-08,19:03:00,0.0056,Astronomical Twilight,-12.4383,265.6943,-12.6603,270.9241,174.8345,100.0,0.002,New Moon,
2018-10-08,19:04:00,0.0053,Astronomical Twilight,-12.6844,265.7305,-12.8983,270.9605,174.8379,100.0,0.002,New Moon,
2018-10-08,19:05:00,0.0051,Astronomical Twilight,-12.9305,265.7667,-13.1362,270.997,174.8412,100.0,0.002,New Moon,
2018-10-08,19:06:00,0.0048,Astronomical Twilight,-13.1766,265.8028,-13.3742,271.0336,174.8445,100.0,0.002,New Moon,
2018-10-08,19:07:00,0.0046,Astronomical Twilight,-13.4227,265.8388,-13.6121,271.0702,174.8478,100.0,0.002,New Moon,
2018-10-08,19:08:00,0.0043,Astronomical Twilight,-13.6688,265.8748,-13.85,271.1068,174.8511,100.0,0.002,New Moon,
2018-10-08,19:09:00,0.0041,Astronomical Twilight,-13.915,265.9108,-14.0878,271.1435,174.8544,100.0,0.002,New Moon,
2018-10-08,19:10:00,0.0038,Astronomical Twilight,-14.1611,265.9467,-14.3257,271.1803,174.8576,100.0,0.002,New Moon,
2018-10-08,19:11:00,0.0036,Astronomical Twilight,-14.4073,265.9826,-14.5635,271.2171,174.8609,100.0,0.002,New Moon,
2018-10-08,19:12:00,0.0033,Astronomical Twilight,-14.6535,266.0184,-14.8013,271.254,174.8641,100.0,0.002,New Moon,
2018-10-08,19:13:00,0.0031,Astronomical Twilight,-14.8996,266.0542,-15.0391,271.2909,174.8673,100.0,0.002,New Moon,
2018-10-08,19:14:00,0.0029,Astronomical Twilight,-15.1458,266.09,-15.2769,271.3279,174.8705,100.0,0.002,New Moon,
2018-10-08,19:15:00,0.0026,Astronomical Twilight,-15.392,266.1257,-15.5146,271.3649,174.8737,100.0,0.002,New Moon,
2018-10-08,19:16:00,0.0024,Astronomical Twilight,-15.6382,266.1614,-15.7523,271.402,174.8769,100.0,0.002,New Moon,
2018-10-08,19:17:00,0.0021,Astronomical Twilight,-15.8844,266.1971,-15.9901,271.4392,174.8801,100.0,0.002,New Moon,
2018-10-08,19:18:00,0.0019,Astronomical Twilight,-16.1307,266.2327,-16.2278,271.4764,174.8832,100.0,0.002,New Moon,
2018-10-08,19:19:00,0.0016,Astronomical Twilight,-16.3769,266.2683,-16.4654,271.5137,174.8864,100.0,0.002,New Moon,
2018-10-08,19:20:00,0.0014,Astronomical Twilight,-16.6232,266.3039,-16.7031,271.5511,174.8895,100.0,0.002,New Moon,
2018-10-08,19:21:00,0.0011,Astronomical Twilight,-16.8694,266.3394,-16.9407,271.5885,174.8926,100.0,0.002,New Moon,
2018-10-08,19:22:00,0.0009,Astronomical Twilight,-17.1157,266.3749,-17.1783,271.626,174.8957,100.0,0.002,New Moon,
2018-10-08,19:23:00,0.0006,Astronomical Twilight,-17.362,266.4104,-17.4159,271.6636,174.8987,100.0,0.002,New Moon,
2018-10-08,19:24:00,0.0004,Astronomical Twilight,-17.6083,266.4459,-17.6535,271.7013,174.9018,100.0,0.002,New Moon,
2018-10-08,19:25:00,0.0001,Astronomical Twilight,-17.8546,266.4813,-17.891,271.739,174.9049,100.0,0.002,New Moon,
2018-10-08,19:26:00,0.0,Moonless Night,-18.1009,266.5167,-18.1286,271.7768,174.9079,100.0,0.002,New Moon,
2018-10-08,19:27:00,0.0,Moonless Night,-18.3472,266.5521,-18.3661,271.8147,174.9109,100.0,0.002,New Moon,
2018-10-08,19:28:00,0.0,Moonless Night,-18.5935,266.5875,-18.6036,271.8526,174.9139,100.0,0.002,New Moon,
2018-10-08,19:29:00,0.0,Moonless Night,-18.8398,266.6228,-18.841,271.8907,174.9169,100.0,0.002,New Moon,
2018-10-08,19:30:00,0.0,Moonless Night,-19.0862,266.6582,-19.0785,271.9288,174.9199,100.0,0.002,New Moon,
2018-10-08,19:31:00,0.0,Moonless Night,-19.3325,266.6935,-19.3159,271.967,174.9228,100.0,0.002,New Moon,
2018-10-08,19:32:00,0.0,Moonless Night,-19.5789,266.7288,-19.5533,272.0053,174.9258,100.0,0.002,New Moon,
2018-10-08,19:33:00,0.0,Moonless Night,-19.8253,266.7641,-19.7907,272.0437,174.9287,100.0,0.002,New Moon,
2018-10-08,19:34:00,0.0,Moonless Night,-20.0716,266.7993,-20.0281,272.0821,174.9316,100.0,0.002,New Moon,
2018-10-08,19:35:00,0.0,Moonless Night,-20.318,266.8346,-20.2654,272.1207,174.9345,100.0,0.002,New Moon,
2018-10-08,19:36:00,0.0,Moonless Night,-20.5644,266.8698,-20.5028,272.1593,174.9374,100.0,0.002,New Moon,
2018-10-08,19:37:00,0.0,Moonless Night,-20.8108,266.9051,-20.7401,272.1981,174.9403,100.0,0.0019,New Moon,
2018-10-08,19:38:00,0.0,Moonless Night,-21.0572,266.9403,-20.9774,272.2369,174.9431,100.0,0.0019,New Moon,
2018-10-08,19:39:00,0.0,Moonless Night,-21.3037,266.9755,-21.2146,272.2759,174.946,100.0,0.0019,New Moon,
2018-10-08,19:40:00,0.0,Moonless Night,-21.5501,267.0107,-21.4519,272.3149,174.9488,100.0,0.0019,New Moon,
2018-10-08,19:41:00,0.0,Moonless Night,-21.7965,267.0459,-21.6891,272.354,174.9516,100.0,0.0019,New Moon,
2018-10-08,19:42:00,0.0,Moonless Night,-22.043,267.0811,-21.9263,272.3933,174.9544,100.0,0.0019,New Moon,
2018-10-08,19:43:00,0.0,Moonless Night,-22.2894,267.1163,-22.1634,272.4326,174.9572,100.0,0.0019,New Moon,
2018-10-08,19:44:00,0.0,Moonless Night,-22.5359,267.1515,-22.4006,272.4721,174.96,100.0,0.0019,New Moon,
2018-10-08,19:45:00,0.0,Moonless Night,-22.7823,267.1867,-22.6377,272.5116,174.9627,100.0,0.0019,New Moon,
2018-10-08,19:46:00,0.0,Moonless Night,-23.0288,267.2219,-22.8748,272.5513,174.9654,100.0,0.0019,New Moon,
2018-10-08,19:47:00,0.0,Moonless Night,-23.2753,267.2572,-23.1119,272.5911,174.9682,100.0,0.0019,New Moon,
2018-10-08,19:48:00,0.0,Moonless Night,-23.5218,267.2924,-23.349,272.631,174.9709,100.0,0.0019,New Moon,
2018-10-08,19:49:00,0.0,Moonless Night,-23.7682,267.3276,-23.586,272.671,174.9736,100.0,0.0019,New Moon,
2018-10-08,19:50:00,0.0,Moonless Night,-24.0147,267.3628,-23.8231,272.7111,174.9762,100.0,0.0019,New Moon,
2018-10-08,19:51:00,0.0,Moonless Night,-24.2613,267.398,-24.0601,272.7514,174.9789,100.0,0.0019,New Moon,
2018-10-08,19:52:00,0.0,Moonless Night,-24.5078,267.4333,-24.297,272.7918,174.9816,100.0,0.0019,New Moon,
2018-10-08,19:53:00,0.0,Moonless Night,-24.7543,267.4685,-24.534,272.8323,174.9842,100.0,0.0019,New Moon,
2018-10-08,19:54:00,0.0,Moonless Night,-25.0008,267.5038,-24.7709,272.8729,174.9868,100.0,0.0019,New Moon,
2018-10-08,19:55:00,0.0,Moonless Night,-25.2473,267.5391,-25.0078,272.9136,174.9894,100.0,0.0019,New Moon,
2018-10-08,19:56:00,0.0,Moonless Night,-25.4939,267.5744,-25.2447,272.9545,174.992,100.0,0.0019,New Moon,
2018-10-08,19:57:00,0.0,Moonless Night,-25.7404,267.6097,-25.4816,272.9955,174.9946,100.0,0.0019,New Moon,
2018-10-08,19:58:00,0.0,Moonless Night,-25.987,267.645,-25.7184,273.0367,174.9971,100.0,0.0019,New Moon,
2018-10-08,19:59:00,0.0,Moonless Night,-26.2335,267.6804,-25.9552,273.0779,174.9997,100.0,0.0019,New Moon,
2018-10-08,20:00:00,0.0,Moonless Night,-26.4801,267.7158,-26.192,273.1194,175.0022,100.0,0.0019,New Moon,
2022-07-14,17:00:00,66125.7572,Daylit,25.4161,289.5331,-42.9782,112.4844,16.9911,14.14,0.9782,Waning Crescent,
2022-07-14,17:01:00,65654.6227,Daylit,25.1836,289.5345,-42.7626,112.438,17.0006,14.15,0.9782,Waning Crescent,
2022-07-14,17:02:00,65181.9122,Daylit,24.9511,289.5364,-42.5469,112.3925,17.01,14.16,0.9781,Waning Crescent,
2022-07-14,17:03:00,64707.6241,Daylit,24.7186,289.5386,-42.3311,112.3477,17.0195,14.16,0.9781,Waning Crescent,
2022-07-14,17:04:00,64231.7563,Daylit,24.4862,289.5413,-42.1152,112.3037,17.0289,14.17,0.9781,Waning Crescent,
2022-07-14,17:05:00,63754.3068,Daylit,24.2537,289.5444,-41.8993,112.2604,17.0384,14.18,0.9781,Waning Crescent,
2022-07-14,17:06:00,63275.2732,Daylit,24.0212,289.5478,-41.6833,112.2179,17.0478,14.19,0.978,Waning Crescent,
2022-07-14,17:07:00,62794.6531,Daylit,23.7888,289.5517,-41.4671,112.1762,17.0573,14.19,0.978,Waning Crescent,
2022-07-14,17:08:00,62312.4439,Daylit,23.5563,289.5559,-41.251,112.1352,17.0667,14.2,0.978,Waning Crescent,
2022-07-14,17:09:00,61828.6428,Daylit,23.3239,289.5606,-41.0347,112.0949,17.0762,14.21,0.978,Waning Crescent,
2022-07-14,17:10:00,61343.2468,Daylit,23.0915,289.5656,-40.8183,112.0554,17.0856,14.21,0.9779,Waning Crescent,
2022-07-14,17:11:00,60856.2528,Daylit,22.859,289.571,-40.6019,112.0165,17.0951,14.22,0.9779,Waning Crescent,
2022-07-14,17:12:00,60367.6574,Daylit,22.6266,289.5768,-40.3854,111.9784,17.1045,14.23,0.9779,Waning Crescent,
2022-07-14,17:13:00,59877.4571,Daylit,22.3942,289.583,-40.1688,111.9409,17.114,14.24,0.9779,Waning Crescent,
2022-07-14,17:14:00,59385.6481,Daylit,22.1618,289.5896,-39.9522,111.9042,17.1234,14.24,0.9778,Waning Crescent,
2022-07-14,17:15:00,58892.2263,Daylit,21.9294,289.5965,-39.7355,111.8681,17.1329,14.25,0.9778,Waning Crescent,
2022-07-14,17:16:00,58397.1876,Daylit,21.697,289.6038,-39.5187,111.8328,17.1423,14.26,0.9778,Waning Crescent,
2022-07-14,17:17:00,57900.5276,Daylit,21.4646,289.6115,-39.3018,111.7981,17.1518,14.27,0.9778,Waning Crescent,
2022-07-14,17:18:00,57402.2414,Daylit,21.2323,289.6196,-39.0849,111.764,17.1613,14.27,0.9777,Waning Crescent,
2022-07-14,17:19:00,56902.3242,Daylit,20.9999,289.6281,-38.8679,111.7306,17.1707,14.28,0.9777,Waning Crescent,
2022-07-14,17:20:00,56400.7708,Daylit,20.7676,289.6369,-38.6508,111.6979,17.1802,14.29,0.9777,Waning Crescent,
2022-07-14,17:21:00,55897.5756,Daylit,20.5353,289.6461,-38.4337,111.6658,17.1896,14.29,0.9777,Waning Crescent,
2022-07-14,17:22:00,55392.733,Daylit,20.303,289.6557,-38.2165,111.6343,17.1991,14.3,0.9776,Waning Crescent,
2022-07-14,17:23:00,54886.2368,Daylit,20.0707,289.6656,-37.9992,111.6035,17.2085,14.31,0.9776,Waning Crescent,
2022-07-14,17:24:00,54378.0807,Daylit,19.8384,289.6759,-37.7819,111.5733,17.218,14.32,0.9776,Waning Crescent,
2022-07-14,17:25:00,53868.258,Daylit,19.6061,289.6865,-37.5645,111.5437,17.2274,14.32,0.9776,Waning Crescent,
2022-07-14,17:26:00,53356.7617,Daylit,19.3739,289.6976,-37.3471,111.5147,17.2369,14.33,0.9775,Waning Crescent,
2022-07-14,17:27:00,52843.5844,Daylit,19.1416,289.709,-37.1296,111.4863,17.2464,14.34,0.9775,Waning Crescent,
2022-07-14,17:28:00,52328.7185,Daylit,18.9094,289.7207,-36.912,111.4585,17.2558,14.34,0.9775,Waning Crescent,
2022-07-14,17:29:00,51812.1558,Daylit,18.6772,289.7328,-36.6944,111.4313,17.2653,14.35,0.9775,Waning Crescent,
2022-07-14,17:30:00,51293.888,Daylit,18.445,289.7453,-36.4767,111.4047,17.2747,14.36,0.9774,Waning Crescent,
2022-07-14,17:31:00,50773.906,Daylit,18.2129,289.7581,-36.259,111.3787,17.2842,14.37,0.9774,Waning Crescent,
2022-07-14,17:32:00,50252.2007,Daylit,17.9807,289.7713,-36.0412,111.3533,17.2936,14.37,0.9774,Waning Crescent,
2022-07-14,17:33:00,49728.7622,Daylit,17.7486,289.7849,-35.8234,111.3284,17.3031,14.38,0.9774,Waning Crescent,
2022-07-14,17:34:00,49203.5805,Daylit,17.5165,289.7988,-35.6055,111.3041,17.3126,14.39,0.9773,Waning Crescent,
2022-07-14,17:35:00,48676.6449,Daylit,17.2844,289.813,-35.3875,111.2803,17.322,14.39,0.9773,Waning Crescent,
2022-07-14,17:36:00,48147.9441,Daylit,17.0523,289.8276,-35.1695,111.2572,17.3315,14.4,0.9773,Waning Crescent,
2022-07-14,17:37:00,47617.4666,Daylit,16.8203,289.8426,-34.9515,111.2345,17.3409,14.41,0.9773,Waning Crescent,
2022-07-14,17:38:00,47085.2001,Daylit,16.5882,289.8579,-34.7333,111.2124,17.3504,14.42,0.9772,Waning Crescent,
2022-07-14,17:39:00,46551.1318,Daylit,16.3562,289.8736,-34.5152,111.1909,17.3599,14.42,0.9772,Waning Crescent,
2022-07-14,17:40:00,46015.2483,Daylit,16.1243,289.8896,-34.297,111.1699,17.3693,14.43,0.9772,Waning Crescent,
2022-07-14,17:41:00,45477.5356,Daylit,15.8923,289.9059,-34.0787,111.1494,17.3788,14.44,0.9772,Waning Crescent,
2022-07-14,17:42:00,44937.9791,Daylit,15.6604,289.9226,-33.8604,111.1294,17.3882,14.44,0.9772,Waning Crescent,
2022-07-14,17:43:00,44396.5634,Daylit,15.4285,289.9397,-33.6421,111.11,17.3977,14.45,0.9771,Waning Crescent,
2022-07-14,17:44:00,43853.2725,Daylit,15.1966,289.9571,-33.4237,111.0911,17.4072,14.46,0.9771,Waning Crescent,
2022-07-14,17:45:00,43308.0895,Daylit,14.9647,289.9749,-33.2053,111.0727,17.4166,14.47,0.9771,Waning Crescent,
2022-07-14,17:46:00,42760.9969,Daylit,14.7329,289.9929,-32.9868,111.0548,17.4261,14.47,0.9771,Waning Crescent,
2022-07-14,17:47:00,42211.9762,Daylit,14.5011,290.0114,-32.7683,111.0374,17.4355,14.48,0.977,Waning Crescent,
2022-07-14,17:48:00,41661.008,Daylit,14.2693,290.0302,-32.5497,111.0205,17.445,14.49,0.977,Waning Crescent,
2022-07-14,17:49:00,41108.0723,Daylit,14.0376,290.0493,-32.3311,111.0042,17.4545,14.5,0.977,Waning Crescent,
2022-07-14,17:50:00,40553.1477,Daylit,13.8059,290.0688,-32.1124,110.9883,17.4639,14.5,0.977,Waning Crescent,
2022-07-14,17:51:00,39996.2121,Daylit,13.5742,290.0886,-31.8937,110.9729,17.4734,14.51,0.9769,Waning Crescent,
2022-07-14,17:52:00,39437.2421,Daylit,13.3425,290.1088,-31.675,110.9579,17.4829,14.52,0.9769,Waning Crescent,
2022-07-14,17:53:00,38876.2133,Daylit,13.1109,290.1293,-31.4563,110.9435,17.4923,14.52,0.9769,Waning Crescent,
2022-07-14,17:54:00,38313.1002,Daylit,12.8793,290.1501,-31.2374,110.9296,17.5018,14.53,0.9769,Waning Crescent,
2022-07-14,17:55:00,37747.8756,Daylit,12.6477,290.1713,-31.0186,110.9161,17.5112,14.54,0.9768,Waning Crescent,
2022-07-14,17:56:00,37180.5115,Daylit,12.4162,290.1929,-30.7997,110.9031,17.5207,14.55,0.9768,Waning Crescent,
2022-07-14,17:57:00,36610.9782,Daylit,12.1847,290.2147,-30.5808,110.8905,17.5302,14.55,0.9768,Waning Crescent,
2022-07-14,17:58:00,36039.2443,Daylit,11.9532,290.2369,-30.3618,110.8784,17.5396,14.56,0.9768,Waning Crescent,
2022-07-14,17:59:00,35465.2771,Daylit,11.7218,290.2595,-30.1429,110.8668,17.5491,14.57,0.9767,Waning Crescent,
2022-07-14,18:00:00,34889.0421,Daylit,11.4904,290.2824,-29.9238,110.8557,17.5586,14.57,0.9767,Waning Crescent,
2022-07-14,18:01:00,34310.5029,Daylit,11.259,290.3056,-29.7048,110.8449,17.568,14.58,0.9767,Waning Crescent,
2022-07-14,18:02:00,33729.6213,Daylit,11.0277,290.3292,-29.4857,110.8347,17.5775,14.59,0.9767,Waning Crescent,
2022-07-14,18:03:00,33146.3568,Daylit,10.7964,290.3531,-29.2666,110.8249,17.587,14.6,0.9766,Waning Crescent,
2022-07-14,18:04:00,32560.667,Daylit,10.5651,290.3774,-29.0474,110.8155,17.5964,14.6,0.9766,Waning Crescent,
2022-07-14,18:05:00,31972.5067,Daylit,10.3339,290.402,-28.8282,110.8066,17.6059,14.61,0.9766,Waning Crescent,
2022-07-14,18:06:00,31381.8286,Daylit,10.1027,290.4269,-28.609,110.7981,17.6154,14.62,0.9766,Waning Crescent,
2022-07-14,18:07:00,30788.5825,Daylit,9.8715,290.4522,-28.3898,110.7901,17.6248,14.62,0.9765,Waning Crescent,
2022-07-14,18:08:00,30192.7152,Daylit,9.6404,290.4778,-28.1705,110.7824,17.6343,14.63,0.9765,Waning Crescent,
2022-07-14,18:09:00,29594.1703,Daylit,9.4093,290.5038,-27.9512,110.7752,17.6438,14.64,0.9765,Waning Crescent,
2022-07-14,18:10:00,28992.8883,Daylit,9.1783,290.5301,-27.7318,110.7685,17.6532,14.65,0.9765,Waning Crescent,
2022-07-14,18:11:00,28388.8057,Daylit,8.9473,290.5567,-27.5125,110.7622,17.6627,14.65,0.9764,Waning Crescent,
2022-07-14,18:12:00,27781.8552,Daylit,8.7164,290.5837,-27.2931,110.7562,17.6722,14.66,0.9764,Waning Crescent,
2022-07-14,18:13:00,27171.9651,Daylit,8.4854,290.6111,-27.0737,110.7507,17.6816,14.67,0.9764,Waning Crescent,
2022-07-14,18:14:00,26559.0591,Daylit,8.2546,290.6387,-26.8542,110.7457,17.6911,14.68,0.9764,Waning Crescent,
2022-07-14,18:15:00,25943.0558,Daylit,8.0237,290.6667,-26.6348,110.741,17.7006,14.68,0.9763,Waning Crescent,
2022-07-14,18:16:00,25323.8681,Daylit,7.7929,290.6951,-26.4153,110.7367,17.71,14.69,0.9763,Waning Crescent,
2022-07-14,18:17:00,24701.4029,Daylit,7.5622,290.7238,-26.1958,110.7329,17.7195,14.7,0.9763,Waning Crescent,
2022-07-14,18:18:00,24075.5604,Daylit,7.3315,290.7528,-25.9762,110.7295,17.729,14.7,0.9763,Waning Crescent,
2022-07-14,18:19:00,23446.2335,Daylit,7.1008,290.7822,-25.7567,110.7264,17.7384,14.71,0.9762,Waning Crescent,
2022-07-14,18:20:00,22813.3068,Daylit,6.8702,290.8119,-25.5371,110.7238,17.7479,14.72,0.9762,Waning Crescent,
2022-07-14,18:21:00,22176.6562,Daylit,6.6397,290.842,-25.3175,110.7216,17.7574,14.73,0.9762,Waning Crescent,
2022-07-14,18:22:00,21536.1472,Daylit,6.4091,290.8724,-25.0979,110.7197,17.7668,14.73,0.9762,Waning Crescent,
2022-07-14,18:23:00,20891.6347,Daylit,6.1787,290.9031,-24.8782,110.7183,17.7763,14.74,0.9761,Waning Crescent,
2022-07-14,18:24:00,20242.9607,Daylit,5.9482,290.9342,-24.6586,110.7173,17.7858,14.75,0.9761,Waning Crescent,
2022-07-14,18:25:00,19589.9534,Daylit,5.7179,290.9657,-24.4389,110.7166,17.7953,14.75,0.9761,Waning Crescent,
2022-07-14,18:26:00,18932.4254,Daylit,5.4875,290.9975,-24.2192,110.7163,17.8047,14.76,0.9761,Waning Crescent,
2022-07-14,18:27:00,18270.171,Daylit,5.2572,291.0296,-23.9995,110.7165,17.8142,14.77,0.976,Waning Crescent,
2022-07-14,18:28:00,17602.9646,Daylit,5.027,291.0621,-23.7797,110.717,17.8237,14.78,0.976,Waning Crescent,
2022-07-14,18:29:00,16930.557,Daylit,4.7968,291.0949,-23.56,110.7179,17.8331,14.78,0.976,Waning Crescent,
2022-07-14,18:30:00,16252.672,Daylit,4.5667,291.1281,-23.3402,110.7192,17.8426,14.79,0.976,Waning Crescent,
2022-07-14,18:31:00,15569.0024,Daylit,4.3366,291.1616,-23.1204,110.7208,17.8521,14.8,0.9759,Waning Crescent,
2022-07-14,18:32:00,14879.2044,Daylit,4.1066,291.1955,-22.9006,110.7228,17.8615,14.81,0.9759,Waning Crescent,
2022-07-14,18:33:00,14182.8912,Daylit,3.8766,291.2297,-22.6808,110.7253,17.871,14.81,0.9759,Waning Crescent,
2022-07-14,18:34:00,13479.6247,Daylit,3.6467,291.2643,-22.4609,110.728,17.8805,14.82,0.9758,Waning Crescent,
2022-07-14,18:35:00,12768.9056,Daylit,3.4168,291.2992,-22.2411,110.7312,17.89,14.83,0.9758,Waning Crescent,
2022-07-14,18:36:00,12050.1597,Daylit,3.187,291.3345,-22.0212,110.7347,17.8994,14.83,0.9758,Waning Crescent,
2022-07-14,18:37:00,11322.7212,Daylit,2.9573,291.3701,-21.8013,110.7386,17.9089,14.84,0.9758,Waning Crescent,
2022-07-14,18:38:00,10585.8095,Daylit,2.7276,291.4061,-21.5814,110.7429,17.9184,14.85,0.9757,Waning Crescent,
2022-07-14,18:39:00,9838.4984,Daylit,2.4979,291.4424,-21.3615,110.7475,17.9279,14.86,0.9757,Waning Crescent,
2022-07-14,18:40:00,9079.6734,Daylit,2.2683,291.4791,-21.1416,110.7525,17.9373,14.86,0.9757,Waning Crescent,
2022-07-14,18:41:00,8307.9702,Daylit,2.0388,291.5162,-20.9217,110.7579,17.9468,14.87,0.9757,Waning Crescent,
2022-07-14,18:42:00,7521.6843,Daylit,1.8094,291.5536,-20.7018,110.7636,17.9563,14.88,0.9756,Waning Crescent,
2022-07-14,18:43:00,6718.6321,Daylit,1.5799,291.5914,-20.4818,110.7697,17.9657,14.88,0.9756,Waning Crescent,
2022-07-14,18:44:00,5895.9245,Daylit,1.3506,291.6295,-20.2619,110.7762,17.9752,14.89,0.9756,Waning Crescent,
2022-07-14,18:45:00,5049.5774,Daylit,1.1213,291.668,-20.0419,110.783,17.9847,14.9,0.9756,Waning Crescent,
2022-07-14,18:46:00,4173.7736,Daylit,0.8921,291.7068,-19.8219,110.7901,17.9942,14.91,0.9755,Waning Crescent,
2022-07-14,18:47:00,3259.2877,Daylit,0.6629,291.746,-19.6019,110.7976,18.0036,14.91,0.9755,Waning Crescent,
2022-07-14,18:48:00,2289.4131,Daylit,0.4338,291.7856,-19.3819,110.8055,18.0131,14.92,0.9755,Waning Crescent,
2022-07-14,18:49:00,1225.0128,Daylit,0.2048,291.8256,-19.1619,110.8137,18.0226,14.93,0.9755,Waning Crescent,
2022-07-14,18:50:00,20.3177,Civil Twilight,-0.0242,291.8659,-18.9419,110.8223,18.0321,14.94,0.9754,Waning Crescent,
2022-07-14,18:51:00,19.5394,Civil Twilight,-0.2531,291.9065,-18.7219,110.8312,18.0415,14.94,0.9754,Waning Crescent,
2022-07-14,18:52:00,18.7613,Civil Twilight,-0.482,291.9476,-18.5019,110.8405,18.051,14.95,0.9754,Waning Crescent,
2022-07-14,18:53:00,17.9835,Civil Twilight,-0.7107,291.989,-18.2819,110.8501,18.0605,14.96,0.9754,Waning Crescent,
2022-07-14,18:54:00,17.2059,Civil Twilight,-0.9395,292.0308,-18.0619,110.8601,18.07,14.96,0.9753,Waning Crescent,
2022-07-14,18:55:00,16.4285,Civil Twilight,-1.1681,292.0729,-17.8418,110.8704,18.0794,14.97,0.9753,Waning Crescent,
2022-07-14,18:56:00,15.6513,Civil Twilight,-1.3967,292.1155,-17.6218,110.8811,18.0889,14.98,0.9753,Waning Crescent,
2022-07-14,18:57:00,14.8744,Civil Twilight,-1.6252,292.1584,-17.4018,110.8921,18.0984,14.99,0.9753,Waning Crescent,
2022-07-14,18:58:00,14.0977,Civil Twilight,-1.8536,292.2017,-17.1817,110.9035,18.1079,14.99,0.9752,Waning Crescent,
2022-07-14,18:59:00,13.3213,Civil Twilight,-2.082,292.2453,-16.9617,110.9152,18.1174,15.0,0.9752,Waning Crescent,
2022-07-14,19:00:00,12.5451,Civil Twilight,-2.3103,292.2894,-16.7417,110.9272,18.1268,15.01,0.9752,Waning Crescent,
2022-07-14,19:01:00,11.7691,Civil Twilight,-2.5385,292.3338,-16.5216,110.9396,18.1363,15.01,0.9752,Waning Crescent,
2022-07-14,19:02:00,10.9934,Civil Twilight,-2.7666,292.3786,-16.3016,110.9523,18.1458,15.02,0.9751,Waning Crescent,
2022-07-14,19:03:00,10.2179,Civil Twilight,-2.9947,292.4238,-16.0815,110.9654,18.1553,15.03,0.9751,Waning Crescent,
2022-07-14,19:04:00,9.4427,Civil Twilight,-3.2227,292.4693,-15.8615,110.9788,18.1647,15.04,0.9751,Waning Crescent,
2022-07-14,19:05:00,8.6678,Civil Twilight,-3.4507,292.5153,-15.6414,110.9926,18.1742,15.04,0.9751,Waning Crescent,
2022-07-14,19:06:00,7.8931,Civil Twilight,-3.6785,292.5616,-15.4214,111.0066,18.1837,15.05,0.975,Waning Crescent,
2022-07-14,19:07:00,7.1187,Civil Twilight,-3.9063,292.6084,-15.2014,111.0211,18.1932,15.06,0.975,Waning Crescent,
2022-07-14,19:08:00,6.3445,Civil Twilight,-4.134,292.6555,-14.9813,111.0358,18.2027,15.07,0.975,Waning Crescent,
2022-07-14,19:09:00,5.5706,Civil Twilight,-4.3616,292.703,-14.7613,111.0509,18.2121,15.07,0.975,Waning Crescent,
2022-07-14,19:10:00,4.7969,Civil Twilight,-4.5891,292.7509,-14.5413,111.0663,18.2216,15.08,0.9749,Waning Crescent,
2022-07-14,19:11:00,4.0236,Civil Twilight,-4.8166,292.7992,-14.3212,111.0821,18.2311,15.09,0.9749,Waning Crescent,
2022-07-14,19:12:00,3.2505,Civil Twilight,-5.044,292.8479,-14.1012,111.0982,18.2406,15.09,0.9749,Waning Crescent,
2022-07-14,19:13:00,2.4777,Civil Twilight,-5.2713,292.897,-13.8812,111.1146,18.25,15.1,0.9748,Waning Crescent,
2022-07-14,19:14:00,1.7052,Civil Twilight,-5.4985,292.9465,-13.6612,111.1314,18.2595,15.11,0.9748,Waning Crescent,
2022-07-14,19:15:00,0.9329,Civil Twilight,-5.7256,292.9964,-13.4412,111.1485,18.269,15.12,0.9748,Waning Crescent,
2022-07-14,19:16:00,0.161,Civil Twilight,-5.9527,293.0468,-13.2212,111.1659,18.2785,15.12,0.9748,Waning Crescent,
2022-07-14,19:17:00,0.582,Nautical Twilight,-6.1796,293.0975,-13.0012,111.1837,18.288,15.13,0.9747,Waning Crescent,
2022-07-14,19:18:00,0.5594,Nautical Twilight,-6.4065,293.1486,-12.7812,111.2018,18.2974,15.14,0.9747,Waning Crescent,
2022-07-14,19:19:00,0.5367,Nautical Twilight,-6.6333,293.2002,-12.5612,111.2202,18.3069,15.14,0.9747,Waning Crescent,
2022-07-14,19:20:00,0.514,Nautical Twilight,-6.86,293.2521,-12.3412,111.2389,18.3164,15.15,0.9747,Waning Crescent,
2022-07-14,19:21:00,0.4913,Nautical Twilight,-7.0866,293.3045,-12.1213,111.258,18.3259,15.16,0.9746,Waning Crescent,
2022-07-14,19:22:00,0.4687,Nautical Twilight,-7.3131,293.3573,-11.9013,111.2774,18.3354,15.17,0.9746,Waning Crescent,
2022-07-14,19:23:00,0.446,Nautical Twilight,-7.5396,293.4105,-11.6814,111.2972,18.3448,15.17,0.9746,Waning Crescent,
2022-07-14,19:24:00,0.4234,Nautical Twilight,-7.7659,293.4642,-11.4615,111.3173,18.3543,15.18,0.9746,Waning Crescent,
2022-07-14,19:25:00,0.4008,Nautical Twilight,-7.9922,293.5182,-11.2415,111.3377,18.3638,15.19,0.9745,Waning Crescent,
2022-07-14,19:26:00,0.3782,Nautical Twilight,-8.2183,293.5727,-11.0216,111.3584,18.3733,15.2,0.9745,Waning Crescent,
2022-07-14,19:27:00,0.3556,Nautical Twilight,-8.4444,293.6276,-10.8017,111.3795,18.3828,15.2,0.9745,Waning Crescent,
2022-07-14,19:28:00,0.333,Nautical Twilight,-8.6703,293.683,-10.5818,111.4009,18.3923,15.21,0.9745,Waning Crescent,
2022-07-14,19:29:00,0.3104,Nautical Twilight,-8.8962,293.7387,-10.362,111.4226,18.4017,15.22,0.9744,Waning Crescent,
2022-07-14,19:30:00,0.2878,Nautical Twilight,-9.122,293.7949,-10.1421,111.4447,18.4112,15.22,0.9744,Waning Crescent,
2022-07-14,19:31:00,0.2652,Nautical Twilight,-9.3477,293.8516,-9.9223,111.467,18.4207,15.23,0.9744,Waning Crescent,
2022-07-14,19:32:00,0.2427,Nautical Twilight,-9.5732,293.9087,-9.7024,111.4898,18.4302,15.24,0.9744,Waning Crescent,
2022-07-14,19:33:00,0.2201,Nautical Twilight,-9.7987,293.9662,-9.4826,111.5128,18.4397,15.25,0.9743,Waning Crescent,
2022-07-14,19:34:00,0.1976,Nautical Twilight,-10.0241,294.0242,-9.2628,111.5362,18.4492,15.25,0.9743,Waning Crescent,
2022-07-14,19:35:00,0.1751,Nautical Twilight,-10.2494,294.0826,-9.043,111.5599,18.4586,15.26,0.9743,Waning Crescent,
2022-07-14,19:36:00,0.1525,Nautical Twilight,-10.4745,294.1415,-8.8233,111.5839,18.4681,15.27,0.9743,Waning Crescent,
2022-07-14,19:37:00,0.13,Nautical Twilight,-10.6996,294.2008,-8.6035,111.6083,18.4776,15.28,0.9742,Waning Crescent,
2022-07-14,19:38:00,0.1075,Nautical Twilight,-10.9246,294.2606,-8.3838,111.633,18.4871,15.28,0.9742,Waning Crescent,
2022-07-14,19:39:00,0.0851,Nautical Twilight,-11.1494,294.3209,-8.1641,111.658,18.4966,15.29,0.9742,Waning Crescent,
2022-07-14,19:40:00,0.0626,Nautical Twilight,-11.3742,294.3816,-7.9444,111.6833,18.5061,15.3,0.9741,Waning Crescent,
2022-07-14,19:41:00,0.0401,Nautical Twilight,-11.5988,294.4427,-7.7247,111.709,18.5155,15.3,0.9741,Waning Crescent,
2022-07-14,19:42:00,0.0177,Nautical Twilight,-11.8234,294.5044,-7.505,111.735,18.525,15.31,0.9741,Waning Crescent,
2022-07-14,19:43:00,0.006,Astronomical Twilight,-12.0478,294.5665,-7.2854,111.7614,18.5345,15.32,0.9741,Waning Crescent,
2022-07-14,19:44:00,0.0057,Astronomical Twilight,-12.2721,294.6291,-7.0658,111.7881,18.544,15.33,0.974,Waning Crescent,
2022-07-14,19:45:00,0.0055,Astronomical Twilight,-12.4963,294.6921,-6.8462,111.8151,18.5535,15.33,0.974,Waning Crescent,
2022-07-14,19:46:00,0.0053,Astronomical Twilight,-12.7204,294.7556,-6.6266,111.8424,18.563,15.34,0.974,Waning Crescent,
2022-07-14,19:47:00,0.0051,Astronomical Twilight,-12.9444,294.8196,-6.4071,111.8701,18.5724,15.35,0.974,Waning Crescent,
2022-07-14,19:48:00,0.0048,Astronomical Twilight,-13.1682,294.8841,-6.1876,111.8981,18.5819,15.35,0.9739,Waning Crescent,
2022-07-14,19:49:00,0.0046,Astronomical Twilight,-13.3919,294.9491,-5.9681,111.9264,18.5914,15.36,0.9739,Waning Crescent,
2022-07-14,19:50:00,0.0044,Astronomical Twilight,-13.6156,295.0146,-5.7486,111.9551,18.6009,15.37,0.9739,Waning Crescent,
2022-07-14,19:51:00,0.0042,Astronomical Twilight,-13.8391,295.0805,-5.5291,111.9841,18.6104,15.38,0.9739,Waning Crescent,
2022-07-14,19:52:00,0.0039,Astronomical Twilight,-14.0624,295.147,-5.3097,112.0134,18.6199,15.38,0.9738,Waning Crescent,
2022-07-14,19:53:00,0.0037,Astronomical Twilight,-14.2857,295.214,-5.0903,112.0431,18.6294,15.39,0.9738,Waning Crescent,
2022-07-14,19:54:00,0.0035,Astronomical Twilight,-14.5088,295.2814,-4.8709,112.0731,18.6388,15.4,0.9738,Waning Crescent,
2022-07-14,19:55:00,0.0033,Astronomical Twilight,-14.7318,295.3494,-4.6516,112.1034,18.6483,15.41,0.9737,Waning Crescent,
2022-07-14,19:56:00,0.003,Astronomical Twilight,-14.9547,295.4179,-4.4322,112.1341,18.6578,15.41,0.9737,Waning Crescent,
2022-07-14,19:57:00,0.0028,Astronomical Twilight,-15.1775,295.4869,-4.213,112.1651,18.6673,15.42,0.9737,Waning Crescent,
2022-07-14,19:58:00,0.0026,Astronomical Twilight,-15.4001,295.5564,-3.9937,112.1964,18.6768,15.43,0.9737,Waning Crescent,
2022-07-14,19:59:00,0.0024,Astronomical Twilight,-15.6226,295.6264,-3.7745,112.2281,18.6863,15.43,0.9736,Waning Crescent,
2022-07-14,20:00:00,0.0022,Astronomical Twilight,-15.845,295.6969,-3.5553,112.2602,18.6958,15.44,0.9736,Waning Crescent,
2022-07-16,17:00:00,66210.7979,Daylit,25.4581,289.1746,-69.7308,101.9406,44.1351,37.42,0.8589,Waning Crescent,
2022-07-16,17:01:00,65738.9058,Daylit,25.2251,289.1766,-69.502,101.8388,44.1443,37.43,0.8588,Waning Crescent,
2022-07-16,17:02:00,65265.433,Daylit,24.9921,289.1791,-69.2731,101.7398,44.1535,37.44,0.8587,Waning Crescent,
2022-07-16,17:03:00,64790.3777,Daylit,24.7591,289.1819,-69.0441,101.6435,44.1627,37.45,0.8587,Waning Crescent,
2022-07-16,17:04:00,64313.7377,Daylit,24.5262,289.1852,-68.815,101.5498,44.172,37.46,0.8586,Waning Crescent,
2022-07-16,17:05:00,63835.5112,Daylit,24.2932,289.1888,-68.5859,101.4585,44.1812,37.47,0.8586,Waning Crescent,
2022-07-16,17:06:00,63355.6956,Daylit,24.0602,289.1929,-68.3566,101.3697,44.1904,37.48,0.8585,Waning Crescent,
2022-07-16,17:07:00,62874.2887,Daylit,23.8272,289.1973,-68.1273,101.2832,44.1996,37.49,0.8585,Waning Crescent,
2022-07-16,17:08:00,62391.2876,Daylit,23.5943,289.2021,-67.8978,101.199,44.2088,37.49,0.8584,Waning Crescent,
2022-07-16,17:09:00,61906.6897,Daylit,23.3613,289.2073,-67.6683,101.117,44.2181,37.5,0.8583,Waning Crescent,
2022-07-16,17:10:00,61420.492,Daylit,23.1284,289.2128,-67.4387,101.0372,44.2273,37.51,0.8583,Waning Crescent,
2022-07-16,17:11:00,60932.6912,Daylit,22.8955,289.2188,-67.2091,100.9594,44.2365,37.52,0.8582,Waning Crescent,
2022-07-16,17:12:00,60443.2839,Daylit,22.6625,289.2251,-66.9793,100.8836,44.2457,37.53,0.8582,Waning Crescent,
2022-07-16,17:13:00,59952.2666,Daylit,22.4296,289.2318,-66.7495,100.8098,44.2549,37.54,0.8581,Waning Crescent,
2022-07-16,17:14:00,59459.6355,Daylit,22.1967,289.2389,-66.5196,100.7379,44.2642,37.55,0.8581,Waning Crescent,
2022-07-16,17:15:00,58965.3866,Daylit,21.9638,289.2464,-66.2897,100.6679,44.2734,37.56,0.858,Waning Crescent,
2022-07-16,17:16:00,58469.5156,Daylit,21.7309,289.2542,-66.0597,100.5996,44.2826,37.57,0.858,Waning Crescent,
2022-07-16,17:17:00,57972.018,Daylit,21.498,289.2624,-65.8296,100.5331,44.2918,37.57,0.8579,Waning Crescent,
2022-07-16,17:18:00,57472.8891,Daylit,21.2652,289.271,-65.5994,100.4683,44.301,37.58,0.8578,Waning Crescent,
2022-07-16,17:19:00,56972.1239,Daylit,21.0323,289.2799,-65.3692,100.4051,44.3103,37.59,0.8578,Waning Crescent,
2022-07-16,17:20:00,56469.7173,Daylit,20.7995,289.2892,-65.1389,100.3435,44.3195,37.6,0.8577,Waning Crescent,
2022-07-16,17:21:00,55965.6636,Daylit,20.5667,289.2989,-64.9086,100.2835,44.3287,37.61,0.8577,Waning Crescent,
2022-07-16,17:22:00,55459.957,Daylit,20.3338,289.3089,-64.6782,100.2251,44.3379,37.62,0.8576,Waning Crescent,
2022-07-16,17:23:00,54952.5916,Daylit,20.101,289.3193,-64.4478,100.1681,44.3471,37.63,0.8576,Waning Crescent,
2022-07-16,17:24:00,54443.5608,Daylit,19.8683,289.33,-64.2173,100.1125,44.3563,37.64,0.8575,Waning Crescent,
2022-07-16,17:25:00,53932.858,Daylit,19.6355,289.3411,-63.9867,100.0584,44.3656,37.64,0.8574,Waning Crescent,
2022-07-16,17:26:00,53420.4761,Daylit,19.4027,289.3526,-63.7561,100.0056,44.3748,37.65,0.8574,Waning Crescent,
2022-07-16,17:27:00,52906.4077,Daylit,19.17,289.3644,-63.5254,99.9541,44.384,37.66,0.8573,Waning Crescent,
2022-07-16,17:28:00,52390.6451,Daylit,18.9373,289.3766,-63.2947,99.904,44.3932,37.67,0.8573,Waning Crescent,
2022-07-16,17:29:00,51873.1801,Daylit,18.7046,289.3891,-63.064,99.8551,44.4024,37.68,0.8572,Waning Crescent,
2022-07-16,17:30:00,51354.0042,Daylit,18.4719,289.402,-62.8332,99.8075,44.4116,37.69,0.8572,Waning Crescent,
2022-07-16,17:31:00,50833.1086,Daylit,18.2392,289.4153,-62.6023,99.761,44.4209,37.7,0.8571,Waning Crescent,
2022-07-16,17:32:00,50310.4838,Daylit,18.0066,289.4289,-62.3714,99.7158,44.4301,37.71,0.8571,Waning Crescent,
2022-07-16,17:33:00,49786.1201,Daylit,17.774,289.4428,-62.1405,99.6717,44.4393,37.72,0.857,Waning Crescent,
2022-07-16,17:34:00,49260.0073,Daylit,17.5414,289.4571,-61.9095,99.6287,44.4485,37.72,0.8569,Waning Crescent,
2022-07-16,17:35:00,48732.1346,Daylit,17.3088,289.4717,-61.6784,99.5868,44.4577,37.73,0.8569,Waning Crescent,
2022-07-16,17:36:00,48202.4908,Daylit,17.0762,289.4867,-61.4473,99.546,44.4669,37.74,0.8568,Waning Crescent,
2022-07-16,17:37:00,47671.0643,Daylit,16.8437,289.5021,-61.2162,99.5062,44.4762,37.75,0.8568,Waning Crescent,
2022-07-16,17:38:00,47137.8426,Daylit,16.6112,289.5177,-60.9851,99.4674,44.4854,37.76,0.8567,Waning Crescent,
2022-07-16,17:39:00,46602.813,Daylit,16.3787,289.5338,-60.7539,99.4297,44.4946,37.77,0.8567,Waning Crescent,
2022-07-16,17:40:00,46065.9619,Daylit,16.1462,289.5501,-60.5226,99.3929,44.5038,37.78,0.8566,Waning Crescent,
2022-07-16,17:41:00,45527.2754,Daylit,15.9137,289.5668,-60.2914,99.357,44.513,37.79,0.8565,Waning Crescent,
2022-07-16,17:42:00,44986.7387,Daylit,15.6813,289.5839,-60.06,99.3221,44.5222,37.8,0.8565,Waning Crescent,
2022-07-16,17:43:00,44444.3364,Daylit,15.4489,289.6013,-59.8287,99.2881,44.5314,37.8,0.8564,Waning Crescent,
2022-07-16,17:44:00,43900.0523,Daylit,15.2165,289.619,-59.5973,99.255,44.5406,37.81,0.8564,Waning Crescent,
2022-07-16,17:45:00,43353.8695,Daylit,14.9842,289.6371,-59.3659,99.2228,44.5499,37.82,0.8563,Waning Crescent,
2022-07-16,17:46:00,42805.7703,Daylit,14.7519,289.6555,-59.1344,99.1914,44.5591,37.83,0.8563,Waning Crescent,
2022-07-16,17:47:00,42255.7363,Daylit,14.5196,289.6743,-58.9029,99.1609,44.5683,37.84,0.8562,Waning Crescent,
2022-07-16,17:48:00,41703.7479,Daylit,14.2873,289.6934,-58.6714,99.1312,44.5775,37.85,0.8562,Waning Crescent,
2022-07-16,17:49:00,41149.785,Daylit,14.055,289.7129,-58.4398,99.1023,44.5867,37.86,0.8561,Waning Crescent,
2022-07-16,17:50:00,40593.8261,Daylit,13.8228,289.7326,-58.2082,99.0741,44.5959,37.87,0.856,Waning Crescent,
2022-07-16,17:51:00,40035.8489,Daylit,13.5906,289.7528,-57.9766,99.0467,44.6051,37.88,0.856,Waning Crescent,
2022-07-16,17:52:00,39475.8301,Daylit,13.3585,289.7732,-57.745,99.0201,44.6143,37.88,0.8559,Waning Crescent,
2022-07-16,17:53:00,38913.745,Daylit,13.1264,289.794,-57.5133,98.9942,44.6236,37.89,0.8559,Waning Crescent,
2022-07-16,17:54:00,38349.5679,Daylit,12.8943,289.8151,-57.2815,98.9691,44.6328,37.9,0.8558,Waning Crescent,
2022-07-16,17:55:00,37783.2718,Daylit,12.6622,289.8366,-57.0498,98.9446,44.642,37.91,0.8558,Waning Crescent,
2022-07-16,17:56:00,37214.8282,Daylit,12.4302,289.8584,-56.818,98.9208,44.6512,37.92,0.8557,Waning Crescent,
2022-07-16,17:57:00,36644.2073,Daylit,12.1982,289.8805,-56.5862,98.8978,44.6604,37.93,0.8556,Waning Crescent,
2022-07-16,17:58:00,36071.3778,Daylit,11.9662,289.903,-56.3544,98.8753,44.6696,37.94,0.8556,Waning Crescent,
2022-07-16,17:59:00,35496.3066,Daylit,11.7343,289.9258,-56.1225,98.8536,44.6788,37.95,0.8555,Waning Crescent,
2022-07-16,18:00:00,34918.9591,Daylit,11.5024,289.949,-55.8906,98.8325,44.688,37.96,0.8555,Waning Crescent,
2022-07-16,18:01:00,34339.2987,Daylit,11.2705,289.9725,-55.6587,98.812,44.6972,37.96,0.8554,Waning Crescent,
2022-07-16,18:02:00,33757.2869,Daylit,11.0387,289.9963,-55.4267,98.7921,44.7065,37.97,0.8554,Waning Crescent,
2022-07-16,18:03:00,33172.8831,Daylit,10.8069,290.0204,-55.1948,98.7728,44.7157,37.98,0.8553,Waning Crescent,
2022-07-16,18:04:00,32586.0446,Daylit,10.5751,290.0449,-54.9628,98.7541,44.7249,37.99,0.8552,Waning Crescent,
2022-07-16,18:05:00,31996.7262,Daylit,10.3434,290.0697,-54.7307,98.736,44.7341,38.0,0.8552,Waning Crescent,
2022-07-16,18:06:00,31404.8801,Daylit,10.1117,290.0949,-54.4987,98.7185,44.7433,38.01,0.8551,Waning Crescent,
2022-07-16,18:07:00,30810.4558,Daylit,9.88,290.1204,-54.2666,98.7016,44.7525,38.02,0.8551,Waning Crescent,
2022-07-16,18:08:00,30213.4,Daylit,9.6484,290.1462,-54.0345,98.6852,44.7617,38.03,0.855,Waning Crescent,
2022-07-16,18:09:00,29613.6559,Daylit,9.4168,290.1724,-53.8024,98.6693,44.7709,38.03,0.855,Waning Crescent,
2022-07-16,18:10:00,29011.1636,Daylit,9.1853,290.1989,-53.5702,98.654,44.7801,38.04,0.8549,Waning Crescent,
2022-07-16,18:11:00,28405.8593,Daylit,8.9538,290.2257,-53.338,98.6392,44.7893,38.05,0.8549,Waning Crescent,
2022-07-16,18:12:00,27797.6753,Daylit,8.7224,290.2529,-53.1058,98.6249,44.7985,38.06,0.8548,Waning Crescent,
2022-07-16,18:13:00,27186.5396,Daylit,8.4909,290.2804,-52.8736,98.6111,44.8077,38.07,0.8547,Waning Crescent,
2022-07-16,18:14:00,26572.3754,Daylit,8.2596,290.3083,-52.6414,98.5978,44.817,38.08,0.8547,Waning Crescent,
2022-07-16,18:15:00,25955.1007,Daylit,8.0282,290.3365,-52.4091,98.585,44.8262,38.09,0.8546,Waning Crescent,
2022-07-16,18:16:00,25334.6279,Daylit,7.7969,290.365,-52.1768,98.5727,44.8354,38.1,0.8546,Waning Crescent,
2022-07-16,18:17:00,24710.8635,Daylit,7.5657,290.3938,-51.9445,98.5609,44.8446,38.11,0.8545,Waning Crescent,
2022-07-16,18:18:00,24083.707,Daylit,7.3345,290.423,-51.7122,98.5495,44.8538,38.11,0.8545,Waning Crescent,
2022-07-16,18:19:00,23453.0506,Daylit,7.1033,290.4526,-51.4798,98.5386,44.863,38.12,0.8544,Waning Crescent,
2022-07-16,18:20:00,22818.7782,Daylit,6.8722,290.4824,-51.2474,98.5281,44.8722,38.13,0.8543,Waning Crescent,
2022-07-16,18:21:00,22180.7649,Daylit,6.6411,290.5126,-51.015,98.5181,44.8814,38.14,0.8543,Waning Crescent,
2022-07-16,18:22:00,21538.8753,Daylit,6.4101,290.5432,-50.7826,98.5085,44.8906,38.15,0.8542,Waning Crescent,
2022-07-16,18:23:00,20892.9632,Daylit,6.1791,290.5741,-50.5502,98.4994,44.8998,38.16,0.8542,Waning Crescent,
2022-07-16,18:24:00,20242.8697,Daylit,5.9482,290.6053,-50.3177,98.4906,44.909,38.17,0.8541,Waning Crescent,
2022-07-16,18:25:00,19588.4218,Daylit,5.7173,290.6369,-50.0852,98.4823,44.9182,38.18,0.8541,Waning Crescent,
2022-07-16,18:26:00,18929.4305,Daylit,5.4865,290.6688,-49.8527,98.4744,44.9274,38.19,0.854,Waning Crescent,
2022-07-16,18:27:00,18265.6888,Daylit,5.2557,290.701,-49.6202,98.4669,44.9366,38.19,0.8539,Waning Crescent,
2022-07-16,18:28:00,17596.9693,Daylit,5.025,290.7336,-49.3877,98.4598,44.9458,38.2,0.8539,Waning Crescent,
2022-07-16,18:29:00,16923.0207,Daylit,4.7943,290.7666,-49.1551,98.4531,44.955,38.21,0.8538,Waning Crescent,
2022-07-16,18:30:00,16243.5648,Daylit,4.5636,290.7999,-48.9226,98.4468,44.9642,38.22,0.8538,Waning Crescent,
2022-07-16,18:31:00,15558.2917,Daylit,4.333,290.8335,-48.69,98.4408,44.9734,38.23,0.8537,Waning Crescent,
2022-07-16,18:32:00,14866.8546,Daylit,4.1025,290.8674,-48.4573,98.4353,44.9826,38.24,0.8537,Waning Crescent,
2022-07-16,18:33:00,14168.8632,Daylit,3.872,290.9018,-48.2247,98.4301,44.9918,38.25,0.8536,Waning Crescent,
2022-07-16,18:34:00,13463.8753,Daylit,3.6416,290.9364,-47.9921,98.4252,45.0011,38.26,0.8535,Waning Crescent,
2022-07-16,18:35:00,12751.3865,Daylit,3.4112,290.9714,-47.7594,98.4208,45.0103,38.27,0.8535,Waning Crescent,
2022-07-16,18:36:00,12030.8168,Daylit,3.1809,291.0068,-47.5267,98.4166,45.0195,38.27,0.8534,Waning Crescent,
2022-07-16,18:37:00,11301.493,Daylit,2.9506,291.0425,-47.294,98.4129,45.0287,38.28,0.8534,Waning Crescent,
2022-07-16,18:38:00,10562.6254,Daylit,2.7204,291.0785,-47.0613,98.4095,45.0379,38.29,0.8533,Waning Crescent,
2022-07-16,18:39:00,9813.2765,Daylit,2.4902,291.115,-46.8285,98.4064,45.0471,38.3,0.8533,Waning Crescent,
2022-07-16,18:40:00,9052.3167,Daylit,2.2601,291.1517,-46.5958,98.4036,45.0563,38.31,0.8532,Waning Crescent,
2022-07-16,18:41:00,8278.3622,Daylit,2.0301,291.1888,-46.363,98.4012,45.0655,38.32,0.8531,Waning Crescent,
2022-07-16,18:42:00,7489.6817,Daylit,1.8001,291.2263,-46.1302,98.3991,45.0747,38.33,0.8531,Waning Crescent,
2022-07-16,18:43:00,6684.0533,Daylit,1.5702,291.2641,-45.8974,98.3973,45.0839,38.34,0.853,Waning Crescent,
2022-07-16,18:44:00,5858.5316,Daylit,1.3403,291.3023,-45.6646,98.3959,45.0931,38.35,0.853,Waning Crescent,
2022-07-16,18:45:00,5009.0427,Daylit,1.1105,291.3408,-45.4317,98.3948,45.1023,38.35,0.8529,Waning Crescent,
2022-07-16,18:46:00,4129.6154,Daylit,0.8808,291.3797,-45.1989,98.3939,45.1115,38.36,0.8529,Waning Crescent,
2022-07-16,18:47:00,3210.7224,Daylit,0.6511,291.4189,-44.966,98.3934,45.1207,38.37,0.8528,Waning Crescent,
2022-07-16,18:48:00,2234.9323,Daylit,0.4214,291.4585,-44.7331,98.3932,45.1299,38.38,0.8528,Waning Crescent,
2022-07-16,18:49:00,1160.4476,Daylit,0.1919,291.4985,-44.5002,98.3933,45.1391,38.39,0.8527,Waning Crescent,
2022-07-16,18:50:00,20.2721,Civil Twilight,-0.0376,291.5388,-44.2673,98.3937,45.1483,38.4,0.8526,Waning Crescent,
2022-07-16,18:51:00,19.492,Civil Twilight,-0.2671,291.5795,-44.0344,98.3943,45.1575,38.41,0.8526,Waning Crescent,
2022-07-16,18:52:00,18.7122,Civil Twilight,-0.4964,291.6205,-43.8014,98.3953,45.1667,38.42,0.8525,Waning Crescent,
2022-07-16,18:53:00,17.9325,Civil Twilight,-0.7257,291.6619,-43.5685,98.3965,45.1759,38.43,0.8525,Waning Crescent,
2022-07-16,18:54:00,17.1531,Civil Twilight,-0.955,291.7037,-43.3355,98.3981,45.1851,38.43,0.8524,Waning Crescent,
2022-07-16,18:55:00,16.3739,Civil Twilight,-1.1841,291.7459,-43.1025,98.3999,45.1943,38.44,0.8524,Waning Crescent,
2022-07-16,18:56:00,15.595,Civil Twilight,-1.4132,291.7884,-42.8695,98.4019,45.2035,38.45,0.8523,Waning Crescent,
2022-07-16,18:57:00,14.8162,Civil Twilight,-1.6423,291.8313,-42.6364,98.4043,45.2127,38.46,0.8522,Waning Crescent,
2022-07-16,18:58:00,14.0377,Civil Twilight,-1.8713,291.8745,-42.4034,98.4069,45.2219,38.47,0.8522,Waning Crescent,
2022-07-16,18:59:00,13.2595,Civil Twilight,-2.1002,291.9182,-42.1704,98.4098,45.2311,38.48,0.8521,Waning Crescent,
2022-07-16,19:00:00,12.4815,Civil Twilight,-2.329,291.9622,-41.9373,98.413,45.2403,38.49,0.8521,Waning Crescent,
2022-07-16,19:01:00,11.7037,Civil Twilight,-2.5577,292.0066,-41.7042,98.4164,45.2495,38.5,0.852,Waning Crescent,
2022-07-16,19:02:00,10.9261,Civil Twilight,-2.7864,292.0513,-41.4711,98.42,45.2587,38.51,0.852,Waning Crescent,
2022-07-16,19:03:00,10.1489,Civil Twilight,-3.015,292.0965,-41.238,98.424,45.2679,38.51,0.8519,Waning Crescent,
2022-07-16,19:04:00,9.3718,Civil Twilight,-3.2436,292.142,-41.0049,98.4282,45.277,38.52,0.8518,Waning Crescent,
2022-07-16,19:05:00,8.595,Civil Twilight,-3.472,292.1879,-40.7717,98.4326,45.2862,38.53,0.8518,Waning Crescent,
2022-07-16,19:06:00,7.8185,Civil Twilight,-3.7004,292.2342,-40.5386,98.4373,45.2954,38.54,0.8517,Waning Crescent,
2022-07-16,19:07:00,7.0422,Civil Twilight,-3.9288,292.2809,-40.3054,98.4422,45.3046,38.55,0.8517,Waning Crescent,
2022-07-16,19:08:00,6.2662,Civil Twilight,-4.157,292.3279,-40.0722,98.4473,45.3138,38.56,0.8516,Waning Crescent,
2022-07-16,19:09:00,5.4905,Civil Twilight,-4.3852,292.3754,-39.8391,98.4528,45.323,38.57,0.8516,Waning Crescent,
2022-07-16,19:10:00,4.715,Civil Twilight,-4.6132,292.4232,-39.6059,98.4584,45.3322,38.58,0.8515,Waning Crescent,
2022-07-16,19:11:00,3.9398,Civil Twilight,-4.8412,292.4715,-39.3726,98.4643,45.3414,38.59,0.8514,Waning Crescent,
2022-07-16,19:12:00,3.1648,Civil Twilight,-5.0692,292.5201,-39.1394,98.4704,45.3506,38.59,0.8514,Waning Crescent,
2022-07-16,19:13:00,2.3901,Civil Twilight,-5.297,292.5691,-38.9062,98.4767,45.3598,38.6,0.8513,Waning Crescent,
2022-07-16,19:14:00,1.6157,Civil Twilight,-5.5248,292.6185,-38.6729,98.4833,45.369,38.61,0.8513,Waning Crescent,
2022-07-16,19:15:00,0.8416,Civil Twilight,-5.7525,292.6684,-38.4396,98.4901,45.3782,38.62,0.8512,Waning Crescent,
2022-07-16,19:16:00,0.0678,Civil Twilight,-5.9801,292.7186,-38.2064,98.4971,45.3874,38.63,0.8512,Waning Crescent,
2022-07-16,19:17:00,0.5792,Nautical Twilight,-6.2076,292.7692,-37.9731,98.5044,45.3966,38.64,0.8511,Waning Crescent,
2022-07-16,19:18:00,0.5565,Nautical Twilight,-6.435,292.8202,-37.7398,98.5118,45.4058,38.65,0.851,Waning Crescent,
2022-07-16,19:19:00,0.5338,Nautical Twilight,-6.6624,292.8717,-37.5065,98.5195,45.415,38.66,0.851,Waning Crescent,
2022-07-16,19:20:00,0.511,Nautical Twilight,-6.8896,292.9235,-37.2731,98.5274,45.4242,38.67,0.8509,Waning Crescent,
2022-07-16,19:21:00,0.4883,Nautical Twilight,-7.1168,292.9758,-37.0398,98.5356,45.4334,38.67,0.8509,Waning Crescent,
2022-07-16,19:22:00,0.4656,Nautical Twilight,-7.3439,293.0285,-36.8064,98.5439,45.4426,38.68,0.8508,Waning Crescent,
2022-07-16,19:23:00,0.4429,Nautical Twilight,-7.5709,293.0815,-36.5731,98.5524,45.4518,38.69,0.8508,Waning Crescent,
2022-07-16,19:24:00,0.4202,Nautical Twilight,-7.7978,293.1351,-36.3397,98.5612,45.4609,38.7,0.8507,Waning Crescent,
2022-07-16,19:25:00,0.3975,Nautical Twilight,-8.0246,293.189,-36.1063,98.5702,45.4701,38.71,0.8506,Waning Crescent,
2022-07-16,19:26:00,0.3749,Nautical Twilight,-8.2513,293.2433,-35.8729,98.5793,45.4793,38.72,0.8506,Waning Crescent,
2022-07-16,19:27:00,0.3522,Nautical Twilight,-8.478,293.2981,-35.6395,98.5887,45.4885,38.73,0.8505,Waning Crescent,
2022-07-16,19:28:00,0.3296,Nautical Twilight,-8.7045,293.3533,-35.4061,98.5983,45.4977,38.74,0.8505,Waning Crescent,
2022-07-16,19:29:00,0.3069,Nautical Twilight,-8.9309,293.4089,-35.1727,98.6081,45.5069,38.75,0.8504,Waning Crescent,
2022-07-16,19:30:00,0.2843,Nautical Twilight,-9.1573,293.465,-34.9392,98.6181,45.5161,38.75,0.8504,Waning Crescent,
2022-07-16,19:31:00,0.2616,Nautical Twilight,-9.3835,293.5215,-34.7058,98.6283,45.5253,38.76,0.8503,Waning Crescent,
2022-07-16,19:32:00,0.239,Nautical Twilight,-9.6097,293.5784,-34.4723,98.6387,45.5345,38.77,0.8502,Waning Crescent,
2022-07-16,19:33:00,0.2164,Nautical Twilight,-9.8357,293.6358,-34.2388,98.6492,45.5437,38.78,0.8502,Waning Crescent,
2022-07-16,19:34:00,0.1938,Nautical Twilight,-10.0617,293.6936,-34.0053,98.66,45.5529,38.79,0.8501,Waning Crescent,
2022-07-16,19:35:00,0.1712,Nautical Twilight,-10.2876,293.7519,-33.7718,98.671,45.5621,38.8,0.8501,Waning Crescent,
2022-07-16,19:36:00,0.1487,Nautical Twilight,-10.5133,293.8106,-33.5383,98.6822,45.5712,38.81,0.85,Waning Crescent,
2022-07-16,19:37:00,0.1261,Nautical Twilight,-10.739,293.8697,-33.3048,98.6935,45.5804,38.82,0.85,Waning Crescent,
2022-07-16,19:38:00,0.1035,Nautical Twilight,-10.9645,293.9293,-33.0713,98.7051,45.5896,38.83,0.8499,Waning Crescent,
2022-07-16,19:39:00,0.081,Nautical Twilight,-11.19,293.9894,-32.8378,98.7168,45.5988,38.83,0.8498,Waning Crescent,
2022-07-16,19:40:00,0.0585,Nautical Twilight,-11.4153,294.0499,-32.6042,98.7288,45.608,38.84,0.8498,Waning Crescent,
2022-07-16,19:41:00,0.0359,Nautical Twilight,-11.6405,294.1109,-32.3707,98.7409,45.6172,38.85,0.8497,Waning Crescent,
2022-07-16,19:42:00,0.0134,Nautical Twilight,-11.8657,294.1723,-32.1371,98.7532,45.6264,38.86,0.8497,Waning Crescent,
2022-07-16,19:43:00,0.0059,Astronomical Twilight,-12.0907,294.2342,-31.9035,98.7657,45.6356,38.87,0.8496,Waning Crescent,
2022-07-16,19:44:00,0.0057,Astronomical Twilight,-12.3156,294.2966,-31.6699,98.7783,45.6448,38.88,0.8496,Waning Crescent,
2022-07-16,19:45:00,0.0055,Astronomical Twilight,-12.5404,294.3594,-31.4363,98.7912,45.654,38.89,0.8495,Waning Crescent,
2022-07-16,19:46:00,0.0052,Astronomical Twilight,-12.7651,294.4227,-31.2027,98.8042,45.6631,38.9,0.8494,Waning Crescent,
2022-07-16,19:47:00,0.005,Astronomical Twilight,-12.9896,294.4865,-30.9691,98.8174,45.6723,38.91,0.8494,Waning Crescent,
2022-07-16,19:48:00,0.0048,Astronomical Twilight,-13.2141,294.5508,-30.7355,98.8308,45.6815,38.91,0.8493,Waning Crescent,
2022-07-16,19:49:00,0.0046,Astronomical Twilight,-13.4385,294.6155,-30.5019,98.8444,45.6907,38.92,0.8493,Waning Crescent,
2022-07-16,19:50:00,0.0043,Astronomical Twilight,-13.6627,294.6808,-30.2682,98.8582,45.6999,38.93,0.8492,Waning Crescent,
2022-07-16,19:51:00,0.0041,Astronomical Twilight,-13.8868,294.7465,-30.0346,98.8721,45.7091,38.94,0.8492,Waning Crescent,
2022-07-16,19:52:00,0.0039,Astronomical Twilight,-14.1108,294.8127,-29.8009,98.8862,45.7183,38.95,0.8491,Waning Crescent,
2022-07-16,19:53:00,0.0037,Astronomical Twilight,-14.3346,294.8794,-29.5672,98.9005,45.7275,38.96,0.849,Waning Crescent,
2022-07-16,19:54:00,0.0034,Astronomical Twilight,-14.5584,294.9466,-29.3336,98.915,45.7366,38.97,0.849,Waning Crescent,
2022-07-16,19:55:00,0.0032,Astronomical Twilight,-14.782,295.0143,-29.0999,98.9296,45.7458,38.98,0.8489,Waning Crescent,
2022-07-16,19:56:00,0.003,Astronomical Twilight,-15.0055,295.0826,-28.8662,98.9444,45.755,38.99,0.8489,Waning Crescent,
2022-07-16,19:57:00,0.0028,Astronomical Twilight,-15.2289,295.1513,-28.6325,98.9594,45.7642,38.99,0.8488,Waning Crescent,
2022-07-16,19:58:00,0.0025,Astronomical Twilight,-15.4522,295.2205,-28.3988,98.9745,45.7734,39.0,0.8487,Waning Crescent,
2022-07-16,19:59:00,0.0023,Astronomical Twilight,-15.6753,295.2903,-28.1651,98.9899,45.7826,39.01,0.8487,Waning Crescent,
2022-07-16,20:00:00,0.0021,Astronomical Twilight,-15.8983,295.3606,-27.9313,99.0054,45.7918,39.02,0.8486,Waning Crescent,
2022-07-18,17:00:00,66277.9021,Daylit,25.4913,288.7893,-81.3034,343.5468,69.8037,62.5,0.6726,Waning Gibbous,
2022-07-18,17:01:00,65805.1363,Daylit,25.2578,288.792,-81.363,345.0791,69.8123,62.5,0.6725,Waning Gibbous,
2022-07-18,17:02:00,65330.7845,Daylit,25.0242,288.7952,-81.4165,346.6313,69.8209,62.51,0.6725,Waning Gibbous,
2022-07-18,17:03:00,64854.8448,Daylit,24.7907,288.7987,-81.4637,348.2017,69.8295,62.52,0.6724,Waning Gibbous,
2022-07-18,17:04:00,64377.3154,Daylit,24.5572,288.8026,-81.5045,349.7883,69.8381,62.53,0.6723,Waning Gibbous,
2022-07-18,17:05:00,63898.194,Daylit,24.3237,288.8069,-81.5389,351.3888,69.8466,62.54,0.6723,Waning Gibbous,
2022-07-18,17:06:00,63417.4783,Daylit,24.0902,288.8115,-81.5668,353.001,69.8552,62.54,0.6722,Waning Gibbous,
2022-07-18,17:07:00,62935.1658,Daylit,23.8567,288.8166,-81.588,354.6226,69.8638,62.55,0.6721,Waning Gibbous,
2022-07-18,17:08:00,62451.2538,Daylit,23.6232,288.822,-81.6026,356.2511,69.8724,62.56,0.6721,Waning Gibbous,
2022-07-18,17:09:00,61965.7396,Daylit,23.3897,288.8278,-81.6105,357.8838,69.881,62.57,0.672,Waning Gibbous,
2022-07-18,17:10:00,61478.62,Daylit,23.1562,288.834,-81.6117,359.5184,69.8896,62.58,0.6719,Waning Gibbous,
2022-07-18,17:11:00,60989.8919,Daylit,22.9227,288.8406,-81.6062,1.1521,69.8982,62.58,0.6718,Waning Gibbous,
2022-07-18,17:12:00,60499.5518,Daylit,22.6893,288.8475,-81.594,2.7824,69.9068,62.59,0.6718,Waning Gibbous,
2022-07-18,17:13:00,60007.5961,Daylit,22.4558,288.8548,-81.5751,4.4067,69.9154,62.6,0.6717,Waning Gibbous,
2022-07-18,17:14:00,59514.021,Daylit,22.2224,288.8624,-81.5496,6.0226,69.924,62.61,0.6716,Waning Gibbous,
2022-07-18,17:15:00,59018.8224,Daylit,21.9889,288.8705,-81.5175,7.6276,69.9326,62.62,0.6716,Waning Gibbous,
2022-07-18,17:16:00,58521.996,Daylit,21.7555,288.8788,-81.4789,9.2194,69.9412,62.62,0.6715,Waning Gibbous,
2022-07-18,17:17:00,58023.5373,Daylit,21.5221,288.8876,-81.4339,10.7958,69.9498,62.63,0.6714,Waning Gibbous,
2022-07-18,17:18:00,57523.4416,Daylit,21.2887,288.8967,-81.3827,12.3547,69.9584,62.64,0.6714,Waning Gibbous,
2022-07-18,17:19:00,57021.7038,Daylit,21.0553,288.9062,-81.3252,13.8943,69.967,62.65,0.6713,Waning Gibbous,
2022-07-18,17:20:00,56518.3186,Daylit,20.822,288.916,-81.2617,15.4128,69.9756,62.66,0.6712,Waning Gibbous,
2022-07-18,17:21:00,56013.2805,Daylit,20.5886,288.9262,-81.1922,16.9085,69.9842,62.67,0.6711,Waning Gibbous,
2022-07-18,17:22:00,55506.5836,Daylit,20.3553,288.9368,-81.1169,18.3801,69.9927,62.67,0.6711,Waning Gibbous,
2022-07-18,17:23:00,54998.2218,Daylit,20.122,288.9477,-81.036,19.8263,70.0013,62.68,0.671,Waning Gibbous,
2022-07-18,17:24:00,54488.1886,Daylit,19.8886,288.9589,-80.9495,21.246,70.0099,62.69,0.6709,Waning Gibbous,
2022-07-18,17:25:00,53976.4772,Daylit,19.6553,288.9706,-80.8578,22.6382,70.0185,62.7,0.6709,Waning Gibbous,
2022-07-18,17:26:00,53463.0806,Daylit,19.4221,288.9825,-80.7608,24.0024,70.0271,62.71,0.6708,Waning Gibbous,
2022-07-18,17:27:00,52947.9912,Daylit,19.1888,288.9948,-80.6588,25.3377,70.0357,62.71,0.6707,Waning Gibbous,
2022-07-18,17:28:00,52431.2013,Daylit,18.9556,289.0075,-80.5519,26.6439,70.0443,62.72,0.6706,Waning Gibbous,
2022-07-18,17:29:00,51912.7027,Daylit,18.7223,289.0205,-80.4404,27.9205,70.0529,62.73,0.6706,Waning Gibbous,
2022-07-18,17:30:00,51392.4868,Daylit,18.4891,289.0339,-80.3243,29.1674,70.0615,62.74,0.6705,Waning Gibbous,
2022-07-18,17:31:00,50870.5445,Daylit,18.2559,289.0476,-80.2038,30.3846,70.0701,62.75,0.6704,Waning Gibbous,
2022-07-18,17:32:00,50346.8666,Daylit,18.0228,289.0616,-80.0791,31.572,70.0787,62.75,0.6704,Waning Gibbous,
2022-07-18,17:33:00,49821.4432,Daylit,17.7896,289.076,-79.9504,32.7298,70.0872,62.76,0.6703,Waning Gibbous,
2022-07-18,17:34:00,49294.2638,Daylit,17.5565,289.0907,-79.8177,33.8582,70.0958,62.77,0.6702,Waning Gibbous,
2022-07-18,17:35:00,48765.3178,Daylit,17.3234,289.1058,-79.6813,34.9576,70.1044,62.78,0.6702,Waning Gibbous,
2022-07-18,17:36:00,48234.5938,Daylit,17.0903,289.1212,-79.5413,36.0282,70.113,62.79,0.6701,Waning Gibbous,
2022-07-18,17:37:00,47702.08,Daylit,16.8572,289.137,-79.3978,37.0706,70.1216,62.79,0.67,Waning Gibbous,
2022-07-18,17:38:00,47167.7641,Daylit,16.6242,289.1531,-79.251,38.0853,70.1302,62.8,0.6699,Waning Gibbous,
2022-07-18,17:39:00,46631.633,Daylit,16.3912,289.1695,-79.1009,39.0726,70.1388,62.81,0.6699,Waning Gibbous,
2022-07-18,17:40:00,46093.6732,Daylit,16.1582,289.1863,-78.9479,40.0333,70.1474,62.82,0.6698,Waning Gibbous,
2022-07-18,17:41:00,45553.8706,Daylit,15.9252,289.2034,-78.7919,40.9679,70.156,62.83,0.6697,Waning Gibbous,
2022-07-18,17:42:00,45012.2102,Daylit,15.6922,289.2208,-78.633,41.8769,70.1645,62.83,0.6697,Waning Gibbous,
2022-07-18,17:43:00,44468.6766,Daylit,15.4593,289.2386,-78.4715,42.7611,70.1731,62.84,0.6696,Waning Gibbous,
2022-07-18,17:44:00,43923.2535,Daylit,15.2264,289.2567,-78.3073,43.6211,70.1817,62.85,0.6695,Waning Gibbous,
2022-07-18,17:45:00,43375.9239,Daylit,14.9935,289.2752,-78.1407,44.4574,70.1903,62.86,0.6694,Waning Gibbous,
2022-07-18,17:46:00,42826.6699,Daylit,14.7607,289.294,-77.9717,45.2708,70.1989,62.87,0.6694,Waning Gibbous,
2022-07-18,17:47:00,42275.4729,Daylit,14.5279,289.3131,-77.8005,46.0619,70.2075,62.88,0.6693,Waning Gibbous,
2022-07-18,17:48:00,41722.3134,Daylit,14.2951,289.3326,-77.627,46.8313,70.2161,62.88,0.6692,Waning Gibbous,
2022-07-18,17:49:00,41167.1707,Daylit,14.0623,289.3524,-77.4515,47.5797,70.2247,62.89,0.6692,Waning Gibbous,
2022-07-18,17:50:00,40610.0236,Daylit,13.8296,289.3725,-77.2739,48.3078,70.2332,62.9,0.6691,Waning Gibbous,
2022-07-18,17:51:00,40050.8494,Daylit,13.5969,289.3929,-77.0944,49.016,70.2418,62.91,0.669,Waning Gibbous,
2022-07-18,17:52:00,39489.6247,Daylit,13.3642,289.4137,-76.9131,49.7052,70.2504,62.92,0.669,Waning Gibbous,
2022-07-18,17:53:00,38926.3245,Daylit,13.1316,289.4348,-76.7299,50.3758,70.259,62.92,0.6689,Waning Gibbous,
2022-07-18,17:54:00,38360.923,Daylit,12.8989,289.4563,-76.5451,51.0284,70.2676,62.93,0.6688,Waning Gibbous,
2022-07-18,17:55:00,37793.393,Daylit,12.6663,289.4781,-76.3587,51.6636,70.2762,62.94,0.6687,Waning Gibbous,
2022-07-18,17:56:00,37223.7057,Daylit,12.4338,289.5002,-76.1707,52.282,70.2848,62.95,0.6687,Waning Gibbous,
2022-07-18,17:57:00,36651.8312,Daylit,12.2013,289.5226,-75.9811,52.8842,70.2933,62.96,0.6686,Waning Gibbous,
2022-07-18,17:58:00,36077.7378,Daylit,11.9688,289.5454,-75.7902,53.4705,70.3019,62.96,0.6685,Waning Gibbous,
2022-07-18,17:59:00,35501.3922,Daylit,11.7363,289.5685,-75.5978,54.0417,70.3105,62.97,0.6685,Waning Gibbous,
2022-07-18,18:00:00,34922.7596,Daylit,11.5039,289.592,-75.4042,54.5981,70.3191,62.98,0.6684,Waning Gibbous,
2022-07-18,18:01:00,34341.803,Daylit,11.2715,289.6157,-75.2092,55.1402,70.3277,62.99,0.6683,Waning Gibbous,
2022-07-18,18:02:00,33758.4837,Daylit,11.0391,289.6398,-75.013,55.6686,70.3363,63.0,0.6682,Waning Gibbous,
2022-07-18,18:03:00,33172.7607,Daylit,10.8068,289.6642,-74.8157,56.1836,70.3448,63.0,0.6682,Waning Gibbous,
2022-07-18,18:04:00,32584.591,Daylit,10.5745,289.689,-74.6172,56.6857,70.3534,63.01,0.6681,Waning Gibbous,
2022-07-18,18:05:00,31993.9289,Daylit,10.3423,289.7141,-74.4176,57.1754,70.362,63.02,0.668,Waning Gibbous,
2022-07-18,18:06:00,31400.7263,Daylit,10.1101,289.7395,-74.2169,57.653,70.3706,63.03,0.668,Waning Gibbous,
2022-07-18,18:07:00,30804.9324,Daylit,9.8779,289.7652,-74.0152,58.1189,70.3792,63.04,0.6679,Waning Gibbous,
2022-07-18,18:08:00,30206.4931,Daylit,9.6458,289.7913,-73.8126,58.5735,70.3878,63.04,0.6678,Waning Gibbous,
2022-07-18,18:09:00,29605.3515,Daylit,9.4137,289.8177,-73.609,59.0172,70.3963,63.05,0.6678,Waning Gibbous,
2022-07-18,18:10:00,29001.4469,Daylit,9.1816,289.8444,-73.4045,59.4503,70.4049,63.06,0.6677,Waning Gibbous,
2022-07-18,18:11:00,28394.7151,Daylit,8.9496,289.8715,-73.1992,59.8733,70.4135,63.07,0.6676,Waning Gibbous,
2022-07-18,18:12:00,27785.0878,Daylit,8.7176,289.8989,-72.993,60.2863,70.4221,63.08,0.6675,Waning Gibbous,
2022-07-18,18:13:00,27172.4922,Daylit,8.4856,289.9266,-72.786,60.6897,70.4307,63.08,0.6675,Waning Gibbous,
2022-07-18,18:14:00,26556.8508,Daylit,8.2537,289.9547,-72.5782,61.0838,70.4392,63.09,0.6674,Waning Gibbous,
2022-07-18,18:15:00,25938.081,Daylit,8.0219,289.9831,-72.3696,61.469,70.4478,63.1,0.6673,Waning Gibbous,
2022-07-18,18:16:00,25316.0943,Daylit,7.7901,290.0118,-72.1604,61.8455,70.4564,63.11,0.6673,Waning Gibbous,
2022-07-18,18:17:00,24690.7962,Daylit,7.5583,290.0409,-71.9504,62.2135,70.465,63.12,0.6672,Waning Gibbous,
2022-07-18,18:18:00,24062.0852,Daylit,7.3265,290.0702,-71.7397,62.5734,70.4736,63.12,0.6671,Waning Gibbous,
2022-07-18,18:19:00,23429.8525,Daylit,7.0949,290.1,-71.5284,62.9254,70.4821,63.13,0.6671,Waning Gibbous,
2022-07-18,18:20:00,22793.9809,Daylit,6.8632,290.13,-71.3164,63.2697,70.4907,63.14,0.667,Waning Gibbous,
2022-07-18,18:21:00,22154.3439,Daylit,6.6316,290.1604,-71.1039,63.6066,70.4993,63.15,0.6669,Waning Gibbous,
2022-07-18,18:22:00,21510.8049,Daylit,6.4,290.1911,-70.8907,63.9363,70.5079,63.16,0.6668,Waning Gibbous,
2022-07-18,18:23:00,20863.216,Daylit,6.1685,290.2222,-70.677,64.2591,70.5165,63.17,0.6668,Waning Gibbous,
2022-07-18,18:24:00,20211.4164,Daylit,5.9371,290.2536,-70.4627,64.575,70.525,63.17,0.6667,Waning Gibbous,
2022-07-18,18:25:00,19555.2312,Daylit,5.7057,290.2853,-70.2479,64.8844,70.5336,63.18,0.6666,Waning Gibbous,
2022-07-18,18:26:00,18894.469,Daylit,5.4743,290.3173,-70.0325,65.1875,70.5422,63.19,0.6666,Waning Gibbous,
2022-07-18,18:27:00,18228.9205,Daylit,5.243,290.3497,-69.8167,65.4843,70.5508,63.2,0.6665,Waning Gibbous,
2022-07-18,18:28:00,17558.3552,Daylit,5.0117,290.3825,-69.6003,65.7752,70.5594,63.21,0.6664,Waning Gibbous,
2022-07-18,18:29:00,16882.5185,Daylit,4.7805,290.4155,-69.3835,66.0602,70.5679,63.21,0.6663,Waning Gibbous,
2022-07-18,18:30:00,16201.1285,Daylit,4.5493,290.4489,-69.1662,66.3397,70.5765,63.22,0.6663,Waning Gibbous,
2022-07-18,18:31:00,15513.8707,Daylit,4.3182,290.4827,-68.9485,66.6136,70.5851,63.23,0.6662,Waning Gibbous,
2022-07-18,18:32:00,14820.3932,Daylit,4.0871,290.5168,-68.7304,66.8822,70.5937,63.24,0.6661,Waning Gibbous,
2022-07-18,18:33:00,14120.2998,Daylit,3.8561,290.5512,-68.5118,67.1456,70.6022,63.25,0.6661,Waning Gibbous,
2022-07-18,18:34:00,13413.141,Daylit,3.6251,290.586,-68.2928,67.404,70.6108,63.25,0.666,Waning Gibbous,
2022-07-18,18:35:00,12698.4038,Daylit,3.3942,290.6211,-68.0735,67.6575,70.6194,63.26,0.6659,Waning Gibbous,
2022-07-18,18:36:00,11975.4978,Daylit,3.1633,290.6566,-67.8537,67.9062,70.628,63.27,0.6659,Waning Gibbous,
2022-07-18,18:37:00,11243.7369,Daylit,2.9325,290.6924,-67.6336,68.1503,70.6365,63.28,0.6658,Waning Gibbous,
2022-07-18,18:38:00,10502.3152,Daylit,2.7017,290.7285,-67.4131,68.39,70.6451,63.29,0.6657,Waning Gibbous,
2022-07-18,18:39:00,9750.2747,Daylit,2.471,290.765,-67.1923,68.6253,70.6537,63.29,0.6656,Waning Gibbous,
2022-07-18,18:40:00,8986.4592,Daylit,2.2404,290.8018,-66.9711,68.8563,70.6623,63.3,0.6656,Waning Gibbous,
2022-07-18,18:41:00,8209.4491,Daylit,2.0098,290.839,-66.7496,69.0832,70.6708,63.31,0.6655,Waning Gibbous,
2022-07-18,18:42:00,7417.4642,Daylit,1.7793,290.8765,-66.5278,69.3061,70.6794,63.32,0.6654,Waning Gibbous,
2022-07-18,18:43:00,6608.2122,Daylit,1.5488,290.9144,-66.3057,69.5251,70.688,63.33,0.6654,Waning Gibbous,
2022-07-18,18:44:00,5778.6423,Daylit,1.3184,290.9526,-66.0832,69.7402,70.6966,63.33,0.6653,Waning Gibbous,
2022-07-18,18:45:00,4924.5119,Daylit,1.088,290.9912,-65.8605,69.9517,70.7051,63.34,0.6652,Waning Gibbous,
2022-07-18,18:46:00,4039.554,Daylit,0.8577,291.0302,-65.6374,70.1595,70.7137,63.35,0.6651,Waning Gibbous,
2022-07-18,18:47:00,3113.6523,Daylit,0.6275,291.0695,-65.4141,70.3638,70.7223,63.36,0.6651,Waning Gibbous,
2022-07-18,18:48:00,2127.9159,Daylit,0.3973,291.1091,-65.1905,70.5647,70.7309,63.37,0.665,Waning Gibbous,
2022-07-18,18:49:00,1034.8162,Daylit,0.1672,291.1491,-64.9667,70.7623,70.7394,63.37,0.6649,Waning Gibbous,
2022-07-18,18:50:00,20.1864,Civil Twilight,-0.0628,291.1895,-64.7426,70.9566,70.748,63.38,0.6649,Waning Gibbous,
2022-07-18,18:51:00,19.4044,Civil Twilight,-0.2928,291.2302,-64.5182,71.1477,70.7566,63.39,0.6648,Waning Gibbous,
2022-07-18,18:52:00,18.6227,Civil Twilight,-0.5227,291.2712,-64.2936,71.3358,70.7652,63.4,0.6647,Waning Gibbous,
2022-07-18,18:53:00,17.8412,Civil Twilight,-0.7526,291.3127,-64.0687,71.5208,70.7737,63.41,0.6646,Waning Gibbous,
2022-07-18,18:54:00,17.0599,Civil Twilight,-0.9824,291.3545,-63.8437,71.7029,70.7823,63.41,0.6646,Waning Gibbous,
2022-07-18,18:55:00,16.2788,Civil Twilight,-1.2121,291.3966,-63.6183,71.8821,70.7909,63.42,0.6645,Waning Gibbous,
2022-07-18,18:56:00,15.4979,Civil Twilight,-1.4418,291.4392,-63.3928,72.0585,70.7994,63.43,0.6644,Waning Gibbous,
2022-07-18,18:57:00,14.7173,Civil Twilight,-1.6714,291.482,-63.167,72.2322,70.808,63.44,0.6644,Waning Gibbous,
2022-07-18,18:58:00,13.9369,Civil Twilight,-1.9009,291.5253,-62.9411,72.4033,70.8166,63.45,0.6643,Waning Gibbous,
2022-07-18,18:59:00,13.1567,Civil Twilight,-2.1304,291.5689,-62.7149,72.5717,70.8252,63.45,0.6642,Waning Gibbous,
2022-07-18,19:00:00,12.3768,Civil Twilight,-2.3598,291.6129,-62.4885,72.7376,70.8337,63.46,0.6642,Waning Gibbous,
2022-07-18,19:01:00,11.5971,Civil Twilight,-2.5891,291.6573,-62.2619,72.901,70.8423,63.47,0.6641,Waning Gibbous,
2022-07-18,19:02:00,10.8177,Civil Twilight,-2.8183,291.702,-62.0351,73.062,70.8509,63.48,0.664,Waning Gibbous,
2022-07-18,19:03:00,10.0384,Civil Twilight,-3.0475,291.7471,-61.8082,73.2207,70.8594,63.49,0.6639,Waning Gibbous,
2022-07-18,19:04:00,9.2595,Civil Twilight,-3.2766,291.7926,-61.581,73.377,70.868,63.49,0.6639,Waning Gibbous,
2022-07-18,19:05:00,8.4808,Civil Twilight,-3.5057,291.8385,-61.3537,73.5311,70.8766,63.5,0.6638,Waning Gibbous,
2022-07-18,19:06:00,7.7023,Civil Twilight,-3.7346,291.8848,-61.1262,73.683,70.8852,63.51,0.6637,Waning Gibbous,
2022-07-18,19:07:00,6.9241,Civil Twilight,-3.9635,291.9314,-60.8985,73.8327,70.8937,63.52,0.6637,Waning Gibbous,
2022-07-18,19:08:00,6.1461,Civil Twilight,-4.1923,291.9784,-60.6706,73.9804,70.9023,63.53,0.6636,Waning Gibbous,
2022-07-18,19:09:00,5.3684,Civil Twilight,-4.421,292.0258,-60.4426,74.1259,70.9109,63.53,0.6635,Waning Gibbous,
2022-07-18,19:10:00,4.591,Civil Twilight,-4.6497,292.0736,-60.2145,74.2695,70.9194,63.54,0.6634,Waning Gibbous,
2022-07-18,19:11:00,3.8138,Civil Twilight,-4.8783,292.1218,-59.9861,74.4111,70.928,63.55,0.6634,Waning Gibbous,
2022-07-18,19:12:00,3.0369,Civil Twilight,-5.1068,292.1703,-59.7576,74.5508,70.9366,63.56,0.6633,Waning Gibbous,
2022-07-18,19:13:00,2.2603,Civil Twilight,-5.3352,292.2193,-59.529,74.6886,70.9451,63.57,0.6632,Waning Gibbous,
2022-07-18,19:14:00,1.4839,Civil Twilight,-5.5636,292.2686,-59.3002,74.8245,70.9537,63.57,0.6632,Waning Gibbous,
2022-07-18,19:15:00,0.7078,Civil Twilight,-5.7918,292.3184,-59.0713,74.9587,70.9623,63.58,0.6631,Waning Gibbous,
2022-07-18,19:16:00,0.598,Nautical Twilight,-6.02,292.3685,-58.8422,75.0911,70.9708,63.59,0.663,Waning Gibbous,
2022-07-18,19:17:00,0.5752,Nautical Twilight,-6.2481,292.419,-58.613,75.2218,70.9794,63.6,0.663,Waning Gibbous,
2022-07-18,19:18:00,0.5524,Nautical Twilight,-6.4761,292.47,-58.3836,75.3508,70.988,63.61,0.6629,Waning Gibbous,
2022-07-18,19:19:00,0.5296,Nautical Twilight,-6.704,292.5213,-58.1541,75.4781,70.9965,63.61,0.6628,Waning Gibbous,
2022-07-18,19:20:00,0.5068,Nautical Twilight,-6.9319,292.5731,-57.9245,75.6039,71.0051,63.62,0.6627,Waning Gibbous,
2022-07-18,19:21:00,0.484,Nautical Twilight,-7.1597,292.6252,-57.6947,75.728,71.0137,63.63,0.6627,Waning Gibbous,
2022-07-18,19:22:00,0.4613,Nautical Twilight,-7.3873,292.6778,-57.4649,75.8506,71.0222,63.64,0.6626,Waning Gibbous,
2022-07-18,19:23:00,0.4385,Nautical Twilight,-7.6149,292.7307,-57.2349,75.9717,71.0308,63.65,0.6625,Waning Gibbous,
2022-07-18,19:24:00,0.4158,Nautical Twilight,-7.8424,292.7841,-57.0047,76.0913,71.0394,63.65,0.6625,Waning Gibbous,
2022-07-18,19:25:00,0.393,Nautical Twilight,-8.0698,292.8379,-56.7745,76.2095,71.0479,63.66,0.6624,Waning Gibbous,
2022-07-18,19:26:00,0.3703,Nautical Twilight,-8.2972,292.8922,-56.5441,76.3262,71.0565,63.67,0.6623,Waning Gibbous,
2022-07-18,19:27:00,0.3476,Nautical Twilight,-8.5244,292.9468,-56.3137,76.4415,71.0651,63.68,0.6622,Waning Gibbous,
2022-07-18,19:28:00,0.3248,Nautical Twilight,-8.7515,293.0019,-56.0831,76.5555,71.0736,63.69,0.6622,Waning Gibbous,
2022-07-18,19:29:00,0.3021,Nautical Twilight,-8.9786,293.0573,-55.8524,76.6681,71.0822,63.69,0.6621,Waning Gibbous,
2022-07-18,19:30:00,0.2794,Nautical Twilight,-9.2055,293.1133,-55.6216,76.7794,71.0908,63.7,0.662,Waning Gibbous,
2022-07-18,19:31:00,0.2568,Nautical Twilight,-9.4324,293.1696,-55.3907,76.8894,71.0993,63.71,0.662,Waning Gibbous,
2022-07-18,19:32:00,0.2341,Nautical Twilight,-9.6591,293.2264,-55.1596,76.9982,71.1079,63.72,0.6619,Waning Gibbous,
2022-07-18,19:33:00,0.2114,Nautical Twilight,-9.8858,293.2836,-54.9285,77.1057,71.1165,63.73,0.6618,Waning Gibbous,
2022-07-18,19:34:00,0.1888,Nautical Twilight,-10.1124,293.3412,-54.6973,77.212,71.125,63.73,0.6618,Waning Gibbous,
2022-07-18,19:35:00,0.1661,Nautical Twilight,-10.3388,293.3993,-54.466,77.3171,71.1336,63.74,0.6617,Waning Gibbous,
2022-07-18,19:36:00,0.1435,Nautical Twilight,-10.5652,293.4579,-54.2346,77.4211,71.1421,63.75,0.6616,Waning Gibbous,
2022-07-18,19:37:00,0.1209,Nautical Twilight,-10.7915,293.5168,-54.003,77.5239,71.1507,63.76,0.6615,Waning Gibbous,
2022-07-18,19:38:00,0.0982,Nautical Twilight,-11.0176,293.5763,-53.7714,77.6255,71.1593,63.77,0.6615,Waning Gibbous,
2022-07-18,19:39:00,0.0756,Nautical Twilight,-11.2437,293.6361,-53.5397,77.7261,71.1678,63.77,0.6614,Waning Gibbous,
2022-07-18,19:40:00,0.053,Nautical Twilight,-11.4697,293.6965,-53.3079,77.8256,71.1764,63.78,0.6613,Waning Gibbous,
2022-07-18,19:41:00,0.0304,Nautical Twilight,-11.6955,293.7572,-53.076,77.924,71.185,63.79,0.6613,Waning Gibbous,
2022-07-18,19:42:00,0.0079,Nautical Twilight,-11.9213,293.8185,-52.8441,78.0214,71.1935,63.8,0.6612,Waning Gibbous,
2022-07-18,19:43:00,0.0059,Astronomical Twilight,-12.1469,293.8802,-52.612,78.1178,71.2021,63.81,0.6611,Waning Gibbous,
2022-07-18,19:44:00,0.0056,Astronomical Twilight,-12.3724,293.9423,-52.3798,78.2132,71.2106,63.81,0.661,Waning Gibbous,
2022-07-18,19:45:00,0.0054,Astronomical Twilight,-12.5979,294.005,-52.1476,78.3075,71.2192,63.82,0.661,Waning Gibbous,
2022-07-18,19:46:00,0.0052,Astronomical Twilight,-12.8232,294.0681,-51.9153,78.401,71.2278,63.83,0.6609,Waning Gibbous,
2022-07-18,19:47:00,0.005,Astronomical Twilight,-13.0484,294.1316,-51.6829,78.4934,71.2363,63.84,0.6608,Waning Gibbous,
2022-07-18,19:48:00,0.0047,Astronomical Twilight,-13.2735,294.1957,-51.4504,78.585,71.2449,63.85,0.6608,Waning Gibbous,
2022-07-18,19:49:00,0.0045,Astronomical Twilight,-13.4985,294.2602,-51.2179,78.6756,71.2535,63.85,0.6607,Waning Gibbous,
2022-07-18,19:50:00,0.0043,Astronomical Twilight,-13.7233,294.3252,-50.9852,78.7653,71.262,63.86,0.6606,Waning Gibbous,
2022-07-18,19:51:00,0.0041,Astronomical Twilight,-13.9481,294.3907,-50.7525,78.8541,71.2706,63.87,0.6605,Waning Gibbous,
2022-07-18,19:52:00,0.0038,Astronomical Twilight,-14.1727,294.4567,-50.5197,78.9421,71.2791,63.88,0.6605,Waning Gibbous,
2022-07-18,19:53:00,0.0036,Astronomical Twilight,-14.3972,294.5231,-50.2869,79.0292,71.2877,63.89,0.6604,Waning Gibbous,
2022-07-18,19:54:00,0.0034,Astronomical Twilight,-14.6216,294.5901,-50.0539,79.1155,71.2963,63.89,0.6603,Waning Gibbous,
2022-07-18,19:55:00,0.0032,Astronomical Twilight,-14.8459,294.6576,-49.8209,79.2009,71.3048,63.9,0.6603,Waning Gibbous,
2022-07-18,19:56:00,0.0029,Astronomical Twilight,-15.07,294.7255,-49.5878,79.2856,71.3134,63.91,0.6602,Waning Gibbous,
2022-07-18,19:57:00,0.0027,Astronomical Twilight,-15.2941,294.794,-49.3547,79.3694,71.3219,63.92,0.6601,Waning Gibbous,
2022-07-18,19:58:00,0.0025,Astronomical Twilight,-15.518,294.863,-49.1215,79.4525,71.3305,63.93,0.6601,Waning Gibbous,
2022-07-18,19:59:00,0.0023,Astronomical Twilight,-15.7418,294.9325,-48.8882,79.5348,71.339,63.93,0.66,Waning Gibbous,
2022-07-18,20:00:00,0.002,Astronomical Twilight,-15.9654,295.0025,-48.6548,79.6163,71.3476,63.94,0.6599,Waning Gibbous,
2022-07-20,17:00:00,66326.0536,Daylit,25.5151,288.3779,-59.4264,309.5071,93.7314,82.37,0.4675,Waxing Gibbous,
2022-07-20,17:01:00,65852.2999,Daylit,25.281,288.3813,-59.6059,309.8067,93.7394,82.37,0.4674,Waxing Gibbous,
2022-07-20,17:02:00,65376.9547,Daylit,25.0469,288.3852,-59.7845,310.1098,93.7475,82.38,0.4673,Waxing Gibbous,
2022-07-20,17:03:00,64900.0161,Daylit,24.8128,288.3895,-59.9623,310.4164,93.7555,82.39,0.4673,Waxing Gibbous,
2022-07-20,17:04:00,64421.482,Daylit,24.5788,288.3941,-60.1393,310.7265,93.7636,82.39,0.4672,Waxing Gibbous,
2022-07-20,17:05:00,63941.3502,Daylit,24.3447,288.3991,-60.3154,311.0403,93.7716,82.4,0.4671,Waxing Gibbous,
2022-07-20,17:06:00,63459.6184,Daylit,24.1106,288.4045,-60.4907,311.3577,93.7797,82.4,0.467,Waxing Gibbous,
2022-07-20,17:07:00,62976.284,Daylit,23.8765,288.4102,-60.665,311.6788,93.7877,82.41,0.467,Waxing Gibbous,
2022-07-20,17:08:00,62491.3443,Daylit,23.6425,288.4163,-60.8385,312.0037,93.7957,82.41,0.4669,Waxing Gibbous,
2022-07-20,17:09:00,62004.7964,Daylit,23.4084,288.4228,-61.011,312.3324,93.8038,82.42,0.4668,Waxing Gibbous,
2022-07-20,17:10:00,61516.6373,Daylit,23.1744,288.4297,-61.1826,312.6649,93.8118,82.42,0.4668,Waxing Gibbous,
2022-07-20,17:11:00,61026.8637,Daylit,22.9404,288.4369,-61.3532,313.0013,93.8199,82.43,0.4667,Waxing Gibbous,
2022-07-20,17:12:00,60535.4721,Daylit,22.7063,288.4444,-61.5229,313.3416,93.8279,82.44,0.4666,Waxing Gibbous,
2022-07-20,17:13:00,60042.4589,Daylit,22.4723,288.4524,-61.6916,313.6859,93.836,82.44,0.4665,Waxing Gibbous,
2022-07-20,17:14:00,59547.8202,Daylit,22.2383,288.4607,-61.8592,314.0342,93.844,82.45,0.4665,Waxing Gibbous,
2022-07-20,17:15:00,59051.5518,Daylit,22.0044,288.4693,-62.0259,314.3867,93.8521,82.45,0.4664,Waxing Gibbous,
2022-07-20,17:16:00,58553.6495,Daylit,21.7704,288.4784,-62.1915,314.7432,93.8601,82.46,0.4663,Waxing Gibbous,
2022-07-20,17:17:00,58054.1086,Daylit,21.5364,288.4877,-62.3561,315.104,93.8681,82.46,0.4663,Waxing Gibbous,
2022-07-20,17:18:00,57552.9243,Daylit,21.3025,288.4975,-62.5195,315.4689,93.8762,82.47,0.4662,Waxing Gibbous,
2022-07-20,17:19:00,57050.0916,Daylit,21.0685,288.5075,-62.6819,315.8382,93.8842,82.47,0.4661,Waxing Gibbous,
2022-07-20,17:20:00,56545.6051,Daylit,20.8346,288.518,-62.8432,316.2117,93.8923,82.48,0.4661,Waxing Gibbous,
2022-07-20,17:21:00,56039.4591,Daylit,20.6007,288.5287,-63.0033,316.5896,93.9003,82.49,0.466,Waxing Gibbous,
2022-07-20,17:22:00,55531.6478,Daylit,20.3668,288.5399,-63.1623,316.9719,93.9084,82.49,0.4659,Waxing Gibbous,
2022-07-20,17:23:00,55022.1649,Daylit,20.1329,288.5514,-63.32,317.3587,93.9164,82.5,0.4658,Waxing Gibbous,
2022-07-20,17:24:00,54511.0039,Daylit,19.8991,288.5632,-63.4766,317.75,93.9245,82.5,0.4658,Waxing Gibbous,
2022-07-20,17:25:00,53998.1579,Daylit,19.6652,288.5753,-63.632,318.1458,93.9325,82.51,0.4657,Waxing Gibbous,
2022-07-20,17:26:00,53483.6199,Daylit,19.4314,288.5878,-63.7861,318.5463,93.9405,82.51,0.4656,Waxing Gibbous,
2022-07-20,17:27:00,52967.3822,Daylit,19.1976,288.6007,-63.939,318.9513,93.9486,82.52,0.4656,Waxing Gibbous,
2022-07-20,17:28:00,52449.4369,Daylit,18.9638,288.6139,-64.0906,319.3611,93.9566,82.52,0.4655,Waxing Gibbous,
2022-07-20,17:29:00,51929.7758,Daylit,18.73,288.6274,-64.2408,319.7755,93.9647,82.53,0.4654,Waxing Gibbous,
2022-07-20,17:30:00,51408.3902,Daylit,18.4962,288.6413,-64.3898,320.1948,93.9727,82.54,0.4654,Waxing Gibbous,
2022-07-20,17:31:00,50885.271,Daylit,18.2625,288.6555,-64.5374,320.6188,93.9807,82.54,0.4653,Waxing Gibbous,
2022-07-20,17:32:00,50360.4087,Daylit,18.0288,288.6701,-64.6836,321.0477,93.9888,82.55,0.4652,Waxing Gibbous,
2022-07-20,17:33:00,49833.7934,Daylit,17.7951,288.685,-64.8284,321.4814,93.9968,82.55,0.4651,Waxing Gibbous,
2022-07-20,17:34:00,49305.4146,Daylit,17.5614,288.7002,-64.9718,321.9201,94.0049,82.56,0.4651,Waxing Gibbous,
2022-07-20,17:35:00,48775.2614,Daylit,17.3278,288.7157,-65.1137,322.3637,94.0129,82.56,0.465,Waxing Gibbous,
2022-07-20,17:36:00,48243.3224,Daylit,17.0941,288.7316,-65.2542,322.8123,94.021,82.57,0.4649,Waxing Gibbous,
2022-07-20,17:37:00,47709.5857,Daylit,16.8605,288.7479,-65.3932,323.2659,94.029,82.57,0.4649,Waxing Gibbous,
2022-07-20,17:38:00,47174.0388,Daylit,16.6269,288.7644,-65.5306,323.7246,94.037,82.58,0.4648,Waxing Gibbous,
2022-07-20,17:39:00,46636.6685,Daylit,16.3933,288.7813,-65.6665,324.1883,94.0451,82.59,0.4647,Waxing Gibbous,
2022-07-20,17:40:00,46097.4612,Daylit,16.1598,288.7985,-65.8008,324.6572,94.0531,82.59,0.4647,Waxing Gibbous,
2022-07-20,17:41:00,45556.4026,Daylit,15.9263,288.8161,-65.9335,325.1311,94.0612,82.6,0.4646,Waxing Gibbous,
2022-07-20,17:42:00,45013.4777,Daylit,15.6928,288.834,-66.0646,325.6102,94.0692,82.6,0.4645,Waxing Gibbous,
2022-07-20,17:43:00,44468.6707,Daylit,15.4593,288.8522,-66.194,326.0945,94.0772,82.61,0.4644,Waxing Gibbous,
2022-07-20,17:44:00,43921.9653,Daylit,15.2259,288.8707,-66.3217,326.584,94.0853,82.61,0.4644,Waxing Gibbous,
2022-07-20,17:45:00,43373.3443,Daylit,14.9925,288.8896,-66.4478,327.0787,94.0933,82.62,0.4643,Waxing Gibbous,
2022-07-20,17:46:00,42822.7896,Daylit,14.7591,288.9088,-66.5721,327.5785,94.1014,82.62,0.4642,Waxing Gibbous,
2022-07-20,17:47:00,42270.2824,Daylit,14.5257,288.9283,-66.6946,328.0836,94.1094,82.63,0.4642,Waxing Gibbous,
2022-07-20,17:48:00,41715.803,Daylit,14.2924,288.9482,-66.8153,328.594,94.1174,82.63,0.4641,Waxing Gibbous,
2022-07-20,17:49:00,41159.3306,Daylit,14.059,288.9684,-66.9343,329.1095,94.1255,82.64,0.464,Waxing Gibbous,
2022-07-20,17:50:00,40600.8436,Daylit,13.8258,288.9889,-67.0513,329.6303,94.1335,82.65,0.464,Waxing Gibbous,
2022-07-20,17:51:00,40040.3193,Daylit,13.5925,289.0097,-67.1665,330.1564,94.1415,82.65,0.4639,Waxing Gibbous,
2022-07-20,17:52:00,39477.7338,Daylit,13.3593,289.0309,-67.2798,330.6876,94.1496,82.66,0.4638,Waxing Gibbous,
2022-07-20,17:53:00,38913.0621,Daylit,13.1261,289.0524,-67.3912,331.2241,94.1576,82.66,0.4637,Waxing Gibbous,
2022-07-20,17:54:00,38346.278,Daylit,12.8929,289.0742,-67.5005,331.7657,94.1657,82.67,0.4637,Waxing Gibbous,
2022-07-20,17:55:00,37777.3539,Daylit,12.6598,289.0963,-67.6079,332.3125,94.1737,82.67,0.4636,Waxing Gibbous,
2022-07-20,17:56:00,37206.261,Daylit,12.4267,289.1188,-67.7133,332.8645,94.1817,82.68,0.4635,Waxing Gibbous,
2022-07-20,17:57:00,36632.9688,Daylit,12.1936,289.1416,-67.8167,333.4216,94.1898,82.68,0.4635,Waxing Gibbous,
2022-07-20,17:58:00,36057.4455,Daylit,11.9606,289.1647,-67.9179,333.9838,94.1978,82.69,0.4634,Waxing Gibbous,
2022-07-20,17:59:00,35479.6573,Daylit,11.7276,289.1881,-68.017,334.5511,94.2058,82.7,0.4633,Waxing Gibbous,
2022-07-20,18:00:00,34899.569,Daylit,11.4946,289.2119,-68.1141,335.1234,94.2139,82.7,0.4633,Waxing Gibbous,
2022-07-20,18:01:00,34317.1433,Daylit,11.2617,289.2359,-68.2089,335.7007,94.2219,82.71,0.4632,Waxing Gibbous,
2022-07-20,18:02:00,33732.3411,Daylit,11.0288,289.2603,-68.3016,336.2829,94.23,82.71,0.4631,Waxing Gibbous,
2022-07-20,18:03:00,33145.1209,Daylit,10.7959,289.2851,-68.392,336.8699,94.238,82.72,0.4631,Waxing Gibbous,
2022-07-20,18:04:00,32555.4391,Daylit,10.563,289.3101,-68.4802,337.4618,94.246,82.72,0.463,Waxing Gibbous,
2022-07-20,18:05:00,31963.2497,Daylit,10.3302,289.3355,-68.5661,338.0585,94.2541,82.73,0.4629,Waxing Gibbous,
2022-07-20,18:06:00,31368.5039,Daylit,10.0975,289.3612,-68.6497,338.6598,94.2621,82.73,0.4628,Waxing Gibbous,
2022-07-20,18:07:00,30771.1503,Daylit,9.8648,289.3872,-68.731,339.2657,94.2701,82.74,0.4628,Waxing Gibbous,
2022-07-20,18:08:00,30171.1344,Daylit,9.6321,289.4136,-68.81,339.8762,94.2782,82.74,0.4627,Waxing Gibbous,
2022-07-20,18:09:00,29568.3984,Daylit,9.3994,289.4403,-68.8865,340.4911,94.2862,82.75,0.4626,Waxing Gibbous,
2022-07-20,18:10:00,28962.881,Daylit,9.1668,289.4673,-68.9607,341.1103,94.2942,82.76,0.4626,Waxing Gibbous,
2022-07-20,18:11:00,28354.5172,Daylit,8.9342,289.4946,-69.0324,341.7338,94.3023,82.76,0.4625,Waxing Gibbous,
2022-07-20,18:12:00,27743.2377,Daylit,8.7017,289.5222,-69.1016,342.3615,94.3103,82.77,0.4624,Waxing Gibbous,
2022-07-20,18:13:00,27128.969,Daylit,8.4692,289.5502,-69.1684,342.9932,94.3184,82.77,0.4624,Waxing Gibbous,
2022-07-20,18:14:00,26511.6326,Daylit,8.2367,289.5785,-69.2327,343.6289,94.3264,82.78,0.4623,Waxing Gibbous,
2022-07-20,18:15:00,25891.1446,Daylit,8.0043,289.6071,-69.2944,344.2684,94.3344,82.78,0.4622,Waxing Gibbous,
2022-07-20,18:16:00,25267.4157,Daylit,7.772,289.6361,-69.3536,344.9115,94.3425,82.79,0.4621,Waxing Gibbous,
2022-07-20,18:17:00,24640.3498,Daylit,7.5396,289.6654,-69.4102,345.5583,94.3505,82.79,0.4621,Waxing Gibbous,
2022-07-20,18:18:00,24009.8443,Daylit,7.3073,289.695,-69.4642,346.2085,94.3585,82.8,0.462,Waxing Gibbous,
2022-07-20,18:19:00,23375.7886,Daylit,7.0751,289.7249,-69.5156,346.862,94.3666,82.81,0.4619,Waxing Gibbous,
2022-07-20,18:20:00,22738.0639,Daylit,6.8429,289.7551,-69.5644,347.5187,94.3746,82.81,0.4619,Waxing Gibbous,
2022-07-20,18:21:00,22096.5419,Daylit,6.6107,289.7857,-69.6105,348.1784,94.3826,82.82,0.4618,Waxing Gibbous,
2022-07-20,18:22:00,21451.0839,Daylit,6.3786,289.8167,-69.6539,348.841,94.3907,82.82,0.4617,Waxing Gibbous,
2022-07-20,18:23:00,20801.5398,Daylit,6.1466,289.8479,-69.6947,349.5062,94.3987,82.83,0.4617,Waxing Gibbous,
2022-07-20,18:24:00,20147.7462,Daylit,5.9145,289.8795,-69.7327,350.1741,94.4067,82.83,0.4616,Waxing Gibbous,
2022-07-20,18:25:00,19489.5253,Daylit,5.6826,289.9114,-69.768,350.8443,94.4148,82.84,0.4615,Waxing Gibbous,
2022-07-20,18:26:00,18826.6826,Daylit,5.4506,289.9436,-69.8006,351.5168,94.4228,82.84,0.4614,Waxing Gibbous,
2022-07-20,18:27:00,18159.0049,Daylit,5.2188,289.9762,-69.8305,352.1913,94.4308,82.85,0.4614,Waxing Gibbous,
2022-07-20,18:28:00,17486.2577,Daylit,4.9869,290.0091,-69.8576,352.8677,94.4389,82.85,0.4613,Waxing Gibbous,
2022-07-20,18:29:00,16808.1817,Daylit,4.7551,290.0423,-69.8819,353.5457,94.4469,82.86,0.4612,Waxing Gibbous,
2022-07-20,18:30:00,16124.4894,Daylit,4.5234,290.0759,-69.9034,354.2254,94.4549,82.87,0.4612,Waxing Gibbous,
2022-07-20,18:31:00,15434.8601,Daylit,4.2917,290.1098,-69.9222,354.9063,94.463,82.87,0.4611,Waxing Gibbous,
2022-07-20,18:32:00,14738.9344,Daylit,4.0601,290.144,-69.9381,355.5885,94.471,82.88,0.461,Waxing Gibbous,
2022-07-20,18:33:00,14036.3072,Daylit,3.8285,290.1786,-69.9512,356.2715,94.479,82.88,0.461,Waxing Gibbous,
2022-07-20,18:34:00,13326.5186,Daylit,3.597,290.2135,-69.9616,356.9554,94.487,82.89,0.4609,Waxing Gibbous,
2022-07-20,18:35:00,12609.0432,Daylit,3.3655,290.2487,-69.9691,357.6399,94.4951,82.89,0.4608,Waxing Gibbous,
2022-07-20,18:36:00,11883.2751,Daylit,3.1341,290.2843,-69.9738,358.3248,94.5031,82.9,0.4607,Waxing Gibbous,
2022-07-20,18:37:00,11148.5092,Daylit,2.9027,290.3202,-69.9757,359.0099,94.5111,82.9,0.4607,Waxing Gibbous,
2022-07-20,18:38:00,10403.916,Daylit,2.6714,290.3565,-69.9747,359.695,94.5192,82.91,0.4606,Waxing Gibbous,
2022-07-20,18:39:00,9648.5067,Daylit,2.4401,290.393,-69.971,0.3799,94.5272,82.91,0.4605,Waxing Gibbous,
2022-07-20,18:40:00,8881.0855,Daylit,2.2089,290.43,-69.9644,1.0645,94.5352,82.92,0.4605,Waxing Gibbous,
2022-07-20,18:41:00,8100.1792,Daylit,1.9777,290.4673,-69.955,1.7486,94.5433,82.93,0.4604,Waxing Gibbous,
2022-07-20,18:42:00,7303.9333,Daylit,1.7466,290.5049,-69.9428,2.4319,94.5513,82.93,0.4603,Waxing Gibbous,
2022-07-20,18:43:00,6489.9484,Daylit,1.5156,290.5429,-69.9278,3.1143,94.5593,82.94,0.4603,Waxing Gibbous,
2022-07-20,18:44:00,5655.0114,Daylit,1.2846,290.5812,-69.91,3.7955,94.5674,82.94,0.4602,Waxing Gibbous,
2022-07-20,18:45:00,4794.6161,Daylit,1.0537,290.6198,-69.8894,4.4755,94.5754,82.95,0.4601,Waxing Gibbous,
2022-07-20,18:46:00,3902.0267,Daylit,0.8228,290.6588,-69.866,5.154,94.5834,82.95,0.46,Waxing Gibbous,
2022-07-20,18:47:00,2966.1684,Daylit,0.592,290.6982,-69.8399,5.8308,94.5914,82.96,0.46,Waxing Gibbous,
2022-07-20,18:48:00,1965.6675,Daylit,0.3612,290.7379,-69.811,6.5058,94.5995,82.96,0.4599,Waxing Gibbous,
2022-07-20,18:49:00,842.0366,Daylit,0.1306,290.7779,-69.7793,7.1788,94.6075,82.97,0.4598,Waxing Gibbous,
2022-07-20,18:50:00,20.0598,Civil Twilight,-0.1001,290.8184,-69.7449,7.8495,94.6155,82.97,0.4598,Waxing Gibbous,
2022-07-20,18:51:00,19.2759,Civil Twilight,-0.3306,290.8591,-69.7078,8.518,94.6236,82.98,0.4597,Waxing Gibbous,
2022-07-20,18:52:00,18.4921,Civil Twilight,-0.5611,290.9002,-69.6679,9.1839,94.6316,82.99,0.4596,Waxing Gibbous,
2022-07-20,18:53:00,17.7086,Civil Twilight,-0.7916,290.9417,-69.6254,9.8471,94.6396,82.99,0.4596,Waxing Gibbous,
2022-07-20,18:54:00,16.9254,Civil Twilight,-1.022,290.9835,-69.5802,10.5075,94.6476,83.0,0.4595,Waxing Gibbous,
2022-07-20,18:55:00,16.1423,Civil Twilight,-1.2523,291.0257,-69.5323,11.165,94.6557,83.0,0.4594,Waxing Gibbous,
2022-07-20,18:56:00,15.3595,Civil Twilight,-1.4825,291.0683,-69.4818,11.8193,94.6637,83.01,0.4593,Waxing Gibbous,
2022-07-20,18:57:00,14.5769,Civil Twilight,-1.7127,291.1112,-69.4287,12.4703,94.6717,83.01,0.4593,Waxing Gibbous,
2022-07-20,18:58:00,13.7945,Civil Twilight,-1.9428,291.1544,-69.3729,13.1179,94.6798,83.02,0.4592,Waxing Gibbous,
2022-07-20,18:59:00,13.0123,Civil Twilight,-2.1728,291.1981,-69.3146,13.7619,94.6878,83.02,0.4591,Waxing Gibbous,
2022-07-20,19:00:00,12.2304,Civil Twilight,-2.4028,291.2421,-69.2538,14.4023,94.6958,83.03,0.4591,Waxing Gibbous,
2022-07-20,19:01:00,11.4487,Civil Twilight,-2.6327,291.2864,-69.1904,15.0389,94.7038,83.03,0.459,Waxing Gibbous,
2022-07-20,19:02:00,10.6673,Civil Twilight,-2.8626,291.3312,-69.1245,15.6715,94.7119,83.04,0.4589,Waxing Gibbous,
2022-07-20,19:03:00,9.886,Civil Twilight,-3.0923,291.3763,-69.0561,16.3002,94.7199,83.05,0.4589,Waxing Gibbous,
2022-07-20,19:04:00,9.1051,Civil Twilight,-3.322,291.4217,-68.9852,16.9247,94.7279,83.05,0.4588,Waxing Gibbous,
2022-07-20,19:05:00,8.3243,Civil Twilight,-3.5517,291.4676,-68.9119,17.5449,94.7359,83.06,0.4587,Waxing Gibbous,
2022-07-20,19:06:00,7.5438,Civil Twilight,-3.7812,291.5138,-68.8362,18.1608,94.744,83.06,0.4586,Waxing Gibbous,
2022-07-20,19:07:00,6.7636,Civil Twilight,-4.0107,291.5604,-68.7581,18.7723,94.752,83.07,0.4586,Waxing Gibbous,
2022-07-20,19:08:00,5.9836,Civil Twilight,-4.2401,291.6074,-68.6776,19.3793,94.76,83.07,0.4585,Waxing Gibbous,
2022-07-20,19:09:00,5.2039,Civil Twilight,-4.4694,291.6547,-68.5948,19.9817,94.7681,83.08,0.4584,Waxing Gibbous,
2022-07-20,19:10:00,4.4244,Civil Twilight,-4.6987,291.7025,-68.5097,20.5794,94.7761,83.08,0.4584,Waxing Gibbous,
2022-07-20,19:11:00,3.6452,Civil Twilight,-4.9279,291.7506,-68.4223,21.1724,94.7841,83.09,0.4583,Waxing Gibbous,
2022-07-20,19:12:00,2.8662,Civil Twilight,-5.157,291.7991,-68.3326,21.7606,94.7921,83.09,0.4582,Waxing Gibbous,
2022-07-20,19:13:00,2.0875,Civil Twilight,-5.386,291.848,-68.2408,22.3439,94.8002,83.1,0.4582,Waxing Gibbous,
2022-07-20,19:14:00,1.3091,Civil Twilight,-5.615,291.8972,-68.1467,22.9222,94.8082,83.11,0.4581,Waxing Gibbous,
2022-07-20,19:15:00,0.531,Civil Twilight,-5.8438,291.9469,-68.0504,23.4956,94.8162,83.11,0.458,Waxing Gibbous,
2022-07-20,19:16:00,0.5927,Nautical Twilight,-6.0726,291.997,-67.9521,24.064,94.8242,83.12,0.458,Waxing Gibbous,
2022-07-20,19:17:00,0.5699,Nautical Twilight,-6.3013,292.0474,-67.8516,24.6273,94.8323,83.12,0.4579,Waxing Gibbous,
2022-07-20,19:18:00,0.547,Nautical Twilight,-6.53,292.0983,-67.749,25.1855,94.8403,83.13,0.4578,Waxing Gibbous,
2022-07-20,19:19:00,0.5241,Nautical Twilight,-6.7585,292.1495,-67.6443,25.7386,94.8483,83.13,0.4577,Waxing Gibbous,
2022-07-20,19:20:00,0.5013,Nautical Twilight,-6.987,292.2012,-67.5377,26.2866,94.8563,83.14,0.4577,Waxing Gibbous,
2022-07-20,19:21:00,0.4785,Nautical Twilight,-7.2153,292.2533,-67.429,26.8293,94.8644,83.14,0.4576,Waxing Gibbous,
2022-07-20,19:22:00,0.4556,Nautical Twilight,-7.4436,292.3057,-67.3184,27.3669,94.8724,83.15,0.4575,Waxing Gibbous,
2022-07-20,19:23:00,0.4328,Nautical Twilight,-7.6718,292.3586,-67.2058,27.8992,94.8804,83.15,0.4575,Waxing Gibbous,
2022-07-20,19:24:00,0.41,Nautical Twilight,-7.9,292.4119,-67.0913,28.4263,94.8884,83.16,0.4574,Waxing Gibbous,
2022-07-20,19:25:00,0.3872,Nautical Twilight,-8.128,292.4655,-66.975,28.9482,94.8965,83.16,0.4573,Waxing Gibbous,
2022-07-20,19:26:00,0.3644,Nautical Twilight,-8.3559,292.5196,-66.8567,29.4648,94.9045,83.17,0.4573,Waxing Gibbous,
2022-07-20,19:27:00,0.3416,Nautical Twilight,-8.5838,292.5742,-66.7367,29.9762,94.9125,83.18,0.4572,Waxing Gibbous,
2022-07-20,19:28:00,0.3188,Nautical Twilight,-8.8115,292.6291,-66.6148,30.4823,94.9205,83.18,0.4571,Waxing Gibbous,
2022-07-20,19:29:00,0.2961,Nautical Twilight,-9.0392,292.6844,-66.4912,30.9832,94.9285,83.19,0.457,Waxing Gibbous,
2022-07-20,19:30:00,0.2733,Nautical Twilight,-9.2668,292.7402,-66.3658,31.4789,94.9366,83.19,0.457,Waxing Gibbous,
2022-07-20,19:31:00,0.2506,Nautical Twilight,-9.4943,292.7964,-66.2387,31.9694,94.9446,83.2,0.4569,Waxing Gibbous,
2022-07-20,19:32:00,0.2278,Nautical Twilight,-9.7217,292.853,-66.11,32.4547,94.9526,83.2,0.4568,Waxing Gibbous,
2022-07-20,19:33:00,0.2051,Nautical Twilight,-9.949,292.9101,-65.9795,32.9347,94.9606,83.21,0.4568,Waxing Gibbous,
2022-07-20,19:34:00,0.1824,Nautical Twilight,-10.1762,292.9676,-65.8475,33.4097,94.9687,83.21,0.4567,Waxing Gibbous,
2022-07-20,19:35:00,0.1597,Nautical Twilight,-10.4033,293.0255,-65.7138,33.8794,94.9767,83.22,0.4566,Waxing Gibbous,
2022-07-20,19:36:00,0.137,Nautical Twilight,-10.6303,293.0839,-65.5785,34.3441,94.9847,83.22,0.4566,Waxing Gibbous,
2022-07-20,19:37:00,0.1143,Nautical Twilight,-10.8572,293.1427,-65.4417,34.8036,94.9927,83.23,0.4565,Waxing Gibbous,
2022-07-20,19:38:00,0.0916,Nautical Twilight,-11.084,293.2019,-65.3033,35.2581,95.0007,83.24,0.4564,Waxing Gibbous,
2022-07-20,19:39:00,0.0689,Nautical Twilight,-11.3107,293.2616,-65.1635,35.7076,95.0088,83.24,0.4563,Waxing Gibbous,
2022-07-20,19:40:00,0.0463,Nautical Twilight,-11.5373,293.3218,-65.0222,36.152,95.0168,83.25,0.4563,Waxing Gibbous,
2022-07-20,19:41:00,0.0236,Nautical Twilight,-11.7638,293.3823,-64.8794,36.5915,95.0248,83.25,0.4562,Waxing Gibbous,
2022-07-20,19:42:00,0.001,Nautical Twilight,-11.9902,293.4434,-64.7351,37.026,95.0328,83.26,0.4561,Waxing Gibbous,
2022-07-20,19:43:00,0.0058,Astronomical Twilight,-12.2165,293.5049,-64.5895,37.4557,95.0408,83.26,0.4561,Waxing Gibbous,
2022-07-20,19:44:00,0.0056,Astronomical Twilight,-12.4427,293.5668,-64.4425,37.8804,95.0489,83.27,0.456,Waxing Gibbous,
2022-07-20,19:45:00,0.0053,Astronomical Twilight,-12.6688,293.6293,-64.2941,38.3004,95.0569,83.27,0.4559,Waxing Gibbous,
2022-07-20,19:46:00,0.0051,Astronomical Twilight,-12.8948,293.6922,-64.1444,38.7156,95.0649,83.28,0.4559,Waxing Gibbous,
2022-07-20,19:47:00,0.0049,Astronomical Twilight,-13.1206,293.7555,-63.9934,39.126,95.0729,83.28,0.4558,Waxing Gibbous,
2022-07-20,19:48:00,0.0047,Astronomical Twilight,-13.3464,293.8193,-63.8411,39.5317,95.0809,83.29,0.4557,Waxing Gibbous,
2022-07-20,19:49:00,0.0044,Astronomical Twilight,-13.572,293.8836,-63.6875,39.9327,95.089,83.29,0.4556,Waxing Gibbous,
2022-07-20,19:50:00,0.0042,Astronomical Twilight,-13.7976,293.9484,-63.5327,40.3292,95.097,83.3,0.4556,Waxing Gibbous,
2022-07-20,19:51:00,0.004,Astronomical Twilight,-14.023,294.0137,-63.3767,40.721,95.105,83.31,0.4555,Waxing Gibbous,
2022-07-20,19:52:00,0.0038,Astronomical Twilight,-14.2483,294.0794,-63.2194,41.1084,95.113,83.31,0.4554,Waxing Gibbous,
2022-07-20,19:53:00,0.0035,Astronomical Twilight,-14.4735,294.1456,-63.061,41.4912,95.121,83.32,0.4554,Waxing Gibbous,
2022-07-20,19:54:00,0.0033,Astronomical Twilight,-14.6986,294.2124,-62.9014,41.8696,95.1291,83.32,0.4553,Waxing Gibbous,
2022-07-20,19:55:00,0.0031,Astronomical Twilight,-14.9235,294.2796,-62.7407,42.2436,95.1371,83.33,0.4552,Waxing Gibbous,
2022-07-20,19:56:00,0.0029,Astronomical Twilight,-15.1484,294.3473,-62.5789,42.6133,95.1451,83.33,0.4552,Waxing Gibbous,
2022-07-20,19:57:00,0.0026,Astronomical Twilight,-15.3731,294.4155,-62.4159,42.9787,95.1531,83.34,0.4551,Waxing Gibbous,
2022-07-20,19:58:00,0.0024,Astronomical Twilight,-15.5977,294.4842,-62.2519,43.3398,95.1611,83.34,0.455,Waxing Gibbous,
2022-07-20,19:59:00,0.0022,Astronomical Twilight,-15.8221,294.5534,-62.0868,43.6968,95.1692,83.35,0.455,Waxing Gibbous,
2022-07-20,20:00:00,0.002,Astronomical Twilight,-16.0465,294.6232,-61.9206,44.0496,95.1772,83.35,0.4549,Waxing Gibbous,
2022-07-22,17:00:00,66354.1643,Daylit,25.529,287.9409,-37.1722,303.3836,116.3354,94.37,0.2782,Waxing Gibbous,
2022-07-22,17:01:00,65879.3111,Daylit,25.2944,287.9452,-37.3684,303.5235,116.3431,94.38,0.2781,Waxing Gibbous,
2022-07-22,17:02:00,65402.8605,Daylit,25.0597,287.9499,-37.5643,303.6644,116.3507,94.38,0.2781,Waxing Gibbous,
2022-07-22,17:03:00,64924.8105,Daylit,24.825,287.9549,-37.7599,303.8065,116.3584,94.38,0.278,Waxing Gibbous,
2022-07-22,17:04:00,64445.1589,Daylit,24.5903,287.9603,-37.9551,303.9496,116.3661,94.38,0.2779,Waxing Gibbous,
2022-07-22,17:05:00,63963.9035,Daylit,24.3557,287.9661,-38.15,304.0938,116.3738,94.39,0.2779,Waxing Gibbous,
2022-07-22,17:06:00,63481.0419,Daylit,24.121,287.9723,-38.3445,304.2392,116.3815,94.39,0.2778,Waxing Gibbous,
2022-07-22,17:07:00,62996.5716,Daylit,23.8864,287.9788,-38.5387,304.3856,116.3892,94.39,0.2778,Waxing Gibbous,
2022-07-22,17:08:00,62510.4898,Daylit,23.6517,287.9856,-38.7325,304.5332,116.3968,94.4,0.2777,Waxing Gibbous,
2022-07-22,17:09:00,62022.7934,Daylit,23.4171,287.9929,-38.926,304.682,116.4045,94.4,0.2776,Waxing Gibbous,
2022-07-22,17:10:00,61533.4796,Daylit,23.1825,288.0004,-39.1191,304.8319,116.4122,94.4,0.2776,Waxing Gibbous,
2022-07-22,17:11:00,61042.5447,Daylit,22.9478,288.0084,-39.3118,304.983,116.4199,94.4,0.2775,Waxing Gibbous,
2022-07-22,17:12:00,60549.9855,Daylit,22.7132,288.0167,-39.5041,305.1352,116.4276,94.41,0.2775,Waxing Gibbous,
2022-07-22,17:13:00,60055.7981,Daylit,22.4787,288.0253,-39.6961,305.2886,116.4353,94.41,0.2774,Waxing Gibbous,
2022-07-22,17:14:00,59559.9786,Daylit,22.2441,288.0343,-39.8877,305.4433,116.4429,94.41,0.2773,Waxing Gibbous,
2022-07-22,17:15:00,59062.5228,Daylit,22.0095,288.0437,-40.0789,305.5991,116.4506,94.42,0.2773,Waxing Gibbous,
2022-07-22,17:16:00,58563.4263,Daylit,21.775,288.0534,-40.2697,305.7562,116.4583,94.42,0.2772,Waxing Gibbous,
2022-07-22,17:17:00,58062.6845,Daylit,21.5404,288.0634,-40.4601,305.9145,116.466,94.42,0.2772,Waxing Gibbous,
2022-07-22,17:18:00,57560.2925,Daylit,21.3059,288.0738,-40.6501,306.074,116.4737,94.42,0.2771,Waxing Gibbous,
2022-07-22,17:19:00,57056.245,Daylit,21.0714,288.0846,-40.8397,306.2349,116.4813,94.43,0.277,Waxing Gibbous,
2022-07-22,17:20:00,56550.5367,Daylit,20.8369,288.0956,-41.0289,306.3969,116.489,94.43,0.277,Waxing Gibbous,
2022-07-22,17:21:00,56043.162,Daylit,20.6024,288.1071,-41.2177,306.5603,116.4967,94.43,0.2769,Waxing Gibbous,
2022-07-22,17:22:00,55534.1146,Daylit,20.3679,288.1188,-41.406,306.7249,116.5044,94.44,0.2769,Waxing Gibbous,
2022-07-22,17:23:00,55023.3885,Daylit,20.1335,288.1309,-41.594,306.8909,116.5121,94.44,0.2768,Waxing Gibbous,
2022-07-22,17:24:00,54510.9769,Daylit,19.8991,288.1434,-41.7815,307.0581,116.5198,94.44,0.2767,Waxing Gibbous,
2022-07-22,17:25:00,53996.8729,Daylit,19.6646,288.1561,-41.9686,307.2267,116.5274,94.44,0.2767,Waxing Gibbous,
2022-07-22,17:26:00,53481.0692,Daylit,19.4302,288.1692,-42.1552,307.3966,116.5351,94.45,0.2766,Waxing Gibbous,
2022-07-22,17:27:00,52963.5583,Daylit,19.1958,288.1827,-42.3414,307.5679,116.5428,94.45,0.2766,Waxing Gibbous,
2022-07-22,17:28:00,52444.332,Daylit,18.9615,288.1965,-42.5272,307.7405,116.5505,94.45,0.2765,Waxing Gibbous,
2022-07-22,17:29:00,51923.3821,Daylit,18.7271,288.2106,-42.7125,307.9146,116.5582,94.46,0.2764,Waxing Gibbous,
2022-07-22,17:30:00,51400.6997,Daylit,18.4928,288.225,-42.8973,308.09,116.5658,94.46,0.2764,Waxing Gibbous,
2022-07-22,17:31:00,50876.2756,Daylit,18.2585,288.2398,-43.0817,308.2668,116.5735,94.46,0.2763,Waxing Gibbous,
2022-07-22,17:32:00,50350.1003,Daylit,18.0242,288.2549,-43.2656,308.445,116.5812,94.46,0.2763,Waxing Gibbous,
2022-07-22,17:33:00,49822.1635,Daylit,17.7899,288.2703,-43.4491,308.6247,116.5889,94.47,0.2762,Waxing Gibbous,
2022-07-22,17:34:00,49292.4549,Daylit,17.5557,288.2861,-43.632,308.8057,116.5966,94.47,0.2761,Waxing Gibbous,
2022-07-22,17:35:00,48760.9632,Daylit,17.3215,288.3022,-43.8145,308.9883,116.6042,94.47,0.2761,Waxing Gibbous,
2022-07-22,17:36:00,48227.677,Daylit,17.0873,288.3186,-43.9965,309.1723,116.6119,94.47,0.276,Waxing Gibbous,
2022-07-22,17:37:00,47692.5842,Daylit,16.8531,288.3354,-44.178,309.3578,116.6196,94.48,0.276,Waxing Gibbous,
2022-07-22,17:38:00,47155.6721,Daylit,16.6189,288.3524,-44.359,309.5448,116.6273,94.48,0.2759,Waxing Gibbous,
2022-07-22,17:39:00,46616.9274,Daylit,16.3848,288.3698,-44.5395,309.7333,116.635,94.48,0.2758,Waxing Gibbous,
2022-07-22,17:40:00,46076.3363,Daylit,16.1507,288.3875,-44.7195,309.9233,116.6426,94.49,0.2758,Waxing Gibbous,
2022-07-22,17:41:00,45533.8844,Daylit,15.9166,288.4056,-44.8989,310.1148,116.6503,94.49,0.2757,Waxing Gibbous,
2022-07-22,17:42:00,44989.5563,Daylit,15.6825,288.424,-45.0778,310.3079,116.658,94.49,0.2757,Waxing Gibbous,
2022-07-22,17:43:00,44443.3362,Daylit,15.4485,288.4426,-45.2562,310.5026,116.6657,94.49,0.2756,Waxing Gibbous,
2022-07-22,17:44:00,43895.2076,Daylit,15.2145,288.4617,-45.4341,310.6988,116.6734,94.5,0.2755,Waxing Gibbous,
2022-07-22,17:45:00,43345.1529,Daylit,14.9805,288.481,-45.6114,310.8966,116.681,94.5,0.2755,Waxing Gibbous,
2022-07-22,17:46:00,42793.154,Daylit,14.7465,288.5006,-45.7882,311.096,116.6887,94.5,0.2754,Waxing Gibbous,
2022-07-22,17:47:00,42239.1918,Daylit,14.5126,288.5206,-45.9644,311.2971,116.6964,94.51,0.2754,Waxing Gibbous,
2022-07-22,17:48:00,41683.2462,Daylit,14.2787,288.5409,-46.14,311.4997,116.7041,94.51,0.2753,Waxing Gibbous,
2022-07-22,17:49:00,41125.2963,Daylit,14.0448,288.5615,-46.3151,311.704,116.7118,94.51,0.2752,Waxing Gibbous,
2022-07-22,17:50:00,40565.3202,Daylit,13.811,288.5825,-46.4896,311.91,116.7194,94.51,0.2752,Waxing Gibbous,
2022-07-22,17:51:00,40003.2948,Daylit,13.5771,288.6037,-46.6635,312.1177,116.7271,94.52,0.2751,Waxing Gibbous,
2022-07-22,17:52:00,39439.196,Daylit,13.3433,288.6253,-46.8368,312.327,116.7348,94.52,0.2751,Waxing Gibbous,
2022-07-22,17:53:00,38872.9985,Daylit,13.1096,288.6472,-47.0096,312.538,116.7425,94.52,0.275,Waxing Gibbous,
2022-07-22,17:54:00,38304.6757,Daylit,12.8758,288.6694,-47.1817,312.7508,116.7502,94.53,0.2749,Waxing Gibbous,
2022-07-22,17:55:00,37734.1997,Daylit,12.6421,288.6919,-47.3532,312.9653,116.7578,94.53,0.2749,Waxing Gibbous,
2022-07-22,17:56:00,37161.5412,Daylit,12.4085,288.7147,-47.5241,313.1815,116.7655,94.53,0.2748,Waxing Gibbous,
2022-07-22,17:57:00,36586.6694,Daylit,12.1748,288.7379,-47.6943,313.3995,116.7732,94.53,0.2748,Waxing Gibbous,
2022-07-22,17:58:00,36009.552,Daylit,11.9412,288.7614,-47.864,313.6192,116.7809,94.54,0.2747,Waxing Gibbous,
2022-07-22,17:59:00,35430.1549,Daylit,11.7076,288.7852,-48.033,313.8408,116.7886,94.54,0.2747,Waxing Gibbous,
2022-07-22,18:00:00,34848.4423,Daylit,11.4741,288.8093,-48.2013,314.0641,116.7962,94.54,0.2746,Waxing Gibbous,
2022-07-22,18:01:00,34264.3764,Daylit,11.2406,288.8337,-48.369,314.2893,116.8039,94.54,0.2745,Waxing Gibbous,
2022-07-22,18:02:00,33677.9175,Daylit,11.0071,288.8585,-48.536,314.5163,116.8116,94.55,0.2745,Waxing Gibbous,
2022-07-22,18:03:00,33089.0237,Daylit,10.7737,288.8836,-48.7024,314.7452,116.8193,94.55,0.2744,Waxing Gibbous,
2022-07-22,18:04:00,32497.6507,Daylit,10.5403,288.9089,-48.868,314.9759,116.8269,94.55,0.2744,Waxing Gibbous,
2022-07-22,18:05:00,31903.7518,Daylit,10.3069,288.9346,-49.033,315.2085,116.8346,94.56,0.2743,Waxing Gibbous,
2022-07-22,18:06:00,31307.2775,Daylit,10.0736,288.9607,-49.1973,315.443,116.8423,94.56,0.2742,Waxing Gibbous,
2022-07-22,18:07:00,30708.1757,Daylit,9.8403,288.987,-49.3609,315.6793,116.85,94.56,0.2742,Waxing Gibbous,
2022-07-22,18:08:00,30106.3911,Daylit,9.607,289.0137,-49.5237,315.9176,116.8577,94.56,0.2741,Waxing Gibbous,
2022-07-22,18:09:00,29501.8649,Daylit,9.3738,289.0406,-49.6859,316.1579,116.8653,94.57,0.2741,Waxing Gibbous,
2022-07-22,18:10:00,28894.5351,Daylit,9.1406,289.0679,-49.8473,316.4001,116.873,94.57,0.274,Waxing Gibbous,
2022-07-22,18:11:00,28284.3354,Daylit,8.9075,289.0955,-50.008,316.6442,116.8807,94.57,0.2739,Waxing Gibbous,
2022-07-22,18:12:00,27671.1958,Daylit,8.6744,289.1235,-50.1679,316.8904,116.8884,94.58,0.2739,Waxing Gibbous,
2022-07-22,18:13:00,27055.0412,Daylit,8.4413,289.1517,-50.327,317.1385,116.896,94.58,0.2738,Waxing Gibbous,
2022-07-22,18:14:00,26435.7921,Daylit,8.2083,289.1803,-50.4855,317.3887,116.9037,94.58,0.2738,Waxing Gibbous,
2022-07-22,18:15:00,25813.3633,Daylit,7.9753,289.2092,-50.6431,317.6408,116.9114,94.58,0.2737,Waxing Gibbous,
2022-07-22,18:16:00,25187.6636,Daylit,7.7423,289.2384,-50.7999,317.895,116.9191,94.59,0.2736,Waxing Gibbous,
2022-07-22,18:17:00,24558.5956,Daylit,7.5094,289.2679,-50.956,318.1513,116.9267,94.59,0.2736,Waxing Gibbous,
2022-07-22,18:18:00,23926.0547,Daylit,7.2766,289.2978,-51.1112,318.4096,116.9344,94.59,0.2735,Waxing Gibbous,
2022-07-22,18:19:00,23289.9284,Daylit,7.0438,289.328,-51.2657,318.6699,116.9421,94.6,0.2735,Waxing Gibbous,
2022-07-22,18:20:00,22650.0956,Daylit,6.811,289.3584,-51.4193,318.9324,116.9498,94.6,0.2734,Waxing Gibbous,
2022-07-22,18:21:00,22006.4257,Daylit,6.5782,289.3893,-51.5721,319.197,116.9575,94.6,0.2733,Waxing Gibbous,
2022-07-22,18:22:00,21358.7773,Daylit,6.3456,289.4204,-51.724,319.4637,116.9651,94.6,0.2733,Waxing Gibbous,
2022-07-22,18:23:00,20706.9972,Daylit,6.1129,289.4519,-51.8751,319.7325,116.9728,94.61,0.2732,Waxing Gibbous,
2022-07-22,18:24:00,20050.9187,Daylit,5.8803,289.4836,-52.0253,320.0035,116.9805,94.61,0.2732,Waxing Gibbous,
2022-07-22,18:25:00,19390.3602,Daylit,5.6478,289.5158,-52.1747,320.2766,116.9882,94.61,0.2731,Waxing Gibbous,
2022-07-22,18:26:00,18725.1229,Daylit,5.4153,289.5482,-52.3232,320.5519,116.9958,94.61,0.273,Waxing Gibbous,
2022-07-22,18:27:00,18054.989,Daylit,5.1828,289.5809,-52.4707,320.8294,117.0035,94.62,0.273,Waxing Gibbous,
2022-07-22,18:28:00,17379.7183,Daylit,4.9504,289.614,-52.6174,321.1091,117.0112,94.62,0.2729,Waxing Gibbous,
2022-07-22,18:29:00,16699.0452,Daylit,4.718,289.6474,-52.7632,321.391,117.0189,94.62,0.2729,Waxing Gibbous,
2022-07-22,18:30:00,16012.6749,Daylit,4.4857,289.6812,-52.908,321.6751,117.0265,94.63,0.2728,Waxing Gibbous,
2022-07-22,18:31:00,15320.2783,Daylit,4.2534,289.7153,-53.052,321.9614,117.0342,94.63,0.2727,Waxing Gibbous,
2022-07-22,18:32:00,14621.486,Daylit,4.0212,289.7497,-53.1949,322.25,117.0419,94.63,0.2727,Waxing Gibbous,
2022-07-22,18:33:00,13915.881,Daylit,3.789,289.7844,-53.3369,322.5408,117.0496,94.63,0.2726,Waxing Gibbous,
2022-07-22,18:34:00,13202.9897,Daylit,3.5569,289.8194,-53.478,322.8339,117.0572,94.64,0.2726,Waxing Gibbous,
2022-07-22,18:35:00,12482.2694,Daylit,3.3249,289.8548,-53.618,323.1293,117.0649,94.64,0.2725,Waxing Gibbous,
2022-07-22,18:36:00,11753.0935,Daylit,3.0929,289.8905,-53.7571,323.427,117.0726,94.64,0.2724,Waxing Gibbous,
2022-07-22,18:37:00,11014.7311,Daylit,2.8609,289.9266,-53.8952,323.7269,117.0803,94.64,0.2724,Waxing Gibbous,
2022-07-22,18:38:00,10266.3202,Daylit,2.629,289.963,-54.0323,324.0292,117.0879,94.65,0.2723,Waxing Gibbous,
2022-07-22,18:39:00,9506.8302,Daylit,2.3971,289.9997,-54.1683,324.3337,117.0956,94.65,0.2723,Waxing Gibbous,
2022-07-22,18:40:00,8735.0102,Daylit,2.1653,290.0368,-54.3033,324.6406,117.1033,94.65,0.2722,Waxing Gibbous,
2022-07-22,18:41:00,7949.3124,Daylit,1.9336,290.0742,-54.4373,324.9498,117.111,94.66,0.2721,Waxing Gibbous,
2022-07-22,18:42:00,7147.7784,Daylit,1.7019,290.1119,-54.5702,325.2614,117.1186,94.66,0.2721,Waxing Gibbous,
2022-07-22,18:43:00,6327.8574,Daylit,1.4703,290.15,-54.702,325.5753,117.1263,94.66,0.272,Waxing Gibbous,
2022-07-22,18:44:00,5486.1033,Daylit,1.2387,290.1884,-54.8328,325.8915,117.134,94.66,0.272,Waxing Gibbous,
2022-07-22,18:45:00,4617.6264,Daylit,1.0072,290.2271,-54.9624,326.2101,117.1417,94.67,0.2719,Waxing Gibbous,
2022-07-22,18:46:00,3714.9926,Daylit,0.7757,290.2662,-55.091,326.5311,117.1493,94.67,0.2718,Waxing Gibbous,
2022-07-22,18:47:00,2765.6459,Daylit,0.5443,290.3057,-55.2184,326.8544,117.157,94.67,0.2718,Waxing Gibbous,
2022-07-22,18:48:00,1744.1129,Daylit,0.3129,290.3454,-55.3447,327.1801,117.1647,94.68,0.2717,Waxing Gibbous,
2022-07-22,18:49:00,569.5454,Daylit,0.0817,290.3856,-55.4699,327.5082,117.1724,94.68,0.2717,Waxing Gibbous,
2022-07-22,18:50:00,19.8914,Civil Twilight,-0.1496,290.426,-55.5939,327.8387,117.18,94.68,0.2716,Waxing Gibbous,
2022-07-22,18:51:00,19.1055,Civil Twilight,-0.3807,290.4669,-55.7167,328.1716,117.1877,94.68,0.2715,Waxing Gibbous,
2022-07-22,18:52:00,18.3197,Civil Twilight,-0.6118,290.508,-55.8384,328.5068,117.1954,94.69,0.2715,Waxing Gibbous,
2022-07-22,18:53:00,17.5342,Civil Twilight,-0.8429,290.5496,-55.9589,328.8445,117.2031,94.69,0.2714,Waxing Gibbous,
2022-07-22,18:54:00,16.7489,Civil Twilight,-1.0739,290.5914,-56.0781,329.1845,117.2107,94.69,0.2714,Waxing Gibbous,
2022-07-22,18:55:00,15.9638,Civil Twilight,-1.3048,290.6337,-56.1962,329.5269,117.2184,94.69,0.2713,Waxing Gibbous,
2022-07-22,18:56:00,15.1789,Civil Twilight,-1.5356,290.6762,-56.313,329.8717,117.2261,94.7,0.2712,Waxing Gibbous,
2022-07-22,18:57:00,14.3942,Civil Twilight,-1.7664,290.7192,-56.4286,330.2189,117.2337,94.7,0.2712,Waxing Gibbous,
2022-07-22,18:58:00,13.6097,Civil Twilight,-1.9971,290.7625,-56.5429,330.5685,117.2414,94.7,0.2711,Waxing Gibbous,
2022-07-22,18:59:00,12.8255,Civil Twilight,-2.2278,290.8061,-56.6559,330.9205,117.2491,94.71,0.2711,Waxing Gibbous,
2022-07-22,19:00:00,12.0415,Civil Twilight,-2.4584,290.8501,-56.7677,331.2749,117.2568,94.71,0.271,Waxing Gibbous,
2022-07-22,19:01:00,11.2577,Civil Twilight,-2.6889,290.8945,-56.8782,331.6317,117.2644,94.71,0.271,Waxing Gibbous,
2022-07-22,19:02:00,10.4742,Civil Twilight,-2.9194,290.9392,-56.9873,331.9908,117.2721,94.71,0.2709,Waxing Gibbous,
2022-07-22,19:03:00,9.6909,Civil Twilight,-3.1497,290.9843,-57.0952,332.3523,117.2798,94.72,0.2708,Waxing Gibbous,
2022-07-22,19:04:00,8.9078,Civil Twilight,-3.38,291.0298,-57.2017,332.7162,117.2875,94.72,0.2708,Waxing Gibbous,
2022-07-22,19:05:00,8.125,Civil Twilight,-3.6103,291.0756,-57.3069,333.0824,117.2951,94.72,0.2707,Waxing Gibbous,
2022-07-22,19:06:00,7.3424,Civil Twilight,-3.8405,291.1219,-57.4107,333.451,117.3028,94.72,0.2707,Waxing Gibbous,
2022-07-22,19:07:00,6.5601,Civil Twilight,-4.0706,291.1684,-57.5131,333.822,117.3105,94.73,0.2706,Waxing Gibbous,
2022-07-22,19:08:00,5.778,Civil Twilight,-4.3006,291.2154,-57.6142,334.1952,117.3181,94.73,0.2705,Waxing Gibbous,
2022-07-22,19:09:00,4.9962,Civil Twilight,-4.5305,291.2627,-57.7139,334.5708,117.3258,94.73,0.2705,Waxing Gibbous,
2022-07-22,19:10:00,4.2146,Civil Twilight,-4.7604,291.3104,-57.8121,334.9487,117.3335,94.74,0.2704,Waxing Gibbous,
2022-07-22,19:11:00,3.4332,Civil Twilight,-4.9902,291.3585,-57.9089,335.3289,117.3412,94.74,0.2704,Waxing Gibbous,
2022-07-22,19:12:00,2.6521,Civil Twilight,-5.22,291.4069,-58.0043,335.7114,117.3488,94.74,0.2703,Waxing Gibbous,
2022-07-22,19:13:00,1.8713,Civil Twilight,-5.4496,291.4558,-58.0983,336.0962,117.3565,94.74,0.2702,Waxing Gibbous,
2022-07-22,19:14:00,1.0908,Civil Twilight,-5.6792,291.505,-58.1908,336.4832,117.3642,94.75,0.2702,Waxing Gibbous,
2022-07-22,19:15:00,0.3105,Civil Twilight,-5.9087,291.5546,-58.2818,336.8725,117.3718,94.75,0.2701,Waxing Gibbous,
2022-07-22,19:16:00,0.5862,Nautical Twilight,-6.1381,291.6046,-58.3713,337.264,117.3795,94.75,0.2701,Waxing Gibbous,
2022-07-22,19:17:00,0.5633,Nautical Twilight,-6.3674,291.655,-58.4593,337.6577,117.3872,94.75,0.27,Waxing Gibbous,
2022-07-22,19:18:00,0.5403,Nautical Twilight,-6.5967,291.7058,-58.5458,338.0536,117.3949,94.76,0.2699,Waxing Gibbous,
2022-07-22,19:19:00,0.5174,Nautical Twilight,-6.8259,291.7569,-58.6308,338.4516,117.4025,94.76,0.2699,Waxing Gibbous,
2022-07-22,19:20:00,0.4945,Nautical Twilight,-7.055,291.8085,-58.7143,338.8518,117.4102,94.76,0.2698,Waxing Gibbous,
2022-07-22,19:21:00,0.4716,Nautical Twilight,-7.284,291.8605,-58.7962,339.2541,117.4179,94.77,0.2698,Waxing Gibbous,
2022-07-22,19:22:00,0.4487,Nautical Twilight,-7.5129,291.9128,-58.8765,339.6585,117.4255,94.77,0.2697,Waxing Gibbous,
2022-07-22,19:23:00,0.4258,Nautical Twilight,-7.7418,291.9656,-58.9553,340.065,117.4332,94.77,0.2696,Waxing Gibbous,
2022-07-22,19:24:00,0.4029,Nautical Twilight,-7.9705,292.0188,-59.0325,340.4735,117.4409,94.77,0.2696,Waxing Gibbous,
2022-07-22,19:25:00,0.3801,Nautical Twilight,-8.1992,292.0723,-59.1081,340.8841,117.4486,94.78,0.2695,Waxing Gibbous,
2022-07-22,19:26:00,0.3572,Nautical Twilight,-8.4278,292.1263,-59.1821,341.2966,117.4562,94.78,0.2695,Waxing Gibbous,
2022-07-22,19:27:00,0.3344,Nautical Twilight,-8.6563,292.1807,-59.2545,341.7112,117.4639,94.78,0.2694,Waxing Gibbous,
2022-07-22,19:28:00,0.3115,Nautical Twilight,-8.8847,292.2355,-59.3252,342.1276,117.4716,94.78,0.2693,Waxing Gibbous,
2022-07-22,19:29:00,0.2887,Nautical Twilight,-9.1131,292.2907,-59.3943,342.546,117.4792,94.79,0.2693,Waxing Gibbous,
2022-07-22,19:30:00,0.2659,Nautical Twilight,-9.3413,292.3464,-59.4618,342.9662,117.4869,94.79,0.2692,Waxing Gibbous,
2022-07-22,19:31:00,0.2431,Nautical Twilight,-9.5694,292.4024,-59.5275,343.3882,117.4946,94.79,0.2692,Waxing Gibbous,
2022-07-22,19:32:00,0.2203,Nautical Twilight,-9.7975,292.4589,-59.5917,343.8121,117.5023,94.8,0.2691,Waxing Gibbous,
2022-07-22,19:33:00,0.1975,Nautical Twilight,-10.0254,292.5158,-59.6541,344.2377,117.5099,94.8,0.269,Waxing Gibbous,
2022-07-22,19:34:00,0.1747,Nautical Twilight,-10.2533,292.5732,-59.7148,344.6651,117.5176,94.8,0.269,Waxing Gibbous,
2022-07-22,19:35:00,0.1519,Nautical Twilight,-10.4811,292.6309,-59.7738,345.0941,117.5253,94.8,0.2689,Waxing Gibbous,
2022-07-22,19:36:00,0.1291,Nautical Twilight,-10.7087,292.6891,-59.8311,345.5248,117.5329,94.81,0.2689,Waxing Gibbous,
2022-07-22,19:37:00,0.1064,Nautical Twilight,-10.9363,292.7478,-59.8867,345.9571,117.5406,94.81,0.2688,Waxing Gibbous,
2022-07-22,19:38:00,0.0836,Nautical Twilight,-11.1638,292.8068,-59.9406,346.391,117.5483,94.81,0.2688,Waxing Gibbous,
2022-07-22,19:39:00,0.0609,Nautical Twilight,-11.3912,292.8664,-59.9927,346.8264,117.5559,94.81,0.2687,Waxing Gibbous,
2022-07-22,19:40:00,0.0382,Nautical Twilight,-11.6185,292.9263,-60.043,347.2633,117.5636,94.82,0.2686,Waxing Gibbous,
2022-07-22,19:41:00,0.0154,Nautical Twilight,-11.8456,292.9867,-60.0916,347.7017,117.5713,94.82,0.2686,Waxing Gibbous,
2022-07-22,19:42:00,0.0059,Astronomical Twilight,-12.0727,293.0476,-60.1385,348.1414,117.5789,94.82,0.2685,Waxing Gibbous,
2022-07-22,19:43:00,0.0057,Astronomical Twilight,-12.2997,293.1089,-60.1835,348.5825,117.5866,94.83,0.2685,Waxing Gibbous,
2022-07-22,19:44:00,0.0055,Astronomical Twilight,-12.5266,293.1706,-60.2268,349.0249,117.5943,94.83,0.2684,Waxing Gibbous,
2022-07-22,19:45:00,0.0052,Astronomical Twilight,-12.7533,293.2328,-60.2682,349.4686,117.602,94.83,0.2683,Waxing Gibbous,
2022-07-22,19:46:00,0.005,Astronomical Twilight,-12.98,293.2955,-60.3079,349.9134,117.6096,94.83,0.2683,Waxing Gibbous,
2022-07-22,19:47:00,0.0048,Astronomical Twilight,-13.2065,293.3587,-60.3458,350.3595,117.6173,94.84,0.2682,Waxing Gibbous,
2022-07-22,19:48:00,0.0046,Astronomical Twilight,-13.433,293.4223,-60.3818,350.8066,117.625,94.84,0.2682,Waxing Gibbous,
2022-07-22,19:49:00,0.0043,Astronomical Twilight,-13.6593,293.4863,-60.416,351.2548,117.6326,94.84,0.2681,Waxing Gibbous,
2022-07-22,19:50:00,0.0041,Astronomical Twilight,-13.8855,293.5509,-60.4484,351.704,117.6403,94.84,0.268,Waxing Gibbous,
2022-07-22,19:51:00,0.0039,Astronomical Twilight,-14.1117,293.6159,-60.479,352.1541,117.648,94.85,0.268,Waxing Gibbous,
2022-07-22,19:52:00,0.0037,Astronomical Twilight,-14.3377,293.6814,-60.5077,352.6052,117.6556,94.85,0.2679,Waxing Gibbous,
2022-07-22,19:53:00,0.0034,Astronomical Twilight,-14.5635,293.7474,-60.5346,353.0571,117.6633,94.85,0.2679,Waxing Gibbous,
2022-07-22,19:54:00,0.0032,Astronomical Twilight,-14.7893,293.8139,-60.5596,353.5098,117.671,94.86,0.2678,Waxing Gibbous,
2022-07-22,19:55:00,0.003,Astronomical Twilight,-15.015,293.8808,-60.5828,353.9632,117.6786,94.86,0.2677,Waxing Gibbous,
2022-07-22,19:56:00,0.0028,Astronomical Twilight,-15.2405,293.9483,-60.6041,354.4173,117.6863,94.86,0.2677,Waxing Gibbous,
2022-07-22,19:57:00,0.0025,Astronomical Twilight,-15.4659,294.0162,-60.6236,354.872,117.694,94.86,0.2676,Waxing Gibbous,
2022-07-22,19:58:00,0.0023,Astronomical Twilight,-15.6912,294.0847,-60.6412,355.3273,117.7016,94.87,0.2676,Waxing Gibbous,
2022-07-22,19:59:00,0.0021,Astronomical Twilight,-15.9164,294.1536,-60.6569,355.7831,117.7093,94.87,0.2675,Waxing Gibbous,
2022-07-22,20:00:00,0.0019,Astronomical Twilight,-16.1415,294.2231,-60.6707,356.2394,117.717,94.87,0.2674,Waxing Gibbous,
2022-07-24,17:00:00,66361.117,Daylit,25.5325,287.4791,-15.4431,299.7025,138.1615,99.45,0.1275,Waxing Crescent,2022-07-24 17:00:00
2022-07-24,17:01:00,65885.0552,Daylit,25.2972,287.4843,-15.6489,299.7739,138.169,99.45,0.1274,Waxing Crescent,2022-07-24 17:01:00
2022-07-24,17:02:00,65407.3895,Daylit,25.0619,287.4899,-15.8545,299.8458,138.1765,99.45,0.1274,Waxing Crescent,2022-07-24 17:02:00
2022-07-24,17:03:00,64928.1181,Daylit,24.8266,287.4958,-16.06,299.9183,138.184,99.45,0.1274,Waxing Crescent,2022-07-24 17:03:00
2022-07-24,17:04:00,64447.2387,Daylit,24.5913,287.502,-16.2653,299.9913,138.1915,99.45,0.1273,Waxing Crescent,2022-07-24 17:04:00
2022-07-24,17:05:00,63964.7491,Daylit,24.3561,287.5087,-16.4705,300.0648,138.199,99.45,0.1273,Waxing Crescent,2022-07-24 17:05:00
2022-07-24,17:06:00,63480.6467,Daylit,24.1208,287.5156,-16.6755,300.1389,138.2065,99.45,0.1272,Waxing Crescent,2022-07-24 17:06:00
2022-07-24,17:07:00,62994.929,Daylit,23.8856,287.523,-16.8803,300.2135,138.214,99.46,0.1272,Waxing Crescent,2022-07-24 17:07:00
2022-07-24,17:08:00,62507.5931,Daylit,23.6503,287.5307,-17.0849,300.2886,138.2215,99.46,0.1271,Waxing Crescent,2022-07-24 17:08:00
2022-07-24,17:09:00,62018.6361,Daylit,23.4151,287.5387,-17.2894,300.3643,138.229,99.46,0.1271,Waxing Crescent,2022-07-24 17:09:00
2022-07-24,17:10:00,61528.0547,Daylit,23.1799,287.5471,-17.4937,300.4406,138.2365,99.46,0.127,Waxing Crescent,2022-07-24 17:10:00
2022-07-24,17:11:00,61035.8455,Daylit,22.9447,287.5558,-17.6979,300.5174,138.244,99.46,0.127,Waxing Crescent,2022-07-24 17:11:00
2022-07-24,17:12:00,60542.005,Daylit,22.7095,287.5649,-17.9018,300.5947,138.2515,99.46,0.127,Waxing Crescent,2022-07-24 17:12:00
2022-07-24,17:13:00,60046.5293,Daylit,22.4743,287.5743,-18.1056,300.6726,138.259,99.46,0.1269,Waxing Crescent,2022-07-24 17:13:00
2022-07-24,17:14:00,59549.4145,Daylit,22.2391,287.5841,-18.3092,300.7511,138.2664,99.46,0.1269,Waxing Crescent,2022-07-24 17:14:00
2022-07-24,17:15:00,59050.6562,Daylit,22.0039,287.5942,-18.5126,300.8302,138.2739,99.46,0.1268,Waxing Crescent,2022-07-24 17:15:00
2022-07-24,17:16:00,58550.25,Daylit,21.7688,287.6046,-18.7158,300.9098,138.2814,99.46,0.1268,Waxing Crescent,2022-07-24 17:16:00
2022-07-24,17:17:00,58048.1912,Daylit,21.5336,287.6154,-18.9189,300.99,138.2889,99.46,0.1267,Waxing Crescent,2022-07-24 17:17:00
2022-07-24,17:18:00,57544.4747,Daylit,21.2985,287.6265,-19.1218,301.0707,138.2964,99.46,0.1267,Waxing Crescent,2022-07-24 17:18:00
2022-07-24,17:19:00,57039.0954,Daylit,21.0634,287.6379,-19.3244,301.1521,138.3039,99.47,0.1267,Waxing Crescent,2022-07-24 17:19:00
2022-07-24,17:20:00,56532.0476,Daylit,20.8283,287.6497,-19.5269,301.234,138.3114,99.47,0.1266,Waxing Crescent,2022-07-24 17:20:00
2022-07-24,17:21:00,56023.3257,Daylit,20.5933,287.6618,-19.7292,301.3165,138.3189,99.47,0.1266,Waxing Crescent,2022-07-24 17:21:00
2022-07-24,17:22:00,55512.9234,Daylit,20.3582,287.6743,-19.9314,301.3996,138.3264,99.47,0.1265,Waxing Crescent,2022-07-24 17:22:00
2022-07-24,17:23:00,55000.8345,Daylit,20.1232,287.6871,-20.1333,301.4833,138.3339,99.47,0.1265,Waxing Crescent,2022-07-24 17:23:00
2022-07-24,17:24:00,54487.0521,Daylit,19.8881,287.7002,-20.335,301.5676,138.3414,99.47,0.1264,Waxing Crescent,2022-07-24 17:24:00
2022-07-24,17:25:00,53971.5692,Daylit,19.6531,287.7136,-20.5365,301.6526,138.3489,99.47,0.1264,Waxing Crescent,2022-07-24 17:25:00
2022-07-24,17:26:00,53454.3784,Daylit,19.4181,287.7274,-20.7379,301.7381,138.3564,99.47,0.1264,Waxing Crescent,2022-07-24 17:26:00
2022-07-24,17:27:00,52935.472,Daylit,19.1831,287.7415,-20.939,301.8242,138.3639,99.47,0.1263,Waxing Crescent,2022-07-24 17:27:00
2022-07-24,17:28:00,52414.8419,Daylit,18.9482,287.7559,-21.1399,301.9109,138.3714,99.47,0.1263,Waxing Crescent,2022-07-24 17:28:00
2022-07-24,17:29:00,51892.4794,Daylit,18.7133,287.7706,-21.3407,301.9983,138.3789,99.47,0.1262,Waxing Crescent,2022-07-24 17:29:00
2022-07-24,17:30:00,51368.3758,Daylit,18.4783,287.7857,-21.5412,302.0863,138.3864,99.47,0.1262,Waxing Crescent,2022-07-24 17:30:00
2022-07-24,17:31:00,50842.5216,Daylit,18.2434,287.8011,-21.7415,302.1749,138.3939,99.48,0.1261,Waxing Crescent,2022-07-24 17:31:00
2022-07-24,17:32:00,50314.907,Daylit,18.0086,287.8168,-21.9416,302.2641,138.4014,99.48,0.1261,Waxing Crescent,2022-07-24 17:32:00
2022-07-24,17:33:00,49785.522,Daylit,17.7737,287.8328,-22.1415,302.354,138.4089,99.48,0.126,Waxing Crescent,2022-07-24 17:33:00
2022-07-24,17:34:00,49254.3556,Daylit,17.5389,287.8492,-22.3412,302.4445,138.4164,99.48,0.126,Waxing Crescent,2022-07-24 17:34:00
2022-07-24,17:35:00,48721.3968,Daylit,17.3041,287.8658,-22.5407,302.5357,138.4239,99.48,0.126,Waxing Crescent,2022-07-24 17:35:00
2022-07-24,17:36:00,48186.6337,Daylit,17.0693,287.8828,-22.7399,302.6275,138.4314,99.48,0.1259,Waxing Crescent,2022-07-24 17:36:00
2022-07-24,17:37:00,47650.0541,Daylit,16.8345,287.9001,-22.9389,302.7199,138.4389,99.48,0.1259,Waxing Crescent,2022-07-24 17:37:00
2022-07-24,17:38:00,47111.6452,Daylit,16.5998,287.9177,-23.1378,302.813,138.4463,99.48,0.1258,Waxing Crescent,2022-07-24 17:38:00
2022-07-24,17:39:00,46571.3934,Daylit,16.365,287.9357,-23.3364,302.9068,138.4538,99.48,0.1258,Waxing Crescent,2022-07-24 17:39:00
2022-07-24,17:40:00,46029.2848,Daylit,16.1303,287.9539,-23.5347,303.0013,138.4613,99.48,0.1257,Waxing Crescent,2022-07-24 17:40:00
2022-07-24,17:41:00,45485.3046,Daylit,15.8957,287.9725,-23.7329,303.0964,138.4688,99.48,0.1257,Waxing Crescent,2022-07-24 17:41:00
2022-07-24,17:42:00,44939.4374,Daylit,15.661,287.9914,-23.9308,303.1922,138.4763,99.48,0.1257,Waxing Crescent,2022-07-24 17:42:00
2022-07-24,17:43:00,44391.6671,Daylit,15.4264,288.0106,-24.1285,303.2886,138.4838,99.49,0.1256,Waxing Crescent,2022-07-24 17:43:00
2022-07-24,17:44:00,43841.9768,Daylit,15.1918,288.0301,-24.3259,303.3858,138.4913,99.49,0.1256,Waxing Crescent,2022-07-24 17:44:00
2022-07-24,17:45:00,43290.3487,Daylit,14.9572,288.05,-24.5231,303.4836,138.4988,99.49,0.1255,Waxing Crescent,2022-07-24 17:45:00
2022-07-24,17:46:00,42736.7645,Daylit,14.7227,288.0701,-24.7201,303.5821,138.5063,99.49,0.1255,Waxing Crescent,2022-07-24 17:46:00
2022-07-24,17:47:00,42181.2047,Daylit,14.4881,288.0906,-24.9169,303.6813,138.5138,99.49,0.1254,Waxing Crescent,2022-07-24 17:47:00
2022-07-24,17:48:00,41623.649,Daylit,14.2537,288.1113,-25.1134,303.7813,138.5213,99.49,0.1254,Waxing Crescent,2022-07-24 17:48:00
2022-07-24,17:49:00,41064.0762,Daylit,14.0192,288.1324,-25.3096,303.8819,138.5288,99.49,0.1254,Waxing Crescent,2022-07-24 17:49:00
2022-07-24,17:50:00,40502.464,Daylit,13.7848,288.1538,-25.5057,303.9833,138.5363,99.49,0.1253,Waxing Crescent,2022-07-24 17:50:00
2022-07-24,17:51:00,39938.7889,Daylit,13.5503,288.1755,-25.7014,304.0853,138.5438,99.49,0.1253,Waxing Crescent,2022-07-24 17:51:00
2022-07-24,17:52:00,39373.0265,Daylit,13.316,288.1976,-25.8969,304.1881,138.5513,99.49,0.1252,Waxing Crescent,2022-07-24 17:52:00
2022-07-24,17:53:00,38805.1511,Daylit,13.0816,288.2199,-26.0922,304.2916,138.5588,99.49,0.1252,Waxing Crescent,2022-07-24 17:53:00
2022-07-24,17:54:00,38235.1357,Daylit,12.8473,288.2425,-26.2872,304.3959,138.5663,99.49,0.1251,Waxing Crescent,2022-07-24 17:54:00
2022-07-24,17:55:00,37662.9519,Daylit,12.613,288.2655,-26.482,304.5008,138.5738,99.5,0.1251,Waxing Crescent,2022-07-24 17:55:00
2022-07-24,17:56:00,37088.5699,Daylit,12.3788,288.2888,-26.6765,304.6066,138.5813,99.5,0.1251,Waxing Crescent,2022-07-24 17:56:00
2022-07-24,17:57:00,36511.9586,Daylit,12.1445,288.3123,-26.8707,304.713,138.5887,99.5,0.125,Waxing Crescent,2022-07-24 17:57:00
2022-07-24,17:58:00,35933.0849,Daylit,11.9103,288.3362,-27.0647,304.8203,138.5962,99.5,0.125,Waxing Crescent,2022-07-24 17:58:00
2022-07-24,17:59:00,35351.9144,Daylit,11.6762,288.3604,-27.2584,304.9282,138.6037,99.5,0.1249,Waxing Crescent,2022-07-24 17:59:00
2022-07-24,18:00:00,34768.4106,Daylit,11.4421,288.3849,-27.4518,305.037,138.6112,99.5,0.1249,Waxing Crescent,2022-07-24 18:00:00
2022-07-24,18:01:00,34182.5351,Daylit,11.208,288.4097,-27.645,305.1465,138.6187,99.5,0.1248,Waxing Crescent,2022-07-24 18:01:00
2022-07-24,18:02:00,33594.2475,Daylit,10.9739,288.4349,-27.8379,305.2568,138.6262,99.5,0.1248,Waxing Crescent,2022-07-24 18:02:00
2022-07-24,18:03:00,33003.5052,Daylit,10.7399,288.4603,-28.0305,305.3679,138.6337,99.5,0.1247,Waxing Crescent,2022-07-24 18:03:00
2022-07-24,18:04:00,32410.2631,Daylit,10.5059,288.4861,-28.2229,305.4797,138.6412,99.5,0.1247,Waxing Crescent,2022-07-24 18:04:00
2022-07-24,18:05:00,31814.4738,Daylit,10.2719,288.5121,-28.4149,305.5924,138.6487,99.5,0.1247,Waxing Crescent,2022-07-24 18:05:00
2022-07-24,18:06:00,31216.0869,Daylit,10.038,288.5385,-28.6067,305.7058,138.6562,99.5,0.1246,Waxing Crescent,2022-07-24 18:06:00
2022-07-24,18:07:00,30615.0494,Daylit,9.8041,288.5652,-28.7982,305.82,138.6637,99.51,0.1246,Waxing Crescent,2022-07-24 18:07:00
2022-07-24,18:08:00,30011.3048,Daylit,9.5703,288.5922,-28.9894,305.9351,138.6712,99.51,0.1245,Waxing Crescent,2022-07-24 18:08:00
2022-07-24,18:09:00,29404.7935,Daylit,9.3365,288.6195,-29.1803,306.051,138.6787,99.51,0.1245,Waxing Crescent,2022-07-24 18:09:00
2022-07-24,18:10:00,28795.4522,Daylit,9.1027,288.6471,-29.371,306.1676,138.6862,99.51,0.1244,Waxing Crescent,2022-07-24 18:10:00
2022-07-24,18:11:00,28183.2134,Daylit,8.869,288.675,-29.5613,306.2852,138.6937,99.51,0.1244,Waxing Crescent,2022-07-24 18:11:00
2022-07-24,18:12:00,27568.0057,Daylit,8.6353,288.7033,-29.7513,306.4035,138.7012,99.51,0.1244,Waxing Crescent,2022-07-24 18:12:00
2022-07-24,18:13:00,26949.7527,Daylit,8.4016,288.7318,-29.941,306.5227,138.7087,99.51,0.1243,Waxing Crescent,2022-07-24 18:13:00
2022-07-24,18:14:00,26328.373,Daylit,8.168,288.7607,-30.1304,306.6427,138.7161,99.51,0.1243,Waxing Crescent,2022-07-24 18:14:00
2022-07-24,18:15:00,25703.7799,Daylit,7.9344,288.7899,-30.3195,306.7636,138.7236,99.51,0.1242,Waxing Crescent,2022-07-24 18:15:00
2022-07-24,18:16:00,25075.8803,Daylit,7.7009,288.8194,-30.5083,306.8853,138.7311,99.51,0.1242,Waxing Crescent,2022-07-24 18:16:00
2022-07-24,18:17:00,24444.5747,Daylit,7.4674,288.8492,-30.6968,307.0079,138.7386,99.51,0.1241,Waxing Crescent,2022-07-24 18:17:00
2022-07-24,18:18:00,23809.7562,Daylit,7.2339,288.8793,-30.885,307.1314,138.7461,99.51,0.1241,Waxing Crescent,2022-07-24 18:18:00
2022-07-24,18:19:00,23171.3099,Daylit,7.0005,288.9098,-31.0728,307.2557,138.7536,99.51,0.1241,Waxing Crescent,2022-07-24 18:19:00
2022-07-24,18:20:00,22529.112,Daylit,6.7671,288.9405,-31.2604,307.3809,138.7611,99.52,0.124,Waxing Crescent,2022-07-24 18:20:00
2022-07-24,18:21:00,21883.0286,Daylit,6.5338,288.9716,-31.4475,307.507,138.7686,99.52,0.124,Waxing Crescent,2022-07-24 18:21:00
2022-07-24,18:22:00,21232.9151,Daylit,6.3005,289.003,-31.6344,307.634,138.7761,99.52,0.1239,Waxing Crescent,2022-07-24 18:22:00
2022-07-24,18:23:00,20578.6145,Daylit,6.0673,289.0347,-31.821,307.7619,138.7836,99.52,0.1239,Waxing Crescent,2022-07-24 18:23:00
2022-07-24,18:24:00,19919.9559,Daylit,5.8341,289.0667,-32.0072,307.8907,138.7911,99.52,0.1238,Waxing Crescent,2022-07-24 18:24:00
2022-07-24,18:25:00,19256.7528,Daylit,5.6009,289.099,-32.193,308.0204,138.7986,99.52,0.1238,Waxing Crescent,2022-07-24 18:25:00
2022-07-24,18:26:00,18588.8013,Daylit,5.3678,289.1317,-32.3785,308.151,138.8061,99.52,0.1238,Waxing Crescent,2022-07-24 18:26:00
2022-07-24,18:27:00,17915.8771,Daylit,5.1348,289.1647,-32.5637,308.2826,138.8136,99.52,0.1237,Waxing Crescent,2022-07-24 18:27:00
2022-07-24,18:28:00,17237.7333,Daylit,4.9018,289.198,-32.7485,308.4151,138.8211,99.52,0.1237,Waxing Crescent,2022-07-24 18:28:00
2022-07-24,18:29:00,16554.0962,Daylit,4.6688,289.2316,-32.933,308.5485,138.8285,99.52,0.1236,Waxing Crescent,2022-07-24 18:29:00
2022-07-24,18:30:00,15864.6617,Daylit,4.4359,289.2655,-33.1171,308.6829,138.836,99.52,0.1236,Waxing Crescent,2022-07-24 18:30:00
2022-07-24,18:31:00,15169.0897,Daylit,4.203,289.2998,-33.3009,308.8182,138.8435,99.52,0.1235,Waxing Crescent,2022-07-24 18:31:00
2022-07-24,18:32:00,14466.9982,Daylit,3.9702,289.3344,-33.4843,308.9545,138.851,99.53,0.1235,Waxing Crescent,2022-07-24 18:32:00
2022-07-24,18:33:00,13757.9551,Daylit,3.7374,289.3693,-33.6673,309.0918,138.8585,99.53,0.1235,Waxing Crescent,2022-07-24 18:33:00
2022-07-24,18:34:00,13041.4685,Daylit,3.5047,289.4045,-33.85,309.23,138.866,99.53,0.1234,Waxing Crescent,2022-07-24 18:34:00
2022-07-24,18:35:00,12316.9739,Daylit,3.272,289.4401,-34.0323,309.3693,138.8735,99.53,0.1234,Waxing Crescent,2022-07-24 18:35:00
2022-07-24,18:36:00,11583.8175,Daylit,3.0394,289.476,-34.2142,309.5095,138.881,99.53,0.1233,Waxing Crescent,2022-07-24 18:36:00
2022-07-24,18:37:00,10841.2348,Daylit,2.8068,289.5122,-34.3957,309.6507,138.8885,99.53,0.1233,Waxing Crescent,2022-07-24 18:37:00
2022-07-24,18:38:00,10088.3211,Daylit,2.5743,289.5487,-34.5769,309.7929,138.896,99.53,0.1232,Waxing Crescent,2022-07-24 18:38:00
2022-07-24,18:39:00,9323.9905,Daylit,2.3419,289.5856,-34.7576,309.9361,138.9035,99.53,0.1232,Waxing Crescent,2022-07-24 18:39:00
2022-07-24,18:40:00,8546.9188,Daylit,2.1094,289.6228,-34.938,310.0803,138.911,99.53,0.1232,Waxing Crescent,2022-07-24 18:40:00
2022-07-24,18:41:00,7755.4587,Daylit,1.8771,289.6603,-35.118,310.2256,138.9185,99.53,0.1231,Waxing Crescent,2022-07-24 18:41:00
2022-07-24,18:42:00,6947.5107,Daylit,1.6448,289.6982,-35.2976,310.3719,138.9259,99.53,0.1231,Waxing Crescent,2022-07-24 18:42:00
2022-07-24,18:43:00,6120.3165,Daylit,1.4125,289.7364,-35.4768,310.5192,138.9334,99.53,0.123,Waxing Crescent,2022-07-24 18:43:00
2022-07-24,18:44:00,5270.106,Daylit,1.1804,289.7749,-35.6555,310.6676,138.9409,99.53,0.123,Waxing Crescent,2022-07-24 18:44:00
2022-07-24,18:45:00,4391.4437,Daylit,0.9482,289.8138,-35.8339,310.817,138.9484,99.54,0.1229,Waxing Crescent,2022-07-24 18:45:00
2022-07-24,18:46:00,3475.87,Daylit,0.7161,289.853,-36.0119,310.9675,138.9559,99.54,0.1229,Waxing Crescent,2022-07-24 18:46:00
2022-07-24,18:47:00,2508.5426,Daylit,0.4841,289.8925,-36.1894,311.119,138.9634,99.54,0.1229,Waxing Crescent,2022-07-24 18:47:00
2022-07-24,18:48:00,1456.9775,Daylit,0.2522,289.9324,-36.3665,311.2717,138.9709,99.54,0.1228,Waxing Crescent,2022-07-24 18:48:00
2022-07-24,18:49:00,178.3246,Daylit,0.0203,289.9726,-36.5432,311.4254,138.9784,99.54,0.1228,Waxing Crescent,2022-07-24 18:49:00
2022-07-24,18:50:00,19.6806,Civil Twilight,-0.2116,290.0132,-36.7194,311.5802,138.9859,99.54,0.1227,Waxing Crescent,2022-07-24 18:50:00
2022-07-24,18:51:00,18.8925,Civil Twilight,-0.4434,290.054,-36.8952,311.7361,138.9934,99.54,0.1227,Waxing Crescent,2022-07-24 18:51:00
2022-07-24,18:52:00,18.1047,Civil Twilight,-0.6751,290.0953,-37.0706,311.8932,139.0009,99.54,0.1226,Waxing Crescent,2022-07-24 18:52:00
2022-07-24,18:53:00,17.317,Civil Twilight,-0.9068,290.1369,-37.2456,312.0513,139.0084,99.54,0.1226,Waxing Crescent,2022-07-24 18:53:00
2022-07-24,18:54:00,16.5296,Civil Twilight,-1.1384,290.1788,-37.42,312.2106,139.0159,99.54,0.1226,Waxing Crescent,2022-07-24 18:54:00
2022-07-24,18:55:00,15.7423,Civil Twilight,-1.3699,290.2211,-37.5941,312.371,139.0233,99.54,0.1225,Waxing Crescent,2022-07-24 18:55:00
2022-07-24,18:56:00,14.9553,Civil Twilight,-1.6014,290.2637,-37.7676,312.5325,139.0308,99.54,0.1225,Waxing Crescent,2022-07-24 18:56:00
2022-07-24,18:57:00,14.1685,Civil Twilight,-1.8328,290.3067,-37.9408,312.6952,139.0383,99.54,0.1224,Waxing Crescent,2022-07-24 18:57:00
2022-07-24,18:58:00,13.3819,Civil Twilight,-2.0641,290.35,-38.1134,312.859,139.0458,99.55,0.1224,Waxing Crescent,2022-07-24 18:58:00
2022-07-24,18:59:00,12.5956,Civil Twilight,-2.2954,290.3937,-38.2856,313.024,139.0533,99.55,0.1223,Waxing Crescent,2022-07-24 18:59:00
2022-07-24,19:00:00,11.8094,Civil Twilight,-2.5266,290.4378,-38.4573,313.1902,139.0608,99.55,0.1223,Waxing Crescent,2022-07-24 19:00:00
2022-07-24,19:01:00,11.0235,Civil Twilight,-2.7578,290.4822,-38.6285,313.3575,139.0683,99.55,0.1223,Waxing Crescent,2022-07-24 19:01:00
2022-07-24,19:02:00,10.2378,Civil Twilight,-2.9889,290.5269,-38.7993,313.5261,139.0758,99.55,0.1222,Waxing Crescent,2022-07-24 19:02:00
2022-07-24,19:03:00,9.4524,Civil Twilight,-3.2199,290.572,-38.9695,313.6958,139.0833,99.55,0.1222,Waxing Crescent,2022-07-24 19:03:00
2022-07-24,19:04:00,8.6672,Civil Twilight,-3.4508,290.6175,-39.1393,313.8668,139.0908,99.55,0.1221,Waxing Crescent,2022-07-24 19:04:00
2022-07-24,19:05:00,7.8822,Civil Twilight,-3.6817,290.6633,-39.3085,314.0389,139.0983,99.55,0.1221,Waxing Crescent,2022-07-24 19:05:00
2022-07-24,19:06:00,7.0974,Civil Twilight,-3.9125,290.7095,-39.4773,314.2123,139.1058,99.55,0.122,Waxing Crescent,2022-07-24 19:06:00
2022-07-24,19:07:00,6.3129,Civil Twilight,-4.1433,290.7561,-39.6455,314.3869,139.1132,99.55,0.122,Waxing Crescent,2022-07-24 19:07:00
2022-07-24,19:08:00,5.5286,Civil Twilight,-4.3739,290.803,-39.8133,314.5627,139.1207,99.55,0.122,Waxing Crescent,2022-07-24 19:08:00
2022-07-24,19:09:00,4.7446,Civil Twilight,-4.6045,290.8503,-39.9805,314.7398,139.1282,99.55,0.1219,Waxing Crescent,2022-07-24 19:09:00
2022-07-24,19:10:00,3.9608,Civil Twilight,-4.8351,290.898,-40.1472,314.9181,139.1357,99.55,0.1219,Waxing Crescent,2022-07-24 19:10:00
2022-07-24,19:11:00,3.1773,Civil Twilight,-5.0655,290.946,-40.3133,315.0977,139.1432,99.56,0.1218,Waxing Crescent,2022-07-24 19:11:00
2022-07-24,19:12:00,2.394,Civil Twilight,-5.2959,290.9945,-40.4789,315.2786,139.1507,99.56,0.1218,Waxing Crescent,2022-07-24 19:12:00
2022-07-24,19:13:00,1.611,Civil Twilight,-5.5262,291.0433,-40.644,315.4608,139.1582,99.56,0.1217,Waxing Crescent,2022-07-24 19:13:00
2022-07-24,19:14:00,0.8282,Civil Twilight,-5.7564,291.0924,-40.8085,315.6442,139.1657,99.56,0.1217,Waxing Crescent,2022-07-24 19:14:00
2022-07-24,19:15:00,0.0457,Civil Twilight,-5.9866,291.142,-40.9725,315.8289,139.1732,99.56,0.1217,Waxing Crescent,2022-07-24 19:15:00
2022-07-24,19:16:00,0.5783,Nautical Twilight,-6.2166,291.1919,-41.136,316.0149,139.1807,99.56,0.1216,Waxing Crescent,2022-07-24 19:16:00
2022-07-24,19:17:00,0.5553,Nautical Twilight,-6.4466,291.2422,-41.2988,316.2023,139.1882,99.56,0.1216,Waxing Crescent,2022-07-24 19:17:00
2022-07-24,19:18:00,0.5323,Nautical Twilight,-6.6765,291.293,-41.4611,316.3909,139.1956,99.56,0.1215,Waxing Crescent,2022-07-24 19:18:00
2022-07-24,19:19:00,0.5094,Nautical Twilight,-6.9064,291.3441,-41.6229,316.5809,139.2031,99.56,0.1215,Waxing Crescent,2022-07-24 19:19:00
2022-07-24,19:20:00,0.4864,Nautical Twilight,-7.1361,291.3955,-41.784,316.7722,139.2106,99.56,0.1214,Waxing Crescent,2022-07-24 19:20:00
2022-07-24,19:21:00,0.4634,Nautical Twilight,-7.3658,291.4474,-41.9446,316.9649,139.2181,99.56,0.1214,Waxing Crescent,2022-07-24 19:21:00
2022-07-24,19:22:00,0.4405,Nautical Twilight,-7.5954,291.4997,-42.1045,317.1589,139.2256,99.56,0.1214,Waxing Crescent,2022-07-24 19:22:00
2022-07-24,19:23:00,0.4175,Nautical Twilight,-7.8249,291.5524,-42.2639,317.3543,139.2331,99.56,0.1213,Waxing Crescent,2022-07-24 19:23:00
2022-07-24,19:24:00,0.3946,Nautical Twilight,-8.0543,291.6054,-42.4227,317.551,139.2406,99.57,0.1213,Waxing Crescent,2022-07-24 19:24:00
2022-07-24,19:25:00,0.3716,Nautical Twilight,-8.2837,291.6589,-42.5809,317.7492,139.2481,99.57,0.1212,Waxing Crescent,2022-07-24 19:25:00
2022-07-24,19:26:00,0.3487,Nautical Twilight,-8.5129,291.7128,-42.7384,317.9487,139.2556,99.57,0.1212,Waxing Crescent,2022-07-24 19:26:00
2022-07-24,19:27:00,0.3258,Nautical Twilight,-8.7421,291.7671,-42.8953,318.1496,139.2631,99.57,0.1211,Waxing Crescent,2022-07-24 19:27:00
2022-07-24,19:28:00,0.3029,Nautical Twilight,-8.9712,291.8217,-43.0517,318.3519,139.2706,99.57,0.1211,Waxing Crescent,2022-07-24 19:28:00
2022-07-24,19:29:00,0.28,Nautical Twilight,-9.2002,291.8768,-43.2073,318.5556,139.278,99.57,0.1211,Waxing Crescent,2022-07-24 19:29:00
2022-07-24,19:30:00,0.2571,Nautical Twilight,-9.4291,291.9323,-43.3624,318.7607,139.2855,99.57,0.121,Waxing Crescent,2022-07-24 19:30:00
2022-07-24,19:31:00,0.2342,Nautical Twilight,-9.6579,291.9883,-43.5167,318.9673,139.293,99.57,0.121,Waxing Crescent,2022-07-24 19:31:00
2022-07-24,19:32:00,0.2113,Nautical Twilight,-9.8867,292.0446,-43.6705,319.1752,139.3005,99.57,0.1209,Waxing Crescent,2022-07-24 19:32:00
2022-07-24,19:33:00,0.1885,Nautical Twilight,-10.1153,292.1014,-43.8236,319.3847,139.308,99.57,0.1209,Waxing Crescent,2022-07-24 19:33:00
2022-07-24,19:34:00,0.1656,Nautical Twilight,-10.3438,292.1586,-43.976,319.5955,139.3155,99.57,0.1208,Waxing Crescent,2022-07-24 19:34:00
2022-07-24,19:35:00,0.1428,Nautical Twilight,-10.5723,292.2162,-44.1277,319.8079,139.323,99.57,0.1208,Waxing Crescent,2022-07-24 19:35:00
2022-07-24,19:36:00,0.1199,Nautical Twilight,-10.8007,292.2742,-44.2788,320.0217,139.3305,99.57,0.1208,Waxing Crescent,2022-07-24 19:36:00
2022-07-24,19:37:00,0.0971,Nautical Twilight,-11.0289,292.3327,-44.4292,320.2369,139.338,99.58,0.1207,Waxing Crescent,2022-07-24 19:37:00
2022-07-24,19:38:00,0.0743,Nautical Twilight,-11.2571,292.3916,-44.5789,320.4537,139.3455,99.58,0.1207,Waxing Crescent,2022-07-24 19:38:00
2022-07-24,19:39:00,0.0515,Nautical Twilight,-11.4852,292.4509,-44.7279,320.6719,139.3529,99.58,0.1206,Waxing Crescent,2022-07-24 19:39:00
2022-07-24,19:40:00,0.0287,Nautical Twilight,-11.7131,292.5107,-44.8761,320.8916,139.3604,99.58,0.1206,Waxing Crescent,2022-07-24 19:40:00
2022-07-24,19:41:00,0.0059,Nautical Twilight,-11.941,292.5709,-45.0237,321.1129,139.3679,99.58,0.1205,Waxing Crescent,2022-07-24 19:41:00
2022-07-24,19:42:00,0.0058,Astronomical Twilight,-12.1688,292.6316,-45.1706,321.3356,139.3754,99.58,0.1205,Waxing Crescent,2022-07-24 19:42:00
2022-07-24,19:43:00,0.0056,Astronomical Twilight,-12.3965,292.6927,-45.3167,321.5599,139.3829,99.58,0.1205,Waxing Crescent,2022-07-24 19:43:00
2022-07-24,19:44:00,0.0054,Astronomical Twilight,-12.624,292.7542,-45.4621,321.7856,139.3904,99.58,0.1204,Waxing Crescent,2022-07-24 19:44:00
2022-07-24,19:45:00,0.0051,Astronomical Twilight,-12.8515,292.8162,-45.6068,322.0129,139.3979,99.58,0.1204,Waxing Crescent,2022-07-24 19:45:00
2022-07-24,19:46:00,0.0049,Astronomical Twilight,-13.0789,292.8787,-45.7507,322.2418,139.4054,99.58,0.1203,Waxing Crescent,2022-07-24 19:46:00
2022-07-24,19:47:00,0.0047,Astronomical Twilight,-13.3061,292.9416,-45.8938,322.4722,139.4129,99.58,0.1203,Waxing Crescent,2022-07-24 19:47:00
2022-07-24,19:48:00,0.0045,Astronomical Twilight,-13.5333,293.005,-46.0362,322.7041,139.4204,99.58,0.1202,Waxing Crescent,2022-07-24 19:48:00
2022-07-24,19:49:00,0.0042,Astronomical Twilight,-13.7603,293.0689,-46.1779,322.9376,139.4278,99.58,0.1202,Waxing Crescent,2022-07-24 19:49:00
2022-07-24,19:50:00,0.004,Astronomical Twilight,-13.9873,293.1332,-46.3187,323.1726,139.4353,99.59,0.1202,Waxing Crescent,2022-07-24 19:50:00
2022-07-24,19:51:00,0.0038,Astronomical Twilight,-14.2141,293.198,-46.4588,323.4093,139.4428,99.59,0.1201,Waxing Crescent,2022-07-24 19:51:00
2022-07-24,19:52:00,0.0036,Astronomical Twilight,-14.4408,293.2632,-46.5981,323.6475,139.4503,99.59,0.1201,Waxing Crescent,2022-07-24 19:52:00
2022-07-24,19:53:00,0.0033,Astronomical Twilight,-14.6674,293.329,-46.7365,323.8872,139.4578,99.59,0.12,Waxing Crescent,2022-07-24 19:53:00
2022-07-24,19:54:00,0.0031,Astronomical Twilight,-14.8939,293.3952,-46.8742,324.1286,139.4653,99.59,0.12,Waxing Crescent,2022-07-24 19:54:00
2022-07-24,19:55:00,0.0029,Astronomical Twilight,-15.1203,293.4619,-47.0111,324.3716,139.4728,99.59,0.12,Waxing Crescent,2022-07-24 19:55:00
2022-07-24,19:56:00,0.0027,Astronomical Twilight,-15.3466,293.5291,-47.1471,324.6161,139.4803,99.59,0.1199,Waxing Crescent,2022-07-24 19:56:00
2022-07-24,19:57:00,0.0024,Astronomical Twilight,-15.5728,293.5968,-47.2823,324.8623,139.4878,99.59,0.1199,Waxing Crescent,2022-07-24 19:57:00
2022-07-24,19:58:00,0.0022,Astronomical Twilight,-15.7988,293.665,-47.4167,325.1101,139.4952,99.59,0.1198,Waxing Crescent,2022-07-24 19:58:00
2022-07-24,19:59:00,0.002,Astronomical Twilight,-16.0247,293.7337,-47.5502,325.3594,139.5027,99.59,0.1198,Waxing Crescent,2022-07-24 19:59:00
2022-07-24,20:00:00,0.0017,Astronomical Twilight,-16.2505,293.8028,-47.6829,325.6104,139.5102,99.59,0.1197,Waxing Crescent,2022-07-24 20:00:00
