frame,cX,cY,area,minI,maxI,meanI,video,time,cX_original
42536,1073,65,16.5,124.0,179.0,252.68,D:\AprPanama2025_fixed\041125_experimental\041125PA_experimental_part03.mp4,1900-01-01 19:00:53.600,1413
42537,1073,65,26.5,111.0,179.0,247.35135135135133,D:\AprPanama2025_fixed\041125_experimental\041125PA_experimental_part03.mp4,1900-01-01 19:00:53.700,1413
42539,1073,65,25.0,115.0,179.0,250.57142857142856,D:\AprPanama2025_fixed\041125_experimental\041125PA_experimental_part03.mp4,1900-01-01 19:00:53.900,1413
42538,1073,65,26.5,111.0,179.0,247.35135135135133,D:\AprPanama2025_fixed\041125_experimental\041125PA_experimental_part03.mp4,1900-01-01 19:00:53.800,1413
42535,1073,64,11.0,114.0,179.0,252.16666666666663,D:\AprPanama2025_fixed\041125_experimental\041125PA_experimental_part03.mp4,1900-01-01 19:00:53.500,1413
42545,1072,64,22.0,115.0,179.0,241.0,D:\AprPanama2025_fixed\041125_experimental\041125PA_experimental_part03.mp4,1900-01-01 19:00:54.500,1412
42547,1071,64,16.5,122.0,179.0,240.44,D:\AprPanama2025_fixed\041125_experimental\041125PA_experimental_part03.mp4,1900-01-01 19:00:54.700,1411
42540,1073,65,23.5,111.0,179.0,248.82857142857145,D:\AprPanama2025_fixed\041125_experimental\041125PA_experimental_part03.mp4,1900-01-01 19:00:54.000,1413
42542,1072,64,23.5,127.0,179.0,243.87878787878788,D:\AprPanama2025_fixed\041125_experimental\041125PA_experimental_part03.mp4,1900-01-01 19:00:54.200,1412
42543,1072,64,23.5,127.0,179.0,243.87878787878788,D:\AprPanama2025_fixed\041125_experimental\041125PA_experimental_part03.mp4,1900-01-01 19:00:54.300,1412
42544,1072,64,24.5,111.0,179.0,240.4705882352941,D:\AprPanama2025_fixed\041125_experimental\041125PA_experimental_part03.mp4,1900-01-01 19:00:54.400,1412
42546,1071,64,15.5,134.0,179.0,252.0,D:\AprPanama2025_fixed\041125_experimental\041125PA_experimental_part03.mp4,1900-01-01 19:00:54.600,1411
42541,1072,64,25.0,113.0,179.0,241.9142857142857,D:\AprPanama2025_fixed\041125_experimental\041125PA_experimental_part03.mp4,1900-01-01 19:00:54.100,1412
42549,1071,64,12.5,118.0,179.0,244.14285714285717,D:\AprPanama2025_fixed\041125_experimental\041125PA_experimental_part03.mp4,1900-01-01 19:00:54.900,1411
42550,1071,64,14.0,118.0,179.0,241.3636363636364,D:\AprPanama2025_fixed\041125_experimental\041125PA_experimental_part03.mp4,1900-01-01 19:00:55.000,1411
42554,1070,63,9.5,112.0,175.0,237.6875,D:\AprPanama2025_fixed\041125_experimental\041125PA_experimental_part03.mp4,1900-01-01 19:00:55.400,1410
42551,1071,64,11.0,121.0,179.0,242.16666666666663,D:\AprPanama2025_fixed\041125_experimental\041125PA_experimental_part03.mp4,1900-01-01 19:00:55.100,1411
42552,1071,63,10.5,111.0,179.0,243.8333333333333,D:\AprPanama2025_fixed\041125_experimental\041125PA_experimental_part03.mp4,1900-01-01 19:00:55.200,1411
42553,1071,63,10.0,112.0,179.0,243.1764705882353,D:\AprPanama2025_fixed\041125_experimental\041125PA_experimental_part03.mp4,1900-01-01 19:00:55.300,1411
42555,1070,63,3.0,113.0,168.0,248.0,D:\AprPanama2025_fixed\041125_experimental\041125PA_experimental_part03.mp4,1900-01-01 19:00:55.500,1410
42548,1071,64,16.5,122.0,179.0,241.2,D:\AprPanama2025_fixed\041125_experimental\041125PA_experimental_part03.mp4,1900-01-01 19:00:54.800,1411
42560,1081,93,12.0,111.0,177.0,242.8421052631579,D:\AprPanama2025_fixed\041125_experimental\041125PA_experimental_part03.mp4,1900-01-01 19:00:56.000,1421
42562,1081,93,12.5,113.0,179.0,247.05,D:\AprPanama2025_fixed\041125_experimental\041125PA_experimental_part03.mp4,1900-01-01 19:00:56.200,1421
42561,1081,93,12.5,111.0,179.0,245.75,D:\AprPanama2025_fixed\041125_experimental\041125PA_experimental_part03.mp4,1900-01-01 19:00:56.100,1421
42556,1070,64,2.5,112.0,136.0,249.28571428571428,D:\AprPanama2025_fixed\041125_experimental\041125PA_experimental_part03.mp4,1900-01-01 19:00:55.600,1410
42559,1080,92,2.5,123.0,169.0,239.0,D:\AprPanama2025_fixed\041125_experimental\041125PA_experimental_part03.mp4,1900-01-01 19:00:55.900,1420
42563,1081,93,14.0,113.0,179.0,251.6818181818182,D:\AprPanama2025_fixed\041125_experimental\041125PA_experimental_part03.mp4,1900-01-01 19:00:56.300,1421
42571,1080,92,5.0,124.0,179.0,250.9,D:\AprPanama2025_fixed\041125_experimental\041125PA_experimental_part03.mp4,1900-01-01 19:00:57.100,1420
42564,1080,93,13.5,111.0,176.0,247.52380952380952,D:\AprPanama2025_fixed\041125_experimental\041125PA_experimental_part03.mp4,1900-01-01 19:00:56.400,1420
42569,1081,93,10.5,133.0,179.0,250.05882352941177,D:\AprPanama2025_fixed\041125_experimental\041125PA_experimental_part03.mp4,1900-01-01 19:00:56.900,1421
42566,1081,93,11.0,116.0,177.0,244.6111111111111,D:\AprPanama2025_fixed\041125_experimental\041125PA_experimental_part03.mp4,1900-01-01 19:00:56.600,1421
42567,1081,93,11.0,121.0,177.0,245.0,D:\AprPanama2025_fixed\041125_experimental\041125PA_experimental_part03.mp4,1900-01-01 19:00:56.700,1421
42570,1080,93,4.5,120.0,179.0,247.2222222222222,D:\AprPanama2025_fixed\041125_experimental\041125PA_experimental_part03.mp4,1900-01-01 19:00:57.000,1420
42565,1081,93,11.5,115.0,179.0,243.1052631578947,D:\AprPanama2025_fixed\041125_experimental\041125PA_experimental_part03.mp4,1900-01-01 19:00:56.500,1421
42568,1081,93,10.5,118.0,178.0,246.8823529411765,D:\AprPanama2025_fixed\041125_experimental\041125PA_experimental_part03.mp4,1900-01-01 19:00:56.800,1421
42574,1080,92,3.0,116.0,174.0,229.42857142857144,D:\AprPanama2025_fixed\041125_experimental\041125PA_experimental_part03.mp4,1900-01-01 19:00:57.400,1420
42572,1081,92,3.5,118.0,179.0,240.2222222222222,D:\AprPanama2025_fixed\041125_experimental\041125PA_experimental_part03.mp4,1900-01-01 19:00:57.200,1421
42586,1064,39,2.5,115.0,170.0,250.88888888888889,D:\AprPanama2025_fixed\041125_experimental\041125PA_experimental_part03.mp4,1900-01-01 19:00:58.600,1404
42581,1066,38,1.5,129.0,178.0,242.2,D:\AprPanama2025_fixed\041125_experimental\041125PA_experimental_part03.mp4,1900-01-01 19:00:58.100,1406
42585,1064,39,1.5,114.0,158.0,252.14285714285717,D:\AprPanama2025_fixed\041125_experimental\041125PA_experimental_part03.mp4,1900-01-01 19:00:58.500,1404
42584,1064,39,2.0,129.0,156.0,250.44444444444443,D:\AprPanama2025_fixed\041125_experimental\041125PA_experimental_part03.mp4,1900-01-01 19:00:58.400,1404
42580,1066,38,1.5,128.0,179.0,238.0,D:\AprPanama2025_fixed\041125_experimental\041125PA_experimental_part03.mp4,1900-01-01 19:00:58.000,1406
42588,1064,39,1.5,113.0,171.0,248.6,D:\AprPanama2025_fixed\041125_experimental\041125PA_experimental_part03.mp4,1900-01-01 19:00:58.800,1404
42803,1168,67,13.5,114.0,179.0,232.09523809523807,D:\AprPanama2025_fixed\041125_experimental\041125PA_experimental_part03.mp4,1900-01-01 19:01:20.300,1508
42802,1168,68,7.0,111.0,160.0,248.30769230769232,D:\AprPanama2025_fixed\041125_experimental\041125PA_experimental_part03.mp4,1900-01-01 19:01:20.200,1508
42808,1166,66,11.5,123.0,178.0,247.0,D:\AprPanama2025_fixed\041125_experimental\041125PA_experimental_part03.mp4,1900-01-01 19:01:20.800,1506
42805,1168,67,12.5,114.0,179.0,245.45,D:\AprPanama2025_fixed\041125_experimental\041125PA_experimental_part03.mp4,1900-01-01 19:01:20.500,1508
42806,1167,67,10.0,118.0,179.0,242.7058823529412,D:\AprPanama2025_fixed\041125_experimental\041125PA_experimental_part03.mp4,1900-01-01 19:01:20.600,1507
42807,1166,66,10.0,114.0,179.0,245.41176470588235,D:\AprPanama2025_fixed\041125_experimental\041125PA_experimental_part03.mp4,1900-01-01 19:01:20.700,1506
42810,1166,66,8.0,122.0,179.0,229.6,D:\AprPanama2025_fixed\041125_experimental\041125PA_experimental_part03.mp4,1900-01-01 19:01:21.000,1506
42811,1165,65,8.5,115.0,170.0,240.06666666666663,D:\AprPanama2025_fixed\041125_experimental\041125PA_experimental_part03.mp4,1900-01-01 19:01:21.100,1505
42804,1168,67,13.0,114.0,179.0,240.3809523809524,D:\AprPanama2025_fixed\041125_experimental\041125PA_experimental_part03.mp4,1900-01-01 19:01:20.400,1508
42809,1166,66,7.5,118.0,186.0,245.0,D:\AprPanama2025_fixed\041125_experimental\041125PA_experimental_part03.mp4,1900-01-01 19:01:20.900,1506
42814,1165,64,1.5,122.0,159.0,247.5,D:\AprPanama2025_fixed\041125_experimental\041125PA_experimental_part03.mp4,1900-01-01 19:01:21.400,1505
42813,1165,64,4.5,112.0,168.0,246.0,D:\AprPanama2025_fixed\041125_experimental\041125PA_experimental_part03.mp4,1900-01-01 19:01:21.300,1505
42812,1166,65,4.5,119.0,169.0,249.27272727272728,D:\AprPanama2025_fixed\041125_experimental\041125PA_experimental_part03.mp4,1900-01-01 19:01:21.200,1506
43075,1060,72,24.0,111.0,179.0,247.08823529411765,D:\AprPanama2025_fixed\041125_experimental\041125PA_experimental_part03.mp4,1900-01-01 19:01:47.500,1400
43072,1062,73,16.5,111.0,179.0,243.4,D:\AprPanama2025_fixed\041125_experimental\041125PA_experimental_part03.mp4,1900-01-01 19:01:47.200,1402
43070,1061,73,6.5,115.0,161.0,226.7692307692308,D:\AprPanama2025_fixed\041125_experimental\041125PA_experimental_part03.mp4,1900-01-01 19:01:47.000,1401
43071,1061,73,9.5,119.0,179.0,241.0625,D:\AprPanama2025_fixed\041125_experimental\041125PA_experimental_part03.mp4,1900-01-01 19:01:47.100,1401
43073,1061,73,22.0,113.0,179.0,251.6774193548387,D:\AprPanama2025_fixed\041125_experimental\041125PA_experimental_part03.mp4,1900-01-01 19:01:47.300,1401
43074,1061,73,22.5,111.0,179.0,248.9375,D:\AprPanama2025_fixed\041125_experimental\041125PA_experimental_part03.mp4,1900-01-01 19:01:47.400,1401
43081,1058,71,19.0,111.0,179.0,247.5,D:\AprPanama2025_fixed\041125_experimental\041125PA_experimental_part03.mp4,1900-01-01 19:01:48.100,1398
43082,1058,70,16.0,115.0,179.0,248.5,D:\AprPanama2025_fixed\041125_experimental\041125PA_experimental_part03.mp4,1900-01-01 19:01:48.200,1398
43079,1058,71,18.0,112.0,179.0,246.59259259259255,D:\AprPanama2025_fixed\041125_experimental\041125PA_experimental_part03.mp4,1900-01-01 19:01:47.900,1398
43078,1059,72,18.0,112.0,179.0,248.55555555555557,D:\AprPanama2025_fixed\041125_experimental\041125PA_experimental_part03.mp4,1900-01-01 19:01:47.800,1399
43080,1058,71,16.0,111.0,179.0,250.08,D:\AprPanama2025_fixed\041125_experimental\041125PA_experimental_part03.mp4,1900-01-01 19:01:48.000,1398
43076,1060,72,23.0,111.0,179.0,243.5757575757576,D:\AprPanama2025_fixed\041125_experimental\041125PA_experimental_part03.mp4,1900-01-01 19:01:47.600,1400
43083,1057,70,9.0,122.0,179.0,246.25,D:\AprPanama2025_fixed\041125_experimental\041125PA_experimental_part03.mp4,1900-01-01 19:01:48.300,1397
43077,1059,72,21.5,112.0,179.0,249.06666666666663,D:\AprPanama2025_fixed\041125_experimental\041125PA_experimental_part03.mp4,1900-01-01 19:01:47.700,1399
43084,1056,70,12.0,117.0,178.0,242.94736842105263,D:\AprPanama2025_fixed\041125_experimental\041125PA_experimental_part03.mp4,1900-01-01 19:01:48.400,1396
43086,1056,70,2.0,111.0,140.0,251.42857142857144,D:\AprPanama2025_fixed\041125_experimental\041125PA_experimental_part03.mp4,1900-01-01 19:01:48.600,1396
43085,1056,70,9.5,121.0,178.0,247.8125,D:\AprPanama2025_fixed\041125_experimental\041125PA_experimental_part03.mp4,1900-01-01 19:01:48.500,1396
43088,1054,68,2.0,140.0,168.0,255.0,D:\AprPanama2025_fixed\041125_experimental\041125PA_experimental_part03.mp4,1900-01-01 19:01:48.800,1394
43107,1054,54,2.5,126.0,170.0,230.8333333333333,D:\AprPanama2025_fixed\041125_experimental\041125PA_experimental_part03.mp4,1900-01-01 19:01:50.700,1394
43109,1053,54,1.5,138.0,149.0,254.2,D:\AprPanama2025_fixed\041125_experimental\041125PA_experimental_part03.mp4,1900-01-01 19:01:50.900,1393
43113,1052,54,2.0,118.0,173.0,238.8333333333333,D:\AprPanama2025_fixed\041125_experimental\041125PA_experimental_part03.mp4,1900-01-01 19:01:51.300,1392
43112,1052,54,1.5,152.0,169.0,237.0,D:\AprPanama2025_fixed\041125_experimental\041125PA_experimental_part03.mp4,1900-01-01 19:01:51.200,1392
43108,1054,54,2.5,126.0,170.0,230.8333333333333,D:\AprPanama2025_fixed\041125_experimental\041125PA_experimental_part03.mp4,1900-01-01 19:01:50.800,1394
43110,1053,54,3.0,141.0,176.0,237.75,D:\AprPanama2025_fixed\041125_experimental\041125PA_experimental_part03.mp4,1900-01-01 19:01:51.000,1393
43111,1052,54,1.5,152.0,169.0,237.0,D:\AprPanama2025_fixed\041125_experimental\041125PA_experimental_part03.mp4,1900-01-01 19:01:51.100,1392
43319,962,46,10.0,111.0,179.0,248.8823529411765,D:\AprPanama2025_fixed\041125_experimental\041125PA_experimental_part03.mp4,1900-01-01 19:02:11.900,1302
43321,962,45,20.5,119.0,179.0,247.9333333333333,D:\AprPanama2025_fixed\041125_experimental\041125PA_experimental_part03.mp4,1900-01-01 19:02:12.100,1302
43323,961,45,18.0,113.0,179.0,247.35714285714283,D:\AprPanama2025_fixed\041125_experimental\041125PA_experimental_part03.mp4,1900-01-01 19:02:12.300,1301
43322,961,45,17.5,130.0,179.0,252.37037037037035,D:\AprPanama2025_fixed\041125_experimental\041125PA_experimental_part03.mp4,1900-01-01 19:02:12.200,1301
43320,962,45,20.0,111.0,179.0,247.3448275862069,D:\AprPanama2025_fixed\041125_experimental\041125PA_experimental_part03.mp4,1900-01-01 19:02:12.000,1302
43324,961,45,18.0,113.0,179.0,241.35714285714283,D:\AprPanama2025_fixed\041125_experimental\041125PA_experimental_part03.mp4,1900-01-01 19:02:12.400,1301
43328,961,45,13.5,116.0,179.0,243.3181818181818,D:\AprPanama2025_fixed\041125_experimental\041125PA_experimental_part03.mp4,1900-01-01 19:02:12.800,1301
43329,961,45,9.0,116.0,179.0,247.41176470588235,D:\AprPanama2025_fixed\041125_experimental\041125PA_experimental_part03.mp4,1900-01-01 19:02:12.900,1301
43326,961,44,17.0,114.0,179.0,241.5769230769231,D:\AprPanama2025_fixed\041125_experimental\041125PA_experimental_part03.mp4,1900-01-01 19:02:12.600,1301
43327,961,45,15.5,111.0,179.0,244.76,D:\AprPanama2025_fixed\041125_experimental\041125PA_experimental_part03.mp4,1900-01-01 19:02:12.700,1301
43325,961,45,17.5,89.0,178.0,242.88888888888889,D:\AprPanama2025_fixed\041125_experimental\041125PA_experimental_part03.mp4,1900-01-01 19:02:12.500,1301
43325,962,43,2.0,89.0,178.0,214.6,D:\AprPanama2025_fixed\041125_experimental\041125PA_experimental_part03.mp4,1900-01-01 19:02:12.500,1302
43330,961,44,6.5,114.0,175.0,253.92857142857144,D:\AprPanama2025_fixed\041125_experimental\041125PA_experimental_part03.mp4,1900-01-01 19:02:13.000,1301
43331,960,44,6.5,114.0,163.0,248.92307692307693,D:\AprPanama2025_fixed\041125_experimental\041125PA_experimental_part03.mp4,1900-01-01 19:02:13.100,1300
43335,960,42,2.0,117.0,146.0,251.5,D:\AprPanama2025_fixed\041125_experimental\041125PA_experimental_part03.mp4,1900-01-01 19:02:13.500,1300
43332,960,43,2.5,111.0,156.0,251.14285714285717,D:\AprPanama2025_fixed\041125_experimental\041125PA_experimental_part03.mp4,1900-01-01 19:02:13.200,1300
43333,960,44,2.5,124.0,161.0,255.0,D:\AprPanama2025_fixed\041125_experimental\041125PA_experimental_part03.mp4,1900-01-01 19:02:13.300,1300
43334,960,43,2.0,114.0,145.0,254.5,D:\AprPanama2025_fixed\041125_experimental\041125PA_experimental_part03.mp4,1900-01-01 19:02:13.400,1300
43355,959,42,2.5,132.0,168.0,248.375,D:\AprPanama2025_fixed\041125_experimental\041125PA_experimental_part03.mp4,1900-01-01 19:02:15.500,1299
43354,960,42,1.5,126.0,165.0,230.7142857142857,D:\AprPanama2025_fixed\041125_experimental\041125PA_experimental_part03.mp4,1900-01-01 19:02:15.400,1300
43361,959,42,2.5,132.0,183.0,250.125,D:\AprPanama2025_fixed\041125_experimental\041125PA_experimental_part03.mp4,1900-01-01 19:02:16.100,1299
43362,959,42,2.5,124.0,183.0,216.0,D:\AprPanama2025_fixed\041125_experimental\041125PA_experimental_part03.mp4,1900-01-01 19:02:16.200,1299
43357,959,42,2.5,136.0,172.0,252.0,D:\AprPanama2025_fixed\041125_experimental\041125PA_experimental_part03.mp4,1900-01-01 19:02:15.700,1299
43358,959,42,2.5,136.0,170.0,253.5,D:\AprPanama2025_fixed\041125_experimental\041125PA_experimental_part03.mp4,1900-01-01 19:02:15.800,1299
43356,959,42,2.5,136.0,166.0,254.875,D:\AprPanama2025_fixed\041125_experimental\041125PA_experimental_part03.mp4,1900-01-01 19:02:15.600,1299
43363,958,42,1.5,117.0,173.0,230.7142857142857,D:\AprPanama2025_fixed\041125_experimental\041125PA_experimental_part03.mp4,1900-01-01 19:02:16.300,1298
43359,959,42,3.0,135.0,176.0,252.0,D:\AprPanama2025_fixed\041125_experimental\041125PA_experimental_part03.mp4,1900-01-01 19:02:15.900,1299
43651,1075,71,9.0,115.0,177.0,241.25,D:\AprPanama2025_fixed\041125_experimental\041125PA_experimental_part03.mp4,1900-01-01 19:02:45.100,1415
43654,1074,72,18.0,115.0,179.0,250.03846153846155,D:\AprPanama2025_fixed\041125_experimental\041125PA_experimental_part03.mp4,1900-01-01 19:02:45.400,1414
43653,1074,72,22.5,113.0,179.0,237.28125,D:\AprPanama2025_fixed\041125_experimental\041125PA_experimental_part03.mp4,1900-01-01 19:02:45.300,1414
43657,1072,73,13.0,112.0,179.0,247.8636363636364,D:\AprPanama2025_fixed\041125_experimental\041125PA_experimental_part03.mp4,1900-01-01 19:02:45.700,1412
43655,1073,72,18.0,112.0,178.0,245.37037037037035,D:\AprPanama2025_fixed\041125_experimental\041125PA_experimental_part03.mp4,1900-01-01 19:02:45.500,1413
43658,1072,73,12.5,111.0,173.0,249.05,D:\AprPanama2025_fixed\041125_experimental\041125PA_experimental_part03.mp4,1900-01-01 19:02:45.800,1412
43656,1073,72,14.5,109.0,179.0,247.78260869565216,D:\AprPanama2025_fixed\041125_experimental\041125PA_experimental_part03.mp4,1900-01-01 19:02:45.600,1413
43656,1073,70,2.0,109.0,175.0,237.6,D:\AprPanama2025_fixed\041125_experimental\041125PA_experimental_part03.mp4,1900-01-01 19:02:45.600,1413
43652,1075,72,14.5,117.0,180.0,244.95454545454547,D:\AprPanama2025_fixed\041125_experimental\041125PA_experimental_part03.mp4,1900-01-01 19:02:45.200,1415
43659,1072,73,12.5,111.0,173.0,249.05,D:\AprPanama2025_fixed\041125_experimental\041125PA_experimental_part03.mp4,1900-01-01 19:02:45.900,1412
43662,1071,73,7.0,113.0,176.0,244.92307692307693,D:\AprPanama2025_fixed\041125_experimental\041125PA_experimental_part03.mp4,1900-01-01 19:02:46.200,1411
43661,1071,73,7.5,114.0,179.0,247.57142857142856,D:\AprPanama2025_fixed\041125_experimental\041125PA_experimental_part03.mp4,1900-01-01 19:02:46.100,1411
43664,1068,72,3.0,111.0,173.0,247.0,D:\AprPanama2025_fixed\041125_experimental\041125PA_experimental_part03.mp4,1900-01-01 19:02:46.400,1408
43663,1070,73,5.0,121.0,178.0,253.0,D:\AprPanama2025_fixed\041125_experimental\041125PA_experimental_part03.mp4,1900-01-01 19:02:46.300,1410
43660,1071,73,5.0,135.0,171.0,254.54545454545456,D:\AprPanama2025_fixed\041125_experimental\041125PA_experimental_part03.mp4,1900-01-01 19:02:46.000,1411
43683,1045,108,1.5,121.0,167.0,223.375,D:\AprPanama2025_fixed\041125_experimental\041125PA_experimental_part03.mp4,1900-01-01 19:02:48.300,1385
43689,1045,109,13.0,111.0,178.0,249.28571428571428,D:\AprPanama2025_fixed\041125_experimental\041125PA_experimental_part03.mp4,1900-01-01 19:02:48.900,1385
43690,1044,109,13.5,114.0,178.0,245.3809523809524,D:\AprPanama2025_fixed\041125_experimental\041125PA_experimental_part03.mp4,1900-01-01 19:02:49.000,1384
43691,1044,110,12.0,111.0,179.0,239.2631578947368,D:\AprPanama2025_fixed\041125_experimental\041125PA_experimental_part03.mp4,1900-01-01 19:02:49.100,1384
43684,1046,107,7.0,126.0,179.0,246.46666666666667,D:\AprPanama2025_fixed\041125_experimental\041125PA_experimental_part03.mp4,1900-01-01 19:02:48.400,1386
43686,1046,109,18.0,123.0,179.0,236.7037037037037,D:\AprPanama2025_fixed\041125_experimental\041125PA_experimental_part03.mp4,1900-01-01 19:02:48.600,1386
43688,1045,109,12.0,111.0,179.0,247.3,D:\AprPanama2025_fixed\041125_experimental\041125PA_experimental_part03.mp4,1900-01-01 19:02:48.800,1385
43685,1046,108,15.0,110.0,179.0,247.78260869565216,D:\AprPanama2025_fixed\041125_experimental\041125PA_experimental_part03.mp4,1900-01-01 19:02:48.500,1386
43685,1046,109,2.0,110.0,176.0,244.8,D:\AprPanama2025_fixed\041125_experimental\041125PA_experimental_part03.mp4,1900-01-01 19:02:48.500,1386
43687,1045,109,15.0,114.0,179.0,248.17391304347825,D:\AprPanama2025_fixed\041125_experimental\041125PA_experimental_part03.mp4,1900-01-01 19:02:48.700,1385
43694,1044,110,6.0,121.0,181.0,245.7692307692308,D:\AprPanama2025_fixed\041125_experimental\041125PA_experimental_part03.mp4,1900-01-01 19:02:49.400,1384
43695,1043,110,9.5,113.0,179.0,243.3333333333333,D:\AprPanama2025_fixed\041125_experimental\041125PA_experimental_part03.mp4,1900-01-01 19:02:49.500,1383
43693,1043,110,7.5,117.0,179.0,249.0,D:\AprPanama2025_fixed\041125_experimental\041125PA_experimental_part03.mp4,1900-01-01 19:02:49.300,1383
43692,1044,110,9.5,123.0,177.0,248.2941176470588,D:\AprPanama2025_fixed\041125_experimental\041125PA_experimental_part03.mp4,1900-01-01 19:02:49.200,1384
43697,1043,111,7.5,112.0,179.0,251.5,D:\AprPanama2025_fixed\041125_experimental\041125PA_experimental_part03.mp4,1900-01-01 19:02:49.700,1383
43696,1043,110,3.0,113.0,158.0,251.57142857142856,D:\AprPanama2025_fixed\041125_experimental\041125PA_experimental_part03.mp4,1900-01-01 19:02:49.600,1383
43706,1053,80,4.5,117.0,180.0,241.5,D:\AprPanama2025_fixed\041125_experimental\041125PA_experimental_part03.mp4,1900-01-01 19:02:50.600,1393
43703,1053,80,3.0,112.0,142.0,252.0,D:\AprPanama2025_fixed\041125_experimental\041125PA_experimental_part03.mp4,1900-01-01 19:02:50.300,1393
43705,1052,80,5.5,126.0,179.0,243.8181818181818,D:\AprPanama2025_fixed\041125_experimental\041125PA_experimental_part03.mp4,1900-01-01 19:02:50.500,1392
43707,1051,81,6.5,21.0,173.0,239.46153846153848,D:\AprPanama2025_fixed\041125_experimental\041125PA_experimental_part03.mp4,1900-01-01 19:02:50.700,1391
43707,1052,81,2.0,21.0,159.0,233.8,D:\AprPanama2025_fixed\041125_experimental\041125PA_experimental_part03.mp4,1900-01-01 19:02:50.700,1392
43713,1049,82,3.0,127.0,174.0,247.625,D:\AprPanama2025_fixed\041125_experimental\041125PA_experimental_part03.mp4,1900-01-01 19:02:51.300,1389
43710,1050,82,5.5,114.0,170.0,226.91666666666663,D:\AprPanama2025_fixed\041125_experimental\041125PA_experimental_part03.mp4,1900-01-01 19:02:51.000,1390
43711,1050,82,2.5,131.0,184.0,245.5,D:\AprPanama2025_fixed\041125_experimental\041125PA_experimental_part03.mp4,1900-01-01 19:02:51.100,1390
43712,1049,82,3.5,137.0,176.0,225.66666666666663,D:\AprPanama2025_fixed\041125_experimental\041125PA_experimental_part03.mp4,1900-01-01 19:02:51.200,1389
43709,1051,81,8.0,112.0,174.0,239.0,D:\AprPanama2025_fixed\041125_experimental\041125PA_experimental_part03.mp4,1900-01-01 19:02:50.900,1391
43714,1048,82,1.5,137.0,174.0,251.6,D:\AprPanama2025_fixed\041125_experimental\041125PA_experimental_part03.mp4,1900-01-01 19:02:51.400,1388
43708,1051,82,7.5,118.0,172.0,252.5,D:\AprPanama2025_fixed\041125_experimental\041125PA_experimental_part03.mp4,1900-01-01 19:02:50.800,1391
43910,1107,73,4.5,116.0,165.0,186.0833333333333,D:\AprPanama2025_fixed\041125_experimental\041125PA_experimental_part03.mp4,1900-01-01 19:03:11.000,1447
43913,1106,74,18.0,116.0,179.0,252.1111111111111,D:\AprPanama2025_fixed\041125_experimental\041125PA_experimental_part03.mp4,1900-01-01 19:03:11.300,1446
43915,1106,74,21.5,121.0,179.0,245.4516129032258,D:\AprPanama2025_fixed\041125_experimental\041125PA_experimental_part03.mp4,1900-01-01 19:03:11.500,1446
43911,1107,74,15.0,130.0,176.0,249.7391304347826,D:\AprPanama2025_fixed\041125_experimental\041125PA_experimental_part03.mp4,1900-01-01 19:03:11.100,1447
43914,1106,74,21.5,120.0,179.0,247.2258064516129,D:\AprPanama2025_fixed\041125_experimental\041125PA_experimental_part03.mp4,1900-01-01 19:03:11.400,1446
43912,1107,74,18.5,114.0,181.0,250.3333333333333,D:\AprPanama2025_fixed\041125_experimental\041125PA_experimental_part03.mp4,1900-01-01 19:03:11.200,1447
43919,1105,73,13.0,112.0,179.0,249.8095238095238,D:\AprPanama2025_fixed\041125_experimental\041125PA_experimental_part03.mp4,1900-01-01 19:03:11.900,1445
43918,1105,74,19.0,117.0,179.0,249.9642857142857,D:\AprPanama2025_fixed\041125_experimental\041125PA_experimental_part03.mp4,1900-01-01 19:03:11.800,1445
43920,1104,73,14.5,111.0,178.0,241.0,D:\AprPanama2025_fixed\041125_experimental\041125PA_experimental_part03.mp4,1900-01-01 19:03:12.000,1444
43921,1104,73,16.5,125.0,179.0,233.4,D:\AprPanama2025_fixed\041125_experimental\041125PA_experimental_part03.mp4,1900-01-01 19:03:12.100,1444
43923,1103,73,13.5,114.0,179.0,252.52380952380952,D:\AprPanama2025_fixed\041125_experimental\041125PA_experimental_part03.mp4,1900-01-01 19:03:12.300,1443
43917,1105,74,20.0,117.0,179.0,240.5862068965517,D:\AprPanama2025_fixed\041125_experimental\041125PA_experimental_part03.mp4,1900-01-01 19:03:11.700,1445
43916,1106,74,21.0,111.0,180.0,242.1,D:\AprPanama2025_fixed\041125_experimental\041125PA_experimental_part03.mp4,1900-01-01 19:03:11.600,1446
43922,1103,73,13.5,126.0,179.0,252.0,D:\AprPanama2025_fixed\041125_experimental\041125PA_experimental_part03.mp4,1900-01-01 19:03:12.200,1443
43925,1103,71,5.5,114.0,176.0,251.23076923076923,D:\AprPanama2025_fixed\041125_experimental\041125PA_experimental_part03.mp4,1900-01-01 19:03:12.500,1443
43926,1102,71,3.5,111.0,149.0,254.88888888888889,D:\AprPanama2025_fixed\041125_experimental\041125PA_experimental_part03.mp4,1900-01-01 19:03:12.600,1442
43927,1100,71,2.0,114.0,152.0,245.3333333333333,D:\AprPanama2025_fixed\041125_experimental\041125PA_experimental_part03.mp4,1900-01-01 19:03:12.700,1440
43924,1103,72,10.0,125.0,179.0,248.35294117647055,D:\AprPanama2025_fixed\041125_experimental\041125PA_experimental_part03.mp4,1900-01-01 19:03:12.400,1443
43931,1085,117,5.5,118.0,169.0,251.1818181818182,D:\AprPanama2025_fixed\041125_experimental\041125PA_experimental_part03.mp4,1900-01-01 19:03:13.100,1425
43935,1084,117,20.5,116.0,179.0,251.3793103448276,D:\AprPanama2025_fixed\041125_experimental\041125PA_experimental_part03.mp4,1900-01-01 19:03:13.500,1424
43934,1085,117,19.0,113.0,179.0,249.5,D:\AprPanama2025_fixed\041125_experimental\041125PA_experimental_part03.mp4,1900-01-01 19:03:13.400,1425
43939,1084,116,18.5,114.0,179.0,242.48148148148147,D:\AprPanama2025_fixed\041125_experimental\041125PA_experimental_part03.mp4,1900-01-01 19:03:13.900,1424
43937,1084,116,21.5,117.0,179.0,248.38709677419357,D:\AprPanama2025_fixed\041125_experimental\041125PA_experimental_part03.mp4,1900-01-01 19:03:13.700,1424
43933,1085,117,18.0,120.0,179.0,241.4074074074074,D:\AprPanama2025_fixed\041125_experimental\041125PA_experimental_part03.mp4,1900-01-01 19:03:13.300,1425
43938,1084,116,21.0,112.0,178.0,245.4333333333333,D:\AprPanama2025_fixed\041125_experimental\041125PA_experimental_part03.mp4,1900-01-01 19:03:13.800,1424
43936,1084,117,22.0,111.0,179.0,252.03225806451613,D:\AprPanama2025_fixed\041125_experimental\041125PA_experimental_part03.mp4,1900-01-01 19:03:13.600,1424
43932,1085,117,9.5,118.0,178.0,247.2941176470588,D:\AprPanama2025_fixed\041125_experimental\041125PA_experimental_part03.mp4,1900-01-01 19:03:13.200,1425
43944,1082,114,7.0,111.0,178.0,247.5,D:\AprPanama2025_fixed\041125_experimental\041125PA_experimental_part03.mp4,1900-01-01 19:03:14.400,1422
43943,1083,114,12.5,122.0,178.0,249.15,D:\AprPanama2025_fixed\041125_experimental\041125PA_experimental_part03.mp4,1900-01-01 19:03:14.300,1423
43945,1082,114,8.5,116.0,177.0,248.86666666666667,D:\AprPanama2025_fixed\041125_experimental\041125PA_experimental_part03.mp4,1900-01-01 19:03:14.500,1422
43941,1084,115,14.0,114.0,179.0,243.95454545454547,D:\AprPanama2025_fixed\041125_experimental\041125PA_experimental_part03.mp4,1900-01-01 19:03:14.100,1424
43942,1083,115,12.0,111.0,179.0,249.4,D:\AprPanama2025_fixed\041125_experimental\041125PA_experimental_part03.mp4,1900-01-01 19:03:14.200,1423
43940,1084,115,14.0,142.0,179.0,245.72727272727275,D:\AprPanama2025_fixed\041125_experimental\041125PA_experimental_part03.mp4,1900-01-01 19:03:14.000,1424
43946,1081,114,2.0,111.0,165.0,246.375,D:\AprPanama2025_fixed\041125_experimental\041125PA_experimental_part03.mp4,1900-01-01 19:03:14.600,1421
43954,1093,70,3.0,129.0,179.0,245.88888888888889,D:\AprPanama2025_fixed\041125_experimental\041125PA_experimental_part03.mp4,1900-01-01 19:03:15.400,1433
43955,1093,70,1.5,117.0,169.0,253.28571428571428,D:\AprPanama2025_fixed\041125_experimental\041125PA_experimental_part03.mp4,1900-01-01 19:03:15.500,1433
43959,1091,70,3.0,132.0,168.0,250.66666666666663,D:\AprPanama2025_fixed\041125_experimental\041125PA_experimental_part03.mp4,1900-01-01 19:03:15.900,1431
43963,1089,70,2.5,123.0,166.0,246.85714285714283,D:\AprPanama2025_fixed\041125_experimental\041125PA_experimental_part03.mp4,1900-01-01 19:03:16.300,1429
43957,1091,70,3.0,127.0,174.0,244.625,D:\AprPanama2025_fixed\041125_experimental\041125PA_experimental_part03.mp4,1900-01-01 19:03:15.700,1431
43958,1092,70,4.0,125.0,177.0,233.6,D:\AprPanama2025_fixed\041125_experimental\041125PA_experimental_part03.mp4,1900-01-01 19:03:15.800,1432
43956,1092,70,3.0,114.0,178.0,246.77777777777777,D:\AprPanama2025_fixed\041125_experimental\041125PA_experimental_part03.mp4,1900-01-01 19:03:15.600,1432
43960,1091,70,3.0,116.0,178.0,237.375,D:\AprPanama2025_fixed\041125_experimental\041125PA_experimental_part03.mp4,1900-01-01 19:03:16.000,1431
43961,1090,70,2.0,115.0,168.0,243.8333333333333,D:\AprPanama2025_fixed\041125_experimental\041125PA_experimental_part03.mp4,1900-01-01 19:03:16.100,1430
43962,1089,71,4.5,128.0,172.0,201.1,D:\AprPanama2025_fixed\041125_experimental\041125PA_experimental_part03.mp4,1900-01-01 19:03:16.200,1429
43964,1088,70,3.0,119.0,171.0,216.0,D:\AprPanama2025_fixed\041125_experimental\041125PA_experimental_part03.mp4,1900-01-01 19:03:16.400,1428
44457,1138,146,2.5,111.0,152.0,247.42857142857144,D:\AprPanama2025_fixed\041125_experimental\041125PA_experimental_part03.mp4,1900-01-01 19:04:05.700,1478
44454,1139,147,8.5,112.0,165.0,226.6,D:\AprPanama2025_fixed\041125_experimental\041125PA_experimental_part03.mp4,1900-01-01 19:04:05.400,1479
44453,1139,147,10.5,114.0,178.0,237.44444444444443,D:\AprPanama2025_fixed\041125_experimental\041125PA_experimental_part03.mp4,1900-01-01 19:04:05.300,1479
44456,1138,147,5.0,115.0,175.0,227.23076923076923,D:\AprPanama2025_fixed\041125_experimental\041125PA_experimental_part03.mp4,1900-01-01 19:04:05.600,1478
44455,1139,147,4.5,111.0,176.0,246.9090909090909,D:\AprPanama2025_fixed\041125_experimental\041125PA_experimental_part03.mp4,1900-01-01 19:04:05.500,1479
44452,1140,147,3.5,123.0,162.0,252.0,D:\AprPanama2025_fixed\041125_experimental\041125PA_experimental_part03.mp4,1900-01-01 19:04:05.200,1480
44483,1209,72,12.0,111.0,178.0,243.3684210526316,D:\AprPanama2025_fixed\041125_experimental\041125PA_experimental_part03.mp4,1900-01-01 19:04:08.300,1549
44486,1209,75,25.0,112.0,179.0,240.57142857142856,D:\AprPanama2025_fixed\041125_experimental\041125PA_experimental_part03.mp4,1900-01-01 19:04:08.600,1549
44489,1209,75,21.5,112.0,179.0,239.0967741935484,D:\AprPanama2025_fixed\041125_experimental\041125PA_experimental_part03.mp4,1900-01-01 19:04:08.900,1549
44488,1209,76,21.5,127.0,179.0,240.29032258064515,D:\AprPanama2025_fixed\041125_experimental\041125PA_experimental_part03.mp4,1900-01-01 19:04:08.800,1549
44487,1209,75,25.0,112.0,179.0,242.4,D:\AprPanama2025_fixed\041125_experimental\041125PA_experimental_part03.mp4,1900-01-01 19:04:08.700,1549
44491,1209,75,13.5,125.0,179.0,246.54545454545456,D:\AprPanama2025_fixed\041125_experimental\041125PA_experimental_part03.mp4,1900-01-01 19:04:09.100,1549
44485,1209,75,25.0,112.0,179.0,239.14285714285717,D:\AprPanama2025_fixed\041125_experimental\041125PA_experimental_part03.mp4,1900-01-01 19:04:08.500,1549
44485,1258,78,13.5,121.0,177.0,247.9523809523809,D:\AprPanama2025_fixed\041125_experimental\041125PA_experimental_part03.mp4,1900-01-01 19:04:08.500,1598
44484,1259,77,7.0,117.0,172.0,245.2142857142857,D:\AprPanama2025_fixed\041125_experimental\041125PA_experimental_part03.mp4,1900-01-01 19:04:08.400,1599
44484,1209,75,22.0,112.0,179.0,244.83870967741936,D:\AprPanama2025_fixed\041125_experimental\041125PA_experimental_part03.mp4,1900-01-01 19:04:08.400,1549
44490,1209,75,16.5,116.0,179.0,247.04,D:\AprPanama2025_fixed\041125_experimental\041125PA_experimental_part03.mp4,1900-01-01 19:04:09.000,1549
44490,1260,78,4.5,121.0,170.0,251.5,D:\AprPanama2025_fixed\041125_experimental\041125PA_experimental_part03.mp4,1900-01-01 19:04:09.000,1600
44495,1208,75,10.5,111.0,178.0,222.1111111111111,D:\AprPanama2025_fixed\041125_experimental\041125PA_experimental_part03.mp4,1900-01-01 19:04:09.500,1548
44499,1208,75,7.0,115.0,173.0,200.57142857142856,D:\AprPanama2025_fixed\041125_experimental\041125PA_experimental_part03.mp4,1900-01-01 19:04:09.900,1548
44494,1209,75,10.5,120.0,173.0,227.8333333333333,D:\AprPanama2025_fixed\041125_experimental\041125PA_experimental_part03.mp4,1900-01-01 19:04:09.400,1549
44492,1209,75,14.5,123.0,179.0,248.08695652173915,D:\AprPanama2025_fixed\041125_experimental\041125PA_experimental_part03.mp4,1900-01-01 19:04:09.200,1549
44496,1208,75,10.5,119.0,179.0,210.05263157894737,D:\AprPanama2025_fixed\041125_experimental\041125PA_experimental_part03.mp4,1900-01-01 19:04:09.600,1548
44498,1209,75,7.0,111.0,176.0,216.2142857142857,D:\AprPanama2025_fixed\041125_experimental\041125PA_experimental_part03.mp4,1900-01-01 19:04:09.800,1549
44493,1209,75,14.0,120.0,179.0,230.5,D:\AprPanama2025_fixed\041125_experimental\041125PA_experimental_part03.mp4,1900-01-01 19:04:09.300,1549
44497,1208,75,9.5,120.0,179.0,212.76470588235293,D:\AprPanama2025_fixed\041125_experimental\041125PA_experimental_part03.mp4,1900-01-01 19:04:09.700,1548
44511,1209,126,18.0,111.0,179.0,245.0,D:\AprPanama2025_fixed\041125_experimental\041125PA_experimental_part03.mp4,1900-01-01 19:04:11.100,1549
44510,1209,126,18.0,125.0,179.0,247.42307692307693,D:\AprPanama2025_fixed\041125_experimental\041125PA_experimental_part03.mp4,1900-01-01 19:04:11.000,1549
44509,1209,126,18.0,121.0,184.0,227.2222222222222,D:\AprPanama2025_fixed\041125_experimental\041125PA_experimental_part03.mp4,1900-01-01 19:04:10.900,1549
44515,1209,125,11.5,114.0,182.0,238.0526315789473,D:\AprPanama2025_fixed\041125_experimental\041125PA_experimental_part03.mp4,1900-01-01 19:04:11.500,1549
44514,1208,125,12.0,130.0,178.0,249.57894736842104,D:\AprPanama2025_fixed\041125_experimental\041125PA_experimental_part03.mp4,1900-01-01 19:04:11.400,1548
44512,1209,126,16.0,111.0,179.0,246.79166666666663,D:\AprPanama2025_fixed\041125_experimental\041125PA_experimental_part03.mp4,1900-01-01 19:04:11.200,1549
44513,1209,126,14.5,111.0,179.0,250.27272727272728,D:\AprPanama2025_fixed\041125_experimental\041125PA_experimental_part03.mp4,1900-01-01 19:04:11.300,1549
44520,1209,124,2.0,113.0,167.0,240.8333333333333,D:\AprPanama2025_fixed\041125_experimental\041125PA_experimental_part03.mp4,1900-01-01 19:04:12.000,1549
44517,1209,125,7.0,127.0,179.0,243.92857142857144,D:\AprPanama2025_fixed\041125_experimental\041125PA_experimental_part03.mp4,1900-01-01 19:04:11.700,1549
44519,1209,124,4.0,115.0,172.0,235.0,D:\AprPanama2025_fixed\041125_experimental\041125PA_experimental_part03.mp4,1900-01-01 19:04:11.900,1549
44522,1210,124,1.5,121.0,168.0,238.4,D:\AprPanama2025_fixed\041125_experimental\041125PA_experimental_part03.mp4,1900-01-01 19:04:12.200,1550
44518,1209,125,6.0,115.0,178.0,249.25,D:\AprPanama2025_fixed\041125_experimental\041125PA_experimental_part03.mp4,1900-01-01 19:04:11.800,1549
44521,1210,124,1.5,121.0,168.0,238.4,D:\AprPanama2025_fixed\041125_experimental\041125PA_experimental_part03.mp4,1900-01-01 19:04:12.100,1550
44516,1209,125,9.0,113.0,182.0,252.0625,D:\AprPanama2025_fixed\041125_experimental\041125PA_experimental_part03.mp4,1900-01-01 19:04:11.600,1549
44531,1212,114,3.5,114.0,175.0,232.0,D:\AprPanama2025_fixed\041125_experimental\041125PA_experimental_part03.mp4,1900-01-01 19:04:13.100,1552
44537,1210,115,1.5,141.0,172.0,247.5,D:\AprPanama2025_fixed\041125_experimental\041125PA_experimental_part03.mp4,1900-01-01 19:04:13.700,1550
44535,1211,115,6.5,118.0,178.0,240.3333333333333,D:\AprPanama2025_fixed\041125_experimental\041125PA_experimental_part03.mp4,1900-01-01 19:04:13.500,1551
44536,1210,115,1.5,143.0,172.0,243.66666666666663,D:\AprPanama2025_fixed\041125_experimental\041125PA_experimental_part03.mp4,1900-01-01 19:04:13.600,1550
44534,1211,115,7.5,111.0,178.0,241.06666666666663,D:\AprPanama2025_fixed\041125_experimental\041125PA_experimental_part03.mp4,1900-01-01 19:04:13.400,1551
44538,1211,115,4.5,129.0,172.0,249.9090909090909,D:\AprPanama2025_fixed\041125_experimental\041125PA_experimental_part03.mp4,1900-01-01 19:04:13.800,1551
44539,1211,115,4.5,118.0,168.0,253.1,D:\AprPanama2025_fixed\041125_experimental\041125PA_experimental_part03.mp4,1900-01-01 19:04:13.900,1551
44532,1211,115,7.5,133.0,179.0,249.42857142857144,D:\AprPanama2025_fixed\041125_experimental\041125PA_experimental_part03.mp4,1900-01-01 19:04:13.200,1551
44533,1211,114,7.0,118.0,176.0,244.84615384615387,D:\AprPanama2025_fixed\041125_experimental\041125PA_experimental_part03.mp4,1900-01-01 19:04:13.300,1551
44543,1211,116,2.0,118.0,157.0,254.28571428571428,D:\AprPanama2025_fixed\041125_experimental\041125PA_experimental_part03.mp4,1900-01-01 19:04:14.300,1551
44542,1211,116,2.0,115.0,163.0,253.42857142857144,D:\AprPanama2025_fixed\041125_experimental\041125PA_experimental_part03.mp4,1900-01-01 19:04:14.200,1551
44540,1211,116,6.0,115.0,172.0,241.5,D:\AprPanama2025_fixed\041125_experimental\041125PA_experimental_part03.mp4,1900-01-01 19:04:14.000,1551
44541,1211,116,3.5,111.0,166.0,226.88888888888889,D:\AprPanama2025_fixed\041125_experimental\041125PA_experimental_part03.mp4,1900-01-01 19:04:14.100,1551
44568,1027,46,4.0,130.0,165.0,249.55555555555557,D:\AprPanama2025_fixed\041125_experimental\041125PA_experimental_part03.mp4,1900-01-01 19:04:16.800,1367
44567,1028,47,5.5,121.0,176.0,253.1818181818182,D:\AprPanama2025_fixed\041125_experimental\041125PA_experimental_part03.mp4,1900-01-01 19:04:16.700,1368
44678,1048,109,14.5,114.0,179.0,242.4782608695652,D:\AprPanama2025_fixed\041125_experimental\041125PA_experimental_part03.mp4,1900-01-01 19:04:27.800,1388
44680,1048,109,16.0,128.0,179.0,242.3333333333333,D:\AprPanama2025_fixed\041125_experimental\041125PA_experimental_part03.mp4,1900-01-01 19:04:28.000,1388
44679,1048,109,15.0,125.0,179.0,240.4782608695652,D:\AprPanama2025_fixed\041125_experimental\041125PA_experimental_part03.mp4,1900-01-01 19:04:27.900,1388
44677,1049,108,5.0,117.0,175.0,241.72727272727275,D:\AprPanama2025_fixed\041125_experimental\041125PA_experimental_part03.mp4,1900-01-01 19:04:27.700,1389
44682,1048,110,18.5,122.0,178.0,245.7037037037037,D:\AprPanama2025_fixed\041125_experimental\041125PA_experimental_part03.mp4,1900-01-01 19:04:28.200,1388
44681,1048,110,15.0,116.0,179.0,244.17391304347825,D:\AprPanama2025_fixed\041125_experimental\041125PA_experimental_part03.mp4,1900-01-01 19:04:28.100,1388
44683,1048,111,14.0,112.0,177.0,242.95454545454547,D:\AprPanama2025_fixed\041125_experimental\041125PA_experimental_part03.mp4,1900-01-01 19:04:28.300,1388
44687,1047,112,9.5,113.0,178.0,235.8125,D:\AprPanama2025_fixed\041125_experimental\041125PA_experimental_part03.mp4,1900-01-01 19:04:28.700,1387
44688,1047,112,7.0,119.0,176.0,206.85714285714283,D:\AprPanama2025_fixed\041125_experimental\041125PA_experimental_part03.mp4,1900-01-01 19:04:28.800,1387
44690,1047,112,3.5,112.0,179.0,209.66666666666663,D:\AprPanama2025_fixed\041125_experimental\041125PA_experimental_part03.mp4,1900-01-01 19:04:29.000,1387
44685,1048,111,8.5,113.0,179.0,247.0,D:\AprPanama2025_fixed\041125_experimental\041125PA_experimental_part03.mp4,1900-01-01 19:04:28.500,1388
44691,1047,113,1.5,119.0,151.0,249.28571428571428,D:\AprPanama2025_fixed\041125_experimental\041125PA_experimental_part03.mp4,1900-01-01 19:04:29.100,1387
44686,1047,112,7.5,111.0,179.0,245.7142857142857,D:\AprPanama2025_fixed\041125_experimental\041125PA_experimental_part03.mp4,1900-01-01 19:04:28.600,1387
44689,1047,112,5.5,114.0,179.0,245.75,D:\AprPanama2025_fixed\041125_experimental\041125PA_experimental_part03.mp4,1900-01-01 19:04:28.900,1387
44684,1048,111,10.0,121.0,177.0,248.05882352941177,D:\AprPanama2025_fixed\041125_experimental\041125PA_experimental_part03.mp4,1900-01-01 19:04:28.400,1388
44692,1045,114,1.5,125.0,162.0,183.14285714285717,D:\AprPanama2025_fixed\041125_experimental\041125PA_experimental_part03.mp4,1900-01-01 19:04:29.200,1385
44693,1046,114,2.5,115.0,162.0,180.0,D:\AprPanama2025_fixed\041125_experimental\041125PA_experimental_part03.mp4,1900-01-01 19:04:29.300,1386
44904,920,133,2.5,117.0,155.0,195.28571428571428,D:\AprPanama2025_fixed\041125_experimental\041125PA_experimental_part03.mp4,1900-01-01 19:04:50.400,1260
44906,920,134,6.5,115.0,169.0,218.0,D:\AprPanama2025_fixed\041125_experimental\041125PA_experimental_part03.mp4,1900-01-01 19:04:50.600,1260
44907,919,134,7.0,116.0,163.0,247.92307692307693,D:\AprPanama2025_fixed\041125_experimental\041125PA_experimental_part03.mp4,1900-01-01 19:04:50.700,1259
44905,920,133,5.0,124.0,160.0,228.2,D:\AprPanama2025_fixed\041125_experimental\041125PA_experimental_part03.mp4,1900-01-01 19:04:50.500,1260
44910,919,135,5.0,111.0,169.0,246.53846153846155,D:\AprPanama2025_fixed\041125_experimental\041125PA_experimental_part03.mp4,1900-01-01 19:04:51.000,1259
44913,917,136,1.5,114.0,156.0,188.6,D:\AprPanama2025_fixed\041125_experimental\041125PA_experimental_part03.mp4,1900-01-01 19:04:51.300,1257
44912,919,136,1.5,111.0,156.0,242.8333333333333,D:\AprPanama2025_fixed\041125_experimental\041125PA_experimental_part03.mp4,1900-01-01 19:04:51.200,1259
44908,919,135,7.0,111.0,172.0,252.6923076923077,D:\AprPanama2025_fixed\041125_experimental\041125PA_experimental_part03.mp4,1900-01-01 19:04:50.800,1259
44909,919,135,6.0,113.0,163.0,245.8333333333333,D:\AprPanama2025_fixed\041125_experimental\041125PA_experimental_part03.mp4,1900-01-01 19:04:50.900,1259
44975,909,156,1.5,121.0,143.0,54.400000000000006,D:\AprPanama2025_fixed\041125_experimental\041125PA_experimental_part03.mp4,1900-01-01 19:04:57.500,1249
44976,909,156,1.5,121.0,143.0,54.400000000000006,D:\AprPanama2025_fixed\041125_experimental\041125PA_experimental_part03.mp4,1900-01-01 19:04:57.600,1249
45187,976,141,10.0,114.0,176.0,246.52941176470588,D:\AprPanama2025_fixed\041125_experimental\041125PA_experimental_part03.mp4,1900-01-01 19:05:18.700,1316
45182,978,141,7.5,119.0,173.0,217.0,D:\AprPanama2025_fixed\041125_experimental\041125PA_experimental_part03.mp4,1900-01-01 19:05:18.200,1318
45181,978,140,2.0,127.0,173.0,242.85714285714283,D:\AprPanama2025_fixed\041125_experimental\041125PA_experimental_part03.mp4,1900-01-01 19:05:18.100,1318
45183,978,141,8.0,111.0,171.0,219.57142857142856,D:\AprPanama2025_fixed\041125_experimental\041125PA_experimental_part03.mp4,1900-01-01 19:05:18.300,1318
45185,977,141,8.0,114.0,175.0,239.07142857142856,D:\AprPanama2025_fixed\041125_experimental\041125PA_experimental_part03.mp4,1900-01-01 19:05:18.500,1317
45186,977,141,9.0,111.0,178.0,239.8,D:\AprPanama2025_fixed\041125_experimental\041125PA_experimental_part03.mp4,1900-01-01 19:05:18.600,1317
45184,978,141,7.0,111.0,179.0,241.92857142857144,D:\AprPanama2025_fixed\041125_experimental\041125PA_experimental_part03.mp4,1900-01-01 19:05:18.400,1318
45194,974,140,1.5,114.0,166.0,187.8,D:\AprPanama2025_fixed\041125_experimental\041125PA_experimental_part03.mp4,1900-01-01 19:05:19.400,1314
45193,974,140,3.0,114.0,179.0,229.42857142857144,D:\AprPanama2025_fixed\041125_experimental\041125PA_experimental_part03.mp4,1900-01-01 19:05:19.300,1314
45188,976,141,6.5,131.0,178.0,248.25,D:\AprPanama2025_fixed\041125_experimental\041125PA_experimental_part03.mp4,1900-01-01 19:05:18.800,1316
45192,974,141,1.5,111.0,163.0,244.6,D:\AprPanama2025_fixed\041125_experimental\041125PA_experimental_part03.mp4,1900-01-01 19:05:19.200,1314
45511,1078,159,3.5,115.0,177.0,151.0,D:\AprPanama2025_fixed\041125_experimental\041125PA_experimental_part03.mp4,1900-01-01 19:05:51.100,1418
45514,1077,160,2.5,111.0,163.0,233.75,D:\AprPanama2025_fixed\041125_experimental\041125PA_experimental_part03.mp4,1900-01-01 19:05:51.400,1417
45515,1134,120,5.0,117.0,170.0,230.9090909090909,D:\AprPanama2025_fixed\041125_experimental\041125PA_experimental_part03.mp4,1900-01-01 19:05:51.500,1474
45517,1134,120,14.5,114.0,178.0,238.54545454545456,D:\AprPanama2025_fixed\041125_experimental\041125PA_experimental_part03.mp4,1900-01-01 19:05:51.700,1474
45520,1134,121,15.5,116.0,177.0,243.1304347826087,D:\AprPanama2025_fixed\041125_experimental\041125PA_experimental_part03.mp4,1900-01-01 19:05:52.000,1474
45519,1134,120,16.5,113.0,179.0,241.04,D:\AprPanama2025_fixed\041125_experimental\041125PA_experimental_part03.mp4,1900-01-01 19:05:51.900,1474
45521,1133,121,13.5,128.0,177.0,250.66666666666663,D:\AprPanama2025_fixed\041125_experimental\041125PA_experimental_part03.mp4,1900-01-01 19:05:52.100,1473
45523,1133,120,7.0,115.0,179.0,243.5,D:\AprPanama2025_fixed\041125_experimental\041125PA_experimental_part03.mp4,1900-01-01 19:05:52.300,1473
45518,1134,121,14.0,124.0,179.0,249.8636363636364,D:\AprPanama2025_fixed\041125_experimental\041125PA_experimental_part03.mp4,1900-01-01 19:05:51.800,1474
45518,1076,161,2.0,122.0,157.0,81.57142857142857,D:\AprPanama2025_fixed\041125_experimental\041125PA_experimental_part03.mp4,1900-01-01 19:05:51.800,1416
45516,1134,120,14.0,117.0,179.0,242.19047619047615,D:\AprPanama2025_fixed\041125_experimental\041125PA_experimental_part03.mp4,1900-01-01 19:05:51.600,1474
45522,1133,121,14.0,116.0,178.0,249.8181818181818,D:\AprPanama2025_fixed\041125_experimental\041125PA_experimental_part03.mp4,1900-01-01 19:05:52.200,1473
45525,1133,120,2.0,111.0,169.0,247.66666666666663,D:\AprPanama2025_fixed\041125_experimental\041125PA_experimental_part03.mp4,1900-01-01 19:05:52.500,1473
45524,1133,121,4.0,139.0,175.0,245.77777777777777,D:\AprPanama2025_fixed\041125_experimental\041125PA_experimental_part03.mp4,1900-01-01 19:05:52.400,1473
45546,1134,144,7.0,115.0,179.0,243.23076923076923,D:\AprPanama2025_fixed\041125_experimental\041125PA_experimental_part03.mp4,1900-01-01 19:05:54.600,1474
45543,1134,145,9.5,122.0,178.0,249.4375,D:\AprPanama2025_fixed\041125_experimental\041125PA_experimental_part03.mp4,1900-01-01 19:05:54.300,1474
45544,1134,145,10.0,117.0,179.0,247.35294117647055,D:\AprPanama2025_fixed\041125_experimental\041125PA_experimental_part03.mp4,1900-01-01 19:05:54.400,1474
45542,1133,145,10.5,121.0,179.0,244.35294117647055,D:\AprPanama2025_fixed\041125_experimental\041125PA_experimental_part03.mp4,1900-01-01 19:05:54.200,1473
45545,1135,145,8.0,120.0,179.0,244.14285714285717,D:\AprPanama2025_fixed\041125_experimental\041125PA_experimental_part03.mp4,1900-01-01 19:05:54.500,1475
45540,1132,145,5.0,113.0,179.0,250.63636363636363,D:\AprPanama2025_fixed\041125_experimental\041125PA_experimental_part03.mp4,1900-01-01 19:05:54.000,1472
45547,1135,145,8.0,111.0,179.0,246.5,D:\AprPanama2025_fixed\041125_experimental\041125PA_experimental_part03.mp4,1900-01-01 19:05:54.700,1475
45541,1133,145,9.0,124.0,179.0,254.0625,D:\AprPanama2025_fixed\041125_experimental\041125PA_experimental_part03.mp4,1900-01-01 19:05:54.100,1473
45561,1127,132,2.0,113.0,154.0,236.28571428571428,D:\AprPanama2025_fixed\041125_experimental\041125PA_experimental_part03.mp4,1900-01-01 19:05:56.100,1467
46748,1047,119,2.0,114.0,154.0,252.16666666666663,D:\AprPanama2025_fixed\041125_experimental\041125PA_experimental_part03.mp4,1900-01-01 19:07:54.800,1387
46777,1028,178,3.0,114.0,167.0,243.28571428571428,D:\AprPanama2025_fixed\041125_experimental\041125PA_experimental_part03.mp4,1900-01-01 19:07:57.700,1368
46778,1028,178,2.0,112.0,174.0,247.16666666666663,D:\AprPanama2025_fixed\041125_experimental\041125PA_experimental_part03.mp4,1900-01-01 19:07:57.800,1368
46775,1028,178,1.5,137.0,164.0,251.4,D:\AprPanama2025_fixed\041125_experimental\041125PA_experimental_part03.mp4,1900-01-01 19:07:57.500,1368
46816,1021,150,2.0,121.0,178.0,169.33333333333331,D:\AprPanama2025_fixed\041125_experimental\041125PA_experimental_part03.mp4,1900-01-01 19:08:01.600,1361
48449,780,71,3.0,114.0,152.0,249.875,D:\AprPanama2025_fixed\041125_experimental\041125PA_experimental_part03.mp4,1900-01-01 19:10:44.900,1120
48450,780,71,5.0,115.0,178.0,238.9090909090909,D:\AprPanama2025_fixed\041125_experimental\041125PA_experimental_part03.mp4,1900-01-01 19:10:45.000,1120
48452,780,71,1.5,125.0,173.0,253.8,D:\AprPanama2025_fixed\041125_experimental\041125PA_experimental_part03.mp4,1900-01-01 19:10:45.200,1120
48454,780,71,2.5,119.0,177.0,228.16666666666663,D:\AprPanama2025_fixed\041125_experimental\041125PA_experimental_part03.mp4,1900-01-01 19:10:45.400,1120
48453,780,71,2.5,119.0,177.0,228.16666666666663,D:\AprPanama2025_fixed\041125_experimental\041125PA_experimental_part03.mp4,1900-01-01 19:10:45.300,1120
49403,1194,56,1.5,113.0,162.0,252.0,D:\AprPanama2025_fixed\041125_experimental\041125PA_experimental_part03.mp4,1900-01-01 19:12:20.300,1534
49405,1193,56,1.5,113.0,155.0,228.0,D:\AprPanama2025_fixed\041125_experimental\041125PA_experimental_part03.mp4,1900-01-01 19:12:20.500,1533
49404,1194,56,1.5,114.0,151.0,251.5,D:\AprPanama2025_fixed\041125_experimental\041125PA_experimental_part03.mp4,1900-01-01 19:12:20.400,1534
49422,1229,42,2.5,124.0,155.0,251.42857142857144,D:\AprPanama2025_fixed\041125_experimental\041125PA_experimental_part03.mp4,1900-01-01 19:12:22.200,1569
49853,583,90,2.5,112.0,169.0,251.7142857142857,D:\AprPanama2025_fixed\041125_experimental\041125PA_experimental_part03.mp4,1900-01-01 19:13:05.300,923
49859,583,89,6.0,112.0,174.0,235.25,D:\AprPanama2025_fixed\041125_experimental\041125PA_experimental_part03.mp4,1900-01-01 19:13:05.900,923
49858,583,89,6.0,112.0,174.0,235.25,D:\AprPanama2025_fixed\041125_experimental\041125PA_experimental_part03.mp4,1900-01-01 19:13:05.800,923
49857,583,89,6.0,111.0,178.0,232.8333333333333,D:\AprPanama2025_fixed\041125_experimental\041125PA_experimental_part03.mp4,1900-01-01 19:13:05.700,923
49855,583,90,5.5,137.0,179.0,236.45454545454547,D:\AprPanama2025_fixed\041125_experimental\041125PA_experimental_part03.mp4,1900-01-01 19:13:05.500,923
49854,583,89,6.5,118.0,179.0,238.5,D:\AprPanama2025_fixed\041125_experimental\041125PA_experimental_part03.mp4,1900-01-01 19:13:05.400,923
49856,583,89,5.0,127.0,179.0,242.7,D:\AprPanama2025_fixed\041125_experimental\041125PA_experimental_part03.mp4,1900-01-01 19:13:05.600,923
49865,583,89,3.0,116.0,159.0,180.8571428571429,D:\AprPanama2025_fixed\041125_experimental\041125PA_experimental_part03.mp4,1900-01-01 19:13:06.500,923
49866,583,90,1.5,128.0,146.0,112.2,D:\AprPanama2025_fixed\041125_experimental\041125PA_experimental_part03.mp4,1900-01-01 19:13:06.600,923
49860,583,89,2.5,114.0,162.0,241.42857142857144,D:\AprPanama2025_fixed\041125_experimental\041125PA_experimental_part03.mp4,1900-01-01 19:13:06.000,923
49861,583,89,1.5,121.0,167.0,243.0,D:\AprPanama2025_fixed\041125_experimental\041125PA_experimental_part03.mp4,1900-01-01 19:13:06.100,923
50077,602,75,2.0,123.0,156.0,201.0,D:\AprPanama2025_fixed\041125_experimental\041125PA_experimental_part03.mp4,1900-01-01 19:13:27.700,942
50083,601,75,7.0,121.0,179.0,243.30769230769232,D:\AprPanama2025_fixed\041125_experimental\041125PA_experimental_part03.mp4,1900-01-01 19:13:28.300,941
50083,509,90,6.0,111.0,177.0,238.53846153846155,D:\AprPanama2025_fixed\041125_experimental\041125PA_experimental_part03.mp4,1900-01-01 19:13:28.300,849
50081,601,75,7.5,111.0,178.0,238.64285714285717,D:\AprPanama2025_fixed\041125_experimental\041125PA_experimental_part03.mp4,1900-01-01 19:13:28.100,941
50078,601,75,5.5,114.0,174.0,210.3636363636364,D:\AprPanama2025_fixed\041125_experimental\041125PA_experimental_part03.mp4,1900-01-01 19:13:27.800,941
50079,601,75,6.0,137.0,179.0,224.8333333333333,D:\AprPanama2025_fixed\041125_experimental\041125PA_experimental_part03.mp4,1900-01-01 19:13:27.900,941
50082,601,75,6.0,118.0,179.0,248.0833333333333,D:\AprPanama2025_fixed\041125_experimental\041125PA_experimental_part03.mp4,1900-01-01 19:13:28.200,941
50082,509,89,1.5,114.0,155.0,113.2,D:\AprPanama2025_fixed\041125_experimental\041125PA_experimental_part03.mp4,1900-01-01 19:13:28.200,849
50080,601,76,5.5,111.0,172.0,244.0909090909091,D:\AprPanama2025_fixed\041125_experimental\041125PA_experimental_part03.mp4,1900-01-01 19:13:28.000,941
50086,601,75,8.0,132.0,179.0,245.42857142857144,D:\AprPanama2025_fixed\041125_experimental\041125PA_experimental_part03.mp4,1900-01-01 19:13:28.600,941
50086,510,91,6.0,115.0,179.0,243.0833333333333,D:\AprPanama2025_fixed\041125_experimental\041125PA_experimental_part03.mp4,1900-01-01 19:13:28.600,850
50090,600,74,3.0,121.0,179.0,253.0,D:\AprPanama2025_fixed\041125_experimental\041125PA_experimental_part03.mp4,1900-01-01 19:13:29.000,940
50090,510,90,6.5,119.0,174.0,226.15384615384616,D:\AprPanama2025_fixed\041125_experimental\041125PA_experimental_part03.mp4,1900-01-01 19:13:29.000,850
50089,601,74,5.5,123.0,166.0,239.63636363636363,D:\AprPanama2025_fixed\041125_experimental\041125PA_experimental_part03.mp4,1900-01-01 19:13:28.900,941
50089,510,91,5.0,114.0,168.0,248.45454545454547,D:\AprPanama2025_fixed\041125_experimental\041125PA_experimental_part03.mp4,1900-01-01 19:13:28.900,850
50084,601,75,7.0,121.0,179.0,243.30769230769232,D:\AprPanama2025_fixed\041125_experimental\041125PA_experimental_part03.mp4,1900-01-01 19:13:28.400,941
50084,509,90,6.5,116.0,179.0,248.6923076923077,D:\AprPanama2025_fixed\041125_experimental\041125PA_experimental_part03.mp4,1900-01-01 19:13:28.400,849
50088,601,75,8.5,112.0,179.0,241.13333333333333,D:\AprPanama2025_fixed\041125_experimental\041125PA_experimental_part03.mp4,1900-01-01 19:13:28.800,941
50088,510,91,4.5,113.0,170.0,250.2,D:\AprPanama2025_fixed\041125_experimental\041125PA_experimental_part03.mp4,1900-01-01 19:13:28.800,850
50087,601,75,8.5,112.0,179.0,241.13333333333333,D:\AprPanama2025_fixed\041125_experimental\041125PA_experimental_part03.mp4,1900-01-01 19:13:28.700,941
50087,510,91,6.0,119.0,178.0,248.75,D:\AprPanama2025_fixed\041125_experimental\041125PA_experimental_part03.mp4,1900-01-01 19:13:28.700,850
50085,601,75,7.0,139.0,179.0,246.6923076923077,D:\AprPanama2025_fixed\041125_experimental\041125PA_experimental_part03.mp4,1900-01-01 19:13:28.500,941
50085,510,91,6.0,123.0,179.0,248.0833333333333,D:\AprPanama2025_fixed\041125_experimental\041125PA_experimental_part03.mp4,1900-01-01 19:13:28.500,850
50091,600,75,4.0,112.0,178.0,237.1111111111111,D:\AprPanama2025_fixed\041125_experimental\041125PA_experimental_part03.mp4,1900-01-01 19:13:29.100,940
50091,511,90,4.0,114.0,154.0,252.77777777777777,D:\AprPanama2025_fixed\041125_experimental\041125PA_experimental_part03.mp4,1900-01-01 19:13:29.100,851
50093,600,75,1.5,111.0,151.0,254.4,D:\AprPanama2025_fixed\041125_experimental\041125PA_experimental_part03.mp4,1900-01-01 19:13:29.300,940
50093,512,89,2.0,112.0,162.0,222.3333333333333,D:\AprPanama2025_fixed\041125_experimental\041125PA_experimental_part03.mp4,1900-01-01 19:13:29.300,852
50095,512,90,2.5,124.0,178.0,233.8333333333333,D:\AprPanama2025_fixed\041125_experimental\041125PA_experimental_part03.mp4,1900-01-01 19:13:29.500,852
50092,600,74,3.5,125.0,179.0,250.0,D:\AprPanama2025_fixed\041125_experimental\041125PA_experimental_part03.mp4,1900-01-01 19:13:29.200,940
50092,511,90,1.5,114.0,161.0,212.8333333333333,D:\AprPanama2025_fixed\041125_experimental\041125PA_experimental_part03.mp4,1900-01-01 19:13:29.200,851
50754,761,80,12.0,114.0,179.0,247.3,D:\AprPanama2025_fixed\041125_experimental\041125PA_experimental_part03.mp4,1900-01-01 19:14:35.400,1101
50752,762,80,2.0,121.0,162.0,155.66666666666666,D:\AprPanama2025_fixed\041125_experimental\041125PA_experimental_part03.mp4,1900-01-01 19:14:35.200,1102
50755,761,80,15.0,123.0,178.0,245.65217391304347,D:\AprPanama2025_fixed\041125_experimental\041125PA_experimental_part03.mp4,1900-01-01 19:14:35.500,1101
50753,762,79,4.5,115.0,178.0,235.3333333333333,D:\AprPanama2025_fixed\041125_experimental\041125PA_experimental_part03.mp4,1900-01-01 19:14:35.300,1102
50761,761,80,15.5,127.0,178.0,244.5,D:\AprPanama2025_fixed\041125_experimental\041125PA_experimental_part03.mp4,1900-01-01 19:14:36.100,1101
50759,761,80,16.0,113.0,179.0,245.44,D:\AprPanama2025_fixed\041125_experimental\041125PA_experimental_part03.mp4,1900-01-01 19:14:35.900,1101
50763,760,80,13.5,112.0,179.0,245.42857142857144,D:\AprPanama2025_fixed\041125_experimental\041125PA_experimental_part03.mp4,1900-01-01 19:14:36.300,1100
50758,761,80,17.0,118.0,179.0,247.46153846153848,D:\AprPanama2025_fixed\041125_experimental\041125PA_experimental_part03.mp4,1900-01-01 19:14:35.800,1101
50760,761,81,14.0,129.0,179.0,248.9090909090909,D:\AprPanama2025_fixed\041125_experimental\041125PA_experimental_part03.mp4,1900-01-01 19:14:36.000,1101
50756,761,80,16.5,125.0,178.0,247.0,D:\AprPanama2025_fixed\041125_experimental\041125PA_experimental_part03.mp4,1900-01-01 19:14:35.600,1101
50762,761,80,15.0,111.0,179.0,242.3478260869565,D:\AprPanama2025_fixed\041125_experimental\041125PA_experimental_part03.mp4,1900-01-01 19:14:36.200,1101
50757,761,80,16.5,112.0,179.0,245.44,D:\AprPanama2025_fixed\041125_experimental\041125PA_experimental_part03.mp4,1900-01-01 19:14:35.700,1101
50767,759,81,10.5,117.0,179.0,246.2941176470588,D:\AprPanama2025_fixed\041125_experimental\041125PA_experimental_part03.mp4,1900-01-01 19:14:36.700,1099
50765,759,81,11.5,118.0,177.0,236.68421052631575,D:\AprPanama2025_fixed\041125_experimental\041125PA_experimental_part03.mp4,1900-01-01 19:14:36.500,1099
50764,760,80,13.0,111.0,179.0,247.3,D:\AprPanama2025_fixed\041125_experimental\041125PA_experimental_part03.mp4,1900-01-01 19:14:36.400,1100
50766,759,81,9.5,137.0,179.0,253.1875,D:\AprPanama2025_fixed\041125_experimental\041125PA_experimental_part03.mp4,1900-01-01 19:14:36.600,1099
50769,759,80,8.0,111.0,173.0,249.5,D:\AprPanama2025_fixed\041125_experimental\041125PA_experimental_part03.mp4,1900-01-01 19:14:36.900,1099
50770,759,81,6.5,113.0,175.0,246.41666666666663,D:\AprPanama2025_fixed\041125_experimental\041125PA_experimental_part03.mp4,1900-01-01 19:14:37.000,1099
50768,759,81,9.5,112.0,173.0,252.375,D:\AprPanama2025_fixed\041125_experimental\041125PA_experimental_part03.mp4,1900-01-01 19:14:36.800,1099
50771,758,81,7.5,127.0,179.0,240.7692307692308,D:\AprPanama2025_fixed\041125_experimental\041125PA_experimental_part03.mp4,1900-01-01 19:14:37.100,1098
50773,758,81,5.0,137.0,181.0,186.4,D:\AprPanama2025_fixed\041125_experimental\041125PA_experimental_part03.mp4,1900-01-01 19:14:37.300,1098
50777,756,81,3.0,113.0,169.0,243.625,D:\AprPanama2025_fixed\041125_experimental\041125PA_experimental_part03.mp4,1900-01-01 19:14:37.700,1096
50772,758,81,7.5,111.0,179.0,221.15384615384616,D:\AprPanama2025_fixed\041125_experimental\041125PA_experimental_part03.mp4,1900-01-01 19:14:37.200,1098
50775,757,81,4.0,114.0,162.0,205.3333333333333,D:\AprPanama2025_fixed\041125_experimental\041125PA_experimental_part03.mp4,1900-01-01 19:14:37.500,1097
50774,758,82,2.0,124.0,160.0,153.33333333333331,D:\AprPanama2025_fixed\041125_experimental\041125PA_experimental_part03.mp4,1900-01-01 19:14:37.400,1098
50776,756,81,3.0,113.0,169.0,243.625,D:\AprPanama2025_fixed\041125_experimental\041125PA_experimental_part03.mp4,1900-01-01 19:14:37.600,1096
50784,755,121,13.0,111.0,179.0,243.9090909090909,D:\AprPanama2025_fixed\041125_experimental\041125PA_experimental_part03.mp4,1900-01-01 19:14:38.400,1095
50786,755,121,20.0,137.0,179.0,249.7,D:\AprPanama2025_fixed\041125_experimental\041125PA_experimental_part03.mp4,1900-01-01 19:14:38.600,1095
50783,755,120,6.5,117.0,179.0,254.25,D:\AprPanama2025_fixed\041125_experimental\041125PA_experimental_part03.mp4,1900-01-01 19:14:38.300,1095
50787,754,121,22.5,112.0,179.0,250.0,D:\AprPanama2025_fixed\041125_experimental\041125PA_experimental_part03.mp4,1900-01-01 19:14:38.700,1094
50785,755,121,20.0,129.0,179.0,250.56666666666663,D:\AprPanama2025_fixed\041125_experimental\041125PA_experimental_part03.mp4,1900-01-01 19:14:38.500,1095
50791,753,121,15.0,115.0,179.0,249.8,D:\AprPanama2025_fixed\041125_experimental\041125PA_experimental_part03.mp4,1900-01-01 19:14:39.100,1093
50793,753,122,15.0,127.0,179.0,249.36,D:\AprPanama2025_fixed\041125_experimental\041125PA_experimental_part03.mp4,1900-01-01 19:14:39.300,1093
50794,752,121,11.5,115.0,179.0,246.6,D:\AprPanama2025_fixed\041125_experimental\041125PA_experimental_part03.mp4,1900-01-01 19:14:39.400,1092
50795,752,122,11.5,111.0,179.0,252.4,D:\AprPanama2025_fixed\041125_experimental\041125PA_experimental_part03.mp4,1900-01-01 19:14:39.500,1092
50788,754,121,24.5,117.0,179.0,246.5,D:\AprPanama2025_fixed\041125_experimental\041125PA_experimental_part03.mp4,1900-01-01 19:14:38.800,1094
50790,754,121,17.5,124.0,179.0,251.67857142857144,D:\AprPanama2025_fixed\041125_experimental\041125PA_experimental_part03.mp4,1900-01-01 19:14:39.000,1094
50789,754,121,24.5,117.0,179.0,246.5,D:\AprPanama2025_fixed\041125_experimental\041125PA_experimental_part03.mp4,1900-01-01 19:14:38.900,1094
50792,753,121,14.0,149.0,179.0,247.41666666666663,D:\AprPanama2025_fixed\041125_experimental\041125PA_experimental_part03.mp4,1900-01-01 19:14:39.200,1093
50799,751,122,3.5,128.0,170.0,242.2222222222222,D:\AprPanama2025_fixed\041125_experimental\041125PA_experimental_part03.mp4,1900-01-01 19:14:39.900,1091
50800,751,122,3.5,128.0,170.0,242.2222222222222,D:\AprPanama2025_fixed\041125_experimental\041125PA_experimental_part03.mp4,1900-01-01 19:14:40.000,1091
50798,752,122,4.0,134.0,178.0,251.4,D:\AprPanama2025_fixed\041125_experimental\041125PA_experimental_part03.mp4,1900-01-01 19:14:39.800,1092
50797,752,122,5.0,114.0,177.0,247.75,D:\AprPanama2025_fixed\041125_experimental\041125PA_experimental_part03.mp4,1900-01-01 19:14:39.700,1092
50796,752,122,11.0,115.0,178.0,249.6315789473684,D:\AprPanama2025_fixed\041125_experimental\041125PA_experimental_part03.mp4,1900-01-01 19:14:39.600,1092
50811,748,76,1.5,111.0,171.0,224.0,D:\AprPanama2025_fixed\041125_experimental\041125PA_experimental_part03.mp4,1900-01-01 19:14:41.100,1088
50814,748,76,5.5,114.0,171.0,235.27272727272728,D:\AprPanama2025_fixed\041125_experimental\041125PA_experimental_part03.mp4,1900-01-01 19:14:41.400,1088
50813,748,76,6.0,115.0,173.0,235.16666666666663,D:\AprPanama2025_fixed\041125_experimental\041125PA_experimental_part03.mp4,1900-01-01 19:14:41.300,1088
50817,747,76,6.5,121.0,176.0,236.5833333333333,D:\AprPanama2025_fixed\041125_experimental\041125PA_experimental_part03.mp4,1900-01-01 19:14:41.700,1087
50818,747,76,4.5,120.0,174.0,233.9,D:\AprPanama2025_fixed\041125_experimental\041125PA_experimental_part03.mp4,1900-01-01 19:14:41.800,1087
50816,746,76,4.0,115.0,176.0,249.2222222222222,D:\AprPanama2025_fixed\041125_experimental\041125PA_experimental_part03.mp4,1900-01-01 19:14:41.600,1086
50812,748,75,5.0,120.0,177.0,237.1,D:\AprPanama2025_fixed\041125_experimental\041125PA_experimental_part03.mp4,1900-01-01 19:14:41.200,1088
51075,929,84,5.0,114.0,179.0,249.3636363636364,D:\AprPanama2025_fixed\041125_experimental\041125PA_experimental_part03.mp4,1900-01-01 19:15:07.500,1269
51074,928,84,3.0,131.0,174.0,253.5,D:\AprPanama2025_fixed\041125_experimental\041125PA_experimental_part03.mp4,1900-01-01 19:15:07.400,1268
51078,928,83,3.5,130.0,179.0,235.66666666666663,D:\AprPanama2025_fixed\041125_experimental\041125PA_experimental_part03.mp4,1900-01-01 19:15:07.800,1268
51081,928,84,1.5,124.0,162.0,236.8,D:\AprPanama2025_fixed\041125_experimental\041125PA_experimental_part03.mp4,1900-01-01 19:15:08.100,1268
51077,928,84,3.5,119.0,178.0,224.5,D:\AprPanama2025_fixed\041125_experimental\041125PA_experimental_part03.mp4,1900-01-01 19:15:07.700,1268
51076,928,84,4.0,117.0,171.0,250.4,D:\AprPanama2025_fixed\041125_experimental\041125PA_experimental_part03.mp4,1900-01-01 19:15:07.600,1268
51079,928,84,1.5,121.0,161.0,250.8,D:\AprPanama2025_fixed\041125_experimental\041125PA_experimental_part03.mp4,1900-01-01 19:15:07.900,1268
51104,931,145,7.0,111.0,176.0,241.30769230769232,D:\AprPanama2025_fixed\041125_experimental\041125PA_experimental_part03.mp4,1900-01-01 19:15:10.400,1271
51102,931,145,3.0,112.0,169.0,150.625,D:\AprPanama2025_fixed\041125_experimental\041125PA_experimental_part03.mp4,1900-01-01 19:15:10.200,1271
51107,931,146,3.0,112.0,168.0,250.375,D:\AprPanama2025_fixed\041125_experimental\041125PA_experimental_part03.mp4,1900-01-01 19:15:10.700,1271
51103,931,145,5.5,116.0,176.0,218.27272727272728,D:\AprPanama2025_fixed\041125_experimental\041125PA_experimental_part03.mp4,1900-01-01 19:15:10.300,1271
51105,931,145,5.5,117.0,174.0,254.0,D:\AprPanama2025_fixed\041125_experimental\041125PA_experimental_part03.mp4,1900-01-01 19:15:10.500,1271
51111,931,147,2.5,112.0,155.0,235.57142857142856,D:\AprPanama2025_fixed\041125_experimental\041125PA_experimental_part03.mp4,1900-01-01 19:15:11.100,1271
51108,931,146,4.0,134.0,168.0,208.55555555555557,D:\AprPanama2025_fixed\041125_experimental\041125PA_experimental_part03.mp4,1900-01-01 19:15:10.800,1271
51112,930,147,1.5,112.0,156.0,230.66666666666663,D:\AprPanama2025_fixed\041125_experimental\041125PA_experimental_part03.mp4,1900-01-01 19:15:11.200,1270
51109,931,146,4.0,117.0,171.0,229.88888888888889,D:\AprPanama2025_fixed\041125_experimental\041125PA_experimental_part03.mp4,1900-01-01 19:15:10.900,1271
51110,931,146,3.0,125.0,165.0,245.625,D:\AprPanama2025_fixed\041125_experimental\041125PA_experimental_part03.mp4,1900-01-01 19:15:11.000,1271
51648,769,64,13.5,124.0,179.0,250.0,D:\AprPanama2025_fixed\041125_experimental\041125PA_experimental_part03.mp4,1900-01-01 19:16:04.800,1109
51646,768,65,3.0,112.0,173.0,234.85714285714283,D:\AprPanama2025_fixed\041125_experimental\041125PA_experimental_part03.mp4,1900-01-01 19:16:04.600,1108
51647,768,65,10.5,111.0,178.0,238.7222222222222,D:\AprPanama2025_fixed\041125_experimental\041125PA_experimental_part03.mp4,1900-01-01 19:16:04.700,1108
51650,769,64,20.5,126.0,179.0,250.8,D:\AprPanama2025_fixed\041125_experimental\041125PA_experimental_part03.mp4,1900-01-01 19:16:05.000,1109
51651,769,64,20.0,116.0,179.0,247.8275862068965,D:\AprPanama2025_fixed\041125_experimental\041125PA_experimental_part03.mp4,1900-01-01 19:16:05.100,1109
51649,769,64,17.0,111.0,179.0,249.52,D:\AprPanama2025_fixed\041125_experimental\041125PA_experimental_part03.mp4,1900-01-01 19:16:04.900,1109
51652,769,64,20.5,115.0,179.0,250.03225806451613,D:\AprPanama2025_fixed\041125_experimental\041125PA_experimental_part03.mp4,1900-01-01 19:16:05.200,1109
51654,769,64,24.0,113.0,179.0,247.77142857142857,D:\AprPanama2025_fixed\041125_experimental\041125PA_experimental_part03.mp4,1900-01-01 19:16:05.400,1109
51657,769,64,18.5,114.0,179.0,249.32142857142856,D:\AprPanama2025_fixed\041125_experimental\041125PA_experimental_part03.mp4,1900-01-01 19:16:05.700,1109
51659,770,64,14.5,112.0,178.0,246.26086956521735,D:\AprPanama2025_fixed\041125_experimental\041125PA_experimental_part03.mp4,1900-01-01 19:16:05.900,1110
51653,769,64,22.0,113.0,179.0,249.87878787878788,D:\AprPanama2025_fixed\041125_experimental\041125PA_experimental_part03.mp4,1900-01-01 19:16:05.300,1109
51655,769,64,21.0,115.0,179.0,251.25806451612905,D:\AprPanama2025_fixed\041125_experimental\041125PA_experimental_part03.mp4,1900-01-01 19:16:05.500,1109
51656,769,64,20.5,115.0,178.0,250.61290322580643,D:\AprPanama2025_fixed\041125_experimental\041125PA_experimental_part03.mp4,1900-01-01 19:16:05.600,1109
51658,769,64,18.0,119.0,179.0,247.8148148148148,D:\AprPanama2025_fixed\041125_experimental\041125PA_experimental_part03.mp4,1900-01-01 19:16:05.800,1109
51660,769,63,12.5,112.0,179.0,247.5,D:\AprPanama2025_fixed\041125_experimental\041125PA_experimental_part03.mp4,1900-01-01 19:16:06.000,1109
51662,770,63,10.0,120.0,178.0,246.52941176470588,D:\AprPanama2025_fixed\041125_experimental\041125PA_experimental_part03.mp4,1900-01-01 19:16:06.200,1110
51666,770,63,9.0,121.0,179.0,249.125,D:\AprPanama2025_fixed\041125_experimental\041125PA_experimental_part03.mp4,1900-01-01 19:16:06.600,1110
51661,770,63,13.5,115.0,179.0,248.0909090909091,D:\AprPanama2025_fixed\041125_experimental\041125PA_experimental_part03.mp4,1900-01-01 19:16:06.100,1110
51667,770,63,4.5,133.0,172.0,251.55555555555557,D:\AprPanama2025_fixed\041125_experimental\041125PA_experimental_part03.mp4,1900-01-01 19:16:06.700,1110
51665,770,64,7.5,112.0,178.0,249.64285714285717,D:\AprPanama2025_fixed\041125_experimental\041125PA_experimental_part03.mp4,1900-01-01 19:16:06.500,1110
51663,769,63,12.0,114.0,178.0,245.21052631578945,D:\AprPanama2025_fixed\041125_experimental\041125PA_experimental_part03.mp4,1900-01-01 19:16:06.300,1109
51664,770,64,7.5,112.0,178.0,249.64285714285717,D:\AprPanama2025_fixed\041125_experimental\041125PA_experimental_part03.mp4,1900-01-01 19:16:06.400,1110
51675,698,96,4.5,112.0,172.0,225.88888888888889,D:\AprPanama2025_fixed\041125_experimental\041125PA_experimental_part03.mp4,1900-01-01 19:16:07.500,1038
51675,774,122,21.5,112.0,179.0,251.7741935483871,D:\AprPanama2025_fixed\041125_experimental\041125PA_experimental_part03.mp4,1900-01-01 19:16:07.500,1114
51670,770,63,2.5,119.0,162.0,254.75,D:\AprPanama2025_fixed\041125_experimental\041125PA_experimental_part03.mp4,1900-01-01 19:16:07.000,1110
51671,774,120,2.5,125.0,176.0,232.3333333333333,D:\AprPanama2025_fixed\041125_experimental\041125PA_experimental_part03.mp4,1900-01-01 19:16:07.100,1114
51673,774,121,16.5,124.0,179.0,246.12,D:\AprPanama2025_fixed\041125_experimental\041125PA_experimental_part03.mp4,1900-01-01 19:16:07.300,1114
51674,699,96,4.0,118.0,172.0,246.77777777777777,D:\AprPanama2025_fixed\041125_experimental\041125PA_experimental_part03.mp4,1900-01-01 19:16:07.400,1039
51674,774,121,17.0,112.0,179.0,251.73076923076923,D:\AprPanama2025_fixed\041125_experimental\041125PA_experimental_part03.mp4,1900-01-01 19:16:07.400,1114
51672,773,121,8.5,120.0,178.0,241.28571428571428,D:\AprPanama2025_fixed\041125_experimental\041125PA_experimental_part03.mp4,1900-01-01 19:16:07.200,1113
51668,770,64,4.0,113.0,171.0,251.8,D:\AprPanama2025_fixed\041125_experimental\041125PA_experimental_part03.mp4,1900-01-01 19:16:06.800,1110
51679,697,96,7.0,130.0,171.0,209.23076923076923,D:\AprPanama2025_fixed\041125_experimental\041125PA_experimental_part03.mp4,1900-01-01 19:16:07.900,1037
51679,775,122,23.5,130.0,179.0,246.35294117647055,D:\AprPanama2025_fixed\041125_experimental\041125PA_experimental_part03.mp4,1900-01-01 19:16:07.900,1115
51683,696,97,1.5,117.0,171.0,208.0,D:\AprPanama2025_fixed\041125_experimental\041125PA_experimental_part03.mp4,1900-01-01 19:16:08.300,1036
51683,707,105,1.5,128.0,167.0,121.8,D:\AprPanama2025_fixed\041125_experimental\041125PA_experimental_part03.mp4,1900-01-01 19:16:08.300,1047
51683,776,123,17.0,115.0,179.0,247.11538461538464,D:\AprPanama2025_fixed\041125_experimental\041125PA_experimental_part03.mp4,1900-01-01 19:16:08.300,1116
51676,698,96,4.5,112.0,172.0,225.88888888888889,D:\AprPanama2025_fixed\041125_experimental\041125PA_experimental_part03.mp4,1900-01-01 19:16:07.600,1038
51676,775,122,23.0,119.0,179.0,247.33333333333331,D:\AprPanama2025_fixed\041125_experimental\041125PA_experimental_part03.mp4,1900-01-01 19:16:07.600,1115
51681,696,97,1.5,126.0,170.0,231.3333333333333,D:\AprPanama2025_fixed\041125_experimental\041125PA_experimental_part03.mp4,1900-01-01 19:16:08.100,1036
51681,776,123,21.0,120.0,179.0,244.76666666666665,D:\AprPanama2025_fixed\041125_experimental\041125PA_experimental_part03.mp4,1900-01-01 19:16:08.100,1116
51678,697,96,6.0,117.0,169.0,217.41666666666663,D:\AprPanama2025_fixed\041125_experimental\041125PA_experimental_part03.mp4,1900-01-01 19:16:07.800,1037
51678,775,122,23.5,130.0,179.0,246.35294117647055,D:\AprPanama2025_fixed\041125_experimental\041125PA_experimental_part03.mp4,1900-01-01 19:16:07.800,1115
51677,698,96,5.0,112.0,172.0,225.4,D:\AprPanama2025_fixed\041125_experimental\041125PA_experimental_part03.mp4,1900-01-01 19:16:07.700,1038
51677,775,122,23.5,130.0,179.0,246.35294117647055,D:\AprPanama2025_fixed\041125_experimental\041125PA_experimental_part03.mp4,1900-01-01 19:16:07.700,1115
51682,696,97,1.5,134.0,175.0,225.5,D:\AprPanama2025_fixed\041125_experimental\041125PA_experimental_part03.mp4,1900-01-01 19:16:08.200,1036
51682,775,123,19.0,119.0,179.0,250.7142857142857,D:\AprPanama2025_fixed\041125_experimental\041125PA_experimental_part03.mp4,1900-01-01 19:16:08.200,1115
51680,697,96,3.5,127.0,168.0,222.875,D:\AprPanama2025_fixed\041125_experimental\041125PA_experimental_part03.mp4,1900-01-01 19:16:08.000,1037
51680,775,122,23.5,111.0,179.0,248.44117647058823,D:\AprPanama2025_fixed\041125_experimental\041125PA_experimental_part03.mp4,1900-01-01 19:16:08.000,1115
51685,707,106,6.5,145.0,179.0,239.75,D:\AprPanama2025_fixed\041125_experimental\041125PA_experimental_part03.mp4,1900-01-01 19:16:08.500,1047
51685,776,123,15.0,125.0,179.0,245.75,D:\AprPanama2025_fixed\041125_experimental\041125PA_experimental_part03.mp4,1900-01-01 19:16:08.500,1116
51691,777,124,6.5,113.0,178.0,241.53846153846155,D:\AprPanama2025_fixed\041125_experimental\041125PA_experimental_part03.mp4,1900-01-01 19:16:09.100,1117
51690,706,106,4.0,124.0,187.0,246.875,D:\AprPanama2025_fixed\041125_experimental\041125PA_experimental_part03.mp4,1900-01-01 19:16:09.000,1046
51690,776,123,10.0,127.0,179.0,247.58823529411765,D:\AprPanama2025_fixed\041125_experimental\041125PA_experimental_part03.mp4,1900-01-01 19:16:09.000,1116
51686,707,106,4.0,136.0,178.0,246.1111111111111,D:\AprPanama2025_fixed\041125_experimental\041125PA_experimental_part03.mp4,1900-01-01 19:16:08.600,1047
51686,776,123,15.0,123.0,179.0,243.5833333333333,D:\AprPanama2025_fixed\041125_experimental\041125PA_experimental_part03.mp4,1900-01-01 19:16:08.600,1116
51687,694,96,1.5,130.0,140.0,28.0,D:\AprPanama2025_fixed\041125_experimental\041125PA_experimental_part03.mp4,1900-01-01 19:16:08.700,1034
51687,707,106,4.5,120.0,177.0,233.4,D:\AprPanama2025_fixed\041125_experimental\041125PA_experimental_part03.mp4,1900-01-01 19:16:08.700,1047
51687,776,123,15.5,112.0,178.0,240.25,D:\AprPanama2025_fixed\041125_experimental\041125PA_experimental_part03.mp4,1900-01-01 19:16:08.700,1116
51688,694,96,1.5,130.0,140.0,28.0,D:\AprPanama2025_fixed\041125_experimental\041125PA_experimental_part03.mp4,1900-01-01 19:16:08.800,1034
51688,707,106,4.5,120.0,177.0,233.4,D:\AprPanama2025_fixed\041125_experimental\041125PA_experimental_part03.mp4,1900-01-01 19:16:08.800,1047
51688,776,123,14.0,117.0,179.0,242.8636363636364,D:\AprPanama2025_fixed\041125_experimental\041125PA_experimental_part03.mp4,1900-01-01 19:16:08.800,1116
51689,706,106,5.5,120.0,179.0,218.63636363636363,D:\AprPanama2025_fixed\041125_experimental\041125PA_experimental_part03.mp4,1900-01-01 19:16:08.900,1046
51689,776,124,9.0,123.0,178.0,237.5625,D:\AprPanama2025_fixed\041125_experimental\041125PA_experimental_part03.mp4,1900-01-01 19:16:08.900,1116
51684,696,96,3.5,112.0,149.0,46.25,D:\AprPanama2025_fixed\041125_experimental\041125PA_experimental_part03.mp4,1900-01-01 19:16:08.400,1036
51684,707,105,7.0,125.0,178.0,216.0769230769231,D:\AprPanama2025_fixed\041125_experimental\041125PA_experimental_part03.mp4,1900-01-01 19:16:08.400,1047
51684,776,123,17.0,111.0,179.0,247.0769230769231,D:\AprPanama2025_fixed\041125_experimental\041125PA_experimental_part03.mp4,1900-01-01 19:16:08.400,1116
51692,777,123,5.0,121.0,176.0,246.9,D:\AprPanama2025_fixed\041125_experimental\041125PA_experimental_part03.mp4,1900-01-01 19:16:09.200,1117
51694,701,74,6.5,111.0,179.0,228.5,D:\AprPanama2025_fixed\041125_experimental\041125PA_experimental_part03.mp4,1900-01-01 19:16:09.400,1041
51694,705,107,1.5,112.0,146.0,117.0,D:\AprPanama2025_fixed\041125_experimental\041125PA_experimental_part03.mp4,1900-01-01 19:16:09.400,1045
51699,772,42,5.5,115.0,174.0,247.41666666666663,D:\AprPanama2025_fixed\041125_experimental\041125PA_experimental_part03.mp4,1900-01-01 19:16:09.900,1112
51699,702,76,2.5,129.0,178.0,227.7142857142857,D:\AprPanama2025_fixed\041125_experimental\041125PA_experimental_part03.mp4,1900-01-01 19:16:09.900,1042
51693,701,74,4.0,122.0,175.0,230.88888888888889,D:\AprPanama2025_fixed\041125_experimental\041125PA_experimental_part03.mp4,1900-01-01 19:16:09.300,1041
51693,705,107,2.5,116.0,163.0,206.57142857142856,D:\AprPanama2025_fixed\041125_experimental\041125PA_experimental_part03.mp4,1900-01-01 19:16:09.300,1045
51693,777,124,2.0,119.0,160.0,255.0,D:\AprPanama2025_fixed\041125_experimental\041125PA_experimental_part03.mp4,1900-01-01 19:16:09.300,1117
51695,702,74,3.0,115.0,175.0,241.0,D:\AprPanama2025_fixed\041125_experimental\041125PA_experimental_part03.mp4,1900-01-01 19:16:09.500,1042
51697,701,75,4.0,111.0,168.0,220.1111111111111,D:\AprPanama2025_fixed\041125_experimental\041125PA_experimental_part03.mp4,1900-01-01 19:16:09.700,1041
51696,770,41,2.5,112.0,166.0,242.7142857142857,D:\AprPanama2025_fixed\041125_experimental\041125PA_experimental_part03.mp4,1900-01-01 19:16:09.600,1110
51696,702,75,3.5,122.0,175.0,238.55555555555557,D:\AprPanama2025_fixed\041125_experimental\041125PA_experimental_part03.mp4,1900-01-01 19:16:09.600,1042
51696,705,107,2.0,111.0,141.0,240.0,D:\AprPanama2025_fixed\041125_experimental\041125PA_experimental_part03.mp4,1900-01-01 19:16:09.600,1045
51698,772,42,5.5,127.0,179.0,252.3333333333333,D:\AprPanama2025_fixed\041125_experimental\041125PA_experimental_part03.mp4,1900-01-01 19:16:09.800,1112
51698,702,75,3.0,124.0,174.0,228.375,D:\AprPanama2025_fixed\041125_experimental\041125PA_experimental_part03.mp4,1900-01-01 19:16:09.800,1042
51707,770,42,1.5,112.0,161.0,212.2,D:\AprPanama2025_fixed\041125_experimental\041125PA_experimental_part03.mp4,1900-01-01 19:16:10.700,1110
51706,770,42,3.5,117.0,170.0,247.75,D:\AprPanama2025_fixed\041125_experimental\041125PA_experimental_part03.mp4,1900-01-01 19:16:10.600,1110
51703,771,42,4.5,119.0,174.0,237.4,D:\AprPanama2025_fixed\041125_experimental\041125PA_experimental_part03.mp4,1900-01-01 19:16:10.300,1111
51702,771,41,4.0,125.0,178.0,247.3,D:\AprPanama2025_fixed\041125_experimental\041125PA_experimental_part03.mp4,1900-01-01 19:16:10.200,1111
51702,702,76,1.5,140.0,173.0,192.6,D:\AprPanama2025_fixed\041125_experimental\041125PA_experimental_part03.mp4,1900-01-01 19:16:10.200,1042
51701,771,42,4.5,112.0,170.0,247.1818181818182,D:\AprPanama2025_fixed\041125_experimental\041125PA_experimental_part03.mp4,1900-01-01 19:16:10.100,1111
51704,771,42,4.5,119.0,174.0,237.4,D:\AprPanama2025_fixed\041125_experimental\041125PA_experimental_part03.mp4,1900-01-01 19:16:10.400,1111
51705,771,42,2.0,123.0,157.0,243.3333333333333,D:\AprPanama2025_fixed\041125_experimental\041125PA_experimental_part03.mp4,1900-01-01 19:16:10.500,1111
51700,772,42,5.5,132.0,177.0,247.25,D:\AprPanama2025_fixed\041125_experimental\041125PA_experimental_part03.mp4,1900-01-01 19:16:10.000,1112
51700,702,76,2.5,134.0,180.0,229.28571428571428,D:\AprPanama2025_fixed\041125_experimental\041125PA_experimental_part03.mp4,1900-01-01 19:16:10.000,1042
52723,720,70,11.5,125.0,179.0,250.88888888888889,D:\AprPanama2025_fixed\041125_experimental\041125PA_experimental_part03.mp4,1900-01-01 19:17:52.300,1060
52718,720,70,3.5,138.0,176.0,233.625,D:\AprPanama2025_fixed\041125_experimental\041125PA_experimental_part03.mp4,1900-01-01 19:17:51.800,1060
52717,720,70,3.5,118.0,164.0,177.0,D:\AprPanama2025_fixed\041125_experimental\041125PA_experimental_part03.mp4,1900-01-01 19:17:51.700,1060
52720,720,70,6.5,116.0,179.0,251.5833333333333,D:\AprPanama2025_fixed\041125_experimental\041125PA_experimental_part03.mp4,1900-01-01 19:17:52.000,1060
52719,720,70,6.5,116.0,179.0,251.5833333333333,D:\AprPanama2025_fixed\041125_experimental\041125PA_experimental_part03.mp4,1900-01-01 19:17:51.900,1060
52721,720,70,11.5,112.0,178.0,243.44444444444443,D:\AprPanama2025_fixed\041125_experimental\041125PA_experimental_part03.mp4,1900-01-01 19:17:52.100,1060
52722,720,70,12.0,127.0,179.0,244.42105263157893,D:\AprPanama2025_fixed\041125_experimental\041125PA_experimental_part03.mp4,1900-01-01 19:17:52.200,1060
52725,720,69,12.0,114.0,179.0,245.68421052631575,D:\AprPanama2025_fixed\041125_experimental\041125PA_experimental_part03.mp4,1900-01-01 19:17:52.500,1060
52728,720,69,9.5,114.0,180.0,242.375,D:\AprPanama2025_fixed\041125_experimental\041125PA_experimental_part03.mp4,1900-01-01 19:17:52.800,1060
52730,720,69,5.5,117.0,174.0,233.9090909090909,D:\AprPanama2025_fixed\041125_experimental\041125PA_experimental_part03.mp4,1900-01-01 19:17:53.000,1060
52729,720,69,10.5,111.0,185.0,235.41176470588235,D:\AprPanama2025_fixed\041125_experimental\041125PA_experimental_part03.mp4,1900-01-01 19:17:52.900,1060
52731,720,69,6.5,125.0,179.0,243.3333333333333,D:\AprPanama2025_fixed\041125_experimental\041125PA_experimental_part03.mp4,1900-01-01 19:17:53.100,1060
52726,720,70,11.5,117.0,179.0,242.1111111111111,D:\AprPanama2025_fixed\041125_experimental\041125PA_experimental_part03.mp4,1900-01-01 19:17:52.600,1060
52727,720,69,11.0,115.0,179.0,239.38888888888889,D:\AprPanama2025_fixed\041125_experimental\041125PA_experimental_part03.mp4,1900-01-01 19:17:52.700,1060
52724,720,70,12.5,125.0,179.0,246.1,D:\AprPanama2025_fixed\041125_experimental\041125PA_experimental_part03.mp4,1900-01-01 19:17:52.400,1060
52739,720,69,1.5,114.0,177.0,249.8,D:\AprPanama2025_fixed\041125_experimental\041125PA_experimental_part03.mp4,1900-01-01 19:17:53.900,1060
52739,724,102,8.5,134.0,179.0,248.1875,D:\AprPanama2025_fixed\041125_experimental\041125PA_experimental_part03.mp4,1900-01-01 19:17:53.900,1064
52735,720,68,1.5,121.0,163.0,249.4,D:\AprPanama2025_fixed\041125_experimental\041125PA_experimental_part03.mp4,1900-01-01 19:17:53.500,1060
52733,720,68,2.5,120.0,175.0,254.0,D:\AprPanama2025_fixed\041125_experimental\041125PA_experimental_part03.mp4,1900-01-01 19:17:53.300,1060
52734,720,68,1.5,128.0,171.0,247.6,D:\AprPanama2025_fixed\041125_experimental\041125PA_experimental_part03.mp4,1900-01-01 19:17:53.400,1060
52736,720,68,1.5,114.0,155.0,250.8,D:\AprPanama2025_fixed\041125_experimental\041125PA_experimental_part03.mp4,1900-01-01 19:17:53.600,1060
52737,720,68,1.5,114.0,155.0,250.8,D:\AprPanama2025_fixed\041125_experimental\041125PA_experimental_part03.mp4,1900-01-01 19:17:53.700,1060
52732,720,69,5.5,117.0,179.0,242.9090909090909,D:\AprPanama2025_fixed\041125_experimental\041125PA_experimental_part03.mp4,1900-01-01 19:17:53.200,1060
52747,617,66,3.0,113.0,164.0,253.125,D:\AprPanama2025_fixed\041125_experimental\041125PA_experimental_part03.mp4,1900-01-01 19:17:54.700,957
52747,725,102,12.5,124.0,179.0,250.04545454545456,D:\AprPanama2025_fixed\041125_experimental\041125PA_experimental_part03.mp4,1900-01-01 19:17:54.700,1065
52741,617,65,5.5,113.0,171.0,240.8181818181818,D:\AprPanama2025_fixed\041125_experimental\041125PA_experimental_part03.mp4,1900-01-01 19:17:54.100,957
52741,724,102,11.5,122.0,179.0,251.4736842105263,D:\AprPanama2025_fixed\041125_experimental\041125PA_experimental_part03.mp4,1900-01-01 19:17:54.100,1064
52745,617,66,6.0,112.0,173.0,243.72727272727275,D:\AprPanama2025_fixed\041125_experimental\041125PA_experimental_part03.mp4,1900-01-01 19:17:54.500,957
52745,725,102,15.5,117.0,179.0,246.56,D:\AprPanama2025_fixed\041125_experimental\041125PA_experimental_part03.mp4,1900-01-01 19:17:54.500,1065
52743,617,66,7.0,113.0,173.0,238.46153846153848,D:\AprPanama2025_fixed\041125_experimental\041125PA_experimental_part03.mp4,1900-01-01 19:17:54.300,957
52743,724,102,15.0,118.0,178.0,251.79166666666663,D:\AprPanama2025_fixed\041125_experimental\041125PA_experimental_part03.mp4,1900-01-01 19:17:54.300,1064
52746,617,66,5.0,119.0,170.0,248.6,D:\AprPanama2025_fixed\041125_experimental\041125PA_experimental_part03.mp4,1900-01-01 19:17:54.600,957
52746,725,102,12.5,123.0,179.0,250.9047619047619,D:\AprPanama2025_fixed\041125_experimental\041125PA_experimental_part03.mp4,1900-01-01 19:17:54.600,1065
52744,617,66,6.5,111.0,176.0,241.8333333333333,D:\AprPanama2025_fixed\041125_experimental\041125PA_experimental_part03.mp4,1900-01-01 19:17:54.400,957
52744,725,102,15.5,117.0,179.0,246.56,D:\AprPanama2025_fixed\041125_experimental\041125PA_experimental_part03.mp4,1900-01-01 19:17:54.400,1065
52742,617,66,7.5,114.0,178.0,235.35714285714283,D:\AprPanama2025_fixed\041125_experimental\041125PA_experimental_part03.mp4,1900-01-01 19:17:54.200,957
52742,724,102,14.5,122.0,179.0,246.7391304347826,D:\AprPanama2025_fixed\041125_experimental\041125PA_experimental_part03.mp4,1900-01-01 19:17:54.200,1064
52740,617,65,5.5,114.0,170.0,233.27272727272728,D:\AprPanama2025_fixed\041125_experimental\041125PA_experimental_part03.mp4,1900-01-01 19:17:54.000,957
52740,724,102,8.5,123.0,179.0,252.875,D:\AprPanama2025_fixed\041125_experimental\041125PA_experimental_part03.mp4,1900-01-01 19:17:54.000,1064
52750,725,102,9.5,115.0,179.0,245.64705882352945,D:\AprPanama2025_fixed\041125_experimental\041125PA_experimental_part03.mp4,1900-01-01 19:17:55.000,1065
52753,618,40,1.5,131.0,158.0,250.4,D:\AprPanama2025_fixed\041125_experimental\041125PA_experimental_part03.mp4,1900-01-01 19:17:55.300,958
52753,725,102,7.0,113.0,179.0,244.5,D:\AprPanama2025_fixed\041125_experimental\041125PA_experimental_part03.mp4,1900-01-01 19:17:55.300,1065
52752,725,102,7.0,113.0,179.0,244.5,D:\AprPanama2025_fixed\041125_experimental\041125PA_experimental_part03.mp4,1900-01-01 19:17:55.200,1065
52751,726,102,8.5,112.0,178.0,242.25,D:\AprPanama2025_fixed\041125_experimental\041125PA_experimental_part03.mp4,1900-01-01 19:17:55.100,1066
52754,618,40,1.5,131.0,158.0,250.4,D:\AprPanama2025_fixed\041125_experimental\041125PA_experimental_part03.mp4,1900-01-01 19:17:55.400,958
52754,725,102,7.0,113.0,179.0,244.5,D:\AprPanama2025_fixed\041125_experimental\041125PA_experimental_part03.mp4,1900-01-01 19:17:55.400,1065
52749,616,65,1.5,113.0,153.0,250.16666666666663,D:\AprPanama2025_fixed\041125_experimental\041125PA_experimental_part03.mp4,1900-01-01 19:17:54.900,956
52749,725,102,10.5,118.0,178.0,244.3157894736842,D:\AprPanama2025_fixed\041125_experimental\041125PA_experimental_part03.mp4,1900-01-01 19:17:54.900,1065
52748,616,65,1.5,113.0,153.0,250.16666666666663,D:\AprPanama2025_fixed\041125_experimental\041125PA_experimental_part03.mp4,1900-01-01 19:17:54.800,956
52748,725,102,11.5,132.0,178.0,249.4,D:\AprPanama2025_fixed\041125_experimental\041125PA_experimental_part03.mp4,1900-01-01 19:17:54.800,1065
52755,616,64,2.0,113.0,169.0,123.66666666666666,D:\AprPanama2025_fixed\041125_experimental\041125PA_experimental_part03.mp4,1900-01-01 19:17:55.500,956
52755,726,102,4.0,130.0,176.0,247.55555555555557,D:\AprPanama2025_fixed\041125_experimental\041125PA_experimental_part03.mp4,1900-01-01 19:17:55.500,1066
52759,617,41,3.5,119.0,182.0,223.0,D:\AprPanama2025_fixed\041125_experimental\041125PA_experimental_part03.mp4,1900-01-01 19:17:55.900,957
52762,617,42,1.5,116.0,150.0,37.8,D:\AprPanama2025_fixed\041125_experimental\041125PA_experimental_part03.mp4,1900-01-01 19:17:56.200,957
52761,617,42,1.5,116.0,150.0,37.8,D:\AprPanama2025_fixed\041125_experimental\041125PA_experimental_part03.mp4,1900-01-01 19:17:56.100,957
52757,618,41,4.0,122.0,170.0,209.125,D:\AprPanama2025_fixed\041125_experimental\041125PA_experimental_part03.mp4,1900-01-01 19:17:55.700,958
52757,616,64,1.5,123.0,167.0,209.6,D:\AprPanama2025_fixed\041125_experimental\041125PA_experimental_part03.mp4,1900-01-01 19:17:55.700,956
52757,726,102,1.5,142.0,174.0,253.8,D:\AprPanama2025_fixed\041125_experimental\041125PA_experimental_part03.mp4,1900-01-01 19:17:55.700,1066
52763,617,42,1.5,116.0,150.0,37.8,D:\AprPanama2025_fixed\041125_experimental\041125PA_experimental_part03.mp4,1900-01-01 19:17:56.300,957
52758,617,41,3.5,119.0,182.0,223.0,D:\AprPanama2025_fixed\041125_experimental\041125PA_experimental_part03.mp4,1900-01-01 19:17:55.800,957
52758,726,102,2.5,112.0,181.0,235.16666666666663,D:\AprPanama2025_fixed\041125_experimental\041125PA_experimental_part03.mp4,1900-01-01 19:17:55.800,1066
52756,616,64,2.0,116.0,177.0,212.8333333333333,D:\AprPanama2025_fixed\041125_experimental\041125PA_experimental_part03.mp4,1900-01-01 19:17:55.600,956
52756,726,102,2.0,111.0,179.0,249.66666666666663,D:\AprPanama2025_fixed\041125_experimental\041125PA_experimental_part03.mp4,1900-01-01 19:17:55.600,1066
52765,617,20,1.5,119.0,184.0,226.0,D:\AprPanama2025_fixed\041125_experimental\041125PA_experimental_part03.mp4,1900-01-01 19:17:56.500,957
53206,1012,145,3.0,116.0,160.0,190.25,D:\AprPanama2025_fixed\041125_experimental\041125PA_experimental_part03.mp4,1900-01-01 19:18:40.600,1352
53205,1012,145,1.5,120.0,170.0,207.2,D:\AprPanama2025_fixed\041125_experimental\041125PA_experimental_part03.mp4,1900-01-01 19:18:40.500,1352
53210,1010,146,1.5,114.0,159.0,222.8,D:\AprPanama2025_fixed\041125_experimental\041125PA_experimental_part03.mp4,1900-01-01 19:18:41.000,1350
53234,1012,196,3.0,113.0,146.0,254.3333333333333,D:\AprPanama2025_fixed\041125_experimental\041125PA_experimental_part03.mp4,1900-01-01 19:18:43.400,1352
53233,1012,195,5.5,119.0,166.0,246.5,D:\AprPanama2025_fixed\041125_experimental\041125PA_experimental_part03.mp4,1900-01-01 19:18:43.300,1352
53235,1011,196,6.0,111.0,154.0,240.6923076923077,D:\AprPanama2025_fixed\041125_experimental\041125PA_experimental_part03.mp4,1900-01-01 19:18:43.500,1351
53571,1148,161,7.5,118.0,174.0,202.6,D:\AprPanama2025_fixed\041125_experimental\041125PA_experimental_part03.mp4,1900-01-01 19:19:17.100,1488
53570,1149,161,6.5,120.0,174.0,238.28571428571428,D:\AprPanama2025_fixed\041125_experimental\041125PA_experimental_part03.mp4,1900-01-01 19:19:17.000,1489
53574,1149,162,2.5,111.0,167.0,243.25,D:\AprPanama2025_fixed\041125_experimental\041125PA_experimental_part03.mp4,1900-01-01 19:19:17.400,1489
53573,1148,162,6.5,119.0,171.0,213.15384615384616,D:\AprPanama2025_fixed\041125_experimental\041125PA_experimental_part03.mp4,1900-01-01 19:19:17.300,1488
53572,1148,162,7.5,116.0,171.0,221.64285714285717,D:\AprPanama2025_fixed\041125_experimental\041125PA_experimental_part03.mp4,1900-01-01 19:19:17.200,1488
53790,695,97,9.5,123.0,179.0,239.875,D:\AprPanama2025_fixed\041125_experimental\041125PA_experimental_part03.mp4,1900-01-01 19:19:39.000,1035
53792,695,97,11.0,111.0,178.0,244.8421052631579,D:\AprPanama2025_fixed\041125_experimental\041125PA_experimental_part03.mp4,1900-01-01 19:19:39.200,1035
53793,695,96,9.0,121.0,179.0,245.8125,D:\AprPanama2025_fixed\041125_experimental\041125PA_experimental_part03.mp4,1900-01-01 19:19:39.300,1035
53791,695,97,9.5,115.0,173.0,238.875,D:\AprPanama2025_fixed\041125_experimental\041125PA_experimental_part03.mp4,1900-01-01 19:19:39.100,1035
53789,695,97,5.0,128.0,178.0,246.25,D:\AprPanama2025_fixed\041125_experimental\041125PA_experimental_part03.mp4,1900-01-01 19:19:38.900,1035
53795,695,95,8.5,123.0,179.0,244.0,D:\AprPanama2025_fixed\041125_experimental\041125PA_experimental_part03.mp4,1900-01-01 19:19:39.500,1035
53788,695,97,4.5,123.0,164.0,248.2,D:\AprPanama2025_fixed\041125_experimental\041125PA_experimental_part03.mp4,1900-01-01 19:19:38.800,1035
53794,695,95,9.5,113.0,179.0,250.0625,D:\AprPanama2025_fixed\041125_experimental\041125PA_experimental_part03.mp4,1900-01-01 19:19:39.400,1035
53801,694,95,4.5,114.0,169.0,210.3,D:\AprPanama2025_fixed\041125_experimental\041125PA_experimental_part03.mp4,1900-01-01 19:19:40.100,1034
53800,695,95,5.0,120.0,167.0,210.8181818181818,D:\AprPanama2025_fixed\041125_experimental\041125PA_experimental_part03.mp4,1900-01-01 19:19:40.000,1035
53798,694,95,3.0,111.0,166.0,243.66666666666663,D:\AprPanama2025_fixed\041125_experimental\041125PA_experimental_part03.mp4,1900-01-01 19:19:39.800,1034
53797,695,95,4.5,124.0,170.0,245.8,D:\AprPanama2025_fixed\041125_experimental\041125PA_experimental_part03.mp4,1900-01-01 19:19:39.700,1035
53799,694,95,3.0,115.0,169.0,241.77777777777777,D:\AprPanama2025_fixed\041125_experimental\041125PA_experimental_part03.mp4,1900-01-01 19:19:39.900,1034
53796,694,95,7.0,120.0,177.0,245.13333333333333,D:\AprPanama2025_fixed\041125_experimental\041125PA_experimental_part03.mp4,1900-01-01 19:19:39.600,1034
53836,612,132,1.5,122.0,165.0,236.8,D:\AprPanama2025_fixed\041125_experimental\041125PA_experimental_part03.mp4,1900-01-01 19:19:43.600,952
53837,612,132,1.5,121.0,168.0,215.2,D:\AprPanama2025_fixed\041125_experimental\041125PA_experimental_part03.mp4,1900-01-01 19:19:43.700,952
53839,612,132,1.5,135.0,173.0,213.4,D:\AprPanama2025_fixed\041125_experimental\041125PA_experimental_part03.mp4,1900-01-01 19:19:43.900,952
53840,612,132,2.0,112.0,171.0,232.16666666666663,D:\AprPanama2025_fixed\041125_experimental\041125PA_experimental_part03.mp4,1900-01-01 19:19:44.000,952
53838,612,133,2.5,122.0,172.0,249.14285714285717,D:\AprPanama2025_fixed\041125_experimental\041125PA_experimental_part03.mp4,1900-01-01 19:19:43.800,952
53842,612,132,1.5,118.0,169.0,237.0,D:\AprPanama2025_fixed\041125_experimental\041125PA_experimental_part03.mp4,1900-01-01 19:19:44.200,952
53845,670,144,5.0,113.0,179.0,239.3,D:\AprPanama2025_fixed\041125_experimental\041125PA_experimental_part03.mp4,1900-01-01 19:19:44.500,1010
53846,670,145,13.5,120.0,179.0,243.3333333333333,D:\AprPanama2025_fixed\041125_experimental\041125PA_experimental_part03.mp4,1900-01-01 19:19:44.600,1010
53850,670,146,10.0,113.0,179.0,250.2941176470588,D:\AprPanama2025_fixed\041125_experimental\041125PA_experimental_part03.mp4,1900-01-01 19:19:45.000,1010
53847,670,145,13.5,120.0,179.0,243.3333333333333,D:\AprPanama2025_fixed\041125_experimental\041125PA_experimental_part03.mp4,1900-01-01 19:19:44.700,1010
53848,670,145,12.5,113.0,179.0,242.55,D:\AprPanama2025_fixed\041125_experimental\041125PA_experimental_part03.mp4,1900-01-01 19:19:44.800,1010
53851,670,146,10.0,113.0,179.0,250.2941176470588,D:\AprPanama2025_fixed\041125_experimental\041125PA_experimental_part03.mp4,1900-01-01 19:19:45.100,1010
53849,670,145,11.0,113.0,179.0,242.2222222222222,D:\AprPanama2025_fixed\041125_experimental\041125PA_experimental_part03.mp4,1900-01-01 19:19:44.900,1010
53844,670,144,3.5,113.0,173.0,205.125,D:\AprPanama2025_fixed\041125_experimental\041125PA_experimental_part03.mp4,1900-01-01 19:19:44.400,1010
53854,615,93,3.0,133.0,166.0,251.42857142857144,D:\AprPanama2025_fixed\041125_experimental\041125PA_experimental_part03.mp4,1900-01-01 19:19:45.400,955
53854,670,146,9.5,112.0,179.0,252.25,D:\AprPanama2025_fixed\041125_experimental\041125PA_experimental_part03.mp4,1900-01-01 19:19:45.400,1010
53858,669,146,6.0,127.0,179.0,253.16666666666663,D:\AprPanama2025_fixed\041125_experimental\041125PA_experimental_part03.mp4,1900-01-01 19:19:45.800,1009
53857,614,93,3.5,128.0,162.0,249.625,D:\AprPanama2025_fixed\041125_experimental\041125PA_experimental_part03.mp4,1900-01-01 19:19:45.700,954
53857,669,146,6.0,127.0,179.0,253.16666666666663,D:\AprPanama2025_fixed\041125_experimental\041125PA_experimental_part03.mp4,1900-01-01 19:19:45.700,1009
53856,615,93,3.0,122.0,159.0,230.0,D:\AprPanama2025_fixed\041125_experimental\041125PA_experimental_part03.mp4,1900-01-01 19:19:45.600,955
53856,669,146,6.0,127.0,179.0,253.16666666666663,D:\AprPanama2025_fixed\041125_experimental\041125PA_experimental_part03.mp4,1900-01-01 19:19:45.600,1009
53852,670,146,10.0,113.0,179.0,250.2941176470588,D:\AprPanama2025_fixed\041125_experimental\041125PA_experimental_part03.mp4,1900-01-01 19:19:45.200,1010
53855,615,93,4.0,113.0,165.0,238.88888888888889,D:\AprPanama2025_fixed\041125_experimental\041125PA_experimental_part03.mp4,1900-01-01 19:19:45.500,955
53855,669,146,6.0,115.0,179.0,254.5833333333333,D:\AprPanama2025_fixed\041125_experimental\041125PA_experimental_part03.mp4,1900-01-01 19:19:45.500,1009
53859,669,146,4.5,134.0,177.0,238.8,D:\AprPanama2025_fixed\041125_experimental\041125PA_experimental_part03.mp4,1900-01-01 19:19:45.900,1009
53853,615,93,4.5,125.0,176.0,242.44444444444443,D:\AprPanama2025_fixed\041125_experimental\041125PA_experimental_part03.mp4,1900-01-01 19:19:45.300,955
53853,670,146,9.5,112.0,179.0,251.8125,D:\AprPanama2025_fixed\041125_experimental\041125PA_experimental_part03.mp4,1900-01-01 19:19:45.300,1010
53860,669,147,7.0,115.0,178.0,236.46153846153848,D:\AprPanama2025_fixed\041125_experimental\041125PA_experimental_part03.mp4,1900-01-01 19:19:46.000,1009
53870,677,97,1.5,120.0,154.0,226.4,D:\AprPanama2025_fixed\041125_experimental\041125PA_experimental_part03.mp4,1900-01-01 19:19:47.000,1017
53871,678,97,1.5,128.0,178.0,251.16666666666663,D:\AprPanama2025_fixed\041125_experimental\041125PA_experimental_part03.mp4,1900-01-01 19:19:47.100,1018
54916,671,86,1.5,122.0,166.0,235.16666666666663,D:\AprPanama2025_fixed\041125_experimental\041125PA_experimental_part04.mp4,1900-01-01 19:21:31.600,1011
54917,671,86,4.5,112.0,178.0,229.45454545454547,D:\AprPanama2025_fixed\041125_experimental\041125PA_experimental_part04.mp4,1900-01-01 19:21:31.700,1011
54923,672,86,6.5,117.0,179.0,251.3846153846154,D:\AprPanama2025_fixed\041125_experimental\041125PA_experimental_part04.mp4,1900-01-01 19:21:32.300,1012
54924,672,86,6.5,111.0,175.0,246.61538461538464,D:\AprPanama2025_fixed\041125_experimental\041125PA_experimental_part04.mp4,1900-01-01 19:21:32.400,1012
54919,671,86,9.5,119.0,178.0,253.375,D:\AprPanama2025_fixed\041125_experimental\041125PA_experimental_part04.mp4,1900-01-01 19:21:31.900,1011
54920,671,86,9.0,117.0,179.0,253.4,D:\AprPanama2025_fixed\041125_experimental\041125PA_experimental_part04.mp4,1900-01-01 19:21:32.000,1011
54925,672,86,2.5,117.0,174.0,246.28571428571428,D:\AprPanama2025_fixed\041125_experimental\041125PA_experimental_part04.mp4,1900-01-01 19:21:32.500,1012
54918,670,86,11.0,115.0,178.0,244.38888888888889,D:\AprPanama2025_fixed\041125_experimental\041125PA_experimental_part04.mp4,1900-01-01 19:21:31.800,1010
54921,671,86,8.0,114.0,178.0,249.14285714285717,D:\AprPanama2025_fixed\041125_experimental\041125PA_experimental_part04.mp4,1900-01-01 19:21:32.100,1011
54922,671,86,8.0,115.0,179.0,253.92857142857144,D:\AprPanama2025_fixed\041125_experimental\041125PA_experimental_part04.mp4,1900-01-01 19:21:32.200,1011
54931,673,85,6.0,115.0,170.0,184.66666666666663,D:\AprPanama2025_fixed\041125_experimental\041125PA_experimental_part04.mp4,1900-01-01 19:21:33.100,1013
54933,673,86,4.5,120.0,165.0,225.7,D:\AprPanama2025_fixed\041125_experimental\041125PA_experimental_part04.mp4,1900-01-01 19:21:33.300,1013
54929,673,86,4.5,113.0,165.0,245.0,D:\AprPanama2025_fixed\041125_experimental\041125PA_experimental_part04.mp4,1900-01-01 19:21:32.900,1013
54930,673,85,6.0,140.0,174.0,225.16666666666663,D:\AprPanama2025_fixed\041125_experimental\041125PA_experimental_part04.mp4,1900-01-01 19:21:33.000,1013
54932,673,86,4.5,125.0,165.0,185.7,D:\AprPanama2025_fixed\041125_experimental\041125PA_experimental_part04.mp4,1900-01-01 19:21:33.200,1013
54927,672,86,4.0,117.0,177.0,246.88888888888889,D:\AprPanama2025_fixed\041125_experimental\041125PA_experimental_part04.mp4,1900-01-01 19:21:32.700,1012
54926,672,86,4.0,117.0,177.0,246.88888888888889,D:\AprPanama2025_fixed\041125_experimental\041125PA_experimental_part04.mp4,1900-01-01 19:21:32.600,1012
54928,673,86,4.5,138.0,171.0,247.3636363636364,D:\AprPanama2025_fixed\041125_experimental\041125PA_experimental_part04.mp4,1900-01-01 19:21:32.800,1013
54957,667,110,6.5,113.0,175.0,253.3846153846154,D:\AprPanama2025_fixed\041125_experimental\041125PA_experimental_part04.mp4,1900-01-01 19:21:35.700,1007
54956,667,111,4.5,127.0,178.0,249.9,D:\AprPanama2025_fixed\041125_experimental\041125PA_experimental_part04.mp4,1900-01-01 19:21:35.600,1007
54955,668,110,1.5,112.0,160.0,241.0,D:\AprPanama2025_fixed\041125_experimental\041125PA_experimental_part04.mp4,1900-01-01 19:21:35.500,1008
54959,668,111,7.5,111.0,177.0,242.0,D:\AprPanama2025_fixed\041125_experimental\041125PA_experimental_part04.mp4,1900-01-01 19:21:35.900,1008
54964,667,111,2.5,116.0,152.0,246.57142857142856,D:\AprPanama2025_fixed\041125_experimental\041125PA_experimental_part04.mp4,1900-01-01 19:21:36.400,1007
54965,667,111,3.0,132.0,175.0,249.75,D:\AprPanama2025_fixed\041125_experimental\041125PA_experimental_part04.mp4,1900-01-01 19:21:36.500,1007
54962,667,111,6.0,111.0,177.0,240.72727272727275,D:\AprPanama2025_fixed\041125_experimental\041125PA_experimental_part04.mp4,1900-01-01 19:21:36.200,1007
54961,667,111,5.0,123.0,176.0,249.0,D:\AprPanama2025_fixed\041125_experimental\041125PA_experimental_part04.mp4,1900-01-01 19:21:36.100,1007
54960,668,111,8.0,113.0,177.0,241.07142857142856,D:\AprPanama2025_fixed\041125_experimental\041125PA_experimental_part04.mp4,1900-01-01 19:21:36.000,1008
54958,667,111,6.5,120.0,179.0,246.5,D:\AprPanama2025_fixed\041125_experimental\041125PA_experimental_part04.mp4,1900-01-01 19:21:35.800,1007
54963,667,111,4.0,115.0,179.0,245.1111111111111,D:\AprPanama2025_fixed\041125_experimental\041125PA_experimental_part04.mp4,1900-01-01 19:21:36.300,1007
54968,668,111,1.5,117.0,157.0,247.0,D:\AprPanama2025_fixed\041125_experimental\041125PA_experimental_part04.mp4,1900-01-01 19:21:36.800,1008
54969,668,111,1.5,115.0,149.0,243.0,D:\AprPanama2025_fixed\041125_experimental\041125PA_experimental_part04.mp4,1900-01-01 19:21:36.900,1008
54967,668,111,1.5,120.0,165.0,249.0,D:\AprPanama2025_fixed\041125_experimental\041125PA_experimental_part04.mp4,1900-01-01 19:21:36.700,1008
54976,678,70,2.5,117.0,176.0,249.42857142857144,D:\AprPanama2025_fixed\041125_experimental\041125PA_experimental_part04.mp4,1900-01-01 19:21:37.600,1018
54979,679,70,4.0,132.0,175.0,240.88888888888889,D:\AprPanama2025_fixed\041125_experimental\041125PA_experimental_part04.mp4,1900-01-01 19:21:37.900,1019
54978,679,70,5.5,143.0,178.0,248.27272727272728,D:\AprPanama2025_fixed\041125_experimental\041125PA_experimental_part04.mp4,1900-01-01 19:21:37.800,1019
54977,679,70,4.5,111.0,178.0,244.7,D:\AprPanama2025_fixed\041125_experimental\041125PA_experimental_part04.mp4,1900-01-01 19:21:37.700,1019
54981,679,71,4.0,111.0,179.0,245.0,D:\AprPanama2025_fixed\041125_experimental\041125PA_experimental_part04.mp4,1900-01-01 19:21:38.100,1019
54980,679,71,4.0,111.0,179.0,245.0,D:\AprPanama2025_fixed\041125_experimental\041125PA_experimental_part04.mp4,1900-01-01 19:21:38.000,1019
54987,676,39,2.0,115.0,167.0,212.7142857142857,D:\AprPanama2025_fixed\041125_experimental\041125PA_experimental_part04.mp4,1900-01-01 19:21:38.700,1016
54987,679,71,3.5,115.0,167.0,193.125,D:\AprPanama2025_fixed\041125_experimental\041125PA_experimental_part04.mp4,1900-01-01 19:21:38.700,1019
54985,680,70,1.5,116.0,161.0,245.8333333333333,D:\AprPanama2025_fixed\041125_experimental\041125PA_experimental_part04.mp4,1900-01-01 19:21:38.500,1020
54983,679,71,3.5,128.0,176.0,242.66666666666663,D:\AprPanama2025_fixed\041125_experimental\041125PA_experimental_part04.mp4,1900-01-01 19:21:38.300,1019
54989,677,39,2.5,150.0,173.0,171.57142857142856,D:\AprPanama2025_fixed\041125_experimental\041125PA_experimental_part04.mp4,1900-01-01 19:21:38.900,1017
54982,679,71,3.5,128.0,176.0,242.66666666666663,D:\AprPanama2025_fixed\041125_experimental\041125PA_experimental_part04.mp4,1900-01-01 19:21:38.200,1019
54984,679,71,5.0,115.0,173.0,244.63636363636363,D:\AprPanama2025_fixed\041125_experimental\041125PA_experimental_part04.mp4,1900-01-01 19:21:38.400,1019
54990,676,39,1.5,137.0,176.0,219.66666666666663,D:\AprPanama2025_fixed\041125_experimental\041125PA_experimental_part04.mp4,1900-01-01 19:21:39.000,1016
54991,676,39,1.5,113.0,163.0,180.8,D:\AprPanama2025_fixed\041125_experimental\041125PA_experimental_part04.mp4,1900-01-01 19:21:39.100,1016
56325,684,135,6.0,117.0,166.0,194.0,D:\AprPanama2025_fixed\041125_experimental\041125PA_experimental_part04.mp4,1900-01-01 19:23:52.500,1024
56324,684,136,4.0,136.0,176.0,196.55555555555557,D:\AprPanama2025_fixed\041125_experimental\041125PA_experimental_part04.mp4,1900-01-01 19:23:52.400,1024
56323,684,135,3.5,126.0,172.0,177.0,D:\AprPanama2025_fixed\041125_experimental\041125PA_experimental_part04.mp4,1900-01-01 19:23:52.300,1024
56331,683,135,3.0,113.0,160.0,251.375,D:\AprPanama2025_fixed\041125_experimental\041125PA_experimental_part04.mp4,1900-01-01 19:23:53.100,1023
56327,683,136,7.0,114.0,178.0,188.3846153846154,D:\AprPanama2025_fixed\041125_experimental\041125PA_experimental_part04.mp4,1900-01-01 19:23:52.700,1023
56328,683,135,5.0,132.0,174.0,206.0,D:\AprPanama2025_fixed\041125_experimental\041125PA_experimental_part04.mp4,1900-01-01 19:23:52.800,1023
56326,683,135,4.5,118.0,177.0,180.77777777777777,D:\AprPanama2025_fixed\041125_experimental\041125PA_experimental_part04.mp4,1900-01-01 19:23:52.600,1023
56329,683,135,4.0,142.0,179.0,235.0,D:\AprPanama2025_fixed\041125_experimental\041125PA_experimental_part04.mp4,1900-01-01 19:23:52.900,1023
56334,682,135,1.5,128.0,156.0,123.4,D:\AprPanama2025_fixed\041125_experimental\041125PA_experimental_part04.mp4,1900-01-01 19:23:53.400,1022
56354,613,124,6.0,116.0,176.0,244.75,D:\AprPanama2025_fixed\041125_experimental\041125PA_experimental_part04.mp4,1900-01-01 19:23:55.400,953
56354,684,181,14.5,111.0,179.0,250.6086956521739,D:\AprPanama2025_fixed\041125_experimental\041125PA_experimental_part04.mp4,1900-01-01 19:23:55.400,1024
56352,613,124,6.5,114.0,172.0,186.84615384615387,D:\AprPanama2025_fixed\041125_experimental\041125PA_experimental_part04.mp4,1900-01-01 19:23:55.200,953
56352,684,181,11.5,113.0,178.0,247.4736842105263,D:\AprPanama2025_fixed\041125_experimental\041125PA_experimental_part04.mp4,1900-01-01 19:23:55.200,1024
56351,684,180,9.0,134.0,179.0,247.125,D:\AprPanama2025_fixed\041125_experimental\041125PA_experimental_part04.mp4,1900-01-01 19:23:55.100,1024
56355,613,123,4.5,116.0,176.0,226.0,D:\AprPanama2025_fixed\041125_experimental\041125PA_experimental_part04.mp4,1900-01-01 19:23:55.500,953
56355,684,181,14.5,111.0,179.0,247.65217391304347,D:\AprPanama2025_fixed\041125_experimental\041125PA_experimental_part04.mp4,1900-01-01 19:23:55.500,1024
56357,614,124,3.5,133.0,174.0,247.875,D:\AprPanama2025_fixed\041125_experimental\041125PA_experimental_part04.mp4,1900-01-01 19:23:55.700,954
56357,684,181,12.0,111.0,177.0,240.3,D:\AprPanama2025_fixed\041125_experimental\041125PA_experimental_part04.mp4,1900-01-01 19:23:55.700,1024
56353,613,124,6.5,120.0,178.0,236.53846153846155,D:\AprPanama2025_fixed\041125_experimental\041125PA_experimental_part04.mp4,1900-01-01 19:23:55.300,953
56353,684,181,13.0,115.0,179.0,246.7142857142857,D:\AprPanama2025_fixed\041125_experimental\041125PA_experimental_part04.mp4,1900-01-01 19:23:55.300,1024
56350,684,180,5.0,118.0,179.0,251.3636363636364,D:\AprPanama2025_fixed\041125_experimental\041125PA_experimental_part04.mp4,1900-01-01 19:23:55.000,1024
56356,614,124,3.5,133.0,174.0,247.875,D:\AprPanama2025_fixed\041125_experimental\041125PA_experimental_part04.mp4,1900-01-01 19:23:55.600,954
56356,684,181,13.5,111.0,178.0,240.27272727272728,D:\AprPanama2025_fixed\041125_experimental\041125PA_experimental_part04.mp4,1900-01-01 19:23:55.600,1024
56362,683,181,6.0,119.0,178.0,250.41666666666663,D:\AprPanama2025_fixed\041125_experimental\041125PA_experimental_part04.mp4,1900-01-01 19:23:56.200,1023
56360,683,181,7.5,119.0,179.0,252.78571428571428,D:\AprPanama2025_fixed\041125_experimental\041125PA_experimental_part04.mp4,1900-01-01 19:23:56.000,1023
56359,614,123,5.0,116.0,176.0,227.8,D:\AprPanama2025_fixed\041125_experimental\041125PA_experimental_part04.mp4,1900-01-01 19:23:55.900,954
56359,683,181,7.5,119.0,179.0,253.57142857142856,D:\AprPanama2025_fixed\041125_experimental\041125PA_experimental_part04.mp4,1900-01-01 19:23:55.900,1023
56361,683,181,7.5,116.0,179.0,248.85714285714283,D:\AprPanama2025_fixed\041125_experimental\041125PA_experimental_part04.mp4,1900-01-01 19:23:56.100,1023
56358,614,123,5.0,123.0,187.0,225.1,D:\AprPanama2025_fixed\041125_experimental\041125PA_experimental_part04.mp4,1900-01-01 19:23:55.800,954
56358,684,181,9.0,111.0,179.0,249.35294117647055,D:\AprPanama2025_fixed\041125_experimental\041125PA_experimental_part04.mp4,1900-01-01 19:23:55.800,1024
56370,611,98,5.5,142.0,179.0,245.72727272727275,D:\AprPanama2025_fixed\041125_experimental\041125PA_experimental_part04.mp4,1900-01-01 19:23:57.000,951
56368,611,98,2.0,111.0,169.0,216.66666666666663,D:\AprPanama2025_fixed\041125_experimental\041125PA_experimental_part04.mp4,1900-01-01 19:23:56.800,951
56373,611,99,3.0,114.0,170.0,234.125,D:\AprPanama2025_fixed\041125_experimental\041125PA_experimental_part04.mp4,1900-01-01 19:23:57.300,951
56369,612,98,2.0,130.0,173.0,239.14285714285717,D:\AprPanama2025_fixed\041125_experimental\041125PA_experimental_part04.mp4,1900-01-01 19:23:56.900,952
56371,611,98,4.5,124.0,179.0,243.8,D:\AprPanama2025_fixed\041125_experimental\041125PA_experimental_part04.mp4,1900-01-01 19:23:57.100,951
56372,611,98,5.5,121.0,174.0,233.27272727272728,D:\AprPanama2025_fixed\041125_experimental\041125PA_experimental_part04.mp4,1900-01-01 19:23:57.200,951
58111,562,111,4.0,128.0,163.0,190.2222222222222,D:\AprPanama2025_fixed\041125_experimental\041125PA_experimental_part04.mp4,1900-01-01 19:26:51.100,902
58113,562,112,5.5,123.0,179.0,238.45454545454547,D:\AprPanama2025_fixed\041125_experimental\041125PA_experimental_part04.mp4,1900-01-01 19:26:51.300,902
58117,562,111,5.0,121.0,179.0,249.1,D:\AprPanama2025_fixed\041125_experimental\041125PA_experimental_part04.mp4,1900-01-01 19:26:51.700,902
58110,562,111,2.0,134.0,175.0,226.5,D:\AprPanama2025_fixed\041125_experimental\041125PA_experimental_part04.mp4,1900-01-01 19:26:51.000,902
58112,562,111,5.0,132.0,171.0,247.4,D:\AprPanama2025_fixed\041125_experimental\041125PA_experimental_part04.mp4,1900-01-01 19:26:51.200,902
58116,563,110,1.5,111.0,156.0,246.0,D:\AprPanama2025_fixed\041125_experimental\041125PA_experimental_part04.mp4,1900-01-01 19:26:51.600,903
58115,562,110,1.5,112.0,148.0,254.6,D:\AprPanama2025_fixed\041125_experimental\041125PA_experimental_part04.mp4,1900-01-01 19:26:51.500,902
58114,562,111,3.5,141.0,180.0,216.0,D:\AprPanama2025_fixed\041125_experimental\041125PA_experimental_part04.mp4,1900-01-01 19:26:51.400,902
58119,563,110,5.0,121.0,179.0,246.6,D:\AprPanama2025_fixed\041125_experimental\041125PA_experimental_part04.mp4,1900-01-01 19:26:51.900,903
58124,725,3,2.5,111.0,145.0,117.28571428571428,D:\AprPanama2025_fixed\041125_experimental\041125PA_experimental_part04.mp4,1900-01-01 19:26:52.400,1065
58124,557,247,12.0,113.0,179.0,242.6315789473684,D:\AprPanama2025_fixed\041125_experimental\041125PA_experimental_part04.mp4,1900-01-01 19:26:52.400,897
58121,725,4,2.5,111.0,136.0,53.71428571428571,D:\AprPanama2025_fixed\041125_experimental\041125PA_experimental_part04.mp4,1900-01-01 19:26:52.100,1065
58122,725,4,3.0,113.0,133.0,82.0,D:\AprPanama2025_fixed\041125_experimental\041125PA_experimental_part04.mp4,1900-01-01 19:26:52.200,1065
58122,556,246,2.0,113.0,172.0,227.5,D:\AprPanama2025_fixed\041125_experimental\041125PA_experimental_part04.mp4,1900-01-01 19:26:52.200,896
58123,725,4,3.5,114.0,132.0,99.75,D:\AprPanama2025_fixed\041125_experimental\041125PA_experimental_part04.mp4,1900-01-01 19:26:52.300,1065
58123,557,247,10.0,130.0,179.0,243.5,D:\AprPanama2025_fixed\041125_experimental\041125PA_experimental_part04.mp4,1900-01-01 19:26:52.300,897
58125,725,3,2.0,122.0,147.0,135.83333333333331,D:\AprPanama2025_fixed\041125_experimental\041125PA_experimental_part04.mp4,1900-01-01 19:26:52.500,1065
58125,557,247,12.0,113.0,179.0,242.6315789473684,D:\AprPanama2025_fixed\041125_experimental\041125PA_experimental_part04.mp4,1900-01-01 19:26:52.500,897
58118,563,110,5.0,121.0,179.0,246.6,D:\AprPanama2025_fixed\041125_experimental\041125PA_experimental_part04.mp4,1900-01-01 19:26:51.800,903
58133,555,246,7.0,111.0,179.0,249.92307692307693,D:\AprPanama2025_fixed\041125_experimental\041125PA_experimental_part04.mp4,1900-01-01 19:26:53.300,895
58129,557,247,8.5,121.0,179.0,240.86666666666667,D:\AprPanama2025_fixed\041125_experimental\041125PA_experimental_part04.mp4,1900-01-01 19:26:52.900,897
58132,556,246,4.5,124.0,179.0,251.4,D:\AprPanama2025_fixed\041125_experimental\041125PA_experimental_part04.mp4,1900-01-01 19:26:53.200,896
58127,563,110,2.5,121.0,160.0,118.66666666666666,D:\AprPanama2025_fixed\041125_experimental\041125PA_experimental_part04.mp4,1900-01-01 19:26:52.700,903
58127,557,247,11.0,119.0,175.0,239.55555555555557,D:\AprPanama2025_fixed\041125_experimental\041125PA_experimental_part04.mp4,1900-01-01 19:26:52.700,897
58128,557,247,9.5,127.0,175.0,241.875,D:\AprPanama2025_fixed\041125_experimental\041125PA_experimental_part04.mp4,1900-01-01 19:26:52.800,897
58130,556,247,6.5,117.0,178.0,251.41666666666663,D:\AprPanama2025_fixed\041125_experimental\041125PA_experimental_part04.mp4,1900-01-01 19:26:53.000,896
58126,557,247,11.0,119.0,175.0,239.55555555555557,D:\AprPanama2025_fixed\041125_experimental\041125PA_experimental_part04.mp4,1900-01-01 19:26:52.600,897
58131,556,246,7.0,112.0,177.0,249.15384615384616,D:\AprPanama2025_fixed\041125_experimental\041125PA_experimental_part04.mp4,1900-01-01 19:26:53.100,896
58135,555,246,7.0,118.0,177.0,249.46153846153848,D:\AprPanama2025_fixed\041125_experimental\041125PA_experimental_part04.mp4,1900-01-01 19:26:53.500,895
58136,555,246,7.0,114.0,176.0,248.84615384615387,D:\AprPanama2025_fixed\041125_experimental\041125PA_experimental_part04.mp4,1900-01-01 19:26:53.600,895
58140,555,245,7.0,118.0,176.0,227.23076923076923,D:\AprPanama2025_fixed\041125_experimental\041125PA_experimental_part04.mp4,1900-01-01 19:26:54.000,895
58137,555,246,7.0,120.0,176.0,247.0769230769231,D:\AprPanama2025_fixed\041125_experimental\041125PA_experimental_part04.mp4,1900-01-01 19:26:53.700,895
58138,555,245,7.5,117.0,174.0,229.14285714285717,D:\AprPanama2025_fixed\041125_experimental\041125PA_experimental_part04.mp4,1900-01-01 19:26:53.800,895
58141,555,245,7.0,113.0,176.0,222.6923076923077,D:\AprPanama2025_fixed\041125_experimental\041125PA_experimental_part04.mp4,1900-01-01 19:26:54.100,895
58134,555,246,7.0,112.0,179.0,250.84615384615387,D:\AprPanama2025_fixed\041125_experimental\041125PA_experimental_part04.mp4,1900-01-01 19:26:53.400,895
58139,555,245,7.5,117.0,174.0,229.14285714285717,D:\AprPanama2025_fixed\041125_experimental\041125PA_experimental_part04.mp4,1900-01-01 19:26:53.900,895
58142,555,246,2.0,116.0,165.0,198.42857142857144,D:\AprPanama2025_fixed\041125_experimental\041125PA_experimental_part04.mp4,1900-01-01 19:26:54.200,895
58154,560,174,1.5,135.0,175.0,212.8,D:\AprPanama2025_fixed\041125_experimental\041125PA_experimental_part04.mp4,1900-01-01 19:26:55.400,900
58155,560,174,1.5,135.0,175.0,212.8,D:\AprPanama2025_fixed\041125_experimental\041125PA_experimental_part04.mp4,1900-01-01 19:26:55.500,900
58269,566,138,1.5,123.0,158.0,115.6,D:\AprPanama2025_fixed\041125_experimental\041125PA_experimental_part04.mp4,1900-01-01 19:27:06.900,906
58273,567,137,7.0,113.0,179.0,245.07142857142856,D:\AprPanama2025_fixed\041125_experimental\041125PA_experimental_part04.mp4,1900-01-01 19:27:07.300,907
58271,567,137,6.0,111.0,175.0,234.25,D:\AprPanama2025_fixed\041125_experimental\041125PA_experimental_part04.mp4,1900-01-01 19:27:07.100,907
58277,568,136,8.0,124.0,179.0,254.64285714285717,D:\AprPanama2025_fixed\041125_experimental\041125PA_experimental_part04.mp4,1900-01-01 19:27:07.700,908
58274,567,136,8.5,111.0,179.0,246.375,D:\AprPanama2025_fixed\041125_experimental\041125PA_experimental_part04.mp4,1900-01-01 19:27:07.400,907
58272,567,137,7.0,113.0,179.0,245.07142857142856,D:\AprPanama2025_fixed\041125_experimental\041125PA_experimental_part04.mp4,1900-01-01 19:27:07.200,907
58270,567,138,2.0,134.0,166.0,244.16666666666663,D:\AprPanama2025_fixed\041125_experimental\041125PA_experimental_part04.mp4,1900-01-01 19:27:07.000,907
58275,567,136,8.5,111.0,179.0,246.375,D:\AprPanama2025_fixed\041125_experimental\041125PA_experimental_part04.mp4,1900-01-01 19:27:07.500,907
58276,568,136,6.0,124.0,179.0,248.8333333333333,D:\AprPanama2025_fixed\041125_experimental\041125PA_experimental_part04.mp4,1900-01-01 19:27:07.600,908
58280,568,135,3.0,130.0,175.0,247.125,D:\AprPanama2025_fixed\041125_experimental\041125PA_experimental_part04.mp4,1900-01-01 19:27:08.000,908
58282,568,135,3.5,111.0,168.0,244.1111111111111,D:\AprPanama2025_fixed\041125_experimental\041125PA_experimental_part04.mp4,1900-01-01 19:27:08.200,908
58283,568,134,1.5,114.0,162.0,243.3333333333333,D:\AprPanama2025_fixed\041125_experimental\041125PA_experimental_part04.mp4,1900-01-01 19:27:08.300,908
58278,568,136,8.0,124.0,179.0,254.64285714285717,D:\AprPanama2025_fixed\041125_experimental\041125PA_experimental_part04.mp4,1900-01-01 19:27:07.800,908
58279,568,136,7.0,114.0,186.0,245.53846153846155,D:\AprPanama2025_fixed\041125_experimental\041125PA_experimental_part04.mp4,1900-01-01 19:27:07.900,908
58284,569,135,2.0,121.0,151.0,253.57142857142856,D:\AprPanama2025_fixed\041125_experimental\041125PA_experimental_part04.mp4,1900-01-01 19:27:08.400,909
58285,569,135,6.0,116.0,179.0,239.91666666666663,D:\AprPanama2025_fixed\041125_experimental\041125PA_experimental_part04.mp4,1900-01-01 19:27:08.500,909
58281,568,135,4.0,125.0,169.0,244.44444444444443,D:\AprPanama2025_fixed\041125_experimental\041125PA_experimental_part04.mp4,1900-01-01 19:27:08.100,908
58293,570,134,2.5,112.0,174.0,215.0,D:\AprPanama2025_fixed\041125_experimental\041125PA_experimental_part04.mp4,1900-01-01 19:27:09.300,910
58286,568,135,2.0,111.0,165.0,222.85714285714283,D:\AprPanama2025_fixed\041125_experimental\041125PA_experimental_part04.mp4,1900-01-01 19:27:08.600,908
58294,569,134,1.5,113.0,158.0,125.8,D:\AprPanama2025_fixed\041125_experimental\041125PA_experimental_part04.mp4,1900-01-01 19:27:09.400,909
59724,713,85,8.5,111.0,179.0,242.7333333333333,D:\AprPanama2025_fixed\041125_experimental\041125PA_experimental_part04.mp4,1900-01-01 19:29:32.400,1053
59723,713,85,10.5,111.0,176.0,248.64705882352945,D:\AprPanama2025_fixed\041125_experimental\041125PA_experimental_part04.mp4,1900-01-01 19:29:32.300,1053
59722,713,85,8.5,140.0,179.0,240.13333333333333,D:\AprPanama2025_fixed\041125_experimental\041125PA_experimental_part04.mp4,1900-01-01 19:29:32.200,1053
59725,713,85,8.5,111.0,179.0,242.7333333333333,D:\AprPanama2025_fixed\041125_experimental\041125PA_experimental_part04.mp4,1900-01-01 19:29:32.500,1053
59721,713,85,7.5,130.0,179.0,239.78571428571428,D:\AprPanama2025_fixed\041125_experimental\041125PA_experimental_part04.mp4,1900-01-01 19:29:32.100,1053
59733,714,84,3.0,112.0,177.0,218.14285714285717,D:\AprPanama2025_fixed\041125_experimental\041125PA_experimental_part04.mp4,1900-01-01 19:29:33.300,1054
59728,714,84,4.0,115.0,177.0,238.9,D:\AprPanama2025_fixed\041125_experimental\041125PA_experimental_part04.mp4,1900-01-01 19:29:32.800,1054
59726,713,84,8.0,119.0,178.0,248.64285714285717,D:\AprPanama2025_fixed\041125_experimental\041125PA_experimental_part04.mp4,1900-01-01 19:29:32.600,1053
59729,714,84,3.0,119.0,175.0,248.0,D:\AprPanama2025_fixed\041125_experimental\041125PA_experimental_part04.mp4,1900-01-01 19:29:32.900,1054
59730,714,84,2.0,111.0,166.0,243.14285714285717,D:\AprPanama2025_fixed\041125_experimental\041125PA_experimental_part04.mp4,1900-01-01 19:29:33.000,1054
59731,714,84,3.5,114.0,181.0,229.25,D:\AprPanama2025_fixed\041125_experimental\041125PA_experimental_part04.mp4,1900-01-01 19:29:33.100,1054
59732,714,84,3.0,118.0,177.0,222.14285714285717,D:\AprPanama2025_fixed\041125_experimental\041125PA_experimental_part04.mp4,1900-01-01 19:29:33.200,1054
59727,713,85,8.0,121.0,178.0,250.64285714285717,D:\AprPanama2025_fixed\041125_experimental\041125PA_experimental_part04.mp4,1900-01-01 19:29:32.700,1053
59735,714,84,1.5,126.0,161.0,236.4,D:\AprPanama2025_fixed\041125_experimental\041125PA_experimental_part04.mp4,1900-01-01 19:29:33.500,1054
59734,714,84,3.5,111.0,179.0,243.88888888888889,D:\AprPanama2025_fixed\041125_experimental\041125PA_experimental_part04.mp4,1900-01-01 19:29:33.400,1054
59737,714,84,1.5,113.0,162.0,242.2,D:\AprPanama2025_fixed\041125_experimental\041125PA_experimental_part04.mp4,1900-01-01 19:29:33.700,1054
86329,730,135,2.5,122.0,165.0,238.0,D:\AprPanama2025_fixed\041125_experimental\041125PA_experimental_part05.mp4,1900-01-01 20:13:52.900,1070
91098,602,164,3.0,124.0,168.0,236.14285714285717,D:\AprPanama2025_fixed\041125_experimental\041125PA_experimental_part06.mp4,1900-01-01 20:21:49.800,942
91099,602,165,4.5,123.0,181.0,248.3,D:\AprPanama2025_fixed\041125_experimental\041125PA_experimental_part06.mp4,1900-01-01 20:21:49.900,942
91103,602,164,1.5,144.0,179.0,241.2,D:\AprPanama2025_fixed\041125_experimental\041125PA_experimental_part06.mp4,1900-01-01 20:21:50.300,942
91104,602,164,1.5,117.0,166.0,248.4,D:\AprPanama2025_fixed\041125_experimental\041125PA_experimental_part06.mp4,1900-01-01 20:21:50.400,942
91101,602,164,1.5,153.0,179.0,246.4,D:\AprPanama2025_fixed\041125_experimental\041125PA_experimental_part06.mp4,1900-01-01 20:21:50.100,942
91102,602,164,1.5,150.0,179.0,244.0,D:\AprPanama2025_fixed\041125_experimental\041125PA_experimental_part06.mp4,1900-01-01 20:21:50.200,942
91100,602,165,4.5,128.0,179.0,250.7,D:\AprPanama2025_fixed\041125_experimental\041125PA_experimental_part06.mp4,1900-01-01 20:21:50.000,942
103465,441,80,20.5,112.0,254.0,243.4333333333333,D:\AprPanama2025_fixed\041125_experimental\041125PA_experimental_part06.mp4,1900-01-01 20:42:26.500,781
103465,417,81,10.0,126.0,179.0,246.35294117647055,D:\AprPanama2025_fixed\041125_experimental\041125PA_experimental_part06.mp4,1900-01-01 20:42:26.500,757
103463,444,78,5.0,111.0,178.0,252.7,D:\AprPanama2025_fixed\041125_experimental\041125PA_experimental_part06.mp4,1900-01-01 20:42:26.300,784
103466,442,81,19.5,121.0,227.0,248.0,D:\AprPanama2025_fixed\041125_experimental\041125PA_experimental_part06.mp4,1900-01-01 20:42:26.600,782
103466,417,81,11.5,124.0,179.0,239.73684210526315,D:\AprPanama2025_fixed\041125_experimental\041125PA_experimental_part06.mp4,1900-01-01 20:42:26.600,757
103464,442,80,13.5,111.0,179.0,247.22727272727275,D:\AprPanama2025_fixed\041125_experimental\041125PA_experimental_part06.mp4,1900-01-01 20:42:26.400,782
103464,417,81,8.5,122.0,179.0,245.0,D:\AprPanama2025_fixed\041125_experimental\041125PA_experimental_part06.mp4,1900-01-01 20:42:26.400,757
103467,442,81,19.5,124.0,179.0,245.7586206896552,D:\AprPanama2025_fixed\041125_experimental\041125PA_experimental_part06.mp4,1900-01-01 20:42:26.700,782
103467,417,82,11.5,112.0,179.0,234.0,D:\AprPanama2025_fixed\041125_experimental\041125PA_experimental_part06.mp4,1900-01-01 20:42:26.700,757
103473,442,80,11.5,112.0,179.0,247.0,D:\AprPanama2025_fixed\041125_experimental\041125PA_experimental_part06.mp4,1900-01-01 20:42:27.300,782
103475,416,79,2.0,123.0,166.0,196.66666666666663,D:\AprPanama2025_fixed\041125_experimental\041125PA_experimental_part06.mp4,1900-01-01 20:42:27.500,756
103475,442,80,6.5,126.0,179.0,247.07142857142856,D:\AprPanama2025_fixed\041125_experimental\041125PA_experimental_part06.mp4,1900-01-01 20:42:27.500,782
103471,442,80,16.0,119.0,179.0,243.42307692307693,D:\AprPanama2025_fixed\041125_experimental\041125PA_experimental_part06.mp4,1900-01-01 20:42:27.100,782
103471,416,81,7.0,129.0,171.0,246.85714285714283,D:\AprPanama2025_fixed\041125_experimental\041125PA_experimental_part06.mp4,1900-01-01 20:42:27.100,756
103469,442,80,19.5,118.0,179.0,245.3103448275862,D:\AprPanama2025_fixed\041125_experimental\041125PA_experimental_part06.mp4,1900-01-01 20:42:26.900,782
103469,417,81,11.0,111.0,179.0,239.15789473684208,D:\AprPanama2025_fixed\041125_experimental\041125PA_experimental_part06.mp4,1900-01-01 20:42:26.900,757
103470,442,80,16.0,117.0,179.0,250.6923076923077,D:\AprPanama2025_fixed\041125_experimental\041125PA_experimental_part06.mp4,1900-01-01 20:42:27.000,782
103470,416,82,7.0,112.0,179.0,238.92857142857144,D:\AprPanama2025_fixed\041125_experimental\041125PA_experimental_part06.mp4,1900-01-01 20:42:27.000,756
103472,417,80,2.0,114.0,141.0,255.0,D:\AprPanama2025_fixed\041125_experimental\041125PA_experimental_part06.mp4,1900-01-01 20:42:27.200,757
103472,442,80,12.0,111.0,179.0,252.0,D:\AprPanama2025_fixed\041125_experimental\041125PA_experimental_part06.mp4,1900-01-01 20:42:27.200,782
103474,442,80,8.0,117.0,183.0,248.0625,D:\AprPanama2025_fixed\041125_experimental\041125PA_experimental_part06.mp4,1900-01-01 20:42:27.400,782
103468,442,81,19.5,112.0,179.0,245.41379310344828,D:\AprPanama2025_fixed\041125_experimental\041125PA_experimental_part06.mp4,1900-01-01 20:42:26.800,782
103468,417,81,12.5,115.0,179.0,243.25,D:\AprPanama2025_fixed\041125_experimental\041125PA_experimental_part06.mp4,1900-01-01 20:42:26.800,757
103477,416,79,1.5,114.0,157.0,196.0,D:\AprPanama2025_fixed\041125_experimental\041125PA_experimental_part06.mp4,1900-01-01 20:42:27.700,756
103477,442,79,5.0,111.0,179.0,244.15384615384616,D:\AprPanama2025_fixed\041125_experimental\041125PA_experimental_part06.mp4,1900-01-01 20:42:27.700,782
103481,442,78,1.5,151.0,179.0,244.8,D:\AprPanama2025_fixed\041125_experimental\041125PA_experimental_part06.mp4,1900-01-01 20:42:28.100,782
103479,442,78,2.5,124.0,179.0,249.3333333333333,D:\AprPanama2025_fixed\041125_experimental\041125PA_experimental_part06.mp4,1900-01-01 20:42:27.900,782
103480,442,78,1.5,151.0,179.0,244.8,D:\AprPanama2025_fixed\041125_experimental\041125PA_experimental_part06.mp4,1900-01-01 20:42:28.000,782
103482,442,78,1.5,150.0,179.0,243.2,D:\AprPanama2025_fixed\041125_experimental\041125PA_experimental_part06.mp4,1900-01-01 20:42:28.200,782
103476,442,80,6.0,112.0,179.0,246.7142857142857,D:\AprPanama2025_fixed\041125_experimental\041125PA_experimental_part06.mp4,1900-01-01 20:42:27.600,782
103478,442,78,3.0,128.0,179.0,247.42857142857144,D:\AprPanama2025_fixed\041125_experimental\041125PA_experimental_part06.mp4,1900-01-01 20:42:27.800,782
105585,610,208,5.5,113.0,176.0,246.8333333333333,D:\AprPanama2025_fixed\041125_experimental\041125PA_experimental_part06.mp4,1900-01-01 20:45:58.500,950
105583,610,208,4.5,133.0,178.0,248.6,D:\AprPanama2025_fixed\041125_experimental\041125PA_experimental_part06.mp4,1900-01-01 20:45:58.300,950
105584,610,207,4.0,134.0,178.0,249.7,D:\AprPanama2025_fixed\041125_experimental\041125PA_experimental_part06.mp4,1900-01-01 20:45:58.400,950
105582,609,207,4.5,125.0,172.0,223.7,D:\AprPanama2025_fixed\041125_experimental\041125PA_experimental_part06.mp4,1900-01-01 20:45:58.200,949
105586,610,207,4.0,129.0,176.0,251.0909090909091,D:\AprPanama2025_fixed\041125_experimental\041125PA_experimental_part06.mp4,1900-01-01 20:45:58.600,950
105589,610,207,2.5,119.0,166.0,225.0,D:\AprPanama2025_fixed\041125_experimental\041125PA_experimental_part06.mp4,1900-01-01 20:45:58.900,950
105588,610,207,4.0,121.0,172.0,246.9,D:\AprPanama2025_fixed\041125_experimental\041125PA_experimental_part06.mp4,1900-01-01 20:45:58.800,950
116562,846,152,1.5,122.0,160.0,247.0,D:\AprPanama2025_fixed\041125_experimental\041125PA_experimental_part07.mp4,1900-01-01 21:04:16.200,1186
116563,846,152,1.5,112.0,151.0,249.0,D:\AprPanama2025_fixed\041125_experimental\041125PA_experimental_part07.mp4,1900-01-01 21:04:16.300,1186
116564,846,152,1.5,112.0,156.0,186.2,D:\AprPanama2025_fixed\041125_experimental\041125PA_experimental_part07.mp4,1900-01-01 21:04:16.400,1186
116577,843,248,5.0,121.0,179.0,248.54545454545456,D:\AprPanama2025_fixed\041125_experimental\041125PA_experimental_part07.mp4,1900-01-01 21:04:17.700,1183
116577,818,249,18.5,111.0,179.0,250.74074074074076,D:\AprPanama2025_fixed\041125_experimental\041125PA_experimental_part07.mp4,1900-01-01 21:04:17.700,1158
116575,843,248,6.5,119.0,177.0,253.6923076923077,D:\AprPanama2025_fixed\041125_experimental\041125PA_experimental_part07.mp4,1900-01-01 21:04:17.500,1183
116575,818,249,18.5,125.0,178.0,248.2222222222222,D:\AprPanama2025_fixed\041125_experimental\041125PA_experimental_part07.mp4,1900-01-01 21:04:17.500,1158
116576,844,249,9.0,120.0,179.0,254.375,D:\AprPanama2025_fixed\041125_experimental\041125PA_experimental_part07.mp4,1900-01-01 21:04:17.600,1184
116576,818,249,20.0,114.0,179.0,250.17241379310343,D:\AprPanama2025_fixed\041125_experimental\041125PA_experimental_part07.mp4,1900-01-01 21:04:17.600,1158
116578,843,249,6.5,115.0,179.0,244.5,D:\AprPanama2025_fixed\041125_experimental\041125PA_experimental_part07.mp4,1900-01-01 21:04:17.800,1183
116578,818,249,16.5,136.0,179.0,251.52,D:\AprPanama2025_fixed\041125_experimental\041125PA_experimental_part07.mp4,1900-01-01 21:04:17.800,1158
116584,817,249,7.5,119.0,177.0,222.35714285714283,D:\AprPanama2025_fixed\041125_experimental\041125PA_experimental_part07.mp4,1900-01-01 21:04:18.400,1157
116579,844,249,3.5,111.0,173.0,245.77777777777777,D:\AprPanama2025_fixed\041125_experimental\041125PA_experimental_part07.mp4,1900-01-01 21:04:17.900,1184
116579,818,249,17.5,121.0,179.0,249.73076923076923,D:\AprPanama2025_fixed\041125_experimental\041125PA_experimental_part07.mp4,1900-01-01 21:04:17.900,1158
116582,818,249,12.0,113.0,179.0,241.85,D:\AprPanama2025_fixed\041125_experimental\041125PA_experimental_part07.mp4,1900-01-01 21:04:18.200,1158
116583,818,249,10.5,114.0,178.0,220.2222222222222,D:\AprPanama2025_fixed\041125_experimental\041125PA_experimental_part07.mp4,1900-01-01 21:04:18.300,1158
116586,817,249,4.0,111.0,164.0,179.88888888888889,D:\AprPanama2025_fixed\041125_experimental\041125PA_experimental_part07.mp4,1900-01-01 21:04:18.600,1157
116580,843,249,6.0,122.0,168.0,250.8181818181818,D:\AprPanama2025_fixed\041125_experimental\041125PA_experimental_part07.mp4,1900-01-01 21:04:18.000,1183
116580,818,249,14.5,111.0,179.0,244.4782608695652,D:\AprPanama2025_fixed\041125_experimental\041125PA_experimental_part07.mp4,1900-01-01 21:04:18.000,1158
116581,818,249,14.0,111.0,179.0,242.6818181818182,D:\AprPanama2025_fixed\041125_experimental\041125PA_experimental_part07.mp4,1900-01-01 21:04:18.100,1158
116585,817,249,5.5,111.0,167.0,195.63636363636363,D:\AprPanama2025_fixed\041125_experimental\041125PA_experimental_part07.mp4,1900-01-01 21:04:18.500,1157
116587,816,249,1.5,111.0,150.0,234.16666666666663,D:\AprPanama2025_fixed\041125_experimental\041125PA_experimental_part07.mp4,1900-01-01 21:04:18.700,1156
116592,823,200,3.0,123.0,158.0,222.875,D:\AprPanama2025_fixed\041125_experimental\041125PA_experimental_part07.mp4,1900-01-01 21:04:19.200,1163
116593,824,200,1.5,130.0,169.0,231.4,D:\AprPanama2025_fixed\041125_experimental\041125PA_experimental_part07.mp4,1900-01-01 21:04:19.300,1164
116594,520,186,2.5,124.0,161.0,123.0,D:\AprPanama2025_fixed\041125_experimental\041125PA_experimental_part07.mp4,1900-01-01 21:04:19.400,860
116594,823,200,3.0,115.0,168.0,240.75,D:\AprPanama2025_fixed\041125_experimental\041125PA_experimental_part07.mp4,1900-01-01 21:04:19.400,1163
116598,521,187,6.0,120.0,177.0,252.9090909090909,D:\AprPanama2025_fixed\041125_experimental\041125PA_experimental_part07.mp4,1900-01-01 21:04:19.800,861
116602,521,187,4.5,113.0,179.0,254.9,D:\AprPanama2025_fixed\041125_experimental\041125PA_experimental_part07.mp4,1900-01-01 21:04:20.200,861
116599,521,187,7.0,118.0,177.0,209.3846153846154,D:\AprPanama2025_fixed\041125_experimental\041125PA_experimental_part07.mp4,1900-01-01 21:04:19.900,861
116595,521,186,8.0,111.0,175.0,189.42857142857144,D:\AprPanama2025_fixed\041125_experimental\041125PA_experimental_part07.mp4,1900-01-01 21:04:19.500,861
116597,521,187,6.0,120.0,177.0,252.9090909090909,D:\AprPanama2025_fixed\041125_experimental\041125PA_experimental_part07.mp4,1900-01-01 21:04:19.700,861
116601,521,187,6.0,120.0,178.0,245.0909090909091,D:\AprPanama2025_fixed\041125_experimental\041125PA_experimental_part07.mp4,1900-01-01 21:04:20.100,861
116600,521,187,7.0,118.0,177.0,209.3846153846154,D:\AprPanama2025_fixed\041125_experimental\041125PA_experimental_part07.mp4,1900-01-01 21:04:20.000,861
116596,521,187,5.5,116.0,173.0,243.1818181818182,D:\AprPanama2025_fixed\041125_experimental\041125PA_experimental_part07.mp4,1900-01-01 21:04:19.600,861
116604,522,187,2.5,120.0,179.0,242.85714285714283,D:\AprPanama2025_fixed\041125_experimental\041125PA_experimental_part07.mp4,1900-01-01 21:04:20.400,862
116609,522,187,2.5,113.0,175.0,223.0,D:\AprPanama2025_fixed\041125_experimental\041125PA_experimental_part07.mp4,1900-01-01 21:04:20.900,862
116610,522,186,2.0,127.0,168.0,232.66666666666663,D:\AprPanama2025_fixed\041125_experimental\041125PA_experimental_part07.mp4,1900-01-01 21:04:21.000,862
116607,522,187,2.5,117.0,173.0,234.57142857142856,D:\AprPanama2025_fixed\041125_experimental\041125PA_experimental_part07.mp4,1900-01-01 21:04:20.700,862
116605,522,187,2.5,119.0,178.0,245.28571428571428,D:\AprPanama2025_fixed\041125_experimental\041125PA_experimental_part07.mp4,1900-01-01 21:04:20.500,862
116608,522,187,2.5,113.0,175.0,223.0,D:\AprPanama2025_fixed\041125_experimental\041125PA_experimental_part07.mp4,1900-01-01 21:04:20.800,862
116606,522,187,3.5,119.0,175.0,240.75,D:\AprPanama2025_fixed\041125_experimental\041125PA_experimental_part07.mp4,1900-01-01 21:04:20.600,862
116603,522,187,3.5,116.0,179.0,251.25,D:\AprPanama2025_fixed\041125_experimental\041125PA_experimental_part07.mp4,1900-01-01 21:04:20.300,862
116613,522,187,2.0,124.0,166.0,177.0,D:\AprPanama2025_fixed\041125_experimental\041125PA_experimental_part07.mp4,1900-01-01 21:04:21.300,862
116634,519,123,1.5,119.0,161.0,150.8,D:\AprPanama2025_fixed\041125_experimental\041125PA_experimental_part07.mp4,1900-01-01 21:04:23.400,859
116627,521,122,2.0,121.0,170.0,251.16666666666663,D:\AprPanama2025_fixed\041125_experimental\041125PA_experimental_part07.mp4,1900-01-01 21:04:22.700,861
116628,521,122,3.0,120.0,170.0,230.28571428571428,D:\AprPanama2025_fixed\041125_experimental\041125PA_experimental_part07.mp4,1900-01-01 21:04:22.800,861
116635,520,122,2.5,122.0,175.0,229.8333333333333,D:\AprPanama2025_fixed\041125_experimental\041125PA_experimental_part07.mp4,1900-01-01 21:04:23.500,860
116637,519,122,2.0,114.0,166.0,135.16666666666666,D:\AprPanama2025_fixed\041125_experimental\041125PA_experimental_part07.mp4,1900-01-01 21:04:23.700,859
116636,520,122,2.5,122.0,175.0,229.8333333333333,D:\AprPanama2025_fixed\041125_experimental\041125PA_experimental_part07.mp4,1900-01-01 21:04:23.600,860
119106,414,219,7.5,119.0,179.0,247.53333333333333,D:\AprPanama2025_fixed\041125_experimental\041125PA_experimental_part07.mp4,1900-01-01 21:08:30.600,754
119109,419,220,6.0,117.0,169.0,236.8333333333333,D:\AprPanama2025_fixed\041125_experimental\041125PA_experimental_part07.mp4,1900-01-01 21:08:30.900,759
119108,419,220,6.5,112.0,178.0,245.92307692307693,D:\AprPanama2025_fixed\041125_experimental\041125PA_experimental_part07.mp4,1900-01-01 21:08:30.800,759
119113,420,220,2.5,113.0,165.0,243.42857142857144,D:\AprPanama2025_fixed\041125_experimental\041125PA_experimental_part07.mp4,1900-01-01 21:08:31.300,760
119107,417,220,7.5,120.0,179.0,253.9333333333333,D:\AprPanama2025_fixed\041125_experimental\041125PA_experimental_part07.mp4,1900-01-01 21:08:30.700,757
119119,557,198,25.5,124.0,244.0,242.66666666666663,D:\AprPanama2025_fixed\041125_experimental\041125PA_experimental_part07.mp4,1900-01-01 21:08:31.900,897
119118,558,197,18.5,119.0,248.0,236.92857142857144,D:\AprPanama2025_fixed\041125_experimental\041125PA_experimental_part07.mp4,1900-01-01 21:08:31.800,898
119121,557,198,26.0,118.0,239.0,234.91891891891893,D:\AprPanama2025_fixed\041125_experimental\041125PA_experimental_part07.mp4,1900-01-01 21:08:32.100,897
119117,558,198,16.5,113.0,243.0,226.46153846153848,D:\AprPanama2025_fixed\041125_experimental\041125PA_experimental_part07.mp4,1900-01-01 21:08:31.700,898
119122,557,198,26.0,111.0,238.0,237.81081081081084,D:\AprPanama2025_fixed\041125_experimental\041125PA_experimental_part07.mp4,1900-01-01 21:08:32.200,897
119120,557,198,25.5,124.0,244.0,242.66666666666663,D:\AprPanama2025_fixed\041125_experimental\041125PA_experimental_part07.mp4,1900-01-01 21:08:32.000,897
119124,557,198,24.0,116.0,238.0,237.17142857142855,D:\AprPanama2025_fixed\041125_experimental\041125PA_experimental_part07.mp4,1900-01-01 21:08:32.400,897
119128,557,198,23.5,112.0,179.0,247.08823529411765,D:\AprPanama2025_fixed\041125_experimental\041125PA_experimental_part07.mp4,1900-01-01 21:08:32.800,897
119125,557,198,22.0,113.0,179.0,240.63636363636363,D:\AprPanama2025_fixed\041125_experimental\041125PA_experimental_part07.mp4,1900-01-01 21:08:32.500,897
119129,557,198,19.5,127.0,179.0,249.7586206896552,D:\AprPanama2025_fixed\041125_experimental\041125PA_experimental_part07.mp4,1900-01-01 21:08:32.900,897
119123,557,198,24.0,121.0,238.0,240.05714285714285,D:\AprPanama2025_fixed\041125_experimental\041125PA_experimental_part07.mp4,1900-01-01 21:08:32.300,897
119130,557,198,19.0,115.0,179.0,247.75,D:\AprPanama2025_fixed\041125_experimental\041125PA_experimental_part07.mp4,1900-01-01 21:08:33.000,897
119126,557,198,23.5,133.0,229.0,242.94117647058823,D:\AprPanama2025_fixed\041125_experimental\041125PA_experimental_part07.mp4,1900-01-01 21:08:32.600,897
119127,557,198,23.0,115.0,179.0,245.6764705882353,D:\AprPanama2025_fixed\041125_experimental\041125PA_experimental_part07.mp4,1900-01-01 21:08:32.700,897
119132,558,198,17.0,115.0,178.0,248.84,D:\AprPanama2025_fixed\041125_experimental\041125PA_experimental_part07.mp4,1900-01-01 21:08:33.200,898
119134,558,198,16.0,115.0,178.0,248.9583333333333,D:\AprPanama2025_fixed\041125_experimental\041125PA_experimental_part07.mp4,1900-01-01 21:08:33.400,898
119133,558,198,16.0,115.0,178.0,248.8333333333333,D:\AprPanama2025_fixed\041125_experimental\041125PA_experimental_part07.mp4,1900-01-01 21:08:33.300,898
119131,558,198,16.5,114.0,178.0,248.25,D:\AprPanama2025_fixed\041125_experimental\041125PA_experimental_part07.mp4,1900-01-01 21:08:33.100,898
119138,559,198,10.5,120.0,179.0,243.7058823529412,D:\AprPanama2025_fixed\041125_experimental\041125PA_experimental_part07.mp4,1900-01-01 21:08:33.800,899
119135,558,198,11.0,129.0,178.0,250.16666666666663,D:\AprPanama2025_fixed\041125_experimental\041125PA_experimental_part07.mp4,1900-01-01 21:08:33.500,898
119137,559,198,9.5,112.0,179.0,249.25,D:\AprPanama2025_fixed\041125_experimental\041125PA_experimental_part07.mp4,1900-01-01 21:08:33.700,899
119136,559,198,10.5,119.0,179.0,248.05882352941177,D:\AprPanama2025_fixed\041125_experimental\041125PA_experimental_part07.mp4,1900-01-01 21:08:33.600,899
119140,559,198,10.5,113.0,179.0,241.58823529411765,D:\AprPanama2025_fixed\041125_experimental\041125PA_experimental_part07.mp4,1900-01-01 21:08:34.000,899
119145,559,198,7.5,136.0,178.0,246.28571428571428,D:\AprPanama2025_fixed\041125_experimental\041125PA_experimental_part07.mp4,1900-01-01 21:08:34.500,899
119143,559,198,7.5,145.0,176.0,244.42857142857144,D:\AprPanama2025_fixed\041125_experimental\041125PA_experimental_part07.mp4,1900-01-01 21:08:34.300,899
119142,559,198,9.5,127.0,178.0,244.6875,D:\AprPanama2025_fixed\041125_experimental\041125PA_experimental_part07.mp4,1900-01-01 21:08:34.200,899
119141,559,198,9.5,122.0,178.0,244.375,D:\AprPanama2025_fixed\041125_experimental\041125PA_experimental_part07.mp4,1900-01-01 21:08:34.100,899
119146,552,92,1.5,113.0,163.0,158.4,D:\AprPanama2025_fixed\041125_experimental\041125PA_experimental_part07.mp4,1900-01-01 21:08:34.600,892
119146,559,198,6.5,143.0,178.0,245.6923076923077,D:\AprPanama2025_fixed\041125_experimental\041125PA_experimental_part07.mp4,1900-01-01 21:08:34.600,899
119139,559,198,10.5,117.0,179.0,243.35294117647055,D:\AprPanama2025_fixed\041125_experimental\041125PA_experimental_part07.mp4,1900-01-01 21:08:33.900,899
119144,559,198,7.5,145.0,176.0,244.42857142857144,D:\AprPanama2025_fixed\041125_experimental\041125PA_experimental_part07.mp4,1900-01-01 21:08:34.400,899
119148,488,16,3.5,113.0,172.0,204.75,D:\AprPanama2025_fixed\041125_experimental\041125PA_experimental_part07.mp4,1900-01-01 21:08:34.800,828
119148,552,92,4.0,146.0,179.0,252.3333333333333,D:\AprPanama2025_fixed\041125_experimental\041125PA_experimental_part07.mp4,1900-01-01 21:08:34.800,892
119148,559,197,7.0,147.0,175.0,247.92307692307693,D:\AprPanama2025_fixed\041125_experimental\041125PA_experimental_part07.mp4,1900-01-01 21:08:34.800,899
119154,552,93,7.0,133.0,180.0,247.41666666666663,D:\AprPanama2025_fixed\041125_experimental\041125PA_experimental_part07.mp4,1900-01-01 21:08:35.400,892
119154,559,197,7.0,118.0,174.0,179.0769230769231,D:\AprPanama2025_fixed\041125_experimental\041125PA_experimental_part07.mp4,1900-01-01 21:08:35.400,899
119149,489,16,2.0,115.0,177.0,236.42857142857144,D:\AprPanama2025_fixed\041125_experimental\041125PA_experimental_part07.mp4,1900-01-01 21:08:34.900,829
119149,552,92,4.0,112.0,177.0,251.0,D:\AprPanama2025_fixed\041125_experimental\041125PA_experimental_part07.mp4,1900-01-01 21:08:34.900,892
119149,559,197,7.5,118.0,176.0,244.35714285714283,D:\AprPanama2025_fixed\041125_experimental\041125PA_experimental_part07.mp4,1900-01-01 21:08:34.900,899
119151,489,16,2.0,112.0,162.0,227.7142857142857,D:\AprPanama2025_fixed\041125_experimental\041125PA_experimental_part07.mp4,1900-01-01 21:08:35.100,829
119151,552,92,3.5,132.0,173.0,250.75,D:\AprPanama2025_fixed\041125_experimental\041125PA_experimental_part07.mp4,1900-01-01 21:08:35.100,892
119151,559,197,8.5,115.0,176.0,222.2,D:\AprPanama2025_fixed\041125_experimental\041125PA_experimental_part07.mp4,1900-01-01 21:08:35.100,899
119147,488,16,1.5,133.0,167.0,254.6,D:\AprPanama2025_fixed\041125_experimental\041125PA_experimental_part07.mp4,1900-01-01 21:08:34.700,828
119147,552,92,4.0,146.0,179.0,251.44444444444443,D:\AprPanama2025_fixed\041125_experimental\041125PA_experimental_part07.mp4,1900-01-01 21:08:34.700,892
119147,559,197,7.0,124.0,176.0,232.92307692307693,D:\AprPanama2025_fixed\041125_experimental\041125PA_experimental_part07.mp4,1900-01-01 21:08:34.700,899
119153,552,93,7.0,133.0,180.0,247.41666666666663,D:\AprPanama2025_fixed\041125_experimental\041125PA_experimental_part07.mp4,1900-01-01 21:08:35.300,892
119153,559,197,7.0,118.0,174.0,179.0769230769231,D:\AprPanama2025_fixed\041125_experimental\041125PA_experimental_part07.mp4,1900-01-01 21:08:35.300,899
119150,552,92,3.5,112.0,178.0,253.0,D:\AprPanama2025_fixed\041125_experimental\041125PA_experimental_part07.mp4,1900-01-01 21:08:35.000,892
119150,559,197,8.5,114.0,178.0,240.9333333333333,D:\AprPanama2025_fixed\041125_experimental\041125PA_experimental_part07.mp4,1900-01-01 21:08:35.000,899
119152,489,16,2.0,112.0,162.0,227.7142857142857,D:\AprPanama2025_fixed\041125_experimental\041125PA_experimental_part07.mp4,1900-01-01 21:08:35.200,829
119152,552,93,4.5,117.0,170.0,239.9,D:\AprPanama2025_fixed\041125_experimental\041125PA_experimental_part07.mp4,1900-01-01 21:08:35.200,892
119152,560,197,5.0,134.0,172.0,233.3636363636364,D:\AprPanama2025_fixed\041125_experimental\041125PA_experimental_part07.mp4,1900-01-01 21:08:35.200,900
119158,552,94,3.5,117.0,171.0,240.0,D:\AprPanama2025_fixed\041125_experimental\041125PA_experimental_part07.mp4,1900-01-01 21:08:35.800,892
119158,560,197,1.5,117.0,166.0,255.0,D:\AprPanama2025_fixed\041125_experimental\041125PA_experimental_part07.mp4,1900-01-01 21:08:35.800,900
119160,553,94,1.5,117.0,162.0,220.16666666666663,D:\AprPanama2025_fixed\041125_experimental\041125PA_experimental_part07.mp4,1900-01-01 21:08:36.000,893
119160,560,197,1.5,115.0,168.0,255.0,D:\AprPanama2025_fixed\041125_experimental\041125PA_experimental_part07.mp4,1900-01-01 21:08:36.000,900
119161,560,197,1.5,112.0,174.0,253.2,D:\AprPanama2025_fixed\041125_experimental\041125PA_experimental_part07.mp4,1900-01-01 21:08:36.100,900
119155,552,93,6.0,114.0,175.0,244.27272727272728,D:\AprPanama2025_fixed\041125_experimental\041125PA_experimental_part07.mp4,1900-01-01 21:08:35.500,892
119155,559,197,5.5,116.0,175.0,222.1818181818182,D:\AprPanama2025_fixed\041125_experimental\041125PA_experimental_part07.mp4,1900-01-01 21:08:35.500,899
119157,552,94,3.5,128.0,172.0,225.875,D:\AprPanama2025_fixed\041125_experimental\041125PA_experimental_part07.mp4,1900-01-01 21:08:35.700,892
119157,559,196,4.0,115.0,177.0,238.3333333333333,D:\AprPanama2025_fixed\041125_experimental\041125PA_experimental_part07.mp4,1900-01-01 21:08:35.700,899
119156,552,93,4.5,137.0,175.0,220.6,D:\AprPanama2025_fixed\041125_experimental\041125PA_experimental_part07.mp4,1900-01-01 21:08:35.600,892
119156,559,197,7.0,114.0,177.0,226.53846153846155,D:\AprPanama2025_fixed\041125_experimental\041125PA_experimental_part07.mp4,1900-01-01 21:08:35.600,899
119159,560,197,1.5,117.0,166.0,255.0,D:\AprPanama2025_fixed\041125_experimental\041125PA_experimental_part07.mp4,1900-01-01 21:08:35.900,900
119169,551,94,2.0,115.0,160.0,107.83333333333331,D:\AprPanama2025_fixed\041125_experimental\041125PA_experimental_part07.mp4,1900-01-01 21:08:36.900,891
119169,560,195,2.0,118.0,169.0,249.66666666666663,D:\AprPanama2025_fixed\041125_experimental\041125PA_experimental_part07.mp4,1900-01-01 21:08:36.900,900
119170,551,94,2.0,115.0,160.0,107.83333333333331,D:\AprPanama2025_fixed\041125_experimental\041125PA_experimental_part07.mp4,1900-01-01 21:08:37.000,891
119170,560,195,2.0,118.0,173.0,249.66666666666663,D:\AprPanama2025_fixed\041125_experimental\041125PA_experimental_part07.mp4,1900-01-01 21:08:37.000,900
119168,551,94,2.0,115.0,160.0,107.83333333333331,D:\AprPanama2025_fixed\041125_experimental\041125PA_experimental_part07.mp4,1900-01-01 21:08:36.800,891
119167,551,94,2.0,115.0,160.0,107.83333333333331,D:\AprPanama2025_fixed\041125_experimental\041125PA_experimental_part07.mp4,1900-01-01 21:08:36.700,891
119172,551,94,1.5,119.0,184.0,201.8,D:\AprPanama2025_fixed\041125_experimental\041125PA_experimental_part07.mp4,1900-01-01 21:08:37.200,891
119172,560,195,2.5,111.0,170.0,237.85714285714283,D:\AprPanama2025_fixed\041125_experimental\041125PA_experimental_part07.mp4,1900-01-01 21:08:37.200,900
119171,551,94,2.0,115.0,160.0,107.83333333333331,D:\AprPanama2025_fixed\041125_experimental\041125PA_experimental_part07.mp4,1900-01-01 21:08:37.100,891
127735,582,166,1.5,134.0,169.0,255.0,D:\AprPanama2025_fixed\041125_experimental\041125PA_experimental_part08.mp4,1900-01-01 21:22:53.500,922
127733,583,166,1.5,124.0,148.0,238.6,D:\AprPanama2025_fixed\041125_experimental\041125PA_experimental_part08.mp4,1900-01-01 21:22:53.300,923
127736,582,166,1.5,134.0,169.0,255.0,D:\AprPanama2025_fixed\041125_experimental\041125PA_experimental_part08.mp4,1900-01-01 21:22:53.600,922
127737,582,166,1.5,134.0,169.0,255.0,D:\AprPanama2025_fixed\041125_experimental\041125PA_experimental_part08.mp4,1900-01-01 21:22:53.700,922
127741,582,166,1.5,112.0,133.0,89.0,D:\AprPanama2025_fixed\041125_experimental\041125PA_experimental_part08.mp4,1900-01-01 21:22:54.100,922
132632,464,284,5.5,118.0,161.0,244.0909090909091,D:\AprPanama2025_fixed\041125_experimental\041125PA_experimental_part08.mp4,1900-01-01 21:31:03.200,804
132633,464,284,11.0,132.0,179.0,249.8421052631579,D:\AprPanama2025_fixed\041125_experimental\041125PA_experimental_part08.mp4,1900-01-01 21:31:03.300,804
132640,464,285,25.5,119.0,179.0,241.43589743589743,D:\AprPanama2025_fixed\041125_experimental\041125PA_experimental_part08.mp4,1900-01-01 21:31:04.000,804
132635,465,286,24.5,117.0,179.0,240.55555555555557,D:\AprPanama2025_fixed\041125_experimental\041125PA_experimental_part08.mp4,1900-01-01 21:31:03.500,805
132638,465,285,28.5,114.0,179.0,240.8333333333333,D:\AprPanama2025_fixed\041125_experimental\041125PA_experimental_part08.mp4,1900-01-01 21:31:03.800,805
132639,464,285,27.5,118.0,179.0,243.14634146341464,D:\AprPanama2025_fixed\041125_experimental\041125PA_experimental_part08.mp4,1900-01-01 21:31:03.900,804
132637,465,285,29.0,114.0,179.0,244.27906976744185,D:\AprPanama2025_fixed\041125_experimental\041125PA_experimental_part08.mp4,1900-01-01 21:31:03.700,805
132641,464,285,24.5,114.0,179.0,242.92105263157893,D:\AprPanama2025_fixed\041125_experimental\041125PA_experimental_part08.mp4,1900-01-01 21:31:04.100,804
132634,465,286,22.0,116.0,179.0,242.42424242424244,D:\AprPanama2025_fixed\041125_experimental\041125PA_experimental_part08.mp4,1900-01-01 21:31:03.400,805
132636,465,285,28.5,116.0,179.0,246.1190476190476,D:\AprPanama2025_fixed\041125_experimental\041125PA_experimental_part08.mp4,1900-01-01 21:31:03.600,805
132646,464,283,12.0,117.0,179.0,246.6086956521739,D:\AprPanama2025_fixed\041125_experimental\041125PA_experimental_part08.mp4,1900-01-01 21:31:04.600,804
132645,464,283,15.5,111.0,179.0,251.0,D:\AprPanama2025_fixed\041125_experimental\041125PA_experimental_part08.mp4,1900-01-01 21:31:04.500,804
132648,464,283,7.5,111.0,179.0,236.35294117647055,D:\AprPanama2025_fixed\041125_experimental\041125PA_experimental_part08.mp4,1900-01-01 21:31:04.800,804
132649,464,282,11.0,117.0,178.0,242.15,D:\AprPanama2025_fixed\041125_experimental\041125PA_experimental_part08.mp4,1900-01-01 21:31:04.900,804
132644,464,284,18.5,114.0,179.0,248.15625,D:\AprPanama2025_fixed\041125_experimental\041125PA_experimental_part08.mp4,1900-01-01 21:31:04.400,804
132647,464,282,10.5,117.0,179.0,249.4,D:\AprPanama2025_fixed\041125_experimental\041125PA_experimental_part08.mp4,1900-01-01 21:31:04.700,804
132643,464,284,18.0,112.0,179.0,244.93548387096772,D:\AprPanama2025_fixed\041125_experimental\041125PA_experimental_part08.mp4,1900-01-01 21:31:04.300,804
132642,464,285,23.5,115.0,179.0,245.3783783783784,D:\AprPanama2025_fixed\041125_experimental\041125PA_experimental_part08.mp4,1900-01-01 21:31:04.200,804
132652,464,281,6.0,116.0,180.0,231.41666666666663,D:\AprPanama2025_fixed\041125_experimental\041125PA_experimental_part08.mp4,1900-01-01 21:31:05.200,804
132650,464,281,7.0,114.0,179.0,229.85714285714283,D:\AprPanama2025_fixed\041125_experimental\041125PA_experimental_part08.mp4,1900-01-01 21:31:05.000,804
132651,464,281,7.5,112.0,178.0,237.64285714285717,D:\AprPanama2025_fixed\041125_experimental\041125PA_experimental_part08.mp4,1900-01-01 21:31:05.100,804
143369,495,161,13.0,113.0,179.0,245.3636363636364,D:\AprPanama2025_fixed\041125_experimental\041125PA_experimental_part08.mp4,1900-01-01 21:48:56.900,835
143368,494,161,4.0,113.0,179.0,241.1,D:\AprPanama2025_fixed\041125_experimental\041125PA_experimental_part08.mp4,1900-01-01 21:48:56.800,834
143375,495,160,19.5,111.0,179.0,237.03333333333333,D:\AprPanama2025_fixed\041125_experimental\041125PA_experimental_part08.mp4,1900-01-01 21:48:57.500,835
143373,495,161,17.0,123.0,179.0,243.59259259259255,D:\AprPanama2025_fixed\041125_experimental\041125PA_experimental_part08.mp4,1900-01-01 21:48:57.300,835
143377,495,160,16.5,123.0,179.0,230.77777777777777,D:\AprPanama2025_fixed\041125_experimental\041125PA_experimental_part08.mp4,1900-01-01 21:48:57.700,835
143371,495,161,17.0,112.0,179.0,241.96296296296296,D:\AprPanama2025_fixed\041125_experimental\041125PA_experimental_part08.mp4,1900-01-01 21:48:57.100,835
143376,495,160,19.5,112.0,183.0,239.56666666666663,D:\AprPanama2025_fixed\041125_experimental\041125PA_experimental_part08.mp4,1900-01-01 21:48:57.600,835
143372,495,161,17.0,117.0,179.0,242.96296296296296,D:\AprPanama2025_fixed\041125_experimental\041125PA_experimental_part08.mp4,1900-01-01 21:48:57.200,835
143370,495,161,17.5,112.0,179.0,237.8148148148148,D:\AprPanama2025_fixed\041125_experimental\041125PA_experimental_part08.mp4,1900-01-01 21:48:57.000,835
143374,495,160,21.0,115.0,179.0,238.5625,D:\AprPanama2025_fixed\041125_experimental\041125PA_experimental_part08.mp4,1900-01-01 21:48:57.400,835
143383,495,158,4.0,112.0,175.0,234.3,D:\AprPanama2025_fixed\041125_experimental\041125PA_experimental_part08.mp4,1900-01-01 21:48:58.300,835
143381,495,158,7.5,116.0,179.0,238.42857142857144,D:\AprPanama2025_fixed\041125_experimental\041125PA_experimental_part08.mp4,1900-01-01 21:48:58.100,835
143379,495,159,13.5,117.0,177.0,240.8636363636364,D:\AprPanama2025_fixed\041125_experimental\041125PA_experimental_part08.mp4,1900-01-01 21:48:57.900,835
143380,495,158,9.5,125.0,178.0,239.5,D:\AprPanama2025_fixed\041125_experimental\041125PA_experimental_part08.mp4,1900-01-01 21:48:58.000,835
143382,495,158,5.5,112.0,175.0,242.5,D:\AprPanama2025_fixed\041125_experimental\041125PA_experimental_part08.mp4,1900-01-01 21:48:58.200,835
143384,495,157,4.0,113.0,168.0,239.1111111111111,D:\AprPanama2025_fixed\041125_experimental\041125PA_experimental_part08.mp4,1900-01-01 21:48:58.400,835
143385,495,157,4.0,113.0,168.0,239.1111111111111,D:\AprPanama2025_fixed\041125_experimental\041125PA_experimental_part08.mp4,1900-01-01 21:48:58.500,835
143378,495,159,13.5,117.0,177.0,241.04545454545456,D:\AprPanama2025_fixed\041125_experimental\041125PA_experimental_part08.mp4,1900-01-01 21:48:57.800,835
143396,795,80,1.5,113.0,181.0,255.0,D:\AprPanama2025_fixed\041125_experimental\041125PA_experimental_part08.mp4,1900-01-01 21:48:59.600,1135
143397,795,80,1.5,113.0,181.0,255.0,D:\AprPanama2025_fixed\041125_experimental\041125PA_experimental_part08.mp4,1900-01-01 21:48:59.700,1135
152830,616,108,1.5,126.0,146.0,100.4,D:\AprPanama2025_fixed\041125_experimental\041125PA_experimental_part09.mp4,1900-01-01 22:04:43.000,956
152832,616,111,13.0,111.0,179.0,248.2380952380952,D:\AprPanama2025_fixed\041125_experimental\041125PA_experimental_part09.mp4,1900-01-01 22:04:43.200,956
152834,617,111,21.5,117.0,179.0,244.93548387096772,D:\AprPanama2025_fixed\041125_experimental\041125PA_experimental_part09.mp4,1900-01-01 22:04:43.400,957
152840,616,109,16.5,114.0,179.0,248.65384615384616,D:\AprPanama2025_fixed\041125_experimental\041125PA_experimental_part09.mp4,1900-01-01 22:04:44.000,956
152835,617,111,20.5,116.0,179.0,246.5,D:\AprPanama2025_fixed\041125_experimental\041125PA_experimental_part09.mp4,1900-01-01 22:04:43.500,957
152839,617,110,23.0,116.0,179.0,240.0606060606061,D:\AprPanama2025_fixed\041125_experimental\041125PA_experimental_part09.mp4,1900-01-01 22:04:43.900,957
152837,617,111,20.5,120.0,179.0,245.06666666666663,D:\AprPanama2025_fixed\041125_experimental\041125PA_experimental_part09.mp4,1900-01-01 22:04:43.700,957
152833,617,111,16.0,114.0,179.0,246.72,D:\AprPanama2025_fixed\041125_experimental\041125PA_experimental_part09.mp4,1900-01-01 22:04:43.300,957
152836,617,111,20.0,116.0,179.0,246.1379310344828,D:\AprPanama2025_fixed\041125_experimental\041125PA_experimental_part09.mp4,1900-01-01 22:04:43.600,957
152838,617,111,19.0,126.0,179.0,244.64285714285717,D:\AprPanama2025_fixed\041125_experimental\041125PA_experimental_part09.mp4,1900-01-01 22:04:43.800,957
152845,616,108,8.0,127.0,178.0,247.4,D:\AprPanama2025_fixed\041125_experimental\041125PA_experimental_part09.mp4,1900-01-01 22:04:44.500,956
152843,616,108,13.0,118.0,179.0,245.7619047619048,D:\AprPanama2025_fixed\041125_experimental\041125PA_experimental_part09.mp4,1900-01-01 22:04:44.300,956
152842,616,109,14.0,111.0,179.0,249.1304347826087,D:\AprPanama2025_fixed\041125_experimental\041125PA_experimental_part09.mp4,1900-01-01 22:04:44.200,956
152846,616,108,8.0,112.0,178.0,246.5,D:\AprPanama2025_fixed\041125_experimental\041125PA_experimental_part09.mp4,1900-01-01 22:04:44.600,956
152847,616,107,7.0,122.0,179.0,247.0769230769231,D:\AprPanama2025_fixed\041125_experimental\041125PA_experimental_part09.mp4,1900-01-01 22:04:44.700,956
152848,616,107,5.5,113.0,179.0,247.5,D:\AprPanama2025_fixed\041125_experimental\041125PA_experimental_part09.mp4,1900-01-01 22:04:44.800,956
152841,616,109,14.5,115.0,179.0,248.17391304347825,D:\AprPanama2025_fixed\041125_experimental\041125PA_experimental_part09.mp4,1900-01-01 22:04:44.100,956
152844,616,108,11.0,121.0,179.0,247.5,D:\AprPanama2025_fixed\041125_experimental\041125PA_experimental_part09.mp4,1900-01-01 22:04:44.400,956
152853,615,106,4.5,121.0,176.0,239.55555555555557,D:\AprPanama2025_fixed\041125_experimental\041125PA_experimental_part09.mp4,1900-01-01 22:04:45.300,955
152852,615,106,4.5,121.0,176.0,239.55555555555557,D:\AprPanama2025_fixed\041125_experimental\041125PA_experimental_part09.mp4,1900-01-01 22:04:45.200,955
152855,616,106,2.5,111.0,178.0,212.5,D:\AprPanama2025_fixed\041125_experimental\041125PA_experimental_part09.mp4,1900-01-01 22:04:45.500,956
152851,616,106,5.5,119.0,175.0,239.45454545454547,D:\AprPanama2025_fixed\041125_experimental\041125PA_experimental_part09.mp4,1900-01-01 22:04:45.100,956
152854,615,106,1.5,112.0,177.0,219.6,D:\AprPanama2025_fixed\041125_experimental\041125PA_experimental_part09.mp4,1900-01-01 22:04:45.400,955
152850,615,106,6.5,136.0,181.0,238.16666666666663,D:\AprPanama2025_fixed\041125_experimental\041125PA_experimental_part09.mp4,1900-01-01 22:04:45.000,955
152856,615,106,1.5,111.0,176.0,233.4,D:\AprPanama2025_fixed\041125_experimental\041125PA_experimental_part09.mp4,1900-01-01 22:04:45.600,955
152849,616,107,7.5,113.0,177.0,242.42857142857144,D:\AprPanama2025_fixed\041125_experimental\041125PA_experimental_part09.mp4,1900-01-01 22:04:44.900,956
152864,736,324,9.0,115.0,175.0,243.8125,D:\AprPanama2025_fixed\041125_experimental\041125PA_experimental_part09.mp4,1900-01-01 22:04:46.400,1076
152861,736,324,4.5,120.0,173.0,248.5,D:\AprPanama2025_fixed\041125_experimental\041125PA_experimental_part09.mp4,1900-01-01 22:04:46.100,1076
152863,736,324,10.5,113.0,178.0,248.4705882352941,D:\AprPanama2025_fixed\041125_experimental\041125PA_experimental_part09.mp4,1900-01-01 22:04:46.300,1076
152863,732,419,2.0,127.0,163.0,232.16666666666663,D:\AprPanama2025_fixed\041125_experimental\041125PA_experimental_part09.mp4,1900-01-01 22:04:46.300,1072
152862,736,324,9.5,115.0,179.0,243.6875,D:\AprPanama2025_fixed\041125_experimental\041125PA_experimental_part09.mp4,1900-01-01 22:04:46.200,1076
152862,733,420,2.5,112.0,151.0,247.14285714285717,D:\AprPanama2025_fixed\041125_experimental\041125PA_experimental_part09.mp4,1900-01-01 22:04:46.200,1073
152870,734,324,2.5,130.0,174.0,198.75,D:\AprPanama2025_fixed\041125_experimental\041125PA_experimental_part09.mp4,1900-01-01 22:04:47.000,1074
152867,735,324,6.5,115.0,178.0,232.3333333333333,D:\AprPanama2025_fixed\041125_experimental\041125PA_experimental_part09.mp4,1900-01-01 22:04:46.700,1075
152867,732,419,1.5,118.0,151.0,200.0,D:\AprPanama2025_fixed\041125_experimental\041125PA_experimental_part09.mp4,1900-01-01 22:04:46.700,1072
152871,734,324,2.5,116.0,165.0,104.375,D:\AprPanama2025_fixed\041125_experimental\041125PA_experimental_part09.mp4,1900-01-01 22:04:47.100,1074
152865,735,324,8.0,114.0,178.0,236.85714285714283,D:\AprPanama2025_fixed\041125_experimental\041125PA_experimental_part09.mp4,1900-01-01 22:04:46.500,1075
152865,732,419,2.0,128.0,175.0,216.0,D:\AprPanama2025_fixed\041125_experimental\041125PA_experimental_part09.mp4,1900-01-01 22:04:46.500,1072
152866,735,324,6.5,115.0,178.0,232.3333333333333,D:\AprPanama2025_fixed\041125_experimental\041125PA_experimental_part09.mp4,1900-01-01 22:04:46.600,1075
152866,732,419,1.5,120.0,165.0,200.8,D:\AprPanama2025_fixed\041125_experimental\041125PA_experimental_part09.mp4,1900-01-01 22:04:46.600,1072
152869,735,324,4.5,116.0,172.0,125.4,D:\AprPanama2025_fixed\041125_experimental\041125PA_experimental_part09.mp4,1900-01-01 22:04:46.900,1075
154872,632,97,3.5,112.0,168.0,192.44444444444443,D:\AprPanama2025_fixed\041125_experimental\041125PA_experimental_part09.mp4,1900-01-01 22:08:07.200,972
154874,631,98,8.0,131.0,179.0,244.2142857142857,D:\AprPanama2025_fixed\041125_experimental\041125PA_experimental_part09.mp4,1900-01-01 22:08:07.400,971
154876,631,98,7.0,131.0,179.0,244.35714285714283,D:\AprPanama2025_fixed\041125_experimental\041125PA_experimental_part09.mp4,1900-01-01 22:08:07.600,971
154879,632,98,5.5,115.0,177.0,226.63636363636363,D:\AprPanama2025_fixed\041125_experimental\041125PA_experimental_part09.mp4,1900-01-01 22:08:07.900,972
154877,631,98,7.0,131.0,179.0,244.35714285714283,D:\AprPanama2025_fixed\041125_experimental\041125PA_experimental_part09.mp4,1900-01-01 22:08:07.700,971
154878,631,97,6.0,114.0,178.0,237.5833333333333,D:\AprPanama2025_fixed\041125_experimental\041125PA_experimental_part09.mp4,1900-01-01 22:08:07.800,971
154873,632,97,5.0,129.0,172.0,231.9,D:\AprPanama2025_fixed\041125_experimental\041125PA_experimental_part09.mp4,1900-01-01 22:08:07.300,972
154875,631,98,8.5,119.0,179.0,241.13333333333333,D:\AprPanama2025_fixed\041125_experimental\041125PA_experimental_part09.mp4,1900-01-01 22:08:07.500,971
154880,632,97,4.5,125.0,178.0,239.0,D:\AprPanama2025_fixed\041125_experimental\041125PA_experimental_part09.mp4,1900-01-01 22:08:08.000,972
154881,632,97,4.5,132.0,178.0,230.6,D:\AprPanama2025_fixed\041125_experimental\041125PA_experimental_part09.mp4,1900-01-01 22:08:08.100,972
154888,632,97,5.0,111.0,172.0,224.0,D:\AprPanama2025_fixed\041125_experimental\041125PA_experimental_part09.mp4,1900-01-01 22:08:08.800,972
154886,632,97,2.0,114.0,177.0,229.14285714285717,D:\AprPanama2025_fixed\041125_experimental\041125PA_experimental_part09.mp4,1900-01-01 22:08:08.600,972
154884,631,97,3.0,117.0,181.0,199.125,D:\AprPanama2025_fixed\041125_experimental\041125PA_experimental_part09.mp4,1900-01-01 22:08:08.400,971
154883,631,97,3.0,119.0,181.0,219.125,D:\AprPanama2025_fixed\041125_experimental\041125PA_experimental_part09.mp4,1900-01-01 22:08:08.300,971
154882,632,97,5.5,127.0,179.0,229.1818181818182,D:\AprPanama2025_fixed\041125_experimental\041125PA_experimental_part09.mp4,1900-01-01 22:08:08.200,972
154885,631,97,3.0,115.0,180.0,214.25,D:\AprPanama2025_fixed\041125_experimental\041125PA_experimental_part09.mp4,1900-01-01 22:08:08.500,971
154887,632,97,5.0,111.0,174.0,201.3,D:\AprPanama2025_fixed\041125_experimental\041125PA_experimental_part09.mp4,1900-01-01 22:08:08.700,972
154895,632,96,1.5,111.0,172.0,193.4,D:\AprPanama2025_fixed\041125_experimental\041125PA_experimental_part09.mp4,1900-01-01 22:08:09.500,972
154891,632,96,2.5,124.0,175.0,209.16666666666663,D:\AprPanama2025_fixed\041125_experimental\041125PA_experimental_part09.mp4,1900-01-01 22:08:09.100,972
154893,632,96,2.5,124.0,175.0,209.16666666666663,D:\AprPanama2025_fixed\041125_experimental\041125PA_experimental_part09.mp4,1900-01-01 22:08:09.300,972
154894,632,96,1.5,111.0,172.0,193.4,D:\AprPanama2025_fixed\041125_experimental\041125PA_experimental_part09.mp4,1900-01-01 22:08:09.400,972
154890,632,96,2.5,124.0,175.0,209.16666666666663,D:\AprPanama2025_fixed\041125_experimental\041125PA_experimental_part09.mp4,1900-01-01 22:08:09.000,972
154889,632,97,5.0,112.0,172.0,229.7,D:\AprPanama2025_fixed\041125_experimental\041125PA_experimental_part09.mp4,1900-01-01 22:08:08.900,972
154892,632,96,2.5,124.0,175.0,209.16666666666663,D:\AprPanama2025_fixed\041125_experimental\041125PA_experimental_part09.mp4,1900-01-01 22:08:09.200,972
154898,632,96,1.5,132.0,167.0,213.0,D:\AprPanama2025_fixed\041125_experimental\041125PA_experimental_part09.mp4,1900-01-01 22:08:09.800,972
162363,599,275,11.5,127.0,179.0,241.3157894736842,D:\AprPanama2025_fixed\041125_experimental\041125PA_experimental_part10.mp4,1900-01-01 22:20:36.300,939
162364,599,274,12.0,118.0,178.0,240.8,D:\AprPanama2025_fixed\041125_experimental\041125PA_experimental_part10.mp4,1900-01-01 22:20:36.400,939
162366,599,274,13.0,116.0,178.0,245.85714285714283,D:\AprPanama2025_fixed\041125_experimental\041125PA_experimental_part10.mp4,1900-01-01 22:20:36.600,939
162365,599,275,15.5,112.0,179.0,250.7083333333333,D:\AprPanama2025_fixed\041125_experimental\041125PA_experimental_part10.mp4,1900-01-01 22:20:36.500,939
162367,599,275,14.0,115.0,179.0,251.54545454545456,D:\AprPanama2025_fixed\041125_experimental\041125PA_experimental_part10.mp4,1900-01-01 22:20:36.700,939
162374,600,274,11.5,123.0,179.0,245.52631578947367,D:\AprPanama2025_fixed\041125_experimental\041125PA_experimental_part10.mp4,1900-01-01 22:20:37.400,940
162375,600,274,11.5,119.0,179.0,244.1052631578947,D:\AprPanama2025_fixed\041125_experimental\041125PA_experimental_part10.mp4,1900-01-01 22:20:37.500,940
162369,599,274,15.5,112.0,179.0,247.75,D:\AprPanama2025_fixed\041125_experimental\041125PA_experimental_part10.mp4,1900-01-01 22:20:36.900,939
162372,600,274,12.5,111.0,178.0,239.5,D:\AprPanama2025_fixed\041125_experimental\041125PA_experimental_part10.mp4,1900-01-01 22:20:37.200,940
162373,600,274,9.5,127.0,179.0,246.2941176470588,D:\AprPanama2025_fixed\041125_experimental\041125PA_experimental_part10.mp4,1900-01-01 22:20:37.300,940
162370,599,274,15.5,126.0,179.0,246.3333333333333,D:\AprPanama2025_fixed\041125_experimental\041125PA_experimental_part10.mp4,1900-01-01 22:20:37.000,939
162371,599,274,15.5,122.0,179.0,248.7083333333333,D:\AprPanama2025_fixed\041125_experimental\041125PA_experimental_part10.mp4,1900-01-01 22:20:37.100,939
162368,599,275,13.0,112.0,179.0,251.8095238095238,D:\AprPanama2025_fixed\041125_experimental\041125PA_experimental_part10.mp4,1900-01-01 22:20:36.800,939
162380,797,190,2.0,127.0,150.0,248.66666666666663,D:\AprPanama2025_fixed\041125_experimental\041125PA_experimental_part10.mp4,1900-01-01 22:20:38.000,1137
162380,600,274,9.0,116.0,179.0,251.26666666666665,D:\AprPanama2025_fixed\041125_experimental\041125PA_experimental_part10.mp4,1900-01-01 22:20:38.000,940
162377,600,274,10.0,118.0,179.0,250.94117647058823,D:\AprPanama2025_fixed\041125_experimental\041125PA_experimental_part10.mp4,1900-01-01 22:20:37.700,940
162381,797,191,8.0,114.0,179.0,245.7142857142857,D:\AprPanama2025_fixed\041125_experimental\041125PA_experimental_part10.mp4,1900-01-01 22:20:38.100,1137
162381,600,273,8.0,113.0,179.0,252.5,D:\AprPanama2025_fixed\041125_experimental\041125PA_experimental_part10.mp4,1900-01-01 22:20:38.100,940
162382,808,190,3.0,113.0,170.0,224.125,D:\AprPanama2025_fixed\041125_experimental\041125PA_experimental_part10.mp4,1900-01-01 22:20:38.200,1148
162382,797,191,9.5,111.0,179.0,251.9375,D:\AprPanama2025_fixed\041125_experimental\041125PA_experimental_part10.mp4,1900-01-01 22:20:38.200,1137
162382,600,273,6.5,136.0,178.0,250.75,D:\AprPanama2025_fixed\041125_experimental\041125PA_experimental_part10.mp4,1900-01-01 22:20:38.200,940
162378,600,274,9.0,119.0,179.0,249.33333333333331,D:\AprPanama2025_fixed\041125_experimental\041125PA_experimental_part10.mp4,1900-01-01 22:20:37.800,940
162379,600,274,9.0,119.0,179.0,249.33333333333331,D:\AprPanama2025_fixed\041125_experimental\041125PA_experimental_part10.mp4,1900-01-01 22:20:37.900,940
162383,797,191,8.5,117.0,179.0,249.9333333333333,D:\AprPanama2025_fixed\041125_experimental\041125PA_experimental_part10.mp4,1900-01-01 22:20:38.300,1137
162383,600,273,5.5,129.0,179.0,253.63636363636363,D:\AprPanama2025_fixed\041125_experimental\041125PA_experimental_part10.mp4,1900-01-01 22:20:38.300,940
162376,600,274,11.0,112.0,179.0,247.7222222222222,D:\AprPanama2025_fixed\041125_experimental\041125PA_experimental_part10.mp4,1900-01-01 22:20:37.600,940
162386,798,191,9.0,114.0,176.0,242.2,D:\AprPanama2025_fixed\041125_experimental\041125PA_experimental_part10.mp4,1900-01-01 22:20:38.600,1138
162386,600,273,3.5,161.0,179.0,249.2222222222222,D:\AprPanama2025_fixed\041125_experimental\041125PA_experimental_part10.mp4,1900-01-01 22:20:38.600,940
162390,798,191,5.5,119.0,168.0,210.54545454545456,D:\AprPanama2025_fixed\041125_experimental\041125PA_experimental_part10.mp4,1900-01-01 22:20:39.000,1138
162390,600,273,1.5,118.0,153.0,255.0,D:\AprPanama2025_fixed\041125_experimental\041125PA_experimental_part10.mp4,1900-01-01 22:20:39.000,940
162388,798,192,6.0,123.0,169.0,240.5833333333333,D:\AprPanama2025_fixed\041125_experimental\041125PA_experimental_part10.mp4,1900-01-01 22:20:38.800,1138
162388,600,273,2.0,135.0,162.0,251.3333333333333,D:\AprPanama2025_fixed\041125_experimental\041125PA_experimental_part10.mp4,1900-01-01 22:20:38.800,940
162387,798,191,6.5,119.0,171.0,208.30769230769232,D:\AprPanama2025_fixed\041125_experimental\041125PA_experimental_part10.mp4,1900-01-01 22:20:38.700,1138
162387,600,273,3.0,118.0,179.0,248.125,D:\AprPanama2025_fixed\041125_experimental\041125PA_experimental_part10.mp4,1900-01-01 22:20:38.700,940
162389,798,192,6.0,113.0,170.0,221.41666666666663,D:\AprPanama2025_fixed\041125_experimental\041125PA_experimental_part10.mp4,1900-01-01 22:20:38.900,1138
162389,600,273,3.0,129.0,178.0,245.0,D:\AprPanama2025_fixed\041125_experimental\041125PA_experimental_part10.mp4,1900-01-01 22:20:38.900,940
162391,797,191,3.5,118.0,169.0,180.375,D:\AprPanama2025_fixed\041125_experimental\041125PA_experimental_part10.mp4,1900-01-01 22:20:39.100,1137
162385,797,191,7.0,121.0,174.0,251.7692307692308,D:\AprPanama2025_fixed\041125_experimental\041125PA_experimental_part10.mp4,1900-01-01 22:20:38.500,1137
162385,600,273,3.5,161.0,179.0,249.2222222222222,D:\AprPanama2025_fixed\041125_experimental\041125PA_experimental_part10.mp4,1900-01-01 22:20:38.500,940
162384,797,191,8.5,117.0,179.0,249.9333333333333,D:\AprPanama2025_fixed\041125_experimental\041125PA_experimental_part10.mp4,1900-01-01 22:20:38.400,1137
162384,600,273,5.5,129.0,179.0,253.63636363636363,D:\AprPanama2025_fixed\041125_experimental\041125PA_experimental_part10.mp4,1900-01-01 22:20:38.400,940
162397,600,272,1.5,112.0,170.0,183.8,D:\AprPanama2025_fixed\041125_experimental\041125PA_experimental_part10.mp4,1900-01-01 22:20:39.700,940
162398,600,271,2.0,112.0,175.0,213.3333333333333,D:\AprPanama2025_fixed\041125_experimental\041125PA_experimental_part10.mp4,1900-01-01 22:20:39.800,940
162394,797,191,3.5,114.0,162.0,129.125,D:\AprPanama2025_fixed\041125_experimental\041125PA_experimental_part10.mp4,1900-01-01 22:20:39.400,1137
162393,797,191,3.5,115.0,162.0,123.125,D:\AprPanama2025_fixed\041125_experimental\041125PA_experimental_part10.mp4,1900-01-01 22:20:39.300,1137
162392,798,191,3.0,120.0,157.0,158.0,D:\AprPanama2025_fixed\041125_experimental\041125PA_experimental_part10.mp4,1900-01-01 22:20:39.200,1138
162399,600,271,2.0,124.0,175.0,186.16666666666663,D:\AprPanama2025_fixed\041125_experimental\041125PA_experimental_part10.mp4,1900-01-01 22:20:39.900,940
162402,600,272,2.0,112.0,162.0,220.66666666666663,D:\AprPanama2025_fixed\041125_experimental\041125PA_experimental_part10.mp4,1900-01-01 22:20:40.200,940
162401,600,272,2.0,112.0,162.0,220.66666666666663,D:\AprPanama2025_fixed\041125_experimental\041125PA_experimental_part10.mp4,1900-01-01 22:20:40.100,940
162400,600,272,2.0,112.0,162.0,220.66666666666663,D:\AprPanama2025_fixed\041125_experimental\041125PA_experimental_part10.mp4,1900-01-01 22:20:40.000,940
162454,724,290,2.0,115.0,162.0,241.57142857142856,D:\AprPanama2025_fixed\041125_experimental\041125PA_experimental_part10.mp4,1900-01-01 22:20:45.400,1064
162453,724,290,2.0,115.0,162.0,241.57142857142856,D:\AprPanama2025_fixed\041125_experimental\041125PA_experimental_part10.mp4,1900-01-01 22:20:45.300,1064
162455,723,291,5.5,123.0,162.0,245.41666666666663,D:\AprPanama2025_fixed\041125_experimental\041125PA_experimental_part10.mp4,1900-01-01 22:20:45.500,1063
162457,723,292,1.5,114.0,147.0,248.3333333333333,D:\AprPanama2025_fixed\041125_experimental\041125PA_experimental_part10.mp4,1900-01-01 22:20:45.700,1063
162456,723,292,3.5,113.0,156.0,254.88888888888889,D:\AprPanama2025_fixed\041125_experimental\041125PA_experimental_part10.mp4,1900-01-01 22:20:45.600,1063
164182,520,202,1.5,122.0,166.0,230.6,D:\AprPanama2025_fixed\041125_experimental\041125PA_experimental_part10.mp4,1900-01-01 22:23:38.200,860
164183,521,204,9.0,116.0,178.0,240.6,D:\AprPanama2025_fixed\041125_experimental\041125PA_experimental_part10.mp4,1900-01-01 22:23:38.300,861
164187,521,204,12.0,112.0,182.0,243.21052631578945,D:\AprPanama2025_fixed\041125_experimental\041125PA_experimental_part10.mp4,1900-01-01 22:23:38.700,861
164189,521,204,12.5,116.0,187.0,241.55,D:\AprPanama2025_fixed\041125_experimental\041125PA_experimental_part10.mp4,1900-01-01 22:23:38.900,861
164191,521,203,9.0,115.0,179.0,245.0,D:\AprPanama2025_fixed\041125_experimental\041125PA_experimental_part10.mp4,1900-01-01 22:23:39.100,861
164188,521,204,12.0,112.0,182.0,243.42105263157893,D:\AprPanama2025_fixed\041125_experimental\041125PA_experimental_part10.mp4,1900-01-01 22:23:38.800,861
164190,521,204,13.0,112.0,179.0,243.42857142857144,D:\AprPanama2025_fixed\041125_experimental\041125PA_experimental_part10.mp4,1900-01-01 22:23:39.000,861
164185,521,204,11.5,123.0,184.0,247.8947368421053,D:\AprPanama2025_fixed\041125_experimental\041125PA_experimental_part10.mp4,1900-01-01 22:23:38.500,861
164186,521,204,12.0,128.0,179.0,248.2,D:\AprPanama2025_fixed\041125_experimental\041125PA_experimental_part10.mp4,1900-01-01 22:23:38.600,861
164184,521,204,11.0,129.0,178.0,248.2222222222222,D:\AprPanama2025_fixed\041125_experimental\041125PA_experimental_part10.mp4,1900-01-01 22:23:38.400,861
164192,521,203,9.0,118.0,179.0,244.875,D:\AprPanama2025_fixed\041125_experimental\041125PA_experimental_part10.mp4,1900-01-01 22:23:39.200,861
164193,521,203,8.5,116.0,179.0,243.33333333333331,D:\AprPanama2025_fixed\041125_experimental\041125PA_experimental_part10.mp4,1900-01-01 22:23:39.300,861
164198,521,203,5.0,121.0,171.0,250.3,D:\AprPanama2025_fixed\041125_experimental\041125PA_experimental_part10.mp4,1900-01-01 22:23:39.800,861
164195,521,203,8.5,111.0,179.0,241.2,D:\AprPanama2025_fixed\041125_experimental\041125PA_experimental_part10.mp4,1900-01-01 22:23:39.500,861
164196,521,203,8.5,111.0,179.0,241.2,D:\AprPanama2025_fixed\041125_experimental\041125PA_experimental_part10.mp4,1900-01-01 22:23:39.600,861
164199,520,203,3.5,112.0,165.0,248.77777777777777,D:\AprPanama2025_fixed\041125_experimental\041125PA_experimental_part10.mp4,1900-01-01 22:23:39.900,860
164197,521,203,7.0,112.0,169.0,237.0,D:\AprPanama2025_fixed\041125_experimental\041125PA_experimental_part10.mp4,1900-01-01 22:23:39.700,861
164194,521,203,8.5,116.0,179.0,243.33333333333331,D:\AprPanama2025_fixed\041125_experimental\041125PA_experimental_part10.mp4,1900-01-01 22:23:39.400,861
164202,520,203,2.5,111.0,159.0,254.42857142857144,D:\AprPanama2025_fixed\041125_experimental\041125PA_experimental_part10.mp4,1900-01-01 22:23:40.200,860
164201,521,202,3.5,117.0,161.0,252.5,D:\AprPanama2025_fixed\041125_experimental\041125PA_experimental_part10.mp4,1900-01-01 22:23:40.100,861
164200,520,203,3.5,112.0,165.0,248.77777777777777,D:\AprPanama2025_fixed\041125_experimental\041125PA_experimental_part10.mp4,1900-01-01 22:23:40.000,860
164213,520,200,2.0,129.0,178.0,249.66666666666663,D:\AprPanama2025_fixed\041125_experimental\041125PA_experimental_part10.mp4,1900-01-01 22:23:41.300,860
164214,520,200,2.0,121.0,173.0,246.8333333333333,D:\AprPanama2025_fixed\041125_experimental\041125PA_experimental_part10.mp4,1900-01-01 22:23:41.400,860
164215,520,200,2.0,112.0,170.0,239.3333333333333,D:\AprPanama2025_fixed\041125_experimental\041125PA_experimental_part10.mp4,1900-01-01 22:23:41.500,860
167199,496,346,8.5,112.0,179.0,249.9333333333333,D:\AprPanama2025_fixed\041125_experimental\041125PA_experimental_part10.mp4,1900-01-01 22:28:39.900,836
167198,496,346,7.0,118.0,179.0,254.92307692307693,D:\AprPanama2025_fixed\041125_experimental\041125PA_experimental_part10.mp4,1900-01-01 22:28:39.800,836
167197,496,345,5.0,136.0,178.0,230.3,D:\AprPanama2025_fixed\041125_experimental\041125PA_experimental_part10.mp4,1900-01-01 22:28:39.700,836
167207,497,345,8.5,111.0,179.0,230.33333333333331,D:\AprPanama2025_fixed\041125_experimental\041125PA_experimental_part10.mp4,1900-01-01 22:28:40.700,837
167205,496,346,9.5,115.0,179.0,246.8125,D:\AprPanama2025_fixed\041125_experimental\041125PA_experimental_part10.mp4,1900-01-01 22:28:40.500,836
167203,497,346,11.5,113.0,178.0,242.55555555555557,D:\AprPanama2025_fixed\041125_experimental\041125PA_experimental_part10.mp4,1900-01-01 22:28:40.300,837
167204,497,346,10.0,114.0,179.0,244.35294117647055,D:\AprPanama2025_fixed\041125_experimental\041125PA_experimental_part10.mp4,1900-01-01 22:28:40.400,837
167202,497,346,11.5,113.0,178.0,242.55555555555557,D:\AprPanama2025_fixed\041125_experimental\041125PA_experimental_part10.mp4,1900-01-01 22:28:40.200,837
167201,496,346,8.5,112.0,179.0,249.9333333333333,D:\AprPanama2025_fixed\041125_experimental\041125PA_experimental_part10.mp4,1900-01-01 22:28:40.100,836
167206,497,345,8.5,111.0,179.0,230.33333333333331,D:\AprPanama2025_fixed\041125_experimental\041125PA_experimental_part10.mp4,1900-01-01 22:28:40.600,837
167200,496,346,8.5,112.0,179.0,249.9333333333333,D:\AprPanama2025_fixed\041125_experimental\041125PA_experimental_part10.mp4,1900-01-01 22:28:40.000,836
167210,497,345,7.0,111.0,176.0,243.92307692307693,D:\AprPanama2025_fixed\041125_experimental\041125PA_experimental_part10.mp4,1900-01-01 22:28:41.000,837
167215,497,346,3.0,113.0,154.0,251.0,D:\AprPanama2025_fixed\041125_experimental\041125PA_experimental_part10.mp4,1900-01-01 22:28:41.500,837
167212,497,345,5.0,117.0,166.0,249.2,D:\AprPanama2025_fixed\041125_experimental\041125PA_experimental_part10.mp4,1900-01-01 22:28:41.200,837
167209,497,345,8.0,113.0,174.0,232.85714285714283,D:\AprPanama2025_fixed\041125_experimental\041125PA_experimental_part10.mp4,1900-01-01 22:28:40.900,837
167213,497,346,3.5,119.0,162.0,248.0,D:\AprPanama2025_fixed\041125_experimental\041125PA_experimental_part10.mp4,1900-01-01 22:28:41.300,837
167214,497,346,3.5,115.0,158.0,249.3333333333333,D:\AprPanama2025_fixed\041125_experimental\041125PA_experimental_part10.mp4,1900-01-01 22:28:41.400,837
167208,497,345,8.0,113.0,174.0,232.85714285714283,D:\AprPanama2025_fixed\041125_experimental\041125PA_experimental_part10.mp4,1900-01-01 22:28:40.800,837
167211,497,345,6.0,117.0,169.0,244.3333333333333,D:\AprPanama2025_fixed\041125_experimental\041125PA_experimental_part10.mp4,1900-01-01 22:28:41.100,837
167216,497,346,3.0,113.0,154.0,251.0,D:\AprPanama2025_fixed\041125_experimental\041125PA_experimental_part10.mp4,1900-01-01 22:28:41.600,837
167218,497,346,3.0,113.0,154.0,251.0,D:\AprPanama2025_fixed\041125_experimental\041125PA_experimental_part10.mp4,1900-01-01 22:28:41.800,837
167217,497,346,3.0,113.0,154.0,251.0,D:\AprPanama2025_fixed\041125_experimental\041125PA_experimental_part10.mp4,1900-01-01 22:28:41.700,837
167225,498,344,3.0,115.0,177.0,195.14285714285717,D:\AprPanama2025_fixed\041125_experimental\041125PA_experimental_part10.mp4,1900-01-01 22:28:42.500,838
167231,498,344,1.5,121.0,170.0,194.2,D:\AprPanama2025_fixed\041125_experimental\041125PA_experimental_part10.mp4,1900-01-01 22:28:43.100,838
167230,498,344,1.5,121.0,170.0,194.2,D:\AprPanama2025_fixed\041125_experimental\041125PA_experimental_part10.mp4,1900-01-01 22:28:43.000,838
167227,497,344,1.5,115.0,170.0,221.2,D:\AprPanama2025_fixed\041125_experimental\041125PA_experimental_part10.mp4,1900-01-01 22:28:42.700,837
167226,497,344,1.5,116.0,172.0,238.4,D:\AprPanama2025_fixed\041125_experimental\041125PA_experimental_part10.mp4,1900-01-01 22:28:42.600,837
167229,498,344,2.5,131.0,166.0,220.8333333333333,D:\AprPanama2025_fixed\041125_experimental\041125PA_experimental_part10.mp4,1900-01-01 22:28:42.900,838
167236,498,344,1.5,127.0,157.0,186.2,D:\AprPanama2025_fixed\041125_experimental\041125PA_experimental_part10.mp4,1900-01-01 22:28:43.600,838
167246,612,92,14.5,121.0,179.0,249.17391304347825,D:\AprPanama2025_fixed\041125_experimental\041125PA_experimental_part10.mp4,1900-01-01 22:28:44.600,952
167244,612,92,7.5,116.0,177.0,231.85714285714283,D:\AprPanama2025_fixed\041125_experimental\041125PA_experimental_part10.mp4,1900-01-01 22:28:44.400,952
167245,612,92,13.0,118.0,179.0,236.66666666666663,D:\AprPanama2025_fixed\041125_experimental\041125PA_experimental_part10.mp4,1900-01-01 22:28:44.500,952
167247,612,92,14.5,121.0,179.0,249.17391304347825,D:\AprPanama2025_fixed\041125_experimental\041125PA_experimental_part10.mp4,1900-01-01 22:28:44.700,952
167250,612,92,13.0,129.0,178.0,248.7142857142857,D:\AprPanama2025_fixed\041125_experimental\041125PA_experimental_part10.mp4,1900-01-01 22:28:45.000,952
167251,612,92,14.5,113.0,177.0,243.8695652173913,D:\AprPanama2025_fixed\041125_experimental\041125PA_experimental_part10.mp4,1900-01-01 22:28:45.100,952
167254,612,92,13.0,126.0,178.0,244.14285714285717,D:\AprPanama2025_fixed\041125_experimental\041125PA_experimental_part10.mp4,1900-01-01 22:28:45.400,952
167249,612,92,14.0,121.0,178.0,250.13636363636363,D:\AprPanama2025_fixed\041125_experimental\041125PA_experimental_part10.mp4,1900-01-01 22:28:44.900,952
167255,612,92,13.0,116.0,178.0,242.14285714285717,D:\AprPanama2025_fixed\041125_experimental\041125PA_experimental_part10.mp4,1900-01-01 22:28:45.500,952
167253,612,92,14.0,132.0,179.0,246.3181818181818,D:\AprPanama2025_fixed\041125_experimental\041125PA_experimental_part10.mp4,1900-01-01 22:28:45.300,952
167252,612,92,14.0,131.0,179.0,245.13636363636363,D:\AprPanama2025_fixed\041125_experimental\041125PA_experimental_part10.mp4,1900-01-01 22:28:45.200,952
167248,612,92,16.0,130.0,179.0,250.36,D:\AprPanama2025_fixed\041125_experimental\041125PA_experimental_part10.mp4,1900-01-01 22:28:44.800,952
167258,612,92,9.5,113.0,179.0,250.75,D:\AprPanama2025_fixed\041125_experimental\041125PA_experimental_part10.mp4,1900-01-01 22:28:45.800,952
167259,611,92,7.5,121.0,179.0,251.14285714285717,D:\AprPanama2025_fixed\041125_experimental\041125PA_experimental_part10.mp4,1900-01-01 22:28:45.900,951
167256,612,92,9.5,121.0,178.0,251.125,D:\AprPanama2025_fixed\041125_experimental\041125PA_experimental_part10.mp4,1900-01-01 22:28:45.600,952
167262,611,91,5.0,113.0,165.0,247.3636363636364,D:\AprPanama2025_fixed\041125_experimental\041125PA_experimental_part10.mp4,1900-01-01 22:28:46.200,951
167257,612,92,9.5,121.0,178.0,251.125,D:\AprPanama2025_fixed\041125_experimental\041125PA_experimental_part10.mp4,1900-01-01 22:28:45.700,952
167263,611,92,6.0,115.0,171.0,180.54545454545456,D:\AprPanama2025_fixed\041125_experimental\041125PA_experimental_part10.mp4,1900-01-01 22:28:46.300,951
167261,611,92,6.5,115.0,174.0,241.5833333333333,D:\AprPanama2025_fixed\041125_experimental\041125PA_experimental_part10.mp4,1900-01-01 22:28:46.100,951
167260,611,92,4.5,113.0,178.0,250.9,D:\AprPanama2025_fixed\041125_experimental\041125PA_experimental_part10.mp4,1900-01-01 22:28:46.000,951
167266,611,92,3.0,118.0,151.0,125.42857142857142,D:\AprPanama2025_fixed\041125_experimental\041125PA_experimental_part10.mp4,1900-01-01 22:28:46.600,951
167268,611,92,2.0,122.0,149.0,125.33333333333331,D:\AprPanama2025_fixed\041125_experimental\041125PA_experimental_part10.mp4,1900-01-01 22:28:46.800,951
167267,611,91,2.0,117.0,142.0,142.83333333333331,D:\AprPanama2025_fixed\041125_experimental\041125PA_experimental_part10.mp4,1900-01-01 22:28:46.700,951
167264,611,92,4.5,122.0,163.0,186.77777777777777,D:\AprPanama2025_fixed\041125_experimental\041125PA_experimental_part10.mp4,1900-01-01 22:28:46.400,951
170094,523,391,11.0,115.0,179.0,239.94444444444443,D:\AprPanama2025_fixed\041125_experimental\041125PA_experimental_part10.mp4,1900-01-01 22:33:29.400,863
170092,522,392,5.5,111.0,175.0,203.0,D:\AprPanama2025_fixed\041125_experimental\041125PA_experimental_part10.mp4,1900-01-01 22:33:29.200,862
170095,523,391,10.0,123.0,179.0,242.64705882352945,D:\AprPanama2025_fixed\041125_experimental\041125PA_experimental_part10.mp4,1900-01-01 22:33:29.500,863
170093,522,392,8.0,122.0,179.0,242.2142857142857,D:\AprPanama2025_fixed\041125_experimental\041125PA_experimental_part10.mp4,1900-01-01 22:33:29.300,862
170100,524,390,8.0,114.0,176.0,250.46666666666667,D:\AprPanama2025_fixed\041125_experimental\041125PA_experimental_part10.mp4,1900-01-01 22:33:30.000,864
170098,523,391,11.5,119.0,179.0,249.0526315789473,D:\AprPanama2025_fixed\041125_experimental\041125PA_experimental_part10.mp4,1900-01-01 22:33:29.800,863
170099,523,390,11.0,121.0,178.0,249.77777777777777,D:\AprPanama2025_fixed\041125_experimental\041125PA_experimental_part10.mp4,1900-01-01 22:33:29.900,863
170102,524,390,9.5,131.0,179.0,252.4375,D:\AprPanama2025_fixed\041125_experimental\041125PA_experimental_part10.mp4,1900-01-01 22:33:30.200,864
170097,523,391,11.0,136.0,179.0,250.44444444444443,D:\AprPanama2025_fixed\041125_experimental\041125PA_experimental_part10.mp4,1900-01-01 22:33:29.700,863
170103,524,390,9.5,115.0,179.0,253.875,D:\AprPanama2025_fixed\041125_experimental\041125PA_experimental_part10.mp4,1900-01-01 22:33:30.300,864
170101,524,390,9.0,126.0,179.0,252.375,D:\AprPanama2025_fixed\041125_experimental\041125PA_experimental_part10.mp4,1900-01-01 22:33:30.100,864
170096,523,391,11.0,124.0,181.0,244.0,D:\AprPanama2025_fixed\041125_experimental\041125PA_experimental_part10.mp4,1900-01-01 22:33:29.600,863
170105,525,391,9.0,113.0,176.0,245.2,D:\AprPanama2025_fixed\041125_experimental\041125PA_experimental_part10.mp4,1900-01-01 22:33:30.500,865
170107,525,390,8.5,111.0,177.0,242.0,D:\AprPanama2025_fixed\041125_experimental\041125PA_experimental_part10.mp4,1900-01-01 22:33:30.700,865
170109,526,390,5.5,124.0,179.0,242.0909090909091,D:\AprPanama2025_fixed\041125_experimental\041125PA_experimental_part10.mp4,1900-01-01 22:33:30.900,866
170110,526,389,6.5,127.0,179.0,249.5,D:\AprPanama2025_fixed\041125_experimental\041125PA_experimental_part10.mp4,1900-01-01 22:33:31.000,866
170111,526,390,6.0,115.0,179.0,245.0833333333333,D:\AprPanama2025_fixed\041125_experimental\041125PA_experimental_part10.mp4,1900-01-01 22:33:31.100,866
170106,525,390,8.5,120.0,174.0,247.2,D:\AprPanama2025_fixed\041125_experimental\041125PA_experimental_part10.mp4,1900-01-01 22:33:30.600,865
170108,526,389,6.0,111.0,179.0,238.45454545454547,D:\AprPanama2025_fixed\041125_experimental\041125PA_experimental_part10.mp4,1900-01-01 22:33:30.800,866
170104,525,390,7.0,111.0,174.0,238.3333333333333,D:\AprPanama2025_fixed\041125_experimental\041125PA_experimental_part10.mp4,1900-01-01 22:33:30.400,865
170115,527,390,2.0,114.0,160.0,228.3333333333333,D:\AprPanama2025_fixed\041125_experimental\041125PA_experimental_part10.mp4,1900-01-01 22:33:31.500,867
170119,528,388,1.5,123.0,169.0,234.0,D:\AprPanama2025_fixed\041125_experimental\041125PA_experimental_part10.mp4,1900-01-01 22:33:31.900,868
170116,528,389,4.5,111.0,179.0,156.8,D:\AprPanama2025_fixed\041125_experimental\041125PA_experimental_part10.mp4,1900-01-01 22:33:31.600,868
170114,527,390,2.0,114.0,160.0,228.3333333333333,D:\AprPanama2025_fixed\041125_experimental\041125PA_experimental_part10.mp4,1900-01-01 22:33:31.400,867
170112,526,389,2.0,112.0,146.0,252.42857142857144,D:\AprPanama2025_fixed\041125_experimental\041125PA_experimental_part10.mp4,1900-01-01 22:33:31.200,866
170117,528,389,5.5,126.0,178.0,242.9090909090909,D:\AprPanama2025_fixed\041125_experimental\041125PA_experimental_part10.mp4,1900-01-01 22:33:31.700,868
170118,528,388,1.5,123.0,169.0,234.0,D:\AprPanama2025_fixed\041125_experimental\041125PA_experimental_part10.mp4,1900-01-01 22:33:31.800,868
170113,527,390,2.0,114.0,157.0,247.7142857142857,D:\AprPanama2025_fixed\041125_experimental\041125PA_experimental_part10.mp4,1900-01-01 22:33:31.300,867
170121,528,390,1.5,112.0,162.0,243.4,D:\AprPanama2025_fixed\041125_experimental\041125PA_experimental_part10.mp4,1900-01-01 22:33:32.100,868
170124,530,389,3.0,120.0,162.0,219.14285714285717,D:\AprPanama2025_fixed\041125_experimental\041125PA_experimental_part10.mp4,1900-01-01 22:33:32.400,870
170120,528,388,1.5,123.0,169.0,234.0,D:\AprPanama2025_fixed\041125_experimental\041125PA_experimental_part10.mp4,1900-01-01 22:33:32.000,868
178163,64,34,5.5,115.0,175.0,186.72727272727272,D:\AprPanama2025_fixed\041125_experimental\041125PA_experimental_part10.mp4,1900-01-01 22:46:56.300,404
178167,68,28,1.5,122.0,146.0,226.0,D:\AprPanama2025_fixed\041125_experimental\041125PA_experimental_part10.mp4,1900-01-01 22:46:56.700,408
178165,66,31,2.0,124.0,163.0,156.5,D:\AprPanama2025_fixed\041125_experimental\041125PA_experimental_part10.mp4,1900-01-01 22:46:56.500,406
178161,62,35,3.5,130.0,165.0,194.875,D:\AprPanama2025_fixed\041125_experimental\041125PA_experimental_part10.mp4,1900-01-01 22:46:56.100,402
178162,63,35,4.5,111.0,170.0,166.66666666666666,D:\AprPanama2025_fixed\041125_experimental\041125PA_experimental_part10.mp4,1900-01-01 22:46:56.200,403
178164,65,33,4.5,121.0,167.0,112.33333333333331,D:\AprPanama2025_fixed\041125_experimental\041125PA_experimental_part10.mp4,1900-01-01 22:46:56.400,405
178169,70,26,1.5,153.0,172.0,248.8,D:\AprPanama2025_fixed\041125_experimental\041125PA_experimental_part10.mp4,1900-01-01 22:46:56.900,410
178171,72,24,1.5,129.0,171.0,160.60000000000002,D:\AprPanama2025_fixed\041125_experimental\041125PA_experimental_part10.mp4,1900-01-01 22:46:57.100,412
178170,70,26,4.0,112.0,156.0,166.11111111111111,D:\AprPanama2025_fixed\041125_experimental\041125PA_experimental_part10.mp4,1900-01-01 22:46:57.000,410
178172,72,25,1.5,113.0,166.0,179.66666666666666,D:\AprPanama2025_fixed\041125_experimental\041125PA_experimental_part10.mp4,1900-01-01 22:46:57.200,412
178177,75,19,3.0,119.0,150.0,96.28571428571428,D:\AprPanama2025_fixed\041125_experimental\041125PA_experimental_part10.mp4,1900-01-01 22:46:57.700,415
180230,688,12,4.5,112.0,176.0,234.3333333333333,D:\AprPanama2025_fixed\041125_experimental\041125PA_experimental_part11.mp4,1900-01-01 22:50:23.000,1028
180235,689,12,21.5,120.0,179.0,242.80645161290323,D:\AprPanama2025_fixed\041125_experimental\041125PA_experimental_part11.mp4,1900-01-01 22:50:23.500,1029
180233,689,12,16.0,117.0,178.0,247.56,D:\AprPanama2025_fixed\041125_experimental\041125PA_experimental_part11.mp4,1900-01-01 22:50:23.300,1029
180234,689,12,20.0,121.0,179.0,247.6551724137931,D:\AprPanama2025_fixed\041125_experimental\041125PA_experimental_part11.mp4,1900-01-01 22:50:23.400,1029
180232,689,12,14.0,114.0,212.0,240.8181818181818,D:\AprPanama2025_fixed\041125_experimental\041125PA_experimental_part11.mp4,1900-01-01 22:50:23.200,1029
180231,689,12,8.5,121.0,179.0,251.7333333333333,D:\AprPanama2025_fixed\041125_experimental\041125PA_experimental_part11.mp4,1900-01-01 22:50:23.100,1029
180238,688,12,24.0,125.0,178.0,246.9705882352941,D:\AprPanama2025_fixed\041125_experimental\041125PA_experimental_part11.mp4,1900-01-01 22:50:23.800,1028
180236,689,12,22.5,123.0,179.0,247.40625,D:\AprPanama2025_fixed\041125_experimental\041125PA_experimental_part11.mp4,1900-01-01 22:50:23.600,1029
180237,689,12,22.5,124.0,179.0,247.25,D:\AprPanama2025_fixed\041125_experimental\041125PA_experimental_part11.mp4,1900-01-01 22:50:23.700,1029
180245,688,12,21.5,114.0,179.0,249.96774193548387,D:\AprPanama2025_fixed\041125_experimental\041125PA_experimental_part11.mp4,1900-01-01 22:50:24.500,1028
180241,688,12,23.0,113.0,179.0,250.03030303030303,D:\AprPanama2025_fixed\041125_experimental\041125PA_experimental_part11.mp4,1900-01-01 22:50:24.100,1028
180242,688,12,23.0,112.0,179.0,250.24242424242425,D:\AprPanama2025_fixed\041125_experimental\041125PA_experimental_part11.mp4,1900-01-01 22:50:24.200,1028
180240,688,12,22.5,113.0,179.0,251.46875,D:\AprPanama2025_fixed\041125_experimental\041125PA_experimental_part11.mp4,1900-01-01 22:50:24.000,1028
180243,689,12,22.0,115.0,179.0,249.625,D:\AprPanama2025_fixed\041125_experimental\041125PA_experimental_part11.mp4,1900-01-01 22:50:24.300,1029
180246,688,12,19.5,112.0,179.0,248.89285714285717,D:\AprPanama2025_fixed\041125_experimental\041125PA_experimental_part11.mp4,1900-01-01 22:50:24.600,1028
180239,688,12,23.0,115.0,179.0,245.6969696969697,D:\AprPanama2025_fixed\041125_experimental\041125PA_experimental_part11.mp4,1900-01-01 22:50:23.900,1028
180244,688,12,21.5,124.0,179.0,250.4516129032258,D:\AprPanama2025_fixed\041125_experimental\041125PA_experimental_part11.mp4,1900-01-01 22:50:24.400,1028
180254,689,12,15.0,119.0,179.0,243.7391304347826,D:\AprPanama2025_fixed\041125_experimental\041125PA_experimental_part11.mp4,1900-01-01 22:50:25.400,1029
180249,688,12,18.0,111.0,179.0,244.2692307692308,D:\AprPanama2025_fixed\041125_experimental\041125PA_experimental_part11.mp4,1900-01-01 22:50:24.900,1028
180250,688,12,17.0,111.0,179.0,250.44,D:\AprPanama2025_fixed\041125_experimental\041125PA_experimental_part11.mp4,1900-01-01 22:50:25.000,1028
180248,688,12,17.0,112.0,215.0,245.2,D:\AprPanama2025_fixed\041125_experimental\041125PA_experimental_part11.mp4,1900-01-01 22:50:24.800,1028
180253,689,12,15.0,115.0,179.0,247.1304347826087,D:\AprPanama2025_fixed\041125_experimental\041125PA_experimental_part11.mp4,1900-01-01 22:50:25.300,1029
180251,688,12,16.0,113.0,179.0,249.7083333333333,D:\AprPanama2025_fixed\041125_experimental\041125PA_experimental_part11.mp4,1900-01-01 22:50:25.100,1028
180247,688,12,17.5,111.0,237.0,242.15384615384616,D:\AprPanama2025_fixed\041125_experimental\041125PA_experimental_part11.mp4,1900-01-01 22:50:24.700,1028
180252,688,12,14.5,115.0,178.0,248.3043478260869,D:\AprPanama2025_fixed\041125_experimental\041125PA_experimental_part11.mp4,1900-01-01 22:50:25.200,1028
180257,689,12,12.0,128.0,198.0,249.8421052631579,D:\AprPanama2025_fixed\041125_experimental\041125PA_experimental_part11.mp4,1900-01-01 22:50:25.700,1029
180256,689,12,12.0,127.0,179.0,252.94736842105263,D:\AprPanama2025_fixed\041125_experimental\041125PA_experimental_part11.mp4,1900-01-01 22:50:25.600,1029
180255,689,12,15.0,112.0,179.0,245.95652173913044,D:\AprPanama2025_fixed\041125_experimental\041125PA_experimental_part11.mp4,1900-01-01 22:50:25.500,1029
180258,689,12,13.5,125.0,178.0,245.8095238095238,D:\AprPanama2025_fixed\041125_experimental\041125PA_experimental_part11.mp4,1900-01-01 22:50:25.800,1029
180259,689,12,13.5,135.0,179.0,249.0,D:\AprPanama2025_fixed\041125_experimental\041125PA_experimental_part11.mp4,1900-01-01 22:50:25.900,1029
180262,689,12,13.5,116.0,178.0,247.8095238095238,D:\AprPanama2025_fixed\041125_experimental\041125PA_experimental_part11.mp4,1900-01-01 22:50:26.200,1029
180260,689,12,13.5,138.0,179.0,250.19047619047615,D:\AprPanama2025_fixed\041125_experimental\041125PA_experimental_part11.mp4,1900-01-01 22:50:26.000,1029
180261,689,12,12.5,119.0,177.0,244.25,D:\AprPanama2025_fixed\041125_experimental\041125PA_experimental_part11.mp4,1900-01-01 22:50:26.100,1029
180268,689,12,15.5,112.0,179.0,248.5,D:\AprPanama2025_fixed\041125_experimental\041125PA_experimental_part11.mp4,1900-01-01 22:50:26.800,1029
180264,689,12,12.0,119.0,176.0,252.57894736842104,D:\AprPanama2025_fixed\041125_experimental\041125PA_experimental_part11.mp4,1900-01-01 22:50:26.400,1029
180270,691,13,13.0,138.0,178.0,253.5,D:\AprPanama2025_fixed\041125_experimental\041125PA_experimental_part11.mp4,1900-01-01 22:50:27.000,1031
180265,689,13,11.5,123.0,179.0,239.2631578947368,D:\AprPanama2025_fixed\041125_experimental\041125PA_experimental_part11.mp4,1900-01-01 22:50:26.500,1029
180267,689,13,13.5,120.0,179.0,252.14285714285717,D:\AprPanama2025_fixed\041125_experimental\041125PA_experimental_part11.mp4,1900-01-01 22:50:26.700,1029
180269,690,13,17.0,120.0,179.0,247.6,D:\AprPanama2025_fixed\041125_experimental\041125PA_experimental_part11.mp4,1900-01-01 22:50:26.900,1030
180266,689,13,12.5,118.0,179.0,248.4,D:\AprPanama2025_fixed\041125_experimental\041125PA_experimental_part11.mp4,1900-01-01 22:50:26.600,1029
180263,689,12,12.0,126.0,177.0,253.0526315789473,D:\AprPanama2025_fixed\041125_experimental\041125PA_experimental_part11.mp4,1900-01-01 22:50:26.300,1029
180272,692,13,15.0,115.0,179.0,252.43478260869568,D:\AprPanama2025_fixed\041125_experimental\041125PA_experimental_part11.mp4,1900-01-01 22:50:27.200,1032
180273,692,13,13.5,122.0,176.0,248.3181818181818,D:\AprPanama2025_fixed\041125_experimental\041125PA_experimental_part11.mp4,1900-01-01 22:50:27.300,1032
180274,693,13,7.0,113.0,175.0,248.84615384615387,D:\AprPanama2025_fixed\041125_experimental\041125PA_experimental_part11.mp4,1900-01-01 22:50:27.400,1033
180271,692,13,15.5,114.0,179.0,247.41666666666663,D:\AprPanama2025_fixed\041125_experimental\041125PA_experimental_part11.mp4,1900-01-01 22:50:27.100,1032
191539,444,81,4.0,113.0,147.0,91.33333333333331,D:\AprPanama2025_fixed\041125_experimental\041125PA_experimental_part11.mp4,1900-01-01 23:09:13.900,784
191542,443,81,3.0,112.0,143.0,76.71428571428571,D:\AprPanama2025_fixed\041125_experimental\041125PA_experimental_part11.mp4,1900-01-01 23:09:14.200,783
191536,444,81,3.0,112.0,173.0,200.14285714285717,D:\AprPanama2025_fixed\041125_experimental\041125PA_experimental_part11.mp4,1900-01-01 23:09:13.600,784
191536,425,81,2.5,114.0,165.0,238.57142857142856,D:\AprPanama2025_fixed\041125_experimental\041125PA_experimental_part11.mp4,1900-01-01 23:09:13.600,765
191537,423,81,2.0,111.0,158.0,209.7142857142857,D:\AprPanama2025_fixed\041125_experimental\041125PA_experimental_part11.mp4,1900-01-01 23:09:13.700,763
191537,444,81,1.5,126.0,169.0,206.0,D:\AprPanama2025_fixed\041125_experimental\041125PA_experimental_part11.mp4,1900-01-01 23:09:13.700,784
191538,444,81,3.0,126.0,169.0,185.57142857142856,D:\AprPanama2025_fixed\041125_experimental\041125PA_experimental_part11.mp4,1900-01-01 23:09:13.800,784
191540,443,81,4.5,114.0,145.0,46.0,D:\AprPanama2025_fixed\041125_experimental\041125PA_experimental_part11.mp4,1900-01-01 23:09:14.000,783
191541,443,81,1.5,129.0,138.0,106.0,D:\AprPanama2025_fixed\041125_experimental\041125PA_experimental_part11.mp4,1900-01-01 23:09:14.100,783
191535,444,80,2.0,126.0,174.0,233.16666666666663,D:\AprPanama2025_fixed\041125_experimental\041125PA_experimental_part11.mp4,1900-01-01 23:09:13.500,784
191546,424,82,8.0,119.0,168.0,169.75,D:\AprPanama2025_fixed\041125_experimental\041125PA_experimental_part11.mp4,1900-01-01 23:09:14.600,764
191549,424,82,3.0,116.0,149.0,252.6,D:\AprPanama2025_fixed\041125_experimental\041125PA_experimental_part11.mp4,1900-01-01 23:09:14.900,764
191545,422,82,2.5,114.0,154.0,194.57142857142856,D:\AprPanama2025_fixed\041125_experimental\041125PA_experimental_part11.mp4,1900-01-01 23:09:14.500,762
191548,423,82,6.5,111.0,172.0,193.06666666666663,D:\AprPanama2025_fixed\041125_experimental\041125PA_experimental_part11.mp4,1900-01-01 23:09:14.800,763
191547,423,82,6.5,113.0,168.0,181.86666666666667,D:\AprPanama2025_fixed\041125_experimental\041125PA_experimental_part11.mp4,1900-01-01 23:09:14.700,763
191550,421,82,2.0,111.0,139.0,191.66666666666663,D:\AprPanama2025_fixed\041125_experimental\041125PA_experimental_part11.mp4,1900-01-01 23:09:15.000,761
226116,550,234,1.5,112.0,176.0,198.8,D:\AprPanama2025_fixed\041125_experimental\041125PA_experimental_part13.mp4,1900-01-02 00:06:51.600,890
226114,550,235,5.0,112.0,180.0,249.3636363636364,D:\AprPanama2025_fixed\041125_experimental\041125PA_experimental_part13.mp4,1900-01-02 00:06:51.400,890
226112,550,237,1.5,130.0,178.0,236.8,D:\AprPanama2025_fixed\041125_experimental\041125PA_experimental_part13.mp4,1900-01-02 00:06:51.200,890
226113,550,235,3.5,120.0,184.0,247.3,D:\AprPanama2025_fixed\041125_experimental\041125PA_experimental_part13.mp4,1900-01-02 00:06:51.300,890
226110,550,236,2.0,136.0,175.0,250.5,D:\AprPanama2025_fixed\041125_experimental\041125PA_experimental_part13.mp4,1900-01-02 00:06:51.000,890
226115,550,235,4.0,134.0,169.0,235.2222222222222,D:\AprPanama2025_fixed\041125_experimental\041125PA_experimental_part13.mp4,1900-01-02 00:06:51.500,890
226119,550,233,1.5,118.0,164.0,226.66666666666663,D:\AprPanama2025_fixed\041125_experimental\041125PA_experimental_part13.mp4,1900-01-02 00:06:51.900,890
226120,550,233,1.5,118.0,164.0,226.66666666666663,D:\AprPanama2025_fixed\041125_experimental\041125PA_experimental_part13.mp4,1900-01-02 00:06:52.000,890
226118,550,234,4.0,114.0,167.0,187.66666666666663,D:\AprPanama2025_fixed\041125_experimental\041125PA_experimental_part13.mp4,1900-01-02 00:06:51.800,890
229481,585,184,2.5,115.0,151.0,223.7142857142857,D:\AprPanama2025_fixed\041125_experimental\041125PA_experimental_part13.mp4,1900-01-02 00:12:28.100,925
229484,584,183,3.5,121.0,154.0,173.75,D:\AprPanama2025_fixed\041125_experimental\041125PA_experimental_part13.mp4,1900-01-02 00:12:28.400,924
229482,585,183,2.0,121.0,157.0,228.8333333333333,D:\AprPanama2025_fixed\041125_experimental\041125PA_experimental_part13.mp4,1900-01-02 00:12:28.200,925
229483,584,184,1.5,122.0,175.0,251.4,D:\AprPanama2025_fixed\041125_experimental\041125PA_experimental_part13.mp4,1900-01-02 00:12:28.300,924
229480,585,184,3.5,119.0,167.0,243.0,D:\AprPanama2025_fixed\041125_experimental\041125PA_experimental_part13.mp4,1900-01-02 00:12:28.000,925
229479,585,184,4.0,133.0,174.0,245.44444444444443,D:\AprPanama2025_fixed\041125_experimental\041125PA_experimental_part13.mp4,1900-01-02 00:12:27.900,925
229485,584,183,3.5,121.0,154.0,173.75,D:\AprPanama2025_fixed\041125_experimental\041125PA_experimental_part13.mp4,1900-01-02 00:12:28.500,924
229500,750,275,1.5,118.0,174.0,244.8,D:\AprPanama2025_fixed\041125_experimental\041125PA_experimental_part13.mp4,1900-01-02 00:12:30.000,1090
229499,750,274,3.5,120.0,174.0,210.5,D:\AprPanama2025_fixed\041125_experimental\041125PA_experimental_part13.mp4,1900-01-02 00:12:29.900,1090
229497,750,274,3.5,118.0,175.0,214.25,D:\AprPanama2025_fixed\041125_experimental\041125PA_experimental_part13.mp4,1900-01-02 00:12:29.700,1090
229502,750,274,1.5,118.0,158.0,242.0,D:\AprPanama2025_fixed\041125_experimental\041125PA_experimental_part13.mp4,1900-01-02 00:12:30.200,1090
229501,750,274,1.5,142.0,157.0,252.6,D:\AprPanama2025_fixed\041125_experimental\041125PA_experimental_part13.mp4,1900-01-02 00:12:30.100,1090
238384,1,89,1.5,114.0,147.0,60.400000000000006,D:\AprPanama2025_fixed\041125_experimental\041125PA_experimental_part14.mp4,1900-01-02 00:27:18.400,341
238382,1,89,1.5,114.0,147.0,60.400000000000006,D:\AprPanama2025_fixed\041125_experimental\041125PA_experimental_part14.mp4,1900-01-02 00:27:18.200,341
238381,1,89,1.5,114.0,147.0,60.400000000000006,D:\AprPanama2025_fixed\041125_experimental\041125PA_experimental_part14.mp4,1900-01-02 00:27:18.100,341
244609,443,151,7.0,120.0,189.0,248.61538461538464,D:\AprPanama2025_fixed\041125_experimental\041125PA_experimental_part14.mp4,1900-01-02 00:37:40.900,783
244607,441,149,1.5,119.0,149.0,70.0,D:\AprPanama2025_fixed\041125_experimental\041125PA_experimental_part14.mp4,1900-01-02 00:37:40.700,781
244610,443,151,9.5,130.0,179.0,250.5,D:\AprPanama2025_fixed\041125_experimental\041125PA_experimental_part14.mp4,1900-01-02 00:37:41.000,783
244611,443,151,9.5,139.0,179.0,249.375,D:\AprPanama2025_fixed\041125_experimental\041125PA_experimental_part14.mp4,1900-01-02 00:37:41.100,783
244617,441,151,7.5,122.0,179.0,246.14285714285717,D:\AprPanama2025_fixed\041125_experimental\041125PA_experimental_part14.mp4,1900-01-02 00:37:41.700,781
244614,442,151,8.0,130.0,179.0,247.78571428571428,D:\AprPanama2025_fixed\041125_experimental\041125PA_experimental_part14.mp4,1900-01-02 00:37:41.400,782
244615,442,151,8.0,130.0,179.0,247.78571428571428,D:\AprPanama2025_fixed\041125_experimental\041125PA_experimental_part14.mp4,1900-01-02 00:37:41.500,782
244612,443,151,9.5,119.0,179.0,243.4375,D:\AprPanama2025_fixed\041125_experimental\041125PA_experimental_part14.mp4,1900-01-02 00:37:41.200,783
244618,441,151,7.5,122.0,179.0,246.14285714285717,D:\AprPanama2025_fixed\041125_experimental\041125PA_experimental_part14.mp4,1900-01-02 00:37:41.800,781
244616,441,151,11.0,114.0,179.0,244.27777777777777,D:\AprPanama2025_fixed\041125_experimental\041125PA_experimental_part14.mp4,1900-01-02 00:37:41.600,781
244619,441,151,7.5,155.0,178.0,247.78571428571428,D:\AprPanama2025_fixed\041125_experimental\041125PA_experimental_part14.mp4,1900-01-02 00:37:41.900,781
244613,443,151,9.0,114.0,179.0,231.33333333333331,D:\AprPanama2025_fixed\041125_experimental\041125PA_experimental_part14.mp4,1900-01-02 00:37:41.300,783
244625,441,151,5.5,122.0,177.0,230.0909090909091,D:\AprPanama2025_fixed\041125_experimental\041125PA_experimental_part14.mp4,1900-01-02 00:37:42.500,781
244623,441,151,7.5,116.0,179.0,238.30769230769232,D:\AprPanama2025_fixed\041125_experimental\041125PA_experimental_part14.mp4,1900-01-02 00:37:42.300,781
244624,441,151,6.0,125.0,178.0,231.0833333333333,D:\AprPanama2025_fixed\041125_experimental\041125PA_experimental_part14.mp4,1900-01-02 00:37:42.400,781
244620,441,151,7.5,122.0,179.0,245.57142857142856,D:\AprPanama2025_fixed\041125_experimental\041125PA_experimental_part14.mp4,1900-01-02 00:37:42.000,781
244627,440,151,3.5,128.0,177.0,229.44444444444443,D:\AprPanama2025_fixed\041125_experimental\041125PA_experimental_part14.mp4,1900-01-02 00:37:42.700,780
244621,441,151,6.5,121.0,179.0,247.25,D:\AprPanama2025_fixed\041125_experimental\041125PA_experimental_part14.mp4,1900-01-02 00:37:42.100,781
244626,441,151,5.5,112.0,176.0,226.0,D:\AprPanama2025_fixed\041125_experimental\041125PA_experimental_part14.mp4,1900-01-02 00:37:42.600,781
244622,441,151,6.5,121.0,179.0,247.25,D:\AprPanama2025_fixed\041125_experimental\041125PA_experimental_part14.mp4,1900-01-02 00:37:42.200,781
244633,440,151,2.5,128.0,177.0,231.42857142857144,D:\AprPanama2025_fixed\041125_experimental\041125PA_experimental_part14.mp4,1900-01-02 00:37:43.300,780
244634,440,151,2.5,128.0,177.0,231.42857142857144,D:\AprPanama2025_fixed\041125_experimental\041125PA_experimental_part14.mp4,1900-01-02 00:37:43.400,780
244632,440,151,2.5,136.0,179.0,251.7142857142857,D:\AprPanama2025_fixed\041125_experimental\041125PA_experimental_part14.mp4,1900-01-02 00:37:43.200,780
244635,440,151,2.5,119.0,179.0,241.85714285714283,D:\AprPanama2025_fixed\041125_experimental\041125PA_experimental_part14.mp4,1900-01-02 00:37:43.500,780
244628,441,151,1.5,123.0,174.0,249.16666666666663,D:\AprPanama2025_fixed\041125_experimental\041125PA_experimental_part14.mp4,1900-01-02 00:37:42.800,781
244640,428,78,1.5,126.0,164.0,169.20000000000002,D:\AprPanama2025_fixed\041125_experimental\041125PA_experimental_part14.mp4,1900-01-02 00:37:44.000,768
244640,418,78,1.5,137.0,172.0,178.0,D:\AprPanama2025_fixed\041125_experimental\041125PA_experimental_part14.mp4,1900-01-02 00:37:44.000,758
244639,428,78,1.5,126.0,164.0,169.20000000000002,D:\AprPanama2025_fixed\041125_experimental\041125PA_experimental_part14.mp4,1900-01-02 00:37:43.900,768
244639,418,78,1.5,111.0,172.0,193.8,D:\AprPanama2025_fixed\041125_experimental\041125PA_experimental_part14.mp4,1900-01-02 00:37:43.900,758
244638,418,78,1.5,120.0,170.0,179.60000000000002,D:\AprPanama2025_fixed\041125_experimental\041125PA_experimental_part14.mp4,1900-01-02 00:37:43.800,758
244637,418,78,1.5,130.0,165.0,162.60000000000002,D:\AprPanama2025_fixed\041125_experimental\041125PA_experimental_part14.mp4,1900-01-02 00:37:43.700,758
246903,652,86,2.0,141.0,174.0,252.5,D:\AprPanama2025_fixed\041125_experimental\041125PA_experimental_part14.mp4,1900-01-02 00:41:30.300,992
246905,652,86,2.0,145.0,179.0,225.0,D:\AprPanama2025_fixed\041125_experimental\041125PA_experimental_part14.mp4,1900-01-02 00:41:30.500,992
246907,652,86,2.0,134.0,179.0,246.0,D:\AprPanama2025_fixed\041125_experimental\041125PA_experimental_part14.mp4,1900-01-02 00:41:30.700,992
246906,652,86,2.0,134.0,179.0,246.0,D:\AprPanama2025_fixed\041125_experimental\041125PA_experimental_part14.mp4,1900-01-02 00:41:30.600,992
246902,652,86,2.0,145.0,173.0,254.16666666666663,D:\AprPanama2025_fixed\041125_experimental\041125PA_experimental_part14.mp4,1900-01-02 00:41:30.200,992
246904,652,86,2.0,146.0,177.0,247.0,D:\AprPanama2025_fixed\041125_experimental\041125PA_experimental_part14.mp4,1900-01-02 00:41:30.400,992
246901,652,86,3.0,111.0,179.0,245.75,D:\AprPanama2025_fixed\041125_experimental\041125PA_experimental_part14.mp4,1900-01-02 00:41:30.100,992
246900,653,85,1.5,117.0,152.0,202.0,D:\AprPanama2025_fixed\041125_experimental\041125PA_experimental_part14.mp4,1900-01-02 00:41:30.000,993
246908,652,86,2.0,134.0,179.0,246.0,D:\AprPanama2025_fixed\041125_experimental\041125PA_experimental_part14.mp4,1900-01-02 00:41:30.800,992
246910,652,86,1.5,121.0,158.0,200.4,D:\AprPanama2025_fixed\041125_experimental\041125PA_experimental_part14.mp4,1900-01-02 00:41:31.000,992
246921,736,216,3.0,123.0,172.0,204.14285714285717,D:\AprPanama2025_fixed\041125_experimental\041125PA_experimental_part14.mp4,1900-01-02 00:41:32.100,1076
246923,735,216,4.0,127.0,176.0,238.3333333333333,D:\AprPanama2025_fixed\041125_experimental\041125PA_experimental_part14.mp4,1900-01-02 00:41:32.300,1075
246919,735,216,4.0,113.0,173.0,234.66666666666663,D:\AprPanama2025_fixed\041125_experimental\041125PA_experimental_part14.mp4,1900-01-02 00:41:31.900,1075
246922,735,216,4.0,127.0,176.0,238.3333333333333,D:\AprPanama2025_fixed\041125_experimental\041125PA_experimental_part14.mp4,1900-01-02 00:41:32.200,1075
246920,735,216,2.5,111.0,174.0,247.7142857142857,D:\AprPanama2025_fixed\041125_experimental\041125PA_experimental_part14.mp4,1900-01-02 00:41:32.000,1075
246927,735,217,2.0,141.0,175.0,237.66666666666663,D:\AprPanama2025_fixed\041125_experimental\041125PA_experimental_part14.mp4,1900-01-02 00:41:32.700,1075
246929,649,38,1.5,116.0,141.0,33.4,D:\AprPanama2025_fixed\041125_experimental\041125PA_experimental_part14.mp4,1900-01-02 00:41:32.900,989
246924,735,216,4.0,124.0,175.0,235.77777777777777,D:\AprPanama2025_fixed\041125_experimental\041125PA_experimental_part14.mp4,1900-01-02 00:41:32.400,1075
246926,735,216,3.0,121.0,172.0,186.375,D:\AprPanama2025_fixed\041125_experimental\041125PA_experimental_part14.mp4,1900-01-02 00:41:32.600,1075
246925,735,216,5.0,112.0,172.0,234.9,D:\AprPanama2025_fixed\041125_experimental\041125PA_experimental_part14.mp4,1900-01-02 00:41:32.500,1075
246930,649,38,1.5,116.0,141.0,33.4,D:\AprPanama2025_fixed\041125_experimental\041125PA_experimental_part14.mp4,1900-01-02 00:41:33.000,989
269378,465,155,1.5,117.0,159.0,139.16666666666666,D:\AprPanama2025_fixed\041125_experimental\041125PA_experimental_part15.mp4,1900-01-02 01:18:57.800,805
269377,465,156,2.5,116.0,159.0,155.7142857142857,D:\AprPanama2025_fixed\041125_experimental\041125PA_experimental_part15.mp4,1900-01-02 01:18:57.700,805
269380,465,155,1.5,119.0,159.0,135.5,D:\AprPanama2025_fixed\041125_experimental\041125PA_experimental_part15.mp4,1900-01-02 01:18:58.000,805
269379,465,155,1.5,118.0,159.0,137.66666666666666,D:\AprPanama2025_fixed\041125_experimental\041125PA_experimental_part15.mp4,1900-01-02 01:18:57.900,805
280268,494,80,3.0,119.0,176.0,244.28571428571428,D:\AprPanama2025_fixed\041125_experimental\041125PA_experimental_part16.mp4,1900-01-02 01:37:06.800,834
280272,495,80,4.0,115.0,176.0,248.55555555555557,D:\AprPanama2025_fixed\041125_experimental\041125PA_experimental_part16.mp4,1900-01-02 01:37:07.200,835
280271,494,80,4.5,128.0,179.0,252.66666666666663,D:\AprPanama2025_fixed\041125_experimental\041125PA_experimental_part16.mp4,1900-01-02 01:37:07.100,834
280273,495,80,4.0,121.0,176.0,246.88888888888889,D:\AprPanama2025_fixed\041125_experimental\041125PA_experimental_part16.mp4,1900-01-02 01:37:07.300,835
280269,494,80,3.0,119.0,176.0,244.28571428571428,D:\AprPanama2025_fixed\041125_experimental\041125PA_experimental_part16.mp4,1900-01-02 01:37:06.900,834
280270,494,80,4.5,121.0,177.0,255.0,D:\AprPanama2025_fixed\041125_experimental\041125PA_experimental_part16.mp4,1900-01-02 01:37:07.000,834
280279,495,81,2.5,111.0,157.0,248.28571428571428,D:\AprPanama2025_fixed\041125_experimental\041125PA_experimental_part16.mp4,1900-01-02 01:37:07.900,835
280277,495,81,2.0,114.0,155.0,241.8333333333333,D:\AprPanama2025_fixed\041125_experimental\041125PA_experimental_part16.mp4,1900-01-02 01:37:07.700,835
280276,495,80,3.0,109.0,156.0,248.7142857142857,D:\AprPanama2025_fixed\041125_experimental\041125PA_experimental_part16.mp4,1900-01-02 01:37:07.600,835
280276,495,80,2.0,109.0,123.0,246.2,D:\AprPanama2025_fixed\041125_experimental\041125PA_experimental_part16.mp4,1900-01-02 01:37:07.600,835
280275,494,81,4.5,114.0,174.0,241.8,D:\AprPanama2025_fixed\041125_experimental\041125PA_experimental_part16.mp4,1900-01-02 01:37:07.500,834
280278,495,81,2.5,111.0,156.0,243.28571428571428,D:\AprPanama2025_fixed\041125_experimental\041125PA_experimental_part16.mp4,1900-01-02 01:37:07.800,835
280274,495,80,4.0,121.0,176.0,246.88888888888889,D:\AprPanama2025_fixed\041125_experimental\041125PA_experimental_part16.mp4,1900-01-02 01:37:07.400,835
280287,495,80,1.5,131.0,153.0,140.20000000000002,D:\AprPanama2025_fixed\041125_experimental\041125PA_experimental_part16.mp4,1900-01-02 01:37:08.700,835
280283,495,80,1.5,111.0,153.0,212.6,D:\AprPanama2025_fixed\041125_experimental\041125PA_experimental_part16.mp4,1900-01-02 01:37:08.300,835
280282,495,80,1.5,111.0,153.0,212.6,D:\AprPanama2025_fixed\041125_experimental\041125PA_experimental_part16.mp4,1900-01-02 01:37:08.200,835
280288,495,80,1.5,120.0,146.0,121.2,D:\AprPanama2025_fixed\041125_experimental\041125PA_experimental_part16.mp4,1900-01-02 01:37:08.800,835
280286,495,80,1.5,131.0,155.0,155.16666666666666,D:\AprPanama2025_fixed\041125_experimental\041125PA_experimental_part16.mp4,1900-01-02 01:37:08.600,835
328438,689,11,5.0,113.0,176.0,247.9,D:\AprPanama2025_fixed\041125_experimental\041125PA_experimental_part19.mp4,1900-01-02 02:57:23.800,1029
328437,688,11,1.5,124.0,169.0,221.4,D:\AprPanama2025_fixed\041125_experimental\041125PA_experimental_part19.mp4,1900-01-02 02:57:23.700,1028
328440,688,12,11.5,116.0,179.0,239.2222222222222,D:\AprPanama2025_fixed\041125_experimental\041125PA_experimental_part19.mp4,1900-01-02 02:57:24.000,1028
328441,688,12,11.5,119.0,178.0,241.3333333333333,D:\AprPanama2025_fixed\041125_experimental\041125PA_experimental_part19.mp4,1900-01-02 02:57:24.100,1028
328444,688,11,13.5,115.0,179.0,246.66666666666663,D:\AprPanama2025_fixed\041125_experimental\041125PA_experimental_part19.mp4,1900-01-02 02:57:24.400,1028
328446,688,11,12.5,112.0,179.0,247.8,D:\AprPanama2025_fixed\041125_experimental\041125PA_experimental_part19.mp4,1900-01-02 02:57:24.600,1028
328443,688,11,13.5,115.0,179.0,245.57142857142856,D:\AprPanama2025_fixed\041125_experimental\041125PA_experimental_part19.mp4,1900-01-02 02:57:24.300,1028
328445,688,12,11.5,122.0,179.0,245.55555555555557,D:\AprPanama2025_fixed\041125_experimental\041125PA_experimental_part19.mp4,1900-01-02 02:57:24.500,1028
328442,688,11,13.5,115.0,178.0,244.3333333333333,D:\AprPanama2025_fixed\041125_experimental\041125PA_experimental_part19.mp4,1900-01-02 02:57:24.200,1028
328439,688,12,10.5,115.0,179.0,244.35294117647055,D:\AprPanama2025_fixed\041125_experimental\041125PA_experimental_part19.mp4,1900-01-02 02:57:23.900,1028
328452,688,12,9.0,121.0,179.0,243.86666666666667,D:\AprPanama2025_fixed\041125_experimental\041125PA_experimental_part19.mp4,1900-01-02 02:57:25.200,1028
328447,688,12,11.5,122.0,178.0,246.05555555555557,D:\AprPanama2025_fixed\041125_experimental\041125PA_experimental_part19.mp4,1900-01-02 02:57:24.700,1028
328451,688,12,9.0,122.0,179.0,246.06666666666663,D:\AprPanama2025_fixed\041125_experimental\041125PA_experimental_part19.mp4,1900-01-02 02:57:25.100,1028
328449,688,12,10.5,122.0,179.0,241.05882352941177,D:\AprPanama2025_fixed\041125_experimental\041125PA_experimental_part19.mp4,1900-01-02 02:57:24.900,1028
328453,688,12,6.5,117.0,178.0,253.8333333333333,D:\AprPanama2025_fixed\041125_experimental\041125PA_experimental_part19.mp4,1900-01-02 02:57:25.300,1028
328448,688,12,11.5,122.0,179.0,243.44444444444443,D:\AprPanama2025_fixed\041125_experimental\041125PA_experimental_part19.mp4,1900-01-02 02:57:24.800,1028
328454,688,12,8.0,114.0,179.0,246.64285714285717,D:\AprPanama2025_fixed\041125_experimental\041125PA_experimental_part19.mp4,1900-01-02 02:57:25.400,1028
328450,688,12,10.5,119.0,179.0,234.0,D:\AprPanama2025_fixed\041125_experimental\041125PA_experimental_part19.mp4,1900-01-02 02:57:25.000,1028
328461,688,12,2.0,125.0,171.0,229.0,D:\AprPanama2025_fixed\041125_experimental\041125PA_experimental_part19.mp4,1900-01-02 02:57:26.100,1028
328457,688,12,6.0,112.0,178.0,248.3636363636364,D:\AprPanama2025_fixed\041125_experimental\041125PA_experimental_part19.mp4,1900-01-02 02:57:25.700,1028
328456,688,12,6.0,112.0,178.0,248.3636363636364,D:\AprPanama2025_fixed\041125_experimental\041125PA_experimental_part19.mp4,1900-01-02 02:57:25.600,1028
328460,688,12,5.5,117.0,179.0,247.9,D:\AprPanama2025_fixed\041125_experimental\041125PA_experimental_part19.mp4,1900-01-02 02:57:26.000,1028
328458,688,12,6.0,112.0,178.0,248.3636363636364,D:\AprPanama2025_fixed\041125_experimental\041125PA_experimental_part19.mp4,1900-01-02 02:57:25.800,1028
328462,688,12,2.0,125.0,171.0,229.0,D:\AprPanama2025_fixed\041125_experimental\041125PA_experimental_part19.mp4,1900-01-02 02:57:26.200,1028
328455,688,12,6.5,116.0,179.0,252.5833333333333,D:\AprPanama2025_fixed\041125_experimental\041125PA_experimental_part19.mp4,1900-01-02 02:57:25.500,1028
328459,688,12,5.5,115.0,178.0,248.1,D:\AprPanama2025_fixed\041125_experimental\041125PA_experimental_part19.mp4,1900-01-02 02:57:25.900,1028
328466,688,12,1.5,112.0,169.0,159.0,D:\AprPanama2025_fixed\041125_experimental\041125PA_experimental_part19.mp4,1900-01-02 02:57:26.600,1028
328468,688,12,1.5,112.0,169.0,159.0,D:\AprPanama2025_fixed\041125_experimental\041125PA_experimental_part19.mp4,1900-01-02 02:57:26.800,1028
328464,688,12,1.5,118.0,160.0,227.2,D:\AprPanama2025_fixed\041125_experimental\041125PA_experimental_part19.mp4,1900-01-02 02:57:26.400,1028
328467,688,12,1.5,112.0,169.0,159.0,D:\AprPanama2025_fixed\041125_experimental\041125PA_experimental_part19.mp4,1900-01-02 02:57:26.700,1028
328465,688,12,2.5,123.0,166.0,224.14285714285717,D:\AprPanama2025_fixed\041125_experimental\041125PA_experimental_part19.mp4,1900-01-02 02:57:26.500,1028
328463,688,12,2.0,125.0,166.0,226.66666666666663,D:\AprPanama2025_fixed\041125_experimental\041125PA_experimental_part19.mp4,1900-01-02 02:57:26.300,1028
328477,688,11,7.0,113.0,178.0,248.92307692307693,D:\AprPanama2025_fixed\041125_experimental\041125PA_experimental_part19.mp4,1900-01-02 02:57:27.700,1028
328476,688,12,3.5,145.0,179.0,252.25,D:\AprPanama2025_fixed\041125_experimental\041125PA_experimental_part19.mp4,1900-01-02 02:57:27.600,1028
328473,688,12,5.0,115.0,179.0,254.4,D:\AprPanama2025_fixed\041125_experimental\041125PA_experimental_part19.mp4,1900-01-02 02:57:27.300,1028
328474,688,12,5.0,115.0,179.0,254.4,D:\AprPanama2025_fixed\041125_experimental\041125PA_experimental_part19.mp4,1900-01-02 02:57:27.400,1028
328472,688,12,7.0,115.0,179.0,250.0,D:\AprPanama2025_fixed\041125_experimental\041125PA_experimental_part19.mp4,1900-01-02 02:57:27.200,1028
328475,688,12,6.0,122.0,178.0,248.8181818181818,D:\AprPanama2025_fixed\041125_experimental\041125PA_experimental_part19.mp4,1900-01-02 02:57:27.500,1028
328478,688,11,7.0,113.0,178.0,248.92307692307693,D:\AprPanama2025_fixed\041125_experimental\041125PA_experimental_part19.mp4,1900-01-02 02:57:27.800,1028
328471,687,12,5.0,115.0,174.0,214.1818181818182,D:\AprPanama2025_fixed\041125_experimental\041125PA_experimental_part19.mp4,1900-01-02 02:57:27.100,1027
328481,687,12,6.5,124.0,173.0,247.3333333333333,D:\AprPanama2025_fixed\041125_experimental\041125PA_experimental_part19.mp4,1900-01-02 02:57:28.100,1027
328480,687,12,5.5,137.0,179.0,247.0,D:\AprPanama2025_fixed\041125_experimental\041125PA_experimental_part19.mp4,1900-01-02 02:57:28.000,1027
328479,687,12,6.5,111.0,179.0,249.8333333333333,D:\AprPanama2025_fixed\041125_experimental\041125PA_experimental_part19.mp4,1900-01-02 02:57:27.900,1027
328482,687,12,3.5,111.0,164.0,153.25,D:\AprPanama2025_fixed\041125_experimental\041125PA_experimental_part19.mp4,1900-01-02 02:57:28.200,1027
333172,688,276,1.5,144.0,173.0,235.8,D:\AprPanama2025_fixed\041125_experimental\041125PA_experimental_part19.mp4,1900-01-02 03:05:17.200,1028
333173,687,277,8.5,117.0,177.0,239.46666666666667,D:\AprPanama2025_fixed\041125_experimental\041125PA_experimental_part19.mp4,1900-01-02 03:05:17.300,1027
333174,687,277,8.5,145.0,179.0,246.06666666666663,D:\AprPanama2025_fixed\041125_experimental\041125PA_experimental_part19.mp4,1900-01-02 03:05:17.400,1027
333180,687,276,14.0,115.0,179.0,245.4090909090909,D:\AprPanama2025_fixed\041125_experimental\041125PA_experimental_part19.mp4,1900-01-02 03:05:18.000,1027
333182,687,275,10.0,111.0,179.0,243.76470588235293,D:\AprPanama2025_fixed\041125_experimental\041125PA_experimental_part19.mp4,1900-01-02 03:05:18.200,1027
333181,687,276,12.5,114.0,179.0,246.5,D:\AprPanama2025_fixed\041125_experimental\041125PA_experimental_part19.mp4,1900-01-02 03:05:18.100,1027
333176,687,277,10.0,120.0,179.0,249.0,D:\AprPanama2025_fixed\041125_experimental\041125PA_experimental_part19.mp4,1900-01-02 03:05:17.600,1027
333178,687,277,11.5,111.0,178.0,244.57894736842104,D:\AprPanama2025_fixed\041125_experimental\041125PA_experimental_part19.mp4,1900-01-02 03:05:17.800,1027
333179,687,276,12.5,115.0,177.0,242.0,D:\AprPanama2025_fixed\041125_experimental\041125PA_experimental_part19.mp4,1900-01-02 03:05:17.900,1027
333177,687,277,11.5,112.0,179.0,249.21052631578945,D:\AprPanama2025_fixed\041125_experimental\041125PA_experimental_part19.mp4,1900-01-02 03:05:17.700,1027
333175,687,277,10.0,122.0,179.0,242.52941176470588,D:\AprPanama2025_fixed\041125_experimental\041125PA_experimental_part19.mp4,1900-01-02 03:05:17.500,1027
333188,687,275,8.5,111.0,172.0,244.13333333333333,D:\AprPanama2025_fixed\041125_experimental\041125PA_experimental_part19.mp4,1900-01-02 03:05:18.800,1027
333187,687,275,8.5,115.0,179.0,242.33333333333331,D:\AprPanama2025_fixed\041125_experimental\041125PA_experimental_part19.mp4,1900-01-02 03:05:18.700,1027
333183,687,275,9.5,114.0,179.0,244.8125,D:\AprPanama2025_fixed\041125_experimental\041125PA_experimental_part19.mp4,1900-01-02 03:05:18.300,1027
333190,687,275,5.5,118.0,175.0,247.1818181818182,D:\AprPanama2025_fixed\041125_experimental\041125PA_experimental_part19.mp4,1900-01-02 03:05:19.000,1027
333186,687,275,8.5,127.0,178.0,246.46666666666667,D:\AprPanama2025_fixed\041125_experimental\041125PA_experimental_part19.mp4,1900-01-02 03:05:18.600,1027
333185,687,275,8.5,127.0,178.0,246.46666666666667,D:\AprPanama2025_fixed\041125_experimental\041125PA_experimental_part19.mp4,1900-01-02 03:05:18.500,1027
333189,687,275,7.5,114.0,176.0,234.92307692307693,D:\AprPanama2025_fixed\041125_experimental\041125PA_experimental_part19.mp4,1900-01-02 03:05:18.900,1027
333184,687,275,8.5,126.0,179.0,244.53333333333333,D:\AprPanama2025_fixed\041125_experimental\041125PA_experimental_part19.mp4,1900-01-02 03:05:18.400,1027
333193,687,274,4.5,112.0,172.0,230.3333333333333,D:\AprPanama2025_fixed\041125_experimental\041125PA_experimental_part19.mp4,1900-01-02 03:05:19.300,1027
333197,783,73,7.0,131.0,173.0,246.53846153846155,D:\AprPanama2025_fixed\041125_experimental\041125PA_experimental_part19.mp4,1900-01-02 03:05:19.700,1123
333198,783,73,8.0,114.0,177.0,232.7333333333333,D:\AprPanama2025_fixed\041125_experimental\041125PA_experimental_part19.mp4,1900-01-02 03:05:19.800,1123
333192,687,274,4.0,115.0,179.0,244.2222222222222,D:\AprPanama2025_fixed\041125_experimental\041125PA_experimental_part19.mp4,1900-01-02 03:05:19.200,1027
333194,687,274,4.5,112.0,172.0,230.3333333333333,D:\AprPanama2025_fixed\041125_experimental\041125PA_experimental_part19.mp4,1900-01-02 03:05:19.400,1027
333191,688,275,2.5,120.0,167.0,249.375,D:\AprPanama2025_fixed\041125_experimental\041125PA_experimental_part19.mp4,1900-01-02 03:05:19.100,1028
333202,782,74,8.0,117.0,178.0,243.53333333333333,D:\AprPanama2025_fixed\041125_experimental\041125PA_experimental_part19.mp4,1900-01-02 03:05:20.200,1122
333203,781,74,7.5,134.0,179.0,252.46153846153848,D:\AprPanama2025_fixed\041125_experimental\041125PA_experimental_part19.mp4,1900-01-02 03:05:20.300,1121
333205,782,74,6.5,111.0,178.0,244.66666666666663,D:\AprPanama2025_fixed\041125_experimental\041125PA_experimental_part19.mp4,1900-01-02 03:05:20.500,1122
333200,782,74,8.0,117.0,178.0,243.53333333333333,D:\AprPanama2025_fixed\041125_experimental\041125PA_experimental_part19.mp4,1900-01-02 03:05:20.000,1122
333204,781,74,7.5,134.0,179.0,250.61538461538464,D:\AprPanama2025_fixed\041125_experimental\041125PA_experimental_part19.mp4,1900-01-02 03:05:20.400,1121
333199,782,74,9.5,130.0,179.0,250.5625,D:\AprPanama2025_fixed\041125_experimental\041125PA_experimental_part19.mp4,1900-01-02 03:05:19.900,1122
333206,782,73,4.0,131.0,175.0,236.55555555555557,D:\AprPanama2025_fixed\041125_experimental\041125PA_experimental_part19.mp4,1900-01-02 03:05:20.600,1122
333201,782,74,8.0,117.0,178.0,243.53333333333333,D:\AprPanama2025_fixed\041125_experimental\041125PA_experimental_part19.mp4,1900-01-02 03:05:20.100,1122
333210,781,74,1.5,113.0,137.0,253.2,D:\AprPanama2025_fixed\041125_experimental\041125PA_experimental_part19.mp4,1900-01-02 03:05:21.000,1121
333212,780,73,1.5,119.0,146.0,239.4,D:\AprPanama2025_fixed\041125_experimental\041125PA_experimental_part19.mp4,1900-01-02 03:05:21.200,1120
333208,781,74,1.5,114.0,145.0,255.0,D:\AprPanama2025_fixed\041125_experimental\041125PA_experimental_part19.mp4,1900-01-02 03:05:20.800,1121
333214,783,12,1.5,122.0,175.0,213.8,D:\AprPanama2025_fixed\041125_experimental\041125PA_experimental_part19.mp4,1900-01-02 03:05:21.400,1123
333207,781,74,3.5,126.0,164.0,241.75,D:\AprPanama2025_fixed\041125_experimental\041125PA_experimental_part19.mp4,1900-01-02 03:05:20.700,1121
333221,784,13,2.0,117.0,159.0,201.8333333333333,D:\AprPanama2025_fixed\041125_experimental\041125PA_experimental_part19.mp4,1900-01-02 03:05:22.100,1124
333217,784,12,3.0,137.0,174.0,216.28571428571428,D:\AprPanama2025_fixed\041125_experimental\041125PA_experimental_part19.mp4,1900-01-02 03:05:21.700,1124
333215,784,12,3.0,114.0,174.0,224.42857142857144,D:\AprPanama2025_fixed\041125_experimental\041125PA_experimental_part19.mp4,1900-01-02 03:05:21.500,1124
333219,784,13,1.5,116.0,165.0,174.4,D:\AprPanama2025_fixed\041125_experimental\041125PA_experimental_part19.mp4,1900-01-02 03:05:21.900,1124
333218,784,12,3.0,137.0,174.0,216.28571428571428,D:\AprPanama2025_fixed\041125_experimental\041125PA_experimental_part19.mp4,1900-01-02 03:05:21.800,1124
333224,784,13,2.0,131.0,161.0,166.66666666666666,D:\AprPanama2025_fixed\041125_experimental\041125PA_experimental_part19.mp4,1900-01-02 03:05:22.400,1124
333223,784,13,2.0,131.0,161.0,166.66666666666666,D:\AprPanama2025_fixed\041125_experimental\041125PA_experimental_part19.mp4,1900-01-02 03:05:22.300,1124
333476,648,158,2.0,112.0,178.0,244.3333333333333,D:\AprPanama2025_fixed\041125_experimental\041125PA_experimental_part19.mp4,1900-01-02 03:05:47.600,988
333478,647,160,11.5,140.0,179.0,249.0,D:\AprPanama2025_fixed\041125_experimental\041125PA_experimental_part19.mp4,1900-01-02 03:05:47.800,987
333477,647,160,11.5,135.0,178.0,246.7894736842105,D:\AprPanama2025_fixed\041125_experimental\041125PA_experimental_part19.mp4,1900-01-02 03:05:47.700,987
333480,647,160,13.0,121.0,179.0,246.28571428571428,D:\AprPanama2025_fixed\041125_experimental\041125PA_experimental_part19.mp4,1900-01-02 03:05:48.000,987
333483,647,160,14.0,114.0,179.0,247.45454545454547,D:\AprPanama2025_fixed\041125_experimental\041125PA_experimental_part19.mp4,1900-01-02 03:05:48.300,987
333486,647,160,12.0,111.0,178.0,241.8,D:\AprPanama2025_fixed\041125_experimental\041125PA_experimental_part19.mp4,1900-01-02 03:05:48.600,987
333484,647,160,14.0,112.0,179.0,241.63636363636363,D:\AprPanama2025_fixed\041125_experimental\041125PA_experimental_part19.mp4,1900-01-02 03:05:48.400,987
333481,647,160,14.0,123.0,179.0,243.3478260869565,D:\AprPanama2025_fixed\041125_experimental\041125PA_experimental_part19.mp4,1900-01-02 03:05:48.100,987
333485,647,160,13.0,112.0,179.0,240.8095238095238,D:\AprPanama2025_fixed\041125_experimental\041125PA_experimental_part19.mp4,1900-01-02 03:05:48.500,987
333482,647,160,16.0,116.0,179.0,245.96,D:\AprPanama2025_fixed\041125_experimental\041125PA_experimental_part19.mp4,1900-01-02 03:05:48.200,987
333479,647,160,13.5,112.0,179.0,244.63636363636363,D:\AprPanama2025_fixed\041125_experimental\041125PA_experimental_part19.mp4,1900-01-02 03:05:47.900,987
333488,647,160,10.5,111.0,178.0,245.27777777777777,D:\AprPanama2025_fixed\041125_experimental\041125PA_experimental_part19.mp4,1900-01-02 03:05:48.800,987
333494,647,160,7.5,125.0,178.0,233.92857142857144,D:\AprPanama2025_fixed\041125_experimental\041125PA_experimental_part19.mp4,1900-01-02 03:05:49.400,987
333492,647,160,6.5,114.0,176.0,240.30769230769232,D:\AprPanama2025_fixed\041125_experimental\041125PA_experimental_part19.mp4,1900-01-02 03:05:49.200,987
333493,647,159,7.5,113.0,176.0,237.78571428571428,D:\AprPanama2025_fixed\041125_experimental\041125PA_experimental_part19.mp4,1900-01-02 03:05:49.300,987
333490,647,160,9.5,117.0,179.0,239.1875,D:\AprPanama2025_fixed\041125_experimental\041125PA_experimental_part19.mp4,1900-01-02 03:05:49.000,987
333489,647,160,10.0,118.0,178.0,242.52941176470588,D:\AprPanama2025_fixed\041125_experimental\041125PA_experimental_part19.mp4,1900-01-02 03:05:48.900,987
333487,647,160,11.5,120.0,178.0,243.73684210526315,D:\AprPanama2025_fixed\041125_experimental\041125PA_experimental_part19.mp4,1900-01-02 03:05:48.700,987
333491,647,160,8.5,117.0,179.0,235.13333333333333,D:\AprPanama2025_fixed\041125_experimental\041125PA_experimental_part19.mp4,1900-01-02 03:05:49.100,987
333496,647,159,7.0,111.0,179.0,229.07142857142856,D:\AprPanama2025_fixed\041125_experimental\041125PA_experimental_part19.mp4,1900-01-02 03:05:49.600,987
333500,647,159,2.5,122.0,164.0,134.28571428571428,D:\AprPanama2025_fixed\041125_experimental\041125PA_experimental_part19.mp4,1900-01-02 03:05:50.000,987
333498,647,160,6.5,114.0,177.0,222.15384615384616,D:\AprPanama2025_fixed\041125_experimental\041125PA_experimental_part19.mp4,1900-01-02 03:05:49.800,987
333499,647,159,5.0,112.0,171.0,206.9090909090909,D:\AprPanama2025_fixed\041125_experimental\041125PA_experimental_part19.mp4,1900-01-02 03:05:49.900,987
333497,647,160,6.5,114.0,177.0,222.15384615384616,D:\AprPanama2025_fixed\041125_experimental\041125PA_experimental_part19.mp4,1900-01-02 03:05:49.700,987
333501,647,158,1.5,113.0,159.0,225.6,D:\AprPanama2025_fixed\041125_experimental\041125PA_experimental_part19.mp4,1900-01-02 03:05:50.100,987
333495,647,159,7.0,111.0,179.0,229.07142857142856,D:\AprPanama2025_fixed\041125_experimental\041125PA_experimental_part19.mp4,1900-01-02 03:05:49.500,987
333509,735,66,5.5,118.0,179.0,244.0909090909091,D:\AprPanama2025_fixed\041125_experimental\041125PA_experimental_part19.mp4,1900-01-02 03:05:50.900,1075
333507,734,66,3.5,125.0,169.0,239.25,D:\AprPanama2025_fixed\041125_experimental\041125PA_experimental_part19.mp4,1900-01-02 03:05:50.700,1074
333510,735,66,5.5,119.0,179.0,249.45454545454547,D:\AprPanama2025_fixed\041125_experimental\041125PA_experimental_part19.mp4,1900-01-02 03:05:51.000,1075
333508,736,66,1.5,121.0,176.0,227.6,D:\AprPanama2025_fixed\041125_experimental\041125PA_experimental_part19.mp4,1900-01-02 03:05:50.800,1076
333512,735,66,3.0,124.0,179.0,249.0,D:\AprPanama2025_fixed\041125_experimental\041125PA_experimental_part19.mp4,1900-01-02 03:05:51.200,1075
333517,734,66,2.0,128.0,175.0,235.4,D:\AprPanama2025_fixed\041125_experimental\041125PA_experimental_part19.mp4,1900-01-02 03:05:51.700,1074
333516,734,66,3.0,123.0,175.0,224.28571428571428,D:\AprPanama2025_fixed\041125_experimental\041125PA_experimental_part19.mp4,1900-01-02 03:05:51.600,1074
333514,734,67,4.5,117.0,178.0,244.1,D:\AprPanama2025_fixed\041125_experimental\041125PA_experimental_part19.mp4,1900-01-02 03:05:51.400,1074
333515,734,66,3.0,133.0,179.0,240.57142857142856,D:\AprPanama2025_fixed\041125_experimental\041125PA_experimental_part19.mp4,1900-01-02 03:05:51.500,1074
333513,734,66,2.5,124.0,177.0,226.625,D:\AprPanama2025_fixed\041125_experimental\041125PA_experimental_part19.mp4,1900-01-02 03:05:51.300,1074
333518,734,66,2.0,128.0,175.0,235.4,D:\AprPanama2025_fixed\041125_experimental\041125PA_experimental_part19.mp4,1900-01-02 03:05:51.800,1074
333511,734,66,5.5,123.0,179.0,248.72727272727275,D:\AprPanama2025_fixed\041125_experimental\041125PA_experimental_part19.mp4,1900-01-02 03:05:51.100,1074
334915,787,181,11.5,114.0,179.0,247.2222222222222,D:\AprPanama2025_fixed\041125_experimental\041125PA_experimental_part19.mp4,1900-01-02 03:08:11.500,1127
334914,787,181,7.0,116.0,178.0,243.0769230769231,D:\AprPanama2025_fixed\041125_experimental\041125PA_experimental_part19.mp4,1900-01-02 03:08:11.400,1127
334913,787,181,4.0,119.0,176.0,246.88888888888889,D:\AprPanama2025_fixed\041125_experimental\041125PA_experimental_part19.mp4,1900-01-02 03:08:11.300,1127
334917,787,180,13.0,118.0,182.0,244.42857142857144,D:\AprPanama2025_fixed\041125_experimental\041125PA_experimental_part19.mp4,1900-01-02 03:08:11.700,1127
334916,787,181,12.5,121.0,179.0,250.9,D:\AprPanama2025_fixed\041125_experimental\041125PA_experimental_part19.mp4,1900-01-02 03:08:11.600,1127
334918,787,180,13.0,118.0,182.0,244.42857142857144,D:\AprPanama2025_fixed\041125_experimental\041125PA_experimental_part19.mp4,1900-01-02 03:08:11.800,1127
334921,787,180,15.5,112.0,179.0,248.04166666666663,D:\AprPanama2025_fixed\041125_experimental\041125PA_experimental_part19.mp4,1900-01-02 03:08:12.100,1127
334920,787,180,16.5,112.0,178.0,246.8,D:\AprPanama2025_fixed\041125_experimental\041125PA_experimental_part19.mp4,1900-01-02 03:08:12.000,1127
334923,787,179,14.5,118.0,179.0,249.3181818181818,D:\AprPanama2025_fixed\041125_experimental\041125PA_experimental_part19.mp4,1900-01-02 03:08:12.300,1127
334923,534,376,2.0,129.0,170.0,245.5,D:\AprPanama2025_fixed\041125_experimental\041125PA_experimental_part19.mp4,1900-01-02 03:08:12.300,874
334925,787,179,11.0,133.0,179.0,246.6111111111111,D:\AprPanama2025_fixed\041125_experimental\041125PA_experimental_part19.mp4,1900-01-02 03:08:12.500,1127
334925,534,377,4.0,113.0,179.0,233.2222222222222,D:\AprPanama2025_fixed\041125_experimental\041125PA_experimental_part19.mp4,1900-01-02 03:08:12.500,874
334925,534,395,3.0,123.0,164.0,247.42857142857144,D:\AprPanama2025_fixed\041125_experimental\041125PA_experimental_part19.mp4,1900-01-02 03:08:12.500,874
334922,787,180,15.5,112.0,179.0,248.8333333333333,D:\AprPanama2025_fixed\041125_experimental\041125PA_experimental_part19.mp4,1900-01-02 03:08:12.200,1127
334924,787,179,14.5,118.0,179.0,249.3181818181818,D:\AprPanama2025_fixed\041125_experimental\041125PA_experimental_part19.mp4,1900-01-02 03:08:12.400,1127
334924,534,376,1.5,148.0,178.0,247.0,D:\AprPanama2025_fixed\041125_experimental\041125PA_experimental_part19.mp4,1900-01-02 03:08:12.400,874
334926,787,179,11.0,135.0,179.0,245.3333333333333,D:\AprPanama2025_fixed\041125_experimental\041125PA_experimental_part19.mp4,1900-01-02 03:08:12.600,1127
334926,534,377,3.5,134.0,171.0,233.875,D:\AprPanama2025_fixed\041125_experimental\041125PA_experimental_part19.mp4,1900-01-02 03:08:12.600,874
334926,534,396,1.5,129.0,158.0,243.4,D:\AprPanama2025_fixed\041125_experimental\041125PA_experimental_part19.mp4,1900-01-02 03:08:12.600,874
334919,787,180,16.5,112.0,178.0,246.8,D:\AprPanama2025_fixed\041125_experimental\041125PA_experimental_part19.mp4,1900-01-02 03:08:11.900,1127
334933,786,178,7.0,119.0,178.0,247.3846153846154,D:\AprPanama2025_fixed\041125_experimental\041125PA_experimental_part19.mp4,1900-01-02 03:08:13.300,1126
334931,787,178,8.0,118.0,179.0,248.61538461538464,D:\AprPanama2025_fixed\041125_experimental\041125PA_experimental_part19.mp4,1900-01-02 03:08:13.100,1127
334928,787,179,9.5,119.0,178.0,247.33333333333331,D:\AprPanama2025_fixed\041125_experimental\041125PA_experimental_part19.mp4,1900-01-02 03:08:12.800,1127
334929,787,179,7.5,119.0,179.0,248.3846153846154,D:\AprPanama2025_fixed\041125_experimental\041125PA_experimental_part19.mp4,1900-01-02 03:08:12.900,1127
334932,787,178,8.0,113.0,179.0,248.30769230769232,D:\AprPanama2025_fixed\041125_experimental\041125PA_experimental_part19.mp4,1900-01-02 03:08:13.200,1127
334927,787,179,9.5,133.0,176.0,238.5,D:\AprPanama2025_fixed\041125_experimental\041125PA_experimental_part19.mp4,1900-01-02 03:08:12.700,1127
334934,786,178,6.0,111.0,177.0,231.0833333333333,D:\AprPanama2025_fixed\041125_experimental\041125PA_experimental_part19.mp4,1900-01-02 03:08:13.400,1126
334930,787,178,8.0,118.0,179.0,248.3846153846154,D:\AprPanama2025_fixed\041125_experimental\041125PA_experimental_part19.mp4,1900-01-02 03:08:13.000,1127
334936,786,178,6.5,119.0,177.0,231.25,D:\AprPanama2025_fixed\041125_experimental\041125PA_experimental_part19.mp4,1900-01-02 03:08:13.600,1126
334936,790,198,2.0,122.0,179.0,239.16666666666663,D:\AprPanama2025_fixed\041125_experimental\041125PA_experimental_part19.mp4,1900-01-02 03:08:13.600,1130
334940,789,198,3.0,112.0,169.0,238.875,D:\AprPanama2025_fixed\041125_experimental\041125PA_experimental_part19.mp4,1900-01-02 03:08:14.000,1129
334939,790,198,1.5,125.0,173.0,242.0,D:\AprPanama2025_fixed\041125_experimental\041125PA_experimental_part19.mp4,1900-01-02 03:08:13.900,1130
334937,790,198,2.0,122.0,178.0,244.3333333333333,D:\AprPanama2025_fixed\041125_experimental\041125PA_experimental_part19.mp4,1900-01-02 03:08:13.700,1130
334942,789,198,3.5,122.0,163.0,243.88888888888889,D:\AprPanama2025_fixed\041125_experimental\041125PA_experimental_part19.mp4,1900-01-02 03:08:14.200,1129
334941,789,198,3.5,116.0,172.0,242.44444444444443,D:\AprPanama2025_fixed\041125_experimental\041125PA_experimental_part19.mp4,1900-01-02 03:08:14.100,1129
334938,789,198,5.0,111.0,177.0,228.2,D:\AprPanama2025_fixed\041125_experimental\041125PA_experimental_part19.mp4,1900-01-02 03:08:13.800,1129
334935,786,178,5.5,111.0,176.0,247.45454545454547,D:\AprPanama2025_fixed\041125_experimental\041125PA_experimental_part19.mp4,1900-01-02 03:08:13.500,1126
334935,790,198,1.5,137.0,162.0,244.4,D:\AprPanama2025_fixed\041125_experimental\041125PA_experimental_part19.mp4,1900-01-02 03:08:13.500,1130
336117,570,156,1.5,118.0,169.0,216.0,D:\AprPanama2025_fixed\041125_experimental\041125PA_experimental_part19.mp4,1900-01-02 03:10:11.700,910
336124,570,156,5.0,141.0,174.0,252.9,D:\AprPanama2025_fixed\041125_experimental\041125PA_experimental_part19.mp4,1900-01-02 03:10:12.400,910
336119,570,157,5.5,144.0,175.0,250.0909090909091,D:\AprPanama2025_fixed\041125_experimental\041125PA_experimental_part19.mp4,1900-01-02 03:10:11.900,910
336123,570,157,7.0,114.0,183.0,246.6923076923077,D:\AprPanama2025_fixed\041125_experimental\041125PA_experimental_part19.mp4,1900-01-02 03:10:12.300,910
336122,570,157,7.5,123.0,175.0,249.30769230769232,D:\AprPanama2025_fixed\041125_experimental\041125PA_experimental_part19.mp4,1900-01-02 03:10:12.200,910
336121,570,157,7.5,123.0,175.0,249.30769230769232,D:\AprPanama2025_fixed\041125_experimental\041125PA_experimental_part19.mp4,1900-01-02 03:10:12.100,910
336120,570,157,6.5,123.0,181.0,249.5,D:\AprPanama2025_fixed\041125_experimental\041125PA_experimental_part19.mp4,1900-01-02 03:10:12.000,910
336126,570,156,4.5,134.0,174.0,252.66666666666663,D:\AprPanama2025_fixed\041125_experimental\041125PA_experimental_part19.mp4,1900-01-02 03:10:12.600,910
336125,570,156,5.0,134.0,174.0,252.9,D:\AprPanama2025_fixed\041125_experimental\041125PA_experimental_part19.mp4,1900-01-02 03:10:12.500,910
336131,570,156,3.5,117.0,171.0,233.5,D:\AprPanama2025_fixed\041125_experimental\041125PA_experimental_part19.mp4,1900-01-02 03:10:13.100,910
336128,570,156,4.5,117.0,176.0,250.3333333333333,D:\AprPanama2025_fixed\041125_experimental\041125PA_experimental_part19.mp4,1900-01-02 03:10:12.800,910
336133,570,156,2.0,126.0,166.0,197.16666666666663,D:\AprPanama2025_fixed\041125_experimental\041125PA_experimental_part19.mp4,1900-01-02 03:10:13.300,910
336130,570,156,3.5,117.0,176.0,240.25,D:\AprPanama2025_fixed\041125_experimental\041125PA_experimental_part19.mp4,1900-01-02 03:10:13.000,910
336129,570,156,5.5,117.0,176.0,245.1,D:\AprPanama2025_fixed\041125_experimental\041125PA_experimental_part19.mp4,1900-01-02 03:10:12.900,910
336127,570,156,4.5,134.0,174.0,252.66666666666663,D:\AprPanama2025_fixed\041125_experimental\041125PA_experimental_part19.mp4,1900-01-02 03:10:12.700,910
336132,570,156,3.5,117.0,169.0,226.25,D:\AprPanama2025_fixed\041125_experimental\041125PA_experimental_part19.mp4,1900-01-02 03:10:13.200,910
336140,572,179,4.5,124.0,167.0,226.7,D:\AprPanama2025_fixed\041125_experimental\041125PA_experimental_part19.mp4,1900-01-02 03:10:14.000,912
336139,572,179,4.5,124.0,167.0,226.7,D:\AprPanama2025_fixed\041125_experimental\041125PA_experimental_part19.mp4,1900-01-02 03:10:13.900,912
336141,569,155,2.5,124.0,166.0,138.5,D:\AprPanama2025_fixed\041125_experimental\041125PA_experimental_part19.mp4,1900-01-02 03:10:14.100,909
336141,572,179,7.0,118.0,179.0,225.53846153846155,D:\AprPanama2025_fixed\041125_experimental\041125PA_experimental_part19.mp4,1900-01-02 03:10:14.100,912
336142,570,154,3.0,111.0,174.0,203.28571428571428,D:\AprPanama2025_fixed\041125_experimental\041125PA_experimental_part19.mp4,1900-01-02 03:10:14.200,910
336142,572,179,7.0,118.0,179.0,225.53846153846155,D:\AprPanama2025_fixed\041125_experimental\041125PA_experimental_part19.mp4,1900-01-02 03:10:14.200,912
336138,572,179,2.0,123.0,153.0,131.0,D:\AprPanama2025_fixed\041125_experimental\041125PA_experimental_part19.mp4,1900-01-02 03:10:13.800,912
336146,570,154,1.5,123.0,172.0,246.2,D:\AprPanama2025_fixed\041125_experimental\041125PA_experimental_part19.mp4,1900-01-02 03:10:14.600,910
336146,572,180,6.5,129.0,179.0,246.5,D:\AprPanama2025_fixed\041125_experimental\041125PA_experimental_part19.mp4,1900-01-02 03:10:14.600,912
336149,572,179,4.0,144.0,178.0,228.66666666666663,D:\AprPanama2025_fixed\041125_experimental\041125PA_experimental_part19.mp4,1900-01-02 03:10:14.900,912
336150,572,179,4.0,144.0,178.0,228.66666666666663,D:\AprPanama2025_fixed\041125_experimental\041125PA_experimental_part19.mp4,1900-01-02 03:10:15.000,912
336145,570,154,1.5,123.0,172.0,246.2,D:\AprPanama2025_fixed\041125_experimental\041125PA_experimental_part19.mp4,1900-01-02 03:10:14.500,910
336145,572,180,6.5,129.0,179.0,246.5,D:\AprPanama2025_fixed\041125_experimental\041125PA_experimental_part19.mp4,1900-01-02 03:10:14.500,912
336148,572,179,4.0,144.0,178.0,228.66666666666663,D:\AprPanama2025_fixed\041125_experimental\041125PA_experimental_part19.mp4,1900-01-02 03:10:14.800,912
336147,572,179,4.0,144.0,178.0,228.66666666666663,D:\AprPanama2025_fixed\041125_experimental\041125PA_experimental_part19.mp4,1900-01-02 03:10:14.700,912
336144,570,154,3.0,111.0,174.0,229.57142857142856,D:\AprPanama2025_fixed\041125_experimental\041125PA_experimental_part19.mp4,1900-01-02 03:10:14.400,910
336144,572,180,6.5,129.0,179.0,246.5,D:\AprPanama2025_fixed\041125_experimental\041125PA_experimental_part19.mp4,1900-01-02 03:10:14.400,912
336143,570,154,3.0,111.0,174.0,218.14285714285717,D:\AprPanama2025_fixed\041125_experimental\041125PA_experimental_part19.mp4,1900-01-02 03:10:14.300,910
336143,572,180,8.0,127.0,178.0,237.28571428571428,D:\AprPanama2025_fixed\041125_experimental\041125PA_experimental_part19.mp4,1900-01-02 03:10:14.300,912
336158,821,312,20.0,117.0,179.0,250.1,D:\AprPanama2025_fixed\041125_experimental\041125PA_experimental_part19.mp4,1900-01-02 03:10:15.800,1161
336155,571,179,3.0,119.0,163.0,118.14285714285714,D:\AprPanama2025_fixed\041125_experimental\041125PA_experimental_part19.mp4,1900-01-02 03:10:15.500,911
336155,821,312,24.0,114.0,179.0,243.3142857142857,D:\AprPanama2025_fixed\041125_experimental\041125PA_experimental_part19.mp4,1900-01-02 03:10:15.500,1161
336153,569,154,1.5,119.0,150.0,44.2,D:\AprPanama2025_fixed\041125_experimental\041125PA_experimental_part19.mp4,1900-01-02 03:10:15.300,909
336153,571,180,3.5,138.0,174.0,173.625,D:\AprPanama2025_fixed\041125_experimental\041125PA_experimental_part19.mp4,1900-01-02 03:10:15.300,911
336153,821,312,22.5,115.0,179.0,246.4375,D:\AprPanama2025_fixed\041125_experimental\041125PA_experimental_part19.mp4,1900-01-02 03:10:15.300,1161
336154,569,154,1.5,119.0,150.0,44.2,D:\AprPanama2025_fixed\041125_experimental\041125PA_experimental_part19.mp4,1900-01-02 03:10:15.400,909
336154,571,180,3.5,122.0,174.0,153.75,D:\AprPanama2025_fixed\041125_experimental\041125PA_experimental_part19.mp4,1900-01-02 03:10:15.400,911
336154,821,312,26.5,119.0,179.0,245.8918918918919,D:\AprPanama2025_fixed\041125_experimental\041125PA_experimental_part19.mp4,1900-01-02 03:10:15.400,1161
336157,821,312,21.5,114.0,179.0,246.71875,D:\AprPanama2025_fixed\041125_experimental\041125PA_experimental_part19.mp4,1900-01-02 03:10:15.700,1161
336151,569,154,1.5,119.0,150.0,44.2,D:\AprPanama2025_fixed\041125_experimental\041125PA_experimental_part19.mp4,1900-01-02 03:10:15.100,909
336151,572,179,4.0,120.0,174.0,192.55555555555557,D:\AprPanama2025_fixed\041125_experimental\041125PA_experimental_part19.mp4,1900-01-02 03:10:15.100,912
336151,820,311,9.5,114.0,179.0,239.4375,D:\AprPanama2025_fixed\041125_experimental\041125PA_experimental_part19.mp4,1900-01-02 03:10:15.100,1160
336156,571,179,2.0,122.0,160.0,123.5,D:\AprPanama2025_fixed\041125_experimental\041125PA_experimental_part19.mp4,1900-01-02 03:10:15.600,911
336156,821,312,22.0,117.0,179.0,244.875,D:\AprPanama2025_fixed\041125_experimental\041125PA_experimental_part19.mp4,1900-01-02 03:10:15.600,1161
336152,569,154,1.5,119.0,150.0,44.2,D:\AprPanama2025_fixed\041125_experimental\041125PA_experimental_part19.mp4,1900-01-02 03:10:15.200,909
336152,571,180,3.5,137.0,174.0,192.75,D:\AprPanama2025_fixed\041125_experimental\041125PA_experimental_part19.mp4,1900-01-02 03:10:15.200,911
336152,821,312,19.0,117.0,178.0,240.03571428571428,D:\AprPanama2025_fixed\041125_experimental\041125PA_experimental_part19.mp4,1900-01-02 03:10:15.200,1161
336163,820,312,12.0,113.0,179.0,240.1052631578947,D:\AprPanama2025_fixed\041125_experimental\041125PA_experimental_part19.mp4,1900-01-02 03:10:16.300,1160
336166,820,312,5.0,121.0,176.0,243.0,D:\AprPanama2025_fixed\041125_experimental\041125PA_experimental_part19.mp4,1900-01-02 03:10:16.600,1160
336164,821,312,9.0,111.0,173.0,249.9375,D:\AprPanama2025_fixed\041125_experimental\041125PA_experimental_part19.mp4,1900-01-02 03:10:16.400,1161
336160,821,312,17.0,119.0,179.0,252.64,D:\AprPanama2025_fixed\041125_experimental\041125PA_experimental_part19.mp4,1900-01-02 03:10:16.000,1161
336162,820,312,15.0,111.0,179.0,236.04166666666663,D:\AprPanama2025_fixed\041125_experimental\041125PA_experimental_part19.mp4,1900-01-02 03:10:16.200,1160
336161,821,312,15.0,111.0,179.0,250.2173913043478,D:\AprPanama2025_fixed\041125_experimental\041125PA_experimental_part19.mp4,1900-01-02 03:10:16.100,1161
336165,821,312,5.5,123.0,177.0,249.27272727272728,D:\AprPanama2025_fixed\041125_experimental\041125PA_experimental_part19.mp4,1900-01-02 03:10:16.500,1161
336159,820,312,15.5,119.0,179.0,254.29166666666663,D:\AprPanama2025_fixed\041125_experimental\041125PA_experimental_part19.mp4,1900-01-02 03:10:15.900,1160
336179,459,336,6.5,133.0,173.0,217.3333333333333,D:\AprPanama2025_fixed\041125_experimental\041125PA_experimental_part19.mp4,1900-01-02 03:10:17.900,799
336179,460,415,2.5,117.0,179.0,242.0,D:\AprPanama2025_fixed\041125_experimental\041125PA_experimental_part19.mp4,1900-01-02 03:10:17.900,800
336180,459,336,6.5,133.0,173.0,217.3333333333333,D:\AprPanama2025_fixed\041125_experimental\041125PA_experimental_part19.mp4,1900-01-02 03:10:18.000,799
336180,460,415,4.5,113.0,179.0,248.88888888888889,D:\AprPanama2025_fixed\041125_experimental\041125PA_experimental_part19.mp4,1900-01-02 03:10:18.000,800
336177,459,336,7.5,114.0,175.0,245.07142857142856,D:\AprPanama2025_fixed\041125_experimental\041125PA_experimental_part19.mp4,1900-01-02 03:10:17.700,799
336177,461,415,5.0,115.0,179.0,252.2,D:\AprPanama2025_fixed\041125_experimental\041125PA_experimental_part19.mp4,1900-01-02 03:10:17.700,801
336181,459,336,6.0,111.0,173.0,210.9090909090909,D:\AprPanama2025_fixed\041125_experimental\041125PA_experimental_part19.mp4,1900-01-02 03:10:18.100,799
336181,460,415,3.0,115.0,166.0,243.875,D:\AprPanama2025_fixed\041125_experimental\041125PA_experimental_part19.mp4,1900-01-02 03:10:18.100,800
336182,459,336,6.0,111.0,173.0,210.9090909090909,D:\AprPanama2025_fixed\041125_experimental\041125PA_experimental_part19.mp4,1900-01-02 03:10:18.200,799
336182,460,415,3.0,136.0,179.0,247.5,D:\AprPanama2025_fixed\041125_experimental\041125PA_experimental_part19.mp4,1900-01-02 03:10:18.200,800
336176,459,336,7.0,137.0,178.0,242.53846153846155,D:\AprPanama2025_fixed\041125_experimental\041125PA_experimental_part19.mp4,1900-01-02 03:10:17.600,799
336176,460,414,1.5,136.0,178.0,247.2,D:\AprPanama2025_fixed\041125_experimental\041125PA_experimental_part19.mp4,1900-01-02 03:10:17.600,800
336178,459,336,7.0,137.0,178.0,242.53846153846155,D:\AprPanama2025_fixed\041125_experimental\041125PA_experimental_part19.mp4,1900-01-02 03:10:17.800,799
336178,460,415,4.5,115.0,179.0,247.66666666666663,D:\AprPanama2025_fixed\041125_experimental\041125PA_experimental_part19.mp4,1900-01-02 03:10:17.800,800
336175,459,335,2.0,118.0,159.0,221.7142857142857,D:\AprPanama2025_fixed\041125_experimental\041125PA_experimental_part19.mp4,1900-01-02 03:10:17.500,799
336175,460,414,1.5,136.0,173.0,242.0,D:\AprPanama2025_fixed\041125_experimental\041125PA_experimental_part19.mp4,1900-01-02 03:10:17.500,800
336189,459,336,2.5,123.0,152.0,195.5,D:\AprPanama2025_fixed\041125_experimental\041125PA_experimental_part19.mp4,1900-01-02 03:10:18.900,799
336187,459,335,3.0,114.0,150.0,188.57142857142856,D:\AprPanama2025_fixed\041125_experimental\041125PA_experimental_part19.mp4,1900-01-02 03:10:18.700,799
336184,459,335,2.5,114.0,150.0,200.14285714285717,D:\AprPanama2025_fixed\041125_experimental\041125PA_experimental_part19.mp4,1900-01-02 03:10:18.400,799
336188,459,335,3.0,114.0,150.0,188.57142857142856,D:\AprPanama2025_fixed\041125_experimental\041125PA_experimental_part19.mp4,1900-01-02 03:10:18.800,799
336183,459,335,2.5,118.0,152.0,204.0,D:\AprPanama2025_fixed\041125_experimental\041125PA_experimental_part19.mp4,1900-01-02 03:10:18.300,799
339702,460,66,13.5,111.0,248.0,235.0,D:\AprPanama2025_fixed\041125_experimental\041125PA_experimental_part19.mp4,1900-01-02 03:16:10.200,800
339698,460,66,3.5,114.0,179.0,240.0,D:\AprPanama2025_fixed\041125_experimental\041125PA_experimental_part19.mp4,1900-01-02 03:16:09.800,800
339699,460,66,9.0,112.0,172.0,250.75,D:\AprPanama2025_fixed\041125_experimental\041125PA_experimental_part19.mp4,1900-01-02 03:16:09.900,800
339700,460,66,9.0,129.0,174.0,252.875,D:\AprPanama2025_fixed\041125_experimental\041125PA_experimental_part19.mp4,1900-01-02 03:16:10.000,800
339701,460,66,12.5,113.0,215.0,246.1,D:\AprPanama2025_fixed\041125_experimental\041125PA_experimental_part19.mp4,1900-01-02 03:16:10.100,800
339697,460,67,2.0,124.0,169.0,230.66666666666663,D:\AprPanama2025_fixed\041125_experimental\041125PA_experimental_part19.mp4,1900-01-02 03:16:09.700,800
339704,460,65,12.0,123.0,179.0,241.21052631578945,D:\AprPanama2025_fixed\041125_experimental\041125PA_experimental_part19.mp4,1900-01-02 03:16:10.400,800
339707,461,65,11.0,124.0,179.0,239.0,D:\AprPanama2025_fixed\041125_experimental\041125PA_experimental_part19.mp4,1900-01-02 03:16:10.700,801
339705,461,65,11.0,125.0,179.0,240.3333333333333,D:\AprPanama2025_fixed\041125_experimental\041125PA_experimental_part19.mp4,1900-01-02 03:16:10.500,801
339709,460,64,12.0,121.0,178.0,246.2631578947368,D:\AprPanama2025_fixed\041125_experimental\041125PA_experimental_part19.mp4,1900-01-02 03:16:10.900,800
339706,461,65,11.0,124.0,179.0,239.0,D:\AprPanama2025_fixed\041125_experimental\041125PA_experimental_part19.mp4,1900-01-02 03:16:10.600,801
339710,460,64,12.0,121.0,179.0,246.6315789473684,D:\AprPanama2025_fixed\041125_experimental\041125PA_experimental_part19.mp4,1900-01-02 03:16:11.000,800
339708,461,65,11.0,124.0,179.0,239.0,D:\AprPanama2025_fixed\041125_experimental\041125PA_experimental_part19.mp4,1900-01-02 03:16:10.800,801
339703,460,65,12.5,123.0,179.0,241.9,D:\AprPanama2025_fixed\041125_experimental\041125PA_experimental_part19.mp4,1900-01-02 03:16:10.300,800
339716,461,64,6.5,114.0,175.0,246.5,D:\AprPanama2025_fixed\041125_experimental\041125PA_experimental_part19.mp4,1900-01-02 03:16:11.600,801
339714,461,64,6.5,116.0,178.0,245.75,D:\AprPanama2025_fixed\041125_experimental\041125PA_experimental_part19.mp4,1900-01-02 03:16:11.400,801
339713,460,64,8.0,111.0,178.0,247.85714285714283,D:\AprPanama2025_fixed\041125_experimental\041125PA_experimental_part19.mp4,1900-01-02 03:16:11.300,800
339711,460,64,12.0,121.0,179.0,246.6315789473684,D:\AprPanama2025_fixed\041125_experimental\041125PA_experimental_part19.mp4,1900-01-02 03:16:11.100,800
339712,460,64,8.0,116.0,178.0,248.28571428571428,D:\AprPanama2025_fixed\041125_experimental\041125PA_experimental_part19.mp4,1900-01-02 03:16:11.200,800
339715,461,64,6.5,114.0,175.0,246.5,D:\AprPanama2025_fixed\041125_experimental\041125PA_experimental_part19.mp4,1900-01-02 03:16:11.500,801
339717,461,64,6.5,115.0,175.0,246.16666666666663,D:\AprPanama2025_fixed\041125_experimental\041125PA_experimental_part19.mp4,1900-01-02 03:16:11.700,801
339718,461,64,6.5,113.0,175.0,245.16666666666663,D:\AprPanama2025_fixed\041125_experimental\041125PA_experimental_part19.mp4,1900-01-02 03:16:11.800,801
339721,461,63,4.0,127.0,178.0,242.44444444444443,D:\AprPanama2025_fixed\041125_experimental\041125PA_experimental_part19.mp4,1900-01-02 03:16:12.100,801
339721,458,84,3.0,114.0,179.0,245.28571428571428,D:\AprPanama2025_fixed\041125_experimental\041125PA_experimental_part19.mp4,1900-01-02 03:16:12.100,798
339720,461,63,5.0,119.0,166.0,235.3,D:\AprPanama2025_fixed\041125_experimental\041125PA_experimental_part19.mp4,1900-01-02 03:16:12.000,801
339723,461,63,4.0,125.0,174.0,210.88888888888889,D:\AprPanama2025_fixed\041125_experimental\041125PA_experimental_part19.mp4,1900-01-02 03:16:12.300,801
339723,457,85,8.0,124.0,179.0,248.57142857142856,D:\AprPanama2025_fixed\041125_experimental\041125PA_experimental_part19.mp4,1900-01-02 03:16:12.300,797
339725,460,64,1.5,135.0,161.0,181.0,D:\AprPanama2025_fixed\041125_experimental\041125PA_experimental_part19.mp4,1900-01-02 03:16:12.500,800
339725,457,85,10.5,130.0,178.0,246.2222222222222,D:\AprPanama2025_fixed\041125_experimental\041125PA_experimental_part19.mp4,1900-01-02 03:16:12.500,797
339724,461,63,4.0,124.0,170.0,173.55555555555554,D:\AprPanama2025_fixed\041125_experimental\041125PA_experimental_part19.mp4,1900-01-02 03:16:12.400,801
339724,457,85,8.5,111.0,178.0,252.4,D:\AprPanama2025_fixed\041125_experimental\041125PA_experimental_part19.mp4,1900-01-02 03:16:12.400,797
339722,461,63,4.0,127.0,178.0,242.44444444444443,D:\AprPanama2025_fixed\041125_experimental\041125PA_experimental_part19.mp4,1900-01-02 03:16:12.200,801
339722,458,84,1.5,135.0,174.0,237.0,D:\AprPanama2025_fixed\041125_experimental\041125PA_experimental_part19.mp4,1900-01-02 03:16:12.200,798
339726,461,64,2.0,112.0,165.0,169.66666666666666,D:\AprPanama2025_fixed\041125_experimental\041125PA_experimental_part19.mp4,1900-01-02 03:16:12.600,801
339726,458,85,13.0,116.0,178.0,238.77272727272728,D:\AprPanama2025_fixed\041125_experimental\041125PA_experimental_part19.mp4,1900-01-02 03:16:12.600,798
339719,461,63,5.0,119.0,166.0,235.3,D:\AprPanama2025_fixed\041125_experimental\041125PA_experimental_part19.mp4,1900-01-02 03:16:11.900,801
339732,458,85,11.0,120.0,179.0,246.0526315789473,D:\AprPanama2025_fixed\041125_experimental\041125PA_experimental_part19.mp4,1900-01-02 03:16:13.200,798
339731,460,64,1.5,113.0,142.0,146.20000000000002,D:\AprPanama2025_fixed\041125_experimental\041125PA_experimental_part19.mp4,1900-01-02 03:16:13.100,800
339731,458,85,11.0,124.0,179.0,245.1052631578947,D:\AprPanama2025_fixed\041125_experimental\041125PA_experimental_part19.mp4,1900-01-02 03:16:13.100,798
339733,458,85,11.0,120.0,179.0,244.68421052631575,D:\AprPanama2025_fixed\041125_experimental\041125PA_experimental_part19.mp4,1900-01-02 03:16:13.300,798
339730,458,85,10.5,136.0,179.0,241.1111111111111,D:\AprPanama2025_fixed\041125_experimental\041125PA_experimental_part19.mp4,1900-01-02 03:16:13.000,798
339728,460,64,1.5,114.0,148.0,100.0,D:\AprPanama2025_fixed\041125_experimental\041125PA_experimental_part19.mp4,1900-01-02 03:16:12.800,800
339728,458,85,13.5,116.0,179.0,231.4090909090909,D:\AprPanama2025_fixed\041125_experimental\041125PA_experimental_part19.mp4,1900-01-02 03:16:12.800,798
339729,458,85,11.5,113.0,186.0,238.5,D:\AprPanama2025_fixed\041125_experimental\041125PA_experimental_part19.mp4,1900-01-02 03:16:12.900,798
339727,460,64,1.5,114.0,148.0,100.0,D:\AprPanama2025_fixed\041125_experimental\041125PA_experimental_part19.mp4,1900-01-02 03:16:12.700,800
339727,458,85,13.5,116.0,179.0,231.4090909090909,D:\AprPanama2025_fixed\041125_experimental\041125PA_experimental_part19.mp4,1900-01-02 03:16:12.700,798
339734,458,85,10.5,113.0,177.0,242.3333333333333,D:\AprPanama2025_fixed\041125_experimental\041125PA_experimental_part19.mp4,1900-01-02 03:16:13.400,798
339734,501,323,2.0,121.0,161.0,245.8333333333333,D:\AprPanama2025_fixed\041125_experimental\041125PA_experimental_part19.mp4,1900-01-02 03:16:13.400,841
339741,459,85,4.5,121.0,171.0,221.2,D:\AprPanama2025_fixed\041125_experimental\041125PA_experimental_part19.mp4,1900-01-02 03:16:14.100,799
339741,501,325,4.5,113.0,173.0,242.4,D:\AprPanama2025_fixed\041125_experimental\041125PA_experimental_part19.mp4,1900-01-02 03:16:14.100,841
339740,459,85,4.5,121.0,171.0,218.7,D:\AprPanama2025_fixed\041125_experimental\041125PA_experimental_part19.mp4,1900-01-02 03:16:14.000,799
339740,500,325,7.5,117.0,178.0,249.35714285714283,D:\AprPanama2025_fixed\041125_experimental\041125PA_experimental_part19.mp4,1900-01-02 03:16:14.000,840
339737,459,85,6.5,116.0,175.0,232.25,D:\AprPanama2025_fixed\041125_experimental\041125PA_experimental_part19.mp4,1900-01-02 03:16:13.700,799
339737,501,324,11.0,130.0,175.0,245.5,D:\AprPanama2025_fixed\041125_experimental\041125PA_experimental_part19.mp4,1900-01-02 03:16:13.700,841
339742,459,85,4.5,121.0,171.0,222.3,D:\AprPanama2025_fixed\041125_experimental\041125PA_experimental_part19.mp4,1900-01-02 03:16:14.200,799
339742,501,325,4.5,113.0,173.0,244.0,D:\AprPanama2025_fixed\041125_experimental\041125PA_experimental_part19.mp4,1900-01-02 03:16:14.200,841
339739,459,85,3.0,114.0,163.0,230.75,D:\AprPanama2025_fixed\041125_experimental\041125PA_experimental_part19.mp4,1900-01-02 03:16:13.900,799
339739,501,325,9.5,113.0,178.0,240.0625,D:\AprPanama2025_fixed\041125_experimental\041125PA_experimental_part19.mp4,1900-01-02 03:16:13.900,841
339738,459,85,5.5,113.0,170.0,242.3636363636364,D:\AprPanama2025_fixed\041125_experimental\041125PA_experimental_part19.mp4,1900-01-02 03:16:13.800,799
339738,501,324,11.0,122.0,179.0,242.05555555555557,D:\AprPanama2025_fixed\041125_experimental\041125PA_experimental_part19.mp4,1900-01-02 03:16:13.800,841
339736,459,85,8.0,119.0,179.0,242.85714285714283,D:\AprPanama2025_fixed\041125_experimental\041125PA_experimental_part19.mp4,1900-01-02 03:16:13.600,799
339736,501,324,11.0,136.0,174.0,246.0,D:\AprPanama2025_fixed\041125_experimental\041125PA_experimental_part19.mp4,1900-01-02 03:16:13.600,841
339735,458,85,8.5,129.0,176.0,244.06666666666663,D:\AprPanama2025_fixed\041125_experimental\041125PA_experimental_part19.mp4,1900-01-02 03:16:13.500,798
339735,501,324,11.0,136.0,179.0,242.3333333333333,D:\AprPanama2025_fixed\041125_experimental\041125PA_experimental_part19.mp4,1900-01-02 03:16:13.500,841
339743,459,85,4.5,113.0,164.0,211.5,D:\AprPanama2025_fixed\041125_experimental\041125PA_experimental_part19.mp4,1900-01-02 03:16:14.300,799
339743,501,325,3.5,117.0,171.0,250.125,D:\AprPanama2025_fixed\041125_experimental\041125PA_experimental_part19.mp4,1900-01-02 03:16:14.300,841
339745,459,85,3.0,115.0,173.0,228.0,D:\AprPanama2025_fixed\041125_experimental\041125PA_experimental_part19.mp4,1900-01-02 03:16:14.500,799
339744,459,85,2.5,123.0,164.0,222.42857142857144,D:\AprPanama2025_fixed\041125_experimental\041125PA_experimental_part19.mp4,1900-01-02 03:16:14.400,799
339744,501,325,3.5,117.0,171.0,250.125,D:\AprPanama2025_fixed\041125_experimental\041125PA_experimental_part19.mp4,1900-01-02 03:16:14.400,841
339755,504,294,1.5,128.0,173.0,235.8,D:\AprPanama2025_fixed\041125_experimental\041125PA_experimental_part19.mp4,1900-01-02 03:16:15.500,844
339753,504,294,2.0,115.0,174.0,230.85714285714283,D:\AprPanama2025_fixed\041125_experimental\041125PA_experimental_part19.mp4,1900-01-02 03:16:15.300,844
339751,502,294,4.0,115.0,168.0,235.55555555555557,D:\AprPanama2025_fixed\041125_experimental\041125PA_experimental_part19.mp4,1900-01-02 03:16:15.100,842
339752,503,293,1.5,135.0,162.0,234.5,D:\AprPanama2025_fixed\041125_experimental\041125PA_experimental_part19.mp4,1900-01-02 03:16:15.200,843
339754,504,294,2.0,115.0,174.0,230.85714285714283,D:\AprPanama2025_fixed\041125_experimental\041125PA_experimental_part19.mp4,1900-01-02 03:16:15.400,844
339757,503,295,2.5,123.0,165.0,155.5,D:\AprPanama2025_fixed\041125_experimental\041125PA_experimental_part19.mp4,1900-01-02 03:16:15.700,843
339756,503,294,3.5,113.0,172.0,235.125,D:\AprPanama2025_fixed\041125_experimental\041125PA_experimental_part19.mp4,1900-01-02 03:16:15.600,843
340669,402,9,2.5,117.0,206.0,97.0,D:\AprPanama2025_fixed\041125_experimental\041125PA_experimental_part19.mp4,1900-01-02 03:17:46.900,742
340985,783,30,2.0,111.0,144.0,113.33333333333331,D:\AprPanama2025_fixed\041125_experimental\041125PA_experimental_part19.mp4,1900-01-02 03:18:18.500,1123
340990,783,31,9.5,136.0,178.0,248.94117647058823,D:\AprPanama2025_fixed\041125_experimental\041125PA_experimental_part19.mp4,1900-01-02 03:18:19.000,1123
340987,784,31,5.0,113.0,169.0,248.6,D:\AprPanama2025_fixed\041125_experimental\041125PA_experimental_part19.mp4,1900-01-02 03:18:18.700,1124
340988,784,31,5.5,122.0,179.0,245.8181818181818,D:\AprPanama2025_fixed\041125_experimental\041125PA_experimental_part19.mp4,1900-01-02 03:18:18.800,1124
340989,783,31,7.5,121.0,179.0,248.5,D:\AprPanama2025_fixed\041125_experimental\041125PA_experimental_part19.mp4,1900-01-02 03:18:18.900,1123
340992,783,31,9.0,112.0,179.0,246.6875,D:\AprPanama2025_fixed\041125_experimental\041125PA_experimental_part19.mp4,1900-01-02 03:18:19.200,1123
340996,783,30,9.0,114.0,179.0,253.66666666666663,D:\AprPanama2025_fixed\041125_experimental\041125PA_experimental_part19.mp4,1900-01-02 03:18:19.600,1123
340996,750,311,3.5,114.0,176.0,212.375,D:\AprPanama2025_fixed\041125_experimental\041125PA_experimental_part19.mp4,1900-01-02 03:18:19.600,1090
340994,783,30,9.5,111.0,179.0,240.5,D:\AprPanama2025_fixed\041125_experimental\041125PA_experimental_part19.mp4,1900-01-02 03:18:19.400,1123
340997,783,30,6.5,139.0,179.0,247.0833333333333,D:\AprPanama2025_fixed\041125_experimental\041125PA_experimental_part19.mp4,1900-01-02 03:18:19.700,1123
340997,750,311,3.5,114.0,178.0,225.77777777777777,D:\AprPanama2025_fixed\041125_experimental\041125PA_experimental_part19.mp4,1900-01-02 03:18:19.700,1090
340993,783,30,9.5,111.0,179.0,247.4375,D:\AprPanama2025_fixed\041125_experimental\041125PA_experimental_part19.mp4,1900-01-02 03:18:19.300,1123
340991,783,31,9.0,121.0,179.0,249.625,D:\AprPanama2025_fixed\041125_experimental\041125PA_experimental_part19.mp4,1900-01-02 03:18:19.100,1123
340995,783,30,8.0,123.0,178.0,251.5,D:\AprPanama2025_fixed\041125_experimental\041125PA_experimental_part19.mp4,1900-01-02 03:18:19.500,1123
340998,783,30,6.0,121.0,179.0,242.0833333333333,D:\AprPanama2025_fixed\041125_experimental\041125PA_experimental_part19.mp4,1900-01-02 03:18:19.800,1123
340998,750,311,3.5,113.0,169.0,219.75,D:\AprPanama2025_fixed\041125_experimental\041125PA_experimental_part19.mp4,1900-01-02 03:18:19.800,1090
341004,783,28,1.5,121.0,172.0,246.3333333333333,D:\AprPanama2025_fixed\041125_experimental\041125PA_experimental_part19.mp4,1900-01-02 03:18:20.400,1123
341003,783,29,4.5,121.0,172.0,247.77777777777777,D:\AprPanama2025_fixed\041125_experimental\041125PA_experimental_part19.mp4,1900-01-02 03:18:20.300,1123
341003,749,311,1.5,112.0,151.0,96.0,D:\AprPanama2025_fixed\041125_experimental\041125PA_experimental_part19.mp4,1900-01-02 03:18:20.300,1089
340999,783,30,4.5,141.0,179.0,250.3,D:\AprPanama2025_fixed\041125_experimental\041125PA_experimental_part19.mp4,1900-01-02 03:18:19.900,1123
341000,783,30,4.5,141.0,179.0,250.3,D:\AprPanama2025_fixed\041125_experimental\041125PA_experimental_part19.mp4,1900-01-02 03:18:20.000,1123
341002,783,29,3.5,121.0,173.0,245.25,D:\AprPanama2025_fixed\041125_experimental\041125PA_experimental_part19.mp4,1900-01-02 03:18:20.200,1123
341006,782,29,2.5,139.0,165.0,228.875,D:\AprPanama2025_fixed\041125_experimental\041125PA_experimental_part19.mp4,1900-01-02 03:18:20.600,1122
341001,783,30,4.5,112.0,173.0,248.2,D:\AprPanama2025_fixed\041125_experimental\041125PA_experimental_part19.mp4,1900-01-02 03:18:20.100,1123
341008,783,29,3.5,113.0,168.0,234.0,D:\AprPanama2025_fixed\041125_experimental\041125PA_experimental_part19.mp4,1900-01-02 03:18:20.800,1123
341012,783,29,2.5,113.0,168.0,246.28571428571428,D:\AprPanama2025_fixed\041125_experimental\041125PA_experimental_part19.mp4,1900-01-02 03:18:21.200,1123
341011,783,29,2.5,113.0,168.0,246.28571428571428,D:\AprPanama2025_fixed\041125_experimental\041125PA_experimental_part19.mp4,1900-01-02 03:18:21.100,1123
341014,783,28,2.0,114.0,160.0,234.3333333333333,D:\AprPanama2025_fixed\041125_experimental\041125PA_experimental_part19.mp4,1900-01-02 03:18:21.400,1123
341014,474,336,2.0,112.0,146.0,47.0,D:\AprPanama2025_fixed\041125_experimental\041125PA_experimental_part19.mp4,1900-01-02 03:18:21.400,814
341007,783,29,3.5,113.0,168.0,234.0,D:\AprPanama2025_fixed\041125_experimental\041125PA_experimental_part19.mp4,1900-01-02 03:18:20.700,1123
341009,783,29,2.5,113.0,168.0,246.28571428571428,D:\AprPanama2025_fixed\041125_experimental\041125PA_experimental_part19.mp4,1900-01-02 03:18:20.900,1123
341010,783,29,2.5,113.0,168.0,246.28571428571428,D:\AprPanama2025_fixed\041125_experimental\041125PA_experimental_part19.mp4,1900-01-02 03:18:21.000,1123
341013,783,28,3.0,123.0,156.0,158.42857142857142,D:\AprPanama2025_fixed\041125_experimental\041125PA_experimental_part19.mp4,1900-01-02 03:18:21.300,1123
341016,476,337,15.5,111.0,180.0,239.41666666666663,D:\AprPanama2025_fixed\041125_experimental\041125PA_experimental_part19.mp4,1900-01-02 03:18:21.600,816
341021,476,339,7.5,124.0,173.0,242.35714285714283,D:\AprPanama2025_fixed\041125_experimental\041125PA_experimental_part19.mp4,1900-01-02 03:18:22.100,816
341018,476,337,12.0,113.0,179.0,242.0,D:\AprPanama2025_fixed\041125_experimental\041125PA_experimental_part19.mp4,1900-01-02 03:18:21.800,816
341020,476,338,11.0,120.0,179.0,245.7222222222222,D:\AprPanama2025_fixed\041125_experimental\041125PA_experimental_part19.mp4,1900-01-02 03:18:22.000,816
341019,476,337,11.0,128.0,179.0,246.7222222222222,D:\AprPanama2025_fixed\041125_experimental\041125PA_experimental_part19.mp4,1900-01-02 03:18:21.900,816
341015,475,336,13.0,119.0,179.0,246.0,D:\AprPanama2025_fixed\041125_experimental\041125PA_experimental_part19.mp4,1900-01-02 03:18:21.500,815
341022,477,339,7.0,112.0,178.0,242.0769230769231,D:\AprPanama2025_fixed\041125_experimental\041125PA_experimental_part19.mp4,1900-01-02 03:18:22.200,817
341017,476,337,12.5,112.0,179.0,246.09523809523807,D:\AprPanama2025_fixed\041125_experimental\041125PA_experimental_part19.mp4,1900-01-02 03:18:21.700,816
341026,475,341,3.5,113.0,161.0,150.375,D:\AprPanama2025_fixed\041125_experimental\041125PA_experimental_part19.mp4,1900-01-02 03:18:22.600,815
341023,476,340,6.0,129.0,174.0,252.16666666666663,D:\AprPanama2025_fixed\041125_experimental\041125PA_experimental_part19.mp4,1900-01-02 03:18:22.300,816
341024,475,340,4.5,121.0,176.0,239.1,D:\AprPanama2025_fixed\041125_experimental\041125PA_experimental_part19.mp4,1900-01-02 03:18:22.400,815
341027,475,341,1.5,112.0,128.0,235.2,D:\AprPanama2025_fixed\041125_experimental\041125PA_experimental_part19.mp4,1900-01-02 03:18:22.700,815
341025,476,341,1.5,128.0,170.0,228.2,D:\AprPanama2025_fixed\041125_experimental\041125PA_experimental_part19.mp4,1900-01-02 03:18:22.500,816
343268,327,94,2.0,115.0,164.0,248.3333333333333,D:\AprPanama2025_fixed\041125_experimental\041125PA_experimental_part20.mp4,1900-01-02 03:22:06.800,667
343269,327,95,7.0,112.0,173.0,238.3846153846154,D:\AprPanama2025_fixed\041125_experimental\041125PA_experimental_part20.mp4,1900-01-02 03:22:06.900,667
343272,326,95,4.5,138.0,176.0,251.55555555555557,D:\AprPanama2025_fixed\041125_experimental\041125PA_experimental_part20.mp4,1900-01-02 03:22:07.200,666
343271,327,95,7.0,111.0,179.0,249.92307692307693,D:\AprPanama2025_fixed\041125_experimental\041125PA_experimental_part20.mp4,1900-01-02 03:22:07.100,667
343270,327,95,7.0,111.0,179.0,249.92307692307693,D:\AprPanama2025_fixed\041125_experimental\041125PA_experimental_part20.mp4,1900-01-02 03:22:07.000,667
344729,759,268,20.0,112.0,179.0,238.3103448275862,D:\AprPanama2025_fixed\041125_experimental\041125PA_experimental_part20.mp4,1900-01-02 03:24:32.900,1099
344731,759,268,16.0,111.0,179.0,242.52,D:\AprPanama2025_fixed\041125_experimental\041125PA_experimental_part20.mp4,1900-01-02 03:24:33.100,1099
344730,759,268,20.5,124.0,179.0,241.2,D:\AprPanama2025_fixed\041125_experimental\041125PA_experimental_part20.mp4,1900-01-02 03:24:33.000,1099
344733,759,268,16.0,118.0,179.0,243.41666666666663,D:\AprPanama2025_fixed\041125_experimental\041125PA_experimental_part20.mp4,1900-01-02 03:24:33.300,1099
344732,759,268,18.0,118.0,185.0,237.2692307692308,D:\AprPanama2025_fixed\041125_experimental\041125PA_experimental_part20.mp4,1900-01-02 03:24:33.200,1099
344728,759,268,15.5,116.0,179.0,252.25,D:\AprPanama2025_fixed\041125_experimental\041125PA_experimental_part20.mp4,1900-01-02 03:24:32.800,1099
344727,759,268,12.5,114.0,179.0,248.35,D:\AprPanama2025_fixed\041125_experimental\041125PA_experimental_part20.mp4,1900-01-02 03:24:32.700,1099
344726,758,268,6.0,111.0,179.0,240.0,D:\AprPanama2025_fixed\041125_experimental\041125PA_experimental_part20.mp4,1900-01-02 03:24:32.600,1098
344740,759,267,9.5,113.0,169.0,233.9375,D:\AprPanama2025_fixed\041125_experimental\041125PA_experimental_part20.mp4,1900-01-02 03:24:34.000,1099
344736,759,267,12.0,117.0,179.0,240.55,D:\AprPanama2025_fixed\041125_experimental\041125PA_experimental_part20.mp4,1900-01-02 03:24:33.600,1099
344735,759,267,12.0,117.0,179.0,240.65,D:\AprPanama2025_fixed\041125_experimental\041125PA_experimental_part20.mp4,1900-01-02 03:24:33.500,1099
344738,759,267,11.0,113.0,179.0,245.8947368421053,D:\AprPanama2025_fixed\041125_experimental\041125PA_experimental_part20.mp4,1900-01-02 03:24:33.800,1099
344739,759,267,9.0,112.0,169.0,245.46666666666667,D:\AprPanama2025_fixed\041125_experimental\041125PA_experimental_part20.mp4,1900-01-02 03:24:33.900,1099
344737,759,267,11.0,117.0,179.0,239.8947368421053,D:\AprPanama2025_fixed\041125_experimental\041125PA_experimental_part20.mp4,1900-01-02 03:24:33.700,1099
344741,759,267,6.0,116.0,177.0,250.84615384615387,D:\AprPanama2025_fixed\041125_experimental\041125PA_experimental_part20.mp4,1900-01-02 03:24:34.100,1099
344734,759,267,14.0,121.0,179.0,245.47619047619045,D:\AprPanama2025_fixed\041125_experimental\041125PA_experimental_part20.mp4,1900-01-02 03:24:33.400,1099
344746,758,266,2.0,131.0,171.0,251.3333333333333,D:\AprPanama2025_fixed\041125_experimental\041125PA_experimental_part20.mp4,1900-01-02 03:24:34.600,1098
344746,777,353,6.5,114.0,179.0,249.75,D:\AprPanama2025_fixed\041125_experimental\041125PA_experimental_part20.mp4,1900-01-02 03:24:34.600,1117
344745,758,267,3.0,114.0,176.0,253.875,D:\AprPanama2025_fixed\041125_experimental\041125PA_experimental_part20.mp4,1900-01-02 03:24:34.500,1098
344745,777,353,6.5,112.0,175.0,247.91666666666663,D:\AprPanama2025_fixed\041125_experimental\041125PA_experimental_part20.mp4,1900-01-02 03:24:34.500,1117
344743,758,267,5.0,130.0,177.0,253.8181818181818,D:\AprPanama2025_fixed\041125_experimental\041125PA_experimental_part20.mp4,1900-01-02 03:24:34.300,1098
344743,777,353,6.0,117.0,175.0,242.5,D:\AprPanama2025_fixed\041125_experimental\041125PA_experimental_part20.mp4,1900-01-02 03:24:34.300,1117
344749,758,266,2.0,114.0,170.0,253.3333333333333,D:\AprPanama2025_fixed\041125_experimental\041125PA_experimental_part20.mp4,1900-01-02 03:24:34.900,1098
344749,778,352,2.5,117.0,173.0,228.16666666666663,D:\AprPanama2025_fixed\041125_experimental\041125PA_experimental_part20.mp4,1900-01-02 03:24:34.900,1118
344744,758,267,5.0,118.0,176.0,248.8181818181818,D:\AprPanama2025_fixed\041125_experimental\041125PA_experimental_part20.mp4,1900-01-02 03:24:34.400,1098
344744,777,353,7.0,111.0,175.0,246.46153846153848,D:\AprPanama2025_fixed\041125_experimental\041125PA_experimental_part20.mp4,1900-01-02 03:24:34.400,1117
344748,758,266,1.5,149.0,179.0,246.8,D:\AprPanama2025_fixed\041125_experimental\041125PA_experimental_part20.mp4,1900-01-02 03:24:34.800,1098
344748,778,353,2.0,128.0,150.0,236.57142857142856,D:\AprPanama2025_fixed\041125_experimental\041125PA_experimental_part20.mp4,1900-01-02 03:24:34.800,1118
344747,758,266,2.0,113.0,179.0,252.0,D:\AprPanama2025_fixed\041125_experimental\041125PA_experimental_part20.mp4,1900-01-02 03:24:34.700,1098
344747,777,353,4.0,123.0,168.0,249.0,D:\AprPanama2025_fixed\041125_experimental\041125PA_experimental_part20.mp4,1900-01-02 03:24:34.700,1117
344742,759,267,4.0,112.0,165.0,243.66666666666663,D:\AprPanama2025_fixed\041125_experimental\041125PA_experimental_part20.mp4,1900-01-02 03:24:34.200,1099
344756,684,5,15.5,122.0,179.0,244.3333333333333,D:\AprPanama2025_fixed\041125_experimental\041125PA_experimental_part20.mp4,1900-01-02 03:24:35.600,1024
344755,686,4,4.0,115.0,176.0,235.66666666666663,D:\AprPanama2025_fixed\041125_experimental\041125PA_experimental_part20.mp4,1900-01-02 03:24:35.500,1026
344750,758,266,1.5,125.0,174.0,253.8,D:\AprPanama2025_fixed\041125_experimental\041125PA_experimental_part20.mp4,1900-01-02 03:24:35.000,1098
344757,684,5,18.0,118.0,231.0,241.92592592592592,D:\AprPanama2025_fixed\041125_experimental\041125PA_experimental_part20.mp4,1900-01-02 03:24:35.700,1024
344751,758,266,1.5,127.0,168.0,254.8,D:\AprPanama2025_fixed\041125_experimental\041125PA_experimental_part20.mp4,1900-01-02 03:24:35.100,1098
344759,684,5,14.5,118.0,250.0,237.2173913043478,D:\AprPanama2025_fixed\041125_experimental\041125PA_experimental_part20.mp4,1900-01-02 03:24:35.900,1024
344759,795,38,1.5,149.0,176.0,242.0,D:\AprPanama2025_fixed\041125_experimental\041125PA_experimental_part20.mp4,1900-01-02 03:24:35.900,1135
344761,684,5,14.0,140.0,244.0,238.95454545454547,D:\AprPanama2025_fixed\041125_experimental\041125PA_experimental_part20.mp4,1900-01-02 03:24:36.100,1024
344765,683,5,11.5,114.0,179.0,249.15789473684208,D:\AprPanama2025_fixed\041125_experimental\041125PA_experimental_part20.mp4,1900-01-02 03:24:36.500,1023
344765,795,38,2.0,133.0,170.0,191.8333333333333,D:\AprPanama2025_fixed\041125_experimental\041125PA_experimental_part20.mp4,1900-01-02 03:24:36.500,1135
344763,684,5,14.0,128.0,179.0,245.04545454545456,D:\AprPanama2025_fixed\041125_experimental\041125PA_experimental_part20.mp4,1900-01-02 03:24:36.300,1024
344762,684,5,14.0,128.0,179.0,245.04545454545456,D:\AprPanama2025_fixed\041125_experimental\041125PA_experimental_part20.mp4,1900-01-02 03:24:36.200,1024
344762,795,38,2.0,118.0,173.0,226.14285714285717,D:\AprPanama2025_fixed\041125_experimental\041125PA_experimental_part20.mp4,1900-01-02 03:24:36.200,1135
344764,683,5,12.5,126.0,179.0,250.45,D:\AprPanama2025_fixed\041125_experimental\041125PA_experimental_part20.mp4,1900-01-02 03:24:36.400,1023
344760,684,5,14.5,114.0,248.0,237.3043478260869,D:\AprPanama2025_fixed\041125_experimental\041125PA_experimental_part20.mp4,1900-01-02 03:24:36.000,1024
344758,684,5,15.0,125.0,173.0,245.8260869565217,D:\AprPanama2025_fixed\041125_experimental\041125PA_experimental_part20.mp4,1900-01-02 03:24:35.800,1024
344772,683,5,10.0,126.0,179.0,245.35294117647055,D:\AprPanama2025_fixed\041125_experimental\041125PA_experimental_part20.mp4,1900-01-02 03:24:37.200,1023
344771,683,5,11.5,111.0,179.0,243.1052631578947,D:\AprPanama2025_fixed\041125_experimental\041125PA_experimental_part20.mp4,1900-01-02 03:24:37.100,1023
344767,683,5,12.0,112.0,179.0,245.5,D:\AprPanama2025_fixed\041125_experimental\041125PA_experimental_part20.mp4,1900-01-02 03:24:36.700,1023
344767,795,38,2.0,116.0,160.0,140.0,D:\AprPanama2025_fixed\041125_experimental\041125PA_experimental_part20.mp4,1900-01-02 03:24:36.700,1135
344770,683,5,11.5,112.0,179.0,245.3684210526316,D:\AprPanama2025_fixed\041125_experimental\041125PA_experimental_part20.mp4,1900-01-02 03:24:37.000,1023
344769,683,5,11.5,113.0,179.0,246.94736842105263,D:\AprPanama2025_fixed\041125_experimental\041125PA_experimental_part20.mp4,1900-01-02 03:24:36.900,1023
344768,683,5,12.0,112.0,179.0,245.1,D:\AprPanama2025_fixed\041125_experimental\041125PA_experimental_part20.mp4,1900-01-02 03:24:36.800,1023
344773,683,5,10.0,116.0,179.0,243.64705882352945,D:\AprPanama2025_fixed\041125_experimental\041125PA_experimental_part20.mp4,1900-01-02 03:24:37.300,1023
344766,683,5,11.5,114.0,179.0,249.42105263157893,D:\AprPanama2025_fixed\041125_experimental\041125PA_experimental_part20.mp4,1900-01-02 03:24:36.600,1023
344781,683,5,3.5,118.0,173.0,251.55555555555557,D:\AprPanama2025_fixed\041125_experimental\041125PA_experimental_part20.mp4,1900-01-02 03:24:38.100,1023
344777,683,5,5.0,114.0,175.0,251.0909090909091,D:\AprPanama2025_fixed\041125_experimental\041125PA_experimental_part20.mp4,1900-01-02 03:24:37.700,1023
344775,683,5,10.0,112.0,179.0,245.0,D:\AprPanama2025_fixed\041125_experimental\041125PA_experimental_part20.mp4,1900-01-02 03:24:37.500,1023
344780,683,5,3.5,129.0,175.0,253.88888888888889,D:\AprPanama2025_fixed\041125_experimental\041125PA_experimental_part20.mp4,1900-01-02 03:24:38.000,1023
344776,683,5,7.0,114.0,175.0,243.15384615384616,D:\AprPanama2025_fixed\041125_experimental\041125PA_experimental_part20.mp4,1900-01-02 03:24:37.600,1023
344778,683,5,4.5,118.0,176.0,251.3,D:\AprPanama2025_fixed\041125_experimental\041125PA_experimental_part20.mp4,1900-01-02 03:24:37.800,1023
344779,683,5,3.5,152.0,175.0,255.0,D:\AprPanama2025_fixed\041125_experimental\041125PA_experimental_part20.mp4,1900-01-02 03:24:37.900,1023
344774,683,5,8.0,124.0,179.0,251.46666666666667,D:\AprPanama2025_fixed\041125_experimental\041125PA_experimental_part20.mp4,1900-01-02 03:24:37.400,1023
344783,682,5,2.5,119.0,166.0,250.42857142857144,D:\AprPanama2025_fixed\041125_experimental\041125PA_experimental_part20.mp4,1900-01-02 03:24:38.300,1022
344782,683,5,2.5,118.0,171.0,248.28571428571428,D:\AprPanama2025_fixed\041125_experimental\041125PA_experimental_part20.mp4,1900-01-02 03:24:38.200,1023
345353,331,130,3.0,122.0,158.0,181.25,D:\AprPanama2025_fixed\041125_experimental\041125PA_experimental_part20.mp4,1900-01-02 03:25:35.300,671
345357,332,128,1.5,128.0,165.0,255.0,D:\AprPanama2025_fixed\041125_experimental\041125PA_experimental_part20.mp4,1900-01-02 03:25:35.700,672
345354,332,130,7.0,112.0,179.0,209.42857142857144,D:\AprPanama2025_fixed\041125_experimental\041125PA_experimental_part20.mp4,1900-01-02 03:25:35.400,672
345355,332,129,3.5,135.0,179.0,245.55555555555557,D:\AprPanama2025_fixed\041125_experimental\041125PA_experimental_part20.mp4,1900-01-02 03:25:35.500,672
345356,332,128,2.0,114.0,182.0,251.28571428571428,D:\AprPanama2025_fixed\041125_experimental\041125PA_experimental_part20.mp4,1900-01-02 03:25:35.600,672
345358,332,130,1.5,112.0,158.0,198.8,D:\AprPanama2025_fixed\041125_experimental\041125PA_experimental_part20.mp4,1900-01-02 03:25:35.800,672
345952,312,53,4.5,112.0,179.0,253.2,D:\AprPanama2025_fixed\041125_experimental\041125PA_experimental_part20.mp4,1900-01-02 03:26:35.200,652
345953,312,52,3.5,118.0,175.0,253.125,D:\AprPanama2025_fixed\041125_experimental\041125PA_experimental_part20.mp4,1900-01-02 03:26:35.300,652
345954,312,52,4.5,116.0,175.0,234.3333333333333,D:\AprPanama2025_fixed\041125_experimental\041125PA_experimental_part20.mp4,1900-01-02 03:26:35.400,652
345955,312,53,2.0,116.0,173.0,248.14285714285717,D:\AprPanama2025_fixed\041125_experimental\041125PA_experimental_part20.mp4,1900-01-02 03:26:35.500,652
345956,312,53,1.5,120.0,171.0,207.6,D:\AprPanama2025_fixed\041125_experimental\041125PA_experimental_part20.mp4,1900-01-02 03:26:35.600,652
347188,764,41,32.0,111.0,244.0,240.1627906976744,D:\AprPanama2025_fixed\041125_experimental\041125PA_experimental_part20.mp4,1900-01-02 03:28:38.800,1104
347184,764,42,21.0,127.0,179.0,249.1935483870968,D:\AprPanama2025_fixed\041125_experimental\041125PA_experimental_part20.mp4,1900-01-02 03:28:38.400,1104
347189,764,41,35.5,114.0,251.0,240.5531914893617,D:\AprPanama2025_fixed\041125_experimental\041125PA_experimental_part20.mp4,1900-01-02 03:28:38.900,1104
347186,764,41,29.5,114.0,242.0,244.19512195121956,D:\AprPanama2025_fixed\041125_experimental\041125PA_experimental_part20.mp4,1900-01-02 03:28:38.600,1104
347182,763,38,5.5,111.0,176.0,246.0909090909091,D:\AprPanama2025_fixed\041125_experimental\041125PA_experimental_part20.mp4,1900-01-02 03:28:38.200,1103
347183,763,40,10.5,122.0,184.0,253.35294117647055,D:\AprPanama2025_fixed\041125_experimental\041125PA_experimental_part20.mp4,1900-01-02 03:28:38.300,1103
347187,764,41,29.5,114.0,242.0,244.19512195121956,D:\AprPanama2025_fixed\041125_experimental\041125PA_experimental_part20.mp4,1900-01-02 03:28:38.700,1104
347185,764,42,26.5,112.0,246.0,245.7567567567568,D:\AprPanama2025_fixed\041125_experimental\041125PA_experimental_part20.mp4,1900-01-02 03:28:38.500,1104
347190,764,41,32.5,129.0,215.0,242.20454545454547,D:\AprPanama2025_fixed\041125_experimental\041125PA_experimental_part20.mp4,1900-01-02 03:28:39.000,1104
347193,764,41,29.5,121.0,179.0,249.6,D:\AprPanama2025_fixed\041125_experimental\041125PA_experimental_part20.mp4,1900-01-02 03:28:39.300,1104
347191,764,41,32.5,120.0,179.0,245.1136363636364,D:\AprPanama2025_fixed\041125_experimental\041125PA_experimental_part20.mp4,1900-01-02 03:28:39.100,1104
347194,764,40,25.5,111.0,178.0,248.0285714285714,D:\AprPanama2025_fixed\041125_experimental\041125PA_experimental_part20.mp4,1900-01-02 03:28:39.400,1104
347195,764,40,25.5,111.0,178.0,248.0285714285714,D:\AprPanama2025_fixed\041125_experimental\041125PA_experimental_part20.mp4,1900-01-02 03:28:39.500,1104
347196,764,40,24.5,112.0,179.0,248.7058823529412,D:\AprPanama2025_fixed\041125_experimental\041125PA_experimental_part20.mp4,1900-01-02 03:28:39.600,1104
347197,764,40,26.0,115.0,179.0,249.5833333333333,D:\AprPanama2025_fixed\041125_experimental\041125PA_experimental_part20.mp4,1900-01-02 03:28:39.700,1104
347192,764,41,30.0,115.0,179.0,249.58536585365852,D:\AprPanama2025_fixed\041125_experimental\041125PA_experimental_part20.mp4,1900-01-02 03:28:39.200,1104
347204,764,39,21.0,113.0,179.0,247.2333333333333,D:\AprPanama2025_fixed\041125_experimental\041125PA_experimental_part20.mp4,1900-01-02 03:28:40.400,1104
347204,460,362,4.5,118.0,178.0,243.2222222222222,D:\AprPanama2025_fixed\041125_experimental\041125PA_experimental_part20.mp4,1900-01-02 03:28:40.400,800
347199,764,40,24.5,115.0,178.0,242.7058823529412,D:\AprPanama2025_fixed\041125_experimental\041125PA_experimental_part20.mp4,1900-01-02 03:28:39.900,1104
347203,763,39,20.0,115.0,179.0,250.55172413793105,D:\AprPanama2025_fixed\041125_experimental\041125PA_experimental_part20.mp4,1900-01-02 03:28:40.300,1103
347200,764,39,23.5,115.0,179.0,246.75757575757572,D:\AprPanama2025_fixed\041125_experimental\041125PA_experimental_part20.mp4,1900-01-02 03:28:40.000,1104
347200,460,361,4.5,113.0,165.0,246.0,D:\AprPanama2025_fixed\041125_experimental\041125PA_experimental_part20.mp4,1900-01-02 03:28:40.000,800
347202,763,39,20.0,115.0,179.0,251.20689655172413,D:\AprPanama2025_fixed\041125_experimental\041125PA_experimental_part20.mp4,1900-01-02 03:28:40.200,1103
347205,763,39,19.0,111.0,179.0,252.39285714285717,D:\AprPanama2025_fixed\041125_experimental\041125PA_experimental_part20.mp4,1900-01-02 03:28:40.500,1103
347205,460,362,3.0,128.0,176.0,239.7142857142857,D:\AprPanama2025_fixed\041125_experimental\041125PA_experimental_part20.mp4,1900-01-02 03:28:40.500,800
347201,764,39,22.5,115.0,179.0,248.03125,D:\AprPanama2025_fixed\041125_experimental\041125PA_experimental_part20.mp4,1900-01-02 03:28:40.100,1104
347201,460,360,2.5,114.0,154.0,235.14285714285717,D:\AprPanama2025_fixed\041125_experimental\041125PA_experimental_part20.mp4,1900-01-02 03:28:40.100,800
347198,764,40,26.0,115.0,179.0,246.3611111111111,D:\AprPanama2025_fixed\041125_experimental\041125PA_experimental_part20.mp4,1900-01-02 03:28:39.800,1104
347213,763,39,6.0,118.0,173.0,247.0,D:\AprPanama2025_fixed\041125_experimental\041125PA_experimental_part20.mp4,1900-01-02 03:28:41.300,1103
347212,763,39,4.5,113.0,174.0,246.75,D:\AprPanama2025_fixed\041125_experimental\041125PA_experimental_part20.mp4,1900-01-02 03:28:41.200,1103
347212,458,334,2.5,119.0,142.0,63.16666666666666,D:\AprPanama2025_fixed\041125_experimental\041125PA_experimental_part20.mp4,1900-01-02 03:28:41.200,798
347207,763,39,17.0,111.0,179.0,250.03846153846155,D:\AprPanama2025_fixed\041125_experimental\041125PA_experimental_part20.mp4,1900-01-02 03:28:40.700,1103
347207,460,363,4.0,114.0,169.0,236.55555555555557,D:\AprPanama2025_fixed\041125_experimental\041125PA_experimental_part20.mp4,1900-01-02 03:28:40.700,800
347208,763,39,12.0,113.0,179.0,246.4,D:\AprPanama2025_fixed\041125_experimental\041125PA_experimental_part20.mp4,1900-01-02 03:28:40.800,1103
347208,459,363,1.5,133.0,151.0,156.4,D:\AprPanama2025_fixed\041125_experimental\041125PA_experimental_part20.mp4,1900-01-02 03:28:40.800,799
347210,763,39,11.0,118.0,179.0,242.27777777777777,D:\AprPanama2025_fixed\041125_experimental\041125PA_experimental_part20.mp4,1900-01-02 03:28:41.000,1103
347211,763,39,10.5,112.0,175.0,244.16666666666663,D:\AprPanama2025_fixed\041125_experimental\041125PA_experimental_part20.mp4,1900-01-02 03:28:41.100,1103
347209,763,39,12.5,113.0,179.0,246.9,D:\AprPanama2025_fixed\041125_experimental\041125PA_experimental_part20.mp4,1900-01-02 03:28:40.900,1103
347209,459,363,2.5,115.0,150.0,178.83333333333331,D:\AprPanama2025_fixed\041125_experimental\041125PA_experimental_part20.mp4,1900-01-02 03:28:40.900,799
347206,763,39,17.0,112.0,179.0,252.30769230769232,D:\AprPanama2025_fixed\041125_experimental\041125PA_experimental_part20.mp4,1900-01-02 03:28:40.600,1103
347206,460,363,4.0,114.0,169.0,236.55555555555557,D:\AprPanama2025_fixed\041125_experimental\041125PA_experimental_part20.mp4,1900-01-02 03:28:40.600,800
347224,515,25,10.5,114.0,179.0,246.0,D:\AprPanama2025_fixed\041125_experimental\041125PA_experimental_part20.mp4,1900-01-02 03:28:42.400,855
347226,515,26,11.0,127.0,179.0,252.16666666666663,D:\AprPanama2025_fixed\041125_experimental\041125PA_experimental_part20.mp4,1900-01-02 03:28:42.600,855
347228,515,26,10.5,135.0,179.0,248.94117647058823,D:\AprPanama2025_fixed\041125_experimental\041125PA_experimental_part20.mp4,1900-01-02 03:28:42.800,855
347225,515,26,11.0,127.0,179.0,252.16666666666663,D:\AprPanama2025_fixed\041125_experimental\041125PA_experimental_part20.mp4,1900-01-02 03:28:42.500,855
347229,515,26,13.0,118.0,179.0,249.1,D:\AprPanama2025_fixed\041125_experimental\041125PA_experimental_part20.mp4,1900-01-02 03:28:42.900,855
347227,515,26,11.0,148.0,179.0,249.44444444444443,D:\AprPanama2025_fixed\041125_experimental\041125PA_experimental_part20.mp4,1900-01-02 03:28:42.700,855
347223,515,25,10.5,114.0,179.0,246.0,D:\AprPanama2025_fixed\041125_experimental\041125PA_experimental_part20.mp4,1900-01-02 03:28:42.300,855
347222,515,25,7.5,112.0,173.0,232.42857142857144,D:\AprPanama2025_fixed\041125_experimental\041125PA_experimental_part20.mp4,1900-01-02 03:28:42.200,855
347232,515,26,10.5,118.0,179.0,242.77777777777777,D:\AprPanama2025_fixed\041125_experimental\041125PA_experimental_part20.mp4,1900-01-02 03:28:43.200,855
347233,515,26,10.0,135.0,179.0,241.41176470588235,D:\AprPanama2025_fixed\041125_experimental\041125PA_experimental_part20.mp4,1900-01-02 03:28:43.300,855
347231,515,26,13.0,111.0,179.0,248.3,D:\AprPanama2025_fixed\041125_experimental\041125PA_experimental_part20.mp4,1900-01-02 03:28:43.100,855
347237,515,27,5.5,134.0,179.0,239.63636363636363,D:\AprPanama2025_fixed\041125_experimental\041125PA_experimental_part20.mp4,1900-01-02 03:28:43.700,855
347230,515,26,13.0,119.0,179.0,246.75,D:\AprPanama2025_fixed\041125_experimental\041125PA_experimental_part20.mp4,1900-01-02 03:28:43.000,855
347236,514,26,2.5,148.0,174.0,253.875,D:\AprPanama2025_fixed\041125_experimental\041125PA_experimental_part20.mp4,1900-01-02 03:28:43.600,854
347234,515,27,8.0,135.0,179.0,238.06666666666663,D:\AprPanama2025_fixed\041125_experimental\041125PA_experimental_part20.mp4,1900-01-02 03:28:43.400,855
347235,515,26,5.0,116.0,177.0,244.5833333333333,D:\AprPanama2025_fixed\041125_experimental\041125PA_experimental_part20.mp4,1900-01-02 03:28:43.500,855
347239,514,26,2.5,141.0,176.0,250.375,D:\AprPanama2025_fixed\041125_experimental\041125PA_experimental_part20.mp4,1900-01-02 03:28:43.900,854
347238,514,26,2.5,141.0,176.0,250.375,D:\AprPanama2025_fixed\041125_experimental\041125PA_experimental_part20.mp4,1900-01-02 03:28:43.800,854
348067,504,12,14.5,122.0,247.0,235.65217391304347,D:\AprPanama2025_fixed\041125_experimental\041125PA_experimental_part20.mp4,1900-01-02 03:30:06.700,844
348066,505,11,13.5,122.0,178.0,239.66666666666663,D:\AprPanama2025_fixed\041125_experimental\041125PA_experimental_part20.mp4,1900-01-02 03:30:06.600,845
348068,505,11,18.5,111.0,253.0,238.96296296296296,D:\AprPanama2025_fixed\041125_experimental\041125PA_experimental_part20.mp4,1900-01-02 03:30:06.800,845
348069,505,11,18.5,125.0,254.0,239.6296296296296,D:\AprPanama2025_fixed\041125_experimental\041125PA_experimental_part20.mp4,1900-01-02 03:30:06.900,845
348065,504,7,3.5,112.0,173.0,185.25,D:\AprPanama2025_fixed\041125_experimental\041125PA_experimental_part20.mp4,1900-01-02 03:30:06.500,844
348075,504,10,20.5,114.0,251.0,235.79310344827587,D:\AprPanama2025_fixed\041125_experimental\041125PA_experimental_part20.mp4,1900-01-02 03:30:07.500,844
348072,504,11,17.5,114.0,255.0,233.1923076923077,D:\AprPanama2025_fixed\041125_experimental\041125PA_experimental_part20.mp4,1900-01-02 03:30:07.200,844
348076,505,10,19.0,115.0,253.0,235.78571428571428,D:\AprPanama2025_fixed\041125_experimental\041125PA_experimental_part20.mp4,1900-01-02 03:30:07.600,845
348077,505,10,19.0,115.0,253.0,235.78571428571428,D:\AprPanama2025_fixed\041125_experimental\041125PA_experimental_part20.mp4,1900-01-02 03:30:07.700,845
348074,504,10,20.5,114.0,251.0,235.79310344827587,D:\AprPanama2025_fixed\041125_experimental\041125PA_experimental_part20.mp4,1900-01-02 03:30:07.400,844
348071,505,11,17.5,117.0,254.0,237.8846153846154,D:\AprPanama2025_fixed\041125_experimental\041125PA_experimental_part20.mp4,1900-01-02 03:30:07.100,845
348073,504,11,18.5,115.0,254.0,237.59259259259255,D:\AprPanama2025_fixed\041125_experimental\041125PA_experimental_part20.mp4,1900-01-02 03:30:07.300,844
348070,505,11,18.0,112.0,253.0,239.5769230769231,D:\AprPanama2025_fixed\041125_experimental\041125PA_experimental_part20.mp4,1900-01-02 03:30:07.000,845
348085,504,9,12.5,117.0,179.0,250.65,D:\AprPanama2025_fixed\041125_experimental\041125PA_experimental_part20.mp4,1900-01-02 03:30:08.500,844
348082,504,9,13.5,117.0,179.0,247.7619047619048,D:\AprPanama2025_fixed\041125_experimental\041125PA_experimental_part20.mp4,1900-01-02 03:30:08.200,844
348078,505,10,16.5,116.0,251.0,232.92,D:\AprPanama2025_fixed\041125_experimental\041125PA_experimental_part20.mp4,1900-01-02 03:30:07.800,845
348079,505,10,16.0,114.0,249.0,231.5,D:\AprPanama2025_fixed\041125_experimental\041125PA_experimental_part20.mp4,1900-01-02 03:30:07.900,845
348080,504,9,15.0,117.0,241.0,237.3043478260869,D:\AprPanama2025_fixed\041125_experimental\041125PA_experimental_part20.mp4,1900-01-02 03:30:08.000,844
348081,504,9,15.0,117.0,241.0,237.3043478260869,D:\AprPanama2025_fixed\041125_experimental\041125PA_experimental_part20.mp4,1900-01-02 03:30:08.100,844
348084,504,9,12.5,124.0,179.0,251.2,D:\AprPanama2025_fixed\041125_experimental\041125PA_experimental_part20.mp4,1900-01-02 03:30:08.400,844
348083,504,9,12.5,128.0,179.0,250.7,D:\AprPanama2025_fixed\041125_experimental\041125PA_experimental_part20.mp4,1900-01-02 03:30:08.300,844
348090,504,9,11.5,113.0,179.0,247.94444444444443,D:\AprPanama2025_fixed\041125_experimental\041125PA_experimental_part20.mp4,1900-01-02 03:30:09.000,844
348087,504,9,11.5,115.0,179.0,252.3684210526316,D:\AprPanama2025_fixed\041125_experimental\041125PA_experimental_part20.mp4,1900-01-02 03:30:08.700,844
348089,504,9,11.5,113.0,179.0,247.94444444444443,D:\AprPanama2025_fixed\041125_experimental\041125PA_experimental_part20.mp4,1900-01-02 03:30:08.900,844
348091,504,9,11.5,113.0,179.0,247.94444444444443,D:\AprPanama2025_fixed\041125_experimental\041125PA_experimental_part20.mp4,1900-01-02 03:30:09.100,844
348088,504,9,12.0,111.0,179.0,247.94736842105263,D:\AprPanama2025_fixed\041125_experimental\041125PA_experimental_part20.mp4,1900-01-02 03:30:08.800,844
348092,504,9,10.5,111.0,179.0,247.8823529411765,D:\AprPanama2025_fixed\041125_experimental\041125PA_experimental_part20.mp4,1900-01-02 03:30:09.200,844
348092,468,335,2.0,137.0,151.0,153.83333333333331,D:\AprPanama2025_fixed\041125_experimental\041125PA_experimental_part20.mp4,1900-01-02 03:30:09.200,808
348093,504,8,11.5,119.0,179.0,250.7894736842105,D:\AprPanama2025_fixed\041125_experimental\041125PA_experimental_part20.mp4,1900-01-02 03:30:09.300,844
348093,468,335,2.0,137.0,151.0,153.83333333333331,D:\AprPanama2025_fixed\041125_experimental\041125PA_experimental_part20.mp4,1900-01-02 03:30:09.300,808
348086,504,9,12.5,111.0,179.0,252.0,D:\AprPanama2025_fixed\041125_experimental\041125PA_experimental_part20.mp4,1900-01-02 03:30:08.600,844
348100,504,8,9.5,113.0,179.0,251.875,D:\AprPanama2025_fixed\041125_experimental\041125PA_experimental_part20.mp4,1900-01-02 03:30:10.000,844
348101,504,8,9.5,115.0,179.0,251.1875,D:\AprPanama2025_fixed\041125_experimental\041125PA_experimental_part20.mp4,1900-01-02 03:30:10.100,844
348097,504,8,10.0,115.0,179.0,248.4705882352941,D:\AprPanama2025_fixed\041125_experimental\041125PA_experimental_part20.mp4,1900-01-02 03:30:09.700,844
348095,504,9,10.5,133.0,179.0,245.1111111111111,D:\AprPanama2025_fixed\041125_experimental\041125PA_experimental_part20.mp4,1900-01-02 03:30:09.500,844
348096,504,8,9.5,119.0,179.0,250.2941176470588,D:\AprPanama2025_fixed\041125_experimental\041125PA_experimental_part20.mp4,1900-01-02 03:30:09.600,844
348098,504,8,7.0,115.0,178.0,252.78571428571428,D:\AprPanama2025_fixed\041125_experimental\041125PA_experimental_part20.mp4,1900-01-02 03:30:09.800,844
348094,504,8,9.5,134.0,179.0,243.0,D:\AprPanama2025_fixed\041125_experimental\041125PA_experimental_part20.mp4,1900-01-02 03:30:09.400,844
348094,468,335,2.0,124.0,151.0,178.16666666666666,D:\AprPanama2025_fixed\041125_experimental\041125PA_experimental_part20.mp4,1900-01-02 03:30:09.400,808
348099,504,8,9.0,112.0,179.0,250.375,D:\AprPanama2025_fixed\041125_experimental\041125PA_experimental_part20.mp4,1900-01-02 03:30:09.900,844
348102,504,8,6.5,118.0,179.0,249.30769230769232,D:\AprPanama2025_fixed\041125_experimental\041125PA_experimental_part20.mp4,1900-01-02 03:30:10.200,844
348103,504,8,5.0,138.0,179.0,250.54545454545456,D:\AprPanama2025_fixed\041125_experimental\041125PA_experimental_part20.mp4,1900-01-02 03:30:10.300,844
348109,504,7,4.0,123.0,173.0,233.0,D:\AprPanama2025_fixed\041125_experimental\041125PA_experimental_part20.mp4,1900-01-02 03:30:10.900,844
348105,504,8,5.0,138.0,178.0,249.3636363636364,D:\AprPanama2025_fixed\041125_experimental\041125PA_experimental_part20.mp4,1900-01-02 03:30:10.500,844
348108,504,8,5.0,122.0,176.0,244.0,D:\AprPanama2025_fixed\041125_experimental\041125PA_experimental_part20.mp4,1900-01-02 03:30:10.800,844
348106,504,8,5.0,137.0,178.0,250.63636363636363,D:\AprPanama2025_fixed\041125_experimental\041125PA_experimental_part20.mp4,1900-01-02 03:30:10.600,844
348104,504,8,5.0,138.0,178.0,250.0909090909091,D:\AprPanama2025_fixed\041125_experimental\041125PA_experimental_part20.mp4,1900-01-02 03:30:10.400,844
348107,504,8,5.0,122.0,176.0,244.0,D:\AprPanama2025_fixed\041125_experimental\041125PA_experimental_part20.mp4,1900-01-02 03:30:10.700,844
348117,504,8,2.5,120.0,176.0,228.625,D:\AprPanama2025_fixed\041125_experimental\041125PA_experimental_part20.mp4,1900-01-02 03:30:11.700,844
348112,504,8,5.0,122.0,178.0,236.45454545454547,D:\AprPanama2025_fixed\041125_experimental\041125PA_experimental_part20.mp4,1900-01-02 03:30:11.200,844
348115,504,8,2.5,120.0,176.0,228.625,D:\AprPanama2025_fixed\041125_experimental\041125PA_experimental_part20.mp4,1900-01-02 03:30:11.500,844
348113,504,8,5.0,122.0,177.0,228.9090909090909,D:\AprPanama2025_fixed\041125_experimental\041125PA_experimental_part20.mp4,1900-01-02 03:30:11.300,844
348114,504,8,2.5,120.0,175.0,236.75,D:\AprPanama2025_fixed\041125_experimental\041125PA_experimental_part20.mp4,1900-01-02 03:30:11.400,844
348116,504,8,2.5,120.0,176.0,228.625,D:\AprPanama2025_fixed\041125_experimental\041125PA_experimental_part20.mp4,1900-01-02 03:30:11.600,844
348110,504,7,4.0,123.0,173.0,233.0,D:\AprPanama2025_fixed\041125_experimental\041125PA_experimental_part20.mp4,1900-01-02 03:30:11.000,844
348111,504,8,5.0,122.0,179.0,242.3636363636364,D:\AprPanama2025_fixed\041125_experimental\041125PA_experimental_part20.mp4,1900-01-02 03:30:11.100,844
348118,504,8,1.5,129.0,175.0,228.2,D:\AprPanama2025_fixed\041125_experimental\041125PA_experimental_part20.mp4,1900-01-02 03:30:11.800,844
348119,504,8,1.5,129.0,175.0,228.2,D:\AprPanama2025_fixed\041125_experimental\041125PA_experimental_part20.mp4,1900-01-02 03:30:11.900,844
348121,503,8,1.5,112.0,167.0,224.8,D:\AprPanama2025_fixed\041125_experimental\041125PA_experimental_part20.mp4,1900-01-02 03:30:12.100,843
348120,503,8,1.5,111.0,167.0,229.2,D:\AprPanama2025_fixed\041125_experimental\041125PA_experimental_part20.mp4,1900-01-02 03:30:12.000,843
348821,154,106,1.5,151.0,170.0,217.2,D:\AprPanama2025_fixed\041125_experimental\041125PA_experimental_part20.mp4,1900-01-02 03:31:22.100,494
348821,111,107,1.5,123.0,158.0,168.4,D:\AprPanama2025_fixed\041125_experimental\041125PA_experimental_part20.mp4,1900-01-02 03:31:22.100,451
348822,111,107,1.5,123.0,158.0,168.4,D:\AprPanama2025_fixed\041125_experimental\041125PA_experimental_part20.mp4,1900-01-02 03:31:22.200,451
348823,111,107,1.5,123.0,158.0,168.4,D:\AprPanama2025_fixed\041125_experimental\041125PA_experimental_part20.mp4,1900-01-02 03:31:22.300,451
351002,555,36,10.5,124.0,179.0,244.2941176470588,D:\AprPanama2025_fixed\041125_experimental\041125PA_experimental_part20.mp4,1900-01-02 03:35:00.200,895
351000,554,37,8.5,126.0,179.0,250.6,D:\AprPanama2025_fixed\041125_experimental\041125PA_experimental_part20.mp4,1900-01-02 03:35:00.000,894
351003,555,36,10.0,118.0,178.0,247.75,D:\AprPanama2025_fixed\041125_experimental\041125PA_experimental_part20.mp4,1900-01-02 03:35:00.300,895
350998,555,35,2.0,124.0,150.0,192.5,D:\AprPanama2025_fixed\041125_experimental\041125PA_experimental_part20.mp4,1900-01-02 03:34:59.800,895
351004,555,36,8.0,130.0,242.0,242.78571428571428,D:\AprPanama2025_fixed\041125_experimental\041125PA_experimental_part20.mp4,1900-01-02 03:35:00.400,895
351005,554,35,11.5,113.0,252.0,234.7222222222222,D:\AprPanama2025_fixed\041125_experimental\041125PA_experimental_part20.mp4,1900-01-02 03:35:00.500,894
350999,555,36,3.5,115.0,172.0,235.5,D:\AprPanama2025_fixed\041125_experimental\041125PA_experimental_part20.mp4,1900-01-02 03:34:59.900,895
351001,555,37,12.5,117.0,178.0,240.05,D:\AprPanama2025_fixed\041125_experimental\041125PA_experimental_part20.mp4,1900-01-02 03:35:00.100,895
351013,554,34,8.5,112.0,177.0,247.53333333333333,D:\AprPanama2025_fixed\041125_experimental\041125PA_experimental_part20.mp4,1900-01-02 03:35:01.300,894
351010,555,34,12.0,113.0,179.0,248.1052631578947,D:\AprPanama2025_fixed\041125_experimental\041125PA_experimental_part20.mp4,1900-01-02 03:35:01.000,895
351008,554,35,10.0,111.0,179.0,246.4705882352941,D:\AprPanama2025_fixed\041125_experimental\041125PA_experimental_part20.mp4,1900-01-02 03:35:00.800,894
351011,555,34,11.0,120.0,179.0,246.1111111111111,D:\AprPanama2025_fixed\041125_experimental\041125PA_experimental_part20.mp4,1900-01-02 03:35:01.100,895
351007,555,35,11.0,114.0,251.0,238.44444444444443,D:\AprPanama2025_fixed\041125_experimental\041125PA_experimental_part20.mp4,1900-01-02 03:35:00.700,895
351006,555,35,12.0,117.0,248.0,226.0,D:\AprPanama2025_fixed\041125_experimental\041125PA_experimental_part20.mp4,1900-01-02 03:35:00.600,895
351012,554,34,8.5,122.0,178.0,249.13333333333333,D:\AprPanama2025_fixed\041125_experimental\041125PA_experimental_part20.mp4,1900-01-02 03:35:01.200,894
351009,555,35,10.5,126.0,179.0,249.0,D:\AprPanama2025_fixed\041125_experimental\041125PA_experimental_part20.mp4,1900-01-02 03:35:00.900,895
351020,554,33,5.5,124.0,174.0,255.0,D:\AprPanama2025_fixed\041125_experimental\041125PA_experimental_part20.mp4,1900-01-02 03:35:02.000,894
351021,554,33,4.5,115.0,174.0,254.3333333333333,D:\AprPanama2025_fixed\041125_experimental\041125PA_experimental_part20.mp4,1900-01-02 03:35:02.100,894
351016,554,33,8.0,131.0,178.0,253.42857142857144,D:\AprPanama2025_fixed\041125_experimental\041125PA_experimental_part20.mp4,1900-01-02 03:35:01.600,894
351018,554,33,8.0,127.0,179.0,251.28571428571428,D:\AprPanama2025_fixed\041125_experimental\041125PA_experimental_part20.mp4,1900-01-02 03:35:01.800,894
351017,554,33,9.0,115.0,179.0,252.26666666666665,D:\AprPanama2025_fixed\041125_experimental\041125PA_experimental_part20.mp4,1900-01-02 03:35:01.700,894
351019,554,33,7.0,124.0,179.0,250.0769230769231,D:\AprPanama2025_fixed\041125_experimental\041125PA_experimental_part20.mp4,1900-01-02 03:35:01.900,894
351015,554,34,5.5,129.0,179.0,252.45454545454547,D:\AprPanama2025_fixed\041125_experimental\041125PA_experimental_part20.mp4,1900-01-02 03:35:01.500,894
351014,554,34,7.5,116.0,222.0,240.0,D:\AprPanama2025_fixed\041125_experimental\041125PA_experimental_part20.mp4,1900-01-02 03:35:01.400,894
351026,554,33,1.5,136.0,175.0,253.8,D:\AprPanama2025_fixed\041125_experimental\041125PA_experimental_part20.mp4,1900-01-02 03:35:02.600,894
351025,554,33,1.5,125.0,176.0,240.6,D:\AprPanama2025_fixed\041125_experimental\041125PA_experimental_part20.mp4,1900-01-02 03:35:02.500,894
351024,554,32,3.0,138.0,176.0,237.28571428571428,D:\AprPanama2025_fixed\041125_experimental\041125PA_experimental_part20.mp4,1900-01-02 03:35:02.400,894
351022,554,33,3.5,122.0,174.0,254.875,D:\AprPanama2025_fixed\041125_experimental\041125PA_experimental_part20.mp4,1900-01-02 03:35:02.200,894
351028,554,33,1.5,117.0,169.0,232.0,D:\AprPanama2025_fixed\041125_experimental\041125PA_experimental_part20.mp4,1900-01-02 03:35:02.800,894
351029,554,33,1.5,117.0,169.0,232.0,D:\AprPanama2025_fixed\041125_experimental\041125PA_experimental_part20.mp4,1900-01-02 03:35:02.900,894
351023,554,33,3.5,120.0,174.0,254.625,D:\AprPanama2025_fixed\041125_experimental\041125PA_experimental_part20.mp4,1900-01-02 03:35:02.300,894
351040,554,30,2.0,118.0,171.0,163.83333333333331,D:\AprPanama2025_fixed\041125_experimental\041125PA_experimental_part20.mp4,1900-01-02 03:35:04.000,894
351041,554,30,2.0,123.0,176.0,225.66666666666663,D:\AprPanama2025_fixed\041125_experimental\041125PA_experimental_part20.mp4,1900-01-02 03:35:04.100,894
351042,554,30,2.0,124.0,184.0,235.66666666666663,D:\AprPanama2025_fixed\041125_experimental\041125PA_experimental_part20.mp4,1900-01-02 03:35:04.200,894
351058,478,146,4.0,135.0,175.0,208.3333333333333,D:\AprPanama2025_fixed\041125_experimental\041125PA_experimental_part20.mp4,1900-01-02 03:35:05.800,818
351060,478,146,4.0,135.0,176.0,220.2222222222222,D:\AprPanama2025_fixed\041125_experimental\041125PA_experimental_part20.mp4,1900-01-02 03:35:06.000,818
351054,479,145,1.5,114.0,152.0,186.6,D:\AprPanama2025_fixed\041125_experimental\041125PA_experimental_part20.mp4,1900-01-02 03:35:05.400,819
351056,478,146,4.0,129.0,172.0,200.44444444444443,D:\AprPanama2025_fixed\041125_experimental\041125PA_experimental_part20.mp4,1900-01-02 03:35:05.600,818
351055,479,145,1.5,114.0,152.0,186.6,D:\AprPanama2025_fixed\041125_experimental\041125PA_experimental_part20.mp4,1900-01-02 03:35:05.500,819
351059,478,146,4.0,137.0,177.0,214.1111111111111,D:\AprPanama2025_fixed\041125_experimental\041125PA_experimental_part20.mp4,1900-01-02 03:35:05.900,818
351061,478,146,4.0,119.0,185.0,209.66666666666663,D:\AprPanama2025_fixed\041125_experimental\041125PA_experimental_part20.mp4,1900-01-02 03:35:06.100,818
351057,478,146,4.0,129.0,172.0,200.44444444444443,D:\AprPanama2025_fixed\041125_experimental\041125PA_experimental_part20.mp4,1900-01-02 03:35:05.700,818
351062,478,146,5.0,118.0,179.0,229.9,D:\AprPanama2025_fixed\041125_experimental\041125PA_experimental_part20.mp4,1900-01-02 03:35:06.200,818
351065,478,146,3.0,128.0,179.0,240.125,D:\AprPanama2025_fixed\041125_experimental\041125PA_experimental_part20.mp4,1900-01-02 03:35:06.500,818
351063,479,146,2.0,123.0,173.0,216.57142857142856,D:\AprPanama2025_fixed\041125_experimental\041125PA_experimental_part20.mp4,1900-01-02 03:35:06.300,819
351064,479,146,2.0,123.0,177.0,244.57142857142856,D:\AprPanama2025_fixed\041125_experimental\041125PA_experimental_part20.mp4,1900-01-02 03:35:06.400,819
352290,279,76,4.5,113.0,151.0,170.66666666666666,D:\AprPanama2025_fixed\041125_experimental\041125PA_experimental_part20.mp4,1900-01-02 03:37:09.000,619
352291,279,76,1.5,135.0,148.0,206.2,D:\AprPanama2025_fixed\041125_experimental\041125PA_experimental_part20.mp4,1900-01-02 03:37:09.100,619
353359,331,180,2.0,125.0,173.0,228.3333333333333,D:\AprPanama2025_fixed\041125_experimental\041125PA_experimental_part20.mp4,1900-01-02 03:38:55.900,671
353506,258,143,2.5,118.0,168.0,228.57142857142856,D:\AprPanama2025_fixed\041125_experimental\041125PA_experimental_part20.mp4,1900-01-02 03:39:10.600,598
353539,266,194,1.5,111.0,145.0,65.0,D:\AprPanama2025_fixed\041125_experimental\041125PA_experimental_part20.mp4,1900-01-02 03:39:13.900,606
353921,168,81,3.0,112.0,148.0,163.57142857142856,D:\AprPanama2025_fixed\041125_experimental\041125PA_experimental_part20.mp4,1900-01-02 03:39:52.100,508
355292,528,411,1.5,138.0,157.0,138.4,D:\AprPanama2025_fixed\041125_experimental\041125PA_experimental_part20.mp4,1900-01-02 03:42:09.200,868
355289,528,362,3.0,119.0,177.0,211.5,D:\AprPanama2025_fixed\041125_experimental\041125PA_experimental_part20.mp4,1900-01-02 03:42:08.900,868
355287,530,362,1.5,111.0,149.0,95.0,D:\AprPanama2025_fixed\041125_experimental\041125PA_experimental_part20.mp4,1900-01-02 03:42:08.700,870
355287,530,410,1.5,137.0,169.0,238.8,D:\AprPanama2025_fixed\041125_experimental\041125PA_experimental_part20.mp4,1900-01-02 03:42:08.700,870
355286,530,362,1.5,111.0,149.0,95.0,D:\AprPanama2025_fixed\041125_experimental\041125PA_experimental_part20.mp4,1900-01-02 03:42:08.600,870
355316,608,74,5.0,114.0,182.0,245.3,D:\AprPanama2025_fixed\041125_experimental\041125PA_experimental_part20.mp4,1900-01-02 03:42:11.600,948
355314,608,74,6.0,119.0,176.0,232.0,D:\AprPanama2025_fixed\041125_experimental\041125PA_experimental_part20.mp4,1900-01-02 03:42:11.400,948
355317,608,74,5.0,114.0,182.0,245.3,D:\AprPanama2025_fixed\041125_experimental\041125PA_experimental_part20.mp4,1900-01-02 03:42:11.700,948
355315,608,74,6.0,122.0,179.0,244.41666666666663,D:\AprPanama2025_fixed\041125_experimental\041125PA_experimental_part20.mp4,1900-01-02 03:42:11.500,948
355320,608,74,4.0,129.0,178.0,251.25,D:\AprPanama2025_fixed\041125_experimental\041125PA_experimental_part20.mp4,1900-01-02 03:42:12.000,948
355324,608,74,1.5,148.0,179.0,244.4,D:\AprPanama2025_fixed\041125_experimental\041125PA_experimental_part20.mp4,1900-01-02 03:42:12.400,948
355321,608,74,4.0,112.0,178.0,251.125,D:\AprPanama2025_fixed\041125_experimental\041125PA_experimental_part20.mp4,1900-01-02 03:42:12.100,948
355322,608,74,1.5,164.0,179.0,252.0,D:\AprPanama2025_fixed\041125_experimental\041125PA_experimental_part20.mp4,1900-01-02 03:42:12.200,948
355323,608,74,1.5,163.0,179.0,249.8,D:\AprPanama2025_fixed\041125_experimental\041125PA_experimental_part20.mp4,1900-01-02 03:42:12.300,948
355325,608,74,1.5,132.0,180.0,238.0,D:\AprPanama2025_fixed\041125_experimental\041125PA_experimental_part20.mp4,1900-01-02 03:42:12.500,948
355319,608,74,4.0,123.0,179.0,245.88888888888889,D:\AprPanama2025_fixed\041125_experimental\041125PA_experimental_part20.mp4,1900-01-02 03:42:11.900,948
355318,608,74,5.0,114.0,182.0,245.3,D:\AprPanama2025_fixed\041125_experimental\041125PA_experimental_part20.mp4,1900-01-02 03:42:11.800,948
355326,608,74,1.5,116.0,178.0,238.6,D:\AprPanama2025_fixed\041125_experimental\041125PA_experimental_part20.mp4,1900-01-02 03:42:12.600,948
355327,608,74,1.5,147.0,180.0,247.0,D:\AprPanama2025_fixed\041125_experimental\041125PA_experimental_part20.mp4,1900-01-02 03:42:12.700,948
355328,608,74,1.5,128.0,176.0,242.8,D:\AprPanama2025_fixed\041125_experimental\041125PA_experimental_part20.mp4,1900-01-02 03:42:12.800,948
355341,606,56,2.0,136.0,159.0,235.0,D:\AprPanama2025_fixed\041125_experimental\041125PA_experimental_part20.mp4,1900-01-02 03:42:14.100,946
355348,547,294,5.0,131.0,157.0,229.1,D:\AprPanama2025_fixed\041125_experimental\041125PA_experimental_part20.mp4,1900-01-02 03:42:14.800,887
355349,547,294,5.5,116.0,179.0,252.1,D:\AprPanama2025_fixed\041125_experimental\041125PA_experimental_part20.mp4,1900-01-02 03:42:14.900,887
355355,548,294,2.0,115.0,176.0,248.16666666666663,D:\AprPanama2025_fixed\041125_experimental\041125PA_experimental_part20.mp4,1900-01-02 03:42:15.500,888
355357,548,295,3.0,116.0,159.0,177.14285714285714,D:\AprPanama2025_fixed\041125_experimental\041125PA_experimental_part20.mp4,1900-01-02 03:42:15.700,888
355350,547,294,4.5,118.0,179.0,249.3,D:\AprPanama2025_fixed\041125_experimental\041125PA_experimental_part20.mp4,1900-01-02 03:42:15.000,887
355354,548,294,2.0,115.0,176.0,248.16666666666663,D:\AprPanama2025_fixed\041125_experimental\041125PA_experimental_part20.mp4,1900-01-02 03:42:15.400,888
355353,548,294,2.5,117.0,175.0,250.75,D:\AprPanama2025_fixed\041125_experimental\041125PA_experimental_part20.mp4,1900-01-02 03:42:15.300,888
355352,547,294,4.0,117.0,178.0,250.55555555555557,D:\AprPanama2025_fixed\041125_experimental\041125PA_experimental_part20.mp4,1900-01-02 03:42:15.200,887
355351,547,294,4.5,118.0,179.0,249.3,D:\AprPanama2025_fixed\041125_experimental\041125PA_experimental_part20.mp4,1900-01-02 03:42:15.100,887
355356,548,295,3.5,117.0,175.0,229.125,D:\AprPanama2025_fixed\041125_experimental\041125PA_experimental_part20.mp4,1900-01-02 03:42:15.600,888
355358,548,295,3.0,116.0,159.0,177.14285714285714,D:\AprPanama2025_fixed\041125_experimental\041125PA_experimental_part20.mp4,1900-01-02 03:42:15.800,888
356632,56,83,2.5,130.0,173.0,133.14285714285714,D:\AprPanama2025_fixed\041125_experimental\041125PA_experimental_part20.mp4,1900-01-02 03:44:23.200,396
356633,56,83,2.5,130.0,173.0,133.14285714285714,D:\AprPanama2025_fixed\041125_experimental\041125PA_experimental_part20.mp4,1900-01-02 03:44:23.300,396
359251,821,41,9.0,111.0,179.0,246.4375,D:\AprPanama2025_fixed\041125_experimental\041125PA_experimental_part20.mp4,1900-01-02 03:48:45.100,1161
359252,821,41,12.5,115.0,179.0,252.9,D:\AprPanama2025_fixed\041125_experimental\041125PA_experimental_part20.mp4,1900-01-02 03:48:45.200,1161
359253,822,40,16.0,111.0,179.0,246.875,D:\AprPanama2025_fixed\041125_experimental\041125PA_experimental_part20.mp4,1900-01-02 03:48:45.300,1162
359250,821,41,5.5,128.0,178.0,217.5833333333333,D:\AprPanama2025_fixed\041125_experimental\041125PA_experimental_part20.mp4,1900-01-02 03:48:45.000,1161
359256,821,40,17.0,116.0,179.0,229.2692307692308,D:\AprPanama2025_fixed\041125_experimental\041125PA_experimental_part20.mp4,1900-01-02 03:48:45.600,1161
359260,821,39,9.0,112.0,176.0,248.0,D:\AprPanama2025_fixed\041125_experimental\041125PA_experimental_part20.mp4,1900-01-02 03:48:46.000,1161
359257,821,40,11.0,117.0,179.0,249.1111111111111,D:\AprPanama2025_fixed\041125_experimental\041125PA_experimental_part20.mp4,1900-01-02 03:48:45.700,1161
359255,822,40,16.5,115.0,179.0,238.32,D:\AprPanama2025_fixed\041125_experimental\041125PA_experimental_part20.mp4,1900-01-02 03:48:45.500,1162
359261,821,39,9.0,112.0,176.0,248.0,D:\AprPanama2025_fixed\041125_experimental\041125PA_experimental_part20.mp4,1900-01-02 03:48:46.100,1161
359259,821,39,10.0,113.0,179.0,241.58823529411765,D:\AprPanama2025_fixed\041125_experimental\041125PA_experimental_part20.mp4,1900-01-02 03:48:45.900,1161
359258,821,39,9.5,113.0,178.0,237.9375,D:\AprPanama2025_fixed\041125_experimental\041125PA_experimental_part20.mp4,1900-01-02 03:48:45.800,1161
359254,822,41,17.0,111.0,179.0,242.73076923076923,D:\AprPanama2025_fixed\041125_experimental\041125PA_experimental_part20.mp4,1900-01-02 03:48:45.400,1162
359268,821,38,8.0,114.0,177.0,250.14285714285717,D:\AprPanama2025_fixed\041125_experimental\041125PA_experimental_part20.mp4,1900-01-02 03:48:46.800,1161
359268,62,86,3.0,130.0,179.0,231.125,D:\AprPanama2025_fixed\041125_experimental\041125PA_experimental_part20.mp4,1900-01-02 03:48:46.800,402
359263,821,39,10.0,114.0,178.0,247.1764705882353,D:\AprPanama2025_fixed\041125_experimental\041125PA_experimental_part20.mp4,1900-01-02 03:48:46.300,1161
359264,821,39,8.5,116.0,178.0,234.66666666666663,D:\AprPanama2025_fixed\041125_experimental\041125PA_experimental_part20.mp4,1900-01-02 03:48:46.400,1161
359269,821,38,7.0,116.0,166.0,254.28571428571428,D:\AprPanama2025_fixed\041125_experimental\041125PA_experimental_part20.mp4,1900-01-02 03:48:46.900,1161
359269,62,86,4.0,127.0,175.0,228.55555555555557,D:\AprPanama2025_fixed\041125_experimental\041125PA_experimental_part20.mp4,1900-01-02 03:48:46.900,402
359265,821,39,8.0,128.0,179.0,249.85714285714283,D:\AprPanama2025_fixed\041125_experimental\041125PA_experimental_part20.mp4,1900-01-02 03:48:46.500,1161
359266,821,38,9.5,115.0,179.0,254.0625,D:\AprPanama2025_fixed\041125_experimental\041125PA_experimental_part20.mp4,1900-01-02 03:48:46.600,1161
359262,821,39,10.0,114.0,178.0,247.1764705882353,D:\AprPanama2025_fixed\041125_experimental\041125PA_experimental_part20.mp4,1900-01-02 03:48:46.200,1161
359267,821,38,10.0,111.0,178.0,247.0,D:\AprPanama2025_fixed\041125_experimental\041125PA_experimental_part20.mp4,1900-01-02 03:48:46.700,1161
359267,48,86,1.5,148.0,178.0,237.4,D:\AprPanama2025_fixed\041125_experimental\041125PA_experimental_part20.mp4,1900-01-02 03:48:46.700,388
359267,62,87,2.5,113.0,179.0,254.57142857142856,D:\AprPanama2025_fixed\041125_experimental\041125PA_experimental_part20.mp4,1900-01-02 03:48:46.700,402
359273,821,37,3.0,116.0,148.0,250.25,D:\AprPanama2025_fixed\041125_experimental\041125PA_experimental_part20.mp4,1900-01-02 03:48:47.300,1161
359273,48,84,2.0,132.0,173.0,236.0,D:\AprPanama2025_fixed\041125_experimental\041125PA_experimental_part20.mp4,1900-01-02 03:48:47.300,388
359273,63,86,1.5,128.0,139.0,93.33333333333331,D:\AprPanama2025_fixed\041125_experimental\041125PA_experimental_part20.mp4,1900-01-02 03:48:47.300,403
359275,63,83,2.5,123.0,155.0,106.57142857142856,D:\AprPanama2025_fixed\041125_experimental\041125PA_experimental_part20.mp4,1900-01-02 03:48:47.500,403
359274,821,37,1.5,115.0,167.0,253.8,D:\AprPanama2025_fixed\041125_experimental\041125PA_experimental_part20.mp4,1900-01-02 03:48:47.400,1161
359274,48,84,2.0,132.0,169.0,179.0,D:\AprPanama2025_fixed\041125_experimental\041125PA_experimental_part20.mp4,1900-01-02 03:48:47.400,388
359276,821,37,2.0,122.0,148.0,251.0,D:\AprPanama2025_fixed\041125_experimental\041125PA_experimental_part20.mp4,1900-01-02 03:48:47.600,1161
359276,63,83,3.0,113.0,146.0,77.71428571428571,D:\AprPanama2025_fixed\041125_experimental\041125PA_experimental_part20.mp4,1900-01-02 03:48:47.600,403
359272,821,37,4.0,120.0,164.0,251.66666666666663,D:\AprPanama2025_fixed\041125_experimental\041125PA_experimental_part20.mp4,1900-01-02 03:48:47.200,1161
359270,62,85,2.5,117.0,166.0,220.3333333333333,D:\AprPanama2025_fixed\041125_experimental\041125PA_experimental_part20.mp4,1900-01-02 03:48:47.000,402
359271,821,37,4.0,116.0,154.0,253.55555555555557,D:\AprPanama2025_fixed\041125_experimental\041125PA_experimental_part20.mp4,1900-01-02 03:48:47.100,1161
359271,63,86,2.0,117.0,153.0,200.8333333333333,D:\AprPanama2025_fixed\041125_experimental\041125PA_experimental_part20.mp4,1900-01-02 03:48:47.100,403
359284,821,37,1.5,112.0,150.0,190.16666666666663,D:\AprPanama2025_fixed\041125_experimental\041125PA_experimental_part20.mp4,1900-01-02 03:48:48.400,1161
359279,821,38,1.5,113.0,146.0,214.4,D:\AprPanama2025_fixed\041125_experimental\041125PA_experimental_part20.mp4,1900-01-02 03:48:47.900,1161
359281,64,82,1.5,134.0,176.0,221.0,D:\AprPanama2025_fixed\041125_experimental\041125PA_experimental_part20.mp4,1900-01-02 03:48:48.100,404
359283,821,37,3.0,113.0,160.0,250.85714285714283,D:\AprPanama2025_fixed\041125_experimental\041125PA_experimental_part20.mp4,1900-01-02 03:48:48.300,1161
359285,64,81,2.0,125.0,161.0,223.8333333333333,D:\AprPanama2025_fixed\041125_experimental\041125PA_experimental_part20.mp4,1900-01-02 03:48:48.500,404
359280,821,37,4.0,115.0,156.0,232.77777777777777,D:\AprPanama2025_fixed\041125_experimental\041125PA_experimental_part20.mp4,1900-01-02 03:48:48.000,1161
359280,64,82,1.5,134.0,176.0,221.0,D:\AprPanama2025_fixed\041125_experimental\041125PA_experimental_part20.mp4,1900-01-02 03:48:48.000,404
359282,821,37,1.5,112.0,151.0,203.2,D:\AprPanama2025_fixed\041125_experimental\041125PA_experimental_part20.mp4,1900-01-02 03:48:48.200,1161
360191,337,78,4.0,118.0,178.0,249.55555555555557,D:\AprPanama2025_fixed\041125_experimental\041125PA_experimental_part21.mp4,1900-01-02 03:50:19.100,677
360190,336,78,6.5,115.0,179.0,234.3333333333333,D:\AprPanama2025_fixed\041125_experimental\041125PA_experimental_part21.mp4,1900-01-02 03:50:19.000,676
360189,336,78,4.5,120.0,178.0,197.7,D:\AprPanama2025_fixed\041125_experimental\041125PA_experimental_part21.mp4,1900-01-02 03:50:18.900,676
360193,338,78,6.5,117.0,176.0,231.0833333333333,D:\AprPanama2025_fixed\041125_experimental\041125PA_experimental_part21.mp4,1900-01-02 03:50:19.300,678
360195,338,78,6.5,121.0,175.0,228.0833333333333,D:\AprPanama2025_fixed\041125_experimental\041125PA_experimental_part21.mp4,1900-01-02 03:50:19.500,678
360194,338,78,6.5,119.0,176.0,230.5833333333333,D:\AprPanama2025_fixed\041125_experimental\041125PA_experimental_part21.mp4,1900-01-02 03:50:19.400,678
360196,338,78,6.0,112.0,175.0,234.0909090909091,D:\AprPanama2025_fixed\041125_experimental\041125PA_experimental_part21.mp4,1900-01-02 03:50:19.600,678
360192,338,78,4.0,117.0,180.0,249.0,D:\AprPanama2025_fixed\041125_experimental\041125PA_experimental_part21.mp4,1900-01-02 03:50:19.200,678
360200,340,78,5.5,113.0,176.0,223.9,D:\AprPanama2025_fixed\041125_experimental\041125PA_experimental_part21.mp4,1900-01-02 03:50:20.000,680
360203,341,78,2.0,113.0,165.0,204.16666666666663,D:\AprPanama2025_fixed\041125_experimental\041125PA_experimental_part21.mp4,1900-01-02 03:50:20.300,681
360198,339,79,2.5,111.0,166.0,236.28571428571428,D:\AprPanama2025_fixed\041125_experimental\041125PA_experimental_part21.mp4,1900-01-02 03:50:19.800,679
360199,340,78,4.5,115.0,175.0,216.88888888888889,D:\AprPanama2025_fixed\041125_experimental\041125PA_experimental_part21.mp4,1900-01-02 03:50:19.900,680
360202,340,78,2.0,116.0,168.0,228.0,D:\AprPanama2025_fixed\041125_experimental\041125PA_experimental_part21.mp4,1900-01-02 03:50:20.200,680
360201,340,78,4.5,113.0,178.0,225.2222222222222,D:\AprPanama2025_fixed\041125_experimental\041125PA_experimental_part21.mp4,1900-01-02 03:50:20.100,680
360197,338,79,1.5,111.0,161.0,248.0,D:\AprPanama2025_fixed\041125_experimental\041125PA_experimental_part21.mp4,1900-01-02 03:50:19.700,678
361004,203,99,1.5,115.0,166.0,223.16666666666663,D:\AprPanama2025_fixed\041125_experimental\041125PA_experimental_part21.mp4,1900-01-02 03:51:40.400,543
361006,76,97,1.5,126.0,160.0,207.0,D:\AprPanama2025_fixed\041125_experimental\041125PA_experimental_part21.mp4,1900-01-02 03:51:40.600,416
361007,76,97,2.0,126.0,159.0,218.0,D:\AprPanama2025_fixed\041125_experimental\041125PA_experimental_part21.mp4,1900-01-02 03:51:40.700,416
361005,76,97,1.5,126.0,160.0,207.0,D:\AprPanama2025_fixed\041125_experimental\041125PA_experimental_part21.mp4,1900-01-02 03:51:40.500,416
361014,202,97,2.0,115.0,171.0,232.66666666666663,D:\AprPanama2025_fixed\041125_experimental\041125PA_experimental_part21.mp4,1900-01-02 03:51:41.400,542
361019,202,97,2.5,125.0,163.0,196.0,D:\AprPanama2025_fixed\041125_experimental\041125PA_experimental_part21.mp4,1900-01-02 03:51:41.900,542
361017,202,97,3.0,124.0,176.0,215.25,D:\AprPanama2025_fixed\041125_experimental\041125PA_experimental_part21.mp4,1900-01-02 03:51:41.700,542
361020,202,97,2.5,125.0,163.0,196.0,D:\AprPanama2025_fixed\041125_experimental\041125PA_experimental_part21.mp4,1900-01-02 03:51:42.000,542
361018,202,97,3.0,124.0,176.0,215.25,D:\AprPanama2025_fixed\041125_experimental\041125PA_experimental_part21.mp4,1900-01-02 03:51:41.800,542
361037,82,152,1.5,158.0,174.0,254.2,D:\AprPanama2025_fixed\041125_experimental\041125PA_experimental_part21.mp4,1900-01-02 03:51:43.700,422
361163,799,61,9.0,129.0,178.0,245.0625,D:\AprPanama2025_fixed\041125_experimental\041125PA_experimental_part21.mp4,1900-01-02 03:51:56.300,1139
361162,800,59,1.5,128.0,162.0,232.2,D:\AprPanama2025_fixed\041125_experimental\041125PA_experimental_part21.mp4,1900-01-02 03:51:56.200,1140
361164,799,61,11.5,114.0,179.0,251.3684210526316,D:\AprPanama2025_fixed\041125_experimental\041125PA_experimental_part21.mp4,1900-01-02 03:51:56.400,1139
361170,799,60,20.0,115.0,179.0,247.24137931034485,D:\AprPanama2025_fixed\041125_experimental\041125PA_experimental_part21.mp4,1900-01-02 03:51:57.000,1139
361172,799,60,18.5,113.0,179.0,252.25925925925924,D:\AprPanama2025_fixed\041125_experimental\041125PA_experimental_part21.mp4,1900-01-02 03:51:57.200,1139
361168,799,60,20.0,118.0,179.0,249.9655172413793,D:\AprPanama2025_fixed\041125_experimental\041125PA_experimental_part21.mp4,1900-01-02 03:51:56.800,1139
361167,799,60,20.0,114.0,179.0,249.48275862068965,D:\AprPanama2025_fixed\041125_experimental\041125PA_experimental_part21.mp4,1900-01-02 03:51:56.700,1139
361169,799,60,20.0,111.0,179.0,248.5862068965517,D:\AprPanama2025_fixed\041125_experimental\041125PA_experimental_part21.mp4,1900-01-02 03:51:56.900,1139
361166,799,60,19.0,122.0,179.0,248.67857142857144,D:\AprPanama2025_fixed\041125_experimental\041125PA_experimental_part21.mp4,1900-01-02 03:51:56.600,1139
361171,799,60,20.5,111.0,179.0,251.06896551724137,D:\AprPanama2025_fixed\041125_experimental\041125PA_experimental_part21.mp4,1900-01-02 03:51:57.100,1139
361165,799,61,16.5,115.0,179.0,249.96,D:\AprPanama2025_fixed\041125_experimental\041125PA_experimental_part21.mp4,1900-01-02 03:51:56.500,1139
361180,799,59,13.0,115.0,179.0,245.28571428571428,D:\AprPanama2025_fixed\041125_experimental\041125PA_experimental_part21.mp4,1900-01-02 03:51:58.000,1139
361180,851,364,13.5,101.0,179.0,244.19047619047615,D:\AprPanama2025_fixed\041125_experimental\041125PA_experimental_part21.mp4,1900-01-02 03:51:58.000,1191
361180,852,363,2.0,101.0,175.0,245.2,D:\AprPanama2025_fixed\041125_experimental\041125PA_experimental_part21.mp4,1900-01-02 03:51:58.000,1192
361174,799,59,14.5,113.0,179.0,249.6818181818182,D:\AprPanama2025_fixed\041125_experimental\041125PA_experimental_part21.mp4,1900-01-02 03:51:57.400,1139
361175,799,59,13.5,140.0,178.0,250.28571428571428,D:\AprPanama2025_fixed\041125_experimental\041125PA_experimental_part21.mp4,1900-01-02 03:51:57.500,1139
361177,799,59,12.5,123.0,178.0,249.95,D:\AprPanama2025_fixed\041125_experimental\041125PA_experimental_part21.mp4,1900-01-02 03:51:57.700,1139
361176,799,59,13.5,125.0,178.0,250.28571428571428,D:\AprPanama2025_fixed\041125_experimental\041125PA_experimental_part21.mp4,1900-01-02 03:51:57.600,1139
361178,799,59,10.5,142.0,179.0,246.44444444444443,D:\AprPanama2025_fixed\041125_experimental\041125PA_experimental_part21.mp4,1900-01-02 03:51:57.800,1139
361179,799,59,12.0,133.0,179.0,245.45,D:\AprPanama2025_fixed\041125_experimental\041125PA_experimental_part21.mp4,1900-01-02 03:51:57.900,1139
361179,850,363,5.5,115.0,171.0,223.45454545454547,D:\AprPanama2025_fixed\041125_experimental\041125PA_experimental_part21.mp4,1900-01-02 03:51:57.900,1190
361173,799,60,15.0,112.0,178.0,245.86956521739128,D:\AprPanama2025_fixed\041125_experimental\041125PA_experimental_part21.mp4,1900-01-02 03:51:57.300,1139
361183,799,58,9.5,126.0,179.0,248.7058823529412,D:\AprPanama2025_fixed\041125_experimental\041125PA_experimental_part21.mp4,1900-01-02 03:51:58.300,1139
361183,851,364,7.5,118.0,178.0,250.4705882352941,D:\AprPanama2025_fixed\041125_experimental\041125PA_experimental_part21.mp4,1900-01-02 03:51:58.300,1191
361182,799,59,11.0,117.0,179.0,242.7894736842105,D:\AprPanama2025_fixed\041125_experimental\041125PA_experimental_part21.mp4,1900-01-02 03:51:58.200,1139
361182,851,364,17.0,118.0,179.0,250.76,D:\AprPanama2025_fixed\041125_experimental\041125PA_experimental_part21.mp4,1900-01-02 03:51:58.200,1191
361187,799,58,5.5,113.0,179.0,245.8333333333333,D:\AprPanama2025_fixed\041125_experimental\041125PA_experimental_part21.mp4,1900-01-02 03:51:58.700,1139
361187,849,364,1.5,123.0,165.0,244.4,D:\AprPanama2025_fixed\041125_experimental\041125PA_experimental_part21.mp4,1900-01-02 03:51:58.700,1189
361184,799,59,4.5,132.0,175.0,236.66666666666663,D:\AprPanama2025_fixed\041125_experimental\041125PA_experimental_part21.mp4,1900-01-02 03:51:58.400,1139
361184,851,365,13.5,18.0,179.0,245.66666666666663,D:\AprPanama2025_fixed\041125_experimental\041125PA_experimental_part21.mp4,1900-01-02 03:51:58.400,1191
361184,852,365,4.0,18.0,143.0,231.875,D:\AprPanama2025_fixed\041125_experimental\041125PA_experimental_part21.mp4,1900-01-02 03:51:58.400,1192
361185,799,59,8.0,114.0,176.0,224.53333333333333,D:\AprPanama2025_fixed\041125_experimental\041125PA_experimental_part21.mp4,1900-01-02 03:51:58.500,1139
361185,850,364,5.5,112.0,171.0,247.27272727272728,D:\AprPanama2025_fixed\041125_experimental\041125PA_experimental_part21.mp4,1900-01-02 03:51:58.500,1190
361188,799,58,5.5,111.0,178.0,233.54545454545456,D:\AprPanama2025_fixed\041125_experimental\041125PA_experimental_part21.mp4,1900-01-02 03:51:58.800,1139
361186,799,58,7.5,114.0,175.0,241.5,D:\AprPanama2025_fixed\041125_experimental\041125PA_experimental_part21.mp4,1900-01-02 03:51:58.600,1139
361186,850,364,2.0,117.0,166.0,243.8333333333333,D:\AprPanama2025_fixed\041125_experimental\041125PA_experimental_part21.mp4,1900-01-02 03:51:58.600,1190
361181,799,59,11.0,117.0,179.0,242.7894736842105,D:\AprPanama2025_fixed\041125_experimental\041125PA_experimental_part21.mp4,1900-01-02 03:51:58.100,1139
361181,851,364,20.0,109.0,179.0,247.5,D:\AprPanama2025_fixed\041125_experimental\041125PA_experimental_part21.mp4,1900-01-02 03:51:58.100,1191
361181,852,365,2.0,109.0,167.0,254.6,D:\AprPanama2025_fixed\041125_experimental\041125PA_experimental_part21.mp4,1900-01-02 03:51:58.100,1192
361196,799,59,2.5,114.0,160.0,211.7142857142857,D:\AprPanama2025_fixed\041125_experimental\041125PA_experimental_part21.mp4,1900-01-02 03:51:59.600,1139
361192,799,58,3.5,118.0,163.0,242.625,D:\AprPanama2025_fixed\041125_experimental\041125PA_experimental_part21.mp4,1900-01-02 03:51:59.200,1139
361193,799,58,3.5,116.0,164.0,236.0,D:\AprPanama2025_fixed\041125_experimental\041125PA_experimental_part21.mp4,1900-01-02 03:51:59.300,1139
361190,799,58,3.5,114.0,174.0,236.375,D:\AprPanama2025_fixed\041125_experimental\041125PA_experimental_part21.mp4,1900-01-02 03:51:59.000,1139
361195,799,58,3.5,114.0,170.0,244.75,D:\AprPanama2025_fixed\041125_experimental\041125PA_experimental_part21.mp4,1900-01-02 03:51:59.500,1139
361191,799,58,4.0,125.0,175.0,244.66666666666663,D:\AprPanama2025_fixed\041125_experimental\041125PA_experimental_part21.mp4,1900-01-02 03:51:59.100,1139
361189,799,58,5.0,131.0,178.0,234.7,D:\AprPanama2025_fixed\041125_experimental\041125PA_experimental_part21.mp4,1900-01-02 03:51:58.900,1139
361194,799,58,3.5,114.0,163.0,224.875,D:\AprPanama2025_fixed\041125_experimental\041125PA_experimental_part21.mp4,1900-01-02 03:51:59.400,1139
361219,626,172,12.0,111.0,179.0,249.75,D:\AprPanama2025_fixed\041125_experimental\041125PA_experimental_part21.mp4,1900-01-02 03:52:01.900,966
361216,626,171,14.0,115.0,179.0,250.42857142857144,D:\AprPanama2025_fixed\041125_experimental\041125PA_experimental_part21.mp4,1900-01-02 03:52:01.600,966
361215,625,171,11.0,111.0,179.0,248.88888888888889,D:\AprPanama2025_fixed\041125_experimental\041125PA_experimental_part21.mp4,1900-01-02 03:52:01.500,965
361218,626,172,11.0,118.0,179.0,249.7222222222222,D:\AprPanama2025_fixed\041125_experimental\041125PA_experimental_part21.mp4,1900-01-02 03:52:01.800,966
361214,625,171,7.0,118.0,176.0,246.53846153846155,D:\AprPanama2025_fixed\041125_experimental\041125PA_experimental_part21.mp4,1900-01-02 03:52:01.400,965
361220,625,173,9.0,111.0,179.0,246.2941176470588,D:\AprPanama2025_fixed\041125_experimental\041125PA_experimental_part21.mp4,1900-01-02 03:52:02.000,965
361217,625,172,8.5,131.0,179.0,247.25,D:\AprPanama2025_fixed\041125_experimental\041125PA_experimental_part21.mp4,1900-01-02 03:52:01.700,965
361213,625,171,2.0,126.0,168.0,246.0,D:\AprPanama2025_fixed\041125_experimental\041125PA_experimental_part21.mp4,1900-01-02 03:52:01.300,965
361228,625,172,5.0,123.0,179.0,239.2,D:\AprPanama2025_fixed\041125_experimental\041125PA_experimental_part21.mp4,1900-01-02 03:52:02.800,965
361222,625,173,7.5,116.0,178.0,248.35714285714283,D:\AprPanama2025_fixed\041125_experimental\041125PA_experimental_part21.mp4,1900-01-02 03:52:02.200,965
361224,625,173,6.0,112.0,178.0,250.0769230769231,D:\AprPanama2025_fixed\041125_experimental\041125PA_experimental_part21.mp4,1900-01-02 03:52:02.400,965
361221,625,172,8.0,114.0,179.0,248.07142857142856,D:\AprPanama2025_fixed\041125_experimental\041125PA_experimental_part21.mp4,1900-01-02 03:52:02.100,965
361227,625,173,5.0,112.0,172.0,238.45454545454547,D:\AprPanama2025_fixed\041125_experimental\041125PA_experimental_part21.mp4,1900-01-02 03:52:02.700,965
361225,625,173,4.0,121.0,176.0,244.4,D:\AprPanama2025_fixed\041125_experimental\041125PA_experimental_part21.mp4,1900-01-02 03:52:02.500,965
361223,626,172,4.5,117.0,176.0,249.9,D:\AprPanama2025_fixed\041125_experimental\041125PA_experimental_part21.mp4,1900-01-02 03:52:02.300,966
361226,625,173,4.0,113.0,169.0,245.2,D:\AprPanama2025_fixed\041125_experimental\041125PA_experimental_part21.mp4,1900-01-02 03:52:02.600,965
361232,633,100,3.0,116.0,167.0,167.57142857142856,D:\AprPanama2025_fixed\041125_experimental\041125PA_experimental_part21.mp4,1900-01-02 03:52:03.200,973
361232,625,173,1.5,114.0,148.0,252.8,D:\AprPanama2025_fixed\041125_experimental\041125PA_experimental_part21.mp4,1900-01-02 03:52:03.200,965
361230,632,100,2.0,139.0,156.0,249.8333333333333,D:\AprPanama2025_fixed\041125_experimental\041125PA_experimental_part21.mp4,1900-01-02 03:52:03.000,972
361230,625,173,3.5,111.0,168.0,238.55555555555557,D:\AprPanama2025_fixed\041125_experimental\041125PA_experimental_part21.mp4,1900-01-02 03:52:03.000,965
361231,633,100,3.0,117.0,166.0,161.0,D:\AprPanama2025_fixed\041125_experimental\041125PA_experimental_part21.mp4,1900-01-02 03:52:03.100,973
361231,625,173,1.5,114.0,148.0,252.8,D:\AprPanama2025_fixed\041125_experimental\041125PA_experimental_part21.mp4,1900-01-02 03:52:03.100,965
361229,625,172,3.0,117.0,170.0,236.375,D:\AprPanama2025_fixed\041125_experimental\041125PA_experimental_part21.mp4,1900-01-02 03:52:02.900,965
361956,266,82,4.0,132.0,175.0,247.3333333333333,D:\AprPanama2025_fixed\041125_experimental\041125PA_experimental_part21.mp4,1900-01-02 03:53:15.600,606
361955,265,82,6.5,111.0,188.0,215.8333333333333,D:\AprPanama2025_fixed\041125_experimental\041125PA_experimental_part21.mp4,1900-01-02 03:53:15.500,605
361953,263,82,2.0,119.0,166.0,126.83333333333331,D:\AprPanama2025_fixed\041125_experimental\041125PA_experimental_part21.mp4,1900-01-02 03:53:15.300,603
361962,273,78,4.0,112.0,173.0,206.9,D:\AprPanama2025_fixed\041125_experimental\041125PA_experimental_part21.mp4,1900-01-02 03:53:16.200,613
361960,271,80,6.5,114.0,178.0,225.46153846153848,D:\AprPanama2025_fixed\041125_experimental\041125PA_experimental_part21.mp4,1900-01-02 03:53:16.000,611
361959,270,80,4.0,119.0,179.0,251.55555555555557,D:\AprPanama2025_fixed\041125_experimental\041125PA_experimental_part21.mp4,1900-01-02 03:53:15.900,610
361961,272,79,3.5,140.0,172.0,248.3333333333333,D:\AprPanama2025_fixed\041125_experimental\041125PA_experimental_part21.mp4,1900-01-02 03:53:16.100,612
361964,276,77,4.0,140.0,174.0,238.55555555555557,D:\AprPanama2025_fixed\041125_experimental\041125PA_experimental_part21.mp4,1900-01-02 03:53:16.400,616
361958,268,81,6.5,125.0,173.0,245.15384615384616,D:\AprPanama2025_fixed\041125_experimental\041125PA_experimental_part21.mp4,1900-01-02 03:53:15.800,608
361963,274,78,3.5,127.0,174.0,220.625,D:\AprPanama2025_fixed\041125_experimental\041125PA_experimental_part21.mp4,1900-01-02 03:53:16.300,614
361957,268,81,5.0,129.0,172.0,242.0,D:\AprPanama2025_fixed\041125_experimental\041125PA_experimental_part21.mp4,1900-01-02 03:53:15.700,608
361965,277,76,3.0,114.0,166.0,185.66666666666663,D:\AprPanama2025_fixed\041125_experimental\041125PA_experimental_part21.mp4,1900-01-02 03:53:16.500,617
361967,279,76,1.5,144.0,162.0,206.8333333333333,D:\AprPanama2025_fixed\041125_experimental\041125PA_experimental_part21.mp4,1900-01-02 03:53:16.700,619
361968,280,75,3.5,143.0,178.0,244.66666666666663,D:\AprPanama2025_fixed\041125_experimental\041125PA_experimental_part21.mp4,1900-01-02 03:53:16.800,620
361986,296,67,3.0,144.0,168.0,168.0,D:\AprPanama2025_fixed\041125_experimental\041125PA_experimental_part21.mp4,1900-01-02 03:53:18.600,636
361981,292,68,1.5,131.0,169.0,235.66666666666663,D:\AprPanama2025_fixed\041125_experimental\041125PA_experimental_part21.mp4,1900-01-02 03:53:18.100,632
361984,294,67,2.0,130.0,160.0,96.5,D:\AprPanama2025_fixed\041125_experimental\041125PA_experimental_part21.mp4,1900-01-02 03:53:18.400,634
361989,298,66,3.0,125.0,172.0,193.375,D:\AprPanama2025_fixed\041125_experimental\041125PA_experimental_part21.mp4,1900-01-02 03:53:18.900,638
361999,305,62,2.0,115.0,171.0,211.66666666666663,D:\AprPanama2025_fixed\041125_experimental\041125PA_experimental_part21.mp4,1900-01-02 03:53:19.900,645
362872,356,74,5.5,133.0,179.0,250.27272727272728,D:\AprPanama2025_fixed\041125_experimental\041125PA_experimental_part21.mp4,1900-01-02 03:54:47.200,696
362876,355,74,10.0,114.0,194.0,242.11764705882356,D:\AprPanama2025_fixed\041125_experimental\041125PA_experimental_part21.mp4,1900-01-02 03:54:47.600,695
362874,355,74,10.0,127.0,177.0,247.11764705882356,D:\AprPanama2025_fixed\041125_experimental\041125PA_experimental_part21.mp4,1900-01-02 03:54:47.400,695
362873,355,74,10.0,113.0,178.0,250.0,D:\AprPanama2025_fixed\041125_experimental\041125PA_experimental_part21.mp4,1900-01-02 03:54:47.300,695
362875,355,74,10.0,114.0,179.0,242.11764705882356,D:\AprPanama2025_fixed\041125_experimental\041125PA_experimental_part21.mp4,1900-01-02 03:54:47.500,695
362880,354,73,6.0,125.0,179.0,241.27272727272728,D:\AprPanama2025_fixed\041125_experimental\041125PA_experimental_part21.mp4,1900-01-02 03:54:48.000,694
362884,352,73,6.5,119.0,176.0,244.25,D:\AprPanama2025_fixed\041125_experimental\041125PA_experimental_part21.mp4,1900-01-02 03:54:48.400,692
362883,352,73,5.0,116.0,177.0,245.1818181818182,D:\AprPanama2025_fixed\041125_experimental\041125PA_experimental_part21.mp4,1900-01-02 03:54:48.300,692
362879,354,73,7.0,111.0,178.0,229.30769230769232,D:\AprPanama2025_fixed\041125_experimental\041125PA_experimental_part21.mp4,1900-01-02 03:54:47.900,694
362877,354,74,9.0,111.0,229.0,240.46666666666667,D:\AprPanama2025_fixed\041125_experimental\041125PA_experimental_part21.mp4,1900-01-02 03:54:47.700,694
362878,354,74,6.5,117.0,179.0,252.3333333333333,D:\AprPanama2025_fixed\041125_experimental\041125PA_experimental_part21.mp4,1900-01-02 03:54:47.800,694
362881,353,73,5.5,115.0,171.0,237.45454545454547,D:\AprPanama2025_fixed\041125_experimental\041125PA_experimental_part21.mp4,1900-01-02 03:54:48.100,693
362882,352,73,4.5,115.0,164.0,254.4,D:\AprPanama2025_fixed\041125_experimental\041125PA_experimental_part21.mp4,1900-01-02 03:54:48.200,692
362889,350,72,1.5,148.0,174.0,228.0,D:\AprPanama2025_fixed\041125_experimental\041125PA_experimental_part21.mp4,1900-01-02 03:54:48.900,690
362887,351,73,6.0,128.0,170.0,233.5,D:\AprPanama2025_fixed\041125_experimental\041125PA_experimental_part21.mp4,1900-01-02 03:54:48.700,691
362891,251,127,3.5,115.0,163.0,235.0,D:\AprPanama2025_fixed\041125_experimental\041125PA_experimental_part21.mp4,1900-01-02 03:54:49.100,591
362888,350,73,4.0,113.0,179.0,233.3333333333333,D:\AprPanama2025_fixed\041125_experimental\041125PA_experimental_part21.mp4,1900-01-02 03:54:48.800,690
362890,350,72,1.5,148.0,174.0,228.0,D:\AprPanama2025_fixed\041125_experimental\041125PA_experimental_part21.mp4,1900-01-02 03:54:49.000,690
362892,251,127,3.5,115.0,163.0,235.0,D:\AprPanama2025_fixed\041125_experimental\041125PA_experimental_part21.mp4,1900-01-02 03:54:49.200,591
362886,352,73,4.0,116.0,184.0,228.44444444444443,D:\AprPanama2025_fixed\041125_experimental\041125PA_experimental_part21.mp4,1900-01-02 03:54:48.600,692
362885,352,73,4.0,116.0,184.0,228.44444444444443,D:\AprPanama2025_fixed\041125_experimental\041125PA_experimental_part21.mp4,1900-01-02 03:54:48.500,692
362897,347,71,2.0,113.0,140.0,129.83333333333331,D:\AprPanama2025_fixed\041125_experimental\041125PA_experimental_part21.mp4,1900-01-02 03:54:49.700,687
362894,348,72,2.0,111.0,156.0,243.5,D:\AprPanama2025_fixed\041125_experimental\041125PA_experimental_part21.mp4,1900-01-02 03:54:49.400,688
362894,251,127,2.5,111.0,164.0,154.7142857142857,D:\AprPanama2025_fixed\041125_experimental\041125PA_experimental_part21.mp4,1900-01-02 03:54:49.400,591
362898,347,71,3.0,121.0,153.0,152.42857142857142,D:\AprPanama2025_fixed\041125_experimental\041125PA_experimental_part21.mp4,1900-01-02 03:54:49.800,687
362893,348,72,2.0,111.0,156.0,243.5,D:\AprPanama2025_fixed\041125_experimental\041125PA_experimental_part21.mp4,1900-01-02 03:54:49.300,688
362893,251,127,2.5,111.0,154.0,183.7142857142857,D:\AprPanama2025_fixed\041125_experimental\041125PA_experimental_part21.mp4,1900-01-02 03:54:49.300,591
362896,251,128,4.5,118.0,166.0,139.77777777777777,D:\AprPanama2025_fixed\041125_experimental\041125PA_experimental_part21.mp4,1900-01-02 03:54:49.600,591
362895,252,128,3.5,119.0,159.0,151.0,D:\AprPanama2025_fixed\041125_experimental\041125PA_experimental_part21.mp4,1900-01-02 03:54:49.500,592
362905,344,70,2.0,131.0,175.0,223.0,D:\AprPanama2025_fixed\041125_experimental\041125PA_experimental_part21.mp4,1900-01-02 03:54:50.500,684
362914,341,69,1.5,120.0,153.0,94.4,D:\AprPanama2025_fixed\041125_experimental\041125PA_experimental_part21.mp4,1900-01-02 03:54:51.400,681
362913,341,69,1.5,120.0,153.0,94.4,D:\AprPanama2025_fixed\041125_experimental\041125PA_experimental_part21.mp4,1900-01-02 03:54:51.300,681
363875,285,59,2.0,114.0,153.0,137.0,D:\AprPanama2025_fixed\041125_experimental\041125PA_experimental_part21.mp4,1900-01-02 03:56:27.500,625
363875,110,75,5.5,128.0,178.0,227.8181818181818,D:\AprPanama2025_fixed\041125_experimental\041125PA_experimental_part21.mp4,1900-01-02 03:56:27.500,450
363873,110,75,3.5,132.0,179.0,245.875,D:\AprPanama2025_fixed\041125_experimental\041125PA_experimental_part21.mp4,1900-01-02 03:56:27.300,450
363876,111,75,6.0,138.0,178.0,206.0833333333333,D:\AprPanama2025_fixed\041125_experimental\041125PA_experimental_part21.mp4,1900-01-02 03:56:27.600,451
363874,110,75,3.5,132.0,179.0,245.875,D:\AprPanama2025_fixed\041125_experimental\041125PA_experimental_part21.mp4,1900-01-02 03:56:27.400,450
363880,112,75,3.5,116.0,171.0,222.25,D:\AprPanama2025_fixed\041125_experimental\041125PA_experimental_part21.mp4,1900-01-02 03:56:28.000,452
363882,286,59,2.5,113.0,148.0,139.5,D:\AprPanama2025_fixed\041125_experimental\041125PA_experimental_part21.mp4,1900-01-02 03:56:28.200,626
363882,112,74,3.0,134.0,175.0,250.0,D:\AprPanama2025_fixed\041125_experimental\041125PA_experimental_part21.mp4,1900-01-02 03:56:28.200,452
363881,286,59,3.0,139.0,171.0,174.125,D:\AprPanama2025_fixed\041125_experimental\041125PA_experimental_part21.mp4,1900-01-02 03:56:28.100,626
363881,112,74,3.0,139.0,179.0,249.42857142857144,D:\AprPanama2025_fixed\041125_experimental\041125PA_experimental_part21.mp4,1900-01-02 03:56:28.100,452
363883,113,74,4.0,117.0,162.0,226.0,D:\AprPanama2025_fixed\041125_experimental\041125PA_experimental_part21.mp4,1900-01-02 03:56:28.300,453
363879,112,75,3.5,116.0,171.0,222.25,D:\AprPanama2025_fixed\041125_experimental\041125PA_experimental_part21.mp4,1900-01-02 03:56:27.900,452
363884,113,74,4.0,115.0,165.0,176.44444444444443,D:\AprPanama2025_fixed\041125_experimental\041125PA_experimental_part21.mp4,1900-01-02 03:56:28.400,453
363878,111,75,8.5,116.0,177.0,225.46666666666667,D:\AprPanama2025_fixed\041125_experimental\041125PA_experimental_part21.mp4,1900-01-02 03:56:27.800,451
363877,285,60,3.5,120.0,147.0,83.5,D:\AprPanama2025_fixed\041125_experimental\041125PA_experimental_part21.mp4,1900-01-02 03:56:27.700,625
363877,111,75,6.0,138.0,179.0,212.16666666666663,D:\AprPanama2025_fixed\041125_experimental\041125PA_experimental_part21.mp4,1900-01-02 03:56:27.700,451
363886,113,73,2.5,118.0,150.0,136.7142857142857,D:\AprPanama2025_fixed\041125_experimental\041125PA_experimental_part21.mp4,1900-01-02 03:56:28.600,453
363889,288,58,1.5,126.0,158.0,214.0,D:\AprPanama2025_fixed\041125_experimental\041125PA_experimental_part21.mp4,1900-01-02 03:56:28.900,628
363892,115,74,1.5,114.0,148.0,94.6,D:\AprPanama2025_fixed\041125_experimental\041125PA_experimental_part21.mp4,1900-01-02 03:56:29.200,455
363891,114,73,4.0,127.0,171.0,122.66666666666666,D:\AprPanama2025_fixed\041125_experimental\041125PA_experimental_part21.mp4,1900-01-02 03:56:29.100,454
363887,113,74,3.5,116.0,163.0,154.25,D:\AprPanama2025_fixed\041125_experimental\041125PA_experimental_part21.mp4,1900-01-02 03:56:28.700,453
363885,113,74,4.0,115.0,165.0,176.44444444444443,D:\AprPanama2025_fixed\041125_experimental\041125PA_experimental_part21.mp4,1900-01-02 03:56:28.500,453
363895,116,72,1.5,118.0,169.0,148.6,D:\AprPanama2025_fixed\041125_experimental\041125PA_experimental_part21.mp4,1900-01-02 03:56:29.500,456
363898,289,58,2.0,119.0,154.0,73.83333333333333,D:\AprPanama2025_fixed\041125_experimental\041125PA_experimental_part21.mp4,1900-01-02 03:56:29.800,629
363898,116,72,2.0,124.0,176.0,234.3333333333333,D:\AprPanama2025_fixed\041125_experimental\041125PA_experimental_part21.mp4,1900-01-02 03:56:29.800,456
363899,289,57,3.0,111.0,134.0,53.42857142857142,D:\AprPanama2025_fixed\041125_experimental\041125PA_experimental_part21.mp4,1900-01-02 03:56:29.900,629
363894,115,73,1.5,130.0,165.0,162.60000000000002,D:\AprPanama2025_fixed\041125_experimental\041125PA_experimental_part21.mp4,1900-01-02 03:56:29.400,455
363901,118,72,3.0,119.0,150.0,112.14285714285714,D:\AprPanama2025_fixed\041125_experimental\041125PA_experimental_part21.mp4,1900-01-02 03:56:30.100,458
364933,196,115,1.5,119.0,167.0,244.8,D:\AprPanama2025_fixed\041125_experimental\041125PA_experimental_part21.mp4,1900-01-02 03:58:13.300,536
364935,196,114,3.5,122.0,178.0,234.0,D:\AprPanama2025_fixed\041125_experimental\041125PA_experimental_part21.mp4,1900-01-02 03:58:13.500,536
364936,196,114,3.5,122.0,178.0,234.0,D:\AprPanama2025_fixed\041125_experimental\041125PA_experimental_part21.mp4,1900-01-02 03:58:13.600,536
364934,196,114,3.0,115.0,180.0,224.25,D:\AprPanama2025_fixed\041125_experimental\041125PA_experimental_part21.mp4,1900-01-02 03:58:13.400,536
364940,196,112,3.5,113.0,172.0,234.875,D:\AprPanama2025_fixed\041125_experimental\041125PA_experimental_part21.mp4,1900-01-02 03:58:14.000,536
364938,79,112,1.5,120.0,150.0,65.2,D:\AprPanama2025_fixed\041125_experimental\041125PA_experimental_part21.mp4,1900-01-02 03:58:13.800,419
364938,196,113,3.5,116.0,180.0,233.125,D:\AprPanama2025_fixed\041125_experimental\041125PA_experimental_part21.mp4,1900-01-02 03:58:13.800,536
364937,196,113,3.5,116.0,180.0,233.125,D:\AprPanama2025_fixed\041125_experimental\041125PA_experimental_part21.mp4,1900-01-02 03:58:13.700,536
364939,196,113,3.0,111.0,179.0,236.5,D:\AprPanama2025_fixed\041125_experimental\041125PA_experimental_part21.mp4,1900-01-02 03:58:13.900,536
364943,195,112,2.5,115.0,181.0,159.0,D:\AprPanama2025_fixed\041125_experimental\041125PA_experimental_part21.mp4,1900-01-02 03:58:14.300,535
364941,196,112,3.5,113.0,172.0,234.875,D:\AprPanama2025_fixed\041125_experimental\041125PA_experimental_part21.mp4,1900-01-02 03:58:14.100,536
364947,175,19,6.0,115.0,173.0,233.16666666666663,D:\AprPanama2025_fixed\041125_experimental\041125PA_experimental_part21.mp4,1900-01-02 03:58:14.700,515
364946,174,19,5.0,117.0,178.0,239.8181818181818,D:\AprPanama2025_fixed\041125_experimental\041125PA_experimental_part21.mp4,1900-01-02 03:58:14.600,514
364942,195,112,2.5,115.0,181.0,159.0,D:\AprPanama2025_fixed\041125_experimental\041125PA_experimental_part21.mp4,1900-01-02 03:58:14.200,535
364948,175,19,4.5,117.0,176.0,230.1,D:\AprPanama2025_fixed\041125_experimental\041125PA_experimental_part21.mp4,1900-01-02 03:58:14.800,515
364945,174,19,2.5,112.0,166.0,241.14285714285717,D:\AprPanama2025_fixed\041125_experimental\041125PA_experimental_part21.mp4,1900-01-02 03:58:14.500,514
364949,175,19,4.5,117.0,176.0,230.1,D:\AprPanama2025_fixed\041125_experimental\041125PA_experimental_part21.mp4,1900-01-02 03:58:14.900,515
364949,195,109,1.5,113.0,136.0,115.66666666666666,D:\AprPanama2025_fixed\041125_experimental\041125PA_experimental_part21.mp4,1900-01-02 03:58:14.900,535
364951,175,19,3.0,112.0,174.0,197.66666666666663,D:\AprPanama2025_fixed\041125_experimental\041125PA_experimental_part21.mp4,1900-01-02 03:58:15.100,515
364951,195,110,1.5,117.0,146.0,101.4,D:\AprPanama2025_fixed\041125_experimental\041125PA_experimental_part21.mp4,1900-01-02 03:58:15.100,535
364956,175,19,5.5,114.0,173.0,161.45454545454547,D:\AprPanama2025_fixed\041125_experimental\041125PA_experimental_part21.mp4,1900-01-02 03:58:15.600,515
364956,194,107,2.0,137.0,161.0,123.83333333333331,D:\AprPanama2025_fixed\041125_experimental\041125PA_experimental_part21.mp4,1900-01-02 03:58:15.600,534
364953,175,19,3.0,112.0,174.0,197.66666666666663,D:\AprPanama2025_fixed\041125_experimental\041125PA_experimental_part21.mp4,1900-01-02 03:58:15.300,515
364955,175,19,5.0,114.0,174.0,197.7,D:\AprPanama2025_fixed\041125_experimental\041125PA_experimental_part21.mp4,1900-01-02 03:58:15.500,515
364952,175,19,3.0,112.0,174.0,197.66666666666663,D:\AprPanama2025_fixed\041125_experimental\041125PA_experimental_part21.mp4,1900-01-02 03:58:15.200,515
364952,195,110,1.5,117.0,143.0,103.8,D:\AprPanama2025_fixed\041125_experimental\041125PA_experimental_part21.mp4,1900-01-02 03:58:15.200,535
364954,175,19,6.5,112.0,172.0,152.5,D:\AprPanama2025_fixed\041125_experimental\041125PA_experimental_part21.mp4,1900-01-02 03:58:15.400,515
364950,175,19,3.0,112.0,174.0,197.66666666666663,D:\AprPanama2025_fixed\041125_experimental\041125PA_experimental_part21.mp4,1900-01-02 03:58:15.000,515
364950,195,109,3.0,117.0,147.0,83.85714285714285,D:\AprPanama2025_fixed\041125_experimental\041125PA_experimental_part21.mp4,1900-01-02 03:58:15.000,535
364960,175,19,3.0,116.0,166.0,153.875,D:\AprPanama2025_fixed\041125_experimental\041125PA_experimental_part21.mp4,1900-01-02 03:58:16.000,515
364959,175,19,3.0,116.0,166.0,153.875,D:\AprPanama2025_fixed\041125_experimental\041125PA_experimental_part21.mp4,1900-01-02 03:58:15.900,515
364957,175,19,4.0,118.0,170.0,156.77777777777777,D:\AprPanama2025_fixed\041125_experimental\041125PA_experimental_part21.mp4,1900-01-02 03:58:15.700,515
364957,194,107,2.0,137.0,161.0,123.83333333333331,D:\AprPanama2025_fixed\041125_experimental\041125PA_experimental_part21.mp4,1900-01-02 03:58:15.700,534
364958,175,19,3.0,116.0,166.0,153.875,D:\AprPanama2025_fixed\041125_experimental\041125PA_experimental_part21.mp4,1900-01-02 03:58:15.800,515
364961,176,19,2.0,131.0,166.0,204.8333333333333,D:\AprPanama2025_fixed\041125_experimental\041125PA_experimental_part21.mp4,1900-01-02 03:58:16.100,516
364961,194,106,1.5,112.0,167.0,232.5,D:\AprPanama2025_fixed\041125_experimental\041125PA_experimental_part21.mp4,1900-01-02 03:58:16.100,534
364965,194,105,1.5,132.0,164.0,241.0,D:\AprPanama2025_fixed\041125_experimental\041125PA_experimental_part21.mp4,1900-01-02 03:58:16.500,534
364966,194,104,2.0,133.0,162.0,196.66666666666663,D:\AprPanama2025_fixed\041125_experimental\041125PA_experimental_part21.mp4,1900-01-02 03:58:16.600,534
364978,379,91,5.5,121.0,172.0,235.63636363636363,D:\AprPanama2025_fixed\041125_experimental\041125PA_experimental_part21.mp4,1900-01-02 03:58:17.800,719
364977,379,91,7.0,119.0,177.0,173.15384615384616,D:\AprPanama2025_fixed\041125_experimental\041125PA_experimental_part21.mp4,1900-01-02 03:58:17.700,719
364976,380,91,3.0,113.0,175.0,196.25,D:\AprPanama2025_fixed\041125_experimental\041125PA_experimental_part21.mp4,1900-01-02 03:58:17.600,720
364979,379,91,5.5,121.0,172.0,235.63636363636363,D:\AprPanama2025_fixed\041125_experimental\041125PA_experimental_part21.mp4,1900-01-02 03:58:17.900,719
364973,193,102,1.5,117.0,172.0,162.60000000000002,D:\AprPanama2025_fixed\041125_experimental\041125PA_experimental_part21.mp4,1900-01-02 03:58:17.300,533
364980,379,91,5.5,118.0,177.0,234.3636363636364,D:\AprPanama2025_fixed\041125_experimental\041125PA_experimental_part21.mp4,1900-01-02 03:58:18.000,719
364982,378,92,2.5,124.0,175.0,253.14285714285717,D:\AprPanama2025_fixed\041125_experimental\041125PA_experimental_part21.mp4,1900-01-02 03:58:18.200,718
364984,378,92,1.5,128.0,160.0,247.6,D:\AprPanama2025_fixed\041125_experimental\041125PA_experimental_part21.mp4,1900-01-02 03:58:18.400,718
364983,378,92,1.5,145.0,175.0,252.4,D:\AprPanama2025_fixed\041125_experimental\041125PA_experimental_part21.mp4,1900-01-02 03:58:18.300,718
364981,379,92,6.0,113.0,175.0,243.0909090909091,D:\AprPanama2025_fixed\041125_experimental\041125PA_experimental_part21.mp4,1900-01-02 03:58:18.100,719
364981,193,100,1.5,113.0,155.0,57.6,D:\AprPanama2025_fixed\041125_experimental\041125PA_experimental_part21.mp4,1900-01-02 03:58:18.100,533
364989,377,94,1.5,126.0,143.0,99.4,D:\AprPanama2025_fixed\041125_experimental\041125PA_experimental_part21.mp4,1900-01-02 03:58:18.900,717
365594,278,80,2.5,129.0,179.0,236.28571428571428,D:\AprPanama2025_fixed\041125_experimental\041125PA_experimental_part21.mp4,1900-01-02 03:59:19.400,618
365593,279,78,1.5,111.0,144.0,69.0,D:\AprPanama2025_fixed\041125_experimental\041125PA_experimental_part21.mp4,1900-01-02 03:59:19.300,619
365595,278,81,4.0,115.0,166.0,245.3333333333333,D:\AprPanama2025_fixed\041125_experimental\041125PA_experimental_part21.mp4,1900-01-02 03:59:19.500,618
365596,279,81,4.5,125.0,179.0,228.8,D:\AprPanama2025_fixed\041125_experimental\041125PA_experimental_part21.mp4,1900-01-02 03:59:19.600,619
365599,280,81,5.0,128.0,178.0,247.8,D:\AprPanama2025_fixed\041125_experimental\041125PA_experimental_part21.mp4,1900-01-02 03:59:19.900,620
365604,281,82,5.5,117.0,176.0,245.72727272727275,D:\AprPanama2025_fixed\041125_experimental\041125PA_experimental_part21.mp4,1900-01-02 03:59:20.400,621
365597,279,81,6.5,137.0,176.0,225.8333333333333,D:\AprPanama2025_fixed\041125_experimental\041125PA_experimental_part21.mp4,1900-01-02 03:59:19.700,619
365601,280,82,3.0,111.0,176.0,255.0,D:\AprPanama2025_fixed\041125_experimental\041125PA_experimental_part21.mp4,1900-01-02 03:59:20.100,620
365603,281,81,8.5,116.0,179.0,238.8,D:\AprPanama2025_fixed\041125_experimental\041125PA_experimental_part21.mp4,1900-01-02 03:59:20.300,621
365598,279,81,7.0,146.0,179.0,244.15384615384616,D:\AprPanama2025_fixed\041125_experimental\041125PA_experimental_part21.mp4,1900-01-02 03:59:19.800,619
365600,280,82,6.5,112.0,178.0,238.0769230769231,D:\AprPanama2025_fixed\041125_experimental\041125PA_experimental_part21.mp4,1900-01-02 03:59:20.000,620
365602,281,82,8.0,121.0,179.0,235.64285714285717,D:\AprPanama2025_fixed\041125_experimental\041125PA_experimental_part21.mp4,1900-01-02 03:59:20.200,621
365609,283,82,6.0,114.0,170.0,197.91666666666663,D:\AprPanama2025_fixed\041125_experimental\041125PA_experimental_part21.mp4,1900-01-02 03:59:20.900,623
365608,283,82,6.5,121.0,177.0,223.8333333333333,D:\AprPanama2025_fixed\041125_experimental\041125PA_experimental_part21.mp4,1900-01-02 03:59:20.800,623
365610,284,83,2.5,122.0,176.0,231.75,D:\AprPanama2025_fixed\041125_experimental\041125PA_experimental_part21.mp4,1900-01-02 03:59:21.000,624
365607,283,82,5.0,121.0,177.0,226.4,D:\AprPanama2025_fixed\041125_experimental\041125PA_experimental_part21.mp4,1900-01-02 03:59:20.700,623
365606,282,82,5.0,113.0,174.0,242.0,D:\AprPanama2025_fixed\041125_experimental\041125PA_experimental_part21.mp4,1900-01-02 03:59:20.600,622
365612,284,82,4.0,118.0,177.0,209.0,D:\AprPanama2025_fixed\041125_experimental\041125PA_experimental_part21.mp4,1900-01-02 03:59:21.200,624
365611,284,83,2.5,122.0,176.0,231.75,D:\AprPanama2025_fixed\041125_experimental\041125PA_experimental_part21.mp4,1900-01-02 03:59:21.100,624
365605,282,82,4.0,122.0,163.0,234.88888888888889,D:\AprPanama2025_fixed\041125_experimental\041125PA_experimental_part21.mp4,1900-01-02 03:59:20.500,622
365620,288,82,2.0,128.0,173.0,181.28571428571428,D:\AprPanama2025_fixed\041125_experimental\041125PA_experimental_part21.mp4,1900-01-02 03:59:22.000,628
365613,284,82,2.0,115.0,164.0,239.5,D:\AprPanama2025_fixed\041125_experimental\041125PA_experimental_part21.mp4,1900-01-02 03:59:21.300,624
365616,286,82,2.0,143.0,176.0,244.14285714285717,D:\AprPanama2025_fixed\041125_experimental\041125PA_experimental_part21.mp4,1900-01-02 03:59:21.600,626
365615,286,82,2.0,118.0,173.0,196.8333333333333,D:\AprPanama2025_fixed\041125_experimental\041125PA_experimental_part21.mp4,1900-01-02 03:59:21.500,626
365623,288,83,2.0,132.0,158.0,254.0,D:\AprPanama2025_fixed\041125_experimental\041125PA_experimental_part21.mp4,1900-01-02 03:59:22.300,628
365628,290,83,2.0,150.0,166.0,146.33333333333331,D:\AprPanama2025_fixed\041125_experimental\041125PA_experimental_part21.mp4,1900-01-02 03:59:22.800,630
365621,288,82,2.0,112.0,179.0,185.7142857142857,D:\AprPanama2025_fixed\041125_experimental\041125PA_experimental_part21.mp4,1900-01-02 03:59:22.100,628
365624,288,84,1.5,132.0,138.0,89.80000000000001,D:\AprPanama2025_fixed\041125_experimental\041125PA_experimental_part21.mp4,1900-01-02 03:59:22.400,628
365630,291,84,1.5,116.0,143.0,112.8,D:\AprPanama2025_fixed\041125_experimental\041125PA_experimental_part21.mp4,1900-01-02 03:59:23.000,631
365636,293,84,1.5,115.0,145.0,82.4,D:\AprPanama2025_fixed\041125_experimental\041125PA_experimental_part21.mp4,1900-01-02 03:59:23.600,633
365629,290,84,3.5,129.0,150.0,60.875,D:\AprPanama2025_fixed\041125_experimental\041125PA_experimental_part21.mp4,1900-01-02 03:59:22.900,630
365638,294,84,1.5,143.0,162.0,209.4,D:\AprPanama2025_fixed\041125_experimental\041125PA_experimental_part21.mp4,1900-01-02 03:59:23.800,634
366611,206,124,3.5,111.0,174.0,225.77777777777777,D:\AprPanama2025_fixed\041125_experimental\041125PA_experimental_part21.mp4,1900-01-02 04:01:01.100,546
366610,206,123,3.0,125.0,165.0,246.625,D:\AprPanama2025_fixed\041125_experimental\041125PA_experimental_part21.mp4,1900-01-02 04:01:01.000,546
366612,207,124,7.0,111.0,177.0,193.92307692307693,D:\AprPanama2025_fixed\041125_experimental\041125PA_experimental_part21.mp4,1900-01-02 04:01:01.200,547
366609,205,123,7.0,113.0,171.0,202.3846153846154,D:\AprPanama2025_fixed\041125_experimental\041125PA_experimental_part21.mp4,1900-01-02 04:01:00.900,545
366608,205,123,5.5,119.0,171.0,182.3636363636364,D:\AprPanama2025_fixed\041125_experimental\041125PA_experimental_part21.mp4,1900-01-02 04:01:00.800,545
366615,208,124,1.5,117.0,141.0,235.8,D:\AprPanama2025_fixed\041125_experimental\041125PA_experimental_part21.mp4,1900-01-02 04:01:01.500,548
366617,209,124,2.5,114.0,170.0,182.625,D:\AprPanama2025_fixed\041125_experimental\041125PA_experimental_part21.mp4,1900-01-02 04:01:01.700,549
366616,208,124,2.0,124.0,171.0,202.0,D:\AprPanama2025_fixed\041125_experimental\041125PA_experimental_part21.mp4,1900-01-02 04:01:01.600,548
366620,210,124,1.5,143.0,173.0,236.8,D:\AprPanama2025_fixed\041125_experimental\041125PA_experimental_part21.mp4,1900-01-02 04:01:02.000,550
366613,207,123,7.0,118.0,178.0,202.7692307692308,D:\AprPanama2025_fixed\041125_experimental\041125PA_experimental_part21.mp4,1900-01-02 04:01:01.300,547
366622,211,123,6.5,133.0,156.0,92.08333333333331,D:\AprPanama2025_fixed\041125_experimental\041125PA_experimental_part21.mp4,1900-01-02 04:01:02.200,551
366621,210,124,1.5,141.0,179.0,224.6,D:\AprPanama2025_fixed\041125_experimental\041125PA_experimental_part21.mp4,1900-01-02 04:01:02.100,550
366627,214,123,5.0,130.0,171.0,171.3,D:\AprPanama2025_fixed\041125_experimental\041125PA_experimental_part21.mp4,1900-01-02 04:01:02.700,554
366626,213,123,6.5,113.0,169.0,208.66666666666663,D:\AprPanama2025_fixed\041125_experimental\041125PA_experimental_part21.mp4,1900-01-02 04:01:02.600,553
366623,212,123,4.0,123.0,168.0,153.2222222222222,D:\AprPanama2025_fixed\041125_experimental\041125PA_experimental_part21.mp4,1900-01-02 04:01:02.300,552
366630,215,122,3.0,139.0,170.0,209.28571428571428,D:\AprPanama2025_fixed\041125_experimental\041125PA_experimental_part21.mp4,1900-01-02 04:01:03.000,555
366631,215,123,3.5,123.0,158.0,184.25,D:\AprPanama2025_fixed\041125_experimental\041125PA_experimental_part21.mp4,1900-01-02 04:01:03.100,555
366640,220,121,1.5,112.0,170.0,246.2,D:\AprPanama2025_fixed\041125_experimental\041125PA_experimental_part21.mp4,1900-01-02 04:01:04.000,560
366637,219,121,5.0,117.0,157.0,79.4,D:\AprPanama2025_fixed\041125_experimental\041125PA_experimental_part21.mp4,1900-01-02 04:01:03.700,559
366646,224,120,2.5,122.0,150.0,87.0,D:\AprPanama2025_fixed\041125_experimental\041125PA_experimental_part21.mp4,1900-01-02 04:01:04.600,564
370654,386,155,4.0,125.0,177.0,245.44444444444443,D:\AprPanama2025_fixed\041125_experimental\041125PA_experimental_part21.mp4,1900-01-02 04:07:45.400,726
370660,387,156,3.0,114.0,160.0,231.375,D:\AprPanama2025_fixed\041125_experimental\041125PA_experimental_part21.mp4,1900-01-02 04:07:46.000,727
370656,386,155,4.0,113.0,215.0,235.0,D:\AprPanama2025_fixed\041125_experimental\041125PA_experimental_part21.mp4,1900-01-02 04:07:45.600,726
370659,386,155,7.0,113.0,192.0,241.6923076923077,D:\AprPanama2025_fixed\041125_experimental\041125PA_experimental_part21.mp4,1900-01-02 04:07:45.900,726
370657,386,155,7.0,111.0,202.0,237.15384615384616,D:\AprPanama2025_fixed\041125_experimental\041125PA_experimental_part21.mp4,1900-01-02 04:07:45.700,726
370655,386,155,4.0,130.0,216.0,242.66666666666663,D:\AprPanama2025_fixed\041125_experimental\041125PA_experimental_part21.mp4,1900-01-02 04:07:45.500,726
370658,386,155,6.0,123.0,192.0,244.8333333333333,D:\AprPanama2025_fixed\041125_experimental\041125PA_experimental_part21.mp4,1900-01-02 04:07:45.800,726
370653,386,154,3.0,117.0,159.0,169.7142857142857,D:\AprPanama2025_fixed\041125_experimental\041125PA_experimental_part21.mp4,1900-01-02 04:07:45.300,726
370665,387,155,2.0,115.0,149.0,191.66666666666663,D:\AprPanama2025_fixed\041125_experimental\041125PA_experimental_part21.mp4,1900-01-02 04:07:46.500,727
370662,387,156,2.5,112.0,152.0,245.57142857142856,D:\AprPanama2025_fixed\041125_experimental\041125PA_experimental_part21.mp4,1900-01-02 04:07:46.200,727
370664,387,155,2.0,115.0,149.0,191.66666666666663,D:\AprPanama2025_fixed\041125_experimental\041125PA_experimental_part21.mp4,1900-01-02 04:07:46.400,727
370667,387,155,4.0,111.0,175.0,186.2222222222222,D:\AprPanama2025_fixed\041125_experimental\041125PA_experimental_part21.mp4,1900-01-02 04:07:46.700,727
370661,387,156,3.0,114.0,156.0,236.0,D:\AprPanama2025_fixed\041125_experimental\041125PA_experimental_part21.mp4,1900-01-02 04:07:46.100,727
370663,387,156,2.5,112.0,152.0,245.57142857142856,D:\AprPanama2025_fixed\041125_experimental\041125PA_experimental_part21.mp4,1900-01-02 04:07:46.300,727
370668,386,156,2.5,119.0,173.0,236.42857142857144,D:\AprPanama2025_fixed\041125_experimental\041125PA_experimental_part21.mp4,1900-01-02 04:07:46.800,726
370666,387,155,4.0,111.0,175.0,186.2222222222222,D:\AprPanama2025_fixed\041125_experimental\041125PA_experimental_part21.mp4,1900-01-02 04:07:46.600,727
370671,386,156,1.5,116.0,170.0,237.6,D:\AprPanama2025_fixed\041125_experimental\041125PA_experimental_part21.mp4,1900-01-02 04:07:47.100,726
370670,386,156,1.5,116.0,170.0,237.6,D:\AprPanama2025_fixed\041125_experimental\041125PA_experimental_part21.mp4,1900-01-02 04:07:47.000,726
370669,386,156,2.5,119.0,173.0,236.42857142857144,D:\AprPanama2025_fixed\041125_experimental\041125PA_experimental_part21.mp4,1900-01-02 04:07:46.900,726
370672,386,156,1.5,116.0,170.0,237.6,D:\AprPanama2025_fixed\041125_experimental\041125PA_experimental_part21.mp4,1900-01-02 04:07:47.200,726
373001,107,98,2.5,111.0,142.0,71.14285714285714,D:\AprPanama2025_fixed\041125_experimental\041125PA_experimental_part21.mp4,1900-01-02 04:11:40.100,447
373002,107,98,4.5,142.0,167.0,192.6,D:\AprPanama2025_fixed\041125_experimental\041125PA_experimental_part21.mp4,1900-01-02 04:11:40.200,447
373004,107,98,5.5,132.0,178.0,212.8333333333333,D:\AprPanama2025_fixed\041125_experimental\041125PA_experimental_part21.mp4,1900-01-02 04:11:40.400,447
373003,107,99,6.5,111.0,155.0,201.0,D:\AprPanama2025_fixed\041125_experimental\041125PA_experimental_part21.mp4,1900-01-02 04:11:40.300,447
373009,108,99,4.0,114.0,176.0,233.44444444444443,D:\AprPanama2025_fixed\041125_experimental\041125PA_experimental_part21.mp4,1900-01-02 04:11:40.900,448
373008,107,99,4.5,115.0,172.0,189.7,D:\AprPanama2025_fixed\041125_experimental\041125PA_experimental_part21.mp4,1900-01-02 04:11:40.800,447
373008,43,99,2.5,123.0,164.0,106.14285714285714,D:\AprPanama2025_fixed\041125_experimental\041125PA_experimental_part21.mp4,1900-01-02 04:11:40.800,383
373010,108,99,2.5,125.0,179.0,242.85714285714283,D:\AprPanama2025_fixed\041125_experimental\041125PA_experimental_part21.mp4,1900-01-02 04:11:41.000,448
373007,107,99,4.5,115.0,172.0,189.7,D:\AprPanama2025_fixed\041125_experimental\041125PA_experimental_part21.mp4,1900-01-02 04:11:40.700,447
373007,43,99,2.5,123.0,164.0,106.14285714285714,D:\AprPanama2025_fixed\041125_experimental\041125PA_experimental_part21.mp4,1900-01-02 04:11:40.700,383
373005,107,98,5.5,115.0,178.0,212.8333333333333,D:\AprPanama2025_fixed\041125_experimental\041125PA_experimental_part21.mp4,1900-01-02 04:11:40.500,447
373011,108,98,1.5,113.0,151.0,224.7142857142857,D:\AprPanama2025_fixed\041125_experimental\041125PA_experimental_part21.mp4,1900-01-02 04:11:41.100,448
373011,44,100,2.0,114.0,169.0,79.83333333333333,D:\AprPanama2025_fixed\041125_experimental\041125PA_experimental_part21.mp4,1900-01-02 04:11:41.100,384
373012,108,99,3.5,131.0,175.0,246.44444444444443,D:\AprPanama2025_fixed\041125_experimental\041125PA_experimental_part21.mp4,1900-01-02 04:11:41.200,448
373006,107,99,4.5,115.0,172.0,189.7,D:\AprPanama2025_fixed\041125_experimental\041125PA_experimental_part21.mp4,1900-01-02 04:11:40.600,447
373006,43,99,2.5,123.0,164.0,116.14285714285714,D:\AprPanama2025_fixed\041125_experimental\041125PA_experimental_part21.mp4,1900-01-02 04:11:40.600,383
373015,108,100,2.0,114.0,181.0,228.16666666666663,D:\AprPanama2025_fixed\041125_experimental\041125PA_experimental_part21.mp4,1900-01-02 04:11:41.500,448
373018,109,100,3.5,118.0,152.0,131.0,D:\AprPanama2025_fixed\041125_experimental\041125PA_experimental_part21.mp4,1900-01-02 04:11:41.800,449
373013,108,99,3.5,131.0,179.0,243.55555555555557,D:\AprPanama2025_fixed\041125_experimental\041125PA_experimental_part21.mp4,1900-01-02 04:11:41.300,448
373014,108,100,2.0,113.0,181.0,237.3333333333333,D:\AprPanama2025_fixed\041125_experimental\041125PA_experimental_part21.mp4,1900-01-02 04:11:41.400,448
373017,109,99,4.0,116.0,160.0,175.33333333333331,D:\AprPanama2025_fixed\041125_experimental\041125PA_experimental_part21.mp4,1900-01-02 04:11:41.700,449
373024,110,101,2.0,114.0,171.0,208.5,D:\AprPanama2025_fixed\041125_experimental\041125PA_experimental_part21.mp4,1900-01-02 04:11:42.400,450
373025,110,100,1.5,125.0,175.0,211.0,D:\AprPanama2025_fixed\041125_experimental\041125PA_experimental_part21.mp4,1900-01-02 04:11:42.500,450
373021,109,100,2.5,119.0,145.0,92.66666666666666,D:\AprPanama2025_fixed\041125_experimental\041125PA_experimental_part21.mp4,1900-01-02 04:11:42.100,449
373031,110,101,2.0,116.0,166.0,243.0,D:\AprPanama2025_fixed\041125_experimental\041125PA_experimental_part21.mp4,1900-01-02 04:11:43.100,450
373030,110,101,2.0,116.0,166.0,243.0,D:\AprPanama2025_fixed\041125_experimental\041125PA_experimental_part21.mp4,1900-01-02 04:11:43.000,450
373033,110,102,1.5,124.0,150.0,70.0,D:\AprPanama2025_fixed\041125_experimental\041125PA_experimental_part21.mp4,1900-01-02 04:11:43.300,450
373041,111,103,2.0,123.0,141.0,90.83333333333331,D:\AprPanama2025_fixed\041125_experimental\041125PA_experimental_part21.mp4,1900-01-02 04:11:44.100,451
373042,111,103,3.0,118.0,166.0,68.0,D:\AprPanama2025_fixed\041125_experimental\041125PA_experimental_part21.mp4,1900-01-02 04:11:44.200,451
373043,111,103,3.0,112.0,150.0,64.14285714285714,D:\AprPanama2025_fixed\041125_experimental\041125PA_experimental_part21.mp4,1900-01-02 04:11:44.300,451
373050,112,104,1.5,128.0,166.0,235.2,D:\AprPanama2025_fixed\041125_experimental\041125PA_experimental_part21.mp4,1900-01-02 04:11:45.000,452
373051,112,104,1.5,128.0,166.0,235.2,D:\AprPanama2025_fixed\041125_experimental\041125PA_experimental_part21.mp4,1900-01-02 04:11:45.100,452
376634,1118,68,40.0,121.0,179.0,244.73584905660377,D:\AprPanama2025_fixed\041125_experimental\041125PA_experimental_part21.mp4,1900-01-02 04:17:43.400,1458
376633,1118,68,41.0,111.0,179.0,243.57407407407405,D:\AprPanama2025_fixed\041125_experimental\041125PA_experimental_part21.mp4,1900-01-02 04:17:43.300,1458
376635,1118,68,41.0,117.0,179.0,246.38888888888889,D:\AprPanama2025_fixed\041125_experimental\041125PA_experimental_part21.mp4,1900-01-02 04:17:43.500,1458
376630,1117,65,17.5,113.0,179.0,247.3846153846154,D:\AprPanama2025_fixed\041125_experimental\041125PA_experimental_part21.mp4,1900-01-02 04:17:43.000,1457
376629,1117,64,6.0,116.0,177.0,193.23076923076923,D:\AprPanama2025_fixed\041125_experimental\041125PA_experimental_part21.mp4,1900-01-02 04:17:42.900,1457
376631,1117,67,32.5,114.0,179.0,242.97727272727275,D:\AprPanama2025_fixed\041125_experimental\041125PA_experimental_part21.mp4,1900-01-02 04:17:43.100,1457
376632,1118,67,36.0,114.0,179.0,238.5,D:\AprPanama2025_fixed\041125_experimental\041125PA_experimental_part21.mp4,1900-01-02 04:17:43.200,1458
376636,1118,68,41.0,112.0,179.0,244.75925925925924,D:\AprPanama2025_fixed\041125_experimental\041125PA_experimental_part21.mp4,1900-01-02 04:17:43.600,1458
376643,1117,67,35.0,118.0,179.0,250.3404255319149,D:\AprPanama2025_fixed\041125_experimental\041125PA_experimental_part21.mp4,1900-01-02 04:17:44.300,1457
376641,1117,67,35.0,112.0,184.0,250.02127659574467,D:\AprPanama2025_fixed\041125_experimental\041125PA_experimental_part21.mp4,1900-01-02 04:17:44.100,1457
376640,1117,67,38.0,118.0,179.0,246.88,D:\AprPanama2025_fixed\041125_experimental\041125PA_experimental_part21.mp4,1900-01-02 04:17:44.000,1457
376639,1117,67,38.0,113.0,179.0,244.92,D:\AprPanama2025_fixed\041125_experimental\041125PA_experimental_part21.mp4,1900-01-02 04:17:43.900,1457
376638,1117,68,41.5,113.0,180.0,244.46296296296296,D:\AprPanama2025_fixed\041125_experimental\041125PA_experimental_part21.mp4,1900-01-02 04:17:43.800,1457
376644,1116,67,31.0,113.0,179.0,249.09523809523807,D:\AprPanama2025_fixed\041125_experimental\041125PA_experimental_part21.mp4,1900-01-02 04:17:44.400,1456
376642,1117,67,35.0,118.0,179.0,250.4255319148936,D:\AprPanama2025_fixed\041125_experimental\041125PA_experimental_part21.mp4,1900-01-02 04:17:44.200,1457
376637,1118,68,41.5,115.0,222.0,243.09259259259255,D:\AprPanama2025_fixed\041125_experimental\041125PA_experimental_part21.mp4,1900-01-02 04:17:43.700,1458
376646,1116,66,27.5,124.0,179.0,240.0526315789473,D:\AprPanama2025_fixed\041125_experimental\041125PA_experimental_part21.mp4,1900-01-02 04:17:44.600,1456
376648,1116,66,26.0,112.0,179.0,243.16666666666663,D:\AprPanama2025_fixed\041125_experimental\041125PA_experimental_part21.mp4,1900-01-02 04:17:44.800,1456
376652,1116,66,22.0,112.0,179.0,240.71875,D:\AprPanama2025_fixed\041125_experimental\041125PA_experimental_part21.mp4,1900-01-02 04:17:45.200,1456
376645,1116,66,28.0,124.0,179.0,244.74358974358967,D:\AprPanama2025_fixed\041125_experimental\041125PA_experimental_part21.mp4,1900-01-02 04:17:44.500,1456
376647,1116,66,26.5,118.0,179.0,246.0540540540541,D:\AprPanama2025_fixed\041125_experimental\041125PA_experimental_part21.mp4,1900-01-02 04:17:44.700,1456
376649,1116,66,23.0,118.0,179.0,240.8181818181818,D:\AprPanama2025_fixed\041125_experimental\041125PA_experimental_part21.mp4,1900-01-02 04:17:44.900,1456
376650,1116,66,23.0,118.0,179.0,242.2121212121212,D:\AprPanama2025_fixed\041125_experimental\041125PA_experimental_part21.mp4,1900-01-02 04:17:45.000,1456
376651,1116,66,21.5,141.0,179.0,244.80645161290323,D:\AprPanama2025_fixed\041125_experimental\041125PA_experimental_part21.mp4,1900-01-02 04:17:45.100,1456
376654,1115,66,16.5,117.0,179.0,243.84,D:\AprPanama2025_fixed\041125_experimental\041125PA_experimental_part21.mp4,1900-01-02 04:17:45.400,1455
376657,1115,65,7.5,100.0,175.0,247.7333333333333,D:\AprPanama2025_fixed\041125_experimental\041125PA_experimental_part21.mp4,1900-01-02 04:17:45.700,1455
376657,1116,65,2.0,100.0,171.0,241.4,D:\AprPanama2025_fixed\041125_experimental\041125PA_experimental_part21.mp4,1900-01-02 04:17:45.700,1456
376655,1116,66,14.0,115.0,175.0,241.27272727272728,D:\AprPanama2025_fixed\041125_experimental\041125PA_experimental_part21.mp4,1900-01-02 04:17:45.500,1456
376656,1115,66,16.0,115.0,178.0,239.5833333333333,D:\AprPanama2025_fixed\041125_experimental\041125PA_experimental_part21.mp4,1900-01-02 04:17:45.600,1455
376658,1115,65,6.5,112.0,163.0,250.35714285714283,D:\AprPanama2025_fixed\041125_experimental\041125PA_experimental_part21.mp4,1900-01-02 04:17:45.800,1455
376659,1115,66,3.0,119.0,149.0,230.77777777777777,D:\AprPanama2025_fixed\041125_experimental\041125PA_experimental_part21.mp4,1900-01-02 04:17:45.900,1455
376653,1116,66,19.0,115.0,179.0,242.75,D:\AprPanama2025_fixed\041125_experimental\041125PA_experimental_part21.mp4,1900-01-02 04:17:45.300,1456
376661,1126,14,1.5,119.0,164.0,241.2,D:\AprPanama2025_fixed\041125_experimental\041125PA_experimental_part21.mp4,1900-01-02 04:17:46.100,1466
376663,1127,14,6.0,112.0,179.0,237.23076923076923,D:\AprPanama2025_fixed\041125_experimental\041125PA_experimental_part21.mp4,1900-01-02 04:17:46.300,1467
376665,1128,15,4.5,122.0,177.0,241.55555555555557,D:\AprPanama2025_fixed\041125_experimental\041125PA_experimental_part21.mp4,1900-01-02 04:17:46.500,1468
376664,1128,14,5.0,113.0,179.0,248.8181818181818,D:\AprPanama2025_fixed\041125_experimental\041125PA_experimental_part21.mp4,1900-01-02 04:17:46.400,1468
376666,1129,15,4.5,112.0,169.0,251.5,D:\AprPanama2025_fixed\041125_experimental\041125PA_experimental_part21.mp4,1900-01-02 04:17:46.600,1469
376662,1126,14,4.0,120.0,177.0,233.77777777777777,D:\AprPanama2025_fixed\041125_experimental\041125PA_experimental_part21.mp4,1900-01-02 04:17:46.200,1466
377648,1209,65,17.0,117.0,178.0,243.84,D:\AprPanama2025_fixed\041125_experimental\041125PA_experimental_part21.mp4,1900-01-02 04:19:24.800,1549
377647,1210,65,14.0,111.0,179.0,239.04545454545456,D:\AprPanama2025_fixed\041125_experimental\041125PA_experimental_part21.mp4,1900-01-02 04:19:24.700,1550
377651,1209,65,10.0,121.0,179.0,248.64705882352945,D:\AprPanama2025_fixed\041125_experimental\041125PA_experimental_part21.mp4,1900-01-02 04:19:25.100,1549
377646,1210,65,13.0,111.0,178.0,248.6,D:\AprPanama2025_fixed\041125_experimental\041125PA_experimental_part21.mp4,1900-01-02 04:19:24.600,1550
377649,1209,66,15.5,114.0,179.0,247.4583333333333,D:\AprPanama2025_fixed\041125_experimental\041125PA_experimental_part21.mp4,1900-01-02 04:19:24.900,1549
377652,1210,65,13.5,112.0,179.0,247.47619047619045,D:\AprPanama2025_fixed\041125_experimental\041125PA_experimental_part21.mp4,1900-01-02 04:19:25.200,1550
377650,1209,65,13.5,114.0,179.0,247.57142857142856,D:\AprPanama2025_fixed\041125_experimental\041125PA_experimental_part21.mp4,1900-01-02 04:19:25.000,1549
377645,1210,65,5.5,112.0,166.0,253.5833333333333,D:\AprPanama2025_fixed\041125_experimental\041125PA_experimental_part21.mp4,1900-01-02 04:19:24.500,1550
377659,992,32,14.5,111.0,179.0,250.5217391304348,D:\AprPanama2025_fixed\041125_experimental\041125PA_experimental_part21.mp4,1900-01-02 04:19:25.900,1332
377659,1209,65,5.0,113.0,154.0,252.0,D:\AprPanama2025_fixed\041125_experimental\041125PA_experimental_part21.mp4,1900-01-02 04:19:25.900,1549
377656,1209,65,7.0,114.0,179.0,241.3846153846154,D:\AprPanama2025_fixed\041125_experimental\041125PA_experimental_part21.mp4,1900-01-02 04:19:25.600,1549
377658,992,32,1.5,116.0,148.0,252.4,D:\AprPanama2025_fixed\041125_experimental\041125PA_experimental_part21.mp4,1900-01-02 04:19:25.800,1332
377654,1209,65,8.5,127.0,179.0,242.9333333333333,D:\AprPanama2025_fixed\041125_experimental\041125PA_experimental_part21.mp4,1900-01-02 04:19:25.400,1549
377657,1210,65,1.5,136.0,152.0,255.0,D:\AprPanama2025_fixed\041125_experimental\041125PA_experimental_part21.mp4,1900-01-02 04:19:25.700,1550
377655,1209,65,7.0,114.0,179.0,241.3846153846154,D:\AprPanama2025_fixed\041125_experimental\041125PA_experimental_part21.mp4,1900-01-02 04:19:25.500,1549
377660,993,32,15.5,113.0,179.0,251.12,D:\AprPanama2025_fixed\041125_experimental\041125PA_experimental_part21.mp4,1900-01-02 04:19:26.000,1333
377660,1209,65,2.0,111.0,157.0,252.16666666666663,D:\AprPanama2025_fixed\041125_experimental\041125PA_experimental_part21.mp4,1900-01-02 04:19:26.000,1549
377653,1210,65,10.0,112.0,179.0,247.64705882352945,D:\AprPanama2025_fixed\041125_experimental\041125PA_experimental_part21.mp4,1900-01-02 04:19:25.300,1550
377662,993,32,14.5,120.0,179.0,247.375,D:\AprPanama2025_fixed\041125_experimental\041125PA_experimental_part21.mp4,1900-01-02 04:19:26.200,1333
377664,994,32,10.5,122.0,179.0,244.5,D:\AprPanama2025_fixed\041125_experimental\041125PA_experimental_part21.mp4,1900-01-02 04:19:26.400,1334
377666,994,31,2.0,115.0,155.0,251.16666666666663,D:\AprPanama2025_fixed\041125_experimental\041125PA_experimental_part21.mp4,1900-01-02 04:19:26.600,1334
377665,993,32,5.5,111.0,159.0,248.72727272727275,D:\AprPanama2025_fixed\041125_experimental\041125PA_experimental_part21.mp4,1900-01-02 04:19:26.500,1333
377661,993,32,16.0,125.0,179.0,244.32,D:\AprPanama2025_fixed\041125_experimental\041125PA_experimental_part21.mp4,1900-01-02 04:19:26.100,1333
377663,993,32,12.0,123.0,179.0,246.8,D:\AprPanama2025_fixed\041125_experimental\041125PA_experimental_part21.mp4,1900-01-02 04:19:26.300,1333
377671,472,175,7.0,136.0,248.0,233.30769230769232,D:\AprPanama2025_fixed\041125_experimental\041125PA_experimental_part21.mp4,1900-01-02 04:19:27.100,812
377670,472,175,3.5,119.0,178.0,245.75,D:\AprPanama2025_fixed\041125_experimental\041125PA_experimental_part21.mp4,1900-01-02 04:19:27.000,812
377672,472,175,7.5,113.0,217.0,240.28571428571428,D:\AprPanama2025_fixed\041125_experimental\041125PA_experimental_part21.mp4,1900-01-02 04:19:27.200,812
377673,472,175,7.0,131.0,225.0,242.61538461538464,D:\AprPanama2025_fixed\041125_experimental\041125PA_experimental_part21.mp4,1900-01-02 04:19:27.300,812
377676,472,175,7.0,115.0,224.0,237.0769230769231,D:\AprPanama2025_fixed\041125_experimental\041125PA_experimental_part21.mp4,1900-01-02 04:19:27.600,812
377675,472,175,7.0,122.0,225.0,240.46153846153848,D:\AprPanama2025_fixed\041125_experimental\041125PA_experimental_part21.mp4,1900-01-02 04:19:27.500,812
377674,472,175,7.0,131.0,225.0,242.61538461538464,D:\AprPanama2025_fixed\041125_experimental\041125PA_experimental_part21.mp4,1900-01-02 04:19:27.400,812
377682,472,174,8.5,111.0,178.0,248.46666666666667,D:\AprPanama2025_fixed\041125_experimental\041125PA_experimental_part21.mp4,1900-01-02 04:19:28.200,812
377683,472,174,5.5,113.0,179.0,246.9090909090909,D:\AprPanama2025_fixed\041125_experimental\041125PA_experimental_part21.mp4,1900-01-02 04:19:28.300,812
377684,472,174,5.5,121.0,181.0,252.8181818181818,D:\AprPanama2025_fixed\041125_experimental\041125PA_experimental_part21.mp4,1900-01-02 04:19:28.400,812
377678,472,174,8.0,120.0,179.0,240.2142857142857,D:\AprPanama2025_fixed\041125_experimental\041125PA_experimental_part21.mp4,1900-01-02 04:19:27.800,812
377681,472,174,6.5,118.0,179.0,251.30769230769232,D:\AprPanama2025_fixed\041125_experimental\041125PA_experimental_part21.mp4,1900-01-02 04:19:28.100,812
377679,472,174,9.0,113.0,177.0,239.86666666666667,D:\AprPanama2025_fixed\041125_experimental\041125PA_experimental_part21.mp4,1900-01-02 04:19:27.900,812
377680,472,174,7.5,118.0,177.0,239.3846153846154,D:\AprPanama2025_fixed\041125_experimental\041125PA_experimental_part21.mp4,1900-01-02 04:19:28.000,812
377677,472,175,8.5,111.0,177.0,239.06666666666663,D:\AprPanama2025_fixed\041125_experimental\041125PA_experimental_part21.mp4,1900-01-02 04:19:27.700,812
377687,472,174,4.5,114.0,172.0,229.8,D:\AprPanama2025_fixed\041125_experimental\041125PA_experimental_part21.mp4,1900-01-02 04:19:28.700,812
377688,472,174,4.5,139.0,171.0,232.0,D:\AprPanama2025_fixed\041125_experimental\041125PA_experimental_part21.mp4,1900-01-02 04:19:28.800,812
377686,472,174,4.5,142.0,176.0,244.8,D:\AprPanama2025_fixed\041125_experimental\041125PA_experimental_part21.mp4,1900-01-02 04:19:28.600,812
377685,472,174,4.5,136.0,176.0,245.0,D:\AprPanama2025_fixed\041125_experimental\041125PA_experimental_part21.mp4,1900-01-02 04:19:28.500,812
377694,474,140,1.5,154.0,170.0,253.8,D:\AprPanama2025_fixed\041125_experimental\041125PA_experimental_part21.mp4,1900-01-02 04:19:29.400,814
377697,472,173,2.5,117.0,171.0,195.0,D:\AprPanama2025_fixed\041125_experimental\041125PA_experimental_part21.mp4,1900-01-02 04:19:29.700,812
377707,472,172,2.0,112.0,167.0,194.5,D:\AprPanama2025_fixed\041125_experimental\041125PA_experimental_part21.mp4,1900-01-02 04:19:30.700,812
377704,472,172,1.5,134.0,167.0,160.60000000000002,D:\AprPanama2025_fixed\041125_experimental\041125PA_experimental_part21.mp4,1900-01-02 04:19:30.400,812
377705,472,172,1.5,134.0,167.0,160.60000000000002,D:\AprPanama2025_fixed\041125_experimental\041125PA_experimental_part21.mp4,1900-01-02 04:19:30.500,812
377703,472,172,1.5,134.0,167.0,160.60000000000002,D:\AprPanama2025_fixed\041125_experimental\041125PA_experimental_part21.mp4,1900-01-02 04:19:30.300,812
377702,472,172,1.5,134.0,167.0,160.60000000000002,D:\AprPanama2025_fixed\041125_experimental\041125PA_experimental_part21.mp4,1900-01-02 04:19:30.200,812
377708,472,172,2.0,112.0,166.0,177.83333333333331,D:\AprPanama2025_fixed\041125_experimental\041125PA_experimental_part21.mp4,1900-01-02 04:19:30.800,812
377709,472,172,2.0,112.0,166.0,177.83333333333331,D:\AprPanama2025_fixed\041125_experimental\041125PA_experimental_part21.mp4,1900-01-02 04:19:30.900,812
378418,1050,58,23.0,125.0,179.0,250.7878787878788,D:\AprPanama2025_fixed\041125_experimental\041125PA_experimental_part22.mp4,1900-01-02 04:20:41.800,1390
378419,1050,58,22.5,119.0,179.0,249.15625,D:\AprPanama2025_fixed\041125_experimental\041125PA_experimental_part22.mp4,1900-01-02 04:20:41.900,1390
378415,1050,57,6.5,115.0,175.0,209.3333333333333,D:\AprPanama2025_fixed\041125_experimental\041125PA_experimental_part22.mp4,1900-01-02 04:20:41.500,1390
378416,1050,57,14.5,118.0,179.0,248.4090909090909,D:\AprPanama2025_fixed\041125_experimental\041125PA_experimental_part22.mp4,1900-01-02 04:20:41.600,1390
378417,1050,58,22.5,114.0,179.0,248.90625,D:\AprPanama2025_fixed\041125_experimental\041125PA_experimental_part22.mp4,1900-01-02 04:20:41.700,1390
378424,1050,57,13.5,118.0,179.0,239.9090909090909,D:\AprPanama2025_fixed\041125_experimental\041125PA_experimental_part22.mp4,1900-01-02 04:20:42.400,1390
378422,1050,58,18.0,115.0,179.0,243.7037037037037,D:\AprPanama2025_fixed\041125_experimental\041125PA_experimental_part22.mp4,1900-01-02 04:20:42.200,1390
378425,1050,57,14.5,114.0,178.0,239.78260869565216,D:\AprPanama2025_fixed\041125_experimental\041125PA_experimental_part22.mp4,1900-01-02 04:20:42.500,1390
378420,1050,58,22.5,115.0,179.0,247.8125,D:\AprPanama2025_fixed\041125_experimental\041125PA_experimental_part22.mp4,1900-01-02 04:20:42.000,1390
378421,1050,58,21.0,115.0,179.0,245.13333333333333,D:\AprPanama2025_fixed\041125_experimental\041125PA_experimental_part22.mp4,1900-01-02 04:20:42.100,1390
378423,1050,57,13.5,140.0,178.0,243.5,D:\AprPanama2025_fixed\041125_experimental\041125PA_experimental_part22.mp4,1900-01-02 04:20:42.300,1390
378426,1049,57,11.0,128.0,179.0,221.16666666666663,D:\AprPanama2025_fixed\041125_experimental\041125PA_experimental_part22.mp4,1900-01-02 04:20:42.600,1389
378427,1049,57,9.5,114.0,168.0,252.5,D:\AprPanama2025_fixed\041125_experimental\041125PA_experimental_part22.mp4,1900-01-02 04:20:42.700,1389
378429,1049,56,1.5,113.0,152.0,250.375,D:\AprPanama2025_fixed\041125_experimental\041125PA_experimental_part22.mp4,1900-01-02 04:20:42.900,1389
378428,1049,56,5.0,113.0,179.0,231.1818181818182,D:\AprPanama2025_fixed\041125_experimental\041125PA_experimental_part22.mp4,1900-01-02 04:20:42.800,1389
378441,1081,45,5.0,118.0,168.0,224.0909090909091,D:\AprPanama2025_fixed\041125_experimental\041125PA_experimental_part22.mp4,1900-01-02 04:20:44.100,1421
378442,1081,46,7.0,137.0,171.0,233.53846153846155,D:\AprPanama2025_fixed\041125_experimental\041125PA_experimental_part22.mp4,1900-01-02 04:20:44.200,1421
378438,1081,45,10.0,131.0,179.0,245.52941176470588,D:\AprPanama2025_fixed\041125_experimental\041125PA_experimental_part22.mp4,1900-01-02 04:20:43.800,1421
378439,1081,45,9.0,118.0,178.0,225.0,D:\AprPanama2025_fixed\041125_experimental\041125PA_experimental_part22.mp4,1900-01-02 04:20:43.900,1421
378437,1081,44,4.5,121.0,174.0,217.45454545454547,D:\AprPanama2025_fixed\041125_experimental\041125PA_experimental_part22.mp4,1900-01-02 04:20:43.700,1421
378443,1081,45,4.0,121.0,166.0,253.3333333333333,D:\AprPanama2025_fixed\041125_experimental\041125PA_experimental_part22.mp4,1900-01-02 04:20:44.300,1421
378440,1081,46,10.0,118.0,179.0,232.4705882352941,D:\AprPanama2025_fixed\041125_experimental\041125PA_experimental_part22.mp4,1900-01-02 04:20:44.000,1421
378444,1080,45,6.5,115.0,165.0,247.0,D:\AprPanama2025_fixed\041125_experimental\041125PA_experimental_part22.mp4,1900-01-02 04:20:44.400,1420
379274,1169,53,11.0,119.0,179.0,253.0,D:\AprPanama2025_fixed\041125_experimental\041125PA_experimental_part22.mp4,1900-01-02 04:22:07.400,1509
379270,1169,53,9.5,122.0,179.0,245.3125,D:\AprPanama2025_fixed\041125_experimental\041125PA_experimental_part22.mp4,1900-01-02 04:22:07.000,1509
379275,1169,53,10.5,114.0,179.0,251.2222222222222,D:\AprPanama2025_fixed\041125_experimental\041125PA_experimental_part22.mp4,1900-01-02 04:22:07.500,1509
379273,1169,53,11.5,120.0,179.0,249.3684210526316,D:\AprPanama2025_fixed\041125_experimental\041125PA_experimental_part22.mp4,1900-01-02 04:22:07.300,1509
379271,1169,53,10.5,113.0,178.0,247.66666666666663,D:\AprPanama2025_fixed\041125_experimental\041125PA_experimental_part22.mp4,1900-01-02 04:22:07.100,1509
379272,1168,53,12.5,111.0,178.0,252.4,D:\AprPanama2025_fixed\041125_experimental\041125PA_experimental_part22.mp4,1900-01-02 04:22:07.200,1508
379278,1168,52,4.5,115.0,154.0,248.44444444444443,D:\AprPanama2025_fixed\041125_experimental\041125PA_experimental_part22.mp4,1900-01-02 04:22:07.800,1508
379279,1169,52,1.5,112.0,154.0,243.28571428571428,D:\AprPanama2025_fixed\041125_experimental\041125PA_experimental_part22.mp4,1900-01-02 04:22:07.900,1509
379277,1169,52,6.5,118.0,179.0,244.5833333333333,D:\AprPanama2025_fixed\041125_experimental\041125PA_experimental_part22.mp4,1900-01-02 04:22:07.700,1509
379276,1169,52,6.5,118.0,179.0,244.5833333333333,D:\AprPanama2025_fixed\041125_experimental\041125PA_experimental_part22.mp4,1900-01-02 04:22:07.600,1509
380634,1117,57,9.0,114.0,179.0,249.0625,D:\AprPanama2025_fixed\041125_experimental\041125PA_experimental_part22.mp4,1900-01-02 04:24:23.400,1457
380633,1117,57,13.0,119.0,178.0,247.0,D:\AprPanama2025_fixed\041125_experimental\041125PA_experimental_part22.mp4,1900-01-02 04:24:23.300,1457
380635,1117,57,9.0,114.0,179.0,249.0625,D:\AprPanama2025_fixed\041125_experimental\041125PA_experimental_part22.mp4,1900-01-02 04:24:23.500,1457
380630,1118,57,1.5,115.0,137.0,252.2,D:\AprPanama2025_fixed\041125_experimental\041125PA_experimental_part22.mp4,1900-01-02 04:24:23.000,1458
380632,1117,57,13.0,119.0,178.0,247.0,D:\AprPanama2025_fixed\041125_experimental\041125PA_experimental_part22.mp4,1900-01-02 04:24:23.200,1457
380631,1117,57,8.0,115.0,179.0,249.14285714285717,D:\AprPanama2025_fixed\041125_experimental\041125PA_experimental_part22.mp4,1900-01-02 04:24:23.100,1457
380639,1117,56,3.0,111.0,164.0,249.85714285714283,D:\AprPanama2025_fixed\041125_experimental\041125PA_experimental_part22.mp4,1900-01-02 04:24:23.900,1457
380637,1117,57,8.0,118.0,177.0,238.125,D:\AprPanama2025_fixed\041125_experimental\041125PA_experimental_part22.mp4,1900-01-02 04:24:23.700,1457
380640,1117,56,3.5,114.0,158.0,248.0,D:\AprPanama2025_fixed\041125_experimental\041125PA_experimental_part22.mp4,1900-01-02 04:24:24.000,1457
380638,1117,56,4.0,121.0,165.0,249.44444444444443,D:\AprPanama2025_fixed\041125_experimental\041125PA_experimental_part22.mp4,1900-01-02 04:24:23.800,1457
380636,1117,57,7.5,119.0,179.0,249.35714285714283,D:\AprPanama2025_fixed\041125_experimental\041125PA_experimental_part22.mp4,1900-01-02 04:24:23.600,1457
380651,991,60,6.5,121.0,178.0,236.35714285714283,D:\AprPanama2025_fixed\041125_experimental\041125PA_experimental_part22.mp4,1900-01-02 04:24:25.100,1331
380647,991,60,4.5,140.0,179.0,223.0,D:\AprPanama2025_fixed\041125_experimental\041125PA_experimental_part22.mp4,1900-01-02 04:24:24.700,1331
380649,991,61,9.0,94.0,179.0,245.25,D:\AprPanama2025_fixed\041125_experimental\041125PA_experimental_part22.mp4,1900-01-02 04:24:24.900,1331
380649,992,61,2.0,94.0,178.0,238.4,D:\AprPanama2025_fixed\041125_experimental\041125PA_experimental_part22.mp4,1900-01-02 04:24:24.900,1332
380648,991,60,6.5,128.0,179.0,250.5,D:\AprPanama2025_fixed\041125_experimental\041125PA_experimental_part22.mp4,1900-01-02 04:24:24.800,1331
380650,991,61,10.0,103.0,179.0,243.41176470588235,D:\AprPanama2025_fixed\041125_experimental\041125PA_experimental_part22.mp4,1900-01-02 04:24:25.000,1331
380650,992,61,2.0,103.0,177.0,247.6,D:\AprPanama2025_fixed\041125_experimental\041125PA_experimental_part22.mp4,1900-01-02 04:24:25.000,1332
380646,991,60,2.0,122.0,168.0,248.16666666666663,D:\AprPanama2025_fixed\041125_experimental\041125PA_experimental_part22.mp4,1900-01-02 04:24:24.600,1331
380653,990,61,2.0,111.0,167.0,155.16666666666666,D:\AprPanama2025_fixed\041125_experimental\041125PA_experimental_part22.mp4,1900-01-02 04:24:25.300,1330
380652,993,61,1.5,115.0,162.0,250.0,D:\AprPanama2025_fixed\041125_experimental\041125PA_experimental_part22.mp4,1900-01-02 04:24:25.200,1333
382555,1133,106,2.0,111.0,170.0,226.14285714285717,D:\AprPanama2025_fixed\041125_experimental\041125PA_experimental_part22.mp4,1900-01-02 04:27:35.500,1473
382560,1134,105,5.0,111.0,170.0,210.0,D:\AprPanama2025_fixed\041125_experimental\041125PA_experimental_part22.mp4,1900-01-02 04:27:36.000,1474
382557,1134,105,7.0,114.0,181.0,223.75,D:\AprPanama2025_fixed\041125_experimental\041125PA_experimental_part22.mp4,1900-01-02 04:27:35.700,1474
382558,1134,105,6.0,118.0,185.0,242.63636363636363,D:\AprPanama2025_fixed\041125_experimental\041125PA_experimental_part22.mp4,1900-01-02 04:27:35.800,1474
382561,1134,105,4.5,116.0,167.0,180.0,D:\AprPanama2025_fixed\041125_experimental\041125PA_experimental_part22.mp4,1900-01-02 04:27:36.100,1474
382559,1134,106,6.0,128.0,184.0,213.25,D:\AprPanama2025_fixed\041125_experimental\041125PA_experimental_part22.mp4,1900-01-02 04:27:35.900,1474
382556,1134,105,7.0,114.0,181.0,223.75,D:\AprPanama2025_fixed\041125_experimental\041125PA_experimental_part22.mp4,1900-01-02 04:27:35.600,1474
382965,1135,115,2.0,130.0,145.0,254.5,D:\AprPanama2025_fixed\041125_experimental\041125PA_experimental_part22.mp4,1900-01-02 04:28:16.500,1475
382964,1134,115,2.0,120.0,171.0,255.0,D:\AprPanama2025_fixed\041125_experimental\041125PA_experimental_part22.mp4,1900-01-02 04:28:16.400,1474
384425,1082,120,9.0,111.0,176.0,243.0,D:\AprPanama2025_fixed\041125_experimental\041125PA_experimental_part22.mp4,1900-01-02 04:30:42.500,1422
384427,1082,121,20.5,113.0,179.0,245.56666666666663,D:\AprPanama2025_fixed\041125_experimental\041125PA_experimental_part22.mp4,1900-01-02 04:30:42.700,1422
384426,1082,121,20.5,113.0,179.0,245.56666666666663,D:\AprPanama2025_fixed\041125_experimental\041125PA_experimental_part22.mp4,1900-01-02 04:30:42.600,1422
384429,1082,121,22.0,112.0,179.0,251.5625,D:\AprPanama2025_fixed\041125_experimental\041125PA_experimental_part22.mp4,1900-01-02 04:30:42.900,1422
384432,1082,121,15.0,111.0,179.0,234.0,D:\AprPanama2025_fixed\041125_experimental\041125PA_experimental_part22.mp4,1900-01-02 04:30:43.200,1422
384431,1082,121,16.0,116.0,179.0,246.375,D:\AprPanama2025_fixed\041125_experimental\041125PA_experimental_part22.mp4,1900-01-02 04:30:43.100,1422
384433,1082,122,10.0,112.0,179.0,244.44444444444443,D:\AprPanama2025_fixed\041125_experimental\041125PA_experimental_part22.mp4,1900-01-02 04:30:43.300,1422
384430,1082,122,18.0,111.0,179.0,246.7037037037037,D:\AprPanama2025_fixed\041125_experimental\041125PA_experimental_part22.mp4,1900-01-02 04:30:43.000,1422
384428,1082,121,21.5,118.0,179.0,249.0967741935484,D:\AprPanama2025_fixed\041125_experimental\041125PA_experimental_part22.mp4,1900-01-02 04:30:42.800,1422
384927,658,52,30.0,118.0,179.0,248.1219512195122,D:\AprPanama2025_fixed\041125_experimental\041125PA_experimental_part22.mp4,1900-01-02 04:31:32.700,998
384931,657,51,23.5,127.0,178.0,242.7058823529412,D:\AprPanama2025_fixed\041125_experimental\041125PA_experimental_part22.mp4,1900-01-02 04:31:33.100,997
384929,657,51,26.5,117.0,179.0,247.1315789473684,D:\AprPanama2025_fixed\041125_experimental\041125PA_experimental_part22.mp4,1900-01-02 04:31:32.900,997
384926,657,51,26.0,125.0,179.0,245.10810810810813,D:\AprPanama2025_fixed\041125_experimental\041125PA_experimental_part22.mp4,1900-01-02 04:31:32.600,997
384925,657,50,17.5,112.0,214.0,242.74074074074076,D:\AprPanama2025_fixed\041125_experimental\041125PA_experimental_part22.mp4,1900-01-02 04:31:32.500,997
384928,658,51,28.5,117.0,179.0,244.275,D:\AprPanama2025_fixed\041125_experimental\041125PA_experimental_part22.mp4,1900-01-02 04:31:32.800,998
384930,657,51,26.0,112.0,179.0,244.83783783783784,D:\AprPanama2025_fixed\041125_experimental\041125PA_experimental_part22.mp4,1900-01-02 04:31:33.000,997
384924,657,48,12.0,128.0,179.0,245.15789473684208,D:\AprPanama2025_fixed\041125_experimental\041125PA_experimental_part22.mp4,1900-01-02 04:31:32.400,997
384936,657,51,18.0,122.0,179.0,245.3333333333333,D:\AprPanama2025_fixed\041125_experimental\041125PA_experimental_part22.mp4,1900-01-02 04:31:33.600,997
384937,657,51,18.5,111.0,179.0,241.10714285714283,D:\AprPanama2025_fixed\041125_experimental\041125PA_experimental_part22.mp4,1900-01-02 04:31:33.700,997
384938,657,52,16.0,112.0,178.0,243.32,D:\AprPanama2025_fixed\041125_experimental\041125PA_experimental_part22.mp4,1900-01-02 04:31:33.800,997
384933,657,51,20.5,111.0,179.0,243.7741935483871,D:\AprPanama2025_fixed\041125_experimental\041125PA_experimental_part22.mp4,1900-01-02 04:31:33.300,997
384935,657,51,18.5,120.0,179.0,244.03571428571428,D:\AprPanama2025_fixed\041125_experimental\041125PA_experimental_part22.mp4,1900-01-02 04:31:33.500,997
384939,657,52,16.0,112.0,179.0,246.36,D:\AprPanama2025_fixed\041125_experimental\041125PA_experimental_part22.mp4,1900-01-02 04:31:33.900,997
384932,657,51,22.5,111.0,179.0,243.51515151515156,D:\AprPanama2025_fixed\041125_experimental\041125PA_experimental_part22.mp4,1900-01-02 04:31:33.200,997
384934,657,51,19.0,134.0,179.0,244.3103448275862,D:\AprPanama2025_fixed\041125_experimental\041125PA_experimental_part22.mp4,1900-01-02 04:31:33.400,997
384946,656,51,8.0,115.0,179.0,253.53333333333333,D:\AprPanama2025_fixed\041125_experimental\041125PA_experimental_part22.mp4,1900-01-02 04:31:34.600,996
384941,657,52,13.0,117.0,178.0,243.9523809523809,D:\AprPanama2025_fixed\041125_experimental\041125PA_experimental_part22.mp4,1900-01-02 04:31:34.100,997
384945,656,51,7.5,115.0,179.0,252.2142857142857,D:\AprPanama2025_fixed\041125_experimental\041125PA_experimental_part22.mp4,1900-01-02 04:31:34.500,996
384940,657,52,13.0,117.0,178.0,243.9523809523809,D:\AprPanama2025_fixed\041125_experimental\041125PA_experimental_part22.mp4,1900-01-02 04:31:34.000,997
384943,656,51,8.5,115.0,179.0,254.25,D:\AprPanama2025_fixed\041125_experimental\041125PA_experimental_part22.mp4,1900-01-02 04:31:34.300,996
384944,656,51,8.5,115.0,179.0,254.25,D:\AprPanama2025_fixed\041125_experimental\041125PA_experimental_part22.mp4,1900-01-02 04:31:34.400,996
384947,656,51,4.5,123.0,179.0,251.72727272727275,D:\AprPanama2025_fixed\041125_experimental\041125PA_experimental_part22.mp4,1900-01-02 04:31:34.700,996
384942,656,51,11.5,131.0,179.0,249.57894736842104,D:\AprPanama2025_fixed\041125_experimental\041125PA_experimental_part22.mp4,1900-01-02 04:31:34.200,996
384952,656,50,2.5,121.0,157.0,254.7142857142857,D:\AprPanama2025_fixed\041125_experimental\041125PA_experimental_part22.mp4,1900-01-02 04:31:35.200,996
384953,656,50,2.0,111.0,155.0,247.8333333333333,D:\AprPanama2025_fixed\041125_experimental\041125PA_experimental_part22.mp4,1900-01-02 04:31:35.300,996
384948,656,50,4.0,123.0,179.0,250.4,D:\AprPanama2025_fixed\041125_experimental\041125PA_experimental_part22.mp4,1900-01-02 04:31:34.800,996
384950,656,50,4.0,111.0,179.0,249.9,D:\AprPanama2025_fixed\041125_experimental\041125PA_experimental_part22.mp4,1900-01-02 04:31:35.000,996
384949,656,50,4.0,123.0,179.0,248.2,D:\AprPanama2025_fixed\041125_experimental\041125PA_experimental_part22.mp4,1900-01-02 04:31:34.900,996
384951,656,50,4.0,114.0,173.0,252.6,D:\AprPanama2025_fixed\041125_experimental\041125PA_experimental_part22.mp4,1900-01-02 04:31:35.100,996
386139,538,243,3.5,129.0,178.0,241.125,D:\AprPanama2025_fixed\041125_experimental\041125PA_experimental_part22.mp4,1900-01-02 04:33:33.900,878
386146,537,243,17.5,134.0,179.0,251.07407407407405,D:\AprPanama2025_fixed\041125_experimental\041125PA_experimental_part22.mp4,1900-01-02 04:33:34.600,877
386142,537,243,17.5,119.0,178.0,243.3333333333333,D:\AprPanama2025_fixed\041125_experimental\041125PA_experimental_part22.mp4,1900-01-02 04:33:34.200,877
386147,537,243,18.5,128.0,179.0,247.10714285714283,D:\AprPanama2025_fixed\041125_experimental\041125PA_experimental_part22.mp4,1900-01-02 04:33:34.700,877
386140,537,244,11.5,118.0,179.0,241.8947368421053,D:\AprPanama2025_fixed\041125_experimental\041125PA_experimental_part22.mp4,1900-01-02 04:33:34.000,877
386143,537,243,17.5,119.0,179.0,249.6296296296296,D:\AprPanama2025_fixed\041125_experimental\041125PA_experimental_part22.mp4,1900-01-02 04:33:34.300,877
386145,537,243,17.5,136.0,179.0,251.44444444444443,D:\AprPanama2025_fixed\041125_experimental\041125PA_experimental_part22.mp4,1900-01-02 04:33:34.500,877
386141,537,243,14.0,118.0,179.0,246.3181818181818,D:\AprPanama2025_fixed\041125_experimental\041125PA_experimental_part22.mp4,1900-01-02 04:33:34.100,877
386144,537,243,17.5,128.0,179.0,251.1111111111111,D:\AprPanama2025_fixed\041125_experimental\041125PA_experimental_part22.mp4,1900-01-02 04:33:34.400,877
386153,537,243,14.5,128.0,179.0,240.65217391304347,D:\AprPanama2025_fixed\041125_experimental\041125PA_experimental_part22.mp4,1900-01-02 04:33:35.300,877
386152,537,243,15.5,122.0,179.0,238.5,D:\AprPanama2025_fixed\041125_experimental\041125PA_experimental_part22.mp4,1900-01-02 04:33:35.200,877
386150,537,243,17.0,116.0,178.0,242.7692307692308,D:\AprPanama2025_fixed\041125_experimental\041125PA_experimental_part22.mp4,1900-01-02 04:33:35.000,877
386154,537,242,13.0,131.0,179.0,236.14285714285717,D:\AprPanama2025_fixed\041125_experimental\041125PA_experimental_part22.mp4,1900-01-02 04:33:35.400,877
386148,537,243,18.5,114.0,179.0,246.89285714285717,D:\AprPanama2025_fixed\041125_experimental\041125PA_experimental_part22.mp4,1900-01-02 04:33:34.800,877
386149,537,243,17.0,124.0,179.0,244.84615384615387,D:\AprPanama2025_fixed\041125_experimental\041125PA_experimental_part22.mp4,1900-01-02 04:33:34.900,877
386151,537,243,16.5,119.0,179.0,241.88,D:\AprPanama2025_fixed\041125_experimental\041125PA_experimental_part22.mp4,1900-01-02 04:33:35.100,877
386155,537,242,13.0,131.0,179.0,236.14285714285717,D:\AprPanama2025_fixed\041125_experimental\041125PA_experimental_part22.mp4,1900-01-02 04:33:35.500,877
386163,537,242,2.5,120.0,166.0,249.14285714285717,D:\AprPanama2025_fixed\041125_experimental\041125PA_experimental_part22.mp4,1900-01-02 04:33:36.300,877
386163,795,318,2.0,114.0,171.0,130.66666666666666,D:\AprPanama2025_fixed\041125_experimental\041125PA_experimental_part22.mp4,1900-01-02 04:33:36.300,1135
386161,537,242,9.0,111.0,173.0,236.0,D:\AprPanama2025_fixed\041125_experimental\041125PA_experimental_part22.mp4,1900-01-02 04:33:36.100,877
386161,796,318,4.0,118.0,162.0,149.55555555555554,D:\AprPanama2025_fixed\041125_experimental\041125PA_experimental_part22.mp4,1900-01-02 04:33:36.100,1136
386156,537,242,11.0,128.0,179.0,244.88888888888889,D:\AprPanama2025_fixed\041125_experimental\041125PA_experimental_part22.mp4,1900-01-02 04:33:35.600,877
386157,537,242,9.5,120.0,179.0,245.7058823529412,D:\AprPanama2025_fixed\041125_experimental\041125PA_experimental_part22.mp4,1900-01-02 04:33:35.700,877
386158,537,242,10.5,111.0,179.0,241.44444444444443,D:\AprPanama2025_fixed\041125_experimental\041125PA_experimental_part22.mp4,1900-01-02 04:33:35.800,877
386160,537,242,8.5,113.0,178.0,240.86666666666667,D:\AprPanama2025_fixed\041125_experimental\041125PA_experimental_part22.mp4,1900-01-02 04:33:36.000,877
386159,537,242,10.5,112.0,179.0,241.2222222222222,D:\AprPanama2025_fixed\041125_experimental\041125PA_experimental_part22.mp4,1900-01-02 04:33:35.900,877
386162,537,242,3.0,115.0,150.0,252.875,D:\AprPanama2025_fixed\041125_experimental\041125PA_experimental_part22.mp4,1900-01-02 04:33:36.200,877
386162,795,318,3.5,119.0,161.0,140.55555555555554,D:\AprPanama2025_fixed\041125_experimental\041125PA_experimental_part22.mp4,1900-01-02 04:33:36.200,1135
386169,1257,119,11.5,125.0,179.0,251.42105263157893,D:\AprPanama2025_fixed\041125_experimental\041125PA_experimental_part22.mp4,1900-01-02 04:33:36.900,1597
386171,1258,119,13.5,112.0,179.0,250.0,D:\AprPanama2025_fixed\041125_experimental\041125PA_experimental_part22.mp4,1900-01-02 04:33:37.100,1598
386170,1258,119,13.5,112.0,179.0,249.9047619047619,D:\AprPanama2025_fixed\041125_experimental\041125PA_experimental_part22.mp4,1900-01-02 04:33:37.000,1598
386168,1257,118,5.0,113.0,179.0,241.27272727272728,D:\AprPanama2025_fixed\041125_experimental\041125PA_experimental_part22.mp4,1900-01-02 04:33:36.800,1597
386175,1257,119,11.0,115.0,179.0,234.55555555555557,D:\AprPanama2025_fixed\041125_experimental\041125PA_experimental_part22.mp4,1900-01-02 04:33:37.500,1597
386177,1256,118,2.0,123.0,161.0,247.8333333333333,D:\AprPanama2025_fixed\041125_experimental\041125PA_experimental_part22.mp4,1900-01-02 04:33:37.700,1596
386176,1258,119,1.5,112.0,145.0,255.0,D:\AprPanama2025_fixed\041125_experimental\041125PA_experimental_part22.mp4,1900-01-02 04:33:37.600,1598
386174,1258,119,7.0,116.0,176.0,242.7142857142857,D:\AprPanama2025_fixed\041125_experimental\041125PA_experimental_part22.mp4,1900-01-02 04:33:37.400,1598
386173,1257,119,12.5,122.0,179.0,247.05,D:\AprPanama2025_fixed\041125_experimental\041125PA_experimental_part22.mp4,1900-01-02 04:33:37.300,1597
386172,1257,119,11.5,119.0,179.0,248.42105263157893,D:\AprPanama2025_fixed\041125_experimental\041125PA_experimental_part22.mp4,1900-01-02 04:33:37.200,1597
386187,549,146,2.0,114.0,153.0,150.33333333333331,D:\AprPanama2025_fixed\041125_experimental\041125PA_experimental_part22.mp4,1900-01-02 04:33:38.700,889
386192,1181,66,3.0,143.0,174.0,241.375,D:\AprPanama2025_fixed\041125_experimental\041125PA_experimental_part22.mp4,1900-01-02 04:33:39.200,1521
386193,1182,66,2.0,115.0,154.0,253.7142857142857,D:\AprPanama2025_fixed\041125_experimental\041125PA_experimental_part22.mp4,1900-01-02 04:33:39.300,1522
386191,1181,66,2.5,112.0,146.0,205.14285714285717,D:\AprPanama2025_fixed\041125_experimental\041125PA_experimental_part22.mp4,1900-01-02 04:33:39.100,1521
386201,613,235,7.5,112.0,177.0,245.66666666666663,D:\AprPanama2025_fixed\041125_experimental\041125PA_experimental_part22.mp4,1900-01-02 04:33:40.100,953
386199,612,234,7.5,113.0,177.0,238.5625,D:\AprPanama2025_fixed\041125_experimental\041125PA_experimental_part22.mp4,1900-01-02 04:33:39.900,952
386203,612,234,2.0,124.0,173.0,250.85714285714283,D:\AprPanama2025_fixed\041125_experimental\041125PA_experimental_part22.mp4,1900-01-02 04:33:40.300,952
386200,612,234,7.5,113.0,179.0,245.66666666666663,D:\AprPanama2025_fixed\041125_experimental\041125PA_experimental_part22.mp4,1900-01-02 04:33:40.000,952
386197,613,234,1.5,118.0,138.0,255.0,D:\AprPanama2025_fixed\041125_experimental\041125PA_experimental_part22.mp4,1900-01-02 04:33:39.700,953
386198,612,234,7.5,114.0,178.0,245.42857142857144,D:\AprPanama2025_fixed\041125_experimental\041125PA_experimental_part22.mp4,1900-01-02 04:33:39.800,952
386202,612,235,5.5,113.0,173.0,254.2,D:\AprPanama2025_fixed\041125_experimental\041125PA_experimental_part22.mp4,1900-01-02 04:33:40.200,952
386196,612,234,1.5,112.0,169.0,252.0,D:\AprPanama2025_fixed\041125_experimental\041125PA_experimental_part22.mp4,1900-01-02 04:33:39.600,952
386211,608,158,5.5,136.0,179.0,248.9,D:\AprPanama2025_fixed\041125_experimental\041125PA_experimental_part22.mp4,1900-01-02 04:33:41.100,948
386211,613,236,2.0,112.0,166.0,239.0,D:\AprPanama2025_fixed\041125_experimental\041125PA_experimental_part22.mp4,1900-01-02 04:33:41.100,953
386211,626,319,3.0,118.0,178.0,226.125,D:\AprPanama2025_fixed\041125_experimental\041125PA_experimental_part22.mp4,1900-01-02 04:33:41.100,966
386208,626,319,4.5,121.0,177.0,252.0,D:\AprPanama2025_fixed\041125_experimental\041125PA_experimental_part22.mp4,1900-01-02 04:33:40.800,966
386209,626,319,5.5,114.0,171.0,243.8,D:\AprPanama2025_fixed\041125_experimental\041125PA_experimental_part22.mp4,1900-01-02 04:33:40.900,966
386207,627,318,4.0,126.0,175.0,238.66666666666663,D:\AprPanama2025_fixed\041125_experimental\041125PA_experimental_part22.mp4,1900-01-02 04:33:40.700,967
386210,608,158,6.0,119.0,179.0,249.54545454545456,D:\AprPanama2025_fixed\041125_experimental\041125PA_experimental_part22.mp4,1900-01-02 04:33:41.000,948
386210,626,319,3.0,118.0,178.0,226.125,D:\AprPanama2025_fixed\041125_experimental\041125PA_experimental_part22.mp4,1900-01-02 04:33:41.000,966
386215,609,159,8.5,113.0,179.0,244.8,D:\AprPanama2025_fixed\041125_experimental\041125PA_experimental_part22.mp4,1900-01-02 04:33:41.500,949
386219,609,159,2.0,128.0,154.0,253.3333333333333,D:\AprPanama2025_fixed\041125_experimental\041125PA_experimental_part22.mp4,1900-01-02 04:33:41.900,949
386217,609,159,2.0,124.0,154.0,254.5,D:\AprPanama2025_fixed\041125_experimental\041125PA_experimental_part22.mp4,1900-01-02 04:33:41.700,949
386218,609,159,2.0,126.0,154.0,254.5,D:\AprPanama2025_fixed\041125_experimental\041125PA_experimental_part22.mp4,1900-01-02 04:33:41.800,949
386218,624,319,1.5,113.0,169.0,255.0,D:\AprPanama2025_fixed\041125_experimental\041125PA_experimental_part22.mp4,1900-01-02 04:33:41.800,964
386216,610,159,5.0,111.0,179.0,237.2,D:\AprPanama2025_fixed\041125_experimental\041125PA_experimental_part22.mp4,1900-01-02 04:33:41.600,950
386214,609,159,8.5,115.0,179.0,241.46666666666667,D:\AprPanama2025_fixed\041125_experimental\041125PA_experimental_part22.mp4,1900-01-02 04:33:41.400,949
386213,609,159,9.5,112.0,179.0,248.125,D:\AprPanama2025_fixed\041125_experimental\041125PA_experimental_part22.mp4,1900-01-02 04:33:41.300,949
386212,609,158,9.0,115.0,179.0,250.26666666666665,D:\AprPanama2025_fixed\041125_experimental\041125PA_experimental_part22.mp4,1900-01-02 04:33:41.200,949
386212,626,319,2.0,114.0,155.0,233.28571428571428,D:\AprPanama2025_fixed\041125_experimental\041125PA_experimental_part22.mp4,1900-01-02 04:33:41.200,966
386221,609,159,2.0,129.0,147.0,252.16666666666663,D:\AprPanama2025_fixed\041125_experimental\041125PA_experimental_part22.mp4,1900-01-02 04:33:42.100,949
386225,620,292,2.5,126.0,172.0,231.66666666666663,D:\AprPanama2025_fixed\041125_experimental\041125PA_experimental_part22.mp4,1900-01-02 04:33:42.500,960
386224,600,74,2.0,112.0,148.0,55.5,D:\AprPanama2025_fixed\041125_experimental\041125PA_experimental_part22.mp4,1900-01-02 04:33:42.400,940
386224,620,292,2.5,141.0,174.0,235.16666666666663,D:\AprPanama2025_fixed\041125_experimental\041125PA_experimental_part22.mp4,1900-01-02 04:33:42.400,960
386220,609,159,2.0,129.0,147.0,252.16666666666663,D:\AprPanama2025_fixed\041125_experimental\041125PA_experimental_part22.mp4,1900-01-02 04:33:42.000,949
386223,599,74,1.5,115.0,150.0,34.6,D:\AprPanama2025_fixed\041125_experimental\041125PA_experimental_part22.mp4,1900-01-02 04:33:42.300,939
389546,510,264,3.0,120.0,156.0,116.85714285714285,D:\AprPanama2025_fixed\041125_experimental\041125PA_experimental_part22.mp4,1900-01-02 04:39:14.600,850
389554,513,266,21.5,115.0,179.0,244.32258064516128,D:\AprPanama2025_fixed\041125_experimental\041125PA_experimental_part22.mp4,1900-01-02 04:39:15.400,853
389551,512,267,18.5,111.0,250.0,240.89285714285717,D:\AprPanama2025_fixed\041125_experimental\041125PA_experimental_part22.mp4,1900-01-02 04:39:15.100,852
389553,513,267,19.5,119.0,178.0,247.44827586206893,D:\AprPanama2025_fixed\041125_experimental\041125PA_experimental_part22.mp4,1900-01-02 04:39:15.300,853
389549,512,267,11.5,112.0,178.0,245.73684210526315,D:\AprPanama2025_fixed\041125_experimental\041125PA_experimental_part22.mp4,1900-01-02 04:39:14.900,852
389550,512,267,19.5,118.0,241.0,237.55172413793105,D:\AprPanama2025_fixed\041125_experimental\041125PA_experimental_part22.mp4,1900-01-02 04:39:15.000,852
389552,513,266,21.0,111.0,224.0,243.6774193548387,D:\AprPanama2025_fixed\041125_experimental\041125PA_experimental_part22.mp4,1900-01-02 04:39:15.200,853
389555,513,266,20.5,119.0,179.0,246.86666666666667,D:\AprPanama2025_fixed\041125_experimental\041125PA_experimental_part22.mp4,1900-01-02 04:39:15.500,853
389548,512,267,8.5,114.0,179.0,245.6,D:\AprPanama2025_fixed\041125_experimental\041125PA_experimental_part22.mp4,1900-01-02 04:39:14.800,852
389557,513,266,18.0,131.0,213.0,245.07407407407405,D:\AprPanama2025_fixed\041125_experimental\041125PA_experimental_part22.mp4,1900-01-02 04:39:15.700,853
389561,513,266,14.5,121.0,212.0,236.95652173913044,D:\AprPanama2025_fixed\041125_experimental\041125PA_experimental_part22.mp4,1900-01-02 04:39:16.100,853
389562,513,266,16.0,116.0,178.0,240.08,D:\AprPanama2025_fixed\041125_experimental\041125PA_experimental_part22.mp4,1900-01-02 04:39:16.200,853
389558,513,266,15.5,117.0,209.0,245.4583333333333,D:\AprPanama2025_fixed\041125_experimental\041125PA_experimental_part22.mp4,1900-01-02 04:39:15.800,853
389560,513,266,15.5,124.0,209.0,244.625,D:\AprPanama2025_fixed\041125_experimental\041125PA_experimental_part22.mp4,1900-01-02 04:39:16.000,853
389563,513,266,16.0,116.0,178.0,240.08,D:\AprPanama2025_fixed\041125_experimental\041125PA_experimental_part22.mp4,1900-01-02 04:39:16.300,853
389559,513,266,16.0,118.0,209.0,242.2,D:\AprPanama2025_fixed\041125_experimental\041125PA_experimental_part22.mp4,1900-01-02 04:39:15.900,853
389556,513,266,18.0,127.0,230.0,241.88888888888889,D:\AprPanama2025_fixed\041125_experimental\041125PA_experimental_part22.mp4,1900-01-02 04:39:15.600,853
389570,513,265,7.0,115.0,178.0,243.7692307692308,D:\AprPanama2025_fixed\041125_experimental\041125PA_experimental_part22.mp4,1900-01-02 04:39:17.000,853
389570,484,365,5.0,112.0,172.0,241.7,D:\AprPanama2025_fixed\041125_experimental\041125PA_experimental_part22.mp4,1900-01-02 04:39:17.000,824
389569,513,265,9.0,124.0,179.0,248.86666666666667,D:\AprPanama2025_fixed\041125_experimental\041125PA_experimental_part22.mp4,1900-01-02 04:39:16.900,853
389566,513,265,12.5,115.0,178.0,238.55,D:\AprPanama2025_fixed\041125_experimental\041125PA_experimental_part22.mp4,1900-01-02 04:39:16.600,853
389567,513,265,12.5,115.0,178.0,238.55,D:\AprPanama2025_fixed\041125_experimental\041125PA_experimental_part22.mp4,1900-01-02 04:39:16.700,853
389564,513,266,15.0,129.0,179.0,244.95652173913044,D:\AprPanama2025_fixed\041125_experimental\041125PA_experimental_part22.mp4,1900-01-02 04:39:16.400,853
389568,513,265,9.5,114.0,179.0,248.9375,D:\AprPanama2025_fixed\041125_experimental\041125PA_experimental_part22.mp4,1900-01-02 04:39:16.800,853
389571,513,265,8.0,118.0,173.0,233.57142857142856,D:\AprPanama2025_fixed\041125_experimental\041125PA_experimental_part22.mp4,1900-01-02 04:39:17.100,853
389571,483,366,7.5,143.0,173.0,253.28571428571428,D:\AprPanama2025_fixed\041125_experimental\041125PA_experimental_part22.mp4,1900-01-02 04:39:17.100,823
389565,513,266,15.0,117.0,179.0,244.2173913043478,D:\AprPanama2025_fixed\041125_experimental\041125PA_experimental_part22.mp4,1900-01-02 04:39:16.500,853
389578,485,368,7.5,115.0,174.0,252.35714285714283,D:\AprPanama2025_fixed\041125_experimental\041125PA_experimental_part22.mp4,1900-01-02 04:39:17.800,825
389573,512,265,3.5,125.0,175.0,248.75,D:\AprPanama2025_fixed\041125_experimental\041125PA_experimental_part22.mp4,1900-01-02 04:39:17.300,852
389573,484,367,7.0,124.0,179.0,247.61538461538464,D:\AprPanama2025_fixed\041125_experimental\041125PA_experimental_part22.mp4,1900-01-02 04:39:17.300,824
389579,485,368,4.5,133.0,176.0,251.2,D:\AprPanama2025_fixed\041125_experimental\041125PA_experimental_part22.mp4,1900-01-02 04:39:17.900,825
389575,513,265,2.0,124.0,160.0,245.0,D:\AprPanama2025_fixed\041125_experimental\041125PA_experimental_part22.mp4,1900-01-02 04:39:17.500,853
389575,485,367,10.0,113.0,179.0,234.05882352941177,D:\AprPanama2025_fixed\041125_experimental\041125PA_experimental_part22.mp4,1900-01-02 04:39:17.500,825
389577,485,368,6.0,117.0,178.0,245.16666666666663,D:\AprPanama2025_fixed\041125_experimental\041125PA_experimental_part22.mp4,1900-01-02 04:39:17.700,825
389574,512,265,2.5,123.0,153.0,245.85714285714283,D:\AprPanama2025_fixed\041125_experimental\041125PA_experimental_part22.mp4,1900-01-02 04:39:17.400,852
389574,485,367,11.5,112.0,179.0,237.0526315789473,D:\AprPanama2025_fixed\041125_experimental\041125PA_experimental_part22.mp4,1900-01-02 04:39:17.400,825
389576,512,265,2.5,112.0,152.0,215.42857142857144,D:\AprPanama2025_fixed\041125_experimental\041125PA_experimental_part22.mp4,1900-01-02 04:39:17.600,852
389576,485,368,6.5,126.0,179.0,248.5,D:\AprPanama2025_fixed\041125_experimental\041125PA_experimental_part22.mp4,1900-01-02 04:39:17.600,825
389572,513,265,4.0,127.0,174.0,241.9,D:\AprPanama2025_fixed\041125_experimental\041125PA_experimental_part22.mp4,1900-01-02 04:39:17.200,853
389572,484,366,9.0,112.0,178.0,249.0625,D:\AprPanama2025_fixed\041125_experimental\041125PA_experimental_part22.mp4,1900-01-02 04:39:17.200,824
389580,486,369,3.5,111.0,175.0,244.75,D:\AprPanama2025_fixed\041125_experimental\041125PA_experimental_part22.mp4,1900-01-02 04:39:18.000,826
389584,487,370,2.0,114.0,150.0,250.0,D:\AprPanama2025_fixed\041125_experimental\041125PA_experimental_part22.mp4,1900-01-02 04:39:18.400,827
389585,487,370,2.0,114.0,150.0,250.0,D:\AprPanama2025_fixed\041125_experimental\041125PA_experimental_part22.mp4,1900-01-02 04:39:18.500,827
389581,486,369,3.5,111.0,175.0,244.75,D:\AprPanama2025_fixed\041125_experimental\041125PA_experimental_part22.mp4,1900-01-02 04:39:18.100,826
389602,506,141,4.0,115.0,169.0,241.66666666666663,D:\AprPanama2025_fixed\041125_experimental\041125PA_experimental_part22.mp4,1900-01-02 04:39:20.200,846
389601,505,141,3.5,111.0,172.0,228.0,D:\AprPanama2025_fixed\041125_experimental\041125PA_experimental_part22.mp4,1900-01-02 04:39:20.100,845
389600,505,141,2.0,113.0,156.0,235.66666666666663,D:\AprPanama2025_fixed\041125_experimental\041125PA_experimental_part22.mp4,1900-01-02 04:39:20.000,845
389603,505,142,5.5,127.0,176.0,241.0,D:\AprPanama2025_fixed\041125_experimental\041125PA_experimental_part22.mp4,1900-01-02 04:39:20.300,845
389609,505,142,4.0,135.0,175.0,233.44444444444443,D:\AprPanama2025_fixed\041125_experimental\041125PA_experimental_part22.mp4,1900-01-02 04:39:20.900,845
389611,505,142,2.5,122.0,173.0,204.875,D:\AprPanama2025_fixed\041125_experimental\041125PA_experimental_part22.mp4,1900-01-02 04:39:21.100,845
389605,505,142,3.5,134.0,175.0,241.0,D:\AprPanama2025_fixed\041125_experimental\041125PA_experimental_part22.mp4,1900-01-02 04:39:20.500,845
389606,504,142,5.5,111.0,175.0,240.1818181818182,D:\AprPanama2025_fixed\041125_experimental\041125PA_experimental_part22.mp4,1900-01-02 04:39:20.600,844
389607,505,142,4.5,129.0,178.0,237.3,D:\AprPanama2025_fixed\041125_experimental\041125PA_experimental_part22.mp4,1900-01-02 04:39:20.700,845
389610,505,142,2.5,122.0,173.0,204.875,D:\AprPanama2025_fixed\041125_experimental\041125PA_experimental_part22.mp4,1900-01-02 04:39:21.000,845
389608,504,142,4.5,137.0,179.0,234.6,D:\AprPanama2025_fixed\041125_experimental\041125PA_experimental_part22.mp4,1900-01-02 04:39:20.800,844
389604,505,142,6.0,127.0,174.0,246.8333333333333,D:\AprPanama2025_fixed\041125_experimental\041125PA_experimental_part22.mp4,1900-01-02 04:39:20.400,845
389612,505,142,1.5,133.0,168.0,221.66666666666663,D:\AprPanama2025_fixed\041125_experimental\041125PA_experimental_part22.mp4,1900-01-02 04:39:21.200,845
389617,1108,63,1.5,114.0,155.0,254.16666666666663,D:\AprPanama2025_fixed\041125_experimental\041125PA_experimental_part22.mp4,1900-01-02 04:39:21.700,1448
390487,718,219,6.0,112.0,176.0,242.0833333333333,D:\AprPanama2025_fixed\041125_experimental\041125PA_experimental_part22.mp4,1900-01-02 04:40:48.700,1058
390489,718,219,9.5,121.0,177.0,234.8823529411765,D:\AprPanama2025_fixed\041125_experimental\041125PA_experimental_part22.mp4,1900-01-02 04:40:48.900,1058
390488,718,219,9.5,121.0,177.0,234.8823529411765,D:\AprPanama2025_fixed\041125_experimental\041125PA_experimental_part22.mp4,1900-01-02 04:40:48.800,1058
390490,718,219,9.5,115.0,177.0,235.0,D:\AprPanama2025_fixed\041125_experimental\041125PA_experimental_part22.mp4,1900-01-02 04:40:49.000,1058
390491,718,219,9.5,111.0,178.0,234.76470588235293,D:\AprPanama2025_fixed\041125_experimental\041125PA_experimental_part22.mp4,1900-01-02 04:40:49.100,1058
390486,718,219,3.0,135.0,166.0,199.85714285714283,D:\AprPanama2025_fixed\041125_experimental\041125PA_experimental_part22.mp4,1900-01-02 04:40:48.600,1058
390496,718,218,4.5,117.0,175.0,241.9090909090909,D:\AprPanama2025_fixed\041125_experimental\041125PA_experimental_part22.mp4,1900-01-02 04:40:49.600,1058
390497,718,218,4.5,117.0,175.0,241.9090909090909,D:\AprPanama2025_fixed\041125_experimental\041125PA_experimental_part22.mp4,1900-01-02 04:40:49.700,1058
390493,718,219,7.5,111.0,176.0,234.2142857142857,D:\AprPanama2025_fixed\041125_experimental\041125PA_experimental_part22.mp4,1900-01-02 04:40:49.300,1058
390499,717,218,2.0,129.0,173.0,241.75,D:\AprPanama2025_fixed\041125_experimental\041125PA_experimental_part22.mp4,1900-01-02 04:40:49.900,1057
390495,718,219,5.0,113.0,178.0,242.5,D:\AprPanama2025_fixed\041125_experimental\041125PA_experimental_part22.mp4,1900-01-02 04:40:49.500,1058
390498,717,218,2.0,129.0,173.0,241.75,D:\AprPanama2025_fixed\041125_experimental\041125PA_experimental_part22.mp4,1900-01-02 04:40:49.800,1057
390494,718,219,5.0,113.0,178.0,242.5,D:\AprPanama2025_fixed\041125_experimental\041125PA_experimental_part22.mp4,1900-01-02 04:40:49.400,1058
390492,718,219,9.0,129.0,178.0,244.1875,D:\AprPanama2025_fixed\041125_experimental\041125PA_experimental_part22.mp4,1900-01-02 04:40:49.200,1058
390502,718,219,1.5,138.0,167.0,243.6,D:\AprPanama2025_fixed\041125_experimental\041125PA_experimental_part22.mp4,1900-01-02 04:40:50.200,1058
390501,718,219,2.0,115.0,167.0,231.85714285714283,D:\AprPanama2025_fixed\041125_experimental\041125PA_experimental_part22.mp4,1900-01-02 04:40:50.100,1058
390537,645,398,1.5,123.0,166.0,154.8,D:\AprPanama2025_fixed\041125_experimental\041125PA_experimental_part22.mp4,1900-01-02 04:40:53.700,985
390535,645,398,3.5,113.0,164.0,70.625,D:\AprPanama2025_fixed\041125_experimental\041125PA_experimental_part22.mp4,1900-01-02 04:40:53.500,985
390534,645,398,3.5,113.0,164.0,70.625,D:\AprPanama2025_fixed\041125_experimental\041125PA_experimental_part22.mp4,1900-01-02 04:40:53.400,985
390538,512,294,1.5,144.0,169.0,235.6,D:\AprPanama2025_fixed\041125_experimental\041125PA_experimental_part22.mp4,1900-01-02 04:40:53.800,852
390536,645,398,1.5,122.0,165.0,149.0,D:\AprPanama2025_fixed\041125_experimental\041125PA_experimental_part22.mp4,1900-01-02 04:40:53.600,985
390539,512,295,2.5,117.0,154.0,247.85714285714283,D:\AprPanama2025_fixed\041125_experimental\041125PA_experimental_part22.mp4,1900-01-02 04:40:53.900,852
390542,512,295,1.5,139.0,170.0,248.8,D:\AprPanama2025_fixed\041125_experimental\041125PA_experimental_part22.mp4,1900-01-02 04:40:54.200,852
390543,513,295,1.5,111.0,158.0,255.0,D:\AprPanama2025_fixed\041125_experimental\041125PA_experimental_part22.mp4,1900-01-02 04:40:54.300,853
390541,512,295,4.5,111.0,174.0,242.2,D:\AprPanama2025_fixed\041125_experimental\041125PA_experimental_part22.mp4,1900-01-02 04:40:54.100,852
390546,514,296,2.0,135.0,174.0,209.0,D:\AprPanama2025_fixed\041125_experimental\041125PA_experimental_part22.mp4,1900-01-02 04:40:54.600,854
390547,654,335,2.5,115.0,165.0,205.14285714285717,D:\AprPanama2025_fixed\041125_experimental\041125PA_experimental_part22.mp4,1900-01-02 04:40:54.700,994
390540,513,295,3.0,120.0,154.0,248.875,D:\AprPanama2025_fixed\041125_experimental\041125PA_experimental_part22.mp4,1900-01-02 04:40:54.000,853
390554,656,336,3.0,116.0,159.0,142.125,D:\AprPanama2025_fixed\041125_experimental\041125PA_experimental_part22.mp4,1900-01-02 04:40:55.400,996
390553,655,335,5.0,112.0,170.0,187.3636363636364,D:\AprPanama2025_fixed\041125_experimental\041125PA_experimental_part22.mp4,1900-01-02 04:40:55.300,995
390551,655,336,4.5,107.0,184.0,231.77777777777777,D:\AprPanama2025_fixed\041125_experimental\041125PA_experimental_part22.mp4,1900-01-02 04:40:55.100,995
390551,656,335,2.0,107.0,179.0,214.4,D:\AprPanama2025_fixed\041125_experimental\041125PA_experimental_part22.mp4,1900-01-02 04:40:55.100,996
390552,655,336,7.0,128.0,182.0,214.7692307692308,D:\AprPanama2025_fixed\041125_experimental\041125PA_experimental_part22.mp4,1900-01-02 04:40:55.200,995
390548,654,335,2.0,112.0,159.0,230.85714285714283,D:\AprPanama2025_fixed\041125_experimental\041125PA_experimental_part22.mp4,1900-01-02 04:40:54.800,994
390555,655,336,3.0,116.0,148.0,117.28571428571428,D:\AprPanama2025_fixed\041125_experimental\041125PA_experimental_part22.mp4,1900-01-02 04:40:55.500,995
393297,1073,162,9.5,113.0,178.0,247.4705882352941,D:\AprPanama2025_fixed\041125_experimental\041125PA_experimental_part22.mp4,1900-01-02 04:45:29.700,1413
393298,1073,163,11.0,112.0,179.0,249.15789473684208,D:\AprPanama2025_fixed\041125_experimental\041125PA_experimental_part22.mp4,1900-01-02 04:45:29.800,1413
393296,1073,163,10.5,120.0,166.0,251.16666666666663,D:\AprPanama2025_fixed\041125_experimental\041125PA_experimental_part22.mp4,1900-01-02 04:45:29.600,1413
393299,1073,163,10.5,112.0,176.0,249.77777777777777,D:\AprPanama2025_fixed\041125_experimental\041125PA_experimental_part22.mp4,1900-01-02 04:45:29.900,1413
393302,1073,162,11.0,113.0,166.0,249.73684210526315,D:\AprPanama2025_fixed\041125_experimental\041125PA_experimental_part22.mp4,1900-01-02 04:45:30.200,1413
393303,1073,163,5.0,116.0,148.0,253.0,D:\AprPanama2025_fixed\041125_experimental\041125PA_experimental_part22.mp4,1900-01-02 04:45:30.300,1413
393304,1074,161,4.0,114.0,169.0,253.3,D:\AprPanama2025_fixed\041125_experimental\041125PA_experimental_part22.mp4,1900-01-02 04:45:30.400,1414
393307,1072,161,2.0,116.0,154.0,244.16666666666663,D:\AprPanama2025_fixed\041125_experimental\041125PA_experimental_part22.mp4,1900-01-02 04:45:30.700,1412
393301,1073,162,12.0,119.0,179.0,251.2,D:\AprPanama2025_fixed\041125_experimental\041125PA_experimental_part22.mp4,1900-01-02 04:45:30.100,1413
393300,1072,162,10.5,134.0,179.0,244.55555555555557,D:\AprPanama2025_fixed\041125_experimental\041125PA_experimental_part22.mp4,1900-01-02 04:45:30.000,1412
393320,1147,84,3.0,124.0,167.0,239.625,D:\AprPanama2025_fixed\041125_experimental\041125PA_experimental_part22.mp4,1900-01-02 04:45:32.000,1487
393323,1147,84,6.0,112.0,171.0,252.91666666666663,D:\AprPanama2025_fixed\041125_experimental\041125PA_experimental_part22.mp4,1900-01-02 04:45:32.300,1487
393322,1147,84,4.5,118.0,169.0,253.8,D:\AprPanama2025_fixed\041125_experimental\041125PA_experimental_part22.mp4,1900-01-02 04:45:32.200,1487
393321,1146,84,1.5,131.0,172.0,248.2,D:\AprPanama2025_fixed\041125_experimental\041125PA_experimental_part22.mp4,1900-01-02 04:45:32.100,1486
416497,484,126,3.0,123.0,169.0,85.14285714285714,D:\AprPanama2025_fixed\041125_experimental\041125PA_experimental_part24.mp4,1900-01-02 05:24:09.700,824
416503,485,130,8.5,112.0,178.0,242.6,D:\AprPanama2025_fixed\041125_experimental\041125PA_experimental_part24.mp4,1900-01-02 05:24:10.300,825
416505,485,130,8.0,123.0,178.0,241.78571428571428,D:\AprPanama2025_fixed\041125_experimental\041125PA_experimental_part24.mp4,1900-01-02 05:24:10.500,825
416502,485,130,7.0,117.0,175.0,243.3846153846154,D:\AprPanama2025_fixed\041125_experimental\041125PA_experimental_part24.mp4,1900-01-02 05:24:10.200,825
416501,485,130,6.5,127.0,179.0,246.25,D:\AprPanama2025_fixed\041125_experimental\041125PA_experimental_part24.mp4,1900-01-02 05:24:10.100,825
416499,485,129,5.0,114.0,172.0,240.4,D:\AprPanama2025_fixed\041125_experimental\041125PA_experimental_part24.mp4,1900-01-02 05:24:09.900,825
416504,485,130,8.5,112.0,178.0,242.6,D:\AprPanama2025_fixed\041125_experimental\041125PA_experimental_part24.mp4,1900-01-02 05:24:10.400,825
416500,485,130,6.5,127.0,179.0,246.25,D:\AprPanama2025_fixed\041125_experimental\041125PA_experimental_part24.mp4,1900-01-02 05:24:10.000,825
416498,485,129,6.0,116.0,177.0,223.41666666666663,D:\AprPanama2025_fixed\041125_experimental\041125PA_experimental_part24.mp4,1900-01-02 05:24:09.800,825
416509,485,131,3.5,130.0,173.0,249.5,D:\AprPanama2025_fixed\041125_experimental\041125PA_experimental_part24.mp4,1900-01-02 05:24:10.900,825
416507,485,130,6.0,111.0,176.0,254.0833333333333,D:\AprPanama2025_fixed\041125_experimental\041125PA_experimental_part24.mp4,1900-01-02 05:24:10.700,825
416508,485,130,5.5,112.0,174.0,246.3636363636364,D:\AprPanama2025_fixed\041125_experimental\041125PA_experimental_part24.mp4,1900-01-02 05:24:10.800,825
416511,484,130,5.0,117.0,181.0,253.7,D:\AprPanama2025_fixed\041125_experimental\041125PA_experimental_part24.mp4,1900-01-02 05:24:11.100,824
416513,485,130,3.5,111.0,167.0,248.5,D:\AprPanama2025_fixed\041125_experimental\041125PA_experimental_part24.mp4,1900-01-02 05:24:11.300,825
416510,485,131,5.5,111.0,168.0,212.8181818181818,D:\AprPanama2025_fixed\041125_experimental\041125PA_experimental_part24.mp4,1900-01-02 05:24:11.000,825
416512,485,130,3.0,123.0,162.0,250.28571428571428,D:\AprPanama2025_fixed\041125_experimental\041125PA_experimental_part24.mp4,1900-01-02 05:24:11.200,825
416506,485,130,8.0,116.0,176.0,242.78571428571428,D:\AprPanama2025_fixed\041125_experimental\041125PA_experimental_part24.mp4,1900-01-02 05:24:10.600,825
416519,485,130,3.0,118.0,153.0,241.14285714285717,D:\AprPanama2025_fixed\041125_experimental\041125PA_experimental_part24.mp4,1900-01-02 05:24:11.900,825
416517,485,130,3.5,115.0,159.0,247.25,D:\AprPanama2025_fixed\041125_experimental\041125PA_experimental_part24.mp4,1900-01-02 05:24:11.700,825
416520,485,130,3.0,119.0,156.0,249.14285714285717,D:\AprPanama2025_fixed\041125_experimental\041125PA_experimental_part24.mp4,1900-01-02 05:24:12.000,825
416521,484,131,2.5,111.0,158.0,245.66666666666663,D:\AprPanama2025_fixed\041125_experimental\041125PA_experimental_part24.mp4,1900-01-02 05:24:12.100,824
416515,484,130,5.0,111.0,176.0,243.7,D:\AprPanama2025_fixed\041125_experimental\041125PA_experimental_part24.mp4,1900-01-02 05:24:11.500,824
416516,485,130,3.0,125.0,158.0,251.42857142857144,D:\AprPanama2025_fixed\041125_experimental\041125PA_experimental_part24.mp4,1900-01-02 05:24:11.600,825
416514,485,130,3.0,131.0,162.0,251.57142857142856,D:\AprPanama2025_fixed\041125_experimental\041125PA_experimental_part24.mp4,1900-01-02 05:24:11.400,825
416518,485,130,3.0,118.0,153.0,241.14285714285717,D:\AprPanama2025_fixed\041125_experimental\041125PA_experimental_part24.mp4,1900-01-02 05:24:11.800,825
416525,484,130,2.0,111.0,155.0,239.16666666666663,D:\AprPanama2025_fixed\041125_experimental\041125PA_experimental_part24.mp4,1900-01-02 05:24:12.500,824
416523,484,130,2.0,111.0,155.0,239.16666666666663,D:\AprPanama2025_fixed\041125_experimental\041125PA_experimental_part24.mp4,1900-01-02 05:24:12.300,824
416524,484,130,2.0,111.0,155.0,239.16666666666663,D:\AprPanama2025_fixed\041125_experimental\041125PA_experimental_part24.mp4,1900-01-02 05:24:12.400,824
417433,560,260,2.0,115.0,161.0,215.0,D:\AprPanama2025_fixed\041125_experimental\041125PA_experimental_part24.mp4,1900-01-02 05:25:43.300,900
417438,560,261,5.5,116.0,177.0,249.8181818181818,D:\AprPanama2025_fixed\041125_experimental\041125PA_experimental_part24.mp4,1900-01-02 05:25:43.800,900
417436,559,261,6.5,111.0,178.0,235.3333333333333,D:\AprPanama2025_fixed\041125_experimental\041125PA_experimental_part24.mp4,1900-01-02 05:25:43.600,899
417441,560,261,5.0,114.0,174.0,251.6,D:\AprPanama2025_fixed\041125_experimental\041125PA_experimental_part24.mp4,1900-01-02 05:25:44.100,900
417437,560,261,5.5,117.0,178.0,247.54545454545456,D:\AprPanama2025_fixed\041125_experimental\041125PA_experimental_part24.mp4,1900-01-02 05:25:43.700,900
417435,559,261,4.5,129.0,179.0,231.0,D:\AprPanama2025_fixed\041125_experimental\041125PA_experimental_part24.mp4,1900-01-02 05:25:43.500,899
417434,560,261,2.5,131.0,166.0,249.25,D:\AprPanama2025_fixed\041125_experimental\041125PA_experimental_part24.mp4,1900-01-02 05:25:43.400,900
417439,559,261,5.0,120.0,176.0,253.8,D:\AprPanama2025_fixed\041125_experimental\041125PA_experimental_part24.mp4,1900-01-02 05:25:43.900,899
417440,560,261,5.0,114.0,174.0,251.6,D:\AprPanama2025_fixed\041125_experimental\041125PA_experimental_part24.mp4,1900-01-02 05:25:44.000,900
417444,560,261,2.0,131.0,179.0,254.8333333333333,D:\AprPanama2025_fixed\041125_experimental\041125PA_experimental_part24.mp4,1900-01-02 05:25:44.400,900
417445,560,261,2.0,131.0,179.0,254.8333333333333,D:\AprPanama2025_fixed\041125_experimental\041125PA_experimental_part24.mp4,1900-01-02 05:25:44.500,900
417447,560,261,1.5,112.0,179.0,255.0,D:\AprPanama2025_fixed\041125_experimental\041125PA_experimental_part24.mp4,1900-01-02 05:25:44.700,900
417443,560,261,2.0,131.0,179.0,254.8333333333333,D:\AprPanama2025_fixed\041125_experimental\041125PA_experimental_part24.mp4,1900-01-02 05:25:44.300,900
417446,560,261,1.5,112.0,179.0,255.0,D:\AprPanama2025_fixed\041125_experimental\041125PA_experimental_part24.mp4,1900-01-02 05:25:44.600,900
417442,560,261,2.0,131.0,179.0,254.8333333333333,D:\AprPanama2025_fixed\041125_experimental\041125PA_experimental_part24.mp4,1900-01-02 05:25:44.200,900
419136,676,184,5.0,136.0,177.0,226.9,D:\AprPanama2025_fixed\041125_experimental\041125PA_experimental_part24.mp4,1900-01-02 05:28:33.600,1016
419135,676,184,5.0,135.0,177.0,230.5,D:\AprPanama2025_fixed\041125_experimental\041125PA_experimental_part24.mp4,1900-01-02 05:28:33.500,1016
419134,676,184,5.0,135.0,172.0,193.6,D:\AprPanama2025_fixed\041125_experimental\041125PA_experimental_part24.mp4,1900-01-02 05:28:33.400,1016
419133,676,184,3.0,129.0,169.0,172.28571428571428,D:\AprPanama2025_fixed\041125_experimental\041125PA_experimental_part24.mp4,1900-01-02 05:28:33.300,1016
419137,676,183,4.0,125.0,168.0,195.3333333333333,D:\AprPanama2025_fixed\041125_experimental\041125PA_experimental_part24.mp4,1900-01-02 05:28:33.700,1016
419141,675,183,3.5,122.0,171.0,127.25,D:\AprPanama2025_fixed\041125_experimental\041125PA_experimental_part24.mp4,1900-01-02 05:28:34.100,1015
419145,675,183,1.5,111.0,160.0,106.8,D:\AprPanama2025_fixed\041125_experimental\041125PA_experimental_part24.mp4,1900-01-02 05:28:34.500,1015
419140,676,184,5.0,123.0,167.0,153.0,D:\AprPanama2025_fixed\041125_experimental\041125PA_experimental_part24.mp4,1900-01-02 05:28:34.000,1016
419142,676,183,2.0,126.0,162.0,128.16666666666666,D:\AprPanama2025_fixed\041125_experimental\041125PA_experimental_part24.mp4,1900-01-02 05:28:34.200,1016
419143,676,183,3.0,112.0,159.0,108.0,D:\AprPanama2025_fixed\041125_experimental\041125PA_experimental_part24.mp4,1900-01-02 05:28:34.300,1016
419144,676,183,3.0,112.0,159.0,108.0,D:\AprPanama2025_fixed\041125_experimental\041125PA_experimental_part24.mp4,1900-01-02 05:28:34.400,1016
419139,676,183,4.0,112.0,171.0,200.44444444444443,D:\AprPanama2025_fixed\041125_experimental\041125PA_experimental_part24.mp4,1900-01-02 05:28:33.900,1016
419138,676,184,6.0,127.0,169.0,163.45454545454547,D:\AprPanama2025_fixed\041125_experimental\041125PA_experimental_part24.mp4,1900-01-02 05:28:33.800,1016
419146,675,183,1.5,115.0,162.0,105.4,D:\AprPanama2025_fixed\041125_experimental\041125PA_experimental_part24.mp4,1900-01-02 05:28:34.600,1015
419147,675,183,1.5,119.0,150.0,102.2,D:\AprPanama2025_fixed\041125_experimental\041125PA_experimental_part24.mp4,1900-01-02 05:28:34.700,1015
422725,1064,153,15.5,111.0,179.0,250.0,D:\AprPanama2025_fixed\041125_experimental\041125PA_experimental_part24.mp4,1900-01-02 05:34:32.500,1404
422728,1065,152,9.5,112.0,173.0,248.16666666666663,D:\AprPanama2025_fixed\041125_experimental\041125PA_experimental_part24.mp4,1900-01-02 05:34:32.800,1405
422729,1065,152,6.5,116.0,175.0,246.53846153846155,D:\AprPanama2025_fixed\041125_experimental\041125PA_experimental_part24.mp4,1900-01-02 05:34:32.900,1405
422722,1064,151,4.0,115.0,143.0,250.8,D:\AprPanama2025_fixed\041125_experimental\041125PA_experimental_part24.mp4,1900-01-02 05:34:32.200,1404
422724,1064,153,15.5,120.0,187.0,247.25,D:\AprPanama2025_fixed\041125_experimental\041125PA_experimental_part24.mp4,1900-01-02 05:34:32.400,1404
422726,1065,153,11.5,115.0,179.0,248.65,D:\AprPanama2025_fixed\041125_experimental\041125PA_experimental_part24.mp4,1900-01-02 05:34:32.600,1405
422727,1065,153,13.0,111.0,182.0,245.66666666666663,D:\AprPanama2025_fixed\041125_experimental\041125PA_experimental_part24.mp4,1900-01-02 05:34:32.700,1405
422723,1064,153,15.5,114.0,182.0,247.7083333333333,D:\AprPanama2025_fixed\041125_experimental\041125PA_experimental_part24.mp4,1900-01-02 05:34:32.300,1404
422732,1064,152,1.5,114.0,175.0,239.2,D:\AprPanama2025_fixed\041125_experimental\041125PA_experimental_part24.mp4,1900-01-02 05:34:33.200,1404
422734,1064,152,1.5,127.0,159.0,232.66666666666663,D:\AprPanama2025_fixed\041125_experimental\041125PA_experimental_part24.mp4,1900-01-02 05:34:33.400,1404
422731,1064,152,1.5,130.0,172.0,247.0,D:\AprPanama2025_fixed\041125_experimental\041125PA_experimental_part24.mp4,1900-01-02 05:34:33.100,1404
422730,1064,152,2.0,118.0,173.0,253.0,D:\AprPanama2025_fixed\041125_experimental\041125PA_experimental_part24.mp4,1900-01-02 05:34:33.000,1404
422752,1031,72,10.5,114.0,171.0,248.6111111111111,D:\AprPanama2025_fixed\041125_experimental\041125PA_experimental_part24.mp4,1900-01-02 05:34:35.200,1371
422749,1030,72,13.5,112.0,179.0,247.3333333333333,D:\AprPanama2025_fixed\041125_experimental\041125PA_experimental_part24.mp4,1900-01-02 05:34:34.900,1370
422753,1032,72,5.0,115.0,171.0,246.0,D:\AprPanama2025_fixed\041125_experimental\041125PA_experimental_part24.mp4,1900-01-02 05:34:35.300,1372
422750,1031,72,12.0,120.0,178.0,245.2631578947368,D:\AprPanama2025_fixed\041125_experimental\041125PA_experimental_part24.mp4,1900-01-02 05:34:35.000,1371
422747,1030,72,9.5,113.0,179.0,247.52941176470588,D:\AprPanama2025_fixed\041125_experimental\041125PA_experimental_part24.mp4,1900-01-02 05:34:34.700,1370
422748,1030,72,10.5,116.0,178.0,245.66666666666663,D:\AprPanama2025_fixed\041125_experimental\041125PA_experimental_part24.mp4,1900-01-02 05:34:34.800,1370
422751,1031,72,11.0,114.0,179.0,249.0,D:\AprPanama2025_fixed\041125_experimental\041125PA_experimental_part24.mp4,1900-01-02 05:34:35.100,1371
422746,1028,71,2.0,112.0,151.0,252.5,D:\AprPanama2025_fixed\041125_experimental\041125PA_experimental_part24.mp4,1900-01-02 05:34:34.600,1368
422754,1031,72,6.0,111.0,172.0,248.75,D:\AprPanama2025_fixed\041125_experimental\041125PA_experimental_part24.mp4,1900-01-02 05:34:35.400,1371
422755,1030,72,2.0,127.0,176.0,216.5,D:\AprPanama2025_fixed\041125_experimental\041125PA_experimental_part24.mp4,1900-01-02 05:34:35.500,1370
422765,1030,37,1.5,115.0,152.0,248.7142857142857,D:\AprPanama2025_fixed\041125_experimental\041125PA_experimental_part24.mp4,1900-01-02 05:34:36.500,1370
422764,1030,37,1.5,140.0,160.0,146.0,D:\AprPanama2025_fixed\041125_experimental\041125PA_experimental_part24.mp4,1900-01-02 05:34:36.400,1370
422766,1030,37,2.0,111.0,149.0,249.0,D:\AprPanama2025_fixed\041125_experimental\041125PA_experimental_part24.mp4,1900-01-02 05:34:36.600,1370
422763,1030,37,2.0,112.0,168.0,222.0,D:\AprPanama2025_fixed\041125_experimental\041125PA_experimental_part24.mp4,1900-01-02 05:34:36.300,1370
422767,1030,37,1.5,123.0,146.0,255.0,D:\AprPanama2025_fixed\041125_experimental\041125PA_experimental_part24.mp4,1900-01-02 05:34:36.700,1370
423478,437,124,1.5,133.0,155.0,249.3333333333333,D:\AprPanama2025_fixed\041125_experimental\041125PA_experimental_part24.mp4,1900-01-02 05:35:47.800,777
423480,437,123,5.0,114.0,171.0,243.72727272727275,D:\AprPanama2025_fixed\041125_experimental\041125PA_experimental_part24.mp4,1900-01-02 05:35:48.000,777
423481,438,122,2.0,137.0,172.0,246.7142857142857,D:\AprPanama2025_fixed\041125_experimental\041125PA_experimental_part24.mp4,1900-01-02 05:35:48.100,778
423479,437,123,5.0,114.0,171.0,243.72727272727275,D:\AprPanama2025_fixed\041125_experimental\041125PA_experimental_part24.mp4,1900-01-02 05:35:47.900,777
423488,437,122,3.0,118.0,166.0,212.125,D:\AprPanama2025_fixed\041125_experimental\041125PA_experimental_part24.mp4,1900-01-02 05:35:48.800,777
423486,437,122,4.0,118.0,168.0,229.44444444444443,D:\AprPanama2025_fixed\041125_experimental\041125PA_experimental_part24.mp4,1900-01-02 05:35:48.600,777
423483,438,122,1.5,113.0,165.0,238.4,D:\AprPanama2025_fixed\041125_experimental\041125PA_experimental_part24.mp4,1900-01-02 05:35:48.300,778
423482,438,122,2.0,123.0,174.0,243.7142857142857,D:\AprPanama2025_fixed\041125_experimental\041125PA_experimental_part24.mp4,1900-01-02 05:35:48.200,778
423485,438,122,2.0,126.0,172.0,228.28571428571428,D:\AprPanama2025_fixed\041125_experimental\041125PA_experimental_part24.mp4,1900-01-02 05:35:48.500,778
423487,437,122,4.5,129.0,164.0,213.0,D:\AprPanama2025_fixed\041125_experimental\041125PA_experimental_part24.mp4,1900-01-02 05:35:48.700,777
423492,437,122,2.0,116.0,150.0,164.16666666666666,D:\AprPanama2025_fixed\041125_experimental\041125PA_experimental_part24.mp4,1900-01-02 05:35:49.200,777
423497,437,121,1.5,114.0,156.0,124.6,D:\AprPanama2025_fixed\041125_experimental\041125PA_experimental_part24.mp4,1900-01-02 05:35:49.700,777
435799,1166,40,2.5,126.0,170.0,255.0,D:\AprPanama2025_fixed\041125_experimental\041125PA_experimental_part25.mp4,1900-01-02 05:56:19.900,1506
435800,1167,40,3.5,115.0,171.0,247.77777777777777,D:\AprPanama2025_fixed\041125_experimental\041125PA_experimental_part25.mp4,1900-01-02 05:56:20.000,1507
435798,1166,40,1.5,122.0,165.0,249.0,D:\AprPanama2025_fixed\041125_experimental\041125PA_experimental_part25.mp4,1900-01-02 05:56:19.800,1506
435803,1167,40,3.0,126.0,168.0,249.0,D:\AprPanama2025_fixed\041125_experimental\041125PA_experimental_part25.mp4,1900-01-02 05:56:20.300,1507
435805,1166,40,1.5,115.0,156.0,255.0,D:\AprPanama2025_fixed\041125_experimental\041125PA_experimental_part25.mp4,1900-01-02 05:56:20.500,1506
435802,1167,40,3.0,133.0,176.0,248.375,D:\AprPanama2025_fixed\041125_experimental\041125PA_experimental_part25.mp4,1900-01-02 05:56:20.200,1507
435804,1167,40,3.5,111.0,167.0,246.1111111111111,D:\AprPanama2025_fixed\041125_experimental\041125PA_experimental_part25.mp4,1900-01-02 05:56:20.400,1507
435801,1167,40,3.5,112.0,176.0,249.44444444444443,D:\AprPanama2025_fixed\041125_experimental\041125PA_experimental_part25.mp4,1900-01-02 05:56:20.100,1507
