frame,cX,cY,area,minI,maxI,meanI,video,time,cX_original
60287,1114,200,4.0,120.0,176.0,237.2222222222222,D:\AprPanama2025_fixed\041425_experimental\041425PA_experimental_part04.mp4,1900-01-01 19:20:28.700,1394
60288,1114,201,1.5,113.0,127.0,169.60000000000002,D:\AprPanama2025_fixed\041425_experimental\041425PA_experimental_part04.mp4,1900-01-01 19:20:28.800,1394
60325,1020,228,13.5,116.0,179.0,239.57142857142856,D:\AprPanama2025_fixed\041425_experimental\041425PA_experimental_part04.mp4,1900-01-01 19:20:32.500,1300
60323,1019,227,9.0,119.0,177.0,223.25,D:\AprPanama2025_fixed\041425_experimental\041425PA_experimental_part04.mp4,1900-01-01 19:20:32.300,1299
60324,1020,228,12.5,117.0,179.0,245.75,D:\AprPanama2025_fixed\041425_experimental\041425PA_experimental_part04.mp4,1900-01-01 19:20:32.400,1300
60326,1020,228,13.0,112.0,179.0,247.13636363636363,D:\AprPanama2025_fixed\041425_experimental\041425PA_experimental_part04.mp4,1900-01-01 19:20:32.600,1300
60328,1019,229,9.0,112.0,179.0,254.2941176470588,D:\AprPanama2025_fixed\041425_experimental\041425PA_experimental_part04.mp4,1900-01-01 19:20:32.800,1299
60327,1020,229,12.5,116.0,178.0,247.8421052631579,D:\AprPanama2025_fixed\041425_experimental\041425PA_experimental_part04.mp4,1900-01-01 19:20:32.700,1300
60329,1018,229,5.0,114.0,172.0,245.91666666666663,D:\AprPanama2025_fixed\041425_experimental\041425PA_experimental_part04.mp4,1900-01-01 19:20:32.900,1298
60330,1019,229,5.0,113.0,175.0,245.25,D:\AprPanama2025_fixed\041425_experimental\041425PA_experimental_part04.mp4,1900-01-01 19:20:33.000,1299
62451,703,92,19.0,114.0,179.0,239.0967741935484,D:\AprPanama2025_fixed\041425_experimental\041425PA_experimental_part04.mp4,1900-01-01 19:24:05.100,983
62450,702,90,6.5,125.0,178.0,249.6923076923077,D:\AprPanama2025_fixed\041425_experimental\041425PA_experimental_part04.mp4,1900-01-01 19:24:05.000,982
62452,703,92,21.5,115.0,179.0,248.9705882352941,D:\AprPanama2025_fixed\041425_experimental\041425PA_experimental_part04.mp4,1900-01-01 19:24:05.200,983
62453,703,92,25.5,111.0,179.0,251.75,D:\AprPanama2025_fixed\041425_experimental\041425PA_experimental_part04.mp4,1900-01-01 19:24:05.300,983
62456,704,93,32.0,126.0,179.0,250.91489361702128,D:\AprPanama2025_fixed\041425_experimental\041425PA_experimental_part04.mp4,1900-01-01 19:24:05.600,984
62461,703,92,30.0,117.0,179.0,249.4,D:\AprPanama2025_fixed\041425_experimental\041425PA_experimental_part04.mp4,1900-01-01 19:24:06.100,983
62461,1241,155,4.5,111.0,177.0,232.9090909090909,D:\AprPanama2025_fixed\041425_experimental\041425PA_experimental_part04.mp4,1900-01-01 19:24:06.100,1521
62460,703,92,25.5,119.0,179.0,249.325,D:\AprPanama2025_fixed\041425_experimental\041425PA_experimental_part04.mp4,1900-01-01 19:24:06.000,983
62459,703,92,28.0,123.0,179.0,249.88372093023256,D:\AprPanama2025_fixed\041425_experimental\041425PA_experimental_part04.mp4,1900-01-01 19:24:05.900,983
62457,704,93,32.5,114.0,179.0,252.35416666666663,D:\AprPanama2025_fixed\041425_experimental\041425PA_experimental_part04.mp4,1900-01-01 19:24:05.700,984
62455,704,93,33.5,111.0,179.0,249.34693877551015,D:\AprPanama2025_fixed\041425_experimental\041425PA_experimental_part04.mp4,1900-01-01 19:24:05.500,984
62458,704,93,33.5,114.0,179.0,250.4081632653061,D:\AprPanama2025_fixed\041425_experimental\041425PA_experimental_part04.mp4,1900-01-01 19:24:05.800,984
62454,704,93,33.5,113.0,179.0,251.24489795918365,D:\AprPanama2025_fixed\041425_experimental\041425PA_experimental_part04.mp4,1900-01-01 19:24:05.400,984
62465,703,91,19.0,113.0,179.0,246.86666666666667,D:\AprPanama2025_fixed\041425_experimental\041425PA_experimental_part04.mp4,1900-01-01 19:24:06.500,983
62466,703,91,17.5,120.0,179.0,243.67857142857144,D:\AprPanama2025_fixed\041425_experimental\041425PA_experimental_part04.mp4,1900-01-01 19:24:06.600,983
62469,703,90,14.0,111.0,179.0,236.5909090909091,D:\AprPanama2025_fixed\041425_experimental\041425PA_experimental_part04.mp4,1900-01-01 19:24:06.900,983
62467,703,91,17.0,126.0,179.0,245.3333333333333,D:\AprPanama2025_fixed\041425_experimental\041425PA_experimental_part04.mp4,1900-01-01 19:24:06.700,983
62468,703,90,15.5,111.0,179.0,233.79166666666663,D:\AprPanama2025_fixed\041425_experimental\041425PA_experimental_part04.mp4,1900-01-01 19:24:06.800,983
62463,703,92,27.0,117.0,179.0,245.9523809523809,D:\AprPanama2025_fixed\041425_experimental\041425PA_experimental_part04.mp4,1900-01-01 19:24:06.300,983
62464,703,92,22.0,119.0,179.0,246.54054054054052,D:\AprPanama2025_fixed\041425_experimental\041425PA_experimental_part04.mp4,1900-01-01 19:24:06.400,983
62462,703,92,23.5,120.0,179.0,246.9230769230769,D:\AprPanama2025_fixed\041425_experimental\041425PA_experimental_part04.mp4,1900-01-01 19:24:06.200,983
62474,703,90,13.0,119.0,178.0,230.9523809523809,D:\AprPanama2025_fixed\041425_experimental\041425PA_experimental_part04.mp4,1900-01-01 19:24:07.400,983
62476,703,91,11.5,118.0,178.0,238.42105263157893,D:\AprPanama2025_fixed\041425_experimental\041425PA_experimental_part04.mp4,1900-01-01 19:24:07.600,983
62477,703,90,13.0,115.0,176.0,227.9523809523809,D:\AprPanama2025_fixed\041425_experimental\041425PA_experimental_part04.mp4,1900-01-01 19:24:07.700,983
62475,703,90,13.0,114.0,179.0,235.04761904761904,D:\AprPanama2025_fixed\041425_experimental\041425PA_experimental_part04.mp4,1900-01-01 19:24:07.500,983
62473,703,90,14.5,123.0,179.0,239.3478260869565,D:\AprPanama2025_fixed\041425_experimental\041425PA_experimental_part04.mp4,1900-01-01 19:24:07.300,983
62471,703,91,13.0,131.0,179.0,242.9523809523809,D:\AprPanama2025_fixed\041425_experimental\041425PA_experimental_part04.mp4,1900-01-01 19:24:07.100,983
62472,703,90,14.5,123.0,179.0,239.3478260869565,D:\AprPanama2025_fixed\041425_experimental\041425PA_experimental_part04.mp4,1900-01-01 19:24:07.200,983
62470,703,91,14.5,112.0,179.0,240.3913043478261,D:\AprPanama2025_fixed\041425_experimental\041425PA_experimental_part04.mp4,1900-01-01 19:24:07.000,983
62480,703,90,6.0,120.0,179.0,245.25,D:\AprPanama2025_fixed\041425_experimental\041425PA_experimental_part04.mp4,1900-01-01 19:24:08.000,983
62481,703,90,5.0,120.0,176.0,252.1818181818182,D:\AprPanama2025_fixed\041425_experimental\041425PA_experimental_part04.mp4,1900-01-01 19:24:08.100,983
62479,703,90,7.0,130.0,175.0,247.2142857142857,D:\AprPanama2025_fixed\041425_experimental\041425PA_experimental_part04.mp4,1900-01-01 19:24:07.900,983
62478,703,91,9.5,111.0,174.0,243.9375,D:\AprPanama2025_fixed\041425_experimental\041425PA_experimental_part04.mp4,1900-01-01 19:24:07.800,983
62484,703,90,2.5,117.0,156.0,250.0,D:\AprPanama2025_fixed\041425_experimental\041425PA_experimental_part04.mp4,1900-01-01 19:24:08.400,983
62485,703,90,2.5,117.0,156.0,250.0,D:\AprPanama2025_fixed\041425_experimental\041425PA_experimental_part04.mp4,1900-01-01 19:24:08.500,983
62482,703,89,5.0,111.0,170.0,216.2,D:\AprPanama2025_fixed\041425_experimental\041425PA_experimental_part04.mp4,1900-01-01 19:24:08.200,983
62483,703,90,3.0,112.0,172.0,245.55555555555557,D:\AprPanama2025_fixed\041425_experimental\041425PA_experimental_part04.mp4,1900-01-01 19:24:08.300,983
62491,702,89,1.5,111.0,151.0,251.2,D:\AprPanama2025_fixed\041425_experimental\041425PA_experimental_part04.mp4,1900-01-01 19:24:09.100,982
62487,703,90,2.0,113.0,160.0,236.8333333333333,D:\AprPanama2025_fixed\041425_experimental\041425PA_experimental_part04.mp4,1900-01-01 19:24:08.700,983
63213,711,115,3.5,119.0,163.0,237.75,D:\AprPanama2025_fixed\041425_experimental\041425PA_experimental_part04.mp4,1900-01-01 19:25:21.300,991
63218,711,116,9.5,117.0,177.0,250.6875,D:\AprPanama2025_fixed\041425_experimental\041425PA_experimental_part04.mp4,1900-01-01 19:25:21.800,991
63216,711,116,9.0,115.0,179.0,251.0,D:\AprPanama2025_fixed\041425_experimental\041425PA_experimental_part04.mp4,1900-01-01 19:25:21.600,991
63220,711,116,9.5,121.0,177.0,249.875,D:\AprPanama2025_fixed\041425_experimental\041425PA_experimental_part04.mp4,1900-01-01 19:25:22.000,991
63214,711,116,5.5,120.0,171.0,241.1818181818182,D:\AprPanama2025_fixed\041425_experimental\041425PA_experimental_part04.mp4,1900-01-01 19:25:21.400,991
63219,711,116,9.5,117.0,177.0,249.5,D:\AprPanama2025_fixed\041425_experimental\041425PA_experimental_part04.mp4,1900-01-01 19:25:21.900,991
63217,711,116,9.5,118.0,178.0,251.1875,D:\AprPanama2025_fixed\041425_experimental\041425PA_experimental_part04.mp4,1900-01-01 19:25:21.700,991
63221,711,116,11.0,111.0,177.0,249.66666666666663,D:\AprPanama2025_fixed\041425_experimental\041425PA_experimental_part04.mp4,1900-01-01 19:25:22.100,991
63215,711,116,8.0,115.0,175.0,246.14285714285717,D:\AprPanama2025_fixed\041425_experimental\041425PA_experimental_part04.mp4,1900-01-01 19:25:21.500,991
63228,711,117,7.0,131.0,177.0,244.0769230769231,D:\AprPanama2025_fixed\041425_experimental\041425PA_experimental_part04.mp4,1900-01-01 19:25:22.800,991
63227,711,117,7.0,132.0,177.0,244.84615384615387,D:\AprPanama2025_fixed\041425_experimental\041425PA_experimental_part04.mp4,1900-01-01 19:25:22.700,991
63226,711,116,5.5,132.0,178.0,246.45454545454547,D:\AprPanama2025_fixed\041425_experimental\041425PA_experimental_part04.mp4,1900-01-01 19:25:22.600,991
63225,711,116,6.5,124.0,178.0,248.41666666666663,D:\AprPanama2025_fixed\041425_experimental\041425PA_experimental_part04.mp4,1900-01-01 19:25:22.500,991
63224,711,116,6.5,131.0,178.0,248.5833333333333,D:\AprPanama2025_fixed\041425_experimental\041425PA_experimental_part04.mp4,1900-01-01 19:25:22.400,991
63223,711,116,10.5,112.0,177.0,248.05882352941177,D:\AprPanama2025_fixed\041425_experimental\041425PA_experimental_part04.mp4,1900-01-01 19:25:22.300,991
63229,711,117,7.0,124.0,177.0,242.23076923076923,D:\AprPanama2025_fixed\041425_experimental\041425PA_experimental_part04.mp4,1900-01-01 19:25:22.900,991
63222,711,116,10.5,112.0,177.0,248.8823529411765,D:\AprPanama2025_fixed\041425_experimental\041425PA_experimental_part04.mp4,1900-01-01 19:25:22.200,991
63235,711,116,4.5,121.0,172.0,232.6,D:\AprPanama2025_fixed\041425_experimental\041425PA_experimental_part04.mp4,1900-01-01 19:25:23.500,991
63237,710,116,3.5,143.0,176.0,242.125,D:\AprPanama2025_fixed\041425_experimental\041425PA_experimental_part04.mp4,1900-01-01 19:25:23.700,990
63231,711,117,6.5,122.0,172.0,245.0,D:\AprPanama2025_fixed\041425_experimental\041425PA_experimental_part04.mp4,1900-01-01 19:25:23.100,991
63236,711,116,3.5,130.0,168.0,242.5,D:\AprPanama2025_fixed\041425_experimental\041425PA_experimental_part04.mp4,1900-01-01 19:25:23.600,991
63230,711,117,7.0,121.0,173.0,242.84615384615387,D:\AprPanama2025_fixed\041425_experimental\041425PA_experimental_part04.mp4,1900-01-01 19:25:23.000,991
63234,711,116,5.0,113.0,171.0,231.27272727272728,D:\AprPanama2025_fixed\041425_experimental\041425PA_experimental_part04.mp4,1900-01-01 19:25:23.400,991
63232,711,116,4.5,120.0,176.0,236.4,D:\AprPanama2025_fixed\041425_experimental\041425PA_experimental_part04.mp4,1900-01-01 19:25:23.200,991
63233,711,116,5.0,122.0,173.0,234.72727272727275,D:\AprPanama2025_fixed\041425_experimental\041425PA_experimental_part04.mp4,1900-01-01 19:25:23.300,991
63243,711,117,2.0,116.0,168.0,222.0,D:\AprPanama2025_fixed\041425_experimental\041425PA_experimental_part04.mp4,1900-01-01 19:25:24.300,991
63239,711,117,2.0,139.0,171.0,244.66666666666663,D:\AprPanama2025_fixed\041425_experimental\041425PA_experimental_part04.mp4,1900-01-01 19:25:23.900,991
63238,711,117,2.0,139.0,171.0,246.0,D:\AprPanama2025_fixed\041425_experimental\041425PA_experimental_part04.mp4,1900-01-01 19:25:23.800,991
64404,810,225,3.5,122.0,179.0,250.3333333333333,D:\AprPanama2025_fixed\041425_experimental\041425PA_experimental_part04.mp4,1900-01-01 19:27:20.400,1090
64405,811,225,11.0,125.0,179.0,238.44444444444443,D:\AprPanama2025_fixed\041425_experimental\041425PA_experimental_part04.mp4,1900-01-01 19:27:20.500,1091
64407,811,226,18.5,111.0,179.0,249.39285714285717,D:\AprPanama2025_fixed\041425_experimental\041425PA_experimental_part04.mp4,1900-01-01 19:27:20.700,1091
64411,811,226,18.0,141.0,179.0,251.14814814814807,D:\AprPanama2025_fixed\041425_experimental\041425PA_experimental_part04.mp4,1900-01-01 19:27:21.100,1091
64409,811,226,20.0,119.0,179.0,251.03333333333333,D:\AprPanama2025_fixed\041425_experimental\041425PA_experimental_part04.mp4,1900-01-01 19:27:20.900,1091
64410,811,226,19.0,114.0,179.0,251.67857142857144,D:\AprPanama2025_fixed\041425_experimental\041425PA_experimental_part04.mp4,1900-01-01 19:27:21.000,1091
64406,811,226,14.0,111.0,179.0,245.65217391304347,D:\AprPanama2025_fixed\041425_experimental\041425PA_experimental_part04.mp4,1900-01-01 19:27:20.600,1091
64408,811,226,18.5,123.0,179.0,248.60714285714283,D:\AprPanama2025_fixed\041425_experimental\041425PA_experimental_part04.mp4,1900-01-01 19:27:20.800,1091
64412,811,226,18.0,137.0,179.0,251.2222222222222,D:\AprPanama2025_fixed\041425_experimental\041425PA_experimental_part04.mp4,1900-01-01 19:27:21.200,1091
64413,811,226,18.0,133.0,179.0,248.7037037037037,D:\AprPanama2025_fixed\041425_experimental\041425PA_experimental_part04.mp4,1900-01-01 19:27:21.300,1091
64419,812,226,12.0,112.0,179.0,247.68421052631575,D:\AprPanama2025_fixed\041425_experimental\041425PA_experimental_part04.mp4,1900-01-01 19:27:21.900,1092
64416,811,226,17.0,117.0,179.0,249.56,D:\AprPanama2025_fixed\041425_experimental\041425PA_experimental_part04.mp4,1900-01-01 19:27:21.600,1091
64414,811,226,18.0,121.0,179.0,249.3333333333333,D:\AprPanama2025_fixed\041425_experimental\041425PA_experimental_part04.mp4,1900-01-01 19:27:21.400,1091
64418,811,226,15.5,112.0,179.0,240.75,D:\AprPanama2025_fixed\041425_experimental\041425PA_experimental_part04.mp4,1900-01-01 19:27:21.800,1091
64415,811,226,17.5,124.0,179.0,249.15384615384616,D:\AprPanama2025_fixed\041425_experimental\041425PA_experimental_part04.mp4,1900-01-01 19:27:21.500,1091
64417,811,226,13.5,117.0,179.0,246.0,D:\AprPanama2025_fixed\041425_experimental\041425PA_experimental_part04.mp4,1900-01-01 19:27:21.700,1091
64420,811,225,11.0,111.0,177.0,240.3333333333333,D:\AprPanama2025_fixed\041425_experimental\041425PA_experimental_part04.mp4,1900-01-01 19:27:22.000,1091
64421,811,225,11.0,111.0,177.0,240.3333333333333,D:\AprPanama2025_fixed\041425_experimental\041425PA_experimental_part04.mp4,1900-01-01 19:27:22.100,1091
64422,811,226,7.0,120.0,176.0,253.92307692307693,D:\AprPanama2025_fixed\041425_experimental\041425PA_experimental_part04.mp4,1900-01-01 19:27:22.200,1091
64423,811,225,7.0,119.0,176.0,247.30769230769232,D:\AprPanama2025_fixed\041425_experimental\041425PA_experimental_part04.mp4,1900-01-01 19:27:22.300,1091
64425,811,225,5.0,125.0,159.0,252.45454545454547,D:\AprPanama2025_fixed\041425_experimental\041425PA_experimental_part04.mp4,1900-01-01 19:27:22.500,1091
64426,811,225,4.0,132.0,163.0,245.1,D:\AprPanama2025_fixed\041425_experimental\041425PA_experimental_part04.mp4,1900-01-01 19:27:22.600,1091
64424,812,225,5.5,112.0,156.0,240.45454545454547,D:\AprPanama2025_fixed\041425_experimental\041425PA_experimental_part04.mp4,1900-01-01 19:27:22.400,1092
64427,811,225,3.0,114.0,163.0,244.125,D:\AprPanama2025_fixed\041425_experimental\041425PA_experimental_part04.mp4,1900-01-01 19:27:22.700,1091
66627,470,211,11.0,123.0,179.0,251.16666666666663,D:\AprPanama2025_fixed\041425_experimental\041425PA_experimental_part04.mp4,1900-01-01 19:31:02.700,750
66628,470,211,11.5,112.0,179.0,250.6315789473684,D:\AprPanama2025_fixed\041425_experimental\041425PA_experimental_part04.mp4,1900-01-01 19:31:02.800,750
66623,469,210,3.5,127.0,175.0,222.5,D:\AprPanama2025_fixed\041425_experimental\041425PA_experimental_part04.mp4,1900-01-01 19:31:02.300,749
66626,470,211,10.5,112.0,243.0,241.27777777777777,D:\AprPanama2025_fixed\041425_experimental\041425PA_experimental_part04.mp4,1900-01-01 19:31:02.600,750
66624,470,210,8.0,125.0,179.0,241.9333333333333,D:\AprPanama2025_fixed\041425_experimental\041425PA_experimental_part04.mp4,1900-01-01 19:31:02.400,750
66625,470,211,9.0,128.0,179.0,248.4375,D:\AprPanama2025_fixed\041425_experimental\041425PA_experimental_part04.mp4,1900-01-01 19:31:02.500,750
66629,470,211,12.0,112.0,243.0,242.3,D:\AprPanama2025_fixed\041425_experimental\041425PA_experimental_part04.mp4,1900-01-01 19:31:02.900,750
66632,470,211,11.5,112.0,179.0,249.0526315789473,D:\AprPanama2025_fixed\041425_experimental\041425PA_experimental_part04.mp4,1900-01-01 19:31:03.200,750
66637,470,210,8.0,124.0,179.0,253.13333333333333,D:\AprPanama2025_fixed\041425_experimental\041425PA_experimental_part04.mp4,1900-01-01 19:31:03.700,750
66634,470,211,9.5,111.0,179.0,247.35294117647055,D:\AprPanama2025_fixed\041425_experimental\041425PA_experimental_part04.mp4,1900-01-01 19:31:03.400,750
66633,470,211,10.5,112.0,179.0,246.16666666666663,D:\AprPanama2025_fixed\041425_experimental\041425PA_experimental_part04.mp4,1900-01-01 19:31:03.300,750
66631,470,211,13.5,112.0,179.0,247.3809523809524,D:\AprPanama2025_fixed\041425_experimental\041425PA_experimental_part04.mp4,1900-01-01 19:31:03.100,750
66636,470,211,9.0,118.0,179.0,249.75,D:\AprPanama2025_fixed\041425_experimental\041425PA_experimental_part04.mp4,1900-01-01 19:31:03.600,750
66635,470,211,9.5,111.0,222.0,245.52941176470588,D:\AprPanama2025_fixed\041425_experimental\041425PA_experimental_part04.mp4,1900-01-01 19:31:03.500,750
66630,470,211,13.5,112.0,179.0,246.52380952380952,D:\AprPanama2025_fixed\041425_experimental\041425PA_experimental_part04.mp4,1900-01-01 19:31:03.000,750
66640,470,210,8.0,125.0,179.0,249.8,D:\AprPanama2025_fixed\041425_experimental\041425PA_experimental_part04.mp4,1900-01-01 19:31:04.000,750
66642,470,210,8.0,119.0,178.0,244.46666666666667,D:\AprPanama2025_fixed\041425_experimental\041425PA_experimental_part04.mp4,1900-01-01 19:31:04.200,750
66644,470,210,8.0,116.0,179.0,243.2,D:\AprPanama2025_fixed\041425_experimental\041425PA_experimental_part04.mp4,1900-01-01 19:31:04.400,750
66641,470,210,8.0,125.0,179.0,247.7333333333333,D:\AprPanama2025_fixed\041425_experimental\041425PA_experimental_part04.mp4,1900-01-01 19:31:04.100,750
66645,469,211,7.5,111.0,177.0,249.35714285714283,D:\AprPanama2025_fixed\041425_experimental\041425PA_experimental_part04.mp4,1900-01-01 19:31:04.500,749
66639,470,210,8.0,125.0,179.0,251.06666666666663,D:\AprPanama2025_fixed\041425_experimental\041425PA_experimental_part04.mp4,1900-01-01 19:31:03.900,750
66643,470,210,8.0,113.0,179.0,238.86666666666667,D:\AprPanama2025_fixed\041425_experimental\041425PA_experimental_part04.mp4,1900-01-01 19:31:04.300,750
66638,470,210,8.0,125.0,179.0,252.66666666666663,D:\AprPanama2025_fixed\041425_experimental\041425PA_experimental_part04.mp4,1900-01-01 19:31:03.800,750
66647,469,210,7.0,123.0,177.0,252.30769230769232,D:\AprPanama2025_fixed\041425_experimental\041425PA_experimental_part04.mp4,1900-01-01 19:31:04.700,749
66653,470,210,4.0,124.0,171.0,190.4,D:\AprPanama2025_fixed\041425_experimental\041425PA_experimental_part04.mp4,1900-01-01 19:31:05.300,750
66651,470,210,5.0,123.0,182.0,230.0909090909091,D:\AprPanama2025_fixed\041425_experimental\041425PA_experimental_part04.mp4,1900-01-01 19:31:05.100,750
66648,469,210,7.0,123.0,176.0,250.61538461538464,D:\AprPanama2025_fixed\041425_experimental\041425PA_experimental_part04.mp4,1900-01-01 19:31:04.800,749
66649,469,210,7.0,123.0,175.0,248.46153846153848,D:\AprPanama2025_fixed\041425_experimental\041425PA_experimental_part04.mp4,1900-01-01 19:31:04.900,749
66650,469,210,7.0,115.0,177.0,242.0,D:\AprPanama2025_fixed\041425_experimental\041425PA_experimental_part04.mp4,1900-01-01 19:31:05.000,749
66652,470,210,4.0,120.0,171.0,209.0,D:\AprPanama2025_fixed\041425_experimental\041425PA_experimental_part04.mp4,1900-01-01 19:31:05.200,750
66646,469,211,7.5,117.0,177.0,248.64285714285717,D:\AprPanama2025_fixed\041425_experimental\041425PA_experimental_part04.mp4,1900-01-01 19:31:04.600,749
66656,470,209,1.5,118.0,160.0,219.8333333333333,D:\AprPanama2025_fixed\041425_experimental\041425PA_experimental_part04.mp4,1900-01-01 19:31:05.600,750
66657,469,209,2.5,125.0,176.0,170.57142857142856,D:\AprPanama2025_fixed\041425_experimental\041425PA_experimental_part04.mp4,1900-01-01 19:31:05.700,749
66655,470,210,3.5,130.0,166.0,172.875,D:\AprPanama2025_fixed\041425_experimental\041425PA_experimental_part04.mp4,1900-01-01 19:31:05.500,750
66654,470,210,4.0,114.0,170.0,179.88888888888889,D:\AprPanama2025_fixed\041425_experimental\041425PA_experimental_part04.mp4,1900-01-01 19:31:05.400,750
66658,469,209,2.5,125.0,176.0,170.57142857142856,D:\AprPanama2025_fixed\041425_experimental\041425PA_experimental_part04.mp4,1900-01-01 19:31:05.800,749
67644,606,327,4.5,121.0,178.0,251.0,D:\AprPanama2025_fixed\041425_experimental\041425PA_experimental_part04.mp4,1900-01-01 19:32:44.400,886
67641,606,327,6.0,111.0,181.0,250.5833333333333,D:\AprPanama2025_fixed\041425_experimental\041425PA_experimental_part04.mp4,1900-01-01 19:32:44.100,886
67643,606,327,4.5,123.0,179.0,251.0,D:\AprPanama2025_fixed\041425_experimental\041425PA_experimental_part04.mp4,1900-01-01 19:32:44.300,886
67642,606,327,4.5,119.0,179.0,253.8,D:\AprPanama2025_fixed\041425_experimental\041425PA_experimental_part04.mp4,1900-01-01 19:32:44.200,886
67639,605,327,4.0,111.0,175.0,223.1111111111111,D:\AprPanama2025_fixed\041425_experimental\041425PA_experimental_part04.mp4,1900-01-01 19:32:43.900,885
67640,606,327,5.5,123.0,179.0,235.0909090909091,D:\AprPanama2025_fixed\041425_experimental\041425PA_experimental_part04.mp4,1900-01-01 19:32:44.000,886
67645,606,327,4.5,119.0,178.0,251.0,D:\AprPanama2025_fixed\041425_experimental\041425PA_experimental_part04.mp4,1900-01-01 19:32:44.500,886
67638,605,326,1.5,120.0,167.0,230.4,D:\AprPanama2025_fixed\041425_experimental\041425PA_experimental_part04.mp4,1900-01-01 19:32:43.800,885
67652,606,327,2.0,118.0,169.0,241.42857142857144,D:\AprPanama2025_fixed\041425_experimental\041425PA_experimental_part04.mp4,1900-01-01 19:32:45.200,886
67650,606,327,4.5,112.0,175.0,236.4,D:\AprPanama2025_fixed\041425_experimental\041425PA_experimental_part04.mp4,1900-01-01 19:32:45.000,886
67647,606,328,5.5,111.0,179.0,235.45454545454547,D:\AprPanama2025_fixed\041425_experimental\041425PA_experimental_part04.mp4,1900-01-01 19:32:44.700,886
67648,606,327,4.5,112.0,178.0,239.1,D:\AprPanama2025_fixed\041425_experimental\041425PA_experimental_part04.mp4,1900-01-01 19:32:44.800,886
67649,606,327,4.5,112.0,178.0,239.1,D:\AprPanama2025_fixed\041425_experimental\041425PA_experimental_part04.mp4,1900-01-01 19:32:44.900,886
67653,606,327,2.0,118.0,169.0,241.42857142857144,D:\AprPanama2025_fixed\041425_experimental\041425PA_experimental_part04.mp4,1900-01-01 19:32:45.300,886
67651,606,327,2.0,118.0,169.0,241.42857142857144,D:\AprPanama2025_fixed\041425_experimental\041425PA_experimental_part04.mp4,1900-01-01 19:32:45.100,886
67646,606,327,4.5,119.0,178.0,251.0,D:\AprPanama2025_fixed\041425_experimental\041425PA_experimental_part04.mp4,1900-01-01 19:32:44.600,886
67674,604,326,1.5,112.0,169.0,189.8,D:\AprPanama2025_fixed\041425_experimental\041425PA_experimental_part04.mp4,1900-01-01 19:32:47.400,884
67675,604,326,1.5,112.0,169.0,189.8,D:\AprPanama2025_fixed\041425_experimental\041425PA_experimental_part04.mp4,1900-01-01 19:32:47.500,884
68501,993,245,8.5,118.0,179.0,238.6,D:\AprPanama2025_fixed\041425_experimental\041425PA_experimental_part04.mp4,1900-01-01 19:34:10.100,1273
68499,993,245,9.5,115.0,179.0,243.41176470588235,D:\AprPanama2025_fixed\041425_experimental\041425PA_experimental_part04.mp4,1900-01-01 19:34:09.900,1273
68498,993,244,6.0,114.0,177.0,229.5,D:\AprPanama2025_fixed\041425_experimental\041425PA_experimental_part04.mp4,1900-01-01 19:34:09.800,1273
68500,993,245,10.5,114.0,179.0,242.4705882352941,D:\AprPanama2025_fixed\041425_experimental\041425PA_experimental_part04.mp4,1900-01-01 19:34:10.000,1273
68504,993,245,2.5,112.0,145.0,254.14285714285717,D:\AprPanama2025_fixed\041425_experimental\041425PA_experimental_part04.mp4,1900-01-01 19:34:10.400,1273
68506,994,245,2.0,115.0,146.0,241.66666666666663,D:\AprPanama2025_fixed\041425_experimental\041425PA_experimental_part04.mp4,1900-01-01 19:34:10.600,1274
68503,993,246,5.5,136.0,164.0,255.0,D:\AprPanama2025_fixed\041425_experimental\041425PA_experimental_part04.mp4,1900-01-01 19:34:10.300,1273
68505,993,245,2.5,112.0,145.0,254.14285714285717,D:\AprPanama2025_fixed\041425_experimental\041425PA_experimental_part04.mp4,1900-01-01 19:34:10.500,1273
68502,993,246,4.5,122.0,154.0,251.2222222222222,D:\AprPanama2025_fixed\041425_experimental\041425PA_experimental_part04.mp4,1900-01-01 19:34:10.200,1273
71221,803,235,7.0,114.0,178.0,253.14285714285717,D:\AprPanama2025_fixed\041425_experimental\041425PA_experimental_part04.mp4,1900-01-01 19:38:42.100,1083
71220,802,234,2.0,124.0,163.0,252.8333333333333,D:\AprPanama2025_fixed\041425_experimental\041425PA_experimental_part04.mp4,1900-01-01 19:38:42.000,1082
71224,803,235,10.0,115.0,179.0,247.11764705882356,D:\AprPanama2025_fixed\041425_experimental\041425PA_experimental_part04.mp4,1900-01-01 19:38:42.400,1083
71225,803,235,9.0,119.0,178.0,238.6875,D:\AprPanama2025_fixed\041425_experimental\041425PA_experimental_part04.mp4,1900-01-01 19:38:42.500,1083
71229,803,234,7.0,120.0,179.0,250.85714285714283,D:\AprPanama2025_fixed\041425_experimental\041425PA_experimental_part04.mp4,1900-01-01 19:38:42.900,1083
71227,803,235,9.0,114.0,176.0,238.625,D:\AprPanama2025_fixed\041425_experimental\041425PA_experimental_part04.mp4,1900-01-01 19:38:42.700,1083
71226,803,235,9.0,122.0,175.0,239.75,D:\AprPanama2025_fixed\041425_experimental\041425PA_experimental_part04.mp4,1900-01-01 19:38:42.600,1083
71223,803,235,10.0,115.0,179.0,247.11764705882356,D:\AprPanama2025_fixed\041425_experimental\041425PA_experimental_part04.mp4,1900-01-01 19:38:42.300,1083
71228,802,235,6.5,113.0,172.0,253.3333333333333,D:\AprPanama2025_fixed\041425_experimental\041425PA_experimental_part04.mp4,1900-01-01 19:38:42.800,1082
71222,803,235,10.0,115.0,179.0,247.11764705882356,D:\AprPanama2025_fixed\041425_experimental\041425PA_experimental_part04.mp4,1900-01-01 19:38:42.200,1083
71232,802,234,6.0,113.0,177.0,246.8181818181818,D:\AprPanama2025_fixed\041425_experimental\041425PA_experimental_part04.mp4,1900-01-01 19:38:43.200,1082
71236,802,234,3.0,112.0,167.0,235.85714285714283,D:\AprPanama2025_fixed\041425_experimental\041425PA_experimental_part04.mp4,1900-01-01 19:38:43.600,1082
71231,802,234,2.5,112.0,174.0,241.14285714285717,D:\AprPanama2025_fixed\041425_experimental\041425PA_experimental_part04.mp4,1900-01-01 19:38:43.100,1082
71234,802,234,3.0,119.0,176.0,244.28571428571428,D:\AprPanama2025_fixed\041425_experimental\041425PA_experimental_part04.mp4,1900-01-01 19:38:43.400,1082
71235,802,234,3.0,119.0,176.0,244.28571428571428,D:\AprPanama2025_fixed\041425_experimental\041425PA_experimental_part04.mp4,1900-01-01 19:38:43.500,1082
71233,802,234,2.5,113.0,179.0,239.14285714285717,D:\AprPanama2025_fixed\041425_experimental\041425PA_experimental_part04.mp4,1900-01-01 19:38:43.300,1082
71230,803,234,3.5,120.0,169.0,239.5,D:\AprPanama2025_fixed\041425_experimental\041425PA_experimental_part04.mp4,1900-01-01 19:38:43.000,1083
72184,749,152,5.0,120.0,173.0,221.1,D:\AprPanama2025_fixed\041425_experimental\041425PA_experimental_part05.mp4,1900-01-01 19:40:18.400,1029
72185,749,152,2.0,122.0,165.0,251.66666666666663,D:\AprPanama2025_fixed\041425_experimental\041425PA_experimental_part05.mp4,1900-01-01 19:40:18.500,1029
72186,749,152,2.0,122.0,165.0,251.66666666666663,D:\AprPanama2025_fixed\041425_experimental\041425PA_experimental_part05.mp4,1900-01-01 19:40:18.600,1029
72190,749,151,2.0,115.0,171.0,248.8333333333333,D:\AprPanama2025_fixed\041425_experimental\041425PA_experimental_part05.mp4,1900-01-01 19:40:19.000,1029
72189,749,151,2.0,115.0,171.0,248.8333333333333,D:\AprPanama2025_fixed\041425_experimental\041425PA_experimental_part05.mp4,1900-01-01 19:40:18.900,1029
81801,953,63,5.5,138.0,173.0,244.1818181818182,D:\AprPanama2025_fixed\041425_experimental\041425PA_experimental_part05.mp4,1900-01-01 19:56:20.100,1233
81804,953,63,7.0,116.0,177.0,246.61538461538464,D:\AprPanama2025_fixed\041425_experimental\041425PA_experimental_part05.mp4,1900-01-01 19:56:20.400,1233
81802,953,63,7.0,115.0,173.0,250.92307692307693,D:\AprPanama2025_fixed\041425_experimental\041425PA_experimental_part05.mp4,1900-01-01 19:56:20.200,1233
81803,953,63,7.0,115.0,175.0,249.23076923076923,D:\AprPanama2025_fixed\041425_experimental\041425PA_experimental_part05.mp4,1900-01-01 19:56:20.300,1233
81800,952,64,1.5,117.0,157.0,150.20000000000002,D:\AprPanama2025_fixed\041425_experimental\041425PA_experimental_part05.mp4,1900-01-01 19:56:20.000,1232
81808,952,63,1.5,113.0,151.0,235.8,D:\AprPanama2025_fixed\041425_experimental\041425PA_experimental_part05.mp4,1900-01-01 19:56:20.800,1232
81806,953,63,2.5,119.0,171.0,241.0,D:\AprPanama2025_fixed\041425_experimental\041425PA_experimental_part05.mp4,1900-01-01 19:56:20.600,1233
81805,953,63,2.5,119.0,171.0,241.0,D:\AprPanama2025_fixed\041425_experimental\041425PA_experimental_part05.mp4,1900-01-01 19:56:20.500,1233
81807,952,63,1.5,112.0,158.0,241.5,D:\AprPanama2025_fixed\041425_experimental\041425PA_experimental_part05.mp4,1900-01-01 19:56:20.700,1232
90094,906,110,2.0,116.0,167.0,139.7142857142857,D:\AprPanama2025_fixed\041425_experimental\041425PA_experimental_part06.mp4,1900-01-01 20:10:09.400,1186
90106,1143,86,1.5,112.0,162.0,228.0,D:\AprPanama2025_fixed\041425_experimental\041425PA_experimental_part06.mp4,1900-01-01 20:10:10.600,1423
90107,1143,86,5.0,111.0,174.0,228.27272727272728,D:\AprPanama2025_fixed\041425_experimental\041425PA_experimental_part06.mp4,1900-01-01 20:10:10.700,1423
90112,1142,87,9.5,128.0,186.0,243.4375,D:\AprPanama2025_fixed\041425_experimental\041425PA_experimental_part06.mp4,1900-01-01 20:10:11.200,1422
90110,1143,87,9.0,114.0,179.0,247.875,D:\AprPanama2025_fixed\041425_experimental\041425PA_experimental_part06.mp4,1900-01-01 20:10:11.000,1423
90111,1143,87,11.0,116.0,182.0,244.44444444444443,D:\AprPanama2025_fixed\041425_experimental\041425PA_experimental_part06.mp4,1900-01-01 20:10:11.100,1423
90108,1143,87,8.5,131.0,178.0,243.0,D:\AprPanama2025_fixed\041425_experimental\041425PA_experimental_part06.mp4,1900-01-01 20:10:10.800,1423
90109,1143,87,8.0,114.0,177.0,236.86666666666667,D:\AprPanama2025_fixed\041425_experimental\041425PA_experimental_part06.mp4,1900-01-01 20:10:10.900,1423
90114,1142,88,7.5,122.0,176.0,242.2142857142857,D:\AprPanama2025_fixed\041425_experimental\041425PA_experimental_part06.mp4,1900-01-01 20:10:11.400,1422
90115,1141,88,10.5,112.0,179.0,237.8333333333333,D:\AprPanama2025_fixed\041425_experimental\041425PA_experimental_part06.mp4,1900-01-01 20:10:11.500,1421
90113,1142,87,9.5,128.0,186.0,243.4375,D:\AprPanama2025_fixed\041425_experimental\041425PA_experimental_part06.mp4,1900-01-01 20:10:11.300,1422
90117,1141,88,7.0,112.0,179.0,254.53846153846155,D:\AprPanama2025_fixed\041425_experimental\041425PA_experimental_part06.mp4,1900-01-01 20:10:11.700,1421
90122,1139,90,3.5,117.0,179.0,227.3333333333333,D:\AprPanama2025_fixed\041425_experimental\041425PA_experimental_part06.mp4,1900-01-01 20:10:12.200,1419
90121,1140,90,5.0,111.0,176.0,208.7,D:\AprPanama2025_fixed\041425_experimental\041425PA_experimental_part06.mp4,1900-01-01 20:10:12.100,1420
90119,1140,89,6.5,112.0,178.0,241.84615384615387,D:\AprPanama2025_fixed\041425_experimental\041425PA_experimental_part06.mp4,1900-01-01 20:10:11.900,1420
90118,1141,89,7.0,116.0,179.0,243.0,D:\AprPanama2025_fixed\041425_experimental\041425PA_experimental_part06.mp4,1900-01-01 20:10:11.800,1421
90120,1140,89,5.0,119.0,171.0,192.4,D:\AprPanama2025_fixed\041425_experimental\041425PA_experimental_part06.mp4,1900-01-01 20:10:12.000,1420
90123,1139,90,3.5,117.0,179.0,227.3333333333333,D:\AprPanama2025_fixed\041425_experimental\041425PA_experimental_part06.mp4,1900-01-01 20:10:12.300,1419
90116,1141,88,9.5,122.0,177.0,254.3125,D:\AprPanama2025_fixed\041425_experimental\041425PA_experimental_part06.mp4,1900-01-01 20:10:11.600,1421
90124,1139,91,4.0,121.0,169.0,242.0,D:\AprPanama2025_fixed\041425_experimental\041425PA_experimental_part06.mp4,1900-01-01 20:10:12.400,1419
90125,1139,91,2.5,125.0,169.0,248.7142857142857,D:\AprPanama2025_fixed\041425_experimental\041425PA_experimental_part06.mp4,1900-01-01 20:10:12.500,1419
95023,1187,87,2.5,115.0,169.0,248.57142857142856,D:\AprPanama2025_fixed\041425_experimental\041425PA_experimental_part06.mp4,1900-01-01 20:18:22.300,1467
95027,1185,87,5.0,114.0,165.0,248.1,D:\AprPanama2025_fixed\041425_experimental\041425PA_experimental_part06.mp4,1900-01-01 20:18:22.700,1465
95022,1186,86,1.5,128.0,157.0,249.8,D:\AprPanama2025_fixed\041425_experimental\041425PA_experimental_part06.mp4,1900-01-01 20:18:22.200,1466
95024,1186,87,4.0,115.0,166.0,255.0,D:\AprPanama2025_fixed\041425_experimental\041425PA_experimental_part06.mp4,1900-01-01 20:18:22.400,1466
95026,1186,87,5.0,113.0,179.0,252.2,D:\AprPanama2025_fixed\041425_experimental\041425PA_experimental_part06.mp4,1900-01-01 20:18:22.600,1466
95025,1186,87,4.0,116.0,149.0,254.88888888888889,D:\AprPanama2025_fixed\041425_experimental\041425PA_experimental_part06.mp4,1900-01-01 20:18:22.500,1466
95030,1184,88,3.0,115.0,149.0,221.25,D:\AprPanama2025_fixed\041425_experimental\041425PA_experimental_part06.mp4,1900-01-01 20:18:23.000,1464
95029,1184,88,2.0,113.0,156.0,238.0,D:\AprPanama2025_fixed\041425_experimental\041425PA_experimental_part06.mp4,1900-01-01 20:18:22.900,1464
95067,1156,147,1.5,119.0,161.0,236.0,D:\AprPanama2025_fixed\041425_experimental\041425PA_experimental_part06.mp4,1900-01-01 20:18:26.700,1436
95070,1157,149,7.0,112.0,173.0,248.53846153846155,D:\AprPanama2025_fixed\041425_experimental\041425PA_experimental_part06.mp4,1900-01-01 20:18:27.000,1437
95075,1156,151,1.5,114.0,135.0,242.8,D:\AprPanama2025_fixed\041425_experimental\041425PA_experimental_part06.mp4,1900-01-01 20:18:27.500,1436
95071,1158,149,2.5,112.0,146.0,249.7142857142857,D:\AprPanama2025_fixed\041425_experimental\041425PA_experimental_part06.mp4,1900-01-01 20:18:27.100,1438
95069,1157,149,6.5,125.0,179.0,248.15384615384616,D:\AprPanama2025_fixed\041425_experimental\041425PA_experimental_part06.mp4,1900-01-01 20:18:26.900,1437
95068,1156,148,2.5,115.0,168.0,246.77777777777777,D:\AprPanama2025_fixed\041425_experimental\041425PA_experimental_part06.mp4,1900-01-01 20:18:26.800,1436
95072,1158,150,1.5,111.0,138.0,255.0,D:\AprPanama2025_fixed\041425_experimental\041425PA_experimental_part06.mp4,1900-01-01 20:18:27.200,1438
95074,1156,150,2.0,114.0,178.0,236.0,D:\AprPanama2025_fixed\041425_experimental\041425PA_experimental_part06.mp4,1900-01-01 20:18:27.400,1436
95076,1156,151,2.0,112.0,142.0,254.0,D:\AprPanama2025_fixed\041425_experimental\041425PA_experimental_part06.mp4,1900-01-01 20:18:27.600,1436
95099,1125,158,6.0,120.0,175.0,219.41666666666663,D:\AprPanama2025_fixed\041425_experimental\041425PA_experimental_part06.mp4,1900-01-01 20:18:29.900,1405
95097,1126,158,4.5,128.0,179.0,254.5,D:\AprPanama2025_fixed\041425_experimental\041425PA_experimental_part06.mp4,1900-01-01 20:18:29.700,1406
95098,1126,158,8.5,115.0,171.0,255.0,D:\AprPanama2025_fixed\041425_experimental\041425PA_experimental_part06.mp4,1900-01-01 20:18:29.800,1406
95096,1125,157,2.0,111.0,170.0,241.0,D:\AprPanama2025_fixed\041425_experimental\041425PA_experimental_part06.mp4,1900-01-01 20:18:29.600,1405
95100,1124,158,7.0,118.0,165.0,213.15384615384616,D:\AprPanama2025_fixed\041425_experimental\041425PA_experimental_part06.mp4,1900-01-01 20:18:30.000,1404
95102,1124,157,2.5,113.0,162.0,253.28571428571428,D:\AprPanama2025_fixed\041425_experimental\041425PA_experimental_part06.mp4,1900-01-01 20:18:30.200,1404
95101,1125,158,5.5,119.0,177.0,246.5833333333333,D:\AprPanama2025_fixed\041425_experimental\041425PA_experimental_part06.mp4,1900-01-01 20:18:30.100,1405
95123,1121,157,7.0,108.0,169.0,230.57142857142856,D:\AprPanama2025_fixed\041425_experimental\041425PA_experimental_part06.mp4,1900-01-01 20:18:32.300,1401
95123,1122,157,2.0,108.0,163.0,234.0,D:\AprPanama2025_fixed\041425_experimental\041425PA_experimental_part06.mp4,1900-01-01 20:18:32.300,1402
95122,1121,157,3.5,116.0,163.0,176.125,D:\AprPanama2025_fixed\041425_experimental\041425PA_experimental_part06.mp4,1900-01-01 20:18:32.200,1401
95125,1120,158,6.0,113.0,176.0,222.75,D:\AprPanama2025_fixed\041425_experimental\041425PA_experimental_part06.mp4,1900-01-01 20:18:32.500,1400
95128,1118,160,1.5,124.0,165.0,162.4,D:\AprPanama2025_fixed\041425_experimental\041425PA_experimental_part06.mp4,1900-01-01 20:18:32.800,1398
95124,1121,158,5.0,120.0,176.0,225.63636363636363,D:\AprPanama2025_fixed\041425_experimental\041425PA_experimental_part06.mp4,1900-01-01 20:18:32.400,1401
95126,1120,158,4.0,114.0,185.0,249.1111111111111,D:\AprPanama2025_fixed\041425_experimental\041425PA_experimental_part06.mp4,1900-01-01 20:18:32.600,1400
95499,540,206,2.0,125.0,177.0,210.0,D:\AprPanama2025_fixed\041425_experimental\041425PA_experimental_part06.mp4,1900-01-01 20:19:09.900,820
95504,540,205,2.5,117.0,176.0,245.42857142857144,D:\AprPanama2025_fixed\041425_experimental\041425PA_experimental_part06.mp4,1900-01-01 20:19:10.400,820
95502,540,206,2.0,111.0,171.0,249.28571428571428,D:\AprPanama2025_fixed\041425_experimental\041425PA_experimental_part06.mp4,1900-01-01 20:19:10.200,820
95505,540,205,3.0,117.0,179.0,249.0,D:\AprPanama2025_fixed\041425_experimental\041425PA_experimental_part06.mp4,1900-01-01 20:19:10.500,820
95501,540,207,1.5,114.0,178.0,207.4,D:\AprPanama2025_fixed\041425_experimental\041425PA_experimental_part06.mp4,1900-01-01 20:19:10.100,820
95503,540,205,2.5,117.0,176.0,245.42857142857144,D:\AprPanama2025_fixed\041425_experimental\041425PA_experimental_part06.mp4,1900-01-01 20:19:10.300,820
95506,540,205,3.0,145.0,178.0,249.75,D:\AprPanama2025_fixed\041425_experimental\041425PA_experimental_part06.mp4,1900-01-01 20:19:10.600,820
95507,540,205,3.0,123.0,178.0,232.375,D:\AprPanama2025_fixed\041425_experimental\041425PA_experimental_part06.mp4,1900-01-01 20:19:10.700,820
95509,540,205,1.5,119.0,183.0,247.66666666666663,D:\AprPanama2025_fixed\041425_experimental\041425PA_experimental_part06.mp4,1900-01-01 20:19:10.900,820
95515,540,203,3.0,119.0,179.0,209.875,D:\AprPanama2025_fixed\041425_experimental\041425PA_experimental_part06.mp4,1900-01-01 20:19:11.500,820
95508,540,205,2.0,119.0,164.0,229.16666666666663,D:\AprPanama2025_fixed\041425_experimental\041425PA_experimental_part06.mp4,1900-01-01 20:19:10.800,820
95516,540,202,2.0,153.0,178.0,224.3333333333333,D:\AprPanama2025_fixed\041425_experimental\041425PA_experimental_part06.mp4,1900-01-01 20:19:11.600,820
98767,150,127,2.0,119.0,162.0,240.85714285714283,D:\AprPanama2025_fixed\041425_experimental\041425PA_experimental_part06.mp4,1900-01-01 20:24:36.700,430
100017,339,149,2.0,136.0,158.0,207.3333333333333,D:\AprPanama2025_fixed\041425_experimental\041425PA_experimental_part06.mp4,1900-01-01 20:26:41.700,619
100016,338,150,2.5,113.0,163.0,242.85714285714283,D:\AprPanama2025_fixed\041425_experimental\041425PA_experimental_part06.mp4,1900-01-01 20:26:41.600,618
100019,339,150,4.0,121.0,181.0,175.77777777777777,D:\AprPanama2025_fixed\041425_experimental\041425PA_experimental_part06.mp4,1900-01-01 20:26:41.900,619
100014,338,151,1.5,115.0,170.0,243.3333333333333,D:\AprPanama2025_fixed\041425_experimental\041425PA_experimental_part06.mp4,1900-01-01 20:26:41.400,618
100015,338,151,1.5,113.0,165.0,254.8333333333333,D:\AprPanama2025_fixed\041425_experimental\041425PA_experimental_part06.mp4,1900-01-01 20:26:41.500,618
100020,339,150,4.0,121.0,181.0,175.77777777777777,D:\AprPanama2025_fixed\041425_experimental\041425PA_experimental_part06.mp4,1900-01-01 20:26:42.000,619
100037,285,210,1.5,118.0,145.0,99.0,D:\AprPanama2025_fixed\041425_experimental\041425PA_experimental_part06.mp4,1900-01-01 20:26:43.700,565
101626,60,96,1.5,129.0,170.0,232.0,D:\AprPanama2025_fixed\041425_experimental\041425PA_experimental_part06.mp4,1900-01-01 20:29:22.600,340
101627,60,97,3.5,115.0,170.0,175.25,D:\AprPanama2025_fixed\041425_experimental\041425PA_experimental_part06.mp4,1900-01-01 20:29:22.700,340
101629,60,97,3.5,114.0,170.0,142.375,D:\AprPanama2025_fixed\041425_experimental\041425PA_experimental_part06.mp4,1900-01-01 20:29:22.900,340
101630,60,97,3.5,114.0,170.0,142.375,D:\AprPanama2025_fixed\041425_experimental\041425PA_experimental_part06.mp4,1900-01-01 20:29:23.000,340
101628,60,97,3.5,114.0,170.0,159.75,D:\AprPanama2025_fixed\041425_experimental\041425PA_experimental_part06.mp4,1900-01-01 20:29:22.800,340
102249,39,164,3.0,123.0,161.0,81.28571428571428,D:\AprPanama2025_fixed\041425_experimental\041425PA_experimental_part06.mp4,1900-01-01 20:30:24.900,319
102250,39,164,2.0,123.0,159.0,136.16666666666666,D:\AprPanama2025_fixed\041425_experimental\041425PA_experimental_part06.mp4,1900-01-01 20:30:25.000,319
103658,346,32,1.5,143.0,176.0,237.8,D:\AprPanama2025_fixed\041425_experimental\041425PA_experimental_part06.mp4,1900-01-01 20:32:45.800,626
103659,346,32,1.5,143.0,177.0,225.2,D:\AprPanama2025_fixed\041425_experimental\041425PA_experimental_part06.mp4,1900-01-01 20:32:45.900,626
103661,346,32,1.5,117.0,170.0,236.8,D:\AprPanama2025_fixed\041425_experimental\041425PA_experimental_part06.mp4,1900-01-01 20:32:46.100,626
103660,346,32,1.5,111.0,165.0,230.6,D:\AprPanama2025_fixed\041425_experimental\041425PA_experimental_part06.mp4,1900-01-01 20:32:46.000,626
103872,1117,76,4.5,115.0,176.0,252.3,D:\AprPanama2025_fixed\041425_experimental\041425PA_experimental_part06.mp4,1900-01-01 20:33:07.200,1397
103870,1116,75,2.5,123.0,176.0,243.85714285714283,D:\AprPanama2025_fixed\041425_experimental\041425PA_experimental_part06.mp4,1900-01-01 20:33:07.000,1396
103873,1116,76,5.0,115.0,172.0,253.5,D:\AprPanama2025_fixed\041425_experimental\041425PA_experimental_part06.mp4,1900-01-01 20:33:07.300,1396
103875,1118,78,1.5,112.0,151.0,250.2,D:\AprPanama2025_fixed\041425_experimental\041425PA_experimental_part06.mp4,1900-01-01 20:33:07.500,1398
103874,1117,77,3.5,120.0,154.0,253.5,D:\AprPanama2025_fixed\041425_experimental\041425PA_experimental_part06.mp4,1900-01-01 20:33:07.400,1397
103876,1117,79,4.0,119.0,171.0,226.55555555555557,D:\AprPanama2025_fixed\041425_experimental\041425PA_experimental_part06.mp4,1900-01-01 20:33:07.600,1397
103878,1117,80,3.0,111.0,148.0,250.125,D:\AprPanama2025_fixed\041425_experimental\041425PA_experimental_part06.mp4,1900-01-01 20:33:07.800,1397
106814,51,152,1.5,119.0,146.0,75.60000000000001,D:\AprPanama2025_fixed\041425_experimental\041425PA_experimental_part06.mp4,1900-01-01 20:38:01.400,331
106815,51,152,1.5,119.0,146.0,75.60000000000001,D:\AprPanama2025_fixed\041425_experimental\041425PA_experimental_part06.mp4,1900-01-01 20:38:01.500,331
106812,51,154,2.5,111.0,146.0,106.71428571428572,D:\AprPanama2025_fixed\041425_experimental\041425PA_experimental_part06.mp4,1900-01-01 20:38:01.200,331
109375,213,64,3.0,111.0,164.0,99.57142857142856,D:\AprPanama2025_fixed\041425_experimental\041425PA_experimental_part07.mp4,1900-01-01 20:42:17.500,493
109376,213,64,2.0,127.0,159.0,109.5,D:\AprPanama2025_fixed\041425_experimental\041425PA_experimental_part07.mp4,1900-01-01 20:42:17.600,493
109373,213,64,3.0,113.0,167.0,109.42857142857142,D:\AprPanama2025_fixed\041425_experimental\041425PA_experimental_part07.mp4,1900-01-01 20:42:17.300,493
109377,213,64,3.0,112.0,139.0,73.57142857142857,D:\AprPanama2025_fixed\041425_experimental\041425PA_experimental_part07.mp4,1900-01-01 20:42:17.700,493
109378,213,64,1.5,111.0,148.0,79.4,D:\AprPanama2025_fixed\041425_experimental\041425PA_experimental_part07.mp4,1900-01-01 20:42:17.800,493
109374,213,64,3.0,113.0,167.0,109.42857142857142,D:\AprPanama2025_fixed\041425_experimental\041425PA_experimental_part07.mp4,1900-01-01 20:42:17.400,493
111606,166,104,2.0,124.0,169.0,190.66666666666663,D:\AprPanama2025_fixed\041425_experimental\041425PA_experimental_part07.mp4,1900-01-01 20:46:00.600,446
111605,166,104,2.0,124.0,169.0,190.66666666666663,D:\AprPanama2025_fixed\041425_experimental\041425PA_experimental_part07.mp4,1900-01-01 20:46:00.500,446
111609,166,104,2.0,113.0,168.0,187.66666666666663,D:\AprPanama2025_fixed\041425_experimental\041425PA_experimental_part07.mp4,1900-01-01 20:46:00.900,446
111607,166,104,2.0,118.0,168.0,189.66666666666663,D:\AprPanama2025_fixed\041425_experimental\041425PA_experimental_part07.mp4,1900-01-01 20:46:00.700,446
111604,166,104,2.0,124.0,169.0,190.66666666666663,D:\AprPanama2025_fixed\041425_experimental\041425PA_experimental_part07.mp4,1900-01-01 20:46:00.400,446
111608,166,104,2.0,113.0,168.0,187.66666666666663,D:\AprPanama2025_fixed\041425_experimental\041425PA_experimental_part07.mp4,1900-01-01 20:46:00.800,446
111626,384,84,1.5,127.0,166.0,247.6,D:\AprPanama2025_fixed\041425_experimental\041425PA_experimental_part07.mp4,1900-01-01 20:46:02.600,664
111627,384,84,3.0,115.0,174.0,209.85714285714283,D:\AprPanama2025_fixed\041425_experimental\041425PA_experimental_part07.mp4,1900-01-01 20:46:02.700,664
111638,384,42,1.5,124.0,166.0,142.6,D:\AprPanama2025_fixed\041425_experimental\041425PA_experimental_part07.mp4,1900-01-01 20:46:03.800,664
111639,384,42,3.0,112.0,169.0,218.85714285714283,D:\AprPanama2025_fixed\041425_experimental\041425PA_experimental_part07.mp4,1900-01-01 20:46:03.900,664
111640,384,42,1.5,138.0,179.0,234.2,D:\AprPanama2025_fixed\041425_experimental\041425PA_experimental_part07.mp4,1900-01-01 20:46:04.000,664
111649,383,43,1.5,119.0,157.0,76.80000000000001,D:\AprPanama2025_fixed\041425_experimental\041425PA_experimental_part07.mp4,1900-01-01 20:46:04.900,663
111645,383,43,1.5,125.0,166.0,150.4,D:\AprPanama2025_fixed\041425_experimental\041425PA_experimental_part07.mp4,1900-01-01 20:46:04.500,663
111646,383,43,1.5,125.0,166.0,150.8,D:\AprPanama2025_fixed\041425_experimental\041425PA_experimental_part07.mp4,1900-01-01 20:46:04.600,663
111647,383,43,1.5,119.0,157.0,76.80000000000001,D:\AprPanama2025_fixed\041425_experimental\041425PA_experimental_part07.mp4,1900-01-01 20:46:04.700,663
111648,383,43,1.5,119.0,157.0,76.80000000000001,D:\AprPanama2025_fixed\041425_experimental\041425PA_experimental_part07.mp4,1900-01-01 20:46:04.800,663
113130,255,248,2.0,112.0,143.0,63.83333333333333,D:\AprPanama2025_fixed\041425_experimental\041425PA_experimental_part07.mp4,1900-01-01 20:48:33.000,535
113134,255,247,5.0,114.0,158.0,115.7,D:\AprPanama2025_fixed\041425_experimental\041425PA_experimental_part07.mp4,1900-01-01 20:48:33.400,535
113132,255,247,5.0,114.0,158.0,115.7,D:\AprPanama2025_fixed\041425_experimental\041425PA_experimental_part07.mp4,1900-01-01 20:48:33.200,535
113135,255,247,5.0,114.0,158.0,115.7,D:\AprPanama2025_fixed\041425_experimental\041425PA_experimental_part07.mp4,1900-01-01 20:48:33.500,535
113131,255,248,2.0,115.0,143.0,60.66666666666666,D:\AprPanama2025_fixed\041425_experimental\041425PA_experimental_part07.mp4,1900-01-01 20:48:33.100,535
113136,255,248,2.5,112.0,143.0,43.0,D:\AprPanama2025_fixed\041425_experimental\041425PA_experimental_part07.mp4,1900-01-01 20:48:33.600,535
113133,255,247,5.0,114.0,158.0,115.7,D:\AprPanama2025_fixed\041425_experimental\041425PA_experimental_part07.mp4,1900-01-01 20:48:33.300,535
113137,255,248,2.5,112.0,143.0,43.0,D:\AprPanama2025_fixed\041425_experimental\041425PA_experimental_part07.mp4,1900-01-01 20:48:33.700,535
117669,225,227,1.5,114.0,150.0,93.6,D:\AprPanama2025_fixed\041425_experimental\041425PA_experimental_part07.mp4,1900-01-01 20:56:06.900,505
117674,224,226,1.5,119.0,152.0,213.4,D:\AprPanama2025_fixed\041425_experimental\041425PA_experimental_part07.mp4,1900-01-01 20:56:07.400,504
117707,219,44,2.5,113.0,141.0,48.85714285714285,D:\AprPanama2025_fixed\041425_experimental\041425PA_experimental_part07.mp4,1900-01-01 20:56:10.700,499
119237,88,302,1.5,122.0,158.0,219.6,D:\AprPanama2025_fixed\041425_experimental\041425PA_experimental_part07.mp4,1900-01-01 20:58:43.700,368
119239,88,301,2.0,117.0,163.0,223.5,D:\AprPanama2025_fixed\041425_experimental\041425PA_experimental_part07.mp4,1900-01-01 20:58:43.900,368
119238,88,302,1.5,137.0,164.0,227.4,D:\AprPanama2025_fixed\041425_experimental\041425PA_experimental_part07.mp4,1900-01-01 20:58:43.800,368
119240,88,302,1.5,116.0,158.0,247.2,D:\AprPanama2025_fixed\041425_experimental\041425PA_experimental_part07.mp4,1900-01-01 20:58:44.000,368
121164,181,256,3.0,112.0,157.0,134.22222222222223,D:\AprPanama2025_fixed\041425_experimental\041425PA_experimental_part07.mp4,1900-01-01 21:01:56.400,461
121168,182,255,3.5,119.0,175.0,236.77777777777777,D:\AprPanama2025_fixed\041425_experimental\041425PA_experimental_part07.mp4,1900-01-01 21:01:56.800,462
121165,181,256,6.0,112.0,166.0,205.5,D:\AprPanama2025_fixed\041425_experimental\041425PA_experimental_part07.mp4,1900-01-01 21:01:56.500,461
121166,182,255,6.5,113.0,178.0,223.8333333333333,D:\AprPanama2025_fixed\041425_experimental\041425PA_experimental_part07.mp4,1900-01-01 21:01:56.600,462
121167,182,255,5.5,125.0,178.0,249.0,D:\AprPanama2025_fixed\041425_experimental\041425PA_experimental_part07.mp4,1900-01-01 21:01:56.700,462
121169,182,254,5.0,128.0,178.0,250.41666666666663,D:\AprPanama2025_fixed\041425_experimental\041425PA_experimental_part07.mp4,1900-01-01 21:01:56.900,462
121172,183,252,2.5,116.0,175.0,142.14285714285714,D:\AprPanama2025_fixed\041425_experimental\041425PA_experimental_part07.mp4,1900-01-01 21:01:57.200,463
121173,183,252,2.5,118.0,175.0,215.42857142857144,D:\AprPanama2025_fixed\041425_experimental\041425PA_experimental_part07.mp4,1900-01-01 21:01:57.300,463
121174,183,251,1.5,113.0,170.0,249.6,D:\AprPanama2025_fixed\041425_experimental\041425PA_experimental_part07.mp4,1900-01-01 21:01:57.400,463
121170,182,253,5.0,141.0,171.0,251.72727272727275,D:\AprPanama2025_fixed\041425_experimental\041425PA_experimental_part07.mp4,1900-01-01 21:01:57.000,462
121171,182,252,4.5,129.0,163.0,253.6,D:\AprPanama2025_fixed\041425_experimental\041425PA_experimental_part07.mp4,1900-01-01 21:01:57.100,462
121192,75,220,1.5,119.0,145.0,50.2,D:\AprPanama2025_fixed\041425_experimental\041425PA_experimental_part07.mp4,1900-01-01 21:01:59.200,355
122032,195,46,1.5,118.0,143.0,81.60000000000001,D:\AprPanama2025_fixed\041425_experimental\041425PA_experimental_part07.mp4,1900-01-01 21:03:23.200,475
122033,195,46,1.5,118.0,143.0,81.60000000000001,D:\AprPanama2025_fixed\041425_experimental\041425PA_experimental_part07.mp4,1900-01-01 21:03:23.300,475
122035,195,46,1.5,118.0,143.0,81.60000000000001,D:\AprPanama2025_fixed\041425_experimental\041425PA_experimental_part07.mp4,1900-01-01 21:03:23.500,475
122034,195,46,1.5,118.0,143.0,81.60000000000001,D:\AprPanama2025_fixed\041425_experimental\041425PA_experimental_part07.mp4,1900-01-01 21:03:23.400,475
137352,374,185,2.0,156.0,173.0,250.16666666666663,D:\AprPanama2025_fixed\041425_experimental\041425PA_experimental_part08.mp4,1900-01-01 21:28:55.200,654
137354,374,185,3.0,144.0,176.0,231.25,D:\AprPanama2025_fixed\041425_experimental\041425PA_experimental_part08.mp4,1900-01-01 21:28:55.400,654
137353,374,185,2.0,156.0,173.0,250.16666666666663,D:\AprPanama2025_fixed\041425_experimental\041425PA_experimental_part08.mp4,1900-01-01 21:28:55.300,654
137376,372,332,4.5,116.0,172.0,235.5,D:\AprPanama2025_fixed\041425_experimental\041425PA_experimental_part08.mp4,1900-01-01 21:28:57.600,652
137378,373,332,5.5,123.0,171.0,171.1818181818182,D:\AprPanama2025_fixed\041425_experimental\041425PA_experimental_part08.mp4,1900-01-01 21:28:57.800,653
137377,372,332,4.5,125.0,174.0,208.6,D:\AprPanama2025_fixed\041425_experimental\041425PA_experimental_part08.mp4,1900-01-01 21:28:57.700,652
137379,372,332,4.0,113.0,171.0,185.2222222222222,D:\AprPanama2025_fixed\041425_experimental\041425PA_experimental_part08.mp4,1900-01-01 21:28:57.900,652
137384,374,332,2.5,117.0,177.0,132.28571428571428,D:\AprPanama2025_fixed\041425_experimental\041425PA_experimental_part08.mp4,1900-01-01 21:28:58.400,654
139343,34,127,1.5,124.0,168.0,203.8,D:\AprPanama2025_fixed\041425_experimental\041425PA_experimental_part08.mp4,1900-01-01 21:32:14.300,314
142839,754,240,10.5,119.0,181.0,249.0,D:\AprPanama2025_fixed\041425_experimental\041425PA_experimental_part08.mp4,1900-01-01 21:38:03.900,1034
142838,754,241,2.0,129.0,170.0,249.14285714285717,D:\AprPanama2025_fixed\041425_experimental\041425PA_experimental_part08.mp4,1900-01-01 21:38:03.800,1034
142840,754,240,16.0,118.0,179.0,236.8333333333333,D:\AprPanama2025_fixed\041425_experimental\041425PA_experimental_part08.mp4,1900-01-01 21:38:04.000,1034
142847,754,239,17.0,111.0,179.0,253.04,D:\AprPanama2025_fixed\041425_experimental\041425PA_experimental_part08.mp4,1900-01-01 21:38:04.700,1034
142845,754,240,19.5,111.0,179.0,250.39285714285717,D:\AprPanama2025_fixed\041425_experimental\041425PA_experimental_part08.mp4,1900-01-01 21:38:04.500,1034
142842,754,240,17.5,117.0,179.0,247.3846153846154,D:\AprPanama2025_fixed\041425_experimental\041425PA_experimental_part08.mp4,1900-01-01 21:38:04.200,1034
142843,754,240,17.0,119.0,178.0,244.16,D:\AprPanama2025_fixed\041425_experimental\041425PA_experimental_part08.mp4,1900-01-01 21:38:04.300,1034
142848,753,239,13.5,111.0,178.0,251.77272727272728,D:\AprPanama2025_fixed\041425_experimental\041425PA_experimental_part08.mp4,1900-01-01 21:38:04.800,1033
142846,754,240,18.5,111.0,179.0,247.25925925925924,D:\AprPanama2025_fixed\041425_experimental\041425PA_experimental_part08.mp4,1900-01-01 21:38:04.600,1034
142844,754,240,19.0,111.0,179.0,240.89285714285717,D:\AprPanama2025_fixed\041425_experimental\041425PA_experimental_part08.mp4,1900-01-01 21:38:04.400,1034
142841,754,240,16.0,117.0,179.0,250.75,D:\AprPanama2025_fixed\041425_experimental\041425PA_experimental_part08.mp4,1900-01-01 21:38:04.100,1034
142850,753,239,11.5,143.0,179.0,245.8421052631579,D:\AprPanama2025_fixed\041425_experimental\041425PA_experimental_part08.mp4,1900-01-01 21:38:05.000,1033
142856,753,238,10.5,111.0,176.0,237.05882352941177,D:\AprPanama2025_fixed\041425_experimental\041425PA_experimental_part08.mp4,1900-01-01 21:38:05.600,1033
142851,753,239,12.5,138.0,179.0,246.95,D:\AprPanama2025_fixed\041425_experimental\041425PA_experimental_part08.mp4,1900-01-01 21:38:05.100,1033
142852,753,238,12.0,112.0,179.0,242.95,D:\AprPanama2025_fixed\041425_experimental\041425PA_experimental_part08.mp4,1900-01-01 21:38:05.200,1033
142854,753,239,9.5,112.0,178.0,249.41176470588235,D:\AprPanama2025_fixed\041425_experimental\041425PA_experimental_part08.mp4,1900-01-01 21:38:05.400,1033
142849,753,239,13.5,111.0,179.0,251.63636363636363,D:\AprPanama2025_fixed\041425_experimental\041425PA_experimental_part08.mp4,1900-01-01 21:38:04.900,1033
142855,753,238,11.0,122.0,178.0,240.8333333333333,D:\AprPanama2025_fixed\041425_experimental\041425PA_experimental_part08.mp4,1900-01-01 21:38:05.500,1033
142853,753,238,12.0,115.0,179.0,246.1,D:\AprPanama2025_fixed\041425_experimental\041425PA_experimental_part08.mp4,1900-01-01 21:38:05.300,1033
142864,752,236,2.0,115.0,179.0,246.0,D:\AprPanama2025_fixed\041425_experimental\041425PA_experimental_part08.mp4,1900-01-01 21:38:06.400,1032
142859,753,238,6.0,118.0,176.0,246.8333333333333,D:\AprPanama2025_fixed\041425_experimental\041425PA_experimental_part08.mp4,1900-01-01 21:38:05.900,1033
142861,752,237,5.0,111.0,167.0,240.7,D:\AprPanama2025_fixed\041425_experimental\041425PA_experimental_part08.mp4,1900-01-01 21:38:06.100,1032
142858,753,238,5.0,132.0,174.0,251.6,D:\AprPanama2025_fixed\041425_experimental\041425PA_experimental_part08.mp4,1900-01-01 21:38:05.800,1033
142862,752,237,2.5,131.0,171.0,245.42857142857144,D:\AprPanama2025_fixed\041425_experimental\041425PA_experimental_part08.mp4,1900-01-01 21:38:06.200,1032
142863,752,236,2.0,139.0,171.0,243.8333333333333,D:\AprPanama2025_fixed\041425_experimental\041425PA_experimental_part08.mp4,1900-01-01 21:38:06.300,1032
142857,753,238,7.5,113.0,172.0,241.0,D:\AprPanama2025_fixed\041425_experimental\041425PA_experimental_part08.mp4,1900-01-01 21:38:05.700,1033
144622,134,275,7.0,131.0,178.0,240.7692307692308,D:\AprPanama2025_fixed\041425_experimental\041425PA_experimental_part09.mp4,1900-01-01 21:41:02.200,414
144619,134,279,8.5,112.0,179.0,252.5625,D:\AprPanama2025_fixed\041425_experimental\041425PA_experimental_part09.mp4,1900-01-01 21:41:01.900,414
144620,134,278,6.5,121.0,179.0,248.7692307692308,D:\AprPanama2025_fixed\041425_experimental\041425PA_experimental_part09.mp4,1900-01-01 21:41:02.000,414
144621,134,276,8.5,124.0,180.0,245.5625,D:\AprPanama2025_fixed\041425_experimental\041425PA_experimental_part09.mp4,1900-01-01 21:41:02.100,414
144623,133,274,7.5,112.0,179.0,221.0,D:\AprPanama2025_fixed\041425_experimental\041425PA_experimental_part09.mp4,1900-01-01 21:41:02.300,413
144624,133,274,7.5,111.0,178.0,218.42857142857144,D:\AprPanama2025_fixed\041425_experimental\041425PA_experimental_part09.mp4,1900-01-01 21:41:02.400,413
144626,133,270,5.0,126.0,165.0,191.72727272727272,D:\AprPanama2025_fixed\041425_experimental\041425PA_experimental_part09.mp4,1900-01-01 21:41:02.600,413
144632,133,263,1.5,120.0,177.0,231.8,D:\AprPanama2025_fixed\041425_experimental\041425PA_experimental_part09.mp4,1900-01-01 21:41:03.200,413
144628,133,268,3.5,124.0,177.0,203.55555555555557,D:\AprPanama2025_fixed\041425_experimental\041425PA_experimental_part09.mp4,1900-01-01 21:41:02.800,413
144627,133,269,4.5,114.0,168.0,184.7,D:\AprPanama2025_fixed\041425_experimental\041425PA_experimental_part09.mp4,1900-01-01 21:41:02.700,413
144625,133,272,5.5,129.0,175.0,204.16666666666663,D:\AprPanama2025_fixed\041425_experimental\041425PA_experimental_part09.mp4,1900-01-01 21:41:02.500,413
144630,133,266,2.5,132.0,167.0,213.42857142857144,D:\AprPanama2025_fixed\041425_experimental\041425PA_experimental_part09.mp4,1900-01-01 21:41:03.000,413
144629,133,267,3.0,111.0,167.0,217.0,D:\AprPanama2025_fixed\041425_experimental\041425PA_experimental_part09.mp4,1900-01-01 21:41:02.900,413
145558,546,333,23.0,112.0,179.0,250.94117647058823,D:\AprPanama2025_fixed\041425_experimental\041425PA_experimental_part09.mp4,1900-01-01 21:42:35.800,826
145557,546,333,20.5,113.0,179.0,247.29032258064515,D:\AprPanama2025_fixed\041425_experimental\041425PA_experimental_part09.mp4,1900-01-01 21:42:35.700,826
145555,546,332,22.0,115.0,179.0,247.84375,D:\AprPanama2025_fixed\041425_experimental\041425PA_experimental_part09.mp4,1900-01-01 21:42:35.500,826
145556,546,332,20.0,117.0,179.0,248.63333333333333,D:\AprPanama2025_fixed\041425_experimental\041425PA_experimental_part09.mp4,1900-01-01 21:42:35.600,826
145554,546,332,15.0,119.0,178.0,249.2083333333333,D:\AprPanama2025_fixed\041425_experimental\041425PA_experimental_part09.mp4,1900-01-01 21:42:35.400,826
145559,546,333,21.5,112.0,179.0,250.8181818181818,D:\AprPanama2025_fixed\041425_experimental\041425PA_experimental_part09.mp4,1900-01-01 21:42:35.900,826
145560,546,333,21.5,111.0,179.0,251.33333333333331,D:\AprPanama2025_fixed\041425_experimental\041425PA_experimental_part09.mp4,1900-01-01 21:42:36.000,826
145553,545,332,10.5,115.0,179.0,247.44444444444443,D:\AprPanama2025_fixed\041425_experimental\041425PA_experimental_part09.mp4,1900-01-01 21:42:35.300,825
145563,546,333,18.0,112.0,179.0,247.0,D:\AprPanama2025_fixed\041425_experimental\041425PA_experimental_part09.mp4,1900-01-01 21:42:36.300,826
145566,546,333,10.5,117.0,179.0,242.85,D:\AprPanama2025_fixed\041425_experimental\041425PA_experimental_part09.mp4,1900-01-01 21:42:36.600,826
145565,546,333,8.5,125.0,178.0,246.16666666666663,D:\AprPanama2025_fixed\041425_experimental\041425PA_experimental_part09.mp4,1900-01-01 21:42:36.500,826
145564,546,332,16.0,112.0,179.0,246.46153846153848,D:\AprPanama2025_fixed\041425_experimental\041425PA_experimental_part09.mp4,1900-01-01 21:42:36.400,826
145562,546,333,18.5,117.0,179.0,251.17241379310343,D:\AprPanama2025_fixed\041425_experimental\041425PA_experimental_part09.mp4,1900-01-01 21:42:36.200,826
145567,546,332,7.5,120.0,179.0,231.25,D:\AprPanama2025_fixed\041425_experimental\041425PA_experimental_part09.mp4,1900-01-01 21:42:36.700,826
145561,546,333,18.5,117.0,179.0,252.1379310344828,D:\AprPanama2025_fixed\041425_experimental\041425PA_experimental_part09.mp4,1900-01-01 21:42:36.100,826
145568,546,332,6.0,118.0,179.0,237.2142857142857,D:\AprPanama2025_fixed\041425_experimental\041425PA_experimental_part09.mp4,1900-01-01 21:42:36.800,826
145771,1103,79,1.5,115.0,163.0,155.4,D:\AprPanama2025_fixed\041425_experimental\041425PA_experimental_part09.mp4,1900-01-01 21:42:57.100,1383
147349,112,231,2.0,125.0,166.0,229.3333333333333,D:\AprPanama2025_fixed\041425_experimental\041425PA_experimental_part09.mp4,1900-01-01 21:45:34.900,392
147350,112,231,2.0,125.0,166.0,229.3333333333333,D:\AprPanama2025_fixed\041425_experimental\041425PA_experimental_part09.mp4,1900-01-01 21:45:35.000,392
147352,112,231,1.5,116.0,155.0,181.4,D:\AprPanama2025_fixed\041425_experimental\041425PA_experimental_part09.mp4,1900-01-01 21:45:35.200,392
147351,112,231,1.5,126.0,161.0,204.0,D:\AprPanama2025_fixed\041425_experimental\041425PA_experimental_part09.mp4,1900-01-01 21:45:35.100,392
149536,446,387,16.0,111.0,179.0,250.0,D:\AprPanama2025_fixed\041425_experimental\041425PA_experimental_part09.mp4,1900-01-01 21:49:13.600,726
149533,445,387,9.0,113.0,174.0,240.1875,D:\AprPanama2025_fixed\041425_experimental\041425PA_experimental_part09.mp4,1900-01-01 21:49:13.300,725
149535,446,387,14.5,114.0,179.0,249.1818181818182,D:\AprPanama2025_fixed\041425_experimental\041425PA_experimental_part09.mp4,1900-01-01 21:49:13.500,726
149532,445,387,7.5,115.0,179.0,234.92857142857144,D:\AprPanama2025_fixed\041425_experimental\041425PA_experimental_part09.mp4,1900-01-01 21:49:13.200,725
149534,445,387,10.0,134.0,179.0,251.2941176470588,D:\AprPanama2025_fixed\041425_experimental\041425PA_experimental_part09.mp4,1900-01-01 21:49:13.400,725
149531,444,387,3.0,119.0,166.0,170.7142857142857,D:\AprPanama2025_fixed\041425_experimental\041425PA_experimental_part09.mp4,1900-01-01 21:49:13.100,724
149544,447,388,18.0,118.0,178.0,245.1851851851852,D:\AprPanama2025_fixed\041425_experimental\041425PA_experimental_part09.mp4,1900-01-01 21:49:14.400,727
149542,447,388,17.5,119.0,178.0,248.2692307692308,D:\AprPanama2025_fixed\041425_experimental\041425PA_experimental_part09.mp4,1900-01-01 21:49:14.200,727
149543,447,388,18.0,119.0,179.0,248.92592592592592,D:\AprPanama2025_fixed\041425_experimental\041425PA_experimental_part09.mp4,1900-01-01 21:49:14.300,727
149540,447,388,17.5,114.0,178.0,248.5,D:\AprPanama2025_fixed\041425_experimental\041425PA_experimental_part09.mp4,1900-01-01 21:49:14.000,727
149539,447,388,17.5,115.0,179.0,246.46153846153848,D:\AprPanama2025_fixed\041425_experimental\041425PA_experimental_part09.mp4,1900-01-01 21:49:13.900,727
149538,447,388,17.5,114.0,179.0,243.46153846153848,D:\AprPanama2025_fixed\041425_experimental\041425PA_experimental_part09.mp4,1900-01-01 21:49:13.800,727
149541,447,388,17.5,119.0,178.0,248.65384615384616,D:\AprPanama2025_fixed\041425_experimental\041425PA_experimental_part09.mp4,1900-01-01 21:49:14.100,727
149537,446,388,15.5,111.0,178.0,244.65217391304347,D:\AprPanama2025_fixed\041425_experimental\041425PA_experimental_part09.mp4,1900-01-01 21:49:13.700,726
149549,447,388,17.5,119.0,179.0,249.5769230769231,D:\AprPanama2025_fixed\041425_experimental\041425PA_experimental_part09.mp4,1900-01-01 21:49:14.900,727
149552,447,388,15.5,114.0,179.0,241.875,D:\AprPanama2025_fixed\041425_experimental\041425PA_experimental_part09.mp4,1900-01-01 21:49:15.200,727
149547,447,388,18.5,112.0,179.0,249.5185185185185,D:\AprPanama2025_fixed\041425_experimental\041425PA_experimental_part09.mp4,1900-01-01 21:49:14.700,727
149550,447,388,16.5,118.0,179.0,246.6,D:\AprPanama2025_fixed\041425_experimental\041425PA_experimental_part09.mp4,1900-01-01 21:49:15.000,727
149546,447,388,19.0,116.0,179.0,247.75,D:\AprPanama2025_fixed\041425_experimental\041425PA_experimental_part09.mp4,1900-01-01 21:49:14.600,727
149548,447,388,16.0,129.0,179.0,253.625,D:\AprPanama2025_fixed\041425_experimental\041425PA_experimental_part09.mp4,1900-01-01 21:49:14.800,727
149545,447,388,18.0,121.0,179.0,247.37037037037035,D:\AprPanama2025_fixed\041425_experimental\041425PA_experimental_part09.mp4,1900-01-01 21:49:14.500,727
149551,447,388,16.0,114.0,179.0,244.875,D:\AprPanama2025_fixed\041425_experimental\041425PA_experimental_part09.mp4,1900-01-01 21:49:15.100,727
149556,447,388,12.0,114.0,178.0,244.55,D:\AprPanama2025_fixed\041425_experimental\041425PA_experimental_part09.mp4,1900-01-01 21:49:15.600,727
149559,447,388,10.0,115.0,179.0,251.58823529411765,D:\AprPanama2025_fixed\041425_experimental\041425PA_experimental_part09.mp4,1900-01-01 21:49:15.900,727
149555,447,388,14.5,114.0,179.0,246.65217391304347,D:\AprPanama2025_fixed\041425_experimental\041425PA_experimental_part09.mp4,1900-01-01 21:49:15.500,727
149554,447,388,15.5,111.0,179.0,249.0833333333333,D:\AprPanama2025_fixed\041425_experimental\041425PA_experimental_part09.mp4,1900-01-01 21:49:15.400,727
149557,447,388,11.5,116.0,181.0,249.57894736842104,D:\AprPanama2025_fixed\041425_experimental\041425PA_experimental_part09.mp4,1900-01-01 21:49:15.700,727
149558,447,388,10.0,122.0,179.0,249.11764705882356,D:\AprPanama2025_fixed\041425_experimental\041425PA_experimental_part09.mp4,1900-01-01 21:49:15.800,727
149560,447,388,5.5,113.0,175.0,250.92307692307693,D:\AprPanama2025_fixed\041425_experimental\041425PA_experimental_part09.mp4,1900-01-01 21:49:16.000,727
149553,447,388,16.5,114.0,179.0,246.68,D:\AprPanama2025_fixed\041425_experimental\041425PA_experimental_part09.mp4,1900-01-01 21:49:15.300,727
149561,447,388,4.0,115.0,159.0,253.1818181818182,D:\AprPanama2025_fixed\041425_experimental\041425PA_experimental_part09.mp4,1900-01-01 21:49:16.100,727
150304,36,268,1.5,127.0,157.0,175.4,D:\AprPanama2025_fixed\041425_experimental\041425PA_experimental_part09.mp4,1900-01-01 21:50:30.400,316
162134,1001,202,6.0,121.0,175.0,250.72727272727275,D:\AprPanama2025_fixed\041425_experimental\041425PA_experimental_part10.mp4,1900-01-01 22:10:13.400,1281
162135,1000,202,4.0,139.0,179.0,251.55555555555557,D:\AprPanama2025_fixed\041425_experimental\041425PA_experimental_part10.mp4,1900-01-01 22:10:13.500,1280
162136,1001,202,4.0,119.0,177.0,249.1111111111111,D:\AprPanama2025_fixed\041425_experimental\041425PA_experimental_part10.mp4,1900-01-01 22:10:13.600,1281
162141,1001,202,4.0,115.0,173.0,243.7,D:\AprPanama2025_fixed\041425_experimental\041425PA_experimental_part10.mp4,1900-01-01 22:10:14.100,1281
162139,1001,203,6.5,111.0,178.0,248.61538461538464,D:\AprPanama2025_fixed\041425_experimental\041425PA_experimental_part10.mp4,1900-01-01 22:10:13.900,1281
162142,1001,202,3.0,145.0,176.0,252.75,D:\AprPanama2025_fixed\041425_experimental\041425PA_experimental_part10.mp4,1900-01-01 22:10:14.200,1281
162140,1001,202,4.0,115.0,173.0,243.7,D:\AprPanama2025_fixed\041425_experimental\041425PA_experimental_part10.mp4,1900-01-01 22:10:14.000,1281
162138,1001,203,7.5,114.0,179.0,251.2142857142857,D:\AprPanama2025_fixed\041425_experimental\041425PA_experimental_part10.mp4,1900-01-01 22:10:13.800,1281
162143,1001,202,3.0,122.0,161.0,249.44444444444443,D:\AprPanama2025_fixed\041425_experimental\041425PA_experimental_part10.mp4,1900-01-01 22:10:14.300,1281
162137,1001,203,7.0,111.0,178.0,248.7692307692308,D:\AprPanama2025_fixed\041425_experimental\041425PA_experimental_part10.mp4,1900-01-01 22:10:13.700,1281
162145,1001,202,4.5,115.0,179.0,240.6,D:\AprPanama2025_fixed\041425_experimental\041425PA_experimental_part10.mp4,1900-01-01 22:10:14.500,1281
162147,1000,202,2.0,133.0,174.0,225.0,D:\AprPanama2025_fixed\041425_experimental\041425PA_experimental_part10.mp4,1900-01-01 22:10:14.700,1280
162146,1001,202,2.0,112.0,155.0,251.3333333333333,D:\AprPanama2025_fixed\041425_experimental\041425PA_experimental_part10.mp4,1900-01-01 22:10:14.600,1281
162144,1001,202,3.0,112.0,166.0,249.55555555555557,D:\AprPanama2025_fixed\041425_experimental\041425PA_experimental_part10.mp4,1900-01-01 22:10:14.400,1281
162202,1051,98,6.5,111.0,166.0,250.23076923076923,D:\AprPanama2025_fixed\041425_experimental\041425PA_experimental_part10.mp4,1900-01-01 22:10:20.200,1331
162203,1051,98,6.5,111.0,166.0,250.23076923076923,D:\AprPanama2025_fixed\041425_experimental\041425PA_experimental_part10.mp4,1900-01-01 22:10:20.300,1331
162200,1051,98,3.5,121.0,167.0,254.625,D:\AprPanama2025_fixed\041425_experimental\041425PA_experimental_part10.mp4,1900-01-01 22:10:20.000,1331
162205,1050,98,4.5,111.0,165.0,247.8,D:\AprPanama2025_fixed\041425_experimental\041425PA_experimental_part10.mp4,1900-01-01 22:10:20.500,1330
162201,1051,98,5.0,117.0,174.0,249.25,D:\AprPanama2025_fixed\041425_experimental\041425PA_experimental_part10.mp4,1900-01-01 22:10:20.100,1331
162204,1050,98,4.5,111.0,165.0,247.8,D:\AprPanama2025_fixed\041425_experimental\041425PA_experimental_part10.mp4,1900-01-01 22:10:20.400,1330
162206,1050,98,2.5,116.0,171.0,185.625,D:\AprPanama2025_fixed\041425_experimental\041425PA_experimental_part10.mp4,1900-01-01 22:10:20.600,1330
168953,45,134,1.5,111.0,150.0,42.8,D:\AprPanama2025_fixed\041425_experimental\041425PA_experimental_part10.mp4,1900-01-01 22:21:35.300,325
187214,300,188,3.5,130.0,160.0,147.625,D:\AprPanama2025_fixed\041425_experimental\041425PA_experimental_part11.mp4,1900-01-01 22:52:01.400,580
187216,300,188,6.0,123.0,173.0,215.8333333333333,D:\AprPanama2025_fixed\041425_experimental\041425PA_experimental_part11.mp4,1900-01-01 22:52:01.600,580
187218,300,189,3.5,136.0,166.0,242.0,D:\AprPanama2025_fixed\041425_experimental\041425PA_experimental_part11.mp4,1900-01-01 22:52:01.800,580
187220,300,189,3.5,117.0,173.0,244.55555555555557,D:\AprPanama2025_fixed\041425_experimental\041425PA_experimental_part11.mp4,1900-01-01 22:52:02.000,580
187217,300,189,5.0,111.0,166.0,230.0909090909091,D:\AprPanama2025_fixed\041425_experimental\041425PA_experimental_part11.mp4,1900-01-01 22:52:01.700,580
187219,300,189,3.5,119.0,169.0,243.66666666666663,D:\AprPanama2025_fixed\041425_experimental\041425PA_experimental_part11.mp4,1900-01-01 22:52:01.900,580
187215,300,188,4.5,129.0,168.0,248.8,D:\AprPanama2025_fixed\041425_experimental\041425PA_experimental_part11.mp4,1900-01-01 22:52:01.500,580
191238,341,183,3.0,113.0,133.0,50.57142857142857,D:\AprPanama2025_fixed\041425_experimental\041425PA_experimental_part11.mp4,1900-01-01 22:58:43.800,621
191245,341,182,1.5,114.0,143.0,65.4,D:\AprPanama2025_fixed\041425_experimental\041425PA_experimental_part11.mp4,1900-01-01 22:58:44.500,621
191262,322,137,2.0,122.0,144.0,56.83333333333333,D:\AprPanama2025_fixed\041425_experimental\041425PA_experimental_part11.mp4,1900-01-01 22:58:46.200,602
191268,116,51,2.0,123.0,158.0,253.16666666666663,D:\AprPanama2025_fixed\041425_experimental\041425PA_experimental_part11.mp4,1900-01-01 22:58:46.800,396
191268,324,139,3.0,130.0,176.0,237.375,D:\AprPanama2025_fixed\041425_experimental\041425PA_experimental_part11.mp4,1900-01-01 22:58:46.800,604
191269,116,51,2.0,125.0,158.0,253.3333333333333,D:\AprPanama2025_fixed\041425_experimental\041425PA_experimental_part11.mp4,1900-01-01 22:58:46.900,396
191269,324,139,2.5,115.0,175.0,218.28571428571428,D:\AprPanama2025_fixed\041425_experimental\041425PA_experimental_part11.mp4,1900-01-01 22:58:46.900,604
191267,116,52,2.5,146.0,158.0,183.57142857142856,D:\AprPanama2025_fixed\041425_experimental\041425PA_experimental_part11.mp4,1900-01-01 22:58:46.700,396
191267,323,139,6.0,114.0,179.0,238.0,D:\AprPanama2025_fixed\041425_experimental\041425PA_experimental_part11.mp4,1900-01-01 22:58:46.700,603
191270,116,51,2.0,125.0,159.0,252.8333333333333,D:\AprPanama2025_fixed\041425_experimental\041425PA_experimental_part11.mp4,1900-01-01 22:58:47.000,396
191270,324,139,2.5,115.0,175.0,218.28571428571428,D:\AprPanama2025_fixed\041425_experimental\041425PA_experimental_part11.mp4,1900-01-01 22:58:47.000,604
191265,323,138,7.0,117.0,178.0,242.3846153846154,D:\AprPanama2025_fixed\041425_experimental\041425PA_experimental_part11.mp4,1900-01-01 22:58:46.500,603
191266,323,139,8.0,113.0,179.0,233.57142857142856,D:\AprPanama2025_fixed\041425_experimental\041425PA_experimental_part11.mp4,1900-01-01 22:58:46.600,603
191264,323,138,7.0,117.0,178.0,242.3846153846154,D:\AprPanama2025_fixed\041425_experimental\041425PA_experimental_part11.mp4,1900-01-01 22:58:46.400,603
191263,322,138,3.5,139.0,167.0,203.125,D:\AprPanama2025_fixed\041425_experimental\041425PA_experimental_part11.mp4,1900-01-01 22:58:46.300,602
191272,116,51,2.0,119.0,160.0,253.16666666666663,D:\AprPanama2025_fixed\041425_experimental\041425PA_experimental_part11.mp4,1900-01-01 22:58:47.200,396
191272,324,138,2.0,126.0,179.0,236.0,D:\AprPanama2025_fixed\041425_experimental\041425PA_experimental_part11.mp4,1900-01-01 22:58:47.200,604
191274,116,51,2.0,118.0,152.0,253.8333333333333,D:\AprPanama2025_fixed\041425_experimental\041425PA_experimental_part11.mp4,1900-01-01 22:58:47.400,396
191274,324,138,2.0,116.0,175.0,189.3333333333333,D:\AprPanama2025_fixed\041425_experimental\041425PA_experimental_part11.mp4,1900-01-01 22:58:47.400,604
191273,116,51,2.0,118.0,152.0,253.8333333333333,D:\AprPanama2025_fixed\041425_experimental\041425PA_experimental_part11.mp4,1900-01-01 22:58:47.300,396
191273,324,138,2.0,126.0,179.0,236.0,D:\AprPanama2025_fixed\041425_experimental\041425PA_experimental_part11.mp4,1900-01-01 22:58:47.300,604
191275,324,139,3.5,117.0,169.0,191.375,D:\AprPanama2025_fixed\041425_experimental\041425PA_experimental_part11.mp4,1900-01-01 22:58:47.500,604
191271,116,51,2.0,122.0,159.0,253.3333333333333,D:\AprPanama2025_fixed\041425_experimental\041425PA_experimental_part11.mp4,1900-01-01 22:58:47.100,396
191271,324,138,2.0,126.0,179.0,236.0,D:\AprPanama2025_fixed\041425_experimental\041425PA_experimental_part11.mp4,1900-01-01 22:58:47.100,604
191286,318,51,3.0,112.0,149.0,16.625,D:\AprPanama2025_fixed\041425_experimental\041425PA_experimental_part11.mp4,1900-01-01 22:58:48.600,598
191287,318,51,3.0,112.0,149.0,16.625,D:\AprPanama2025_fixed\041425_experimental\041425PA_experimental_part11.mp4,1900-01-01 22:58:48.700,598
198136,978,111,5.5,111.0,159.0,254.0,D:\AprPanama2025_fixed\041425_experimental\041425PA_experimental_part12.mp4,1900-01-01 23:10:13.600,1258
198139,978,110,15.0,134.0,179.0,247.91304347826087,D:\AprPanama2025_fixed\041425_experimental\041425PA_experimental_part12.mp4,1900-01-01 23:10:13.900,1258
198137,977,111,10.0,113.0,179.0,249.52941176470588,D:\AprPanama2025_fixed\041425_experimental\041425PA_experimental_part12.mp4,1900-01-01 23:10:13.700,1257
198140,978,110,18.5,118.0,179.0,245.1111111111111,D:\AprPanama2025_fixed\041425_experimental\041425PA_experimental_part12.mp4,1900-01-01 23:10:14.000,1258
198141,978,110,20.0,115.0,179.0,247.0,D:\AprPanama2025_fixed\041425_experimental\041425PA_experimental_part12.mp4,1900-01-01 23:10:14.100,1258
198138,977,110,13.0,117.0,179.0,251.7142857142857,D:\AprPanama2025_fixed\041425_experimental\041425PA_experimental_part12.mp4,1900-01-01 23:10:13.800,1257
198144,978,109,19.0,126.0,179.0,247.2142857142857,D:\AprPanama2025_fixed\041425_experimental\041425PA_experimental_part12.mp4,1900-01-01 23:10:14.400,1258
198148,978,108,17.5,124.0,179.0,245.11538461538464,D:\AprPanama2025_fixed\041425_experimental\041425PA_experimental_part12.mp4,1900-01-01 23:10:14.800,1258
198145,978,109,20.5,130.0,179.0,251.63333333333333,D:\AprPanama2025_fixed\041425_experimental\041425PA_experimental_part12.mp4,1900-01-01 23:10:14.500,1258
198143,978,109,18.5,122.0,179.0,242.4074074074074,D:\AprPanama2025_fixed\041425_experimental\041425PA_experimental_part12.mp4,1900-01-01 23:10:14.300,1258
198146,978,108,17.5,119.0,179.0,250.2692307692308,D:\AprPanama2025_fixed\041425_experimental\041425PA_experimental_part12.mp4,1900-01-01 23:10:14.600,1258
198147,978,108,18.5,114.0,179.0,242.96296296296296,D:\AprPanama2025_fixed\041425_experimental\041425PA_experimental_part12.mp4,1900-01-01 23:10:14.700,1258
198149,978,107,13.5,119.0,179.0,238.54545454545456,D:\AprPanama2025_fixed\041425_experimental\041425PA_experimental_part12.mp4,1900-01-01 23:10:14.900,1258
198142,978,110,20.0,115.0,179.0,240.9655172413793,D:\AprPanama2025_fixed\041425_experimental\041425PA_experimental_part12.mp4,1900-01-01 23:10:14.200,1258
198151,978,107,16.5,113.0,179.0,244.88,D:\AprPanama2025_fixed\041425_experimental\041425PA_experimental_part12.mp4,1900-01-01 23:10:15.100,1258
198152,978,107,15.5,123.0,179.0,247.75,D:\AprPanama2025_fixed\041425_experimental\041425PA_experimental_part12.mp4,1900-01-01 23:10:15.200,1258
198155,978,105,13.5,111.0,179.0,238.1818181818182,D:\AprPanama2025_fixed\041425_experimental\041425PA_experimental_part12.mp4,1900-01-01 23:10:15.500,1258
198153,978,107,15.5,123.0,179.0,247.75,D:\AprPanama2025_fixed\041425_experimental\041425PA_experimental_part12.mp4,1900-01-01 23:10:15.300,1258
198157,978,105,10.0,111.0,178.0,250.875,D:\AprPanama2025_fixed\041425_experimental\041425PA_experimental_part12.mp4,1900-01-01 23:10:15.700,1258
198154,978,106,15.0,115.0,179.0,236.43478260869568,D:\AprPanama2025_fixed\041425_experimental\041425PA_experimental_part12.mp4,1900-01-01 23:10:15.400,1258
198156,978,105,11.0,120.0,178.0,254.27777777777777,D:\AprPanama2025_fixed\041425_experimental\041425PA_experimental_part12.mp4,1900-01-01 23:10:15.600,1258
198150,978,107,16.5,113.0,179.0,244.88,D:\AprPanama2025_fixed\041425_experimental\041425PA_experimental_part12.mp4,1900-01-01 23:10:15.000,1258
198160,978,104,5.0,115.0,173.0,235.45454545454547,D:\AprPanama2025_fixed\041425_experimental\041425PA_experimental_part12.mp4,1900-01-01 23:10:16.000,1258
198158,978,105,5.5,121.0,174.0,248.54545454545456,D:\AprPanama2025_fixed\041425_experimental\041425PA_experimental_part12.mp4,1900-01-01 23:10:15.800,1258
198161,979,104,4.0,120.0,171.0,242.55555555555557,D:\AprPanama2025_fixed\041425_experimental\041425PA_experimental_part12.mp4,1900-01-01 23:10:16.100,1259
198159,978,104,9.5,112.0,178.0,243.5,D:\AprPanama2025_fixed\041425_experimental\041425PA_experimental_part12.mp4,1900-01-01 23:10:15.900,1258
198165,978,102,3.0,129.0,178.0,240.85714285714283,D:\AprPanama2025_fixed\041425_experimental\041425PA_experimental_part12.mp4,1900-01-01 23:10:16.500,1258
198163,978,103,2.5,122.0,171.0,253.7142857142857,D:\AprPanama2025_fixed\041425_experimental\041425PA_experimental_part12.mp4,1900-01-01 23:10:16.300,1258
198167,978,102,1.5,144.0,169.0,247.4,D:\AprPanama2025_fixed\041425_experimental\041425PA_experimental_part12.mp4,1900-01-01 23:10:16.700,1258
198166,978,102,2.0,120.0,170.0,243.5,D:\AprPanama2025_fixed\041425_experimental\041425PA_experimental_part12.mp4,1900-01-01 23:10:16.600,1258
202588,283,38,1.5,120.0,150.0,43.2,D:\AprPanama2025_fixed\041425_experimental\041425PA_experimental_part12.mp4,1900-01-01 23:17:38.800,563
202587,283,38,1.5,120.0,150.0,43.2,D:\AprPanama2025_fixed\041425_experimental\041425PA_experimental_part12.mp4,1900-01-01 23:17:38.700,563
202589,283,38,1.5,120.0,150.0,43.2,D:\AprPanama2025_fixed\041425_experimental\041425PA_experimental_part12.mp4,1900-01-01 23:17:38.900,563
203408,1135,73,4.0,116.0,178.0,241.77777777777777,D:\AprPanama2025_fixed\041425_experimental\041425PA_experimental_part12.mp4,1900-01-01 23:19:00.800,1415
203412,1136,73,18.0,119.0,178.0,242.37037037037035,D:\AprPanama2025_fixed\041425_experimental\041425PA_experimental_part12.mp4,1900-01-01 23:19:01.200,1416
203411,1136,73,22.0,131.0,179.0,249.0967741935484,D:\AprPanama2025_fixed\041425_experimental\041425PA_experimental_part12.mp4,1900-01-01 23:19:01.100,1416
203409,1136,73,19.0,121.0,179.0,244.92857142857144,D:\AprPanama2025_fixed\041425_experimental\041425PA_experimental_part12.mp4,1900-01-01 23:19:00.900,1416
203410,1136,74,20.0,125.0,179.0,246.86206896551724,D:\AprPanama2025_fixed\041425_experimental\041425PA_experimental_part12.mp4,1900-01-01 23:19:01.000,1416
203413,1136,73,17.0,114.0,179.0,240.73076923076923,D:\AprPanama2025_fixed\041425_experimental\041425PA_experimental_part12.mp4,1900-01-01 23:19:01.300,1416
203419,1137,70,4.5,112.0,161.0,250.0,D:\AprPanama2025_fixed\041425_experimental\041425PA_experimental_part12.mp4,1900-01-01 23:19:01.900,1417
203416,1137,72,13.0,119.0,179.0,248.6,D:\AprPanama2025_fixed\041425_experimental\041425PA_experimental_part12.mp4,1900-01-01 23:19:01.600,1417
203418,1137,71,6.0,127.0,173.0,249.0,D:\AprPanama2025_fixed\041425_experimental\041425PA_experimental_part12.mp4,1900-01-01 23:19:01.800,1417
203415,1137,72,13.0,112.0,179.0,238.75,D:\AprPanama2025_fixed\041425_experimental\041425PA_experimental_part12.mp4,1900-01-01 23:19:01.500,1417
203417,1137,71,10.5,117.0,179.0,235.41176470588235,D:\AprPanama2025_fixed\041425_experimental\041425PA_experimental_part12.mp4,1900-01-01 23:19:01.700,1417
203420,1137,71,1.5,112.0,147.0,253.2,D:\AprPanama2025_fixed\041425_experimental\041425PA_experimental_part12.mp4,1900-01-01 23:19:02.000,1417
203414,1136,72,18.0,114.0,179.0,241.59259259259255,D:\AprPanama2025_fixed\041425_experimental\041425PA_experimental_part12.mp4,1900-01-01 23:19:01.400,1416
203451,1141,62,6.5,113.0,181.0,238.6923076923077,D:\AprPanama2025_fixed\041425_experimental\041425PA_experimental_part12.mp4,1900-01-01 23:19:05.100,1421
203453,1140,62,2.5,113.0,170.0,191.3333333333333,D:\AprPanama2025_fixed\041425_experimental\041425PA_experimental_part12.mp4,1900-01-01 23:19:05.300,1420
203452,1141,62,3.5,129.0,168.0,251.0,D:\AprPanama2025_fixed\041425_experimental\041425PA_experimental_part12.mp4,1900-01-01 23:19:05.200,1421
203447,1141,62,4.5,112.0,177.0,228.1,D:\AprPanama2025_fixed\041425_experimental\041425PA_experimental_part12.mp4,1900-01-01 23:19:04.700,1421
203448,1140,62,5.5,130.0,179.0,246.5833333333333,D:\AprPanama2025_fixed\041425_experimental\041425PA_experimental_part12.mp4,1900-01-01 23:19:04.800,1420
203450,1141,63,6.5,113.0,178.0,247.5,D:\AprPanama2025_fixed\041425_experimental\041425PA_experimental_part12.mp4,1900-01-01 23:19:05.000,1421
203449,1140,62,5.5,127.0,175.0,237.8181818181818,D:\AprPanama2025_fixed\041425_experimental\041425PA_experimental_part12.mp4,1900-01-01 23:19:04.900,1420
203454,1139,62,1.5,120.0,175.0,217.42857142857144,D:\AprPanama2025_fixed\041425_experimental\041425PA_experimental_part12.mp4,1900-01-01 23:19:05.400,1419
203477,1153,36,6.5,114.0,178.0,246.30769230769232,D:\AprPanama2025_fixed\041425_experimental\041425PA_experimental_part12.mp4,1900-01-01 23:19:07.700,1433
203475,1153,36,7.5,114.0,179.0,248.0,D:\AprPanama2025_fixed\041425_experimental\041425PA_experimental_part12.mp4,1900-01-01 23:19:07.500,1433
203476,1153,36,6.5,114.0,179.0,247.46153846153848,D:\AprPanama2025_fixed\041425_experimental\041425PA_experimental_part12.mp4,1900-01-01 23:19:07.600,1433
203481,1152,37,3.0,119.0,161.0,236.125,D:\AprPanama2025_fixed\041425_experimental\041425PA_experimental_part12.mp4,1900-01-01 23:19:08.100,1432
203479,1153,37,7.5,121.0,179.0,240.35714285714283,D:\AprPanama2025_fixed\041425_experimental\041425PA_experimental_part12.mp4,1900-01-01 23:19:07.900,1433
203480,1153,37,4.5,111.0,176.0,246.0,D:\AprPanama2025_fixed\041425_experimental\041425PA_experimental_part12.mp4,1900-01-01 23:19:08.000,1433
203478,1153,37,8.5,114.0,179.0,249.66666666666663,D:\AprPanama2025_fixed\041425_experimental\041425PA_experimental_part12.mp4,1900-01-01 23:19:07.800,1433
204636,365,160,1.5,117.0,157.0,242.0,D:\AprPanama2025_fixed\041425_experimental\041425PA_experimental_part12.mp4,1900-01-01 23:21:03.600,645
204640,364,159,2.0,140.0,169.0,241.5,D:\AprPanama2025_fixed\041425_experimental\041425PA_experimental_part12.mp4,1900-01-01 23:21:04.000,644
204647,364,159,2.0,111.0,149.0,213.16666666666663,D:\AprPanama2025_fixed\041425_experimental\041425PA_experimental_part12.mp4,1900-01-01 23:21:04.700,644
205930,1096,168,21.5,113.0,179.0,250.5,D:\AprPanama2025_fixed\041425_experimental\041425PA_experimental_part12.mp4,1900-01-01 23:23:13.000,1376
205931,1097,168,18.5,116.0,179.0,248.03571428571428,D:\AprPanama2025_fixed\041425_experimental\041425PA_experimental_part12.mp4,1900-01-01 23:23:13.100,1377
205929,1096,168,23.5,118.0,179.0,247.26470588235293,D:\AprPanama2025_fixed\041425_experimental\041425PA_experimental_part12.mp4,1900-01-01 23:23:12.900,1376
205928,1096,168,21.5,114.0,179.0,245.38709677419357,D:\AprPanama2025_fixed\041425_experimental\041425PA_experimental_part12.mp4,1900-01-01 23:23:12.800,1376
205932,1097,167,16.0,111.0,178.0,250.08,D:\AprPanama2025_fixed\041425_experimental\041425PA_experimental_part12.mp4,1900-01-01 23:23:13.200,1377
205927,1096,168,15.0,111.0,179.0,241.0434782608696,D:\AprPanama2025_fixed\041425_experimental\041425PA_experimental_part12.mp4,1900-01-01 23:23:12.700,1376
205933,1097,168,17.0,125.0,179.0,248.04,D:\AprPanama2025_fixed\041425_experimental\041425PA_experimental_part12.mp4,1900-01-01 23:23:13.300,1377
205934,1097,167,15.0,115.0,179.0,247.78260869565216,D:\AprPanama2025_fixed\041425_experimental\041425PA_experimental_part12.mp4,1900-01-01 23:23:13.400,1377
205939,1097,166,4.5,117.0,177.0,241.3,D:\AprPanama2025_fixed\041425_experimental\041425PA_experimental_part12.mp4,1900-01-01 23:23:13.900,1377
205938,1097,167,9.5,111.0,179.0,245.0,D:\AprPanama2025_fixed\041425_experimental\041425PA_experimental_part12.mp4,1900-01-01 23:23:13.800,1377
205940,1096,166,1.5,127.0,171.0,251.6,D:\AprPanama2025_fixed\041425_experimental\041425PA_experimental_part12.mp4,1900-01-01 23:23:14.000,1376
205935,1097,167,13.5,112.0,179.0,249.6086956521739,D:\AprPanama2025_fixed\041425_experimental\041425PA_experimental_part12.mp4,1900-01-01 23:23:13.500,1377
205937,1097,167,13.0,118.0,179.0,247.19047619047615,D:\AprPanama2025_fixed\041425_experimental\041425PA_experimental_part12.mp4,1900-01-01 23:23:13.700,1377
205936,1097,167,12.5,120.0,179.0,246.15,D:\AprPanama2025_fixed\041425_experimental\041425PA_experimental_part12.mp4,1900-01-01 23:23:13.600,1377
290709,23,327,4.0,116.0,168.0,207.44444444444443,D:\AprPanama2025_fixed\041425_experimental\041425PA_experimental_part17.mp4,1900-01-02 01:44:30.900,303
290711,23,326,4.5,125.0,179.0,243.1,D:\AprPanama2025_fixed\041425_experimental\041425PA_experimental_part17.mp4,1900-01-02 01:44:31.100,303
290708,23,328,4.0,116.0,164.0,184.11111111111111,D:\AprPanama2025_fixed\041425_experimental\041425PA_experimental_part17.mp4,1900-01-02 01:44:30.800,303
290712,24,326,2.5,123.0,171.0,253.7142857142857,D:\AprPanama2025_fixed\041425_experimental\041425PA_experimental_part17.mp4,1900-01-02 01:44:31.200,304
290710,23,327,8.0,116.0,171.0,184.85714285714283,D:\AprPanama2025_fixed\041425_experimental\041425PA_experimental_part17.mp4,1900-01-02 01:44:31.000,303
290717,25,323,2.5,132.0,172.0,199.7142857142857,D:\AprPanama2025_fixed\041425_experimental\041425PA_experimental_part17.mp4,1900-01-02 01:44:31.700,305
290719,26,321,3.0,123.0,168.0,168.28571428571428,D:\AprPanama2025_fixed\041425_experimental\041425PA_experimental_part17.mp4,1900-01-02 01:44:31.900,306
290715,25,323,5.0,113.0,173.0,153.4,D:\AprPanama2025_fixed\041425_experimental\041425PA_experimental_part17.mp4,1900-01-02 01:44:31.500,305
290718,25,323,2.0,113.0,177.0,218.875,D:\AprPanama2025_fixed\041425_experimental\041425PA_experimental_part17.mp4,1900-01-02 01:44:31.800,305
290716,25,324,3.5,117.0,167.0,111.55555555555554,D:\AprPanama2025_fixed\041425_experimental\041425PA_experimental_part17.mp4,1900-01-02 01:44:31.600,305
290723,27,319,2.0,111.0,170.0,196.8333333333333,D:\AprPanama2025_fixed\041425_experimental\041425PA_experimental_part17.mp4,1900-01-02 01:44:32.300,307
290728,28,316,2.0,114.0,164.0,146.33333333333331,D:\AprPanama2025_fixed\041425_experimental\041425PA_experimental_part17.mp4,1900-01-02 01:44:32.800,308
290721,27,320,5.5,113.0,174.0,149.72727272727272,D:\AprPanama2025_fixed\041425_experimental\041425PA_experimental_part17.mp4,1900-01-02 01:44:32.100,307
290722,27,320,2.0,114.0,139.0,185.0,D:\AprPanama2025_fixed\041425_experimental\041425PA_experimental_part17.mp4,1900-01-02 01:44:32.200,307
290727,28,316,2.5,126.0,176.0,228.7142857142857,D:\AprPanama2025_fixed\041425_experimental\041425PA_experimental_part17.mp4,1900-01-02 01:44:32.700,308
290733,30,312,3.0,119.0,176.0,233.125,D:\AprPanama2025_fixed\041425_experimental\041425PA_experimental_part17.mp4,1900-01-02 01:44:33.300,310
290729,29,314,2.0,125.0,163.0,110.66666666666666,D:\AprPanama2025_fixed\041425_experimental\041425PA_experimental_part17.mp4,1900-01-02 01:44:32.900,309
290739,32,308,1.5,128.0,166.0,251.0,D:\AprPanama2025_fixed\041425_experimental\041425PA_experimental_part17.mp4,1900-01-02 01:44:33.900,312
337829,68,366,5.0,112.0,175.0,250.8333333333333,D:\AprPanama2025_fixed\041425_experimental\041425PA_experimental_part19.mp4,1900-01-02 03:03:02.900,348
337827,68,366,1.5,127.0,174.0,252.6,D:\AprPanama2025_fixed\041425_experimental\041425PA_experimental_part19.mp4,1900-01-02 03:03:02.700,348
337828,68,366,1.5,117.0,151.0,250.2,D:\AprPanama2025_fixed\041425_experimental\041425PA_experimental_part19.mp4,1900-01-02 03:03:02.800,348
337830,69,366,4.5,148.0,179.0,255.0,D:\AprPanama2025_fixed\041425_experimental\041425PA_experimental_part19.mp4,1900-01-02 03:03:03.000,349
337834,71,365,7.0,116.0,172.0,238.7333333333333,D:\AprPanama2025_fixed\041425_experimental\041425PA_experimental_part19.mp4,1900-01-02 03:03:03.400,351
337835,73,365,4.5,114.0,179.0,253.45454545454547,D:\AprPanama2025_fixed\041425_experimental\041425PA_experimental_part19.mp4,1900-01-02 03:03:03.500,353
337833,71,365,9.5,122.0,179.0,235.38888888888889,D:\AprPanama2025_fixed\041425_experimental\041425PA_experimental_part19.mp4,1900-01-02 03:03:03.300,351
337837,72,365,6.0,117.0,168.0,244.5,D:\AprPanama2025_fixed\041425_experimental\041425PA_experimental_part19.mp4,1900-01-02 03:03:03.700,352
337838,75,363,3.0,121.0,162.0,246.66666666666663,D:\AprPanama2025_fixed\041425_experimental\041425PA_experimental_part19.mp4,1900-01-02 03:03:03.800,355
337832,70,365,10.5,115.0,176.0,250.3684210526316,D:\AprPanama2025_fixed\041425_experimental\041425PA_experimental_part19.mp4,1900-01-02 03:03:03.200,350
337836,72,364,9.5,113.0,178.0,246.11764705882356,D:\AprPanama2025_fixed\041425_experimental\041425PA_experimental_part19.mp4,1900-01-02 03:03:03.600,352
337831,70,366,7.5,125.0,173.0,227.53333333333333,D:\AprPanama2025_fixed\041425_experimental\041425PA_experimental_part19.mp4,1900-01-02 03:03:03.100,350
337843,77,360,3.0,111.0,162.0,253.375,D:\AprPanama2025_fixed\041425_experimental\041425PA_experimental_part19.mp4,1900-01-02 03:03:04.300,357
337840,75,362,5.5,121.0,176.0,244.1818181818182,D:\AprPanama2025_fixed\041425_experimental\041425PA_experimental_part19.mp4,1900-01-02 03:03:04.000,355
337842,76,361,8.0,114.0,179.0,242.26666666666665,D:\AprPanama2025_fixed\041425_experimental\041425PA_experimental_part19.mp4,1900-01-02 03:03:04.200,356
337839,75,363,2.0,134.0,166.0,244.75,D:\AprPanama2025_fixed\041425_experimental\041425PA_experimental_part19.mp4,1900-01-02 03:03:03.900,355
337841,76,361,1.5,118.0,151.0,246.0,D:\AprPanama2025_fixed\041425_experimental\041425PA_experimental_part19.mp4,1900-01-02 03:03:04.100,356
337849,80,354,2.5,128.0,169.0,235.66666666666663,D:\AprPanama2025_fixed\041425_experimental\041425PA_experimental_part19.mp4,1900-01-02 03:03:04.900,360
337854,83,348,1.5,115.0,147.0,130.6,D:\AprPanama2025_fixed\041425_experimental\041425PA_experimental_part19.mp4,1900-01-02 03:03:05.400,363
337847,80,355,2.0,121.0,167.0,227.8333333333333,D:\AprPanama2025_fixed\041425_experimental\041425PA_experimental_part19.mp4,1900-01-02 03:03:04.700,360
338749,354,274,2.0,118.0,182.0,251.3333333333333,D:\AprPanama2025_fixed\041425_experimental\041425PA_experimental_part19.mp4,1900-01-02 03:04:34.900,634
338757,353,270,1.5,112.0,143.0,116.4,D:\AprPanama2025_fixed\041425_experimental\041425PA_experimental_part19.mp4,1900-01-02 03:04:35.700,633
338756,353,271,2.5,121.0,163.0,57.285714285714285,D:\AprPanama2025_fixed\041425_experimental\041425PA_experimental_part19.mp4,1900-01-02 03:04:35.600,633
338753,354,272,1.5,131.0,176.0,233.6,D:\AprPanama2025_fixed\041425_experimental\041425PA_experimental_part19.mp4,1900-01-02 03:04:35.300,634
341870,47,292,3.5,146.0,173.0,214.625,D:\AprPanama2025_fixed\041425_experimental\041425PA_experimental_part19.mp4,1900-01-02 03:09:47.000,327
341874,46,287,8.0,125.0,175.0,231.78571428571428,D:\AprPanama2025_fixed\041425_experimental\041425PA_experimental_part19.mp4,1900-01-02 03:09:47.400,326
341877,45,283,4.5,119.0,179.0,247.0,D:\AprPanama2025_fixed\041425_experimental\041425PA_experimental_part19.mp4,1900-01-02 03:09:47.700,325
341878,46,282,3.0,117.0,175.0,255.0,D:\AprPanama2025_fixed\041425_experimental\041425PA_experimental_part19.mp4,1900-01-02 03:09:47.800,326
341875,46,286,4.5,116.0,176.0,224.9,D:\AprPanama2025_fixed\041425_experimental\041425PA_experimental_part19.mp4,1900-01-02 03:09:47.500,326
341873,46,288,4.5,129.0,179.0,230.8,D:\AprPanama2025_fixed\041425_experimental\041425PA_experimental_part19.mp4,1900-01-02 03:09:47.300,326
341872,46,289,5.0,128.0,176.0,210.8181818181818,D:\AprPanama2025_fixed\041425_experimental\041425PA_experimental_part19.mp4,1900-01-02 03:09:47.200,326
341871,46,290,7.5,115.0,179.0,210.46153846153848,D:\AprPanama2025_fixed\041425_experimental\041425PA_experimental_part19.mp4,1900-01-02 03:09:47.100,326
341876,46,284,4.5,124.0,179.0,231.1111111111111,D:\AprPanama2025_fixed\041425_experimental\041425PA_experimental_part19.mp4,1900-01-02 03:09:47.600,326
341879,46,280,3.0,123.0,179.0,255.0,D:\AprPanama2025_fixed\041425_experimental\041425PA_experimental_part19.mp4,1900-01-02 03:09:47.900,326
341881,46,278,1.5,151.0,173.0,251.8,D:\AprPanama2025_fixed\041425_experimental\041425PA_experimental_part19.mp4,1900-01-02 03:09:48.100,326
341882,46,277,2.5,122.0,172.0,252.42857142857144,D:\AprPanama2025_fixed\041425_experimental\041425PA_experimental_part19.mp4,1900-01-02 03:09:48.200,326
341880,45,280,4.0,111.0,179.0,248.2222222222222,D:\AprPanama2025_fixed\041425_experimental\041425PA_experimental_part19.mp4,1900-01-02 03:09:48.000,325
341884,46,275,2.0,132.0,179.0,253.3333333333333,D:\AprPanama2025_fixed\041425_experimental\041425PA_experimental_part19.mp4,1900-01-02 03:09:48.400,326
341886,46,273,2.5,126.0,171.0,246.66666666666663,D:\AprPanama2025_fixed\041425_experimental\041425PA_experimental_part19.mp4,1900-01-02 03:09:48.600,326
341891,47,267,1.5,113.0,163.0,222.8333333333333,D:\AprPanama2025_fixed\041425_experimental\041425PA_experimental_part19.mp4,1900-01-02 03:09:49.100,327
341888,46,271,2.5,116.0,174.0,237.8333333333333,D:\AprPanama2025_fixed\041425_experimental\041425PA_experimental_part19.mp4,1900-01-02 03:09:48.800,326
341893,46,265,3.0,115.0,148.0,204.0,D:\AprPanama2025_fixed\041425_experimental\041425PA_experimental_part19.mp4,1900-01-02 03:09:49.300,326
375409,96,54,2.5,129.0,175.0,187.0,D:\AprPanama2025_fixed\041425_experimental\041425PA_experimental_part21.mp4,1900-01-02 04:05:40.900,376
375410,96,54,2.5,129.0,175.0,187.0,D:\AprPanama2025_fixed\041425_experimental\041425PA_experimental_part21.mp4,1900-01-02 04:05:41.000,376
375407,96,54,2.5,130.0,175.0,185.3333333333333,D:\AprPanama2025_fixed\041425_experimental\041425PA_experimental_part21.mp4,1900-01-02 04:05:40.700,376
375408,96,54,2.5,130.0,175.0,185.3333333333333,D:\AprPanama2025_fixed\041425_experimental\041425PA_experimental_part21.mp4,1900-01-02 04:05:40.800,376
378309,204,200,1.5,122.0,174.0,214.6,D:\AprPanama2025_fixed\041425_experimental\041425PA_experimental_part22.mp4,1900-01-02 04:10:30.900,484
378315,206,198,2.0,124.0,168.0,220.0,D:\AprPanama2025_fixed\041425_experimental\041425PA_experimental_part22.mp4,1900-01-02 04:10:31.500,486
378312,205,199,2.0,134.0,152.0,158.5,D:\AprPanama2025_fixed\041425_experimental\041425PA_experimental_part22.mp4,1900-01-02 04:10:31.200,485
378310,204,201,3.0,121.0,175.0,229.25,D:\AprPanama2025_fixed\041425_experimental\041425PA_experimental_part22.mp4,1900-01-02 04:10:31.000,484
378578,280,47,3.0,124.0,156.0,135.14285714285714,D:\AprPanama2025_fixed\041425_experimental\041425PA_experimental_part22.mp4,1900-01-02 04:10:57.800,560
378579,280,47,3.0,111.0,165.0,188.42857142857144,D:\AprPanama2025_fixed\041425_experimental\041425PA_experimental_part22.mp4,1900-01-02 04:10:57.900,560
378577,280,48,2.0,121.0,154.0,176.28571428571428,D:\AprPanama2025_fixed\041425_experimental\041425PA_experimental_part22.mp4,1900-01-02 04:10:57.700,560
391206,92,339,2.0,115.0,173.0,219.8333333333333,D:\AprPanama2025_fixed\041425_experimental\041425PA_experimental_part22.mp4,1900-01-02 04:32:00.600,372
391210,92,339,2.0,124.0,159.0,186.0,D:\AprPanama2025_fixed\041425_experimental\041425PA_experimental_part22.mp4,1900-01-02 04:32:01.000,372
391205,92,340,1.5,143.0,168.0,213.6,D:\AprPanama2025_fixed\041425_experimental\041425PA_experimental_part22.mp4,1900-01-02 04:32:00.500,372
391209,92,339,2.0,124.0,159.0,186.0,D:\AprPanama2025_fixed\041425_experimental\041425PA_experimental_part22.mp4,1900-01-02 04:32:00.900,372
392152,369,190,5.5,129.0,179.0,253.3636363636364,D:\AprPanama2025_fixed\041425_experimental\041425PA_experimental_part22.mp4,1900-01-02 04:33:35.200,649
392155,369,190,5.5,129.0,179.0,253.3636363636364,D:\AprPanama2025_fixed\041425_experimental\041425PA_experimental_part22.mp4,1900-01-02 04:33:35.500,649
392153,369,190,5.5,129.0,177.0,252.9090909090909,D:\AprPanama2025_fixed\041425_experimental\041425PA_experimental_part22.mp4,1900-01-02 04:33:35.300,649
392151,369,189,6.0,138.0,177.0,248.0,D:\AprPanama2025_fixed\041425_experimental\041425PA_experimental_part22.mp4,1900-01-02 04:33:35.100,649
392149,369,190,4.0,122.0,165.0,201.1111111111111,D:\AprPanama2025_fixed\041425_experimental\041425PA_experimental_part22.mp4,1900-01-02 04:33:34.900,649
392150,369,189,6.0,118.0,174.0,233.0,D:\AprPanama2025_fixed\041425_experimental\041425PA_experimental_part22.mp4,1900-01-02 04:33:35.000,649
392154,369,190,5.5,129.0,178.0,253.63636363636363,D:\AprPanama2025_fixed\041425_experimental\041425PA_experimental_part22.mp4,1900-01-02 04:33:35.400,649
392158,370,190,2.0,137.0,175.0,210.16666666666663,D:\AprPanama2025_fixed\041425_experimental\041425PA_experimental_part22.mp4,1900-01-02 04:33:35.800,650
392157,369,190,5.5,118.0,172.0,220.27272727272728,D:\AprPanama2025_fixed\041425_experimental\041425PA_experimental_part22.mp4,1900-01-02 04:33:35.700,649
392159,369,190,5.0,113.0,169.0,171.60000000000002,D:\AprPanama2025_fixed\041425_experimental\041425PA_experimental_part22.mp4,1900-01-02 04:33:35.900,649
392161,369,190,1.5,121.0,162.0,156.0,D:\AprPanama2025_fixed\041425_experimental\041425PA_experimental_part22.mp4,1900-01-02 04:33:36.100,649
392160,369,190,3.0,124.0,168.0,222.375,D:\AprPanama2025_fixed\041425_experimental\041425PA_experimental_part22.mp4,1900-01-02 04:33:36.000,649
392156,369,190,5.5,118.0,175.0,237.9090909090909,D:\AprPanama2025_fixed\041425_experimental\041425PA_experimental_part22.mp4,1900-01-02 04:33:35.600,649
392162,369,190,2.0,147.0,170.0,182.66666666666663,D:\AprPanama2025_fixed\041425_experimental\041425PA_experimental_part22.mp4,1900-01-02 04:33:36.200,649
392167,377,145,2.0,112.0,160.0,100.16666666666666,D:\AprPanama2025_fixed\041425_experimental\041425PA_experimental_part22.mp4,1900-01-02 04:33:36.700,657
392168,377,145,2.0,112.0,160.0,100.16666666666666,D:\AprPanama2025_fixed\041425_experimental\041425PA_experimental_part22.mp4,1900-01-02 04:33:36.800,657
392165,377,145,2.0,115.0,155.0,85.33333333333333,D:\AprPanama2025_fixed\041425_experimental\041425PA_experimental_part22.mp4,1900-01-02 04:33:36.500,657
392166,377,145,2.0,112.0,160.0,100.16666666666666,D:\AprPanama2025_fixed\041425_experimental\041425PA_experimental_part22.mp4,1900-01-02 04:33:36.600,657
392169,377,145,2.0,112.0,160.0,100.16666666666666,D:\AprPanama2025_fixed\041425_experimental\041425PA_experimental_part22.mp4,1900-01-02 04:33:36.900,657
397136,326,188,2.5,112.0,169.0,244.0,D:\AprPanama2025_fixed\041425_experimental\041425PA_experimental_part23.mp4,1900-01-02 04:41:53.600,606
397133,327,190,2.0,114.0,153.0,220.14285714285717,D:\AprPanama2025_fixed\041425_experimental\041425PA_experimental_part23.mp4,1900-01-02 04:41:53.300,607
397137,326,187,1.5,111.0,162.0,248.28571428571428,D:\AprPanama2025_fixed\041425_experimental\041425PA_experimental_part23.mp4,1900-01-02 04:41:53.700,606
397134,327,188,4.0,121.0,163.0,246.1111111111111,D:\AprPanama2025_fixed\041425_experimental\041425PA_experimental_part23.mp4,1900-01-02 04:41:53.400,607
397135,327,188,5.0,112.0,169.0,236.7,D:\AprPanama2025_fixed\041425_experimental\041425PA_experimental_part23.mp4,1900-01-02 04:41:53.500,607
397141,326,186,1.5,113.0,152.0,202.0,D:\AprPanama2025_fixed\041425_experimental\041425PA_experimental_part23.mp4,1900-01-02 04:41:54.100,606
397139,326,187,5.0,133.0,175.0,189.5,D:\AprPanama2025_fixed\041425_experimental\041425PA_experimental_part23.mp4,1900-01-02 04:41:53.900,606
397143,325,185,2.0,119.0,137.0,116.0,D:\AprPanama2025_fixed\041425_experimental\041425PA_experimental_part23.mp4,1900-01-02 04:41:54.300,605
397140,326,187,5.0,133.0,175.0,189.5,D:\AprPanama2025_fixed\041425_experimental\041425PA_experimental_part23.mp4,1900-01-02 04:41:54.000,606
397146,324,185,2.0,114.0,170.0,203.3333333333333,D:\AprPanama2025_fixed\041425_experimental\041425PA_experimental_part23.mp4,1900-01-02 04:41:54.600,604
397148,324,184,2.0,139.0,175.0,249.5,D:\AprPanama2025_fixed\041425_experimental\041425PA_experimental_part23.mp4,1900-01-02 04:41:54.800,604
397147,324,184,2.0,114.0,171.0,197.8333333333333,D:\AprPanama2025_fixed\041425_experimental\041425PA_experimental_part23.mp4,1900-01-02 04:41:54.700,604
426799,216,167,2.0,114.0,141.0,55.83333333333333,D:\AprPanama2025_fixed\041425_experimental\041425PA_experimental_part24.mp4,1900-01-02 05:31:19.900,496
