frame,cX,cY,area,minI,maxI,meanI,video,time,cX_original
59863,892,91,14.0,111.0,178.0,243.5909090909091,D:\AprPanama2025_fixed\041225_experimental\041225PA_experimental_part04.mp4,1900-01-01 19:03:46.300,1232
59866,893,92,12.0,113.0,179.0,248.09523809523807,D:\AprPanama2025_fixed\041225_experimental\041225PA_experimental_part04.mp4,1900-01-01 19:03:46.600,1233
59868,893,91,9.0,128.0,179.0,245.875,D:\AprPanama2025_fixed\041225_experimental\041225PA_experimental_part04.mp4,1900-01-01 19:03:46.800,1233
59862,892,90,6.0,116.0,166.0,247.8333333333333,D:\AprPanama2025_fixed\041225_experimental\041225PA_experimental_part04.mp4,1900-01-01 19:03:46.200,1232
59867,893,91,12.0,133.0,179.0,247.6,D:\AprPanama2025_fixed\041225_experimental\041225PA_experimental_part04.mp4,1900-01-01 19:03:46.700,1233
59865,893,91,13.5,113.0,179.0,245.9047619047619,D:\AprPanama2025_fixed\041225_experimental\041225PA_experimental_part04.mp4,1900-01-01 19:03:46.500,1233
59864,893,91,14.0,113.0,176.0,246.13636363636363,D:\AprPanama2025_fixed\041225_experimental\041225PA_experimental_part04.mp4,1900-01-01 19:03:46.400,1233
59871,893,91,12.5,118.0,179.0,245.85,D:\AprPanama2025_fixed\041225_experimental\041225PA_experimental_part04.mp4,1900-01-01 19:03:47.100,1233
59874,892,91,4.0,111.0,171.0,235.88888888888889,D:\AprPanama2025_fixed\041225_experimental\041225PA_experimental_part04.mp4,1900-01-01 19:03:47.400,1232
59870,893,91,10.0,114.0,179.0,246.94444444444443,D:\AprPanama2025_fixed\041225_experimental\041225PA_experimental_part04.mp4,1900-01-01 19:03:47.000,1233
59869,893,92,11.0,115.0,179.0,245.66666666666663,D:\AprPanama2025_fixed\041225_experimental\041225PA_experimental_part04.mp4,1900-01-01 19:03:46.900,1233
59873,892,91,3.5,112.0,159.0,250.6,D:\AprPanama2025_fixed\041225_experimental\041225PA_experimental_part04.mp4,1900-01-01 19:03:47.300,1232
59875,892,90,2.0,121.0,172.0,238.66666666666663,D:\AprPanama2025_fixed\041225_experimental\041225PA_experimental_part04.mp4,1900-01-01 19:03:47.500,1232
59872,893,90,4.0,129.0,152.0,254.0,D:\AprPanama2025_fixed\041225_experimental\041225PA_experimental_part04.mp4,1900-01-01 19:03:47.200,1233
60466,901,74,16.0,115.0,179.0,247.2,D:\AprPanama2025_fixed\041225_experimental\041225PA_experimental_part04.mp4,1900-01-01 19:04:46.600,1241
60465,901,73,5.5,116.0,175.0,239.1818181818182,D:\AprPanama2025_fixed\041225_experimental\041225PA_experimental_part04.mp4,1900-01-01 19:04:46.500,1241
60467,901,74,18.0,121.0,179.0,249.66666666666663,D:\AprPanama2025_fixed\041225_experimental\041225PA_experimental_part04.mp4,1900-01-01 19:04:46.700,1241
60468,901,74,20.0,116.0,179.0,246.44827586206893,D:\AprPanama2025_fixed\041225_experimental\041225PA_experimental_part04.mp4,1900-01-01 19:04:46.800,1241
60464,901,72,2.0,112.0,137.0,184.0,D:\AprPanama2025_fixed\041225_experimental\041225PA_experimental_part04.mp4,1900-01-01 19:04:46.400,1241
60471,901,74,16.0,128.0,179.0,249.7083333333333,D:\AprPanama2025_fixed\041225_experimental\041225PA_experimental_part04.mp4,1900-01-01 19:04:47.100,1241
60470,901,74,19.0,116.0,178.0,246.92857142857144,D:\AprPanama2025_fixed\041225_experimental\041225PA_experimental_part04.mp4,1900-01-01 19:04:47.000,1241
60476,900,73,8.0,117.0,179.0,246.7333333333333,D:\AprPanama2025_fixed\041225_experimental\041225PA_experimental_part04.mp4,1900-01-01 19:04:47.600,1240
60475,900,73,10.5,111.0,179.0,250.7058823529412,D:\AprPanama2025_fixed\041225_experimental\041225PA_experimental_part04.mp4,1900-01-01 19:04:47.500,1240
60472,900,74,14.5,118.0,179.0,249.63636363636363,D:\AprPanama2025_fixed\041225_experimental\041225PA_experimental_part04.mp4,1900-01-01 19:04:47.200,1240
60469,864,74,1.5,117.0,165.0,253.4,D:\AprPanama2025_fixed\041225_experimental\041225PA_experimental_part04.mp4,1900-01-01 19:04:46.900,1204
60469,901,74,19.0,116.0,178.0,246.92857142857144,D:\AprPanama2025_fixed\041225_experimental\041225PA_experimental_part04.mp4,1900-01-01 19:04:46.900,1241
60474,900,73,13.5,114.0,179.0,242.52380952380952,D:\AprPanama2025_fixed\041225_experimental\041225PA_experimental_part04.mp4,1900-01-01 19:04:47.400,1240
60473,900,74,14.5,113.0,179.0,252.63636363636363,D:\AprPanama2025_fixed\041225_experimental\041225PA_experimental_part04.mp4,1900-01-01 19:04:47.300,1240
60483,899,73,2.0,111.0,146.0,254.5,D:\AprPanama2025_fixed\041225_experimental\041225PA_experimental_part04.mp4,1900-01-01 19:04:48.300,1239
60482,899,73,2.5,115.0,159.0,241.85714285714283,D:\AprPanama2025_fixed\041225_experimental\041225PA_experimental_part04.mp4,1900-01-01 19:04:48.200,1239
60478,899,73,4.5,116.0,172.0,245.2,D:\AprPanama2025_fixed\041225_experimental\041225PA_experimental_part04.mp4,1900-01-01 19:04:47.800,1239
60479,899,73,5.0,117.0,170.0,250.0,D:\AprPanama2025_fixed\041225_experimental\041225PA_experimental_part04.mp4,1900-01-01 19:04:47.900,1239
60477,900,73,6.5,114.0,175.0,248.15384615384616,D:\AprPanama2025_fixed\041225_experimental\041225PA_experimental_part04.mp4,1900-01-01 19:04:47.700,1240
60485,898,73,1.5,115.0,155.0,252.6,D:\AprPanama2025_fixed\041225_experimental\041225PA_experimental_part04.mp4,1900-01-01 19:04:48.500,1238
60486,898,72,1.5,118.0,166.0,229.4,D:\AprPanama2025_fixed\041225_experimental\041225PA_experimental_part04.mp4,1900-01-01 19:04:48.600,1238
60826,756,63,27.0,115.0,179.0,247.5945945945946,D:\AprPanama2025_fixed\041225_experimental\041225PA_experimental_part04.mp4,1900-01-01 19:05:22.600,1096
60827,756,63,26.0,111.0,251.0,245.2702702702703,D:\AprPanama2025_fixed\041225_experimental\041225PA_experimental_part04.mp4,1900-01-01 19:05:22.700,1096
60825,755,59,16.0,111.0,179.0,248.76,D:\AprPanama2025_fixed\041225_experimental\041225PA_experimental_part04.mp4,1900-01-01 19:05:22.500,1095
60828,756,64,23.0,136.0,179.0,245.54545454545456,D:\AprPanama2025_fixed\041225_experimental\041225PA_experimental_part04.mp4,1900-01-01 19:05:22.800,1096
60834,756,64,14.5,111.0,179.0,248.5217391304348,D:\AprPanama2025_fixed\041225_experimental\041225PA_experimental_part04.mp4,1900-01-01 19:05:23.400,1096
60829,756,64,22.0,117.0,179.0,249.15625,D:\AprPanama2025_fixed\041225_experimental\041225PA_experimental_part04.mp4,1900-01-01 19:05:22.900,1096
60832,756,64,17.5,115.0,179.0,238.77777777777777,D:\AprPanama2025_fixed\041225_experimental\041225PA_experimental_part04.mp4,1900-01-01 19:05:23.200,1096
60836,755,64,13.5,128.0,177.0,245.8095238095238,D:\AprPanama2025_fixed\041225_experimental\041225PA_experimental_part04.mp4,1900-01-01 19:05:23.600,1095
60835,756,64,15.0,114.0,178.0,244.5217391304348,D:\AprPanama2025_fixed\041225_experimental\041225PA_experimental_part04.mp4,1900-01-01 19:05:23.500,1096
60831,756,64,19.5,126.0,179.0,248.3103448275862,D:\AprPanama2025_fixed\041225_experimental\041225PA_experimental_part04.mp4,1900-01-01 19:05:23.100,1096
60833,756,64,17.5,115.0,179.0,238.77777777777777,D:\AprPanama2025_fixed\041225_experimental\041225PA_experimental_part04.mp4,1900-01-01 19:05:23.300,1096
60830,756,64,19.5,133.0,179.0,250.79310344827587,D:\AprPanama2025_fixed\041225_experimental\041225PA_experimental_part04.mp4,1900-01-01 19:05:23.000,1096
60844,755,65,4.5,112.0,160.0,250.3333333333333,D:\AprPanama2025_fixed\041225_experimental\041225PA_experimental_part04.mp4,1900-01-01 19:05:24.400,1095
60838,755,64,11.0,114.0,177.0,248.57894736842104,D:\AprPanama2025_fixed\041225_experimental\041225PA_experimental_part04.mp4,1900-01-01 19:05:23.800,1095
60843,755,65,9.0,117.0,176.0,246.75,D:\AprPanama2025_fixed\041225_experimental\041225PA_experimental_part04.mp4,1900-01-01 19:05:24.300,1095
60839,755,64,11.0,112.0,179.0,244.0526315789473,D:\AprPanama2025_fixed\041225_experimental\041225PA_experimental_part04.mp4,1900-01-01 19:05:23.900,1095
60840,755,64,9.0,117.0,173.0,245.9375,D:\AprPanama2025_fixed\041225_experimental\041225PA_experimental_part04.mp4,1900-01-01 19:05:24.000,1095
60842,755,64,7.5,124.0,177.0,246.2,D:\AprPanama2025_fixed\041225_experimental\041225PA_experimental_part04.mp4,1900-01-01 19:05:24.200,1095
60841,755,65,10.0,115.0,170.0,238.125,D:\AprPanama2025_fixed\041225_experimental\041225PA_experimental_part04.mp4,1900-01-01 19:05:24.100,1095
60837,755,64,11.5,117.0,179.0,250.15789473684208,D:\AprPanama2025_fixed\041225_experimental\041225PA_experimental_part04.mp4,1900-01-01 19:05:23.700,1095
60845,753,63,3.0,113.0,181.0,245.57142857142856,D:\AprPanama2025_fixed\041225_experimental\041225PA_experimental_part04.mp4,1900-01-01 19:05:24.500,1093
61153,703,85,11.5,124.0,179.0,249.7894736842105,D:\AprPanama2025_fixed\041225_experimental\041225PA_experimental_part04.mp4,1900-01-01 19:05:55.300,1043
61156,702,85,14.0,113.0,179.0,226.8181818181818,D:\AprPanama2025_fixed\041225_experimental\041225PA_experimental_part04.mp4,1900-01-01 19:05:55.600,1042
61154,702,85,13.0,115.0,222.0,238.42857142857144,D:\AprPanama2025_fixed\041225_experimental\041225PA_experimental_part04.mp4,1900-01-01 19:05:55.400,1042
61152,703,85,11.5,111.0,179.0,253.1052631578947,D:\AprPanama2025_fixed\041225_experimental\041225PA_experimental_part04.mp4,1900-01-01 19:05:55.200,1043
61151,703,85,11.0,129.0,179.0,252.66666666666663,D:\AprPanama2025_fixed\041225_experimental\041225PA_experimental_part04.mp4,1900-01-01 19:05:55.100,1043
61155,702,85,13.0,115.0,222.0,238.42857142857144,D:\AprPanama2025_fixed\041225_experimental\041225PA_experimental_part04.mp4,1900-01-01 19:05:55.500,1042
61150,703,84,13.5,118.0,179.0,251.09523809523807,D:\AprPanama2025_fixed\041225_experimental\041225PA_experimental_part04.mp4,1900-01-01 19:05:55.000,1043
61149,701,80,5.0,130.0,179.0,234.6,D:\AprPanama2025_fixed\041225_experimental\041225PA_experimental_part04.mp4,1900-01-01 19:05:54.900,1041
61160,702,85,11.0,112.0,179.0,245.44444444444443,D:\AprPanama2025_fixed\041225_experimental\041225PA_experimental_part04.mp4,1900-01-01 19:05:56.000,1042
61158,702,85,12.0,119.0,178.0,245.3684210526316,D:\AprPanama2025_fixed\041225_experimental\041225PA_experimental_part04.mp4,1900-01-01 19:05:55.800,1042
61164,701,86,4.0,126.0,179.0,240.1111111111111,D:\AprPanama2025_fixed\041225_experimental\041225PA_experimental_part04.mp4,1900-01-01 19:05:56.400,1041
61162,701,85,7.0,129.0,179.0,249.0,D:\AprPanama2025_fixed\041225_experimental\041225PA_experimental_part04.mp4,1900-01-01 19:05:56.200,1041
61163,701,85,7.0,122.0,179.0,244.84615384615387,D:\AprPanama2025_fixed\041225_experimental\041225PA_experimental_part04.mp4,1900-01-01 19:05:56.300,1041
61157,702,85,12.0,122.0,178.0,246.52631578947367,D:\AprPanama2025_fixed\041225_experimental\041225PA_experimental_part04.mp4,1900-01-01 19:05:55.700,1042
61161,702,85,11.0,119.0,179.0,245.16666666666663,D:\AprPanama2025_fixed\041225_experimental\041225PA_experimental_part04.mp4,1900-01-01 19:05:56.100,1042
61159,702,85,11.0,118.0,179.0,248.27777777777777,D:\AprPanama2025_fixed\041225_experimental\041225PA_experimental_part04.mp4,1900-01-01 19:05:55.900,1042
61165,701,86,5.0,116.0,178.0,238.4,D:\AprPanama2025_fixed\041225_experimental\041225PA_experimental_part04.mp4,1900-01-01 19:05:56.500,1041
61166,701,86,6.5,126.0,179.0,238.5833333333333,D:\AprPanama2025_fixed\041225_experimental\041225PA_experimental_part04.mp4,1900-01-01 19:05:56.600,1041
61169,701,86,7.5,112.0,179.0,238.0769230769231,D:\AprPanama2025_fixed\041225_experimental\041225PA_experimental_part04.mp4,1900-01-01 19:05:56.900,1041
61171,700,86,6.5,113.0,179.0,244.0833333333333,D:\AprPanama2025_fixed\041225_experimental\041225PA_experimental_part04.mp4,1900-01-01 19:05:57.100,1040
61167,701,86,7.5,112.0,179.0,238.0769230769231,D:\AprPanama2025_fixed\041225_experimental\041225PA_experimental_part04.mp4,1900-01-01 19:05:56.700,1041
61170,700,86,6.5,113.0,179.0,244.0833333333333,D:\AprPanama2025_fixed\041225_experimental\041225PA_experimental_part04.mp4,1900-01-01 19:05:57.000,1040
61172,700,86,6.0,114.0,179.0,244.0909090909091,D:\AprPanama2025_fixed\041225_experimental\041225PA_experimental_part04.mp4,1900-01-01 19:05:57.200,1040
61168,701,86,7.5,112.0,179.0,238.0769230769231,D:\AprPanama2025_fixed\041225_experimental\041225PA_experimental_part04.mp4,1900-01-01 19:05:56.800,1041
61175,700,86,1.5,164.0,175.0,245.8,D:\AprPanama2025_fixed\041225_experimental\041225PA_experimental_part04.mp4,1900-01-01 19:05:57.500,1040
61173,700,86,5.0,118.0,179.0,208.7,D:\AprPanama2025_fixed\041225_experimental\041225PA_experimental_part04.mp4,1900-01-01 19:05:57.300,1040
61178,699,86,2.0,119.0,159.0,157.5,D:\AprPanama2025_fixed\041225_experimental\041225PA_experimental_part04.mp4,1900-01-01 19:05:57.800,1039
61174,700,86,3.5,118.0,179.0,231.0,D:\AprPanama2025_fixed\041225_experimental\041225PA_experimental_part04.mp4,1900-01-01 19:05:57.400,1040
61398,268,94,2.5,128.0,172.0,241.85714285714283,D:\AprPanama2025_fixed\041225_experimental\041225PA_experimental_part04.mp4,1900-01-01 19:06:19.800,608
61403,270,94,4.0,112.0,176.0,224.66666666666663,D:\AprPanama2025_fixed\041225_experimental\041225PA_experimental_part04.mp4,1900-01-01 19:06:20.300,610
61402,270,94,2.0,140.0,179.0,247.8333333333333,D:\AprPanama2025_fixed\041225_experimental\041225PA_experimental_part04.mp4,1900-01-01 19:06:20.200,610
61401,269,95,5.5,114.0,170.0,215.0,D:\AprPanama2025_fixed\041225_experimental\041225PA_experimental_part04.mp4,1900-01-01 19:06:20.100,609
61399,268,94,4.0,122.0,179.0,244.0,D:\AprPanama2025_fixed\041225_experimental\041225PA_experimental_part04.mp4,1900-01-01 19:06:19.900,608
61404,270,94,3.5,133.0,179.0,245.375,D:\AprPanama2025_fixed\041225_experimental\041225PA_experimental_part04.mp4,1900-01-01 19:06:20.400,610
61400,269,94,7.0,114.0,164.0,229.61538461538464,D:\AprPanama2025_fixed\041225_experimental\041225PA_experimental_part04.mp4,1900-01-01 19:06:20.000,609
61405,270,94,5.5,115.0,178.0,237.5,D:\AprPanama2025_fixed\041225_experimental\041225PA_experimental_part04.mp4,1900-01-01 19:06:20.500,610
61409,151,50,4.0,114.0,170.0,240.9,D:\AprPanama2025_fixed\041225_experimental\041225PA_experimental_part04.mp4,1900-01-01 19:06:20.900,491
61409,272,94,2.0,117.0,178.0,217.5,D:\AprPanama2025_fixed\041225_experimental\041225PA_experimental_part04.mp4,1900-01-01 19:06:20.900,612
61408,151,51,4.0,111.0,171.0,211.0,D:\AprPanama2025_fixed\041225_experimental\041225PA_experimental_part04.mp4,1900-01-01 19:06:20.800,491
61411,150,50,14.0,116.0,211.0,228.1818181818182,D:\AprPanama2025_fixed\041225_experimental\041225PA_experimental_part04.mp4,1900-01-01 19:06:21.100,490
61411,272,95,3.5,129.0,174.0,224.5,D:\AprPanama2025_fixed\041225_experimental\041225PA_experimental_part04.mp4,1900-01-01 19:06:21.100,612
61412,150,51,11.0,117.0,178.0,217.3684210526316,D:\AprPanama2025_fixed\041225_experimental\041225PA_experimental_part04.mp4,1900-01-01 19:06:21.200,490
61410,150,50,13.5,124.0,179.0,239.3809523809524,D:\AprPanama2025_fixed\041225_experimental\041225PA_experimental_part04.mp4,1900-01-01 19:06:21.000,490
61410,272,94,2.0,114.0,174.0,225.3333333333333,D:\AprPanama2025_fixed\041225_experimental\041225PA_experimental_part04.mp4,1900-01-01 19:06:21.000,612
61414,148,51,10.0,124.0,179.0,245.3333333333333,D:\AprPanama2025_fixed\041225_experimental\041225PA_experimental_part04.mp4,1900-01-01 19:06:21.400,488
61415,148,50,14.0,113.0,179.0,246.04545454545456,D:\AprPanama2025_fixed\041225_experimental\041225PA_experimental_part04.mp4,1900-01-01 19:06:21.500,488
61418,147,50,8.0,113.0,176.0,230.0,D:\AprPanama2025_fixed\041225_experimental\041225PA_experimental_part04.mp4,1900-01-01 19:06:21.800,487
61416,148,50,16.5,112.0,179.0,217.12,D:\AprPanama2025_fixed\041225_experimental\041225PA_experimental_part04.mp4,1900-01-01 19:06:21.600,488
61413,149,51,8.5,118.0,179.0,235.75,D:\AprPanama2025_fixed\041225_experimental\041225PA_experimental_part04.mp4,1900-01-01 19:06:21.300,489
61419,147,50,5.5,112.0,179.0,236.78571428571428,D:\AprPanama2025_fixed\041225_experimental\041225PA_experimental_part04.mp4,1900-01-01 19:06:21.900,487
61420,147,50,7.0,117.0,169.0,246.7333333333333,D:\AprPanama2025_fixed\041225_experimental\041225PA_experimental_part04.mp4,1900-01-01 19:06:22.000,487
61417,148,50,14.5,111.0,179.0,209.3913043478261,D:\AprPanama2025_fixed\041225_experimental\041225PA_experimental_part04.mp4,1900-01-01 19:06:21.700,488
61422,146,51,11.0,115.0,179.0,237.52631578947367,D:\AprPanama2025_fixed\041225_experimental\041225PA_experimental_part04.mp4,1900-01-01 19:06:22.200,486
61421,146,51,8.0,123.0,167.0,250.06666666666663,D:\AprPanama2025_fixed\041225_experimental\041225PA_experimental_part04.mp4,1900-01-01 19:06:22.100,486
61424,145,51,12.5,116.0,179.0,213.3333333333333,D:\AprPanama2025_fixed\041225_experimental\041225PA_experimental_part04.mp4,1900-01-01 19:06:22.400,485
61425,145,51,12.5,116.0,179.0,213.3333333333333,D:\AprPanama2025_fixed\041225_experimental\041225PA_experimental_part04.mp4,1900-01-01 19:06:22.500,485
61423,146,51,11.0,115.0,179.0,237.52631578947367,D:\AprPanama2025_fixed\041225_experimental\041225PA_experimental_part04.mp4,1900-01-01 19:06:22.300,486
61423,276,96,1.5,111.0,140.0,38.400000000000006,D:\AprPanama2025_fixed\041225_experimental\041225PA_experimental_part04.mp4,1900-01-01 19:06:22.300,616
61427,145,52,10.0,126.0,178.0,216.77777777777777,D:\AprPanama2025_fixed\041225_experimental\041225PA_experimental_part04.mp4,1900-01-01 19:06:22.700,485
61426,145,52,10.0,120.0,179.0,220.94444444444443,D:\AprPanama2025_fixed\041225_experimental\041225PA_experimental_part04.mp4,1900-01-01 19:06:22.600,485
61428,144,52,9.5,113.0,179.0,216.38888888888889,D:\AprPanama2025_fixed\041225_experimental\041225PA_experimental_part04.mp4,1900-01-01 19:06:22.800,484
61433,146,52,2.5,122.0,173.0,226.28571428571428,D:\AprPanama2025_fixed\041225_experimental\041225PA_experimental_part04.mp4,1900-01-01 19:06:23.300,486
61429,144,53,9.5,118.0,173.0,220.1764705882353,D:\AprPanama2025_fixed\041225_experimental\041225PA_experimental_part04.mp4,1900-01-01 19:06:22.900,484
61430,145,52,5.5,115.0,179.0,246.63636363636363,D:\AprPanama2025_fixed\041225_experimental\041225PA_experimental_part04.mp4,1900-01-01 19:06:23.000,485
61435,145,54,3.0,124.0,175.0,240.25,D:\AprPanama2025_fixed\041225_experimental\041225PA_experimental_part04.mp4,1900-01-01 19:06:23.500,485
61432,145,52,6.0,115.0,172.0,231.8333333333333,D:\AprPanama2025_fixed\041225_experimental\041225PA_experimental_part04.mp4,1900-01-01 19:06:23.200,485
61436,145,54,3.5,114.0,172.0,198.11111111111111,D:\AprPanama2025_fixed\041225_experimental\041225PA_experimental_part04.mp4,1900-01-01 19:06:23.600,485
61434,145,53,5.5,113.0,175.0,242.0909090909091,D:\AprPanama2025_fixed\041225_experimental\041225PA_experimental_part04.mp4,1900-01-01 19:06:23.400,485
61437,145,54,1.5,114.0,164.0,252.57142857142856,D:\AprPanama2025_fixed\041225_experimental\041225PA_experimental_part04.mp4,1900-01-01 19:06:23.700,485
61441,147,54,2.0,113.0,156.0,232.85714285714283,D:\AprPanama2025_fixed\041225_experimental\041225PA_experimental_part04.mp4,1900-01-01 19:06:24.100,487
61439,144,55,1.5,129.0,164.0,253.0,D:\AprPanama2025_fixed\041225_experimental\041225PA_experimental_part04.mp4,1900-01-01 19:06:23.900,484
61505,743,72,6.0,123.0,179.0,223.66666666666663,D:\AprPanama2025_fixed\041225_experimental\041225PA_experimental_part04.mp4,1900-01-01 19:06:30.500,1083
61507,743,78,29.5,116.0,179.0,244.225,D:\AprPanama2025_fixed\041225_experimental\041225PA_experimental_part04.mp4,1900-01-01 19:06:30.700,1083
61508,744,78,28.5,121.0,254.0,237.97435897435895,D:\AprPanama2025_fixed\041225_experimental\041225PA_experimental_part04.mp4,1900-01-01 19:06:30.800,1084
61506,743,76,23.5,116.0,179.0,247.8181818181818,D:\AprPanama2025_fixed\041225_experimental\041225PA_experimental_part04.mp4,1900-01-01 19:06:30.600,1083
61513,744,79,23.5,117.0,250.0,245.3636363636364,D:\AprPanama2025_fixed\041225_experimental\041225PA_experimental_part04.mp4,1900-01-01 19:06:31.300,1084
61515,744,79,24.0,111.0,248.0,246.72727272727275,D:\AprPanama2025_fixed\041225_experimental\041225PA_experimental_part04.mp4,1900-01-01 19:06:31.500,1084
61512,744,79,23.5,117.0,250.0,245.3636363636364,D:\AprPanama2025_fixed\041225_experimental\041225PA_experimental_part04.mp4,1900-01-01 19:06:31.200,1084
61510,744,78,26.0,134.0,179.0,244.13888888888889,D:\AprPanama2025_fixed\041225_experimental\041225PA_experimental_part04.mp4,1900-01-01 19:06:31.000,1084
61516,745,79,24.0,116.0,179.0,250.84848484848484,D:\AprPanama2025_fixed\041225_experimental\041225PA_experimental_part04.mp4,1900-01-01 19:06:31.600,1085
61511,744,79,27.5,131.0,179.0,248.2894736842105,D:\AprPanama2025_fixed\041225_experimental\041225PA_experimental_part04.mp4,1900-01-01 19:06:31.100,1084
61509,744,78,25.0,126.0,253.0,237.94285714285712,D:\AprPanama2025_fixed\041225_experimental\041225PA_experimental_part04.mp4,1900-01-01 19:06:30.900,1084
61514,744,79,24.0,111.0,249.0,246.96969696969697,D:\AprPanama2025_fixed\041225_experimental\041225PA_experimental_part04.mp4,1900-01-01 19:06:31.400,1084
61521,746,79,18.0,123.0,179.0,248.3333333333333,D:\AprPanama2025_fixed\041225_experimental\041225PA_experimental_part04.mp4,1900-01-01 19:06:32.100,1086
61521,662,140,12.0,114.0,178.0,248.0526315789473,D:\AprPanama2025_fixed\041225_experimental\041225PA_experimental_part04.mp4,1900-01-01 19:06:32.100,1002
61520,745,79,17.0,125.0,179.0,252.36,D:\AprPanama2025_fixed\041225_experimental\041225PA_experimental_part04.mp4,1900-01-01 19:06:32.000,1085
61520,662,140,10.0,117.0,179.0,250.58823529411765,D:\AprPanama2025_fixed\041225_experimental\041225PA_experimental_part04.mp4,1900-01-01 19:06:32.000,1002
61523,746,79,17.0,131.0,179.0,250.8,D:\AprPanama2025_fixed\041225_experimental\041225PA_experimental_part04.mp4,1900-01-01 19:06:32.300,1086
61523,662,141,13.5,138.0,179.0,246.4090909090909,D:\AprPanama2025_fixed\041225_experimental\041225PA_experimental_part04.mp4,1900-01-01 19:06:32.300,1002
61522,746,79,18.0,126.0,178.0,248.0,D:\AprPanama2025_fixed\041225_experimental\041225PA_experimental_part04.mp4,1900-01-01 19:06:32.200,1086
61522,662,141,14.0,115.0,178.0,246.54545454545456,D:\AprPanama2025_fixed\041225_experimental\041225PA_experimental_part04.mp4,1900-01-01 19:06:32.200,1002
61519,745,79,18.0,112.0,179.0,249.8148148148148,D:\AprPanama2025_fixed\041225_experimental\041225PA_experimental_part04.mp4,1900-01-01 19:06:31.900,1085
61518,745,79,18.5,117.0,179.0,245.14285714285717,D:\AprPanama2025_fixed\041225_experimental\041225PA_experimental_part04.mp4,1900-01-01 19:06:31.800,1085
61524,746,79,17.0,114.0,179.0,249.88,D:\AprPanama2025_fixed\041225_experimental\041225PA_experimental_part04.mp4,1900-01-01 19:06:32.400,1086
61524,662,141,15.5,114.0,179.0,242.91666666666663,D:\AprPanama2025_fixed\041225_experimental\041225PA_experimental_part04.mp4,1900-01-01 19:06:32.400,1002
61517,745,79,24.0,116.0,179.0,250.4848484848485,D:\AprPanama2025_fixed\041225_experimental\041225PA_experimental_part04.mp4,1900-01-01 19:06:31.700,1085
61529,746,79,13.5,112.0,179.0,246.27272727272728,D:\AprPanama2025_fixed\041225_experimental\041225PA_experimental_part04.mp4,1900-01-01 19:06:32.900,1086
61529,936,125,6.0,114.0,172.0,244.75,D:\AprPanama2025_fixed\041225_experimental\041225PA_experimental_part04.mp4,1900-01-01 19:06:32.900,1276
61529,663,143,11.0,132.0,179.0,249.38888888888889,D:\AprPanama2025_fixed\041225_experimental\041225PA_experimental_part04.mp4,1900-01-01 19:06:32.900,1003
61525,746,79,16.5,119.0,179.0,250.56,D:\AprPanama2025_fixed\041225_experimental\041225PA_experimental_part04.mp4,1900-01-01 19:06:32.500,1086
61525,934,125,4.5,118.0,174.0,225.1818181818182,D:\AprPanama2025_fixed\041225_experimental\041225PA_experimental_part04.mp4,1900-01-01 19:06:32.500,1274
61525,662,142,12.0,143.0,201.0,250.35,D:\AprPanama2025_fixed\041225_experimental\041225PA_experimental_part04.mp4,1900-01-01 19:06:32.500,1002
61530,746,80,10.0,127.0,179.0,251.8823529411765,D:\AprPanama2025_fixed\041225_experimental\041225PA_experimental_part04.mp4,1900-01-01 19:06:33.000,1086
61530,936,124,3.5,115.0,179.0,245.55555555555557,D:\AprPanama2025_fixed\041225_experimental\041225PA_experimental_part04.mp4,1900-01-01 19:06:33.000,1276
61530,663,143,11.0,138.0,179.0,251.66666666666663,D:\AprPanama2025_fixed\041225_experimental\041225PA_experimental_part04.mp4,1900-01-01 19:06:33.000,1003
61531,747,79,10.5,115.0,179.0,245.88888888888889,D:\AprPanama2025_fixed\041225_experimental\041225PA_experimental_part04.mp4,1900-01-01 19:06:33.100,1087
61531,937,125,3.5,115.0,125.0,247.75,D:\AprPanama2025_fixed\041225_experimental\041225PA_experimental_part04.mp4,1900-01-01 19:06:33.100,1277
61531,662,143,12.5,119.0,179.0,247.65,D:\AprPanama2025_fixed\041225_experimental\041225PA_experimental_part04.mp4,1900-01-01 19:06:33.100,1002
61527,746,79,15.0,119.0,179.0,251.0,D:\AprPanama2025_fixed\041225_experimental\041225PA_experimental_part04.mp4,1900-01-01 19:06:32.700,1086
61527,935,125,10.5,118.0,178.0,231.16666666666663,D:\AprPanama2025_fixed\041225_experimental\041225PA_experimental_part04.mp4,1900-01-01 19:06:32.700,1275
61527,663,142,13.5,123.0,177.0,246.7142857142857,D:\AprPanama2025_fixed\041225_experimental\041225PA_experimental_part04.mp4,1900-01-01 19:06:32.700,1003
61532,747,80,8.5,147.0,179.0,249.8,D:\AprPanama2025_fixed\041225_experimental\041225PA_experimental_part04.mp4,1900-01-01 19:06:33.200,1087
61532,936,124,2.5,115.0,160.0,251.28571428571428,D:\AprPanama2025_fixed\041225_experimental\041225PA_experimental_part04.mp4,1900-01-01 19:06:33.200,1276
61532,662,144,9.0,148.0,182.0,246.625,D:\AprPanama2025_fixed\041225_experimental\041225PA_experimental_part04.mp4,1900-01-01 19:06:33.200,1002
61526,746,79,15.0,119.0,178.0,248.6086956521739,D:\AprPanama2025_fixed\041225_experimental\041225PA_experimental_part04.mp4,1900-01-01 19:06:32.600,1086
61526,935,125,5.5,103.0,163.0,253.5,D:\AprPanama2025_fixed\041225_experimental\041225PA_experimental_part04.mp4,1900-01-01 19:06:32.600,1275
61526,936,125,2.0,103.0,147.0,251.4,D:\AprPanama2025_fixed\041225_experimental\041225PA_experimental_part04.mp4,1900-01-01 19:06:32.600,1276
61526,662,142,13.0,114.0,178.0,252.9523809523809,D:\AprPanama2025_fixed\041225_experimental\041225PA_experimental_part04.mp4,1900-01-01 19:06:32.600,1002
61528,746,79,13.5,112.0,179.0,246.0909090909091,D:\AprPanama2025_fixed\041225_experimental\041225PA_experimental_part04.mp4,1900-01-01 19:06:32.800,1086
61528,936,124,6.5,115.0,174.0,249.92307692307693,D:\AprPanama2025_fixed\041225_experimental\041225PA_experimental_part04.mp4,1900-01-01 19:06:32.800,1276
61528,663,143,11.0,116.0,179.0,248.38888888888889,D:\AprPanama2025_fixed\041225_experimental\041225PA_experimental_part04.mp4,1900-01-01 19:06:32.800,1003
61539,685,89,10.5,122.0,179.0,235.58823529411765,D:\AprPanama2025_fixed\041225_experimental\041225PA_experimental_part04.mp4,1900-01-01 19:06:33.900,1025
61535,747,80,3.5,116.0,165.0,231.0,D:\AprPanama2025_fixed\041225_experimental\041225PA_experimental_part04.mp4,1900-01-01 19:06:33.500,1087
61535,685,89,5.5,117.0,179.0,246.1818181818182,D:\AprPanama2025_fixed\041225_experimental\041225PA_experimental_part04.mp4,1900-01-01 19:06:33.500,1025
61535,663,144,10.0,118.0,179.0,239.3125,D:\AprPanama2025_fixed\041225_experimental\041225PA_experimental_part04.mp4,1900-01-01 19:06:33.500,1003
61537,685,89,9.5,143.0,179.0,247.25,D:\AprPanama2025_fixed\041225_experimental\041225PA_experimental_part04.mp4,1900-01-01 19:06:33.700,1025
61537,662,144,2.5,128.0,178.0,240.3333333333333,D:\AprPanama2025_fixed\041225_experimental\041225PA_experimental_part04.mp4,1900-01-01 19:06:33.700,1002
61536,747,80,3.5,124.0,177.0,235.5,D:\AprPanama2025_fixed\041225_experimental\041225PA_experimental_part04.mp4,1900-01-01 19:06:33.600,1087
61536,685,89,9.5,142.0,177.0,236.875,D:\AprPanama2025_fixed\041225_experimental\041225PA_experimental_part04.mp4,1900-01-01 19:06:33.600,1025
61536,663,144,5.5,115.0,179.0,241.54545454545456,D:\AprPanama2025_fixed\041225_experimental\041225PA_experimental_part04.mp4,1900-01-01 19:06:33.600,1003
61538,685,89,10.0,115.0,176.0,235.35294117647055,D:\AprPanama2025_fixed\041225_experimental\041225PA_experimental_part04.mp4,1900-01-01 19:06:33.800,1025
61540,686,89,8.5,118.0,179.0,248.0,D:\AprPanama2025_fixed\041225_experimental\041225PA_experimental_part04.mp4,1900-01-01 19:06:34.000,1026
61534,747,79,4.5,112.0,171.0,236.6,D:\AprPanama2025_fixed\041225_experimental\041225PA_experimental_part04.mp4,1900-01-01 19:06:33.400,1087
61534,684,88,2.0,112.0,174.0,231.5,D:\AprPanama2025_fixed\041225_experimental\041225PA_experimental_part04.mp4,1900-01-01 19:06:33.400,1024
61534,662,144,9.5,120.0,179.0,245.6875,D:\AprPanama2025_fixed\041225_experimental\041225PA_experimental_part04.mp4,1900-01-01 19:06:33.400,1002
61533,747,80,8.5,141.0,179.0,243.53333333333333,D:\AprPanama2025_fixed\041225_experimental\041225PA_experimental_part04.mp4,1900-01-01 19:06:33.300,1087
61533,662,144,9.0,144.0,179.0,240.375,D:\AprPanama2025_fixed\041225_experimental\041225PA_experimental_part04.mp4,1900-01-01 19:06:33.300,1002
61544,688,89,9.0,123.0,175.0,199.6,D:\AprPanama2025_fixed\041225_experimental\041225PA_experimental_part04.mp4,1900-01-01 19:06:34.400,1028
61544,663,146,2.0,123.0,165.0,230.66666666666663,D:\AprPanama2025_fixed\041225_experimental\041225PA_experimental_part04.mp4,1900-01-01 19:06:34.400,1003
61543,687,89,10.5,112.0,179.0,233.23529411764704,D:\AprPanama2025_fixed\041225_experimental\041225PA_experimental_part04.mp4,1900-01-01 19:06:34.300,1027
61548,689,89,8.0,114.0,179.0,233.35714285714283,D:\AprPanama2025_fixed\041225_experimental\041225PA_experimental_part04.mp4,1900-01-01 19:06:34.800,1029
61548,663,146,4.0,112.0,179.0,237.2222222222222,D:\AprPanama2025_fixed\041225_experimental\041225PA_experimental_part04.mp4,1900-01-01 19:06:34.800,1003
61542,687,88,2.5,129.0,178.0,246.875,D:\AprPanama2025_fixed\041225_experimental\041225PA_experimental_part04.mp4,1900-01-01 19:06:34.200,1027
61541,687,89,10.0,138.0,176.0,226.6875,D:\AprPanama2025_fixed\041225_experimental\041225PA_experimental_part04.mp4,1900-01-01 19:06:34.100,1027
61547,690,88,1.5,117.0,164.0,233.8,D:\AprPanama2025_fixed\041225_experimental\041225PA_experimental_part04.mp4,1900-01-01 19:06:34.700,1030
61547,664,146,2.0,118.0,169.0,233.0,D:\AprPanama2025_fixed\041225_experimental\041225PA_experimental_part04.mp4,1900-01-01 19:06:34.700,1004
61546,689,89,4.0,118.0,175.0,232.44444444444443,D:\AprPanama2025_fixed\041225_experimental\041225PA_experimental_part04.mp4,1900-01-01 19:06:34.600,1029
61546,663,146,5.0,128.0,178.0,239.4,D:\AprPanama2025_fixed\041225_experimental\041225PA_experimental_part04.mp4,1900-01-01 19:06:34.600,1003
61545,688,89,6.5,131.0,173.0,187.41666666666663,D:\AprPanama2025_fixed\041225_experimental\041225PA_experimental_part04.mp4,1900-01-01 19:06:34.500,1028
61545,664,146,2.0,112.0,171.0,238.85714285714283,D:\AprPanama2025_fixed\041225_experimental\041225PA_experimental_part04.mp4,1900-01-01 19:06:34.500,1004
61551,692,27,3.5,126.0,164.0,129.75,D:\AprPanama2025_fixed\041225_experimental\041225PA_experimental_part04.mp4,1900-01-01 19:06:35.100,1032
61552,693,27,3.0,131.0,167.0,236.28571428571428,D:\AprPanama2025_fixed\041225_experimental\041225PA_experimental_part04.mp4,1900-01-01 19:06:35.200,1033
61552,664,148,3.5,129.0,151.0,126.75,D:\AprPanama2025_fixed\041225_experimental\041225PA_experimental_part04.mp4,1900-01-01 19:06:35.200,1004
61550,691,27,3.5,119.0,162.0,75.625,D:\AprPanama2025_fixed\041225_experimental\041225PA_experimental_part04.mp4,1900-01-01 19:06:35.000,1031
61550,690,89,3.0,114.0,169.0,128.25,D:\AprPanama2025_fixed\041225_experimental\041225PA_experimental_part04.mp4,1900-01-01 19:06:35.000,1030
61550,663,147,6.5,124.0,175.0,219.75,D:\AprPanama2025_fixed\041225_experimental\041225PA_experimental_part04.mp4,1900-01-01 19:06:35.000,1003
61556,695,28,3.0,126.0,174.0,244.75,D:\AprPanama2025_fixed\041225_experimental\041225PA_experimental_part04.mp4,1900-01-01 19:06:35.600,1035
61556,664,148,3.5,111.0,170.0,237.375,D:\AprPanama2025_fixed\041225_experimental\041225PA_experimental_part04.mp4,1900-01-01 19:06:35.600,1004
61553,693,28,6.5,122.0,173.0,236.25,D:\AprPanama2025_fixed\041225_experimental\041225PA_experimental_part04.mp4,1900-01-01 19:06:35.300,1033
61553,690,89,1.5,135.0,160.0,153.4,D:\AprPanama2025_fixed\041225_experimental\041225PA_experimental_part04.mp4,1900-01-01 19:06:35.300,1030
61553,664,148,1.5,131.0,150.0,96.4,D:\AprPanama2025_fixed\041225_experimental\041225PA_experimental_part04.mp4,1900-01-01 19:06:35.300,1004
61554,664,148,1.5,117.0,167.0,142.4,D:\AprPanama2025_fixed\041225_experimental\041225PA_experimental_part04.mp4,1900-01-01 19:06:35.400,1004
61555,694,28,3.0,113.0,175.0,234.14285714285717,D:\AprPanama2025_fixed\041225_experimental\041225PA_experimental_part04.mp4,1900-01-01 19:06:35.500,1034
61549,689,89,7.5,122.0,178.0,213.85714285714283,D:\AprPanama2025_fixed\041225_experimental\041225PA_experimental_part04.mp4,1900-01-01 19:06:34.900,1029
61549,663,146,4.0,112.0,179.0,237.2222222222222,D:\AprPanama2025_fixed\041225_experimental\041225PA_experimental_part04.mp4,1900-01-01 19:06:34.900,1003
61558,696,29,3.0,111.0,165.0,175.0,D:\AprPanama2025_fixed\041225_experimental\041225PA_experimental_part04.mp4,1900-01-01 19:06:35.800,1036
61558,664,148,4.5,120.0,173.0,245.44444444444443,D:\AprPanama2025_fixed\041225_experimental\041225PA_experimental_part04.mp4,1900-01-01 19:06:35.800,1004
61561,664,149,1.5,116.0,152.0,249.8,D:\AprPanama2025_fixed\041225_experimental\041225PA_experimental_part04.mp4,1900-01-01 19:06:36.100,1004
61563,664,149,2.0,139.0,169.0,214.66666666666663,D:\AprPanama2025_fixed\041225_experimental\041225PA_experimental_part04.mp4,1900-01-01 19:06:36.300,1004
61559,692,89,2.5,116.0,172.0,202.14285714285717,D:\AprPanama2025_fixed\041225_experimental\041225PA_experimental_part04.mp4,1900-01-01 19:06:35.900,1032
61557,664,148,2.0,141.0,172.0,252.16666666666663,D:\AprPanama2025_fixed\041225_experimental\041225PA_experimental_part04.mp4,1900-01-01 19:06:35.700,1004
61570,665,150,1.5,115.0,172.0,236.4,D:\AprPanama2025_fixed\041225_experimental\041225PA_experimental_part04.mp4,1900-01-01 19:06:37.000,1005
61876,753,54,21.5,126.0,179.0,248.93548387096772,D:\AprPanama2025_fixed\041225_experimental\041225PA_experimental_part04.mp4,1900-01-01 19:07:07.600,1093
61881,756,63,32.5,112.0,233.0,243.97727272727275,D:\AprPanama2025_fixed\041225_experimental\041225PA_experimental_part04.mp4,1900-01-01 19:07:08.100,1096
61884,758,64,28.0,132.0,179.0,250.4102564102564,D:\AprPanama2025_fixed\041225_experimental\041225PA_experimental_part04.mp4,1900-01-01 19:07:08.400,1098
61882,757,63,30.0,111.0,179.0,244.275,D:\AprPanama2025_fixed\041225_experimental\041225PA_experimental_part04.mp4,1900-01-01 19:07:08.200,1097
61879,755,62,41.5,119.0,254.0,238.94444444444443,D:\AprPanama2025_fixed\041225_experimental\041225PA_experimental_part04.mp4,1900-01-01 19:07:07.900,1095
61880,756,63,36.0,115.0,237.0,244.35416666666663,D:\AprPanama2025_fixed\041225_experimental\041225PA_experimental_part04.mp4,1900-01-01 19:07:08.000,1096
61883,757,63,27.0,111.0,179.0,248.2972972972973,D:\AprPanama2025_fixed\041225_experimental\041225PA_experimental_part04.mp4,1900-01-01 19:07:08.300,1097
61878,755,62,43.5,112.0,236.0,244.92857142857144,D:\AprPanama2025_fixed\041225_experimental\041225PA_experimental_part04.mp4,1900-01-01 19:07:07.800,1095
61877,754,59,31.0,126.0,232.0,245.8333333333333,D:\AprPanama2025_fixed\041225_experimental\041225PA_experimental_part04.mp4,1900-01-01 19:07:07.700,1094
61891,762,65,26.0,112.0,179.0,247.52777777777777,D:\AprPanama2025_fixed\041225_experimental\041225PA_experimental_part04.mp4,1900-01-01 19:07:09.100,1102
61888,760,65,24.0,119.0,178.0,242.02941176470588,D:\AprPanama2025_fixed\041225_experimental\041225PA_experimental_part04.mp4,1900-01-01 19:07:08.800,1100
61885,758,64,36.5,116.0,179.0,245.8958333333333,D:\AprPanama2025_fixed\041225_experimental\041225PA_experimental_part04.mp4,1900-01-01 19:07:08.500,1098
61886,759,64,25.0,122.0,179.0,248.08823529411765,D:\AprPanama2025_fixed\041225_experimental\041225PA_experimental_part04.mp4,1900-01-01 19:07:08.600,1099
61887,759,65,22.0,130.0,179.0,247.40625,D:\AprPanama2025_fixed\041225_experimental\041225PA_experimental_part04.mp4,1900-01-01 19:07:08.700,1099
61890,761,65,30.0,122.0,179.0,250.875,D:\AprPanama2025_fixed\041225_experimental\041225PA_experimental_part04.mp4,1900-01-01 19:07:09.000,1101
61892,762,66,24.5,116.0,179.0,249.94285714285712,D:\AprPanama2025_fixed\041225_experimental\041225PA_experimental_part04.mp4,1900-01-01 19:07:09.200,1102
61889,760,65,25.5,121.0,179.0,251.13888888888889,D:\AprPanama2025_fixed\041225_experimental\041225PA_experimental_part04.mp4,1900-01-01 19:07:08.900,1100
61893,763,66,20.5,122.0,179.0,246.4333333333333,D:\AprPanama2025_fixed\041225_experimental\041225PA_experimental_part04.mp4,1900-01-01 19:07:09.300,1103
61895,764,67,24.5,112.0,179.0,246.65714285714284,D:\AprPanama2025_fixed\041225_experimental\041225PA_experimental_part04.mp4,1900-01-01 19:07:09.500,1104
61899,766,67,19.5,115.0,179.0,250.7142857142857,D:\AprPanama2025_fixed\041225_experimental\041225PA_experimental_part04.mp4,1900-01-01 19:07:09.900,1106
61896,764,67,21.0,112.0,179.0,249.8125,D:\AprPanama2025_fixed\041225_experimental\041225PA_experimental_part04.mp4,1900-01-01 19:07:09.600,1104
61894,763,66,21.5,112.0,179.0,249.9032258064516,D:\AprPanama2025_fixed\041225_experimental\041225PA_experimental_part04.mp4,1900-01-01 19:07:09.400,1103
61898,765,67,19.5,121.0,179.0,246.68965517241375,D:\AprPanama2025_fixed\041225_experimental\041225PA_experimental_part04.mp4,1900-01-01 19:07:09.800,1105
61900,766,67,21.0,118.0,179.0,247.7,D:\AprPanama2025_fixed\041225_experimental\041225PA_experimental_part04.mp4,1900-01-01 19:07:10.000,1106
61897,764,67,20.5,115.0,179.0,248.46666666666667,D:\AprPanama2025_fixed\041225_experimental\041225PA_experimental_part04.mp4,1900-01-01 19:07:09.700,1104
61906,769,69,7.5,130.0,178.0,249.78571428571428,D:\AprPanama2025_fixed\041225_experimental\041225PA_experimental_part04.mp4,1900-01-01 19:07:10.600,1109
61902,767,68,18.5,118.0,179.0,249.2222222222222,D:\AprPanama2025_fixed\041225_experimental\041225PA_experimental_part04.mp4,1900-01-01 19:07:10.200,1107
61904,768,69,13.0,114.0,179.0,248.57142857142856,D:\AprPanama2025_fixed\041225_experimental\041225PA_experimental_part04.mp4,1900-01-01 19:07:10.400,1108
61908,770,70,4.5,119.0,173.0,252.2,D:\AprPanama2025_fixed\041225_experimental\041225PA_experimental_part04.mp4,1900-01-01 19:07:10.800,1110
61905,768,69,10.5,120.0,179.0,244.1111111111111,D:\AprPanama2025_fixed\041225_experimental\041225PA_experimental_part04.mp4,1900-01-01 19:07:10.500,1108
61903,768,69,12.5,111.0,178.0,246.22727272727275,D:\AprPanama2025_fixed\041225_experimental\041225PA_experimental_part04.mp4,1900-01-01 19:07:10.300,1108
61901,766,68,23.0,111.0,179.0,248.78125,D:\AprPanama2025_fixed\041225_experimental\041225PA_experimental_part04.mp4,1900-01-01 19:07:10.100,1106
61907,770,70,10.0,112.0,179.0,250.8235294117647,D:\AprPanama2025_fixed\041225_experimental\041225PA_experimental_part04.mp4,1900-01-01 19:07:10.700,1110
61914,774,71,1.5,116.0,167.0,188.4,D:\AprPanama2025_fixed\041225_experimental\041225PA_experimental_part04.mp4,1900-01-01 19:07:11.400,1114
61915,774,71,2.0,128.0,172.0,248.0,D:\AprPanama2025_fixed\041225_experimental\041225PA_experimental_part04.mp4,1900-01-01 19:07:11.500,1114
61913,773,71,2.5,117.0,159.0,231.85714285714283,D:\AprPanama2025_fixed\041225_experimental\041225PA_experimental_part04.mp4,1900-01-01 19:07:11.300,1113
61912,773,70,4.0,116.0,173.0,240.66666666666663,D:\AprPanama2025_fixed\041225_experimental\041225PA_experimental_part04.mp4,1900-01-01 19:07:11.200,1113
61916,774,71,2.0,121.0,165.0,191.16666666666663,D:\AprPanama2025_fixed\041225_experimental\041225PA_experimental_part04.mp4,1900-01-01 19:07:11.600,1114
61909,771,70,4.5,119.0,173.0,244.3,D:\AprPanama2025_fixed\041225_experimental\041225PA_experimental_part04.mp4,1900-01-01 19:07:10.900,1111
61911,772,70,5.5,124.0,179.0,236.54545454545456,D:\AprPanama2025_fixed\041225_experimental\041225PA_experimental_part04.mp4,1900-01-01 19:07:11.100,1112
61910,772,70,5.5,117.0,175.0,249.3636363636364,D:\AprPanama2025_fixed\041225_experimental\041225PA_experimental_part04.mp4,1900-01-01 19:07:11.000,1112
61917,775,72,1.5,121.0,150.0,250.8,D:\AprPanama2025_fixed\041225_experimental\041225PA_experimental_part04.mp4,1900-01-01 19:07:11.700,1115
62080,179,50,3.5,128.0,149.0,235.625,D:\AprPanama2025_fixed\041225_experimental\041225PA_experimental_part04.mp4,1900-01-01 19:07:28.000,519
62082,179,50,8.5,144.0,179.0,224.06666666666663,D:\AprPanama2025_fixed\041225_experimental\041225PA_experimental_part04.mp4,1900-01-01 19:07:28.200,519
62082,139,67,3.5,113.0,147.0,74.0,D:\AprPanama2025_fixed\041225_experimental\041225PA_experimental_part04.mp4,1900-01-01 19:07:28.200,479
62084,179,50,7.5,134.0,179.0,238.0,D:\AprPanama2025_fixed\041225_experimental\041225PA_experimental_part04.mp4,1900-01-01 19:07:28.400,519
62084,139,67,5.5,130.0,170.0,193.0909090909091,D:\AprPanama2025_fixed\041225_experimental\041225PA_experimental_part04.mp4,1900-01-01 19:07:28.400,479
62081,179,50,8.5,111.0,172.0,214.7333333333333,D:\AprPanama2025_fixed\041225_experimental\041225PA_experimental_part04.mp4,1900-01-01 19:07:28.100,519
62083,179,50,9.0,111.0,179.0,249.8125,D:\AprPanama2025_fixed\041225_experimental\041225PA_experimental_part04.mp4,1900-01-01 19:07:28.300,519
62083,139,67,4.5,118.0,153.0,106.1111111111111,D:\AprPanama2025_fixed\041225_experimental\041225PA_experimental_part04.mp4,1900-01-01 19:07:28.300,479
62089,180,49,5.5,115.0,179.0,220.63636363636363,D:\AprPanama2025_fixed\041225_experimental\041225PA_experimental_part04.mp4,1900-01-01 19:07:28.900,520
62089,141,64,6.5,112.0,175.0,208.0,D:\AprPanama2025_fixed\041225_experimental\041225PA_experimental_part04.mp4,1900-01-01 19:07:28.900,481
62089,912,121,26.0,113.0,179.0,246.75,D:\AprPanama2025_fixed\041225_experimental\041225PA_experimental_part04.mp4,1900-01-01 19:07:28.900,1252
62090,181,48,5.5,121.0,166.0,231.45454545454547,D:\AprPanama2025_fixed\041225_experimental\041225PA_experimental_part04.mp4,1900-01-01 19:07:29.000,521
62090,141,63,7.0,118.0,173.0,196.30769230769232,D:\AprPanama2025_fixed\041225_experimental\041225PA_experimental_part04.mp4,1900-01-01 19:07:29.000,481
62090,912,121,27.0,113.0,179.0,240.62162162162164,D:\AprPanama2025_fixed\041225_experimental\041225PA_experimental_part04.mp4,1900-01-01 19:07:29.000,1252
62091,181,48,6.0,121.0,177.0,226.3333333333333,D:\AprPanama2025_fixed\041225_experimental\041225PA_experimental_part04.mp4,1900-01-01 19:07:29.100,521
62091,141,63,6.0,115.0,172.0,199.0,D:\AprPanama2025_fixed\041225_experimental\041225PA_experimental_part04.mp4,1900-01-01 19:07:29.100,481
62091,912,121,28.5,112.0,179.0,239.8717948717949,D:\AprPanama2025_fixed\041225_experimental\041225PA_experimental_part04.mp4,1900-01-01 19:07:29.100,1252
62086,180,50,5.0,120.0,179.0,222.0,D:\AprPanama2025_fixed\041225_experimental\041225PA_experimental_part04.mp4,1900-01-01 19:07:28.600,520
62086,140,66,2.5,112.0,178.0,243.42857142857144,D:\AprPanama2025_fixed\041225_experimental\041225PA_experimental_part04.mp4,1900-01-01 19:07:28.600,480
62086,911,121,14.0,125.0,179.0,246.72727272727275,D:\AprPanama2025_fixed\041225_experimental\041225PA_experimental_part04.mp4,1900-01-01 19:07:28.600,1251
62088,180,49,7.0,126.0,186.0,210.46153846153848,D:\AprPanama2025_fixed\041225_experimental\041225PA_experimental_part04.mp4,1900-01-01 19:07:28.800,520
62088,141,64,6.0,113.0,168.0,210.54545454545456,D:\AprPanama2025_fixed\041225_experimental\041225PA_experimental_part04.mp4,1900-01-01 19:07:28.800,481
62088,912,121,26.5,115.0,179.0,244.45945945945948,D:\AprPanama2025_fixed\041225_experimental\041225PA_experimental_part04.mp4,1900-01-01 19:07:28.800,1252
62085,179,50,7.5,124.0,241.0,194.35714285714283,D:\AprPanama2025_fixed\041225_experimental\041225PA_experimental_part04.mp4,1900-01-01 19:07:28.500,519
62085,139,67,5.0,126.0,171.0,207.45454545454547,D:\AprPanama2025_fixed\041225_experimental\041225PA_experimental_part04.mp4,1900-01-01 19:07:28.500,479
62085,911,116,3.5,112.0,168.0,238.875,D:\AprPanama2025_fixed\041225_experimental\041225PA_experimental_part04.mp4,1900-01-01 19:07:28.500,1251
62092,181,47,5.5,117.0,179.0,233.0,D:\AprPanama2025_fixed\041225_experimental\041225PA_experimental_part04.mp4,1900-01-01 19:07:29.200,521
62092,140,63,2.5,127.0,160.0,244.5,D:\AprPanama2025_fixed\041225_experimental\041225PA_experimental_part04.mp4,1900-01-01 19:07:29.200,480
62092,912,121,24.0,115.0,179.0,245.2941176470588,D:\AprPanama2025_fixed\041225_experimental\041225PA_experimental_part04.mp4,1900-01-01 19:07:29.200,1252
62087,180,49,2.5,115.0,184.0,252.57142857142856,D:\AprPanama2025_fixed\041225_experimental\041225PA_experimental_part04.mp4,1900-01-01 19:07:28.700,520
62087,140,66,2.0,111.0,175.0,239.8333333333333,D:\AprPanama2025_fixed\041225_experimental\041225PA_experimental_part04.mp4,1900-01-01 19:07:28.700,480
62087,911,121,18.0,118.0,179.0,244.92592592592592,D:\AprPanama2025_fixed\041225_experimental\041225PA_experimental_part04.mp4,1900-01-01 19:07:28.700,1251
62100,184,44,2.5,116.0,179.0,229.0,D:\AprPanama2025_fixed\041225_experimental\041225PA_experimental_part04.mp4,1900-01-01 19:07:30.000,524
62100,142,59,2.0,122.0,173.0,233.16666666666663,D:\AprPanama2025_fixed\041225_experimental\041225PA_experimental_part04.mp4,1900-01-01 19:07:30.000,482
62100,912,120,16.5,111.0,178.0,241.8,D:\AprPanama2025_fixed\041225_experimental\041225PA_experimental_part04.mp4,1900-01-01 19:07:30.000,1252
62097,183,44,6.5,124.0,179.0,227.3846153846154,D:\AprPanama2025_fixed\041225_experimental\041225PA_experimental_part04.mp4,1900-01-01 19:07:29.700,523
62097,912,120,18.0,117.0,179.0,245.037037037037,D:\AprPanama2025_fixed\041225_experimental\041225PA_experimental_part04.mp4,1900-01-01 19:07:29.700,1252
62094,182,46,4.5,113.0,174.0,235.45454545454547,D:\AprPanama2025_fixed\041225_experimental\041225PA_experimental_part04.mp4,1900-01-01 19:07:29.400,522
62094,141,61,3.5,123.0,176.0,237.375,D:\AprPanama2025_fixed\041225_experimental\041225PA_experimental_part04.mp4,1900-01-01 19:07:29.400,481
62094,912,120,22.0,115.0,179.0,245.83870967741936,D:\AprPanama2025_fixed\041225_experimental\041225PA_experimental_part04.mp4,1900-01-01 19:07:29.400,1252
62098,183,45,3.5,114.0,173.0,211.3333333333333,D:\AprPanama2025_fixed\041225_experimental\041225PA_experimental_part04.mp4,1900-01-01 19:07:29.800,523
62098,912,120,18.5,114.0,179.0,244.8148148148148,D:\AprPanama2025_fixed\041225_experimental\041225PA_experimental_part04.mp4,1900-01-01 19:07:29.800,1252
62095,182,46,4.5,113.0,174.0,235.45454545454547,D:\AprPanama2025_fixed\041225_experimental\041225PA_experimental_part04.mp4,1900-01-01 19:07:29.500,522
62095,141,61,4.5,123.0,176.0,225.2222222222222,D:\AprPanama2025_fixed\041225_experimental\041225PA_experimental_part04.mp4,1900-01-01 19:07:29.500,481
62095,912,120,19.5,113.0,179.0,241.9310344827586,D:\AprPanama2025_fixed\041225_experimental\041225PA_experimental_part04.mp4,1900-01-01 19:07:29.500,1252
62099,183,45,3.5,126.0,175.0,228.2,D:\AprPanama2025_fixed\041225_experimental\041225PA_experimental_part04.mp4,1900-01-01 19:07:29.900,523
62099,142,58,1.5,114.0,167.0,229.4,D:\AprPanama2025_fixed\041225_experimental\041225PA_experimental_part04.mp4,1900-01-01 19:07:29.900,482
62099,912,120,16.5,116.0,179.0,247.44,D:\AprPanama2025_fixed\041225_experimental\041225PA_experimental_part04.mp4,1900-01-01 19:07:29.900,1252
62096,182,45,5.5,119.0,179.0,234.45454545454547,D:\AprPanama2025_fixed\041225_experimental\041225PA_experimental_part04.mp4,1900-01-01 19:07:29.600,522
62096,142,60,3.5,113.0,172.0,195.0,D:\AprPanama2025_fixed\041225_experimental\041225PA_experimental_part04.mp4,1900-01-01 19:07:29.600,482
62096,912,120,19.0,117.0,179.0,242.60714285714283,D:\AprPanama2025_fixed\041225_experimental\041225PA_experimental_part04.mp4,1900-01-01 19:07:29.600,1252
62093,182,47,3.5,113.0,179.0,249.0,D:\AprPanama2025_fixed\041225_experimental\041225PA_experimental_part04.mp4,1900-01-01 19:07:29.300,522
62093,912,121,25.0,111.0,179.0,241.28571428571428,D:\AprPanama2025_fixed\041225_experimental\041225PA_experimental_part04.mp4,1900-01-01 19:07:29.300,1252
62108,912,119,2.0,120.0,159.0,246.8333333333333,D:\AprPanama2025_fixed\041225_experimental\041225PA_experimental_part04.mp4,1900-01-01 19:07:30.800,1252
62106,185,42,1.5,123.0,160.0,250.14285714285717,D:\AprPanama2025_fixed\041225_experimental\041225PA_experimental_part04.mp4,1900-01-01 19:07:30.600,525
62102,184,43,3.5,140.0,173.0,187.44444444444443,D:\AprPanama2025_fixed\041225_experimental\041225PA_experimental_part04.mp4,1900-01-01 19:07:30.200,524
62102,142,57,1.5,127.0,162.0,253.2,D:\AprPanama2025_fixed\041225_experimental\041225PA_experimental_part04.mp4,1900-01-01 19:07:30.200,482
62102,913,119,8.0,112.0,178.0,248.2142857142857,D:\AprPanama2025_fixed\041225_experimental\041225PA_experimental_part04.mp4,1900-01-01 19:07:30.200,1253
62107,912,119,5.0,111.0,173.0,249.72727272727275,D:\AprPanama2025_fixed\041225_experimental\041225PA_experimental_part04.mp4,1900-01-01 19:07:30.700,1252
62105,185,41,3.0,112.0,174.0,226.0,D:\AprPanama2025_fixed\041225_experimental\041225PA_experimental_part04.mp4,1900-01-01 19:07:30.500,525
62105,912,119,3.5,143.0,179.0,238.88888888888889,D:\AprPanama2025_fixed\041225_experimental\041225PA_experimental_part04.mp4,1900-01-01 19:07:30.500,1252
62104,185,40,1.5,115.0,160.0,239.0,D:\AprPanama2025_fixed\041225_experimental\041225PA_experimental_part04.mp4,1900-01-01 19:07:30.400,525
62104,912,120,7.5,111.0,178.0,247.64285714285717,D:\AprPanama2025_fixed\041225_experimental\041225PA_experimental_part04.mp4,1900-01-01 19:07:30.400,1252
62101,184,44,2.5,131.0,177.0,235.42857142857144,D:\AprPanama2025_fixed\041225_experimental\041225PA_experimental_part04.mp4,1900-01-01 19:07:30.100,524
62101,913,119,10.5,111.0,179.0,247.42105263157893,D:\AprPanama2025_fixed\041225_experimental\041225PA_experimental_part04.mp4,1900-01-01 19:07:30.100,1253
62103,912,120,7.5,111.0,178.0,247.64285714285717,D:\AprPanama2025_fixed\041225_experimental\041225PA_experimental_part04.mp4,1900-01-01 19:07:30.300,1252
62109,142,55,1.5,119.0,174.0,253.2,D:\AprPanama2025_fixed\041225_experimental\041225PA_experimental_part04.mp4,1900-01-01 19:07:30.900,482
62109,913,120,3.5,118.0,163.0,251.75,D:\AprPanama2025_fixed\041225_experimental\041225PA_experimental_part04.mp4,1900-01-01 19:07:30.900,1253
62117,914,60,4.5,120.0,180.0,237.8,D:\AprPanama2025_fixed\041225_experimental\041225PA_experimental_part04.mp4,1900-01-01 19:07:31.700,1254
62118,914,60,5.5,121.0,179.0,237.27272727272728,D:\AprPanama2025_fixed\041225_experimental\041225PA_experimental_part04.mp4,1900-01-01 19:07:31.800,1254
62119,914,60,5.5,121.0,179.0,242.1818181818182,D:\AprPanama2025_fixed\041225_experimental\041225PA_experimental_part04.mp4,1900-01-01 19:07:31.900,1254
62402,481,217,13.0,120.0,179.0,253.14285714285717,D:\AprPanama2025_fixed\041225_experimental\041225PA_experimental_part04.mp4,1900-01-01 19:08:00.200,821
62400,482,215,4.5,117.0,181.0,250.7,D:\AprPanama2025_fixed\041225_experimental\041225PA_experimental_part04.mp4,1900-01-01 19:08:00.000,822
62404,618,67,13.0,111.0,178.0,239.0,D:\AprPanama2025_fixed\041225_experimental\041225PA_experimental_part04.mp4,1900-01-01 19:08:00.400,958
62404,481,218,13.0,114.0,178.0,241.28571428571428,D:\AprPanama2025_fixed\041225_experimental\041225PA_experimental_part04.mp4,1900-01-01 19:08:00.400,821
62401,482,215,10.0,134.0,179.0,245.75,D:\AprPanama2025_fixed\041225_experimental\041225PA_experimental_part04.mp4,1900-01-01 19:08:00.100,822
62399,482,210,1.5,135.0,168.0,170.0,D:\AprPanama2025_fixed\041225_experimental\041225PA_experimental_part04.mp4,1900-01-01 19:07:59.900,822
62403,481,217,14.0,126.0,184.0,250.0,D:\AprPanama2025_fixed\041225_experimental\041225PA_experimental_part04.mp4,1900-01-01 19:08:00.300,821
62411,617,75,27.5,120.0,244.0,236.02631578947367,D:\AprPanama2025_fixed\041225_experimental\041225PA_experimental_part04.mp4,1900-01-01 19:08:01.100,957
62411,478,223,7.5,137.0,179.0,250.28571428571428,D:\AprPanama2025_fixed\041225_experimental\041225PA_experimental_part04.mp4,1900-01-01 19:08:01.100,818
62412,617,75,24.0,120.0,179.0,241.0,D:\AprPanama2025_fixed\041225_experimental\041225PA_experimental_part04.mp4,1900-01-01 19:08:01.200,957
62412,477,224,8.5,121.0,179.0,247.06666666666663,D:\AprPanama2025_fixed\041225_experimental\041225PA_experimental_part04.mp4,1900-01-01 19:08:01.200,817
62410,616,75,25.5,129.0,243.0,243.77777777777777,D:\AprPanama2025_fixed\041225_experimental\041225PA_experimental_part04.mp4,1900-01-01 19:08:01.000,956
62410,478,222,9.0,123.0,176.0,248.25,D:\AprPanama2025_fixed\041225_experimental\041225PA_experimental_part04.mp4,1900-01-01 19:08:01.000,818
62406,616,73,27.0,111.0,236.0,245.32432432432435,D:\AprPanama2025_fixed\041225_experimental\041225PA_experimental_part04.mp4,1900-01-01 19:08:00.600,956
62406,480,220,13.0,118.0,217.0,236.25,D:\AprPanama2025_fixed\041225_experimental\041225PA_experimental_part04.mp4,1900-01-01 19:08:00.600,820
62408,615,75,28.5,127.0,243.0,238.175,D:\AprPanama2025_fixed\041225_experimental\041225PA_experimental_part04.mp4,1900-01-01 19:08:00.800,955
62408,479,221,12.5,112.0,179.0,242.5,D:\AprPanama2025_fixed\041225_experimental\041225PA_experimental_part04.mp4,1900-01-01 19:08:00.800,819
62405,617,70,19.0,116.0,178.0,244.67857142857144,D:\AprPanama2025_fixed\041225_experimental\041225PA_experimental_part04.mp4,1900-01-01 19:08:00.500,957
62405,481,219,13.5,125.0,179.0,247.66666666666663,D:\AprPanama2025_fixed\041225_experimental\041225PA_experimental_part04.mp4,1900-01-01 19:08:00.500,821
62409,616,75,24.5,127.0,242.0,241.37142857142857,D:\AprPanama2025_fixed\041225_experimental\041225PA_experimental_part04.mp4,1900-01-01 19:08:00.900,956
62409,479,221,10.5,122.0,177.0,245.6111111111111,D:\AprPanama2025_fixed\041225_experimental\041225PA_experimental_part04.mp4,1900-01-01 19:08:00.900,819
62407,616,74,30.5,116.0,253.0,237.04651162790697,D:\AprPanama2025_fixed\041225_experimental\041225PA_experimental_part04.mp4,1900-01-01 19:08:00.700,956
62407,480,220,14.0,121.0,173.0,248.8636363636364,D:\AprPanama2025_fixed\041225_experimental\041225PA_experimental_part04.mp4,1900-01-01 19:08:00.700,820
62419,619,77,17.0,119.0,179.0,251.3846153846154,D:\AprPanama2025_fixed\041225_experimental\041225PA_experimental_part04.mp4,1900-01-01 19:08:01.900,959
62419,474,229,9.5,111.0,177.0,243.5,D:\AprPanama2025_fixed\041225_experimental\041225PA_experimental_part04.mp4,1900-01-01 19:08:01.900,814
62418,618,77,16.0,116.0,179.0,251.44,D:\AprPanama2025_fixed\041225_experimental\041225PA_experimental_part04.mp4,1900-01-01 19:08:01.800,958
62418,475,229,10.5,130.0,175.0,250.0,D:\AprPanama2025_fixed\041225_experimental\041225PA_experimental_part04.mp4,1900-01-01 19:08:01.800,815
62416,617,76,19.5,129.0,179.0,250.6206896551724,D:\AprPanama2025_fixed\041225_experimental\041225PA_experimental_part04.mp4,1900-01-01 19:08:01.600,957
62416,476,227,6.5,115.0,178.0,254.16666666666663,D:\AprPanama2025_fixed\041225_experimental\041225PA_experimental_part04.mp4,1900-01-01 19:08:01.600,816
62415,617,76,22.0,114.0,179.0,244.71875,D:\AprPanama2025_fixed\041225_experimental\041225PA_experimental_part04.mp4,1900-01-01 19:08:01.500,957
62415,476,226,11.0,111.0,179.0,243.7222222222222,D:\AprPanama2025_fixed\041225_experimental\041225PA_experimental_part04.mp4,1900-01-01 19:08:01.500,816
62413,617,75,24.0,118.0,179.0,246.7941176470588,D:\AprPanama2025_fixed\041225_experimental\041225PA_experimental_part04.mp4,1900-01-01 19:08:01.300,957
62413,477,224,9.5,145.0,179.0,248.25,D:\AprPanama2025_fixed\041225_experimental\041225PA_experimental_part04.mp4,1900-01-01 19:08:01.300,817
62414,617,75,26.5,114.0,179.0,246.44444444444443,D:\AprPanama2025_fixed\041225_experimental\041225PA_experimental_part04.mp4,1900-01-01 19:08:01.400,957
62414,477,225,8.5,119.0,176.0,245.53333333333333,D:\AprPanama2025_fixed\041225_experimental\041225PA_experimental_part04.mp4,1900-01-01 19:08:01.400,817
62420,619,77,18.0,112.0,178.0,237.9642857142857,D:\AprPanama2025_fixed\041225_experimental\041225PA_experimental_part04.mp4,1900-01-01 19:08:02.000,959
62420,474,230,8.5,120.0,178.0,251.4,D:\AprPanama2025_fixed\041225_experimental\041225PA_experimental_part04.mp4,1900-01-01 19:08:02.000,814
62417,618,76,20.5,115.0,179.0,246.53333333333333,D:\AprPanama2025_fixed\041225_experimental\041225PA_experimental_part04.mp4,1900-01-01 19:08:01.700,958
62417,475,227,9.0,123.0,179.0,249.25,D:\AprPanama2025_fixed\041225_experimental\041225PA_experimental_part04.mp4,1900-01-01 19:08:01.700,815
62428,622,78,12.0,129.0,179.0,246.94736842105263,D:\AprPanama2025_fixed\041225_experimental\041225PA_experimental_part04.mp4,1900-01-01 19:08:02.800,962
62428,315,96,4.0,113.0,178.0,226.77777777777777,D:\AprPanama2025_fixed\041225_experimental\041225PA_experimental_part04.mp4,1900-01-01 19:08:02.800,655
62428,470,237,10.0,113.0,179.0,250.76470588235293,D:\AprPanama2025_fixed\041225_experimental\041225PA_experimental_part04.mp4,1900-01-01 19:08:02.800,810
62422,620,77,11.0,129.0,179.0,248.1052631578947,D:\AprPanama2025_fixed\041225_experimental\041225PA_experimental_part04.mp4,1900-01-01 19:08:02.200,960
62422,473,231,11.0,124.0,179.0,236.8333333333333,D:\AprPanama2025_fixed\041225_experimental\041225PA_experimental_part04.mp4,1900-01-01 19:08:02.200,813
62424,621,77,9.0,120.0,179.0,245.3125,D:\AprPanama2025_fixed\041225_experimental\041225PA_experimental_part04.mp4,1900-01-01 19:08:02.400,961
62424,313,95,4.5,121.0,177.0,235.4,D:\AprPanama2025_fixed\041225_experimental\041225PA_experimental_part04.mp4,1900-01-01 19:08:02.400,653
62424,472,233,7.0,131.0,179.0,252.15384615384616,D:\AprPanama2025_fixed\041225_experimental\041225PA_experimental_part04.mp4,1900-01-01 19:08:02.400,812
62426,621,78,10.0,119.0,179.0,253.7058823529412,D:\AprPanama2025_fixed\041225_experimental\041225PA_experimental_part04.mp4,1900-01-01 19:08:02.600,961
62426,314,96,4.5,127.0,174.0,242.1,D:\AprPanama2025_fixed\041225_experimental\041225PA_experimental_part04.mp4,1900-01-01 19:08:02.600,654
62426,471,235,10.0,124.0,174.0,243.05882352941177,D:\AprPanama2025_fixed\041225_experimental\041225PA_experimental_part04.mp4,1900-01-01 19:08:02.600,811
62425,621,77,9.5,111.0,179.0,246.75,D:\AprPanama2025_fixed\041225_experimental\041225PA_experimental_part04.mp4,1900-01-01 19:08:02.500,961
62425,314,95,5.0,129.0,179.0,241.3,D:\AprPanama2025_fixed\041225_experimental\041225PA_experimental_part04.mp4,1900-01-01 19:08:02.500,654
62425,472,234,7.5,114.0,177.0,244.07142857142856,D:\AprPanama2025_fixed\041225_experimental\041225PA_experimental_part04.mp4,1900-01-01 19:08:02.500,812
62427,621,78,10.5,112.0,179.0,246.94444444444443,D:\AprPanama2025_fixed\041225_experimental\041225PA_experimental_part04.mp4,1900-01-01 19:08:02.700,961
62427,314,95,4.0,128.0,178.0,239.5,D:\AprPanama2025_fixed\041225_experimental\041225PA_experimental_part04.mp4,1900-01-01 19:08:02.700,654
62427,471,236,12.0,114.0,179.0,247.0526315789473,D:\AprPanama2025_fixed\041225_experimental\041225PA_experimental_part04.mp4,1900-01-01 19:08:02.700,811
62421,620,77,16.0,111.0,179.0,250.79166666666663,D:\AprPanama2025_fixed\041225_experimental\041225PA_experimental_part04.mp4,1900-01-01 19:08:02.100,960
62421,473,231,7.5,125.0,178.0,252.28571428571428,D:\AprPanama2025_fixed\041225_experimental\041225PA_experimental_part04.mp4,1900-01-01 19:08:02.100,813
62423,620,77,13.0,129.0,178.0,247.04761904761904,D:\AprPanama2025_fixed\041225_experimental\041225PA_experimental_part04.mp4,1900-01-01 19:08:02.300,960
62423,313,94,3.5,115.0,164.0,143.5,D:\AprPanama2025_fixed\041225_experimental\041225PA_experimental_part04.mp4,1900-01-01 19:08:02.300,653
62423,473,232,11.0,116.0,179.0,246.16666666666663,D:\AprPanama2025_fixed\041225_experimental\041225PA_experimental_part04.mp4,1900-01-01 19:08:02.300,813
62434,624,79,4.5,111.0,178.0,248.0909090909091,D:\AprPanama2025_fixed\041225_experimental\041225PA_experimental_part04.mp4,1900-01-01 19:08:03.400,964
62434,468,242,9.0,114.0,178.0,246.875,D:\AprPanama2025_fixed\041225_experimental\041225PA_experimental_part04.mp4,1900-01-01 19:08:03.400,808
62430,622,79,7.5,118.0,179.0,246.85714285714283,D:\AprPanama2025_fixed\041225_experimental\041225PA_experimental_part04.mp4,1900-01-01 19:08:03.000,962
62430,315,96,4.0,111.0,175.0,205.6,D:\AprPanama2025_fixed\041225_experimental\041225PA_experimental_part04.mp4,1900-01-01 19:08:03.000,655
62430,469,239,11.5,142.0,179.0,249.7894736842105,D:\AprPanama2025_fixed\041225_experimental\041225PA_experimental_part04.mp4,1900-01-01 19:08:03.000,809
62433,623,80,4.0,127.0,180.0,252.8,D:\AprPanama2025_fixed\041225_experimental\041225PA_experimental_part04.mp4,1900-01-01 19:08:03.300,963
62433,468,241,10.0,114.0,179.0,249.76470588235293,D:\AprPanama2025_fixed\041225_experimental\041225PA_experimental_part04.mp4,1900-01-01 19:08:03.300,808
62436,625,80,2.0,125.0,167.0,147.875,D:\AprPanama2025_fixed\041225_experimental\041225PA_experimental_part04.mp4,1900-01-01 19:08:03.600,965
62436,467,244,11.0,124.0,179.0,244.94444444444443,D:\AprPanama2025_fixed\041225_experimental\041225PA_experimental_part04.mp4,1900-01-01 19:08:03.600,807
62429,622,79,8.0,120.0,176.0,245.06666666666663,D:\AprPanama2025_fixed\041225_experimental\041225PA_experimental_part04.mp4,1900-01-01 19:08:02.900,962
62429,315,96,6.0,115.0,172.0,218.9090909090909,D:\AprPanama2025_fixed\041225_experimental\041225PA_experimental_part04.mp4,1900-01-01 19:08:02.900,655
62429,470,237,10.0,121.0,179.0,251.6875,D:\AprPanama2025_fixed\041225_experimental\041225PA_experimental_part04.mp4,1900-01-01 19:08:02.900,810
62432,623,79,7.5,114.0,182.0,239.0,D:\AprPanama2025_fixed\041225_experimental\041225PA_experimental_part04.mp4,1900-01-01 19:08:03.200,963
62432,316,97,3.0,114.0,169.0,188.0,D:\AprPanama2025_fixed\041225_experimental\041225PA_experimental_part04.mp4,1900-01-01 19:08:03.200,656
62432,469,240,10.0,123.0,179.0,248.4705882352941,D:\AprPanama2025_fixed\041225_experimental\041225PA_experimental_part04.mp4,1900-01-01 19:08:03.200,809
62431,623,79,8.0,118.0,179.0,239.5,D:\AprPanama2025_fixed\041225_experimental\041225PA_experimental_part04.mp4,1900-01-01 19:08:03.100,963
62431,315,96,5.0,120.0,174.0,192.2,D:\AprPanama2025_fixed\041225_experimental\041225PA_experimental_part04.mp4,1900-01-01 19:08:03.100,655
62431,469,239,10.0,144.0,178.0,243.8823529411765,D:\AprPanama2025_fixed\041225_experimental\041225PA_experimental_part04.mp4,1900-01-01 19:08:03.100,809
62435,624,79,3.0,111.0,177.0,249.625,D:\AprPanama2025_fixed\041225_experimental\041225PA_experimental_part04.mp4,1900-01-01 19:08:03.500,964
62435,317,98,2.5,111.0,149.0,221.57142857142856,D:\AprPanama2025_fixed\041225_experimental\041225PA_experimental_part04.mp4,1900-01-01 19:08:03.500,657
62435,467,243,10.0,127.0,179.0,248.58823529411765,D:\AprPanama2025_fixed\041225_experimental\041225PA_experimental_part04.mp4,1900-01-01 19:08:03.500,807
62444,264,62,9.0,115.0,178.0,234.875,D:\AprPanama2025_fixed\041225_experimental\041225PA_experimental_part04.mp4,1900-01-01 19:08:04.400,604
62444,464,252,9.0,113.0,175.0,250.26666666666665,D:\AprPanama2025_fixed\041225_experimental\041225PA_experimental_part04.mp4,1900-01-01 19:08:04.400,804
62442,263,61,4.5,114.0,174.0,212.0,D:\AprPanama2025_fixed\041225_experimental\041225PA_experimental_part04.mp4,1900-01-01 19:08:04.200,603
62442,465,249,11.5,112.0,179.0,240.73684210526315,D:\AprPanama2025_fixed\041225_experimental\041225PA_experimental_part04.mp4,1900-01-01 19:08:04.200,805
62440,465,248,11.0,133.0,179.0,250.94444444444443,D:\AprPanama2025_fixed\041225_experimental\041225PA_experimental_part04.mp4,1900-01-01 19:08:04.000,805
62441,465,248,12.0,114.0,179.0,242.85,D:\AprPanama2025_fixed\041225_experimental\041225PA_experimental_part04.mp4,1900-01-01 19:08:04.100,805
62443,264,61,2.0,116.0,149.0,253.5,D:\AprPanama2025_fixed\041225_experimental\041225PA_experimental_part04.mp4,1900-01-01 19:08:04.300,604
62443,320,99,1.5,117.0,165.0,213.5,D:\AprPanama2025_fixed\041225_experimental\041225PA_experimental_part04.mp4,1900-01-01 19:08:04.300,660
62443,465,250,10.0,111.0,179.0,242.23529411764704,D:\AprPanama2025_fixed\041225_experimental\041225PA_experimental_part04.mp4,1900-01-01 19:08:04.300,805
62438,625,80,1.5,113.0,152.0,136.8,D:\AprPanama2025_fixed\041225_experimental\041225PA_experimental_part04.mp4,1900-01-01 19:08:03.800,965
62438,318,98,1.5,137.0,172.0,235.8,D:\AprPanama2025_fixed\041225_experimental\041225PA_experimental_part04.mp4,1900-01-01 19:08:03.800,658
62438,466,245,10.0,125.0,179.0,251.5,D:\AprPanama2025_fixed\041225_experimental\041225PA_experimental_part04.mp4,1900-01-01 19:08:03.800,806
62437,625,80,1.5,120.0,172.0,220.6,D:\AprPanama2025_fixed\041225_experimental\041225PA_experimental_part04.mp4,1900-01-01 19:08:03.700,965
62437,317,98,3.0,113.0,177.0,230.42857142857144,D:\AprPanama2025_fixed\041225_experimental\041225PA_experimental_part04.mp4,1900-01-01 19:08:03.700,657
62437,467,244,10.0,114.0,211.0,240.11764705882356,D:\AprPanama2025_fixed\041225_experimental\041225PA_experimental_part04.mp4,1900-01-01 19:08:03.700,807
62439,466,246,10.0,125.0,177.0,253.05882352941177,D:\AprPanama2025_fixed\041225_experimental\041225PA_experimental_part04.mp4,1900-01-01 19:08:03.900,806
62449,266,61,9.0,111.0,198.0,223.8125,D:\AprPanama2025_fixed\041225_experimental\041225PA_experimental_part04.mp4,1900-01-01 19:08:04.900,606
62449,463,256,8.5,118.0,175.0,242.86666666666667,D:\AprPanama2025_fixed\041225_experimental\041225PA_experimental_part04.mp4,1900-01-01 19:08:04.900,803
62451,267,60,9.0,145.0,219.0,234.125,D:\AprPanama2025_fixed\041225_experimental\041225PA_experimental_part04.mp4,1900-01-01 19:08:05.100,607
62451,463,258,8.5,114.0,179.0,240.66666666666663,D:\AprPanama2025_fixed\041225_experimental\041225PA_experimental_part04.mp4,1900-01-01 19:08:05.100,803
62446,265,62,9.5,131.0,179.0,241.5,D:\AprPanama2025_fixed\041225_experimental\041225PA_experimental_part04.mp4,1900-01-01 19:08:04.600,605
62446,464,254,8.5,120.0,179.0,249.7333333333333,D:\AprPanama2025_fixed\041225_experimental\041225PA_experimental_part04.mp4,1900-01-01 19:08:04.600,804
62445,264,62,10.5,115.0,178.0,233.1111111111111,D:\AprPanama2025_fixed\041225_experimental\041225PA_experimental_part04.mp4,1900-01-01 19:08:04.500,604
62445,464,253,8.5,141.0,184.0,252.33333333333331,D:\AprPanama2025_fixed\041225_experimental\041225PA_experimental_part04.mp4,1900-01-01 19:08:04.500,804
62448,266,61,9.0,111.0,198.0,223.8125,D:\AprPanama2025_fixed\041225_experimental\041225PA_experimental_part04.mp4,1900-01-01 19:08:04.800,606
62448,463,256,8.0,112.0,179.0,249.78571428571428,D:\AprPanama2025_fixed\041225_experimental\041225PA_experimental_part04.mp4,1900-01-01 19:08:04.800,803
62450,267,61,9.5,124.0,178.0,235.76470588235293,D:\AprPanama2025_fixed\041225_experimental\041225PA_experimental_part04.mp4,1900-01-01 19:08:05.000,607
62450,463,258,8.5,129.0,179.0,249.6,D:\AprPanama2025_fixed\041225_experimental\041225PA_experimental_part04.mp4,1900-01-01 19:08:05.000,803
62447,265,62,10.0,131.0,179.0,243.58823529411765,D:\AprPanama2025_fixed\041225_experimental\041225PA_experimental_part04.mp4,1900-01-01 19:08:04.700,605
62447,464,254,9.0,131.0,179.0,250.9375,D:\AprPanama2025_fixed\041225_experimental\041225PA_experimental_part04.mp4,1900-01-01 19:08:04.700,804
62452,268,60,12.5,114.0,177.0,232.21052631578945,D:\AprPanama2025_fixed\041225_experimental\041225PA_experimental_part04.mp4,1900-01-01 19:08:05.200,608
62452,463,260,4.0,129.0,179.0,239.6,D:\AprPanama2025_fixed\041225_experimental\041225PA_experimental_part04.mp4,1900-01-01 19:08:05.200,803
62455,270,59,5.5,124.0,175.0,248.0,D:\AprPanama2025_fixed\041225_experimental\041225PA_experimental_part04.mp4,1900-01-01 19:08:05.500,610
62455,463,262,4.5,129.0,179.0,239.0,D:\AprPanama2025_fixed\041225_experimental\041225PA_experimental_part04.mp4,1900-01-01 19:08:05.500,803
62456,270,58,4.5,141.0,174.0,228.27272727272728,D:\AprPanama2025_fixed\041225_experimental\041225PA_experimental_part04.mp4,1900-01-01 19:08:05.600,610
62456,462,264,1.5,111.0,148.0,249.0,D:\AprPanama2025_fixed\041225_experimental\041225PA_experimental_part04.mp4,1900-01-01 19:08:05.600,802
62458,272,56,3.5,120.0,160.0,185.875,D:\AprPanama2025_fixed\041225_experimental\041225PA_experimental_part04.mp4,1900-01-01 19:08:05.800,612
62459,463,265,4.5,112.0,183.0,230.88888888888889,D:\AprPanama2025_fixed\041225_experimental\041225PA_experimental_part04.mp4,1900-01-01 19:08:05.900,803
62454,269,59,7.0,120.0,177.0,246.61538461538464,D:\AprPanama2025_fixed\041225_experimental\041225PA_experimental_part04.mp4,1900-01-01 19:08:05.400,609
62454,463,262,2.5,113.0,159.0,252.375,D:\AprPanama2025_fixed\041225_experimental\041225PA_experimental_part04.mp4,1900-01-01 19:08:05.400,803
62453,269,59,10.5,115.0,178.0,205.3333333333333,D:\AprPanama2025_fixed\041225_experimental\041225PA_experimental_part04.mp4,1900-01-01 19:08:05.300,609
62453,463,260,8.5,111.0,179.0,239.46666666666667,D:\AprPanama2025_fixed\041225_experimental\041225PA_experimental_part04.mp4,1900-01-01 19:08:05.300,803
62457,271,57,6.0,143.0,172.0,224.8333333333333,D:\AprPanama2025_fixed\041225_experimental\041225PA_experimental_part04.mp4,1900-01-01 19:08:05.700,611
62457,464,264,3.0,117.0,167.0,236.5,D:\AprPanama2025_fixed\041225_experimental\041225PA_experimental_part04.mp4,1900-01-01 19:08:05.700,804
62460,273,55,4.0,116.0,179.0,214.77777777777777,D:\AprPanama2025_fixed\041225_experimental\041225PA_experimental_part04.mp4,1900-01-01 19:08:06.000,613
62460,464,266,1.5,122.0,176.0,229.2,D:\AprPanama2025_fixed\041225_experimental\041225PA_experimental_part04.mp4,1900-01-01 19:08:06.000,804
62466,275,52,2.0,120.0,133.0,101.66666666666666,D:\AprPanama2025_fixed\041225_experimental\041225PA_experimental_part04.mp4,1900-01-01 19:08:06.600,615
62461,463,268,1.5,118.0,159.0,143.33333333333331,D:\AprPanama2025_fixed\041225_experimental\041225PA_experimental_part04.mp4,1900-01-01 19:08:06.100,803
62462,273,54,2.5,118.0,168.0,162.14285714285714,D:\AprPanama2025_fixed\041225_experimental\041225PA_experimental_part04.mp4,1900-01-01 19:08:06.200,613
62464,274,53,1.5,149.0,176.0,255.0,D:\AprPanama2025_fixed\041225_experimental\041225PA_experimental_part04.mp4,1900-01-01 19:08:06.400,614
62803,933,163,7.5,111.0,162.0,250.7142857142857,D:\AprPanama2025_fixed\041225_experimental\041225PA_experimental_part04.mp4,1900-01-01 19:08:40.300,1273
62802,933,163,6.5,119.0,160.0,231.84615384615387,D:\AprPanama2025_fixed\041225_experimental\041225PA_experimental_part04.mp4,1900-01-01 19:08:40.200,1273
62844,365,108,1.5,135.0,155.0,161.60000000000002,D:\AprPanama2025_fixed\041225_experimental\041225PA_experimental_part04.mp4,1900-01-01 19:08:44.400,705
62843,364,107,1.5,128.0,148.0,122.6,D:\AprPanama2025_fixed\041225_experimental\041225PA_experimental_part04.mp4,1900-01-01 19:08:44.300,704
62847,366,109,5.0,115.0,171.0,178.27272727272728,D:\AprPanama2025_fixed\041225_experimental\041225PA_experimental_part04.mp4,1900-01-01 19:08:44.700,706
62845,365,108,3.5,113.0,170.0,175.625,D:\AprPanama2025_fixed\041225_experimental\041225PA_experimental_part04.mp4,1900-01-01 19:08:44.500,705
62850,366,110,1.5,117.0,152.0,251.8,D:\AprPanama2025_fixed\041225_experimental\041225PA_experimental_part04.mp4,1900-01-01 19:08:45.000,706
62848,366,109,2.5,119.0,175.0,177.5,D:\AprPanama2025_fixed\041225_experimental\041225PA_experimental_part04.mp4,1900-01-01 19:08:44.800,706
62858,512,77,16.0,132.0,203.0,244.5,D:\AprPanama2025_fixed\041225_experimental\041225PA_experimental_part04.mp4,1900-01-01 19:08:45.800,852
62858,1161,187,29.0,120.0,179.0,248.55,D:\AprPanama2025_fixed\041225_experimental\041225PA_experimental_part04.mp4,1900-01-01 19:08:45.800,1501
62855,512,76,17.0,112.0,179.0,248.44,D:\AprPanama2025_fixed\041225_experimental\041225PA_experimental_part04.mp4,1900-01-01 19:08:45.500,852
62859,512,77,16.0,117.0,179.0,249.0833333333333,D:\AprPanama2025_fixed\041225_experimental\041225PA_experimental_part04.mp4,1900-01-01 19:08:45.900,852
62859,1161,187,29.0,114.0,179.0,245.51219512195124,D:\AprPanama2025_fixed\041225_experimental\041225PA_experimental_part04.mp4,1900-01-01 19:08:45.900,1501
62857,511,76,14.5,117.0,179.0,245.45454545454547,D:\AprPanama2025_fixed\041225_experimental\041225PA_experimental_part04.mp4,1900-01-01 19:08:45.700,851
62857,1159,184,11.5,121.0,175.0,247.73684210526315,D:\AprPanama2025_fixed\041225_experimental\041225PA_experimental_part04.mp4,1900-01-01 19:08:45.700,1499
62854,512,74,14.0,133.0,179.0,243.6818181818182,D:\AprPanama2025_fixed\041225_experimental\041225PA_experimental_part04.mp4,1900-01-01 19:08:45.400,852
62853,513,70,1.5,111.0,149.0,222.4,D:\AprPanama2025_fixed\041225_experimental\041225PA_experimental_part04.mp4,1900-01-01 19:08:45.300,853
62856,512,76,13.5,115.0,207.0,238.9523809523809,D:\AprPanama2025_fixed\041225_experimental\041225PA_experimental_part04.mp4,1900-01-01 19:08:45.600,852
62860,512,77,15.5,111.0,178.0,249.29166666666663,D:\AprPanama2025_fixed\041225_experimental\041225PA_experimental_part04.mp4,1900-01-01 19:08:46.000,852
62860,1161,187,32.5,112.0,179.0,234.72727272727275,D:\AprPanama2025_fixed\041225_experimental\041225PA_experimental_part04.mp4,1900-01-01 19:08:46.000,1501
62861,512,77,11.0,125.0,179.0,250.66666666666663,D:\AprPanama2025_fixed\041225_experimental\041225PA_experimental_part04.mp4,1900-01-01 19:08:46.100,852
62861,1161,187,34.0,112.0,179.0,238.69565217391303,D:\AprPanama2025_fixed\041225_experimental\041225PA_experimental_part04.mp4,1900-01-01 19:08:46.100,1501
62863,513,77,9.0,135.0,178.0,245.875,D:\AprPanama2025_fixed\041225_experimental\041225PA_experimental_part04.mp4,1900-01-01 19:08:46.300,853
62863,1162,187,32.5,112.0,179.0,245.04651162790697,D:\AprPanama2025_fixed\041225_experimental\041225PA_experimental_part04.mp4,1900-01-01 19:08:46.300,1502
62868,514,77,11.0,120.0,179.0,233.42105263157893,D:\AprPanama2025_fixed\041225_experimental\041225PA_experimental_part04.mp4,1900-01-01 19:08:46.800,854
62868,798,151,19.0,121.0,179.0,249.0,D:\AprPanama2025_fixed\041225_experimental\041225PA_experimental_part04.mp4,1900-01-01 19:08:46.800,1138
62868,1162,187,21.0,117.0,178.0,247.1,D:\AprPanama2025_fixed\041225_experimental\041225PA_experimental_part04.mp4,1900-01-01 19:08:46.800,1502
62864,513,77,11.5,121.0,178.0,242.7894736842105,D:\AprPanama2025_fixed\041225_experimental\041225PA_experimental_part04.mp4,1900-01-01 19:08:46.400,853
62864,1162,187,27.0,115.0,179.0,250.10810810810813,D:\AprPanama2025_fixed\041225_experimental\041225PA_experimental_part04.mp4,1900-01-01 19:08:46.400,1502
62865,513,77,9.0,115.0,179.0,248.8823529411765,D:\AprPanama2025_fixed\041225_experimental\041225PA_experimental_part04.mp4,1900-01-01 19:08:46.500,853
62865,1162,187,27.0,115.0,179.0,250.10810810810813,D:\AprPanama2025_fixed\041225_experimental\041225PA_experimental_part04.mp4,1900-01-01 19:08:46.500,1502
62866,514,77,9.5,131.0,179.0,249.4705882352941,D:\AprPanama2025_fixed\041225_experimental\041225PA_experimental_part04.mp4,1900-01-01 19:08:46.600,854
62866,797,149,7.0,113.0,178.0,234.92307692307693,D:\AprPanama2025_fixed\041225_experimental\041225PA_experimental_part04.mp4,1900-01-01 19:08:46.600,1137
62866,1162,187,26.5,114.0,179.0,249.44444444444443,D:\AprPanama2025_fixed\041225_experimental\041225PA_experimental_part04.mp4,1900-01-01 19:08:46.600,1502
62867,514,77,9.5,134.0,178.0,246.58823529411765,D:\AprPanama2025_fixed\041225_experimental\041225PA_experimental_part04.mp4,1900-01-01 19:08:46.700,854
62867,797,150,13.5,125.0,179.0,247.9523809523809,D:\AprPanama2025_fixed\041225_experimental\041225PA_experimental_part04.mp4,1900-01-01 19:08:46.700,1137
62867,1162,187,22.5,118.0,179.0,247.40625,D:\AprPanama2025_fixed\041225_experimental\041225PA_experimental_part04.mp4,1900-01-01 19:08:46.700,1502
62862,513,77,10.0,122.0,178.0,244.64705882352945,D:\AprPanama2025_fixed\041225_experimental\041225PA_experimental_part04.mp4,1900-01-01 19:08:46.200,853
62862,1161,187,32.0,116.0,179.0,244.093023255814,D:\AprPanama2025_fixed\041225_experimental\041225PA_experimental_part04.mp4,1900-01-01 19:08:46.200,1501
62871,515,78,11.5,113.0,178.0,250.73684210526315,D:\AprPanama2025_fixed\041225_experimental\041225PA_experimental_part04.mp4,1900-01-01 19:08:47.100,855
62871,798,151,19.0,115.0,179.0,244.39285714285717,D:\AprPanama2025_fixed\041225_experimental\041225PA_experimental_part04.mp4,1900-01-01 19:08:47.100,1138
62871,1162,188,20.0,118.0,179.0,247.3793103448276,D:\AprPanama2025_fixed\041225_experimental\041225PA_experimental_part04.mp4,1900-01-01 19:08:47.100,1502
62875,516,78,8.0,135.0,179.0,240.2,D:\AprPanama2025_fixed\041225_experimental\041225PA_experimental_part04.mp4,1900-01-01 19:08:47.500,856
62875,798,152,20.0,119.0,179.0,244.89655172413796,D:\AprPanama2025_fixed\041225_experimental\041225PA_experimental_part04.mp4,1900-01-01 19:08:47.500,1138
62875,1162,188,18.0,112.0,179.0,245.61538461538464,D:\AprPanama2025_fixed\041225_experimental\041225PA_experimental_part04.mp4,1900-01-01 19:08:47.500,1502
62876,516,78,7.5,118.0,178.0,244.06666666666663,D:\AprPanama2025_fixed\041225_experimental\041225PA_experimental_part04.mp4,1900-01-01 19:08:47.600,856
62876,799,152,16.5,119.0,179.0,248.24,D:\AprPanama2025_fixed\041225_experimental\041225PA_experimental_part04.mp4,1900-01-01 19:08:47.600,1139
62876,1162,187,13.5,112.0,179.0,244.04545454545456,D:\AprPanama2025_fixed\041225_experimental\041225PA_experimental_part04.mp4,1900-01-01 19:08:47.600,1502
62873,516,78,10.0,115.0,179.0,237.7058823529412,D:\AprPanama2025_fixed\041225_experimental\041225PA_experimental_part04.mp4,1900-01-01 19:08:47.300,856
62873,798,152,21.5,114.0,179.0,247.46666666666667,D:\AprPanama2025_fixed\041225_experimental\041225PA_experimental_part04.mp4,1900-01-01 19:08:47.300,1138
62873,1162,187,16.0,116.0,179.0,252.04166666666663,D:\AprPanama2025_fixed\041225_experimental\041225PA_experimental_part04.mp4,1900-01-01 19:08:47.300,1502
62870,515,78,8.5,114.0,179.0,247.4375,D:\AprPanama2025_fixed\041225_experimental\041225PA_experimental_part04.mp4,1900-01-01 19:08:47.000,855
62870,798,151,21.0,118.0,179.0,246.53333333333333,D:\AprPanama2025_fixed\041225_experimental\041225PA_experimental_part04.mp4,1900-01-01 19:08:47.000,1138
62870,1162,187,20.0,114.0,179.0,249.72413793103448,D:\AprPanama2025_fixed\041225_experimental\041225PA_experimental_part04.mp4,1900-01-01 19:08:47.000,1502
62872,516,78,9.5,112.0,179.0,244.5,D:\AprPanama2025_fixed\041225_experimental\041225PA_experimental_part04.mp4,1900-01-01 19:08:47.200,856
62872,798,152,18.0,122.0,179.0,246.65384615384616,D:\AprPanama2025_fixed\041225_experimental\041225PA_experimental_part04.mp4,1900-01-01 19:08:47.200,1138
62872,1162,187,17.0,116.0,179.0,250.73076923076923,D:\AprPanama2025_fixed\041225_experimental\041225PA_experimental_part04.mp4,1900-01-01 19:08:47.200,1502
62874,516,78,7.0,122.0,179.0,234.35714285714283,D:\AprPanama2025_fixed\041225_experimental\041225PA_experimental_part04.mp4,1900-01-01 19:08:47.400,856
62874,798,152,17.5,121.0,179.0,249.23076923076923,D:\AprPanama2025_fixed\041225_experimental\041225PA_experimental_part04.mp4,1900-01-01 19:08:47.400,1138
62874,1162,187,13.5,112.0,179.0,242.5909090909091,D:\AprPanama2025_fixed\041225_experimental\041225PA_experimental_part04.mp4,1900-01-01 19:08:47.400,1502
62869,514,77,11.0,120.0,179.0,234.3157894736842,D:\AprPanama2025_fixed\041225_experimental\041225PA_experimental_part04.mp4,1900-01-01 19:08:46.900,854
62869,798,151,19.0,121.0,179.0,249.0,D:\AprPanama2025_fixed\041225_experimental\041225PA_experimental_part04.mp4,1900-01-01 19:08:46.900,1138
62869,1162,187,21.0,117.0,178.0,247.1,D:\AprPanama2025_fixed\041225_experimental\041225PA_experimental_part04.mp4,1900-01-01 19:08:46.900,1502
62882,800,153,13.5,115.0,179.0,246.6190476190476,D:\AprPanama2025_fixed\041225_experimental\041225PA_experimental_part04.mp4,1900-01-01 19:08:48.200,1140
62882,1161,188,2.5,116.0,145.0,250.28571428571428,D:\AprPanama2025_fixed\041225_experimental\041225PA_experimental_part04.mp4,1900-01-01 19:08:48.200,1501
62881,799,153,11.5,127.0,179.0,242.4736842105263,D:\AprPanama2025_fixed\041225_experimental\041225PA_experimental_part04.mp4,1900-01-01 19:08:48.100,1139
62881,1160,187,3.0,111.0,163.0,233.0,D:\AprPanama2025_fixed\041225_experimental\041225PA_experimental_part04.mp4,1900-01-01 19:08:48.100,1500
62883,800,153,13.0,126.0,179.0,246.6190476190476,D:\AprPanama2025_fixed\041225_experimental\041225PA_experimental_part04.mp4,1900-01-01 19:08:48.300,1140
62883,1162,188,9.5,111.0,172.0,238.0625,D:\AprPanama2025_fixed\041225_experimental\041225PA_experimental_part04.mp4,1900-01-01 19:08:48.300,1502
62884,800,153,14.0,122.0,179.0,239.8181818181818,D:\AprPanama2025_fixed\041225_experimental\041225PA_experimental_part04.mp4,1900-01-01 19:08:48.400,1140
62880,517,79,3.0,112.0,149.0,250.125,D:\AprPanama2025_fixed\041225_experimental\041225PA_experimental_part04.mp4,1900-01-01 19:08:48.000,857
62880,799,153,11.5,115.0,179.0,246.21052631578945,D:\AprPanama2025_fixed\041225_experimental\041225PA_experimental_part04.mp4,1900-01-01 19:08:48.000,1139
62880,1162,187,8.0,113.0,166.0,248.13333333333333,D:\AprPanama2025_fixed\041225_experimental\041225PA_experimental_part04.mp4,1900-01-01 19:08:48.000,1502
62878,517,79,5.0,124.0,175.0,243.0,D:\AprPanama2025_fixed\041225_experimental\041225PA_experimental_part04.mp4,1900-01-01 19:08:47.800,857
62878,799,152,16.0,112.0,179.0,247.8333333333333,D:\AprPanama2025_fixed\041225_experimental\041225PA_experimental_part04.mp4,1900-01-01 19:08:47.800,1139
62878,1162,187,11.0,127.0,179.0,245.66666666666663,D:\AprPanama2025_fixed\041225_experimental\041225PA_experimental_part04.mp4,1900-01-01 19:08:47.800,1502
62879,516,79,2.5,123.0,171.0,253.42857142857144,D:\AprPanama2025_fixed\041225_experimental\041225PA_experimental_part04.mp4,1900-01-01 19:08:47.900,856
62879,799,153,16.5,112.0,179.0,248.88,D:\AprPanama2025_fixed\041225_experimental\041225PA_experimental_part04.mp4,1900-01-01 19:08:47.900,1139
62879,1162,187,13.0,116.0,179.0,245.09523809523807,D:\AprPanama2025_fixed\041225_experimental\041225PA_experimental_part04.mp4,1900-01-01 19:08:47.900,1502
62877,517,79,3.0,127.0,172.0,253.25,D:\AprPanama2025_fixed\041225_experimental\041225PA_experimental_part04.mp4,1900-01-01 19:08:47.700,857
62877,799,152,14.0,121.0,179.0,246.0909090909091,D:\AprPanama2025_fixed\041225_experimental\041225PA_experimental_part04.mp4,1900-01-01 19:08:47.700,1139
62877,1162,187,14.0,111.0,179.0,244.5217391304348,D:\AprPanama2025_fixed\041225_experimental\041225PA_experimental_part04.mp4,1900-01-01 19:08:47.700,1502
62887,800,154,9.5,119.0,179.0,249.3125,D:\AprPanama2025_fixed\041225_experimental\041225PA_experimental_part04.mp4,1900-01-01 19:08:48.700,1140
62889,801,154,5.5,112.0,179.0,245.9090909090909,D:\AprPanama2025_fixed\041225_experimental\041225PA_experimental_part04.mp4,1900-01-01 19:08:48.900,1141
62886,800,154,9.5,119.0,179.0,249.3125,D:\AprPanama2025_fixed\041225_experimental\041225PA_experimental_part04.mp4,1900-01-01 19:08:48.600,1140
62891,801,154,4.0,136.0,174.0,215.3333333333333,D:\AprPanama2025_fixed\041225_experimental\041225PA_experimental_part04.mp4,1900-01-01 19:08:49.100,1141
62888,801,154,9.0,116.0,179.0,250.66666666666663,D:\AprPanama2025_fixed\041225_experimental\041225PA_experimental_part04.mp4,1900-01-01 19:08:48.800,1141
62892,795,88,4.5,130.0,177.0,245.1,D:\AprPanama2025_fixed\041225_experimental\041225PA_experimental_part04.mp4,1900-01-01 19:08:49.200,1135
62892,801,155,8.5,112.0,179.0,221.86666666666667,D:\AprPanama2025_fixed\041225_experimental\041225PA_experimental_part04.mp4,1900-01-01 19:08:49.200,1141
62885,800,154,10.5,120.0,179.0,247.55555555555557,D:\AprPanama2025_fixed\041225_experimental\041225PA_experimental_part04.mp4,1900-01-01 19:08:48.500,1140
62885,1162,188,8.5,88.0,162.0,239.8,D:\AprPanama2025_fixed\041225_experimental\041225PA_experimental_part04.mp4,1900-01-01 19:08:48.500,1502
62885,1163,188,2.0,88.0,155.0,244.8,D:\AprPanama2025_fixed\041225_experimental\041225PA_experimental_part04.mp4,1900-01-01 19:08:48.500,1503
62890,801,154,4.5,152.0,179.0,220.6,D:\AprPanama2025_fixed\041225_experimental\041225PA_experimental_part04.mp4,1900-01-01 19:08:49.000,1141
62900,804,156,1.5,131.0,169.0,227.3333333333333,D:\AprPanama2025_fixed\041225_experimental\041225PA_experimental_part04.mp4,1900-01-01 19:08:50.000,1144
62899,796,90,2.5,118.0,179.0,229.0,D:\AprPanama2025_fixed\041225_experimental\041225PA_experimental_part04.mp4,1900-01-01 19:08:49.900,1136
62899,802,156,2.5,135.0,161.0,136.42857142857142,D:\AprPanama2025_fixed\041225_experimental\041225PA_experimental_part04.mp4,1900-01-01 19:08:49.900,1142
62893,795,88,4.5,130.0,177.0,245.1,D:\AprPanama2025_fixed\041225_experimental\041225PA_experimental_part04.mp4,1900-01-01 19:08:49.300,1135
62893,801,155,5.0,119.0,175.0,220.0,D:\AprPanama2025_fixed\041225_experimental\041225PA_experimental_part04.mp4,1900-01-01 19:08:49.300,1141
62894,795,88,2.0,114.0,166.0,255.0,D:\AprPanama2025_fixed\041225_experimental\041225PA_experimental_part04.mp4,1900-01-01 19:08:49.400,1135
62894,802,155,4.5,113.0,169.0,147.5,D:\AprPanama2025_fixed\041225_experimental\041225PA_experimental_part04.mp4,1900-01-01 19:08:49.400,1142
62895,802,155,4.0,118.0,163.0,142.55555555555554,D:\AprPanama2025_fixed\041225_experimental\041225PA_experimental_part04.mp4,1900-01-01 19:08:49.500,1142
62898,796,90,1.5,132.0,174.0,238.2,D:\AprPanama2025_fixed\041225_experimental\041225PA_experimental_part04.mp4,1900-01-01 19:08:49.800,1136
62901,803,157,2.0,119.0,159.0,218.0,D:\AprPanama2025_fixed\041225_experimental\041225PA_experimental_part04.mp4,1900-01-01 19:08:50.100,1143
62907,803,158,1.5,114.0,169.0,238.66666666666663,D:\AprPanama2025_fixed\041225_experimental\041225PA_experimental_part04.mp4,1900-01-01 19:08:50.700,1143
62903,802,157,2.0,120.0,160.0,192.57142857142856,D:\AprPanama2025_fixed\041225_experimental\041225PA_experimental_part04.mp4,1900-01-01 19:08:50.300,1142
63068,789,85,30.5,117.0,254.0,246.7560975609756,D:\AprPanama2025_fixed\041225_experimental\041225PA_experimental_part04.mp4,1900-01-01 19:09:06.800,1129
63067,790,84,23.0,116.0,247.0,242.96875,D:\AprPanama2025_fixed\041225_experimental\041225PA_experimental_part04.mp4,1900-01-01 19:09:06.700,1130
63066,790,83,17.5,119.0,179.0,246.3846153846154,D:\AprPanama2025_fixed\041225_experimental\041225PA_experimental_part04.mp4,1900-01-01 19:09:06.600,1130
63076,791,86,23.5,117.0,178.0,243.2058823529412,D:\AprPanama2025_fixed\041225_experimental\041225PA_experimental_part04.mp4,1900-01-01 19:09:07.600,1131
63072,790,86,28.0,112.0,179.0,248.02631578947367,D:\AprPanama2025_fixed\041225_experimental\041225PA_experimental_part04.mp4,1900-01-01 19:09:07.200,1130
63073,790,86,29.0,111.0,179.0,247.89743589743588,D:\AprPanama2025_fixed\041225_experimental\041225PA_experimental_part04.mp4,1900-01-01 19:09:07.300,1130
63071,790,86,26.5,112.0,179.0,246.52777777777777,D:\AprPanama2025_fixed\041225_experimental\041225PA_experimental_part04.mp4,1900-01-01 19:09:07.100,1130
63069,790,85,30.0,123.0,254.0,245.175,D:\AprPanama2025_fixed\041225_experimental\041225PA_experimental_part04.mp4,1900-01-01 19:09:06.900,1130
63070,790,86,26.5,112.0,179.0,246.52777777777777,D:\AprPanama2025_fixed\041225_experimental\041225PA_experimental_part04.mp4,1900-01-01 19:09:07.000,1130
63074,790,86,25.5,117.0,179.0,247.9142857142857,D:\AprPanama2025_fixed\041225_experimental\041225PA_experimental_part04.mp4,1900-01-01 19:09:07.400,1130
63075,791,86,24.0,113.0,179.0,247.91176470588235,D:\AprPanama2025_fixed\041225_experimental\041225PA_experimental_part04.mp4,1900-01-01 19:09:07.500,1131
63083,792,86,14.0,111.0,179.0,243.0909090909091,D:\AprPanama2025_fixed\041225_experimental\041225PA_experimental_part04.mp4,1900-01-01 19:09:08.300,1132
63080,792,86,18.5,114.0,179.0,247.0,D:\AprPanama2025_fixed\041225_experimental\041225PA_experimental_part04.mp4,1900-01-01 19:09:08.000,1132
63078,792,86,20.5,115.0,179.0,240.9333333333333,D:\AprPanama2025_fixed\041225_experimental\041225PA_experimental_part04.mp4,1900-01-01 19:09:07.800,1132
63079,792,86,19.0,112.0,179.0,240.037037037037,D:\AprPanama2025_fixed\041225_experimental\041225PA_experimental_part04.mp4,1900-01-01 19:09:07.900,1132
63082,792,85,12.0,115.0,186.0,249.15,D:\AprPanama2025_fixed\041225_experimental\041225PA_experimental_part04.mp4,1900-01-01 19:09:08.200,1132
63084,793,86,16.5,111.0,179.0,244.96,D:\AprPanama2025_fixed\041225_experimental\041225PA_experimental_part04.mp4,1900-01-01 19:09:08.400,1133
63081,792,86,15.0,135.0,179.0,246.5217391304348,D:\AprPanama2025_fixed\041225_experimental\041225PA_experimental_part04.mp4,1900-01-01 19:09:08.100,1132
63077,791,86,23.0,112.0,179.0,246.09375,D:\AprPanama2025_fixed\041225_experimental\041225PA_experimental_part04.mp4,1900-01-01 19:09:07.700,1131
63088,794,86,8.5,115.0,176.0,251.06666666666663,D:\AprPanama2025_fixed\041225_experimental\041225PA_experimental_part04.mp4,1900-01-01 19:09:08.800,1134
63092,794,86,10.5,118.0,175.0,239.27777777777777,D:\AprPanama2025_fixed\041225_experimental\041225PA_experimental_part04.mp4,1900-01-01 19:09:09.200,1134
63087,794,86,9.5,111.0,179.0,247.35294117647055,D:\AprPanama2025_fixed\041225_experimental\041225PA_experimental_part04.mp4,1900-01-01 19:09:08.700,1134
63090,794,86,11.0,114.0,179.0,241.8947368421053,D:\AprPanama2025_fixed\041225_experimental\041225PA_experimental_part04.mp4,1900-01-01 19:09:09.000,1134
63089,794,86,7.5,122.0,176.0,249.57142857142856,D:\AprPanama2025_fixed\041225_experimental\041225PA_experimental_part04.mp4,1900-01-01 19:09:08.900,1134
63086,793,86,13.5,111.0,179.0,248.8095238095238,D:\AprPanama2025_fixed\041225_experimental\041225PA_experimental_part04.mp4,1900-01-01 19:09:08.600,1133
63091,794,86,11.0,114.0,179.0,241.8947368421053,D:\AprPanama2025_fixed\041225_experimental\041225PA_experimental_part04.mp4,1900-01-01 19:09:09.100,1134
63085,793,86,17.5,113.0,178.0,242.6923076923077,D:\AprPanama2025_fixed\041225_experimental\041225PA_experimental_part04.mp4,1900-01-01 19:09:08.500,1133
63097,795,86,6.5,116.0,175.0,233.25,D:\AprPanama2025_fixed\041225_experimental\041225PA_experimental_part04.mp4,1900-01-01 19:09:09.700,1135
63096,794,87,1.5,131.0,169.0,239.66666666666663,D:\AprPanama2025_fixed\041225_experimental\041225PA_experimental_part04.mp4,1900-01-01 19:09:09.600,1134
63098,795,86,4.0,116.0,170.0,240.0,D:\AprPanama2025_fixed\041225_experimental\041225PA_experimental_part04.mp4,1900-01-01 19:09:09.800,1135
63099,797,86,3.0,126.0,168.0,253.14285714285717,D:\AprPanama2025_fixed\041225_experimental\041225PA_experimental_part04.mp4,1900-01-01 19:09:09.900,1137
63093,795,85,4.0,115.0,177.0,254.77777777777777,D:\AprPanama2025_fixed\041225_experimental\041225PA_experimental_part04.mp4,1900-01-01 19:09:09.300,1135
63094,796,85,1.5,139.0,165.0,251.4,D:\AprPanama2025_fixed\041225_experimental\041225PA_experimental_part04.mp4,1900-01-01 19:09:09.400,1136
63095,795,86,6.5,117.0,173.0,254.91666666666663,D:\AprPanama2025_fixed\041225_experimental\041225PA_experimental_part04.mp4,1900-01-01 19:09:09.500,1135
63103,797,86,1.5,120.0,162.0,235.2,D:\AprPanama2025_fixed\041225_experimental\041225PA_experimental_part04.mp4,1900-01-01 19:09:10.300,1137
63423,890,79,21.0,118.0,179.0,249.38709677419357,D:\AprPanama2025_fixed\041225_experimental\041225PA_experimental_part04.mp4,1900-01-01 19:09:42.300,1230
63425,890,80,26.0,128.0,179.0,248.91666666666663,D:\AprPanama2025_fixed\041225_experimental\041225PA_experimental_part04.mp4,1900-01-01 19:09:42.500,1230
63427,890,79,26.0,112.0,179.0,241.4722222222222,D:\AprPanama2025_fixed\041225_experimental\041225PA_experimental_part04.mp4,1900-01-01 19:09:42.700,1230
63422,891,80,16.5,118.0,179.0,249.30769230769232,D:\AprPanama2025_fixed\041225_experimental\041225PA_experimental_part04.mp4,1900-01-01 19:09:42.200,1231
63421,891,79,9.0,117.0,173.0,241.25,D:\AprPanama2025_fixed\041225_experimental\041225PA_experimental_part04.mp4,1900-01-01 19:09:42.100,1231
63428,889,79,17.0,117.0,179.0,248.11538461538464,D:\AprPanama2025_fixed\041225_experimental\041225PA_experimental_part04.mp4,1900-01-01 19:09:42.800,1229
63426,890,79,26.0,112.0,179.0,241.5833333333333,D:\AprPanama2025_fixed\041225_experimental\041225PA_experimental_part04.mp4,1900-01-01 19:09:42.600,1230
63424,890,80,25.0,113.0,179.0,248.77142857142857,D:\AprPanama2025_fixed\041225_experimental\041225PA_experimental_part04.mp4,1900-01-01 19:09:42.400,1230
63431,888,78,15.0,112.0,179.0,246.6086956521739,D:\AprPanama2025_fixed\041225_experimental\041225PA_experimental_part04.mp4,1900-01-01 19:09:43.100,1228
63432,888,78,9.0,115.0,179.0,244.0625,D:\AprPanama2025_fixed\041225_experimental\041225PA_experimental_part04.mp4,1900-01-01 19:09:43.200,1228
63434,888,78,8.0,121.0,179.0,252.06666666666663,D:\AprPanama2025_fixed\041225_experimental\041225PA_experimental_part04.mp4,1900-01-01 19:09:43.400,1228
63430,889,79,11.0,113.0,179.0,241.45,D:\AprPanama2025_fixed\041225_experimental\041225PA_experimental_part04.mp4,1900-01-01 19:09:43.000,1229
63436,886,78,2.5,112.0,167.0,248.75,D:\AprPanama2025_fixed\041225_experimental\041225PA_experimental_part04.mp4,1900-01-01 19:09:43.600,1226
63429,889,79,16.0,113.0,179.0,250.52,D:\AprPanama2025_fixed\041225_experimental\041225PA_experimental_part04.mp4,1900-01-01 19:09:42.900,1229
63433,888,79,8.5,123.0,178.0,250.4,D:\AprPanama2025_fixed\041225_experimental\041225PA_experimental_part04.mp4,1900-01-01 19:09:43.300,1228
63439,856,78,1.5,137.0,170.0,255.0,D:\AprPanama2025_fixed\041225_experimental\041225PA_experimental_part04.mp4,1900-01-01 19:09:43.900,1196
63438,886,78,1.5,136.0,165.0,255.0,D:\AprPanama2025_fixed\041225_experimental\041225PA_experimental_part04.mp4,1900-01-01 19:09:43.800,1226
63437,886,78,3.0,128.0,175.0,252.42857142857144,D:\AprPanama2025_fixed\041225_experimental\041225PA_experimental_part04.mp4,1900-01-01 19:09:43.700,1226
63460,864,19,5.0,117.0,176.0,246.0909090909091,D:\AprPanama2025_fixed\041225_experimental\041225PA_experimental_part04.mp4,1900-01-01 19:09:46.000,1204
63459,864,19,5.0,108.0,179.0,252.8333333333333,D:\AprPanama2025_fixed\041225_experimental\041225PA_experimental_part04.mp4,1900-01-01 19:09:45.900,1204
63459,864,19,2.0,108.0,179.0,250.0,D:\AprPanama2025_fixed\041225_experimental\041225PA_experimental_part04.mp4,1900-01-01 19:09:45.900,1204
63458,863,18,3.5,113.0,179.0,237.0,D:\AprPanama2025_fixed\041225_experimental\041225PA_experimental_part04.mp4,1900-01-01 19:09:45.800,1203
63461,864,19,4.5,131.0,174.0,248.1,D:\AprPanama2025_fixed\041225_experimental\041225PA_experimental_part04.mp4,1900-01-01 19:09:46.100,1204
63466,870,76,23.0,114.0,179.0,246.72727272727275,D:\AprPanama2025_fixed\041225_experimental\041225PA_experimental_part04.mp4,1900-01-01 19:09:46.600,1210
63467,862,19,2.0,123.0,153.0,222.42857142857144,D:\AprPanama2025_fixed\041225_experimental\041225PA_experimental_part04.mp4,1900-01-01 19:09:46.700,1202
63463,863,19,6.0,113.0,177.0,253.41666666666663,D:\AprPanama2025_fixed\041225_experimental\041225PA_experimental_part04.mp4,1900-01-01 19:09:46.300,1203
63464,864,19,4.0,116.0,155.0,249.1111111111111,D:\AprPanama2025_fixed\041225_experimental\041225PA_experimental_part04.mp4,1900-01-01 19:09:46.400,1204
63464,873,75,10.0,113.0,179.0,243.7058823529412,D:\AprPanama2025_fixed\041225_experimental\041225PA_experimental_part04.mp4,1900-01-01 19:09:46.400,1213
63465,862,19,2.5,129.0,172.0,233.3333333333333,D:\AprPanama2025_fixed\041225_experimental\041225PA_experimental_part04.mp4,1900-01-01 19:09:46.500,1202
63465,872,76,22.0,114.0,179.0,244.29032258064515,D:\AprPanama2025_fixed\041225_experimental\041225PA_experimental_part04.mp4,1900-01-01 19:09:46.500,1212
63462,863,19,6.0,129.0,173.0,250.41666666666663,D:\AprPanama2025_fixed\041225_experimental\041225PA_experimental_part04.mp4,1900-01-01 19:09:46.200,1203
63475,743,67,18.5,123.0,179.0,243.0,D:\AprPanama2025_fixed\041225_experimental\041225PA_experimental_part04.mp4,1900-01-01 19:09:47.500,1083
63472,744,67,19.0,114.0,179.0,247.9333333333333,D:\AprPanama2025_fixed\041225_experimental\041225PA_experimental_part04.mp4,1900-01-01 19:09:47.200,1084
63474,743,67,17.0,118.0,179.0,247.92857142857144,D:\AprPanama2025_fixed\041225_experimental\041225PA_experimental_part04.mp4,1900-01-01 19:09:47.400,1083
63476,743,67,18.5,131.0,178.0,241.24137931034485,D:\AprPanama2025_fixed\041225_experimental\041225PA_experimental_part04.mp4,1900-01-01 19:09:47.600,1083
63471,745,66,19.5,117.0,179.0,245.68965517241375,D:\AprPanama2025_fixed\041225_experimental\041225PA_experimental_part04.mp4,1900-01-01 19:09:47.100,1085
63470,747,64,13.5,111.0,179.0,247.9047619047619,D:\AprPanama2025_fixed\041225_experimental\041225PA_experimental_part04.mp4,1900-01-01 19:09:47.000,1087
63473,743,67,17.0,120.0,179.0,248.17857142857144,D:\AprPanama2025_fixed\041225_experimental\041225PA_experimental_part04.mp4,1900-01-01 19:09:47.300,1083
63482,743,67,14.0,111.0,179.0,249.9583333333333,D:\AprPanama2025_fixed\041225_experimental\041225PA_experimental_part04.mp4,1900-01-01 19:09:48.200,1083
63481,743,67,16.5,131.0,179.0,246.0769230769231,D:\AprPanama2025_fixed\041225_experimental\041225PA_experimental_part04.mp4,1900-01-01 19:09:48.100,1083
63480,743,67,19.0,112.0,178.0,239.0,D:\AprPanama2025_fixed\041225_experimental\041225PA_experimental_part04.mp4,1900-01-01 19:09:48.000,1083
63483,743,67,14.0,111.0,179.0,248.625,D:\AprPanama2025_fixed\041225_experimental\041225PA_experimental_part04.mp4,1900-01-01 19:09:48.300,1083
63484,743,67,11.0,112.0,179.0,247.1,D:\AprPanama2025_fixed\041225_experimental\041225PA_experimental_part04.mp4,1900-01-01 19:09:48.400,1083
63478,743,67,20.5,113.0,179.0,240.4516129032258,D:\AprPanama2025_fixed\041225_experimental\041225PA_experimental_part04.mp4,1900-01-01 19:09:47.800,1083
63477,743,67,20.5,113.0,179.0,237.64516129032256,D:\AprPanama2025_fixed\041225_experimental\041225PA_experimental_part04.mp4,1900-01-01 19:09:47.700,1083
63479,743,67,20.5,122.0,179.0,238.5806451612903,D:\AprPanama2025_fixed\041225_experimental\041225PA_experimental_part04.mp4,1900-01-01 19:09:47.900,1083
63488,743,67,8.5,116.0,179.0,252.94117647058823,D:\AprPanama2025_fixed\041225_experimental\041225PA_experimental_part04.mp4,1900-01-01 19:09:48.800,1083
63485,743,67,13.0,115.0,178.0,243.5909090909091,D:\AprPanama2025_fixed\041225_experimental\041225PA_experimental_part04.mp4,1900-01-01 19:09:48.500,1083
63487,744,67,9.5,121.0,179.0,253.38888888888889,D:\AprPanama2025_fixed\041225_experimental\041225PA_experimental_part04.mp4,1900-01-01 19:09:48.700,1084
63489,745,68,3.5,114.0,171.0,254.7,D:\AprPanama2025_fixed\041225_experimental\041225PA_experimental_part04.mp4,1900-01-01 19:09:48.900,1085
63486,743,67,11.0,121.0,175.0,242.9,D:\AprPanama2025_fixed\041225_experimental\041225PA_experimental_part04.mp4,1900-01-01 19:09:48.600,1083
63491,713,46,4.0,124.0,177.0,227.77777777777777,D:\AprPanama2025_fixed\041225_experimental\041225PA_experimental_part04.mp4,1900-01-01 19:09:49.100,1053
63490,712,46,2.5,130.0,167.0,239.16666666666663,D:\AprPanama2025_fixed\041225_experimental\041225PA_experimental_part04.mp4,1900-01-01 19:09:49.000,1052
63492,714,47,10.0,124.0,177.0,251.2941176470588,D:\AprPanama2025_fixed\041225_experimental\041225PA_experimental_part04.mp4,1900-01-01 19:09:49.200,1054
63497,716,49,17.0,130.0,179.0,249.8,D:\AprPanama2025_fixed\041225_experimental\041225PA_experimental_part04.mp4,1900-01-01 19:09:49.700,1056
63495,716,48,14.0,128.0,179.0,247.8181818181818,D:\AprPanama2025_fixed\041225_experimental\041225PA_experimental_part04.mp4,1900-01-01 19:09:49.500,1056
63494,715,48,12.0,111.0,179.0,253.3684210526316,D:\AprPanama2025_fixed\041225_experimental\041225PA_experimental_part04.mp4,1900-01-01 19:09:49.400,1055
63500,718,49,13.0,111.0,179.0,243.57142857142856,D:\AprPanama2025_fixed\041225_experimental\041225PA_experimental_part04.mp4,1900-01-01 19:09:50.000,1058
63493,714,48,11.0,112.0,179.0,249.8333333333333,D:\AprPanama2025_fixed\041225_experimental\041225PA_experimental_part04.mp4,1900-01-01 19:09:49.300,1054
63496,716,49,16.0,115.0,179.0,249.25,D:\AprPanama2025_fixed\041225_experimental\041225PA_experimental_part04.mp4,1900-01-01 19:09:49.600,1056
63498,718,49,11.0,111.0,177.0,241.27777777777777,D:\AprPanama2025_fixed\041225_experimental\041225PA_experimental_part04.mp4,1900-01-01 19:09:49.800,1058
63499,718,49,12.5,112.0,178.0,242.55,D:\AprPanama2025_fixed\041225_experimental\041225PA_experimental_part04.mp4,1900-01-01 19:09:49.900,1058
63507,722,51,7.5,115.0,176.0,248.07142857142856,D:\AprPanama2025_fixed\041225_experimental\041225PA_experimental_part04.mp4,1900-01-01 19:09:50.700,1062
63506,721,50,5.0,118.0,178.0,254.0909090909091,D:\AprPanama2025_fixed\041225_experimental\041225PA_experimental_part04.mp4,1900-01-01 19:09:50.600,1061
63508,723,50,4.0,118.0,169.0,244.66666666666663,D:\AprPanama2025_fixed\041225_experimental\041225PA_experimental_part04.mp4,1900-01-01 19:09:50.800,1063
63502,719,49,10.0,116.0,178.0,245.41176470588235,D:\AprPanama2025_fixed\041225_experimental\041225PA_experimental_part04.mp4,1900-01-01 19:09:50.200,1059
63504,721,50,8.5,126.0,179.0,250.46666666666667,D:\AprPanama2025_fixed\041225_experimental\041225PA_experimental_part04.mp4,1900-01-01 19:09:50.400,1061
63505,721,50,8.5,139.0,179.0,252.9333333333333,D:\AprPanama2025_fixed\041225_experimental\041225PA_experimental_part04.mp4,1900-01-01 19:09:50.500,1061
63503,720,50,10.0,112.0,178.0,240.05882352941177,D:\AprPanama2025_fixed\041225_experimental\041225PA_experimental_part04.mp4,1900-01-01 19:09:50.300,1060
63501,719,49,10.0,120.0,179.0,244.11764705882356,D:\AprPanama2025_fixed\041225_experimental\041225PA_experimental_part04.mp4,1900-01-01 19:09:50.100,1059
63510,724,51,6.0,127.0,177.0,243.54545454545456,D:\AprPanama2025_fixed\041225_experimental\041225PA_experimental_part04.mp4,1900-01-01 19:09:51.000,1064
63511,724,51,5.0,117.0,179.0,226.9,D:\AprPanama2025_fixed\041225_experimental\041225PA_experimental_part04.mp4,1900-01-01 19:09:51.100,1064
63512,724,52,1.5,112.0,158.0,251.0,D:\AprPanama2025_fixed\041225_experimental\041225PA_experimental_part04.mp4,1900-01-01 19:09:51.200,1064
63513,725,51,2.5,113.0,163.0,212.7142857142857,D:\AprPanama2025_fixed\041225_experimental\041225PA_experimental_part04.mp4,1900-01-01 19:09:51.300,1065
63509,724,51,2.5,121.0,179.0,248.5,D:\AprPanama2025_fixed\041225_experimental\041225PA_experimental_part04.mp4,1900-01-01 19:09:50.900,1064
63515,720,20,2.5,115.0,180.0,240.85714285714283,D:\AprPanama2025_fixed\041225_experimental\041225PA_experimental_part04.mp4,1900-01-01 19:09:51.500,1060
63516,720,21,1.5,127.0,171.0,243.0,D:\AprPanama2025_fixed\041225_experimental\041225PA_experimental_part04.mp4,1900-01-01 19:09:51.600,1060
63516,727,52,2.5,116.0,149.0,162.16666666666666,D:\AprPanama2025_fixed\041225_experimental\041225PA_experimental_part04.mp4,1900-01-01 19:09:51.600,1067
63521,721,20,2.5,111.0,163.0,193.5,D:\AprPanama2025_fixed\041225_experimental\041225PA_experimental_part04.mp4,1900-01-01 19:09:52.100,1061
63519,721,20,5.0,117.0,169.0,211.25,D:\AprPanama2025_fixed\041225_experimental\041225PA_experimental_part04.mp4,1900-01-01 19:09:51.900,1061
63518,720,20,5.5,113.0,176.0,244.8181818181818,D:\AprPanama2025_fixed\041225_experimental\041225PA_experimental_part04.mp4,1900-01-01 19:09:51.800,1060
63520,722,19,4.0,126.0,171.0,207.77777777777777,D:\AprPanama2025_fixed\041225_experimental\041225PA_experimental_part04.mp4,1900-01-01 19:09:52.000,1062
63517,720,19,5.0,111.0,178.0,251.1,D:\AprPanama2025_fixed\041225_experimental\041225PA_experimental_part04.mp4,1900-01-01 19:09:51.700,1060
63517,727,52,1.5,135.0,161.0,142.8,D:\AprPanama2025_fixed\041225_experimental\041225PA_experimental_part04.mp4,1900-01-01 19:09:51.700,1067
63599,332,122,3.5,113.0,162.0,149.25,D:\AprPanama2025_fixed\041225_experimental\041225PA_experimental_part04.mp4,1900-01-01 19:09:59.900,672
63602,332,122,5.5,114.0,179.0,227.9090909090909,D:\AprPanama2025_fixed\041225_experimental\041225PA_experimental_part04.mp4,1900-01-01 19:10:00.200,672
63603,331,121,4.0,119.0,178.0,243.55555555555557,D:\AprPanama2025_fixed\041225_experimental\041225PA_experimental_part04.mp4,1900-01-01 19:10:00.300,671
63601,332,122,4.5,112.0,173.0,240.66666666666663,D:\AprPanama2025_fixed\041225_experimental\041225PA_experimental_part04.mp4,1900-01-01 19:10:00.100,672
63604,331,121,6.5,114.0,172.0,217.15384615384616,D:\AprPanama2025_fixed\041225_experimental\041225PA_experimental_part04.mp4,1900-01-01 19:10:00.400,671
63600,332,122,5.0,112.0,180.0,213.5,D:\AprPanama2025_fixed\041225_experimental\041225PA_experimental_part04.mp4,1900-01-01 19:10:00.000,672
63612,329,119,1.5,134.0,175.0,226.2,D:\AprPanama2025_fixed\041225_experimental\041225PA_experimental_part04.mp4,1900-01-01 19:10:01.200,669
63607,330,121,2.5,120.0,161.0,246.125,D:\AprPanama2025_fixed\041225_experimental\041225PA_experimental_part04.mp4,1900-01-01 19:10:00.700,670
63606,330,121,4.5,124.0,175.0,240.6,D:\AprPanama2025_fixed\041225_experimental\041225PA_experimental_part04.mp4,1900-01-01 19:10:00.600,670
63605,331,121,6.0,114.0,175.0,234.0,D:\AprPanama2025_fixed\041225_experimental\041225PA_experimental_part04.mp4,1900-01-01 19:10:00.500,671
63614,320,100,7.5,115.0,179.0,244.84615384615387,D:\AprPanama2025_fixed\041225_experimental\041225PA_experimental_part04.mp4,1900-01-01 19:10:01.400,660
63618,321,101,11.5,111.0,177.0,244.16666666666663,D:\AprPanama2025_fixed\041225_experimental\041225PA_experimental_part04.mp4,1900-01-01 19:10:01.800,661
63618,328,118,1.5,114.0,161.0,255.0,D:\AprPanama2025_fixed\041225_experimental\041225PA_experimental_part04.mp4,1900-01-01 19:10:01.800,668
63615,321,100,8.0,114.0,179.0,244.14285714285717,D:\AprPanama2025_fixed\041225_experimental\041225PA_experimental_part04.mp4,1900-01-01 19:10:01.500,661
63615,329,118,2.0,119.0,173.0,228.85714285714283,D:\AprPanama2025_fixed\041225_experimental\041225PA_experimental_part04.mp4,1900-01-01 19:10:01.500,669
63616,321,100,6.5,114.0,176.0,248.46153846153848,D:\AprPanama2025_fixed\041225_experimental\041225PA_experimental_part04.mp4,1900-01-01 19:10:01.600,661
63616,328,118,1.5,113.0,167.0,234.8333333333333,D:\AprPanama2025_fixed\041225_experimental\041225PA_experimental_part04.mp4,1900-01-01 19:10:01.600,668
63617,321,101,7.5,112.0,178.0,252.0,D:\AprPanama2025_fixed\041225_experimental\041225PA_experimental_part04.mp4,1900-01-01 19:10:01.700,661
63617,328,118,1.5,135.0,169.0,244.8,D:\AprPanama2025_fixed\041225_experimental\041225PA_experimental_part04.mp4,1900-01-01 19:10:01.700,668
63620,321,101,9.5,115.0,179.0,240.11764705882356,D:\AprPanama2025_fixed\041225_experimental\041225PA_experimental_part04.mp4,1900-01-01 19:10:02.000,661
63613,320,100,2.0,126.0,173.0,230.66666666666663,D:\AprPanama2025_fixed\041225_experimental\041225PA_experimental_part04.mp4,1900-01-01 19:10:01.300,660
63619,321,101,11.5,113.0,179.0,246.16666666666663,D:\AprPanama2025_fixed\041225_experimental\041225PA_experimental_part04.mp4,1900-01-01 19:10:01.900,661
63627,323,103,10.5,120.0,176.0,244.58823529411765,D:\AprPanama2025_fixed\041225_experimental\041225PA_experimental_part04.mp4,1900-01-01 19:10:02.700,663
63623,323,102,11.0,117.0,179.0,246.16666666666663,D:\AprPanama2025_fixed\041225_experimental\041225PA_experimental_part04.mp4,1900-01-01 19:10:02.300,663
63624,322,102,10.0,115.0,179.0,245.35294117647055,D:\AprPanama2025_fixed\041225_experimental\041225PA_experimental_part04.mp4,1900-01-01 19:10:02.400,662
63622,322,102,11.5,111.0,178.0,240.21052631578945,D:\AprPanama2025_fixed\041225_experimental\041225PA_experimental_part04.mp4,1900-01-01 19:10:02.200,662
63625,323,102,7.0,135.0,174.0,250.92857142857144,D:\AprPanama2025_fixed\041225_experimental\041225PA_experimental_part04.mp4,1900-01-01 19:10:02.500,663
63628,323,103,8.0,118.0,179.0,247.8,D:\AprPanama2025_fixed\041225_experimental\041225PA_experimental_part04.mp4,1900-01-01 19:10:02.800,663
63626,323,102,9.5,119.0,176.0,248.0,D:\AprPanama2025_fixed\041225_experimental\041225PA_experimental_part04.mp4,1900-01-01 19:10:02.600,663
63621,322,101,9.0,122.0,179.0,241.3125,D:\AprPanama2025_fixed\041225_experimental\041225PA_experimental_part04.mp4,1900-01-01 19:10:02.100,662
63630,324,104,8.0,118.0,177.0,238.86666666666667,D:\AprPanama2025_fixed\041225_experimental\041225PA_experimental_part04.mp4,1900-01-01 19:10:03.000,664
63631,324,104,9.0,114.0,174.0,237.1875,D:\AprPanama2025_fixed\041225_experimental\041225PA_experimental_part04.mp4,1900-01-01 19:10:03.100,664
63633,324,105,4.5,118.0,179.0,219.6,D:\AprPanama2025_fixed\041225_experimental\041225PA_experimental_part04.mp4,1900-01-01 19:10:03.300,664
63634,324,105,4.5,118.0,176.0,203.4,D:\AprPanama2025_fixed\041225_experimental\041225PA_experimental_part04.mp4,1900-01-01 19:10:03.400,664
63636,325,106,5.0,112.0,174.0,234.8181818181818,D:\AprPanama2025_fixed\041225_experimental\041225PA_experimental_part04.mp4,1900-01-01 19:10:03.600,665
63635,324,105,3.5,116.0,169.0,195.77777777777777,D:\AprPanama2025_fixed\041225_experimental\041225PA_experimental_part04.mp4,1900-01-01 19:10:03.500,664
63632,324,104,4.0,121.0,182.0,252.2222222222222,D:\AprPanama2025_fixed\041225_experimental\041225PA_experimental_part04.mp4,1900-01-01 19:10:03.200,664
63629,324,103,5.5,120.0,179.0,241.8181818181818,D:\AprPanama2025_fixed\041225_experimental\041225PA_experimental_part04.mp4,1900-01-01 19:10:02.900,664
63641,325,107,2.0,111.0,154.0,185.3333333333333,D:\AprPanama2025_fixed\041225_experimental\041225PA_experimental_part04.mp4,1900-01-01 19:10:04.100,665
63642,326,108,2.0,119.0,165.0,167.5,D:\AprPanama2025_fixed\041225_experimental\041225PA_experimental_part04.mp4,1900-01-01 19:10:04.200,666
63638,325,106,3.5,119.0,191.0,195.75,D:\AprPanama2025_fixed\041225_experimental\041225PA_experimental_part04.mp4,1900-01-01 19:10:03.800,665
63643,325,108,1.5,131.0,165.0,157.60000000000002,D:\AprPanama2025_fixed\041225_experimental\041225PA_experimental_part04.mp4,1900-01-01 19:10:04.300,665
63640,326,106,2.0,128.0,162.0,245.28571428571428,D:\AprPanama2025_fixed\041225_experimental\041225PA_experimental_part04.mp4,1900-01-01 19:10:04.000,666
63637,325,106,4.0,128.0,159.0,226.66666666666663,D:\AprPanama2025_fixed\041225_experimental\041225PA_experimental_part04.mp4,1900-01-01 19:10:03.700,665
63648,326,109,1.5,134.0,158.0,255.0,D:\AprPanama2025_fixed\041225_experimental\041225PA_experimental_part04.mp4,1900-01-01 19:10:04.800,666
63650,350,67,2.5,114.0,167.0,223.0,D:\AprPanama2025_fixed\041225_experimental\041225PA_experimental_part04.mp4,1900-01-01 19:10:05.000,690
63645,346,64,1.5,136.0,162.0,231.2,D:\AprPanama2025_fixed\041225_experimental\041225PA_experimental_part04.mp4,1900-01-01 19:10:04.500,686
63657,328,112,1.5,120.0,171.0,178.0,D:\AprPanama2025_fixed\041225_experimental\041225PA_experimental_part04.mp4,1900-01-01 19:10:05.700,668
63922,340,37,2.5,141.0,187.0,249.14285714285717,D:\AprPanama2025_fixed\041225_experimental\041225PA_experimental_part04.mp4,1900-01-01 19:10:32.200,680
63922,735,61,13.5,122.0,179.0,246.09523809523807,D:\AprPanama2025_fixed\041225_experimental\041225PA_experimental_part04.mp4,1900-01-01 19:10:32.200,1075
63923,736,63,19.5,137.0,178.0,249.42857142857144,D:\AprPanama2025_fixed\041225_experimental\041225PA_experimental_part04.mp4,1900-01-01 19:10:32.300,1076
63924,736,64,28.0,111.0,179.0,245.2051282051282,D:\AprPanama2025_fixed\041225_experimental\041225PA_experimental_part04.mp4,1900-01-01 19:10:32.400,1076
63921,341,37,2.0,112.0,152.0,226.0,D:\AprPanama2025_fixed\041225_experimental\041225PA_experimental_part04.mp4,1900-01-01 19:10:32.100,681
63927,736,65,26.0,118.0,179.0,243.4864864864865,D:\AprPanama2025_fixed\041225_experimental\041225PA_experimental_part04.mp4,1900-01-01 19:10:32.700,1076
63932,736,66,21.5,114.0,179.0,248.28125,D:\AprPanama2025_fixed\041225_experimental\041225PA_experimental_part04.mp4,1900-01-01 19:10:33.200,1076
63932,339,95,4.5,120.0,175.0,218.41666666666663,D:\AprPanama2025_fixed\041225_experimental\041225PA_experimental_part04.mp4,1900-01-01 19:10:33.200,679
63932,733,111,8.5,113.0,176.0,244.7333333333333,D:\AprPanama2025_fixed\041225_experimental\041225PA_experimental_part04.mp4,1900-01-01 19:10:33.200,1073
63929,343,38,2.5,112.0,137.0,66.0,D:\AprPanama2025_fixed\041225_experimental\041225PA_experimental_part04.mp4,1900-01-01 19:10:32.900,683
63929,736,66,23.0,119.0,179.0,246.66666666666669,D:\AprPanama2025_fixed\041225_experimental\041225PA_experimental_part04.mp4,1900-01-01 19:10:32.900,1076
63929,338,94,5.5,121.0,179.0,246.0,D:\AprPanama2025_fixed\041225_experimental\041225PA_experimental_part04.mp4,1900-01-01 19:10:32.900,678
63926,736,65,24.0,131.0,179.0,246.3142857142857,D:\AprPanama2025_fixed\041225_experimental\041225PA_experimental_part04.mp4,1900-01-01 19:10:32.600,1076
63928,343,38,2.5,112.0,137.0,66.0,D:\AprPanama2025_fixed\041225_experimental\041225PA_experimental_part04.mp4,1900-01-01 19:10:32.800,683
63928,736,65,24.5,115.0,179.0,243.7142857142857,D:\AprPanama2025_fixed\041225_experimental\041225PA_experimental_part04.mp4,1900-01-01 19:10:32.800,1076
63928,338,94,5.5,121.0,179.0,246.0,D:\AprPanama2025_fixed\041225_experimental\041225PA_experimental_part04.mp4,1900-01-01 19:10:32.800,678
63931,736,66,24.0,123.0,179.0,248.7058823529412,D:\AprPanama2025_fixed\041225_experimental\041225PA_experimental_part04.mp4,1900-01-01 19:10:33.100,1076
63931,339,94,8.5,121.0,176.0,225.13333333333333,D:\AprPanama2025_fixed\041225_experimental\041225PA_experimental_part04.mp4,1900-01-01 19:10:33.100,679
63931,733,110,2.0,120.0,144.0,36.5,D:\AprPanama2025_fixed\041225_experimental\041225PA_experimental_part04.mp4,1900-01-01 19:10:33.100,1073
63925,736,65,24.0,111.0,179.0,247.88571428571427,D:\AprPanama2025_fixed\041225_experimental\041225PA_experimental_part04.mp4,1900-01-01 19:10:32.500,1076
63930,736,66,24.0,121.0,179.0,248.3823529411765,D:\AprPanama2025_fixed\041225_experimental\041225PA_experimental_part04.mp4,1900-01-01 19:10:33.000,1076
63930,338,94,6.5,129.0,179.0,237.23076923076923,D:\AprPanama2025_fixed\041225_experimental\041225PA_experimental_part04.mp4,1900-01-01 19:10:33.000,678
63939,736,66,14.5,128.0,178.0,245.0,D:\AprPanama2025_fixed\041225_experimental\041225PA_experimental_part04.mp4,1900-01-01 19:10:33.900,1076
63939,733,112,16.5,114.0,179.0,247.88,D:\AprPanama2025_fixed\041225_experimental\041225PA_experimental_part04.mp4,1900-01-01 19:10:33.900,1073
63934,736,66,21.5,114.0,179.0,246.09375,D:\AprPanama2025_fixed\041225_experimental\041225PA_experimental_part04.mp4,1900-01-01 19:10:33.400,1076
63934,339,96,4.5,118.0,181.0,231.54545454545456,D:\AprPanama2025_fixed\041225_experimental\041225PA_experimental_part04.mp4,1900-01-01 19:10:33.400,679
63934,734,112,18.0,114.0,177.0,243.73076923076923,D:\AprPanama2025_fixed\041225_experimental\041225PA_experimental_part04.mp4,1900-01-01 19:10:33.400,1074
63935,736,66,19.0,111.0,179.0,247.3103448275862,D:\AprPanama2025_fixed\041225_experimental\041225PA_experimental_part04.mp4,1900-01-01 19:10:33.500,1076
63935,339,96,4.5,118.0,180.0,236.3636363636364,D:\AprPanama2025_fixed\041225_experimental\041225PA_experimental_part04.mp4,1900-01-01 19:10:33.500,679
63935,734,112,17.5,120.0,179.0,244.7692307692308,D:\AprPanama2025_fixed\041225_experimental\041225PA_experimental_part04.mp4,1900-01-01 19:10:33.500,1074
63940,736,67,11.5,115.0,176.0,246.9523809523809,D:\AprPanama2025_fixed\041225_experimental\041225PA_experimental_part04.mp4,1900-01-01 19:10:34.000,1076
63940,733,112,11.0,138.0,179.0,249.7894736842105,D:\AprPanama2025_fixed\041225_experimental\041225PA_experimental_part04.mp4,1900-01-01 19:10:34.000,1073
63936,736,66,17.5,113.0,179.0,248.5185185185185,D:\AprPanama2025_fixed\041225_experimental\041225PA_experimental_part04.mp4,1900-01-01 19:10:33.600,1076
63936,339,96,7.0,112.0,179.0,237.64285714285717,D:\AprPanama2025_fixed\041225_experimental\041225PA_experimental_part04.mp4,1900-01-01 19:10:33.600,679
63936,734,112,18.5,112.0,179.0,248.37037037037035,D:\AprPanama2025_fixed\041225_experimental\041225PA_experimental_part04.mp4,1900-01-01 19:10:33.600,1074
63937,736,66,16.0,142.0,179.0,245.16,D:\AprPanama2025_fixed\041225_experimental\041225PA_experimental_part04.mp4,1900-01-01 19:10:33.700,1076
63937,340,94,1.5,138.0,173.0,243.6,D:\AprPanama2025_fixed\041225_experimental\041225PA_experimental_part04.mp4,1900-01-01 19:10:33.700,680
63937,733,112,16.5,117.0,179.0,250.8,D:\AprPanama2025_fixed\041225_experimental\041225PA_experimental_part04.mp4,1900-01-01 19:10:33.700,1073
63938,736,66,16.0,117.0,179.0,244.84,D:\AprPanama2025_fixed\041225_experimental\041225PA_experimental_part04.mp4,1900-01-01 19:10:33.800,1076
63938,733,112,16.5,116.0,179.0,250.2,D:\AprPanama2025_fixed\041225_experimental\041225PA_experimental_part04.mp4,1900-01-01 19:10:33.800,1073
63933,736,66,21.5,114.0,179.0,248.28125,D:\AprPanama2025_fixed\041225_experimental\041225PA_experimental_part04.mp4,1900-01-01 19:10:33.300,1076
63933,339,96,4.5,118.0,182.0,225.1818181818182,D:\AprPanama2025_fixed\041225_experimental\041225PA_experimental_part04.mp4,1900-01-01 19:10:33.300,679
63933,733,111,8.5,113.0,176.0,244.7333333333333,D:\AprPanama2025_fixed\041225_experimental\041225PA_experimental_part04.mp4,1900-01-01 19:10:33.300,1073
63947,735,65,2.0,129.0,182.0,254.16666666666663,D:\AprPanama2025_fixed\041225_experimental\041225PA_experimental_part04.mp4,1900-01-01 19:10:34.700,1075
63947,479,73,8.5,120.0,179.0,236.0,D:\AprPanama2025_fixed\041225_experimental\041225PA_experimental_part04.mp4,1900-01-01 19:10:34.700,819
63947,732,85,15.5,113.0,178.0,243.1304347826087,D:\AprPanama2025_fixed\041225_experimental\041225PA_experimental_part04.mp4,1900-01-01 19:10:34.700,1072
63941,736,66,10.0,118.0,175.0,238.0526315789473,D:\AprPanama2025_fixed\041225_experimental\041225PA_experimental_part04.mp4,1900-01-01 19:10:34.100,1076
63941,733,112,12.0,111.0,179.0,247.35,D:\AprPanama2025_fixed\041225_experimental\041225PA_experimental_part04.mp4,1900-01-01 19:10:34.100,1073
63946,735,65,2.0,117.0,154.0,253.16666666666663,D:\AprPanama2025_fixed\041225_experimental\041225PA_experimental_part04.mp4,1900-01-01 19:10:34.600,1075
63946,479,73,7.5,119.0,178.0,227.3846153846154,D:\AprPanama2025_fixed\041225_experimental\041225PA_experimental_part04.mp4,1900-01-01 19:10:34.600,819
63946,732,85,10.0,113.0,179.0,248.23529411764704,D:\AprPanama2025_fixed\041225_experimental\041225PA_experimental_part04.mp4,1900-01-01 19:10:34.600,1072
63946,732,110,1.5,141.0,165.0,252.2,D:\AprPanama2025_fixed\041225_experimental\041225PA_experimental_part04.mp4,1900-01-01 19:10:34.600,1072
63942,736,67,13.5,111.0,182.0,246.26086956521735,D:\AprPanama2025_fixed\041225_experimental\041225PA_experimental_part04.mp4,1900-01-01 19:10:34.200,1076
63942,733,111,10.5,116.0,179.0,247.8333333333333,D:\AprPanama2025_fixed\041225_experimental\041225PA_experimental_part04.mp4,1900-01-01 19:10:34.200,1073
63945,735,66,5.5,113.0,163.0,239.0909090909091,D:\AprPanama2025_fixed\041225_experimental\041225PA_experimental_part04.mp4,1900-01-01 19:10:34.500,1075
63945,478,72,3.0,134.0,176.0,246.0,D:\AprPanama2025_fixed\041225_experimental\041225PA_experimental_part04.mp4,1900-01-01 19:10:34.500,818
63945,730,85,1.5,135.0,181.0,247.0,D:\AprPanama2025_fixed\041225_experimental\041225PA_experimental_part04.mp4,1900-01-01 19:10:34.500,1070
63945,734,111,5.0,127.0,177.0,239.16666666666663,D:\AprPanama2025_fixed\041225_experimental\041225PA_experimental_part04.mp4,1900-01-01 19:10:34.500,1074
63943,736,67,8.0,111.0,176.0,249.0,D:\AprPanama2025_fixed\041225_experimental\041225PA_experimental_part04.mp4,1900-01-01 19:10:34.300,1076
63943,733,111,8.5,127.0,179.0,246.86666666666667,D:\AprPanama2025_fixed\041225_experimental\041225PA_experimental_part04.mp4,1900-01-01 19:10:34.300,1073
63944,736,67,6.5,112.0,179.0,239.2,D:\AprPanama2025_fixed\041225_experimental\041225PA_experimental_part04.mp4,1900-01-01 19:10:34.400,1076
63944,478,72,2.5,115.0,173.0,242.66666666666663,D:\AprPanama2025_fixed\041225_experimental\041225PA_experimental_part04.mp4,1900-01-01 19:10:34.400,818
63944,733,111,7.5,112.0,178.0,237.28571428571428,D:\AprPanama2025_fixed\041225_experimental\041225PA_experimental_part04.mp4,1900-01-01 19:10:34.400,1073
63948,479,73,8.0,125.0,177.0,246.57142857142856,D:\AprPanama2025_fixed\041225_experimental\041225PA_experimental_part04.mp4,1900-01-01 19:10:34.800,819
63948,732,84,17.5,113.0,179.0,238.03846153846155,D:\AprPanama2025_fixed\041225_experimental\041225PA_experimental_part04.mp4,1900-01-01 19:10:34.800,1072
63948,732,110,1.5,114.0,152.0,254.2,D:\AprPanama2025_fixed\041225_experimental\041225PA_experimental_part04.mp4,1900-01-01 19:10:34.800,1072
63955,736,59,1.5,129.0,178.0,253.6,D:\AprPanama2025_fixed\041225_experimental\041225PA_experimental_part04.mp4,1900-01-01 19:10:35.500,1076
63955,480,73,12.5,113.0,178.0,241.7,D:\AprPanama2025_fixed\041225_experimental\041225PA_experimental_part04.mp4,1900-01-01 19:10:35.500,820
63955,731,84,7.5,111.0,176.0,240.5,D:\AprPanama2025_fixed\041225_experimental\041225PA_experimental_part04.mp4,1900-01-01 19:10:35.500,1071
63953,479,73,9.5,136.0,179.0,249.75,D:\AprPanama2025_fixed\041225_experimental\041225PA_experimental_part04.mp4,1900-01-01 19:10:35.300,819
63953,732,84,10.0,114.0,179.0,247.7058823529412,D:\AprPanama2025_fixed\041225_experimental\041225PA_experimental_part04.mp4,1900-01-01 19:10:35.300,1072
63956,736,58,4.0,130.0,177.0,221.44444444444443,D:\AprPanama2025_fixed\041225_experimental\041225PA_experimental_part04.mp4,1900-01-01 19:10:35.600,1076
63956,480,73,10.0,115.0,179.0,243.35294117647055,D:\AprPanama2025_fixed\041225_experimental\041225PA_experimental_part04.mp4,1900-01-01 19:10:35.600,820
63956,731,84,4.5,116.0,173.0,245.9090909090909,D:\AprPanama2025_fixed\041225_experimental\041225PA_experimental_part04.mp4,1900-01-01 19:10:35.600,1071
63951,479,73,7.0,144.0,210.0,244.7692307692308,D:\AprPanama2025_fixed\041225_experimental\041225PA_experimental_part04.mp4,1900-01-01 19:10:35.100,819
63951,732,84,12.5,113.0,179.0,246.1,D:\AprPanama2025_fixed\041225_experimental\041225PA_experimental_part04.mp4,1900-01-01 19:10:35.100,1072
63950,479,73,7.0,141.0,175.0,246.84615384615387,D:\AprPanama2025_fixed\041225_experimental\041225PA_experimental_part04.mp4,1900-01-01 19:10:35.000,819
63950,732,84,13.5,114.0,178.0,249.3333333333333,D:\AprPanama2025_fixed\041225_experimental\041225PA_experimental_part04.mp4,1900-01-01 19:10:35.000,1072
63954,480,73,11.0,114.0,179.0,249.7222222222222,D:\AprPanama2025_fixed\041225_experimental\041225PA_experimental_part04.mp4,1900-01-01 19:10:35.400,820
63954,731,84,7.5,114.0,174.0,245.78571428571428,D:\AprPanama2025_fixed\041225_experimental\041225PA_experimental_part04.mp4,1900-01-01 19:10:35.400,1071
63952,479,73,9.5,128.0,175.0,240.4375,D:\AprPanama2025_fixed\041225_experimental\041225PA_experimental_part04.mp4,1900-01-01 19:10:35.200,819
63952,731,84,9.0,114.0,179.0,246.9375,D:\AprPanama2025_fixed\041225_experimental\041225PA_experimental_part04.mp4,1900-01-01 19:10:35.200,1071
63949,479,73,7.0,134.0,174.0,248.46153846153848,D:\AprPanama2025_fixed\041225_experimental\041225PA_experimental_part04.mp4,1900-01-01 19:10:34.900,819
63949,732,84,17.0,111.0,179.0,241.88,D:\AprPanama2025_fixed\041225_experimental\041225PA_experimental_part04.mp4,1900-01-01 19:10:34.900,1072
63949,732,110,1.5,118.0,153.0,251.4,D:\AprPanama2025_fixed\041225_experimental\041225PA_experimental_part04.mp4,1900-01-01 19:10:34.900,1072
63962,482,72,2.0,139.0,176.0,242.7142857142857,D:\AprPanama2025_fixed\041225_experimental\041225PA_experimental_part04.mp4,1900-01-01 19:10:36.200,822
63962,730,84,1.5,125.0,174.0,239.4,D:\AprPanama2025_fixed\041225_experimental\041225PA_experimental_part04.mp4,1900-01-01 19:10:36.200,1070
63961,482,72,2.0,140.0,176.0,245.14285714285717,D:\AprPanama2025_fixed\041225_experimental\041225PA_experimental_part04.mp4,1900-01-01 19:10:36.100,822
63961,730,84,2.5,115.0,169.0,230.3333333333333,D:\AprPanama2025_fixed\041225_experimental\041225PA_experimental_part04.mp4,1900-01-01 19:10:36.100,1070
63957,736,59,4.0,118.0,179.0,239.1111111111111,D:\AprPanama2025_fixed\041225_experimental\041225PA_experimental_part04.mp4,1900-01-01 19:10:35.700,1076
63957,480,73,10.0,115.0,179.0,243.35294117647055,D:\AprPanama2025_fixed\041225_experimental\041225PA_experimental_part04.mp4,1900-01-01 19:10:35.700,820
63957,731,84,2.5,119.0,169.0,246.85714285714283,D:\AprPanama2025_fixed\041225_experimental\041225PA_experimental_part04.mp4,1900-01-01 19:10:35.700,1071
63958,736,59,4.5,111.0,177.0,225.77777777777777,D:\AprPanama2025_fixed\041225_experimental\041225PA_experimental_part04.mp4,1900-01-01 19:10:35.800,1076
63958,481,73,5.5,128.0,179.0,237.9090909090909,D:\AprPanama2025_fixed\041225_experimental\041225PA_experimental_part04.mp4,1900-01-01 19:10:35.800,821
63958,731,84,3.5,112.0,164.0,222.875,D:\AprPanama2025_fixed\041225_experimental\041225PA_experimental_part04.mp4,1900-01-01 19:10:35.800,1071
63959,736,58,2.0,119.0,176.0,226.57142857142856,D:\AprPanama2025_fixed\041225_experimental\041225PA_experimental_part04.mp4,1900-01-01 19:10:35.900,1076
63959,481,73,4.5,111.0,179.0,236.6,D:\AprPanama2025_fixed\041225_experimental\041225PA_experimental_part04.mp4,1900-01-01 19:10:35.900,821
63959,730,85,3.5,122.0,175.0,227.75,D:\AprPanama2025_fixed\041225_experimental\041225PA_experimental_part04.mp4,1900-01-01 19:10:35.900,1070
63964,736,59,2.0,112.0,158.0,200.66666666666663,D:\AprPanama2025_fixed\041225_experimental\041225PA_experimental_part04.mp4,1900-01-01 19:10:36.400,1076
63964,481,73,3.5,114.0,175.0,227.125,D:\AprPanama2025_fixed\041225_experimental\041225PA_experimental_part04.mp4,1900-01-01 19:10:36.400,821
63964,730,84,1.5,114.0,175.0,240.2,D:\AprPanama2025_fixed\041225_experimental\041225PA_experimental_part04.mp4,1900-01-01 19:10:36.400,1070
63963,481,73,3.5,111.0,177.0,240.0,D:\AprPanama2025_fixed\041225_experimental\041225PA_experimental_part04.mp4,1900-01-01 19:10:36.300,821
63963,730,84,1.5,125.0,174.0,239.4,D:\AprPanama2025_fixed\041225_experimental\041225PA_experimental_part04.mp4,1900-01-01 19:10:36.300,1070
63960,481,73,4.0,122.0,178.0,234.88888888888889,D:\AprPanama2025_fixed\041225_experimental\041225PA_experimental_part04.mp4,1900-01-01 19:10:36.000,821
63960,730,85,3.5,121.0,179.0,233.875,D:\AprPanama2025_fixed\041225_experimental\041225PA_experimental_part04.mp4,1900-01-01 19:10:36.000,1070
63965,736,59,2.0,112.0,158.0,200.66666666666663,D:\AprPanama2025_fixed\041225_experimental\041225PA_experimental_part04.mp4,1900-01-01 19:10:36.500,1076
63965,481,72,5.0,111.0,177.0,239.1,D:\AprPanama2025_fixed\041225_experimental\041225PA_experimental_part04.mp4,1900-01-01 19:10:36.500,821
63971,484,40,3.5,124.0,173.0,188.375,D:\AprPanama2025_fixed\041225_experimental\041225PA_experimental_part04.mp4,1900-01-01 19:10:37.100,824
63971,482,72,1.5,152.0,175.0,247.2,D:\AprPanama2025_fixed\041225_experimental\041225PA_experimental_part04.mp4,1900-01-01 19:10:37.100,822
63970,484,39,3.0,124.0,157.0,243.28571428571428,D:\AprPanama2025_fixed\041225_experimental\041225PA_experimental_part04.mp4,1900-01-01 19:10:37.000,824
63970,482,72,2.5,116.0,177.0,241.3333333333333,D:\AprPanama2025_fixed\041225_experimental\041225PA_experimental_part04.mp4,1900-01-01 19:10:37.000,822
63966,482,72,3.0,130.0,171.0,190.28571428571428,D:\AprPanama2025_fixed\041225_experimental\041225PA_experimental_part04.mp4,1900-01-01 19:10:36.600,822
63967,737,60,1.5,112.0,163.0,110.6,D:\AprPanama2025_fixed\041225_experimental\041225PA_experimental_part04.mp4,1900-01-01 19:10:36.700,1077
63969,482,72,2.5,124.0,179.0,250.0,D:\AprPanama2025_fixed\041225_experimental\041225PA_experimental_part04.mp4,1900-01-01 19:10:36.900,822
63972,484,39,1.5,119.0,152.0,244.4,D:\AprPanama2025_fixed\041225_experimental\041225PA_experimental_part04.mp4,1900-01-01 19:10:37.200,824
63973,484,39,1.5,119.0,152.0,244.4,D:\AprPanama2025_fixed\041225_experimental\041225PA_experimental_part04.mp4,1900-01-01 19:10:37.300,824
64164,754,133,3.5,118.0,165.0,244.375,D:\AprPanama2025_fixed\041225_experimental\041225PA_experimental_part04.mp4,1900-01-01 19:10:56.400,1094
64172,753,136,18.0,113.0,179.0,248.48148148148147,D:\AprPanama2025_fixed\041225_experimental\041225PA_experimental_part04.mp4,1900-01-01 19:10:57.200,1093
64166,755,135,16.0,119.0,177.0,244.25,D:\AprPanama2025_fixed\041225_experimental\041225PA_experimental_part04.mp4,1900-01-01 19:10:56.600,1095
64168,754,136,17.5,113.0,179.0,245.96153846153848,D:\AprPanama2025_fixed\041225_experimental\041225PA_experimental_part04.mp4,1900-01-01 19:10:56.800,1094
64167,755,135,17.0,113.0,179.0,246.12,D:\AprPanama2025_fixed\041225_experimental\041225PA_experimental_part04.mp4,1900-01-01 19:10:56.700,1095
64165,755,134,8.0,126.0,179.0,247.92857142857144,D:\AprPanama2025_fixed\041225_experimental\041225PA_experimental_part04.mp4,1900-01-01 19:10:56.500,1095
64171,754,136,18.0,111.0,179.0,249.96153846153848,D:\AprPanama2025_fixed\041225_experimental\041225PA_experimental_part04.mp4,1900-01-01 19:10:57.100,1094
64170,754,136,17.5,125.0,179.0,251.34615384615387,D:\AprPanama2025_fixed\041225_experimental\041225PA_experimental_part04.mp4,1900-01-01 19:10:57.000,1094
64169,754,136,19.0,112.0,179.0,247.25,D:\AprPanama2025_fixed\041225_experimental\041225PA_experimental_part04.mp4,1900-01-01 19:10:56.900,1094
64177,752,136,14.0,117.0,179.0,244.04761904761904,D:\AprPanama2025_fixed\041225_experimental\041225PA_experimental_part04.mp4,1900-01-01 19:10:57.700,1092
64176,752,136,14.0,117.0,179.0,244.04761904761904,D:\AprPanama2025_fixed\041225_experimental\041225PA_experimental_part04.mp4,1900-01-01 19:10:57.600,1092
64175,753,136,14.5,112.0,179.0,240.5,D:\AprPanama2025_fixed\041225_experimental\041225PA_experimental_part04.mp4,1900-01-01 19:10:57.500,1093
64178,752,136,11.0,115.0,179.0,252.44444444444443,D:\AprPanama2025_fixed\041225_experimental\041225PA_experimental_part04.mp4,1900-01-01 19:10:57.800,1092
64179,751,136,11.5,116.0,179.0,250.94444444444443,D:\AprPanama2025_fixed\041225_experimental\041225PA_experimental_part04.mp4,1900-01-01 19:10:57.900,1091
64174,753,136,14.0,131.0,178.0,246.5,D:\AprPanama2025_fixed\041225_experimental\041225PA_experimental_part04.mp4,1900-01-01 19:10:57.400,1093
64180,751,136,8.5,112.0,179.0,226.86666666666667,D:\AprPanama2025_fixed\041225_experimental\041225PA_experimental_part04.mp4,1900-01-01 19:10:58.000,1091
64173,753,136,17.5,117.0,178.0,248.42307692307693,D:\AprPanama2025_fixed\041225_experimental\041225PA_experimental_part04.mp4,1900-01-01 19:10:57.300,1093
64187,753,95,6.0,140.0,179.0,239.0,D:\AprPanama2025_fixed\041225_experimental\041225PA_experimental_part04.mp4,1900-01-01 19:10:58.700,1093
64187,750,136,2.0,113.0,133.0,247.4,D:\AprPanama2025_fixed\041225_experimental\041225PA_experimental_part04.mp4,1900-01-01 19:10:58.700,1090
64185,753,96,4.5,122.0,167.0,245.2,D:\AprPanama2025_fixed\041225_experimental\041225PA_experimental_part04.mp4,1900-01-01 19:10:58.500,1093
64185,750,137,4.5,119.0,176.0,237.44444444444443,D:\AprPanama2025_fixed\041225_experimental\041225PA_experimental_part04.mp4,1900-01-01 19:10:58.500,1090
64184,753,96,2.0,112.0,155.0,249.42857142857144,D:\AprPanama2025_fixed\041225_experimental\041225PA_experimental_part04.mp4,1900-01-01 19:10:58.400,1093
64184,750,137,4.5,119.0,176.0,237.44444444444443,D:\AprPanama2025_fixed\041225_experimental\041225PA_experimental_part04.mp4,1900-01-01 19:10:58.400,1090
64182,751,137,6.5,113.0,176.0,238.8333333333333,D:\AprPanama2025_fixed\041225_experimental\041225PA_experimental_part04.mp4,1900-01-01 19:10:58.200,1091
64183,752,94,2.5,126.0,172.0,234.3333333333333,D:\AprPanama2025_fixed\041225_experimental\041225PA_experimental_part04.mp4,1900-01-01 19:10:58.300,1092
64183,750,137,4.0,115.0,178.0,236.1111111111111,D:\AprPanama2025_fixed\041225_experimental\041225PA_experimental_part04.mp4,1900-01-01 19:10:58.300,1090
64188,753,96,3.5,122.0,179.0,230.0,D:\AprPanama2025_fixed\041225_experimental\041225PA_experimental_part04.mp4,1900-01-01 19:10:58.800,1093
64186,753,95,6.0,151.0,176.0,243.5,D:\AprPanama2025_fixed\041225_experimental\041225PA_experimental_part04.mp4,1900-01-01 19:10:58.600,1093
64181,751,136,6.5,113.0,176.0,239.66666666666663,D:\AprPanama2025_fixed\041225_experimental\041225PA_experimental_part04.mp4,1900-01-01 19:10:58.100,1091
64192,461,53,8.0,126.0,179.0,242.2142857142857,D:\AprPanama2025_fixed\041225_experimental\041225PA_experimental_part04.mp4,1900-01-01 19:10:59.200,801
64192,754,96,1.5,150.0,179.0,248.0,D:\AprPanama2025_fixed\041225_experimental\041225PA_experimental_part04.mp4,1900-01-01 19:10:59.200,1094
64194,460,55,12.5,132.0,220.0,245.7142857142857,D:\AprPanama2025_fixed\041225_experimental\041225PA_experimental_part04.mp4,1900-01-01 19:10:59.400,800
64189,752,96,1.5,124.0,176.0,242.3333333333333,D:\AprPanama2025_fixed\041225_experimental\041225PA_experimental_part04.mp4,1900-01-01 19:10:58.900,1092
64191,462,52,3.5,121.0,175.0,235.5,D:\AprPanama2025_fixed\041225_experimental\041225PA_experimental_part04.mp4,1900-01-01 19:10:59.100,802
64191,754,96,1.5,136.0,173.0,244.4,D:\AprPanama2025_fixed\041225_experimental\041225PA_experimental_part04.mp4,1900-01-01 19:10:59.100,1094
64195,460,54,16.0,115.0,224.0,241.5,D:\AprPanama2025_fixed\041225_experimental\041225PA_experimental_part04.mp4,1900-01-01 19:10:59.500,800
64196,460,55,18.0,116.0,239.0,243.96296296296296,D:\AprPanama2025_fixed\041225_experimental\041225PA_experimental_part04.mp4,1900-01-01 19:10:59.600,800
64193,460,54,12.5,119.0,178.0,245.25,D:\AprPanama2025_fixed\041225_experimental\041225PA_experimental_part04.mp4,1900-01-01 19:10:59.300,800
64199,460,54,17.0,111.0,227.0,239.5769230769231,D:\AprPanama2025_fixed\041225_experimental\041225PA_experimental_part04.mp4,1900-01-01 19:10:59.900,800
64202,460,54,16.5,111.0,179.0,241.56,D:\AprPanama2025_fixed\041225_experimental\041225PA_experimental_part04.mp4,1900-01-01 19:11:00.200,800
64200,460,54,16.0,113.0,224.0,237.92,D:\AprPanama2025_fixed\041225_experimental\041225PA_experimental_part04.mp4,1900-01-01 19:11:00.000,800
64198,460,54,17.0,125.0,235.0,241.92307692307693,D:\AprPanama2025_fixed\041225_experimental\041225PA_experimental_part04.mp4,1900-01-01 19:10:59.800,800
64201,460,54,15.5,124.0,227.0,245.7083333333333,D:\AprPanama2025_fixed\041225_experimental\041225PA_experimental_part04.mp4,1900-01-01 19:11:00.100,800
64203,459,54,15.5,115.0,178.0,241.2083333333333,D:\AprPanama2025_fixed\041225_experimental\041225PA_experimental_part04.mp4,1900-01-01 19:11:00.300,799
64204,460,54,16.5,111.0,179.0,241.92,D:\AprPanama2025_fixed\041225_experimental\041225PA_experimental_part04.mp4,1900-01-01 19:11:00.400,800
64197,460,55,16.5,115.0,224.0,245.52,D:\AprPanama2025_fixed\041225_experimental\041225PA_experimental_part04.mp4,1900-01-01 19:10:59.700,800
64211,459,55,8.5,115.0,179.0,252.9333333333333,D:\AprPanama2025_fixed\041225_experimental\041225PA_experimental_part04.mp4,1900-01-01 19:11:01.100,799
64212,459,54,7.5,116.0,179.0,253.85714285714283,D:\AprPanama2025_fixed\041225_experimental\041225PA_experimental_part04.mp4,1900-01-01 19:11:01.200,799
64206,459,55,12.5,114.0,176.0,250.9,D:\AprPanama2025_fixed\041225_experimental\041225PA_experimental_part04.mp4,1900-01-01 19:11:00.600,799
64205,460,54,14.5,127.0,178.0,249.5909090909091,D:\AprPanama2025_fixed\041225_experimental\041225PA_experimental_part04.mp4,1900-01-01 19:11:00.500,800
64207,459,55,12.5,114.0,176.0,250.2,D:\AprPanama2025_fixed\041225_experimental\041225PA_experimental_part04.mp4,1900-01-01 19:11:00.700,799
64208,459,54,12.0,114.0,176.0,247.21052631578945,D:\AprPanama2025_fixed\041225_experimental\041225PA_experimental_part04.mp4,1900-01-01 19:11:00.800,799
64210,459,55,10.0,111.0,176.0,251.1764705882353,D:\AprPanama2025_fixed\041225_experimental\041225PA_experimental_part04.mp4,1900-01-01 19:11:01.000,799
64209,459,54,9.0,122.0,175.0,250.375,D:\AprPanama2025_fixed\041225_experimental\041225PA_experimental_part04.mp4,1900-01-01 19:11:00.900,799
64218,459,54,7.0,115.0,175.0,236.6923076923077,D:\AprPanama2025_fixed\041225_experimental\041225PA_experimental_part04.mp4,1900-01-01 19:11:01.800,799
64214,459,54,6.0,139.0,178.0,252.41666666666663,D:\AprPanama2025_fixed\041225_experimental\041225PA_experimental_part04.mp4,1900-01-01 19:11:01.400,799
64217,459,54,5.0,113.0,178.0,242.8181818181818,D:\AprPanama2025_fixed\041225_experimental\041225PA_experimental_part04.mp4,1900-01-01 19:11:01.700,799
64215,459,54,6.0,135.0,177.0,249.66666666666663,D:\AprPanama2025_fixed\041225_experimental\041225PA_experimental_part04.mp4,1900-01-01 19:11:01.500,799
64216,459,54,5.0,113.0,178.0,242.8181818181818,D:\AprPanama2025_fixed\041225_experimental\041225PA_experimental_part04.mp4,1900-01-01 19:11:01.600,799
64219,460,53,4.0,119.0,172.0,234.0,D:\AprPanama2025_fixed\041225_experimental\041225PA_experimental_part04.mp4,1900-01-01 19:11:01.900,800
64220,459,54,5.0,113.0,173.0,241.9,D:\AprPanama2025_fixed\041225_experimental\041225PA_experimental_part04.mp4,1900-01-01 19:11:02.000,799
64213,459,54,6.5,114.0,179.0,254.30769230769232,D:\AprPanama2025_fixed\041225_experimental\041225PA_experimental_part04.mp4,1900-01-01 19:11:01.300,799
64221,459,54,5.0,113.0,178.0,238.9,D:\AprPanama2025_fixed\041225_experimental\041225PA_experimental_part04.mp4,1900-01-01 19:11:02.100,799
64225,459,53,4.0,129.0,169.0,210.44444444444443,D:\AprPanama2025_fixed\041225_experimental\041225PA_experimental_part04.mp4,1900-01-01 19:11:02.500,799
64224,458,53,3.5,111.0,163.0,202.875,D:\AprPanama2025_fixed\041225_experimental\041225PA_experimental_part04.mp4,1900-01-01 19:11:02.400,798
64227,459,53,4.0,120.0,168.0,171.77777777777777,D:\AprPanama2025_fixed\041225_experimental\041225PA_experimental_part04.mp4,1900-01-01 19:11:02.700,799
64222,458,54,4.5,117.0,168.0,224.9,D:\AprPanama2025_fixed\041225_experimental\041225PA_experimental_part04.mp4,1900-01-01 19:11:02.200,798
64226,458,54,4.0,121.0,172.0,215.1111111111111,D:\AprPanama2025_fixed\041225_experimental\041225PA_experimental_part04.mp4,1900-01-01 19:11:02.600,798
64228,459,53,4.0,111.0,167.0,150.77777777777777,D:\AprPanama2025_fixed\041225_experimental\041225PA_experimental_part04.mp4,1900-01-01 19:11:02.800,799
64223,459,54,5.5,113.0,160.0,206.45454545454547,D:\AprPanama2025_fixed\041225_experimental\041225PA_experimental_part04.mp4,1900-01-01 19:11:02.300,799
64235,347,30,2.0,117.0,166.0,106.0,D:\AprPanama2025_fixed\041225_experimental\041225PA_experimental_part04.mp4,1900-01-01 19:11:03.500,687
64231,458,53,3.0,121.0,172.0,176.85714285714286,D:\AprPanama2025_fixed\041225_experimental\041225PA_experimental_part04.mp4,1900-01-01 19:11:03.100,798
64230,458,53,3.0,121.0,160.0,175.57142857142856,D:\AprPanama2025_fixed\041225_experimental\041225PA_experimental_part04.mp4,1900-01-01 19:11:03.000,798
64236,347,30,2.0,117.0,166.0,105.0,D:\AprPanama2025_fixed\041225_experimental\041225PA_experimental_part04.mp4,1900-01-01 19:11:03.600,687
64229,458,53,3.0,121.0,165.0,127.57142857142856,D:\AprPanama2025_fixed\041225_experimental\041225PA_experimental_part04.mp4,1900-01-01 19:11:02.900,798
64237,347,30,2.0,117.0,166.0,103.66666666666666,D:\AprPanama2025_fixed\041225_experimental\041225PA_experimental_part04.mp4,1900-01-01 19:11:03.700,687
64250,124,84,1.5,125.0,176.0,198.2,D:\AprPanama2025_fixed\041225_experimental\041225PA_experimental_part04.mp4,1900-01-01 19:11:05.000,464
64249,124,84,1.5,125.0,176.0,198.2,D:\AprPanama2025_fixed\041225_experimental\041225PA_experimental_part04.mp4,1900-01-01 19:11:04.900,464
64248,124,84,1.5,125.0,176.0,198.2,D:\AprPanama2025_fixed\041225_experimental\041225PA_experimental_part04.mp4,1900-01-01 19:11:04.800,464
64346,771,127,3.0,115.0,167.0,180.125,D:\AprPanama2025_fixed\041225_experimental\041225PA_experimental_part04.mp4,1900-01-01 19:11:14.600,1111
64347,771,128,9.0,119.0,177.0,247.66666666666663,D:\AprPanama2025_fixed\041225_experimental\041225PA_experimental_part04.mp4,1900-01-01 19:11:14.700,1111
64348,770,129,15.5,114.0,179.0,244.875,D:\AprPanama2025_fixed\041225_experimental\041225PA_experimental_part04.mp4,1900-01-01 19:11:14.800,1110
64350,770,130,19.5,114.0,179.0,242.64285714285717,D:\AprPanama2025_fixed\041225_experimental\041225PA_experimental_part04.mp4,1900-01-01 19:11:15.000,1110
64354,769,129,16.0,121.0,179.0,252.0,D:\AprPanama2025_fixed\041225_experimental\041225PA_experimental_part04.mp4,1900-01-01 19:11:15.400,1109
64356,768,129,15.0,121.0,179.0,236.65217391304347,D:\AprPanama2025_fixed\041225_experimental\041225PA_experimental_part04.mp4,1900-01-01 19:11:15.600,1108
64351,769,129,18.0,115.0,179.0,243.11538461538464,D:\AprPanama2025_fixed\041225_experimental\041225PA_experimental_part04.mp4,1900-01-01 19:11:15.100,1109
64355,768,129,16.5,114.0,179.0,252.88,D:\AprPanama2025_fixed\041225_experimental\041225PA_experimental_part04.mp4,1900-01-01 19:11:15.500,1108
64353,769,129,15.0,128.0,179.0,248.8260869565217,D:\AprPanama2025_fixed\041225_experimental\041225PA_experimental_part04.mp4,1900-01-01 19:11:15.300,1109
64352,769,129,15.5,113.0,178.0,249.79166666666663,D:\AprPanama2025_fixed\041225_experimental\041225PA_experimental_part04.mp4,1900-01-01 19:11:15.200,1109
64349,770,129,17.0,122.0,179.0,242.8846153846154,D:\AprPanama2025_fixed\041225_experimental\041225PA_experimental_part04.mp4,1900-01-01 19:11:14.900,1110
64362,767,129,7.5,113.0,172.0,243.78571428571428,D:\AprPanama2025_fixed\041225_experimental\041225PA_experimental_part04.mp4,1900-01-01 19:11:16.200,1107
64358,768,129,9.5,114.0,179.0,251.5625,D:\AprPanama2025_fixed\041225_experimental\041225PA_experimental_part04.mp4,1900-01-01 19:11:15.800,1108
64361,767,129,8.0,131.0,179.0,245.64285714285717,D:\AprPanama2025_fixed\041225_experimental\041225PA_experimental_part04.mp4,1900-01-01 19:11:16.100,1107
64357,768,129,15.0,121.0,179.0,236.65217391304347,D:\AprPanama2025_fixed\041225_experimental\041225PA_experimental_part04.mp4,1900-01-01 19:11:15.700,1108
64359,767,129,9.0,123.0,179.0,252.125,D:\AprPanama2025_fixed\041225_experimental\041225PA_experimental_part04.mp4,1900-01-01 19:11:15.900,1107
64360,767,129,9.0,123.0,179.0,252.125,D:\AprPanama2025_fixed\041225_experimental\041225PA_experimental_part04.mp4,1900-01-01 19:11:16.000,1107
64364,766,129,6.5,114.0,179.0,247.0833333333333,D:\AprPanama2025_fixed\041225_experimental\041225PA_experimental_part04.mp4,1900-01-01 19:11:16.400,1106
64363,766,129,4.5,113.0,177.0,244.27272727272728,D:\AprPanama2025_fixed\041225_experimental\041225PA_experimental_part04.mp4,1900-01-01 19:11:16.300,1106
64367,762,92,5.5,142.0,173.0,218.1818181818182,D:\AprPanama2025_fixed\041225_experimental\041225PA_experimental_part04.mp4,1900-01-01 19:11:16.700,1102
64370,762,93,2.5,137.0,171.0,229.375,D:\AprPanama2025_fixed\041225_experimental\041225PA_experimental_part04.mp4,1900-01-01 19:11:17.000,1102
64372,761,92,3.0,129.0,170.0,234.625,D:\AprPanama2025_fixed\041225_experimental\041225PA_experimental_part04.mp4,1900-01-01 19:11:17.200,1101
64371,761,93,5.5,111.0,178.0,243.0909090909091,D:\AprPanama2025_fixed\041225_experimental\041225PA_experimental_part04.mp4,1900-01-01 19:11:17.100,1101
64371,764,129,1.5,111.0,151.0,224.2,D:\AprPanama2025_fixed\041225_experimental\041225PA_experimental_part04.mp4,1900-01-01 19:11:17.100,1104
64369,762,92,3.0,117.0,171.0,254.7142857142857,D:\AprPanama2025_fixed\041225_experimental\041225PA_experimental_part04.mp4,1900-01-01 19:11:16.900,1102
64366,762,92,5.5,133.0,173.0,214.72727272727272,D:\AprPanama2025_fixed\041225_experimental\041225PA_experimental_part04.mp4,1900-01-01 19:11:16.600,1102
64368,762,92,3.5,145.0,171.0,251.5,D:\AprPanama2025_fixed\041225_experimental\041225PA_experimental_part04.mp4,1900-01-01 19:11:16.800,1102
64368,764,129,1.5,116.0,168.0,254.4,D:\AprPanama2025_fixed\041225_experimental\041225PA_experimental_part04.mp4,1900-01-01 19:11:16.800,1104
64365,763,92,2.0,151.0,177.0,245.66666666666663,D:\AprPanama2025_fixed\041225_experimental\041225PA_experimental_part04.mp4,1900-01-01 19:11:16.500,1103
64365,766,128,2.0,127.0,164.0,249.5,D:\AprPanama2025_fixed\041225_experimental\041225PA_experimental_part04.mp4,1900-01-01 19:11:16.500,1106
64375,760,93,2.5,115.0,173.0,198.7142857142857,D:\AprPanama2025_fixed\041225_experimental\041225PA_experimental_part04.mp4,1900-01-01 19:11:17.500,1100
64374,760,93,2.5,115.0,173.0,198.7142857142857,D:\AprPanama2025_fixed\041225_experimental\041225PA_experimental_part04.mp4,1900-01-01 19:11:17.400,1100
64373,761,93,2.5,131.0,167.0,236.85714285714283,D:\AprPanama2025_fixed\041225_experimental\041225PA_experimental_part04.mp4,1900-01-01 19:11:17.300,1101
64476,1043,73,1.5,118.0,159.0,252.85714285714283,D:\AprPanama2025_fixed\041225_experimental\041225PA_experimental_part04.mp4,1900-01-01 19:11:27.600,1383
64474,1043,73,10.0,113.0,179.0,249.2941176470588,D:\AprPanama2025_fixed\041225_experimental\041225PA_experimental_part04.mp4,1900-01-01 19:11:27.400,1383
64473,1044,73,7.0,111.0,178.0,253.61538461538464,D:\AprPanama2025_fixed\041225_experimental\041225PA_experimental_part04.mp4,1900-01-01 19:11:27.300,1384
64475,1044,73,6.5,122.0,179.0,250.3333333333333,D:\AprPanama2025_fixed\041225_experimental\041225PA_experimental_part04.mp4,1900-01-01 19:11:27.500,1384
64472,1044,73,5.0,113.0,171.0,248.3636363636364,D:\AprPanama2025_fixed\041225_experimental\041225PA_experimental_part04.mp4,1900-01-01 19:11:27.200,1384
64479,1042,72,3.0,114.0,165.0,240.14285714285717,D:\AprPanama2025_fixed\041225_experimental\041225PA_experimental_part04.mp4,1900-01-01 19:11:27.900,1382
64477,1043,73,1.5,118.0,159.0,252.85714285714283,D:\AprPanama2025_fixed\041225_experimental\041225PA_experimental_part04.mp4,1900-01-01 19:11:27.700,1383
64732,799,50,41.0,111.0,179.0,247.5185185185185,D:\AprPanama2025_fixed\041225_experimental\041225PA_experimental_part04.mp4,1900-01-01 19:11:53.200,1139
64728,797,48,28.0,112.0,179.0,247.7179487179487,D:\AprPanama2025_fixed\041225_experimental\041225PA_experimental_part04.mp4,1900-01-01 19:11:52.800,1137
64729,798,49,39.0,117.0,179.0,248.1764705882353,D:\AprPanama2025_fixed\041225_experimental\041225PA_experimental_part04.mp4,1900-01-01 19:11:52.900,1138
64731,799,49,35.5,111.0,179.0,248.5208333333333,D:\AprPanama2025_fixed\041225_experimental\041225PA_experimental_part04.mp4,1900-01-01 19:11:53.100,1139
64730,798,49,44.5,111.0,179.0,244.79310344827587,D:\AprPanama2025_fixed\041225_experimental\041225PA_experimental_part04.mp4,1900-01-01 19:11:53.000,1138
64727,799,43,7.0,111.0,177.0,236.84615384615387,D:\AprPanama2025_fixed\041225_experimental\041225PA_experimental_part04.mp4,1900-01-01 19:11:52.700,1139
64736,801,50,35.0,113.0,179.0,245.3125,D:\AprPanama2025_fixed\041225_experimental\041225PA_experimental_part04.mp4,1900-01-01 19:11:53.600,1141
64739,803,51,24.5,112.0,179.0,249.5833333333333,D:\AprPanama2025_fixed\041225_experimental\041225PA_experimental_part04.mp4,1900-01-01 19:11:53.900,1143
64737,802,50,26.5,118.0,179.0,245.42105263157893,D:\AprPanama2025_fixed\041225_experimental\041225PA_experimental_part04.mp4,1900-01-01 19:11:53.700,1142
64735,801,50,34.5,114.0,179.0,244.25,D:\AprPanama2025_fixed\041225_experimental\041225PA_experimental_part04.mp4,1900-01-01 19:11:53.500,1141
64734,801,50,33.5,111.0,179.0,248.1086956521739,D:\AprPanama2025_fixed\041225_experimental\041225PA_experimental_part04.mp4,1900-01-01 19:11:53.400,1141
64740,804,50,17.5,111.0,179.0,246.39285714285717,D:\AprPanama2025_fixed\041225_experimental\041225PA_experimental_part04.mp4,1900-01-01 19:11:54.000,1144
64740,775,102,6.0,130.0,177.0,248.54545454545456,D:\AprPanama2025_fixed\041225_experimental\041225PA_experimental_part04.mp4,1900-01-01 19:11:54.000,1115
64738,803,50,23.0,118.0,179.0,250.74285714285716,D:\AprPanama2025_fixed\041225_experimental\041225PA_experimental_part04.mp4,1900-01-01 19:11:53.800,1143
64733,800,50,39.5,124.0,179.0,246.71153846153848,D:\AprPanama2025_fixed\041225_experimental\041225PA_experimental_part04.mp4,1900-01-01 19:11:53.300,1140
64744,806,50,6.5,126.0,178.0,247.75,D:\AprPanama2025_fixed\041225_experimental\041225PA_experimental_part04.mp4,1900-01-01 19:11:54.400,1146
64744,772,104,15.0,111.0,179.0,247.3478260869565,D:\AprPanama2025_fixed\041225_experimental\041225PA_experimental_part04.mp4,1900-01-01 19:11:54.400,1112
64748,807,50,3.5,126.0,177.0,235.75,D:\AprPanama2025_fixed\041225_experimental\041225PA_experimental_part04.mp4,1900-01-01 19:11:54.800,1147
64748,773,105,9.5,112.0,179.0,240.0,D:\AprPanama2025_fixed\041225_experimental\041225PA_experimental_part04.mp4,1900-01-01 19:11:54.800,1113
64743,805,50,9.5,123.0,179.0,240.3125,D:\AprPanama2025_fixed\041225_experimental\041225PA_experimental_part04.mp4,1900-01-01 19:11:54.300,1145
64743,773,104,10.5,135.0,179.0,250.05555555555557,D:\AprPanama2025_fixed\041225_experimental\041225PA_experimental_part04.mp4,1900-01-01 19:11:54.300,1113
64747,807,50,4.5,121.0,169.0,245.1,D:\AprPanama2025_fixed\041225_experimental\041225PA_experimental_part04.mp4,1900-01-01 19:11:54.700,1147
64747,773,105,11.0,124.0,179.0,238.16666666666663,D:\AprPanama2025_fixed\041225_experimental\041225PA_experimental_part04.mp4,1900-01-01 19:11:54.700,1113
64745,806,50,3.0,113.0,166.0,244.625,D:\AprPanama2025_fixed\041225_experimental\041225PA_experimental_part04.mp4,1900-01-01 19:11:54.500,1146
64745,772,104,15.0,111.0,179.0,247.3478260869565,D:\AprPanama2025_fixed\041225_experimental\041225PA_experimental_part04.mp4,1900-01-01 19:11:54.500,1112
64742,805,50,11.0,113.0,179.0,243.27777777777777,D:\AprPanama2025_fixed\041225_experimental\041225PA_experimental_part04.mp4,1900-01-01 19:11:54.200,1145
64742,773,104,9.5,117.0,179.0,250.2941176470588,D:\AprPanama2025_fixed\041225_experimental\041225PA_experimental_part04.mp4,1900-01-01 19:11:54.200,1113
64741,804,49,12.5,119.0,179.0,244.7894736842105,D:\AprPanama2025_fixed\041225_experimental\041225PA_experimental_part04.mp4,1900-01-01 19:11:54.100,1144
64741,774,103,10.0,114.0,179.0,238.75,D:\AprPanama2025_fixed\041225_experimental\041225PA_experimental_part04.mp4,1900-01-01 19:11:54.100,1114
64746,807,50,8.5,112.0,179.0,239.06666666666663,D:\AprPanama2025_fixed\041225_experimental\041225PA_experimental_part04.mp4,1900-01-01 19:11:54.600,1147
64746,773,105,13.5,115.0,179.0,248.45454545454547,D:\AprPanama2025_fixed\041225_experimental\041225PA_experimental_part04.mp4,1900-01-01 19:11:54.600,1113
64756,809,10,8.0,119.0,178.0,247.5,D:\AprPanama2025_fixed\041225_experimental\041225PA_experimental_part04.mp4,1900-01-01 19:11:55.600,1149
64756,764,32,16.0,115.0,178.0,248.16666666666663,D:\AprPanama2025_fixed\041225_experimental\041225PA_experimental_part04.mp4,1900-01-01 19:11:55.600,1104
64756,776,80,11.0,122.0,180.0,245.7222222222222,D:\AprPanama2025_fixed\041225_experimental\041225PA_experimental_part04.mp4,1900-01-01 19:11:55.600,1116
64756,773,107,2.5,115.0,158.0,255.0,D:\AprPanama2025_fixed\041225_experimental\041225PA_experimental_part04.mp4,1900-01-01 19:11:55.600,1113
64752,811,10,11.5,111.0,177.0,244.1052631578947,D:\AprPanama2025_fixed\041225_experimental\041225PA_experimental_part04.mp4,1900-01-01 19:11:55.200,1151
64752,834,79,2.5,114.0,151.0,255.0,D:\AprPanama2025_fixed\041225_experimental\041225PA_experimental_part04.mp4,1900-01-01 19:11:55.200,1174
64752,775,79,10.5,111.0,179.0,245.52941176470588,D:\AprPanama2025_fixed\041225_experimental\041225PA_experimental_part04.mp4,1900-01-01 19:11:55.200,1115
64752,774,106,7.0,121.0,176.0,235.2142857142857,D:\AprPanama2025_fixed\041225_experimental\041225PA_experimental_part04.mp4,1900-01-01 19:11:55.200,1114
64754,810,10,10.5,114.0,178.0,231.8333333333333,D:\AprPanama2025_fixed\041225_experimental\041225PA_experimental_part04.mp4,1900-01-01 19:11:55.400,1150
64754,834,80,1.5,129.0,157.0,255.0,D:\AprPanama2025_fixed\041225_experimental\041225PA_experimental_part04.mp4,1900-01-01 19:11:55.400,1174
64754,776,80,13.5,112.0,178.0,246.57142857142856,D:\AprPanama2025_fixed\041225_experimental\041225PA_experimental_part04.mp4,1900-01-01 19:11:55.400,1116
64754,774,107,6.0,112.0,182.0,247.41666666666663,D:\AprPanama2025_fixed\041225_experimental\041225PA_experimental_part04.mp4,1900-01-01 19:11:55.400,1114
64753,811,10,13.5,111.0,179.0,246.19047619047615,D:\AprPanama2025_fixed\041225_experimental\041225PA_experimental_part04.mp4,1900-01-01 19:11:55.300,1151
64753,776,79,11.5,116.0,179.0,250.52631578947367,D:\AprPanama2025_fixed\041225_experimental\041225PA_experimental_part04.mp4,1900-01-01 19:11:55.300,1116
64753,773,107,7.5,114.0,178.0,250.0,D:\AprPanama2025_fixed\041225_experimental\041225PA_experimental_part04.mp4,1900-01-01 19:11:55.300,1113
64751,811,10,9.5,111.0,179.0,243.58823529411765,D:\AprPanama2025_fixed\041225_experimental\041225PA_experimental_part04.mp4,1900-01-01 19:11:55.100,1151
64751,776,79,9.5,116.0,179.0,251.6875,D:\AprPanama2025_fixed\041225_experimental\041225PA_experimental_part04.mp4,1900-01-01 19:11:55.100,1116
64751,773,106,7.5,146.0,179.0,252.46666666666667,D:\AprPanama2025_fixed\041225_experimental\041225PA_experimental_part04.mp4,1900-01-01 19:11:55.100,1113
64749,774,106,9.0,122.0,179.0,251.4375,D:\AprPanama2025_fixed\041225_experimental\041225PA_experimental_part04.mp4,1900-01-01 19:11:54.900,1114
64755,810,10,12.5,114.0,178.0,238.75,D:\AprPanama2025_fixed\041225_experimental\041225PA_experimental_part04.mp4,1900-01-01 19:11:55.500,1150
64755,762,31,6.0,114.0,176.0,243.5833333333333,D:\AprPanama2025_fixed\041225_experimental\041225PA_experimental_part04.mp4,1900-01-01 19:11:55.500,1102
64755,776,80,10.0,121.0,178.0,250.35294117647055,D:\AprPanama2025_fixed\041225_experimental\041225PA_experimental_part04.mp4,1900-01-01 19:11:55.500,1116
64755,774,107,5.5,112.0,179.0,243.8181818181818,D:\AprPanama2025_fixed\041225_experimental\041225PA_experimental_part04.mp4,1900-01-01 19:11:55.500,1114
64750,811,10,10.5,111.0,179.0,244.8333333333333,D:\AprPanama2025_fixed\041225_experimental\041225PA_experimental_part04.mp4,1900-01-01 19:11:55.000,1151
64750,775,79,8.0,114.0,168.0,237.64285714285717,D:\AprPanama2025_fixed\041225_experimental\041225PA_experimental_part04.mp4,1900-01-01 19:11:55.000,1115
64750,774,105,8.0,117.0,179.0,253.4,D:\AprPanama2025_fixed\041225_experimental\041225PA_experimental_part04.mp4,1900-01-01 19:11:55.000,1114
64763,806,10,1.5,115.0,174.0,215.8,D:\AprPanama2025_fixed\041225_experimental\041225PA_experimental_part04.mp4,1900-01-01 19:11:56.300,1146
64763,765,34,8.0,112.0,179.0,235.92857142857144,D:\AprPanama2025_fixed\041225_experimental\041225PA_experimental_part04.mp4,1900-01-01 19:11:56.300,1105
64763,828,54,3.0,134.0,179.0,241.57142857142856,D:\AprPanama2025_fixed\041225_experimental\041225PA_experimental_part04.mp4,1900-01-01 19:11:56.300,1168
64763,779,55,10.0,111.0,178.0,240.6875,D:\AprPanama2025_fixed\041225_experimental\041225PA_experimental_part04.mp4,1900-01-01 19:11:56.300,1119
64763,775,81,3.5,113.0,179.0,236.66666666666663,D:\AprPanama2025_fixed\041225_experimental\041225PA_experimental_part04.mp4,1900-01-01 19:11:56.300,1115
64757,809,11,5.5,116.0,179.0,240.0833333333333,D:\AprPanama2025_fixed\041225_experimental\041225PA_experimental_part04.mp4,1900-01-01 19:11:55.700,1149
64757,764,33,17.5,121.0,179.0,240.5,D:\AprPanama2025_fixed\041225_experimental\041225PA_experimental_part04.mp4,1900-01-01 19:11:55.700,1104
64757,776,80,9.5,119.0,179.0,248.8125,D:\AprPanama2025_fixed\041225_experimental\041225PA_experimental_part04.mp4,1900-01-01 19:11:55.700,1116
64764,765,34,2.5,114.0,176.0,250.875,D:\AprPanama2025_fixed\041225_experimental\041225PA_experimental_part04.mp4,1900-01-01 19:11:56.400,1105
64764,827,54,3.0,122.0,168.0,248.0,D:\AprPanama2025_fixed\041225_experimental\041225PA_experimental_part04.mp4,1900-01-01 19:11:56.400,1167
64764,778,55,7.5,113.0,179.0,238.78571428571428,D:\AprPanama2025_fixed\041225_experimental\041225PA_experimental_part04.mp4,1900-01-01 19:11:56.400,1118
64764,775,81,6.0,121.0,178.0,238.41666666666663,D:\AprPanama2025_fixed\041225_experimental\041225PA_experimental_part04.mp4,1900-01-01 19:11:56.400,1115
64761,807,10,4.0,111.0,172.0,212.1111111111111,D:\AprPanama2025_fixed\041225_experimental\041225PA_experimental_part04.mp4,1900-01-01 19:11:56.100,1147
64761,764,34,10.5,121.0,179.0,241.77777777777777,D:\AprPanama2025_fixed\041225_experimental\041225PA_experimental_part04.mp4,1900-01-01 19:11:56.100,1104
64761,828,54,3.0,116.0,173.0,243.28571428571428,D:\AprPanama2025_fixed\041225_experimental\041225PA_experimental_part04.mp4,1900-01-01 19:11:56.100,1168
64761,778,55,8.0,111.0,179.0,251.6,D:\AprPanama2025_fixed\041225_experimental\041225PA_experimental_part04.mp4,1900-01-01 19:11:56.100,1118
64761,776,81,6.0,113.0,178.0,251.3333333333333,D:\AprPanama2025_fixed\041225_experimental\041225PA_experimental_part04.mp4,1900-01-01 19:11:56.100,1116
64760,764,33,12.0,116.0,179.0,239.45,D:\AprPanama2025_fixed\041225_experimental\041225PA_experimental_part04.mp4,1900-01-01 19:11:56.000,1104
64760,829,54,4.0,112.0,178.0,239.1111111111111,D:\AprPanama2025_fixed\041225_experimental\041225PA_experimental_part04.mp4,1900-01-01 19:11:56.000,1169
64760,778,55,8.0,117.0,179.0,252.26666666666665,D:\AprPanama2025_fixed\041225_experimental\041225PA_experimental_part04.mp4,1900-01-01 19:11:56.000,1118
64760,776,80,7.5,114.0,178.0,250.5,D:\AprPanama2025_fixed\041225_experimental\041225PA_experimental_part04.mp4,1900-01-01 19:11:56.000,1116
64762,806,10,2.5,122.0,164.0,228.0,D:\AprPanama2025_fixed\041225_experimental\041225PA_experimental_part04.mp4,1900-01-01 19:11:56.200,1146
64762,765,34,8.5,116.0,177.0,244.6,D:\AprPanama2025_fixed\041225_experimental\041225PA_experimental_part04.mp4,1900-01-01 19:11:56.200,1105
64762,828,54,3.0,132.0,176.0,249.42857142857144,D:\AprPanama2025_fixed\041225_experimental\041225PA_experimental_part04.mp4,1900-01-01 19:11:56.200,1168
64762,778,55,9.0,111.0,179.0,216.6,D:\AprPanama2025_fixed\041225_experimental\041225PA_experimental_part04.mp4,1900-01-01 19:11:56.200,1118
64762,776,81,3.5,113.0,178.0,247.88888888888889,D:\AprPanama2025_fixed\041225_experimental\041225PA_experimental_part04.mp4,1900-01-01 19:11:56.200,1116
64758,809,10,5.0,123.0,179.0,242.45454545454547,D:\AprPanama2025_fixed\041225_experimental\041225PA_experimental_part04.mp4,1900-01-01 19:11:55.800,1149
64758,764,33,17.0,116.0,179.0,241.84,D:\AprPanama2025_fixed\041225_experimental\041225PA_experimental_part04.mp4,1900-01-01 19:11:55.800,1104
64758,830,55,4.0,133.0,166.0,247.1111111111111,D:\AprPanama2025_fixed\041225_experimental\041225PA_experimental_part04.mp4,1900-01-01 19:11:55.800,1170
64758,777,56,6.5,112.0,179.0,253.8333333333333,D:\AprPanama2025_fixed\041225_experimental\041225PA_experimental_part04.mp4,1900-01-01 19:11:55.800,1117
64758,776,80,9.0,114.0,178.0,249.86666666666667,D:\AprPanama2025_fixed\041225_experimental\041225PA_experimental_part04.mp4,1900-01-01 19:11:55.800,1116
64759,808,10,3.5,116.0,181.0,253.875,D:\AprPanama2025_fixed\041225_experimental\041225PA_experimental_part04.mp4,1900-01-01 19:11:55.900,1148
64759,764,33,14.5,121.0,179.0,233.4782608695652,D:\AprPanama2025_fixed\041225_experimental\041225PA_experimental_part04.mp4,1900-01-01 19:11:55.900,1104
64759,829,55,6.5,111.0,171.0,247.53846153846155,D:\AprPanama2025_fixed\041225_experimental\041225PA_experimental_part04.mp4,1900-01-01 19:11:55.900,1169
64759,777,56,6.5,112.0,179.0,253.8333333333333,D:\AprPanama2025_fixed\041225_experimental\041225PA_experimental_part04.mp4,1900-01-01 19:11:55.900,1117
64759,776,80,7.0,113.0,178.0,251.23076923076923,D:\AprPanama2025_fixed\041225_experimental\041225PA_experimental_part04.mp4,1900-01-01 19:11:55.900,1116
64759,774,107,2.0,114.0,167.0,243.0,D:\AprPanama2025_fixed\041225_experimental\041225PA_experimental_part04.mp4,1900-01-01 19:11:55.900,1114
64771,779,54,2.0,116.0,159.0,251.8333333333333,D:\AprPanama2025_fixed\041225_experimental\041225PA_experimental_part04.mp4,1900-01-01 19:11:57.100,1119
64770,779,54,2.5,111.0,166.0,243.7142857142857,D:\AprPanama2025_fixed\041225_experimental\041225PA_experimental_part04.mp4,1900-01-01 19:11:57.000,1119
64768,763,35,1.5,111.0,146.0,250.3333333333333,D:\AprPanama2025_fixed\041225_experimental\041225PA_experimental_part04.mp4,1900-01-01 19:11:56.800,1103
64768,779,54,4.5,113.0,178.0,211.5,D:\AprPanama2025_fixed\041225_experimental\041225PA_experimental_part04.mp4,1900-01-01 19:11:56.800,1119
64766,764,34,3.5,119.0,187.0,253.875,D:\AprPanama2025_fixed\041225_experimental\041225PA_experimental_part04.mp4,1900-01-01 19:11:56.600,1104
64766,827,54,1.5,123.0,146.0,255.0,D:\AprPanama2025_fixed\041225_experimental\041225PA_experimental_part04.mp4,1900-01-01 19:11:56.600,1167
64766,778,54,5.5,131.0,179.0,245.0,D:\AprPanama2025_fixed\041225_experimental\041225PA_experimental_part04.mp4,1900-01-01 19:11:56.600,1118
64772,779,54,1.5,113.0,151.0,246.4,D:\AprPanama2025_fixed\041225_experimental\041225PA_experimental_part04.mp4,1900-01-01 19:11:57.200,1119
64767,763,35,1.5,134.0,177.0,243.8,D:\AprPanama2025_fixed\041225_experimental\041225PA_experimental_part04.mp4,1900-01-01 19:11:56.700,1103
64767,778,54,5.5,131.0,179.0,245.0,D:\AprPanama2025_fixed\041225_experimental\041225PA_experimental_part04.mp4,1900-01-01 19:11:56.700,1118
64769,779,54,3.5,112.0,176.0,210.88888888888889,D:\AprPanama2025_fixed\041225_experimental\041225PA_experimental_part04.mp4,1900-01-01 19:11:56.900,1119
64765,827,54,3.5,112.0,179.0,243.5,D:\AprPanama2025_fixed\041225_experimental\041225PA_experimental_part04.mp4,1900-01-01 19:11:56.500,1167
64765,779,54,4.5,116.0,176.0,244.0,D:\AprPanama2025_fixed\041225_experimental\041225PA_experimental_part04.mp4,1900-01-01 19:11:56.500,1119
64988,656,86,14.0,111.0,179.0,248.22727272727275,D:\AprPanama2025_fixed\041225_experimental\041225PA_experimental_part04.mp4,1900-01-01 19:12:18.800,996
64987,655,85,10.0,122.0,179.0,233.11764705882356,D:\AprPanama2025_fixed\041225_experimental\041225PA_experimental_part04.mp4,1900-01-01 19:12:18.700,995
64986,655,83,4.0,121.0,172.0,183.88888888888889,D:\AprPanama2025_fixed\041225_experimental\041225PA_experimental_part04.mp4,1900-01-01 19:12:18.600,995
64996,507,78,19.0,128.0,215.0,246.32142857142856,D:\AprPanama2025_fixed\041225_experimental\041225PA_experimental_part04.mp4,1900-01-01 19:12:19.600,847
64996,656,87,8.0,113.0,181.0,246.0,D:\AprPanama2025_fixed\041225_experimental\041225PA_experimental_part04.mp4,1900-01-01 19:12:19.600,996
64996,667,109,7.5,119.0,176.0,246.57142857142856,D:\AprPanama2025_fixed\041225_experimental\041225PA_experimental_part04.mp4,1900-01-01 19:12:19.600,1007
64996,830,121,6.0,119.0,165.0,245.8333333333333,D:\AprPanama2025_fixed\041225_experimental\041225PA_experimental_part04.mp4,1900-01-01 19:12:19.600,1170
64996,773,121,10.0,119.0,179.0,246.76470588235293,D:\AprPanama2025_fixed\041225_experimental\041225PA_experimental_part04.mp4,1900-01-01 19:12:19.600,1113
64996,789,136,8.0,122.0,178.0,249.92857142857144,D:\AprPanama2025_fixed\041225_experimental\041225PA_experimental_part04.mp4,1900-01-01 19:12:19.600,1129
64994,507,77,23.0,113.0,248.0,245.75757575757572,D:\AprPanama2025_fixed\041225_experimental\041225PA_experimental_part04.mp4,1900-01-01 19:12:19.400,847
64994,656,87,9.5,113.0,179.0,244.625,D:\AprPanama2025_fixed\041225_experimental\041225PA_experimental_part04.mp4,1900-01-01 19:12:19.400,996
64994,829,121,8.0,117.0,175.0,243.5,D:\AprPanama2025_fixed\041225_experimental\041225PA_experimental_part04.mp4,1900-01-01 19:12:19.400,1169
64994,774,121,11.0,111.0,179.0,250.6111111111111,D:\AprPanama2025_fixed\041225_experimental\041225PA_experimental_part04.mp4,1900-01-01 19:12:19.400,1114
64994,790,135,10.5,116.0,179.0,241.05882352941177,D:\AprPanama2025_fixed\041225_experimental\041225PA_experimental_part04.mp4,1900-01-01 19:12:19.400,1130
64993,507,75,22.0,135.0,250.0,246.06451612903223,D:\AprPanama2025_fixed\041225_experimental\041225PA_experimental_part04.mp4,1900-01-01 19:12:19.300,847
64993,656,87,12.0,111.0,178.0,250.57894736842104,D:\AprPanama2025_fixed\041225_experimental\041225PA_experimental_part04.mp4,1900-01-01 19:12:19.300,996
64993,830,120,5.5,125.0,179.0,241.63636363636363,D:\AprPanama2025_fixed\041225_experimental\041225PA_experimental_part04.mp4,1900-01-01 19:12:19.300,1170
64993,773,121,10.0,116.0,179.0,246.41176470588235,D:\AprPanama2025_fixed\041225_experimental\041225PA_experimental_part04.mp4,1900-01-01 19:12:19.300,1113
64993,790,135,9.0,127.0,179.0,233.53333333333333,D:\AprPanama2025_fixed\041225_experimental\041225PA_experimental_part04.mp4,1900-01-01 19:12:19.300,1130
64995,507,77,21.0,112.0,241.0,244.8,D:\AprPanama2025_fixed\041225_experimental\041225PA_experimental_part04.mp4,1900-01-01 19:12:19.500,847
64995,656,87,9.0,114.0,179.0,250.4,D:\AprPanama2025_fixed\041225_experimental\041225PA_experimental_part04.mp4,1900-01-01 19:12:19.500,996
64995,830,121,8.0,118.0,174.0,245.42857142857144,D:\AprPanama2025_fixed\041225_experimental\041225PA_experimental_part04.mp4,1900-01-01 19:12:19.500,1170
64995,774,121,11.0,111.0,179.0,248.94444444444443,D:\AprPanama2025_fixed\041225_experimental\041225PA_experimental_part04.mp4,1900-01-01 19:12:19.500,1114
64995,790,136,10.5,118.0,177.0,246.05555555555557,D:\AprPanama2025_fixed\041225_experimental\041225PA_experimental_part04.mp4,1900-01-01 19:12:19.500,1130
64991,507,70,14.5,119.0,182.0,244.7391304347826,D:\AprPanama2025_fixed\041225_experimental\041225PA_experimental_part04.mp4,1900-01-01 19:12:19.100,847
64991,656,87,15.5,112.0,179.0,246.0434782608696,D:\AprPanama2025_fixed\041225_experimental\041225PA_experimental_part04.mp4,1900-01-01 19:12:19.100,996
64992,507,74,21.5,124.0,251.0,251.61290322580643,D:\AprPanama2025_fixed\041225_experimental\041225PA_experimental_part04.mp4,1900-01-01 19:12:19.200,847
64992,656,87,12.0,111.0,178.0,250.57894736842104,D:\AprPanama2025_fixed\041225_experimental\041225PA_experimental_part04.mp4,1900-01-01 19:12:19.200,996
64992,773,120,8.5,125.0,179.0,253.33333333333331,D:\AprPanama2025_fixed\041225_experimental\041225PA_experimental_part04.mp4,1900-01-01 19:12:19.200,1113
64992,790,134,2.0,138.0,173.0,248.66666666666663,D:\AprPanama2025_fixed\041225_experimental\041225PA_experimental_part04.mp4,1900-01-01 19:12:19.200,1130
64989,656,86,14.0,111.0,179.0,248.22727272727275,D:\AprPanama2025_fixed\041225_experimental\041225PA_experimental_part04.mp4,1900-01-01 19:12:18.900,996
64990,506,65,4.5,113.0,174.0,203.0,D:\AprPanama2025_fixed\041225_experimental\041225PA_experimental_part04.mp4,1900-01-01 19:12:19.000,846
64990,656,87,16.5,112.0,179.0,241.2,D:\AprPanama2025_fixed\041225_experimental\041225PA_experimental_part04.mp4,1900-01-01 19:12:19.000,996
65000,507,82,22.0,112.0,209.0,244.5,D:\AprPanama2025_fixed\041225_experimental\041225PA_experimental_part04.mp4,1900-01-01 19:12:20.000,847
65000,656,87,4.5,118.0,171.0,237.0,D:\AprPanama2025_fixed\041225_experimental\041225PA_experimental_part04.mp4,1900-01-01 19:12:20.000,996
65000,667,109,7.5,116.0,179.0,250.78571428571428,D:\AprPanama2025_fixed\041225_experimental\041225PA_experimental_part04.mp4,1900-01-01 19:12:20.000,1007
65000,830,122,5.5,116.0,178.0,242.0,D:\AprPanama2025_fixed\041225_experimental\041225PA_experimental_part04.mp4,1900-01-01 19:12:20.000,1170
65000,774,123,9.0,120.0,179.0,236.2,D:\AprPanama2025_fixed\041225_experimental\041225PA_experimental_part04.mp4,1900-01-01 19:12:20.000,1114
65000,789,137,3.5,125.0,178.0,233.75,D:\AprPanama2025_fixed\041225_experimental\041225PA_experimental_part04.mp4,1900-01-01 19:12:20.000,1129
65002,508,83,18.0,116.0,242.0,236.74074074074076,D:\AprPanama2025_fixed\041225_experimental\041225PA_experimental_part04.mp4,1900-01-01 19:12:20.200,848
65002,656,87,4.0,123.0,166.0,232.77777777777777,D:\AprPanama2025_fixed\041225_experimental\041225PA_experimental_part04.mp4,1900-01-01 19:12:20.200,996
65002,252,90,2.5,129.0,169.0,215.0,D:\AprPanama2025_fixed\041225_experimental\041225PA_experimental_part04.mp4,1900-01-01 19:12:20.200,592
65002,820,94,2.5,117.0,167.0,247.85714285714283,D:\AprPanama2025_fixed\041225_experimental\041225PA_experimental_part04.mp4,1900-01-01 19:12:20.200,1160
65002,779,95,7.0,111.0,178.0,250.84615384615387,D:\AprPanama2025_fixed\041225_experimental\041225PA_experimental_part04.mp4,1900-01-01 19:12:20.200,1119
65002,7,104,2.0,113.0,163.0,131.83333333333331,D:\AprPanama2025_fixed\041225_experimental\041225PA_experimental_part04.mp4,1900-01-01 19:12:20.200,347
65002,667,109,4.0,133.0,168.0,236.2222222222222,D:\AprPanama2025_fixed\041225_experimental\041225PA_experimental_part04.mp4,1900-01-01 19:12:20.200,1007
65002,830,123,7.5,111.0,174.0,245.3846153846154,D:\AprPanama2025_fixed\041225_experimental\041225PA_experimental_part04.mp4,1900-01-01 19:12:20.200,1170
65002,774,123,10.0,112.0,174.0,240.0625,D:\AprPanama2025_fixed\041225_experimental\041225PA_experimental_part04.mp4,1900-01-01 19:12:20.200,1114
65002,789,138,2.5,112.0,161.0,230.14285714285717,D:\AprPanama2025_fixed\041225_experimental\041225PA_experimental_part04.mp4,1900-01-01 19:12:20.200,1129
64997,507,79,22.5,111.0,219.0,244.90625,D:\AprPanama2025_fixed\041225_experimental\041225PA_experimental_part04.mp4,1900-01-01 19:12:19.700,847
64997,656,87,6.0,114.0,182.0,249.0909090909091,D:\AprPanama2025_fixed\041225_experimental\041225PA_experimental_part04.mp4,1900-01-01 19:12:19.700,996
64997,667,109,6.0,117.0,176.0,246.3333333333333,D:\AprPanama2025_fixed\041225_experimental\041225PA_experimental_part04.mp4,1900-01-01 19:12:19.700,1007
64997,830,122,7.5,139.0,178.0,253.0769230769231,D:\AprPanama2025_fixed\041225_experimental\041225PA_experimental_part04.mp4,1900-01-01 19:12:19.700,1170
64997,773,122,10.5,136.0,179.0,249.1764705882353,D:\AprPanama2025_fixed\041225_experimental\041225PA_experimental_part04.mp4,1900-01-01 19:12:19.700,1113
64997,790,136,2.0,132.0,174.0,242.57142857142856,D:\AprPanama2025_fixed\041225_experimental\041225PA_experimental_part04.mp4,1900-01-01 19:12:19.700,1130
65001,508,82,23.0,117.0,198.0,247.03030303030303,D:\AprPanama2025_fixed\041225_experimental\041225PA_experimental_part04.mp4,1900-01-01 19:12:20.100,848
65001,656,88,4.5,113.0,170.0,245.9,D:\AprPanama2025_fixed\041225_experimental\041225PA_experimental_part04.mp4,1900-01-01 19:12:20.100,996
65001,778,94,5.5,128.0,176.0,244.3636363636364,D:\AprPanama2025_fixed\041225_experimental\041225PA_experimental_part04.mp4,1900-01-01 19:12:20.100,1118
65001,668,109,6.5,113.0,175.0,242.30769230769232,D:\AprPanama2025_fixed\041225_experimental\041225PA_experimental_part04.mp4,1900-01-01 19:12:20.100,1008
65001,830,123,8.0,114.0,178.0,241.7142857142857,D:\AprPanama2025_fixed\041225_experimental\041225PA_experimental_part04.mp4,1900-01-01 19:12:20.100,1170
65001,774,123,9.0,121.0,179.0,234.26666666666665,D:\AprPanama2025_fixed\041225_experimental\041225PA_experimental_part04.mp4,1900-01-01 19:12:20.100,1114
65001,789,137,3.5,129.0,165.0,253.125,D:\AprPanama2025_fixed\041225_experimental\041225PA_experimental_part04.mp4,1900-01-01 19:12:20.100,1129
64998,507,80,22.0,112.0,237.0,238.9375,D:\AprPanama2025_fixed\041225_experimental\041225PA_experimental_part04.mp4,1900-01-01 19:12:19.800,847
64998,656,87,5.5,111.0,179.0,243.63636363636363,D:\AprPanama2025_fixed\041225_experimental\041225PA_experimental_part04.mp4,1900-01-01 19:12:19.800,996
64998,667,109,8.0,115.0,173.0,247.57142857142856,D:\AprPanama2025_fixed\041225_experimental\041225PA_experimental_part04.mp4,1900-01-01 19:12:19.800,1007
64998,830,122,6.5,117.0,179.0,250.0,D:\AprPanama2025_fixed\041225_experimental\041225PA_experimental_part04.mp4,1900-01-01 19:12:19.800,1170
64998,774,123,10.0,132.0,179.0,253.23529411764704,D:\AprPanama2025_fixed\041225_experimental\041225PA_experimental_part04.mp4,1900-01-01 19:12:19.800,1114
64998,789,136,6.5,114.0,176.0,251.46153846153848,D:\AprPanama2025_fixed\041225_experimental\041225PA_experimental_part04.mp4,1900-01-01 19:12:19.800,1129
65003,508,84,25.0,113.0,218.0,246.94285714285712,D:\AprPanama2025_fixed\041225_experimental\041225PA_experimental_part04.mp4,1900-01-01 19:12:20.300,848
65003,252,90,4.5,127.0,179.0,242.2222222222222,D:\AprPanama2025_fixed\041225_experimental\041225PA_experimental_part04.mp4,1900-01-01 19:12:20.300,592
65003,820,94,2.5,142.0,174.0,212.7142857142857,D:\AprPanama2025_fixed\041225_experimental\041225PA_experimental_part04.mp4,1900-01-01 19:12:20.300,1160
65003,780,95,9.5,113.0,178.0,252.55555555555557,D:\AprPanama2025_fixed\041225_experimental\041225PA_experimental_part04.mp4,1900-01-01 19:12:20.300,1120
65003,6,104,6.5,118.0,173.0,217.92857142857144,D:\AprPanama2025_fixed\041225_experimental\041225PA_experimental_part04.mp4,1900-01-01 19:12:20.300,346
65003,668,109,5.5,113.0,175.0,232.0909090909091,D:\AprPanama2025_fixed\041225_experimental\041225PA_experimental_part04.mp4,1900-01-01 19:12:20.300,1008
65003,829,123,7.5,119.0,175.0,242.7142857142857,D:\AprPanama2025_fixed\041225_experimental\041225PA_experimental_part04.mp4,1900-01-01 19:12:20.300,1169
65003,774,124,8.0,117.0,179.0,250.5,D:\AprPanama2025_fixed\041225_experimental\041225PA_experimental_part04.mp4,1900-01-01 19:12:20.300,1114
65003,789,138,3.0,112.0,169.0,243.625,D:\AprPanama2025_fixed\041225_experimental\041225PA_experimental_part04.mp4,1900-01-01 19:12:20.300,1129
64999,507,80,20.0,111.0,213.0,247.7,D:\AprPanama2025_fixed\041225_experimental\041225PA_experimental_part04.mp4,1900-01-01 19:12:19.900,847
64999,656,87,5.5,111.0,179.0,243.63636363636363,D:\AprPanama2025_fixed\041225_experimental\041225PA_experimental_part04.mp4,1900-01-01 19:12:19.900,996
64999,667,109,8.0,111.0,173.0,248.07142857142856,D:\AprPanama2025_fixed\041225_experimental\041225PA_experimental_part04.mp4,1900-01-01 19:12:19.900,1007
64999,830,122,5.0,124.0,178.0,251.7,D:\AprPanama2025_fixed\041225_experimental\041225PA_experimental_part04.mp4,1900-01-01 19:12:19.900,1170
64999,774,123,7.5,114.0,173.0,249.7692307692308,D:\AprPanama2025_fixed\041225_experimental\041225PA_experimental_part04.mp4,1900-01-01 19:12:19.900,1114
64999,789,137,9.0,121.0,179.0,233.4375,D:\AprPanama2025_fixed\041225_experimental\041225PA_experimental_part04.mp4,1900-01-01 19:12:19.900,1129
65009,657,54,10.0,118.0,187.0,249.0,D:\AprPanama2025_fixed\041225_experimental\041225PA_experimental_part04.mp4,1900-01-01 19:12:20.900,997
65009,656,88,2.0,112.0,179.0,240.0,D:\AprPanama2025_fixed\041225_experimental\041225PA_experimental_part04.mp4,1900-01-01 19:12:20.900,996
65009,508,89,17.5,122.0,179.0,246.15384615384616,D:\AprPanama2025_fixed\041225_experimental\041225PA_experimental_part04.mp4,1900-01-01 19:12:20.900,848
65009,253,95,5.0,116.0,169.0,228.9,D:\AprPanama2025_fixed\041225_experimental\041225PA_experimental_part04.mp4,1900-01-01 19:12:20.900,593
65009,779,96,5.0,114.0,179.0,251.35714285714283,D:\AprPanama2025_fixed\041225_experimental\041225PA_experimental_part04.mp4,1900-01-01 19:12:20.900,1119
65009,5,109,2.5,114.0,169.0,152.28571428571428,D:\AprPanama2025_fixed\041225_experimental\041225PA_experimental_part04.mp4,1900-01-01 19:12:20.900,345
65009,829,125,3.0,112.0,168.0,237.0,D:\AprPanama2025_fixed\041225_experimental\041225PA_experimental_part04.mp4,1900-01-01 19:12:20.900,1169
65006,657,54,6.5,113.0,179.0,245.0833333333333,D:\AprPanama2025_fixed\041225_experimental\041225PA_experimental_part04.mp4,1900-01-01 19:12:20.600,997
65006,656,88,2.0,116.0,178.0,232.66666666666663,D:\AprPanama2025_fixed\041225_experimental\041225PA_experimental_part04.mp4,1900-01-01 19:12:20.600,996
65006,508,87,19.5,112.0,179.0,248.3793103448276,D:\AprPanama2025_fixed\041225_experimental\041225PA_experimental_part04.mp4,1900-01-01 19:12:20.600,848
65006,252,93,6.5,116.0,169.0,241.15384615384616,D:\AprPanama2025_fixed\041225_experimental\041225PA_experimental_part04.mp4,1900-01-01 19:12:20.600,592
65006,780,94,12.0,125.0,179.0,247.7619047619048,D:\AprPanama2025_fixed\041225_experimental\041225PA_experimental_part04.mp4,1900-01-01 19:12:20.600,1120
65006,4,107,7.0,131.0,173.0,202.33333333333331,D:\AprPanama2025_fixed\041225_experimental\041225PA_experimental_part04.mp4,1900-01-01 19:12:20.600,344
65006,668,109,1.5,144.0,170.0,253.4,D:\AprPanama2025_fixed\041225_experimental\041225PA_experimental_part04.mp4,1900-01-01 19:12:20.600,1008
65006,829,124,4.0,121.0,175.0,248.44444444444443,D:\AprPanama2025_fixed\041225_experimental\041225PA_experimental_part04.mp4,1900-01-01 19:12:20.600,1169
65006,774,124,3.0,159.0,172.0,254.7142857142857,D:\AprPanama2025_fixed\041225_experimental\041225PA_experimental_part04.mp4,1900-01-01 19:12:20.600,1114
65008,657,54,10.0,111.0,179.0,249.23529411764704,D:\AprPanama2025_fixed\041225_experimental\041225PA_experimental_part04.mp4,1900-01-01 19:12:20.800,997
65008,656,88,2.0,113.0,176.0,246.8333333333333,D:\AprPanama2025_fixed\041225_experimental\041225PA_experimental_part04.mp4,1900-01-01 19:12:20.800,996
65008,508,88,21.5,117.0,179.0,245.80645161290323,D:\AprPanama2025_fixed\041225_experimental\041225PA_experimental_part04.mp4,1900-01-01 19:12:20.800,848
65008,252,94,3.5,112.0,173.0,249.75,D:\AprPanama2025_fixed\041225_experimental\041225PA_experimental_part04.mp4,1900-01-01 19:12:20.800,592
65008,780,95,13.0,118.0,179.0,247.8636363636364,D:\AprPanama2025_fixed\041225_experimental\041225PA_experimental_part04.mp4,1900-01-01 19:12:20.800,1120
65008,668,108,2.0,116.0,184.0,223.16666666666663,D:\AprPanama2025_fixed\041225_experimental\041225PA_experimental_part04.mp4,1900-01-01 19:12:20.800,1008
65008,829,124,4.0,111.0,175.0,234.1111111111111,D:\AprPanama2025_fixed\041225_experimental\041225PA_experimental_part04.mp4,1900-01-01 19:12:20.800,1169
65004,508,85,20.0,116.0,241.0,231.06666666666663,D:\AprPanama2025_fixed\041225_experimental\041225PA_experimental_part04.mp4,1900-01-01 19:12:20.400,848
65004,656,88,3.5,120.0,172.0,243.125,D:\AprPanama2025_fixed\041225_experimental\041225PA_experimental_part04.mp4,1900-01-01 19:12:20.400,996
65004,252,92,7.5,114.0,171.0,228.5,D:\AprPanama2025_fixed\041225_experimental\041225PA_experimental_part04.mp4,1900-01-01 19:12:20.400,592
65004,820,94,3.0,118.0,176.0,224.625,D:\AprPanama2025_fixed\041225_experimental\041225PA_experimental_part04.mp4,1900-01-01 19:12:20.400,1160
65004,780,95,10.5,112.0,177.0,249.9,D:\AprPanama2025_fixed\041225_experimental\041225PA_experimental_part04.mp4,1900-01-01 19:12:20.400,1120
65004,5,106,5.0,117.0,169.0,239.3846153846154,D:\AprPanama2025_fixed\041225_experimental\041225PA_experimental_part04.mp4,1900-01-01 19:12:20.400,345
65004,668,109,5.0,112.0,175.0,230.0,D:\AprPanama2025_fixed\041225_experimental\041225PA_experimental_part04.mp4,1900-01-01 19:12:20.400,1008
65004,829,123,6.0,134.0,179.0,248.66666666666663,D:\AprPanama2025_fixed\041225_experimental\041225PA_experimental_part04.mp4,1900-01-01 19:12:20.400,1169
65004,774,124,5.0,117.0,174.0,222.3,D:\AprPanama2025_fixed\041225_experimental\041225PA_experimental_part04.mp4,1900-01-01 19:12:20.400,1114
65004,789,138,4.0,121.0,177.0,229.2222222222222,D:\AprPanama2025_fixed\041225_experimental\041225PA_experimental_part04.mp4,1900-01-01 19:12:20.400,1129
65007,657,54,8.5,121.0,179.0,241.86666666666667,D:\AprPanama2025_fixed\041225_experimental\041225PA_experimental_part04.mp4,1900-01-01 19:12:20.700,997
65007,657,88,2.0,117.0,177.0,236.0,D:\AprPanama2025_fixed\041225_experimental\041225PA_experimental_part04.mp4,1900-01-01 19:12:20.700,997
65007,508,87,18.5,134.0,179.0,243.3333333333333,D:\AprPanama2025_fixed\041225_experimental\041225PA_experimental_part04.mp4,1900-01-01 19:12:20.700,848
65007,252,94,7.0,116.0,173.0,214.3846153846154,D:\AprPanama2025_fixed\041225_experimental\041225PA_experimental_part04.mp4,1900-01-01 19:12:20.700,592
65007,781,94,11.5,118.0,178.0,247.9523809523809,D:\AprPanama2025_fixed\041225_experimental\041225PA_experimental_part04.mp4,1900-01-01 19:12:20.700,1121
65007,5,108,5.0,125.0,175.0,195.6153846153846,D:\AprPanama2025_fixed\041225_experimental\041225PA_experimental_part04.mp4,1900-01-01 19:12:20.700,345
65007,829,124,5.5,113.0,176.0,250.63636363636363,D:\AprPanama2025_fixed\041225_experimental\041225PA_experimental_part04.mp4,1900-01-01 19:12:20.700,1169
65007,774,124,4.0,114.0,173.0,248.25,D:\AprPanama2025_fixed\041225_experimental\041225PA_experimental_part04.mp4,1900-01-01 19:12:20.700,1114
65010,657,54,9.5,138.0,179.0,242.375,D:\AprPanama2025_fixed\041225_experimental\041225PA_experimental_part04.mp4,1900-01-01 19:12:21.000,997
65010,775,74,5.5,128.0,179.0,240.27272727272728,D:\AprPanama2025_fixed\041225_experimental\041225PA_experimental_part04.mp4,1900-01-01 19:12:21.000,1115
65010,656,88,3.0,113.0,178.0,233.0,D:\AprPanama2025_fixed\041225_experimental\041225PA_experimental_part04.mp4,1900-01-01 19:12:21.000,996
65010,508,90,18.5,121.0,179.0,246.59259259259255,D:\AprPanama2025_fixed\041225_experimental\041225PA_experimental_part04.mp4,1900-01-01 19:12:21.000,848
65010,780,96,2.5,117.0,179.0,252.0,D:\AprPanama2025_fixed\041225_experimental\041225PA_experimental_part04.mp4,1900-01-01 19:12:21.000,1120
65010,253,96,5.5,113.0,179.0,229.9090909090909,D:\AprPanama2025_fixed\041225_experimental\041225PA_experimental_part04.mp4,1900-01-01 19:12:21.000,593
65010,4,110,1.5,120.0,148.0,82.83333333333333,D:\AprPanama2025_fixed\041225_experimental\041225PA_experimental_part04.mp4,1900-01-01 19:12:21.000,344
65010,829,125,2.0,122.0,173.0,254.8333333333333,D:\AprPanama2025_fixed\041225_experimental\041225PA_experimental_part04.mp4,1900-01-01 19:12:21.000,1169
65005,656,88,3.5,130.0,176.0,246.0,D:\AprPanama2025_fixed\041225_experimental\041225PA_experimental_part04.mp4,1900-01-01 19:12:20.500,996
65005,508,86,21.5,113.0,179.0,246.2258064516129,D:\AprPanama2025_fixed\041225_experimental\041225PA_experimental_part04.mp4,1900-01-01 19:12:20.500,848
65005,252,92,6.5,127.0,178.0,225.16666666666663,D:\AprPanama2025_fixed\041225_experimental\041225PA_experimental_part04.mp4,1900-01-01 19:12:20.500,592
65005,780,94,16.0,112.0,179.0,248.96153846153848,D:\AprPanama2025_fixed\041225_experimental\041225PA_experimental_part04.mp4,1900-01-01 19:12:20.500,1120
65005,4,106,7.5,117.0,179.0,237.3125,D:\AprPanama2025_fixed\041225_experimental\041225PA_experimental_part04.mp4,1900-01-01 19:12:20.500,344
65005,668,109,2.5,111.0,176.0,240.28571428571428,D:\AprPanama2025_fixed\041225_experimental\041225PA_experimental_part04.mp4,1900-01-01 19:12:20.500,1008
65005,829,123,6.0,140.0,176.0,221.0,D:\AprPanama2025_fixed\041225_experimental\041225PA_experimental_part04.mp4,1900-01-01 19:12:20.500,1169
65005,774,124,4.5,130.0,179.0,253.88888888888889,D:\AprPanama2025_fixed\041225_experimental\041225PA_experimental_part04.mp4,1900-01-01 19:12:20.500,1114
65005,789,138,4.0,120.0,179.0,245.0,D:\AprPanama2025_fixed\041225_experimental\041225PA_experimental_part04.mp4,1900-01-01 19:12:20.500,1129
65017,657,54,4.0,114.0,177.0,233.2222222222222,D:\AprPanama2025_fixed\041225_experimental\041225PA_experimental_part04.mp4,1900-01-01 19:12:21.700,997
65017,775,75,2.0,111.0,150.0,183.66666666666663,D:\AprPanama2025_fixed\041225_experimental\041225PA_experimental_part04.mp4,1900-01-01 19:12:21.700,1115
65017,508,96,11.5,113.0,179.0,249.3684210526316,D:\AprPanama2025_fixed\041225_experimental\041225PA_experimental_part04.mp4,1900-01-01 19:12:21.700,848
65017,252,101,3.5,120.0,177.0,229.25,D:\AprPanama2025_fixed\041225_experimental\041225PA_experimental_part04.mp4,1900-01-01 19:12:21.700,592
65015,656,54,5.5,123.0,188.0,240.0,D:\AprPanama2025_fixed\041225_experimental\041225PA_experimental_part04.mp4,1900-01-01 19:12:21.500,996
65015,775,74,4.0,114.0,175.0,223.1111111111111,D:\AprPanama2025_fixed\041225_experimental\041225PA_experimental_part04.mp4,1900-01-01 19:12:21.500,1115
65015,508,94,14.0,114.0,179.0,245.9090909090909,D:\AprPanama2025_fixed\041225_experimental\041225PA_experimental_part04.mp4,1900-01-01 19:12:21.500,848
65015,779,98,2.5,119.0,161.0,252.57142857142856,D:\AprPanama2025_fixed\041225_experimental\041225PA_experimental_part04.mp4,1900-01-01 19:12:21.500,1119
65015,253,99,1.5,113.0,139.0,220.8,D:\AprPanama2025_fixed\041225_experimental\041225PA_experimental_part04.mp4,1900-01-01 19:12:21.500,593
65014,656,54,5.5,120.0,183.0,236.0909090909091,D:\AprPanama2025_fixed\041225_experimental\041225PA_experimental_part04.mp4,1900-01-01 19:12:21.400,996
65014,775,74,3.5,114.0,171.0,187.3333333333333,D:\AprPanama2025_fixed\041225_experimental\041225PA_experimental_part04.mp4,1900-01-01 19:12:21.400,1115
65014,508,93,16.5,116.0,179.0,246.68,D:\AprPanama2025_fixed\041225_experimental\041225PA_experimental_part04.mp4,1900-01-01 19:12:21.400,848
65011,657,54,8.5,119.0,179.0,241.6,D:\AprPanama2025_fixed\041225_experimental\041225PA_experimental_part04.mp4,1900-01-01 19:12:21.100,997
65011,775,74,5.5,127.0,178.0,243.0909090909091,D:\AprPanama2025_fixed\041225_experimental\041225PA_experimental_part04.mp4,1900-01-01 19:12:21.100,1115
65011,656,88,2.0,113.0,177.0,227.16666666666663,D:\AprPanama2025_fixed\041225_experimental\041225PA_experimental_part04.mp4,1900-01-01 19:12:21.100,996
65011,508,91,16.5,115.0,179.0,246.96,D:\AprPanama2025_fixed\041225_experimental\041225PA_experimental_part04.mp4,1900-01-01 19:12:21.100,848
65011,780,96,2.5,129.0,165.0,251.5,D:\AprPanama2025_fixed\041225_experimental\041225PA_experimental_part04.mp4,1900-01-01 19:12:21.100,1120
65011,252,97,3.5,123.0,178.0,229.25,D:\AprPanama2025_fixed\041225_experimental\041225PA_experimental_part04.mp4,1900-01-01 19:12:21.100,592
65011,828,125,2.0,120.0,154.0,253.5,D:\AprPanama2025_fixed\041225_experimental\041225PA_experimental_part04.mp4,1900-01-01 19:12:21.100,1168
65016,657,54,4.0,115.0,175.0,239.77777777777777,D:\AprPanama2025_fixed\041225_experimental\041225PA_experimental_part04.mp4,1900-01-01 19:12:21.600,997
65016,775,74,4.0,114.0,179.0,215.1111111111111,D:\AprPanama2025_fixed\041225_experimental\041225PA_experimental_part04.mp4,1900-01-01 19:12:21.600,1115
65016,508,95,15.5,111.0,178.0,245.41666666666663,D:\AprPanama2025_fixed\041225_experimental\041225PA_experimental_part04.mp4,1900-01-01 19:12:21.600,848
65016,779,98,2.0,118.0,150.0,243.8333333333333,D:\AprPanama2025_fixed\041225_experimental\041225PA_experimental_part04.mp4,1900-01-01 19:12:21.600,1119
65018,656,55,1.5,114.0,175.0,232.0,D:\AprPanama2025_fixed\041225_experimental\041225PA_experimental_part04.mp4,1900-01-01 19:12:21.800,996
65018,775,75,2.0,122.0,161.0,235.16666666666663,D:\AprPanama2025_fixed\041225_experimental\041225PA_experimental_part04.mp4,1900-01-01 19:12:21.800,1115
65018,508,97,12.5,130.0,179.0,242.1,D:\AprPanama2025_fixed\041225_experimental\041225PA_experimental_part04.mp4,1900-01-01 19:12:21.800,848
65012,657,54,7.5,122.0,179.0,247.92857142857144,D:\AprPanama2025_fixed\041225_experimental\041225PA_experimental_part04.mp4,1900-01-01 19:12:21.200,997
65012,775,74,2.5,118.0,169.0,221.42857142857144,D:\AprPanama2025_fixed\041225_experimental\041225PA_experimental_part04.mp4,1900-01-01 19:12:21.200,1115
65012,508,91,18.0,112.0,179.0,246.11538461538464,D:\AprPanama2025_fixed\041225_experimental\041225PA_experimental_part04.mp4,1900-01-01 19:12:21.200,848
65012,253,97,3.0,117.0,157.0,206.625,D:\AprPanama2025_fixed\041225_experimental\041225PA_experimental_part04.mp4,1900-01-01 19:12:21.200,593
65013,657,54,8.0,114.0,179.0,246.14285714285717,D:\AprPanama2025_fixed\041225_experimental\041225PA_experimental_part04.mp4,1900-01-01 19:12:21.300,997
65013,775,74,2.5,118.0,169.0,221.42857142857144,D:\AprPanama2025_fixed\041225_experimental\041225PA_experimental_part04.mp4,1900-01-01 19:12:21.300,1115
65013,508,93,18.0,120.0,179.0,246.1851851851852,D:\AprPanama2025_fixed\041225_experimental\041225PA_experimental_part04.mp4,1900-01-01 19:12:21.300,848
65013,779,97,5.5,115.0,168.0,244.45454545454547,D:\AprPanama2025_fixed\041225_experimental\041225PA_experimental_part04.mp4,1900-01-01 19:12:21.300,1119
65013,252,98,6.5,113.0,179.0,218.41666666666663,D:\AprPanama2025_fixed\041225_experimental\041225PA_experimental_part04.mp4,1900-01-01 19:12:21.300,592
65013,828,126,1.5,141.0,162.0,253.2,D:\AprPanama2025_fixed\041225_experimental\041225PA_experimental_part04.mp4,1900-01-01 19:12:21.300,1168
65020,508,99,9.0,113.0,176.0,244.64705882352945,D:\AprPanama2025_fixed\041225_experimental\041225PA_experimental_part04.mp4,1900-01-01 19:12:22.000,848
65020,252,103,1.5,132.0,178.0,240.4,D:\AprPanama2025_fixed\041225_experimental\041225PA_experimental_part04.mp4,1900-01-01 19:12:22.000,592
65023,655,54,1.5,128.0,163.0,174.0,D:\AprPanama2025_fixed\041225_experimental\041225PA_experimental_part04.mp4,1900-01-01 19:12:22.300,995
65023,507,101,2.0,137.0,160.0,246.8333333333333,D:\AprPanama2025_fixed\041225_experimental\041225PA_experimental_part04.mp4,1900-01-01 19:12:22.300,847
65022,508,101,5.0,114.0,166.0,222.91666666666663,D:\AprPanama2025_fixed\041225_experimental\041225PA_experimental_part04.mp4,1900-01-01 19:12:22.200,848
65021,508,99,7.0,112.0,178.0,239.15384615384616,D:\AprPanama2025_fixed\041225_experimental\041225PA_experimental_part04.mp4,1900-01-01 19:12:22.100,848
65019,656,55,1.5,111.0,177.0,233.6,D:\AprPanama2025_fixed\041225_experimental\041225PA_experimental_part04.mp4,1900-01-01 19:12:21.900,996
65019,508,98,8.0,112.0,175.0,247.28571428571428,D:\AprPanama2025_fixed\041225_experimental\041225PA_experimental_part04.mp4,1900-01-01 19:12:21.900,848
65019,252,102,1.5,150.0,171.0,192.2,D:\AprPanama2025_fixed\041225_experimental\041225PA_experimental_part04.mp4,1900-01-01 19:12:21.900,592
65025,655,54,1.5,111.0,167.0,168.60000000000002,D:\AprPanama2025_fixed\041225_experimental\041225PA_experimental_part04.mp4,1900-01-01 19:12:22.500,995
65025,506,103,2.5,112.0,163.0,238.0,D:\AprPanama2025_fixed\041225_experimental\041225PA_experimental_part04.mp4,1900-01-01 19:12:22.500,846
65030,522,58,2.0,128.0,178.0,251.5,D:\AprPanama2025_fixed\041225_experimental\041225PA_experimental_part04.mp4,1900-01-01 19:12:23.000,862
65029,522,58,3.0,119.0,176.0,245.42857142857144,D:\AprPanama2025_fixed\041225_experimental\041225PA_experimental_part04.mp4,1900-01-01 19:12:22.900,862
65028,522,58,3.0,135.0,181.0,250.42857142857144,D:\AprPanama2025_fixed\041225_experimental\041225PA_experimental_part04.mp4,1900-01-01 19:12:22.800,862
65037,866,50,7.5,118.0,178.0,250.78571428571428,D:\AprPanama2025_fixed\041225_experimental\041225PA_experimental_part04.mp4,1900-01-01 19:12:23.700,1206
65037,892,50,23.0,119.0,178.0,242.6875,D:\AprPanama2025_fixed\041225_experimental\041225PA_experimental_part04.mp4,1900-01-01 19:12:23.700,1232
65041,892,50,25.0,115.0,179.0,238.68571428571428,D:\AprPanama2025_fixed\041225_experimental\041225PA_experimental_part04.mp4,1900-01-01 19:12:24.100,1232
65041,866,50,14.5,111.0,179.0,247.78260869565216,D:\AprPanama2025_fixed\041225_experimental\041225PA_experimental_part04.mp4,1900-01-01 19:12:24.100,1206
65038,892,50,25.0,117.0,179.0,245.37142857142857,D:\AprPanama2025_fixed\041225_experimental\041225PA_experimental_part04.mp4,1900-01-01 19:12:23.800,1232
65038,866,50,11.5,112.0,179.0,247.4736842105263,D:\AprPanama2025_fixed\041225_experimental\041225PA_experimental_part04.mp4,1900-01-01 19:12:23.800,1206
65036,866,50,3.0,111.0,171.0,243.625,D:\AprPanama2025_fixed\041225_experimental\041225PA_experimental_part04.mp4,1900-01-01 19:12:23.600,1206
65036,892,50,18.0,116.0,179.0,249.11538461538464,D:\AprPanama2025_fixed\041225_experimental\041225PA_experimental_part04.mp4,1900-01-01 19:12:23.600,1232
65042,892,50,25.0,115.0,179.0,241.37142857142857,D:\AprPanama2025_fixed\041225_experimental\041225PA_experimental_part04.mp4,1900-01-01 19:12:24.200,1232
65042,866,50,13.0,121.0,179.0,251.66666666666663,D:\AprPanama2025_fixed\041225_experimental\041225PA_experimental_part04.mp4,1900-01-01 19:12:24.200,1206
65035,892,50,2.0,112.0,166.0,239.66666666666663,D:\AprPanama2025_fixed\041225_experimental\041225PA_experimental_part04.mp4,1900-01-01 19:12:23.500,1232
65039,892,50,25.5,121.0,179.0,245.3333333333333,D:\AprPanama2025_fixed\041225_experimental\041225PA_experimental_part04.mp4,1900-01-01 19:12:23.900,1232
65039,867,50,14.0,116.0,179.0,251.22727272727275,D:\AprPanama2025_fixed\041225_experimental\041225PA_experimental_part04.mp4,1900-01-01 19:12:23.900,1207
65040,867,50,15.0,114.0,179.0,250.17391304347825,D:\AprPanama2025_fixed\041225_experimental\041225PA_experimental_part04.mp4,1900-01-01 19:12:24.000,1207
65040,892,50,26.5,111.0,179.0,240.7297297297297,D:\AprPanama2025_fixed\041225_experimental\041225PA_experimental_part04.mp4,1900-01-01 19:12:24.000,1232
65044,866,50,8.5,126.0,175.0,249.86666666666667,D:\AprPanama2025_fixed\041225_experimental\041225PA_experimental_part04.mp4,1900-01-01 19:12:24.400,1206
65044,892,50,20.5,121.0,179.0,244.7,D:\AprPanama2025_fixed\041225_experimental\041225PA_experimental_part04.mp4,1900-01-01 19:12:24.400,1232
65044,894,69,9.0,123.0,175.0,236.0,D:\AprPanama2025_fixed\041225_experimental\041225PA_experimental_part04.mp4,1900-01-01 19:12:24.400,1234
65043,892,50,25.0,113.0,179.0,239.25714285714284,D:\AprPanama2025_fixed\041225_experimental\041225PA_experimental_part04.mp4,1900-01-01 19:12:24.300,1232
65043,866,50,13.0,121.0,179.0,250.57142857142856,D:\AprPanama2025_fixed\041225_experimental\041225PA_experimental_part04.mp4,1900-01-01 19:12:24.300,1206
65050,891,49,11.5,111.0,179.0,242.3684210526316,D:\AprPanama2025_fixed\041225_experimental\041225PA_experimental_part04.mp4,1900-01-01 19:12:25.000,1231
65050,866,70,2.5,114.0,157.0,231.0,D:\AprPanama2025_fixed\041225_experimental\041225PA_experimental_part04.mp4,1900-01-01 19:12:25.000,1206
65050,894,70,10.5,127.0,179.0,245.6111111111111,D:\AprPanama2025_fixed\041225_experimental\041225PA_experimental_part04.mp4,1900-01-01 19:12:25.000,1234
65048,866,50,2.0,112.0,176.0,221.5,D:\AprPanama2025_fixed\041225_experimental\041225PA_experimental_part04.mp4,1900-01-01 19:12:24.800,1206
65048,891,50,16.5,111.0,179.0,247.92,D:\AprPanama2025_fixed\041225_experimental\041225PA_experimental_part04.mp4,1900-01-01 19:12:24.800,1231
65048,866,70,2.5,121.0,177.0,250.28571428571428,D:\AprPanama2025_fixed\041225_experimental\041225PA_experimental_part04.mp4,1900-01-01 19:12:24.800,1206
65048,894,70,11.5,112.0,178.0,247.3157894736842,D:\AprPanama2025_fixed\041225_experimental\041225PA_experimental_part04.mp4,1900-01-01 19:12:24.800,1234
65047,866,50,4.5,111.0,179.0,247.0909090909091,D:\AprPanama2025_fixed\041225_experimental\041225PA_experimental_part04.mp4,1900-01-01 19:12:24.700,1206
65047,891,50,18.0,112.0,179.0,249.37037037037035,D:\AprPanama2025_fixed\041225_experimental\041225PA_experimental_part04.mp4,1900-01-01 19:12:24.700,1231
65047,867,70,4.0,112.0,177.0,245.1111111111111,D:\AprPanama2025_fixed\041225_experimental\041225PA_experimental_part04.mp4,1900-01-01 19:12:24.700,1207
65047,894,70,13.0,152.0,179.0,253.57142857142856,D:\AprPanama2025_fixed\041225_experimental\041225PA_experimental_part04.mp4,1900-01-01 19:12:24.700,1234
65045,866,50,8.0,114.0,175.0,248.2142857142857,D:\AprPanama2025_fixed\041225_experimental\041225PA_experimental_part04.mp4,1900-01-01 19:12:24.500,1206
65045,892,50,20.5,112.0,179.0,244.13333333333333,D:\AprPanama2025_fixed\041225_experimental\041225PA_experimental_part04.mp4,1900-01-01 19:12:24.500,1232
65045,894,69,10.0,145.0,179.0,244.6111111111111,D:\AprPanama2025_fixed\041225_experimental\041225PA_experimental_part04.mp4,1900-01-01 19:12:24.500,1234
65046,866,50,6.5,122.0,179.0,252.0,D:\AprPanama2025_fixed\041225_experimental\041225PA_experimental_part04.mp4,1900-01-01 19:12:24.600,1206
65046,892,50,20.0,113.0,179.0,245.5862068965517,D:\AprPanama2025_fixed\041225_experimental\041225PA_experimental_part04.mp4,1900-01-01 19:12:24.600,1232
65046,894,70,13.0,152.0,179.0,248.85714285714283,D:\AprPanama2025_fixed\041225_experimental\041225PA_experimental_part04.mp4,1900-01-01 19:12:24.600,1234
65049,866,50,1.5,154.0,178.0,241.4,D:\AprPanama2025_fixed\041225_experimental\041225PA_experimental_part04.mp4,1900-01-01 19:12:24.900,1206
65049,891,50,14.0,118.0,179.0,246.78260869565216,D:\AprPanama2025_fixed\041225_experimental\041225PA_experimental_part04.mp4,1900-01-01 19:12:24.900,1231
65049,867,70,3.0,112.0,176.0,242.5,D:\AprPanama2025_fixed\041225_experimental\041225PA_experimental_part04.mp4,1900-01-01 19:12:24.900,1207
65049,894,70,12.5,119.0,179.0,248.05,D:\AprPanama2025_fixed\041225_experimental\041225PA_experimental_part04.mp4,1900-01-01 19:12:24.900,1234
65053,891,49,6.0,124.0,172.0,244.75,D:\AprPanama2025_fixed\041225_experimental\041225PA_experimental_part04.mp4,1900-01-01 19:12:25.300,1231
65053,894,70,7.0,120.0,179.0,250.61538461538464,D:\AprPanama2025_fixed\041225_experimental\041225PA_experimental_part04.mp4,1900-01-01 19:12:25.300,1234
65054,891,49,4.5,125.0,162.0,250.3,D:\AprPanama2025_fixed\041225_experimental\041225PA_experimental_part04.mp4,1900-01-01 19:12:25.400,1231
65054,894,70,7.0,131.0,178.0,246.92307692307693,D:\AprPanama2025_fixed\041225_experimental\041225PA_experimental_part04.mp4,1900-01-01 19:12:25.400,1234
65051,891,50,8.5,111.0,179.0,241.06666666666663,D:\AprPanama2025_fixed\041225_experimental\041225PA_experimental_part04.mp4,1900-01-01 19:12:25.100,1231
65051,894,70,12.5,118.0,178.0,243.65,D:\AprPanama2025_fixed\041225_experimental\041225PA_experimental_part04.mp4,1900-01-01 19:12:25.100,1234
65058,890,50,1.5,120.0,154.0,251.0,D:\AprPanama2025_fixed\041225_experimental\041225PA_experimental_part04.mp4,1900-01-01 19:12:25.800,1230
65058,893,71,2.5,115.0,159.0,228.57142857142856,D:\AprPanama2025_fixed\041225_experimental\041225PA_experimental_part04.mp4,1900-01-01 19:12:25.800,1233
65055,890,49,2.0,120.0,163.0,252.5,D:\AprPanama2025_fixed\041225_experimental\041225PA_experimental_part04.mp4,1900-01-01 19:12:25.500,1230
65055,893,70,7.5,119.0,179.0,245.2142857142857,D:\AprPanama2025_fixed\041225_experimental\041225PA_experimental_part04.mp4,1900-01-01 19:12:25.500,1233
65056,890,49,3.0,111.0,160.0,233.85714285714283,D:\AprPanama2025_fixed\041225_experimental\041225PA_experimental_part04.mp4,1900-01-01 19:12:25.600,1230
65056,893,70,4.5,114.0,179.0,242.9,D:\AprPanama2025_fixed\041225_experimental\041225PA_experimental_part04.mp4,1900-01-01 19:12:25.600,1233
65057,890,49,1.5,115.0,164.0,211.2,D:\AprPanama2025_fixed\041225_experimental\041225PA_experimental_part04.mp4,1900-01-01 19:12:25.700,1230
65057,893,70,4.5,112.0,177.0,226.8,D:\AprPanama2025_fixed\041225_experimental\041225PA_experimental_part04.mp4,1900-01-01 19:12:25.700,1233
65052,891,50,8.5,119.0,176.0,242.0,D:\AprPanama2025_fixed\041225_experimental\041225PA_experimental_part04.mp4,1900-01-01 19:12:25.200,1231
65052,894,70,7.0,129.0,178.0,242.85714285714283,D:\AprPanama2025_fixed\041225_experimental\041225PA_experimental_part04.mp4,1900-01-01 19:12:25.200,1234
65066,886,29,7.5,114.0,175.0,254.35714285714283,D:\AprPanama2025_fixed\041225_experimental\041225PA_experimental_part04.mp4,1900-01-01 19:12:26.600,1226
65066,870,29,8.5,111.0,172.0,248.26666666666665,D:\AprPanama2025_fixed\041225_experimental\041225PA_experimental_part04.mp4,1900-01-01 19:12:26.600,1210
65065,886,29,8.5,112.0,179.0,249.66666666666663,D:\AprPanama2025_fixed\041225_experimental\041225PA_experimental_part04.mp4,1900-01-01 19:12:26.500,1226
65065,870,30,10.5,114.0,179.0,240.55555555555557,D:\AprPanama2025_fixed\041225_experimental\041225PA_experimental_part04.mp4,1900-01-01 19:12:26.500,1210
65060,887,29,4.5,113.0,170.0,245.8,D:\AprPanama2025_fixed\041225_experimental\041225PA_experimental_part04.mp4,1900-01-01 19:12:26.000,1227
65060,870,29,6.0,127.0,160.0,254.27272727272728,D:\AprPanama2025_fixed\041225_experimental\041225PA_experimental_part04.mp4,1900-01-01 19:12:26.000,1210
65062,887,29,8.0,125.0,179.0,251.2,D:\AprPanama2025_fixed\041225_experimental\041225PA_experimental_part04.mp4,1900-01-01 19:12:26.200,1227
65062,870,29,9.5,119.0,179.0,242.7058823529412,D:\AprPanama2025_fixed\041225_experimental\041225PA_experimental_part04.mp4,1900-01-01 19:12:26.200,1210
65063,887,29,9.0,111.0,179.0,245.3125,D:\AprPanama2025_fixed\041225_experimental\041225PA_experimental_part04.mp4,1900-01-01 19:12:26.300,1227
65063,870,29,10.0,119.0,179.0,246.8333333333333,D:\AprPanama2025_fixed\041225_experimental\041225PA_experimental_part04.mp4,1900-01-01 19:12:26.300,1210
65064,887,29,7.5,115.0,174.0,230.64285714285717,D:\AprPanama2025_fixed\041225_experimental\041225PA_experimental_part04.mp4,1900-01-01 19:12:26.400,1227
65064,870,29,8.0,135.0,174.0,246.5,D:\AprPanama2025_fixed\041225_experimental\041225PA_experimental_part04.mp4,1900-01-01 19:12:26.400,1210
65072,887,29,7.0,125.0,179.0,242.3846153846154,D:\AprPanama2025_fixed\041225_experimental\041225PA_experimental_part04.mp4,1900-01-01 19:12:27.200,1227
65072,870,29,10.0,117.0,178.0,242.3333333333333,D:\AprPanama2025_fixed\041225_experimental\041225PA_experimental_part04.mp4,1900-01-01 19:12:27.200,1210
65073,870,29,2.5,117.0,173.0,253.0,D:\AprPanama2025_fixed\041225_experimental\041225PA_experimental_part04.mp4,1900-01-01 19:12:27.300,1210
65071,887,29,8.5,112.0,179.0,242.8,D:\AprPanama2025_fixed\041225_experimental\041225PA_experimental_part04.mp4,1900-01-01 19:12:27.100,1227
65071,870,30,11.5,111.0,178.0,246.85,D:\AprPanama2025_fixed\041225_experimental\041225PA_experimental_part04.mp4,1900-01-01 19:12:27.100,1210
65074,886,28,6.0,123.0,178.0,245.66666666666663,D:\AprPanama2025_fixed\041225_experimental\041225PA_experimental_part04.mp4,1900-01-01 19:12:27.400,1226
65074,870,29,12.0,105.0,178.0,246.6,D:\AprPanama2025_fixed\041225_experimental\041225PA_experimental_part04.mp4,1900-01-01 19:12:27.400,1210
65074,872,29,2.0,105.0,178.0,253.0,D:\AprPanama2025_fixed\041225_experimental\041225PA_experimental_part04.mp4,1900-01-01 19:12:27.400,1212
65068,870,29,2.0,118.0,138.0,253.0,D:\AprPanama2025_fixed\041225_experimental\041225PA_experimental_part04.mp4,1900-01-01 19:12:26.800,1210
65068,886,29,1.5,118.0,144.0,255.0,D:\AprPanama2025_fixed\041225_experimental\041225PA_experimental_part04.mp4,1900-01-01 19:12:26.800,1226
65070,887,29,8.5,112.0,179.0,242.8,D:\AprPanama2025_fixed\041225_experimental\041225PA_experimental_part04.mp4,1900-01-01 19:12:27.000,1227
65070,870,30,11.5,111.0,178.0,246.85,D:\AprPanama2025_fixed\041225_experimental\041225PA_experimental_part04.mp4,1900-01-01 19:12:27.000,1210
65069,886,29,4.0,114.0,172.0,249.7,D:\AprPanama2025_fixed\041225_experimental\041225PA_experimental_part04.mp4,1900-01-01 19:12:26.900,1226
65067,886,29,7.0,127.0,175.0,254.61538461538464,D:\AprPanama2025_fixed\041225_experimental\041225PA_experimental_part04.mp4,1900-01-01 19:12:26.700,1226
65067,870,30,7.0,112.0,171.0,252.92307692307693,D:\AprPanama2025_fixed\041225_experimental\041225PA_experimental_part04.mp4,1900-01-01 19:12:26.700,1210
65081,870,29,3.0,111.0,175.0,242.125,D:\AprPanama2025_fixed\041225_experimental\041225PA_experimental_part04.mp4,1900-01-01 19:12:28.100,1210
65078,886,28,3.0,124.0,178.0,242.0,D:\AprPanama2025_fixed\041225_experimental\041225PA_experimental_part04.mp4,1900-01-01 19:12:27.800,1226
65078,870,29,7.0,124.0,178.0,247.92857142857144,D:\AprPanama2025_fixed\041225_experimental\041225PA_experimental_part04.mp4,1900-01-01 19:12:27.800,1210
65076,886,28,2.5,114.0,172.0,229.3333333333333,D:\AprPanama2025_fixed\041225_experimental\041225PA_experimental_part04.mp4,1900-01-01 19:12:27.600,1226
65076,870,28,6.0,114.0,178.0,235.8333333333333,D:\AprPanama2025_fixed\041225_experimental\041225PA_experimental_part04.mp4,1900-01-01 19:12:27.600,1210
65079,885,28,1.5,113.0,178.0,248.0,D:\AprPanama2025_fixed\041225_experimental\041225PA_experimental_part04.mp4,1900-01-01 19:12:27.900,1225
65079,870,28,5.5,136.0,178.0,246.0,D:\AprPanama2025_fixed\041225_experimental\041225PA_experimental_part04.mp4,1900-01-01 19:12:27.900,1210
65075,886,28,6.0,123.0,178.0,245.66666666666663,D:\AprPanama2025_fixed\041225_experimental\041225PA_experimental_part04.mp4,1900-01-01 19:12:27.500,1226
65075,870,29,12.0,105.0,178.0,246.6,D:\AprPanama2025_fixed\041225_experimental\041225PA_experimental_part04.mp4,1900-01-01 19:12:27.500,1210
65075,872,29,2.0,105.0,178.0,253.0,D:\AprPanama2025_fixed\041225_experimental\041225PA_experimental_part04.mp4,1900-01-01 19:12:27.500,1212
65080,886,28,3.0,113.0,178.0,236.42857142857144,D:\AprPanama2025_fixed\041225_experimental\041225PA_experimental_part04.mp4,1900-01-01 19:12:28.000,1226
65080,870,28,6.0,114.0,178.0,234.0833333333333,D:\AprPanama2025_fixed\041225_experimental\041225PA_experimental_part04.mp4,1900-01-01 19:12:28.000,1210
65217,729,108,4.0,121.0,178.0,249.2222222222222,D:\AprPanama2025_fixed\041225_experimental\041225PA_experimental_part04.mp4,1900-01-01 19:12:41.700,1069
65218,730,109,13.0,117.0,179.0,247.3809523809524,D:\AprPanama2025_fixed\041225_experimental\041225PA_experimental_part04.mp4,1900-01-01 19:12:41.800,1070
65220,730,109,15.0,114.0,180.0,247.3913043478261,D:\AprPanama2025_fixed\041225_experimental\041225PA_experimental_part04.mp4,1900-01-01 19:12:42.000,1070
65224,728,109,15.0,127.0,179.0,246.17391304347825,D:\AprPanama2025_fixed\041225_experimental\041225PA_experimental_part04.mp4,1900-01-01 19:12:42.400,1068
65222,729,109,13.5,114.0,178.0,247.13636363636363,D:\AprPanama2025_fixed\041225_experimental\041225PA_experimental_part04.mp4,1900-01-01 19:12:42.200,1069
65223,728,109,16.0,114.0,179.0,249.76,D:\AprPanama2025_fixed\041225_experimental\041225PA_experimental_part04.mp4,1900-01-01 19:12:42.300,1068
65219,730,109,14.5,117.0,179.0,248.3043478260869,D:\AprPanama2025_fixed\041225_experimental\041225PA_experimental_part04.mp4,1900-01-01 19:12:41.900,1070
65221,730,109,15.5,113.0,179.0,239.5833333333333,D:\AprPanama2025_fixed\041225_experimental\041225PA_experimental_part04.mp4,1900-01-01 19:12:42.100,1070
65225,728,109,13.0,127.0,179.0,247.3809523809524,D:\AprPanama2025_fixed\041225_experimental\041225PA_experimental_part04.mp4,1900-01-01 19:12:42.500,1068
65226,727,109,12.0,111.0,179.0,244.0,D:\AprPanama2025_fixed\041225_experimental\041225PA_experimental_part04.mp4,1900-01-01 19:12:42.600,1067
65230,725,109,9.0,111.0,173.0,241.3125,D:\AprPanama2025_fixed\041225_experimental\041225PA_experimental_part04.mp4,1900-01-01 19:12:43.000,1065
65234,723,108,2.0,112.0,169.0,244.375,D:\AprPanama2025_fixed\041225_experimental\041225PA_experimental_part04.mp4,1900-01-01 19:12:43.400,1063
65231,725,109,5.0,122.0,179.0,251.72727272727275,D:\AprPanama2025_fixed\041225_experimental\041225PA_experimental_part04.mp4,1900-01-01 19:12:43.100,1065
65229,726,109,11.5,118.0,178.0,242.42105263157893,D:\AprPanama2025_fixed\041225_experimental\041225PA_experimental_part04.mp4,1900-01-01 19:12:42.900,1066
65228,726,109,10.5,114.0,179.0,235.1111111111111,D:\AprPanama2025_fixed\041225_experimental\041225PA_experimental_part04.mp4,1900-01-01 19:12:42.800,1066
65233,725,109,3.0,116.0,152.0,255.0,D:\AprPanama2025_fixed\041225_experimental\041225PA_experimental_part04.mp4,1900-01-01 19:12:43.300,1065
65227,727,109,12.0,111.0,179.0,242.7,D:\AprPanama2025_fixed\041225_experimental\041225PA_experimental_part04.mp4,1900-01-01 19:12:42.700,1067
65240,735,76,2.5,111.0,171.0,215.28571428571428,D:\AprPanama2025_fixed\041225_experimental\041225PA_experimental_part04.mp4,1900-01-01 19:12:44.000,1075
65237,735,76,1.5,114.0,175.0,240.0,D:\AprPanama2025_fixed\041225_experimental\041225PA_experimental_part04.mp4,1900-01-01 19:12:43.700,1075
65242,734,76,2.0,132.0,154.0,125.0,D:\AprPanama2025_fixed\041225_experimental\041225PA_experimental_part04.mp4,1900-01-01 19:12:44.200,1074
65241,734,76,1.5,127.0,165.0,209.6,D:\AprPanama2025_fixed\041225_experimental\041225PA_experimental_part04.mp4,1900-01-01 19:12:44.100,1074
65239,734,76,2.5,121.0,174.0,205.14285714285717,D:\AprPanama2025_fixed\041225_experimental\041225PA_experimental_part04.mp4,1900-01-01 19:12:43.900,1074
65258,291,122,1.5,120.0,166.0,163.20000000000002,D:\AprPanama2025_fixed\041225_experimental\041225PA_experimental_part04.mp4,1900-01-01 19:12:45.800,631
65262,347,87,6.5,114.0,172.0,224.0833333333333,D:\AprPanama2025_fixed\041225_experimental\041225PA_experimental_part04.mp4,1900-01-01 19:12:46.200,687
65262,291,122,4.0,135.0,165.0,175.0,D:\AprPanama2025_fixed\041225_experimental\041225PA_experimental_part04.mp4,1900-01-01 19:12:46.200,631
65265,347,88,10.0,125.0,179.0,244.64705882352945,D:\AprPanama2025_fixed\041225_experimental\041225PA_experimental_part04.mp4,1900-01-01 19:12:46.500,687
65265,290,122,3.5,121.0,167.0,223.88888888888889,D:\AprPanama2025_fixed\041225_experimental\041225PA_experimental_part04.mp4,1900-01-01 19:12:46.500,630
65261,291,122,4.0,130.0,167.0,174.11111111111111,D:\AprPanama2025_fixed\041225_experimental\041225PA_experimental_part04.mp4,1900-01-01 19:12:46.100,631
65259,292,122,3.0,116.0,171.0,197.85714285714283,D:\AprPanama2025_fixed\041225_experimental\041225PA_experimental_part04.mp4,1900-01-01 19:12:45.900,632
65263,347,87,7.0,112.0,178.0,241.53846153846155,D:\AprPanama2025_fixed\041225_experimental\041225PA_experimental_part04.mp4,1900-01-01 19:12:46.300,687
65263,291,122,5.0,125.0,166.0,180.0,D:\AprPanama2025_fixed\041225_experimental\041225PA_experimental_part04.mp4,1900-01-01 19:12:46.300,631
65260,291,122,4.5,114.0,168.0,155.60000000000002,D:\AprPanama2025_fixed\041225_experimental\041225PA_experimental_part04.mp4,1900-01-01 19:12:46.000,631
65266,347,88,10.0,125.0,179.0,244.64705882352945,D:\AprPanama2025_fixed\041225_experimental\041225PA_experimental_part04.mp4,1900-01-01 19:12:46.600,687
65264,347,87,8.5,128.0,179.0,246.06666666666663,D:\AprPanama2025_fixed\041225_experimental\041225PA_experimental_part04.mp4,1900-01-01 19:12:46.400,687
65274,347,88,7.5,114.0,179.0,248.0,D:\AprPanama2025_fixed\041225_experimental\041225PA_experimental_part04.mp4,1900-01-01 19:12:47.400,687
65270,347,88,8.5,137.0,178.0,248.7333333333333,D:\AprPanama2025_fixed\041225_experimental\041225PA_experimental_part04.mp4,1900-01-01 19:12:47.000,687
65271,347,88,8.5,137.0,178.0,247.53333333333333,D:\AprPanama2025_fixed\041225_experimental\041225PA_experimental_part04.mp4,1900-01-01 19:12:47.100,687
65272,347,88,7.5,120.0,178.0,249.14285714285717,D:\AprPanama2025_fixed\041225_experimental\041225PA_experimental_part04.mp4,1900-01-01 19:12:47.200,687
65269,347,88,10.0,128.0,179.0,249.23529411764704,D:\AprPanama2025_fixed\041225_experimental\041225PA_experimental_part04.mp4,1900-01-01 19:12:46.900,687
65269,290,121,1.5,117.0,181.0,246.8,D:\AprPanama2025_fixed\041225_experimental\041225PA_experimental_part04.mp4,1900-01-01 19:12:46.900,630
65273,347,88,7.5,119.0,178.0,249.14285714285717,D:\AprPanama2025_fixed\041225_experimental\041225PA_experimental_part04.mp4,1900-01-01 19:12:47.300,687
65268,347,88,10.0,128.0,179.0,250.11764705882356,D:\AprPanama2025_fixed\041225_experimental\041225PA_experimental_part04.mp4,1900-01-01 19:12:46.800,687
65268,290,121,3.0,128.0,171.0,213.0,D:\AprPanama2025_fixed\041225_experimental\041225PA_experimental_part04.mp4,1900-01-01 19:12:46.800,630
65267,347,88,10.0,128.0,179.0,249.76470588235293,D:\AprPanama2025_fixed\041225_experimental\041225PA_experimental_part04.mp4,1900-01-01 19:12:46.700,687
65267,290,121,3.0,128.0,171.0,241.7142857142857,D:\AprPanama2025_fixed\041225_experimental\041225PA_experimental_part04.mp4,1900-01-01 19:12:46.700,630
65280,348,88,4.5,115.0,179.0,232.6,D:\AprPanama2025_fixed\041225_experimental\041225PA_experimental_part04.mp4,1900-01-01 19:12:48.000,688
65281,348,88,4.5,111.0,177.0,225.7,D:\AprPanama2025_fixed\041225_experimental\041225PA_experimental_part04.mp4,1900-01-01 19:12:48.100,688
65277,347,88,6.0,135.0,177.0,247.5,D:\AprPanama2025_fixed\041225_experimental\041225PA_experimental_part04.mp4,1900-01-01 19:12:47.700,687
65276,347,88,6.0,135.0,177.0,247.5,D:\AprPanama2025_fixed\041225_experimental\041225PA_experimental_part04.mp4,1900-01-01 19:12:47.600,687
65278,347,88,6.5,112.0,179.0,247.3846153846154,D:\AprPanama2025_fixed\041225_experimental\041225PA_experimental_part04.mp4,1900-01-01 19:12:47.800,687
65279,347,88,6.5,117.0,179.0,243.6923076923077,D:\AprPanama2025_fixed\041225_experimental\041225PA_experimental_part04.mp4,1900-01-01 19:12:47.900,687
65282,348,88,4.5,111.0,177.0,225.7,D:\AprPanama2025_fixed\041225_experimental\041225PA_experimental_part04.mp4,1900-01-01 19:12:48.200,688
65275,347,88,6.0,135.0,177.0,247.5,D:\AprPanama2025_fixed\041225_experimental\041225PA_experimental_part04.mp4,1900-01-01 19:12:47.500,687
65288,348,89,3.0,116.0,170.0,197.125,D:\AprPanama2025_fixed\041225_experimental\041225PA_experimental_part04.mp4,1900-01-01 19:12:48.800,688
65289,348,89,3.0,116.0,170.0,197.125,D:\AprPanama2025_fixed\041225_experimental\041225PA_experimental_part04.mp4,1900-01-01 19:12:48.900,688
65286,348,89,3.0,113.0,171.0,216.875,D:\AprPanama2025_fixed\041225_experimental\041225PA_experimental_part04.mp4,1900-01-01 19:12:48.600,688
65285,348,88,2.0,120.0,171.0,197.3333333333333,D:\AprPanama2025_fixed\041225_experimental\041225PA_experimental_part04.mp4,1900-01-01 19:12:48.500,688
65284,348,88,2.5,112.0,173.0,218.42857142857144,D:\AprPanama2025_fixed\041225_experimental\041225PA_experimental_part04.mp4,1900-01-01 19:12:48.400,688
65290,348,89,2.0,114.0,167.0,229.14285714285717,D:\AprPanama2025_fixed\041225_experimental\041225PA_experimental_part04.mp4,1900-01-01 19:12:49.000,688
65287,348,89,3.0,116.0,170.0,197.125,D:\AprPanama2025_fixed\041225_experimental\041225PA_experimental_part04.mp4,1900-01-01 19:12:48.700,688
65283,348,88,3.0,112.0,173.0,217.25,D:\AprPanama2025_fixed\041225_experimental\041225PA_experimental_part04.mp4,1900-01-01 19:12:48.300,688
65293,347,90,1.5,111.0,167.0,77.4,D:\AprPanama2025_fixed\041225_experimental\041225PA_experimental_part04.mp4,1900-01-01 19:12:49.300,687
65298,347,89,2.0,113.0,137.0,102.66666666666666,D:\AprPanama2025_fixed\041225_experimental\041225PA_experimental_part04.mp4,1900-01-01 19:12:49.800,687
65291,348,89,2.0,114.0,167.0,229.14285714285717,D:\AprPanama2025_fixed\041225_experimental\041225PA_experimental_part04.mp4,1900-01-01 19:12:49.100,688
65292,347,90,1.5,112.0,167.0,153.20000000000002,D:\AprPanama2025_fixed\041225_experimental\041225PA_experimental_part04.mp4,1900-01-01 19:12:49.200,687
65296,347,89,2.0,113.0,137.0,106.5,D:\AprPanama2025_fixed\041225_experimental\041225PA_experimental_part04.mp4,1900-01-01 19:12:49.600,687
65299,347,89,2.0,113.0,137.0,102.66666666666666,D:\AprPanama2025_fixed\041225_experimental\041225PA_experimental_part04.mp4,1900-01-01 19:12:49.900,687
65300,347,89,2.0,113.0,137.0,102.66666666666666,D:\AprPanama2025_fixed\041225_experimental\041225PA_experimental_part04.mp4,1900-01-01 19:12:50.000,687
65321,775,68,32.0,113.0,179.0,242.6,D:\AprPanama2025_fixed\041225_experimental\041225PA_experimental_part04.mp4,1900-01-01 19:12:52.100,1115
65319,774,68,39.0,126.0,179.0,247.30769230769232,D:\AprPanama2025_fixed\041225_experimental\041225PA_experimental_part04.mp4,1900-01-01 19:12:51.900,1114
65318,774,67,38.0,115.0,179.0,249.62,D:\AprPanama2025_fixed\041225_experimental\041225PA_experimental_part04.mp4,1900-01-01 19:12:51.800,1114
65317,772,66,26.5,112.0,179.0,247.0540540540541,D:\AprPanama2025_fixed\041225_experimental\041225PA_experimental_part04.mp4,1900-01-01 19:12:51.700,1112
65316,770,63,13.0,116.0,179.0,242.15,D:\AprPanama2025_fixed\041225_experimental\041225PA_experimental_part04.mp4,1900-01-01 19:12:51.600,1110
65320,775,68,35.5,113.0,179.0,247.3061224489796,D:\AprPanama2025_fixed\041225_experimental\041225PA_experimental_part04.mp4,1900-01-01 19:12:52.000,1115
65322,776,68,38.0,114.0,179.0,242.8823529411765,D:\AprPanama2025_fixed\041225_experimental\041225PA_experimental_part04.mp4,1900-01-01 19:12:52.200,1116
65326,779,70,33.0,114.0,179.0,248.57777777777775,D:\AprPanama2025_fixed\041225_experimental\041225PA_experimental_part04.mp4,1900-01-01 19:12:52.600,1119
65325,778,69,35.0,117.0,179.0,248.2083333333333,D:\AprPanama2025_fixed\041225_experimental\041225PA_experimental_part04.mp4,1900-01-01 19:12:52.500,1118
65329,780,70,32.0,114.0,179.0,244.3409090909091,D:\AprPanama2025_fixed\041225_experimental\041225PA_experimental_part04.mp4,1900-01-01 19:12:52.900,1120
65324,778,69,37.5,112.0,179.0,247.9,D:\AprPanama2025_fixed\041225_experimental\041225PA_experimental_part04.mp4,1900-01-01 19:12:52.400,1118
65330,781,70,23.0,127.0,179.0,244.03030303030303,D:\AprPanama2025_fixed\041225_experimental\041225PA_experimental_part04.mp4,1900-01-01 19:12:53.000,1121
65323,777,69,40.0,121.0,179.0,248.8333333333333,D:\AprPanama2025_fixed\041225_experimental\041225PA_experimental_part04.mp4,1900-01-01 19:12:52.300,1117
65327,779,70,32.5,112.0,179.0,248.51111111111112,D:\AprPanama2025_fixed\041225_experimental\041225PA_experimental_part04.mp4,1900-01-01 19:12:52.700,1119
65328,780,70,34.0,114.0,179.0,247.3260869565217,D:\AprPanama2025_fixed\041225_experimental\041225PA_experimental_part04.mp4,1900-01-01 19:12:52.800,1120
65331,782,70,24.0,112.0,179.0,248.58823529411765,D:\AprPanama2025_fixed\041225_experimental\041225PA_experimental_part04.mp4,1900-01-01 19:12:53.100,1122
65336,785,71,19.0,117.0,179.0,245.7586206896552,D:\AprPanama2025_fixed\041225_experimental\041225PA_experimental_part04.mp4,1900-01-01 19:12:53.600,1125
65338,786,6,2.0,126.0,159.0,222.8333333333333,D:\AprPanama2025_fixed\041225_experimental\041225PA_experimental_part04.mp4,1900-01-01 19:12:53.800,1126
65338,786,72,13.5,119.0,176.0,237.5,D:\AprPanama2025_fixed\041225_experimental\041225PA_experimental_part04.mp4,1900-01-01 19:12:53.800,1126
65332,782,70,21.5,112.0,179.0,247.0625,D:\AprPanama2025_fixed\041225_experimental\041225PA_experimental_part04.mp4,1900-01-01 19:12:53.200,1122
65333,783,71,21.5,124.0,179.0,244.4193548387097,D:\AprPanama2025_fixed\041225_experimental\041225PA_experimental_part04.mp4,1900-01-01 19:12:53.300,1123
65334,784,71,21.0,119.0,179.0,248.32258064516128,D:\AprPanama2025_fixed\041225_experimental\041225PA_experimental_part04.mp4,1900-01-01 19:12:53.400,1124
65337,785,72,14.5,128.0,179.0,248.91304347826087,D:\AprPanama2025_fixed\041225_experimental\041225PA_experimental_part04.mp4,1900-01-01 19:12:53.700,1125
65335,784,71,21.5,111.0,179.0,247.80645161290323,D:\AprPanama2025_fixed\041225_experimental\041225PA_experimental_part04.mp4,1900-01-01 19:12:53.500,1124
65341,787,6,7.5,114.0,180.0,242.61538461538464,D:\AprPanama2025_fixed\041225_experimental\041225PA_experimental_part04.mp4,1900-01-01 19:12:54.100,1127
65341,787,72,14.0,127.0,178.0,240.8181818181818,D:\AprPanama2025_fixed\041225_experimental\041225PA_experimental_part04.mp4,1900-01-01 19:12:54.100,1127
65342,787,6,8.5,111.0,178.0,244.0,D:\AprPanama2025_fixed\041225_experimental\041225PA_experimental_part04.mp4,1900-01-01 19:12:54.200,1127
65342,788,73,7.0,111.0,172.0,242.5,D:\AprPanama2025_fixed\041225_experimental\041225PA_experimental_part04.mp4,1900-01-01 19:12:54.200,1128
65340,787,6,7.5,114.0,180.0,242.61538461538464,D:\AprPanama2025_fixed\041225_experimental\041225PA_experimental_part04.mp4,1900-01-01 19:12:54.000,1127
65340,787,72,13.0,112.0,179.0,245.9523809523809,D:\AprPanama2025_fixed\041225_experimental\041225PA_experimental_part04.mp4,1900-01-01 19:12:54.000,1127
65345,787,6,4.5,124.0,167.0,246.7,D:\AprPanama2025_fixed\041225_experimental\041225PA_experimental_part04.mp4,1900-01-01 19:12:54.500,1127
65345,789,73,6.5,111.0,176.0,241.0833333333333,D:\AprPanama2025_fixed\041225_experimental\041225PA_experimental_part04.mp4,1900-01-01 19:12:54.500,1129
65344,787,6,7.5,117.0,170.0,249.14285714285717,D:\AprPanama2025_fixed\041225_experimental\041225PA_experimental_part04.mp4,1900-01-01 19:12:54.400,1127
65344,788,72,2.0,118.0,164.0,250.14285714285717,D:\AprPanama2025_fixed\041225_experimental\041225PA_experimental_part04.mp4,1900-01-01 19:12:54.400,1128
65346,787,6,4.0,117.0,178.0,251.3333333333333,D:\AprPanama2025_fixed\041225_experimental\041225PA_experimental_part04.mp4,1900-01-01 19:12:54.600,1127
65346,790,73,4.5,115.0,173.0,244.3,D:\AprPanama2025_fixed\041225_experimental\041225PA_experimental_part04.mp4,1900-01-01 19:12:54.600,1130
65343,787,6,8.5,111.0,178.0,244.0,D:\AprPanama2025_fixed\041225_experimental\041225PA_experimental_part04.mp4,1900-01-01 19:12:54.300,1127
65343,788,73,8.5,115.0,179.0,253.5625,D:\AprPanama2025_fixed\041225_experimental\041225PA_experimental_part04.mp4,1900-01-01 19:12:54.300,1128
65339,786,6,4.5,115.0,177.0,243.3333333333333,D:\AprPanama2025_fixed\041225_experimental\041225PA_experimental_part04.mp4,1900-01-01 19:12:53.900,1126
65339,786,72,11.5,115.0,177.0,244.15789473684208,D:\AprPanama2025_fixed\041225_experimental\041225PA_experimental_part04.mp4,1900-01-01 19:12:53.900,1126
65347,787,6,4.0,117.0,178.0,251.3333333333333,D:\AprPanama2025_fixed\041225_experimental\041225PA_experimental_part04.mp4,1900-01-01 19:12:54.700,1127
65347,790,74,3.5,129.0,173.0,247.88888888888889,D:\AprPanama2025_fixed\041225_experimental\041225PA_experimental_part04.mp4,1900-01-01 19:12:54.700,1130
65351,787,7,2.0,119.0,160.0,199.3333333333333,D:\AprPanama2025_fixed\041225_experimental\041225PA_experimental_part04.mp4,1900-01-01 19:12:55.100,1127
65422,889,46,4.0,132.0,178.0,233.3333333333333,D:\AprPanama2025_fixed\041225_experimental\041225PA_experimental_part04.mp4,1900-01-01 19:13:02.200,1229
65424,889,46,4.0,137.0,176.0,248.1111111111111,D:\AprPanama2025_fixed\041225_experimental\041225PA_experimental_part04.mp4,1900-01-01 19:13:02.400,1229
65423,889,46,4.0,137.0,177.0,244.88888888888889,D:\AprPanama2025_fixed\041225_experimental\041225PA_experimental_part04.mp4,1900-01-01 19:13:02.300,1229
65425,889,46,4.0,132.0,175.0,250.2222222222222,D:\AprPanama2025_fixed\041225_experimental\041225PA_experimental_part04.mp4,1900-01-01 19:13:02.500,1229
65426,889,46,4.5,113.0,180.0,244.1,D:\AprPanama2025_fixed\041225_experimental\041225PA_experimental_part04.mp4,1900-01-01 19:13:02.600,1229
65430,889,46,2.5,113.0,159.0,244.57142857142856,D:\AprPanama2025_fixed\041225_experimental\041225PA_experimental_part04.mp4,1900-01-01 19:13:03.000,1229
65429,889,46,3.0,127.0,175.0,241.875,D:\AprPanama2025_fixed\041225_experimental\041225PA_experimental_part04.mp4,1900-01-01 19:13:02.900,1229
65427,889,46,4.0,125.0,175.0,246.0,D:\AprPanama2025_fixed\041225_experimental\041225PA_experimental_part04.mp4,1900-01-01 19:13:02.700,1229
65432,889,46,1.5,112.0,146.0,255.0,D:\AprPanama2025_fixed\041225_experimental\041225PA_experimental_part04.mp4,1900-01-01 19:13:03.200,1229
65620,813,106,2.5,118.0,165.0,251.57142857142856,D:\AprPanama2025_fixed\041225_experimental\041225PA_experimental_part04.mp4,1900-01-01 19:13:22.000,1153
65624,812,108,5.0,117.0,171.0,238.6,D:\AprPanama2025_fixed\041225_experimental\041225PA_experimental_part04.mp4,1900-01-01 19:13:22.400,1152
65621,813,107,2.0,125.0,161.0,254.0,D:\AprPanama2025_fixed\041225_experimental\041225PA_experimental_part04.mp4,1900-01-01 19:13:22.100,1153
65622,812,108,3.5,121.0,156.0,251.0,D:\AprPanama2025_fixed\041225_experimental\041225PA_experimental_part04.mp4,1900-01-01 19:13:22.200,1152
65623,812,108,5.0,117.0,171.0,238.6,D:\AprPanama2025_fixed\041225_experimental\041225PA_experimental_part04.mp4,1900-01-01 19:13:22.300,1152
65625,812,108,3.0,111.0,177.0,236.55555555555557,D:\AprPanama2025_fixed\041225_experimental\041225PA_experimental_part04.mp4,1900-01-01 19:13:22.500,1152
65628,810,109,3.0,111.0,168.0,249.66666666666663,D:\AprPanama2025_fixed\041225_experimental\041225PA_experimental_part04.mp4,1900-01-01 19:13:22.800,1150
65627,811,109,2.5,115.0,160.0,245.125,D:\AprPanama2025_fixed\041225_experimental\041225PA_experimental_part04.mp4,1900-01-01 19:13:22.700,1151
65631,810,109,2.0,131.0,169.0,237.66666666666663,D:\AprPanama2025_fixed\041225_experimental\041225PA_experimental_part04.mp4,1900-01-01 19:13:23.100,1150
65629,810,109,2.5,113.0,166.0,249.875,D:\AprPanama2025_fixed\041225_experimental\041225PA_experimental_part04.mp4,1900-01-01 19:13:22.900,1150
65718,237,80,8.5,113.0,179.0,232.125,D:\AprPanama2025_fixed\041225_experimental\041225PA_experimental_part04.mp4,1900-01-01 19:13:31.800,577
65720,237,81,7.5,122.0,179.0,244.66666666666663,D:\AprPanama2025_fixed\041225_experimental\041225PA_experimental_part04.mp4,1900-01-01 19:13:32.000,577
65717,236,81,6.5,146.0,179.0,248.15384615384616,D:\AprPanama2025_fixed\041225_experimental\041225PA_experimental_part04.mp4,1900-01-01 19:13:31.700,576
65719,237,81,11.0,111.0,178.0,225.45,D:\AprPanama2025_fixed\041225_experimental\041225PA_experimental_part04.mp4,1900-01-01 19:13:31.900,577
65722,238,82,7.5,115.0,179.0,245.8,D:\AprPanama2025_fixed\041225_experimental\041225PA_experimental_part04.mp4,1900-01-01 19:13:32.200,578
65721,238,81,8.5,111.0,178.0,232.875,D:\AprPanama2025_fixed\041225_experimental\041225PA_experimental_part04.mp4,1900-01-01 19:13:32.100,578
65716,235,80,5.5,125.0,171.0,228.8333333333333,D:\AprPanama2025_fixed\041225_experimental\041225PA_experimental_part04.mp4,1900-01-01 19:13:31.600,575
65715,235,80,2.0,136.0,176.0,177.0,D:\AprPanama2025_fixed\041225_experimental\041225PA_experimental_part04.mp4,1900-01-01 19:13:31.500,575
65730,242,82,1.5,126.0,152.0,253.8333333333333,D:\AprPanama2025_fixed\041225_experimental\041225PA_experimental_part04.mp4,1900-01-01 19:13:33.000,582
65725,240,82,6.5,115.0,182.0,227.42857142857144,D:\AprPanama2025_fixed\041225_experimental\041225PA_experimental_part04.mp4,1900-01-01 19:13:32.500,580
65726,241,82,5.0,124.0,165.0,240.72727272727275,D:\AprPanama2025_fixed\041225_experimental\041225PA_experimental_part04.mp4,1900-01-01 19:13:32.600,581
65727,241,82,7.5,114.0,176.0,237.5,D:\AprPanama2025_fixed\041225_experimental\041225PA_experimental_part04.mp4,1900-01-01 19:13:32.700,581
65728,242,83,3.0,129.0,179.0,236.5,D:\AprPanama2025_fixed\041225_experimental\041225PA_experimental_part04.mp4,1900-01-01 19:13:32.800,582
65729,260,80,1.5,148.0,178.0,245.8,D:\AprPanama2025_fixed\041225_experimental\041225PA_experimental_part04.mp4,1900-01-01 19:13:32.900,600
65729,242,83,3.5,113.0,175.0,238.5,D:\AprPanama2025_fixed\041225_experimental\041225PA_experimental_part04.mp4,1900-01-01 19:13:32.900,582
65724,239,81,5.5,114.0,177.0,237.41666666666663,D:\AprPanama2025_fixed\041225_experimental\041225PA_experimental_part04.mp4,1900-01-01 19:13:32.400,579
65723,239,82,7.5,117.0,179.0,233.07142857142856,D:\AprPanama2025_fixed\041225_experimental\041225PA_experimental_part04.mp4,1900-01-01 19:13:32.300,579
65736,263,85,3.0,111.0,137.0,75.57142857142857,D:\AprPanama2025_fixed\041225_experimental\041225PA_experimental_part04.mp4,1900-01-01 19:13:33.600,603
65734,244,84,3.0,115.0,179.0,247.0,D:\AprPanama2025_fixed\041225_experimental\041225PA_experimental_part04.mp4,1900-01-01 19:13:33.400,584
65733,244,84,2.0,124.0,173.0,224.5,D:\AprPanama2025_fixed\041225_experimental\041225PA_experimental_part04.mp4,1900-01-01 19:13:33.300,584
65737,246,84,3.0,132.0,179.0,198.14285714285717,D:\AprPanama2025_fixed\041225_experimental\041225PA_experimental_part04.mp4,1900-01-01 19:13:33.700,586
65732,243,83,2.5,137.0,168.0,221.85714285714283,D:\AprPanama2025_fixed\041225_experimental\041225PA_experimental_part04.mp4,1900-01-01 19:13:33.200,583
65731,243,83,4.0,112.0,170.0,244.44444444444443,D:\AprPanama2025_fixed\041225_experimental\041225PA_experimental_part04.mp4,1900-01-01 19:13:33.100,583
65741,247,86,1.5,120.0,164.0,186.4,D:\AprPanama2025_fixed\041225_experimental\041225PA_experimental_part04.mp4,1900-01-01 19:13:34.100,587
65742,248,86,2.0,114.0,170.0,199.0,D:\AprPanama2025_fixed\041225_experimental\041225PA_experimental_part04.mp4,1900-01-01 19:13:34.200,588
65739,246,85,2.0,135.0,161.0,176.0,D:\AprPanama2025_fixed\041225_experimental\041225PA_experimental_part04.mp4,1900-01-01 19:13:33.900,586
65874,998,50,1.5,121.0,145.0,255.0,D:\AprPanama2025_fixed\041225_experimental\041225PA_experimental_part04.mp4,1900-01-01 19:13:47.400,1338
65869,997,50,6.5,117.0,179.0,251.41666666666663,D:\AprPanama2025_fixed\041225_experimental\041225PA_experimental_part04.mp4,1900-01-01 19:13:46.900,1337
65873,997,50,6.0,126.0,169.0,244.41666666666663,D:\AprPanama2025_fixed\041225_experimental\041225PA_experimental_part04.mp4,1900-01-01 19:13:47.300,1337
65868,997,50,7.5,121.0,179.0,237.78571428571428,D:\AprPanama2025_fixed\041225_experimental\041225PA_experimental_part04.mp4,1900-01-01 19:13:46.800,1337
65870,998,50,4.0,117.0,181.0,255.0,D:\AprPanama2025_fixed\041225_experimental\041225PA_experimental_part04.mp4,1900-01-01 19:13:47.000,1338
65872,998,50,4.5,112.0,179.0,253.0,D:\AprPanama2025_fixed\041225_experimental\041225PA_experimental_part04.mp4,1900-01-01 19:13:47.200,1338
65871,998,50,4.5,112.0,179.0,253.0,D:\AprPanama2025_fixed\041225_experimental\041225PA_experimental_part04.mp4,1900-01-01 19:13:47.100,1338
65867,997,50,2.0,111.0,167.0,246.16666666666663,D:\AprPanama2025_fixed\041225_experimental\041225PA_experimental_part04.mp4,1900-01-01 19:13:46.700,1337
65876,996,49,1.5,113.0,148.0,248.0,D:\AprPanama2025_fixed\041225_experimental\041225PA_experimental_part04.mp4,1900-01-01 19:13:47.600,1336
65875,998,50,1.5,116.0,155.0,254.2,D:\AprPanama2025_fixed\041225_experimental\041225PA_experimental_part04.mp4,1900-01-01 19:13:47.500,1338
65946,778,96,15.0,117.0,179.0,246.8181818181818,D:\AprPanama2025_fixed\041225_experimental\041225PA_experimental_part04.mp4,1900-01-01 19:13:54.600,1118
65952,779,102,39.0,115.0,179.0,245.72549019607845,D:\AprPanama2025_fixed\041225_experimental\041225PA_experimental_part04.mp4,1900-01-01 19:13:55.200,1119
65954,781,102,29.0,114.0,177.0,244.475,D:\AprPanama2025_fixed\041225_experimental\041225PA_experimental_part04.mp4,1900-01-01 19:13:55.400,1121
65950,779,100,37.0,111.0,179.0,248.7551020408163,D:\AprPanama2025_fixed\041225_experimental\041225PA_experimental_part04.mp4,1900-01-01 19:13:55.000,1119
65949,778,100,37.0,112.0,244.0,244.32,D:\AprPanama2025_fixed\041225_experimental\041225PA_experimental_part04.mp4,1900-01-01 19:13:54.900,1118
65948,778,100,34.5,115.0,179.0,247.8478260869565,D:\AprPanama2025_fixed\041225_experimental\041225PA_experimental_part04.mp4,1900-01-01 19:13:54.800,1118
65951,779,100,33.0,111.0,179.0,247.5555555555556,D:\AprPanama2025_fixed\041225_experimental\041225PA_experimental_part04.mp4,1900-01-01 19:13:55.100,1119
65953,780,102,38.0,112.0,222.0,248.96,D:\AprPanama2025_fixed\041225_experimental\041225PA_experimental_part04.mp4,1900-01-01 19:13:55.300,1120
65947,778,98,24.0,122.0,179.0,246.85294117647055,D:\AprPanama2025_fixed\041225_experimental\041225PA_experimental_part04.mp4,1900-01-01 19:13:54.700,1118
65957,783,102,28.0,117.0,179.0,243.3846153846154,D:\AprPanama2025_fixed\041225_experimental\041225PA_experimental_part04.mp4,1900-01-01 19:13:55.700,1123
65958,784,103,24.0,111.0,179.0,244.77142857142857,D:\AprPanama2025_fixed\041225_experimental\041225PA_experimental_part04.mp4,1900-01-01 19:13:55.800,1124
65961,785,104,24.5,116.0,179.0,245.97142857142856,D:\AprPanama2025_fixed\041225_experimental\041225PA_experimental_part04.mp4,1900-01-01 19:13:56.100,1125
65962,785,104,19.5,124.0,177.0,245.26666666666665,D:\AprPanama2025_fixed\041225_experimental\041225PA_experimental_part04.mp4,1900-01-01 19:13:56.200,1125
65956,782,102,29.5,118.0,179.0,244.34146341463412,D:\AprPanama2025_fixed\041225_experimental\041225PA_experimental_part04.mp4,1900-01-01 19:13:55.600,1122
65959,784,103,25.0,114.0,179.0,248.63888888888889,D:\AprPanama2025_fixed\041225_experimental\041225PA_experimental_part04.mp4,1900-01-01 19:13:55.900,1124
65960,785,103,21.0,114.0,178.0,247.1935483870968,D:\AprPanama2025_fixed\041225_experimental\041225PA_experimental_part04.mp4,1900-01-01 19:13:56.000,1125
65955,781,102,30.0,116.0,179.0,249.34146341463412,D:\AprPanama2025_fixed\041225_experimental\041225PA_experimental_part04.mp4,1900-01-01 19:13:55.500,1121
65965,788,105,15.5,112.0,179.0,245.04,D:\AprPanama2025_fixed\041225_experimental\041225PA_experimental_part04.mp4,1900-01-01 19:13:56.500,1128
65964,787,105,16.0,112.0,179.0,241.3846153846154,D:\AprPanama2025_fixed\041225_experimental\041225PA_experimental_part04.mp4,1900-01-01 19:13:56.400,1127
65969,791,105,9.0,117.0,179.0,247.125,D:\AprPanama2025_fixed\041225_experimental\041225PA_experimental_part04.mp4,1900-01-01 19:13:56.900,1131
65968,791,105,5.5,118.0,179.0,239.41666666666663,D:\AprPanama2025_fixed\041225_experimental\041225PA_experimental_part04.mp4,1900-01-01 19:13:56.800,1131
65966,789,105,9.0,112.0,176.0,253.2,D:\AprPanama2025_fixed\041225_experimental\041225PA_experimental_part04.mp4,1900-01-01 19:13:56.600,1129
65970,792,106,2.5,129.0,179.0,248.85714285714283,D:\AprPanama2025_fixed\041225_experimental\041225PA_experimental_part04.mp4,1900-01-01 19:13:57.000,1132
65967,789,105,13.0,112.0,178.0,248.22727272727275,D:\AprPanama2025_fixed\041225_experimental\041225PA_experimental_part04.mp4,1900-01-01 19:13:56.700,1129
65963,786,104,18.0,122.0,179.0,245.39285714285717,D:\AprPanama2025_fixed\041225_experimental\041225PA_experimental_part04.mp4,1900-01-01 19:13:56.300,1126
65975,795,44,3.5,124.0,168.0,170.625,D:\AprPanama2025_fixed\041225_experimental\041225PA_experimental_part04.mp4,1900-01-01 19:13:57.500,1135
65971,792,106,4.0,113.0,179.0,251.66666666666663,D:\AprPanama2025_fixed\041225_experimental\041225PA_experimental_part04.mp4,1900-01-01 19:13:57.100,1132
65976,796,44,1.5,120.0,178.0,255.0,D:\AprPanama2025_fixed\041225_experimental\041225PA_experimental_part04.mp4,1900-01-01 19:13:57.600,1136
65973,793,43,2.5,125.0,177.0,247.42857142857144,D:\AprPanama2025_fixed\041225_experimental\041225PA_experimental_part04.mp4,1900-01-01 19:13:57.300,1133
65973,793,106,4.0,123.0,171.0,244.0,D:\AprPanama2025_fixed\041225_experimental\041225PA_experimental_part04.mp4,1900-01-01 19:13:57.300,1133
65972,792,43,1.5,130.0,160.0,253.4,D:\AprPanama2025_fixed\041225_experimental\041225PA_experimental_part04.mp4,1900-01-01 19:13:57.200,1132
66032,806,108,1.5,113.0,187.0,192.4,D:\AprPanama2025_fixed\041225_experimental\041225PA_experimental_part04.mp4,1900-01-01 19:14:03.200,1146
66304,334,154,1.5,153.0,193.0,248.0,D:\AprPanama2025_fixed\041225_experimental\041225PA_experimental_part04.mp4,1900-01-01 19:14:30.400,674
66303,334,154,1.5,133.0,167.0,187.0,D:\AprPanama2025_fixed\041225_experimental\041225PA_experimental_part04.mp4,1900-01-01 19:14:30.300,674
66306,334,155,4.0,113.0,189.0,247.2222222222222,D:\AprPanama2025_fixed\041225_experimental\041225PA_experimental_part04.mp4,1900-01-01 19:14:30.600,674
66305,334,154,2.5,113.0,192.0,246.125,D:\AprPanama2025_fixed\041225_experimental\041225PA_experimental_part04.mp4,1900-01-01 19:14:30.500,674
66310,335,156,6.0,120.0,178.0,231.8333333333333,D:\AprPanama2025_fixed\041225_experimental\041225PA_experimental_part04.mp4,1900-01-01 19:14:31.000,675
66314,334,156,5.0,115.0,175.0,240.25,D:\AprPanama2025_fixed\041225_experimental\041225PA_experimental_part04.mp4,1900-01-01 19:14:31.400,674
66312,335,157,8.5,116.0,172.0,231.66666666666663,D:\AprPanama2025_fixed\041225_experimental\041225PA_experimental_part04.mp4,1900-01-01 19:14:31.200,675
66311,334,156,6.5,121.0,180.0,238.6923076923077,D:\AprPanama2025_fixed\041225_experimental\041225PA_experimental_part04.mp4,1900-01-01 19:14:31.100,674
66308,335,155,8.0,111.0,176.0,241.64285714285717,D:\AprPanama2025_fixed\041225_experimental\041225PA_experimental_part04.mp4,1900-01-01 19:14:30.800,675
66309,335,155,8.0,111.0,176.0,241.64285714285717,D:\AprPanama2025_fixed\041225_experimental\041225PA_experimental_part04.mp4,1900-01-01 19:14:30.900,675
66313,335,157,8.5,116.0,172.0,231.66666666666663,D:\AprPanama2025_fixed\041225_experimental\041225PA_experimental_part04.mp4,1900-01-01 19:14:31.300,675
66307,334,155,5.5,113.0,184.0,244.0909090909091,D:\AprPanama2025_fixed\041225_experimental\041225PA_experimental_part04.mp4,1900-01-01 19:14:30.700,674
66319,335,159,1.5,120.0,157.0,114.4,D:\AprPanama2025_fixed\041225_experimental\041225PA_experimental_part04.mp4,1900-01-01 19:14:31.900,675
66345,881,19,5.5,131.0,179.0,239.8181818181818,D:\AprPanama2025_fixed\041225_experimental\041225PA_experimental_part04.mp4,1900-01-01 19:14:34.500,1221
66345,867,20,27.0,111.0,179.0,242.2702702702703,D:\AprPanama2025_fixed\041225_experimental\041225PA_experimental_part04.mp4,1900-01-01 19:14:34.500,1207
66344,866,17,9.5,131.0,179.0,243.52941176470588,D:\AprPanama2025_fixed\041225_experimental\041225PA_experimental_part04.mp4,1900-01-01 19:14:34.400,1206
66346,880,21,16.0,129.0,179.0,252.375,D:\AprPanama2025_fixed\041225_experimental\041225PA_experimental_part04.mp4,1900-01-01 19:14:34.600,1220
66346,867,22,37.5,119.0,254.0,245.79591836734693,D:\AprPanama2025_fixed\041225_experimental\041225PA_experimental_part04.mp4,1900-01-01 19:14:34.600,1207
66348,880,22,19.0,125.0,179.0,250.28571428571428,D:\AprPanama2025_fixed\041225_experimental\041225PA_experimental_part04.mp4,1900-01-01 19:14:34.800,1220
66348,866,23,40.5,121.0,236.0,247.6923076923077,D:\AprPanama2025_fixed\041225_experimental\041225PA_experimental_part04.mp4,1900-01-01 19:14:34.800,1206
66350,881,22,14.5,124.0,179.0,244.8636363636364,D:\AprPanama2025_fixed\041225_experimental\041225PA_experimental_part04.mp4,1900-01-01 19:14:35.000,1221
66350,867,22,38.0,114.0,224.0,243.53061224489795,D:\AprPanama2025_fixed\041225_experimental\041225PA_experimental_part04.mp4,1900-01-01 19:14:35.000,1207
66347,880,22,19.5,121.0,179.0,251.17241379310343,D:\AprPanama2025_fixed\041225_experimental\041225PA_experimental_part04.mp4,1900-01-01 19:14:34.700,1220
66347,867,22,39.5,112.0,245.0,239.42307692307693,D:\AprPanama2025_fixed\041225_experimental\041225PA_experimental_part04.mp4,1900-01-01 19:14:34.700,1207
66353,880,22,11.5,124.0,179.0,249.38888888888889,D:\AprPanama2025_fixed\041225_experimental\041225PA_experimental_part04.mp4,1900-01-01 19:14:35.300,1220
66353,867,22,31.5,111.0,243.0,243.3255813953488,D:\AprPanama2025_fixed\041225_experimental\041225PA_experimental_part04.mp4,1900-01-01 19:14:35.300,1207
66353,64,53,5.0,120.0,169.0,228.5,D:\AprPanama2025_fixed\041225_experimental\041225PA_experimental_part04.mp4,1900-01-01 19:14:35.300,404
66351,880,22,13.5,114.0,179.0,249.8095238095238,D:\AprPanama2025_fixed\041225_experimental\041225PA_experimental_part04.mp4,1900-01-01 19:14:35.100,1220
66351,867,22,35.0,118.0,235.0,246.26086956521735,D:\AprPanama2025_fixed\041225_experimental\041225PA_experimental_part04.mp4,1900-01-01 19:14:35.100,1207
66351,66,52,2.0,126.0,169.0,190.42857142857144,D:\AprPanama2025_fixed\041225_experimental\041225PA_experimental_part04.mp4,1900-01-01 19:14:35.100,406
66352,880,21,12.0,118.0,179.0,248.57894736842104,D:\AprPanama2025_fixed\041225_experimental\041225PA_experimental_part04.mp4,1900-01-01 19:14:35.200,1220
66352,867,22,34.0,124.0,242.0,243.42222222222225,D:\AprPanama2025_fixed\041225_experimental\041225PA_experimental_part04.mp4,1900-01-01 19:14:35.200,1207
66352,65,52,4.0,105.0,169.0,220.1111111111111,D:\AprPanama2025_fixed\041225_experimental\041225PA_experimental_part04.mp4,1900-01-01 19:14:35.200,405
66352,65,52,2.0,105.0,169.0,229.2,D:\AprPanama2025_fixed\041225_experimental\041225PA_experimental_part04.mp4,1900-01-01 19:14:35.200,405
66354,880,21,10.5,127.0,187.0,248.23529411764704,D:\AprPanama2025_fixed\041225_experimental\041225PA_experimental_part04.mp4,1900-01-01 19:14:35.400,1220
66354,867,22,32.0,119.0,222.0,242.86046511627907,D:\AprPanama2025_fixed\041225_experimental\041225PA_experimental_part04.mp4,1900-01-01 19:14:35.400,1207
66354,63,54,5.0,120.0,172.0,193.8,D:\AprPanama2025_fixed\041225_experimental\041225PA_experimental_part04.mp4,1900-01-01 19:14:35.400,403
66349,880,22,17.0,113.0,179.0,249.36,D:\AprPanama2025_fixed\041225_experimental\041225PA_experimental_part04.mp4,1900-01-01 19:14:34.900,1220
66349,866,23,40.5,119.0,219.0,245.1346153846154,D:\AprPanama2025_fixed\041225_experimental\041225PA_experimental_part04.mp4,1900-01-01 19:14:34.900,1206
66357,880,21,8.5,112.0,178.0,243.28571428571428,D:\AprPanama2025_fixed\041225_experimental\041225PA_experimental_part04.mp4,1900-01-01 19:14:35.700,1220
66357,867,22,31.0,113.0,179.0,240.97619047619045,D:\AprPanama2025_fixed\041225_experimental\041225PA_experimental_part04.mp4,1900-01-01 19:14:35.700,1207
66357,61,54,4.0,111.0,176.0,240.77777777777777,D:\AprPanama2025_fixed\041225_experimental\041225PA_experimental_part04.mp4,1900-01-01 19:14:35.700,401
66362,880,20,2.0,134.0,162.0,243.16666666666663,D:\AprPanama2025_fixed\041225_experimental\041225PA_experimental_part04.mp4,1900-01-01 19:14:36.200,1220
66362,867,21,27.5,112.0,214.0,245.44736842105263,D:\AprPanama2025_fixed\041225_experimental\041225PA_experimental_part04.mp4,1900-01-01 19:14:36.200,1207
66356,880,21,8.5,114.0,176.0,249.8,D:\AprPanama2025_fixed\041225_experimental\041225PA_experimental_part04.mp4,1900-01-01 19:14:35.600,1220
66356,867,22,31.5,113.0,179.0,240.59523809523807,D:\AprPanama2025_fixed\041225_experimental\041225PA_experimental_part04.mp4,1900-01-01 19:14:35.600,1207
66356,61,54,4.0,130.0,179.0,252.0,D:\AprPanama2025_fixed\041225_experimental\041225PA_experimental_part04.mp4,1900-01-01 19:14:35.600,401
66355,880,21,8.5,125.0,178.0,250.0,D:\AprPanama2025_fixed\041225_experimental\041225PA_experimental_part04.mp4,1900-01-01 19:14:35.500,1220
66355,867,22,32.5,114.0,248.0,242.27272727272728,D:\AprPanama2025_fixed\041225_experimental\041225PA_experimental_part04.mp4,1900-01-01 19:14:35.500,1207
66355,63,54,5.0,113.0,167.0,204.4,D:\AprPanama2025_fixed\041225_experimental\041225PA_experimental_part04.mp4,1900-01-01 19:14:35.500,403
66361,880,20,3.0,124.0,170.0,247.42857142857144,D:\AprPanama2025_fixed\041225_experimental\041225PA_experimental_part04.mp4,1900-01-01 19:14:36.100,1220
66361,867,21,31.5,128.0,213.0,246.2558139534884,D:\AprPanama2025_fixed\041225_experimental\041225PA_experimental_part04.mp4,1900-01-01 19:14:36.100,1207
66359,880,21,4.5,119.0,173.0,227.0,D:\AprPanama2025_fixed\041225_experimental\041225PA_experimental_part04.mp4,1900-01-01 19:14:35.900,1220
66359,867,21,33.5,113.0,179.0,245.6,D:\AprPanama2025_fixed\041225_experimental\041225PA_experimental_part04.mp4,1900-01-01 19:14:35.900,1207
66359,60,56,1.5,117.0,170.0,230.8,D:\AprPanama2025_fixed\041225_experimental\041225PA_experimental_part04.mp4,1900-01-01 19:14:35.900,400
66360,880,21,3.5,121.0,168.0,245.2222222222222,D:\AprPanama2025_fixed\041225_experimental\041225PA_experimental_part04.mp4,1900-01-01 19:14:36.000,1220
66360,867,21,32.5,113.0,179.0,246.70454545454547,D:\AprPanama2025_fixed\041225_experimental\041225PA_experimental_part04.mp4,1900-01-01 19:14:36.000,1207
66360,59,56,2.5,128.0,161.0,212.28571428571428,D:\AprPanama2025_fixed\041225_experimental\041225PA_experimental_part04.mp4,1900-01-01 19:14:36.000,399
66358,880,21,7.5,122.0,176.0,237.61538461538464,D:\AprPanama2025_fixed\041225_experimental\041225PA_experimental_part04.mp4,1900-01-01 19:14:35.800,1220
66358,867,22,32.0,111.0,179.0,245.53488372093025,D:\AprPanama2025_fixed\041225_experimental\041225PA_experimental_part04.mp4,1900-01-01 19:14:35.800,1207
66358,60,55,6.5,112.0,177.0,219.25,D:\AprPanama2025_fixed\041225_experimental\041225PA_experimental_part04.mp4,1900-01-01 19:14:35.800,400
66370,867,20,30.0,115.0,179.0,242.51219512195124,D:\AprPanama2025_fixed\041225_experimental\041225PA_experimental_part04.mp4,1900-01-01 19:14:37.000,1207
66366,867,21,26.5,129.0,179.0,247.5675675675676,D:\AprPanama2025_fixed\041225_experimental\041225PA_experimental_part04.mp4,1900-01-01 19:14:36.600,1207
66367,867,20,27.0,114.0,179.0,248.23684210526315,D:\AprPanama2025_fixed\041225_experimental\041225PA_experimental_part04.mp4,1900-01-01 19:14:36.700,1207
66367,54,58,2.0,116.0,173.0,218.5,D:\AprPanama2025_fixed\041225_experimental\041225PA_experimental_part04.mp4,1900-01-01 19:14:36.700,394
66367,35,60,1.5,115.0,141.0,61.0,D:\AprPanama2025_fixed\041225_experimental\041225PA_experimental_part04.mp4,1900-01-01 19:14:36.700,375
66365,880,20,3.0,115.0,167.0,246.42857142857144,D:\AprPanama2025_fixed\041225_experimental\041225PA_experimental_part04.mp4,1900-01-01 19:14:36.500,1220
66365,867,21,26.5,120.0,179.0,244.7297297297297,D:\AprPanama2025_fixed\041225_experimental\041225PA_experimental_part04.mp4,1900-01-01 19:14:36.500,1207
66365,54,58,1.5,114.0,134.0,28.0,D:\AprPanama2025_fixed\041225_experimental\041225PA_experimental_part04.mp4,1900-01-01 19:14:36.500,394
66369,880,20,2.5,132.0,179.0,241.3333333333333,D:\AprPanama2025_fixed\041225_experimental\041225PA_experimental_part04.mp4,1900-01-01 19:14:36.900,1220
66369,867,20,30.0,112.0,179.0,242.3658536585366,D:\AprPanama2025_fixed\041225_experimental\041225PA_experimental_part04.mp4,1900-01-01 19:14:36.900,1207
66364,880,20,2.0,124.0,156.0,246.16666666666663,D:\AprPanama2025_fixed\041225_experimental\041225PA_experimental_part04.mp4,1900-01-01 19:14:36.400,1220
66364,867,21,26.5,120.0,179.0,246.02702702702703,D:\AprPanama2025_fixed\041225_experimental\041225PA_experimental_part04.mp4,1900-01-01 19:14:36.400,1207
66364,35,59,1.5,112.0,141.0,103.2,D:\AprPanama2025_fixed\041225_experimental\041225PA_experimental_part04.mp4,1900-01-01 19:14:36.400,375
66368,880,20,1.5,129.0,161.0,245.66666666666663,D:\AprPanama2025_fixed\041225_experimental\041225PA_experimental_part04.mp4,1900-01-01 19:14:36.800,1220
66368,867,20,27.0,129.0,211.0,248.02631578947367,D:\AprPanama2025_fixed\041225_experimental\041225PA_experimental_part04.mp4,1900-01-01 19:14:36.800,1207
66368,53,60,1.5,114.0,145.0,40.2,D:\AprPanama2025_fixed\041225_experimental\041225PA_experimental_part04.mp4,1900-01-01 19:14:36.800,393
66363,880,20,2.0,125.0,169.0,243.66666666666663,D:\AprPanama2025_fixed\041225_experimental\041225PA_experimental_part04.mp4,1900-01-01 19:14:36.300,1220
66363,867,21,25.5,111.0,212.0,244.16666666666663,D:\AprPanama2025_fixed\041225_experimental\041225PA_experimental_part04.mp4,1900-01-01 19:14:36.300,1207
66374,867,20,28.0,117.0,179.0,248.15789473684208,D:\AprPanama2025_fixed\041225_experimental\041225PA_experimental_part04.mp4,1900-01-01 19:14:37.400,1207
66375,879,20,2.5,111.0,179.0,209.7142857142857,D:\AprPanama2025_fixed\041225_experimental\041225PA_experimental_part04.mp4,1900-01-01 19:14:37.500,1219
66375,867,20,27.0,117.0,179.0,245.07894736842104,D:\AprPanama2025_fixed\041225_experimental\041225PA_experimental_part04.mp4,1900-01-01 19:14:37.500,1207
66377,867,19,25.5,115.0,179.0,244.44444444444443,D:\AprPanama2025_fixed\041225_experimental\041225PA_experimental_part04.mp4,1900-01-01 19:14:37.700,1207
66376,867,19,26.0,112.0,179.0,243.0810810810811,D:\AprPanama2025_fixed\041225_experimental\041225PA_experimental_part04.mp4,1900-01-01 19:14:37.600,1207
66371,879,20,2.0,122.0,164.0,196.3333333333333,D:\AprPanama2025_fixed\041225_experimental\041225PA_experimental_part04.mp4,1900-01-01 19:14:37.100,1219
66371,867,20,30.0,115.0,179.0,242.51219512195124,D:\AprPanama2025_fixed\041225_experimental\041225PA_experimental_part04.mp4,1900-01-01 19:14:37.100,1207
66372,880,19,2.0,111.0,164.0,229.28571428571428,D:\AprPanama2025_fixed\041225_experimental\041225PA_experimental_part04.mp4,1900-01-01 19:14:37.200,1220
66372,867,20,30.0,112.0,179.0,245.63414634146343,D:\AprPanama2025_fixed\041225_experimental\041225PA_experimental_part04.mp4,1900-01-01 19:14:37.200,1207
66373,867,20,29.5,111.0,179.0,247.0,D:\AprPanama2025_fixed\041225_experimental\041225PA_experimental_part04.mp4,1900-01-01 19:14:37.300,1207
66378,867,19,29.0,112.0,179.0,244.975,D:\AprPanama2025_fixed\041225_experimental\041225PA_experimental_part04.mp4,1900-01-01 19:14:37.800,1207
66379,867,19,29.0,113.0,179.0,245.95,D:\AprPanama2025_fixed\041225_experimental\041225PA_experimental_part04.mp4,1900-01-01 19:14:37.900,1207
66381,867,19,27.5,116.0,179.0,247.0526315789473,D:\AprPanama2025_fixed\041225_experimental\041225PA_experimental_part04.mp4,1900-01-01 19:14:38.100,1207
66384,867,18,30.0,115.0,179.0,247.70731707317077,D:\AprPanama2025_fixed\041225_experimental\041225PA_experimental_part04.mp4,1900-01-01 19:14:38.400,1207
66383,867,18,29.5,121.0,179.0,246.925,D:\AprPanama2025_fixed\041225_experimental\041225PA_experimental_part04.mp4,1900-01-01 19:14:38.300,1207
66380,867,19,31.0,115.0,179.0,244.2142857142857,D:\AprPanama2025_fixed\041225_experimental\041225PA_experimental_part04.mp4,1900-01-01 19:14:38.000,1207
66382,867,18,29.5,112.0,179.0,242.65,D:\AprPanama2025_fixed\041225_experimental\041225PA_experimental_part04.mp4,1900-01-01 19:14:38.200,1207
66386,867,18,33.5,114.0,179.0,245.57777777777775,D:\AprPanama2025_fixed\041225_experimental\041225PA_experimental_part04.mp4,1900-01-01 19:14:38.600,1207
66386,778,181,26.5,111.0,179.0,248.81081081081084,D:\AprPanama2025_fixed\041225_experimental\041225PA_experimental_part04.mp4,1900-01-01 19:14:38.600,1118
66385,867,18,32.5,114.0,179.0,246.79545454545456,D:\AprPanama2025_fixed\041225_experimental\041225PA_experimental_part04.mp4,1900-01-01 19:14:38.500,1207
66385,779,176,7.0,114.0,179.0,238.85714285714283,D:\AprPanama2025_fixed\041225_experimental\041225PA_experimental_part04.mp4,1900-01-01 19:14:38.500,1119
66390,868,15,45.0,118.0,179.0,248.7627118644068,D:\AprPanama2025_fixed\041225_experimental\041225PA_experimental_part04.mp4,1900-01-01 19:14:39.000,1208
66390,777,183,32.5,111.0,179.0,247.0,D:\AprPanama2025_fixed\041225_experimental\041225PA_experimental_part04.mp4,1900-01-01 19:14:39.000,1117
66392,879,13,9.5,111.0,179.0,237.125,D:\AprPanama2025_fixed\041225_experimental\041225PA_experimental_part04.mp4,1900-01-01 19:14:39.200,1219
66392,867,15,48.0,112.0,179.0,241.64516129032256,D:\AprPanama2025_fixed\041225_experimental\041225PA_experimental_part04.mp4,1900-01-01 19:14:39.200,1207
66392,778,183,33.5,123.0,179.0,247.62222222222223,D:\AprPanama2025_fixed\041225_experimental\041225PA_experimental_part04.mp4,1900-01-01 19:14:39.200,1118
66388,867,17,33.0,117.0,179.0,249.9318181818182,D:\AprPanama2025_fixed\041225_experimental\041225PA_experimental_part04.mp4,1900-01-01 19:14:38.800,1207
66388,778,183,37.5,112.0,179.0,251.1428571428571,D:\AprPanama2025_fixed\041225_experimental\041225PA_experimental_part04.mp4,1900-01-01 19:14:38.800,1118
66393,870,14,68.5,111.0,179.0,243.48387096774195,D:\AprPanama2025_fixed\041225_experimental\041225PA_experimental_part04.mp4,1900-01-01 19:14:39.300,1210
66393,778,183,33.5,123.0,179.0,247.62222222222223,D:\AprPanama2025_fixed\041225_experimental\041225PA_experimental_part04.mp4,1900-01-01 19:14:39.300,1118
66389,867,16,33.5,120.0,179.0,248.3777777777778,D:\AprPanama2025_fixed\041225_experimental\041225PA_experimental_part04.mp4,1900-01-01 19:14:38.900,1207
66389,778,183,39.5,111.0,179.0,250.8627450980392,D:\AprPanama2025_fixed\041225_experimental\041225PA_experimental_part04.mp4,1900-01-01 19:14:38.900,1118
66391,868,15,39.0,113.0,179.0,245.61538461538464,D:\AprPanama2025_fixed\041225_experimental\041225PA_experimental_part04.mp4,1900-01-01 19:14:39.100,1208
66391,778,183,35.0,121.0,179.0,248.1063829787234,D:\AprPanama2025_fixed\041225_experimental\041225PA_experimental_part04.mp4,1900-01-01 19:14:39.100,1118
66387,867,17,33.0,111.0,179.0,246.6818181818182,D:\AprPanama2025_fixed\041225_experimental\041225PA_experimental_part04.mp4,1900-01-01 19:14:38.700,1207
66387,778,182,30.5,111.0,179.0,253.02439024390245,D:\AprPanama2025_fixed\041225_experimental\041225PA_experimental_part04.mp4,1900-01-01 19:14:38.700,1118
66394,870,14,66.5,111.0,179.0,250.1888888888889,D:\AprPanama2025_fixed\041225_experimental\041225PA_experimental_part04.mp4,1900-01-01 19:14:39.400,1210
66394,778,183,33.5,116.0,179.0,247.57777777777775,D:\AprPanama2025_fixed\041225_experimental\041225PA_experimental_part04.mp4,1900-01-01 19:14:39.400,1118
66397,880,13,13.0,123.0,178.0,247.19047619047615,D:\AprPanama2025_fixed\041225_experimental\041225PA_experimental_part04.mp4,1900-01-01 19:14:39.700,1220
66397,867,14,45.0,119.0,179.0,246.85,D:\AprPanama2025_fixed\041225_experimental\041225PA_experimental_part04.mp4,1900-01-01 19:14:39.700,1207
66397,778,183,29.5,114.0,179.0,244.25,D:\AprPanama2025_fixed\041225_experimental\041225PA_experimental_part04.mp4,1900-01-01 19:14:39.700,1118
66398,881,13,11.0,141.0,179.0,251.94444444444443,D:\AprPanama2025_fixed\041225_experimental\041225PA_experimental_part04.mp4,1900-01-01 19:14:39.800,1221
66398,867,14,48.0,111.0,179.0,247.3650793650793,D:\AprPanama2025_fixed\041225_experimental\041225PA_experimental_part04.mp4,1900-01-01 19:14:39.800,1207
66398,778,184,25.0,112.0,179.0,250.3611111111111,D:\AprPanama2025_fixed\041225_experimental\041225PA_experimental_part04.mp4,1900-01-01 19:14:39.800,1118
66395,871,13,72.0,114.0,179.0,249.8020833333333,D:\AprPanama2025_fixed\041225_experimental\041225PA_experimental_part04.mp4,1900-01-01 19:14:39.500,1211
66395,778,183,32.0,112.0,179.0,243.8181818181818,D:\AprPanama2025_fixed\041225_experimental\041225PA_experimental_part04.mp4,1900-01-01 19:14:39.500,1118
66396,880,13,13.5,124.0,178.0,248.85714285714283,D:\AprPanama2025_fixed\041225_experimental\041225PA_experimental_part04.mp4,1900-01-01 19:14:39.600,1220
66396,867,14,39.5,112.0,179.0,248.9811320754717,D:\AprPanama2025_fixed\041225_experimental\041225PA_experimental_part04.mp4,1900-01-01 19:14:39.600,1207
66396,778,183,31.0,119.0,178.0,245.57142857142856,D:\AprPanama2025_fixed\041225_experimental\041225PA_experimental_part04.mp4,1900-01-01 19:14:39.600,1118
66401,881,13,8.5,117.0,178.0,246.4,D:\AprPanama2025_fixed\041225_experimental\041225PA_experimental_part04.mp4,1900-01-01 19:14:40.100,1221
66401,866,14,37.5,125.0,179.0,247.90196078431373,D:\AprPanama2025_fixed\041225_experimental\041225PA_experimental_part04.mp4,1900-01-01 19:14:40.100,1206
66401,778,184,25.5,117.0,179.0,246.14285714285717,D:\AprPanama2025_fixed\041225_experimental\041225PA_experimental_part04.mp4,1900-01-01 19:14:40.100,1118
66399,881,13,12.0,118.0,179.0,249.7894736842105,D:\AprPanama2025_fixed\041225_experimental\041225PA_experimental_part04.mp4,1900-01-01 19:14:39.900,1221
66399,866,14,45.5,112.0,179.0,249.4,D:\AprPanama2025_fixed\041225_experimental\041225PA_experimental_part04.mp4,1900-01-01 19:14:39.900,1206
66399,778,183,26.0,136.0,179.0,246.8611111111111,D:\AprPanama2025_fixed\041225_experimental\041225PA_experimental_part04.mp4,1900-01-01 19:14:39.900,1118
66400,881,13,11.5,114.0,178.0,250.42105263157893,D:\AprPanama2025_fixed\041225_experimental\041225PA_experimental_part04.mp4,1900-01-01 19:14:40.000,1221
66400,867,14,48.5,118.0,179.0,249.734375,D:\AprPanama2025_fixed\041225_experimental\041225PA_experimental_part04.mp4,1900-01-01 19:14:40.000,1207
66400,778,183,26.0,113.0,179.0,245.16666666666663,D:\AprPanama2025_fixed\041225_experimental\041225PA_experimental_part04.mp4,1900-01-01 19:14:40.000,1118
66402,881,13,5.0,114.0,176.0,242.2,D:\AprPanama2025_fixed\041225_experimental\041225PA_experimental_part04.mp4,1900-01-01 19:14:40.200,1221
66402,865,14,24.0,116.0,179.0,250.27777777777777,D:\AprPanama2025_fixed\041225_experimental\041225PA_experimental_part04.mp4,1900-01-01 19:14:40.200,1205
66402,778,183,22.5,111.0,179.0,247.5625,D:\AprPanama2025_fixed\041225_experimental\041225PA_experimental_part04.mp4,1900-01-01 19:14:40.200,1118
66410,779,182,6.5,120.0,170.0,245.8333333333333,D:\AprPanama2025_fixed\041225_experimental\041225PA_experimental_part04.mp4,1900-01-01 19:14:41.000,1119
66405,778,183,18.0,112.0,179.0,244.37037037037035,D:\AprPanama2025_fixed\041225_experimental\041225PA_experimental_part04.mp4,1900-01-01 19:14:40.500,1118
66407,778,183,15.0,113.0,179.0,248.3333333333333,D:\AprPanama2025_fixed\041225_experimental\041225PA_experimental_part04.mp4,1900-01-01 19:14:40.700,1118
66409,779,182,10.0,125.0,179.0,241.94117647058823,D:\AprPanama2025_fixed\041225_experimental\041225PA_experimental_part04.mp4,1900-01-01 19:14:40.900,1119
66404,865,14,4.0,112.0,172.0,252.55555555555557,D:\AprPanama2025_fixed\041225_experimental\041225PA_experimental_part04.mp4,1900-01-01 19:14:40.400,1205
66404,778,183,19.0,119.0,179.0,248.4642857142857,D:\AprPanama2025_fixed\041225_experimental\041225PA_experimental_part04.mp4,1900-01-01 19:14:40.400,1118
66406,778,183,15.0,113.0,179.0,247.9583333333333,D:\AprPanama2025_fixed\041225_experimental\041225PA_experimental_part04.mp4,1900-01-01 19:14:40.600,1118
66408,778,183,7.5,114.0,179.0,245.33333333333331,D:\AprPanama2025_fixed\041225_experimental\041225PA_experimental_part04.mp4,1900-01-01 19:14:40.800,1118
66403,882,13,2.5,111.0,175.0,242.8333333333333,D:\AprPanama2025_fixed\041225_experimental\041225PA_experimental_part04.mp4,1900-01-01 19:14:40.300,1222
66403,865,14,18.0,112.0,179.0,247.26666666666665,D:\AprPanama2025_fixed\041225_experimental\041225PA_experimental_part04.mp4,1900-01-01 19:14:40.300,1205
66403,778,183,20.5,113.0,179.0,246.46666666666667,D:\AprPanama2025_fixed\041225_experimental\041225PA_experimental_part04.mp4,1900-01-01 19:14:40.300,1118
66412,779,182,8.5,112.0,174.0,246.75,D:\AprPanama2025_fixed\041225_experimental\041225PA_experimental_part04.mp4,1900-01-01 19:14:41.200,1119
66416,779,181,3.5,116.0,146.0,255.0,D:\AprPanama2025_fixed\041225_experimental\041225PA_experimental_part04.mp4,1900-01-01 19:14:41.600,1119
66417,779,181,3.5,116.0,146.0,255.0,D:\AprPanama2025_fixed\041225_experimental\041225PA_experimental_part04.mp4,1900-01-01 19:14:41.700,1119
66414,779,181,3.0,114.0,151.0,254.5,D:\AprPanama2025_fixed\041225_experimental\041225PA_experimental_part04.mp4,1900-01-01 19:14:41.400,1119
66411,779,182,7.0,112.0,176.0,245.6923076923077,D:\AprPanama2025_fixed\041225_experimental\041225PA_experimental_part04.mp4,1900-01-01 19:14:41.100,1119
66413,779,182,5.5,113.0,169.0,241.54545454545456,D:\AprPanama2025_fixed\041225_experimental\041225PA_experimental_part04.mp4,1900-01-01 19:14:41.300,1119
66431,788,110,10.5,112.0,179.0,249.88888888888889,D:\AprPanama2025_fixed\041225_experimental\041225PA_experimental_part04.mp4,1900-01-01 19:14:43.100,1128
66432,788,110,9.0,121.0,179.0,249.25,D:\AprPanama2025_fixed\041225_experimental\041225PA_experimental_part04.mp4,1900-01-01 19:14:43.200,1128
66428,788,110,9.0,124.0,179.0,251.7333333333333,D:\AprPanama2025_fixed\041225_experimental\041225PA_experimental_part04.mp4,1900-01-01 19:14:42.800,1128
66434,788,110,10.5,119.0,179.0,236.7222222222222,D:\AprPanama2025_fixed\041225_experimental\041225PA_experimental_part04.mp4,1900-01-01 19:14:43.400,1128
66429,788,110,9.5,124.0,179.0,233.0625,D:\AprPanama2025_fixed\041225_experimental\041225PA_experimental_part04.mp4,1900-01-01 19:14:42.900,1128
66433,788,110,10.5,112.0,179.0,244.94444444444443,D:\AprPanama2025_fixed\041225_experimental\041225PA_experimental_part04.mp4,1900-01-01 19:14:43.300,1128
66430,789,110,8.5,115.0,179.0,246.13333333333333,D:\AprPanama2025_fixed\041225_experimental\041225PA_experimental_part04.mp4,1900-01-01 19:14:43.000,1129
66427,788,110,1.5,123.0,175.0,233.8,D:\AprPanama2025_fixed\041225_experimental\041225PA_experimental_part04.mp4,1900-01-01 19:14:42.700,1128
66436,788,109,6.0,127.0,178.0,232.41666666666663,D:\AprPanama2025_fixed\041225_experimental\041225PA_experimental_part04.mp4,1900-01-01 19:14:43.600,1128
66435,788,110,10.5,119.0,179.0,236.7222222222222,D:\AprPanama2025_fixed\041225_experimental\041225PA_experimental_part04.mp4,1900-01-01 19:14:43.500,1128
66437,788,109,5.0,122.0,175.0,248.63636363636363,D:\AprPanama2025_fixed\041225_experimental\041225PA_experimental_part04.mp4,1900-01-01 19:14:43.700,1128
66439,789,108,6.0,129.0,179.0,237.63636363636363,D:\AprPanama2025_fixed\041225_experimental\041225PA_experimental_part04.mp4,1900-01-01 19:14:43.900,1129
66440,788,108,5.5,119.0,175.0,236.45454545454547,D:\AprPanama2025_fixed\041225_experimental\041225PA_experimental_part04.mp4,1900-01-01 19:14:44.000,1128
66441,789,108,4.0,111.0,170.0,241.0,D:\AprPanama2025_fixed\041225_experimental\041225PA_experimental_part04.mp4,1900-01-01 19:14:44.100,1129
66442,788,108,4.5,119.0,179.0,239.4,D:\AprPanama2025_fixed\041225_experimental\041225PA_experimental_part04.mp4,1900-01-01 19:14:44.200,1128
66438,788,109,5.0,114.0,178.0,234.27272727272728,D:\AprPanama2025_fixed\041225_experimental\041225PA_experimental_part04.mp4,1900-01-01 19:14:43.800,1128
66443,789,108,4.0,116.0,171.0,246.1111111111111,D:\AprPanama2025_fixed\041225_experimental\041225PA_experimental_part04.mp4,1900-01-01 19:14:44.300,1129
66710,1164,65,2.5,115.0,171.0,228.28571428571428,D:\AprPanama2025_fixed\041225_experimental\041225PA_experimental_part04.mp4,1900-01-01 19:15:11.000,1504
66713,1165,65,1.5,112.0,171.0,250.0,D:\AprPanama2025_fixed\041225_experimental\041225PA_experimental_part04.mp4,1900-01-01 19:15:11.300,1505
66709,1164,65,2.5,119.0,177.0,228.28571428571428,D:\AprPanama2025_fixed\041225_experimental\041225PA_experimental_part04.mp4,1900-01-01 19:15:10.900,1504
66720,982,148,1.5,135.0,166.0,247.8,D:\AprPanama2025_fixed\041225_experimental\041225PA_experimental_part04.mp4,1900-01-01 19:15:12.000,1322
66721,982,148,2.0,118.0,176.0,188.0,D:\AprPanama2025_fixed\041225_experimental\041225PA_experimental_part04.mp4,1900-01-01 19:15:12.100,1322
66722,982,149,3.5,114.0,176.0,216.44444444444443,D:\AprPanama2025_fixed\041225_experimental\041225PA_experimental_part04.mp4,1900-01-01 19:15:12.200,1322
66725,983,148,4.5,117.0,175.0,245.1,D:\AprPanama2025_fixed\041225_experimental\041225PA_experimental_part04.mp4,1900-01-01 19:15:12.500,1323
66725,922,208,20.5,111.0,179.0,243.3103448275862,D:\AprPanama2025_fixed\041225_experimental\041225PA_experimental_part04.mp4,1900-01-01 19:15:12.500,1262
66723,983,148,2.5,124.0,159.0,249.85714285714283,D:\AprPanama2025_fixed\041225_experimental\041225PA_experimental_part04.mp4,1900-01-01 19:15:12.300,1323
66728,977,166,3.0,128.0,173.0,235.75,D:\AprPanama2025_fixed\041225_experimental\041225PA_experimental_part04.mp4,1900-01-01 19:15:12.800,1317
66728,921,208,28.5,133.0,179.0,249.53846153846152,D:\AprPanama2025_fixed\041225_experimental\041225PA_experimental_part04.mp4,1900-01-01 19:15:12.800,1261
66724,983,148,4.5,130.0,179.0,230.27272727272728,D:\AprPanama2025_fixed\041225_experimental\041225PA_experimental_part04.mp4,1900-01-01 19:15:12.400,1323
66724,923,208,16.0,113.0,179.0,240.66666666666663,D:\AprPanama2025_fixed\041225_experimental\041225PA_experimental_part04.mp4,1900-01-01 19:15:12.400,1263
66729,977,166,2.5,138.0,176.0,222.42857142857144,D:\AprPanama2025_fixed\041225_experimental\041225PA_experimental_part04.mp4,1900-01-01 19:15:12.900,1317
66729,921,208,26.5,121.0,179.0,243.16666666666663,D:\AprPanama2025_fixed\041225_experimental\041225PA_experimental_part04.mp4,1900-01-01 19:15:12.900,1261
66727,983,148,2.5,112.0,162.0,235.28571428571428,D:\AprPanama2025_fixed\041225_experimental\041225PA_experimental_part04.mp4,1900-01-01 19:15:12.700,1323
66727,921,208,28.5,133.0,179.0,249.4102564102564,D:\AprPanama2025_fixed\041225_experimental\041225PA_experimental_part04.mp4,1900-01-01 19:15:12.700,1261
66730,238,154,2.5,118.0,169.0,238.625,D:\AprPanama2025_fixed\041225_experimental\041225PA_experimental_part04.mp4,1900-01-01 19:15:13.000,578
66730,978,166,3.5,124.0,179.0,247.75,D:\AprPanama2025_fixed\041225_experimental\041225PA_experimental_part04.mp4,1900-01-01 19:15:13.000,1318
66730,921,208,25.5,118.0,179.0,248.14285714285717,D:\AprPanama2025_fixed\041225_experimental\041225PA_experimental_part04.mp4,1900-01-01 19:15:13.000,1261
66726,983,148,2.5,112.0,175.0,241.375,D:\AprPanama2025_fixed\041225_experimental\041225PA_experimental_part04.mp4,1900-01-01 19:15:12.600,1323
66726,921,208,28.5,127.0,179.0,249.4102564102564,D:\AprPanama2025_fixed\041225_experimental\041225PA_experimental_part04.mp4,1900-01-01 19:15:12.600,1261
66737,237,155,7.0,113.0,179.0,240.57142857142856,D:\AprPanama2025_fixed\041225_experimental\041225PA_experimental_part04.mp4,1900-01-01 19:15:13.700,577
66737,922,208,18.5,112.0,177.0,248.07407407407405,D:\AprPanama2025_fixed\041225_experimental\041225PA_experimental_part04.mp4,1900-01-01 19:15:13.700,1262
66734,238,155,8.0,127.0,176.0,246.05882352941177,D:\AprPanama2025_fixed\041225_experimental\041225PA_experimental_part04.mp4,1900-01-01 19:15:13.400,578
66734,922,208,18.0,116.0,179.0,249.84615384615387,D:\AprPanama2025_fixed\041225_experimental\041225PA_experimental_part04.mp4,1900-01-01 19:15:13.400,1262
66736,237,155,8.0,128.0,179.0,252.66666666666663,D:\AprPanama2025_fixed\041225_experimental\041225PA_experimental_part04.mp4,1900-01-01 19:15:13.600,577
66736,922,208,15.5,117.0,178.0,246.26086956521735,D:\AprPanama2025_fixed\041225_experimental\041225PA_experimental_part04.mp4,1900-01-01 19:15:13.600,1262
66735,238,155,9.5,116.0,179.0,244.94444444444443,D:\AprPanama2025_fixed\041225_experimental\041225PA_experimental_part04.mp4,1900-01-01 19:15:13.500,578
66735,922,208,16.0,123.0,179.0,247.625,D:\AprPanama2025_fixed\041225_experimental\041225PA_experimental_part04.mp4,1900-01-01 19:15:13.500,1262
66733,238,155,7.0,124.0,179.0,248.4,D:\AprPanama2025_fixed\041225_experimental\041225PA_experimental_part04.mp4,1900-01-01 19:15:13.300,578
66733,978,167,1.5,116.0,170.0,253.4,D:\AprPanama2025_fixed\041225_experimental\041225PA_experimental_part04.mp4,1900-01-01 19:15:13.300,1318
66733,922,208,19.0,111.0,179.0,249.32142857142856,D:\AprPanama2025_fixed\041225_experimental\041225PA_experimental_part04.mp4,1900-01-01 19:15:13.300,1262
66738,237,156,7.0,123.0,176.0,245.53846153846155,D:\AprPanama2025_fixed\041225_experimental\041225PA_experimental_part04.mp4,1900-01-01 19:15:13.800,577
66738,924,178,18.5,115.0,179.0,246.66666666666663,D:\AprPanama2025_fixed\041225_experimental\041225PA_experimental_part04.mp4,1900-01-01 19:15:13.800,1264
66738,922,208,18.0,114.0,179.0,250.3846153846154,D:\AprPanama2025_fixed\041225_experimental\041225PA_experimental_part04.mp4,1900-01-01 19:15:13.800,1262
66731,238,154,3.0,127.0,178.0,245.2,D:\AprPanama2025_fixed\041225_experimental\041225PA_experimental_part04.mp4,1900-01-01 19:15:13.100,578
66731,978,167,5.0,111.0,177.0,236.8,D:\AprPanama2025_fixed\041225_experimental\041225PA_experimental_part04.mp4,1900-01-01 19:15:13.100,1318
66731,922,208,22.5,130.0,179.0,244.4193548387097,D:\AprPanama2025_fixed\041225_experimental\041225PA_experimental_part04.mp4,1900-01-01 19:15:13.100,1262
66732,237,154,4.5,131.0,179.0,249.5833333333333,D:\AprPanama2025_fixed\041225_experimental\041225PA_experimental_part04.mp4,1900-01-01 19:15:13.200,577
66732,978,167,1.5,117.0,169.0,255.0,D:\AprPanama2025_fixed\041225_experimental\041225PA_experimental_part04.mp4,1900-01-01 19:15:13.200,1318
66732,922,208,20.0,115.0,179.0,245.89655172413796,D:\AprPanama2025_fixed\041225_experimental\041225PA_experimental_part04.mp4,1900-01-01 19:15:13.200,1262
66741,236,156,3.5,119.0,175.0,250.3333333333333,D:\AprPanama2025_fixed\041225_experimental\041225PA_experimental_part04.mp4,1900-01-01 19:15:14.100,576
66741,924,178,20.5,122.0,179.0,249.48275862068965,D:\AprPanama2025_fixed\041225_experimental\041225PA_experimental_part04.mp4,1900-01-01 19:15:14.100,1264
66741,923,207,12.5,101.0,177.0,247.0,D:\AprPanama2025_fixed\041225_experimental\041225PA_experimental_part04.mp4,1900-01-01 19:15:14.100,1263
66741,924,207,2.0,101.0,176.0,243.0,D:\AprPanama2025_fixed\041225_experimental\041225PA_experimental_part04.mp4,1900-01-01 19:15:14.100,1264
66742,236,157,9.0,111.0,177.0,227.75,D:\AprPanama2025_fixed\041225_experimental\041225PA_experimental_part04.mp4,1900-01-01 19:15:14.200,576
66742,924,178,19.0,111.0,179.0,250.67857142857144,D:\AprPanama2025_fixed\041225_experimental\041225PA_experimental_part04.mp4,1900-01-01 19:15:14.200,1264
66742,923,207,11.5,18.0,179.0,241.05555555555557,D:\AprPanama2025_fixed\041225_experimental\041225PA_experimental_part04.mp4,1900-01-01 19:15:14.200,1263
66742,924,207,2.0,18.0,179.0,236.0,D:\AprPanama2025_fixed\041225_experimental\041225PA_experimental_part04.mp4,1900-01-01 19:15:14.200,1264
66745,235,157,3.0,117.0,169.0,251.75,D:\AprPanama2025_fixed\041225_experimental\041225PA_experimental_part04.mp4,1900-01-01 19:15:14.500,575
66745,924,177,18.5,115.0,179.0,245.96296296296296,D:\AprPanama2025_fixed\041225_experimental\041225PA_experimental_part04.mp4,1900-01-01 19:15:14.500,1264
66745,923,207,7.5,121.0,178.0,245.4,D:\AprPanama2025_fixed\041225_experimental\041225PA_experimental_part04.mp4,1900-01-01 19:15:14.500,1263
66739,237,156,6.5,112.0,177.0,244.92307692307693,D:\AprPanama2025_fixed\041225_experimental\041225PA_experimental_part04.mp4,1900-01-01 19:15:13.900,577
66739,924,178,20.0,130.0,179.0,248.17857142857144,D:\AprPanama2025_fixed\041225_experimental\041225PA_experimental_part04.mp4,1900-01-01 19:15:13.900,1264
66739,923,207,17.0,111.0,178.0,246.0,D:\AprPanama2025_fixed\041225_experimental\041225PA_experimental_part04.mp4,1900-01-01 19:15:13.900,1263
66740,236,156,5.5,117.0,165.0,227.54545454545456,D:\AprPanama2025_fixed\041225_experimental\041225PA_experimental_part04.mp4,1900-01-01 19:15:14.000,576
66740,924,178,21.5,112.0,179.0,251.0,D:\AprPanama2025_fixed\041225_experimental\041225PA_experimental_part04.mp4,1900-01-01 19:15:14.000,1264
66740,923,207,13.0,101.0,179.0,245.8,D:\AprPanama2025_fixed\041225_experimental\041225PA_experimental_part04.mp4,1900-01-01 19:15:14.000,1263
66740,924,207,2.0,101.0,166.0,242.4,D:\AprPanama2025_fixed\041225_experimental\041225PA_experimental_part04.mp4,1900-01-01 19:15:14.000,1264
66744,236,157,2.0,114.0,169.0,248.0,D:\AprPanama2025_fixed\041225_experimental\041225PA_experimental_part04.mp4,1900-01-01 19:15:14.400,576
66744,924,177,17.5,115.0,179.0,248.53846153846155,D:\AprPanama2025_fixed\041225_experimental\041225PA_experimental_part04.mp4,1900-01-01 19:15:14.400,1264
66744,923,207,9.0,19.0,179.0,240.3125,D:\AprPanama2025_fixed\041225_experimental\041225PA_experimental_part04.mp4,1900-01-01 19:15:14.400,1263
66744,924,207,2.0,19.0,178.0,236.8,D:\AprPanama2025_fixed\041225_experimental\041225PA_experimental_part04.mp4,1900-01-01 19:15:14.400,1264
66746,924,177,15.5,119.0,179.0,247.7391304347826,D:\AprPanama2025_fixed\041225_experimental\041225PA_experimental_part04.mp4,1900-01-01 19:15:14.600,1264
66746,923,207,5.0,118.0,171.0,239.0,D:\AprPanama2025_fixed\041225_experimental\041225PA_experimental_part04.mp4,1900-01-01 19:15:14.600,1263
66743,236,157,5.5,111.0,177.0,241.16666666666663,D:\AprPanama2025_fixed\041225_experimental\041225PA_experimental_part04.mp4,1900-01-01 19:15:14.300,576
66743,924,177,18.0,120.0,179.0,249.4074074074074,D:\AprPanama2025_fixed\041225_experimental\041225PA_experimental_part04.mp4,1900-01-01 19:15:14.300,1264
66743,923,207,10.0,18.0,179.0,239.1764705882353,D:\AprPanama2025_fixed\041225_experimental\041225PA_experimental_part04.mp4,1900-01-01 19:15:14.300,1263
66743,924,207,2.0,18.0,179.0,236.0,D:\AprPanama2025_fixed\041225_experimental\041225PA_experimental_part04.mp4,1900-01-01 19:15:14.300,1264
66750,923,145,3.5,115.0,169.0,224.25,D:\AprPanama2025_fixed\041225_experimental\041225PA_experimental_part04.mp4,1900-01-01 19:15:15.000,1263
66750,925,176,10.5,115.0,179.0,251.15789473684208,D:\AprPanama2025_fixed\041225_experimental\041225PA_experimental_part04.mp4,1900-01-01 19:15:15.000,1265
66750,923,206,2.0,134.0,179.0,247.625,D:\AprPanama2025_fixed\041225_experimental\041225PA_experimental_part04.mp4,1900-01-01 19:15:15.000,1263
66748,925,176,10.5,113.0,179.0,251.4736842105263,D:\AprPanama2025_fixed\041225_experimental\041225PA_experimental_part04.mp4,1900-01-01 19:15:14.800,1265
66748,924,206,3.0,115.0,178.0,231.85714285714283,D:\AprPanama2025_fixed\041225_experimental\041225PA_experimental_part04.mp4,1900-01-01 19:15:14.800,1264
66753,923,145,4.5,117.0,156.0,251.7,D:\AprPanama2025_fixed\041225_experimental\041225PA_experimental_part04.mp4,1900-01-01 19:15:15.300,1263
66753,925,176,5.5,116.0,173.0,247.27272727272728,D:\AprPanama2025_fixed\041225_experimental\041225PA_experimental_part04.mp4,1900-01-01 19:15:15.300,1265
66747,235,157,1.5,112.0,136.0,174.20000000000002,D:\AprPanama2025_fixed\041225_experimental\041225PA_experimental_part04.mp4,1900-01-01 19:15:14.700,575
66747,925,177,13.5,114.0,185.0,246.09523809523807,D:\AprPanama2025_fixed\041225_experimental\041225PA_experimental_part04.mp4,1900-01-01 19:15:14.700,1265
66747,924,206,2.5,114.0,155.0,253.55555555555557,D:\AprPanama2025_fixed\041225_experimental\041225PA_experimental_part04.mp4,1900-01-01 19:15:14.700,1264
66754,922,145,2.0,114.0,155.0,244.3333333333333,D:\AprPanama2025_fixed\041225_experimental\041225PA_experimental_part04.mp4,1900-01-01 19:15:15.400,1262
66754,925,175,6.0,111.0,179.0,250.0,D:\AprPanama2025_fixed\041225_experimental\041225PA_experimental_part04.mp4,1900-01-01 19:15:15.400,1265
66749,234,158,1.5,145.0,166.0,250.5,D:\AprPanama2025_fixed\041225_experimental\041225PA_experimental_part04.mp4,1900-01-01 19:15:14.900,574
66749,925,176,10.5,113.0,179.0,251.4736842105263,D:\AprPanama2025_fixed\041225_experimental\041225PA_experimental_part04.mp4,1900-01-01 19:15:14.900,1265
66749,925,206,3.5,112.0,172.0,250.1111111111111,D:\AprPanama2025_fixed\041225_experimental\041225PA_experimental_part04.mp4,1900-01-01 19:15:14.900,1265
66752,925,176,5.5,116.0,173.0,247.27272727272728,D:\AprPanama2025_fixed\041225_experimental\041225PA_experimental_part04.mp4,1900-01-01 19:15:15.200,1265
66751,923,145,6.0,21.0,169.0,220.5833333333333,D:\AprPanama2025_fixed\041225_experimental\041225PA_experimental_part04.mp4,1900-01-01 19:15:15.100,1263
66751,924,145,2.0,21.0,163.0,224.0,D:\AprPanama2025_fixed\041225_experimental\041225PA_experimental_part04.mp4,1900-01-01 19:15:15.100,1264
66751,925,176,8.0,112.0,179.0,244.26666666666665,D:\AprPanama2025_fixed\041225_experimental\041225PA_experimental_part04.mp4,1900-01-01 19:15:15.100,1265
66751,923,206,1.5,134.0,178.0,241.3333333333333,D:\AprPanama2025_fixed\041225_experimental\041225PA_experimental_part04.mp4,1900-01-01 19:15:15.100,1263
66756,924,175,3.0,124.0,173.0,242.63636363636363,D:\AprPanama2025_fixed\041225_experimental\041225PA_experimental_part04.mp4,1900-01-01 19:15:15.600,1264
66755,922,145,1.5,115.0,157.0,249.0,D:\AprPanama2025_fixed\041225_experimental\041225PA_experimental_part04.mp4,1900-01-01 19:15:15.500,1262
66755,925,175,6.0,124.0,177.0,253.25,D:\AprPanama2025_fixed\041225_experimental\041225PA_experimental_part04.mp4,1900-01-01 19:15:15.500,1265
66755,924,207,1.5,115.0,147.0,222.16666666666663,D:\AprPanama2025_fixed\041225_experimental\041225PA_experimental_part04.mp4,1900-01-01 19:15:15.500,1264
66770,370,78,4.5,120.0,179.0,246.2,D:\AprPanama2025_fixed\041225_experimental\041225PA_experimental_part04.mp4,1900-01-01 19:15:17.000,710
66768,371,78,8.5,121.0,179.0,230.53333333333333,D:\AprPanama2025_fixed\041225_experimental\041225PA_experimental_part04.mp4,1900-01-01 19:15:16.800,711
66767,371,77,5.5,125.0,178.0,247.8181818181818,D:\AprPanama2025_fixed\041225_experimental\041225PA_experimental_part04.mp4,1900-01-01 19:15:16.700,711
66769,371,78,7.5,117.0,177.0,242.78571428571428,D:\AprPanama2025_fixed\041225_experimental\041225PA_experimental_part04.mp4,1900-01-01 19:15:16.900,711
66766,371,77,5.5,125.0,178.0,244.0909090909091,D:\AprPanama2025_fixed\041225_experimental\041225PA_experimental_part04.mp4,1900-01-01 19:15:16.600,711
66772,370,79,4.5,122.0,179.0,247.66666666666663,D:\AprPanama2025_fixed\041225_experimental\041225PA_experimental_part04.mp4,1900-01-01 19:15:17.200,710
66773,370,79,3.5,132.0,178.0,248.375,D:\AprPanama2025_fixed\041225_experimental\041225PA_experimental_part04.mp4,1900-01-01 19:15:17.300,710
66778,369,80,1.5,113.0,153.0,248.0,D:\AprPanama2025_fixed\041225_experimental\041225PA_experimental_part04.mp4,1900-01-01 19:15:17.800,709
66776,369,79,4.5,148.0,172.0,246.0,D:\AprPanama2025_fixed\041225_experimental\041225PA_experimental_part04.mp4,1900-01-01 19:15:17.600,709
66774,370,79,4.5,116.0,177.0,221.6,D:\AprPanama2025_fixed\041225_experimental\041225PA_experimental_part04.mp4,1900-01-01 19:15:17.400,710
66775,369,79,7.0,112.0,174.0,227.84615384615387,D:\AprPanama2025_fixed\041225_experimental\041225PA_experimental_part04.mp4,1900-01-01 19:15:17.500,709
66777,369,79,4.5,148.0,172.0,246.0,D:\AprPanama2025_fixed\041225_experimental\041225PA_experimental_part04.mp4,1900-01-01 19:15:17.700,709
66771,370,78,4.0,120.0,181.0,248.77777777777777,D:\AprPanama2025_fixed\041225_experimental\041225PA_experimental_part04.mp4,1900-01-01 19:15:17.100,710
66779,368,81,1.5,118.0,168.0,248.3333333333333,D:\AprPanama2025_fixed\041225_experimental\041225PA_experimental_part04.mp4,1900-01-01 19:15:17.900,708
66780,368,81,1.5,118.0,165.0,233.0,D:\AprPanama2025_fixed\041225_experimental\041225PA_experimental_part04.mp4,1900-01-01 19:15:18.000,708
66782,367,80,1.5,112.0,170.0,189.6,D:\AprPanama2025_fixed\041225_experimental\041225PA_experimental_part04.mp4,1900-01-01 19:15:18.200,707
66781,368,80,2.5,126.0,171.0,214.5,D:\AprPanama2025_fixed\041225_experimental\041225PA_experimental_part04.mp4,1900-01-01 19:15:18.100,708
66792,365,81,3.0,121.0,177.0,236.28571428571428,D:\AprPanama2025_fixed\041225_experimental\041225PA_experimental_part04.mp4,1900-01-01 19:15:19.200,705
66794,365,81,2.0,115.0,164.0,135.16666666666666,D:\AprPanama2025_fixed\041225_experimental\041225PA_experimental_part04.mp4,1900-01-01 19:15:19.400,705
66791,365,81,5.5,112.0,174.0,170.0,D:\AprPanama2025_fixed\041225_experimental\041225PA_experimental_part04.mp4,1900-01-01 19:15:19.100,705
66799,364,82,1.5,112.0,158.0,211.8,D:\AprPanama2025_fixed\041225_experimental\041225PA_experimental_part04.mp4,1900-01-01 19:15:19.900,704
66797,364,82,2.0,135.0,168.0,231.3333333333333,D:\AprPanama2025_fixed\041225_experimental\041225PA_experimental_part04.mp4,1900-01-01 19:15:19.700,704
66798,364,82,1.5,120.0,162.0,229.0,D:\AprPanama2025_fixed\041225_experimental\041225PA_experimental_part04.mp4,1900-01-01 19:15:19.800,704
66888,425,299,29.0,111.0,244.0,242.58536585365852,D:\AprPanama2025_fixed\041225_experimental\041225PA_experimental_part04.mp4,1900-01-01 19:15:28.800,765
66885,422,291,3.0,132.0,165.0,162.375,D:\AprPanama2025_fixed\041225_experimental\041225PA_experimental_part04.mp4,1900-01-01 19:15:28.500,762
66889,425,299,28.0,129.0,238.0,247.3658536585366,D:\AprPanama2025_fixed\041225_experimental\041225PA_experimental_part04.mp4,1900-01-01 19:15:28.900,765
66887,424,298,23.5,111.0,179.0,245.0,D:\AprPanama2025_fixed\041225_experimental\041225PA_experimental_part04.mp4,1900-01-01 19:15:28.700,764
66886,424,297,14.5,128.0,181.0,250.65217391304347,D:\AprPanama2025_fixed\041225_experimental\041225PA_experimental_part04.mp4,1900-01-01 19:15:28.600,764
66890,425,299,28.0,119.0,190.0,250.0731707317073,D:\AprPanama2025_fixed\041225_experimental\041225PA_experimental_part04.mp4,1900-01-01 19:15:29.000,765
66898,427,299,25.5,117.0,198.0,246.57894736842104,D:\AprPanama2025_fixed\041225_experimental\041225PA_experimental_part04.mp4,1900-01-01 19:15:29.800,767
66897,427,300,28.0,111.0,179.0,238.14634146341464,D:\AprPanama2025_fixed\041225_experimental\041225PA_experimental_part04.mp4,1900-01-01 19:15:29.700,767
66895,426,300,24.0,112.0,179.0,247.7297297297297,D:\AprPanama2025_fixed\041225_experimental\041225PA_experimental_part04.mp4,1900-01-01 19:15:29.500,766
66892,425,299,27.5,121.0,179.0,245.775,D:\AprPanama2025_fixed\041225_experimental\041225PA_experimental_part04.mp4,1900-01-01 19:15:29.200,765
66896,426,300,28.0,112.0,179.0,244.90243902439025,D:\AprPanama2025_fixed\041225_experimental\041225PA_experimental_part04.mp4,1900-01-01 19:15:29.600,766
66891,425,299,27.5,117.0,179.0,248.225,D:\AprPanama2025_fixed\041225_experimental\041225PA_experimental_part04.mp4,1900-01-01 19:15:29.100,765
66893,426,299,31.0,118.0,179.0,249.5909090909091,D:\AprPanama2025_fixed\041225_experimental\041225PA_experimental_part04.mp4,1900-01-01 19:15:29.300,766
66894,426,299,26.5,112.0,179.0,245.175,D:\AprPanama2025_fixed\041225_experimental\041225PA_experimental_part04.mp4,1900-01-01 19:15:29.400,766
66900,427,299,22.5,112.0,179.0,242.94117647058823,D:\AprPanama2025_fixed\041225_experimental\041225PA_experimental_part04.mp4,1900-01-01 19:15:30.000,767
66903,693,133,2.0,127.0,156.0,254.5,D:\AprPanama2025_fixed\041225_experimental\041225PA_experimental_part04.mp4,1900-01-01 19:15:30.300,1033
66903,427,298,20.5,114.0,179.0,248.3030303030303,D:\AprPanama2025_fixed\041225_experimental\041225PA_experimental_part04.mp4,1900-01-01 19:15:30.300,767
66904,693,134,3.5,111.0,160.0,203.625,D:\AprPanama2025_fixed\041225_experimental\041225PA_experimental_part04.mp4,1900-01-01 19:15:30.400,1033
66904,427,298,18.0,111.0,179.0,250.4333333333333,D:\AprPanama2025_fixed\041225_experimental\041225PA_experimental_part04.mp4,1900-01-01 19:15:30.400,767
66905,693,134,3.5,111.0,160.0,203.625,D:\AprPanama2025_fixed\041225_experimental\041225PA_experimental_part04.mp4,1900-01-01 19:15:30.500,1033
66905,427,298,15.0,115.0,179.0,249.42307692307693,D:\AprPanama2025_fixed\041225_experimental\041225PA_experimental_part04.mp4,1900-01-01 19:15:30.500,767
66901,692,132,3.0,133.0,179.0,213.0,D:\AprPanama2025_fixed\041225_experimental\041225PA_experimental_part04.mp4,1900-01-01 19:15:30.100,1032
66901,427,299,21.0,114.0,179.0,241.875,D:\AprPanama2025_fixed\041225_experimental\041225PA_experimental_part04.mp4,1900-01-01 19:15:30.100,767
66902,693,133,2.0,124.0,157.0,253.0,D:\AprPanama2025_fixed\041225_experimental\041225PA_experimental_part04.mp4,1900-01-01 19:15:30.200,1033
66902,427,299,19.5,121.0,179.0,244.8125,D:\AprPanama2025_fixed\041225_experimental\041225PA_experimental_part04.mp4,1900-01-01 19:15:30.200,767
66906,693,133,2.0,120.0,151.0,241.8333333333333,D:\AprPanama2025_fixed\041225_experimental\041225PA_experimental_part04.mp4,1900-01-01 19:15:30.600,1033
66906,428,297,10.5,121.0,179.0,250.0526315789473,D:\AprPanama2025_fixed\041225_experimental\041225PA_experimental_part04.mp4,1900-01-01 19:15:30.600,768
66899,427,299,25.0,121.0,179.0,244.62162162162164,D:\AprPanama2025_fixed\041225_experimental\041225PA_experimental_part04.mp4,1900-01-01 19:15:29.900,767
66912,610,105,7.0,113.0,174.0,202.53846153846155,D:\AprPanama2025_fixed\041225_experimental\041225PA_experimental_part04.mp4,1900-01-01 19:15:31.200,950
66912,429,297,10.5,111.0,179.0,233.3333333333333,D:\AprPanama2025_fixed\041225_experimental\041225PA_experimental_part04.mp4,1900-01-01 19:15:31.200,769
66908,428,297,12.0,114.0,177.0,245.5,D:\AprPanama2025_fixed\041225_experimental\041225PA_experimental_part04.mp4,1900-01-01 19:15:30.800,768
66914,610,105,2.5,138.0,177.0,249.75,D:\AprPanama2025_fixed\041225_experimental\041225PA_experimental_part04.mp4,1900-01-01 19:15:31.400,950
66914,429,297,8.5,113.0,178.0,228.8,D:\AprPanama2025_fixed\041225_experimental\041225PA_experimental_part04.mp4,1900-01-01 19:15:31.400,769
66909,428,297,11.0,116.0,177.0,244.6111111111111,D:\AprPanama2025_fixed\041225_experimental\041225PA_experimental_part04.mp4,1900-01-01 19:15:30.900,768
66907,428,297,12.5,114.0,179.0,248.52380952380952,D:\AprPanama2025_fixed\041225_experimental\041225PA_experimental_part04.mp4,1900-01-01 19:15:30.700,768
66910,429,297,9.5,112.0,179.0,245.8823529411765,D:\AprPanama2025_fixed\041225_experimental\041225PA_experimental_part04.mp4,1900-01-01 19:15:31.000,769
66913,609,105,5.5,116.0,179.0,240.3636363636364,D:\AprPanama2025_fixed\041225_experimental\041225PA_experimental_part04.mp4,1900-01-01 19:15:31.300,949
66913,429,297,8.5,113.0,178.0,228.8,D:\AprPanama2025_fixed\041225_experimental\041225PA_experimental_part04.mp4,1900-01-01 19:15:31.300,769
66911,429,297,10.0,111.0,179.0,236.8823529411765,D:\AprPanama2025_fixed\041225_experimental\041225PA_experimental_part04.mp4,1900-01-01 19:15:31.100,769
66918,608,104,2.5,112.0,167.0,204.7142857142857,D:\AprPanama2025_fixed\041225_experimental\041225PA_experimental_part04.mp4,1900-01-01 19:15:31.800,948
66918,430,295,4.0,129.0,172.0,231.0,D:\AprPanama2025_fixed\041225_experimental\041225PA_experimental_part04.mp4,1900-01-01 19:15:31.800,770
66920,565,68,15.0,128.0,241.0,239.8695652173913,D:\AprPanama2025_fixed\041225_experimental\041225PA_experimental_part04.mp4,1900-01-01 19:15:32.000,905
66920,610,102,2.0,132.0,172.0,242.85714285714283,D:\AprPanama2025_fixed\041225_experimental\041225PA_experimental_part04.mp4,1900-01-01 19:15:32.000,950
66920,430,296,3.5,113.0,183.0,209.77777777777777,D:\AprPanama2025_fixed\041225_experimental\041225PA_experimental_part04.mp4,1900-01-01 19:15:32.000,770
66917,609,104,3.0,122.0,175.0,231.5,D:\AprPanama2025_fixed\041225_experimental\041225PA_experimental_part04.mp4,1900-01-01 19:15:31.700,949
66917,430,296,5.0,125.0,175.0,230.1,D:\AprPanama2025_fixed\041225_experimental\041225PA_experimental_part04.mp4,1900-01-01 19:15:31.700,770
66916,610,104,1.5,127.0,169.0,239.6,D:\AprPanama2025_fixed\041225_experimental\041225PA_experimental_part04.mp4,1900-01-01 19:15:31.600,950
66916,430,296,4.5,112.0,178.0,237.4,D:\AprPanama2025_fixed\041225_experimental\041225PA_experimental_part04.mp4,1900-01-01 19:15:31.600,770
66919,563,68,4.5,115.0,178.0,234.4,D:\AprPanama2025_fixed\041225_experimental\041225PA_experimental_part04.mp4,1900-01-01 19:15:31.900,903
66919,609,103,5.5,132.0,175.0,192.45454545454547,D:\AprPanama2025_fixed\041225_experimental\041225PA_experimental_part04.mp4,1900-01-01 19:15:31.900,949
66919,430,295,3.5,123.0,176.0,229.75,D:\AprPanama2025_fixed\041225_experimental\041225PA_experimental_part04.mp4,1900-01-01 19:15:31.900,770
66922,566,68,16.5,129.0,178.0,248.76,D:\AprPanama2025_fixed\041225_experimental\041225PA_experimental_part04.mp4,1900-01-01 19:15:32.200,906
66922,430,295,2.0,135.0,166.0,249.5,D:\AprPanama2025_fixed\041225_experimental\041225PA_experimental_part04.mp4,1900-01-01 19:15:32.200,770
66915,610,104,2.0,112.0,173.0,248.0,D:\AprPanama2025_fixed\041225_experimental\041225PA_experimental_part04.mp4,1900-01-01 19:15:31.500,950
66915,432,246,3.5,129.0,167.0,253.25,D:\AprPanama2025_fixed\041225_experimental\041225PA_experimental_part04.mp4,1900-01-01 19:15:31.500,772
66915,429,297,7.0,111.0,178.0,239.92857142857144,D:\AprPanama2025_fixed\041225_experimental\041225PA_experimental_part04.mp4,1900-01-01 19:15:31.500,769
66921,565,68,18.0,116.0,241.0,242.1923076923077,D:\AprPanama2025_fixed\041225_experimental\041225PA_experimental_part04.mp4,1900-01-01 19:15:32.100,905
66921,610,102,2.0,132.0,172.0,242.85714285714283,D:\AprPanama2025_fixed\041225_experimental\041225PA_experimental_part04.mp4,1900-01-01 19:15:32.100,950
66926,566,68,16.0,119.0,178.0,240.12,D:\AprPanama2025_fixed\041225_experimental\041225PA_experimental_part04.mp4,1900-01-01 19:15:32.600,906
66924,566,68,19.0,112.0,179.0,244.75,D:\AprPanama2025_fixed\041225_experimental\041225PA_experimental_part04.mp4,1900-01-01 19:15:32.400,906
66924,609,101,2.0,122.0,152.0,220.8,D:\AprPanama2025_fixed\041225_experimental\041225PA_experimental_part04.mp4,1900-01-01 19:15:32.400,949
66930,567,67,10.5,112.0,178.0,240.76470588235293,D:\AprPanama2025_fixed\041225_experimental\041225PA_experimental_part04.mp4,1900-01-01 19:15:33.000,907
66923,566,68,16.5,129.0,178.0,248.76,D:\AprPanama2025_fixed\041225_experimental\041225PA_experimental_part04.mp4,1900-01-01 19:15:32.300,906
66923,609,102,2.0,118.0,151.0,140.83333333333331,D:\AprPanama2025_fixed\041225_experimental\041225PA_experimental_part04.mp4,1900-01-01 19:15:32.300,949
66923,430,296,3.5,119.0,172.0,243.75,D:\AprPanama2025_fixed\041225_experimental\041225PA_experimental_part04.mp4,1900-01-01 19:15:32.300,770
66928,566,67,11.5,118.0,178.0,240.15789473684208,D:\AprPanama2025_fixed\041225_experimental\041225PA_experimental_part04.mp4,1900-01-01 19:15:32.800,906
66929,566,67,12.5,114.0,177.0,235.6,D:\AprPanama2025_fixed\041225_experimental\041225PA_experimental_part04.mp4,1900-01-01 19:15:32.900,906
66925,566,68,19.0,112.0,179.0,244.75,D:\AprPanama2025_fixed\041225_experimental\041225PA_experimental_part04.mp4,1900-01-01 19:15:32.500,906
66925,608,101,1.5,129.0,145.0,135.20000000000002,D:\AprPanama2025_fixed\041225_experimental\041225PA_experimental_part04.mp4,1900-01-01 19:15:32.500,948
66927,566,68,13.5,117.0,178.0,237.0,D:\AprPanama2025_fixed\041225_experimental\041225PA_experimental_part04.mp4,1900-01-01 19:15:32.700,906
66937,567,67,8.0,123.0,179.0,247.6,D:\AprPanama2025_fixed\041225_experimental\041225PA_experimental_part04.mp4,1900-01-01 19:15:33.700,907
66936,562,24,2.0,134.0,161.0,235.0,D:\AprPanama2025_fixed\041225_experimental\041225PA_experimental_part04.mp4,1900-01-01 19:15:33.600,902
66936,567,67,7.5,114.0,176.0,241.46666666666667,D:\AprPanama2025_fixed\041225_experimental\041225PA_experimental_part04.mp4,1900-01-01 19:15:33.600,907
66934,567,67,10.5,111.0,179.0,241.2941176470588,D:\AprPanama2025_fixed\041225_experimental\041225PA_experimental_part04.mp4,1900-01-01 19:15:33.400,907
66932,567,67,9.5,112.0,179.0,243.8125,D:\AprPanama2025_fixed\041225_experimental\041225PA_experimental_part04.mp4,1900-01-01 19:15:33.200,907
66933,567,67,9.5,115.0,178.0,242.875,D:\AprPanama2025_fixed\041225_experimental\041225PA_experimental_part04.mp4,1900-01-01 19:15:33.300,907
66935,567,67,10.0,116.0,179.0,235.7058823529412,D:\AprPanama2025_fixed\041225_experimental\041225PA_experimental_part04.mp4,1900-01-01 19:15:33.500,907
66938,562,24,1.5,160.0,179.0,249.6,D:\AprPanama2025_fixed\041225_experimental\041225PA_experimental_part04.mp4,1900-01-01 19:15:33.800,902
66938,567,67,7.0,116.0,171.0,242.46153846153848,D:\AprPanama2025_fixed\041225_experimental\041225PA_experimental_part04.mp4,1900-01-01 19:15:33.800,907
66931,566,67,9.5,112.0,179.0,243.1875,D:\AprPanama2025_fixed\041225_experimental\041225PA_experimental_part04.mp4,1900-01-01 19:15:33.100,906
66944,562,24,1.5,113.0,152.0,227.6,D:\AprPanama2025_fixed\041225_experimental\041225PA_experimental_part04.mp4,1900-01-01 19:15:34.400,902
66945,568,67,2.0,138.0,171.0,236.66666666666663,D:\AprPanama2025_fixed\041225_experimental\041225PA_experimental_part04.mp4,1900-01-01 19:15:34.500,908
66941,568,67,4.0,114.0,159.0,193.11111111111111,D:\AprPanama2025_fixed\041225_experimental\041225PA_experimental_part04.mp4,1900-01-01 19:15:34.100,908
66946,568,67,1.5,127.0,163.0,228.6,D:\AprPanama2025_fixed\041225_experimental\041225PA_experimental_part04.mp4,1900-01-01 19:15:34.600,908
66942,562,24,1.5,122.0,168.0,255.0,D:\AprPanama2025_fixed\041225_experimental\041225PA_experimental_part04.mp4,1900-01-01 19:15:34.200,902
66942,568,68,2.0,119.0,174.0,209.5,D:\AprPanama2025_fixed\041225_experimental\041225PA_experimental_part04.mp4,1900-01-01 19:15:34.200,908
66939,568,67,4.0,124.0,163.0,235.2222222222222,D:\AprPanama2025_fixed\041225_experimental\041225PA_experimental_part04.mp4,1900-01-01 19:15:33.900,908
66943,568,68,2.0,119.0,174.0,209.5,D:\AprPanama2025_fixed\041225_experimental\041225PA_experimental_part04.mp4,1900-01-01 19:15:34.300,908
66940,568,67,4.0,114.0,159.0,193.11111111111111,D:\AprPanama2025_fixed\041225_experimental\041225PA_experimental_part04.mp4,1900-01-01 19:15:34.000,908
67033,224,121,4.0,123.0,176.0,163.0,D:\AprPanama2025_fixed\041225_experimental\041225PA_experimental_part04.mp4,1900-01-01 19:15:43.300,564
67032,224,121,2.0,126.0,166.0,231.0,D:\AprPanama2025_fixed\041225_experimental\041225PA_experimental_part04.mp4,1900-01-01 19:15:43.200,564
67034,225,122,2.5,116.0,149.0,125.66666666666666,D:\AprPanama2025_fixed\041225_experimental\041225PA_experimental_part04.mp4,1900-01-01 19:15:43.400,565
67042,228,124,1.5,122.0,169.0,202.8,D:\AprPanama2025_fixed\041225_experimental\041225PA_experimental_part04.mp4,1900-01-01 19:15:44.200,568
67037,226,122,2.0,137.0,163.0,162.66666666666666,D:\AprPanama2025_fixed\041225_experimental\041225PA_experimental_part04.mp4,1900-01-01 19:15:43.700,566
67039,226,123,1.5,117.0,152.0,192.4,D:\AprPanama2025_fixed\041225_experimental\041225PA_experimental_part04.mp4,1900-01-01 19:15:43.900,566
67040,227,123,1.5,113.0,157.0,164.16666666666666,D:\AprPanama2025_fixed\041225_experimental\041225PA_experimental_part04.mp4,1900-01-01 19:15:44.000,567
67035,225,122,2.5,116.0,149.0,125.66666666666666,D:\AprPanama2025_fixed\041225_experimental\041225PA_experimental_part04.mp4,1900-01-01 19:15:43.500,565
67047,230,127,2.0,114.0,174.0,231.0,D:\AprPanama2025_fixed\041225_experimental\041225PA_experimental_part04.mp4,1900-01-01 19:15:44.700,570
67048,230,128,1.5,113.0,164.0,244.2,D:\AprPanama2025_fixed\041225_experimental\041225PA_experimental_part04.mp4,1900-01-01 19:15:44.800,570
67248,506,108,7.0,112.0,175.0,245.16666666666663,D:\AprPanama2025_fixed\041225_experimental\041225PA_experimental_part04.mp4,1900-01-01 19:16:04.800,846
67249,507,109,11.0,115.0,179.0,245.2222222222222,D:\AprPanama2025_fixed\041225_experimental\041225PA_experimental_part04.mp4,1900-01-01 19:16:04.900,847
67250,507,109,12.5,112.0,181.0,247.8,D:\AprPanama2025_fixed\041225_experimental\041225PA_experimental_part04.mp4,1900-01-01 19:16:05.000,847
67256,509,108,14.5,154.0,179.0,246.8260869565217,D:\AprPanama2025_fixed\041225_experimental\041225PA_experimental_part04.mp4,1900-01-01 19:16:05.600,849
67254,508,108,18.5,115.0,231.0,237.1851851851852,D:\AprPanama2025_fixed\041225_experimental\041225PA_experimental_part04.mp4,1900-01-01 19:16:05.400,848
67252,508,108,14.5,113.0,179.0,247.0434782608696,D:\AprPanama2025_fixed\041225_experimental\041225PA_experimental_part04.mp4,1900-01-01 19:16:05.200,848
67258,510,107,14.5,111.0,178.0,251.2173913043478,D:\AprPanama2025_fixed\041225_experimental\041225PA_experimental_part04.mp4,1900-01-01 19:16:05.800,850
67258,562,185,8.0,113.0,179.0,252.42857142857144,D:\AprPanama2025_fixed\041225_experimental\041225PA_experimental_part04.mp4,1900-01-01 19:16:05.800,902
67253,508,109,14.0,111.0,234.0,236.27272727272728,D:\AprPanama2025_fixed\041225_experimental\041225PA_experimental_part04.mp4,1900-01-01 19:16:05.300,848
67255,509,108,17.0,112.0,212.0,236.03846153846155,D:\AprPanama2025_fixed\041225_experimental\041225PA_experimental_part04.mp4,1900-01-01 19:16:05.500,849
67257,509,108,14.0,143.0,179.0,248.77272727272728,D:\AprPanama2025_fixed\041225_experimental\041225PA_experimental_part04.mp4,1900-01-01 19:16:05.700,849
67257,560,181,4.5,113.0,172.0,142.44444444444443,D:\AprPanama2025_fixed\041225_experimental\041225PA_experimental_part04.mp4,1900-01-01 19:16:05.700,900
67251,507,109,14.5,115.0,179.0,249.3043478260869,D:\AprPanama2025_fixed\041225_experimental\041225PA_experimental_part04.mp4,1900-01-01 19:16:05.100,847
67265,512,105,11.0,127.0,179.0,252.6111111111111,D:\AprPanama2025_fixed\041225_experimental\041225PA_experimental_part04.mp4,1900-01-01 19:16:06.500,852
67265,563,188,20.5,111.0,179.0,246.7,D:\AprPanama2025_fixed\041225_experimental\041225PA_experimental_part04.mp4,1900-01-01 19:16:06.500,903
67265,544,204,6.5,134.0,179.0,247.46153846153848,D:\AprPanama2025_fixed\041225_experimental\041225PA_experimental_part04.mp4,1900-01-01 19:16:06.500,884
67266,513,105,12.5,111.0,179.0,243.2,D:\AprPanama2025_fixed\041225_experimental\041225PA_experimental_part04.mp4,1900-01-01 19:16:06.600,853
67266,563,189,18.5,112.0,243.0,246.2222222222222,D:\AprPanama2025_fixed\041225_experimental\041225PA_experimental_part04.mp4,1900-01-01 19:16:06.600,903
67266,544,206,11.5,111.0,179.0,247.94736842105263,D:\AprPanama2025_fixed\041225_experimental\041225PA_experimental_part04.mp4,1900-01-01 19:16:06.600,884
67263,511,106,16.0,117.0,179.0,248.4583333333333,D:\AprPanama2025_fixed\041225_experimental\041225PA_experimental_part04.mp4,1900-01-01 19:16:06.300,851
67263,564,187,18.0,111.0,179.0,242.5769230769231,D:\AprPanama2025_fixed\041225_experimental\041225PA_experimental_part04.mp4,1900-01-01 19:16:06.300,904
67262,511,106,14.0,127.0,178.0,246.45454545454547,D:\AprPanama2025_fixed\041225_experimental\041225PA_experimental_part04.mp4,1900-01-01 19:16:06.200,851
67262,564,187,19.0,114.0,222.0,243.32142857142856,D:\AprPanama2025_fixed\041225_experimental\041225PA_experimental_part04.mp4,1900-01-01 19:16:06.200,904
67264,512,106,12.5,115.0,179.0,246.95,D:\AprPanama2025_fixed\041225_experimental\041225PA_experimental_part04.mp4,1900-01-01 19:16:06.400,852
67264,563,188,21.5,116.0,179.0,245.03225806451613,D:\AprPanama2025_fixed\041225_experimental\041225PA_experimental_part04.mp4,1900-01-01 19:16:06.400,903
67264,544,204,4.5,118.0,185.0,230.55555555555557,D:\AprPanama2025_fixed\041225_experimental\041225PA_experimental_part04.mp4,1900-01-01 19:16:06.400,884
67259,510,107,14.0,123.0,179.0,250.0,D:\AprPanama2025_fixed\041225_experimental\041225PA_experimental_part04.mp4,1900-01-01 19:16:05.900,850
67259,563,185,9.5,122.0,178.0,237.3125,D:\AprPanama2025_fixed\041225_experimental\041225PA_experimental_part04.mp4,1900-01-01 19:16:05.900,903
67261,511,107,12.5,135.0,179.0,246.4,D:\AprPanama2025_fixed\041225_experimental\041225PA_experimental_part04.mp4,1900-01-01 19:16:06.100,851
67261,563,187,18.0,111.0,179.0,244.61538461538464,D:\AprPanama2025_fixed\041225_experimental\041225PA_experimental_part04.mp4,1900-01-01 19:16:06.100,903
67260,511,107,14.0,115.0,179.0,238.6818181818182,D:\AprPanama2025_fixed\041225_experimental\041225PA_experimental_part04.mp4,1900-01-01 19:16:06.000,851
67260,563,186,18.5,112.0,179.0,245.6296296296296,D:\AprPanama2025_fixed\041225_experimental\041225PA_experimental_part04.mp4,1900-01-01 19:16:06.000,903
67268,513,105,8.5,118.0,177.0,247.86666666666667,D:\AprPanama2025_fixed\041225_experimental\041225PA_experimental_part04.mp4,1900-01-01 19:16:06.800,853
67268,564,189,17.5,120.0,179.0,248.3846153846154,D:\AprPanama2025_fixed\041225_experimental\041225PA_experimental_part04.mp4,1900-01-01 19:16:06.800,904
67268,544,207,10.5,111.0,178.0,249.8333333333333,D:\AprPanama2025_fixed\041225_experimental\041225PA_experimental_part04.mp4,1900-01-01 19:16:06.800,884
67274,493,74,10.0,130.0,179.0,252.23529411764704,D:\AprPanama2025_fixed\041225_experimental\041225PA_experimental_part04.mp4,1900-01-01 19:16:07.400,833
67274,516,103,5.0,123.0,178.0,247.6,D:\AprPanama2025_fixed\041225_experimental\041225PA_experimental_part04.mp4,1900-01-01 19:16:07.400,856
67274,563,191,15.0,111.0,179.0,252.56521739130437,D:\AprPanama2025_fixed\041225_experimental\041225PA_experimental_part04.mp4,1900-01-01 19:16:07.400,903
67274,543,209,9.5,116.0,179.0,244.375,D:\AprPanama2025_fixed\041225_experimental\041225PA_experimental_part04.mp4,1900-01-01 19:16:07.400,883
67272,493,74,9.5,113.0,179.0,244.23529411764704,D:\AprPanama2025_fixed\041225_experimental\041225PA_experimental_part04.mp4,1900-01-01 19:16:07.200,833
67272,515,103,6.5,116.0,179.0,244.0833333333333,D:\AprPanama2025_fixed\041225_experimental\041225PA_experimental_part04.mp4,1900-01-01 19:16:07.200,855
67272,563,190,18.0,118.0,178.0,245.85185185185185,D:\AprPanama2025_fixed\041225_experimental\041225PA_experimental_part04.mp4,1900-01-01 19:16:07.200,903
67272,543,208,11.0,117.0,179.0,235.88888888888889,D:\AprPanama2025_fixed\041225_experimental\041225PA_experimental_part04.mp4,1900-01-01 19:16:07.200,883
67271,496,72,3.5,118.0,162.0,145.125,D:\AprPanama2025_fixed\041225_experimental\041225PA_experimental_part04.mp4,1900-01-01 19:16:07.100,836
67271,514,104,5.0,126.0,178.0,251.3,D:\AprPanama2025_fixed\041225_experimental\041225PA_experimental_part04.mp4,1900-01-01 19:16:07.100,854
67271,563,190,16.5,111.0,179.0,248.84,D:\AprPanama2025_fixed\041225_experimental\041225PA_experimental_part04.mp4,1900-01-01 19:16:07.100,903
67271,543,207,9.0,131.0,178.0,245.375,D:\AprPanama2025_fixed\041225_experimental\041225PA_experimental_part04.mp4,1900-01-01 19:16:07.100,883
67270,514,104,6.5,112.0,171.0,250.0833333333333,D:\AprPanama2025_fixed\041225_experimental\041225PA_experimental_part04.mp4,1900-01-01 19:16:07.000,854
67270,563,190,17.0,121.0,179.0,246.42307692307693,D:\AprPanama2025_fixed\041225_experimental\041225PA_experimental_part04.mp4,1900-01-01 19:16:07.000,903
67270,543,207,10.0,111.0,178.0,247.41176470588235,D:\AprPanama2025_fixed\041225_experimental\041225PA_experimental_part04.mp4,1900-01-01 19:16:07.000,883
67269,514,104,9.0,112.0,179.0,252.66666666666663,D:\AprPanama2025_fixed\041225_experimental\041225PA_experimental_part04.mp4,1900-01-01 19:16:06.900,854
67269,564,189,17.0,115.0,179.0,249.72,D:\AprPanama2025_fixed\041225_experimental\041225PA_experimental_part04.mp4,1900-01-01 19:16:06.900,904
67269,544,207,14.0,116.0,175.0,245.0909090909091,D:\AprPanama2025_fixed\041225_experimental\041225PA_experimental_part04.mp4,1900-01-01 19:16:06.900,884
67273,493,74,9.0,127.0,179.0,250.625,D:\AprPanama2025_fixed\041225_experimental\041225PA_experimental_part04.mp4,1900-01-01 19:16:07.300,833
67273,515,103,6.5,116.0,179.0,244.0833333333333,D:\AprPanama2025_fixed\041225_experimental\041225PA_experimental_part04.mp4,1900-01-01 19:16:07.300,855
67273,563,190,17.0,118.0,178.0,246.6923076923077,D:\AprPanama2025_fixed\041225_experimental\041225PA_experimental_part04.mp4,1900-01-01 19:16:07.300,903
67273,543,208,10.0,112.0,178.0,242.7058823529412,D:\AprPanama2025_fixed\041225_experimental\041225PA_experimental_part04.mp4,1900-01-01 19:16:07.300,883
67267,513,104,11.0,123.0,179.0,247.5,D:\AprPanama2025_fixed\041225_experimental\041225PA_experimental_part04.mp4,1900-01-01 19:16:06.700,853
67267,563,189,18.5,111.0,179.0,251.37037037037035,D:\AprPanama2025_fixed\041225_experimental\041225PA_experimental_part04.mp4,1900-01-01 19:16:06.700,903
67267,544,206,14.0,111.0,179.0,246.3181818181818,D:\AprPanama2025_fixed\041225_experimental\041225PA_experimental_part04.mp4,1900-01-01 19:16:06.700,884
67280,494,74,8.5,126.0,181.0,250.0,D:\AprPanama2025_fixed\041225_experimental\041225PA_experimental_part04.mp4,1900-01-01 19:16:08.000,834
67280,518,101,3.0,115.0,176.0,244.375,D:\AprPanama2025_fixed\041225_experimental\041225PA_experimental_part04.mp4,1900-01-01 19:16:08.000,858
67280,701,103,7.0,119.0,176.0,247.15384615384616,D:\AprPanama2025_fixed\041225_experimental\041225PA_experimental_part04.mp4,1900-01-01 19:16:08.000,1041
67280,563,191,9.5,130.0,179.0,249.625,D:\AprPanama2025_fixed\041225_experimental\041225PA_experimental_part04.mp4,1900-01-01 19:16:08.000,903
67280,542,211,4.5,125.0,177.0,248.0,D:\AprPanama2025_fixed\041225_experimental\041225PA_experimental_part04.mp4,1900-01-01 19:16:08.000,882
67278,493,74,8.5,132.0,176.0,251.7333333333333,D:\AprPanama2025_fixed\041225_experimental\041225PA_experimental_part04.mp4,1900-01-01 19:16:07.800,833
67278,517,102,5.0,130.0,175.0,223.9090909090909,D:\AprPanama2025_fixed\041225_experimental\041225PA_experimental_part04.mp4,1900-01-01 19:16:07.800,857
67278,701,104,8.5,138.0,179.0,244.9333333333333,D:\AprPanama2025_fixed\041225_experimental\041225PA_experimental_part04.mp4,1900-01-01 19:16:07.800,1041
67278,563,191,11.0,111.0,179.0,254.3333333333333,D:\AprPanama2025_fixed\041225_experimental\041225PA_experimental_part04.mp4,1900-01-01 19:16:07.800,903
67278,542,211,2.5,142.0,168.0,245.55555555555557,D:\AprPanama2025_fixed\041225_experimental\041225PA_experimental_part04.mp4,1900-01-01 19:16:07.800,882
67282,494,74,7.0,127.0,179.0,249.23076923076923,D:\AprPanama2025_fixed\041225_experimental\041225PA_experimental_part04.mp4,1900-01-01 19:16:08.200,834
67282,519,100,3.0,123.0,155.0,245.42857142857144,D:\AprPanama2025_fixed\041225_experimental\041225PA_experimental_part04.mp4,1900-01-01 19:16:08.200,859
67282,701,103,9.0,111.0,179.0,237.5,D:\AprPanama2025_fixed\041225_experimental\041225PA_experimental_part04.mp4,1900-01-01 19:16:08.200,1041
67282,534,151,3.5,136.0,175.0,249.0,D:\AprPanama2025_fixed\041225_experimental\041225PA_experimental_part04.mp4,1900-01-01 19:16:08.200,874
67282,563,192,12.0,128.0,179.0,248.8421052631579,D:\AprPanama2025_fixed\041225_experimental\041225PA_experimental_part04.mp4,1900-01-01 19:16:08.200,903
67282,542,212,3.0,125.0,171.0,234.375,D:\AprPanama2025_fixed\041225_experimental\041225PA_experimental_part04.mp4,1900-01-01 19:16:08.200,882
67275,493,74,9.0,124.0,178.0,252.875,D:\AprPanama2025_fixed\041225_experimental\041225PA_experimental_part04.mp4,1900-01-01 19:16:07.500,833
67275,516,102,4.5,116.0,178.0,240.3333333333333,D:\AprPanama2025_fixed\041225_experimental\041225PA_experimental_part04.mp4,1900-01-01 19:16:07.500,856
67275,700,104,2.5,125.0,176.0,228.42857142857144,D:\AprPanama2025_fixed\041225_experimental\041225PA_experimental_part04.mp4,1900-01-01 19:16:07.500,1040
67275,563,191,15.0,111.0,179.0,250.65217391304347,D:\AprPanama2025_fixed\041225_experimental\041225PA_experimental_part04.mp4,1900-01-01 19:16:07.500,903
67275,543,209,9.5,112.0,179.0,236.625,D:\AprPanama2025_fixed\041225_experimental\041225PA_experimental_part04.mp4,1900-01-01 19:16:07.500,883
67277,493,74,9.0,114.0,178.0,246.25,D:\AprPanama2025_fixed\041225_experimental\041225PA_experimental_part04.mp4,1900-01-01 19:16:07.700,833
67277,517,102,5.0,111.0,172.0,240.0,D:\AprPanama2025_fixed\041225_experimental\041225PA_experimental_part04.mp4,1900-01-01 19:16:07.700,857
67277,701,104,8.5,138.0,179.0,244.9333333333333,D:\AprPanama2025_fixed\041225_experimental\041225PA_experimental_part04.mp4,1900-01-01 19:16:07.700,1041
67277,563,191,14.0,112.0,179.0,248.95454545454547,D:\AprPanama2025_fixed\041225_experimental\041225PA_experimental_part04.mp4,1900-01-01 19:16:07.700,903
67277,543,209,3.5,113.0,170.0,246.44444444444443,D:\AprPanama2025_fixed\041225_experimental\041225PA_experimental_part04.mp4,1900-01-01 19:16:07.700,883
67276,493,74,8.5,111.0,176.0,249.86666666666667,D:\AprPanama2025_fixed\041225_experimental\041225PA_experimental_part04.mp4,1900-01-01 19:16:07.600,833
67276,517,102,5.0,111.0,172.0,240.0,D:\AprPanama2025_fixed\041225_experimental\041225PA_experimental_part04.mp4,1900-01-01 19:16:07.600,857
67276,701,104,7.0,112.0,179.0,243.0,D:\AprPanama2025_fixed\041225_experimental\041225PA_experimental_part04.mp4,1900-01-01 19:16:07.600,1041
67276,563,191,16.0,111.0,179.0,250.75,D:\AprPanama2025_fixed\041225_experimental\041225PA_experimental_part04.mp4,1900-01-01 19:16:07.600,903
67276,543,209,5.0,118.0,171.0,253.3,D:\AprPanama2025_fixed\041225_experimental\041225PA_experimental_part04.mp4,1900-01-01 19:16:07.600,883
67279,494,74,9.0,114.0,176.0,243.4375,D:\AprPanama2025_fixed\041225_experimental\041225PA_experimental_part04.mp4,1900-01-01 19:16:07.900,834
67279,518,101,4.5,137.0,179.0,246.6,D:\AprPanama2025_fixed\041225_experimental\041225PA_experimental_part04.mp4,1900-01-01 19:16:07.900,858
67279,701,103,9.0,113.0,179.0,243.3125,D:\AprPanama2025_fixed\041225_experimental\041225PA_experimental_part04.mp4,1900-01-01 19:16:07.900,1041
67279,563,191,11.0,111.0,179.0,251.88888888888889,D:\AprPanama2025_fixed\041225_experimental\041225PA_experimental_part04.mp4,1900-01-01 19:16:07.900,903
67279,542,210,4.0,112.0,179.0,234.4,D:\AprPanama2025_fixed\041225_experimental\041225PA_experimental_part04.mp4,1900-01-01 19:16:07.900,882
67281,494,74,7.0,114.0,179.0,244.2142857142857,D:\AprPanama2025_fixed\041225_experimental\041225PA_experimental_part04.mp4,1900-01-01 19:16:08.100,834
67281,518,101,3.0,111.0,175.0,239.25,D:\AprPanama2025_fixed\041225_experimental\041225PA_experimental_part04.mp4,1900-01-01 19:16:08.100,858
67281,701,103,7.0,119.0,176.0,247.15384615384616,D:\AprPanama2025_fixed\041225_experimental\041225PA_experimental_part04.mp4,1900-01-01 19:16:08.100,1041
67281,534,150,1.5,145.0,176.0,239.2,D:\AprPanama2025_fixed\041225_experimental\041225PA_experimental_part04.mp4,1900-01-01 19:16:08.100,874
67281,563,192,11.0,124.0,178.0,246.05555555555557,D:\AprPanama2025_fixed\041225_experimental\041225PA_experimental_part04.mp4,1900-01-01 19:16:08.100,903
67281,542,211,3.5,123.0,175.0,244.1111111111111,D:\AprPanama2025_fixed\041225_experimental\041225PA_experimental_part04.mp4,1900-01-01 19:16:08.100,882
67284,495,39,3.0,113.0,159.0,172.57142857142856,D:\AprPanama2025_fixed\041225_experimental\041225PA_experimental_part04.mp4,1900-01-01 19:16:08.400,835
67284,495,74,5.0,118.0,174.0,247.66666666666663,D:\AprPanama2025_fixed\041225_experimental\041225PA_experimental_part04.mp4,1900-01-01 19:16:08.400,835
67284,519,100,5.5,115.0,178.0,221.54545454545456,D:\AprPanama2025_fixed\041225_experimental\041225PA_experimental_part04.mp4,1900-01-01 19:16:08.400,859
67284,701,102,4.5,111.0,179.0,240.6,D:\AprPanama2025_fixed\041225_experimental\041225PA_experimental_part04.mp4,1900-01-01 19:16:08.400,1041
67284,560,150,1.5,116.0,173.0,233.2,D:\AprPanama2025_fixed\041225_experimental\041225PA_experimental_part04.mp4,1900-01-01 19:16:08.400,900
67284,535,151,8.0,111.0,177.0,244.14285714285717,D:\AprPanama2025_fixed\041225_experimental\041225PA_experimental_part04.mp4,1900-01-01 19:16:08.400,875
67284,563,192,16.0,117.0,179.0,239.66666666666663,D:\AprPanama2025_fixed\041225_experimental\041225PA_experimental_part04.mp4,1900-01-01 19:16:08.400,903
67284,734,216,8.0,113.0,177.0,249.78571428571428,D:\AprPanama2025_fixed\041225_experimental\041225PA_experimental_part04.mp4,1900-01-01 19:16:08.400,1074
67285,495,39,5.0,114.0,167.0,135.3,D:\AprPanama2025_fixed\041225_experimental\041225PA_experimental_part04.mp4,1900-01-01 19:16:08.500,835
67285,495,75,6.5,117.0,173.0,248.3846153846154,D:\AprPanama2025_fixed\041225_experimental\041225PA_experimental_part04.mp4,1900-01-01 19:16:08.500,835
67285,519,100,3.0,134.0,176.0,235.625,D:\AprPanama2025_fixed\041225_experimental\041225PA_experimental_part04.mp4,1900-01-01 19:16:08.500,859
67285,700,102,5.0,116.0,175.0,222.8,D:\AprPanama2025_fixed\041225_experimental\041225PA_experimental_part04.mp4,1900-01-01 19:16:08.500,1040
67285,560,150,1.5,141.0,175.0,209.0,D:\AprPanama2025_fixed\041225_experimental\041225PA_experimental_part04.mp4,1900-01-01 19:16:08.500,900
67285,535,151,2.5,127.0,157.0,250.57142857142856,D:\AprPanama2025_fixed\041225_experimental\041225PA_experimental_part04.mp4,1900-01-01 19:16:08.500,875
67285,562,192,14.0,117.0,179.0,241.0909090909091,D:\AprPanama2025_fixed\041225_experimental\041225PA_experimental_part04.mp4,1900-01-01 19:16:08.500,902
67285,734,216,11.5,113.0,179.0,240.4736842105263,D:\AprPanama2025_fixed\041225_experimental\041225PA_experimental_part04.mp4,1900-01-01 19:16:08.500,1074
67288,495,39,3.5,112.0,156.0,147.88888888888889,D:\AprPanama2025_fixed\041225_experimental\041225PA_experimental_part04.mp4,1900-01-01 19:16:08.800,835
67288,496,74,2.5,114.0,174.0,248.5,D:\AprPanama2025_fixed\041225_experimental\041225PA_experimental_part04.mp4,1900-01-01 19:16:08.800,836
67288,520,99,3.5,122.0,175.0,251.0,D:\AprPanama2025_fixed\041225_experimental\041225PA_experimental_part04.mp4,1900-01-01 19:16:08.800,860
67288,535,151,5.0,112.0,173.0,239.5,D:\AprPanama2025_fixed\041225_experimental\041225PA_experimental_part04.mp4,1900-01-01 19:16:08.800,875
67288,560,152,4.0,114.0,162.0,244.88888888888889,D:\AprPanama2025_fixed\041225_experimental\041225PA_experimental_part04.mp4,1900-01-01 19:16:08.800,900
67288,562,192,6.5,120.0,178.0,247.53846153846155,D:\AprPanama2025_fixed\041225_experimental\041225PA_experimental_part04.mp4,1900-01-01 19:16:08.800,902
67288,733,217,15.5,118.0,181.0,241.3478260869565,D:\AprPanama2025_fixed\041225_experimental\041225PA_experimental_part04.mp4,1900-01-01 19:16:08.800,1073
67286,495,40,2.5,119.0,159.0,145.28571428571428,D:\AprPanama2025_fixed\041225_experimental\041225PA_experimental_part04.mp4,1900-01-01 19:16:08.600,835
67286,495,74,5.0,112.0,179.0,243.0,D:\AprPanama2025_fixed\041225_experimental\041225PA_experimental_part04.mp4,1900-01-01 19:16:08.600,835
67286,520,99,4.5,113.0,172.0,214.2,D:\AprPanama2025_fixed\041225_experimental\041225PA_experimental_part04.mp4,1900-01-01 19:16:08.600,860
67286,700,102,5.0,116.0,175.0,232.4,D:\AprPanama2025_fixed\041225_experimental\041225PA_experimental_part04.mp4,1900-01-01 19:16:08.600,1040
67286,560,151,5.0,117.0,178.0,239.2,D:\AprPanama2025_fixed\041225_experimental\041225PA_experimental_part04.mp4,1900-01-01 19:16:08.600,900
67286,535,151,2.5,124.0,162.0,244.7142857142857,D:\AprPanama2025_fixed\041225_experimental\041225PA_experimental_part04.mp4,1900-01-01 19:16:08.600,875
67286,562,192,14.0,117.0,179.0,241.0909090909091,D:\AprPanama2025_fixed\041225_experimental\041225PA_experimental_part04.mp4,1900-01-01 19:16:08.600,902
67286,734,217,16.0,121.0,177.0,242.75,D:\AprPanama2025_fixed\041225_experimental\041225PA_experimental_part04.mp4,1900-01-01 19:16:08.600,1074
67283,494,74,6.0,117.0,179.0,243.75,D:\AprPanama2025_fixed\041225_experimental\041225PA_experimental_part04.mp4,1900-01-01 19:16:08.300,834
67283,519,100,5.5,111.0,171.0,237.0909090909091,D:\AprPanama2025_fixed\041225_experimental\041225PA_experimental_part04.mp4,1900-01-01 19:16:08.300,859
67283,701,103,8.0,111.0,179.0,223.64285714285717,D:\AprPanama2025_fixed\041225_experimental\041225PA_experimental_part04.mp4,1900-01-01 19:16:08.300,1041
67283,534,151,6.0,111.0,178.0,242.25,D:\AprPanama2025_fixed\041225_experimental\041225PA_experimental_part04.mp4,1900-01-01 19:16:08.300,874
67283,563,192,13.0,116.0,178.0,249.8,D:\AprPanama2025_fixed\041225_experimental\041225PA_experimental_part04.mp4,1900-01-01 19:16:08.300,903
67283,542,212,3.0,119.0,174.0,212.7142857142857,D:\AprPanama2025_fixed\041225_experimental\041225PA_experimental_part04.mp4,1900-01-01 19:16:08.300,882
67289,496,38,2.0,116.0,165.0,221.66666666666663,D:\AprPanama2025_fixed\041225_experimental\041225PA_experimental_part04.mp4,1900-01-01 19:16:08.900,836
67289,496,74,5.0,118.0,176.0,241.7,D:\AprPanama2025_fixed\041225_experimental\041225PA_experimental_part04.mp4,1900-01-01 19:16:08.900,836
67289,520,99,2.0,132.0,168.0,253.16666666666663,D:\AprPanama2025_fixed\041225_experimental\041225PA_experimental_part04.mp4,1900-01-01 19:16:08.900,860
67289,560,152,4.0,116.0,173.0,238.66666666666663,D:\AprPanama2025_fixed\041225_experimental\041225PA_experimental_part04.mp4,1900-01-01 19:16:08.900,900
67289,562,192,6.0,115.0,176.0,250.85714285714283,D:\AprPanama2025_fixed\041225_experimental\041225PA_experimental_part04.mp4,1900-01-01 19:16:08.900,902
67289,733,218,14.0,128.0,179.0,246.27272727272728,D:\AprPanama2025_fixed\041225_experimental\041225PA_experimental_part04.mp4,1900-01-01 19:16:08.900,1073
67287,495,39,3.5,112.0,156.0,147.88888888888889,D:\AprPanama2025_fixed\041225_experimental\041225PA_experimental_part04.mp4,1900-01-01 19:16:08.700,835
67287,496,75,3.5,116.0,176.0,234.4,D:\AprPanama2025_fixed\041225_experimental\041225PA_experimental_part04.mp4,1900-01-01 19:16:08.700,836
67287,520,99,3.0,131.0,178.0,220.375,D:\AprPanama2025_fixed\041225_experimental\041225PA_experimental_part04.mp4,1900-01-01 19:16:08.700,860
67287,535,151,5.0,119.0,172.0,246.2,D:\AprPanama2025_fixed\041225_experimental\041225PA_experimental_part04.mp4,1900-01-01 19:16:08.700,875
67287,560,151,6.5,111.0,179.0,242.3333333333333,D:\AprPanama2025_fixed\041225_experimental\041225PA_experimental_part04.mp4,1900-01-01 19:16:08.700,900
67287,562,193,10.5,121.0,179.0,251.3333333333333,D:\AprPanama2025_fixed\041225_experimental\041225PA_experimental_part04.mp4,1900-01-01 19:16:08.700,902
67287,734,217,18.5,113.0,179.0,245.77777777777777,D:\AprPanama2025_fixed\041225_experimental\041225PA_experimental_part04.mp4,1900-01-01 19:16:08.700,1074
67293,496,38,2.0,115.0,179.0,240.66666666666663,D:\AprPanama2025_fixed\041225_experimental\041225PA_experimental_part04.mp4,1900-01-01 19:16:09.300,836
67293,456,45,5.5,116.0,178.0,244.8181818181818,D:\AprPanama2025_fixed\041225_experimental\041225PA_experimental_part04.mp4,1900-01-01 19:16:09.300,796
67293,521,97,2.0,116.0,152.0,224.3333333333333,D:\AprPanama2025_fixed\041225_experimental\041225PA_experimental_part04.mp4,1900-01-01 19:16:09.300,861
67293,535,153,3.5,133.0,179.0,189.25,D:\AprPanama2025_fixed\041225_experimental\041225PA_experimental_part04.mp4,1900-01-01 19:16:09.300,875
67293,561,192,7.5,114.0,179.0,248.78571428571428,D:\AprPanama2025_fixed\041225_experimental\041225PA_experimental_part04.mp4,1900-01-01 19:16:09.300,901
67293,733,219,10.5,114.0,179.0,238.88888888888889,D:\AprPanama2025_fixed\041225_experimental\041225PA_experimental_part04.mp4,1900-01-01 19:16:09.300,1073
67292,496,38,2.0,115.0,179.0,240.66666666666663,D:\AprPanama2025_fixed\041225_experimental\041225PA_experimental_part04.mp4,1900-01-01 19:16:09.200,836
67292,456,45,4.0,129.0,173.0,234.44444444444443,D:\AprPanama2025_fixed\041225_experimental\041225PA_experimental_part04.mp4,1900-01-01 19:16:09.200,796
67292,497,74,2.0,138.0,162.0,254.16666666666663,D:\AprPanama2025_fixed\041225_experimental\041225PA_experimental_part04.mp4,1900-01-01 19:16:09.200,837
67292,560,152,2.0,121.0,178.0,245.0,D:\AprPanama2025_fixed\041225_experimental\041225PA_experimental_part04.mp4,1900-01-01 19:16:09.200,900
67292,536,152,1.5,121.0,176.0,228.2,D:\AprPanama2025_fixed\041225_experimental\041225PA_experimental_part04.mp4,1900-01-01 19:16:09.200,876
67292,561,192,7.5,127.0,179.0,246.5,D:\AprPanama2025_fixed\041225_experimental\041225PA_experimental_part04.mp4,1900-01-01 19:16:09.200,901
67292,733,219,10.0,125.0,179.0,245.64705882352945,D:\AprPanama2025_fixed\041225_experimental\041225PA_experimental_part04.mp4,1900-01-01 19:16:09.200,1073
67296,496,38,1.5,158.0,173.0,230.0,D:\AprPanama2025_fixed\041225_experimental\041225PA_experimental_part04.mp4,1900-01-01 19:16:09.600,836
67296,456,45,6.5,123.0,179.0,249.41666666666663,D:\AprPanama2025_fixed\041225_experimental\041225PA_experimental_part04.mp4,1900-01-01 19:16:09.600,796
67296,406,46,2.0,123.0,172.0,250.5,D:\AprPanama2025_fixed\041225_experimental\041225PA_experimental_part04.mp4,1900-01-01 19:16:09.600,746
67296,522,97,3.0,115.0,143.0,175.14285714285714,D:\AprPanama2025_fixed\041225_experimental\041225PA_experimental_part04.mp4,1900-01-01 19:16:09.600,862
67296,731,192,3.5,130.0,167.0,244.375,D:\AprPanama2025_fixed\041225_experimental\041225PA_experimental_part04.mp4,1900-01-01 19:16:09.600,1071
67296,561,193,8.0,112.0,174.0,249.28571428571428,D:\AprPanama2025_fixed\041225_experimental\041225PA_experimental_part04.mp4,1900-01-01 19:16:09.600,901
67296,732,220,6.5,116.0,177.0,246.41666666666663,D:\AprPanama2025_fixed\041225_experimental\041225PA_experimental_part04.mp4,1900-01-01 19:16:09.600,1072
67290,496,38,2.0,127.0,171.0,241.5,D:\AprPanama2025_fixed\041225_experimental\041225PA_experimental_part04.mp4,1900-01-01 19:16:09.000,836
67290,497,74,3.0,117.0,175.0,241.0,D:\AprPanama2025_fixed\041225_experimental\041225PA_experimental_part04.mp4,1900-01-01 19:16:09.000,837
67290,521,99,2.0,119.0,156.0,252.0,D:\AprPanama2025_fixed\041225_experimental\041225PA_experimental_part04.mp4,1900-01-01 19:16:09.000,861
67290,700,101,1.5,130.0,160.0,200.6,D:\AprPanama2025_fixed\041225_experimental\041225PA_experimental_part04.mp4,1900-01-01 19:16:09.000,1040
67290,560,152,4.5,112.0,178.0,243.0,D:\AprPanama2025_fixed\041225_experimental\041225PA_experimental_part04.mp4,1900-01-01 19:16:09.000,900
67290,536,152,1.5,133.0,170.0,216.0,D:\AprPanama2025_fixed\041225_experimental\041225PA_experimental_part04.mp4,1900-01-01 19:16:09.000,876
67290,561,192,8.5,112.0,179.0,251.86666666666667,D:\AprPanama2025_fixed\041225_experimental\041225PA_experimental_part04.mp4,1900-01-01 19:16:09.000,901
67290,733,218,17.0,114.0,179.0,244.32,D:\AprPanama2025_fixed\041225_experimental\041225PA_experimental_part04.mp4,1900-01-01 19:16:09.000,1073
67295,456,45,6.5,123.0,179.0,247.5833333333333,D:\AprPanama2025_fixed\041225_experimental\041225PA_experimental_part04.mp4,1900-01-01 19:16:09.500,796
67295,406,46,2.0,134.0,178.0,242.3333333333333,D:\AprPanama2025_fixed\041225_experimental\041225PA_experimental_part04.mp4,1900-01-01 19:16:09.500,746
67295,521,98,3.0,111.0,158.0,169.625,D:\AprPanama2025_fixed\041225_experimental\041225PA_experimental_part04.mp4,1900-01-01 19:16:09.500,861
67295,731,191,8.5,113.0,177.0,239.53333333333333,D:\AprPanama2025_fixed\041225_experimental\041225PA_experimental_part04.mp4,1900-01-01 19:16:09.500,1071
67295,561,192,9.5,112.0,177.0,248.875,D:\AprPanama2025_fixed\041225_experimental\041225PA_experimental_part04.mp4,1900-01-01 19:16:09.500,901
67295,733,219,8.5,116.0,178.0,239.7333333333333,D:\AprPanama2025_fixed\041225_experimental\041225PA_experimental_part04.mp4,1900-01-01 19:16:09.500,1073
67294,496,39,1.5,116.0,169.0,248.6,D:\AprPanama2025_fixed\041225_experimental\041225PA_experimental_part04.mp4,1900-01-01 19:16:09.400,836
67294,456,45,5.5,123.0,176.0,246.3636363636364,D:\AprPanama2025_fixed\041225_experimental\041225PA_experimental_part04.mp4,1900-01-01 19:16:09.400,796
67294,406,46,2.0,134.0,178.0,242.3333333333333,D:\AprPanama2025_fixed\041225_experimental\041225PA_experimental_part04.mp4,1900-01-01 19:16:09.400,746
67294,497,74,2.0,141.0,169.0,251.5,D:\AprPanama2025_fixed\041225_experimental\041225PA_experimental_part04.mp4,1900-01-01 19:16:09.400,837
67294,521,98,5.5,126.0,168.0,124.9090909090909,D:\AprPanama2025_fixed\041225_experimental\041225PA_experimental_part04.mp4,1900-01-01 19:16:09.400,861
67294,560,152,2.0,116.0,169.0,253.16666666666663,D:\AprPanama2025_fixed\041225_experimental\041225PA_experimental_part04.mp4,1900-01-01 19:16:09.400,900
67294,731,191,8.5,125.0,178.0,243.7333333333333,D:\AprPanama2025_fixed\041225_experimental\041225PA_experimental_part04.mp4,1900-01-01 19:16:09.400,1071
67294,561,192,9.0,111.0,175.0,245.6,D:\AprPanama2025_fixed\041225_experimental\041225PA_experimental_part04.mp4,1900-01-01 19:16:09.400,901
67294,733,219,11.0,119.0,179.0,238.94444444444443,D:\AprPanama2025_fixed\041225_experimental\041225PA_experimental_part04.mp4,1900-01-01 19:16:09.400,1073
67291,496,38,2.0,115.0,179.0,240.66666666666663,D:\AprPanama2025_fixed\041225_experimental\041225PA_experimental_part04.mp4,1900-01-01 19:16:09.100,836
67291,496,74,4.5,111.0,174.0,215.5,D:\AprPanama2025_fixed\041225_experimental\041225PA_experimental_part04.mp4,1900-01-01 19:16:09.100,836
67291,536,110,3.5,112.0,167.0,167.125,D:\AprPanama2025_fixed\041225_experimental\041225PA_experimental_part04.mp4,1900-01-01 19:16:09.100,876
67291,560,152,3.0,111.0,178.0,233.7142857142857,D:\AprPanama2025_fixed\041225_experimental\041225PA_experimental_part04.mp4,1900-01-01 19:16:09.100,900
67291,536,152,1.5,133.0,170.0,216.0,D:\AprPanama2025_fixed\041225_experimental\041225PA_experimental_part04.mp4,1900-01-01 19:16:09.100,876
67291,561,192,7.5,111.0,179.0,252.5,D:\AprPanama2025_fixed\041225_experimental\041225PA_experimental_part04.mp4,1900-01-01 19:16:09.100,901
67291,733,218,12.0,121.0,179.0,247.55,D:\AprPanama2025_fixed\041225_experimental\041225PA_experimental_part04.mp4,1900-01-01 19:16:09.100,1073
67302,456,45,5.5,123.0,173.0,229.27272727272728,D:\AprPanama2025_fixed\041225_experimental\041225PA_experimental_part04.mp4,1900-01-01 19:16:10.200,796
67302,522,96,3.0,112.0,177.0,219.57142857142856,D:\AprPanama2025_fixed\041225_experimental\041225PA_experimental_part04.mp4,1900-01-01 19:16:10.200,862
67302,560,192,3.0,138.0,174.0,229.42857142857144,D:\AprPanama2025_fixed\041225_experimental\041225PA_experimental_part04.mp4,1900-01-01 19:16:10.200,900
67297,456,45,6.5,123.0,179.0,250.0833333333333,D:\AprPanama2025_fixed\041225_experimental\041225PA_experimental_part04.mp4,1900-01-01 19:16:09.700,796
67297,406,46,3.0,118.0,176.0,238.42857142857144,D:\AprPanama2025_fixed\041225_experimental\041225PA_experimental_part04.mp4,1900-01-01 19:16:09.700,746
67297,498,74,1.5,118.0,162.0,205.66666666666663,D:\AprPanama2025_fixed\041225_experimental\041225PA_experimental_part04.mp4,1900-01-01 19:16:09.700,838
67297,522,97,3.0,115.0,143.0,175.14285714285714,D:\AprPanama2025_fixed\041225_experimental\041225PA_experimental_part04.mp4,1900-01-01 19:16:09.700,862
67297,538,110,2.0,115.0,175.0,198.6,D:\AprPanama2025_fixed\041225_experimental\041225PA_experimental_part04.mp4,1900-01-01 19:16:09.700,878
67297,731,192,6.5,117.0,173.0,250.8333333333333,D:\AprPanama2025_fixed\041225_experimental\041225PA_experimental_part04.mp4,1900-01-01 19:16:09.700,1071
67297,561,193,6.0,112.0,177.0,237.8333333333333,D:\AprPanama2025_fixed\041225_experimental\041225PA_experimental_part04.mp4,1900-01-01 19:16:09.700,901
67297,732,220,4.0,131.0,177.0,249.375,D:\AprPanama2025_fixed\041225_experimental\041225PA_experimental_part04.mp4,1900-01-01 19:16:09.700,1072
67304,559,193,2.5,111.0,175.0,152.14285714285714,D:\AprPanama2025_fixed\041225_experimental\041225PA_experimental_part04.mp4,1900-01-01 19:16:10.400,899
67300,456,45,5.5,123.0,173.0,243.9090909090909,D:\AprPanama2025_fixed\041225_experimental\041225PA_experimental_part04.mp4,1900-01-01 19:16:10.000,796
67300,406,46,2.0,118.0,172.0,230.0,D:\AprPanama2025_fixed\041225_experimental\041225PA_experimental_part04.mp4,1900-01-01 19:16:10.000,746
67300,522,96,2.0,120.0,175.0,186.3333333333333,D:\AprPanama2025_fixed\041225_experimental\041225PA_experimental_part04.mp4,1900-01-01 19:16:10.000,862
67300,560,192,1.5,145.0,179.0,246.8,D:\AprPanama2025_fixed\041225_experimental\041225PA_experimental_part04.mp4,1900-01-01 19:16:10.000,900
67300,731,221,4.0,112.0,160.0,242.0,D:\AprPanama2025_fixed\041225_experimental\041225PA_experimental_part04.mp4,1900-01-01 19:16:10.000,1071
67299,456,45,5.5,131.0,177.0,246.3636363636364,D:\AprPanama2025_fixed\041225_experimental\041225PA_experimental_part04.mp4,1900-01-01 19:16:09.900,796
67299,522,96,2.0,120.0,175.0,186.3333333333333,D:\AprPanama2025_fixed\041225_experimental\041225PA_experimental_part04.mp4,1900-01-01 19:16:09.900,862
67299,731,192,3.0,128.0,169.0,239.75,D:\AprPanama2025_fixed\041225_experimental\041225PA_experimental_part04.mp4,1900-01-01 19:16:09.900,1071
67299,561,193,4.0,114.0,173.0,253.3333333333333,D:\AprPanama2025_fixed\041225_experimental\041225PA_experimental_part04.mp4,1900-01-01 19:16:09.900,901
67299,731,221,4.5,118.0,171.0,242.8,D:\AprPanama2025_fixed\041225_experimental\041225PA_experimental_part04.mp4,1900-01-01 19:16:09.900,1071
67298,456,45,5.5,130.0,176.0,250.63636363636363,D:\AprPanama2025_fixed\041225_experimental\041225PA_experimental_part04.mp4,1900-01-01 19:16:09.800,796
67298,406,47,2.5,113.0,178.0,208.8333333333333,D:\AprPanama2025_fixed\041225_experimental\041225PA_experimental_part04.mp4,1900-01-01 19:16:09.800,746
67298,522,96,2.0,126.0,172.0,191.8333333333333,D:\AprPanama2025_fixed\041225_experimental\041225PA_experimental_part04.mp4,1900-01-01 19:16:09.800,862
67298,731,192,3.0,118.0,165.0,246.125,D:\AprPanama2025_fixed\041225_experimental\041225PA_experimental_part04.mp4,1900-01-01 19:16:09.800,1071
67298,561,193,4.0,114.0,173.0,253.3333333333333,D:\AprPanama2025_fixed\041225_experimental\041225PA_experimental_part04.mp4,1900-01-01 19:16:09.800,901
67298,732,221,5.0,126.0,171.0,241.3636363636364,D:\AprPanama2025_fixed\041225_experimental\041225PA_experimental_part04.mp4,1900-01-01 19:16:09.800,1072
67301,456,45,5.5,114.0,169.0,238.0,D:\AprPanama2025_fixed\041225_experimental\041225PA_experimental_part04.mp4,1900-01-01 19:16:10.100,796
67301,522,96,3.0,115.0,178.0,203.0,D:\AprPanama2025_fixed\041225_experimental\041225PA_experimental_part04.mp4,1900-01-01 19:16:10.100,862
67301,560,192,1.5,145.0,179.0,246.8,D:\AprPanama2025_fixed\041225_experimental\041225PA_experimental_part04.mp4,1900-01-01 19:16:10.100,900
67303,456,45,5.0,131.0,176.0,234.5,D:\AprPanama2025_fixed\041225_experimental\041225PA_experimental_part04.mp4,1900-01-01 19:16:10.300,796
67303,522,96,1.5,141.0,178.0,224.6,D:\AprPanama2025_fixed\041225_experimental\041225PA_experimental_part04.mp4,1900-01-01 19:16:10.300,862
67303,560,192,3.0,138.0,174.0,229.42857142857144,D:\AprPanama2025_fixed\041225_experimental\041225PA_experimental_part04.mp4,1900-01-01 19:16:10.300,900
67309,457,36,2.0,113.0,156.0,86.33333333333333,D:\AprPanama2025_fixed\041225_experimental\041225PA_experimental_part04.mp4,1900-01-01 19:16:10.900,797
67307,457,36,2.0,112.0,161.0,96.0,D:\AprPanama2025_fixed\041225_experimental\041225PA_experimental_part04.mp4,1900-01-01 19:16:10.700,797
67307,559,193,2.0,115.0,186.0,243.66666666666663,D:\AprPanama2025_fixed\041225_experimental\041225PA_experimental_part04.mp4,1900-01-01 19:16:10.700,899
67305,457,36,2.0,122.0,169.0,201.5,D:\AprPanama2025_fixed\041225_experimental\041225PA_experimental_part04.mp4,1900-01-01 19:16:10.500,797
67305,455,45,3.0,113.0,178.0,161.5,D:\AprPanama2025_fixed\041225_experimental\041225PA_experimental_part04.mp4,1900-01-01 19:16:10.500,795
67305,559,193,2.5,111.0,175.0,152.14285714285714,D:\AprPanama2025_fixed\041225_experimental\041225PA_experimental_part04.mp4,1900-01-01 19:16:10.500,899
67306,457,36,1.5,118.0,153.0,242.8,D:\AprPanama2025_fixed\041225_experimental\041225PA_experimental_part04.mp4,1900-01-01 19:16:10.600,797
67306,559,193,2.0,115.0,186.0,243.66666666666663,D:\AprPanama2025_fixed\041225_experimental\041225PA_experimental_part04.mp4,1900-01-01 19:16:10.600,899
67541,432,82,1.5,161.0,175.0,244.0,D:\AprPanama2025_fixed\041225_experimental\041225PA_experimental_part04.mp4,1900-01-01 19:16:34.100,772
67542,432,82,6.5,117.0,179.0,253.66666666666663,D:\AprPanama2025_fixed\041225_experimental\041225PA_experimental_part04.mp4,1900-01-01 19:16:34.200,772
67544,431,81,13.0,111.0,179.0,249.45454545454547,D:\AprPanama2025_fixed\041225_experimental\041225PA_experimental_part04.mp4,1900-01-01 19:16:34.400,771
67544,617,147,11.0,116.0,179.0,235.2222222222222,D:\AprPanama2025_fixed\041225_experimental\041225PA_experimental_part04.mp4,1900-01-01 19:16:34.400,957
67543,432,81,9.5,124.0,182.0,249.23529411764704,D:\AprPanama2025_fixed\041225_experimental\041225PA_experimental_part04.mp4,1900-01-01 19:16:34.300,772
67551,428,78,13.0,120.0,179.0,250.0,D:\AprPanama2025_fixed\041225_experimental\041225PA_experimental_part04.mp4,1900-01-01 19:16:35.100,768
67551,687,87,17.5,111.0,178.0,246.8846153846154,D:\AprPanama2025_fixed\041225_experimental\041225PA_experimental_part04.mp4,1900-01-01 19:16:35.100,1027
67551,619,149,12.5,114.0,178.0,237.8181818181818,D:\AprPanama2025_fixed\041225_experimental\041225PA_experimental_part04.mp4,1900-01-01 19:16:35.100,959
67548,429,79,12.5,116.0,179.0,248.0,D:\AprPanama2025_fixed\041225_experimental\041225PA_experimental_part04.mp4,1900-01-01 19:16:34.800,769
67548,685,85,8.5,117.0,177.0,241.46666666666667,D:\AprPanama2025_fixed\041225_experimental\041225PA_experimental_part04.mp4,1900-01-01 19:16:34.800,1025
67548,618,149,15.0,111.0,179.0,247.125,D:\AprPanama2025_fixed\041225_experimental\041225PA_experimental_part04.mp4,1900-01-01 19:16:34.800,958
67552,426,78,10.0,127.0,179.0,252.15,D:\AprPanama2025_fixed\041225_experimental\041225PA_experimental_part04.mp4,1900-01-01 19:16:35.200,766
67552,687,88,18.5,115.0,249.0,238.1111111111111,D:\AprPanama2025_fixed\041225_experimental\041225PA_experimental_part04.mp4,1900-01-01 19:16:35.200,1027
67552,619,149,12.5,118.0,179.0,243.1,D:\AprPanama2025_fixed\041225_experimental\041225PA_experimental_part04.mp4,1900-01-01 19:16:35.200,959
67549,428,79,14.5,124.0,179.0,246.48,D:\AprPanama2025_fixed\041225_experimental\041225PA_experimental_part04.mp4,1900-01-01 19:16:34.900,768
67549,686,86,12.5,119.0,179.0,244.1,D:\AprPanama2025_fixed\041225_experimental\041225PA_experimental_part04.mp4,1900-01-01 19:16:34.900,1026
67549,619,149,17.0,116.0,179.0,240.15384615384616,D:\AprPanama2025_fixed\041225_experimental\041225PA_experimental_part04.mp4,1900-01-01 19:16:34.900,959
67550,428,78,13.0,113.0,179.0,248.0833333333333,D:\AprPanama2025_fixed\041225_experimental\041225PA_experimental_part04.mp4,1900-01-01 19:16:35.000,768
67550,686,87,18.5,129.0,179.0,249.88888888888889,D:\AprPanama2025_fixed\041225_experimental\041225PA_experimental_part04.mp4,1900-01-01 19:16:35.000,1026
67550,619,148,12.0,118.0,178.0,237.09523809523807,D:\AprPanama2025_fixed\041225_experimental\041225PA_experimental_part04.mp4,1900-01-01 19:16:35.000,959
67545,430,81,11.5,122.0,179.0,251.1,D:\AprPanama2025_fixed\041225_experimental\041225PA_experimental_part04.mp4,1900-01-01 19:16:34.500,770
67545,617,148,12.0,138.0,179.0,249.28571428571428,D:\AprPanama2025_fixed\041225_experimental\041225PA_experimental_part04.mp4,1900-01-01 19:16:34.500,957
67546,430,80,11.5,116.0,179.0,248.85,D:\AprPanama2025_fixed\041225_experimental\041225PA_experimental_part04.mp4,1900-01-01 19:16:34.600,770
67546,618,149,14.5,117.0,178.0,247.625,D:\AprPanama2025_fixed\041225_experimental\041225PA_experimental_part04.mp4,1900-01-01 19:16:34.600,958
67547,429,80,13.5,147.0,179.0,252.17391304347825,D:\AprPanama2025_fixed\041225_experimental\041225PA_experimental_part04.mp4,1900-01-01 19:16:34.700,769
67547,618,149,15.0,117.0,179.0,246.16666666666663,D:\AprPanama2025_fixed\041225_experimental\041225PA_experimental_part04.mp4,1900-01-01 19:16:34.700,958
67553,426,77,10.0,122.0,177.0,253.44444444444443,D:\AprPanama2025_fixed\041225_experimental\041225PA_experimental_part04.mp4,1900-01-01 19:16:35.300,766
67553,688,88,20.0,125.0,254.0,237.48275862068965,D:\AprPanama2025_fixed\041225_experimental\041225PA_experimental_part04.mp4,1900-01-01 19:16:35.300,1028
67553,619,149,12.0,117.0,178.0,240.19047619047615,D:\AprPanama2025_fixed\041225_experimental\041225PA_experimental_part04.mp4,1900-01-01 19:16:35.300,959
67558,423,76,6.0,117.0,179.0,236.5,D:\AprPanama2025_fixed\041225_experimental\041225PA_experimental_part04.mp4,1900-01-01 19:16:35.800,763
67558,690,89,18.0,126.0,179.0,244.37037037037035,D:\AprPanama2025_fixed\041225_experimental\041225PA_experimental_part04.mp4,1900-01-01 19:16:35.800,1030
67558,620,148,2.0,129.0,179.0,243.5,D:\AprPanama2025_fixed\041225_experimental\041225PA_experimental_part04.mp4,1900-01-01 19:16:35.800,960
67554,424,77,9.5,130.0,178.0,252.38888888888889,D:\AprPanama2025_fixed\041225_experimental\041225PA_experimental_part04.mp4,1900-01-01 19:16:35.400,764
67554,688,88,22.0,116.0,245.0,237.25806451612905,D:\AprPanama2025_fixed\041225_experimental\041225PA_experimental_part04.mp4,1900-01-01 19:16:35.400,1028
67554,619,149,11.0,118.0,179.0,245.77777777777777,D:\AprPanama2025_fixed\041225_experimental\041225PA_experimental_part04.mp4,1900-01-01 19:16:35.400,959
67559,423,76,4.5,125.0,179.0,243.2,D:\AprPanama2025_fixed\041225_experimental\041225PA_experimental_part04.mp4,1900-01-01 19:16:35.900,763
67559,690,89,18.0,111.0,179.0,251.2222222222222,D:\AprPanama2025_fixed\041225_experimental\041225PA_experimental_part04.mp4,1900-01-01 19:16:35.900,1030
67560,421,76,7.5,131.0,179.0,254.64285714285717,D:\AprPanama2025_fixed\041225_experimental\041225PA_experimental_part04.mp4,1900-01-01 19:16:36.000,761
67560,691,89,20.0,119.0,179.0,246.86206896551724,D:\AprPanama2025_fixed\041225_experimental\041225PA_experimental_part04.mp4,1900-01-01 19:16:36.000,1031
67556,423,77,8.5,125.0,179.0,249.13333333333333,D:\AprPanama2025_fixed\041225_experimental\041225PA_experimental_part04.mp4,1900-01-01 19:16:35.600,763
67556,689,88,19.5,115.0,179.0,248.44827586206893,D:\AprPanama2025_fixed\041225_experimental\041225PA_experimental_part04.mp4,1900-01-01 19:16:35.600,1029
67556,620,148,7.0,112.0,179.0,247.3846153846154,D:\AprPanama2025_fixed\041225_experimental\041225PA_experimental_part04.mp4,1900-01-01 19:16:35.600,960
67557,423,77,7.5,111.0,179.0,244.7142857142857,D:\AprPanama2025_fixed\041225_experimental\041225PA_experimental_part04.mp4,1900-01-01 19:16:35.700,763
67557,690,89,19.0,118.0,179.0,248.32142857142856,D:\AprPanama2025_fixed\041225_experimental\041225PA_experimental_part04.mp4,1900-01-01 19:16:35.700,1030
67557,620,149,7.5,112.0,179.0,247.7142857142857,D:\AprPanama2025_fixed\041225_experimental\041225PA_experimental_part04.mp4,1900-01-01 19:16:35.700,960
67555,424,77,9.5,125.0,179.0,252.05882352941177,D:\AprPanama2025_fixed\041225_experimental\041225PA_experimental_part04.mp4,1900-01-01 19:16:35.500,764
67555,689,88,21.0,112.0,244.0,242.9,D:\AprPanama2025_fixed\041225_experimental\041225PA_experimental_part04.mp4,1900-01-01 19:16:35.500,1029
67555,619,149,8.5,112.0,179.0,248.0,D:\AprPanama2025_fixed\041225_experimental\041225PA_experimental_part04.mp4,1900-01-01 19:16:35.500,959
67565,419,75,3.5,125.0,175.0,207.75,D:\AprPanama2025_fixed\041225_experimental\041225PA_experimental_part04.mp4,1900-01-01 19:16:36.500,759
67565,394,76,3.0,142.0,179.0,252.57142857142856,D:\AprPanama2025_fixed\041225_experimental\041225PA_experimental_part04.mp4,1900-01-01 19:16:36.500,734
67565,692,90,17.5,113.0,179.0,247.65384615384616,D:\AprPanama2025_fixed\041225_experimental\041225PA_experimental_part04.mp4,1900-01-01 19:16:36.500,1032
67565,621,149,5.0,111.0,180.0,230.8,D:\AprPanama2025_fixed\041225_experimental\041225PA_experimental_part04.mp4,1900-01-01 19:16:36.500,961
67565,715,214,16.0,120.0,179.0,244.2083333333333,D:\AprPanama2025_fixed\041225_experimental\041225PA_experimental_part04.mp4,1900-01-01 19:16:36.500,1055
67567,692,91,12.0,119.0,178.0,249.8947368421053,D:\AprPanama2025_fixed\041225_experimental\041225PA_experimental_part04.mp4,1900-01-01 19:16:36.700,1032
67567,715,214,17.5,111.0,179.0,245.11538461538464,D:\AprPanama2025_fixed\041225_experimental\041225PA_experimental_part04.mp4,1900-01-01 19:16:36.700,1055
67563,420,76,4.0,120.0,175.0,239.2222222222222,D:\AprPanama2025_fixed\041225_experimental\041225PA_experimental_part04.mp4,1900-01-01 19:16:36.300,760
67563,394,76,4.0,121.0,179.0,232.25,D:\AprPanama2025_fixed\041225_experimental\041225PA_experimental_part04.mp4,1900-01-01 19:16:36.300,734
67563,692,90,15.0,120.0,179.0,246.17391304347825,D:\AprPanama2025_fixed\041225_experimental\041225PA_experimental_part04.mp4,1900-01-01 19:16:36.300,1032
67563,620,149,3.5,115.0,166.0,249.75,D:\AprPanama2025_fixed\041225_experimental\041225PA_experimental_part04.mp4,1900-01-01 19:16:36.300,960
67563,716,214,15.5,117.0,177.0,238.125,D:\AprPanama2025_fixed\041225_experimental\041225PA_experimental_part04.mp4,1900-01-01 19:16:36.300,1056
67561,421,76,6.0,128.0,179.0,250.3333333333333,D:\AprPanama2025_fixed\041225_experimental\041225PA_experimental_part04.mp4,1900-01-01 19:16:36.100,761
67561,691,89,21.0,117.0,179.0,250.63333333333333,D:\AprPanama2025_fixed\041225_experimental\041225PA_experimental_part04.mp4,1900-01-01 19:16:36.100,1031
67561,620,149,5.0,113.0,178.0,252.1,D:\AprPanama2025_fixed\041225_experimental\041225PA_experimental_part04.mp4,1900-01-01 19:16:36.100,960
67561,718,214,1.5,112.0,169.0,164.20000000000002,D:\AprPanama2025_fixed\041225_experimental\041225PA_experimental_part04.mp4,1900-01-01 19:16:36.100,1058
67562,421,76,5.5,115.0,179.0,231.9090909090909,D:\AprPanama2025_fixed\041225_experimental\041225PA_experimental_part04.mp4,1900-01-01 19:16:36.200,761
67562,394,77,2.0,141.0,186.0,244.16666666666663,D:\AprPanama2025_fixed\041225_experimental\041225PA_experimental_part04.mp4,1900-01-01 19:16:36.200,734
67562,691,90,17.0,120.0,177.0,239.08,D:\AprPanama2025_fixed\041225_experimental\041225PA_experimental_part04.mp4,1900-01-01 19:16:36.200,1031
67562,620,149,3.5,117.0,167.0,231.625,D:\AprPanama2025_fixed\041225_experimental\041225PA_experimental_part04.mp4,1900-01-01 19:16:36.200,960
67562,716,214,11.0,112.0,178.0,246.77777777777777,D:\AprPanama2025_fixed\041225_experimental\041225PA_experimental_part04.mp4,1900-01-01 19:16:36.200,1056
67564,419,75,5.5,125.0,175.0,186.54545454545456,D:\AprPanama2025_fixed\041225_experimental\041225PA_experimental_part04.mp4,1900-01-01 19:16:36.400,759
67564,394,76,4.0,116.0,175.0,243.75,D:\AprPanama2025_fixed\041225_experimental\041225PA_experimental_part04.mp4,1900-01-01 19:16:36.400,734
67564,692,90,16.5,113.0,179.0,250.48,D:\AprPanama2025_fixed\041225_experimental\041225PA_experimental_part04.mp4,1900-01-01 19:16:36.400,1032
67564,621,149,4.0,116.0,154.0,180.3333333333333,D:\AprPanama2025_fixed\041225_experimental\041225PA_experimental_part04.mp4,1900-01-01 19:16:36.400,961
67564,715,214,16.0,111.0,179.0,247.875,D:\AprPanama2025_fixed\041225_experimental\041225PA_experimental_part04.mp4,1900-01-01 19:16:36.400,1055
67568,693,91,12.0,115.0,179.0,250.6315789473684,D:\AprPanama2025_fixed\041225_experimental\041225PA_experimental_part04.mp4,1900-01-01 19:16:36.800,1033
67568,622,150,3.5,126.0,162.0,136.875,D:\AprPanama2025_fixed\041225_experimental\041225PA_experimental_part04.mp4,1900-01-01 19:16:36.800,962
67568,715,215,16.0,113.0,179.0,249.28,D:\AprPanama2025_fixed\041225_experimental\041225PA_experimental_part04.mp4,1900-01-01 19:16:36.800,1055
67566,420,74,2.5,115.0,171.0,225.0,D:\AprPanama2025_fixed\041225_experimental\041225PA_experimental_part04.mp4,1900-01-01 19:16:36.600,760
67566,693,91,10.5,142.0,178.0,245.6111111111111,D:\AprPanama2025_fixed\041225_experimental\041225PA_experimental_part04.mp4,1900-01-01 19:16:36.600,1033
67566,621,150,3.5,111.0,174.0,213.625,D:\AprPanama2025_fixed\041225_experimental\041225PA_experimental_part04.mp4,1900-01-01 19:16:36.600,961
67566,715,214,17.5,115.0,179.0,243.30769230769232,D:\AprPanama2025_fixed\041225_experimental\041225PA_experimental_part04.mp4,1900-01-01 19:16:36.600,1055
67569,418,74,2.0,111.0,151.0,246.16666666666663,D:\AprPanama2025_fixed\041225_experimental\041225PA_experimental_part04.mp4,1900-01-01 19:16:36.900,758
67569,693,91,11.5,119.0,179.0,250.68421052631575,D:\AprPanama2025_fixed\041225_experimental\041225PA_experimental_part04.mp4,1900-01-01 19:16:36.900,1033
67569,622,150,3.5,126.0,162.0,136.875,D:\AprPanama2025_fixed\041225_experimental\041225PA_experimental_part04.mp4,1900-01-01 19:16:36.900,962
67569,715,215,15.5,113.0,179.0,246.16666666666663,D:\AprPanama2025_fixed\041225_experimental\041225PA_experimental_part04.mp4,1900-01-01 19:16:36.900,1055
67575,695,93,10.0,111.0,176.0,245.7058823529412,D:\AprPanama2025_fixed\041225_experimental\041225PA_experimental_part04.mp4,1900-01-01 19:16:37.500,1035
67575,717,178,9.5,119.0,179.0,252.9375,D:\AprPanama2025_fixed\041225_experimental\041225PA_experimental_part04.mp4,1900-01-01 19:16:37.500,1057
67575,715,216,5.0,112.0,175.0,247.45454545454547,D:\AprPanama2025_fixed\041225_experimental\041225PA_experimental_part04.mp4,1900-01-01 19:16:37.500,1055
67570,694,92,12.0,114.0,179.0,244.1,D:\AprPanama2025_fixed\041225_experimental\041225PA_experimental_part04.mp4,1900-01-01 19:16:37.000,1034
67570,715,215,12.5,119.0,179.0,250.14285714285717,D:\AprPanama2025_fixed\041225_experimental\041225PA_experimental_part04.mp4,1900-01-01 19:16:37.000,1055
67571,694,92,12.5,141.0,179.0,251.4,D:\AprPanama2025_fixed\041225_experimental\041225PA_experimental_part04.mp4,1900-01-01 19:16:37.100,1034
67571,715,215,9.0,122.0,179.0,247.625,D:\AprPanama2025_fixed\041225_experimental\041225PA_experimental_part04.mp4,1900-01-01 19:16:37.100,1055
67572,694,92,11.5,130.0,179.0,248.6315789473684,D:\AprPanama2025_fixed\041225_experimental\041225PA_experimental_part04.mp4,1900-01-01 19:16:37.200,1034
67572,716,177,7.5,115.0,179.0,241.0769230769231,D:\AprPanama2025_fixed\041225_experimental\041225PA_experimental_part04.mp4,1900-01-01 19:16:37.200,1056
67572,715,216,8.5,123.0,179.0,238.4,D:\AprPanama2025_fixed\041225_experimental\041225PA_experimental_part04.mp4,1900-01-01 19:16:37.200,1055
67573,694,92,11.5,114.0,179.0,244.0526315789473,D:\AprPanama2025_fixed\041225_experimental\041225PA_experimental_part04.mp4,1900-01-01 19:16:37.300,1034
67573,717,178,5.5,131.0,179.0,237.1818181818182,D:\AprPanama2025_fixed\041225_experimental\041225PA_experimental_part04.mp4,1900-01-01 19:16:37.300,1057
67573,715,216,6.0,120.0,173.0,246.41666666666663,D:\AprPanama2025_fixed\041225_experimental\041225PA_experimental_part04.mp4,1900-01-01 19:16:37.300,1055
67576,695,93,10.0,134.0,178.0,248.52941176470588,D:\AprPanama2025_fixed\041225_experimental\041225PA_experimental_part04.mp4,1900-01-01 19:16:37.600,1035
67576,718,179,7.5,112.0,177.0,242.7692307692308,D:\AprPanama2025_fixed\041225_experimental\041225PA_experimental_part04.mp4,1900-01-01 19:16:37.600,1058
67576,715,216,3.5,116.0,155.0,244.25,D:\AprPanama2025_fixed\041225_experimental\041225PA_experimental_part04.mp4,1900-01-01 19:16:37.600,1055
67574,695,92,8.0,116.0,179.0,251.46666666666667,D:\AprPanama2025_fixed\041225_experimental\041225PA_experimental_part04.mp4,1900-01-01 19:16:37.400,1035
67574,717,178,8.0,121.0,179.0,249.85714285714283,D:\AprPanama2025_fixed\041225_experimental\041225PA_experimental_part04.mp4,1900-01-01 19:16:37.400,1057
67574,715,216,6.0,120.0,173.0,246.41666666666663,D:\AprPanama2025_fixed\041225_experimental\041225PA_experimental_part04.mp4,1900-01-01 19:16:37.400,1055
67582,701,54,3.0,114.0,169.0,227.5,D:\AprPanama2025_fixed\041225_experimental\041225PA_experimental_part04.mp4,1900-01-01 19:16:38.200,1041
67582,697,94,7.5,121.0,185.0,251.7142857142857,D:\AprPanama2025_fixed\041225_experimental\041225PA_experimental_part04.mp4,1900-01-01 19:16:38.200,1037
67582,719,181,4.5,121.0,173.0,234.2,D:\AprPanama2025_fixed\041225_experimental\041225PA_experimental_part04.mp4,1900-01-01 19:16:38.200,1059
67579,698,54,1.5,113.0,153.0,223.4,D:\AprPanama2025_fixed\041225_experimental\041225PA_experimental_part04.mp4,1900-01-01 19:16:37.900,1038
67579,696,94,9.5,112.0,179.0,239.8823529411765,D:\AprPanama2025_fixed\041225_experimental\041225PA_experimental_part04.mp4,1900-01-01 19:16:37.900,1036
67579,718,180,6.5,122.0,175.0,248.16666666666663,D:\AprPanama2025_fixed\041225_experimental\041225PA_experimental_part04.mp4,1900-01-01 19:16:37.900,1058
67583,701,55,1.5,113.0,154.0,239.42857142857144,D:\AprPanama2025_fixed\041225_experimental\041225PA_experimental_part04.mp4,1900-01-01 19:16:38.300,1041
67583,698,95,7.0,116.0,178.0,246.61538461538464,D:\AprPanama2025_fixed\041225_experimental\041225PA_experimental_part04.mp4,1900-01-01 19:16:38.300,1038
67583,719,181,5.0,112.0,177.0,230.9090909090909,D:\AprPanama2025_fixed\041225_experimental\041225PA_experimental_part04.mp4,1900-01-01 19:16:38.300,1059
67581,700,54,2.0,121.0,172.0,243.0,D:\AprPanama2025_fixed\041225_experimental\041225PA_experimental_part04.mp4,1900-01-01 19:16:38.100,1040
67581,697,94,5.0,122.0,179.0,238.45454545454547,D:\AprPanama2025_fixed\041225_experimental\041225PA_experimental_part04.mp4,1900-01-01 19:16:38.100,1037
67581,719,180,4.0,125.0,178.0,241.77777777777777,D:\AprPanama2025_fixed\041225_experimental\041225PA_experimental_part04.mp4,1900-01-01 19:16:38.100,1059
67584,698,94,6.0,113.0,179.0,243.8333333333333,D:\AprPanama2025_fixed\041225_experimental\041225PA_experimental_part04.mp4,1900-01-01 19:16:38.400,1038
67578,696,94,7.0,124.0,177.0,240.7692307692308,D:\AprPanama2025_fixed\041225_experimental\041225PA_experimental_part04.mp4,1900-01-01 19:16:37.800,1036
67578,718,179,6.5,132.0,179.0,250.25,D:\AprPanama2025_fixed\041225_experimental\041225PA_experimental_part04.mp4,1900-01-01 19:16:37.800,1058
67580,697,94,5.5,137.0,175.0,245.1818181818182,D:\AprPanama2025_fixed\041225_experimental\041225PA_experimental_part04.mp4,1900-01-01 19:16:38.000,1037
67580,719,180,6.5,112.0,172.0,232.0,D:\AprPanama2025_fixed\041225_experimental\041225PA_experimental_part04.mp4,1900-01-01 19:16:38.000,1059
67577,695,93,8.0,115.0,178.0,231.57142857142856,D:\AprPanama2025_fixed\041225_experimental\041225PA_experimental_part04.mp4,1900-01-01 19:16:37.700,1035
67577,718,179,8.5,122.0,177.0,249.28571428571428,D:\AprPanama2025_fixed\041225_experimental\041225PA_experimental_part04.mp4,1900-01-01 19:16:37.700,1058
67589,422,15,1.5,114.0,159.0,169.0,D:\AprPanama2025_fixed\041225_experimental\041225PA_experimental_part04.mp4,1900-01-01 19:16:38.900,762
67589,705,56,1.5,121.0,177.0,231.6,D:\AprPanama2025_fixed\041225_experimental\041225PA_experimental_part04.mp4,1900-01-01 19:16:38.900,1045
67589,699,95,6.0,115.0,174.0,243.25,D:\AprPanama2025_fixed\041225_experimental\041225PA_experimental_part04.mp4,1900-01-01 19:16:38.900,1039
67592,422,15,1.5,134.0,178.0,252.8,D:\AprPanama2025_fixed\041225_experimental\041225PA_experimental_part04.mp4,1900-01-01 19:16:39.200,762
67592,701,96,3.0,128.0,179.0,231.75,D:\AprPanama2025_fixed\041225_experimental\041225PA_experimental_part04.mp4,1900-01-01 19:16:39.200,1041
67586,703,55,2.5,115.0,143.0,169.28571428571428,D:\AprPanama2025_fixed\041225_experimental\041225PA_experimental_part04.mp4,1900-01-01 19:16:38.600,1043
67586,699,95,6.0,114.0,173.0,244.5833333333333,D:\AprPanama2025_fixed\041225_experimental\041225PA_experimental_part04.mp4,1900-01-01 19:16:38.600,1039
67588,704,56,1.5,117.0,149.0,249.4,D:\AprPanama2025_fixed\041225_experimental\041225PA_experimental_part04.mp4,1900-01-01 19:16:38.800,1044
67588,699,95,6.0,123.0,172.0,246.8333333333333,D:\AprPanama2025_fixed\041225_experimental\041225PA_experimental_part04.mp4,1900-01-01 19:16:38.800,1039
67587,699,95,6.0,118.0,171.0,248.5,D:\AprPanama2025_fixed\041225_experimental\041225PA_experimental_part04.mp4,1900-01-01 19:16:38.700,1039
67591,700,96,2.5,138.0,181.0,251.85714285714283,D:\AprPanama2025_fixed\041225_experimental\041225PA_experimental_part04.mp4,1900-01-01 19:16:39.100,1040
67590,422,14,2.0,125.0,171.0,238.6,D:\AprPanama2025_fixed\041225_experimental\041225PA_experimental_part04.mp4,1900-01-01 19:16:39.000,762
67590,700,96,4.0,131.0,179.0,249.77777777777777,D:\AprPanama2025_fixed\041225_experimental\041225PA_experimental_part04.mp4,1900-01-01 19:16:39.000,1040
67585,702,55,2.0,140.0,173.0,109.83333333333331,D:\AprPanama2025_fixed\041225_experimental\041225PA_experimental_part04.mp4,1900-01-01 19:16:38.500,1042
67585,698,95,5.5,112.0,175.0,245.27272727272728,D:\AprPanama2025_fixed\041225_experimental\041225PA_experimental_part04.mp4,1900-01-01 19:16:38.500,1038
67593,701,96,3.0,128.0,179.0,231.75,D:\AprPanama2025_fixed\041225_experimental\041225PA_experimental_part04.mp4,1900-01-01 19:16:39.300,1041
67596,702,97,2.0,111.0,163.0,137.16666666666666,D:\AprPanama2025_fixed\041225_experimental\041225PA_experimental_part04.mp4,1900-01-01 19:16:39.600,1042
67595,702,97,2.5,116.0,173.0,240.5,D:\AprPanama2025_fixed\041225_experimental\041225PA_experimental_part04.mp4,1900-01-01 19:16:39.500,1042
67594,422,15,2.5,116.0,177.0,228.0,D:\AprPanama2025_fixed\041225_experimental\041225PA_experimental_part04.mp4,1900-01-01 19:16:39.400,762
67594,702,97,2.5,116.0,173.0,240.5,D:\AprPanama2025_fixed\041225_experimental\041225PA_experimental_part04.mp4,1900-01-01 19:16:39.400,1042
67699,138,55,3.5,123.0,169.0,220.3333333333333,D:\AprPanama2025_fixed\041225_experimental\041225PA_experimental_part04.mp4,1900-01-01 19:16:49.900,478
67702,214,51,3.0,148.0,176.0,233.75,D:\AprPanama2025_fixed\041225_experimental\041225PA_experimental_part04.mp4,1900-01-01 19:16:50.200,554
67702,138,54,3.0,112.0,176.0,217.7142857142857,D:\AprPanama2025_fixed\041225_experimental\041225PA_experimental_part04.mp4,1900-01-01 19:16:50.200,478
67701,214,51,5.0,117.0,186.0,157.0,D:\AprPanama2025_fixed\041225_experimental\041225PA_experimental_part04.mp4,1900-01-01 19:16:50.100,554
67701,138,54,5.5,120.0,172.0,216.0909090909091,D:\AprPanama2025_fixed\041225_experimental\041225PA_experimental_part04.mp4,1900-01-01 19:16:50.100,478
67704,215,51,3.5,113.0,165.0,194.5,D:\AprPanama2025_fixed\041225_experimental\041225PA_experimental_part04.mp4,1900-01-01 19:16:50.400,555
67704,138,52,3.5,117.0,176.0,254.625,D:\AprPanama2025_fixed\041225_experimental\041225PA_experimental_part04.mp4,1900-01-01 19:16:50.400,478
67703,215,51,5.0,121.0,174.0,206.5,D:\AprPanama2025_fixed\041225_experimental\041225PA_experimental_part04.mp4,1900-01-01 19:16:50.300,555
67703,138,53,3.5,130.0,175.0,243.75,D:\AprPanama2025_fixed\041225_experimental\041225PA_experimental_part04.mp4,1900-01-01 19:16:50.300,478
67700,138,54,5.5,120.0,172.0,216.0909090909091,D:\AprPanama2025_fixed\041225_experimental\041225PA_experimental_part04.mp4,1900-01-01 19:16:50.000,478
67707,138,52,5.0,124.0,181.0,235.9,D:\AprPanama2025_fixed\041225_experimental\041225PA_experimental_part04.mp4,1900-01-01 19:16:50.700,478
67712,136,50,1.5,130.0,142.0,54.6,D:\AprPanama2025_fixed\041225_experimental\041225PA_experimental_part04.mp4,1900-01-01 19:16:51.200,476
67708,218,49,2.0,122.0,160.0,222.0,D:\AprPanama2025_fixed\041225_experimental\041225PA_experimental_part04.mp4,1900-01-01 19:16:50.800,558
67708,138,50,2.0,115.0,170.0,218.0,D:\AprPanama2025_fixed\041225_experimental\041225PA_experimental_part04.mp4,1900-01-01 19:16:50.800,478
67706,217,50,4.5,118.0,174.0,179.9,D:\AprPanama2025_fixed\041225_experimental\041225PA_experimental_part04.mp4,1900-01-01 19:16:50.600,557
67706,138,52,5.5,117.0,177.0,241.1818181818182,D:\AprPanama2025_fixed\041225_experimental\041225PA_experimental_part04.mp4,1900-01-01 19:16:50.600,478
67711,137,49,2.0,129.0,158.0,175.66666666666666,D:\AprPanama2025_fixed\041225_experimental\041225PA_experimental_part04.mp4,1900-01-01 19:16:51.100,477
67710,220,49,3.5,116.0,170.0,201.0,D:\AprPanama2025_fixed\041225_experimental\041225PA_experimental_part04.mp4,1900-01-01 19:16:51.000,560
67710,137,49,2.5,124.0,157.0,195.5,D:\AprPanama2025_fixed\041225_experimental\041225PA_experimental_part04.mp4,1900-01-01 19:16:51.000,477
67705,216,50,2.5,111.0,178.0,224.7142857142857,D:\AprPanama2025_fixed\041225_experimental\041225PA_experimental_part04.mp4,1900-01-01 19:16:50.500,556
67705,138,52,5.5,119.0,178.0,240.5,D:\AprPanama2025_fixed\041225_experimental\041225PA_experimental_part04.mp4,1900-01-01 19:16:50.500,478
67709,137,50,4.0,120.0,172.0,200.66666666666663,D:\AprPanama2025_fixed\041225_experimental\041225PA_experimental_part04.mp4,1900-01-01 19:16:50.900,477
67715,133,99,4.0,123.0,161.0,212.44444444444443,D:\AprPanama2025_fixed\041225_experimental\041225PA_experimental_part04.mp4,1900-01-01 19:16:51.500,473
67715,7,108,1.5,114.0,151.0,118.6,D:\AprPanama2025_fixed\041225_experimental\041225PA_experimental_part04.mp4,1900-01-01 19:16:51.500,347
67718,133,98,3.0,113.0,169.0,202.77777777777777,D:\AprPanama2025_fixed\041225_experimental\041225PA_experimental_part04.mp4,1900-01-01 19:16:51.800,473
67718,7,107,2.5,119.0,162.0,207.85714285714283,D:\AprPanama2025_fixed\041225_experimental\041225PA_experimental_part04.mp4,1900-01-01 19:16:51.800,347
67716,136,47,3.0,112.0,167.0,124.85714285714285,D:\AprPanama2025_fixed\041225_experimental\041225PA_experimental_part04.mp4,1900-01-01 19:16:51.600,476
67716,133,99,6.5,114.0,168.0,185.66666666666663,D:\AprPanama2025_fixed\041225_experimental\041225PA_experimental_part04.mp4,1900-01-01 19:16:51.600,473
67716,7,107,5.0,122.0,168.0,165.10000000000002,D:\AprPanama2025_fixed\041225_experimental\041225PA_experimental_part04.mp4,1900-01-01 19:16:51.600,347
67720,135,46,2.5,116.0,151.0,84.28571428571428,D:\AprPanama2025_fixed\041225_experimental\041225PA_experimental_part04.mp4,1900-01-01 19:16:52.000,475
67720,133,97,6.0,111.0,173.0,218.8181818181818,D:\AprPanama2025_fixed\041225_experimental\041225PA_experimental_part04.mp4,1900-01-01 19:16:52.000,473
67720,4,107,9.5,111.0,236.0,237.88888888888889,D:\AprPanama2025_fixed\041225_experimental\041225PA_experimental_part04.mp4,1900-01-01 19:16:52.000,344
67714,132,100,4.5,111.0,165.0,219.3,D:\AprPanama2025_fixed\041225_experimental\041225PA_experimental_part04.mp4,1900-01-01 19:16:51.400,472
67719,133,98,4.0,119.0,164.0,213.77777777777777,D:\AprPanama2025_fixed\041225_experimental\041225PA_experimental_part04.mp4,1900-01-01 19:16:51.900,473
67719,6,106,2.5,114.0,179.0,217.9,D:\AprPanama2025_fixed\041225_experimental\041225PA_experimental_part04.mp4,1900-01-01 19:16:51.900,346
67717,133,99,6.5,114.0,168.0,185.66666666666663,D:\AprPanama2025_fixed\041225_experimental\041225PA_experimental_part04.mp4,1900-01-01 19:16:51.700,473
67717,7,107,3.0,121.0,150.0,136.28571428571428,D:\AprPanama2025_fixed\041225_experimental\041225PA_experimental_part04.mp4,1900-01-01 19:16:51.700,347
67713,136,50,1.5,113.0,155.0,221.0,D:\AprPanama2025_fixed\041225_experimental\041225PA_experimental_part04.mp4,1900-01-01 19:16:51.300,476
67713,132,100,3.0,122.0,164.0,160.14285714285714,D:\AprPanama2025_fixed\041225_experimental\041225PA_experimental_part04.mp4,1900-01-01 19:16:51.300,472
67724,134,96,2.5,139.0,175.0,215.57142857142856,D:\AprPanama2025_fixed\041225_experimental\041225PA_experimental_part04.mp4,1900-01-01 19:16:52.400,474
67724,3,105,4.0,114.0,174.0,185.1,D:\AprPanama2025_fixed\041225_experimental\041225PA_experimental_part04.mp4,1900-01-01 19:16:52.400,343
67725,134,96,1.5,119.0,155.0,251.6,D:\AprPanama2025_fixed\041225_experimental\041225PA_experimental_part04.mp4,1900-01-01 19:16:52.500,474
67725,4,104,2.0,114.0,171.0,175.0,D:\AprPanama2025_fixed\041225_experimental\041225PA_experimental_part04.mp4,1900-01-01 19:16:52.500,344
67721,135,46,1.5,116.0,147.0,73.8,D:\AprPanama2025_fixed\041225_experimental\041225PA_experimental_part04.mp4,1900-01-01 19:16:52.100,475
67721,133,97,7.0,125.0,179.0,224.46153846153848,D:\AprPanama2025_fixed\041225_experimental\041225PA_experimental_part04.mp4,1900-01-01 19:16:52.100,473
67721,4,106,12.0,118.0,179.0,239.6,D:\AprPanama2025_fixed\041225_experimental\041225PA_experimental_part04.mp4,1900-01-01 19:16:52.100,344
67723,134,96,3.0,122.0,178.0,250.57142857142856,D:\AprPanama2025_fixed\041225_experimental\041225PA_experimental_part04.mp4,1900-01-01 19:16:52.300,474
67723,4,106,6.5,131.0,178.0,242.2142857142857,D:\AprPanama2025_fixed\041225_experimental\041225PA_experimental_part04.mp4,1900-01-01 19:16:52.300,344
67722,134,96,3.0,122.0,178.0,250.57142857142856,D:\AprPanama2025_fixed\041225_experimental\041225PA_experimental_part04.mp4,1900-01-01 19:16:52.200,474
67722,4,106,6.5,131.0,178.0,242.2142857142857,D:\AprPanama2025_fixed\041225_experimental\041225PA_experimental_part04.mp4,1900-01-01 19:16:52.200,344
67726,3,56,2.5,114.0,148.0,6.0,D:\AprPanama2025_fixed\041225_experimental\041225PA_experimental_part04.mp4,1900-01-01 19:16:52.600,343
67726,134,96,2.5,111.0,155.0,138.57142857142856,D:\AprPanama2025_fixed\041225_experimental\041225PA_experimental_part04.mp4,1900-01-01 19:16:52.600,474
67727,135,44,1.5,113.0,143.0,203.0,D:\AprPanama2025_fixed\041225_experimental\041225PA_experimental_part04.mp4,1900-01-01 19:16:52.700,475
67728,135,44,4.5,112.0,166.0,188.0,D:\AprPanama2025_fixed\041225_experimental\041225PA_experimental_part04.mp4,1900-01-01 19:16:52.800,475
67731,135,44,2.5,122.0,156.0,179.42857142857142,D:\AprPanama2025_fixed\041225_experimental\041225PA_experimental_part04.mp4,1900-01-01 19:16:53.100,475
67731,3,56,2.5,127.0,165.0,120.0,D:\AprPanama2025_fixed\041225_experimental\041225PA_experimental_part04.mp4,1900-01-01 19:16:53.100,343
67731,136,92,2.0,115.0,168.0,199.66666666666663,D:\AprPanama2025_fixed\041225_experimental\041225PA_experimental_part04.mp4,1900-01-01 19:16:53.100,476
67735,133,43,2.0,132.0,177.0,243.66666666666663,D:\AprPanama2025_fixed\041225_experimental\041225PA_experimental_part04.mp4,1900-01-01 19:16:53.500,473
67735,5,54,4.5,117.0,179.0,227.5833333333333,D:\AprPanama2025_fixed\041225_experimental\041225PA_experimental_part04.mp4,1900-01-01 19:16:53.500,345
67730,134,43,3.5,117.0,156.0,198.625,D:\AprPanama2025_fixed\041225_experimental\041225PA_experimental_part04.mp4,1900-01-01 19:16:53.000,474
67733,133,43,3.0,122.0,169.0,250.25,D:\AprPanama2025_fixed\041225_experimental\041225PA_experimental_part04.mp4,1900-01-01 19:16:53.300,473
67733,3,55,5.5,113.0,176.0,171.9090909090909,D:\AprPanama2025_fixed\041225_experimental\041225PA_experimental_part04.mp4,1900-01-01 19:16:53.300,343
67732,134,44,3.5,114.0,167.0,214.25,D:\AprPanama2025_fixed\041225_experimental\041225PA_experimental_part04.mp4,1900-01-01 19:16:53.200,474
67732,3,55,5.5,125.0,175.0,162.27272727272728,D:\AprPanama2025_fixed\041225_experimental\041225PA_experimental_part04.mp4,1900-01-01 19:16:53.200,343
67732,136,92,3.5,116.0,157.0,156.5,D:\AprPanama2025_fixed\041225_experimental\041225PA_experimental_part04.mp4,1900-01-01 19:16:53.200,476
67736,131,43,1.5,113.0,148.0,179.0,D:\AprPanama2025_fixed\041225_experimental\041225PA_experimental_part04.mp4,1900-01-01 19:16:53.600,471
67736,5,54,5.5,116.0,179.0,222.15384615384616,D:\AprPanama2025_fixed\041225_experimental\041225PA_experimental_part04.mp4,1900-01-01 19:16:53.600,345
67734,133,43,3.5,135.0,177.0,190.125,D:\AprPanama2025_fixed\041225_experimental\041225PA_experimental_part04.mp4,1900-01-01 19:16:53.400,473
67734,3,55,4.5,112.0,173.0,213.5,D:\AprPanama2025_fixed\041225_experimental\041225PA_experimental_part04.mp4,1900-01-01 19:16:53.400,343
67729,135,44,5.0,120.0,162.0,172.3,D:\AprPanama2025_fixed\041225_experimental\041225PA_experimental_part04.mp4,1900-01-01 19:16:52.900,475
67729,135,93,5.0,112.0,163.0,152.3,D:\AprPanama2025_fixed\041225_experimental\041225PA_experimental_part04.mp4,1900-01-01 19:16:52.900,475
67737,5,54,4.5,112.0,178.0,206.0909090909091,D:\AprPanama2025_fixed\041225_experimental\041225PA_experimental_part04.mp4,1900-01-01 19:16:53.700,345
67737,136,89,2.0,151.0,160.0,187.0,D:\AprPanama2025_fixed\041225_experimental\041225PA_experimental_part04.mp4,1900-01-01 19:16:53.700,476
67744,127,42,1.5,118.0,137.0,126.8,D:\AprPanama2025_fixed\041225_experimental\041225PA_experimental_part04.mp4,1900-01-01 19:16:54.400,467
67739,130,42,2.0,132.0,173.0,221.5,D:\AprPanama2025_fixed\041225_experimental\041225PA_experimental_part04.mp4,1900-01-01 19:16:53.900,470
67739,138,89,2.0,111.0,173.0,183.8333333333333,D:\AprPanama2025_fixed\041225_experimental\041225PA_experimental_part04.mp4,1900-01-01 19:16:53.900,478
67738,130,42,2.0,119.0,171.0,233.0,D:\AprPanama2025_fixed\041225_experimental\041225PA_experimental_part04.mp4,1900-01-01 19:16:53.800,470
67738,5,54,4.0,118.0,165.0,153.5,D:\AprPanama2025_fixed\041225_experimental\041225PA_experimental_part04.mp4,1900-01-01 19:16:53.800,345
67738,138,88,2.0,111.0,174.0,208.85714285714283,D:\AprPanama2025_fixed\041225_experimental\041225PA_experimental_part04.mp4,1900-01-01 19:16:53.800,478
67753,141,80,1.5,119.0,141.0,67.60000000000001,D:\AprPanama2025_fixed\041225_experimental\041225PA_experimental_part04.mp4,1900-01-01 19:16:55.300,481
67756,119,40,2.5,116.0,148.0,31.85714285714285,D:\AprPanama2025_fixed\041225_experimental\041225PA_experimental_part04.mp4,1900-01-01 19:16:55.600,459
67772,628,126,1.5,138.0,178.0,238.0,D:\AprPanama2025_fixed\041225_experimental\041225PA_experimental_part04.mp4,1900-01-01 19:16:57.200,968
67774,769,70,9.0,117.0,179.0,245.0,D:\AprPanama2025_fixed\041225_experimental\041225PA_experimental_part04.mp4,1900-01-01 19:16:57.400,1109
67776,769,71,17.0,120.0,179.0,246.15384615384616,D:\AprPanama2025_fixed\041225_experimental\041225PA_experimental_part04.mp4,1900-01-01 19:16:57.600,1109
67775,769,71,10.5,125.0,179.0,249.58823529411765,D:\AprPanama2025_fixed\041225_experimental\041225PA_experimental_part04.mp4,1900-01-01 19:16:57.500,1109
67781,770,73,14.5,123.0,179.0,243.5217391304348,D:\AprPanama2025_fixed\041225_experimental\041225PA_experimental_part04.mp4,1900-01-01 19:16:58.100,1110
67782,770,74,15.0,116.0,179.0,247.9583333333333,D:\AprPanama2025_fixed\041225_experimental\041225PA_experimental_part04.mp4,1900-01-01 19:16:58.200,1110
67784,770,74,15.5,112.0,179.0,251.2173913043478,D:\AprPanama2025_fixed\041225_experimental\041225PA_experimental_part04.mp4,1900-01-01 19:16:58.400,1110
67783,770,74,13.0,117.0,179.0,249.4,D:\AprPanama2025_fixed\041225_experimental\041225PA_experimental_part04.mp4,1900-01-01 19:16:58.300,1110
67779,770,73,15.5,124.0,179.0,242.5217391304348,D:\AprPanama2025_fixed\041225_experimental\041225PA_experimental_part04.mp4,1900-01-01 19:16:57.900,1110
67778,769,72,17.5,124.0,179.0,248.34615384615387,D:\AprPanama2025_fixed\041225_experimental\041225PA_experimental_part04.mp4,1900-01-01 19:16:57.800,1109
67780,770,73,14.5,123.0,179.0,243.5217391304348,D:\AprPanama2025_fixed\041225_experimental\041225PA_experimental_part04.mp4,1900-01-01 19:16:58.000,1110
67777,769,72,16.5,118.0,179.0,250.3333333333333,D:\AprPanama2025_fixed\041225_experimental\041225PA_experimental_part04.mp4,1900-01-01 19:16:57.700,1109
67792,773,77,7.5,122.0,176.0,246.64285714285717,D:\AprPanama2025_fixed\041225_experimental\041225PA_experimental_part04.mp4,1900-01-01 19:16:59.200,1113
67792,485,115,6.5,117.0,176.0,235.5,D:\AprPanama2025_fixed\041225_experimental\041225PA_experimental_part04.mp4,1900-01-01 19:16:59.200,825
67786,772,75,9.0,118.0,175.0,244.9333333333333,D:\AprPanama2025_fixed\041225_experimental\041225PA_experimental_part04.mp4,1900-01-01 19:16:58.600,1112
67789,772,76,9.0,112.0,174.0,244.4375,D:\AprPanama2025_fixed\041225_experimental\041225PA_experimental_part04.mp4,1900-01-01 19:16:58.900,1112
67790,772,76,10.0,116.0,176.0,245.8235294117647,D:\AprPanama2025_fixed\041225_experimental\041225PA_experimental_part04.mp4,1900-01-01 19:16:59.000,1112
67790,486,113,4.0,114.0,162.0,200.44444444444443,D:\AprPanama2025_fixed\041225_experimental\041225PA_experimental_part04.mp4,1900-01-01 19:16:59.000,826
67791,773,77,8.5,115.0,177.0,251.6875,D:\AprPanama2025_fixed\041225_experimental\041225PA_experimental_part04.mp4,1900-01-01 19:16:59.100,1113
67791,485,114,4.5,130.0,174.0,206.3,D:\AprPanama2025_fixed\041225_experimental\041225PA_experimental_part04.mp4,1900-01-01 19:16:59.100,825
67787,771,75,10.0,113.0,178.0,247.58823529411765,D:\AprPanama2025_fixed\041225_experimental\041225PA_experimental_part04.mp4,1900-01-01 19:16:58.700,1111
67785,771,74,8.5,118.0,178.0,248.9333333333333,D:\AprPanama2025_fixed\041225_experimental\041225PA_experimental_part04.mp4,1900-01-01 19:16:58.500,1111
67788,772,76,11.0,118.0,177.0,254.6111111111111,D:\AprPanama2025_fixed\041225_experimental\041225PA_experimental_part04.mp4,1900-01-01 19:16:58.800,1112
67794,773,78,9.0,121.0,173.0,251.2,D:\AprPanama2025_fixed\041225_experimental\041225PA_experimental_part04.mp4,1900-01-01 19:16:59.400,1113
67794,484,116,4.5,111.0,175.0,246.88888888888889,D:\AprPanama2025_fixed\041225_experimental\041225PA_experimental_part04.mp4,1900-01-01 19:16:59.400,824
67793,773,77,7.5,124.0,179.0,241.42857142857144,D:\AprPanama2025_fixed\041225_experimental\041225PA_experimental_part04.mp4,1900-01-01 19:16:59.300,1113
67793,486,115,4.0,125.0,178.0,217.66666666666663,D:\AprPanama2025_fixed\041225_experimental\041225PA_experimental_part04.mp4,1900-01-01 19:16:59.300,826
67799,775,79,7.5,119.0,171.0,245.0,D:\AprPanama2025_fixed\041225_experimental\041225PA_experimental_part04.mp4,1900-01-01 19:16:59.900,1115
67799,482,119,3.0,123.0,179.0,171.125,D:\AprPanama2025_fixed\041225_experimental\041225PA_experimental_part04.mp4,1900-01-01 19:16:59.900,822
67796,775,78,6.5,130.0,179.0,245.30769230769232,D:\AprPanama2025_fixed\041225_experimental\041225PA_experimental_part04.mp4,1900-01-01 19:16:59.600,1115
67796,483,117,6.5,112.0,175.0,234.0833333333333,D:\AprPanama2025_fixed\041225_experimental\041225PA_experimental_part04.mp4,1900-01-01 19:16:59.600,823
67797,775,78,5.0,116.0,179.0,247.0833333333333,D:\AprPanama2025_fixed\041225_experimental\041225PA_experimental_part04.mp4,1900-01-01 19:16:59.700,1115
67797,483,117,2.0,128.0,144.0,254.5,D:\AprPanama2025_fixed\041225_experimental\041225PA_experimental_part04.mp4,1900-01-01 19:16:59.700,823
67798,774,79,7.0,113.0,178.0,242.0,D:\AprPanama2025_fixed\041225_experimental\041225PA_experimental_part04.mp4,1900-01-01 19:16:59.800,1114
67798,482,118,3.0,129.0,180.0,248.7142857142857,D:\AprPanama2025_fixed\041225_experimental\041225PA_experimental_part04.mp4,1900-01-01 19:16:59.800,822
67800,775,80,4.5,145.0,177.0,233.45454545454547,D:\AprPanama2025_fixed\041225_experimental\041225PA_experimental_part04.mp4,1900-01-01 19:17:00.000,1115
67800,481,119,5.0,116.0,165.0,187.4,D:\AprPanama2025_fixed\041225_experimental\041225PA_experimental_part04.mp4,1900-01-01 19:17:00.000,821
67795,774,78,8.5,111.0,177.0,249.26666666666665,D:\AprPanama2025_fixed\041225_experimental\041225PA_experimental_part04.mp4,1900-01-01 19:16:59.500,1114
67795,484,116,2.0,120.0,177.0,244.8333333333333,D:\AprPanama2025_fixed\041225_experimental\041225PA_experimental_part04.mp4,1900-01-01 19:16:59.500,824
67806,777,82,4.0,120.0,173.0,246.6,D:\AprPanama2025_fixed\041225_experimental\041225PA_experimental_part04.mp4,1900-01-01 19:17:00.600,1117
67806,478,124,1.5,122.0,159.0,208.8,D:\AprPanama2025_fixed\041225_experimental\041225PA_experimental_part04.mp4,1900-01-01 19:17:00.600,818
67805,776,81,3.5,111.0,173.0,242.875,D:\AprPanama2025_fixed\041225_experimental\041225PA_experimental_part04.mp4,1900-01-01 19:17:00.500,1116
67808,777,82,3.5,111.0,169.0,192.75,D:\AprPanama2025_fixed\041225_experimental\041225PA_experimental_part04.mp4,1900-01-01 19:17:00.800,1117
67807,777,82,4.0,118.0,178.0,231.1,D:\AprPanama2025_fixed\041225_experimental\041225PA_experimental_part04.mp4,1900-01-01 19:17:00.700,1117
67807,477,126,2.0,119.0,173.0,191.3333333333333,D:\AprPanama2025_fixed\041225_experimental\041225PA_experimental_part04.mp4,1900-01-01 19:17:00.700,817
67804,776,81,7.0,117.0,173.0,233.30769230769232,D:\AprPanama2025_fixed\041225_experimental\041225PA_experimental_part04.mp4,1900-01-01 19:17:00.400,1116
67804,479,123,3.5,112.0,152.0,242.0,D:\AprPanama2025_fixed\041225_experimental\041225PA_experimental_part04.mp4,1900-01-01 19:17:00.400,819
67802,776,80,4.5,116.0,178.0,235.2222222222222,D:\AprPanama2025_fixed\041225_experimental\041225PA_experimental_part04.mp4,1900-01-01 19:17:00.200,1116
67803,776,80,2.0,125.0,177.0,246.8333333333333,D:\AprPanama2025_fixed\041225_experimental\041225PA_experimental_part04.mp4,1900-01-01 19:17:00.300,1116
67801,775,80,6.0,139.0,179.0,247.5833333333333,D:\AprPanama2025_fixed\041225_experimental\041225PA_experimental_part04.mp4,1900-01-01 19:17:00.100,1115
67801,480,120,3.5,118.0,166.0,246.0,D:\AprPanama2025_fixed\041225_experimental\041225PA_experimental_part04.mp4,1900-01-01 19:17:00.100,820
67810,777,83,2.5,117.0,179.0,255.0,D:\AprPanama2025_fixed\041225_experimental\041225PA_experimental_part04.mp4,1900-01-01 19:17:01.000,1117
67810,475,128,1.5,123.0,136.0,197.0,D:\AprPanama2025_fixed\041225_experimental\041225PA_experimental_part04.mp4,1900-01-01 19:17:01.000,815
67812,473,129,3.0,116.0,154.0,124.71428571428572,D:\AprPanama2025_fixed\041225_experimental\041225PA_experimental_part04.mp4,1900-01-01 19:17:01.200,813
67816,470,133,2.5,113.0,161.0,231.0,D:\AprPanama2025_fixed\041225_experimental\041225PA_experimental_part04.mp4,1900-01-01 19:17:01.600,810
67809,777,82,4.0,113.0,175.0,242.1111111111111,D:\AprPanama2025_fixed\041225_experimental\041225PA_experimental_part04.mp4,1900-01-01 19:17:00.900,1117
67809,476,126,1.5,136.0,171.0,236.0,D:\AprPanama2025_fixed\041225_experimental\041225PA_experimental_part04.mp4,1900-01-01 19:17:00.900,816
67814,779,84,1.5,125.0,160.0,236.0,D:\AprPanama2025_fixed\041225_experimental\041225PA_experimental_part04.mp4,1900-01-01 19:17:01.400,1119
67811,474,128,2.0,138.0,174.0,236.66666666666663,D:\AprPanama2025_fixed\041225_experimental\041225PA_experimental_part04.mp4,1900-01-01 19:17:01.100,814
67815,779,84,3.0,112.0,166.0,236.75,D:\AprPanama2025_fixed\041225_experimental\041225PA_experimental_part04.mp4,1900-01-01 19:17:01.500,1119
67815,472,132,3.0,120.0,152.0,76.28571428571428,D:\AprPanama2025_fixed\041225_experimental\041225PA_experimental_part04.mp4,1900-01-01 19:17:01.500,812
67819,780,86,1.5,138.0,180.0,248.4,D:\AprPanama2025_fixed\041225_experimental\041225PA_experimental_part04.mp4,1900-01-01 19:17:01.900,1120
67819,468,135,2.0,121.0,147.0,105.0,D:\AprPanama2025_fixed\041225_experimental\041225PA_experimental_part04.mp4,1900-01-01 19:17:01.900,808
67820,468,136,2.0,125.0,166.0,146.6,D:\AprPanama2025_fixed\041225_experimental\041225PA_experimental_part04.mp4,1900-01-01 19:17:02.000,808
67822,781,87,1.5,124.0,172.0,215.2,D:\AprPanama2025_fixed\041225_experimental\041225PA_experimental_part04.mp4,1900-01-01 19:17:02.200,1121
67826,464,142,1.5,113.0,151.0,215.0,D:\AprPanama2025_fixed\041225_experimental\041225PA_experimental_part04.mp4,1900-01-01 19:17:02.600,804
68048,965,111,10.0,128.0,179.0,227.11764705882356,D:\AprPanama2025_fixed\041225_experimental\041225PA_experimental_part04.mp4,1900-01-01 19:17:24.800,1305
68047,966,110,4.5,114.0,162.0,245.4,D:\AprPanama2025_fixed\041225_experimental\041225PA_experimental_part04.mp4,1900-01-01 19:17:24.700,1306
68055,965,110,6.5,119.0,179.0,247.28571428571428,D:\AprPanama2025_fixed\041225_experimental\041225PA_experimental_part04.mp4,1900-01-01 19:17:25.500,1305
68056,966,110,2.5,119.0,174.0,254.5,D:\AprPanama2025_fixed\041225_experimental\041225PA_experimental_part04.mp4,1900-01-01 19:17:25.600,1306
68051,965,111,11.5,123.0,179.0,237.0526315789473,D:\AprPanama2025_fixed\041225_experimental\041225PA_experimental_part04.mp4,1900-01-01 19:17:25.100,1305
68052,966,110,7.0,135.0,179.0,249.2142857142857,D:\AprPanama2025_fixed\041225_experimental\041225PA_experimental_part04.mp4,1900-01-01 19:17:25.200,1306
68054,966,110,7.0,115.0,173.0,240.14285714285717,D:\AprPanama2025_fixed\041225_experimental\041225PA_experimental_part04.mp4,1900-01-01 19:17:25.400,1306
68053,965,111,9.0,143.0,175.0,246.6875,D:\AprPanama2025_fixed\041225_experimental\041225PA_experimental_part04.mp4,1900-01-01 19:17:25.300,1305
68050,965,111,11.5,123.0,179.0,237.0526315789473,D:\AprPanama2025_fixed\041225_experimental\041225PA_experimental_part04.mp4,1900-01-01 19:17:25.000,1305
68049,965,111,10.0,111.0,179.0,239.58823529411765,D:\AprPanama2025_fixed\041225_experimental\041225PA_experimental_part04.mp4,1900-01-01 19:17:24.900,1305
68057,966,110,1.5,128.0,178.0,250.8333333333333,D:\AprPanama2025_fixed\041225_experimental\041225PA_experimental_part04.mp4,1900-01-01 19:17:25.700,1306
68059,966,110,1.5,121.0,148.0,246.4,D:\AprPanama2025_fixed\041225_experimental\041225PA_experimental_part04.mp4,1900-01-01 19:17:25.900,1306
68058,966,110,1.5,121.0,148.0,246.4,D:\AprPanama2025_fixed\041225_experimental\041225PA_experimental_part04.mp4,1900-01-01 19:17:25.800,1306
68622,798,52,6.5,116.0,179.0,249.30769230769232,D:\AprPanama2025_fixed\041225_experimental\041225PA_experimental_part04.mp4,1900-01-01 19:18:22.200,1138
68622,789,96,4.0,120.0,176.0,241.77777777777777,D:\AprPanama2025_fixed\041225_experimental\041225PA_experimental_part04.mp4,1900-01-01 19:18:22.200,1129
68622,757,127,12.0,115.0,179.0,245.6315789473684,D:\AprPanama2025_fixed\041225_experimental\041225PA_experimental_part04.mp4,1900-01-01 19:18:22.200,1097
68620,789,97,5.5,119.0,171.0,238.6,D:\AprPanama2025_fixed\041225_experimental\041225PA_experimental_part04.mp4,1900-01-01 19:18:22.000,1129
68621,789,97,7.0,117.0,179.0,238.6923076923077,D:\AprPanama2025_fixed\041225_experimental\041225PA_experimental_part04.mp4,1900-01-01 19:18:22.100,1129
68621,760,125,8.5,112.0,176.0,212.33333333333331,D:\AprPanama2025_fixed\041225_experimental\041225PA_experimental_part04.mp4,1900-01-01 19:18:22.100,1100
68619,788,97,3.0,120.0,166.0,231.125,D:\AprPanama2025_fixed\041225_experimental\041225PA_experimental_part04.mp4,1900-01-01 19:18:21.900,1128
68618,788,97,2.5,119.0,173.0,212.625,D:\AprPanama2025_fixed\041225_experimental\041225PA_experimental_part04.mp4,1900-01-01 19:18:21.800,1128
68623,798,55,13.5,131.0,179.0,250.9523809523809,D:\AprPanama2025_fixed\041225_experimental\041225PA_experimental_part04.mp4,1900-01-01 19:18:22.300,1138
68623,789,96,5.5,111.0,177.0,237.0,D:\AprPanama2025_fixed\041225_experimental\041225PA_experimental_part04.mp4,1900-01-01 19:18:22.300,1129
68623,756,127,14.5,119.0,178.0,248.91304347826087,D:\AprPanama2025_fixed\041225_experimental\041225PA_experimental_part04.mp4,1900-01-01 19:18:22.300,1096
68624,799,57,16.0,111.0,179.0,249.41666666666663,D:\AprPanama2025_fixed\041225_experimental\041225PA_experimental_part04.mp4,1900-01-01 19:18:22.400,1139
68624,789,96,5.5,118.0,176.0,226.9090909090909,D:\AprPanama2025_fixed\041225_experimental\041225PA_experimental_part04.mp4,1900-01-01 19:18:22.400,1129
68624,756,128,17.0,112.0,179.0,254.0769230769231,D:\AprPanama2025_fixed\041225_experimental\041225PA_experimental_part04.mp4,1900-01-01 19:18:22.400,1096
68629,799,58,17.5,112.0,179.0,249.0769230769231,D:\AprPanama2025_fixed\041225_experimental\041225PA_experimental_part04.mp4,1900-01-01 19:18:22.900,1139
68629,788,95,1.5,115.0,150.0,203.8,D:\AprPanama2025_fixed\041225_experimental\041225PA_experimental_part04.mp4,1900-01-01 19:18:22.900,1128
68629,756,129,14.5,113.0,179.0,246.4782608695652,D:\AprPanama2025_fixed\041225_experimental\041225PA_experimental_part04.mp4,1900-01-01 19:18:22.900,1096
68630,799,58,14.0,114.0,179.0,253.0909090909091,D:\AprPanama2025_fixed\041225_experimental\041225PA_experimental_part04.mp4,1900-01-01 19:18:23.000,1139
68630,789,96,4.0,113.0,160.0,229.0,D:\AprPanama2025_fixed\041225_experimental\041225PA_experimental_part04.mp4,1900-01-01 19:18:23.000,1129
68630,756,129,16.0,121.0,179.0,241.52,D:\AprPanama2025_fixed\041225_experimental\041225PA_experimental_part04.mp4,1900-01-01 19:18:23.000,1096
68630,459,243,7.0,115.0,161.0,233.61538461538464,D:\AprPanama2025_fixed\041225_experimental\041225PA_experimental_part04.mp4,1900-01-01 19:18:23.000,799
68628,799,58,19.0,112.0,179.0,248.82142857142856,D:\AprPanama2025_fixed\041225_experimental\041225PA_experimental_part04.mp4,1900-01-01 19:18:22.800,1139
68628,788,95,1.5,111.0,142.0,216.8,D:\AprPanama2025_fixed\041225_experimental\041225PA_experimental_part04.mp4,1900-01-01 19:18:22.800,1128
68628,756,129,15.0,127.0,179.0,249.0,D:\AprPanama2025_fixed\041225_experimental\041225PA_experimental_part04.mp4,1900-01-01 19:18:22.800,1096
68632,799,58,13.0,114.0,179.0,242.3333333333333,D:\AprPanama2025_fixed\041225_experimental\041225PA_experimental_part04.mp4,1900-01-01 19:18:23.200,1139
68632,789,96,4.0,113.0,160.0,229.0,D:\AprPanama2025_fixed\041225_experimental\041225PA_experimental_part04.mp4,1900-01-01 19:18:23.200,1129
68632,757,130,13.5,117.0,179.0,252.66666666666663,D:\AprPanama2025_fixed\041225_experimental\041225PA_experimental_part04.mp4,1900-01-01 19:18:23.200,1097
68632,456,245,12.5,113.0,178.0,246.2,D:\AprPanama2025_fixed\041225_experimental\041225PA_experimental_part04.mp4,1900-01-01 19:18:23.200,796
68625,798,58,20.0,114.0,179.0,252.3103448275862,D:\AprPanama2025_fixed\041225_experimental\041225PA_experimental_part04.mp4,1900-01-01 19:18:22.500,1138
68625,789,96,4.0,135.0,179.0,244.2222222222222,D:\AprPanama2025_fixed\041225_experimental\041225PA_experimental_part04.mp4,1900-01-01 19:18:22.500,1129
68625,756,128,17.0,114.0,179.0,254.15384615384616,D:\AprPanama2025_fixed\041225_experimental\041225PA_experimental_part04.mp4,1900-01-01 19:18:22.500,1096
68631,799,58,17.5,123.0,179.0,247.5,D:\AprPanama2025_fixed\041225_experimental\041225PA_experimental_part04.mp4,1900-01-01 19:18:23.100,1139
68631,789,96,4.0,113.0,160.0,229.0,D:\AprPanama2025_fixed\041225_experimental\041225PA_experimental_part04.mp4,1900-01-01 19:18:23.100,1129
68631,757,129,14.0,116.0,179.0,244.13636363636363,D:\AprPanama2025_fixed\041225_experimental\041225PA_experimental_part04.mp4,1900-01-01 19:18:23.100,1097
68631,458,244,6.0,127.0,179.0,251.3636363636364,D:\AprPanama2025_fixed\041225_experimental\041225PA_experimental_part04.mp4,1900-01-01 19:18:23.100,798
68626,799,58,20.0,117.0,179.0,249.24137931034485,D:\AprPanama2025_fixed\041225_experimental\041225PA_experimental_part04.mp4,1900-01-01 19:18:22.600,1139
68626,788,95,1.5,118.0,153.0,235.4,D:\AprPanama2025_fixed\041225_experimental\041225PA_experimental_part04.mp4,1900-01-01 19:18:22.600,1128
68626,756,129,20.0,111.0,179.0,251.24137931034485,D:\AprPanama2025_fixed\041225_experimental\041225PA_experimental_part04.mp4,1900-01-01 19:18:22.600,1096
68627,799,58,20.0,117.0,179.0,249.24137931034485,D:\AprPanama2025_fixed\041225_experimental\041225PA_experimental_part04.mp4,1900-01-01 19:18:22.700,1139
68627,756,129,20.0,111.0,179.0,251.24137931034485,D:\AprPanama2025_fixed\041225_experimental\041225PA_experimental_part04.mp4,1900-01-01 19:18:22.700,1096
68635,799,58,10.0,114.0,179.0,236.5,D:\AprPanama2025_fixed\041225_experimental\041225PA_experimental_part04.mp4,1900-01-01 19:18:23.500,1139
68635,757,131,15.5,117.0,179.0,249.3043478260869,D:\AprPanama2025_fixed\041225_experimental\041225PA_experimental_part04.mp4,1900-01-01 19:18:23.500,1097
68635,455,246,10.5,117.0,179.0,246.4705882352941,D:\AprPanama2025_fixed\041225_experimental\041225PA_experimental_part04.mp4,1900-01-01 19:18:23.500,795
68635,656,261,2.5,116.0,159.0,215.57142857142856,D:\AprPanama2025_fixed\041225_experimental\041225PA_experimental_part04.mp4,1900-01-01 19:18:23.500,996
68638,800,58,9.5,125.0,178.0,244.375,D:\AprPanama2025_fixed\041225_experimental\041225PA_experimental_part04.mp4,1900-01-01 19:18:23.800,1140
68638,758,131,12.0,121.0,179.0,239.5,D:\AprPanama2025_fixed\041225_experimental\041225PA_experimental_part04.mp4,1900-01-01 19:18:23.800,1098
68638,581,202,7.0,114.0,173.0,244.84615384615387,D:\AprPanama2025_fixed\041225_experimental\041225PA_experimental_part04.mp4,1900-01-01 19:18:23.800,921
68638,453,247,8.5,128.0,178.0,238.86666666666667,D:\AprPanama2025_fixed\041225_experimental\041225PA_experimental_part04.mp4,1900-01-01 19:18:23.800,793
68638,657,262,24.5,111.0,179.0,251.08823529411765,D:\AprPanama2025_fixed\041225_experimental\041225PA_experimental_part04.mp4,1900-01-01 19:18:23.800,997
68636,799,58,13.5,128.0,179.0,246.3809523809524,D:\AprPanama2025_fixed\041225_experimental\041225PA_experimental_part04.mp4,1900-01-01 19:18:23.600,1139
68636,758,131,12.5,111.0,179.0,251.7,D:\AprPanama2025_fixed\041225_experimental\041225PA_experimental_part04.mp4,1900-01-01 19:18:23.600,1098
68636,454,247,11.0,113.0,179.0,253.73684210526315,D:\AprPanama2025_fixed\041225_experimental\041225PA_experimental_part04.mp4,1900-01-01 19:18:23.600,794
68636,657,261,16.0,113.0,178.0,244.0833333333333,D:\AprPanama2025_fixed\041225_experimental\041225PA_experimental_part04.mp4,1900-01-01 19:18:23.600,997
68633,799,58,13.5,111.0,179.0,244.3636363636364,D:\AprPanama2025_fixed\041225_experimental\041225PA_experimental_part04.mp4,1900-01-01 19:18:23.300,1139
68633,757,130,15.0,117.0,179.0,252.65217391304347,D:\AprPanama2025_fixed\041225_experimental\041225PA_experimental_part04.mp4,1900-01-01 19:18:23.300,1097
68633,456,245,10.0,129.0,179.0,251.8125,D:\AprPanama2025_fixed\041225_experimental\041225PA_experimental_part04.mp4,1900-01-01 19:18:23.300,796
68637,799,58,10.0,117.0,178.0,250.8823529411765,D:\AprPanama2025_fixed\041225_experimental\041225PA_experimental_part04.mp4,1900-01-01 19:18:23.700,1139
68637,758,131,11.5,111.0,179.0,250.7894736842105,D:\AprPanama2025_fixed\041225_experimental\041225PA_experimental_part04.mp4,1900-01-01 19:18:23.700,1098
68637,581,201,1.5,122.0,147.0,227.2,D:\AprPanama2025_fixed\041225_experimental\041225PA_experimental_part04.mp4,1900-01-01 19:18:23.700,921
68637,453,247,8.5,122.0,179.0,249.53333333333333,D:\AprPanama2025_fixed\041225_experimental\041225PA_experimental_part04.mp4,1900-01-01 19:18:23.700,793
68637,657,262,21.5,116.0,193.0,246.1935483870968,D:\AprPanama2025_fixed\041225_experimental\041225PA_experimental_part04.mp4,1900-01-01 19:18:23.700,997
68639,800,58,8.5,111.0,179.0,247.9333333333333,D:\AprPanama2025_fixed\041225_experimental\041225PA_experimental_part04.mp4,1900-01-01 19:18:23.900,1140
68639,758,131,12.0,121.0,179.0,239.5,D:\AprPanama2025_fixed\041225_experimental\041225PA_experimental_part04.mp4,1900-01-01 19:18:23.900,1098
68639,581,202,4.5,126.0,179.0,254.6,D:\AprPanama2025_fixed\041225_experimental\041225PA_experimental_part04.mp4,1900-01-01 19:18:23.900,921
68639,453,247,10.0,119.0,174.0,242.58823529411765,D:\AprPanama2025_fixed\041225_experimental\041225PA_experimental_part04.mp4,1900-01-01 19:18:23.900,793
68639,658,262,23.0,121.0,179.0,247.03030303030303,D:\AprPanama2025_fixed\041225_experimental\041225PA_experimental_part04.mp4,1900-01-01 19:18:23.900,998
68640,800,58,8.0,121.0,183.0,250.0,D:\AprPanama2025_fixed\041225_experimental\041225PA_experimental_part04.mp4,1900-01-01 19:18:24.000,1140
68640,758,131,10.5,114.0,179.0,244.7222222222222,D:\AprPanama2025_fixed\041225_experimental\041225PA_experimental_part04.mp4,1900-01-01 19:18:24.000,1098
68640,582,203,5.5,125.0,178.0,240.54545454545456,D:\AprPanama2025_fixed\041225_experimental\041225PA_experimental_part04.mp4,1900-01-01 19:18:24.000,922
68640,452,248,5.5,130.0,182.0,251.0909090909091,D:\AprPanama2025_fixed\041225_experimental\041225PA_experimental_part04.mp4,1900-01-01 19:18:24.000,792
68640,658,262,24.5,111.0,179.0,244.34285714285716,D:\AprPanama2025_fixed\041225_experimental\041225PA_experimental_part04.mp4,1900-01-01 19:18:24.000,998
68634,799,58,13.0,113.0,179.0,241.3809523809524,D:\AprPanama2025_fixed\041225_experimental\041225PA_experimental_part04.mp4,1900-01-01 19:18:23.400,1139
68634,789,95,3.0,115.0,170.0,247.28571428571428,D:\AprPanama2025_fixed\041225_experimental\041225PA_experimental_part04.mp4,1900-01-01 19:18:23.400,1129
68634,757,130,14.0,111.0,178.0,246.45454545454547,D:\AprPanama2025_fixed\041225_experimental\041225PA_experimental_part04.mp4,1900-01-01 19:18:23.400,1097
68634,455,246,12.0,111.0,175.0,248.68421052631575,D:\AprPanama2025_fixed\041225_experimental\041225PA_experimental_part04.mp4,1900-01-01 19:18:23.400,795
68645,799,14,5.5,111.0,179.0,245.54545454545456,D:\AprPanama2025_fixed\041225_experimental\041225PA_experimental_part04.mp4,1900-01-01 19:18:24.500,1139
68645,800,58,3.0,111.0,166.0,253.125,D:\AprPanama2025_fixed\041225_experimental\041225PA_experimental_part04.mp4,1900-01-01 19:18:24.500,1140
68645,759,132,6.0,122.0,179.0,242.0833333333333,D:\AprPanama2025_fixed\041225_experimental\041225PA_experimental_part04.mp4,1900-01-01 19:18:24.500,1099
68645,583,205,8.5,134.0,179.0,235.66666666666663,D:\AprPanama2025_fixed\041225_experimental\041225PA_experimental_part04.mp4,1900-01-01 19:18:24.500,923
68645,661,231,7.0,130.0,178.0,240.6923076923077,D:\AprPanama2025_fixed\041225_experimental\041225PA_experimental_part04.mp4,1900-01-01 19:18:24.500,1001
68645,450,249,4.5,115.0,162.0,246.2,D:\AprPanama2025_fixed\041225_experimental\041225PA_experimental_part04.mp4,1900-01-01 19:18:24.500,790
68645,658,264,20.5,111.0,178.0,246.41379310344828,D:\AprPanama2025_fixed\041225_experimental\041225PA_experimental_part04.mp4,1900-01-01 19:18:24.500,998
68641,800,58,6.5,122.0,176.0,251.0,D:\AprPanama2025_fixed\041225_experimental\041225PA_experimental_part04.mp4,1900-01-01 19:18:24.100,1140
68641,759,132,7.5,127.0,179.0,248.0,D:\AprPanama2025_fixed\041225_experimental\041225PA_experimental_part04.mp4,1900-01-01 19:18:24.100,1099
68641,582,203,9.5,111.0,178.0,234.75,D:\AprPanama2025_fixed\041225_experimental\041225PA_experimental_part04.mp4,1900-01-01 19:18:24.100,922
68641,452,247,6.5,134.0,179.0,248.25,D:\AprPanama2025_fixed\041225_experimental\041225PA_experimental_part04.mp4,1900-01-01 19:18:24.100,792
68641,658,263,22.5,111.0,179.0,245.63636363636363,D:\AprPanama2025_fixed\041225_experimental\041225PA_experimental_part04.mp4,1900-01-01 19:18:24.100,998
68644,799,14,7.5,121.0,177.0,245.57142857142856,D:\AprPanama2025_fixed\041225_experimental\041225PA_experimental_part04.mp4,1900-01-01 19:18:24.400,1139
68644,800,58,2.5,111.0,157.0,245.0,D:\AprPanama2025_fixed\041225_experimental\041225PA_experimental_part04.mp4,1900-01-01 19:18:24.400,1140
68644,759,132,6.0,117.0,179.0,243.0833333333333,D:\AprPanama2025_fixed\041225_experimental\041225PA_experimental_part04.mp4,1900-01-01 19:18:24.400,1099
68644,583,205,8.5,119.0,177.0,232.2,D:\AprPanama2025_fixed\041225_experimental\041225PA_experimental_part04.mp4,1900-01-01 19:18:24.400,923
68644,451,248,3.5,122.0,152.0,252.375,D:\AprPanama2025_fixed\041225_experimental\041225PA_experimental_part04.mp4,1900-01-01 19:18:24.400,791
68644,658,264,20.5,116.0,177.0,245.6206896551724,D:\AprPanama2025_fixed\041225_experimental\041225PA_experimental_part04.mp4,1900-01-01 19:18:24.400,998
68646,798,14,7.0,120.0,179.0,246.30769230769232,D:\AprPanama2025_fixed\041225_experimental\041225PA_experimental_part04.mp4,1900-01-01 19:18:24.600,1138
68646,800,58,3.0,114.0,166.0,230.57142857142856,D:\AprPanama2025_fixed\041225_experimental\041225PA_experimental_part04.mp4,1900-01-01 19:18:24.600,1140
68646,759,132,5.0,143.0,173.0,224.5,D:\AprPanama2025_fixed\041225_experimental\041225PA_experimental_part04.mp4,1900-01-01 19:18:24.600,1099
68646,583,205,6.0,142.0,177.0,218.3333333333333,D:\AprPanama2025_fixed\041225_experimental\041225PA_experimental_part04.mp4,1900-01-01 19:18:24.600,923
68646,661,232,12.5,121.0,179.0,250.7,D:\AprPanama2025_fixed\041225_experimental\041225PA_experimental_part04.mp4,1900-01-01 19:18:24.600,1001
68646,450,249,5.5,112.0,176.0,243.3636363636364,D:\AprPanama2025_fixed\041225_experimental\041225PA_experimental_part04.mp4,1900-01-01 19:18:24.600,790
68646,658,264,19.0,114.0,179.0,244.10714285714283,D:\AprPanama2025_fixed\041225_experimental\041225PA_experimental_part04.mp4,1900-01-01 19:18:24.600,998
68643,800,13,10.0,113.0,178.0,241.76470588235293,D:\AprPanama2025_fixed\041225_experimental\041225PA_experimental_part04.mp4,1900-01-01 19:18:24.300,1140
68643,800,58,4.5,111.0,177.0,243.4,D:\AprPanama2025_fixed\041225_experimental\041225PA_experimental_part04.mp4,1900-01-01 19:18:24.300,1140
68643,759,132,9.0,127.0,179.0,243.7333333333333,D:\AprPanama2025_fixed\041225_experimental\041225PA_experimental_part04.mp4,1900-01-01 19:18:24.300,1099
68643,582,204,7.5,118.0,178.0,240.3846153846154,D:\AprPanama2025_fixed\041225_experimental\041225PA_experimental_part04.mp4,1900-01-01 19:18:24.300,922
68643,451,248,7.0,128.0,178.0,247.23076923076923,D:\AprPanama2025_fixed\041225_experimental\041225PA_experimental_part04.mp4,1900-01-01 19:18:24.300,791
68643,658,263,20.0,117.0,179.0,246.46666666666667,D:\AprPanama2025_fixed\041225_experimental\041225PA_experimental_part04.mp4,1900-01-01 19:18:24.300,998
68642,800,14,7.0,122.0,176.0,248.84615384615387,D:\AprPanama2025_fixed\041225_experimental\041225PA_experimental_part04.mp4,1900-01-01 19:18:24.200,1140
68642,800,57,5.0,116.0,173.0,245.3636363636364,D:\AprPanama2025_fixed\041225_experimental\041225PA_experimental_part04.mp4,1900-01-01 19:18:24.200,1140
68642,759,132,6.5,114.0,174.0,242.84615384615387,D:\AprPanama2025_fixed\041225_experimental\041225PA_experimental_part04.mp4,1900-01-01 19:18:24.200,1099
68642,582,204,9.0,114.0,182.0,246.66666666666663,D:\AprPanama2025_fixed\041225_experimental\041225PA_experimental_part04.mp4,1900-01-01 19:18:24.200,922
68642,451,248,8.0,113.0,179.0,241.2142857142857,D:\AprPanama2025_fixed\041225_experimental\041225PA_experimental_part04.mp4,1900-01-01 19:18:24.200,791
68642,658,263,20.0,111.0,179.0,249.7,D:\AprPanama2025_fixed\041225_experimental\041225PA_experimental_part04.mp4,1900-01-01 19:18:24.200,998
68647,798,15,5.5,113.0,179.0,248.27272727272728,D:\AprPanama2025_fixed\041225_experimental\041225PA_experimental_part04.mp4,1900-01-01 19:18:24.700,1138
68647,800,58,2.0,116.0,155.0,213.66666666666663,D:\AprPanama2025_fixed\041225_experimental\041225PA_experimental_part04.mp4,1900-01-01 19:18:24.700,1140
68647,759,132,5.0,120.0,173.0,242.7,D:\AprPanama2025_fixed\041225_experimental\041225PA_experimental_part04.mp4,1900-01-01 19:18:24.700,1099
68647,454,193,3.0,116.0,166.0,226.0,D:\AprPanama2025_fixed\041225_experimental\041225PA_experimental_part04.mp4,1900-01-01 19:18:24.700,794
68647,583,206,7.0,147.0,176.0,215.53846153846155,D:\AprPanama2025_fixed\041225_experimental\041225PA_experimental_part04.mp4,1900-01-01 19:18:24.700,923
68647,662,232,14.0,113.0,179.0,245.43478260869568,D:\AprPanama2025_fixed\041225_experimental\041225PA_experimental_part04.mp4,1900-01-01 19:18:24.700,1002
68647,450,249,3.0,139.0,170.0,236.375,D:\AprPanama2025_fixed\041225_experimental\041225PA_experimental_part04.mp4,1900-01-01 19:18:24.700,790
68647,658,264,18.5,115.0,179.0,249.14814814814807,D:\AprPanama2025_fixed\041225_experimental\041225PA_experimental_part04.mp4,1900-01-01 19:18:24.700,998
68652,760,133,4.0,131.0,178.0,255.0,D:\AprPanama2025_fixed\041225_experimental\041225PA_experimental_part04.mp4,1900-01-01 19:18:25.200,1100
68652,591,162,6.5,133.0,177.0,235.0833333333333,D:\AprPanama2025_fixed\041225_experimental\041225PA_experimental_part04.mp4,1900-01-01 19:18:25.200,931
68652,457,191,5.0,119.0,170.0,239.9090909090909,D:\AprPanama2025_fixed\041225_experimental\041225PA_experimental_part04.mp4,1900-01-01 19:18:25.200,797
68652,659,205,1.5,114.0,145.0,250.2,D:\AprPanama2025_fixed\041225_experimental\041225PA_experimental_part04.mp4,1900-01-01 19:18:25.200,999
68652,661,233,10.0,118.0,179.0,243.4705882352941,D:\AprPanama2025_fixed\041225_experimental\041225PA_experimental_part04.mp4,1900-01-01 19:18:25.200,1001
68652,448,248,1.5,112.0,161.0,251.8333333333333,D:\AprPanama2025_fixed\041225_experimental\041225PA_experimental_part04.mp4,1900-01-01 19:18:25.200,788
68652,658,266,8.0,114.0,179.0,250.5,D:\AprPanama2025_fixed\041225_experimental\041225PA_experimental_part04.mp4,1900-01-01 19:18:25.200,998
68654,761,134,3.5,111.0,160.0,246.66666666666663,D:\AprPanama2025_fixed\041225_experimental\041225PA_experimental_part04.mp4,1900-01-01 19:18:25.400,1101
68654,591,163,8.5,120.0,179.0,247.53333333333333,D:\AprPanama2025_fixed\041225_experimental\041225PA_experimental_part04.mp4,1900-01-01 19:18:25.400,931
68654,458,192,5.5,124.0,178.0,224.5833333333333,D:\AprPanama2025_fixed\041225_experimental\041225PA_experimental_part04.mp4,1900-01-01 19:18:25.400,798
68654,659,206,12.5,112.0,179.0,245.25,D:\AprPanama2025_fixed\041225_experimental\041225PA_experimental_part04.mp4,1900-01-01 19:18:25.400,999
68654,661,233,9.0,115.0,179.0,251.375,D:\AprPanama2025_fixed\041225_experimental\041225PA_experimental_part04.mp4,1900-01-01 19:18:25.400,1001
68654,447,249,1.5,116.0,175.0,201.3333333333333,D:\AprPanama2025_fixed\041225_experimental\041225PA_experimental_part04.mp4,1900-01-01 19:18:25.400,787
68654,658,266,7.5,121.0,178.0,253.6923076923077,D:\AprPanama2025_fixed\041225_experimental\041225PA_experimental_part04.mp4,1900-01-01 19:18:25.400,998
68650,796,15,5.0,111.0,171.0,218.0909090909091,D:\AprPanama2025_fixed\041225_experimental\041225PA_experimental_part04.mp4,1900-01-01 19:18:25.000,1136
68650,801,57,3.5,122.0,178.0,239.625,D:\AprPanama2025_fixed\041225_experimental\041225PA_experimental_part04.mp4,1900-01-01 19:18:25.000,1141
68650,760,133,4.5,116.0,176.0,243.2,D:\AprPanama2025_fixed\041225_experimental\041225PA_experimental_part04.mp4,1900-01-01 19:18:25.000,1100
68650,456,192,8.0,111.0,172.0,244.0,D:\AprPanama2025_fixed\041225_experimental\041225PA_experimental_part04.mp4,1900-01-01 19:18:25.000,796
68650,584,206,2.0,122.0,176.0,241.16666666666663,D:\AprPanama2025_fixed\041225_experimental\041225PA_experimental_part04.mp4,1900-01-01 19:18:25.000,924
68650,662,233,13.0,120.0,179.0,246.25,D:\AprPanama2025_fixed\041225_experimental\041225PA_experimental_part04.mp4,1900-01-01 19:18:25.000,1002
68650,448,249,5.0,118.0,175.0,239.7,D:\AprPanama2025_fixed\041225_experimental\041225PA_experimental_part04.mp4,1900-01-01 19:18:25.000,788
68650,658,265,14.0,112.0,179.0,248.14285714285717,D:\AprPanama2025_fixed\041225_experimental\041225PA_experimental_part04.mp4,1900-01-01 19:18:25.000,998
68648,797,15,5.5,112.0,168.0,231.8,D:\AprPanama2025_fixed\041225_experimental\041225PA_experimental_part04.mp4,1900-01-01 19:18:24.800,1137
68648,760,133,4.0,113.0,172.0,249.4,D:\AprPanama2025_fixed\041225_experimental\041225PA_experimental_part04.mp4,1900-01-01 19:18:24.800,1100
68648,455,193,6.5,112.0,176.0,231.3333333333333,D:\AprPanama2025_fixed\041225_experimental\041225PA_experimental_part04.mp4,1900-01-01 19:18:24.800,795
68648,584,206,2.0,132.0,179.0,247.0,D:\AprPanama2025_fixed\041225_experimental\041225PA_experimental_part04.mp4,1900-01-01 19:18:24.800,924
68648,661,232,12.5,117.0,179.0,250.05,D:\AprPanama2025_fixed\041225_experimental\041225PA_experimental_part04.mp4,1900-01-01 19:18:24.800,1001
68648,449,249,4.0,127.0,161.0,239.44444444444443,D:\AprPanama2025_fixed\041225_experimental\041225PA_experimental_part04.mp4,1900-01-01 19:18:24.800,789
68648,658,265,17.0,116.0,179.0,245.92,D:\AprPanama2025_fixed\041225_experimental\041225PA_experimental_part04.mp4,1900-01-01 19:18:24.800,998
68651,796,15,3.0,113.0,177.0,228.875,D:\AprPanama2025_fixed\041225_experimental\041225PA_experimental_part04.mp4,1900-01-01 19:18:25.100,1136
68651,802,56,2.5,119.0,178.0,235.0,D:\AprPanama2025_fixed\041225_experimental\041225PA_experimental_part04.mp4,1900-01-01 19:18:25.100,1142
68651,760,133,5.5,113.0,174.0,253.27272727272728,D:\AprPanama2025_fixed\041225_experimental\041225PA_experimental_part04.mp4,1900-01-01 19:18:25.100,1100
68651,456,192,7.5,115.0,177.0,243.0625,D:\AprPanama2025_fixed\041225_experimental\041225PA_experimental_part04.mp4,1900-01-01 19:18:25.100,796
68651,585,207,2.0,114.0,179.0,249.0,D:\AprPanama2025_fixed\041225_experimental\041225PA_experimental_part04.mp4,1900-01-01 19:18:25.100,925
68651,661,233,12.5,115.0,179.0,250.0,D:\AprPanama2025_fixed\041225_experimental\041225PA_experimental_part04.mp4,1900-01-01 19:18:25.100,1001
68651,448,249,2.0,127.0,164.0,255.0,D:\AprPanama2025_fixed\041225_experimental\041225PA_experimental_part04.mp4,1900-01-01 19:18:25.100,788
68651,658,265,10.0,114.0,179.0,249.5,D:\AprPanama2025_fixed\041225_experimental\041225PA_experimental_part04.mp4,1900-01-01 19:18:25.100,998
68653,796,16,2.0,121.0,178.0,243.8333333333333,D:\AprPanama2025_fixed\041225_experimental\041225PA_experimental_part04.mp4,1900-01-01 19:18:25.300,1136
68653,801,57,3.5,127.0,178.0,205.875,D:\AprPanama2025_fixed\041225_experimental\041225PA_experimental_part04.mp4,1900-01-01 19:18:25.300,1141
68653,760,133,4.0,131.0,178.0,255.0,D:\AprPanama2025_fixed\041225_experimental\041225PA_experimental_part04.mp4,1900-01-01 19:18:25.300,1100
68653,591,162,7.0,111.0,178.0,245.3846153846154,D:\AprPanama2025_fixed\041225_experimental\041225PA_experimental_part04.mp4,1900-01-01 19:18:25.300,931
68653,458,192,5.5,123.0,179.0,236.0,D:\AprPanama2025_fixed\041225_experimental\041225PA_experimental_part04.mp4,1900-01-01 19:18:25.300,798
68653,659,205,6.5,118.0,178.0,233.5833333333333,D:\AprPanama2025_fixed\041225_experimental\041225PA_experimental_part04.mp4,1900-01-01 19:18:25.300,999
68653,585,208,3.0,111.0,168.0,238.0,D:\AprPanama2025_fixed\041225_experimental\041225PA_experimental_part04.mp4,1900-01-01 19:18:25.300,925
68653,661,233,10.0,113.0,178.0,251.76470588235293,D:\AprPanama2025_fixed\041225_experimental\041225PA_experimental_part04.mp4,1900-01-01 19:18:25.300,1001
68653,448,248,1.5,112.0,161.0,251.8333333333333,D:\AprPanama2025_fixed\041225_experimental\041225PA_experimental_part04.mp4,1900-01-01 19:18:25.300,788
68653,658,266,8.0,114.0,178.0,247.78571428571428,D:\AprPanama2025_fixed\041225_experimental\041225PA_experimental_part04.mp4,1900-01-01 19:18:25.300,998
68649,797,15,6.0,111.0,176.0,217.25,D:\AprPanama2025_fixed\041225_experimental\041225PA_experimental_part04.mp4,1900-01-01 19:18:24.900,1137
68649,760,133,6.0,116.0,172.0,244.0,D:\AprPanama2025_fixed\041225_experimental\041225PA_experimental_part04.mp4,1900-01-01 19:18:24.900,1100
68649,455,192,8.0,121.0,179.0,251.66666666666663,D:\AprPanama2025_fixed\041225_experimental\041225PA_experimental_part04.mp4,1900-01-01 19:18:24.900,795
68649,584,206,3.5,118.0,177.0,231.125,D:\AprPanama2025_fixed\041225_experimental\041225PA_experimental_part04.mp4,1900-01-01 19:18:24.900,924
68649,661,233,12.0,122.0,179.0,245.57894736842104,D:\AprPanama2025_fixed\041225_experimental\041225PA_experimental_part04.mp4,1900-01-01 19:18:24.900,1001
68649,449,250,1.5,121.0,147.0,255.0,D:\AprPanama2025_fixed\041225_experimental\041225PA_experimental_part04.mp4,1900-01-01 19:18:24.900,789
68649,658,265,17.0,116.0,179.0,245.92,D:\AprPanama2025_fixed\041225_experimental\041225PA_experimental_part04.mp4,1900-01-01 19:18:24.900,998
68655,761,134,4.0,119.0,169.0,238.2,D:\AprPanama2025_fixed\041225_experimental\041225PA_experimental_part04.mp4,1900-01-01 19:18:25.500,1101
68655,458,146,2.5,121.0,170.0,197.5,D:\AprPanama2025_fixed\041225_experimental\041225PA_experimental_part04.mp4,1900-01-01 19:18:25.500,798
68655,591,163,7.0,134.0,179.0,236.8333333333333,D:\AprPanama2025_fixed\041225_experimental\041225PA_experimental_part04.mp4,1900-01-01 19:18:25.500,931
68655,458,191,5.0,118.0,175.0,231.27272727272728,D:\AprPanama2025_fixed\041225_experimental\041225PA_experimental_part04.mp4,1900-01-01 19:18:25.500,798
68655,659,206,12.0,130.0,179.0,254.0,D:\AprPanama2025_fixed\041225_experimental\041225PA_experimental_part04.mp4,1900-01-01 19:18:25.500,999
68655,661,233,11.0,118.0,179.0,249.7222222222222,D:\AprPanama2025_fixed\041225_experimental\041225PA_experimental_part04.mp4,1900-01-01 19:18:25.500,1001
68655,447,249,2.0,116.0,173.0,242.14285714285717,D:\AprPanama2025_fixed\041225_experimental\041225PA_experimental_part04.mp4,1900-01-01 19:18:25.500,787
68655,658,266,7.5,121.0,178.0,253.6923076923077,D:\AprPanama2025_fixed\041225_experimental\041225PA_experimental_part04.mp4,1900-01-01 19:18:25.500,998
68656,802,55,2.0,127.0,172.0,248.16666666666663,D:\AprPanama2025_fixed\041225_experimental\041225PA_experimental_part04.mp4,1900-01-01 19:18:25.600,1142
68656,761,134,2.5,138.0,169.0,187.57142857142856,D:\AprPanama2025_fixed\041225_experimental\041225PA_experimental_part04.mp4,1900-01-01 19:18:25.600,1101
68656,457,146,7.0,115.0,179.0,250.30769230769232,D:\AprPanama2025_fixed\041225_experimental\041225PA_experimental_part04.mp4,1900-01-01 19:18:25.600,797
68656,590,163,4.5,139.0,169.0,251.5,D:\AprPanama2025_fixed\041225_experimental\041225PA_experimental_part04.mp4,1900-01-01 19:18:25.600,930
68656,457,190,3.0,118.0,152.0,253.88888888888889,D:\AprPanama2025_fixed\041225_experimental\041225PA_experimental_part04.mp4,1900-01-01 19:18:25.600,797
68656,659,207,10.5,116.0,177.0,246.1111111111111,D:\AprPanama2025_fixed\041225_experimental\041225PA_experimental_part04.mp4,1900-01-01 19:18:25.600,999
68656,661,233,9.0,125.0,179.0,246.625,D:\AprPanama2025_fixed\041225_experimental\041225PA_experimental_part04.mp4,1900-01-01 19:18:25.600,1001
68656,448,249,2.5,127.0,147.0,147.14285714285714,D:\AprPanama2025_fixed\041225_experimental\041225PA_experimental_part04.mp4,1900-01-01 19:18:25.600,788
68656,658,267,5.0,125.0,177.0,255.0,D:\AprPanama2025_fixed\041225_experimental\041225PA_experimental_part04.mp4,1900-01-01 19:18:25.600,998
68659,803,56,2.5,123.0,152.0,229.7142857142857,D:\AprPanama2025_fixed\041225_experimental\041225PA_experimental_part04.mp4,1900-01-01 19:18:25.900,1143
68659,765,97,5.5,131.0,173.0,242.0,D:\AprPanama2025_fixed\041225_experimental\041225PA_experimental_part04.mp4,1900-01-01 19:18:25.900,1105
68659,762,134,2.0,117.0,159.0,143.16666666666666,D:\AprPanama2025_fixed\041225_experimental\041225PA_experimental_part04.mp4,1900-01-01 19:18:25.900,1102
68659,457,144,6.0,124.0,179.0,242.0,D:\AprPanama2025_fixed\041225_experimental\041225PA_experimental_part04.mp4,1900-01-01 19:18:25.900,797
68659,590,164,2.5,112.0,172.0,238.0,D:\AprPanama2025_fixed\041225_experimental\041225PA_experimental_part04.mp4,1900-01-01 19:18:25.900,930
68659,659,208,9.0,117.0,179.0,248.06666666666663,D:\AprPanama2025_fixed\041225_experimental\041225PA_experimental_part04.mp4,1900-01-01 19:18:25.900,999
68659,661,234,8.0,111.0,179.0,251.2142857142857,D:\AprPanama2025_fixed\041225_experimental\041225PA_experimental_part04.mp4,1900-01-01 19:18:25.900,1001
68658,803,55,6.0,115.0,165.0,240.91666666666663,D:\AprPanama2025_fixed\041225_experimental\041225PA_experimental_part04.mp4,1900-01-01 19:18:25.800,1143
68658,762,134,2.0,117.0,159.0,143.16666666666666,D:\AprPanama2025_fixed\041225_experimental\041225PA_experimental_part04.mp4,1900-01-01 19:18:25.800,1102
68658,457,145,5.5,121.0,179.0,246.16666666666663,D:\AprPanama2025_fixed\041225_experimental\041225PA_experimental_part04.mp4,1900-01-01 19:18:25.800,797
68658,590,164,2.5,112.0,172.0,238.0,D:\AprPanama2025_fixed\041225_experimental\041225PA_experimental_part04.mp4,1900-01-01 19:18:25.800,930
68658,455,189,4.0,120.0,173.0,245.1,D:\AprPanama2025_fixed\041225_experimental\041225PA_experimental_part04.mp4,1900-01-01 19:18:25.800,795
68658,659,208,9.0,117.0,179.0,248.06666666666663,D:\AprPanama2025_fixed\041225_experimental\041225PA_experimental_part04.mp4,1900-01-01 19:18:25.800,999
68658,661,233,6.5,118.0,179.0,246.0769230769231,D:\AprPanama2025_fixed\041225_experimental\041225PA_experimental_part04.mp4,1900-01-01 19:18:25.800,1001
68658,658,266,1.5,128.0,162.0,251.0,D:\AprPanama2025_fixed\041225_experimental\041225PA_experimental_part04.mp4,1900-01-01 19:18:25.800,998
68657,802,55,2.0,127.0,172.0,248.16666666666663,D:\AprPanama2025_fixed\041225_experimental\041225PA_experimental_part04.mp4,1900-01-01 19:18:25.700,1142
68657,764,96,2.0,116.0,176.0,228.3333333333333,D:\AprPanama2025_fixed\041225_experimental\041225PA_experimental_part04.mp4,1900-01-01 19:18:25.700,1104
68657,761,134,3.0,129.0,171.0,154.25,D:\AprPanama2025_fixed\041225_experimental\041225PA_experimental_part04.mp4,1900-01-01 19:18:25.700,1101
68657,457,145,8.0,115.0,179.0,250.28571428571428,D:\AprPanama2025_fixed\041225_experimental\041225PA_experimental_part04.mp4,1900-01-01 19:18:25.700,797
68657,590,163,4.0,116.0,179.0,240.66666666666663,D:\AprPanama2025_fixed\041225_experimental\041225PA_experimental_part04.mp4,1900-01-01 19:18:25.700,930
68657,456,190,4.0,115.0,179.0,246.5,D:\AprPanama2025_fixed\041225_experimental\041225PA_experimental_part04.mp4,1900-01-01 19:18:25.700,796
68657,659,208,10.0,112.0,176.0,239.8235294117647,D:\AprPanama2025_fixed\041225_experimental\041225PA_experimental_part04.mp4,1900-01-01 19:18:25.700,999
68657,661,233,9.0,125.0,179.0,241.1875,D:\AprPanama2025_fixed\041225_experimental\041225PA_experimental_part04.mp4,1900-01-01 19:18:25.700,1001
68657,448,249,3.5,120.0,163.0,170.0,D:\AprPanama2025_fixed\041225_experimental\041225PA_experimental_part04.mp4,1900-01-01 19:18:25.700,788
68657,658,266,3.5,120.0,179.0,255.0,D:\AprPanama2025_fixed\041225_experimental\041225PA_experimental_part04.mp4,1900-01-01 19:18:25.700,998
68660,804,56,1.5,117.0,148.0,196.8333333333333,D:\AprPanama2025_fixed\041225_experimental\041225PA_experimental_part04.mp4,1900-01-01 19:18:26.000,1144
68660,766,97,2.0,111.0,179.0,253.77777777777777,D:\AprPanama2025_fixed\041225_experimental\041225PA_experimental_part04.mp4,1900-01-01 19:18:26.000,1106
68660,762,134,2.0,117.0,159.0,143.16666666666666,D:\AprPanama2025_fixed\041225_experimental\041225PA_experimental_part04.mp4,1900-01-01 19:18:26.000,1102
68660,459,144,4.5,117.0,177.0,238.3,D:\AprPanama2025_fixed\041225_experimental\041225PA_experimental_part04.mp4,1900-01-01 19:18:26.000,799
68660,590,164,1.5,154.0,172.0,248.6,D:\AprPanama2025_fixed\041225_experimental\041225PA_experimental_part04.mp4,1900-01-01 19:18:26.000,930
68660,658,209,10.0,113.0,178.0,249.0625,D:\AprPanama2025_fixed\041225_experimental\041225PA_experimental_part04.mp4,1900-01-01 19:18:26.000,998
68660,660,234,6.0,134.0,179.0,251.8333333333333,D:\AprPanama2025_fixed\041225_experimental\041225PA_experimental_part04.mp4,1900-01-01 19:18:26.000,1000
68661,804,54,2.0,116.0,160.0,235.8333333333333,D:\AprPanama2025_fixed\041225_experimental\041225PA_experimental_part04.mp4,1900-01-01 19:18:26.100,1144
68661,766,98,5.0,112.0,176.0,246.63636363636363,D:\AprPanama2025_fixed\041225_experimental\041225PA_experimental_part04.mp4,1900-01-01 19:18:26.100,1106
68661,459,144,4.5,117.0,177.0,238.3,D:\AprPanama2025_fixed\041225_experimental\041225PA_experimental_part04.mp4,1900-01-01 19:18:26.100,799
68661,590,164,1.5,134.0,173.0,230.2,D:\AprPanama2025_fixed\041225_experimental\041225PA_experimental_part04.mp4,1900-01-01 19:18:26.100,930
68661,658,209,6.5,122.0,179.0,252.66666666666663,D:\AprPanama2025_fixed\041225_experimental\041225PA_experimental_part04.mp4,1900-01-01 19:18:26.100,998
68661,660,234,4.5,117.0,178.0,248.8,D:\AprPanama2025_fixed\041225_experimental\041225PA_experimental_part04.mp4,1900-01-01 19:18:26.100,1000
68668,460,111,4.0,125.0,178.0,239.2222222222222,D:\AprPanama2025_fixed\041225_experimental\041225PA_experimental_part04.mp4,1900-01-01 19:18:26.800,800
68668,762,135,2.0,113.0,162.0,223.0,D:\AprPanama2025_fixed\041225_experimental\041225PA_experimental_part04.mp4,1900-01-01 19:18:26.800,1102
68668,657,212,5.0,128.0,167.0,248.45454545454547,D:\AprPanama2025_fixed\041225_experimental\041225PA_experimental_part04.mp4,1900-01-01 19:18:26.800,997
68665,767,100,4.0,113.0,174.0,227.2222222222222,D:\AprPanama2025_fixed\041225_experimental\041225PA_experimental_part04.mp4,1900-01-01 19:18:26.500,1107
68665,459,113,4.0,131.0,177.0,239.7,D:\AprPanama2025_fixed\041225_experimental\041225PA_experimental_part04.mp4,1900-01-01 19:18:26.500,799
68665,583,126,1.5,119.0,171.0,174.20000000000002,D:\AprPanama2025_fixed\041225_experimental\041225PA_experimental_part04.mp4,1900-01-01 19:18:26.500,923
68665,460,143,2.0,133.0,178.0,250.7142857142857,D:\AprPanama2025_fixed\041225_experimental\041225PA_experimental_part04.mp4,1900-01-01 19:18:26.500,800
68665,658,184,3.0,113.0,177.0,219.14285714285717,D:\AprPanama2025_fixed\041225_experimental\041225PA_experimental_part04.mp4,1900-01-01 19:18:26.500,998
68665,448,187,4.0,115.0,178.0,249.1,D:\AprPanama2025_fixed\041225_experimental\041225PA_experimental_part04.mp4,1900-01-01 19:18:26.500,788
68665,658,210,1.5,141.0,179.0,251.2,D:\AprPanama2025_fixed\041225_experimental\041225PA_experimental_part04.mp4,1900-01-01 19:18:26.500,998
68665,660,234,1.5,158.0,172.0,253.0,D:\AprPanama2025_fixed\041225_experimental\041225PA_experimental_part04.mp4,1900-01-01 19:18:26.500,1000
68667,769,100,3.5,113.0,179.0,232.25,D:\AprPanama2025_fixed\041225_experimental\041225PA_experimental_part04.mp4,1900-01-01 19:18:26.700,1109
68667,459,112,5.5,113.0,181.0,237.9090909090909,D:\AprPanama2025_fixed\041225_experimental\041225PA_experimental_part04.mp4,1900-01-01 19:18:26.700,799
68667,762,135,1.5,115.0,166.0,176.0,D:\AprPanama2025_fixed\041225_experimental\041225PA_experimental_part04.mp4,1900-01-01 19:18:26.700,1102
68667,447,185,2.0,121.0,161.0,245.8333333333333,D:\AprPanama2025_fixed\041225_experimental\041225PA_experimental_part04.mp4,1900-01-01 19:18:26.700,787
68667,657,211,5.0,126.0,179.0,250.0,D:\AprPanama2025_fixed\041225_experimental\041225PA_experimental_part04.mp4,1900-01-01 19:18:26.700,997
68669,460,111,4.0,143.0,179.0,249.0,D:\AprPanama2025_fixed\041225_experimental\041225PA_experimental_part04.mp4,1900-01-01 19:18:26.900,800
68669,657,212,3.0,142.0,179.0,230.0,D:\AprPanama2025_fixed\041225_experimental\041225PA_experimental_part04.mp4,1900-01-01 19:18:26.900,997
68666,768,100,2.5,115.0,156.0,255.0,D:\AprPanama2025_fixed\041225_experimental\041225PA_experimental_part04.mp4,1900-01-01 19:18:26.600,1108
68666,459,112,2.5,118.0,173.0,228.25,D:\AprPanama2025_fixed\041225_experimental\041225PA_experimental_part04.mp4,1900-01-01 19:18:26.600,799
68666,762,135,1.5,115.0,166.0,176.0,D:\AprPanama2025_fixed\041225_experimental\041225PA_experimental_part04.mp4,1900-01-01 19:18:26.600,1102
68666,447,186,4.5,115.0,172.0,239.7,D:\AprPanama2025_fixed\041225_experimental\041225PA_experimental_part04.mp4,1900-01-01 19:18:26.600,787
68666,657,211,5.5,112.0,176.0,241.45454545454547,D:\AprPanama2025_fixed\041225_experimental\041225PA_experimental_part04.mp4,1900-01-01 19:18:26.600,997
68666,660,234,1.5,135.0,176.0,238.8,D:\AprPanama2025_fixed\041225_experimental\041225PA_experimental_part04.mp4,1900-01-01 19:18:26.600,1000
68662,804,54,3.0,112.0,171.0,240.0,D:\AprPanama2025_fixed\041225_experimental\041225PA_experimental_part04.mp4,1900-01-01 19:18:26.200,1144
68662,766,98,5.5,117.0,179.0,254.1818181818182,D:\AprPanama2025_fixed\041225_experimental\041225PA_experimental_part04.mp4,1900-01-01 19:18:26.200,1106
68662,584,125,3.0,118.0,138.0,22.57142857142857,D:\AprPanama2025_fixed\041225_experimental\041225PA_experimental_part04.mp4,1900-01-01 19:18:26.200,924
68662,762,135,1.5,112.0,179.0,254.2,D:\AprPanama2025_fixed\041225_experimental\041225PA_experimental_part04.mp4,1900-01-01 19:18:26.200,1102
68662,459,144,5.5,120.0,165.0,187.72727272727272,D:\AprPanama2025_fixed\041225_experimental\041225PA_experimental_part04.mp4,1900-01-01 19:18:26.200,799
68662,658,209,6.5,115.0,179.0,251.0,D:\AprPanama2025_fixed\041225_experimental\041225PA_experimental_part04.mp4,1900-01-01 19:18:26.200,998
68662,660,234,4.5,127.0,179.0,250.2222222222222,D:\AprPanama2025_fixed\041225_experimental\041225PA_experimental_part04.mp4,1900-01-01 19:18:26.200,1000
68664,767,99,4.0,117.0,172.0,144.11111111111111,D:\AprPanama2025_fixed\041225_experimental\041225PA_experimental_part04.mp4,1900-01-01 19:18:26.400,1107
68664,459,113,4.5,130.0,173.0,202.8,D:\AprPanama2025_fixed\041225_experimental\041225PA_experimental_part04.mp4,1900-01-01 19:18:26.400,799
68664,459,142,1.5,120.0,149.0,238.57142857142856,D:\AprPanama2025_fixed\041225_experimental\041225PA_experimental_part04.mp4,1900-01-01 19:18:26.400,799
68664,658,184,3.0,113.0,177.0,219.14285714285717,D:\AprPanama2025_fixed\041225_experimental\041225PA_experimental_part04.mp4,1900-01-01 19:18:26.400,998
68664,658,209,3.0,119.0,163.0,241.28571428571428,D:\AprPanama2025_fixed\041225_experimental\041225PA_experimental_part04.mp4,1900-01-01 19:18:26.400,998
68664,660,234,2.5,114.0,172.0,242.0,D:\AprPanama2025_fixed\041225_experimental\041225PA_experimental_part04.mp4,1900-01-01 19:18:26.400,1000
68663,767,98,4.5,125.0,178.0,237.5,D:\AprPanama2025_fixed\041225_experimental\041225PA_experimental_part04.mp4,1900-01-01 19:18:26.300,1107
68663,762,135,1.5,122.0,184.0,248.6,D:\AprPanama2025_fixed\041225_experimental\041225PA_experimental_part04.mp4,1900-01-01 19:18:26.300,1102
68663,659,184,1.5,111.0,170.0,180.16666666666663,D:\AprPanama2025_fixed\041225_experimental\041225PA_experimental_part04.mp4,1900-01-01 19:18:26.300,999
68663,658,209,6.0,133.0,179.0,248.0909090909091,D:\AprPanama2025_fixed\041225_experimental\041225PA_experimental_part04.mp4,1900-01-01 19:18:26.300,998
68663,659,234,5.5,115.0,173.0,250.0909090909091,D:\AprPanama2025_fixed\041225_experimental\041225PA_experimental_part04.mp4,1900-01-01 19:18:26.300,999
68672,460,111,2.5,135.0,179.0,255.0,D:\AprPanama2025_fixed\041225_experimental\041225PA_experimental_part04.mp4,1900-01-01 19:18:27.200,800
68672,581,128,1.5,114.0,144.0,36.0,D:\AprPanama2025_fixed\041225_experimental\041225PA_experimental_part04.mp4,1900-01-01 19:18:27.200,921
68672,657,213,2.0,136.0,176.0,249.16666666666663,D:\AprPanama2025_fixed\041225_experimental\041225PA_experimental_part04.mp4,1900-01-01 19:18:27.200,997
68673,581,128,1.5,114.0,144.0,36.0,D:\AprPanama2025_fixed\041225_experimental\041225PA_experimental_part04.mp4,1900-01-01 19:18:27.300,921
68673,656,213,2.5,111.0,167.0,238.7142857142857,D:\AprPanama2025_fixed\041225_experimental\041225PA_experimental_part04.mp4,1900-01-01 19:18:27.300,996
68670,460,111,4.5,111.0,179.0,243.4,D:\AprPanama2025_fixed\041225_experimental\041225PA_experimental_part04.mp4,1900-01-01 19:18:27.000,800
68670,462,141,1.5,115.0,151.0,189.6,D:\AprPanama2025_fixed\041225_experimental\041225PA_experimental_part04.mp4,1900-01-01 19:18:27.000,802
68671,460,111,4.5,112.0,178.0,248.4,D:\AprPanama2025_fixed\041225_experimental\041225PA_experimental_part04.mp4,1900-01-01 19:18:27.100,800
68671,657,212,4.0,114.0,165.0,231.88888888888889,D:\AprPanama2025_fixed\041225_experimental\041225PA_experimental_part04.mp4,1900-01-01 19:18:27.100,997
68674,460,109,3.0,129.0,165.0,127.57142857142856,D:\AprPanama2025_fixed\041225_experimental\041225PA_experimental_part04.mp4,1900-01-01 19:18:27.400,800
68675,460,109,3.0,129.0,165.0,127.57142857142856,D:\AprPanama2025_fixed\041225_experimental\041225PA_experimental_part04.mp4,1900-01-01 19:18:27.500,800
68717,159,126,3.5,122.0,164.0,147.125,D:\AprPanama2025_fixed\041225_experimental\041225PA_experimental_part04.mp4,1900-01-01 19:18:31.700,499
68724,166,122,2.0,125.0,171.0,218.5,D:\AprPanama2025_fixed\041225_experimental\041225PA_experimental_part04.mp4,1900-01-01 19:18:32.400,506
68718,161,125,6.0,117.0,172.0,203.16666666666663,D:\AprPanama2025_fixed\041225_experimental\041225PA_experimental_part04.mp4,1900-01-01 19:18:31.800,501
68719,162,125,3.5,120.0,170.0,192.5,D:\AprPanama2025_fixed\041225_experimental\041225PA_experimental_part04.mp4,1900-01-01 19:18:31.900,502
68722,164,124,4.0,112.0,173.0,218.2222222222222,D:\AprPanama2025_fixed\041225_experimental\041225PA_experimental_part04.mp4,1900-01-01 19:18:32.200,504
68720,163,124,4.5,114.0,151.0,157.0,D:\AprPanama2025_fixed\041225_experimental\041225PA_experimental_part04.mp4,1900-01-01 19:18:32.000,503
68721,163,124,6.0,123.0,170.0,211.41666666666663,D:\AprPanama2025_fixed\041225_experimental\041225PA_experimental_part04.mp4,1900-01-01 19:18:32.100,503
68723,165,123,7.0,111.0,188.0,222.6923076923077,D:\AprPanama2025_fixed\041225_experimental\041225PA_experimental_part04.mp4,1900-01-01 19:18:32.300,505
68728,168,122,3.0,113.0,177.0,238.25,D:\AprPanama2025_fixed\041225_experimental\041225PA_experimental_part04.mp4,1900-01-01 19:18:32.800,508
68727,168,122,2.5,115.0,155.0,230.0,D:\AprPanama2025_fixed\041225_experimental\041225PA_experimental_part04.mp4,1900-01-01 19:18:32.700,508
68729,130,42,2.0,135.0,169.0,195.66666666666663,D:\AprPanama2025_fixed\041225_experimental\041225PA_experimental_part04.mp4,1900-01-01 19:18:32.900,470
68726,167,122,6.0,121.0,171.0,212.5833333333333,D:\AprPanama2025_fixed\041225_experimental\041225PA_experimental_part04.mp4,1900-01-01 19:18:32.600,507
68730,129,43,5.5,119.0,165.0,166.36363636363637,D:\AprPanama2025_fixed\041225_experimental\041225PA_experimental_part04.mp4,1900-01-01 19:18:33.000,469
68730,169,122,1.5,124.0,172.0,176.33333333333331,D:\AprPanama2025_fixed\041225_experimental\041225PA_experimental_part04.mp4,1900-01-01 19:18:33.000,509
68735,127,47,3.0,116.0,149.0,75.0,D:\AprPanama2025_fixed\041225_experimental\041225PA_experimental_part04.mp4,1900-01-01 19:18:33.500,467
68739,126,50,3.0,114.0,162.0,121.0,D:\AprPanama2025_fixed\041225_experimental\041225PA_experimental_part04.mp4,1900-01-01 19:18:33.900,466
68740,126,51,1.5,114.0,139.0,39.8,D:\AprPanama2025_fixed\041225_experimental\041225PA_experimental_part04.mp4,1900-01-01 19:18:34.000,466
68744,124,54,3.0,126.0,174.0,211.42857142857144,D:\AprPanama2025_fixed\041225_experimental\041225PA_experimental_part04.mp4,1900-01-01 19:18:34.400,464
68757,121,62,1.5,116.0,149.0,54.2,D:\AprPanama2025_fixed\041225_experimental\041225PA_experimental_part04.mp4,1900-01-01 19:18:35.700,461
68900,486,249,13.0,120.0,179.0,248.2380952380952,D:\AprPanama2025_fixed\041225_experimental\041225PA_experimental_part04.mp4,1900-01-01 19:18:50.000,826
68901,486,249,14.0,113.0,178.0,236.5909090909091,D:\AprPanama2025_fixed\041225_experimental\041225PA_experimental_part04.mp4,1900-01-01 19:18:50.100,826
68895,485,243,2.5,115.0,145.0,65.16666666666666,D:\AprPanama2025_fixed\041225_experimental\041225PA_experimental_part04.mp4,1900-01-01 19:18:49.500,825
68897,485,247,13.0,118.0,179.0,241.85714285714283,D:\AprPanama2025_fixed\041225_experimental\041225PA_experimental_part04.mp4,1900-01-01 19:18:49.700,825
68899,486,248,10.5,125.0,179.0,249.94444444444443,D:\AprPanama2025_fixed\041225_experimental\041225PA_experimental_part04.mp4,1900-01-01 19:18:49.900,826
68896,485,247,11.5,113.0,179.0,240.3157894736842,D:\AprPanama2025_fixed\041225_experimental\041225PA_experimental_part04.mp4,1900-01-01 19:18:49.600,825
68898,485,248,13.5,111.0,179.0,251.0909090909091,D:\AprPanama2025_fixed\041225_experimental\041225PA_experimental_part04.mp4,1900-01-01 19:18:49.800,825
68903,487,249,11.5,112.0,179.0,239.42105263157893,D:\AprPanama2025_fixed\041225_experimental\041225PA_experimental_part04.mp4,1900-01-01 19:18:50.300,827
68907,487,250,9.0,132.0,179.0,247.6875,D:\AprPanama2025_fixed\041225_experimental\041225PA_experimental_part04.mp4,1900-01-01 19:18:50.700,827
68905,487,250,9.5,119.0,179.0,247.76470588235293,D:\AprPanama2025_fixed\041225_experimental\041225PA_experimental_part04.mp4,1900-01-01 19:18:50.500,827
68906,487,250,9.0,132.0,179.0,247.6875,D:\AprPanama2025_fixed\041225_experimental\041225PA_experimental_part04.mp4,1900-01-01 19:18:50.600,827
68904,487,250,10.0,116.0,178.0,248.05555555555557,D:\AprPanama2025_fixed\041225_experimental\041225PA_experimental_part04.mp4,1900-01-01 19:18:50.400,827
68908,487,251,8.5,119.0,178.0,249.9375,D:\AprPanama2025_fixed\041225_experimental\041225PA_experimental_part04.mp4,1900-01-01 19:18:50.800,827
68909,487,250,5.5,114.0,165.0,251.0,D:\AprPanama2025_fixed\041225_experimental\041225PA_experimental_part04.mp4,1900-01-01 19:18:50.900,827
68902,487,249,11.5,112.0,179.0,239.42105263157893,D:\AprPanama2025_fixed\041225_experimental\041225PA_experimental_part04.mp4,1900-01-01 19:18:50.200,827
68914,488,252,4.0,112.0,170.0,243.88888888888889,D:\AprPanama2025_fixed\041225_experimental\041225PA_experimental_part04.mp4,1900-01-01 19:18:51.400,828
68912,488,251,8.0,113.0,179.0,240.8,D:\AprPanama2025_fixed\041225_experimental\041225PA_experimental_part04.mp4,1900-01-01 19:18:51.200,828
68915,488,252,4.0,112.0,170.0,222.55555555555557,D:\AprPanama2025_fixed\041225_experimental\041225PA_experimental_part04.mp4,1900-01-01 19:18:51.500,828
68913,488,251,8.5,114.0,177.0,210.8,D:\AprPanama2025_fixed\041225_experimental\041225PA_experimental_part04.mp4,1900-01-01 19:18:51.300,828
68910,488,251,2.0,139.0,162.0,255.0,D:\AprPanama2025_fixed\041225_experimental\041225PA_experimental_part04.mp4,1900-01-01 19:18:51.000,828
68945,194,127,3.5,126.0,156.0,94.75,D:\AprPanama2025_fixed\041225_experimental\041225PA_experimental_part04.mp4,1900-01-01 19:18:54.500,534
68946,195,127,4.0,112.0,170.0,147.66666666666666,D:\AprPanama2025_fixed\041225_experimental\041225PA_experimental_part04.mp4,1900-01-01 19:18:54.600,535
68948,196,126,2.5,128.0,171.0,218.5,D:\AprPanama2025_fixed\041225_experimental\041225PA_experimental_part04.mp4,1900-01-01 19:18:54.800,536
68949,196,126,3.0,116.0,167.0,239.0,D:\AprPanama2025_fixed\041225_experimental\041225PA_experimental_part04.mp4,1900-01-01 19:18:54.900,536
68947,196,126,3.0,112.0,165.0,120.42857142857142,D:\AprPanama2025_fixed\041225_experimental\041225PA_experimental_part04.mp4,1900-01-01 19:18:54.700,536
69362,1129,52,21.0,114.0,179.0,249.56666666666663,D:\AprPanama2025_fixed\041225_experimental\041225PA_experimental_part04.mp4,1900-01-01 19:19:36.200,1469
69364,1129,52,21.0,111.0,179.0,251.16666666666663,D:\AprPanama2025_fixed\041225_experimental\041225PA_experimental_part04.mp4,1900-01-01 19:19:36.400,1469
69358,1070,246,15.0,126.0,179.0,236.26086956521735,D:\AprPanama2025_fixed\041225_experimental\041225PA_experimental_part04.mp4,1900-01-01 19:19:35.800,1410
69361,1129,52,20.5,113.0,179.0,249.72413793103448,D:\AprPanama2025_fixed\041225_experimental\041225PA_experimental_part04.mp4,1900-01-01 19:19:36.100,1469
69361,1070,246,5.0,111.0,164.0,253.9090909090909,D:\AprPanama2025_fixed\041225_experimental\041225PA_experimental_part04.mp4,1900-01-01 19:19:36.100,1410
69365,1129,52,20.0,115.0,179.0,252.06896551724137,D:\AprPanama2025_fixed\041225_experimental\041225PA_experimental_part04.mp4,1900-01-01 19:19:36.500,1469
69359,1129,51,6.0,115.0,172.0,250.3333333333333,D:\AprPanama2025_fixed\041225_experimental\041225PA_experimental_part04.mp4,1900-01-01 19:19:35.900,1469
69359,1070,246,8.0,121.0,176.0,238.53333333333333,D:\AprPanama2025_fixed\041225_experimental\041225PA_experimental_part04.mp4,1900-01-01 19:19:35.900,1410
69363,1130,52,20.0,114.0,179.0,247.8275862068965,D:\AprPanama2025_fixed\041225_experimental\041225PA_experimental_part04.mp4,1900-01-01 19:19:36.300,1470
69360,1129,52,16.5,114.0,179.0,247.48,D:\AprPanama2025_fixed\041225_experimental\041225PA_experimental_part04.mp4,1900-01-01 19:19:36.000,1469
69360,1069,245,3.5,118.0,158.0,254.7,D:\AprPanama2025_fixed\041225_experimental\041225PA_experimental_part04.mp4,1900-01-01 19:19:36.000,1409
69371,1129,51,12.5,118.0,179.0,247.95,D:\AprPanama2025_fixed\041225_experimental\041225PA_experimental_part04.mp4,1900-01-01 19:19:37.100,1469
69371,1131,81,16.0,115.0,179.0,250.0833333333333,D:\AprPanama2025_fixed\041225_experimental\041225PA_experimental_part04.mp4,1900-01-01 19:19:37.100,1471
69370,1129,51,12.5,112.0,177.0,252.35,D:\AprPanama2025_fixed\041225_experimental\041225PA_experimental_part04.mp4,1900-01-01 19:19:37.000,1469
69370,1131,80,17.0,120.0,179.0,245.76,D:\AprPanama2025_fixed\041225_experimental\041225PA_experimental_part04.mp4,1900-01-01 19:19:37.000,1471
69368,1129,51,15.5,115.0,179.0,253.5,D:\AprPanama2025_fixed\041225_experimental\041225PA_experimental_part04.mp4,1900-01-01 19:19:36.800,1469
69368,1131,81,12.0,116.0,178.0,249.7894736842105,D:\AprPanama2025_fixed\041225_experimental\041225PA_experimental_part04.mp4,1900-01-01 19:19:36.800,1471
69369,1129,51,14.5,112.0,179.0,252.9090909090909,D:\AprPanama2025_fixed\041225_experimental\041225PA_experimental_part04.mp4,1900-01-01 19:19:36.900,1469
69369,1131,81,14.5,125.0,179.0,237.0909090909091,D:\AprPanama2025_fixed\041225_experimental\041225PA_experimental_part04.mp4,1900-01-01 19:19:36.900,1471
69372,1129,51,11.0,116.0,179.0,249.3333333333333,D:\AprPanama2025_fixed\041225_experimental\041225PA_experimental_part04.mp4,1900-01-01 19:19:37.200,1469
69372,1131,80,16.5,111.0,179.0,247.4,D:\AprPanama2025_fixed\041225_experimental\041225PA_experimental_part04.mp4,1900-01-01 19:19:37.200,1471
69373,1130,51,9.0,116.0,179.0,251.9333333333333,D:\AprPanama2025_fixed\041225_experimental\041225PA_experimental_part04.mp4,1900-01-01 19:19:37.300,1470
69373,1130,80,15.5,121.0,179.0,245.75,D:\AprPanama2025_fixed\041225_experimental\041225PA_experimental_part04.mp4,1900-01-01 19:19:37.300,1470
69366,1130,51,17.5,111.0,179.0,249.5769230769231,D:\AprPanama2025_fixed\041225_experimental\041225PA_experimental_part04.mp4,1900-01-01 19:19:36.600,1470
69367,1130,51,17.5,114.0,179.0,249.73076923076923,D:\AprPanama2025_fixed\041225_experimental\041225PA_experimental_part04.mp4,1900-01-01 19:19:36.700,1470
69367,1132,81,2.5,113.0,174.0,243.14285714285717,D:\AprPanama2025_fixed\041225_experimental\041225PA_experimental_part04.mp4,1900-01-01 19:19:36.700,1472
69377,1129,51,6.5,121.0,179.0,246.61538461538464,D:\AprPanama2025_fixed\041225_experimental\041225PA_experimental_part04.mp4,1900-01-01 19:19:37.700,1469
69377,1129,79,6.5,118.0,152.0,251.41666666666663,D:\AprPanama2025_fixed\041225_experimental\041225PA_experimental_part04.mp4,1900-01-01 19:19:37.700,1469
69380,1129,50,3.0,129.0,168.0,240.375,D:\AprPanama2025_fixed\041225_experimental\041225PA_experimental_part04.mp4,1900-01-01 19:19:38.000,1469
69378,1129,50,6.0,122.0,179.0,246.8333333333333,D:\AprPanama2025_fixed\041225_experimental\041225PA_experimental_part04.mp4,1900-01-01 19:19:37.800,1469
69379,1129,50,6.0,122.0,179.0,246.8333333333333,D:\AprPanama2025_fixed\041225_experimental\041225PA_experimental_part04.mp4,1900-01-01 19:19:37.900,1469
69375,1129,50,6.0,128.0,177.0,251.41666666666663,D:\AprPanama2025_fixed\041225_experimental\041225PA_experimental_part04.mp4,1900-01-01 19:19:37.500,1469
69375,1130,80,12.0,121.0,178.0,242.0,D:\AprPanama2025_fixed\041225_experimental\041225PA_experimental_part04.mp4,1900-01-01 19:19:37.500,1470
69374,1129,51,9.0,116.0,179.0,250.875,D:\AprPanama2025_fixed\041225_experimental\041225PA_experimental_part04.mp4,1900-01-01 19:19:37.400,1469
69374,1130,80,12.0,121.0,178.0,244.6,D:\AprPanama2025_fixed\041225_experimental\041225PA_experimental_part04.mp4,1900-01-01 19:19:37.400,1470
69376,1129,50,6.0,111.0,171.0,244.0,D:\AprPanama2025_fixed\041225_experimental\041225PA_experimental_part04.mp4,1900-01-01 19:19:37.600,1469
69376,1129,80,8.0,111.0,155.0,249.5,D:\AprPanama2025_fixed\041225_experimental\041225PA_experimental_part04.mp4,1900-01-01 19:19:37.600,1469
69385,1133,27,6.0,146.0,179.0,251.8333333333333,D:\AprPanama2025_fixed\041225_experimental\041225PA_experimental_part04.mp4,1900-01-01 19:19:38.500,1473
69384,1133,27,8.5,124.0,179.0,235.0,D:\AprPanama2025_fixed\041225_experimental\041225PA_experimental_part04.mp4,1900-01-01 19:19:38.400,1473
69388,1133,28,3.0,116.0,147.0,255.0,D:\AprPanama2025_fixed\041225_experimental\041225PA_experimental_part04.mp4,1900-01-01 19:19:38.800,1473
69382,1133,27,6.0,122.0,178.0,251.3333333333333,D:\AprPanama2025_fixed\041225_experimental\041225PA_experimental_part04.mp4,1900-01-01 19:19:38.200,1473
69386,1133,27,6.0,112.0,179.0,246.41666666666663,D:\AprPanama2025_fixed\041225_experimental\041225PA_experimental_part04.mp4,1900-01-01 19:19:38.600,1473
69389,1133,28,3.0,116.0,147.0,255.0,D:\AprPanama2025_fixed\041225_experimental\041225PA_experimental_part04.mp4,1900-01-01 19:19:38.900,1473
69387,1133,28,3.0,152.0,179.0,240.125,D:\AprPanama2025_fixed\041225_experimental\041225PA_experimental_part04.mp4,1900-01-01 19:19:38.700,1473
69383,1133,27,8.5,124.0,179.0,235.0,D:\AprPanama2025_fixed\041225_experimental\041225PA_experimental_part04.mp4,1900-01-01 19:19:38.300,1473
69383,1128,50,1.5,134.0,157.0,235.6,D:\AprPanama2025_fixed\041225_experimental\041225PA_experimental_part04.mp4,1900-01-01 19:19:38.300,1468
69413,814,32,3.0,112.0,176.0,233.2,D:\AprPanama2025_fixed\041225_experimental\041225PA_experimental_part04.mp4,1900-01-01 19:19:41.300,1154
69418,816,32,23.5,112.0,179.0,248.84848484848484,D:\AprPanama2025_fixed\041225_experimental\041225PA_experimental_part04.mp4,1900-01-01 19:19:41.800,1156
69414,815,32,14.5,122.0,179.0,249.65217391304347,D:\AprPanama2025_fixed\041225_experimental\041225PA_experimental_part04.mp4,1900-01-01 19:19:41.400,1155
69417,816,32,24.5,116.0,179.0,247.52941176470588,D:\AprPanama2025_fixed\041225_experimental\041225PA_experimental_part04.mp4,1900-01-01 19:19:41.700,1156
69421,817,31,23.5,113.0,179.0,245.4848484848485,D:\AprPanama2025_fixed\041225_experimental\041225PA_experimental_part04.mp4,1900-01-01 19:19:42.100,1157
69415,815,32,18.5,113.0,179.0,247.4074074074074,D:\AprPanama2025_fixed\041225_experimental\041225PA_experimental_part04.mp4,1900-01-01 19:19:41.500,1155
69420,817,31,21.5,118.0,179.0,246.51612903225805,D:\AprPanama2025_fixed\041225_experimental\041225PA_experimental_part04.mp4,1900-01-01 19:19:42.000,1157
69419,817,32,23.5,118.0,179.0,252.27272727272728,D:\AprPanama2025_fixed\041225_experimental\041225PA_experimental_part04.mp4,1900-01-01 19:19:41.900,1157
69416,816,32,24.5,116.0,179.0,242.85294117647055,D:\AprPanama2025_fixed\041225_experimental\041225PA_experimental_part04.mp4,1900-01-01 19:19:41.600,1156
69424,818,31,18.0,125.0,179.0,245.74074074074076,D:\AprPanama2025_fixed\041225_experimental\041225PA_experimental_part04.mp4,1900-01-01 19:19:42.400,1158
69429,819,30,14.0,126.0,179.0,246.95454545454547,D:\AprPanama2025_fixed\041225_experimental\041225PA_experimental_part04.mp4,1900-01-01 19:19:42.900,1159
69426,818,31,18.5,114.0,179.0,250.17857142857144,D:\AprPanama2025_fixed\041225_experimental\041225PA_experimental_part04.mp4,1900-01-01 19:19:42.600,1158
69423,818,31,21.5,115.0,179.0,244.93548387096772,D:\AprPanama2025_fixed\041225_experimental\041225PA_experimental_part04.mp4,1900-01-01 19:19:42.300,1158
69427,819,31,16.5,111.0,179.0,246.42307692307693,D:\AprPanama2025_fixed\041225_experimental\041225PA_experimental_part04.mp4,1900-01-01 19:19:42.700,1159
69428,819,31,13.5,112.0,179.0,241.63636363636363,D:\AprPanama2025_fixed\041225_experimental\041225PA_experimental_part04.mp4,1900-01-01 19:19:42.800,1159
69425,818,31,19.5,119.0,179.0,249.55172413793105,D:\AprPanama2025_fixed\041225_experimental\041225PA_experimental_part04.mp4,1900-01-01 19:19:42.500,1158
69422,818,31,23.0,114.0,178.0,245.1818181818182,D:\AprPanama2025_fixed\041225_experimental\041225PA_experimental_part04.mp4,1900-01-01 19:19:42.200,1158
69435,820,29,7.5,113.0,178.0,241.0,D:\AprPanama2025_fixed\041225_experimental\041225PA_experimental_part04.mp4,1900-01-01 19:19:43.500,1160
69433,820,29,6.5,121.0,179.0,237.41666666666663,D:\AprPanama2025_fixed\041225_experimental\041225PA_experimental_part04.mp4,1900-01-01 19:19:43.300,1160
69432,820,29,6.5,121.0,179.0,242.0,D:\AprPanama2025_fixed\041225_experimental\041225PA_experimental_part04.mp4,1900-01-01 19:19:43.200,1160
69436,821,30,10.5,112.0,178.0,241.2941176470588,D:\AprPanama2025_fixed\041225_experimental\041225PA_experimental_part04.mp4,1900-01-01 19:19:43.600,1161
69434,820,29,6.0,114.0,176.0,243.0,D:\AprPanama2025_fixed\041225_experimental\041225PA_experimental_part04.mp4,1900-01-01 19:19:43.400,1160
69437,821,30,7.0,122.0,179.0,244.6923076923077,D:\AprPanama2025_fixed\041225_experimental\041225PA_experimental_part04.mp4,1900-01-01 19:19:43.700,1161
69431,820,29,6.5,121.0,179.0,243.0833333333333,D:\AprPanama2025_fixed\041225_experimental\041225PA_experimental_part04.mp4,1900-01-01 19:19:43.100,1160
69430,819,30,7.5,120.0,179.0,250.84615384615387,D:\AprPanama2025_fixed\041225_experimental\041225PA_experimental_part04.mp4,1900-01-01 19:19:43.000,1159
69440,821,29,5.5,122.0,176.0,241.5,D:\AprPanama2025_fixed\041225_experimental\041225PA_experimental_part04.mp4,1900-01-01 19:19:44.000,1161
69440,824,106,1.5,125.0,172.0,249.16666666666663,D:\AprPanama2025_fixed\041225_experimental\041225PA_experimental_part04.mp4,1900-01-01 19:19:44.000,1164
69440,803,106,4.5,111.0,178.0,250.1,D:\AprPanama2025_fixed\041225_experimental\041225PA_experimental_part04.mp4,1900-01-01 19:19:44.000,1143
69440,778,130,11.5,127.0,178.0,247.52631578947367,D:\AprPanama2025_fixed\041225_experimental\041225PA_experimental_part04.mp4,1900-01-01 19:19:44.000,1118
69442,821,29,5.5,113.0,178.0,238.0833333333333,D:\AprPanama2025_fixed\041225_experimental\041225PA_experimental_part04.mp4,1900-01-01 19:19:44.200,1161
69442,823,107,4.5,124.0,175.0,245.2,D:\AprPanama2025_fixed\041225_experimental\041225PA_experimental_part04.mp4,1900-01-01 19:19:44.200,1163
69442,803,107,2.0,111.0,140.0,246.66666666666663,D:\AprPanama2025_fixed\041225_experimental\041225PA_experimental_part04.mp4,1900-01-01 19:19:44.200,1143
69442,778,131,14.5,118.0,178.0,246.3043478260869,D:\AprPanama2025_fixed\041225_experimental\041225PA_experimental_part04.mp4,1900-01-01 19:19:44.200,1118
69444,821,29,2.5,120.0,166.0,247.7142857142857,D:\AprPanama2025_fixed\041225_experimental\041225PA_experimental_part04.mp4,1900-01-01 19:19:44.400,1161
69444,823,107,6.5,113.0,173.0,228.41666666666663,D:\AprPanama2025_fixed\041225_experimental\041225PA_experimental_part04.mp4,1900-01-01 19:19:44.400,1163
69444,778,132,12.0,120.0,179.0,245.85,D:\AprPanama2025_fixed\041225_experimental\041225PA_experimental_part04.mp4,1900-01-01 19:19:44.400,1118
69445,822,29,3.5,120.0,177.0,234.25,D:\AprPanama2025_fixed\041225_experimental\041225PA_experimental_part04.mp4,1900-01-01 19:19:44.500,1162
69445,823,107,5.0,130.0,165.0,244.8,D:\AprPanama2025_fixed\041225_experimental\041225PA_experimental_part04.mp4,1900-01-01 19:19:44.500,1163
69445,779,132,11.0,115.0,179.0,250.68421052631575,D:\AprPanama2025_fixed\041225_experimental\041225PA_experimental_part04.mp4,1900-01-01 19:19:44.500,1119
69439,821,29,7.5,144.0,179.0,245.35714285714283,D:\AprPanama2025_fixed\041225_experimental\041225PA_experimental_part04.mp4,1900-01-01 19:19:43.900,1161
69439,803,106,5.5,124.0,179.0,246.0,D:\AprPanama2025_fixed\041225_experimental\041225PA_experimental_part04.mp4,1900-01-01 19:19:43.900,1143
69439,777,129,11.0,115.0,179.0,247.7222222222222,D:\AprPanama2025_fixed\041225_experimental\041225PA_experimental_part04.mp4,1900-01-01 19:19:43.900,1117
69443,821,29,5.5,113.0,178.0,238.0833333333333,D:\AprPanama2025_fixed\041225_experimental\041225PA_experimental_part04.mp4,1900-01-01 19:19:44.300,1161
69443,823,107,4.5,119.0,174.0,233.2,D:\AprPanama2025_fixed\041225_experimental\041225PA_experimental_part04.mp4,1900-01-01 19:19:44.300,1163
69443,778,131,12.5,138.0,179.0,245.6190476190476,D:\AprPanama2025_fixed\041225_experimental\041225PA_experimental_part04.mp4,1900-01-01 19:19:44.300,1118
69438,821,29,8.5,119.0,179.0,237.66666666666663,D:\AprPanama2025_fixed\041225_experimental\041225PA_experimental_part04.mp4,1900-01-01 19:19:43.800,1161
69438,802,106,5.5,144.0,179.0,245.8181818181818,D:\AprPanama2025_fixed\041225_experimental\041225PA_experimental_part04.mp4,1900-01-01 19:19:43.800,1142
69438,777,129,11.0,129.0,179.0,246.77777777777777,D:\AprPanama2025_fixed\041225_experimental\041225PA_experimental_part04.mp4,1900-01-01 19:19:43.800,1117
69441,821,29,5.5,122.0,176.0,241.5,D:\AprPanama2025_fixed\041225_experimental\041225PA_experimental_part04.mp4,1900-01-01 19:19:44.100,1161
69441,823,107,4.0,112.0,179.0,241.3333333333333,D:\AprPanama2025_fixed\041225_experimental\041225PA_experimental_part04.mp4,1900-01-01 19:19:44.100,1163
69441,803,107,7.0,118.0,179.0,239.61538461538464,D:\AprPanama2025_fixed\041225_experimental\041225PA_experimental_part04.mp4,1900-01-01 19:19:44.100,1143
69441,778,131,14.5,117.0,179.0,249.5909090909091,D:\AprPanama2025_fixed\041225_experimental\041225PA_experimental_part04.mp4,1900-01-01 19:19:44.100,1118
69447,822,29,3.5,130.0,174.0,249.5,D:\AprPanama2025_fixed\041225_experimental\041225PA_experimental_part04.mp4,1900-01-01 19:19:44.700,1162
69447,778,133,12.0,116.0,179.0,238.25,D:\AprPanama2025_fixed\041225_experimental\041225PA_experimental_part04.mp4,1900-01-01 19:19:44.700,1118
69453,780,135,9.5,122.0,179.0,251.0625,D:\AprPanama2025_fixed\041225_experimental\041225PA_experimental_part04.mp4,1900-01-01 19:19:45.300,1120
69452,780,135,9.5,122.0,179.0,250.125,D:\AprPanama2025_fixed\041225_experimental\041225PA_experimental_part04.mp4,1900-01-01 19:19:45.200,1120
69448,824,108,2.0,114.0,150.0,227.66666666666663,D:\AprPanama2025_fixed\041225_experimental\041225PA_experimental_part04.mp4,1900-01-01 19:19:44.800,1164
69448,779,133,9.0,122.0,179.0,252.875,D:\AprPanama2025_fixed\041225_experimental\041225PA_experimental_part04.mp4,1900-01-01 19:19:44.800,1119
69450,779,134,10.5,125.0,178.0,252.58823529411765,D:\AprPanama2025_fixed\041225_experimental\041225PA_experimental_part04.mp4,1900-01-01 19:19:45.000,1119
69449,779,134,12.5,113.0,179.0,244.9,D:\AprPanama2025_fixed\041225_experimental\041225PA_experimental_part04.mp4,1900-01-01 19:19:44.900,1119
69451,779,135,10.0,121.0,178.0,245.94117647058823,D:\AprPanama2025_fixed\041225_experimental\041225PA_experimental_part04.mp4,1900-01-01 19:19:45.100,1119
69446,822,29,4.0,111.0,173.0,244.44444444444443,D:\AprPanama2025_fixed\041225_experimental\041225PA_experimental_part04.mp4,1900-01-01 19:19:44.600,1162
69446,823,108,2.5,130.0,156.0,254.14285714285717,D:\AprPanama2025_fixed\041225_experimental\041225PA_experimental_part04.mp4,1900-01-01 19:19:44.600,1163
69446,778,133,12.5,123.0,179.0,245.3,D:\AprPanama2025_fixed\041225_experimental\041225PA_experimental_part04.mp4,1900-01-01 19:19:44.600,1118
69456,822,27,1.5,115.0,168.0,230.6,D:\AprPanama2025_fixed\041225_experimental\041225PA_experimental_part04.mp4,1900-01-01 19:19:45.600,1162
69456,780,136,11.0,113.0,179.0,247.05555555555557,D:\AprPanama2025_fixed\041225_experimental\041225PA_experimental_part04.mp4,1900-01-01 19:19:45.600,1120
69459,779,137,4.5,113.0,164.0,233.9,D:\AprPanama2025_fixed\041225_experimental\041225PA_experimental_part04.mp4,1900-01-01 19:19:45.900,1119
69461,780,138,6.0,118.0,179.0,236.66666666666663,D:\AprPanama2025_fixed\041225_experimental\041225PA_experimental_part04.mp4,1900-01-01 19:19:46.100,1120
69455,822,27,2.0,119.0,159.0,237.5,D:\AprPanama2025_fixed\041225_experimental\041225PA_experimental_part04.mp4,1900-01-01 19:19:45.500,1162
69455,780,136,9.5,123.0,177.0,246.11764705882356,D:\AprPanama2025_fixed\041225_experimental\041225PA_experimental_part04.mp4,1900-01-01 19:19:45.500,1120
69458,822,27,2.0,119.0,159.0,231.5,D:\AprPanama2025_fixed\041225_experimental\041225PA_experimental_part04.mp4,1900-01-01 19:19:45.800,1162
69458,780,137,7.5,113.0,174.0,230.64285714285717,D:\AprPanama2025_fixed\041225_experimental\041225PA_experimental_part04.mp4,1900-01-01 19:19:45.800,1120
69460,781,138,7.0,115.0,176.0,223.84615384615387,D:\AprPanama2025_fixed\041225_experimental\041225PA_experimental_part04.mp4,1900-01-01 19:19:46.000,1121
69457,780,137,10.0,113.0,179.0,247.4705882352941,D:\AprPanama2025_fixed\041225_experimental\041225PA_experimental_part04.mp4,1900-01-01 19:19:45.700,1120
69454,822,27,2.0,112.0,166.0,238.8333333333333,D:\AprPanama2025_fixed\041225_experimental\041225PA_experimental_part04.mp4,1900-01-01 19:19:45.400,1162
69454,780,136,9.5,123.0,177.0,246.11764705882356,D:\AprPanama2025_fixed\041225_experimental\041225PA_experimental_part04.mp4,1900-01-01 19:19:45.400,1120
69463,781,139,8.5,111.0,179.0,230.13333333333333,D:\AprPanama2025_fixed\041225_experimental\041225PA_experimental_part04.mp4,1900-01-01 19:19:46.300,1121
69466,782,140,1.5,122.0,147.0,255.0,D:\AprPanama2025_fixed\041225_experimental\041225PA_experimental_part04.mp4,1900-01-01 19:19:46.600,1122
69468,780,141,1.5,128.0,164.0,230.3333333333333,D:\AprPanama2025_fixed\041225_experimental\041225PA_experimental_part04.mp4,1900-01-01 19:19:46.800,1120
69462,781,138,7.0,112.0,176.0,224.3846153846154,D:\AprPanama2025_fixed\041225_experimental\041225PA_experimental_part04.mp4,1900-01-01 19:19:46.200,1121
69464,780,140,1.5,115.0,159.0,250.0,D:\AprPanama2025_fixed\041225_experimental\041225PA_experimental_part04.mp4,1900-01-01 19:19:46.400,1120
69467,780,140,2.0,130.0,172.0,200.14285714285717,D:\AprPanama2025_fixed\041225_experimental\041225PA_experimental_part04.mp4,1900-01-01 19:19:46.700,1120
69469,781,140,4.0,114.0,163.0,212.2222222222222,D:\AprPanama2025_fixed\041225_experimental\041225PA_experimental_part04.mp4,1900-01-01 19:19:46.900,1121
69471,781,141,4.5,112.0,163.0,236.4,D:\AprPanama2025_fixed\041225_experimental\041225PA_experimental_part04.mp4,1900-01-01 19:19:47.100,1121
69472,781,142,1.5,117.0,155.0,239.0,D:\AprPanama2025_fixed\041225_experimental\041225PA_experimental_part04.mp4,1900-01-01 19:19:47.200,1121
69470,780,141,2.5,111.0,163.0,223.125,D:\AprPanama2025_fixed\041225_experimental\041225PA_experimental_part04.mp4,1900-01-01 19:19:47.000,1120
69828,697,110,14.5,125.0,178.0,244.3478260869565,D:\AprPanama2025_fixed\041225_experimental\041225PA_experimental_part04.mp4,1900-01-01 19:20:22.800,1037
69827,696,110,5.5,112.0,177.0,242.3636363636364,D:\AprPanama2025_fixed\041225_experimental\041225PA_experimental_part04.mp4,1900-01-01 19:20:22.700,1036
69829,698,110,18.0,111.0,177.0,243.61538461538464,D:\AprPanama2025_fixed\041225_experimental\041225PA_experimental_part04.mp4,1900-01-01 19:20:22.900,1038
69837,702,110,21.0,114.0,179.0,246.9333333333333,D:\AprPanama2025_fixed\041225_experimental\041225PA_experimental_part04.mp4,1900-01-01 19:20:23.700,1042
69830,699,110,19.5,114.0,179.0,249.1379310344828,D:\AprPanama2025_fixed\041225_experimental\041225PA_experimental_part04.mp4,1900-01-01 19:20:23.000,1039
69836,702,110,22.5,114.0,179.0,246.5625,D:\AprPanama2025_fixed\041225_experimental\041225PA_experimental_part04.mp4,1900-01-01 19:20:23.600,1042
69833,700,110,21.5,118.0,179.0,246.6774193548387,D:\AprPanama2025_fixed\041225_experimental\041225PA_experimental_part04.mp4,1900-01-01 19:20:23.300,1040
69835,701,110,18.5,122.0,179.0,248.25,D:\AprPanama2025_fixed\041225_experimental\041225PA_experimental_part04.mp4,1900-01-01 19:20:23.500,1041
69834,701,110,21.5,115.0,179.0,252.74193548387092,D:\AprPanama2025_fixed\041225_experimental\041225PA_experimental_part04.mp4,1900-01-01 19:20:23.400,1041
69832,700,110,24.5,113.0,179.0,250.02941176470588,D:\AprPanama2025_fixed\041225_experimental\041225PA_experimental_part04.mp4,1900-01-01 19:20:23.200,1040
69831,699,110,18.0,123.0,179.0,246.66666666666663,D:\AprPanama2025_fixed\041225_experimental\041225PA_experimental_part04.mp4,1900-01-01 19:20:23.100,1039
69839,704,111,21.5,120.0,179.0,243.5806451612903,D:\AprPanama2025_fixed\041225_experimental\041225PA_experimental_part04.mp4,1900-01-01 19:20:23.900,1044
69842,705,111,22.0,111.0,179.0,248.25,D:\AprPanama2025_fixed\041225_experimental\041225PA_experimental_part04.mp4,1900-01-01 19:20:24.200,1045
69840,704,110,20.0,124.0,179.0,246.24137931034485,D:\AprPanama2025_fixed\041225_experimental\041225PA_experimental_part04.mp4,1900-01-01 19:20:24.000,1044
69838,703,111,21.5,116.0,179.0,245.80645161290323,D:\AprPanama2025_fixed\041225_experimental\041225PA_experimental_part04.mp4,1900-01-01 19:20:23.800,1043
69841,705,111,18.0,111.0,179.0,246.92857142857144,D:\AprPanama2025_fixed\041225_experimental\041225PA_experimental_part04.mp4,1900-01-01 19:20:24.100,1045
69843,706,111,15.5,112.0,179.0,248.66666666666663,D:\AprPanama2025_fixed\041225_experimental\041225PA_experimental_part04.mp4,1900-01-01 19:20:24.300,1046
69844,707,111,13.5,112.0,179.0,241.3636363636364,D:\AprPanama2025_fixed\041225_experimental\041225PA_experimental_part04.mp4,1900-01-01 19:20:24.400,1047
69845,707,111,18.5,116.0,179.0,243.7142857142857,D:\AprPanama2025_fixed\041225_experimental\041225PA_experimental_part04.mp4,1900-01-01 19:20:24.500,1047
69851,607,107,4.5,116.0,177.0,228.0,D:\AprPanama2025_fixed\041225_experimental\041225PA_experimental_part04.mp4,1900-01-01 19:20:25.100,947
69851,711,112,13.0,111.0,179.0,240.6190476190476,D:\AprPanama2025_fixed\041225_experimental\041225PA_experimental_part04.mp4,1900-01-01 19:20:25.100,1051
69848,709,112,16.5,125.0,179.0,249.0,D:\AprPanama2025_fixed\041225_experimental\041225PA_experimental_part04.mp4,1900-01-01 19:20:24.800,1049
69847,708,112,17.5,122.0,179.0,247.42307692307693,D:\AprPanama2025_fixed\041225_experimental\041225PA_experimental_part04.mp4,1900-01-01 19:20:24.700,1048
69853,607,110,9.5,119.0,178.0,245.5,D:\AprPanama2025_fixed\041225_experimental\041225PA_experimental_part04.mp4,1900-01-01 19:20:25.300,947
69853,712,112,10.0,112.0,179.0,238.7058823529412,D:\AprPanama2025_fixed\041225_experimental\041225PA_experimental_part04.mp4,1900-01-01 19:20:25.300,1052
69846,708,112,13.0,114.0,179.0,250.54545454545456,D:\AprPanama2025_fixed\041225_experimental\041225PA_experimental_part04.mp4,1900-01-01 19:20:24.600,1048
69850,710,112,14.5,127.0,179.0,246.4090909090909,D:\AprPanama2025_fixed\041225_experimental\041225PA_experimental_part04.mp4,1900-01-01 19:20:25.000,1050
69852,607,110,8.5,111.0,178.0,239.9333333333333,D:\AprPanama2025_fixed\041225_experimental\041225PA_experimental_part04.mp4,1900-01-01 19:20:25.200,947
69852,711,113,11.0,113.0,179.0,245.77777777777777,D:\AprPanama2025_fixed\041225_experimental\041225PA_experimental_part04.mp4,1900-01-01 19:20:25.200,1051
69849,709,112,14.5,116.0,179.0,242.43478260869568,D:\AprPanama2025_fixed\041225_experimental\041225PA_experimental_part04.mp4,1900-01-01 19:20:24.900,1049
69859,607,113,11.5,117.0,179.0,246.3157894736842,D:\AprPanama2025_fixed\041225_experimental\041225PA_experimental_part04.mp4,1900-01-01 19:20:25.900,947
69859,715,115,3.5,111.0,180.0,237.5,D:\AprPanama2025_fixed\041225_experimental\041225PA_experimental_part04.mp4,1900-01-01 19:20:25.900,1055
69859,716,146,9.5,121.0,179.0,234.8125,D:\AprPanama2025_fixed\041225_experimental\041225PA_experimental_part04.mp4,1900-01-01 19:20:25.900,1056
69861,608,113,11.5,116.0,179.0,237.3157894736842,D:\AprPanama2025_fixed\041225_experimental\041225PA_experimental_part04.mp4,1900-01-01 19:20:26.100,948
69861,717,146,3.0,111.0,179.0,233.875,D:\AprPanama2025_fixed\041225_experimental\041225PA_experimental_part04.mp4,1900-01-01 19:20:26.100,1057
69855,607,111,10.0,124.0,179.0,244.0,D:\AprPanama2025_fixed\041225_experimental\041225PA_experimental_part04.mp4,1900-01-01 19:20:25.500,947
69855,712,112,5.0,114.0,179.0,249.66666666666663,D:\AprPanama2025_fixed\041225_experimental\041225PA_experimental_part04.mp4,1900-01-01 19:20:25.500,1052
69858,608,113,14.0,114.0,179.0,245.3636363636364,D:\AprPanama2025_fixed\041225_experimental\041225PA_experimental_part04.mp4,1900-01-01 19:20:25.800,948
69858,714,113,4.0,136.0,166.0,250.3,D:\AprPanama2025_fixed\041225_experimental\041225PA_experimental_part04.mp4,1900-01-01 19:20:25.800,1054
69858,716,146,9.5,121.0,179.0,234.8125,D:\AprPanama2025_fixed\041225_experimental\041225PA_experimental_part04.mp4,1900-01-01 19:20:25.800,1056
69856,607,112,10.5,122.0,179.0,252.38888888888889,D:\AprPanama2025_fixed\041225_experimental\041225PA_experimental_part04.mp4,1900-01-01 19:20:25.600,947
69856,713,113,7.5,113.0,176.0,238.5,D:\AprPanama2025_fixed\041225_experimental\041225PA_experimental_part04.mp4,1900-01-01 19:20:25.600,1053
69856,716,146,5.5,135.0,170.0,224.9090909090909,D:\AprPanama2025_fixed\041225_experimental\041225PA_experimental_part04.mp4,1900-01-01 19:20:25.600,1056
69857,607,112,11.0,121.0,179.0,254.38888888888889,D:\AprPanama2025_fixed\041225_experimental\041225PA_experimental_part04.mp4,1900-01-01 19:20:25.700,947
69857,714,113,5.0,115.0,173.0,235.9090909090909,D:\AprPanama2025_fixed\041225_experimental\041225PA_experimental_part04.mp4,1900-01-01 19:20:25.700,1054
69857,716,146,8.0,121.0,174.0,221.42857142857144,D:\AprPanama2025_fixed\041225_experimental\041225PA_experimental_part04.mp4,1900-01-01 19:20:25.700,1056
69854,607,111,9.5,142.0,179.0,245.3125,D:\AprPanama2025_fixed\041225_experimental\041225PA_experimental_part04.mp4,1900-01-01 19:20:25.400,947
69854,712,112,5.0,114.0,179.0,249.66666666666663,D:\AprPanama2025_fixed\041225_experimental\041225PA_experimental_part04.mp4,1900-01-01 19:20:25.400,1052
69854,716,145,4.5,114.0,151.0,179.33333333333331,D:\AprPanama2025_fixed\041225_experimental\041225PA_experimental_part04.mp4,1900-01-01 19:20:25.400,1056
69860,608,113,10.5,121.0,179.0,241.94444444444443,D:\AprPanama2025_fixed\041225_experimental\041225PA_experimental_part04.mp4,1900-01-01 19:20:26.000,948
69860,715,115,3.0,114.0,173.0,234.5,D:\AprPanama2025_fixed\041225_experimental\041225PA_experimental_part04.mp4,1900-01-01 19:20:26.000,1055
69860,716,146,5.0,116.0,179.0,241.5,D:\AprPanama2025_fixed\041225_experimental\041225PA_experimental_part04.mp4,1900-01-01 19:20:26.000,1056
69866,609,115,8.5,136.0,179.0,240.2,D:\AprPanama2025_fixed\041225_experimental\041225PA_experimental_part04.mp4,1900-01-01 19:20:26.600,949
69866,716,147,5.5,113.0,174.0,191.63636363636363,D:\AprPanama2025_fixed\041225_experimental\041225PA_experimental_part04.mp4,1900-01-01 19:20:26.600,1056
69865,609,115,8.5,128.0,179.0,243.7333333333333,D:\AprPanama2025_fixed\041225_experimental\041225PA_experimental_part04.mp4,1900-01-01 19:20:26.500,949
69865,718,116,2.0,114.0,167.0,213.16666666666663,D:\AprPanama2025_fixed\041225_experimental\041225PA_experimental_part04.mp4,1900-01-01 19:20:26.500,1058
69865,716,147,4.5,131.0,179.0,244.88888888888889,D:\AprPanama2025_fixed\041225_experimental\041225PA_experimental_part04.mp4,1900-01-01 19:20:26.500,1056
69863,609,114,9.0,134.0,179.0,252.26666666666665,D:\AprPanama2025_fixed\041225_experimental\041225PA_experimental_part04.mp4,1900-01-01 19:20:26.300,949
69863,717,116,3.5,111.0,168.0,237.875,D:\AprPanama2025_fixed\041225_experimental\041225PA_experimental_part04.mp4,1900-01-01 19:20:26.300,1057
69863,716,146,3.0,119.0,179.0,253.5,D:\AprPanama2025_fixed\041225_experimental\041225PA_experimental_part04.mp4,1900-01-01 19:20:26.300,1056
69867,609,115,9.5,114.0,179.0,237.6875,D:\AprPanama2025_fixed\041225_experimental\041225PA_experimental_part04.mp4,1900-01-01 19:20:26.700,949
69867,716,147,6.5,113.0,176.0,222.91666666666663,D:\AprPanama2025_fixed\041225_experimental\041225PA_experimental_part04.mp4,1900-01-01 19:20:26.700,1056
69864,609,114,7.0,121.0,179.0,247.61538461538464,D:\AprPanama2025_fixed\041225_experimental\041225PA_experimental_part04.mp4,1900-01-01 19:20:26.400,949
69864,718,116,1.5,127.0,160.0,242.4,D:\AprPanama2025_fixed\041225_experimental\041225PA_experimental_part04.mp4,1900-01-01 19:20:26.400,1058
69864,716,147,4.0,119.0,178.0,245.66666666666663,D:\AprPanama2025_fixed\041225_experimental\041225PA_experimental_part04.mp4,1900-01-01 19:20:26.400,1056
69868,609,116,7.0,111.0,179.0,243.3846153846154,D:\AprPanama2025_fixed\041225_experimental\041225PA_experimental_part04.mp4,1900-01-01 19:20:26.800,949
69868,716,148,4.0,116.0,170.0,219.77777777777777,D:\AprPanama2025_fixed\041225_experimental\041225PA_experimental_part04.mp4,1900-01-01 19:20:26.800,1056
69869,610,116,5.5,113.0,179.0,244.9090909090909,D:\AprPanama2025_fixed\041225_experimental\041225PA_experimental_part04.mp4,1900-01-01 19:20:26.900,950
69869,716,148,2.5,119.0,176.0,204.42857142857144,D:\AprPanama2025_fixed\041225_experimental\041225PA_experimental_part04.mp4,1900-01-01 19:20:26.900,1056
69862,608,114,9.5,113.0,179.0,246.75,D:\AprPanama2025_fixed\041225_experimental\041225PA_experimental_part04.mp4,1900-01-01 19:20:26.200,948
69862,716,146,3.0,119.0,179.0,253.5,D:\AprPanama2025_fixed\041225_experimental\041225PA_experimental_part04.mp4,1900-01-01 19:20:26.200,1056
69874,611,117,6.5,116.0,167.0,235.91666666666663,D:\AprPanama2025_fixed\041225_experimental\041225PA_experimental_part04.mp4,1900-01-01 19:20:27.400,951
69871,610,116,5.5,118.0,179.0,240.72727272727275,D:\AprPanama2025_fixed\041225_experimental\041225PA_experimental_part04.mp4,1900-01-01 19:20:27.100,950
69871,716,148,3.5,121.0,176.0,161.625,D:\AprPanama2025_fixed\041225_experimental\041225PA_experimental_part04.mp4,1900-01-01 19:20:27.100,1056
69872,611,117,8.0,117.0,178.0,233.2142857142857,D:\AprPanama2025_fixed\041225_experimental\041225PA_experimental_part04.mp4,1900-01-01 19:20:27.200,951
69872,716,148,1.5,135.0,171.0,228.4,D:\AprPanama2025_fixed\041225_experimental\041225PA_experimental_part04.mp4,1900-01-01 19:20:27.200,1056
69876,611,118,3.5,115.0,161.0,248.88888888888889,D:\AprPanama2025_fixed\041225_experimental\041225PA_experimental_part04.mp4,1900-01-01 19:20:27.600,951
69877,611,118,3.5,116.0,173.0,232.55555555555557,D:\AprPanama2025_fixed\041225_experimental\041225PA_experimental_part04.mp4,1900-01-01 19:20:27.700,951
69870,610,116,6.5,115.0,179.0,243.5,D:\AprPanama2025_fixed\041225_experimental\041225PA_experimental_part04.mp4,1900-01-01 19:20:27.000,950
69870,716,148,3.5,150.0,176.0,195.0,D:\AprPanama2025_fixed\041225_experimental\041225PA_experimental_part04.mp4,1900-01-01 19:20:27.000,1056
69875,611,117,5.5,123.0,173.0,238.0,D:\AprPanama2025_fixed\041225_experimental\041225PA_experimental_part04.mp4,1900-01-01 19:20:27.500,951
69873,611,117,5.5,115.0,175.0,244.63636363636363,D:\AprPanama2025_fixed\041225_experimental\041225PA_experimental_part04.mp4,1900-01-01 19:20:27.300,951
69873,716,148,1.5,117.0,173.0,230.2,D:\AprPanama2025_fixed\041225_experimental\041225PA_experimental_part04.mp4,1900-01-01 19:20:27.300,1056
69879,612,118,1.5,135.0,176.0,253.6,D:\AprPanama2025_fixed\041225_experimental\041225PA_experimental_part04.mp4,1900-01-01 19:20:27.900,952
69882,612,119,2.0,127.0,172.0,251.3333333333333,D:\AprPanama2025_fixed\041225_experimental\041225PA_experimental_part04.mp4,1900-01-01 19:20:28.200,952
69885,613,120,3.0,128.0,164.0,148.25,D:\AprPanama2025_fixed\041225_experimental\041225PA_experimental_part04.mp4,1900-01-01 19:20:28.500,953
69884,613,120,2.0,123.0,158.0,155.5,D:\AprPanama2025_fixed\041225_experimental\041225PA_experimental_part04.mp4,1900-01-01 19:20:28.400,953
69883,612,119,3.5,124.0,175.0,249.0,D:\AprPanama2025_fixed\041225_experimental\041225PA_experimental_part04.mp4,1900-01-01 19:20:28.300,952
69890,614,121,2.0,112.0,169.0,222.66666666666663,D:\AprPanama2025_fixed\041225_experimental\041225PA_experimental_part04.mp4,1900-01-01 19:20:29.000,954
69888,614,120,1.5,116.0,156.0,248.8,D:\AprPanama2025_fixed\041225_experimental\041225PA_experimental_part04.mp4,1900-01-01 19:20:28.800,954
69889,614,121,1.5,131.0,172.0,247.0,D:\AprPanama2025_fixed\041225_experimental\041225PA_experimental_part04.mp4,1900-01-01 19:20:28.900,954
69886,614,120,2.0,115.0,162.0,178.66666666666666,D:\AprPanama2025_fixed\041225_experimental\041225PA_experimental_part04.mp4,1900-01-01 19:20:28.600,954
69891,614,121,2.0,112.0,169.0,222.66666666666663,D:\AprPanama2025_fixed\041225_experimental\041225PA_experimental_part04.mp4,1900-01-01 19:20:29.100,954
69887,614,120,2.0,126.0,159.0,127.83333333333331,D:\AprPanama2025_fixed\041225_experimental\041225PA_experimental_part04.mp4,1900-01-01 19:20:28.700,954
69894,615,122,1.5,112.0,157.0,163.8,D:\AprPanama2025_fixed\041225_experimental\041225PA_experimental_part04.mp4,1900-01-01 19:20:29.400,955
70116,566,144,5.5,128.0,178.0,242.25,D:\AprPanama2025_fixed\041225_experimental\041225PA_experimental_part04.mp4,1900-01-01 19:20:51.600,906
70117,565,144,7.0,114.0,179.0,252.3846153846154,D:\AprPanama2025_fixed\041225_experimental\041225PA_experimental_part04.mp4,1900-01-01 19:20:51.700,905
70123,566,144,10.0,131.0,182.0,248.0,D:\AprPanama2025_fixed\041225_experimental\041225PA_experimental_part04.mp4,1900-01-01 19:20:52.300,906
70125,266,66,3.0,137.0,170.0,193.7142857142857,D:\AprPanama2025_fixed\041225_experimental\041225PA_experimental_part04.mp4,1900-01-01 19:20:52.500,606
70125,566,143,9.5,111.0,178.0,243.375,D:\AprPanama2025_fixed\041225_experimental\041225PA_experimental_part04.mp4,1900-01-01 19:20:52.500,906
70120,566,144,9.5,127.0,178.0,245.5,D:\AprPanama2025_fixed\041225_experimental\041225PA_experimental_part04.mp4,1900-01-01 19:20:52.000,906
70124,266,66,1.5,123.0,165.0,154.4,D:\AprPanama2025_fixed\041225_experimental\041225PA_experimental_part04.mp4,1900-01-01 19:20:52.400,606
70124,566,144,9.5,113.0,178.0,245.8125,D:\AprPanama2025_fixed\041225_experimental\041225PA_experimental_part04.mp4,1900-01-01 19:20:52.400,906
70122,566,144,11.0,115.0,179.0,248.44444444444443,D:\AprPanama2025_fixed\041225_experimental\041225PA_experimental_part04.mp4,1900-01-01 19:20:52.200,906
70119,566,144,8.5,127.0,178.0,247.13333333333333,D:\AprPanama2025_fixed\041225_experimental\041225PA_experimental_part04.mp4,1900-01-01 19:20:51.900,906
70118,566,144,6.5,128.0,179.0,250.3846153846154,D:\AprPanama2025_fixed\041225_experimental\041225PA_experimental_part04.mp4,1900-01-01 19:20:51.800,906
70121,566,144,11.0,128.0,178.0,246.55555555555557,D:\AprPanama2025_fixed\041225_experimental\041225PA_experimental_part04.mp4,1900-01-01 19:20:52.100,906
70127,266,67,2.5,116.0,165.0,171.14285714285714,D:\AprPanama2025_fixed\041225_experimental\041225PA_experimental_part04.mp4,1900-01-01 19:20:52.700,606
70127,567,143,9.0,118.0,179.0,241.86666666666667,D:\AprPanama2025_fixed\041225_experimental\041225PA_experimental_part04.mp4,1900-01-01 19:20:52.700,907
70128,567,143,8.0,117.0,178.0,239.2142857142857,D:\AprPanama2025_fixed\041225_experimental\041225PA_experimental_part04.mp4,1900-01-01 19:20:52.800,907
70132,268,66,1.5,137.0,173.0,235.6,D:\AprPanama2025_fixed\041225_experimental\041225PA_experimental_part04.mp4,1900-01-01 19:20:53.200,608
70132,567,143,8.0,114.0,179.0,236.78571428571428,D:\AprPanama2025_fixed\041225_experimental\041225PA_experimental_part04.mp4,1900-01-01 19:20:53.200,907
70131,268,66,3.0,127.0,172.0,222.14285714285717,D:\AprPanama2025_fixed\041225_experimental\041225PA_experimental_part04.mp4,1900-01-01 19:20:53.100,608
70131,567,143,8.0,121.0,179.0,240.92857142857144,D:\AprPanama2025_fixed\041225_experimental\041225PA_experimental_part04.mp4,1900-01-01 19:20:53.100,907
70126,266,66,2.0,146.0,168.0,228.66666666666663,D:\AprPanama2025_fixed\041225_experimental\041225PA_experimental_part04.mp4,1900-01-01 19:20:52.600,606
70126,566,143,9.5,117.0,178.0,247.1875,D:\AprPanama2025_fixed\041225_experimental\041225PA_experimental_part04.mp4,1900-01-01 19:20:52.600,906
70129,567,143,7.5,118.0,179.0,245.2142857142857,D:\AprPanama2025_fixed\041225_experimental\041225PA_experimental_part04.mp4,1900-01-01 19:20:52.900,907
70130,567,143,7.0,115.0,177.0,235.84615384615387,D:\AprPanama2025_fixed\041225_experimental\041225PA_experimental_part04.mp4,1900-01-01 19:20:53.000,907
70133,268,66,1.5,137.0,173.0,235.6,D:\AprPanama2025_fixed\041225_experimental\041225PA_experimental_part04.mp4,1900-01-01 19:20:53.300,608
70133,567,143,6.5,121.0,178.0,234.16666666666663,D:\AprPanama2025_fixed\041225_experimental\041225PA_experimental_part04.mp4,1900-01-01 19:20:53.300,907
70139,568,142,5.0,123.0,179.0,240.9,D:\AprPanama2025_fixed\041225_experimental\041225PA_experimental_part04.mp4,1900-01-01 19:20:53.900,908
70140,568,142,3.5,125.0,178.0,240.25,D:\AprPanama2025_fixed\041225_experimental\041225PA_experimental_part04.mp4,1900-01-01 19:20:54.000,908
70134,567,143,8.0,112.0,178.0,235.5,D:\AprPanama2025_fixed\041225_experimental\041225PA_experimental_part04.mp4,1900-01-01 19:20:53.400,907
70138,567,142,5.0,118.0,170.0,235.7,D:\AprPanama2025_fixed\041225_experimental\041225PA_experimental_part04.mp4,1900-01-01 19:20:53.800,907
70141,568,142,3.5,128.0,178.0,243.0,D:\AprPanama2025_fixed\041225_experimental\041225PA_experimental_part04.mp4,1900-01-01 19:20:54.100,908
70137,567,142,5.5,116.0,178.0,233.0,D:\AprPanama2025_fixed\041225_experimental\041225PA_experimental_part04.mp4,1900-01-01 19:20:53.700,907
70136,268,67,2.5,119.0,172.0,214.85714285714283,D:\AprPanama2025_fixed\041225_experimental\041225PA_experimental_part04.mp4,1900-01-01 19:20:53.600,608
70136,567,142,5.5,116.0,178.0,233.0,D:\AprPanama2025_fixed\041225_experimental\041225PA_experimental_part04.mp4,1900-01-01 19:20:53.600,907
70135,268,67,2.5,119.0,172.0,214.85714285714283,D:\AprPanama2025_fixed\041225_experimental\041225PA_experimental_part04.mp4,1900-01-01 19:20:53.500,608
70135,567,143,8.0,112.0,178.0,235.5,D:\AprPanama2025_fixed\041225_experimental\041225PA_experimental_part04.mp4,1900-01-01 19:20:53.500,907
70146,224,91,5.5,126.0,176.0,242.54545454545456,D:\AprPanama2025_fixed\041225_experimental\041225PA_experimental_part04.mp4,1900-01-01 19:20:54.600,564
70146,568,140,1.5,116.0,169.0,213.6,D:\AprPanama2025_fixed\041225_experimental\041225PA_experimental_part04.mp4,1900-01-01 19:20:54.600,908
70143,224,92,5.5,123.0,179.0,251.0,D:\AprPanama2025_fixed\041225_experimental\041225PA_experimental_part04.mp4,1900-01-01 19:20:54.300,564
70143,568,142,3.0,111.0,175.0,239.25,D:\AprPanama2025_fixed\041225_experimental\041225PA_experimental_part04.mp4,1900-01-01 19:20:54.300,908
70144,223,92,8.5,113.0,179.0,248.4,D:\AprPanama2025_fixed\041225_experimental\041225PA_experimental_part04.mp4,1900-01-01 19:20:54.400,563
70144,568,141,5.5,116.0,173.0,229.72727272727272,D:\AprPanama2025_fixed\041225_experimental\041225PA_experimental_part04.mp4,1900-01-01 19:20:54.400,908
70147,223,91,7.5,126.0,179.0,252.07142857142856,D:\AprPanama2025_fixed\041225_experimental\041225PA_experimental_part04.mp4,1900-01-01 19:20:54.700,563
70147,568,140,1.5,116.0,169.0,213.6,D:\AprPanama2025_fixed\041225_experimental\041225PA_experimental_part04.mp4,1900-01-01 19:20:54.700,908
70145,224,92,6.5,115.0,179.0,244.5833333333333,D:\AprPanama2025_fixed\041225_experimental\041225PA_experimental_part04.mp4,1900-01-01 19:20:54.500,564
70145,568,141,5.5,116.0,173.0,229.72727272727272,D:\AprPanama2025_fixed\041225_experimental\041225PA_experimental_part04.mp4,1900-01-01 19:20:54.500,908
70142,224,92,5.0,118.0,177.0,251.3,D:\AprPanama2025_fixed\041225_experimental\041225PA_experimental_part04.mp4,1900-01-01 19:20:54.200,564
70142,568,142,5.0,116.0,176.0,234.2,D:\AprPanama2025_fixed\041225_experimental\041225PA_experimental_part04.mp4,1900-01-01 19:20:54.200,908
70148,223,91,5.5,136.0,179.0,251.5833333333333,D:\AprPanama2025_fixed\041225_experimental\041225PA_experimental_part04.mp4,1900-01-01 19:20:54.800,563
70148,568,141,3.0,115.0,175.0,240.75,D:\AprPanama2025_fixed\041225_experimental\041225PA_experimental_part04.mp4,1900-01-01 19:20:54.800,908
70149,223,90,7.0,119.0,174.0,247.84615384615387,D:\AprPanama2025_fixed\041225_experimental\041225PA_experimental_part04.mp4,1900-01-01 19:20:54.900,563
70149,568,141,3.0,115.0,175.0,240.75,D:\AprPanama2025_fixed\041225_experimental\041225PA_experimental_part04.mp4,1900-01-01 19:20:54.900,908
70152,223,89,6.0,116.0,161.0,218.66666666666663,D:\AprPanama2025_fixed\041225_experimental\041225PA_experimental_part04.mp4,1900-01-01 19:20:55.200,563
70154,223,88,5.0,117.0,171.0,231.6,D:\AprPanama2025_fixed\041225_experimental\041225PA_experimental_part04.mp4,1900-01-01 19:20:55.400,563
70154,568,140,1.5,131.0,165.0,250.8,D:\AprPanama2025_fixed\041225_experimental\041225PA_experimental_part04.mp4,1900-01-01 19:20:55.400,908
70153,223,89,7.0,119.0,177.0,211.30769230769232,D:\AprPanama2025_fixed\041225_experimental\041225PA_experimental_part04.mp4,1900-01-01 19:20:55.300,563
70157,224,88,1.5,111.0,147.0,58.0,D:\AprPanama2025_fixed\041225_experimental\041225PA_experimental_part04.mp4,1900-01-01 19:20:55.700,564
70156,223,88,3.5,120.0,166.0,172.625,D:\AprPanama2025_fixed\041225_experimental\041225PA_experimental_part04.mp4,1900-01-01 19:20:55.600,563
70150,223,90,7.0,119.0,175.0,249.3846153846154,D:\AprPanama2025_fixed\041225_experimental\041225PA_experimental_part04.mp4,1900-01-01 19:20:55.000,563
70155,223,88,6.0,114.0,171.0,216.0909090909091,D:\AprPanama2025_fixed\041225_experimental\041225PA_experimental_part04.mp4,1900-01-01 19:20:55.500,563
70155,568,140,1.5,131.0,165.0,250.8,D:\AprPanama2025_fixed\041225_experimental\041225PA_experimental_part04.mp4,1900-01-01 19:20:55.500,908
70151,223,90,6.5,117.0,170.0,220.0,D:\AprPanama2025_fixed\041225_experimental\041225PA_experimental_part04.mp4,1900-01-01 19:20:55.100,563
70161,223,85,2.0,131.0,157.0,140.0,D:\AprPanama2025_fixed\041225_experimental\041225PA_experimental_part04.mp4,1900-01-01 19:20:56.100,563
70158,223,86,3.0,120.0,159.0,154.85714285714286,D:\AprPanama2025_fixed\041225_experimental\041225PA_experimental_part04.mp4,1900-01-01 19:20:55.800,563
70170,223,83,1.5,114.0,176.0,194.0,D:\AprPanama2025_fixed\041225_experimental\041225PA_experimental_part04.mp4,1900-01-01 19:20:57.000,563
70166,223,83,2.0,112.0,136.0,58.66666666666666,D:\AprPanama2025_fixed\041225_experimental\041225PA_experimental_part04.mp4,1900-01-01 19:20:56.600,563
70674,747,32,9.0,122.0,184.0,246.6,D:\AprPanama2025_fixed\041225_experimental\041225PA_experimental_part04.mp4,1900-01-01 19:21:47.400,1087
70675,747,32,8.0,112.0,179.0,248.5,D:\AprPanama2025_fixed\041225_experimental\041225PA_experimental_part04.mp4,1900-01-01 19:21:47.500,1087
70677,747,32,9.5,129.0,175.0,242.875,D:\AprPanama2025_fixed\041225_experimental\041225PA_experimental_part04.mp4,1900-01-01 19:21:47.700,1087
70676,747,32,8.5,122.0,176.0,251.66666666666663,D:\AprPanama2025_fixed\041225_experimental\041225PA_experimental_part04.mp4,1900-01-01 19:21:47.600,1087
70671,745,32,8.5,131.0,175.0,242.14285714285717,D:\AprPanama2025_fixed\041225_experimental\041225PA_experimental_part04.mp4,1900-01-01 19:21:47.100,1085
70672,745,32,9.5,125.0,179.0,246.8125,D:\AprPanama2025_fixed\041225_experimental\041225PA_experimental_part04.mp4,1900-01-01 19:21:47.200,1085
70673,746,32,14.0,111.0,179.0,240.57142857142856,D:\AprPanama2025_fixed\041225_experimental\041225PA_experimental_part04.mp4,1900-01-01 19:21:47.300,1086
70670,744,32,7.5,116.0,179.0,241.3846153846154,D:\AprPanama2025_fixed\041225_experimental\041225PA_experimental_part04.mp4,1900-01-01 19:21:47.000,1084
70680,749,32,5.5,116.0,172.0,249.27272727272728,D:\AprPanama2025_fixed\041225_experimental\041225PA_experimental_part04.mp4,1900-01-01 19:21:48.000,1089
70679,748,32,7.0,115.0,183.0,252.16666666666663,D:\AprPanama2025_fixed\041225_experimental\041225PA_experimental_part04.mp4,1900-01-01 19:21:47.900,1088
70685,751,32,1.5,120.0,158.0,255.0,D:\AprPanama2025_fixed\041225_experimental\041225PA_experimental_part04.mp4,1900-01-01 19:21:48.500,1091
70684,750,33,3.5,121.0,172.0,248.125,D:\AprPanama2025_fixed\041225_experimental\041225PA_experimental_part04.mp4,1900-01-01 19:21:48.400,1090
70681,749,32,8.0,129.0,179.0,228.2142857142857,D:\AprPanama2025_fixed\041225_experimental\041225PA_experimental_part04.mp4,1900-01-01 19:21:48.100,1089
70683,750,32,2.5,112.0,176.0,242.0,D:\AprPanama2025_fixed\041225_experimental\041225PA_experimental_part04.mp4,1900-01-01 19:21:48.300,1090
70682,750,32,2.5,112.0,176.0,242.0,D:\AprPanama2025_fixed\041225_experimental\041225PA_experimental_part04.mp4,1900-01-01 19:21:48.200,1090
70678,748,32,5.0,125.0,173.0,244.1,D:\AprPanama2025_fixed\041225_experimental\041225PA_experimental_part04.mp4,1900-01-01 19:21:47.800,1088
70723,795,177,15.5,129.0,179.0,246.0,D:\AprPanama2025_fixed\041225_experimental\041225PA_experimental_part04.mp4,1900-01-01 19:21:52.300,1135
70724,796,177,18.0,112.0,179.0,245.4074074074074,D:\AprPanama2025_fixed\041225_experimental\041225PA_experimental_part04.mp4,1900-01-01 19:21:52.400,1136
70722,796,177,16.0,112.0,178.0,244.48,D:\AprPanama2025_fixed\041225_experimental\041225PA_experimental_part04.mp4,1900-01-01 19:21:52.200,1136
70721,795,176,12.0,115.0,179.0,250.15789473684208,D:\AprPanama2025_fixed\041225_experimental\041225PA_experimental_part04.mp4,1900-01-01 19:21:52.100,1135
70725,796,177,16.5,111.0,179.0,240.8,D:\AprPanama2025_fixed\041225_experimental\041225PA_experimental_part04.mp4,1900-01-01 19:21:52.500,1136
70720,794,176,5.0,123.0,169.0,243.0,D:\AprPanama2025_fixed\041225_experimental\041225PA_experimental_part04.mp4,1900-01-01 19:21:52.000,1134
70732,797,179,14.5,114.0,179.0,247.9090909090909,D:\AprPanama2025_fixed\041225_experimental\041225PA_experimental_part04.mp4,1900-01-01 19:21:53.200,1137
70732,748,200,22.5,124.0,178.0,243.75,D:\AprPanama2025_fixed\041225_experimental\041225PA_experimental_part04.mp4,1900-01-01 19:21:53.200,1088
70726,796,178,14.0,118.0,179.0,248.0909090909091,D:\AprPanama2025_fixed\041225_experimental\041225PA_experimental_part04.mp4,1900-01-01 19:21:52.600,1136
70726,747,198,4.0,111.0,173.0,246.8,D:\AprPanama2025_fixed\041225_experimental\041225PA_experimental_part04.mp4,1900-01-01 19:21:52.600,1087
70730,797,179,15.0,111.0,179.0,249.65217391304347,D:\AprPanama2025_fixed\041225_experimental\041225PA_experimental_part04.mp4,1900-01-01 19:21:53.000,1137
70730,748,199,21.0,115.0,179.0,247.9,D:\AprPanama2025_fixed\041225_experimental\041225PA_experimental_part04.mp4,1900-01-01 19:21:53.000,1088
70731,797,179,15.0,111.0,179.0,249.65217391304347,D:\AprPanama2025_fixed\041225_experimental\041225PA_experimental_part04.mp4,1900-01-01 19:21:53.100,1137
70731,748,199,21.0,115.0,179.0,247.9,D:\AprPanama2025_fixed\041225_experimental\041225PA_experimental_part04.mp4,1900-01-01 19:21:53.100,1088
70733,797,179,10.5,141.0,179.0,243.16666666666663,D:\AprPanama2025_fixed\041225_experimental\041225PA_experimental_part04.mp4,1900-01-01 19:21:53.300,1137
70733,748,200,22.5,116.0,179.0,244.125,D:\AprPanama2025_fixed\041225_experimental\041225PA_experimental_part04.mp4,1900-01-01 19:21:53.300,1088
70729,796,178,16.5,112.0,179.0,239.92,D:\AprPanama2025_fixed\041225_experimental\041225PA_experimental_part04.mp4,1900-01-01 19:21:52.900,1136
70729,747,199,15.0,123.0,179.0,250.5217391304348,D:\AprPanama2025_fixed\041225_experimental\041225PA_experimental_part04.mp4,1900-01-01 19:21:52.900,1087
70727,796,178,20.5,112.0,179.0,238.0344827586207,D:\AprPanama2025_fixed\041225_experimental\041225PA_experimental_part04.mp4,1900-01-01 19:21:52.700,1136
70727,747,199,6.5,120.0,166.0,249.0833333333333,D:\AprPanama2025_fixed\041225_experimental\041225PA_experimental_part04.mp4,1900-01-01 19:21:52.700,1087
70728,796,178,18.0,117.0,179.0,241.0,D:\AprPanama2025_fixed\041225_experimental\041225PA_experimental_part04.mp4,1900-01-01 19:21:52.800,1136
70728,747,199,11.5,130.0,179.0,253.94736842105263,D:\AprPanama2025_fixed\041225_experimental\041225PA_experimental_part04.mp4,1900-01-01 19:21:52.800,1087
70736,797,180,11.5,121.0,179.0,251.7222222222222,D:\AprPanama2025_fixed\041225_experimental\041225PA_experimental_part04.mp4,1900-01-01 19:21:53.600,1137
70736,747,200,19.5,117.0,179.0,248.72413793103448,D:\AprPanama2025_fixed\041225_experimental\041225PA_experimental_part04.mp4,1900-01-01 19:21:53.600,1087
70740,798,181,7.0,114.0,177.0,246.6923076923077,D:\AprPanama2025_fixed\041225_experimental\041225PA_experimental_part04.mp4,1900-01-01 19:21:54.000,1138
70740,747,201,20.5,114.0,179.0,249.9,D:\AprPanama2025_fixed\041225_experimental\041225PA_experimental_part04.mp4,1900-01-01 19:21:54.000,1087
70738,798,181,9.5,118.0,177.0,252.5,D:\AprPanama2025_fixed\041225_experimental\041225PA_experimental_part04.mp4,1900-01-01 19:21:53.800,1138
70738,747,200,19.5,115.0,179.0,249.0344827586207,D:\AprPanama2025_fixed\041225_experimental\041225PA_experimental_part04.mp4,1900-01-01 19:21:53.800,1087
70739,798,181,2.5,122.0,172.0,254.0,D:\AprPanama2025_fixed\041225_experimental\041225PA_experimental_part04.mp4,1900-01-01 19:21:53.900,1138
70739,747,200,21.5,111.0,179.0,247.06451612903223,D:\AprPanama2025_fixed\041225_experimental\041225PA_experimental_part04.mp4,1900-01-01 19:21:53.900,1087
70741,798,181,5.5,123.0,178.0,247.84615384615387,D:\AprPanama2025_fixed\041225_experimental\041225PA_experimental_part04.mp4,1900-01-01 19:21:54.100,1138
70741,748,201,17.5,111.0,179.0,249.42307692307693,D:\AprPanama2025_fixed\041225_experimental\041225PA_experimental_part04.mp4,1900-01-01 19:21:54.100,1088
70741,549,246,4.5,124.0,171.0,227.44444444444443,D:\AprPanama2025_fixed\041225_experimental\041225PA_experimental_part04.mp4,1900-01-01 19:21:54.100,889
70735,797,180,13.5,112.0,179.0,245.28571428571428,D:\AprPanama2025_fixed\041225_experimental\041225PA_experimental_part04.mp4,1900-01-01 19:21:53.500,1137
70735,748,200,23.5,117.0,179.0,244.03030303030303,D:\AprPanama2025_fixed\041225_experimental\041225PA_experimental_part04.mp4,1900-01-01 19:21:53.500,1088
70737,798,180,11.0,112.0,179.0,250.1111111111111,D:\AprPanama2025_fixed\041225_experimental\041225PA_experimental_part04.mp4,1900-01-01 19:21:53.700,1138
70737,748,200,23.0,114.0,179.0,245.63636363636363,D:\AprPanama2025_fixed\041225_experimental\041225PA_experimental_part04.mp4,1900-01-01 19:21:53.700,1088
70734,797,180,13.5,115.0,179.0,247.47619047619045,D:\AprPanama2025_fixed\041225_experimental\041225PA_experimental_part04.mp4,1900-01-01 19:21:53.400,1137
70734,748,200,22.5,112.0,179.0,243.625,D:\AprPanama2025_fixed\041225_experimental\041225PA_experimental_part04.mp4,1900-01-01 19:21:53.400,1088
70743,799,182,7.0,116.0,179.0,242.46153846153848,D:\AprPanama2025_fixed\041225_experimental\041225PA_experimental_part04.mp4,1900-01-01 19:21:54.300,1139
70743,747,201,16.5,112.0,179.0,250.56,D:\AprPanama2025_fixed\041225_experimental\041225PA_experimental_part04.mp4,1900-01-01 19:21:54.300,1087
70743,549,245,8.0,125.0,176.0,248.7142857142857,D:\AprPanama2025_fixed\041225_experimental\041225PA_experimental_part04.mp4,1900-01-01 19:21:54.300,889
70749,800,184,1.5,131.0,164.0,253.6,D:\AprPanama2025_fixed\041225_experimental\041225PA_experimental_part04.mp4,1900-01-01 19:21:54.900,1140
70749,747,203,10.0,131.0,179.0,246.2941176470588,D:\AprPanama2025_fixed\041225_experimental\041225PA_experimental_part04.mp4,1900-01-01 19:21:54.900,1087
70749,547,244,5.5,111.0,166.0,249.8181818181818,D:\AprPanama2025_fixed\041225_experimental\041225PA_experimental_part04.mp4,1900-01-01 19:21:54.900,887
70744,799,182,3.0,112.0,152.0,250.28571428571428,D:\AprPanama2025_fixed\041225_experimental\041225PA_experimental_part04.mp4,1900-01-01 19:21:54.400,1139
70744,747,202,15.0,117.0,179.0,248.0,D:\AprPanama2025_fixed\041225_experimental\041225PA_experimental_part04.mp4,1900-01-01 19:21:54.400,1087
70744,548,245,6.5,124.0,179.0,250.8333333333333,D:\AprPanama2025_fixed\041225_experimental\041225PA_experimental_part04.mp4,1900-01-01 19:21:54.400,888
70748,799,183,3.5,113.0,154.0,214.25,D:\AprPanama2025_fixed\041225_experimental\041225PA_experimental_part04.mp4,1900-01-01 19:21:54.800,1139
70748,747,202,12.0,112.0,179.0,244.25,D:\AprPanama2025_fixed\041225_experimental\041225PA_experimental_part04.mp4,1900-01-01 19:21:54.800,1087
70748,548,244,3.5,125.0,174.0,247.125,D:\AprPanama2025_fixed\041225_experimental\041225PA_experimental_part04.mp4,1900-01-01 19:21:54.800,888
70745,747,202,13.0,131.0,178.0,247.14285714285717,D:\AprPanama2025_fixed\041225_experimental\041225PA_experimental_part04.mp4,1900-01-01 19:21:54.500,1087
70745,548,245,6.5,113.0,179.0,247.16666666666663,D:\AprPanama2025_fixed\041225_experimental\041225PA_experimental_part04.mp4,1900-01-01 19:21:54.500,888
70746,747,202,14.0,113.0,178.0,245.04545454545456,D:\AprPanama2025_fixed\041225_experimental\041225PA_experimental_part04.mp4,1900-01-01 19:21:54.600,1087
70746,548,245,3.0,115.0,179.0,251.3333333333333,D:\AprPanama2025_fixed\041225_experimental\041225PA_experimental_part04.mp4,1900-01-01 19:21:54.600,888
70747,799,183,2.5,114.0,172.0,241.0,D:\AprPanama2025_fixed\041225_experimental\041225PA_experimental_part04.mp4,1900-01-01 19:21:54.700,1139
70747,747,202,14.0,118.0,179.0,238.5,D:\AprPanama2025_fixed\041225_experimental\041225PA_experimental_part04.mp4,1900-01-01 19:21:54.700,1087
70747,548,244,4.0,147.0,177.0,251.1111111111111,D:\AprPanama2025_fixed\041225_experimental\041225PA_experimental_part04.mp4,1900-01-01 19:21:54.700,888
70742,798,182,3.5,111.0,179.0,249.5,D:\AprPanama2025_fixed\041225_experimental\041225PA_experimental_part04.mp4,1900-01-01 19:21:54.200,1138
70742,747,201,16.5,112.0,179.0,250.56,D:\AprPanama2025_fixed\041225_experimental\041225PA_experimental_part04.mp4,1900-01-01 19:21:54.200,1087
70742,549,246,9.0,125.0,179.0,247.26666666666665,D:\AprPanama2025_fixed\041225_experimental\041225PA_experimental_part04.mp4,1900-01-01 19:21:54.200,889
70756,747,204,5.5,123.0,175.0,247.27272727272728,D:\AprPanama2025_fixed\041225_experimental\041225PA_experimental_part04.mp4,1900-01-01 19:21:55.600,1087
70756,549,217,5.0,117.0,152.0,182.3636363636364,D:\AprPanama2025_fixed\041225_experimental\041225PA_experimental_part04.mp4,1900-01-01 19:21:55.600,889
70756,546,242,3.5,134.0,179.0,240.875,D:\AprPanama2025_fixed\041225_experimental\041225PA_experimental_part04.mp4,1900-01-01 19:21:55.600,886
70757,746,204,6.5,113.0,172.0,247.0769230769231,D:\AprPanama2025_fixed\041225_experimental\041225PA_experimental_part04.mp4,1900-01-01 19:21:55.700,1086
70757,549,217,5.5,124.0,172.0,160.63636363636363,D:\AprPanama2025_fixed\041225_experimental\041225PA_experimental_part04.mp4,1900-01-01 19:21:55.700,889
70757,546,242,3.5,134.0,183.0,239.0,D:\AprPanama2025_fixed\041225_experimental\041225PA_experimental_part04.mp4,1900-01-01 19:21:55.700,886
70755,747,204,6.0,112.0,179.0,246.0833333333333,D:\AprPanama2025_fixed\041225_experimental\041225PA_experimental_part04.mp4,1900-01-01 19:21:55.500,1087
70755,550,218,2.5,123.0,176.0,229.57142857142856,D:\AprPanama2025_fixed\041225_experimental\041225PA_experimental_part04.mp4,1900-01-01 19:21:55.500,890
70755,546,242,4.0,125.0,175.0,250.88888888888889,D:\AprPanama2025_fixed\041225_experimental\041225PA_experimental_part04.mp4,1900-01-01 19:21:55.500,886
70750,747,203,10.0,112.0,179.0,239.23529411764704,D:\AprPanama2025_fixed\041225_experimental\041225PA_experimental_part04.mp4,1900-01-01 19:21:55.000,1087
70750,547,243,6.0,129.0,175.0,253.16666666666663,D:\AprPanama2025_fixed\041225_experimental\041225PA_experimental_part04.mp4,1900-01-01 19:21:55.000,887
70751,747,203,8.5,137.0,178.0,237.53333333333333,D:\AprPanama2025_fixed\041225_experimental\041225PA_experimental_part04.mp4,1900-01-01 19:21:55.100,1087
70751,547,243,5.0,118.0,173.0,253.9,D:\AprPanama2025_fixed\041225_experimental\041225PA_experimental_part04.mp4,1900-01-01 19:21:55.100,887
70753,747,203,9.0,117.0,179.0,246.0625,D:\AprPanama2025_fixed\041225_experimental\041225PA_experimental_part04.mp4,1900-01-01 19:21:55.300,1087
70753,550,218,3.0,111.0,178.0,238.14285714285717,D:\AprPanama2025_fixed\041225_experimental\041225PA_experimental_part04.mp4,1900-01-01 19:21:55.300,890
70753,546,243,2.5,118.0,174.0,254.57142857142856,D:\AprPanama2025_fixed\041225_experimental\041225PA_experimental_part04.mp4,1900-01-01 19:21:55.300,886
70752,747,203,9.5,115.0,176.0,244.625,D:\AprPanama2025_fixed\041225_experimental\041225PA_experimental_part04.mp4,1900-01-01 19:21:55.200,1087
70752,550,218,2.5,150.0,179.0,253.16666666666663,D:\AprPanama2025_fixed\041225_experimental\041225PA_experimental_part04.mp4,1900-01-01 19:21:55.200,890
70752,547,243,5.0,116.0,173.0,249.9,D:\AprPanama2025_fixed\041225_experimental\041225PA_experimental_part04.mp4,1900-01-01 19:21:55.200,887
70754,747,204,8.5,119.0,178.0,241.46666666666667,D:\AprPanama2025_fixed\041225_experimental\041225PA_experimental_part04.mp4,1900-01-01 19:21:55.400,1087
70754,550,218,3.5,118.0,179.0,234.875,D:\AprPanama2025_fixed\041225_experimental\041225PA_experimental_part04.mp4,1900-01-01 19:21:55.400,890
70754,546,242,3.0,138.0,175.0,247.57142857142856,D:\AprPanama2025_fixed\041225_experimental\041225PA_experimental_part04.mp4,1900-01-01 19:21:55.400,886
70765,746,206,2.0,140.0,169.0,248.5,D:\AprPanama2025_fixed\041225_experimental\041225PA_experimental_part04.mp4,1900-01-01 19:21:56.500,1086
70759,746,205,4.0,113.0,172.0,247.88888888888889,D:\AprPanama2025_fixed\041225_experimental\041225PA_experimental_part04.mp4,1900-01-01 19:21:55.900,1086
70759,545,241,4.0,113.0,164.0,107.77777777777776,D:\AprPanama2025_fixed\041225_experimental\041225PA_experimental_part04.mp4,1900-01-01 19:21:55.900,885
70758,746,205,4.5,113.0,178.0,251.6,D:\AprPanama2025_fixed\041225_experimental\041225PA_experimental_part04.mp4,1900-01-01 19:21:55.800,1086
70758,545,241,4.0,118.0,152.0,120.2222222222222,D:\AprPanama2025_fixed\041225_experimental\041225PA_experimental_part04.mp4,1900-01-01 19:21:55.800,885
70760,746,205,3.5,112.0,172.0,246.1111111111111,D:\AprPanama2025_fixed\041225_experimental\041225PA_experimental_part04.mp4,1900-01-01 19:21:56.000,1086
70760,544,241,3.0,114.0,166.0,197.125,D:\AprPanama2025_fixed\041225_experimental\041225PA_experimental_part04.mp4,1900-01-01 19:21:56.000,884
70769,746,206,2.0,117.0,158.0,242.3333333333333,D:\AprPanama2025_fixed\041225_experimental\041225PA_experimental_part04.mp4,1900-01-01 19:21:56.900,1086
70766,550,184,2.0,116.0,176.0,199.5,D:\AprPanama2025_fixed\041225_experimental\041225PA_experimental_part04.mp4,1900-01-01 19:21:56.600,890
70766,746,207,1.5,111.0,168.0,253.2,D:\AprPanama2025_fixed\041225_experimental\041225PA_experimental_part04.mp4,1900-01-01 19:21:56.600,1086
70767,550,184,2.0,116.0,176.0,199.5,D:\AprPanama2025_fixed\041225_experimental\041225PA_experimental_part04.mp4,1900-01-01 19:21:56.700,890
70767,746,206,2.0,129.0,168.0,239.3333333333333,D:\AprPanama2025_fixed\041225_experimental\041225PA_experimental_part04.mp4,1900-01-01 19:21:56.700,1086
70971,681,131,18.5,111.0,179.0,245.66666666666663,D:\AprPanama2025_fixed\041225_experimental\041225PA_experimental_part04.mp4,1900-01-01 19:22:17.100,1021
70973,681,132,17.5,111.0,179.0,244.03846153846155,D:\AprPanama2025_fixed\041225_experimental\041225PA_experimental_part04.mp4,1900-01-01 19:22:17.300,1021
70969,681,131,16.0,111.0,179.0,252.96,D:\AprPanama2025_fixed\041225_experimental\041225PA_experimental_part04.mp4,1900-01-01 19:22:16.900,1021
70967,680,130,8.0,117.0,179.0,242.8,D:\AprPanama2025_fixed\041225_experimental\041225PA_experimental_part04.mp4,1900-01-01 19:22:16.700,1020
70968,680,131,11.5,150.0,178.0,244.15,D:\AprPanama2025_fixed\041225_experimental\041225PA_experimental_part04.mp4,1900-01-01 19:22:16.800,1020
70966,680,130,8.0,111.0,178.0,234.2,D:\AprPanama2025_fixed\041225_experimental\041225PA_experimental_part04.mp4,1900-01-01 19:22:16.600,1020
70972,681,131,18.5,119.0,179.0,242.85185185185185,D:\AprPanama2025_fixed\041225_experimental\041225PA_experimental_part04.mp4,1900-01-01 19:22:17.200,1021
70970,681,131,17.5,111.0,179.0,250.1923076923077,D:\AprPanama2025_fixed\041225_experimental\041225PA_experimental_part04.mp4,1900-01-01 19:22:17.000,1021
70974,681,132,18.5,111.0,179.0,241.96296296296296,D:\AprPanama2025_fixed\041225_experimental\041225PA_experimental_part04.mp4,1900-01-01 19:22:17.400,1021
70979,682,133,17.0,119.0,179.0,248.0,D:\AprPanama2025_fixed\041225_experimental\041225PA_experimental_part04.mp4,1900-01-01 19:22:17.900,1022
70976,682,132,17.0,123.0,179.0,248.84,D:\AprPanama2025_fixed\041225_experimental\041225PA_experimental_part04.mp4,1900-01-01 19:22:17.600,1022
70975,681,132,19.5,124.0,179.0,244.07142857142856,D:\AprPanama2025_fixed\041225_experimental\041225PA_experimental_part04.mp4,1900-01-01 19:22:17.500,1021
70977,682,132,17.0,115.0,179.0,250.30769230769232,D:\AprPanama2025_fixed\041225_experimental\041225PA_experimental_part04.mp4,1900-01-01 19:22:17.700,1022
70980,682,133,14.5,139.0,177.0,248.4782608695652,D:\AprPanama2025_fixed\041225_experimental\041225PA_experimental_part04.mp4,1900-01-01 19:22:18.000,1022
70981,682,133,14.5,133.0,179.0,249.3913043478261,D:\AprPanama2025_fixed\041225_experimental\041225PA_experimental_part04.mp4,1900-01-01 19:22:18.100,1022
70978,682,133,16.0,119.0,179.0,247.68,D:\AprPanama2025_fixed\041225_experimental\041225PA_experimental_part04.mp4,1900-01-01 19:22:17.800,1022
70984,683,133,10.5,120.0,177.0,244.05555555555557,D:\AprPanama2025_fixed\041225_experimental\041225PA_experimental_part04.mp4,1900-01-01 19:22:18.400,1023
70986,683,134,10.0,124.0,176.0,246.41176470588235,D:\AprPanama2025_fixed\041225_experimental\041225PA_experimental_part04.mp4,1900-01-01 19:22:18.600,1023
70987,683,134,10.0,124.0,179.0,247.8823529411765,D:\AprPanama2025_fixed\041225_experimental\041225PA_experimental_part04.mp4,1900-01-01 19:22:18.700,1023
70982,682,133,14.0,117.0,179.0,245.3181818181818,D:\AprPanama2025_fixed\041225_experimental\041225PA_experimental_part04.mp4,1900-01-01 19:22:18.200,1022
70983,682,133,14.0,114.0,179.0,237.13636363636363,D:\AprPanama2025_fixed\041225_experimental\041225PA_experimental_part04.mp4,1900-01-01 19:22:18.300,1022
70988,683,134,8.5,118.0,178.0,252.2142857142857,D:\AprPanama2025_fixed\041225_experimental\041225PA_experimental_part04.mp4,1900-01-01 19:22:18.800,1023
70989,683,134,8.5,118.0,178.0,252.2142857142857,D:\AprPanama2025_fixed\041225_experimental\041225PA_experimental_part04.mp4,1900-01-01 19:22:18.900,1023
70985,683,133,10.5,120.0,177.0,241.7222222222222,D:\AprPanama2025_fixed\041225_experimental\041225PA_experimental_part04.mp4,1900-01-01 19:22:18.500,1023
70992,683,135,4.5,121.0,179.0,233.2,D:\AprPanama2025_fixed\041225_experimental\041225PA_experimental_part04.mp4,1900-01-01 19:22:19.200,1023
70996,684,135,3.5,122.0,170.0,225.5,D:\AprPanama2025_fixed\041225_experimental\041225PA_experimental_part04.mp4,1900-01-01 19:22:19.600,1024
70991,683,134,6.5,127.0,179.0,253.23076923076923,D:\AprPanama2025_fixed\041225_experimental\041225PA_experimental_part04.mp4,1900-01-01 19:22:19.100,1023
70995,684,135,6.5,113.0,178.0,234.7692307692308,D:\AprPanama2025_fixed\041225_experimental\041225PA_experimental_part04.mp4,1900-01-01 19:22:19.500,1024
70997,684,135,3.5,123.0,167.0,242.5,D:\AprPanama2025_fixed\041225_experimental\041225PA_experimental_part04.mp4,1900-01-01 19:22:19.700,1024
70993,683,135,3.5,115.0,174.0,238.7,D:\AprPanama2025_fixed\041225_experimental\041225PA_experimental_part04.mp4,1900-01-01 19:22:19.300,1023
70994,683,135,6.0,115.0,175.0,241.0,D:\AprPanama2025_fixed\041225_experimental\041225PA_experimental_part04.mp4,1900-01-01 19:22:19.400,1023
70990,683,134,7.0,112.0,178.0,253.15384615384616,D:\AprPanama2025_fixed\041225_experimental\041225PA_experimental_part04.mp4,1900-01-01 19:22:19.000,1023
71003,684,135,2.5,115.0,171.0,251.42857142857144,D:\AprPanama2025_fixed\041225_experimental\041225PA_experimental_part04.mp4,1900-01-01 19:22:20.300,1024
71000,684,135,2.5,123.0,173.0,248.14285714285717,D:\AprPanama2025_fixed\041225_experimental\041225PA_experimental_part04.mp4,1900-01-01 19:22:20.000,1024
71004,684,135,2.5,115.0,171.0,251.42857142857144,D:\AprPanama2025_fixed\041225_experimental\041225PA_experimental_part04.mp4,1900-01-01 19:22:20.400,1024
71001,684,135,2.5,123.0,173.0,248.14285714285717,D:\AprPanama2025_fixed\041225_experimental\041225PA_experimental_part04.mp4,1900-01-01 19:22:20.100,1024
71002,684,135,2.5,119.0,172.0,249.85714285714283,D:\AprPanama2025_fixed\041225_experimental\041225PA_experimental_part04.mp4,1900-01-01 19:22:20.200,1024
71010,686,136,1.5,115.0,181.0,198.8,D:\AprPanama2025_fixed\041225_experimental\041225PA_experimental_part04.mp4,1900-01-01 19:22:21.000,1026
71011,686,136,1.5,116.0,158.0,169.20000000000002,D:\AprPanama2025_fixed\041225_experimental\041225PA_experimental_part04.mp4,1900-01-01 19:22:21.100,1026
71528,668,99,13.0,124.0,177.0,247.0,D:\AprPanama2025_fixed\041225_experimental\041225PA_experimental_part04.mp4,1900-01-01 19:23:12.800,1008
71532,669,98,24.0,121.0,179.0,247.91176470588235,D:\AprPanama2025_fixed\041225_experimental\041225PA_experimental_part04.mp4,1900-01-01 19:23:13.200,1009
71527,667,98,7.0,114.0,175.0,239.0,D:\AprPanama2025_fixed\041225_experimental\041225PA_experimental_part04.mp4,1900-01-01 19:23:12.700,1007
71531,669,99,22.0,119.0,178.0,245.40625,D:\AprPanama2025_fixed\041225_experimental\041225PA_experimental_part04.mp4,1900-01-01 19:23:13.100,1009
71529,668,99,15.5,129.0,179.0,246.79166666666663,D:\AprPanama2025_fixed\041225_experimental\041225PA_experimental_part04.mp4,1900-01-01 19:23:12.900,1008
71530,669,99,19.0,121.0,179.0,249.42857142857144,D:\AprPanama2025_fixed\041225_experimental\041225PA_experimental_part04.mp4,1900-01-01 19:23:13.000,1009
71533,669,98,26.0,117.0,179.0,242.88888888888889,D:\AprPanama2025_fixed\041225_experimental\041225PA_experimental_part04.mp4,1900-01-01 19:23:13.300,1009
71526,666,98,2.5,126.0,171.0,228.66666666666663,D:\AprPanama2025_fixed\041225_experimental\041225PA_experimental_part04.mp4,1900-01-01 19:23:12.600,1006
71541,669,97,25.0,131.0,179.0,249.02777777777777,D:\AprPanama2025_fixed\041225_experimental\041225PA_experimental_part04.mp4,1900-01-01 19:23:14.100,1009
71535,669,98,27.0,113.0,179.0,241.8157894736842,D:\AprPanama2025_fixed\041225_experimental\041225PA_experimental_part04.mp4,1900-01-01 19:23:13.500,1009
71538,669,97,24.5,118.0,179.0,244.9722222222222,D:\AprPanama2025_fixed\041225_experimental\041225PA_experimental_part04.mp4,1900-01-01 19:23:13.800,1009
71540,669,97,25.0,121.0,178.0,242.94444444444443,D:\AprPanama2025_fixed\041225_experimental\041225PA_experimental_part04.mp4,1900-01-01 19:23:14.000,1009
71536,669,98,24.5,131.0,179.0,244.1142857142857,D:\AprPanama2025_fixed\041225_experimental\041225PA_experimental_part04.mp4,1900-01-01 19:23:13.600,1009
71537,669,98,26.0,113.0,179.0,243.7837837837838,D:\AprPanama2025_fixed\041225_experimental\041225PA_experimental_part04.mp4,1900-01-01 19:23:13.700,1009
71539,669,97,24.5,118.0,179.0,244.9722222222222,D:\AprPanama2025_fixed\041225_experimental\041225PA_experimental_part04.mp4,1900-01-01 19:23:13.900,1009
71534,669,98,27.0,113.0,179.0,241.8157894736842,D:\AprPanama2025_fixed\041225_experimental\041225PA_experimental_part04.mp4,1900-01-01 19:23:13.400,1009
71544,670,97,16.0,119.0,179.0,248.65384615384616,D:\AprPanama2025_fixed\041225_experimental\041225PA_experimental_part04.mp4,1900-01-01 19:23:14.400,1010
71549,670,96,17.5,121.0,179.0,244.2222222222222,D:\AprPanama2025_fixed\041225_experimental\041225PA_experimental_part04.mp4,1900-01-01 19:23:14.900,1010
71549,750,129,1.5,128.0,178.0,239.16666666666663,D:\AprPanama2025_fixed\041225_experimental\041225PA_experimental_part04.mp4,1900-01-01 19:23:14.900,1090
71547,670,96,17.5,121.0,179.0,244.2222222222222,D:\AprPanama2025_fixed\041225_experimental\041225PA_experimental_part04.mp4,1900-01-01 19:23:14.700,1010
71545,670,97,18.5,116.0,179.0,243.75,D:\AprPanama2025_fixed\041225_experimental\041225PA_experimental_part04.mp4,1900-01-01 19:23:14.500,1010
71543,670,97,20.5,120.0,179.0,249.4,D:\AprPanama2025_fixed\041225_experimental\041225PA_experimental_part04.mp4,1900-01-01 19:23:14.300,1010
71548,670,96,17.5,121.0,179.0,244.2222222222222,D:\AprPanama2025_fixed\041225_experimental\041225PA_experimental_part04.mp4,1900-01-01 19:23:14.800,1010
71542,669,97,25.0,131.0,179.0,249.02777777777777,D:\AprPanama2025_fixed\041225_experimental\041225PA_experimental_part04.mp4,1900-01-01 19:23:14.200,1009
71546,670,97,18.5,115.0,179.0,241.0,D:\AprPanama2025_fixed\041225_experimental\041225PA_experimental_part04.mp4,1900-01-01 19:23:14.600,1010
71546,749,128,1.5,117.0,146.0,114.4,D:\AprPanama2025_fixed\041225_experimental\041225PA_experimental_part04.mp4,1900-01-01 19:23:14.600,1089
71556,672,97,2.5,112.0,166.0,242.14285714285717,D:\AprPanama2025_fixed\041225_experimental\041225PA_experimental_part04.mp4,1900-01-01 19:23:15.600,1012
71556,958,145,17.0,111.0,179.0,244.07407407407405,D:\AprPanama2025_fixed\041225_experimental\041225PA_experimental_part04.mp4,1900-01-01 19:23:15.600,1298
71553,671,96,8.0,112.0,177.0,244.4,D:\AprPanama2025_fixed\041225_experimental\041225PA_experimental_part04.mp4,1900-01-01 19:23:15.300,1011
71553,750,128,2.0,134.0,170.0,199.8333333333333,D:\AprPanama2025_fixed\041225_experimental\041225PA_experimental_part04.mp4,1900-01-01 19:23:15.300,1090
71555,671,96,7.5,114.0,171.0,247.66666666666663,D:\AprPanama2025_fixed\041225_experimental\041225PA_experimental_part04.mp4,1900-01-01 19:23:15.500,1011
71555,958,146,16.5,112.0,179.0,243.84,D:\AprPanama2025_fixed\041225_experimental\041225PA_experimental_part04.mp4,1900-01-01 19:23:15.500,1298
71550,671,96,9.5,112.0,176.0,237.3684210526316,D:\AprPanama2025_fixed\041225_experimental\041225PA_experimental_part04.mp4,1900-01-01 19:23:15.000,1011
71550,750,128,2.0,118.0,179.0,254.85714285714283,D:\AprPanama2025_fixed\041225_experimental\041225PA_experimental_part04.mp4,1900-01-01 19:23:15.000,1090
71557,672,97,1.5,111.0,142.0,243.2,D:\AprPanama2025_fixed\041225_experimental\041225PA_experimental_part04.mp4,1900-01-01 19:23:15.700,1012
71557,751,128,2.0,122.0,150.0,85.16666666666666,D:\AprPanama2025_fixed\041225_experimental\041225PA_experimental_part04.mp4,1900-01-01 19:23:15.700,1091
71557,959,145,12.0,119.0,179.0,247.55,D:\AprPanama2025_fixed\041225_experimental\041225PA_experimental_part04.mp4,1900-01-01 19:23:15.700,1299
71552,671,96,8.5,113.0,174.0,240.375,D:\AprPanama2025_fixed\041225_experimental\041225PA_experimental_part04.mp4,1900-01-01 19:23:15.200,1011
71552,751,128,4.0,121.0,173.0,173.88888888888889,D:\AprPanama2025_fixed\041225_experimental\041225PA_experimental_part04.mp4,1900-01-01 19:23:15.200,1091
71554,671,96,7.5,113.0,171.0,244.86666666666667,D:\AprPanama2025_fixed\041225_experimental\041225PA_experimental_part04.mp4,1900-01-01 19:23:15.400,1011
71554,751,128,1.5,118.0,149.0,166.8,D:\AprPanama2025_fixed\041225_experimental\041225PA_experimental_part04.mp4,1900-01-01 19:23:15.400,1091
71554,958,145,16.5,122.0,179.0,246.2,D:\AprPanama2025_fixed\041225_experimental\041225PA_experimental_part04.mp4,1900-01-01 19:23:15.400,1298
71551,671,96,9.0,120.0,177.0,245.33333333333331,D:\AprPanama2025_fixed\041225_experimental\041225PA_experimental_part04.mp4,1900-01-01 19:23:15.100,1011
71551,750,128,2.0,118.0,179.0,254.85714285714283,D:\AprPanama2025_fixed\041225_experimental\041225PA_experimental_part04.mp4,1900-01-01 19:23:15.100,1090
71565,960,142,6.5,112.0,179.0,243.7692307692308,D:\AprPanama2025_fixed\041225_experimental\041225PA_experimental_part04.mp4,1900-01-01 19:23:16.500,1300
71560,959,144,13.5,114.0,179.0,246.5,D:\AprPanama2025_fixed\041225_experimental\041225PA_experimental_part04.mp4,1900-01-01 19:23:16.000,1299
71559,959,145,14.0,111.0,178.0,247.1818181818182,D:\AprPanama2025_fixed\041225_experimental\041225PA_experimental_part04.mp4,1900-01-01 19:23:15.900,1299
71561,959,144,10.0,111.0,176.0,246.16666666666663,D:\AprPanama2025_fixed\041225_experimental\041225PA_experimental_part04.mp4,1900-01-01 19:23:16.100,1299
71562,959,143,10.5,112.0,179.0,246.66666666666663,D:\AprPanama2025_fixed\041225_experimental\041225PA_experimental_part04.mp4,1900-01-01 19:23:16.200,1299
71564,960,142,8.0,111.0,150.0,251.4,D:\AprPanama2025_fixed\041225_experimental\041225PA_experimental_part04.mp4,1900-01-01 19:23:16.400,1300
71563,959,143,9.0,113.0,165.0,251.3125,D:\AprPanama2025_fixed\041225_experimental\041225PA_experimental_part04.mp4,1900-01-01 19:23:16.300,1299
71558,752,128,1.5,120.0,132.0,88.60000000000001,D:\AprPanama2025_fixed\041225_experimental\041225PA_experimental_part04.mp4,1900-01-01 19:23:15.800,1092
71558,958,145,15.5,117.0,179.0,242.0833333333333,D:\AprPanama2025_fixed\041225_experimental\041225PA_experimental_part04.mp4,1900-01-01 19:23:15.800,1298
71568,1188,99,12.5,111.0,179.0,236.42857142857144,D:\AprPanama2025_fixed\041225_experimental\041225PA_experimental_part04.mp4,1900-01-01 19:23:16.800,1528
71568,960,141,2.0,122.0,156.0,245.42857142857144,D:\AprPanama2025_fixed\041225_experimental\041225PA_experimental_part04.mp4,1900-01-01 19:23:16.800,1300
71569,1188,99,12.0,96.0,183.0,229.7,D:\AprPanama2025_fixed\041225_experimental\041225PA_experimental_part04.mp4,1900-01-01 19:23:16.900,1528
71569,1188,99,2.0,96.0,178.0,238.8,D:\AprPanama2025_fixed\041225_experimental\041225PA_experimental_part04.mp4,1900-01-01 19:23:16.900,1528
71571,1188,99,11.0,20.0,177.0,227.27777777777777,D:\AprPanama2025_fixed\041225_experimental\041225PA_experimental_part04.mp4,1900-01-01 19:23:17.100,1528
71571,1188,99,2.0,20.0,177.0,238.2,D:\AprPanama2025_fixed\041225_experimental\041225PA_experimental_part04.mp4,1900-01-01 19:23:17.100,1528
71570,1188,99,11.5,23.0,179.0,227.3684210526316,D:\AprPanama2025_fixed\041225_experimental\041225PA_experimental_part04.mp4,1900-01-01 19:23:17.000,1528
71570,1188,99,2.0,23.0,169.0,243.4,D:\AprPanama2025_fixed\041225_experimental\041225PA_experimental_part04.mp4,1900-01-01 19:23:17.000,1528
71566,1189,98,2.5,127.0,159.0,254.57142857142856,D:\AprPanama2025_fixed\041225_experimental\041225PA_experimental_part04.mp4,1900-01-01 19:23:16.600,1529
71566,960,142,3.5,112.0,173.0,243.77777777777777,D:\AprPanama2025_fixed\041225_experimental\041225PA_experimental_part04.mp4,1900-01-01 19:23:16.600,1300
71567,1189,99,4.5,125.0,179.0,244.1,D:\AprPanama2025_fixed\041225_experimental\041225PA_experimental_part04.mp4,1900-01-01 19:23:16.700,1529
71567,960,141,3.0,130.0,169.0,243.0,D:\AprPanama2025_fixed\041225_experimental\041225PA_experimental_part04.mp4,1900-01-01 19:23:16.700,1300
71573,1187,98,6.5,122.0,179.0,220.85714285714283,D:\AprPanama2025_fixed\041225_experimental\041225PA_experimental_part04.mp4,1900-01-01 19:23:17.300,1527
71572,1189,98,4.0,118.0,165.0,240.0,D:\AprPanama2025_fixed\041225_experimental\041225PA_experimental_part04.mp4,1900-01-01 19:23:17.200,1529
71574,1187,98,3.0,117.0,175.0,225.77777777777777,D:\AprPanama2025_fixed\041225_experimental\041225PA_experimental_part04.mp4,1900-01-01 19:23:17.400,1527
71575,1187,98,3.0,117.0,175.0,225.77777777777777,D:\AprPanama2025_fixed\041225_experimental\041225PA_experimental_part04.mp4,1900-01-01 19:23:17.500,1527
71576,1186,98,1.5,116.0,155.0,223.3333333333333,D:\AprPanama2025_fixed\041225_experimental\041225PA_experimental_part04.mp4,1900-01-01 19:23:17.600,1526
71602,135,65,1.5,119.0,163.0,133.66666666666666,D:\AprPanama2025_fixed\041225_experimental\041225PA_experimental_part04.mp4,1900-01-01 19:23:20.200,475
71605,134,67,1.5,122.0,162.0,175.42857142857142,D:\AprPanama2025_fixed\041225_experimental\041225PA_experimental_part04.mp4,1900-01-01 19:23:20.500,474
71606,134,67,2.0,115.0,170.0,209.7142857142857,D:\AprPanama2025_fixed\041225_experimental\041225PA_experimental_part04.mp4,1900-01-01 19:23:20.600,474
71607,134,67,2.0,137.0,164.0,224.3333333333333,D:\AprPanama2025_fixed\041225_experimental\041225PA_experimental_part04.mp4,1900-01-01 19:23:20.700,474
71611,133,68,2.0,120.0,148.0,112.0,D:\AprPanama2025_fixed\041225_experimental\041225PA_experimental_part04.mp4,1900-01-01 19:23:21.100,473
71624,207,211,7.0,122.0,179.0,234.3333333333333,D:\AprPanama2025_fixed\041225_experimental\041225PA_experimental_part04.mp4,1900-01-01 19:23:22.400,547
71626,207,212,13.5,111.0,249.0,234.3809523809524,D:\AprPanama2025_fixed\041225_experimental\041225PA_experimental_part04.mp4,1900-01-01 19:23:22.600,547
71628,208,213,9.0,119.0,212.0,248.375,D:\AprPanama2025_fixed\041225_experimental\041225PA_experimental_part04.mp4,1900-01-01 19:23:22.800,548
71625,208,212,6.0,118.0,230.0,236.64285714285717,D:\AprPanama2025_fixed\041225_experimental\041225PA_experimental_part04.mp4,1900-01-01 19:23:22.500,548
71623,207,212,5.5,121.0,178.0,234.9090909090909,D:\AprPanama2025_fixed\041225_experimental\041225PA_experimental_part04.mp4,1900-01-01 19:23:22.300,547
71627,207,212,13.5,127.0,179.0,250.2380952380952,D:\AprPanama2025_fixed\041225_experimental\041225PA_experimental_part04.mp4,1900-01-01 19:23:22.700,547
71629,208,213,7.5,123.0,236.0,246.0,D:\AprPanama2025_fixed\041225_experimental\041225PA_experimental_part04.mp4,1900-01-01 19:23:22.900,548
71622,207,211,6.0,115.0,177.0,231.25,D:\AprPanama2025_fixed\041225_experimental\041225PA_experimental_part04.mp4,1900-01-01 19:23:22.200,547
71635,209,214,10.0,114.0,179.0,237.76470588235293,D:\AprPanama2025_fixed\041225_experimental\041225PA_experimental_part04.mp4,1900-01-01 19:23:23.500,549
71631,184,70,2.0,120.0,160.0,133.8,D:\AprPanama2025_fixed\041225_experimental\041225PA_experimental_part04.mp4,1900-01-01 19:23:23.100,524
71631,208,214,10.0,115.0,214.0,238.23529411764704,D:\AprPanama2025_fixed\041225_experimental\041225PA_experimental_part04.mp4,1900-01-01 19:23:23.100,548
71636,183,71,2.0,111.0,133.0,76.83333333333333,D:\AprPanama2025_fixed\041225_experimental\041225PA_experimental_part04.mp4,1900-01-01 19:23:23.600,523
71636,209,215,10.0,118.0,177.0,228.76470588235293,D:\AprPanama2025_fixed\041225_experimental\041225PA_experimental_part04.mp4,1900-01-01 19:23:23.600,549
71633,208,214,10.5,139.0,177.0,232.44444444444443,D:\AprPanama2025_fixed\041225_experimental\041225PA_experimental_part04.mp4,1900-01-01 19:23:23.300,548
71637,183,71,2.0,111.0,133.0,76.83333333333333,D:\AprPanama2025_fixed\041225_experimental\041225PA_experimental_part04.mp4,1900-01-01 19:23:23.700,523
71637,209,215,10.5,124.0,179.0,236.4705882352941,D:\AprPanama2025_fixed\041225_experimental\041225PA_experimental_part04.mp4,1900-01-01 19:23:23.700,549
71632,183,70,1.5,111.0,168.0,235.8,D:\AprPanama2025_fixed\041225_experimental\041225PA_experimental_part04.mp4,1900-01-01 19:23:23.200,523
71632,208,214,10.5,128.0,179.0,230.7222222222222,D:\AprPanama2025_fixed\041225_experimental\041225PA_experimental_part04.mp4,1900-01-01 19:23:23.200,548
71634,209,215,9.0,123.0,176.0,228.375,D:\AprPanama2025_fixed\041225_experimental\041225PA_experimental_part04.mp4,1900-01-01 19:23:23.400,549
71630,208,213,8.5,111.0,179.0,238.8,D:\AprPanama2025_fixed\041225_experimental\041225PA_experimental_part04.mp4,1900-01-01 19:23:23.000,548
71639,210,215,7.5,115.0,179.0,251.5,D:\AprPanama2025_fixed\041225_experimental\041225PA_experimental_part04.mp4,1900-01-01 19:23:23.900,550
71640,215,134,1.5,115.0,141.0,71.0,D:\AprPanama2025_fixed\041225_experimental\041225PA_experimental_part04.mp4,1900-01-01 19:23:24.000,555
71640,210,216,6.5,124.0,179.0,247.0,D:\AprPanama2025_fixed\041225_experimental\041225PA_experimental_part04.mp4,1900-01-01 19:23:24.000,550
71642,182,73,2.0,112.0,141.0,49.83333333333333,D:\AprPanama2025_fixed\041225_experimental\041225PA_experimental_part04.mp4,1900-01-01 19:23:24.200,522
71642,210,216,2.0,144.0,177.0,252.85714285714283,D:\AprPanama2025_fixed\041225_experimental\041225PA_experimental_part04.mp4,1900-01-01 19:23:24.200,550
71645,182,74,1.5,115.0,150.0,38.8,D:\AprPanama2025_fixed\041225_experimental\041225PA_experimental_part04.mp4,1900-01-01 19:23:24.500,522
71645,218,134,3.5,115.0,174.0,189.125,D:\AprPanama2025_fixed\041225_experimental\041225PA_experimental_part04.mp4,1900-01-01 19:23:24.500,558
71645,211,217,2.5,117.0,146.0,199.0,D:\AprPanama2025_fixed\041225_experimental\041225PA_experimental_part04.mp4,1900-01-01 19:23:24.500,551
71644,217,133,3.5,122.0,168.0,216.0,D:\AprPanama2025_fixed\041225_experimental\041225PA_experimental_part04.mp4,1900-01-01 19:23:24.400,557
71644,211,217,4.0,120.0,159.0,208.3333333333333,D:\AprPanama2025_fixed\041225_experimental\041225PA_experimental_part04.mp4,1900-01-01 19:23:24.400,551
71638,210,215,7.5,115.0,179.0,251.5,D:\AprPanama2025_fixed\041225_experimental\041225PA_experimental_part04.mp4,1900-01-01 19:23:23.800,550
71641,216,133,1.5,113.0,167.0,168.4,D:\AprPanama2025_fixed\041225_experimental\041225PA_experimental_part04.mp4,1900-01-01 19:23:24.100,556
71641,210,216,6.0,115.0,177.0,250.16666666666663,D:\AprPanama2025_fixed\041225_experimental\041225PA_experimental_part04.mp4,1900-01-01 19:23:24.100,550
71643,217,133,2.0,132.0,152.0,228.5,D:\AprPanama2025_fixed\041225_experimental\041225PA_experimental_part04.mp4,1900-01-01 19:23:24.300,557
71643,210,217,5.5,111.0,173.0,231.72727272727272,D:\AprPanama2025_fixed\041225_experimental\041225PA_experimental_part04.mp4,1900-01-01 19:23:24.300,550
71651,219,135,2.5,116.0,181.0,188.28571428571428,D:\AprPanama2025_fixed\041225_experimental\041225PA_experimental_part04.mp4,1900-01-01 19:23:25.100,559
71651,212,218,1.5,114.0,159.0,232.2,D:\AprPanama2025_fixed\041225_experimental\041225PA_experimental_part04.mp4,1900-01-01 19:23:25.100,552
71653,220,136,1.5,135.0,181.0,238.4,D:\AprPanama2025_fixed\041225_experimental\041225PA_experimental_part04.mp4,1900-01-01 19:23:25.300,560
71649,219,135,3.0,125.0,153.0,199.0,D:\AprPanama2025_fixed\041225_experimental\041225PA_experimental_part04.mp4,1900-01-01 19:23:24.900,559
71649,212,218,2.0,119.0,171.0,238.0,D:\AprPanama2025_fixed\041225_experimental\041225PA_experimental_part04.mp4,1900-01-01 19:23:24.900,552
71652,220,136,2.0,125.0,169.0,252.16666666666663,D:\AprPanama2025_fixed\041225_experimental\041225PA_experimental_part04.mp4,1900-01-01 19:23:25.200,560
71648,219,135,4.0,123.0,165.0,219.77777777777777,D:\AprPanama2025_fixed\041225_experimental\041225PA_experimental_part04.mp4,1900-01-01 19:23:24.800,559
71648,212,218,1.5,111.0,176.0,233.8333333333333,D:\AprPanama2025_fixed\041225_experimental\041225PA_experimental_part04.mp4,1900-01-01 19:23:24.800,552
71650,219,135,2.5,116.0,181.0,188.28571428571428,D:\AprPanama2025_fixed\041225_experimental\041225PA_experimental_part04.mp4,1900-01-01 19:23:25.000,559
71650,212,218,1.5,114.0,159.0,232.2,D:\AprPanama2025_fixed\041225_experimental\041225PA_experimental_part04.mp4,1900-01-01 19:23:25.000,552
71647,218,134,1.5,149.0,178.0,250.6,D:\AprPanama2025_fixed\041225_experimental\041225PA_experimental_part04.mp4,1900-01-01 19:23:24.700,558
71647,211,217,2.5,114.0,166.0,238.125,D:\AprPanama2025_fixed\041225_experimental\041225PA_experimental_part04.mp4,1900-01-01 19:23:24.700,551
71646,218,134,1.5,144.0,171.0,251.0,D:\AprPanama2025_fixed\041225_experimental\041225PA_experimental_part04.mp4,1900-01-01 19:23:24.600,558
71646,211,217,3.5,113.0,154.0,200.5,D:\AprPanama2025_fixed\041225_experimental\041225PA_experimental_part04.mp4,1900-01-01 19:23:24.600,551
71656,220,138,3.5,126.0,179.0,222.375,D:\AprPanama2025_fixed\041225_experimental\041225PA_experimental_part04.mp4,1900-01-01 19:23:25.600,560
72443,1168,78,16.0,111.0,178.0,252.04166666666663,D:\AprPanama2025_fixed\041225_experimental\041225PA_experimental_part05.mp4,1900-01-01 19:24:44.300,1508
72441,1168,77,2.0,138.0,165.0,255.0,D:\AprPanama2025_fixed\041225_experimental\041225PA_experimental_part05.mp4,1900-01-01 19:24:44.100,1508
72444,1168,79,19.5,114.0,179.0,249.27586206896552,D:\AprPanama2025_fixed\041225_experimental\041225PA_experimental_part05.mp4,1900-01-01 19:24:44.400,1508
72440,1171,78,2.5,131.0,159.0,253.85714285714283,D:\AprPanama2025_fixed\041225_experimental\041225PA_experimental_part05.mp4,1900-01-01 19:24:44.000,1511
72442,1168,78,10.0,129.0,179.0,251.7058823529412,D:\AprPanama2025_fixed\041225_experimental\041225PA_experimental_part05.mp4,1900-01-01 19:24:44.200,1508
72451,1168,79,15.0,115.0,179.0,249.6086956521739,D:\AprPanama2025_fixed\041225_experimental\041225PA_experimental_part05.mp4,1900-01-01 19:24:45.100,1508
72447,1168,79,19.5,122.0,179.0,249.48275862068965,D:\AprPanama2025_fixed\041225_experimental\041225PA_experimental_part05.mp4,1900-01-01 19:24:44.700,1508
72449,1167,79,20.0,118.0,179.0,249.79310344827587,D:\AprPanama2025_fixed\041225_experimental\041225PA_experimental_part05.mp4,1900-01-01 19:24:44.900,1507
72446,1168,78,21.0,113.0,179.0,244.7741935483871,D:\AprPanama2025_fixed\041225_experimental\041225PA_experimental_part05.mp4,1900-01-01 19:24:44.600,1508
72452,1168,79,12.5,125.0,178.0,245.2,D:\AprPanama2025_fixed\041225_experimental\041225PA_experimental_part05.mp4,1900-01-01 19:24:45.200,1508
72452,1185,89,6.0,116.0,168.0,218.41666666666663,D:\AprPanama2025_fixed\041225_experimental\041225PA_experimental_part05.mp4,1900-01-01 19:24:45.200,1525
72448,1168,79,18.5,124.0,179.0,251.66666666666663,D:\AprPanama2025_fixed\041225_experimental\041225PA_experimental_part05.mp4,1900-01-01 19:24:44.800,1508
72450,1168,79,16.5,112.0,179.0,250.88,D:\AprPanama2025_fixed\041225_experimental\041225PA_experimental_part05.mp4,1900-01-01 19:24:45.000,1508
72445,1168,78,17.0,114.0,179.0,248.73076923076923,D:\AprPanama2025_fixed\041225_experimental\041225PA_experimental_part05.mp4,1900-01-01 19:24:44.500,1508
72457,1040,43,17.0,112.0,179.0,243.8,D:\AprPanama2025_fixed\041225_experimental\041225PA_experimental_part05.mp4,1900-01-01 19:24:45.700,1380
72457,1168,79,7.5,111.0,175.0,246.64285714285717,D:\AprPanama2025_fixed\041225_experimental\041225PA_experimental_part05.mp4,1900-01-01 19:24:45.700,1508
72457,1187,92,24.5,125.0,179.0,239.4,D:\AprPanama2025_fixed\041225_experimental\041225PA_experimental_part05.mp4,1900-01-01 19:24:45.700,1527
72458,1040,43,17.0,112.0,179.0,243.8,D:\AprPanama2025_fixed\041225_experimental\041225PA_experimental_part05.mp4,1900-01-01 19:24:45.800,1380
72458,1168,80,4.5,114.0,175.0,251.8,D:\AprPanama2025_fixed\041225_experimental\041225PA_experimental_part05.mp4,1900-01-01 19:24:45.800,1508
72458,1187,92,24.5,117.0,179.0,239.65714285714284,D:\AprPanama2025_fixed\041225_experimental\041225PA_experimental_part05.mp4,1900-01-01 19:24:45.800,1527
72454,1039,43,11.0,124.0,179.0,253.05555555555557,D:\AprPanama2025_fixed\041225_experimental\041225PA_experimental_part05.mp4,1900-01-01 19:24:45.400,1379
72454,1168,79,11.5,122.0,178.0,245.52631578947367,D:\AprPanama2025_fixed\041225_experimental\041225PA_experimental_part05.mp4,1900-01-01 19:24:45.400,1508
72454,1187,91,26.5,115.0,179.0,244.2222222222222,D:\AprPanama2025_fixed\041225_experimental\041225PA_experimental_part05.mp4,1900-01-01 19:24:45.400,1527
72456,1040,43,17.0,112.0,179.0,243.8,D:\AprPanama2025_fixed\041225_experimental\041225PA_experimental_part05.mp4,1900-01-01 19:24:45.600,1380
72456,1169,79,7.0,115.0,179.0,253.23076923076923,D:\AprPanama2025_fixed\041225_experimental\041225PA_experimental_part05.mp4,1900-01-01 19:24:45.600,1509
72456,1187,92,25.5,115.0,179.0,238.5833333333333,D:\AprPanama2025_fixed\041225_experimental\041225PA_experimental_part05.mp4,1900-01-01 19:24:45.600,1527
72459,1040,43,17.0,111.0,179.0,245.56,D:\AprPanama2025_fixed\041225_experimental\041225PA_experimental_part05.mp4,1900-01-01 19:24:45.900,1380
72459,1168,80,4.5,111.0,154.0,251.1,D:\AprPanama2025_fixed\041225_experimental\041225PA_experimental_part05.mp4,1900-01-01 19:24:45.900,1508
72459,1186,92,23.5,117.0,179.0,240.60606060606065,D:\AprPanama2025_fixed\041225_experimental\041225PA_experimental_part05.mp4,1900-01-01 19:24:45.900,1526
72460,1039,43,14.5,132.0,179.0,249.6818181818182,D:\AprPanama2025_fixed\041225_experimental\041225PA_experimental_part05.mp4,1900-01-01 19:24:46.000,1379
72460,1168,79,2.0,112.0,156.0,251.7142857142857,D:\AprPanama2025_fixed\041225_experimental\041225PA_experimental_part05.mp4,1900-01-01 19:24:46.000,1508
72460,1186,92,21.0,116.0,179.0,246.83333333333331,D:\AprPanama2025_fixed\041225_experimental\041225PA_experimental_part05.mp4,1900-01-01 19:24:46.000,1526
72453,1039,42,4.5,118.0,172.0,184.3,D:\AprPanama2025_fixed\041225_experimental\041225PA_experimental_part05.mp4,1900-01-01 19:24:45.300,1379
72453,1168,79,13.5,111.0,178.0,246.19047619047615,D:\AprPanama2025_fixed\041225_experimental\041225PA_experimental_part05.mp4,1900-01-01 19:24:45.300,1508
72453,1186,90,13.0,120.0,179.0,241.1,D:\AprPanama2025_fixed\041225_experimental\041225PA_experimental_part05.mp4,1900-01-01 19:24:45.300,1526
72455,1039,43,12.5,129.0,179.0,249.85,D:\AprPanama2025_fixed\041225_experimental\041225PA_experimental_part05.mp4,1900-01-01 19:24:45.500,1379
72455,1168,79,9.5,111.0,178.0,248.94117647058823,D:\AprPanama2025_fixed\041225_experimental\041225PA_experimental_part05.mp4,1900-01-01 19:24:45.500,1508
72455,1187,91,26.0,117.0,179.0,248.27777777777777,D:\AprPanama2025_fixed\041225_experimental\041225PA_experimental_part05.mp4,1900-01-01 19:24:45.500,1527
72464,1129,43,7.0,122.0,178.0,244.92307692307693,D:\AprPanama2025_fixed\041225_experimental\041225PA_experimental_part05.mp4,1900-01-01 19:24:46.400,1469
72464,1039,43,15.0,113.0,179.0,248.5217391304348,D:\AprPanama2025_fixed\041225_experimental\041225PA_experimental_part05.mp4,1900-01-01 19:24:46.400,1379
72464,1186,92,19.0,115.0,179.0,244.29629629629628,D:\AprPanama2025_fixed\041225_experimental\041225PA_experimental_part05.mp4,1900-01-01 19:24:46.400,1526
72466,1148,37,5.0,122.0,176.0,238.6,D:\AprPanama2025_fixed\041225_experimental\041225PA_experimental_part05.mp4,1900-01-01 19:24:46.600,1488
72466,1043,38,13.5,121.0,177.0,242.3181818181818,D:\AprPanama2025_fixed\041225_experimental\041225PA_experimental_part05.mp4,1900-01-01 19:24:46.600,1383
72466,1130,44,24.0,114.0,179.0,238.6764705882353,D:\AprPanama2025_fixed\041225_experimental\041225PA_experimental_part05.mp4,1900-01-01 19:24:46.600,1470
72466,1039,43,12.5,114.0,179.0,240.14285714285717,D:\AprPanama2025_fixed\041225_experimental\041225PA_experimental_part05.mp4,1900-01-01 19:24:46.600,1379
72466,1184,68,2.5,112.0,178.0,245.7142857142857,D:\AprPanama2025_fixed\041225_experimental\041225PA_experimental_part05.mp4,1900-01-01 19:24:46.600,1524
72466,1186,92,17.0,111.0,179.0,240.6,D:\AprPanama2025_fixed\041225_experimental\041225PA_experimental_part05.mp4,1900-01-01 19:24:46.600,1526
72461,1039,43,14.5,128.0,179.0,249.95454545454547,D:\AprPanama2025_fixed\041225_experimental\041225PA_experimental_part05.mp4,1900-01-01 19:24:46.100,1379
72461,1169,80,2.0,117.0,152.0,254.5,D:\AprPanama2025_fixed\041225_experimental\041225PA_experimental_part05.mp4,1900-01-01 19:24:46.100,1509
72461,1186,92,21.0,119.0,179.0,248.6,D:\AprPanama2025_fixed\041225_experimental\041225PA_experimental_part05.mp4,1900-01-01 19:24:46.100,1526
72465,1148,36,2.0,137.0,170.0,252.0,D:\AprPanama2025_fixed\041225_experimental\041225PA_experimental_part05.mp4,1900-01-01 19:24:46.500,1488
72465,1039,43,12.5,117.0,179.0,248.4736842105263,D:\AprPanama2025_fixed\041225_experimental\041225PA_experimental_part05.mp4,1900-01-01 19:24:46.500,1379
72465,1130,44,17.5,119.0,178.0,232.5,D:\AprPanama2025_fixed\041225_experimental\041225PA_experimental_part05.mp4,1900-01-01 19:24:46.500,1470
72465,1186,91,15.0,120.0,179.0,246.43478260869568,D:\AprPanama2025_fixed\041225_experimental\041225PA_experimental_part05.mp4,1900-01-01 19:24:46.500,1526
72462,1039,43,14.5,124.0,179.0,249.9090909090909,D:\AprPanama2025_fixed\041225_experimental\041225PA_experimental_part05.mp4,1900-01-01 19:24:46.200,1379
72462,1186,92,20.5,127.0,179.0,248.3793103448276,D:\AprPanama2025_fixed\041225_experimental\041225PA_experimental_part05.mp4,1900-01-01 19:24:46.200,1526
72468,1148,37,10.0,126.0,176.0,227.4705882352941,D:\AprPanama2025_fixed\041225_experimental\041225PA_experimental_part05.mp4,1900-01-01 19:24:46.800,1488
72468,1044,37,24.5,116.0,179.0,243.05882352941177,D:\AprPanama2025_fixed\041225_experimental\041225PA_experimental_part05.mp4,1900-01-01 19:24:46.800,1384
72468,1038,43,9.0,147.0,179.0,227.5,D:\AprPanama2025_fixed\041225_experimental\041225PA_experimental_part05.mp4,1900-01-01 19:24:46.800,1378
72468,1130,44,27.5,113.0,179.0,238.07894736842104,D:\AprPanama2025_fixed\041225_experimental\041225PA_experimental_part05.mp4,1900-01-01 19:24:46.800,1470
72468,1184,70,20.0,133.0,179.0,249.9310344827586,D:\AprPanama2025_fixed\041225_experimental\041225PA_experimental_part05.mp4,1900-01-01 19:24:46.800,1524
72468,1186,92,9.5,111.0,176.0,246.4705882352941,D:\AprPanama2025_fixed\041225_experimental\041225PA_experimental_part05.mp4,1900-01-01 19:24:46.800,1526
72467,1149,37,9.5,111.0,179.0,237.625,D:\AprPanama2025_fixed\041225_experimental\041225PA_experimental_part05.mp4,1900-01-01 19:24:46.700,1489
72467,1044,38,19.5,112.0,179.0,245.0344827586207,D:\AprPanama2025_fixed\041225_experimental\041225PA_experimental_part05.mp4,1900-01-01 19:24:46.700,1384
72467,1039,43,9.5,129.0,179.0,246.875,D:\AprPanama2025_fixed\041225_experimental\041225PA_experimental_part05.mp4,1900-01-01 19:24:46.700,1379
72467,1130,44,26.0,112.0,179.0,240.27777777777777,D:\AprPanama2025_fixed\041225_experimental\041225PA_experimental_part05.mp4,1900-01-01 19:24:46.700,1470
72467,1184,69,14.5,113.0,179.0,238.5,D:\AprPanama2025_fixed\041225_experimental\041225PA_experimental_part05.mp4,1900-01-01 19:24:46.700,1524
72467,1186,92,10.5,127.0,179.0,249.6111111111111,D:\AprPanama2025_fixed\041225_experimental\041225PA_experimental_part05.mp4,1900-01-01 19:24:46.700,1526
72463,1039,43,14.5,128.0,179.0,244.72727272727275,D:\AprPanama2025_fixed\041225_experimental\041225PA_experimental_part05.mp4,1900-01-01 19:24:46.300,1379
72463,1186,92,19.0,111.0,179.0,248.82142857142856,D:\AprPanama2025_fixed\041225_experimental\041225PA_experimental_part05.mp4,1900-01-01 19:24:46.300,1526
72472,1148,37,7.0,117.0,173.0,243.6923076923077,D:\AprPanama2025_fixed\041225_experimental\041225PA_experimental_part05.mp4,1900-01-01 19:24:47.200,1488
72472,1043,37,25.0,111.0,179.0,244.22857142857143,D:\AprPanama2025_fixed\041225_experimental\041225PA_experimental_part05.mp4,1900-01-01 19:24:47.200,1383
72472,1038,43,7.0,113.0,179.0,224.85714285714283,D:\AprPanama2025_fixed\041225_experimental\041225PA_experimental_part05.mp4,1900-01-01 19:24:47.200,1378
72472,1130,44,23.5,114.0,178.0,237.33333333333331,D:\AprPanama2025_fixed\041225_experimental\041225PA_experimental_part05.mp4,1900-01-01 19:24:47.200,1470
72472,1184,70,20.0,123.0,178.0,249.86206896551724,D:\AprPanama2025_fixed\041225_experimental\041225PA_experimental_part05.mp4,1900-01-01 19:24:47.200,1524
72476,1043,36,17.0,114.0,179.0,243.03846153846155,D:\AprPanama2025_fixed\041225_experimental\041225PA_experimental_part05.mp4,1900-01-01 19:24:47.600,1383
72476,1038,43,2.5,124.0,165.0,185.25,D:\AprPanama2025_fixed\041225_experimental\041225PA_experimental_part05.mp4,1900-01-01 19:24:47.600,1378
72476,1130,43,14.0,118.0,177.0,229.6818181818182,D:\AprPanama2025_fixed\041225_experimental\041225PA_experimental_part05.mp4,1900-01-01 19:24:47.600,1470
72476,1184,70,14.0,111.0,173.0,246.2173913043478,D:\AprPanama2025_fixed\041225_experimental\041225PA_experimental_part05.mp4,1900-01-01 19:24:47.600,1524
72471,1148,37,7.5,121.0,174.0,249.14285714285717,D:\AprPanama2025_fixed\041225_experimental\041225PA_experimental_part05.mp4,1900-01-01 19:24:47.100,1488
72471,1043,37,24.0,115.0,178.0,249.02941176470588,D:\AprPanama2025_fixed\041225_experimental\041225PA_experimental_part05.mp4,1900-01-01 19:24:47.100,1383
72471,1038,43,7.5,115.0,178.0,201.85714285714283,D:\AprPanama2025_fixed\041225_experimental\041225PA_experimental_part05.mp4,1900-01-01 19:24:47.100,1378
72471,1130,44,25.0,111.0,179.0,240.97142857142856,D:\AprPanama2025_fixed\041225_experimental\041225PA_experimental_part05.mp4,1900-01-01 19:24:47.100,1470
72471,1184,70,20.0,127.0,179.0,251.3793103448276,D:\AprPanama2025_fixed\041225_experimental\041225PA_experimental_part05.mp4,1900-01-01 19:24:47.100,1524
72471,1185,91,6.0,115.0,171.0,249.0769230769231,D:\AprPanama2025_fixed\041225_experimental\041225PA_experimental_part05.mp4,1900-01-01 19:24:47.100,1525
72475,1147,37,1.5,112.0,177.0,250.16666666666663,D:\AprPanama2025_fixed\041225_experimental\041225PA_experimental_part05.mp4,1900-01-01 19:24:47.500,1487
72475,1043,37,19.0,112.0,178.0,242.44827586206893,D:\AprPanama2025_fixed\041225_experimental\041225PA_experimental_part05.mp4,1900-01-01 19:24:47.500,1383
72475,1038,43,4.5,114.0,170.0,155.4,D:\AprPanama2025_fixed\041225_experimental\041225PA_experimental_part05.mp4,1900-01-01 19:24:47.500,1378
72475,1130,43,16.0,112.0,178.0,241.56,D:\AprPanama2025_fixed\041225_experimental\041225PA_experimental_part05.mp4,1900-01-01 19:24:47.500,1470
72475,1184,70,15.5,116.0,179.0,243.29166666666663,D:\AprPanama2025_fixed\041225_experimental\041225PA_experimental_part05.mp4,1900-01-01 19:24:47.500,1524
72470,1148,37,9.5,118.0,176.0,238.9375,D:\AprPanama2025_fixed\041225_experimental\041225PA_experimental_part05.mp4,1900-01-01 19:24:47.000,1488
72470,1043,37,25.5,111.0,179.0,243.0,D:\AprPanama2025_fixed\041225_experimental\041225PA_experimental_part05.mp4,1900-01-01 19:24:47.000,1383
72470,1038,43,10.0,115.0,179.0,220.8235294117647,D:\AprPanama2025_fixed\041225_experimental\041225PA_experimental_part05.mp4,1900-01-01 19:24:47.000,1378
72470,1130,44,27.0,119.0,179.0,236.1891891891892,D:\AprPanama2025_fixed\041225_experimental\041225PA_experimental_part05.mp4,1900-01-01 19:24:47.000,1470
72470,1184,70,22.0,115.0,179.0,252.5625,D:\AprPanama2025_fixed\041225_experimental\041225PA_experimental_part05.mp4,1900-01-01 19:24:47.000,1524
72470,1186,91,6.5,116.0,162.0,246.7142857142857,D:\AprPanama2025_fixed\041225_experimental\041225PA_experimental_part05.mp4,1900-01-01 19:24:47.000,1526
72469,1148,37,10.0,122.0,174.0,240.2941176470588,D:\AprPanama2025_fixed\041225_experimental\041225PA_experimental_part05.mp4,1900-01-01 19:24:46.900,1488
72469,1044,38,24.0,114.0,179.0,248.26470588235293,D:\AprPanama2025_fixed\041225_experimental\041225PA_experimental_part05.mp4,1900-01-01 19:24:46.900,1384
72469,1038,43,10.0,115.0,179.0,218.05882352941177,D:\AprPanama2025_fixed\041225_experimental\041225PA_experimental_part05.mp4,1900-01-01 19:24:46.900,1378
72469,1130,44,27.0,121.0,179.0,239.10810810810813,D:\AprPanama2025_fixed\041225_experimental\041225PA_experimental_part05.mp4,1900-01-01 19:24:46.900,1470
72469,1184,70,20.0,129.0,179.0,250.3448275862069,D:\AprPanama2025_fixed\041225_experimental\041225PA_experimental_part05.mp4,1900-01-01 19:24:46.900,1524
72469,1186,92,9.5,111.0,179.0,252.1875,D:\AprPanama2025_fixed\041225_experimental\041225PA_experimental_part05.mp4,1900-01-01 19:24:46.900,1526
72473,1148,37,5.5,116.0,173.0,249.9090909090909,D:\AprPanama2025_fixed\041225_experimental\041225PA_experimental_part05.mp4,1900-01-01 19:24:47.300,1488
72473,1043,37,22.0,117.0,179.0,251.71875,D:\AprPanama2025_fixed\041225_experimental\041225PA_experimental_part05.mp4,1900-01-01 19:24:47.300,1383
72473,1038,43,4.5,126.0,177.0,202.9,D:\AprPanama2025_fixed\041225_experimental\041225PA_experimental_part05.mp4,1900-01-01 19:24:47.300,1378
72473,1130,44,22.5,115.0,179.0,238.3125,D:\AprPanama2025_fixed\041225_experimental\041225PA_experimental_part05.mp4,1900-01-01 19:24:47.300,1470
72473,1184,70,21.5,111.0,179.0,248.13333333333333,D:\AprPanama2025_fixed\041225_experimental\041225PA_experimental_part05.mp4,1900-01-01 19:24:47.300,1524
72473,1186,91,3.0,113.0,142.0,237.42857142857144,D:\AprPanama2025_fixed\041225_experimental\041225PA_experimental_part05.mp4,1900-01-01 19:24:47.300,1526
72474,1148,37,4.0,114.0,177.0,247.66666666666663,D:\AprPanama2025_fixed\041225_experimental\041225PA_experimental_part05.mp4,1900-01-01 19:24:47.400,1488
72474,1043,37,17.0,111.0,179.0,252.5185185185185,D:\AprPanama2025_fixed\041225_experimental\041225PA_experimental_part05.mp4,1900-01-01 19:24:47.400,1383
72474,1038,43,4.5,111.0,173.0,179.70000000000002,D:\AprPanama2025_fixed\041225_experimental\041225PA_experimental_part05.mp4,1900-01-01 19:24:47.400,1378
72474,1130,44,17.0,112.0,179.0,246.96153846153848,D:\AprPanama2025_fixed\041225_experimental\041225PA_experimental_part05.mp4,1900-01-01 19:24:47.400,1470
72474,1184,70,17.0,120.0,178.0,244.11538461538464,D:\AprPanama2025_fixed\041225_experimental\041225PA_experimental_part05.mp4,1900-01-01 19:24:47.400,1524
72478,1043,37,12.5,116.0,176.0,241.09523809523807,D:\AprPanama2025_fixed\041225_experimental\041225PA_experimental_part05.mp4,1900-01-01 19:24:47.800,1383
72478,1130,43,8.0,113.0,163.0,242.7333333333333,D:\AprPanama2025_fixed\041225_experimental\041225PA_experimental_part05.mp4,1900-01-01 19:24:47.800,1470
72478,1039,43,1.5,111.0,144.0,149.0,D:\AprPanama2025_fixed\041225_experimental\041225PA_experimental_part05.mp4,1900-01-01 19:24:47.800,1379
72478,1184,70,5.5,113.0,166.0,246.16666666666663,D:\AprPanama2025_fixed\041225_experimental\041225PA_experimental_part05.mp4,1900-01-01 19:24:47.800,1524
72481,1131,20,3.5,117.0,155.0,244.55555555555557,D:\AprPanama2025_fixed\041225_experimental\041225PA_experimental_part05.mp4,1900-01-01 19:24:48.100,1471
72481,1042,36,2.0,113.0,147.0,243.5,D:\AprPanama2025_fixed\041225_experimental\041225PA_experimental_part05.mp4,1900-01-01 19:24:48.100,1382
72481,1129,43,3.5,119.0,154.0,255.0,D:\AprPanama2025_fixed\041225_experimental\041225PA_experimental_part05.mp4,1900-01-01 19:24:48.100,1469
72480,1042,37,5.5,111.0,169.0,253.0833333333333,D:\AprPanama2025_fixed\041225_experimental\041225PA_experimental_part05.mp4,1900-01-01 19:24:48.000,1382
72480,1129,43,6.5,111.0,169.0,243.75,D:\AprPanama2025_fixed\041225_experimental\041225PA_experimental_part05.mp4,1900-01-01 19:24:48.000,1469
72479,1042,37,7.0,124.0,168.0,249.0,D:\AprPanama2025_fixed\041225_experimental\041225PA_experimental_part05.mp4,1900-01-01 19:24:47.900,1382
72479,1129,44,6.0,114.0,178.0,243.8333333333333,D:\AprPanama2025_fixed\041225_experimental\041225PA_experimental_part05.mp4,1900-01-01 19:24:47.900,1469
72479,1038,43,4.5,113.0,176.0,205.4,D:\AprPanama2025_fixed\041225_experimental\041225PA_experimental_part05.mp4,1900-01-01 19:24:47.900,1378
72479,1185,70,2.5,119.0,175.0,244.85714285714283,D:\AprPanama2025_fixed\041225_experimental\041225PA_experimental_part05.mp4,1900-01-01 19:24:47.900,1525
72482,1131,20,2.5,113.0,171.0,240.25,D:\AprPanama2025_fixed\041225_experimental\041225PA_experimental_part05.mp4,1900-01-01 19:24:48.200,1471
72482,1130,43,3.0,115.0,154.0,254.85714285714283,D:\AprPanama2025_fixed\041225_experimental\041225PA_experimental_part05.mp4,1900-01-01 19:24:48.200,1470
72477,1043,37,14.0,109.0,178.0,242.3913043478261,D:\AprPanama2025_fixed\041225_experimental\041225PA_experimental_part05.mp4,1900-01-01 19:24:47.700,1383
72477,1044,34,2.0,109.0,128.0,228.8,D:\AprPanama2025_fixed\041225_experimental\041225PA_experimental_part05.mp4,1900-01-01 19:24:47.700,1384
72477,1130,43,12.5,119.0,177.0,232.0,D:\AprPanama2025_fixed\041225_experimental\041225PA_experimental_part05.mp4,1900-01-01 19:24:47.700,1470
72477,1038,43,4.0,114.0,169.0,247.3,D:\AprPanama2025_fixed\041225_experimental\041225PA_experimental_part05.mp4,1900-01-01 19:24:47.700,1378
72477,1184,70,11.0,111.0,179.0,252.44444444444443,D:\AprPanama2025_fixed\041225_experimental\041225PA_experimental_part05.mp4,1900-01-01 19:24:47.700,1524
72483,1131,20,3.5,133.0,171.0,241.1111111111111,D:\AprPanama2025_fixed\041225_experimental\041225PA_experimental_part05.mp4,1900-01-01 19:24:48.300,1471
72483,1130,44,1.5,114.0,152.0,249.8333333333333,D:\AprPanama2025_fixed\041225_experimental\041225PA_experimental_part05.mp4,1900-01-01 19:24:48.300,1470
72492,1131,19,6.5,121.0,176.0,240.91666666666663,D:\AprPanama2025_fixed\041225_experimental\041225PA_experimental_part05.mp4,1900-01-01 19:24:49.200,1471
72487,1148,74,2.5,112.0,155.0,251.42857142857144,D:\AprPanama2025_fixed\041225_experimental\041225PA_experimental_part05.mp4,1900-01-01 19:24:48.700,1488
72488,1131,19,5.5,146.0,173.0,254.0,D:\AprPanama2025_fixed\041225_experimental\041225PA_experimental_part05.mp4,1900-01-01 19:24:48.800,1471
72488,1149,74,5.0,114.0,165.0,250.2,D:\AprPanama2025_fixed\041225_experimental\041225PA_experimental_part05.mp4,1900-01-01 19:24:48.800,1489
72490,1131,19,8.5,113.0,177.0,230.86666666666667,D:\AprPanama2025_fixed\041225_experimental\041225PA_experimental_part05.mp4,1900-01-01 19:24:49.000,1471
72490,1148,74,1.5,123.0,158.0,251.6,D:\AprPanama2025_fixed\041225_experimental\041225PA_experimental_part05.mp4,1900-01-01 19:24:49.000,1488
72489,1131,19,6.0,118.0,173.0,245.25,D:\AprPanama2025_fixed\041225_experimental\041225PA_experimental_part05.mp4,1900-01-01 19:24:48.900,1471
72489,1149,74,5.0,114.0,165.0,250.2,D:\AprPanama2025_fixed\041225_experimental\041225PA_experimental_part05.mp4,1900-01-01 19:24:48.900,1489
72491,1131,19,9.5,114.0,179.0,233.875,D:\AprPanama2025_fixed\041225_experimental\041225PA_experimental_part05.mp4,1900-01-01 19:24:49.100,1471
72494,1131,19,9.5,124.0,179.0,244.375,D:\AprPanama2025_fixed\041225_experimental\041225PA_experimental_part05.mp4,1900-01-01 19:24:49.400,1471
72495,1131,19,10.0,112.0,179.0,243.9375,D:\AprPanama2025_fixed\041225_experimental\041225PA_experimental_part05.mp4,1900-01-01 19:24:49.500,1471
72496,1132,19,5.5,128.0,168.0,253.45454545454547,D:\AprPanama2025_fixed\041225_experimental\041225PA_experimental_part05.mp4,1900-01-01 19:24:49.600,1472
72497,1131,19,4.0,117.0,168.0,248.66666666666663,D:\AprPanama2025_fixed\041225_experimental\041225PA_experimental_part05.mp4,1900-01-01 19:24:49.700,1471
72493,1131,19,11.0,118.0,176.0,238.16666666666663,D:\AprPanama2025_fixed\041225_experimental\041225PA_experimental_part05.mp4,1900-01-01 19:24:49.300,1471
72530,227,43,5.5,115.0,178.0,218.9090909090909,D:\AprPanama2025_fixed\041225_experimental\041225PA_experimental_part05.mp4,1900-01-01 19:24:53.000,567
72531,227,43,5.5,115.0,178.0,218.9090909090909,D:\AprPanama2025_fixed\041225_experimental\041225PA_experimental_part05.mp4,1900-01-01 19:24:53.100,567
72528,227,44,3.0,116.0,173.0,215.125,D:\AprPanama2025_fixed\041225_experimental\041225PA_experimental_part05.mp4,1900-01-01 19:24:52.800,567
72527,227,44,2.5,119.0,150.0,90.57142857142856,D:\AprPanama2025_fixed\041225_experimental\041225PA_experimental_part05.mp4,1900-01-01 19:24:52.700,567
72529,227,44,4.0,134.0,171.0,224.2222222222222,D:\AprPanama2025_fixed\041225_experimental\041225PA_experimental_part05.mp4,1900-01-01 19:24:52.900,567
72532,228,44,3.0,128.0,178.0,200.7142857142857,D:\AprPanama2025_fixed\041225_experimental\041225PA_experimental_part05.mp4,1900-01-01 19:24:53.200,568
72532,282,139,6.5,124.0,179.0,238.6923076923077,D:\AprPanama2025_fixed\041225_experimental\041225PA_experimental_part05.mp4,1900-01-01 19:24:53.200,622
72535,228,44,3.0,128.0,173.0,209.42857142857144,D:\AprPanama2025_fixed\041225_experimental\041225PA_experimental_part05.mp4,1900-01-01 19:24:53.500,568
72535,281,139,7.5,112.0,177.0,232.64285714285717,D:\AprPanama2025_fixed\041225_experimental\041225PA_experimental_part05.mp4,1900-01-01 19:24:53.500,621
72538,229,43,5.0,115.0,175.0,178.20000000000002,D:\AprPanama2025_fixed\041225_experimental\041225PA_experimental_part05.mp4,1900-01-01 19:24:53.800,569
72538,280,139,7.5,111.0,172.0,241.2142857142857,D:\AprPanama2025_fixed\041225_experimental\041225PA_experimental_part05.mp4,1900-01-01 19:24:53.800,620
72537,229,43,4.0,117.0,168.0,195.66666666666663,D:\AprPanama2025_fixed\041225_experimental\041225PA_experimental_part05.mp4,1900-01-01 19:24:53.700,569
72537,281,138,7.0,114.0,177.0,234.0,D:\AprPanama2025_fixed\041225_experimental\041225PA_experimental_part05.mp4,1900-01-01 19:24:53.700,621
72534,228,44,3.0,128.0,173.0,209.42857142857144,D:\AprPanama2025_fixed\041225_experimental\041225PA_experimental_part05.mp4,1900-01-01 19:24:53.400,568
72534,281,139,7.5,112.0,177.0,233.85714285714283,D:\AprPanama2025_fixed\041225_experimental\041225PA_experimental_part05.mp4,1900-01-01 19:24:53.400,621
72533,228,44,3.0,128.0,178.0,200.7142857142857,D:\AprPanama2025_fixed\041225_experimental\041225PA_experimental_part05.mp4,1900-01-01 19:24:53.300,568
72533,282,139,6.5,116.0,176.0,242.53846153846155,D:\AprPanama2025_fixed\041225_experimental\041225PA_experimental_part05.mp4,1900-01-01 19:24:53.300,622
72536,229,44,5.0,111.0,172.0,226.7,D:\AprPanama2025_fixed\041225_experimental\041225PA_experimental_part05.mp4,1900-01-01 19:24:53.600,569
72536,281,138,7.0,114.0,177.0,234.0,D:\AprPanama2025_fixed\041225_experimental\041225PA_experimental_part05.mp4,1900-01-01 19:24:53.600,621
72540,229,44,4.5,122.0,154.0,123.44444444444444,D:\AprPanama2025_fixed\041225_experimental\041225PA_experimental_part05.mp4,1900-01-01 19:24:54.000,569
72540,280,139,2.5,132.0,176.0,251.5,D:\AprPanama2025_fixed\041225_experimental\041225PA_experimental_part05.mp4,1900-01-01 19:24:54.000,620
72539,229,43,2.5,112.0,158.0,132.42857142857142,D:\AprPanama2025_fixed\041225_experimental\041225PA_experimental_part05.mp4,1900-01-01 19:24:53.900,569
72539,280,138,4.0,134.0,179.0,252.1,D:\AprPanama2025_fixed\041225_experimental\041225PA_experimental_part05.mp4,1900-01-01 19:24:53.900,620
72547,51,123,10.0,112.0,179.0,238.8823529411765,D:\AprPanama2025_fixed\041225_experimental\041225PA_experimental_part05.mp4,1900-01-01 19:24:54.700,391
72545,51,121,9.0,120.0,223.0,220.25,D:\AprPanama2025_fixed\041225_experimental\041225PA_experimental_part05.mp4,1900-01-01 19:24:54.500,391
72545,279,138,2.5,135.0,174.0,165.7142857142857,D:\AprPanama2025_fixed\041225_experimental\041225PA_experimental_part05.mp4,1900-01-01 19:24:54.500,619
72546,52,123,6.5,120.0,248.0,230.64285714285717,D:\AprPanama2025_fixed\041225_experimental\041225PA_experimental_part05.mp4,1900-01-01 19:24:54.600,392
72546,279,137,2.0,132.0,162.0,192.66666666666663,D:\AprPanama2025_fixed\041225_experimental\041225PA_experimental_part05.mp4,1900-01-01 19:24:54.600,619
72548,51,123,9.5,121.0,221.0,234.9375,D:\AprPanama2025_fixed\041225_experimental\041225PA_experimental_part05.mp4,1900-01-01 19:24:54.800,391
72544,51,121,8.5,111.0,254.0,223.46666666666667,D:\AprPanama2025_fixed\041225_experimental\041225PA_experimental_part05.mp4,1900-01-01 19:24:54.400,391
72544,279,138,2.5,135.0,174.0,165.7142857142857,D:\AprPanama2025_fixed\041225_experimental\041225PA_experimental_part05.mp4,1900-01-01 19:24:54.400,619
72541,229,44,3.5,114.0,149.0,112.5,D:\AprPanama2025_fixed\041225_experimental\041225PA_experimental_part05.mp4,1900-01-01 19:24:54.100,569
72541,280,139,2.5,132.0,176.0,251.5,D:\AprPanama2025_fixed\041225_experimental\041225PA_experimental_part05.mp4,1900-01-01 19:24:54.100,620
72549,231,44,2.0,119.0,157.0,83.66666666666666,D:\AprPanama2025_fixed\041225_experimental\041225PA_experimental_part05.mp4,1900-01-01 19:24:54.900,571
72549,52,123,5.0,120.0,179.0,220.0,D:\AprPanama2025_fixed\041225_experimental\041225PA_experimental_part05.mp4,1900-01-01 19:24:54.900,392
72555,51,126,7.0,121.0,175.0,239.0769230769231,D:\AprPanama2025_fixed\041225_experimental\041225PA_experimental_part05.mp4,1900-01-01 19:24:55.500,391
72552,51,125,9.0,112.0,174.0,232.2,D:\AprPanama2025_fixed\041225_experimental\041225PA_experimental_part05.mp4,1900-01-01 19:24:55.200,391
72554,51,126,6.5,133.0,173.0,249.41666666666663,D:\AprPanama2025_fixed\041225_experimental\041225PA_experimental_part05.mp4,1900-01-01 19:24:55.400,391
72550,51,125,6.0,133.0,173.0,231.23076923076923,D:\AprPanama2025_fixed\041225_experimental\041225PA_experimental_part05.mp4,1900-01-01 19:24:55.000,391
72551,231,44,1.5,128.0,134.0,92.2,D:\AprPanama2025_fixed\041225_experimental\041225PA_experimental_part05.mp4,1900-01-01 19:24:55.100,571
72551,51,125,8.0,123.0,174.0,230.06666666666663,D:\AprPanama2025_fixed\041225_experimental\041225PA_experimental_part05.mp4,1900-01-01 19:24:55.100,391
72556,50,127,7.0,124.0,179.0,232.92307692307693,D:\AprPanama2025_fixed\041225_experimental\041225PA_experimental_part05.mp4,1900-01-01 19:24:55.600,390
72553,51,125,8.5,121.0,166.0,240.06666666666663,D:\AprPanama2025_fixed\041225_experimental\041225PA_experimental_part05.mp4,1900-01-01 19:24:55.300,391
72559,232,44,1.5,113.0,145.0,3.0,D:\AprPanama2025_fixed\041225_experimental\041225PA_experimental_part05.mp4,1900-01-01 19:24:55.900,572
72559,50,127,6.0,117.0,179.0,227.5833333333333,D:\AprPanama2025_fixed\041225_experimental\041225PA_experimental_part05.mp4,1900-01-01 19:24:55.900,390
72562,50,128,4.0,113.0,178.0,230.0,D:\AprPanama2025_fixed\041225_experimental\041225PA_experimental_part05.mp4,1900-01-01 19:24:56.200,390
72563,50,128,4.0,113.0,178.0,230.0,D:\AprPanama2025_fixed\041225_experimental\041225PA_experimental_part05.mp4,1900-01-01 19:24:56.300,390
72560,233,44,1.5,119.0,147.0,28.6,D:\AprPanama2025_fixed\041225_experimental\041225PA_experimental_part05.mp4,1900-01-01 19:24:56.000,573
72560,50,128,7.0,112.0,178.0,241.84615384615387,D:\AprPanama2025_fixed\041225_experimental\041225PA_experimental_part05.mp4,1900-01-01 19:24:56.000,390
72561,233,44,1.5,119.0,147.0,28.6,D:\AprPanama2025_fixed\041225_experimental\041225PA_experimental_part05.mp4,1900-01-01 19:24:56.100,573
72561,50,128,7.0,112.0,178.0,241.84615384615387,D:\AprPanama2025_fixed\041225_experimental\041225PA_experimental_part05.mp4,1900-01-01 19:24:56.100,390
72557,51,127,6.5,127.0,175.0,202.92307692307693,D:\AprPanama2025_fixed\041225_experimental\041225PA_experimental_part05.mp4,1900-01-01 19:24:55.700,391
72564,50,128,2.5,126.0,178.0,246.125,D:\AprPanama2025_fixed\041225_experimental\041225PA_experimental_part05.mp4,1900-01-01 19:24:56.400,390
72558,50,127,8.0,120.0,174.0,212.26666666666665,D:\AprPanama2025_fixed\041225_experimental\041225PA_experimental_part05.mp4,1900-01-01 19:24:55.800,390
72572,48,129,2.5,126.0,171.0,230.85714285714283,D:\AprPanama2025_fixed\041225_experimental\041225PA_experimental_part05.mp4,1900-01-01 19:24:57.200,388
72570,48,129,3.0,114.0,171.0,226.125,D:\AprPanama2025_fixed\041225_experimental\041225PA_experimental_part05.mp4,1900-01-01 19:24:57.000,388
72567,49,129,4.5,113.0,155.0,227.7,D:\AprPanama2025_fixed\041225_experimental\041225PA_experimental_part05.mp4,1900-01-01 19:24:56.700,389
72566,49,129,4.5,113.0,155.0,227.7,D:\AprPanama2025_fixed\041225_experimental\041225PA_experimental_part05.mp4,1900-01-01 19:24:56.600,389
72569,48,129,4.0,121.0,171.0,208.1111111111111,D:\AprPanama2025_fixed\041225_experimental\041225PA_experimental_part05.mp4,1900-01-01 19:24:56.900,388
72565,50,128,2.5,115.0,171.0,226.75,D:\AprPanama2025_fixed\041225_experimental\041225PA_experimental_part05.mp4,1900-01-01 19:24:56.500,390
72568,48,130,1.5,119.0,150.0,185.66666666666663,D:\AprPanama2025_fixed\041225_experimental\041225PA_experimental_part05.mp4,1900-01-01 19:24:56.800,388
72574,48,129,1.5,122.0,165.0,172.4,D:\AprPanama2025_fixed\041225_experimental\041225PA_experimental_part05.mp4,1900-01-01 19:24:57.400,388
72573,48,129,1.5,142.0,166.0,175.8,D:\AprPanama2025_fixed\041225_experimental\041225PA_experimental_part05.mp4,1900-01-01 19:24:57.300,388
72809,159,45,7.5,118.0,173.0,206.28571428571428,D:\AprPanama2025_fixed\041225_experimental\041225PA_experimental_part05.mp4,1900-01-01 19:25:20.900,499
72811,159,45,3.5,128.0,177.0,242.5,D:\AprPanama2025_fixed\041225_experimental\041225PA_experimental_part05.mp4,1900-01-01 19:25:21.100,499
72810,159,45,6.5,115.0,178.0,238.5833333333333,D:\AprPanama2025_fixed\041225_experimental\041225PA_experimental_part05.mp4,1900-01-01 19:25:21.000,499
72808,158,45,5.0,120.0,170.0,222.0,D:\AprPanama2025_fixed\041225_experimental\041225PA_experimental_part05.mp4,1900-01-01 19:25:20.800,498
72812,160,46,3.5,126.0,169.0,214.25,D:\AprPanama2025_fixed\041225_experimental\041225PA_experimental_part05.mp4,1900-01-01 19:25:21.200,500
72819,162,49,1.5,113.0,162.0,169.20000000000002,D:\AprPanama2025_fixed\041225_experimental\041225PA_experimental_part05.mp4,1900-01-01 19:25:21.900,502
72813,160,46,3.5,126.0,169.0,214.25,D:\AprPanama2025_fixed\041225_experimental\041225PA_experimental_part05.mp4,1900-01-01 19:25:21.300,500
72816,161,48,3.0,113.0,149.0,141.14285714285714,D:\AprPanama2025_fixed\041225_experimental\041225PA_experimental_part05.mp4,1900-01-01 19:25:21.600,501
72822,163,50,2.0,117.0,152.0,84.66666666666666,D:\AprPanama2025_fixed\041225_experimental\041225PA_experimental_part05.mp4,1900-01-01 19:25:22.200,503
72823,163,49,5.0,117.0,151.0,73.4,D:\AprPanama2025_fixed\041225_experimental\041225PA_experimental_part05.mp4,1900-01-01 19:25:22.300,503
72826,164,50,3.0,125.0,174.0,153.0,D:\AprPanama2025_fixed\041225_experimental\041225PA_experimental_part05.mp4,1900-01-01 19:25:22.600,504
72832,165,53,2.5,116.0,158.0,107.5,D:\AprPanama2025_fixed\041225_experimental\041225PA_experimental_part05.mp4,1900-01-01 19:25:23.200,505
72829,165,51,4.0,119.0,147.0,51.77777777777777,D:\AprPanama2025_fixed\041225_experimental\041225PA_experimental_part05.mp4,1900-01-01 19:25:22.900,505
72838,166,55,3.5,120.0,150.0,48.5,D:\AprPanama2025_fixed\041225_experimental\041225PA_experimental_part05.mp4,1900-01-01 19:25:23.800,506
72839,167,55,3.0,114.0,145.0,47.85714285714285,D:\AprPanama2025_fixed\041225_experimental\041225PA_experimental_part05.mp4,1900-01-01 19:25:23.900,507
72845,168,58,1.5,130.0,169.0,254.2,D:\AprPanama2025_fixed\041225_experimental\041225PA_experimental_part05.mp4,1900-01-01 19:25:24.500,508
73322,1131,153,11.5,115.0,178.0,240.42105263157893,D:\AprPanama2025_fixed\041225_experimental\041225PA_experimental_part05.mp4,1900-01-01 19:26:12.200,1471
73324,1131,153,16.0,117.0,179.0,249.96,D:\AprPanama2025_fixed\041225_experimental\041225PA_experimental_part05.mp4,1900-01-01 19:26:12.400,1471
73321,1131,153,6.5,124.0,166.0,247.91666666666663,D:\AprPanama2025_fixed\041225_experimental\041225PA_experimental_part05.mp4,1900-01-01 19:26:12.100,1471
73323,1131,153,13.5,114.0,178.0,247.95454545454547,D:\AprPanama2025_fixed\041225_experimental\041225PA_experimental_part05.mp4,1900-01-01 19:26:12.300,1471
73330,1130,154,10.5,118.0,179.0,246.8947368421053,D:\AprPanama2025_fixed\041225_experimental\041225PA_experimental_part05.mp4,1900-01-01 19:26:13.000,1470
73329,1130,153,14.0,114.0,178.0,246.8636363636364,D:\AprPanama2025_fixed\041225_experimental\041225PA_experimental_part05.mp4,1900-01-01 19:26:12.900,1470
73327,1130,154,18.0,111.0,179.0,249.74074074074076,D:\AprPanama2025_fixed\041225_experimental\041225PA_experimental_part05.mp4,1900-01-01 19:26:12.700,1470
73328,1130,153,14.0,116.0,179.0,249.95454545454547,D:\AprPanama2025_fixed\041225_experimental\041225PA_experimental_part05.mp4,1900-01-01 19:26:12.800,1470
73332,1130,154,13.0,116.0,177.0,239.52380952380952,D:\AprPanama2025_fixed\041225_experimental\041225PA_experimental_part05.mp4,1900-01-01 19:26:13.200,1470
73325,1130,154,13.5,122.0,179.0,249.5,D:\AprPanama2025_fixed\041225_experimental\041225PA_experimental_part05.mp4,1900-01-01 19:26:12.500,1470
73326,1130,154,18.5,112.0,179.0,247.8148148148148,D:\AprPanama2025_fixed\041225_experimental\041225PA_experimental_part05.mp4,1900-01-01 19:26:12.600,1470
73331,1130,154,10.0,115.0,176.0,248.77777777777777,D:\AprPanama2025_fixed\041225_experimental\041225PA_experimental_part05.mp4,1900-01-01 19:26:13.100,1470
73335,1133,70,3.0,126.0,170.0,223.1111111111111,D:\AprPanama2025_fixed\041225_experimental\041225PA_experimental_part05.mp4,1900-01-01 19:26:13.500,1473
73335,1130,155,5.5,111.0,173.0,251.8333333333333,D:\AprPanama2025_fixed\041225_experimental\041225PA_experimental_part05.mp4,1900-01-01 19:26:13.500,1470
73336,1132,70,6.0,120.0,178.0,231.8333333333333,D:\AprPanama2025_fixed\041225_experimental\041225PA_experimental_part05.mp4,1900-01-01 19:26:13.600,1472
73336,1131,154,5.0,131.0,174.0,241.0,D:\AprPanama2025_fixed\041225_experimental\041225PA_experimental_part05.mp4,1900-01-01 19:26:13.600,1471
73337,1132,70,6.0,126.0,178.0,233.25,D:\AprPanama2025_fixed\041225_experimental\041225PA_experimental_part05.mp4,1900-01-01 19:26:13.700,1472
73334,1131,154,7.0,114.0,175.0,249.28571428571428,D:\AprPanama2025_fixed\041225_experimental\041225PA_experimental_part05.mp4,1900-01-01 19:26:13.400,1471
73333,1130,154,11.5,111.0,176.0,247.2631578947368,D:\AprPanama2025_fixed\041225_experimental\041225PA_experimental_part05.mp4,1900-01-01 19:26:13.300,1470
73338,1132,70,6.0,117.0,178.0,240.91666666666663,D:\AprPanama2025_fixed\041225_experimental\041225PA_experimental_part05.mp4,1900-01-01 19:26:13.800,1472
73339,1132,70,6.0,117.0,178.0,240.91666666666663,D:\AprPanama2025_fixed\041225_experimental\041225PA_experimental_part05.mp4,1900-01-01 19:26:13.900,1472
73340,1132,70,6.0,117.0,178.0,240.91666666666663,D:\AprPanama2025_fixed\041225_experimental\041225PA_experimental_part05.mp4,1900-01-01 19:26:14.000,1472
73344,1133,70,3.5,126.0,176.0,245.3333333333333,D:\AprPanama2025_fixed\041225_experimental\041225PA_experimental_part05.mp4,1900-01-01 19:26:14.400,1473
73342,1132,70,4.5,145.0,179.0,237.1,D:\AprPanama2025_fixed\041225_experimental\041225PA_experimental_part05.mp4,1900-01-01 19:26:14.200,1472
73347,1136,47,1.5,111.0,164.0,232.8,D:\AprPanama2025_fixed\041225_experimental\041225PA_experimental_part05.mp4,1900-01-01 19:26:14.700,1476
73347,1133,70,2.5,112.0,160.0,221.42857142857144,D:\AprPanama2025_fixed\041225_experimental\041225PA_experimental_part05.mp4,1900-01-01 19:26:14.700,1473
73346,1136,47,1.5,118.0,162.0,246.16666666666663,D:\AprPanama2025_fixed\041225_experimental\041225PA_experimental_part05.mp4,1900-01-01 19:26:14.600,1476
73346,1133,70,3.0,115.0,155.0,233.0,D:\AprPanama2025_fixed\041225_experimental\041225PA_experimental_part05.mp4,1900-01-01 19:26:14.600,1473
73341,1132,70,6.0,121.0,179.0,237.5,D:\AprPanama2025_fixed\041225_experimental\041225PA_experimental_part05.mp4,1900-01-01 19:26:14.100,1472
73354,1045,57,2.5,117.0,179.0,250.57142857142856,D:\AprPanama2025_fixed\041225_experimental\041225PA_experimental_part05.mp4,1900-01-01 19:26:15.400,1385
73355,1045,57,7.5,118.0,173.0,243.0769230769231,D:\AprPanama2025_fixed\041225_experimental\041225PA_experimental_part05.mp4,1900-01-01 19:26:15.500,1385
73353,1044,57,1.5,129.0,167.0,222.3333333333333,D:\AprPanama2025_fixed\041225_experimental\041225PA_experimental_part05.mp4,1900-01-01 19:26:15.300,1384
73356,1046,57,9.5,115.0,179.0,242.0,D:\AprPanama2025_fixed\041225_experimental\041225PA_experimental_part05.mp4,1900-01-01 19:26:15.600,1386
73359,1046,57,5.5,131.0,178.0,253.72727272727275,D:\AprPanama2025_fixed\041225_experimental\041225PA_experimental_part05.mp4,1900-01-01 19:26:15.900,1386
73362,1044,57,1.5,116.0,166.0,253.8,D:\AprPanama2025_fixed\041225_experimental\041225PA_experimental_part05.mp4,1900-01-01 19:26:16.200,1384
73361,1045,57,3.5,112.0,172.0,249.3333333333333,D:\AprPanama2025_fixed\041225_experimental\041225PA_experimental_part05.mp4,1900-01-01 19:26:16.100,1385
73357,1046,57,8.0,111.0,178.0,241.85714285714283,D:\AprPanama2025_fixed\041225_experimental\041225PA_experimental_part05.mp4,1900-01-01 19:26:15.700,1386
73358,1045,57,6.5,116.0,178.0,252.41666666666663,D:\AprPanama2025_fixed\041225_experimental\041225PA_experimental_part05.mp4,1900-01-01 19:26:15.800,1385
73360,1045,57,3.5,114.0,175.0,251.88888888888889,D:\AprPanama2025_fixed\041225_experimental\041225PA_experimental_part05.mp4,1900-01-01 19:26:16.000,1385
73644,305,34,4.5,130.0,164.0,142.55555555555554,D:\AprPanama2025_fixed\041225_experimental\041225PA_experimental_part05.mp4,1900-01-01 19:26:44.400,645
73643,305,33,3.0,114.0,149.0,39.42857142857142,D:\AprPanama2025_fixed\041225_experimental\041225PA_experimental_part05.mp4,1900-01-01 19:26:44.300,645
73650,306,32,8.0,121.0,179.0,242.78571428571428,D:\AprPanama2025_fixed\041225_experimental\041225PA_experimental_part05.mp4,1900-01-01 19:26:45.000,646
73646,306,34,7.5,111.0,179.0,240.46153846153848,D:\AprPanama2025_fixed\041225_experimental\041225PA_experimental_part05.mp4,1900-01-01 19:26:44.600,646
73652,306,31,7.0,111.0,175.0,231.0,D:\AprPanama2025_fixed\041225_experimental\041225PA_experimental_part05.mp4,1900-01-01 19:26:45.200,646
73651,306,31,7.0,111.0,175.0,231.0,D:\AprPanama2025_fixed\041225_experimental\041225PA_experimental_part05.mp4,1900-01-01 19:26:45.100,646
73648,306,33,7.0,126.0,179.0,245.15384615384616,D:\AprPanama2025_fixed\041225_experimental\041225PA_experimental_part05.mp4,1900-01-01 19:26:44.800,646
73649,306,32,8.5,121.0,179.0,250.6,D:\AprPanama2025_fixed\041225_experimental\041225PA_experimental_part05.mp4,1900-01-01 19:26:44.900,646
73647,306,33,7.0,115.0,234.0,239.92307692307693,D:\AprPanama2025_fixed\041225_experimental\041225PA_experimental_part05.mp4,1900-01-01 19:26:44.700,646
73645,306,34,6.5,117.0,177.0,238.25,D:\AprPanama2025_fixed\041225_experimental\041225PA_experimental_part05.mp4,1900-01-01 19:26:44.500,646
73656,305,29,4.5,132.0,174.0,245.0,D:\AprPanama2025_fixed\041225_experimental\041225PA_experimental_part05.mp4,1900-01-01 19:26:45.600,645
73657,305,29,6.5,112.0,179.0,236.3333333333333,D:\AprPanama2025_fixed\041225_experimental\041225PA_experimental_part05.mp4,1900-01-01 19:26:45.700,645
73655,305,30,6.5,112.0,179.0,242.16666666666663,D:\AprPanama2025_fixed\041225_experimental\041225PA_experimental_part05.mp4,1900-01-01 19:26:45.500,645
73653,305,31,5.5,128.0,178.0,247.27272727272728,D:\AprPanama2025_fixed\041225_experimental\041225PA_experimental_part05.mp4,1900-01-01 19:26:45.300,645
73660,305,28,6.5,117.0,179.0,235.3333333333333,D:\AprPanama2025_fixed\041225_experimental\041225PA_experimental_part05.mp4,1900-01-01 19:26:46.000,645
73654,305,31,7.0,113.0,178.0,249.53846153846155,D:\AprPanama2025_fixed\041225_experimental\041225PA_experimental_part05.mp4,1900-01-01 19:26:45.400,645
73658,305,29,8.5,112.0,172.0,232.46666666666667,D:\AprPanama2025_fixed\041225_experimental\041225PA_experimental_part05.mp4,1900-01-01 19:26:45.800,645
73659,305,29,6.0,118.0,175.0,233.91666666666663,D:\AprPanama2025_fixed\041225_experimental\041225PA_experimental_part05.mp4,1900-01-01 19:26:45.900,645
73666,305,26,1.5,114.0,162.0,244.16666666666663,D:\AprPanama2025_fixed\041225_experimental\041225PA_experimental_part05.mp4,1900-01-01 19:26:46.600,645
73665,305,27,1.5,117.0,178.0,243.8,D:\AprPanama2025_fixed\041225_experimental\041225PA_experimental_part05.mp4,1900-01-01 19:26:46.500,645
73662,305,28,4.5,111.0,167.0,217.44444444444443,D:\AprPanama2025_fixed\041225_experimental\041225PA_experimental_part05.mp4,1900-01-01 19:26:46.200,645
73663,304,27,5.5,120.0,168.0,170.27272727272728,D:\AprPanama2025_fixed\041225_experimental\041225PA_experimental_part05.mp4,1900-01-01 19:26:46.300,644
73661,305,27,5.0,114.0,169.0,229.1,D:\AprPanama2025_fixed\041225_experimental\041225PA_experimental_part05.mp4,1900-01-01 19:26:46.100,645
73664,304,27,5.5,135.0,178.0,229.27272727272728,D:\AprPanama2025_fixed\041225_experimental\041225PA_experimental_part05.mp4,1900-01-01 19:26:46.400,644
73670,304,24,3.0,118.0,179.0,247.57142857142856,D:\AprPanama2025_fixed\041225_experimental\041225PA_experimental_part05.mp4,1900-01-01 19:26:47.000,644
73669,304,25,3.0,113.0,175.0,236.0,D:\AprPanama2025_fixed\041225_experimental\041225PA_experimental_part05.mp4,1900-01-01 19:26:46.900,644
73672,304,25,2.5,113.0,174.0,196.3333333333333,D:\AprPanama2025_fixed\041225_experimental\041225PA_experimental_part05.mp4,1900-01-01 19:26:47.200,644
73671,304,24,3.0,118.0,179.0,247.57142857142856,D:\AprPanama2025_fixed\041225_experimental\041225PA_experimental_part05.mp4,1900-01-01 19:26:47.100,644
73680,303,22,1.5,114.0,136.0,189.8,D:\AprPanama2025_fixed\041225_experimental\041225PA_experimental_part05.mp4,1900-01-01 19:26:48.000,643
73682,302,22,2.5,116.0,165.0,98.16666666666666,D:\AprPanama2025_fixed\041225_experimental\041225PA_experimental_part05.mp4,1900-01-01 19:26:48.200,642
73684,302,20,1.5,145.0,171.0,250.2,D:\AprPanama2025_fixed\041225_experimental\041225PA_experimental_part05.mp4,1900-01-01 19:26:48.400,642
74120,1181,214,12.5,115.0,179.0,252.35,D:\AprPanama2025_fixed\041225_experimental\041225PA_experimental_part05.mp4,1900-01-01 19:27:32.000,1521
74121,1181,214,11.0,115.0,179.0,248.0,D:\AprPanama2025_fixed\041225_experimental\041225PA_experimental_part05.mp4,1900-01-01 19:27:32.100,1521
74118,1180,213,9.5,114.0,179.0,239.5625,D:\AprPanama2025_fixed\041225_experimental\041225PA_experimental_part05.mp4,1900-01-01 19:27:31.800,1520
74122,1181,214,11.5,111.0,179.0,248.6315789473684,D:\AprPanama2025_fixed\041225_experimental\041225PA_experimental_part05.mp4,1900-01-01 19:27:32.200,1521
74124,1181,215,11.5,122.0,179.0,243.42105263157893,D:\AprPanama2025_fixed\041225_experimental\041225PA_experimental_part05.mp4,1900-01-01 19:27:32.400,1521
74117,1181,214,4.0,113.0,171.0,221.27272727272728,D:\AprPanama2025_fixed\041225_experimental\041225PA_experimental_part05.mp4,1900-01-01 19:27:31.700,1521
74123,1180,215,11.5,117.0,179.0,250.94444444444443,D:\AprPanama2025_fixed\041225_experimental\041225PA_experimental_part05.mp4,1900-01-01 19:27:32.300,1520
74119,1181,214,12.5,121.0,179.0,246.5,D:\AprPanama2025_fixed\041225_experimental\041225PA_experimental_part05.mp4,1900-01-01 19:27:31.900,1521
74131,1180,215,1.5,115.0,136.0,242.4,D:\AprPanama2025_fixed\041225_experimental\041225PA_experimental_part05.mp4,1900-01-01 19:27:33.100,1520
74126,1181,214,8.5,111.0,176.0,247.6,D:\AprPanama2025_fixed\041225_experimental\041225PA_experimental_part05.mp4,1900-01-01 19:27:32.600,1521
74125,1181,214,9.0,116.0,179.0,247.1875,D:\AprPanama2025_fixed\041225_experimental\041225PA_experimental_part05.mp4,1900-01-01 19:27:32.500,1521
74127,1181,215,6.5,127.0,173.0,251.92307692307693,D:\AprPanama2025_fixed\041225_experimental\041225PA_experimental_part05.mp4,1900-01-01 19:27:32.700,1521
74128,1181,215,6.5,121.0,178.0,243.41666666666663,D:\AprPanama2025_fixed\041225_experimental\041225PA_experimental_part05.mp4,1900-01-01 19:27:32.800,1521
74129,1180,214,4.0,126.0,173.0,249.3,D:\AprPanama2025_fixed\041225_experimental\041225PA_experimental_part05.mp4,1900-01-01 19:27:32.900,1520
74168,1018,17,1.5,121.0,167.0,145.0,D:\AprPanama2025_fixed\041225_experimental\041225PA_experimental_part05.mp4,1900-01-01 19:27:36.800,1358
74166,1018,17,1.5,134.0,167.0,254.4,D:\AprPanama2025_fixed\041225_experimental\041225PA_experimental_part05.mp4,1900-01-01 19:27:36.600,1358
74165,1018,17,1.5,128.0,167.0,248.8,D:\AprPanama2025_fixed\041225_experimental\041225PA_experimental_part05.mp4,1900-01-01 19:27:36.500,1358
74755,1048,81,3.5,114.0,172.0,230.1,D:\AprPanama2025_fixed\041225_experimental\041225PA_experimental_part05.mp4,1900-01-01 19:28:35.500,1388
74756,1048,81,11.0,134.0,178.0,241.44444444444443,D:\AprPanama2025_fixed\041225_experimental\041225PA_experimental_part05.mp4,1900-01-01 19:28:35.600,1388
74760,1050,82,18.5,113.0,179.0,249.07142857142856,D:\AprPanama2025_fixed\041225_experimental\041225PA_experimental_part05.mp4,1900-01-01 19:28:36.000,1390
74762,1050,82,23.0,123.0,179.0,243.51515151515156,D:\AprPanama2025_fixed\041225_experimental\041225PA_experimental_part05.mp4,1900-01-01 19:28:36.200,1390
74758,1050,82,22.0,116.0,181.0,244.51612903225805,D:\AprPanama2025_fixed\041225_experimental\041225PA_experimental_part05.mp4,1900-01-01 19:28:35.800,1390
74757,1049,82,18.5,128.0,181.0,245.3333333333333,D:\AprPanama2025_fixed\041225_experimental\041225PA_experimental_part05.mp4,1900-01-01 19:28:35.700,1389
74763,1050,82,21.5,115.0,179.0,246.80645161290323,D:\AprPanama2025_fixed\041225_experimental\041225PA_experimental_part05.mp4,1900-01-01 19:28:36.300,1390
74759,1050,82,19.5,113.0,179.0,245.24137931034485,D:\AprPanama2025_fixed\041225_experimental\041225PA_experimental_part05.mp4,1900-01-01 19:28:35.900,1390
74764,1050,82,19.5,111.0,179.0,250.92857142857144,D:\AprPanama2025_fixed\041225_experimental\041225PA_experimental_part05.mp4,1900-01-01 19:28:36.400,1390
74761,1050,82,20.5,123.0,179.0,243.7333333333333,D:\AprPanama2025_fixed\041225_experimental\041225PA_experimental_part05.mp4,1900-01-01 19:28:36.100,1390
74766,1195,60,15.0,114.0,179.0,246.65217391304347,D:\AprPanama2025_fixed\041225_experimental\041225PA_experimental_part05.mp4,1900-01-01 19:28:36.600,1535
74766,1051,81,21.0,113.0,179.0,231.83870967741936,D:\AprPanama2025_fixed\041225_experimental\041225PA_experimental_part05.mp4,1900-01-01 19:28:36.600,1391
74766,1122,126,12.5,137.0,179.0,245.8,D:\AprPanama2025_fixed\041225_experimental\041225PA_experimental_part05.mp4,1900-01-01 19:28:36.600,1462
74765,1195,60,9.0,119.0,178.0,246.6875,D:\AprPanama2025_fixed\041225_experimental\041225PA_experimental_part05.mp4,1900-01-01 19:28:36.500,1535
74765,1051,81,22.5,117.0,179.0,240.15625,D:\AprPanama2025_fixed\041225_experimental\041225PA_experimental_part05.mp4,1900-01-01 19:28:36.500,1391
74765,1122,126,11.0,115.0,183.0,248.16666666666663,D:\AprPanama2025_fixed\041225_experimental\041225PA_experimental_part05.mp4,1900-01-01 19:28:36.500,1462
74771,1195,60,16.5,115.0,179.0,246.72,D:\AprPanama2025_fixed\041225_experimental\041225PA_experimental_part05.mp4,1900-01-01 19:28:37.100,1535
74771,1192,72,18.0,117.0,179.0,247.48148148148147,D:\AprPanama2025_fixed\041225_experimental\041225PA_experimental_part05.mp4,1900-01-01 19:28:37.100,1532
74771,1051,81,11.5,121.0,176.0,248.15789473684208,D:\AprPanama2025_fixed\041225_experimental\041225PA_experimental_part05.mp4,1900-01-01 19:28:37.100,1391
74771,1123,126,4.0,123.0,177.0,253.77777777777777,D:\AprPanama2025_fixed\041225_experimental\041225PA_experimental_part05.mp4,1900-01-01 19:28:37.100,1463
74767,1195,60,18.5,133.0,179.0,252.1851851851852,D:\AprPanama2025_fixed\041225_experimental\041225PA_experimental_part05.mp4,1900-01-01 19:28:36.700,1535
74767,1051,81,15.0,118.0,179.0,249.3478260869565,D:\AprPanama2025_fixed\041225_experimental\041225PA_experimental_part05.mp4,1900-01-01 19:28:36.700,1391
74767,1123,126,13.0,114.0,179.0,252.66666666666663,D:\AprPanama2025_fixed\041225_experimental\041225PA_experimental_part05.mp4,1900-01-01 19:28:36.700,1463
74772,1195,60,16.5,113.0,178.0,249.12,D:\AprPanama2025_fixed\041225_experimental\041225PA_experimental_part05.mp4,1900-01-01 19:28:37.200,1535
74772,1192,72,18.0,138.0,179.0,247.8148148148148,D:\AprPanama2025_fixed\041225_experimental\041225PA_experimental_part05.mp4,1900-01-01 19:28:37.200,1532
74772,1051,81,11.0,114.0,178.0,243.16666666666663,D:\AprPanama2025_fixed\041225_experimental\041225PA_experimental_part05.mp4,1900-01-01 19:28:37.200,1391
74772,1122,126,2.0,118.0,166.0,248.0,D:\AprPanama2025_fixed\041225_experimental\041225PA_experimental_part05.mp4,1900-01-01 19:28:37.200,1462
74768,1195,60,19.5,122.0,179.0,248.2142857142857,D:\AprPanama2025_fixed\041225_experimental\041225PA_experimental_part05.mp4,1900-01-01 19:28:36.800,1535
74768,1051,81,13.0,121.0,178.0,247.28571428571428,D:\AprPanama2025_fixed\041225_experimental\041225PA_experimental_part05.mp4,1900-01-01 19:28:36.800,1391
74768,1123,126,9.5,112.0,179.0,250.4705882352941,D:\AprPanama2025_fixed\041225_experimental\041225PA_experimental_part05.mp4,1900-01-01 19:28:36.800,1463
74769,1195,60,20.0,114.0,179.0,247.24137931034485,D:\AprPanama2025_fixed\041225_experimental\041225PA_experimental_part05.mp4,1900-01-01 19:28:36.900,1535
74769,1191,71,3.5,111.0,170.0,152.625,D:\AprPanama2025_fixed\041225_experimental\041225PA_experimental_part05.mp4,1900-01-01 19:28:36.900,1531
74769,1051,81,13.0,115.0,178.0,249.8095238095238,D:\AprPanama2025_fixed\041225_experimental\041225PA_experimental_part05.mp4,1900-01-01 19:28:36.900,1391
74769,1123,126,10.5,117.0,179.0,246.0,D:\AprPanama2025_fixed\041225_experimental\041225PA_experimental_part05.mp4,1900-01-01 19:28:36.900,1463
74770,1195,60,17.5,117.0,178.0,248.15384615384616,D:\AprPanama2025_fixed\041225_experimental\041225PA_experimental_part05.mp4,1900-01-01 19:28:37.000,1535
74770,1192,71,7.0,21.0,179.0,243.85714285714283,D:\AprPanama2025_fixed\041225_experimental\041225PA_experimental_part05.mp4,1900-01-01 19:28:37.000,1532
74770,1193,72,2.0,21.0,154.0,237.8,D:\AprPanama2025_fixed\041225_experimental\041225PA_experimental_part05.mp4,1900-01-01 19:28:37.000,1533
74770,1051,81,12.0,133.0,179.0,249.73684210526315,D:\AprPanama2025_fixed\041225_experimental\041225PA_experimental_part05.mp4,1900-01-01 19:28:37.000,1391
74770,1123,127,5.5,116.0,166.0,248.3636363636364,D:\AprPanama2025_fixed\041225_experimental\041225PA_experimental_part05.mp4,1900-01-01 19:28:37.000,1463
74777,1050,32,3.0,131.0,175.0,205.875,D:\AprPanama2025_fixed\041225_experimental\041225PA_experimental_part05.mp4,1900-01-01 19:28:37.700,1390
74777,1195,59,10.5,112.0,177.0,246.6111111111111,D:\AprPanama2025_fixed\041225_experimental\041225PA_experimental_part05.mp4,1900-01-01 19:28:37.700,1535
74777,1192,72,19.0,117.0,179.0,238.82142857142856,D:\AprPanama2025_fixed\041225_experimental\041225PA_experimental_part05.mp4,1900-01-01 19:28:37.700,1532
74777,1052,80,6.5,117.0,175.0,246.92307692307693,D:\AprPanama2025_fixed\041225_experimental\041225PA_experimental_part05.mp4,1900-01-01 19:28:37.700,1392
74777,1134,97,9.5,114.0,178.0,242.4375,D:\AprPanama2025_fixed\041225_experimental\041225PA_experimental_part05.mp4,1900-01-01 19:28:37.700,1474
74776,1050,32,1.5,143.0,162.0,255.0,D:\AprPanama2025_fixed\041225_experimental\041225PA_experimental_part05.mp4,1900-01-01 19:28:37.600,1390
74776,1195,59,11.5,113.0,178.0,249.3157894736842,D:\AprPanama2025_fixed\041225_experimental\041225PA_experimental_part05.mp4,1900-01-01 19:28:37.600,1535
74776,1192,72,18.5,124.0,179.0,245.32142857142856,D:\AprPanama2025_fixed\041225_experimental\041225PA_experimental_part05.mp4,1900-01-01 19:28:37.600,1532
74776,1052,80,7.5,112.0,175.0,241.78571428571428,D:\AprPanama2025_fixed\041225_experimental\041225PA_experimental_part05.mp4,1900-01-01 19:28:37.600,1392
74776,1134,97,9.5,111.0,179.0,233.3125,D:\AprPanama2025_fixed\041225_experimental\041225PA_experimental_part05.mp4,1900-01-01 19:28:37.600,1474
74780,1195,58,4.0,113.0,156.0,254.88888888888889,D:\AprPanama2025_fixed\041225_experimental\041225PA_experimental_part05.mp4,1900-01-01 19:28:38.000,1535
74780,1192,72,17.5,113.0,194.0,247.61538461538464,D:\AprPanama2025_fixed\041225_experimental\041225PA_experimental_part05.mp4,1900-01-01 19:28:38.000,1532
74780,1052,80,1.5,119.0,156.0,251.0,D:\AprPanama2025_fixed\041225_experimental\041225PA_experimental_part05.mp4,1900-01-01 19:28:38.000,1392
74780,1134,97,6.5,111.0,173.0,243.41666666666663,D:\AprPanama2025_fixed\041225_experimental\041225PA_experimental_part05.mp4,1900-01-01 19:28:38.000,1474
74775,1051,32,3.0,112.0,163.0,248.125,D:\AprPanama2025_fixed\041225_experimental\041225PA_experimental_part05.mp4,1900-01-01 19:28:37.500,1391
74775,1195,59,11.5,113.0,179.0,249.6315789473684,D:\AprPanama2025_fixed\041225_experimental\041225PA_experimental_part05.mp4,1900-01-01 19:28:37.500,1535
74775,1192,72,20.0,114.0,179.0,247.4333333333333,D:\AprPanama2025_fixed\041225_experimental\041225PA_experimental_part05.mp4,1900-01-01 19:28:37.500,1532
74775,1052,80,9.5,117.0,179.0,241.75,D:\AprPanama2025_fixed\041225_experimental\041225PA_experimental_part05.mp4,1900-01-01 19:28:37.500,1392
74775,1134,97,9.0,114.0,179.0,242.8,D:\AprPanama2025_fixed\041225_experimental\041225PA_experimental_part05.mp4,1900-01-01 19:28:37.500,1474
74773,1195,59,14.5,113.0,179.0,249.65217391304347,D:\AprPanama2025_fixed\041225_experimental\041225PA_experimental_part05.mp4,1900-01-01 19:28:37.300,1535
74773,1192,72,18.5,141.0,179.0,245.85714285714283,D:\AprPanama2025_fixed\041225_experimental\041225PA_experimental_part05.mp4,1900-01-01 19:28:37.300,1532
74773,1052,80,10.0,117.0,179.0,251.1764705882353,D:\AprPanama2025_fixed\041225_experimental\041225PA_experimental_part05.mp4,1900-01-01 19:28:37.300,1392
74773,1122,126,1.5,128.0,160.0,237.4,D:\AprPanama2025_fixed\041225_experimental\041225PA_experimental_part05.mp4,1900-01-01 19:28:37.300,1462
74774,1195,59,13.0,128.0,179.0,249.14285714285717,D:\AprPanama2025_fixed\041225_experimental\041225PA_experimental_part05.mp4,1900-01-01 19:28:37.400,1535
74774,1192,72,18.5,141.0,179.0,245.85714285714283,D:\AprPanama2025_fixed\041225_experimental\041225PA_experimental_part05.mp4,1900-01-01 19:28:37.400,1532
74774,1052,80,8.0,115.0,178.0,251.26666666666665,D:\AprPanama2025_fixed\041225_experimental\041225PA_experimental_part05.mp4,1900-01-01 19:28:37.400,1392
74774,1134,97,7.0,111.0,179.0,238.46153846153848,D:\AprPanama2025_fixed\041225_experimental\041225PA_experimental_part05.mp4,1900-01-01 19:28:37.400,1474
74774,1122,126,1.5,112.0,155.0,221.2,D:\AprPanama2025_fixed\041225_experimental\041225PA_experimental_part05.mp4,1900-01-01 19:28:37.400,1462
74778,1051,32,3.0,115.0,179.0,236.25,D:\AprPanama2025_fixed\041225_experimental\041225PA_experimental_part05.mp4,1900-01-01 19:28:37.800,1391
74778,1195,59,9.5,143.0,176.0,247.8125,D:\AprPanama2025_fixed\041225_experimental\041225PA_experimental_part05.mp4,1900-01-01 19:28:37.800,1535
74778,1192,72,20.5,112.0,179.0,236.5,D:\AprPanama2025_fixed\041225_experimental\041225PA_experimental_part05.mp4,1900-01-01 19:28:37.800,1532
74778,1053,79,6.0,119.0,163.0,253.16666666666663,D:\AprPanama2025_fixed\041225_experimental\041225PA_experimental_part05.mp4,1900-01-01 19:28:37.800,1393
74778,1134,97,9.5,114.0,178.0,242.4375,D:\AprPanama2025_fixed\041225_experimental\041225PA_experimental_part05.mp4,1900-01-01 19:28:37.800,1474
74779,1195,59,8.0,111.0,165.0,249.57142857142856,D:\AprPanama2025_fixed\041225_experimental\041225PA_experimental_part05.mp4,1900-01-01 19:28:37.900,1535
74779,1192,72,19.0,113.0,189.0,240.89285714285717,D:\AprPanama2025_fixed\041225_experimental\041225PA_experimental_part05.mp4,1900-01-01 19:28:37.900,1532
74779,1053,79,2.5,117.0,154.0,255.0,D:\AprPanama2025_fixed\041225_experimental\041225PA_experimental_part05.mp4,1900-01-01 19:28:37.900,1393
74779,1134,97,7.0,126.0,175.0,245.15384615384616,D:\AprPanama2025_fixed\041225_experimental\041225PA_experimental_part05.mp4,1900-01-01 19:28:37.900,1474
74785,1192,72,8.5,111.0,179.0,168.0,D:\AprPanama2025_fixed\041225_experimental\041225PA_experimental_part05.mp4,1900-01-01 19:28:38.500,1532
74785,1054,78,1.5,119.0,166.0,247.0,D:\AprPanama2025_fixed\041225_experimental\041225PA_experimental_part05.mp4,1900-01-01 19:28:38.500,1394
74783,1192,72,13.0,112.0,179.0,212.9047619047619,D:\AprPanama2025_fixed\041225_experimental\041225PA_experimental_part05.mp4,1900-01-01 19:28:38.300,1532
74783,1052,79,1.5,113.0,161.0,254.7142857142857,D:\AprPanama2025_fixed\041225_experimental\041225PA_experimental_part05.mp4,1900-01-01 19:28:38.300,1392
74786,1192,72,9.0,104.0,179.0,167.7058823529412,D:\AprPanama2025_fixed\041225_experimental\041225PA_experimental_part05.mp4,1900-01-01 19:28:38.600,1532
74786,1193,72,2.0,104.0,164.0,131.0,D:\AprPanama2025_fixed\041225_experimental\041225PA_experimental_part05.mp4,1900-01-01 19:28:38.600,1533
74786,1054,78,1.5,119.0,166.0,247.0,D:\AprPanama2025_fixed\041225_experimental\041225PA_experimental_part05.mp4,1900-01-01 19:28:38.600,1394
74782,1195,58,2.5,119.0,167.0,252.57142857142856,D:\AprPanama2025_fixed\041225_experimental\041225PA_experimental_part05.mp4,1900-01-01 19:28:38.200,1535
74782,1192,72,13.5,113.0,179.0,234.19047619047615,D:\AprPanama2025_fixed\041225_experimental\041225PA_experimental_part05.mp4,1900-01-01 19:28:38.200,1532
74782,1052,79,2.0,128.0,158.0,255.0,D:\AprPanama2025_fixed\041225_experimental\041225PA_experimental_part05.mp4,1900-01-01 19:28:38.200,1392
74782,1134,97,3.0,114.0,167.0,240.375,D:\AprPanama2025_fixed\041225_experimental\041225PA_experimental_part05.mp4,1900-01-01 19:28:38.200,1474
74781,1195,58,2.0,114.0,146.0,253.7142857142857,D:\AprPanama2025_fixed\041225_experimental\041225PA_experimental_part05.mp4,1900-01-01 19:28:38.100,1535
74781,1192,72,13.5,113.0,179.0,234.19047619047615,D:\AprPanama2025_fixed\041225_experimental\041225PA_experimental_part05.mp4,1900-01-01 19:28:38.100,1532
74781,1052,79,2.0,124.0,158.0,252.375,D:\AprPanama2025_fixed\041225_experimental\041225PA_experimental_part05.mp4,1900-01-01 19:28:38.100,1392
74781,1134,97,3.0,117.0,160.0,241.5,D:\AprPanama2025_fixed\041225_experimental\041225PA_experimental_part05.mp4,1900-01-01 19:28:38.100,1474
74788,1193,72,6.0,113.0,175.0,201.3846153846154,D:\AprPanama2025_fixed\041225_experimental\041225PA_experimental_part05.mp4,1900-01-01 19:28:38.800,1533
74784,1192,72,12.0,120.0,179.0,205.7894736842105,D:\AprPanama2025_fixed\041225_experimental\041225PA_experimental_part05.mp4,1900-01-01 19:28:38.400,1532
74787,1193,72,6.0,113.0,182.0,226.6923076923077,D:\AprPanama2025_fixed\041225_experimental\041225PA_experimental_part05.mp4,1900-01-01 19:28:38.700,1533
74789,1194,42,1.5,113.0,172.0,248.3333333333333,D:\AprPanama2025_fixed\041225_experimental\041225PA_experimental_part05.mp4,1900-01-01 19:28:38.900,1534
74790,1192,70,2.0,133.0,163.0,172.8,D:\AprPanama2025_fixed\041225_experimental\041225PA_experimental_part05.mp4,1900-01-01 19:28:39.000,1532
74884,406,38,13.5,112.0,178.0,242.6190476190476,D:\AprPanama2025_fixed\041225_experimental\041225PA_experimental_part05.mp4,1900-01-01 19:28:48.400,746
74881,406,40,4.5,126.0,178.0,216.66666666666663,D:\AprPanama2025_fixed\041225_experimental\041225PA_experimental_part05.mp4,1900-01-01 19:28:48.100,746
74882,406,40,9.0,113.0,179.0,246.2,D:\AprPanama2025_fixed\041225_experimental\041225PA_experimental_part05.mp4,1900-01-01 19:28:48.200,746
74883,406,38,10.0,129.0,177.0,247.58823529411765,D:\AprPanama2025_fixed\041225_experimental\041225PA_experimental_part05.mp4,1900-01-01 19:28:48.300,746
74887,407,35,10.5,111.0,179.0,235.2941176470588,D:\AprPanama2025_fixed\041225_experimental\041225PA_experimental_part05.mp4,1900-01-01 19:28:48.700,747
74890,407,33,9.5,111.0,179.0,236.625,D:\AprPanama2025_fixed\041225_experimental\041225PA_experimental_part05.mp4,1900-01-01 19:28:49.000,747
74885,406,36,12.0,122.0,179.0,234.3157894736842,D:\AprPanama2025_fixed\041225_experimental\041225PA_experimental_part05.mp4,1900-01-01 19:28:48.500,746
74888,406,34,12.0,114.0,179.0,239.15789473684208,D:\AprPanama2025_fixed\041225_experimental\041225PA_experimental_part05.mp4,1900-01-01 19:28:48.800,746
74891,407,32,8.5,124.0,179.0,240.2,D:\AprPanama2025_fixed\041225_experimental\041225PA_experimental_part05.mp4,1900-01-01 19:28:49.100,747
74892,407,31,9.0,140.0,179.0,246.26666666666665,D:\AprPanama2025_fixed\041225_experimental\041225PA_experimental_part05.mp4,1900-01-01 19:28:49.200,747
74886,406,36,12.0,120.0,178.0,238.15789473684208,D:\AprPanama2025_fixed\041225_experimental\041225PA_experimental_part05.mp4,1900-01-01 19:28:48.600,746
74889,407,33,9.0,117.0,178.0,233.33333333333331,D:\AprPanama2025_fixed\041225_experimental\041225PA_experimental_part05.mp4,1900-01-01 19:28:48.900,747
74894,407,30,6.0,112.0,175.0,242.41666666666663,D:\AprPanama2025_fixed\041225_experimental\041225PA_experimental_part05.mp4,1900-01-01 19:28:49.400,747
74897,407,28,6.0,112.0,175.0,243.3333333333333,D:\AprPanama2025_fixed\041225_experimental\041225PA_experimental_part05.mp4,1900-01-01 19:28:49.700,747
74893,407,31,9.5,117.0,179.0,241.6875,D:\AprPanama2025_fixed\041225_experimental\041225PA_experimental_part05.mp4,1900-01-01 19:28:49.300,747
74896,407,29,3.5,125.0,172.0,252.375,D:\AprPanama2025_fixed\041225_experimental\041225PA_experimental_part05.mp4,1900-01-01 19:28:49.600,747
74898,407,27,7.0,114.0,176.0,243.25,D:\AprPanama2025_fixed\041225_experimental\041225PA_experimental_part05.mp4,1900-01-01 19:28:49.800,747
74899,407,26,2.5,164.0,182.0,254.14285714285717,D:\AprPanama2025_fixed\041225_experimental\041225PA_experimental_part05.mp4,1900-01-01 19:28:49.900,747
74900,407,26,2.0,111.0,168.0,255.0,D:\AprPanama2025_fixed\041225_experimental\041225PA_experimental_part05.mp4,1900-01-01 19:28:50.000,747
74895,406,29,7.5,114.0,177.0,247.46153846153848,D:\AprPanama2025_fixed\041225_experimental\041225PA_experimental_part05.mp4,1900-01-01 19:28:49.500,746
74905,407,23,2.0,122.0,164.0,192.0,D:\AprPanama2025_fixed\041225_experimental\041225PA_experimental_part05.mp4,1900-01-01 19:28:50.500,747
74902,406,25,4.5,114.0,168.0,234.3333333333333,D:\AprPanama2025_fixed\041225_experimental\041225PA_experimental_part05.mp4,1900-01-01 19:28:50.200,746
75528,76,72,1.5,119.0,146.0,59.400000000000006,D:\AprPanama2025_fixed\041225_experimental\041225PA_experimental_part05.mp4,1900-01-01 19:29:52.800,416
75533,75,71,2.5,115.0,155.0,131.0,D:\AprPanama2025_fixed\041225_experimental\041225PA_experimental_part05.mp4,1900-01-01 19:29:53.300,415
75534,75,71,5.0,112.0,158.0,181.9,D:\AprPanama2025_fixed\041225_experimental\041225PA_experimental_part05.mp4,1900-01-01 19:29:53.400,415
75535,75,71,5.0,112.0,165.0,179.70000000000002,D:\AprPanama2025_fixed\041225_experimental\041225PA_experimental_part05.mp4,1900-01-01 19:29:53.500,415
75547,72,70,1.5,131.0,155.0,99.0,D:\AprPanama2025_fixed\041225_experimental\041225PA_experimental_part05.mp4,1900-01-01 19:29:54.700,412
75548,72,70,1.5,131.0,155.0,99.0,D:\AprPanama2025_fixed\041225_experimental\041225PA_experimental_part05.mp4,1900-01-01 19:29:54.800,412
75541,73,71,2.0,113.0,163.0,133.0,D:\AprPanama2025_fixed\041225_experimental\041225PA_experimental_part05.mp4,1900-01-01 19:29:54.100,413
75771,1122,277,10.0,117.0,179.0,250.55555555555557,D:\AprPanama2025_fixed\041225_experimental\041225PA_experimental_part05.mp4,1900-01-01 19:30:17.100,1462
75770,1121,277,11.5,117.0,179.0,249.2631578947368,D:\AprPanama2025_fixed\041225_experimental\041225PA_experimental_part05.mp4,1900-01-01 19:30:17.000,1461
75772,1121,276,8.5,118.0,179.0,252.0,D:\AprPanama2025_fixed\041225_experimental\041225PA_experimental_part05.mp4,1900-01-01 19:30:17.200,1461
75769,1121,276,7.5,99.0,171.0,248.35714285714283,D:\AprPanama2025_fixed\041225_experimental\041225PA_experimental_part05.mp4,1900-01-01 19:30:16.900,1461
75769,1121,276,2.0,99.0,155.0,245.0,D:\AprPanama2025_fixed\041225_experimental\041225PA_experimental_part05.mp4,1900-01-01 19:30:16.900,1461
75780,1097,81,16.5,114.0,179.0,252.32,D:\AprPanama2025_fixed\041225_experimental\041225PA_experimental_part05.mp4,1900-01-01 19:30:18.000,1437
75780,1116,261,17.0,115.0,178.0,249.11538461538464,D:\AprPanama2025_fixed\041225_experimental\041225PA_experimental_part05.mp4,1900-01-01 19:30:18.000,1456
75780,1121,277,6.5,112.0,175.0,212.9333333333333,D:\AprPanama2025_fixed\041225_experimental\041225PA_experimental_part05.mp4,1900-01-01 19:30:18.000,1461
75778,1098,81,17.5,117.0,179.0,248.2222222222222,D:\AprPanama2025_fixed\041225_experimental\041225PA_experimental_part05.mp4,1900-01-01 19:30:17.800,1438
75778,1116,262,21.0,115.0,179.0,247.96666666666667,D:\AprPanama2025_fixed\041225_experimental\041225PA_experimental_part05.mp4,1900-01-01 19:30:17.800,1456
75778,1122,277,7.5,111.0,152.0,250.4375,D:\AprPanama2025_fixed\041225_experimental\041225PA_experimental_part05.mp4,1900-01-01 19:30:17.800,1462
75776,1098,81,20.0,113.0,179.0,246.3103448275862,D:\AprPanama2025_fixed\041225_experimental\041225PA_experimental_part05.mp4,1900-01-01 19:30:17.600,1438
75776,1117,261,12.5,116.0,179.0,250.85,D:\AprPanama2025_fixed\041225_experimental\041225PA_experimental_part05.mp4,1900-01-01 19:30:17.600,1457
75776,1123,277,8.0,111.0,171.0,247.25,D:\AprPanama2025_fixed\041225_experimental\041225PA_experimental_part05.mp4,1900-01-01 19:30:17.600,1463
75775,1098,81,13.5,117.0,179.0,251.85714285714283,D:\AprPanama2025_fixed\041225_experimental\041225PA_experimental_part05.mp4,1900-01-01 19:30:17.500,1438
75775,1115,261,3.0,119.0,167.0,251.125,D:\AprPanama2025_fixed\041225_experimental\041225PA_experimental_part05.mp4,1900-01-01 19:30:17.500,1455
75775,1122,277,9.5,111.0,172.0,250.38888888888889,D:\AprPanama2025_fixed\041225_experimental\041225PA_experimental_part05.mp4,1900-01-01 19:30:17.500,1462
75779,1097,81,18.5,112.0,179.0,245.67857142857144,D:\AprPanama2025_fixed\041225_experimental\041225PA_experimental_part05.mp4,1900-01-01 19:30:17.900,1437
75779,1116,262,18.5,116.0,179.0,249.25925925925924,D:\AprPanama2025_fixed\041225_experimental\041225PA_experimental_part05.mp4,1900-01-01 19:30:17.900,1456
75779,1122,277,13.0,100.0,176.0,219.28571428571428,D:\AprPanama2025_fixed\041225_experimental\041225PA_experimental_part05.mp4,1900-01-01 19:30:17.900,1462
75779,1122,277,2.0,100.0,170.0,218.4,D:\AprPanama2025_fixed\041225_experimental\041225PA_experimental_part05.mp4,1900-01-01 19:30:17.900,1462
75774,1097,81,11.5,129.0,178.0,240.52631578947367,D:\AprPanama2025_fixed\041225_experimental\041225PA_experimental_part05.mp4,1900-01-01 19:30:17.400,1437
75774,1121,276,8.0,115.0,179.0,252.53333333333333,D:\AprPanama2025_fixed\041225_experimental\041225PA_experimental_part05.mp4,1900-01-01 19:30:17.400,1461
75773,1122,276,10.0,113.0,178.0,248.94117647058823,D:\AprPanama2025_fixed\041225_experimental\041225PA_experimental_part05.mp4,1900-01-01 19:30:17.300,1462
75777,1098,81,19.0,117.0,179.0,247.75,D:\AprPanama2025_fixed\041225_experimental\041225PA_experimental_part05.mp4,1900-01-01 19:30:17.700,1438
75777,1116,262,18.0,113.0,179.0,249.61538461538464,D:\AprPanama2025_fixed\041225_experimental\041225PA_experimental_part05.mp4,1900-01-01 19:30:17.700,1456
75777,1121,277,5.5,113.0,172.0,247.13333333333333,D:\AprPanama2025_fixed\041225_experimental\041225PA_experimental_part05.mp4,1900-01-01 19:30:17.700,1461
75784,1097,81,9.0,123.0,176.0,246.6875,D:\AprPanama2025_fixed\041225_experimental\041225PA_experimental_part05.mp4,1900-01-01 19:30:18.400,1437
75784,716,216,11.5,114.0,180.0,238.7222222222222,D:\AprPanama2025_fixed\041225_experimental\041225PA_experimental_part05.mp4,1900-01-01 19:30:18.400,1056
75784,1102,247,2.5,116.0,173.0,224.75,D:\AprPanama2025_fixed\041225_experimental\041225PA_experimental_part05.mp4,1900-01-01 19:30:18.400,1442
75784,1116,261,15.5,89.0,166.0,250.4782608695652,D:\AprPanama2025_fixed\041225_experimental\041225PA_experimental_part05.mp4,1900-01-01 19:30:18.400,1456
75784,1116,261,2.0,89.0,163.0,245.2,D:\AprPanama2025_fixed\041225_experimental\041225PA_experimental_part05.mp4,1900-01-01 19:30:18.400,1456
75787,1096,81,3.0,133.0,178.0,249.77777777777777,D:\AprPanama2025_fixed\041225_experimental\041225PA_experimental_part05.mp4,1900-01-01 19:30:18.700,1436
75787,717,216,13.0,125.0,179.0,248.04761904761904,D:\AprPanama2025_fixed\041225_experimental\041225PA_experimental_part05.mp4,1900-01-01 19:30:18.700,1057
75787,1102,248,2.0,120.0,169.0,253.8333333333333,D:\AprPanama2025_fixed\041225_experimental\041225PA_experimental_part05.mp4,1900-01-01 19:30:18.700,1442
75787,1115,260,4.5,128.0,162.0,246.27272727272728,D:\AprPanama2025_fixed\041225_experimental\041225PA_experimental_part05.mp4,1900-01-01 19:30:18.700,1455
75786,1097,81,8.0,111.0,166.0,248.46666666666667,D:\AprPanama2025_fixed\041225_experimental\041225PA_experimental_part05.mp4,1900-01-01 19:30:18.600,1437
75786,717,216,11.5,124.0,179.0,248.3157894736842,D:\AprPanama2025_fixed\041225_experimental\041225PA_experimental_part05.mp4,1900-01-01 19:30:18.600,1057
75786,1103,247,6.5,112.0,161.0,237.28571428571428,D:\AprPanama2025_fixed\041225_experimental\041225PA_experimental_part05.mp4,1900-01-01 19:30:18.600,1443
75786,1115,260,7.0,113.0,166.0,248.46666666666667,D:\AprPanama2025_fixed\041225_experimental\041225PA_experimental_part05.mp4,1900-01-01 19:30:18.600,1455
75782,1097,81,11.5,111.0,178.0,248.85714285714283,D:\AprPanama2025_fixed\041225_experimental\041225PA_experimental_part05.mp4,1900-01-01 19:30:18.200,1437
75782,1103,247,2.5,114.0,131.0,242.42857142857144,D:\AprPanama2025_fixed\041225_experimental\041225PA_experimental_part05.mp4,1900-01-01 19:30:18.200,1443
75782,1116,261,13.5,119.0,178.0,245.9047619047619,D:\AprPanama2025_fixed\041225_experimental\041225PA_experimental_part05.mp4,1900-01-01 19:30:18.200,1456
75782,1122,277,9.0,0.0,168.0,186.53333333333333,D:\AprPanama2025_fixed\041225_experimental\041225PA_experimental_part05.mp4,1900-01-01 19:30:18.200,1462
75782,1122,277,2.0,0.0,168.0,158.20000000000002,D:\AprPanama2025_fixed\041225_experimental\041225PA_experimental_part05.mp4,1900-01-01 19:30:18.200,1462
75785,1097,81,8.5,111.0,173.0,248.5625,D:\AprPanama2025_fixed\041225_experimental\041225PA_experimental_part05.mp4,1900-01-01 19:30:18.500,1437
75785,717,216,9.0,129.0,178.0,247.33333333333331,D:\AprPanama2025_fixed\041225_experimental\041225PA_experimental_part05.mp4,1900-01-01 19:30:18.500,1057
75785,1103,247,8.0,118.0,179.0,235.9375,D:\AprPanama2025_fixed\041225_experimental\041225PA_experimental_part05.mp4,1900-01-01 19:30:18.500,1443
75785,1116,260,8.5,111.0,164.0,252.0625,D:\AprPanama2025_fixed\041225_experimental\041225PA_experimental_part05.mp4,1900-01-01 19:30:18.500,1456
75788,1096,80,2.0,128.0,167.0,250.3333333333333,D:\AprPanama2025_fixed\041225_experimental\041225PA_experimental_part05.mp4,1900-01-01 19:30:18.800,1436
75788,717,217,12.5,115.0,176.0,247.85,D:\AprPanama2025_fixed\041225_experimental\041225PA_experimental_part05.mp4,1900-01-01 19:30:18.800,1057
75788,1114,260,3.0,112.0,159.0,254.7142857142857,D:\AprPanama2025_fixed\041225_experimental\041225PA_experimental_part05.mp4,1900-01-01 19:30:18.800,1454
75781,1097,81,18.5,117.0,179.0,249.0,D:\AprPanama2025_fixed\041225_experimental\041225PA_experimental_part05.mp4,1900-01-01 19:30:18.100,1437
75781,1116,261,11.5,116.0,177.0,248.2631578947368,D:\AprPanama2025_fixed\041225_experimental\041225PA_experimental_part05.mp4,1900-01-01 19:30:18.100,1456
75781,1122,277,3.5,111.0,184.0,239.3333333333333,D:\AprPanama2025_fixed\041225_experimental\041225PA_experimental_part05.mp4,1900-01-01 19:30:18.100,1462
75783,1097,81,11.5,111.0,178.0,248.85714285714283,D:\AprPanama2025_fixed\041225_experimental\041225PA_experimental_part05.mp4,1900-01-01 19:30:18.300,1437
75783,1104,247,1.5,115.0,142.0,253.875,D:\AprPanama2025_fixed\041225_experimental\041225PA_experimental_part05.mp4,1900-01-01 19:30:18.300,1444
75783,1116,261,15.5,114.0,177.0,245.5,D:\AprPanama2025_fixed\041225_experimental\041225PA_experimental_part05.mp4,1900-01-01 19:30:18.300,1456
75783,1122,277,3.0,112.0,150.0,204.4,D:\AprPanama2025_fixed\041225_experimental\041225PA_experimental_part05.mp4,1900-01-01 19:30:18.300,1462
75795,1110,199,2.5,113.0,149.0,255.0,D:\AprPanama2025_fixed\041225_experimental\041225PA_experimental_part05.mp4,1900-01-01 19:30:19.500,1450
75795,719,217,3.5,125.0,161.0,151.875,D:\AprPanama2025_fixed\041225_experimental\041225PA_experimental_part05.mp4,1900-01-01 19:30:19.500,1059
75792,1111,200,3.5,121.0,155.0,251.375,D:\AprPanama2025_fixed\041225_experimental\041225PA_experimental_part05.mp4,1900-01-01 19:30:19.200,1451
75792,719,217,7.5,128.0,173.0,246.07142857142856,D:\AprPanama2025_fixed\041225_experimental\041225PA_experimental_part05.mp4,1900-01-01 19:30:19.200,1059
75790,719,217,11.5,119.0,179.0,246.2222222222222,D:\AprPanama2025_fixed\041225_experimental\041225PA_experimental_part05.mp4,1900-01-01 19:30:19.000,1059
75790,1114,259,1.5,134.0,151.0,255.0,D:\AprPanama2025_fixed\041225_experimental\041225PA_experimental_part05.mp4,1900-01-01 19:30:19.000,1454
75794,1110,200,7.0,102.0,162.0,248.85714285714283,D:\AprPanama2025_fixed\041225_experimental\041225PA_experimental_part05.mp4,1900-01-01 19:30:19.400,1450
75794,1111,200,2.0,102.0,145.0,241.4,D:\AprPanama2025_fixed\041225_experimental\041225PA_experimental_part05.mp4,1900-01-01 19:30:19.400,1451
75794,720,218,3.5,112.0,176.0,251.125,D:\AprPanama2025_fixed\041225_experimental\041225PA_experimental_part05.mp4,1900-01-01 19:30:19.400,1060
75793,719,217,8.5,112.0,179.0,228.2,D:\AprPanama2025_fixed\041225_experimental\041225PA_experimental_part05.mp4,1900-01-01 19:30:19.300,1059
75791,719,217,7.0,115.0,175.0,243.6923076923077,D:\AprPanama2025_fixed\041225_experimental\041225PA_experimental_part05.mp4,1900-01-01 19:30:19.100,1059
75791,1114,259,2.0,111.0,144.0,254.14285714285717,D:\AprPanama2025_fixed\041225_experimental\041225PA_experimental_part05.mp4,1900-01-01 19:30:19.100,1454
75789,1096,80,2.0,128.0,167.0,250.3333333333333,D:\AprPanama2025_fixed\041225_experimental\041225PA_experimental_part05.mp4,1900-01-01 19:30:18.900,1436
75789,719,217,7.0,117.0,179.0,246.84615384615387,D:\AprPanama2025_fixed\041225_experimental\041225PA_experimental_part05.mp4,1900-01-01 19:30:18.900,1059
75789,1114,260,1.5,116.0,154.0,254.2,D:\AprPanama2025_fixed\041225_experimental\041225PA_experimental_part05.mp4,1900-01-01 19:30:18.900,1454
75798,720,218,3.5,112.0,174.0,232.625,D:\AprPanama2025_fixed\041225_experimental\041225PA_experimental_part05.mp4,1900-01-01 19:30:19.800,1060
75802,1102,146,2.5,114.0,158.0,251.0,D:\AprPanama2025_fixed\041225_experimental\041225PA_experimental_part05.mp4,1900-01-01 19:30:20.200,1442
75802,722,218,2.0,112.0,173.0,214.16666666666663,D:\AprPanama2025_fixed\041225_experimental\041225PA_experimental_part05.mp4,1900-01-01 19:30:20.200,1062
75803,1102,146,3.0,119.0,158.0,255.0,D:\AprPanama2025_fixed\041225_experimental\041225PA_experimental_part05.mp4,1900-01-01 19:30:20.300,1442
75803,722,218,2.0,112.0,173.0,214.16666666666663,D:\AprPanama2025_fixed\041225_experimental\041225PA_experimental_part05.mp4,1900-01-01 19:30:20.300,1062
75803,960,247,5.5,111.0,171.0,236.57142857142856,D:\AprPanama2025_fixed\041225_experimental\041225PA_experimental_part05.mp4,1900-01-01 19:30:20.300,1300
75804,1102,146,5.5,112.0,161.0,250.92307692307693,D:\AprPanama2025_fixed\041225_experimental\041225PA_experimental_part05.mp4,1900-01-01 19:30:20.400,1442
75804,961,248,12.5,101.0,174.0,240.85,D:\AprPanama2025_fixed\041225_experimental\041225PA_experimental_part05.mp4,1900-01-01 19:30:20.400,1301
75804,962,247,2.0,101.0,174.0,250.6,D:\AprPanama2025_fixed\041225_experimental\041225PA_experimental_part05.mp4,1900-01-01 19:30:20.400,1302
75801,1102,146,1.5,121.0,142.0,252.66666666666663,D:\AprPanama2025_fixed\041225_experimental\041225PA_experimental_part05.mp4,1900-01-01 19:30:20.100,1442
75810,974,199,9.0,118.0,178.0,246.1764705882353,D:\AprPanama2025_fixed\041225_experimental\041225PA_experimental_part05.mp4,1900-01-01 19:30:21.000,1314
75806,1102,146,1.5,128.0,162.0,252.8333333333333,D:\AprPanama2025_fixed\041225_experimental\041225PA_experimental_part05.mp4,1900-01-01 19:30:20.600,1442
75806,962,248,8.0,111.0,172.0,244.9375,D:\AprPanama2025_fixed\041225_experimental\041225PA_experimental_part05.mp4,1900-01-01 19:30:20.600,1302
75812,974,200,21.0,112.0,179.0,246.8,D:\AprPanama2025_fixed\041225_experimental\041225PA_experimental_part05.mp4,1900-01-01 19:30:21.200,1314
75807,961,248,5.0,113.0,173.0,252.84615384615387,D:\AprPanama2025_fixed\041225_experimental\041225PA_experimental_part05.mp4,1900-01-01 19:30:20.700,1301
75811,974,199,17.5,112.0,179.0,237.2692307692308,D:\AprPanama2025_fixed\041225_experimental\041225PA_experimental_part05.mp4,1900-01-01 19:30:21.100,1314
75808,961,248,4.0,115.0,174.0,229.77777777777777,D:\AprPanama2025_fixed\041225_experimental\041225PA_experimental_part05.mp4,1900-01-01 19:30:20.800,1301
75805,1102,146,1.5,120.0,153.0,255.0,D:\AprPanama2025_fixed\041225_experimental\041225PA_experimental_part05.mp4,1900-01-01 19:30:20.500,1442
75805,962,248,10.5,111.0,179.0,246.94444444444443,D:\AprPanama2025_fixed\041225_experimental\041225PA_experimental_part05.mp4,1900-01-01 19:30:20.500,1302
75809,962,248,1.5,122.0,159.0,246.6,D:\AprPanama2025_fixed\041225_experimental\041225PA_experimental_part05.mp4,1900-01-01 19:30:20.900,1302
75819,975,200,5.0,120.0,171.0,251.3636363636364,D:\AprPanama2025_fixed\041225_experimental\041225PA_experimental_part05.mp4,1900-01-01 19:30:21.900,1315
75814,974,200,19.5,117.0,179.0,238.1379310344828,D:\AprPanama2025_fixed\041225_experimental\041225PA_experimental_part05.mp4,1900-01-01 19:30:21.400,1314
75820,974,200,5.0,112.0,178.0,235.0909090909091,D:\AprPanama2025_fixed\041225_experimental\041225PA_experimental_part05.mp4,1900-01-01 19:30:22.000,1314
75813,974,200,22.5,119.0,179.0,240.71875,D:\AprPanama2025_fixed\041225_experimental\041225PA_experimental_part05.mp4,1900-01-01 19:30:21.300,1314
75818,974,200,10.0,119.0,186.0,251.94444444444443,D:\AprPanama2025_fixed\041225_experimental\041225PA_experimental_part05.mp4,1900-01-01 19:30:21.800,1314
75815,974,200,18.0,114.0,178.0,238.92592592592592,D:\AprPanama2025_fixed\041225_experimental\041225PA_experimental_part05.mp4,1900-01-01 19:30:21.500,1314
75816,974,200,11.5,111.0,177.0,249.3684210526316,D:\AprPanama2025_fixed\041225_experimental\041225PA_experimental_part05.mp4,1900-01-01 19:30:21.600,1314
75817,974,200,12.5,113.0,179.0,248.6,D:\AprPanama2025_fixed\041225_experimental\041225PA_experimental_part05.mp4,1900-01-01 19:30:21.700,1314
75821,974,201,2.0,124.0,171.0,246.42857142857144,D:\AprPanama2025_fixed\041225_experimental\041225PA_experimental_part05.mp4,1900-01-01 19:30:22.100,1314
75832,466,199,13.0,113.0,179.0,238.45,D:\AprPanama2025_fixed\041225_experimental\041225PA_experimental_part05.mp4,1900-01-01 19:30:23.200,806
75836,466,199,15.5,116.0,179.0,251.6086956521739,D:\AprPanama2025_fixed\041225_experimental\041225PA_experimental_part05.mp4,1900-01-01 19:30:23.600,806
75833,467,199,13.0,125.0,179.0,244.15,D:\AprPanama2025_fixed\041225_experimental\041225PA_experimental_part05.mp4,1900-01-01 19:30:23.300,807
75834,466,199,15.5,114.0,179.0,250.69565217391303,D:\AprPanama2025_fixed\041225_experimental\041225PA_experimental_part05.mp4,1900-01-01 19:30:23.400,806
75830,466,198,1.5,141.0,157.0,151.8,D:\AprPanama2025_fixed\041225_experimental\041225PA_experimental_part05.mp4,1900-01-01 19:30:23.000,806
75831,466,198,4.0,118.0,179.0,247.875,D:\AprPanama2025_fixed\041225_experimental\041225PA_experimental_part05.mp4,1900-01-01 19:30:23.100,806
75835,466,199,15.5,115.0,179.0,251.6086956521739,D:\AprPanama2025_fixed\041225_experimental\041225PA_experimental_part05.mp4,1900-01-01 19:30:23.500,806
75842,467,199,14.0,121.0,179.0,250.6818181818182,D:\AprPanama2025_fixed\041225_experimental\041225PA_experimental_part05.mp4,1900-01-01 19:30:24.200,807
75841,467,199,13.5,128.0,179.0,249.85714285714283,D:\AprPanama2025_fixed\041225_experimental\041225PA_experimental_part05.mp4,1900-01-01 19:30:24.100,807
75837,466,199,15.5,116.0,179.0,251.6086956521739,D:\AprPanama2025_fixed\041225_experimental\041225PA_experimental_part05.mp4,1900-01-01 19:30:23.700,806
75843,467,199,13.5,136.0,179.0,250.7142857142857,D:\AprPanama2025_fixed\041225_experimental\041225PA_experimental_part05.mp4,1900-01-01 19:30:24.300,807
75839,466,199,16.0,115.0,179.0,248.4583333333333,D:\AprPanama2025_fixed\041225_experimental\041225PA_experimental_part05.mp4,1900-01-01 19:30:23.900,806
75840,467,198,15.0,113.0,179.0,249.08695652173915,D:\AprPanama2025_fixed\041225_experimental\041225PA_experimental_part05.mp4,1900-01-01 19:30:24.000,807
75844,467,199,13.5,133.0,178.0,246.85714285714283,D:\AprPanama2025_fixed\041225_experimental\041225PA_experimental_part05.mp4,1900-01-01 19:30:24.400,807
75838,466,199,17.0,111.0,179.0,253.0,D:\AprPanama2025_fixed\041225_experimental\041225PA_experimental_part05.mp4,1900-01-01 19:30:23.800,806
75850,468,199,9.5,126.0,179.0,253.8125,D:\AprPanama2025_fixed\041225_experimental\041225PA_experimental_part05.mp4,1900-01-01 19:30:25.000,808
75847,467,199,11.5,111.0,178.0,246.7894736842105,D:\AprPanama2025_fixed\041225_experimental\041225PA_experimental_part05.mp4,1900-01-01 19:30:24.700,807
75849,468,199,10.0,122.0,185.0,252.64705882352945,D:\AprPanama2025_fixed\041225_experimental\041225PA_experimental_part05.mp4,1900-01-01 19:30:24.900,808
75851,467,199,8.0,127.0,179.0,251.6,D:\AprPanama2025_fixed\041225_experimental\041225PA_experimental_part05.mp4,1900-01-01 19:30:25.100,807
75848,467,199,10.0,112.0,185.0,246.2941176470588,D:\AprPanama2025_fixed\041225_experimental\041225PA_experimental_part05.mp4,1900-01-01 19:30:24.800,807
75845,467,198,12.0,127.0,241.0,242.42105263157893,D:\AprPanama2025_fixed\041225_experimental\041225PA_experimental_part05.mp4,1900-01-01 19:30:24.500,807
75852,467,199,10.0,114.0,178.0,250.11764705882356,D:\AprPanama2025_fixed\041225_experimental\041225PA_experimental_part05.mp4,1900-01-01 19:30:25.200,807
75846,467,198,12.5,121.0,179.0,253.4,D:\AprPanama2025_fixed\041225_experimental\041225PA_experimental_part05.mp4,1900-01-01 19:30:24.600,807
75856,467,199,10.0,118.0,179.0,246.11764705882356,D:\AprPanama2025_fixed\041225_experimental\041225PA_experimental_part05.mp4,1900-01-01 19:30:25.600,807
75858,468,199,11.5,122.0,179.0,246.1052631578947,D:\AprPanama2025_fixed\041225_experimental\041225PA_experimental_part05.mp4,1900-01-01 19:30:25.800,808
75855,467,199,11.0,117.0,179.0,251.1111111111111,D:\AprPanama2025_fixed\041225_experimental\041225PA_experimental_part05.mp4,1900-01-01 19:30:25.500,807
75853,467,199,12.0,114.0,178.0,249.8947368421053,D:\AprPanama2025_fixed\041225_experimental\041225PA_experimental_part05.mp4,1900-01-01 19:30:25.300,807
75859,468,199,11.5,122.0,179.0,246.1052631578947,D:\AprPanama2025_fixed\041225_experimental\041225PA_experimental_part05.mp4,1900-01-01 19:30:25.900,808
75860,468,199,12.5,122.0,179.0,240.65,D:\AprPanama2025_fixed\041225_experimental\041225PA_experimental_part05.mp4,1900-01-01 19:30:26.000,808
75854,467,199,12.0,114.0,178.0,248.7894736842105,D:\AprPanama2025_fixed\041225_experimental\041225PA_experimental_part05.mp4,1900-01-01 19:30:25.400,807
75857,467,199,10.0,118.0,179.0,247.1764705882353,D:\AprPanama2025_fixed\041225_experimental\041225PA_experimental_part05.mp4,1900-01-01 19:30:25.700,807
75863,469,200,7.0,114.0,179.0,246.15384615384616,D:\AprPanama2025_fixed\041225_experimental\041225PA_experimental_part05.mp4,1900-01-01 19:30:26.300,809
75865,469,200,7.0,114.0,179.0,246.15384615384616,D:\AprPanama2025_fixed\041225_experimental\041225PA_experimental_part05.mp4,1900-01-01 19:30:26.500,809
75866,468,200,7.5,121.0,178.0,245.46153846153848,D:\AprPanama2025_fixed\041225_experimental\041225PA_experimental_part05.mp4,1900-01-01 19:30:26.600,808
75867,468,200,7.5,121.0,178.0,245.46153846153848,D:\AprPanama2025_fixed\041225_experimental\041225PA_experimental_part05.mp4,1900-01-01 19:30:26.700,808
75868,469,200,6.5,116.0,178.0,242.16666666666663,D:\AprPanama2025_fixed\041225_experimental\041225PA_experimental_part05.mp4,1900-01-01 19:30:26.800,809
75864,469,200,7.0,114.0,179.0,246.15384615384616,D:\AprPanama2025_fixed\041225_experimental\041225PA_experimental_part05.mp4,1900-01-01 19:30:26.400,809
75862,469,199,10.0,111.0,178.0,237.58823529411765,D:\AprPanama2025_fixed\041225_experimental\041225PA_experimental_part05.mp4,1900-01-01 19:30:26.200,809
75861,468,200,10.0,113.0,179.0,244.94117647058823,D:\AprPanama2025_fixed\041225_experimental\041225PA_experimental_part05.mp4,1900-01-01 19:30:26.100,808
75875,469,202,3.5,121.0,170.0,213.0,D:\AprPanama2025_fixed\041225_experimental\041225PA_experimental_part05.mp4,1900-01-01 19:30:27.500,809
75871,469,201,3.5,117.0,166.0,220.77777777777777,D:\AprPanama2025_fixed\041225_experimental\041225PA_experimental_part05.mp4,1900-01-01 19:30:27.100,809
75870,469,201,7.5,115.0,177.0,238.84615384615387,D:\AprPanama2025_fixed\041225_experimental\041225PA_experimental_part05.mp4,1900-01-01 19:30:27.000,809
75876,469,202,3.5,112.0,168.0,193.77777777777777,D:\AprPanama2025_fixed\041225_experimental\041225PA_experimental_part05.mp4,1900-01-01 19:30:27.600,809
75869,469,200,6.5,116.0,178.0,242.16666666666663,D:\AprPanama2025_fixed\041225_experimental\041225PA_experimental_part05.mp4,1900-01-01 19:30:26.900,809
75874,469,201,5.5,137.0,171.0,225.1818181818182,D:\AprPanama2025_fixed\041225_experimental\041225PA_experimental_part05.mp4,1900-01-01 19:30:27.400,809
75873,469,201,7.0,115.0,178.0,230.46153846153848,D:\AprPanama2025_fixed\041225_experimental\041225PA_experimental_part05.mp4,1900-01-01 19:30:27.300,809
75872,469,201,8.0,114.0,174.0,216.5,D:\AprPanama2025_fixed\041225_experimental\041225PA_experimental_part05.mp4,1900-01-01 19:30:27.200,809
75879,470,202,1.5,155.0,175.0,228.6,D:\AprPanama2025_fixed\041225_experimental\041225PA_experimental_part05.mp4,1900-01-01 19:30:27.900,810
75878,470,202,1.5,155.0,175.0,228.6,D:\AprPanama2025_fixed\041225_experimental\041225PA_experimental_part05.mp4,1900-01-01 19:30:27.800,810
75884,470,204,1.5,156.0,162.0,194.0,D:\AprPanama2025_fixed\041225_experimental\041225PA_experimental_part05.mp4,1900-01-01 19:30:28.400,810
75880,470,203,1.5,117.0,150.0,250.0,D:\AprPanama2025_fixed\041225_experimental\041225PA_experimental_part05.mp4,1900-01-01 19:30:28.000,810
75877,469,202,3.0,145.0,176.0,211.625,D:\AprPanama2025_fixed\041225_experimental\041225PA_experimental_part05.mp4,1900-01-01 19:30:27.700,809
75890,470,206,1.5,114.0,163.0,224.6,D:\AprPanama2025_fixed\041225_experimental\041225PA_experimental_part05.mp4,1900-01-01 19:30:29.000,810
75887,470,205,1.5,113.0,180.0,244.0,D:\AprPanama2025_fixed\041225_experimental\041225PA_experimental_part05.mp4,1900-01-01 19:30:28.700,810
75885,470,204,1.5,156.0,162.0,194.0,D:\AprPanama2025_fixed\041225_experimental\041225PA_experimental_part05.mp4,1900-01-01 19:30:28.500,810
76835,1074,94,11.5,114.0,188.0,229.44444444444443,D:\AprPanama2025_fixed\041225_experimental\041225PA_experimental_part05.mp4,1900-01-01 19:32:03.500,1414
76836,1074,94,10.5,124.0,179.0,248.58823529411765,D:\AprPanama2025_fixed\041225_experimental\041225PA_experimental_part05.mp4,1900-01-01 19:32:03.600,1414
76837,1074,94,13.0,113.0,178.0,239.05,D:\AprPanama2025_fixed\041225_experimental\041225PA_experimental_part05.mp4,1900-01-01 19:32:03.700,1414
76840,1074,94,9.5,115.0,175.0,239.8823529411765,D:\AprPanama2025_fixed\041225_experimental\041225PA_experimental_part05.mp4,1900-01-01 19:32:04.000,1414
76843,1074,94,7.5,112.0,168.0,227.53333333333333,D:\AprPanama2025_fixed\041225_experimental\041225PA_experimental_part05.mp4,1900-01-01 19:32:04.300,1414
76838,1074,93,14.5,116.0,178.0,234.13636363636363,D:\AprPanama2025_fixed\041225_experimental\041225PA_experimental_part05.mp4,1900-01-01 19:32:03.800,1414
76842,1074,94,7.5,130.0,172.0,243.92857142857144,D:\AprPanama2025_fixed\041225_experimental\041225PA_experimental_part05.mp4,1900-01-01 19:32:04.200,1414
76841,1074,94,9.5,123.0,174.0,236.35294117647055,D:\AprPanama2025_fixed\041225_experimental\041225PA_experimental_part05.mp4,1900-01-01 19:32:04.100,1414
76844,1074,94,6.0,118.0,171.0,247.91666666666663,D:\AprPanama2025_fixed\041225_experimental\041225PA_experimental_part05.mp4,1900-01-01 19:32:04.400,1414
76839,1074,93,12.5,118.0,179.0,229.5,D:\AprPanama2025_fixed\041225_experimental\041225PA_experimental_part05.mp4,1900-01-01 19:32:03.900,1414
76846,1074,93,3.0,117.0,155.0,188.5,D:\AprPanama2025_fixed\041225_experimental\041225PA_experimental_part05.mp4,1900-01-01 19:32:04.600,1414
76847,1073,93,2.5,117.0,153.0,189.57142857142856,D:\AprPanama2025_fixed\041225_experimental\041225PA_experimental_part05.mp4,1900-01-01 19:32:04.700,1413
76845,1074,93,2.5,117.0,162.0,242.625,D:\AprPanama2025_fixed\041225_experimental\041225PA_experimental_part05.mp4,1900-01-01 19:32:04.500,1414
77140,19,53,5.0,116.0,164.0,173.3,D:\AprPanama2025_fixed\041225_experimental\041225PA_experimental_part05.mp4,1900-01-01 19:32:34.000,359
77138,18,54,3.5,116.0,158.0,135.5,D:\AprPanama2025_fixed\041225_experimental\041225PA_experimental_part05.mp4,1900-01-01 19:32:33.800,358
77139,18,54,3.5,116.0,158.0,135.5,D:\AprPanama2025_fixed\041225_experimental\041225PA_experimental_part05.mp4,1900-01-01 19:32:33.900,358
77144,19,53,3.5,112.0,159.0,175.375,D:\AprPanama2025_fixed\041225_experimental\041225PA_experimental_part05.mp4,1900-01-01 19:32:34.400,359
77146,19,53,3.0,111.0,166.0,161.125,D:\AprPanama2025_fixed\041225_experimental\041225PA_experimental_part05.mp4,1900-01-01 19:32:34.600,359
77141,19,53,5.0,115.0,164.0,174.8,D:\AprPanama2025_fixed\041225_experimental\041225PA_experimental_part05.mp4,1900-01-01 19:32:34.100,359
77142,19,53,3.5,115.0,160.0,171.375,D:\AprPanama2025_fixed\041225_experimental\041225PA_experimental_part05.mp4,1900-01-01 19:32:34.200,359
77145,19,53,2.0,112.0,164.0,166.85714285714286,D:\AprPanama2025_fixed\041225_experimental\041225PA_experimental_part05.mp4,1900-01-01 19:32:34.500,359
77143,19,53,3.5,114.0,159.0,173.5,D:\AprPanama2025_fixed\041225_experimental\041225PA_experimental_part05.mp4,1900-01-01 19:32:34.300,359
77152,19,52,2.0,120.0,150.0,120.83333333333331,D:\AprPanama2025_fixed\041225_experimental\041225PA_experimental_part05.mp4,1900-01-01 19:32:35.200,359
77151,19,52,2.0,120.0,150.0,120.83333333333331,D:\AprPanama2025_fixed\041225_experimental\041225PA_experimental_part05.mp4,1900-01-01 19:32:35.100,359
77449,1041,106,3.0,121.0,154.0,226.66666666666663,D:\AprPanama2025_fixed\041225_experimental\041225PA_experimental_part05.mp4,1900-01-01 19:33:04.900,1381
77451,1042,107,15.5,112.0,179.0,234.69565217391303,D:\AprPanama2025_fixed\041225_experimental\041225PA_experimental_part05.mp4,1900-01-01 19:33:05.100,1382
77452,1042,107,15.0,123.0,178.0,247.16666666666663,D:\AprPanama2025_fixed\041225_experimental\041225PA_experimental_part05.mp4,1900-01-01 19:33:05.200,1382
77450,1041,107,8.5,113.0,177.0,248.13333333333333,D:\AprPanama2025_fixed\041225_experimental\041225PA_experimental_part05.mp4,1900-01-01 19:33:05.000,1381
77457,1046,63,12.0,124.0,179.0,247.4736842105263,D:\AprPanama2025_fixed\041225_experimental\041225PA_experimental_part05.mp4,1900-01-01 19:33:05.700,1386
77457,1043,107,18.0,112.0,179.0,251.80769230769232,D:\AprPanama2025_fixed\041225_experimental\041225PA_experimental_part05.mp4,1900-01-01 19:33:05.700,1383
77456,1046,63,12.0,135.0,179.0,242.73684210526315,D:\AprPanama2025_fixed\041225_experimental\041225PA_experimental_part05.mp4,1900-01-01 19:33:05.600,1386
77456,1043,107,16.5,119.0,179.0,250.56,D:\AprPanama2025_fixed\041225_experimental\041225PA_experimental_part05.mp4,1900-01-01 19:33:05.600,1383
77459,1046,64,12.5,111.0,179.0,250.0526315789473,D:\AprPanama2025_fixed\041225_experimental\041225PA_experimental_part05.mp4,1900-01-01 19:33:05.900,1386
77459,1043,107,13.0,112.0,179.0,245.54545454545456,D:\AprPanama2025_fixed\041225_experimental\041225PA_experimental_part05.mp4,1900-01-01 19:33:05.900,1383
77455,1046,63,12.0,111.0,178.0,239.6315789473684,D:\AprPanama2025_fixed\041225_experimental\041225PA_experimental_part05.mp4,1900-01-01 19:33:05.500,1386
77455,1042,107,19.0,131.0,179.0,252.60714285714283,D:\AprPanama2025_fixed\041225_experimental\041225PA_experimental_part05.mp4,1900-01-01 19:33:05.500,1382
77454,1046,63,10.5,121.0,179.0,235.1764705882353,D:\AprPanama2025_fixed\041225_experimental\041225PA_experimental_part05.mp4,1900-01-01 19:33:05.400,1386
77454,1043,107,20.0,116.0,179.0,247.27586206896552,D:\AprPanama2025_fixed\041225_experimental\041225PA_experimental_part05.mp4,1900-01-01 19:33:05.400,1383
77458,1047,63,14.0,123.0,179.0,243.52380952380952,D:\AprPanama2025_fixed\041225_experimental\041225PA_experimental_part05.mp4,1900-01-01 19:33:05.800,1387
77458,1043,107,13.0,112.0,179.0,245.54545454545456,D:\AprPanama2025_fixed\041225_experimental\041225PA_experimental_part05.mp4,1900-01-01 19:33:05.800,1383
77460,1046,64,11.5,122.0,179.0,249.55555555555557,D:\AprPanama2025_fixed\041225_experimental\041225PA_experimental_part05.mp4,1900-01-01 19:33:06.000,1386
77460,1043,107,14.5,112.0,179.0,248.0434782608696,D:\AprPanama2025_fixed\041225_experimental\041225PA_experimental_part05.mp4,1900-01-01 19:33:06.000,1383
77453,1046,62,1.5,123.0,158.0,247.2,D:\AprPanama2025_fixed\041225_experimental\041225PA_experimental_part05.mp4,1900-01-01 19:33:05.300,1386
77453,1042,107,15.0,123.0,178.0,247.16666666666663,D:\AprPanama2025_fixed\041225_experimental\041225PA_experimental_part05.mp4,1900-01-01 19:33:05.300,1382
77468,1045,106,6.0,112.0,179.0,246.25,D:\AprPanama2025_fixed\041225_experimental\041225PA_experimental_part05.mp4,1900-01-01 19:33:06.800,1385
77464,1046,63,4.0,112.0,175.0,245.8,D:\AprPanama2025_fixed\041225_experimental\041225PA_experimental_part05.mp4,1900-01-01 19:33:06.400,1386
77464,1044,107,10.0,111.0,179.0,235.8125,D:\AprPanama2025_fixed\041225_experimental\041225PA_experimental_part05.mp4,1900-01-01 19:33:06.400,1384
77462,1046,63,7.5,114.0,179.0,241.78571428571428,D:\AprPanama2025_fixed\041225_experimental\041225PA_experimental_part05.mp4,1900-01-01 19:33:06.200,1386
77462,1044,107,17.0,113.0,179.0,240.3846153846154,D:\AprPanama2025_fixed\041225_experimental\041225PA_experimental_part05.mp4,1900-01-01 19:33:06.200,1384
77461,1046,63,9.5,121.0,184.0,247.125,D:\AprPanama2025_fixed\041225_experimental\041225PA_experimental_part05.mp4,1900-01-01 19:33:06.100,1386
77461,1043,107,14.5,112.0,179.0,248.0434782608696,D:\AprPanama2025_fixed\041225_experimental\041225PA_experimental_part05.mp4,1900-01-01 19:33:06.100,1383
77466,1046,63,3.5,120.0,171.0,246.1111111111111,D:\AprPanama2025_fixed\041225_experimental\041225PA_experimental_part05.mp4,1900-01-01 19:33:06.600,1386
77466,1044,106,10.5,113.0,178.0,232.66666666666663,D:\AprPanama2025_fixed\041225_experimental\041225PA_experimental_part05.mp4,1900-01-01 19:33:06.600,1384
77467,1044,106,7.0,112.0,179.0,243.5,D:\AprPanama2025_fixed\041225_experimental\041225PA_experimental_part05.mp4,1900-01-01 19:33:06.700,1384
77463,1046,63,4.5,114.0,178.0,239.8181818181818,D:\AprPanama2025_fixed\041225_experimental\041225PA_experimental_part05.mp4,1900-01-01 19:33:06.300,1386
77463,1044,107,16.5,112.0,179.0,239.72,D:\AprPanama2025_fixed\041225_experimental\041225PA_experimental_part05.mp4,1900-01-01 19:33:06.300,1384
77465,1046,63,3.5,119.0,176.0,210.44444444444443,D:\AprPanama2025_fixed\041225_experimental\041225PA_experimental_part05.mp4,1900-01-01 19:33:06.500,1386
77465,1044,107,10.5,117.0,179.0,248.38888888888889,D:\AprPanama2025_fixed\041225_experimental\041225PA_experimental_part05.mp4,1900-01-01 19:33:06.500,1384
77473,1045,45,11.0,99.0,164.0,240.8333333333333,D:\AprPanama2025_fixed\041225_experimental\041225PA_experimental_part05.mp4,1900-01-01 19:33:07.300,1385
77473,1045,44,2.0,99.0,164.0,229.4,D:\AprPanama2025_fixed\041225_experimental\041225PA_experimental_part05.mp4,1900-01-01 19:33:07.300,1385
77473,1044,106,4.0,116.0,154.0,209.91666666666663,D:\AprPanama2025_fixed\041225_experimental\041225PA_experimental_part05.mp4,1900-01-01 19:33:07.300,1384
77475,1044,44,4.0,112.0,167.0,237.55555555555557,D:\AprPanama2025_fixed\041225_experimental\041225PA_experimental_part05.mp4,1900-01-01 19:33:07.500,1384
77471,1045,45,11.5,120.0,173.0,239.2631578947368,D:\AprPanama2025_fixed\041225_experimental\041225PA_experimental_part05.mp4,1900-01-01 19:33:07.100,1385
77471,1045,106,4.0,112.0,176.0,248.5,D:\AprPanama2025_fixed\041225_experimental\041225PA_experimental_part05.mp4,1900-01-01 19:33:07.100,1385
77472,1045,45,12.5,111.0,175.0,243.65,D:\AprPanama2025_fixed\041225_experimental\041225PA_experimental_part05.mp4,1900-01-01 19:33:07.200,1385
77472,1044,106,4.0,112.0,157.0,184.91666666666663,D:\AprPanama2025_fixed\041225_experimental\041225PA_experimental_part05.mp4,1900-01-01 19:33:07.200,1384
77470,1045,45,11.5,116.0,179.0,246.3684210526316,D:\AprPanama2025_fixed\041225_experimental\041225PA_experimental_part05.mp4,1900-01-01 19:33:07.000,1385
77470,1044,107,6.5,112.0,179.0,240.23076923076923,D:\AprPanama2025_fixed\041225_experimental\041225PA_experimental_part05.mp4,1900-01-01 19:33:07.000,1384
77474,1045,45,10.0,114.0,167.0,245.05555555555557,D:\AprPanama2025_fixed\041225_experimental\041225PA_experimental_part05.mp4,1900-01-01 19:33:07.400,1385
77469,1045,44,3.5,115.0,152.0,252.0,D:\AprPanama2025_fixed\041225_experimental\041225PA_experimental_part05.mp4,1900-01-01 19:33:06.900,1385
77469,1045,106,4.5,118.0,179.0,244.0909090909091,D:\AprPanama2025_fixed\041225_experimental\041225PA_experimental_part05.mp4,1900-01-01 19:33:06.900,1385
77477,1045,106,2.0,113.0,151.0,204.3333333333333,D:\AprPanama2025_fixed\041225_experimental\041225PA_experimental_part05.mp4,1900-01-01 19:33:07.700,1385
78884,884,46,6.0,128.0,172.0,251.45454545454547,D:\AprPanama2025_fixed\041225_experimental\041225PA_experimental_part05.mp4,1900-01-01 19:35:28.400,1224
78888,886,47,30.5,113.0,179.0,246.0,D:\AprPanama2025_fixed\041225_experimental\041225PA_experimental_part05.mp4,1900-01-01 19:35:28.800,1226
78892,886,46,22.0,117.0,178.0,244.1515151515152,D:\AprPanama2025_fixed\041225_experimental\041225PA_experimental_part05.mp4,1900-01-01 19:35:29.200,1226
78892,1140,190,1.5,123.0,154.0,254.8333333333333,D:\AprPanama2025_fixed\041225_experimental\041225PA_experimental_part05.mp4,1900-01-01 19:35:29.200,1480
78890,886,47,27.5,116.0,179.0,245.6052631578947,D:\AprPanama2025_fixed\041225_experimental\041225PA_experimental_part05.mp4,1900-01-01 19:35:29.000,1226
78885,885,47,10.5,112.0,179.0,244.94444444444443,D:\AprPanama2025_fixed\041225_experimental\041225PA_experimental_part05.mp4,1900-01-01 19:35:28.500,1225
78887,886,47,19.0,113.0,179.0,246.67857142857144,D:\AprPanama2025_fixed\041225_experimental\041225PA_experimental_part05.mp4,1900-01-01 19:35:28.700,1226
78886,886,47,18.5,116.0,179.0,247.3333333333333,D:\AprPanama2025_fixed\041225_experimental\041225PA_experimental_part05.mp4,1900-01-01 19:35:28.600,1226
78891,886,46,24.5,113.0,179.0,247.3235294117647,D:\AprPanama2025_fixed\041225_experimental\041225PA_experimental_part05.mp4,1900-01-01 19:35:29.100,1226
78889,886,47,27.5,114.0,179.0,245.8684210526316,D:\AprPanama2025_fixed\041225_experimental\041225PA_experimental_part05.mp4,1900-01-01 19:35:28.900,1226
78895,886,46,17.0,116.0,177.0,244.03846153846155,D:\AprPanama2025_fixed\041225_experimental\041225PA_experimental_part05.mp4,1900-01-01 19:35:29.500,1226
78895,1140,189,10.5,120.0,177.0,244.1111111111111,D:\AprPanama2025_fixed\041225_experimental\041225PA_experimental_part05.mp4,1900-01-01 19:35:29.500,1480
78899,887,46,13.5,121.0,179.0,245.63636363636363,D:\AprPanama2025_fixed\041225_experimental\041225PA_experimental_part05.mp4,1900-01-01 19:35:29.900,1227
78899,1140,188,6.5,116.0,179.0,249.84615384615387,D:\AprPanama2025_fixed\041225_experimental\041225PA_experimental_part05.mp4,1900-01-01 19:35:29.900,1480
78897,887,46,16.0,112.0,179.0,241.88,D:\AprPanama2025_fixed\041225_experimental\041225PA_experimental_part05.mp4,1900-01-01 19:35:29.700,1227
78897,1139,189,10.5,17.0,179.0,233.27777777777777,D:\AprPanama2025_fixed\041225_experimental\041225PA_experimental_part05.mp4,1900-01-01 19:35:29.700,1479
78897,1140,189,2.0,17.0,176.0,220.4,D:\AprPanama2025_fixed\041225_experimental\041225PA_experimental_part05.mp4,1900-01-01 19:35:29.700,1480
78900,887,46,14.0,117.0,176.0,243.7391304347826,D:\AprPanama2025_fixed\041225_experimental\041225PA_experimental_part05.mp4,1900-01-01 19:35:30.000,1227
78896,886,46,16.5,112.0,179.0,244.73076923076923,D:\AprPanama2025_fixed\041225_experimental\041225PA_experimental_part05.mp4,1900-01-01 19:35:29.600,1226
78896,1139,189,10.0,121.0,179.0,235.23529411764704,D:\AprPanama2025_fixed\041225_experimental\041225PA_experimental_part05.mp4,1900-01-01 19:35:29.600,1479
78898,887,46,15.0,121.0,179.0,242.875,D:\AprPanama2025_fixed\041225_experimental\041225PA_experimental_part05.mp4,1900-01-01 19:35:29.800,1227
78898,1140,188,9.0,119.0,179.0,235.75,D:\AprPanama2025_fixed\041225_experimental\041225PA_experimental_part05.mp4,1900-01-01 19:35:29.800,1480
78894,886,46,18.0,117.0,179.0,247.07142857142856,D:\AprPanama2025_fixed\041225_experimental\041225PA_experimental_part05.mp4,1900-01-01 19:35:29.400,1226
78894,1139,189,11.0,116.0,178.0,239.15789473684208,D:\AprPanama2025_fixed\041225_experimental\041225PA_experimental_part05.mp4,1900-01-01 19:35:29.400,1479
78893,886,46,22.5,121.0,179.0,249.875,D:\AprPanama2025_fixed\041225_experimental\041225PA_experimental_part05.mp4,1900-01-01 19:35:29.300,1226
78893,1139,190,2.5,127.0,155.0,255.0,D:\AprPanama2025_fixed\041225_experimental\041225PA_experimental_part05.mp4,1900-01-01 19:35:29.300,1479
78906,984,60,7.0,112.0,178.0,245.42857142857144,D:\AprPanama2025_fixed\041225_experimental\041225PA_experimental_part05.mp4,1900-01-01 19:35:30.600,1324
78906,1140,185,2.0,113.0,146.0,206.25,D:\AprPanama2025_fixed\041225_experimental\041225PA_experimental_part05.mp4,1900-01-01 19:35:30.600,1480
78902,886,45,6.0,111.0,173.0,232.30769230769232,D:\AprPanama2025_fixed\041225_experimental\041225PA_experimental_part05.mp4,1900-01-01 19:35:30.200,1226
78902,1140,186,1.5,119.0,166.0,155.83333333333331,D:\AprPanama2025_fixed\041225_experimental\041225PA_experimental_part05.mp4,1900-01-01 19:35:30.200,1480
78908,886,45,1.5,115.0,170.0,247.6,D:\AprPanama2025_fixed\041225_experimental\041225PA_experimental_part05.mp4,1900-01-01 19:35:30.800,1226
78908,984,61,8.5,111.0,179.0,246.06666666666663,D:\AprPanama2025_fixed\041225_experimental\041225PA_experimental_part05.mp4,1900-01-01 19:35:30.800,1324
78903,886,45,4.0,114.0,172.0,251.3333333333333,D:\AprPanama2025_fixed\041225_experimental\041225PA_experimental_part05.mp4,1900-01-01 19:35:30.300,1226
78901,887,46,7.0,119.0,173.0,246.64285714285717,D:\AprPanama2025_fixed\041225_experimental\041225PA_experimental_part05.mp4,1900-01-01 19:35:30.100,1227
78905,886,45,2.0,117.0,179.0,240.16666666666663,D:\AprPanama2025_fixed\041225_experimental\041225PA_experimental_part05.mp4,1900-01-01 19:35:30.500,1226
78905,984,61,2.0,138.0,188.0,252.7142857142857,D:\AprPanama2025_fixed\041225_experimental\041225PA_experimental_part05.mp4,1900-01-01 19:35:30.500,1324
78905,1140,185,1.5,113.0,141.0,255.0,D:\AprPanama2025_fixed\041225_experimental\041225PA_experimental_part05.mp4,1900-01-01 19:35:30.500,1480
78907,886,45,1.5,115.0,170.0,247.6,D:\AprPanama2025_fixed\041225_experimental\041225PA_experimental_part05.mp4,1900-01-01 19:35:30.700,1226
78907,984,60,7.5,111.0,179.0,245.42857142857144,D:\AprPanama2025_fixed\041225_experimental\041225PA_experimental_part05.mp4,1900-01-01 19:35:30.700,1324
78904,886,45,2.0,119.0,156.0,255.0,D:\AprPanama2025_fixed\041225_experimental\041225PA_experimental_part05.mp4,1900-01-01 19:35:30.400,1226
78904,984,61,4.5,127.0,190.0,225.6,D:\AprPanama2025_fixed\041225_experimental\041225PA_experimental_part05.mp4,1900-01-01 19:35:30.400,1324
78904,1141,186,1.5,112.0,151.0,241.0,D:\AprPanama2025_fixed\041225_experimental\041225PA_experimental_part05.mp4,1900-01-01 19:35:30.400,1481
78910,984,60,4.0,136.0,171.0,249.44444444444443,D:\AprPanama2025_fixed\041225_experimental\041225PA_experimental_part05.mp4,1900-01-01 19:35:31.000,1324
78911,984,60,4.0,123.0,176.0,245.77777777777777,D:\AprPanama2025_fixed\041225_experimental\041225PA_experimental_part05.mp4,1900-01-01 19:35:31.100,1324
78913,984,61,2.5,120.0,167.0,215.16666666666663,D:\AprPanama2025_fixed\041225_experimental\041225PA_experimental_part05.mp4,1900-01-01 19:35:31.300,1324
78909,984,61,5.5,117.0,179.0,253.54545454545456,D:\AprPanama2025_fixed\041225_experimental\041225PA_experimental_part05.mp4,1900-01-01 19:35:30.900,1324
78917,986,37,1.5,113.0,154.0,253.2,D:\AprPanama2025_fixed\041225_experimental\041225PA_experimental_part05.mp4,1900-01-01 19:35:31.700,1326
79955,923,171,11.5,124.0,179.0,245.4736842105263,D:\AprPanama2025_fixed\041225_experimental\041225PA_experimental_part05.mp4,1900-01-01 19:37:15.500,1263
79954,921,171,3.5,142.0,175.0,210.0,D:\AprPanama2025_fixed\041225_experimental\041225PA_experimental_part05.mp4,1900-01-01 19:37:15.400,1261
79956,922,172,20.5,118.0,179.0,247.1379310344828,D:\AprPanama2025_fixed\041225_experimental\041225PA_experimental_part05.mp4,1900-01-01 19:37:15.600,1262
79963,996,63,13.0,146.0,179.0,250.47619047619045,D:\AprPanama2025_fixed\041225_experimental\041225PA_experimental_part05.mp4,1900-01-01 19:37:16.300,1336
79963,922,170,24.0,114.0,179.0,251.7058823529412,D:\AprPanama2025_fixed\041225_experimental\041225PA_experimental_part05.mp4,1900-01-01 19:37:16.300,1262
79962,997,63,12.5,126.0,179.0,244.0,D:\AprPanama2025_fixed\041225_experimental\041225PA_experimental_part05.mp4,1900-01-01 19:37:16.200,1337
79962,922,170,29.5,114.0,179.0,249.075,D:\AprPanama2025_fixed\041225_experimental\041225PA_experimental_part05.mp4,1900-01-01 19:37:16.200,1262
79959,922,171,29.0,117.0,179.0,251.15384615384613,D:\AprPanama2025_fixed\041225_experimental\041225PA_experimental_part05.mp4,1900-01-01 19:37:15.900,1262
79964,997,63,12.5,127.0,179.0,247.47619047619045,D:\AprPanama2025_fixed\041225_experimental\041225PA_experimental_part05.mp4,1900-01-01 19:37:16.400,1337
79964,922,170,23.5,111.0,179.0,247.0,D:\AprPanama2025_fixed\041225_experimental\041225PA_experimental_part05.mp4,1900-01-01 19:37:16.400,1262
79958,922,171,29.0,117.0,179.0,251.15384615384613,D:\AprPanama2025_fixed\041225_experimental\041225PA_experimental_part05.mp4,1900-01-01 19:37:15.800,1262
79960,997,63,10.5,111.0,179.0,233.55555555555557,D:\AprPanama2025_fixed\041225_experimental\041225PA_experimental_part05.mp4,1900-01-01 19:37:16.000,1337
79960,922,171,28.0,112.0,179.0,249.02631578947367,D:\AprPanama2025_fixed\041225_experimental\041225PA_experimental_part05.mp4,1900-01-01 19:37:16.000,1262
79957,922,172,27.5,111.0,179.0,249.7297297297297,D:\AprPanama2025_fixed\041225_experimental\041225PA_experimental_part05.mp4,1900-01-01 19:37:15.700,1262
79961,997,63,10.0,141.0,185.0,241.23529411764704,D:\AprPanama2025_fixed\041225_experimental\041225PA_experimental_part05.mp4,1900-01-01 19:37:16.100,1337
79961,922,171,26.5,123.0,178.0,248.8333333333333,D:\AprPanama2025_fixed\041225_experimental\041225PA_experimental_part05.mp4,1900-01-01 19:37:16.100,1262
79966,996,62,8.0,119.0,179.0,239.9375,D:\AprPanama2025_fixed\041225_experimental\041225PA_experimental_part05.mp4,1900-01-01 19:37:16.600,1336
79966,922,169,21.5,117.0,179.0,252.3548387096774,D:\AprPanama2025_fixed\041225_experimental\041225PA_experimental_part05.mp4,1900-01-01 19:37:16.600,1262
79965,996,63,14.5,114.0,179.0,244.6086956521739,D:\AprPanama2025_fixed\041225_experimental\041225PA_experimental_part05.mp4,1900-01-01 19:37:16.500,1336
79965,922,170,23.5,121.0,179.0,251.3636363636364,D:\AprPanama2025_fixed\041225_experimental\041225PA_experimental_part05.mp4,1900-01-01 19:37:16.500,1262
79969,996,62,7.5,117.0,178.0,243.78571428571428,D:\AprPanama2025_fixed\041225_experimental\041225PA_experimental_part05.mp4,1900-01-01 19:37:16.900,1336
79969,922,169,15.0,113.0,179.0,247.3043478260869,D:\AprPanama2025_fixed\041225_experimental\041225PA_experimental_part05.mp4,1900-01-01 19:37:16.900,1262
79972,996,61,6.0,112.0,177.0,239.72727272727275,D:\AprPanama2025_fixed\041225_experimental\041225PA_experimental_part05.mp4,1900-01-01 19:37:17.200,1336
79972,923,167,11.0,121.0,177.0,238.7222222222222,D:\AprPanama2025_fixed\041225_experimental\041225PA_experimental_part05.mp4,1900-01-01 19:37:17.200,1263
79968,996,62,9.5,115.0,181.0,241.375,D:\AprPanama2025_fixed\041225_experimental\041225PA_experimental_part05.mp4,1900-01-01 19:37:16.800,1336
79968,922,169,18.0,122.0,179.0,248.5185185185185,D:\AprPanama2025_fixed\041225_experimental\041225PA_experimental_part05.mp4,1900-01-01 19:37:16.800,1262
79967,996,62,10.5,113.0,181.0,248.0,D:\AprPanama2025_fixed\041225_experimental\041225PA_experimental_part05.mp4,1900-01-01 19:37:16.700,1336
79967,922,169,19.0,116.0,179.0,252.35714285714283,D:\AprPanama2025_fixed\041225_experimental\041225PA_experimental_part05.mp4,1900-01-01 19:37:16.700,1262
79971,996,62,9.0,111.0,178.0,246.6,D:\AprPanama2025_fixed\041225_experimental\041225PA_experimental_part05.mp4,1900-01-01 19:37:17.100,1336
79971,921,168,3.5,128.0,168.0,241.75,D:\AprPanama2025_fixed\041225_experimental\041225PA_experimental_part05.mp4,1900-01-01 19:37:17.100,1261
79970,996,61,7.0,112.0,181.0,240.92307692307693,D:\AprPanama2025_fixed\041225_experimental\041225PA_experimental_part05.mp4,1900-01-01 19:37:17.000,1336
79970,922,168,7.0,118.0,179.0,244.92307692307693,D:\AprPanama2025_fixed\041225_experimental\041225PA_experimental_part05.mp4,1900-01-01 19:37:17.000,1262
79974,922,167,2.0,116.0,159.0,249.42857142857144,D:\AprPanama2025_fixed\041225_experimental\041225PA_experimental_part05.mp4,1900-01-01 19:37:17.400,1262
79978,922,165,2.0,128.0,165.0,255.0,D:\AprPanama2025_fixed\041225_experimental\041225PA_experimental_part05.mp4,1900-01-01 19:37:17.800,1262
79975,912,100,1.5,143.0,168.0,254.6,D:\AprPanama2025_fixed\041225_experimental\041225PA_experimental_part05.mp4,1900-01-01 19:37:17.500,1252
79976,912,100,1.5,135.0,170.0,229.8,D:\AprPanama2025_fixed\041225_experimental\041225PA_experimental_part05.mp4,1900-01-01 19:37:17.600,1252
79976,921,166,3.5,115.0,168.0,239.5,D:\AprPanama2025_fixed\041225_experimental\041225PA_experimental_part05.mp4,1900-01-01 19:37:17.600,1261
79973,995,62,3.5,111.0,177.0,249.625,D:\AprPanama2025_fixed\041225_experimental\041225PA_experimental_part05.mp4,1900-01-01 19:37:17.300,1335
79973,923,167,9.0,116.0,173.0,241.75,D:\AprPanama2025_fixed\041225_experimental\041225PA_experimental_part05.mp4,1900-01-01 19:37:17.300,1263
79977,921,166,3.5,115.0,168.0,239.5,D:\AprPanama2025_fixed\041225_experimental\041225PA_experimental_part05.mp4,1900-01-01 19:37:17.700,1261
81091,28,38,2.0,118.0,150.0,90.5,D:\AprPanama2025_fixed\041225_experimental\041225PA_experimental_part05.mp4,1900-01-01 19:39:09.100,368
81092,28,38,2.0,118.0,150.0,90.5,D:\AprPanama2025_fixed\041225_experimental\041225PA_experimental_part05.mp4,1900-01-01 19:39:09.200,368
81114,291,245,7.5,131.0,179.0,251.28571428571428,D:\AprPanama2025_fixed\041225_experimental\041225PA_experimental_part05.mp4,1900-01-01 19:39:11.400,631
81115,291,245,7.5,131.0,179.0,251.28571428571428,D:\AprPanama2025_fixed\041225_experimental\041225PA_experimental_part05.mp4,1900-01-01 19:39:11.500,631
81116,291,245,10.0,113.0,179.0,244.58823529411765,D:\AprPanama2025_fixed\041225_experimental\041225PA_experimental_part05.mp4,1900-01-01 19:39:11.600,631
81113,292,245,6.0,116.0,177.0,243.25,D:\AprPanama2025_fixed\041225_experimental\041225PA_experimental_part05.mp4,1900-01-01 19:39:11.300,632
81123,289,245,2.5,113.0,172.0,246.875,D:\AprPanama2025_fixed\041225_experimental\041225PA_experimental_part05.mp4,1900-01-01 19:39:12.300,629
81121,290,244,4.0,111.0,176.0,243.8,D:\AprPanama2025_fixed\041225_experimental\041225PA_experimental_part05.mp4,1900-01-01 19:39:12.100,630
81117,291,244,9.0,119.0,179.0,235.1875,D:\AprPanama2025_fixed\041225_experimental\041225PA_experimental_part05.mp4,1900-01-01 19:39:11.700,631
81120,291,244,6.5,116.0,175.0,234.53846153846155,D:\AprPanama2025_fixed\041225_experimental\041225PA_experimental_part05.mp4,1900-01-01 19:39:12.000,631
81118,291,244,9.0,119.0,174.0,241.4375,D:\AprPanama2025_fixed\041225_experimental\041225PA_experimental_part05.mp4,1900-01-01 19:39:11.800,631
81119,291,244,6.0,112.0,173.0,243.16666666666663,D:\AprPanama2025_fixed\041225_experimental\041225PA_experimental_part05.mp4,1900-01-01 19:39:11.900,631
81124,289,244,5.0,122.0,177.0,244.9,D:\AprPanama2025_fixed\041225_experimental\041225PA_experimental_part05.mp4,1900-01-01 19:39:12.400,629
81126,289,244,3.5,119.0,172.0,239.0,D:\AprPanama2025_fixed\041225_experimental\041225PA_experimental_part05.mp4,1900-01-01 19:39:12.600,629
81125,289,244,4.5,111.0,172.0,213.0,D:\AprPanama2025_fixed\041225_experimental\041225PA_experimental_part05.mp4,1900-01-01 19:39:12.500,629
82963,66,32,2.0,121.0,180.0,232.8333333333333,D:\AprPanama2025_fixed\041225_experimental\041225PA_experimental_part05.mp4,1900-01-01 19:42:16.300,406
82971,68,32,2.0,126.0,171.0,109.83333333333331,D:\AprPanama2025_fixed\041225_experimental\041225PA_experimental_part05.mp4,1900-01-01 19:42:17.100,408
82974,69,32,1.5,117.0,152.0,216.0,D:\AprPanama2025_fixed\041225_experimental\041225PA_experimental_part05.mp4,1900-01-01 19:42:17.400,409
82988,369,268,2.5,112.0,163.0,238.0,D:\AprPanama2025_fixed\041225_experimental\041225PA_experimental_part05.mp4,1900-01-01 19:42:18.800,709
82987,369,268,4.5,124.0,174.0,237.4,D:\AprPanama2025_fixed\041225_experimental\041225PA_experimental_part05.mp4,1900-01-01 19:42:18.700,709
82984,370,267,5.0,118.0,175.0,242.8181818181818,D:\AprPanama2025_fixed\041225_experimental\041225PA_experimental_part05.mp4,1900-01-01 19:42:18.400,710
82986,369,267,6.5,122.0,179.0,248.0769230769231,D:\AprPanama2025_fixed\041225_experimental\041225PA_experimental_part05.mp4,1900-01-01 19:42:18.600,709
82982,370,266,6.0,116.0,179.0,245.30769230769232,D:\AprPanama2025_fixed\041225_experimental\041225PA_experimental_part05.mp4,1900-01-01 19:42:18.200,710
82985,369,267,5.5,120.0,178.0,252.27272727272728,D:\AprPanama2025_fixed\041225_experimental\041225PA_experimental_part05.mp4,1900-01-01 19:42:18.500,709
82983,370,266,6.5,138.0,179.0,248.92307692307693,D:\AprPanama2025_fixed\041225_experimental\041225PA_experimental_part05.mp4,1900-01-01 19:42:18.300,710
82981,371,266,2.5,112.0,162.0,117.42857142857142,D:\AprPanama2025_fixed\041225_experimental\041225PA_experimental_part05.mp4,1900-01-01 19:42:18.100,711
82993,367,270,3.0,136.0,168.0,138.125,D:\AprPanama2025_fixed\041225_experimental\041225PA_experimental_part05.mp4,1900-01-01 19:42:19.300,707
82989,368,269,3.5,112.0,155.0,239.75,D:\AprPanama2025_fixed\041225_experimental\041225PA_experimental_part05.mp4,1900-01-01 19:42:18.900,708
82996,366,271,1.5,113.0,136.0,125.6,D:\AprPanama2025_fixed\041225_experimental\041225PA_experimental_part05.mp4,1900-01-01 19:42:19.600,706
86561,212,34,5.5,115.0,178.0,236.54545454545456,D:\AprPanama2025_fixed\041225_experimental\041225PA_experimental_part05.mp4,1900-01-01 19:48:16.100,552
86560,212,34,5.0,121.0,178.0,237.0,D:\AprPanama2025_fixed\041225_experimental\041225PA_experimental_part05.mp4,1900-01-01 19:48:16.000,552
86558,210,33,3.5,115.0,164.0,232.125,D:\AprPanama2025_fixed\041225_experimental\041225PA_experimental_part05.mp4,1900-01-01 19:48:15.800,550
86563,213,33,4.0,123.0,169.0,234.2222222222222,D:\AprPanama2025_fixed\041225_experimental\041225PA_experimental_part05.mp4,1900-01-01 19:48:16.300,553
86559,211,34,4.5,120.0,174.0,244.1,D:\AprPanama2025_fixed\041225_experimental\041225PA_experimental_part05.mp4,1900-01-01 19:48:15.900,551
86562,212,33,4.5,111.0,179.0,226.3,D:\AprPanama2025_fixed\041225_experimental\041225PA_experimental_part05.mp4,1900-01-01 19:48:16.200,552
86568,214,32,2.0,134.0,178.0,253.0,D:\AprPanama2025_fixed\041225_experimental\041225PA_experimental_part05.mp4,1900-01-01 19:48:16.800,554
86565,214,33,4.0,113.0,173.0,236.66666666666663,D:\AprPanama2025_fixed\041225_experimental\041225PA_experimental_part05.mp4,1900-01-01 19:48:16.500,554
86569,215,32,2.0,112.0,159.0,233.16666666666663,D:\AprPanama2025_fixed\041225_experimental\041225PA_experimental_part05.mp4,1900-01-01 19:48:16.900,555
86570,215,32,2.0,112.0,159.0,233.16666666666663,D:\AprPanama2025_fixed\041225_experimental\041225PA_experimental_part05.mp4,1900-01-01 19:48:17.000,555
86564,213,33,5.0,115.0,173.0,225.3636363636364,D:\AprPanama2025_fixed\041225_experimental\041225PA_experimental_part05.mp4,1900-01-01 19:48:16.400,553
86567,214,32,3.0,126.0,176.0,235.28571428571428,D:\AprPanama2025_fixed\041225_experimental\041225PA_experimental_part05.mp4,1900-01-01 19:48:16.700,554
86566,214,32,1.5,139.0,177.0,228.8,D:\AprPanama2025_fixed\041225_experimental\041225PA_experimental_part05.mp4,1900-01-01 19:48:16.600,554
86575,217,32,1.5,116.0,143.0,131.4,D:\AprPanama2025_fixed\041225_experimental\041225PA_experimental_part05.mp4,1900-01-01 19:48:17.500,557
86654,368,31,2.0,120.0,155.0,255.0,D:\AprPanama2025_fixed\041225_experimental\041225PA_experimental_part05.mp4,1900-01-01 19:48:25.400,708
86656,369,29,2.0,122.0,163.0,240.66666666666663,D:\AprPanama2025_fixed\041225_experimental\041225PA_experimental_part05.mp4,1900-01-01 19:48:25.600,709
86655,369,30,1.5,134.0,169.0,250.8,D:\AprPanama2025_fixed\041225_experimental\041225PA_experimental_part05.mp4,1900-01-01 19:48:25.500,709
86659,369,30,4.5,114.0,169.0,242.9,D:\AprPanama2025_fixed\041225_experimental\041225PA_experimental_part05.mp4,1900-01-01 19:48:25.900,709
86653,368,31,1.5,122.0,163.0,252.8,D:\AprPanama2025_fixed\041225_experimental\041225PA_experimental_part05.mp4,1900-01-01 19:48:25.300,708
86657,369,29,2.0,122.0,163.0,241.0,D:\AprPanama2025_fixed\041225_experimental\041225PA_experimental_part05.mp4,1900-01-01 19:48:25.700,709
86658,369,29,2.0,122.0,162.0,238.3333333333333,D:\AprPanama2025_fixed\041225_experimental\041225PA_experimental_part05.mp4,1900-01-01 19:48:25.800,709
86662,369,30,3.0,116.0,172.0,224.0,D:\AprPanama2025_fixed\041225_experimental\041225PA_experimental_part05.mp4,1900-01-01 19:48:26.200,709
86663,369,30,2.0,120.0,171.0,185.16666666666663,D:\AprPanama2025_fixed\041225_experimental\041225PA_experimental_part05.mp4,1900-01-01 19:48:26.300,709
86660,369,30,4.5,114.0,169.0,242.9,D:\AprPanama2025_fixed\041225_experimental\041225PA_experimental_part05.mp4,1900-01-01 19:48:26.000,709
86661,369,30,4.5,114.0,171.0,241.1,D:\AprPanama2025_fixed\041225_experimental\041225PA_experimental_part05.mp4,1900-01-01 19:48:26.100,709
86664,369,30,1.5,117.0,174.0,214.4,D:\AprPanama2025_fixed\041225_experimental\041225PA_experimental_part05.mp4,1900-01-01 19:48:26.400,709
86672,370,29,1.5,111.0,145.0,223.4,D:\AprPanama2025_fixed\041225_experimental\041225PA_experimental_part05.mp4,1900-01-01 19:48:27.200,710
86675,370,29,1.5,116.0,145.0,195.6,D:\AprPanama2025_fixed\041225_experimental\041225PA_experimental_part05.mp4,1900-01-01 19:48:27.500,710
90395,41,64,3.0,121.0,182.0,170.0,D:\AprPanama2025_fixed\041225_experimental\041225PA_experimental_part06.mp4,1900-01-01 19:54:39.500,381
90393,41,63,3.0,120.0,145.0,79.0,D:\AprPanama2025_fixed\041225_experimental\041225PA_experimental_part06.mp4,1900-01-01 19:54:39.300,381
90394,41,64,3.0,121.0,182.0,170.0,D:\AprPanama2025_fixed\041225_experimental\041225PA_experimental_part06.mp4,1900-01-01 19:54:39.400,381
90401,42,65,4.0,124.0,174.0,213.66666666666663,D:\AprPanama2025_fixed\041225_experimental\041225PA_experimental_part06.mp4,1900-01-01 19:54:40.100,382
90400,42,65,3.5,118.0,167.0,234.88888888888889,D:\AprPanama2025_fixed\041225_experimental\041225PA_experimental_part06.mp4,1900-01-01 19:54:40.000,382
90398,42,64,3.0,114.0,172.0,243.5,D:\AprPanama2025_fixed\041225_experimental\041225PA_experimental_part06.mp4,1900-01-01 19:54:39.800,382
90399,42,64,3.0,114.0,172.0,243.5,D:\AprPanama2025_fixed\041225_experimental\041225PA_experimental_part06.mp4,1900-01-01 19:54:39.900,382
90403,43,66,1.5,132.0,161.0,174.66666666666666,D:\AprPanama2025_fixed\041225_experimental\041225PA_experimental_part06.mp4,1900-01-01 19:54:40.300,383
90397,42,64,4.5,124.0,175.0,238.1,D:\AprPanama2025_fixed\041225_experimental\041225PA_experimental_part06.mp4,1900-01-01 19:54:39.700,382
90402,43,65,6.0,128.0,161.0,208.91666666666663,D:\AprPanama2025_fixed\041225_experimental\041225PA_experimental_part06.mp4,1900-01-01 19:54:40.200,383
90396,42,64,5.0,122.0,180.0,195.5,D:\AprPanama2025_fixed\041225_experimental\041225PA_experimental_part06.mp4,1900-01-01 19:54:39.600,382
90407,44,65,1.5,113.0,155.0,94.8,D:\AprPanama2025_fixed\041225_experimental\041225PA_experimental_part06.mp4,1900-01-01 19:54:40.700,384
90414,45,66,1.5,117.0,141.0,111.0,D:\AprPanama2025_fixed\041225_experimental\041225PA_experimental_part06.mp4,1900-01-01 19:54:41.400,385
92904,194,64,2.0,134.0,168.0,203.8333333333333,D:\AprPanama2025_fixed\041225_experimental\041225PA_experimental_part06.mp4,1900-01-01 19:58:50.400,534
92901,193,66,1.5,113.0,150.0,34.800000000000004,D:\AprPanama2025_fixed\041225_experimental\041225PA_experimental_part06.mp4,1900-01-01 19:58:50.100,533
95826,373,26,7.5,129.0,173.0,242.28571428571428,D:\AprPanama2025_fixed\041225_experimental\041225PA_experimental_part06.mp4,1900-01-01 20:03:42.600,713
95827,373,26,7.5,129.0,173.0,242.28571428571428,D:\AprPanama2025_fixed\041225_experimental\041225PA_experimental_part06.mp4,1900-01-01 20:03:42.700,713
95834,374,23,7.0,117.0,172.0,233.7692307692308,D:\AprPanama2025_fixed\041225_experimental\041225PA_experimental_part06.mp4,1900-01-01 20:03:43.400,714
95831,374,25,6.5,120.0,179.0,248.66666666666663,D:\AprPanama2025_fixed\041225_experimental\041225PA_experimental_part06.mp4,1900-01-01 20:03:43.100,714
95835,374,23,6.0,116.0,179.0,237.25,D:\AprPanama2025_fixed\041225_experimental\041225PA_experimental_part06.mp4,1900-01-01 20:03:43.500,714
95833,374,24,4.5,150.0,175.0,246.8,D:\AprPanama2025_fixed\041225_experimental\041225PA_experimental_part06.mp4,1900-01-01 20:03:43.300,714
95829,374,25,5.5,127.0,179.0,248.54545454545456,D:\AprPanama2025_fixed\041225_experimental\041225PA_experimental_part06.mp4,1900-01-01 20:03:42.900,714
95830,374,25,6.5,120.0,179.0,248.66666666666663,D:\AprPanama2025_fixed\041225_experimental\041225PA_experimental_part06.mp4,1900-01-01 20:03:43.000,714
95832,374,25,6.5,115.0,175.0,243.75,D:\AprPanama2025_fixed\041225_experimental\041225PA_experimental_part06.mp4,1900-01-01 20:03:43.200,714
95828,374,25,6.5,129.0,178.0,247.0833333333333,D:\AprPanama2025_fixed\041225_experimental\041225PA_experimental_part06.mp4,1900-01-01 20:03:42.800,714
95843,374,20,1.5,138.0,173.0,184.4,D:\AprPanama2025_fixed\041225_experimental\041225PA_experimental_part06.mp4,1900-01-01 20:03:44.300,714
95842,374,20,4.0,116.0,169.0,150.44444444444443,D:\AprPanama2025_fixed\041225_experimental\041225PA_experimental_part06.mp4,1900-01-01 20:03:44.200,714
95841,374,20,2.0,120.0,172.0,246.66666666666663,D:\AprPanama2025_fixed\041225_experimental\041225PA_experimental_part06.mp4,1900-01-01 20:03:44.100,714
95838,374,22,3.5,115.0,165.0,239.125,D:\AprPanama2025_fixed\041225_experimental\041225PA_experimental_part06.mp4,1900-01-01 20:03:43.800,714
95836,375,22,4.0,119.0,173.0,234.55555555555557,D:\AprPanama2025_fixed\041225_experimental\041225PA_experimental_part06.mp4,1900-01-01 20:03:43.600,715
95839,375,21,2.5,112.0,156.0,251.0,D:\AprPanama2025_fixed\041225_experimental\041225PA_experimental_part06.mp4,1900-01-01 20:03:43.900,715
95837,375,22,4.0,119.0,175.0,239.2222222222222,D:\AprPanama2025_fixed\041225_experimental\041225PA_experimental_part06.mp4,1900-01-01 20:03:43.700,715
96203,271,75,2.5,130.0,178.0,226.28571428571428,D:\AprPanama2025_fixed\041225_experimental\041225PA_experimental_part06.mp4,1900-01-01 20:04:20.300,611
96200,269,75,3.5,117.0,170.0,142.375,D:\AprPanama2025_fixed\041225_experimental\041225PA_experimental_part06.mp4,1900-01-01 20:04:20.000,609
96199,268,75,2.5,113.0,170.0,172.85714285714286,D:\AprPanama2025_fixed\041225_experimental\041225PA_experimental_part06.mp4,1900-01-01 20:04:19.900,608
96202,271,76,4.5,114.0,164.0,225.3,D:\AprPanama2025_fixed\041225_experimental\041225PA_experimental_part06.mp4,1900-01-01 20:04:20.200,611
96206,273,77,5.5,117.0,163.0,119.63636363636364,D:\AprPanama2025_fixed\041225_experimental\041225PA_experimental_part06.mp4,1900-01-01 20:04:20.600,613
96205,273,77,3.5,118.0,170.0,233.875,D:\AprPanama2025_fixed\041225_experimental\041225PA_experimental_part06.mp4,1900-01-01 20:04:20.500,613
96207,273,77,3.0,127.0,171.0,155.25,D:\AprPanama2025_fixed\041225_experimental\041225PA_experimental_part06.mp4,1900-01-01 20:04:20.700,613
96204,272,76,1.5,144.0,174.0,252.4,D:\AprPanama2025_fixed\041225_experimental\041225PA_experimental_part06.mp4,1900-01-01 20:04:20.400,612
97099,276,148,1.5,118.0,163.0,236.6,D:\AprPanama2025_fixed\041225_experimental\041225PA_experimental_part06.mp4,1900-01-01 20:05:49.900,616
97098,276,146,2.0,141.0,169.0,255.0,D:\AprPanama2025_fixed\041225_experimental\041225PA_experimental_part06.mp4,1900-01-01 20:05:49.800,616
97100,277,148,3.5,112.0,155.0,205.5,D:\AprPanama2025_fixed\041225_experimental\041225PA_experimental_part06.mp4,1900-01-01 20:05:50.000,617
97107,278,151,2.0,127.0,146.0,55.33333333333333,D:\AprPanama2025_fixed\041225_experimental\041225PA_experimental_part06.mp4,1900-01-01 20:05:50.700,618
97101,277,147,1.5,125.0,167.0,193.66666666666663,D:\AprPanama2025_fixed\041225_experimental\041225PA_experimental_part06.mp4,1900-01-01 20:05:50.100,617
97121,179,179,4.5,113.0,165.0,150.11111111111111,D:\AprPanama2025_fixed\041225_experimental\041225PA_experimental_part06.mp4,1900-01-01 20:05:52.100,519
97123,180,180,1.5,124.0,157.0,169.4,D:\AprPanama2025_fixed\041225_experimental\041225PA_experimental_part06.mp4,1900-01-01 20:05:52.300,520
97122,179,180,4.0,124.0,156.0,185.3333333333333,D:\AprPanama2025_fixed\041225_experimental\041225PA_experimental_part06.mp4,1900-01-01 20:05:52.200,519
97127,180,183,3.0,113.0,165.0,119.57142857142856,D:\AprPanama2025_fixed\041225_experimental\041225PA_experimental_part06.mp4,1900-01-01 20:05:52.700,520
97126,180,182,2.0,113.0,173.0,218.16666666666663,D:\AprPanama2025_fixed\041225_experimental\041225PA_experimental_part06.mp4,1900-01-01 20:05:52.600,520
97129,180,184,1.5,127.0,171.0,227.0,D:\AprPanama2025_fixed\041225_experimental\041225PA_experimental_part06.mp4,1900-01-01 20:05:52.900,520
97132,180,186,1.5,118.0,157.0,173.4,D:\AprPanama2025_fixed\041225_experimental\041225PA_experimental_part06.mp4,1900-01-01 20:05:53.200,520
99527,316,80,13.5,113.0,178.0,241.3333333333333,D:\AprPanama2025_fixed\041225_experimental\041225PA_experimental_part06.mp4,1900-01-01 20:09:52.700,656
99530,317,81,11.0,120.0,179.0,246.3684210526316,D:\AprPanama2025_fixed\041225_experimental\041225PA_experimental_part06.mp4,1900-01-01 20:09:53.000,657
99531,317,81,10.0,130.0,178.0,248.64705882352945,D:\AprPanama2025_fixed\041225_experimental\041225PA_experimental_part06.mp4,1900-01-01 20:09:53.100,657
99526,315,80,10.5,121.0,179.0,247.88888888888889,D:\AprPanama2025_fixed\041225_experimental\041225PA_experimental_part06.mp4,1900-01-01 20:09:52.600,655
99525,315,80,11.5,120.0,179.0,238.6315789473684,D:\AprPanama2025_fixed\041225_experimental\041225PA_experimental_part06.mp4,1900-01-01 20:09:52.500,655
99524,314,80,4.5,139.0,178.0,247.2,D:\AprPanama2025_fixed\041225_experimental\041225PA_experimental_part06.mp4,1900-01-01 20:09:52.400,654
99528,316,80,16.5,119.0,179.0,245.48,D:\AprPanama2025_fixed\041225_experimental\041225PA_experimental_part06.mp4,1900-01-01 20:09:52.800,656
99529,316,80,13.0,112.0,179.0,244.27272727272728,D:\AprPanama2025_fixed\041225_experimental\041225PA_experimental_part06.mp4,1900-01-01 20:09:52.900,656
99534,319,81,11.0,111.0,178.0,236.55555555555557,D:\AprPanama2025_fixed\041225_experimental\041225PA_experimental_part06.mp4,1900-01-01 20:09:53.400,659
99536,319,82,7.0,113.0,177.0,239.15384615384616,D:\AprPanama2025_fixed\041225_experimental\041225PA_experimental_part06.mp4,1900-01-01 20:09:53.600,659
99536,152,160,2.5,111.0,178.0,245.625,D:\AprPanama2025_fixed\041225_experimental\041225PA_experimental_part06.mp4,1900-01-01 20:09:53.600,492
99539,320,82,5.5,135.0,179.0,244.63636363636363,D:\AprPanama2025_fixed\041225_experimental\041225PA_experimental_part06.mp4,1900-01-01 20:09:53.900,660
99539,151,160,7.0,118.0,179.0,248.53846153846155,D:\AprPanama2025_fixed\041225_experimental\041225PA_experimental_part06.mp4,1900-01-01 20:09:53.900,491
99535,319,81,11.0,113.0,179.0,248.05555555555557,D:\AprPanama2025_fixed\041225_experimental\041225PA_experimental_part06.mp4,1900-01-01 20:09:53.500,659
99535,152,160,1.5,119.0,171.0,234.8,D:\AprPanama2025_fixed\041225_experimental\041225PA_experimental_part06.mp4,1900-01-01 20:09:53.500,492
99532,318,81,8.5,129.0,167.0,247.1875,D:\AprPanama2025_fixed\041225_experimental\041225PA_experimental_part06.mp4,1900-01-01 20:09:53.200,658
99537,151,160,7.0,118.0,179.0,248.53846153846155,D:\AprPanama2025_fixed\041225_experimental\041225PA_experimental_part06.mp4,1900-01-01 20:09:53.700,491
99538,320,81,4.0,111.0,176.0,243.88888888888889,D:\AprPanama2025_fixed\041225_experimental\041225PA_experimental_part06.mp4,1900-01-01 20:09:53.800,660
99538,151,160,7.0,118.0,179.0,248.53846153846155,D:\AprPanama2025_fixed\041225_experimental\041225PA_experimental_part06.mp4,1900-01-01 20:09:53.800,491
99533,318,81,7.5,113.0,171.0,234.42857142857144,D:\AprPanama2025_fixed\041225_experimental\041225PA_experimental_part06.mp4,1900-01-01 20:09:53.300,658
99542,151,159,7.5,119.0,174.0,234.92857142857144,D:\AprPanama2025_fixed\041225_experimental\041225PA_experimental_part06.mp4,1900-01-01 20:09:54.200,491
99546,323,82,2.0,117.0,170.0,202.16666666666663,D:\AprPanama2025_fixed\041225_experimental\041225PA_experimental_part06.mp4,1900-01-01 20:09:54.600,663
99546,150,157,6.0,116.0,176.0,229.25,D:\AprPanama2025_fixed\041225_experimental\041225PA_experimental_part06.mp4,1900-01-01 20:09:54.600,490
99544,325,38,2.5,116.0,138.0,86.83333333333333,D:\AprPanama2025_fixed\041225_experimental\041225PA_experimental_part06.mp4,1900-01-01 20:09:54.400,665
99544,151,158,4.0,117.0,167.0,239.88888888888889,D:\AprPanama2025_fixed\041225_experimental\041225PA_experimental_part06.mp4,1900-01-01 20:09:54.400,491
99543,325,37,3.5,114.0,173.0,227.125,D:\AprPanama2025_fixed\041225_experimental\041225PA_experimental_part06.mp4,1900-01-01 20:09:54.300,665
99543,151,159,6.5,119.0,172.0,237.25,D:\AprPanama2025_fixed\041225_experimental\041225PA_experimental_part06.mp4,1900-01-01 20:09:54.300,491
99541,321,82,5.0,113.0,169.0,225.8,D:\AprPanama2025_fixed\041225_experimental\041225PA_experimental_part06.mp4,1900-01-01 20:09:54.100,661
99541,151,159,7.5,132.0,176.0,238.78571428571428,D:\AprPanama2025_fixed\041225_experimental\041225PA_experimental_part06.mp4,1900-01-01 20:09:54.100,491
99545,151,158,4.0,117.0,167.0,239.88888888888889,D:\AprPanama2025_fixed\041225_experimental\041225PA_experimental_part06.mp4,1900-01-01 20:09:54.500,491
99547,150,157,6.5,119.0,175.0,232.0,D:\AprPanama2025_fixed\041225_experimental\041225PA_experimental_part06.mp4,1900-01-01 20:09:54.700,490
99540,321,82,4.0,114.0,177.0,218.77777777777777,D:\AprPanama2025_fixed\041225_experimental\041225PA_experimental_part06.mp4,1900-01-01 20:09:54.000,661
99540,151,159,6.0,111.0,173.0,232.5833333333333,D:\AprPanama2025_fixed\041225_experimental\041225PA_experimental_part06.mp4,1900-01-01 20:09:54.000,491
99552,150,155,4.0,116.0,183.0,248.66666666666663,D:\AprPanama2025_fixed\041225_experimental\041225PA_experimental_part06.mp4,1900-01-01 20:09:55.200,490
99550,151,157,3.0,119.0,169.0,228.85714285714283,D:\AprPanama2025_fixed\041225_experimental\041225PA_experimental_part06.mp4,1900-01-01 20:09:55.000,491
99554,144,141,3.5,116.0,177.0,231.25,D:\AprPanama2025_fixed\041225_experimental\041225PA_experimental_part06.mp4,1900-01-01 20:09:55.400,484
99554,150,155,4.5,112.0,182.0,240.9,D:\AprPanama2025_fixed\041225_experimental\041225PA_experimental_part06.mp4,1900-01-01 20:09:55.400,490
99555,144,140,4.0,112.0,180.0,236.3333333333333,D:\AprPanama2025_fixed\041225_experimental\041225PA_experimental_part06.mp4,1900-01-01 20:09:55.500,484
99555,150,155,4.0,144.0,178.0,229.1111111111111,D:\AprPanama2025_fixed\041225_experimental\041225PA_experimental_part06.mp4,1900-01-01 20:09:55.500,490
99551,151,157,1.5,118.0,174.0,228.0,D:\AprPanama2025_fixed\041225_experimental\041225PA_experimental_part06.mp4,1900-01-01 20:09:55.100,491
99549,151,157,4.0,121.0,164.0,228.77777777777777,D:\AprPanama2025_fixed\041225_experimental\041225PA_experimental_part06.mp4,1900-01-01 20:09:54.900,491
99553,150,155,4.0,116.0,182.0,244.66666666666663,D:\AprPanama2025_fixed\041225_experimental\041225PA_experimental_part06.mp4,1900-01-01 20:09:55.300,490
99548,150,157,5.5,121.0,178.0,236.9090909090909,D:\AprPanama2025_fixed\041225_experimental\041225PA_experimental_part06.mp4,1900-01-01 20:09:54.800,490
99558,150,152,1.5,113.0,177.0,198.4,D:\AprPanama2025_fixed\041225_experimental\041225PA_experimental_part06.mp4,1900-01-01 20:09:55.800,490
99559,144,138,2.0,124.0,179.0,234.0,D:\AprPanama2025_fixed\041225_experimental\041225PA_experimental_part06.mp4,1900-01-01 20:09:55.900,484
99560,150,152,2.0,117.0,167.0,207.3333333333333,D:\AprPanama2025_fixed\041225_experimental\041225PA_experimental_part06.mp4,1900-01-01 20:09:56.000,490
99561,150,153,4.0,120.0,165.0,169.2222222222222,D:\AprPanama2025_fixed\041225_experimental\041225PA_experimental_part06.mp4,1900-01-01 20:09:56.100,490
99556,145,139,2.5,113.0,163.0,212.85714285714283,D:\AprPanama2025_fixed\041225_experimental\041225PA_experimental_part06.mp4,1900-01-01 20:09:55.600,485
99556,150,155,1.5,113.0,171.0,212.5,D:\AprPanama2025_fixed\041225_experimental\041225PA_experimental_part06.mp4,1900-01-01 20:09:55.600,490
99571,145,131,5.0,115.0,146.0,15.0,D:\AprPanama2025_fixed\041225_experimental\041225PA_experimental_part06.mp4,1900-01-01 20:09:57.100,485
99567,150,151,2.0,117.0,161.0,146.14285714285714,D:\AprPanama2025_fixed\041225_experimental\041225PA_experimental_part06.mp4,1900-01-01 20:09:56.700,490
99569,150,118,1.5,122.0,144.0,30.4,D:\AprPanama2025_fixed\041225_experimental\041225PA_experimental_part06.mp4,1900-01-01 20:09:56.900,490
99569,149,149,1.5,119.0,164.0,129.16666666666666,D:\AprPanama2025_fixed\041225_experimental\041225PA_experimental_part06.mp4,1900-01-01 20:09:56.900,489
99568,150,118,2.0,121.0,175.0,186.3333333333333,D:\AprPanama2025_fixed\041225_experimental\041225PA_experimental_part06.mp4,1900-01-01 20:09:56.800,490
99566,150,151,3.0,112.0,163.0,197.0,D:\AprPanama2025_fixed\041225_experimental\041225PA_experimental_part06.mp4,1900-01-01 20:09:56.600,490
99570,145,132,2.5,121.0,147.0,67.28571428571428,D:\AprPanama2025_fixed\041225_experimental\041225PA_experimental_part06.mp4,1900-01-01 20:09:57.000,485
99570,149,149,1.5,114.0,177.0,222.2,D:\AprPanama2025_fixed\041225_experimental\041225PA_experimental_part06.mp4,1900-01-01 20:09:57.000,489
99565,149,150,1.5,112.0,155.0,135.8,D:\AprPanama2025_fixed\041225_experimental\041225PA_experimental_part06.mp4,1900-01-01 20:09:56.500,489
99564,150,151,4.5,111.0,171.0,209.44444444444443,D:\AprPanama2025_fixed\041225_experimental\041225PA_experimental_part06.mp4,1900-01-01 20:09:56.400,490
99581,150,144,2.0,117.0,175.0,228.16666666666663,D:\AprPanama2025_fixed\041225_experimental\041225PA_experimental_part06.mp4,1900-01-01 20:09:58.100,490
103019,783,140,15.5,112.0,179.0,249.2083333333333,D:\AprPanama2025_fixed\041225_experimental\041225PA_experimental_part06.mp4,1900-01-01 20:15:41.900,1123
103018,782,140,13.5,127.0,179.0,245.0,D:\AprPanama2025_fixed\041225_experimental\041225PA_experimental_part06.mp4,1900-01-01 20:15:41.800,1122
103022,783,140,19.5,111.0,179.0,250.68965517241375,D:\AprPanama2025_fixed\041225_experimental\041225PA_experimental_part06.mp4,1900-01-01 20:15:42.200,1123
103023,783,140,15.0,157.0,179.0,251.4583333333333,D:\AprPanama2025_fixed\041225_experimental\041225PA_experimental_part06.mp4,1900-01-01 20:15:42.300,1123
103026,783,139,16.0,114.0,179.0,246.84,D:\AprPanama2025_fixed\041225_experimental\041225PA_experimental_part06.mp4,1900-01-01 20:15:42.600,1123
103021,783,140,20.0,111.0,179.0,250.83333333333331,D:\AprPanama2025_fixed\041225_experimental\041225PA_experimental_part06.mp4,1900-01-01 20:15:42.100,1123
103027,783,139,15.5,112.0,179.0,252.4583333333333,D:\AprPanama2025_fixed\041225_experimental\041225PA_experimental_part06.mp4,1900-01-01 20:15:42.700,1123
103024,783,140,15.0,138.0,179.0,247.75,D:\AprPanama2025_fixed\041225_experimental\041225PA_experimental_part06.mp4,1900-01-01 20:15:42.400,1123
103020,783,140,19.5,116.0,179.0,248.72413793103448,D:\AprPanama2025_fixed\041225_experimental\041225PA_experimental_part06.mp4,1900-01-01 20:15:42.000,1123
103025,783,140,16.0,117.0,179.0,250.68,D:\AprPanama2025_fixed\041225_experimental\041225PA_experimental_part06.mp4,1900-01-01 20:15:42.500,1123
103032,784,138,5.0,114.0,178.0,242.3,D:\AprPanama2025_fixed\041225_experimental\041225PA_experimental_part06.mp4,1900-01-01 20:15:43.200,1124
103029,784,139,7.0,115.0,176.0,247.78571428571428,D:\AprPanama2025_fixed\041225_experimental\041225PA_experimental_part06.mp4,1900-01-01 20:15:42.900,1124
103030,784,138,3.5,130.0,171.0,238.2,D:\AprPanama2025_fixed\041225_experimental\041225PA_experimental_part06.mp4,1900-01-01 20:15:43.000,1124
103028,784,138,10.0,114.0,179.0,242.11764705882356,D:\AprPanama2025_fixed\041225_experimental\041225PA_experimental_part06.mp4,1900-01-01 20:15:42.800,1124
103031,784,138,4.5,112.0,178.0,246.5,D:\AprPanama2025_fixed\041225_experimental\041225PA_experimental_part06.mp4,1900-01-01 20:15:43.100,1124
103040,586,69,3.5,112.0,174.0,210.875,D:\AprPanama2025_fixed\041225_experimental\041225PA_experimental_part06.mp4,1900-01-01 20:15:44.000,926
103041,586,68,4.5,131.0,171.0,252.66666666666663,D:\AprPanama2025_fixed\041225_experimental\041225PA_experimental_part06.mp4,1900-01-01 20:15:44.100,926
103042,586,68,6.0,118.0,179.0,248.72727272727275,D:\AprPanama2025_fixed\041225_experimental\041225PA_experimental_part06.mp4,1900-01-01 20:15:44.200,926
103043,587,68,7.5,113.0,179.0,240.6923076923077,D:\AprPanama2025_fixed\041225_experimental\041225PA_experimental_part06.mp4,1900-01-01 20:15:44.300,927
103044,586,68,8.0,112.0,203.0,244.42857142857144,D:\AprPanama2025_fixed\041225_experimental\041225PA_experimental_part06.mp4,1900-01-01 20:15:44.400,926
103049,586,68,6.5,122.0,175.0,240.0833333333333,D:\AprPanama2025_fixed\041225_experimental\041225PA_experimental_part06.mp4,1900-01-01 20:15:44.900,926
103045,586,68,8.5,117.0,179.0,246.33333333333331,D:\AprPanama2025_fixed\041225_experimental\041225PA_experimental_part06.mp4,1900-01-01 20:15:44.500,926
103048,586,68,5.5,135.0,178.0,246.9090909090909,D:\AprPanama2025_fixed\041225_experimental\041225PA_experimental_part06.mp4,1900-01-01 20:15:44.800,926
103050,586,67,3.5,143.0,174.0,238.625,D:\AprPanama2025_fixed\041225_experimental\041225PA_experimental_part06.mp4,1900-01-01 20:15:45.000,926
103046,586,68,7.5,111.0,178.0,250.0769230769231,D:\AprPanama2025_fixed\041225_experimental\041225PA_experimental_part06.mp4,1900-01-01 20:15:44.600,926
103047,586,68,5.5,140.0,179.0,253.27272727272728,D:\AprPanama2025_fixed\041225_experimental\041225PA_experimental_part06.mp4,1900-01-01 20:15:44.700,926
103051,586,67,3.5,143.0,172.0,230.875,D:\AprPanama2025_fixed\041225_experimental\041225PA_experimental_part06.mp4,1900-01-01 20:15:45.100,926
103058,551,26,21.0,120.0,248.0,244.9032258064516,D:\AprPanama2025_fixed\041225_experimental\041225PA_experimental_part06.mp4,1900-01-01 20:15:45.800,891
103058,585,68,1.5,111.0,140.0,91.4,D:\AprPanama2025_fixed\041225_experimental\041225PA_experimental_part06.mp4,1900-01-01 20:15:45.800,925
103058,62,107,2.0,120.0,154.0,112.16666666666666,D:\AprPanama2025_fixed\041225_experimental\041225PA_experimental_part06.mp4,1900-01-01 20:15:45.800,402
103052,550,26,11.5,112.0,179.0,243.8947368421053,D:\AprPanama2025_fixed\041225_experimental\041225PA_experimental_part06.mp4,1900-01-01 20:15:45.200,890
103052,585,68,2.5,115.0,150.0,101.83333333333331,D:\AprPanama2025_fixed\041225_experimental\041225PA_experimental_part06.mp4,1900-01-01 20:15:45.200,925
103056,551,26,23.5,119.0,179.0,249.02941176470588,D:\AprPanama2025_fixed\041225_experimental\041225PA_experimental_part06.mp4,1900-01-01 20:15:45.600,891
103056,585,68,1.5,111.0,140.0,91.4,D:\AprPanama2025_fixed\041225_experimental\041225PA_experimental_part06.mp4,1900-01-01 20:15:45.600,925
103053,551,25,17.0,111.0,215.0,233.0,D:\AprPanama2025_fixed\041225_experimental\041225PA_experimental_part06.mp4,1900-01-01 20:15:45.300,891
103053,585,68,2.5,115.0,150.0,101.83333333333331,D:\AprPanama2025_fixed\041225_experimental\041225PA_experimental_part06.mp4,1900-01-01 20:15:45.300,925
103054,551,26,22.5,125.0,179.0,250.12121212121207,D:\AprPanama2025_fixed\041225_experimental\041225PA_experimental_part06.mp4,1900-01-01 20:15:45.400,891
103054,585,68,2.5,115.0,150.0,101.83333333333331,D:\AprPanama2025_fixed\041225_experimental\041225PA_experimental_part06.mp4,1900-01-01 20:15:45.400,925
103055,551,26,22.5,122.0,179.0,248.6969696969697,D:\AprPanama2025_fixed\041225_experimental\041225PA_experimental_part06.mp4,1900-01-01 20:15:45.500,891
103055,585,68,2.5,115.0,150.0,101.83333333333331,D:\AprPanama2025_fixed\041225_experimental\041225PA_experimental_part06.mp4,1900-01-01 20:15:45.500,925
103057,551,26,26.5,116.0,179.0,247.5945945945946,D:\AprPanama2025_fixed\041225_experimental\041225PA_experimental_part06.mp4,1900-01-01 20:15:45.700,891
103057,585,68,1.5,111.0,140.0,91.4,D:\AprPanama2025_fixed\041225_experimental\041225PA_experimental_part06.mp4,1900-01-01 20:15:45.700,925
103057,62,107,2.0,124.0,143.0,19.166666666666664,D:\AprPanama2025_fixed\041225_experimental\041225PA_experimental_part06.mp4,1900-01-01 20:15:45.700,402
103059,551,26,21.0,120.0,248.0,245.1290322580645,D:\AprPanama2025_fixed\041225_experimental\041225PA_experimental_part06.mp4,1900-01-01 20:15:45.900,891
103059,585,68,1.5,111.0,140.0,91.4,D:\AprPanama2025_fixed\041225_experimental\041225PA_experimental_part06.mp4,1900-01-01 20:15:45.900,925
103059,62,108,1.5,136.0,165.0,165.60000000000002,D:\AprPanama2025_fixed\041225_experimental\041225PA_experimental_part06.mp4,1900-01-01 20:15:45.900,402
103066,551,25,17.5,116.0,179.0,243.11538461538464,D:\AprPanama2025_fixed\041225_experimental\041225PA_experimental_part06.mp4,1900-01-01 20:15:46.600,891
103067,551,25,15.5,124.0,179.0,243.0,D:\AprPanama2025_fixed\041225_experimental\041225PA_experimental_part06.mp4,1900-01-01 20:15:46.700,891
103062,551,25,20.0,112.0,179.0,239.3,D:\AprPanama2025_fixed\041225_experimental\041225PA_experimental_part06.mp4,1900-01-01 20:15:46.200,891
103062,63,110,2.0,130.0,162.0,146.83333333333331,D:\AprPanama2025_fixed\041225_experimental\041225PA_experimental_part06.mp4,1900-01-01 20:15:46.200,403
103061,551,25,20.0,122.0,228.0,241.33333333333331,D:\AprPanama2025_fixed\041225_experimental\041225PA_experimental_part06.mp4,1900-01-01 20:15:46.100,891
103061,63,110,1.5,115.0,139.0,130.5,D:\AprPanama2025_fixed\041225_experimental\041225PA_experimental_part06.mp4,1900-01-01 20:15:46.100,403
103063,551,25,19.5,121.0,244.0,239.0344827586207,D:\AprPanama2025_fixed\041225_experimental\041225PA_experimental_part06.mp4,1900-01-01 20:15:46.300,891
103063,63,110,5.5,116.0,165.0,128.36363636363637,D:\AprPanama2025_fixed\041225_experimental\041225PA_experimental_part06.mp4,1900-01-01 20:15:46.300,403
103063,19,112,1.5,112.0,146.0,86.5,D:\AprPanama2025_fixed\041225_experimental\041225PA_experimental_part06.mp4,1900-01-01 20:15:46.300,359
103065,551,25,18.0,116.0,179.0,247.25925925925924,D:\AprPanama2025_fixed\041225_experimental\041225PA_experimental_part06.mp4,1900-01-01 20:15:46.500,891
103065,63,110,3.0,114.0,151.0,174.875,D:\AprPanama2025_fixed\041225_experimental\041225PA_experimental_part06.mp4,1900-01-01 20:15:46.500,403
103060,551,25,20.5,118.0,179.0,245.83333333333331,D:\AprPanama2025_fixed\041225_experimental\041225PA_experimental_part06.mp4,1900-01-01 20:15:46.000,891
103064,551,25,19.5,121.0,244.0,236.5862068965517,D:\AprPanama2025_fixed\041225_experimental\041225PA_experimental_part06.mp4,1900-01-01 20:15:46.400,891
103064,63,110,3.0,114.0,151.0,174.875,D:\AprPanama2025_fixed\041225_experimental\041225PA_experimental_part06.mp4,1900-01-01 20:15:46.400,403
103075,550,25,6.0,111.0,177.0,248.75,D:\AprPanama2025_fixed\041225_experimental\041225PA_experimental_part06.mp4,1900-01-01 20:15:47.500,890
103069,551,25,15.0,114.0,179.0,240.08695652173915,D:\AprPanama2025_fixed\041225_experimental\041225PA_experimental_part06.mp4,1900-01-01 20:15:46.900,891
103068,551,25,15.5,119.0,179.0,243.0833333333333,D:\AprPanama2025_fixed\041225_experimental\041225PA_experimental_part06.mp4,1900-01-01 20:15:46.800,891
103068,62,111,2.0,112.0,142.0,130.28571428571428,D:\AprPanama2025_fixed\041225_experimental\041225PA_experimental_part06.mp4,1900-01-01 20:15:46.800,402
103068,17,114,1.5,119.0,149.0,58.6,D:\AprPanama2025_fixed\041225_experimental\041225PA_experimental_part06.mp4,1900-01-01 20:15:46.800,357
103071,551,25,9.5,116.0,179.0,246.64705882352945,D:\AprPanama2025_fixed\041225_experimental\041225PA_experimental_part06.mp4,1900-01-01 20:15:47.100,891
103072,550,25,8.5,136.0,179.0,251.4,D:\AprPanama2025_fixed\041225_experimental\041225PA_experimental_part06.mp4,1900-01-01 20:15:47.200,890
103073,550,25,8.5,136.0,179.0,251.4,D:\AprPanama2025_fixed\041225_experimental\041225PA_experimental_part06.mp4,1900-01-01 20:15:47.300,890
103073,588,49,1.5,117.0,148.0,25.8,D:\AprPanama2025_fixed\041225_experimental\041225PA_experimental_part06.mp4,1900-01-01 20:15:47.300,928
103074,550,25,7.5,112.0,178.0,243.14285714285717,D:\AprPanama2025_fixed\041225_experimental\041225PA_experimental_part06.mp4,1900-01-01 20:15:47.400,890
103070,551,25,9.5,116.0,179.0,246.64705882352945,D:\AprPanama2025_fixed\041225_experimental\041225PA_experimental_part06.mp4,1900-01-01 20:15:47.000,891
103081,550,25,3.0,115.0,173.0,252.25,D:\AprPanama2025_fixed\041225_experimental\041225PA_experimental_part06.mp4,1900-01-01 20:15:48.100,890
103082,550,25,3.0,115.0,173.0,252.25,D:\AprPanama2025_fixed\041225_experimental\041225PA_experimental_part06.mp4,1900-01-01 20:15:48.200,890
103077,550,24,6.0,115.0,179.0,249.0,D:\AprPanama2025_fixed\041225_experimental\041225PA_experimental_part06.mp4,1900-01-01 20:15:47.700,890
103077,64,114,1.5,116.0,143.0,40.400000000000006,D:\AprPanama2025_fixed\041225_experimental\041225PA_experimental_part06.mp4,1900-01-01 20:15:47.700,404
103079,550,24,4.0,129.0,179.0,239.6,D:\AprPanama2025_fixed\041225_experimental\041225PA_experimental_part06.mp4,1900-01-01 20:15:47.900,890
103078,550,25,3.0,129.0,177.0,244.5,D:\AprPanama2025_fixed\041225_experimental\041225PA_experimental_part06.mp4,1900-01-01 20:15:47.800,890
103076,550,25,6.0,111.0,177.0,248.75,D:\AprPanama2025_fixed\041225_experimental\041225PA_experimental_part06.mp4,1900-01-01 20:15:47.600,890
103080,550,25,2.0,122.0,166.0,242.8333333333333,D:\AprPanama2025_fixed\041225_experimental\041225PA_experimental_part06.mp4,1900-01-01 20:15:48.000,890
103089,550,24,1.5,121.0,151.0,245.6,D:\AprPanama2025_fixed\041225_experimental\041225PA_experimental_part06.mp4,1900-01-01 20:15:48.900,890
103087,550,24,1.5,128.0,155.0,143.6,D:\AprPanama2025_fixed\041225_experimental\041225PA_experimental_part06.mp4,1900-01-01 20:15:48.700,890
103088,550,24,1.5,121.0,151.0,245.6,D:\AprPanama2025_fixed\041225_experimental\041225PA_experimental_part06.mp4,1900-01-01 20:15:48.800,890
106515,615,290,4.0,118.0,173.0,238.0,D:\AprPanama2025_fixed\041225_experimental\041225PA_experimental_part06.mp4,1900-01-01 20:21:31.500,955
106513,615,290,5.5,135.0,178.0,218.0909090909091,D:\AprPanama2025_fixed\041225_experimental\041225PA_experimental_part06.mp4,1900-01-01 20:21:31.300,955
106512,615,290,5.5,133.0,179.0,213.0,D:\AprPanama2025_fixed\041225_experimental\041225PA_experimental_part06.mp4,1900-01-01 20:21:31.200,955
106514,615,290,4.0,116.0,178.0,237.44444444444443,D:\AprPanama2025_fixed\041225_experimental\041225PA_experimental_part06.mp4,1900-01-01 20:21:31.400,955
106517,614,289,4.5,111.0,154.0,242.6,D:\AprPanama2025_fixed\041225_experimental\041225PA_experimental_part06.mp4,1900-01-01 20:21:31.700,954
106520,614,288,3.0,131.0,175.0,255.0,D:\AprPanama2025_fixed\041225_experimental\041225PA_experimental_part06.mp4,1900-01-01 20:21:32.000,954
106518,614,289,4.5,111.0,154.0,242.6,D:\AprPanama2025_fixed\041225_experimental\041225PA_experimental_part06.mp4,1900-01-01 20:21:31.800,954
106519,614,289,3.5,121.0,179.0,251.5,D:\AprPanama2025_fixed\041225_experimental\041225PA_experimental_part06.mp4,1900-01-01 20:21:31.900,954
106516,615,289,7.5,118.0,177.0,233.23076923076923,D:\AprPanama2025_fixed\041225_experimental\041225PA_experimental_part06.mp4,1900-01-01 20:21:31.600,955
106521,614,288,3.5,132.0,177.0,250.625,D:\AprPanama2025_fixed\041225_experimental\041225PA_experimental_part06.mp4,1900-01-01 20:21:32.100,954
106539,597,42,10.0,111.0,178.0,250.35294117647055,D:\AprPanama2025_fixed\041225_experimental\041225PA_experimental_part06.mp4,1900-01-01 20:21:33.900,937
106538,597,42,7.0,120.0,185.0,224.30769230769232,D:\AprPanama2025_fixed\041225_experimental\041225PA_experimental_part06.mp4,1900-01-01 20:21:33.800,937
106546,598,42,17.0,133.0,179.0,242.34615384615387,D:\AprPanama2025_fixed\041225_experimental\041225PA_experimental_part06.mp4,1900-01-01 20:21:34.600,938
106542,598,42,23.5,114.0,179.0,246.1515151515152,D:\AprPanama2025_fixed\041225_experimental\041225PA_experimental_part06.mp4,1900-01-01 20:21:34.200,938
106543,598,42,23.5,114.0,179.0,246.1515151515152,D:\AprPanama2025_fixed\041225_experimental\041225PA_experimental_part06.mp4,1900-01-01 20:21:34.300,938
106540,597,43,17.5,117.0,179.0,251.23076923076923,D:\AprPanama2025_fixed\041225_experimental\041225PA_experimental_part06.mp4,1900-01-01 20:21:34.000,937
106544,598,42,20.0,112.0,179.0,250.1,D:\AprPanama2025_fixed\041225_experimental\041225PA_experimental_part06.mp4,1900-01-01 20:21:34.400,938
106545,598,43,20.5,123.0,179.0,246.79310344827587,D:\AprPanama2025_fixed\041225_experimental\041225PA_experimental_part06.mp4,1900-01-01 20:21:34.500,938
106547,598,42,17.0,128.0,179.0,241.65384615384616,D:\AprPanama2025_fixed\041225_experimental\041225PA_experimental_part06.mp4,1900-01-01 20:21:34.700,938
106541,597,42,22.0,111.0,179.0,244.09375,D:\AprPanama2025_fixed\041225_experimental\041225PA_experimental_part06.mp4,1900-01-01 20:21:34.100,937
106551,598,42,14.5,130.0,179.0,251.95454545454547,D:\AprPanama2025_fixed\041225_experimental\041225PA_experimental_part06.mp4,1900-01-01 20:21:35.100,938
106554,598,42,12.0,122.0,179.0,251.21052631578945,D:\AprPanama2025_fixed\041225_experimental\041225PA_experimental_part06.mp4,1900-01-01 20:21:35.400,938
106553,598,42,14.5,130.0,179.0,251.95454545454547,D:\AprPanama2025_fixed\041225_experimental\041225PA_experimental_part06.mp4,1900-01-01 20:21:35.300,938
106549,598,42,16.0,125.0,179.0,247.2083333333333,D:\AprPanama2025_fixed\041225_experimental\041225PA_experimental_part06.mp4,1900-01-01 20:21:34.900,938
106552,598,42,14.5,130.0,179.0,251.95454545454547,D:\AprPanama2025_fixed\041225_experimental\041225PA_experimental_part06.mp4,1900-01-01 20:21:35.200,938
106555,598,42,12.0,122.0,179.0,251.21052631578945,D:\AprPanama2025_fixed\041225_experimental\041225PA_experimental_part06.mp4,1900-01-01 20:21:35.500,938
106550,598,42,16.0,117.0,179.0,246.8333333333333,D:\AprPanama2025_fixed\041225_experimental\041225PA_experimental_part06.mp4,1900-01-01 20:21:35.000,938
106548,598,42,16.5,123.0,179.0,244.08,D:\AprPanama2025_fixed\041225_experimental\041225PA_experimental_part06.mp4,1900-01-01 20:21:34.800,938
106561,598,42,7.5,120.0,179.0,249.7142857142857,D:\AprPanama2025_fixed\041225_experimental\041225PA_experimental_part06.mp4,1900-01-01 20:21:36.100,938
106563,598,42,7.5,120.0,179.0,249.7142857142857,D:\AprPanama2025_fixed\041225_experimental\041225PA_experimental_part06.mp4,1900-01-01 20:21:36.300,938
106558,598,42,8.5,117.0,179.0,248.0,D:\AprPanama2025_fixed\041225_experimental\041225PA_experimental_part06.mp4,1900-01-01 20:21:35.800,938
106557,598,42,12.0,122.0,179.0,251.21052631578945,D:\AprPanama2025_fixed\041225_experimental\041225PA_experimental_part06.mp4,1900-01-01 20:21:35.700,938
106560,598,42,8.5,114.0,178.0,245.7333333333333,D:\AprPanama2025_fixed\041225_experimental\041225PA_experimental_part06.mp4,1900-01-01 20:21:36.000,938
106562,598,42,7.5,120.0,179.0,249.7142857142857,D:\AprPanama2025_fixed\041225_experimental\041225PA_experimental_part06.mp4,1900-01-01 20:21:36.200,938
106556,598,42,12.0,122.0,179.0,251.21052631578945,D:\AprPanama2025_fixed\041225_experimental\041225PA_experimental_part06.mp4,1900-01-01 20:21:35.600,938
106559,598,42,7.5,122.0,179.0,249.64285714285717,D:\AprPanama2025_fixed\041225_experimental\041225PA_experimental_part06.mp4,1900-01-01 20:21:35.900,938
106568,598,41,6.5,131.0,175.0,236.91666666666663,D:\AprPanama2025_fixed\041225_experimental\041225PA_experimental_part06.mp4,1900-01-01 20:21:36.800,938
106569,598,41,6.5,118.0,178.0,228.0,D:\AprPanama2025_fixed\041225_experimental\041225PA_experimental_part06.mp4,1900-01-01 20:21:36.900,938
106570,598,41,6.5,128.0,179.0,241.75,D:\AprPanama2025_fixed\041225_experimental\041225PA_experimental_part06.mp4,1900-01-01 20:21:37.000,938
106571,598,41,6.5,117.0,176.0,218.25,D:\AprPanama2025_fixed\041225_experimental\041225PA_experimental_part06.mp4,1900-01-01 20:21:37.100,938
106565,598,41,6.5,138.0,179.0,248.0833333333333,D:\AprPanama2025_fixed\041225_experimental\041225PA_experimental_part06.mp4,1900-01-01 20:21:36.500,938
106566,598,41,6.5,139.0,179.0,247.16666666666663,D:\AprPanama2025_fixed\041225_experimental\041225PA_experimental_part06.mp4,1900-01-01 20:21:36.600,938
106564,598,42,7.5,113.0,179.0,249.5,D:\AprPanama2025_fixed\041225_experimental\041225PA_experimental_part06.mp4,1900-01-01 20:21:36.400,938
106567,598,41,6.5,139.0,179.0,245.0,D:\AprPanama2025_fixed\041225_experimental\041225PA_experimental_part06.mp4,1900-01-01 20:21:36.700,938
106576,598,42,2.5,131.0,177.0,237.5,D:\AprPanama2025_fixed\041225_experimental\041225PA_experimental_part06.mp4,1900-01-01 20:21:37.600,938
106572,598,41,5.5,111.0,172.0,230.45454545454547,D:\AprPanama2025_fixed\041225_experimental\041225PA_experimental_part06.mp4,1900-01-01 20:21:37.200,938
106591,598,42,2.0,113.0,169.0,190.3333333333333,D:\AprPanama2025_fixed\041225_experimental\041225PA_experimental_part06.mp4,1900-01-01 20:21:39.100,938
107026,139,82,1.5,121.0,164.0,57.6,D:\AprPanama2025_fixed\041225_experimental\041225PA_experimental_part06.mp4,1900-01-01 20:22:22.600,479
107025,139,82,1.5,115.0,139.0,33.800000000000004,D:\AprPanama2025_fixed\041225_experimental\041225PA_experimental_part06.mp4,1900-01-01 20:22:22.500,479
108857,100,104,3.5,113.0,147.0,130.25,D:\AprPanama2025_fixed\041225_experimental\041225PA_experimental_part07.mp4,1900-01-01 20:25:25.700,440
108856,100,105,1.5,126.0,166.0,173.8,D:\AprPanama2025_fixed\041225_experimental\041225PA_experimental_part07.mp4,1900-01-01 20:25:25.600,440
108852,100,103,2.0,119.0,152.0,108.83333333333331,D:\AprPanama2025_fixed\041225_experimental\041225PA_experimental_part07.mp4,1900-01-01 20:25:25.200,440
110562,74,109,2.0,120.0,137.0,62.16666666666666,D:\AprPanama2025_fixed\041225_experimental\041225PA_experimental_part07.mp4,1900-01-01 20:28:16.200,414
110566,190,108,3.5,114.0,150.0,45.25,D:\AprPanama2025_fixed\041225_experimental\041225PA_experimental_part07.mp4,1900-01-01 20:28:16.600,530
110565,190,107,2.0,134.0,150.0,41.83333333333333,D:\AprPanama2025_fixed\041225_experimental\041225PA_experimental_part07.mp4,1900-01-01 20:28:16.500,530
110599,57,72,1.5,121.0,140.0,92.2,D:\AprPanama2025_fixed\041225_experimental\041225PA_experimental_part07.mp4,1900-01-01 20:28:19.900,397
113530,50,118,1.5,111.0,177.0,230.7142857142857,D:\AprPanama2025_fixed\041225_experimental\041225PA_experimental_part07.mp4,1900-01-01 20:33:13.000,390
113530,43,118,3.5,117.0,163.0,191.625,D:\AprPanama2025_fixed\041225_experimental\041225PA_experimental_part07.mp4,1900-01-01 20:33:13.000,383
113529,43,118,1.5,117.0,139.0,113.0,D:\AprPanama2025_fixed\041225_experimental\041225PA_experimental_part07.mp4,1900-01-01 20:33:12.900,383
113538,51,118,3.5,141.0,179.0,249.66666666666663,D:\AprPanama2025_fixed\041225_experimental\041225PA_experimental_part07.mp4,1900-01-01 20:33:13.800,391
113532,43,119,4.5,120.0,171.0,207.4,D:\AprPanama2025_fixed\041225_experimental\041225PA_experimental_part07.mp4,1900-01-01 20:33:13.200,383
113532,50,119,9.0,127.0,179.0,252.05882352941177,D:\AprPanama2025_fixed\041225_experimental\041225PA_experimental_part07.mp4,1900-01-01 20:33:13.200,390
113534,43,119,4.0,113.0,168.0,212.1,D:\AprPanama2025_fixed\041225_experimental\041225PA_experimental_part07.mp4,1900-01-01 20:33:13.400,383
113534,51,119,11.0,116.0,177.0,239.95,D:\AprPanama2025_fixed\041225_experimental\041225PA_experimental_part07.mp4,1900-01-01 20:33:13.400,391
113537,51,118,3.5,141.0,179.0,247.55555555555557,D:\AprPanama2025_fixed\041225_experimental\041225PA_experimental_part07.mp4,1900-01-01 20:33:13.700,391
113533,43,119,3.5,114.0,170.0,215.44444444444443,D:\AprPanama2025_fixed\041225_experimental\041225PA_experimental_part07.mp4,1900-01-01 20:33:13.300,383
113533,51,119,10.5,115.0,179.0,244.4736842105263,D:\AprPanama2025_fixed\041225_experimental\041225PA_experimental_part07.mp4,1900-01-01 20:33:13.300,391
113535,43,118,1.5,119.0,165.0,193.66666666666663,D:\AprPanama2025_fixed\041225_experimental\041225PA_experimental_part07.mp4,1900-01-01 20:33:13.500,383
113535,51,119,10.0,116.0,179.0,245.41176470588235,D:\AprPanama2025_fixed\041225_experimental\041225PA_experimental_part07.mp4,1900-01-01 20:33:13.500,391
113536,43,118,2.5,123.0,172.0,212.75,D:\AprPanama2025_fixed\041225_experimental\041225PA_experimental_part07.mp4,1900-01-01 20:33:13.600,383
113536,51,118,7.0,114.0,179.0,248.42857142857144,D:\AprPanama2025_fixed\041225_experimental\041225PA_experimental_part07.mp4,1900-01-01 20:33:13.600,391
113531,43,119,4.5,121.0,175.0,222.8,D:\AprPanama2025_fixed\041225_experimental\041225PA_experimental_part07.mp4,1900-01-01 20:33:13.100,383
113531,50,119,9.0,127.0,178.0,249.41176470588235,D:\AprPanama2025_fixed\041225_experimental\041225PA_experimental_part07.mp4,1900-01-01 20:33:13.100,390
113539,51,118,3.5,134.0,176.0,236.66666666666663,D:\AprPanama2025_fixed\041225_experimental\041225PA_experimental_part07.mp4,1900-01-01 20:33:13.900,391
113539,43,118,2.5,124.0,161.0,214.14285714285717,D:\AprPanama2025_fixed\041225_experimental\041225PA_experimental_part07.mp4,1900-01-01 20:33:13.900,383
113542,43,118,2.5,116.0,150.0,157.14285714285714,D:\AprPanama2025_fixed\041225_experimental\041225PA_experimental_part07.mp4,1900-01-01 20:33:14.200,383
113545,43,118,2.0,115.0,142.0,73.83333333333333,D:\AprPanama2025_fixed\041225_experimental\041225PA_experimental_part07.mp4,1900-01-01 20:33:14.500,383
113543,43,118,2.0,113.0,146.0,68.66666666666666,D:\AprPanama2025_fixed\041225_experimental\041225PA_experimental_part07.mp4,1900-01-01 20:33:14.300,383
113540,51,118,2.5,142.0,179.0,246.25,D:\AprPanama2025_fixed\041225_experimental\041225PA_experimental_part07.mp4,1900-01-01 20:33:14.000,391
113544,43,118,2.0,113.0,140.0,77.33333333333333,D:\AprPanama2025_fixed\041225_experimental\041225PA_experimental_part07.mp4,1900-01-01 20:33:14.400,383
113541,51,118,2.5,126.0,174.0,215.875,D:\AprPanama2025_fixed\041225_experimental\041225PA_experimental_part07.mp4,1900-01-01 20:33:14.100,391
113541,43,118,2.0,116.0,154.0,215.66666666666663,D:\AprPanama2025_fixed\041225_experimental\041225PA_experimental_part07.mp4,1900-01-01 20:33:14.100,383
113558,245,61,7.5,127.0,179.0,250.64285714285717,D:\AprPanama2025_fixed\041225_experimental\041225PA_experimental_part07.mp4,1900-01-01 20:33:15.800,585
113561,248,63,4.5,112.0,180.0,228.3,D:\AprPanama2025_fixed\041225_experimental\041225PA_experimental_part07.mp4,1900-01-01 20:33:16.100,588
113555,243,60,4.5,117.0,176.0,237.2,D:\AprPanama2025_fixed\041225_experimental\041225PA_experimental_part07.mp4,1900-01-01 20:33:15.500,583
113557,245,61,7.5,125.0,173.0,237.42857142857144,D:\AprPanama2025_fixed\041225_experimental\041225PA_experimental_part07.mp4,1900-01-01 20:33:15.700,585
113556,243,60,5.0,128.0,172.0,236.8181818181818,D:\AprPanama2025_fixed\041225_experimental\041225PA_experimental_part07.mp4,1900-01-01 20:33:15.600,583
113562,249,63,6.0,120.0,178.0,183.3333333333333,D:\AprPanama2025_fixed\041225_experimental\041225PA_experimental_part07.mp4,1900-01-01 20:33:16.200,589
113559,247,62,3.5,118.0,165.0,224.44444444444443,D:\AprPanama2025_fixed\041225_experimental\041225PA_experimental_part07.mp4,1900-01-01 20:33:15.900,587
113560,247,62,4.0,123.0,177.0,253.5,D:\AprPanama2025_fixed\041225_experimental\041225PA_experimental_part07.mp4,1900-01-01 20:33:16.000,587
113568,252,66,1.5,115.0,160.0,241.66666666666663,D:\AprPanama2025_fixed\041225_experimental\041225PA_experimental_part07.mp4,1900-01-01 20:33:16.800,592
113569,255,68,2.0,130.0,146.0,54.5,D:\AprPanama2025_fixed\041225_experimental\041225PA_experimental_part07.mp4,1900-01-01 20:33:16.900,595
117170,15,113,2.5,113.0,151.0,128.66666666666666,D:\AprPanama2025_fixed\041225_experimental\041225PA_experimental_part07.mp4,1900-01-01 20:39:17.000,355
117166,15,111,1.5,132.0,175.0,190.8333333333333,D:\AprPanama2025_fixed\041225_experimental\041225PA_experimental_part07.mp4,1900-01-01 20:39:16.600,355
117168,15,113,3.0,112.0,162.0,134.0,D:\AprPanama2025_fixed\041225_experimental\041225PA_experimental_part07.mp4,1900-01-01 20:39:16.800,355
117167,15,113,3.0,112.0,162.0,134.0,D:\AprPanama2025_fixed\041225_experimental\041225PA_experimental_part07.mp4,1900-01-01 20:39:16.700,355
117164,15,111,1.5,117.0,146.0,126.66666666666666,D:\AprPanama2025_fixed\041225_experimental\041225PA_experimental_part07.mp4,1900-01-01 20:39:16.400,355
117169,15,113,3.5,113.0,178.0,135.0,D:\AprPanama2025_fixed\041225_experimental\041225PA_experimental_part07.mp4,1900-01-01 20:39:16.900,355
117163,15,111,3.0,119.0,150.0,66.14285714285714,D:\AprPanama2025_fixed\041225_experimental\041225PA_experimental_part07.mp4,1900-01-01 20:39:16.300,355
117165,15,111,1.5,132.0,175.0,190.8333333333333,D:\AprPanama2025_fixed\041225_experimental\041225PA_experimental_part07.mp4,1900-01-01 20:39:16.500,355
117171,15,113,2.5,113.0,151.0,128.66666666666666,D:\AprPanama2025_fixed\041225_experimental\041225PA_experimental_part07.mp4,1900-01-01 20:39:17.100,355
117182,266,91,2.0,123.0,153.0,120.5,D:\AprPanama2025_fixed\041225_experimental\041225PA_experimental_part07.mp4,1900-01-01 20:39:18.200,606
117181,266,91,2.0,123.0,153.0,120.5,D:\AprPanama2025_fixed\041225_experimental\041225PA_experimental_part07.mp4,1900-01-01 20:39:18.100,606
119114,34,28,1.5,112.0,151.0,205.16666666666663,D:\AprPanama2025_fixed\041225_experimental\041225PA_experimental_part07.mp4,1900-01-01 20:42:31.400,374
119110,33,28,2.0,123.0,150.0,96.33333333333331,D:\AprPanama2025_fixed\041225_experimental\041225PA_experimental_part07.mp4,1900-01-01 20:42:31.000,373
119113,34,28,1.5,112.0,151.0,205.16666666666663,D:\AprPanama2025_fixed\041225_experimental\041225PA_experimental_part07.mp4,1900-01-01 20:42:31.300,374
119112,34,29,1.5,123.0,170.0,196.16666666666663,D:\AprPanama2025_fixed\041225_experimental\041225PA_experimental_part07.mp4,1900-01-01 20:42:31.200,374
119118,34,28,2.5,126.0,177.0,220.42857142857144,D:\AprPanama2025_fixed\041225_experimental\041225PA_experimental_part07.mp4,1900-01-01 20:42:31.800,374
119121,35,28,5.5,116.0,163.0,127.1818181818182,D:\AprPanama2025_fixed\041225_experimental\041225PA_experimental_part07.mp4,1900-01-01 20:42:32.100,375
119116,35,28,5.0,114.0,175.0,206.8,D:\AprPanama2025_fixed\041225_experimental\041225PA_experimental_part07.mp4,1900-01-01 20:42:31.600,375
119117,34,28,3.5,116.0,178.0,224.875,D:\AprPanama2025_fixed\041225_experimental\041225PA_experimental_part07.mp4,1900-01-01 20:42:31.700,374
119119,34,28,2.5,127.0,176.0,185.57142857142856,D:\AprPanama2025_fixed\041225_experimental\041225PA_experimental_part07.mp4,1900-01-01 20:42:31.900,374
119120,35,28,3.0,120.0,175.0,148.625,D:\AprPanama2025_fixed\041225_experimental\041225PA_experimental_part07.mp4,1900-01-01 20:42:32.000,375
119122,35,28,2.0,121.0,157.0,83.83333333333333,D:\AprPanama2025_fixed\041225_experimental\041225PA_experimental_part07.mp4,1900-01-01 20:42:32.200,375
119115,35,28,5.0,114.0,175.0,206.8,D:\AprPanama2025_fixed\041225_experimental\041225PA_experimental_part07.mp4,1900-01-01 20:42:31.500,375
119123,35,27,3.0,117.0,144.0,90.71428571428572,D:\AprPanama2025_fixed\041225_experimental\041225PA_experimental_part07.mp4,1900-01-01 20:42:32.300,375
119124,35,27,3.0,117.0,144.0,90.71428571428572,D:\AprPanama2025_fixed\041225_experimental\041225PA_experimental_part07.mp4,1900-01-01 20:42:32.400,375
119126,35,27,3.0,114.0,145.0,69.28571428571428,D:\AprPanama2025_fixed\041225_experimental\041225PA_experimental_part07.mp4,1900-01-01 20:42:32.600,375
120634,275,60,4.0,114.0,177.0,237.66666666666663,D:\AprPanama2025_fixed\041225_experimental\041225PA_experimental_part07.mp4,1900-01-01 20:45:03.400,615
120632,274,60,6.0,126.0,179.0,252.66666666666663,D:\AprPanama2025_fixed\041225_experimental\041225PA_experimental_part07.mp4,1900-01-01 20:45:03.200,614
120631,274,60,6.0,126.0,179.0,252.66666666666663,D:\AprPanama2025_fixed\041225_experimental\041225PA_experimental_part07.mp4,1900-01-01 20:45:03.100,614
120627,272,60,2.0,117.0,175.0,210.16666666666663,D:\AprPanama2025_fixed\041225_experimental\041225PA_experimental_part07.mp4,1900-01-01 20:45:02.700,612
120630,273,60,6.5,115.0,176.0,241.53846153846155,D:\AprPanama2025_fixed\041225_experimental\041225PA_experimental_part07.mp4,1900-01-01 20:45:03.000,613
120633,275,61,5.0,111.0,156.0,235.3,D:\AprPanama2025_fixed\041225_experimental\041225PA_experimental_part07.mp4,1900-01-01 20:45:03.300,615
120628,272,61,2.5,131.0,178.0,246.42857142857144,D:\AprPanama2025_fixed\041225_experimental\041225PA_experimental_part07.mp4,1900-01-01 20:45:02.800,612
120629,273,61,6.5,111.0,176.0,239.25,D:\AprPanama2025_fixed\041225_experimental\041225PA_experimental_part07.mp4,1900-01-01 20:45:02.900,613
120640,278,60,2.5,127.0,172.0,194.8333333333333,D:\AprPanama2025_fixed\041225_experimental\041225PA_experimental_part07.mp4,1900-01-01 20:45:04.000,618
120636,276,60,3.5,111.0,177.0,229.625,D:\AprPanama2025_fixed\041225_experimental\041225PA_experimental_part07.mp4,1900-01-01 20:45:03.600,616
120641,278,59,4.0,115.0,169.0,238.88888888888889,D:\AprPanama2025_fixed\041225_experimental\041225PA_experimental_part07.mp4,1900-01-01 20:45:04.100,618
120641,83,68,2.0,133.0,161.0,147.66666666666666,D:\AprPanama2025_fixed\041225_experimental\041225PA_experimental_part07.mp4,1900-01-01 20:45:04.100,423
120639,277,60,2.0,114.0,152.0,170.66666666666666,D:\AprPanama2025_fixed\041225_experimental\041225PA_experimental_part07.mp4,1900-01-01 20:45:03.900,617
120642,84,68,2.0,119.0,153.0,164.42857142857142,D:\AprPanama2025_fixed\041225_experimental\041225PA_experimental_part07.mp4,1900-01-01 20:45:04.200,424
120638,276,60,3.0,127.0,172.0,237.75,D:\AprPanama2025_fixed\041225_experimental\041225PA_experimental_part07.mp4,1900-01-01 20:45:03.800,616
120635,275,60,4.5,135.0,178.0,232.77777777777777,D:\AprPanama2025_fixed\041225_experimental\041225PA_experimental_part07.mp4,1900-01-01 20:45:03.500,615
120649,83,72,2.0,117.0,153.0,90.5,D:\AprPanama2025_fixed\041225_experimental\041225PA_experimental_part07.mp4,1900-01-01 20:45:04.900,423
120648,281,58,2.0,114.0,157.0,114.0,D:\AprPanama2025_fixed\041225_experimental\041225PA_experimental_part07.mp4,1900-01-01 20:45:04.800,621
120648,83,71,1.5,124.0,146.0,152.0,D:\AprPanama2025_fixed\041225_experimental\041225PA_experimental_part07.mp4,1900-01-01 20:45:04.800,423
120643,278,59,2.5,112.0,163.0,98.85714285714285,D:\AprPanama2025_fixed\041225_experimental\041225PA_experimental_part07.mp4,1900-01-01 20:45:04.300,618
120645,84,70,2.0,115.0,158.0,153.7142857142857,D:\AprPanama2025_fixed\041225_experimental\041225PA_experimental_part07.mp4,1900-01-01 20:45:04.500,424
120646,84,70,2.0,115.0,158.0,153.7142857142857,D:\AprPanama2025_fixed\041225_experimental\041225PA_experimental_part07.mp4,1900-01-01 20:45:04.600,424
120656,279,6,1.5,111.0,137.0,40.400000000000006,D:\AprPanama2025_fixed\041225_experimental\041225PA_experimental_part07.mp4,1900-01-01 20:45:05.600,619
120654,83,75,5.0,112.0,148.0,94.5,D:\AprPanama2025_fixed\041225_experimental\041225PA_experimental_part07.mp4,1900-01-01 20:45:05.400,423
120708,96,84,1.5,115.0,154.0,167.8,D:\AprPanama2025_fixed\041225_experimental\041225PA_experimental_part07.mp4,1900-01-01 20:45:10.800,436
120712,100,85,3.0,126.0,171.0,181.57142857142856,D:\AprPanama2025_fixed\041225_experimental\041225PA_experimental_part07.mp4,1900-01-01 20:45:11.200,440
120711,100,84,2.0,120.0,168.0,140.8,D:\AprPanama2025_fixed\041225_experimental\041225PA_experimental_part07.mp4,1900-01-01 20:45:11.100,440
120707,97,83,5.0,118.0,166.0,113.6,D:\AprPanama2025_fixed\041225_experimental\041225PA_experimental_part07.mp4,1900-01-01 20:45:10.700,437
120721,105,86,2.0,112.0,140.0,129.83333333333331,D:\AprPanama2025_fixed\041225_experimental\041225PA_experimental_part07.mp4,1900-01-01 20:45:12.100,445
120722,106,87,1.5,130.0,162.0,156.20000000000002,D:\AprPanama2025_fixed\041225_experimental\041225PA_experimental_part07.mp4,1900-01-01 20:45:12.200,446
120717,103,85,4.0,119.0,161.0,108.44444444444444,D:\AprPanama2025_fixed\041225_experimental\041225PA_experimental_part07.mp4,1900-01-01 20:45:11.700,443
122033,270,167,2.0,139.0,175.0,241.3333333333333,D:\AprPanama2025_fixed\041225_experimental\041225PA_experimental_part07.mp4,1900-01-01 20:47:23.300,610
122034,271,168,1.5,118.0,149.0,227.6,D:\AprPanama2025_fixed\041225_experimental\041225PA_experimental_part07.mp4,1900-01-01 20:47:23.400,611
122040,270,166,3.0,111.0,177.0,235.14285714285717,D:\AprPanama2025_fixed\041225_experimental\041225PA_experimental_part07.mp4,1900-01-01 20:47:24.000,610
122039,270,166,3.0,111.0,177.0,235.14285714285717,D:\AprPanama2025_fixed\041225_experimental\041225PA_experimental_part07.mp4,1900-01-01 20:47:23.900,610
122038,270,166,1.5,128.0,178.0,228.8,D:\AprPanama2025_fixed\041225_experimental\041225PA_experimental_part07.mp4,1900-01-01 20:47:23.800,610
122048,268,164,1.5,112.0,168.0,206.8,D:\AprPanama2025_fixed\041225_experimental\041225PA_experimental_part07.mp4,1900-01-01 20:47:24.800,608
122053,76,102,3.0,122.0,177.0,160.7142857142857,D:\AprPanama2025_fixed\041225_experimental\041225PA_experimental_part07.mp4,1900-01-01 20:47:25.300,416
122055,29,105,3.5,112.0,139.0,23.5,D:\AprPanama2025_fixed\041225_experimental\041225PA_experimental_part07.mp4,1900-01-01 20:47:25.500,369
122056,29,105,3.5,112.0,139.0,23.5,D:\AprPanama2025_fixed\041225_experimental\041225PA_experimental_part07.mp4,1900-01-01 20:47:25.600,369
122052,29,104,1.5,126.0,146.0,67.4,D:\AprPanama2025_fixed\041225_experimental\041225PA_experimental_part07.mp4,1900-01-01 20:47:25.200,369
122054,75,102,2.0,113.0,175.0,224.5,D:\AprPanama2025_fixed\041225_experimental\041225PA_experimental_part07.mp4,1900-01-01 20:47:25.400,415
122051,76,103,1.5,132.0,171.0,214.0,D:\AprPanama2025_fixed\041225_experimental\041225PA_experimental_part07.mp4,1900-01-01 20:47:25.100,416
122051,30,104,2.0,117.0,172.0,172.16666666666666,D:\AprPanama2025_fixed\041225_experimental\041225PA_experimental_part07.mp4,1900-01-01 20:47:25.100,370
122060,205,117,2.5,123.0,171.0,201.85714285714283,D:\AprPanama2025_fixed\041225_experimental\041225PA_experimental_part07.mp4,1900-01-01 20:47:26.000,545
122063,204,116,1.5,123.0,174.0,255.0,D:\AprPanama2025_fixed\041225_experimental\041225PA_experimental_part07.mp4,1900-01-01 20:47:26.300,544
122064,204,115,2.0,119.0,178.0,254.8333333333333,D:\AprPanama2025_fixed\041225_experimental\041225PA_experimental_part07.mp4,1900-01-01 20:47:26.400,544
122062,204,116,2.0,145.0,172.0,253.57142857142856,D:\AprPanama2025_fixed\041225_experimental\041225PA_experimental_part07.mp4,1900-01-01 20:47:26.200,544
122065,204,116,1.5,149.0,176.0,243.4,D:\AprPanama2025_fixed\041225_experimental\041225PA_experimental_part07.mp4,1900-01-01 20:47:26.500,544
122059,205,117,1.5,111.0,144.0,211.8,D:\AprPanama2025_fixed\041225_experimental\041225PA_experimental_part07.mp4,1900-01-01 20:47:25.900,545
122061,205,117,5.0,113.0,175.0,216.4,D:\AprPanama2025_fixed\041225_experimental\041225PA_experimental_part07.mp4,1900-01-01 20:47:26.100,545
122066,204,116,1.5,149.0,176.0,243.4,D:\AprPanama2025_fixed\041225_experimental\041225PA_experimental_part07.mp4,1900-01-01 20:47:26.600,544
122072,202,115,2.0,127.0,165.0,245.5,D:\AprPanama2025_fixed\041225_experimental\041225PA_experimental_part07.mp4,1900-01-01 20:47:27.200,542
122070,72,81,1.5,116.0,134.0,42.2,D:\AprPanama2025_fixed\041225_experimental\041225PA_experimental_part07.mp4,1900-01-01 20:47:27.000,412
122071,202,115,2.5,120.0,155.0,126.85714285714285,D:\AprPanama2025_fixed\041225_experimental\041225PA_experimental_part07.mp4,1900-01-01 20:47:27.100,542
122073,71,83,1.5,113.0,146.0,71.2,D:\AprPanama2025_fixed\041225_experimental\041225PA_experimental_part07.mp4,1900-01-01 20:47:27.300,411
122067,203,116,3.0,124.0,178.0,140.57142857142856,D:\AprPanama2025_fixed\041225_experimental\041225PA_experimental_part07.mp4,1900-01-01 20:47:26.700,543
122078,201,114,1.5,111.0,147.0,63.2,D:\AprPanama2025_fixed\041225_experimental\041225PA_experimental_part07.mp4,1900-01-01 20:47:27.800,541
122077,201,114,1.5,111.0,147.0,63.2,D:\AprPanama2025_fixed\041225_experimental\041225PA_experimental_part07.mp4,1900-01-01 20:47:27.700,541
122583,807,40,4.5,127.0,174.0,234.54545454545456,D:\AprPanama2025_fixed\041225_experimental\041225PA_experimental_part07.mp4,1900-01-01 20:48:18.300,1147
122584,807,40,6.5,131.0,179.0,233.6923076923077,D:\AprPanama2025_fixed\041225_experimental\041225PA_experimental_part07.mp4,1900-01-01 20:48:18.400,1147
122581,807,40,6.5,137.0,177.0,210.30769230769232,D:\AprPanama2025_fixed\041225_experimental\041225PA_experimental_part07.mp4,1900-01-01 20:48:18.100,1147
122586,808,39,3.0,123.0,176.0,242.14285714285717,D:\AprPanama2025_fixed\041225_experimental\041225PA_experimental_part07.mp4,1900-01-01 20:48:18.600,1148
122580,807,40,5.0,135.0,183.0,197.63636363636363,D:\AprPanama2025_fixed\041225_experimental\041225PA_experimental_part07.mp4,1900-01-01 20:48:18.000,1147
122585,807,40,6.5,131.0,176.0,197.23076923076923,D:\AprPanama2025_fixed\041225_experimental\041225PA_experimental_part07.mp4,1900-01-01 20:48:18.500,1147
122582,807,40,5.5,139.0,181.0,227.5,D:\AprPanama2025_fixed\041225_experimental\041225PA_experimental_part07.mp4,1900-01-01 20:48:18.200,1147
122579,807,40,5.0,135.0,183.0,197.63636363636363,D:\AprPanama2025_fixed\041225_experimental\041225PA_experimental_part07.mp4,1900-01-01 20:48:17.900,1147
122589,807,39,6.0,131.0,177.0,225.25,D:\AprPanama2025_fixed\041225_experimental\041225PA_experimental_part07.mp4,1900-01-01 20:48:18.900,1147
122591,807,39,3.0,116.0,165.0,241.125,D:\AprPanama2025_fixed\041225_experimental\041225PA_experimental_part07.mp4,1900-01-01 20:48:19.100,1147
122588,807,39,6.0,131.0,177.0,225.25,D:\AprPanama2025_fixed\041225_experimental\041225PA_experimental_part07.mp4,1900-01-01 20:48:18.800,1147
122587,807,39,6.0,131.0,177.0,225.25,D:\AprPanama2025_fixed\041225_experimental\041225PA_experimental_part07.mp4,1900-01-01 20:48:18.700,1147
123261,703,23,6.0,131.0,178.0,235.5833333333333,D:\AprPanama2025_fixed\041225_experimental\041225PA_experimental_part07.mp4,1900-01-01 20:49:26.100,1043
123264,702,23,9.5,115.0,179.0,244.8235294117647,D:\AprPanama2025_fixed\041225_experimental\041225PA_experimental_part07.mp4,1900-01-01 20:49:26.400,1042
123265,703,23,8.0,114.0,178.0,239.6,D:\AprPanama2025_fixed\041225_experimental\041225PA_experimental_part07.mp4,1900-01-01 20:49:26.500,1043
123262,702,23,7.5,114.0,179.0,239.64285714285717,D:\AprPanama2025_fixed\041225_experimental\041225PA_experimental_part07.mp4,1900-01-01 20:49:26.200,1042
123260,702,24,1.5,129.0,173.0,242.4,D:\AprPanama2025_fixed\041225_experimental\041225PA_experimental_part07.mp4,1900-01-01 20:49:26.000,1042
123263,702,24,5.0,114.0,179.0,246.1818181818182,D:\AprPanama2025_fixed\041225_experimental\041225PA_experimental_part07.mp4,1900-01-01 20:49:26.300,1042
123266,703,23,8.0,112.0,178.0,241.53333333333333,D:\AprPanama2025_fixed\041225_experimental\041225PA_experimental_part07.mp4,1900-01-01 20:49:26.600,1043
123269,702,24,2.5,118.0,175.0,251.77777777777777,D:\AprPanama2025_fixed\041225_experimental\041225PA_experimental_part07.mp4,1900-01-01 20:49:26.900,1042
123270,702,23,3.5,111.0,183.0,250.63636363636363,D:\AprPanama2025_fixed\041225_experimental\041225PA_experimental_part07.mp4,1900-01-01 20:49:27.000,1042
123267,703,23,8.0,113.0,176.0,242.53333333333333,D:\AprPanama2025_fixed\041225_experimental\041225PA_experimental_part07.mp4,1900-01-01 20:49:26.700,1043
123268,702,23,7.0,113.0,173.0,241.28571428571428,D:\AprPanama2025_fixed\041225_experimental\041225PA_experimental_part07.mp4,1900-01-01 20:49:26.800,1042
124183,77,43,1.5,127.0,181.0,203.4,D:\AprPanama2025_fixed\041225_experimental\041225PA_experimental_part07.mp4,1900-01-01 20:50:58.300,417
124186,78,42,2.5,111.0,172.0,233.7142857142857,D:\AprPanama2025_fixed\041225_experimental\041225PA_experimental_part07.mp4,1900-01-01 20:50:58.600,418
124185,78,43,1.5,116.0,164.0,211.0,D:\AprPanama2025_fixed\041225_experimental\041225PA_experimental_part07.mp4,1900-01-01 20:50:58.500,418
124180,76,41,1.5,115.0,151.0,211.8,D:\AprPanama2025_fixed\041225_experimental\041225PA_experimental_part07.mp4,1900-01-01 20:50:58.000,416
124182,77,41,2.5,111.0,145.0,116.14285714285714,D:\AprPanama2025_fixed\041225_experimental\041225PA_experimental_part07.mp4,1900-01-01 20:50:58.200,417
124179,76,41,1.5,132.0,165.0,236.2,D:\AprPanama2025_fixed\041225_experimental\041225PA_experimental_part07.mp4,1900-01-01 20:50:57.900,416
124188,78,41,1.5,111.0,155.0,100.6,D:\AprPanama2025_fixed\041225_experimental\041225PA_experimental_part07.mp4,1900-01-01 20:50:58.800,418
125391,416,46,8.0,131.0,179.0,251.92857142857144,D:\AprPanama2025_fixed\041225_experimental\041225PA_experimental_part07.mp4,1900-01-01 20:52:59.100,756
125388,416,45,2.0,120.0,156.0,224.66666666666663,D:\AprPanama2025_fixed\041225_experimental\041225PA_experimental_part07.mp4,1900-01-01 20:52:58.800,756
125393,416,46,9.5,112.0,179.0,246.3125,D:\AprPanama2025_fixed\041225_experimental\041225PA_experimental_part07.mp4,1900-01-01 20:52:59.300,756
125394,416,46,9.0,111.0,179.0,239.8235294117647,D:\AprPanama2025_fixed\041225_experimental\041225PA_experimental_part07.mp4,1900-01-01 20:52:59.400,756
125390,416,47,7.5,123.0,178.0,247.7692307692308,D:\AprPanama2025_fixed\041225_experimental\041225PA_experimental_part07.mp4,1900-01-01 20:52:59.000,756
125389,416,47,1.5,116.0,171.0,248.85714285714283,D:\AprPanama2025_fixed\041225_experimental\041225PA_experimental_part07.mp4,1900-01-01 20:52:58.900,756
125392,416,46,9.5,112.0,179.0,246.3125,D:\AprPanama2025_fixed\041225_experimental\041225PA_experimental_part07.mp4,1900-01-01 20:52:59.200,756
125396,417,46,11.0,112.0,179.0,245.0,D:\AprPanama2025_fixed\041225_experimental\041225PA_experimental_part07.mp4,1900-01-01 20:52:59.600,757
125398,416,46,10.5,116.0,177.0,242.2941176470588,D:\AprPanama2025_fixed\041225_experimental\041225PA_experimental_part07.mp4,1900-01-01 20:52:59.800,756
125397,416,46,10.5,119.0,178.0,243.94117647058823,D:\AprPanama2025_fixed\041225_experimental\041225PA_experimental_part07.mp4,1900-01-01 20:52:59.700,756
125401,416,46,8.0,117.0,179.0,253.28571428571428,D:\AprPanama2025_fixed\041225_experimental\041225PA_experimental_part07.mp4,1900-01-01 20:53:00.100,756
125399,416,47,8.0,113.0,178.0,243.86666666666667,D:\AprPanama2025_fixed\041225_experimental\041225PA_experimental_part07.mp4,1900-01-01 20:52:59.900,756
125400,416,47,7.0,120.0,179.0,248.78571428571428,D:\AprPanama2025_fixed\041225_experimental\041225PA_experimental_part07.mp4,1900-01-01 20:53:00.000,756
125402,416,46,7.0,131.0,179.0,253.15384615384616,D:\AprPanama2025_fixed\041225_experimental\041225PA_experimental_part07.mp4,1900-01-01 20:53:00.200,756
125395,416,46,11.0,114.0,179.0,245.8333333333333,D:\AprPanama2025_fixed\041225_experimental\041225PA_experimental_part07.mp4,1900-01-01 20:52:59.500,756
125404,416,45,5.5,118.0,175.0,248.72727272727275,D:\AprPanama2025_fixed\041225_experimental\041225PA_experimental_part07.mp4,1900-01-01 20:53:00.400,756
125408,416,45,3.5,114.0,176.0,236.25,D:\AprPanama2025_fixed\041225_experimental\041225PA_experimental_part07.mp4,1900-01-01 20:53:00.800,756
125410,416,45,2.0,134.0,166.0,253.8333333333333,D:\AprPanama2025_fixed\041225_experimental\041225PA_experimental_part07.mp4,1900-01-01 20:53:01.000,756
125405,416,46,3.5,123.0,170.0,245.0,D:\AprPanama2025_fixed\041225_experimental\041225PA_experimental_part07.mp4,1900-01-01 20:53:00.500,756
125403,416,46,6.0,114.0,171.0,245.53846153846155,D:\AprPanama2025_fixed\041225_experimental\041225PA_experimental_part07.mp4,1900-01-01 20:53:00.300,756
125409,416,46,3.5,118.0,172.0,248.5,D:\AprPanama2025_fixed\041225_experimental\041225PA_experimental_part07.mp4,1900-01-01 20:53:00.900,756
125407,416,46,4.0,112.0,170.0,248.2222222222222,D:\AprPanama2025_fixed\041225_experimental\041225PA_experimental_part07.mp4,1900-01-01 20:53:00.700,756
125418,665,148,9.0,113.0,179.0,251.5625,D:\AprPanama2025_fixed\041225_experimental\041225PA_experimental_part07.mp4,1900-01-01 20:53:01.800,1005
125416,664,148,11.0,128.0,179.0,254.8333333333333,D:\AprPanama2025_fixed\041225_experimental\041225PA_experimental_part07.mp4,1900-01-01 20:53:01.600,1004
125415,664,148,11.5,114.0,179.0,250.1052631578947,D:\AprPanama2025_fixed\041225_experimental\041225PA_experimental_part07.mp4,1900-01-01 20:53:01.500,1004
125414,664,148,7.5,111.0,177.0,251.15384615384616,D:\AprPanama2025_fixed\041225_experimental\041225PA_experimental_part07.mp4,1900-01-01 20:53:01.400,1004
125413,416,45,1.5,118.0,174.0,253.8,D:\AprPanama2025_fixed\041225_experimental\041225PA_experimental_part07.mp4,1900-01-01 20:53:01.300,756
125413,664,148,4.0,115.0,178.0,247.0,D:\AprPanama2025_fixed\041225_experimental\041225PA_experimental_part07.mp4,1900-01-01 20:53:01.300,1004
125411,416,45,2.0,122.0,166.0,253.8333333333333,D:\AprPanama2025_fixed\041225_experimental\041225PA_experimental_part07.mp4,1900-01-01 20:53:01.100,756
125417,665,149,10.0,111.0,179.0,251.2941176470588,D:\AprPanama2025_fixed\041225_experimental\041225PA_experimental_part07.mp4,1900-01-01 20:53:01.700,1005
125420,665,149,13.0,111.0,179.0,249.04761904761904,D:\AprPanama2025_fixed\041225_experimental\041225PA_experimental_part07.mp4,1900-01-01 20:53:02.000,1005
125422,666,149,11.5,122.0,179.0,245.8421052631579,D:\AprPanama2025_fixed\041225_experimental\041225PA_experimental_part07.mp4,1900-01-01 20:53:02.200,1006
125425,666,149,11.0,122.0,179.0,250.16666666666663,D:\AprPanama2025_fixed\041225_experimental\041225PA_experimental_part07.mp4,1900-01-01 20:53:02.500,1006
125421,666,149,12.5,124.0,179.0,243.45,D:\AprPanama2025_fixed\041225_experimental\041225PA_experimental_part07.mp4,1900-01-01 20:53:02.100,1006
125423,666,149,11.0,124.0,179.0,247.2222222222222,D:\AprPanama2025_fixed\041225_experimental\041225PA_experimental_part07.mp4,1900-01-01 20:53:02.300,1006
125419,665,149,13.0,111.0,179.0,249.04761904761904,D:\AprPanama2025_fixed\041225_experimental\041225PA_experimental_part07.mp4,1900-01-01 20:53:01.900,1005
125426,666,149,8.5,111.0,178.0,250.46666666666667,D:\AprPanama2025_fixed\041225_experimental\041225PA_experimental_part07.mp4,1900-01-01 20:53:02.600,1006
125424,666,149,11.0,134.0,179.0,248.88888888888889,D:\AprPanama2025_fixed\041225_experimental\041225PA_experimental_part07.mp4,1900-01-01 20:53:02.400,1006
125429,667,148,6.5,128.0,179.0,245.5833333333333,D:\AprPanama2025_fixed\041225_experimental\041225PA_experimental_part07.mp4,1900-01-01 20:53:02.900,1007
125430,667,148,7.0,122.0,179.0,250.92307692307693,D:\AprPanama2025_fixed\041225_experimental\041225PA_experimental_part07.mp4,1900-01-01 20:53:03.000,1007
125431,667,148,6.0,123.0,179.0,238.8333333333333,D:\AprPanama2025_fixed\041225_experimental\041225PA_experimental_part07.mp4,1900-01-01 20:53:03.100,1007
125434,668,148,2.0,118.0,177.0,252.16666666666663,D:\AprPanama2025_fixed\041225_experimental\041225PA_experimental_part07.mp4,1900-01-01 20:53:03.400,1008
125428,667,149,7.5,112.0,176.0,247.30769230769232,D:\AprPanama2025_fixed\041225_experimental\041225PA_experimental_part07.mp4,1900-01-01 20:53:02.800,1007
125432,667,148,6.0,119.0,178.0,234.66666666666663,D:\AprPanama2025_fixed\041225_experimental\041225PA_experimental_part07.mp4,1900-01-01 20:53:03.200,1007
125427,667,149,7.5,112.0,176.0,249.3846153846154,D:\AprPanama2025_fixed\041225_experimental\041225PA_experimental_part07.mp4,1900-01-01 20:53:02.700,1007
125433,668,148,2.5,125.0,176.0,247.66666666666663,D:\AprPanama2025_fixed\041225_experimental\041225PA_experimental_part07.mp4,1900-01-01 20:53:03.300,1008
125438,668,148,2.0,111.0,156.0,194.2,D:\AprPanama2025_fixed\041225_experimental\041225PA_experimental_part07.mp4,1900-01-01 20:53:03.800,1008
125435,668,148,1.5,125.0,178.0,246.0,D:\AprPanama2025_fixed\041225_experimental\041225PA_experimental_part07.mp4,1900-01-01 20:53:03.500,1008
125466,662,7,2.5,112.0,165.0,206.14285714285717,D:\AprPanama2025_fixed\041225_experimental\041225PA_experimental_part07.mp4,1900-01-01 20:53:06.600,1002
125467,662,7,2.5,114.0,165.0,203.875,D:\AprPanama2025_fixed\041225_experimental\041225PA_experimental_part07.mp4,1900-01-01 20:53:06.700,1002
125472,662,7,2.5,123.0,141.0,62.42857142857142,D:\AprPanama2025_fixed\041225_experimental\041225PA_experimental_part07.mp4,1900-01-01 20:53:07.200,1002
125469,662,7,2.5,116.0,163.0,177.5,D:\AprPanama2025_fixed\041225_experimental\041225PA_experimental_part07.mp4,1900-01-01 20:53:06.900,1002
125471,662,7,2.5,123.0,141.0,62.42857142857142,D:\AprPanama2025_fixed\041225_experimental\041225PA_experimental_part07.mp4,1900-01-01 20:53:07.100,1002
129183,96,58,4.5,115.0,177.0,183.9,D:\AprPanama2025_fixed\041225_experimental\041225PA_experimental_part08.mp4,1900-01-01 20:59:18.300,436
129185,96,57,3.5,137.0,178.0,246.375,D:\AprPanama2025_fixed\041225_experimental\041225PA_experimental_part08.mp4,1900-01-01 20:59:18.500,436
129184,96,58,1.5,112.0,161.0,232.8,D:\AprPanama2025_fixed\041225_experimental\041225PA_experimental_part08.mp4,1900-01-01 20:59:18.400,436
129180,97,59,3.0,126.0,150.0,139.57142857142856,D:\AprPanama2025_fixed\041225_experimental\041225PA_experimental_part08.mp4,1900-01-01 20:59:18.000,437
129181,97,60,2.5,126.0,150.0,131.5,D:\AprPanama2025_fixed\041225_experimental\041225PA_experimental_part08.mp4,1900-01-01 20:59:18.100,437
129181,15,65,3.0,120.0,145.0,39.85714285714285,D:\AprPanama2025_fixed\041225_experimental\041225PA_experimental_part08.mp4,1900-01-01 20:59:18.100,355
129182,97,59,6.5,114.0,162.0,185.0,D:\AprPanama2025_fixed\041225_experimental\041225PA_experimental_part08.mp4,1900-01-01 20:59:18.200,437
129190,94,54,2.0,118.0,159.0,249.3333333333333,D:\AprPanama2025_fixed\041225_experimental\041225PA_experimental_part08.mp4,1900-01-01 20:59:19.000,434
129189,95,56,2.5,122.0,164.0,128.7142857142857,D:\AprPanama2025_fixed\041225_experimental\041225PA_experimental_part08.mp4,1900-01-01 20:59:18.900,435
129189,16,61,2.0,129.0,153.0,61.5,D:\AprPanama2025_fixed\041225_experimental\041225PA_experimental_part08.mp4,1900-01-01 20:59:18.900,356
129191,94,54,2.0,132.0,171.0,254.3333333333333,D:\AprPanama2025_fixed\041225_experimental\041225PA_experimental_part08.mp4,1900-01-01 20:59:19.100,434
129187,96,57,3.0,113.0,170.0,175.57142857142856,D:\AprPanama2025_fixed\041225_experimental\041225PA_experimental_part08.mp4,1900-01-01 20:59:18.700,436
129187,16,62,2.0,134.0,175.0,229.16666666666663,D:\AprPanama2025_fixed\041225_experimental\041225PA_experimental_part08.mp4,1900-01-01 20:59:18.700,356
129188,95,55,2.0,117.0,162.0,188.0,D:\AprPanama2025_fixed\041225_experimental\041225PA_experimental_part08.mp4,1900-01-01 20:59:18.800,435
129192,94,55,2.5,115.0,171.0,198.3333333333333,D:\AprPanama2025_fixed\041225_experimental\041225PA_experimental_part08.mp4,1900-01-01 20:59:19.200,434
129186,96,56,2.5,112.0,169.0,248.3333333333333,D:\AprPanama2025_fixed\041225_experimental\041225PA_experimental_part08.mp4,1900-01-01 20:59:18.600,436
129197,92,52,2.0,133.0,170.0,198.5,D:\AprPanama2025_fixed\041225_experimental\041225PA_experimental_part08.mp4,1900-01-01 20:59:19.700,432
129194,93,54,2.0,116.0,146.0,95.16666666666666,D:\AprPanama2025_fixed\041225_experimental\041225PA_experimental_part08.mp4,1900-01-01 20:59:19.400,433
129198,92,52,1.5,113.0,172.0,77.2,D:\AprPanama2025_fixed\041225_experimental\041225PA_experimental_part08.mp4,1900-01-01 20:59:19.800,432
129195,93,54,2.0,116.0,146.0,95.16666666666666,D:\AprPanama2025_fixed\041225_experimental\041225PA_experimental_part08.mp4,1900-01-01 20:59:19.500,433
129207,88,50,2.0,118.0,143.0,90.83333333333331,D:\AprPanama2025_fixed\041225_experimental\041225PA_experimental_part08.mp4,1900-01-01 20:59:20.700,428
130430,817,265,9.5,119.0,179.0,252.125,D:\AprPanama2025_fixed\041225_experimental\041225PA_experimental_part08.mp4,1900-01-01 21:01:23.000,1157
130429,817,265,8.5,118.0,179.0,249.2,D:\AprPanama2025_fixed\041225_experimental\041225PA_experimental_part08.mp4,1900-01-01 21:01:22.900,1157
130433,817,264,4.5,117.0,177.0,245.9,D:\AprPanama2025_fixed\041225_experimental\041225PA_experimental_part08.mp4,1900-01-01 21:01:23.300,1157
130428,816,265,9.5,124.0,179.0,243.6875,D:\AprPanama2025_fixed\041225_experimental\041225PA_experimental_part08.mp4,1900-01-01 21:01:22.800,1156
130432,817,264,4.5,117.0,177.0,245.9,D:\AprPanama2025_fixed\041225_experimental\041225PA_experimental_part08.mp4,1900-01-01 21:01:23.200,1157
130431,817,265,9.5,119.0,179.0,252.125,D:\AprPanama2025_fixed\041225_experimental\041225PA_experimental_part08.mp4,1900-01-01 21:01:23.100,1157
130427,818,265,3.5,118.0,175.0,246.3,D:\AprPanama2025_fixed\041225_experimental\041225PA_experimental_part08.mp4,1900-01-01 21:01:22.700,1158
130434,817,264,3.0,115.0,171.0,235.125,D:\AprPanama2025_fixed\041225_experimental\041225PA_experimental_part08.mp4,1900-01-01 21:01:23.400,1157
130455,491,35,15.5,132.0,179.0,250.2083333333333,D:\AprPanama2025_fixed\041225_experimental\041225PA_experimental_part08.mp4,1900-01-01 21:01:25.500,831
130453,491,35,15.5,132.0,179.0,250.41666666666663,D:\AprPanama2025_fixed\041225_experimental\041225PA_experimental_part08.mp4,1900-01-01 21:01:25.300,831
130452,491,35,16.5,120.0,179.0,249.24,D:\AprPanama2025_fixed\041225_experimental\041225PA_experimental_part08.mp4,1900-01-01 21:01:25.200,831
130454,491,35,15.5,132.0,179.0,250.2083333333333,D:\AprPanama2025_fixed\041225_experimental\041225PA_experimental_part08.mp4,1900-01-01 21:01:25.400,831
130451,490,35,8.0,123.0,178.0,253.42857142857144,D:\AprPanama2025_fixed\041225_experimental\041225PA_experimental_part08.mp4,1900-01-01 21:01:25.100,830
130456,491,35,15.5,129.0,179.0,251.375,D:\AprPanama2025_fixed\041225_experimental\041225PA_experimental_part08.mp4,1900-01-01 21:01:25.600,831
130457,491,35,15.5,117.0,232.0,248.8333333333333,D:\AprPanama2025_fixed\041225_experimental\041225PA_experimental_part08.mp4,1900-01-01 21:01:25.700,831
130450,490,34,6.0,125.0,174.0,222.0,D:\AprPanama2025_fixed\041225_experimental\041225PA_experimental_part08.mp4,1900-01-01 21:01:25.000,830
130461,491,35,15.0,121.0,179.0,244.2173913043478,D:\AprPanama2025_fixed\041225_experimental\041225PA_experimental_part08.mp4,1900-01-01 21:01:26.100,831
130465,490,34,15.5,115.0,179.0,233.26086956521735,D:\AprPanama2025_fixed\041225_experimental\041225PA_experimental_part08.mp4,1900-01-01 21:01:26.500,830
130460,491,35,15.0,129.0,178.0,246.65217391304347,D:\AprPanama2025_fixed\041225_experimental\041225PA_experimental_part08.mp4,1900-01-01 21:01:26.000,831
130458,491,35,15.5,117.0,179.0,251.79166666666663,D:\AprPanama2025_fixed\041225_experimental\041225PA_experimental_part08.mp4,1900-01-01 21:01:25.800,831
130464,490,34,15.5,122.0,179.0,234.4782608695652,D:\AprPanama2025_fixed\041225_experimental\041225PA_experimental_part08.mp4,1900-01-01 21:01:26.400,830
130459,491,35,15.5,117.0,179.0,251.9583333333333,D:\AprPanama2025_fixed\041225_experimental\041225PA_experimental_part08.mp4,1900-01-01 21:01:25.900,831
130463,491,34,13.5,128.0,179.0,239.2380952380952,D:\AprPanama2025_fixed\041225_experimental\041225PA_experimental_part08.mp4,1900-01-01 21:01:26.300,831
130462,491,34,14.0,121.0,179.0,240.4090909090909,D:\AprPanama2025_fixed\041225_experimental\041225PA_experimental_part08.mp4,1900-01-01 21:01:26.200,831
130473,490,33,6.0,129.0,179.0,244.75,D:\AprPanama2025_fixed\041225_experimental\041225PA_experimental_part08.mp4,1900-01-01 21:01:27.300,830
130472,490,33,8.0,129.0,179.0,246.2142857142857,D:\AprPanama2025_fixed\041225_experimental\041225PA_experimental_part08.mp4,1900-01-01 21:01:27.200,830
130468,490,34,10.0,111.0,178.0,243.4705882352941,D:\AprPanama2025_fixed\041225_experimental\041225PA_experimental_part08.mp4,1900-01-01 21:01:26.800,830
130470,490,34,9.0,127.0,179.0,240.9375,D:\AprPanama2025_fixed\041225_experimental\041225PA_experimental_part08.mp4,1900-01-01 21:01:27.000,830
130471,490,34,10.0,115.0,179.0,232.76470588235293,D:\AprPanama2025_fixed\041225_experimental\041225PA_experimental_part08.mp4,1900-01-01 21:01:27.100,830
130469,490,34,11.5,111.0,179.0,241.3157894736842,D:\AprPanama2025_fixed\041225_experimental\041225PA_experimental_part08.mp4,1900-01-01 21:01:26.900,830
130466,490,34,15.5,111.0,179.0,234.4782608695652,D:\AprPanama2025_fixed\041225_experimental\041225PA_experimental_part08.mp4,1900-01-01 21:01:26.600,830
130467,490,34,13.5,111.0,178.0,237.52380952380952,D:\AprPanama2025_fixed\041225_experimental\041225PA_experimental_part08.mp4,1900-01-01 21:01:26.700,830
130480,490,33,2.5,118.0,166.0,247.0,D:\AprPanama2025_fixed\041225_experimental\041225PA_experimental_part08.mp4,1900-01-01 21:01:28.000,830
130480,581,181,8.5,125.0,179.0,246.7333333333333,D:\AprPanama2025_fixed\041225_experimental\041225PA_experimental_part08.mp4,1900-01-01 21:01:28.000,921
130479,490,33,5.0,114.0,179.0,221.1,D:\AprPanama2025_fixed\041225_experimental\041225PA_experimental_part08.mp4,1900-01-01 21:01:27.900,830
130479,581,181,6.5,122.0,176.0,235.66666666666663,D:\AprPanama2025_fixed\041225_experimental\041225PA_experimental_part08.mp4,1900-01-01 21:01:27.900,921
130476,490,33,5.5,122.0,176.0,233.63636363636363,D:\AprPanama2025_fixed\041225_experimental\041225PA_experimental_part08.mp4,1900-01-01 21:01:27.600,830
130481,490,33,2.5,118.0,166.0,247.0,D:\AprPanama2025_fixed\041225_experimental\041225PA_experimental_part08.mp4,1900-01-01 21:01:28.100,830
130481,581,181,9.5,133.0,177.0,248.9375,D:\AprPanama2025_fixed\041225_experimental\041225PA_experimental_part08.mp4,1900-01-01 21:01:28.100,921
130478,490,33,4.0,121.0,176.0,235.66666666666663,D:\AprPanama2025_fixed\041225_experimental\041225PA_experimental_part08.mp4,1900-01-01 21:01:27.800,830
130478,580,181,1.5,124.0,145.0,119.2,D:\AprPanama2025_fixed\041225_experimental\041225PA_experimental_part08.mp4,1900-01-01 21:01:27.800,920
130477,490,33,5.5,122.0,176.0,233.63636363636363,D:\AprPanama2025_fixed\041225_experimental\041225PA_experimental_part08.mp4,1900-01-01 21:01:27.700,830
130474,490,33,6.0,115.0,179.0,242.0833333333333,D:\AprPanama2025_fixed\041225_experimental\041225PA_experimental_part08.mp4,1900-01-01 21:01:27.400,830
130475,490,33,6.0,128.0,179.0,246.91666666666663,D:\AprPanama2025_fixed\041225_experimental\041225PA_experimental_part08.mp4,1900-01-01 21:01:27.500,830
130488,581,181,10.5,115.0,179.0,247.38888888888889,D:\AprPanama2025_fixed\041225_experimental\041225PA_experimental_part08.mp4,1900-01-01 21:01:28.800,921
130485,490,33,2.0,114.0,155.0,246.66666666666663,D:\AprPanama2025_fixed\041225_experimental\041225PA_experimental_part08.mp4,1900-01-01 21:01:28.500,830
130485,581,181,11.5,112.0,179.0,249.2631578947368,D:\AprPanama2025_fixed\041225_experimental\041225PA_experimental_part08.mp4,1900-01-01 21:01:28.500,921
130487,490,33,2.0,111.0,156.0,237.0,D:\AprPanama2025_fixed\041225_experimental\041225PA_experimental_part08.mp4,1900-01-01 21:01:28.700,830
130487,581,181,11.5,115.0,179.0,247.7894736842105,D:\AprPanama2025_fixed\041225_experimental\041225PA_experimental_part08.mp4,1900-01-01 21:01:28.700,921
130484,490,33,2.5,116.0,158.0,246.14285714285717,D:\AprPanama2025_fixed\041225_experimental\041225PA_experimental_part08.mp4,1900-01-01 21:01:28.400,830
130484,581,181,11.5,111.0,179.0,249.8947368421053,D:\AprPanama2025_fixed\041225_experimental\041225PA_experimental_part08.mp4,1900-01-01 21:01:28.400,921
130486,581,181,10.0,112.0,179.0,249.7058823529412,D:\AprPanama2025_fixed\041225_experimental\041225PA_experimental_part08.mp4,1900-01-01 21:01:28.600,921
130482,490,33,5.0,135.0,180.0,223.4,D:\AprPanama2025_fixed\041225_experimental\041225PA_experimental_part08.mp4,1900-01-01 21:01:28.200,830
130482,581,181,10.0,133.0,179.0,251.0,D:\AprPanama2025_fixed\041225_experimental\041225PA_experimental_part08.mp4,1900-01-01 21:01:28.200,921
130483,490,33,2.5,116.0,158.0,246.14285714285717,D:\AprPanama2025_fixed\041225_experimental\041225PA_experimental_part08.mp4,1900-01-01 21:01:28.300,830
130483,581,181,11.0,114.0,179.0,249.2222222222222,D:\AprPanama2025_fixed\041225_experimental\041225PA_experimental_part08.mp4,1900-01-01 21:01:28.300,921
130489,581,181,8.5,117.0,177.0,249.4,D:\AprPanama2025_fixed\041225_experimental\041225PA_experimental_part08.mp4,1900-01-01 21:01:28.900,921
130490,581,181,8.5,117.0,177.0,249.13333333333333,D:\AprPanama2025_fixed\041225_experimental\041225PA_experimental_part08.mp4,1900-01-01 21:01:29.000,921
130493,582,182,3.0,143.0,174.0,251.0,D:\AprPanama2025_fixed\041225_experimental\041225PA_experimental_part08.mp4,1900-01-01 21:01:29.300,922
130492,581,181,7.0,119.0,179.0,230.30769230769232,D:\AprPanama2025_fixed\041225_experimental\041225PA_experimental_part08.mp4,1900-01-01 21:01:29.200,921
130494,582,181,2.5,111.0,173.0,239.42857142857144,D:\AprPanama2025_fixed\041225_experimental\041225PA_experimental_part08.mp4,1900-01-01 21:01:29.400,922
130497,582,181,3.5,117.0,174.0,239.75,D:\AprPanama2025_fixed\041225_experimental\041225PA_experimental_part08.mp4,1900-01-01 21:01:29.700,922
130491,581,181,8.5,117.0,176.0,250.0,D:\AprPanama2025_fixed\041225_experimental\041225PA_experimental_part08.mp4,1900-01-01 21:01:29.100,921
130498,582,181,2.5,111.0,154.0,244.7142857142857,D:\AprPanama2025_fixed\041225_experimental\041225PA_experimental_part08.mp4,1900-01-01 21:01:29.800,922
136028,838,62,2.0,117.0,171.0,238.0,D:\AprPanama2025_fixed\041225_experimental\041225PA_experimental_part08.mp4,1900-01-01 21:10:42.800,1178
136062,648,54,12.0,116.0,178.0,250.0526315789473,D:\AprPanama2025_fixed\041225_experimental\041225PA_experimental_part08.mp4,1900-01-01 21:10:46.200,988
136065,648,54,14.5,119.0,178.0,249.4090909090909,D:\AprPanama2025_fixed\041225_experimental\041225PA_experimental_part08.mp4,1900-01-01 21:10:46.500,988
136063,648,54,13.5,113.0,178.0,248.52380952380952,D:\AprPanama2025_fixed\041225_experimental\041225PA_experimental_part08.mp4,1900-01-01 21:10:46.300,988
136061,648,54,11.0,122.0,179.0,250.8333333333333,D:\AprPanama2025_fixed\041225_experimental\041225PA_experimental_part08.mp4,1900-01-01 21:10:46.100,988
136060,648,54,4.5,129.0,174.0,230.1111111111111,D:\AprPanama2025_fixed\041225_experimental\041225PA_experimental_part08.mp4,1900-01-01 21:10:46.000,988
136064,648,54,14.5,114.0,178.0,248.9090909090909,D:\AprPanama2025_fixed\041225_experimental\041225PA_experimental_part08.mp4,1900-01-01 21:10:46.400,988
136068,648,55,16.0,111.0,178.0,244.54166666666663,D:\AprPanama2025_fixed\041225_experimental\041225PA_experimental_part08.mp4,1900-01-01 21:10:46.800,988
136069,648,55,15.0,117.0,179.0,248.5217391304348,D:\AprPanama2025_fixed\041225_experimental\041225PA_experimental_part08.mp4,1900-01-01 21:10:46.900,988
136067,648,54,15.5,111.0,178.0,248.3478260869565,D:\AprPanama2025_fixed\041225_experimental\041225PA_experimental_part08.mp4,1900-01-01 21:10:46.700,988
136073,648,55,11.5,120.0,179.0,247.21052631578945,D:\AprPanama2025_fixed\041225_experimental\041225PA_experimental_part08.mp4,1900-01-01 21:10:47.300,988
136070,648,54,13.5,115.0,179.0,248.7619047619048,D:\AprPanama2025_fixed\041225_experimental\041225PA_experimental_part08.mp4,1900-01-01 21:10:47.000,988
136071,648,55,13.0,115.0,177.0,249.7142857142857,D:\AprPanama2025_fixed\041225_experimental\041225PA_experimental_part08.mp4,1900-01-01 21:10:47.100,988
136066,648,54,13.5,120.0,177.0,243.2380952380952,D:\AprPanama2025_fixed\041225_experimental\041225PA_experimental_part08.mp4,1900-01-01 21:10:46.600,988
136072,648,55,12.5,116.0,177.0,248.9,D:\AprPanama2025_fixed\041225_experimental\041225PA_experimental_part08.mp4,1900-01-01 21:10:47.200,988
136078,648,55,8.5,115.0,178.0,242.6,D:\AprPanama2025_fixed\041225_experimental\041225PA_experimental_part08.mp4,1900-01-01 21:10:47.800,988
136077,648,55,8.5,115.0,178.0,242.6,D:\AprPanama2025_fixed\041225_experimental\041225PA_experimental_part08.mp4,1900-01-01 21:10:47.700,988
136075,648,55,8.0,131.0,178.0,248.07142857142856,D:\AprPanama2025_fixed\041225_experimental\041225PA_experimental_part08.mp4,1900-01-01 21:10:47.500,988
136076,648,55,8.5,112.0,178.0,247.4,D:\AprPanama2025_fixed\041225_experimental\041225PA_experimental_part08.mp4,1900-01-01 21:10:47.600,988
136079,648,55,7.0,113.0,176.0,250.75,D:\AprPanama2025_fixed\041225_experimental\041225PA_experimental_part08.mp4,1900-01-01 21:10:47.900,988
136080,648,54,4.0,115.0,173.0,253.375,D:\AprPanama2025_fixed\041225_experimental\041225PA_experimental_part08.mp4,1900-01-01 21:10:48.000,988
136081,648,55,4.0,114.0,178.0,235.0,D:\AprPanama2025_fixed\041225_experimental\041225PA_experimental_part08.mp4,1900-01-01 21:10:48.100,988
136074,648,55,11.5,120.0,179.0,247.21052631578945,D:\AprPanama2025_fixed\041225_experimental\041225PA_experimental_part08.mp4,1900-01-01 21:10:47.400,988
136082,648,54,2.0,144.0,179.0,249.66666666666663,D:\AprPanama2025_fixed\041225_experimental\041225PA_experimental_part08.mp4,1900-01-01 21:10:48.200,988
136083,648,54,2.0,149.0,178.0,245.66666666666663,D:\AprPanama2025_fixed\041225_experimental\041225PA_experimental_part08.mp4,1900-01-01 21:10:48.300,988
136085,648,54,2.0,139.0,178.0,218.66666666666663,D:\AprPanama2025_fixed\041225_experimental\041225PA_experimental_part08.mp4,1900-01-01 21:10:48.500,988
136084,648,54,2.0,149.0,178.0,245.66666666666663,D:\AprPanama2025_fixed\041225_experimental\041225PA_experimental_part08.mp4,1900-01-01 21:10:48.400,988
136086,648,54,2.0,131.0,179.0,221.0,D:\AprPanama2025_fixed\041225_experimental\041225PA_experimental_part08.mp4,1900-01-01 21:10:48.600,988
136087,648,54,2.0,123.0,179.0,222.3333333333333,D:\AprPanama2025_fixed\041225_experimental\041225PA_experimental_part08.mp4,1900-01-01 21:10:48.700,988
136089,648,54,2.0,112.0,178.0,224.3333333333333,D:\AprPanama2025_fixed\041225_experimental\041225PA_experimental_part08.mp4,1900-01-01 21:10:48.900,988
136088,648,54,2.0,119.0,179.0,224.16666666666663,D:\AprPanama2025_fixed\041225_experimental\041225PA_experimental_part08.mp4,1900-01-01 21:10:48.800,988
136090,648,54,1.5,124.0,168.0,234.6,D:\AprPanama2025_fixed\041225_experimental\041225PA_experimental_part08.mp4,1900-01-01 21:10:49.000,988
136305,668,405,5.5,117.0,179.0,245.0,D:\AprPanama2025_fixed\041225_experimental\041225PA_experimental_part08.mp4,1900-01-01 21:11:10.500,1008
136303,668,374,1.5,114.0,170.0,177.0,D:\AprPanama2025_fixed\041225_experimental\041225PA_experimental_part08.mp4,1900-01-01 21:11:10.300,1008
136303,668,406,5.5,131.0,171.0,191.0,D:\AprPanama2025_fixed\041225_experimental\041225PA_experimental_part08.mp4,1900-01-01 21:11:10.300,1008
136304,668,375,1.5,117.0,169.0,239.6,D:\AprPanama2025_fixed\041225_experimental\041225PA_experimental_part08.mp4,1900-01-01 21:11:10.400,1008
136304,668,406,9.5,119.0,179.0,240.625,D:\AprPanama2025_fixed\041225_experimental\041225PA_experimental_part08.mp4,1900-01-01 21:11:10.400,1008
136312,669,376,2.5,114.0,162.0,135.42857142857142,D:\AprPanama2025_fixed\041225_experimental\041225PA_experimental_part08.mp4,1900-01-01 21:11:11.200,1009
136308,668,405,2.0,130.0,164.0,208.16666666666663,D:\AprPanama2025_fixed\041225_experimental\041225PA_experimental_part08.mp4,1900-01-01 21:11:10.800,1008
136313,670,404,2.0,115.0,146.0,81.0,D:\AprPanama2025_fixed\041225_experimental\041225PA_experimental_part08.mp4,1900-01-01 21:11:11.300,1010
136307,668,405,3.0,118.0,170.0,226.0,D:\AprPanama2025_fixed\041225_experimental\041225PA_experimental_part08.mp4,1900-01-01 21:11:10.700,1008
136311,669,376,2.5,114.0,162.0,162.14285714285714,D:\AprPanama2025_fixed\041225_experimental\041225PA_experimental_part08.mp4,1900-01-01 21:11:11.100,1009
136306,668,405,3.0,132.0,179.0,248.3333333333333,D:\AprPanama2025_fixed\041225_experimental\041225PA_experimental_part08.mp4,1900-01-01 21:11:10.600,1008
136344,1156,125,11.5,115.0,176.0,248.0,D:\AprPanama2025_fixed\041225_experimental\041225PA_experimental_part08.mp4,1900-01-01 21:11:14.400,1496
136344,923,324,9.0,111.0,171.0,249.375,D:\AprPanama2025_fixed\041225_experimental\041225PA_experimental_part08.mp4,1900-01-01 21:11:14.400,1263
136345,1156,125,13.0,112.0,177.0,248.9047619047619,D:\AprPanama2025_fixed\041225_experimental\041225PA_experimental_part08.mp4,1900-01-01 21:11:14.500,1496
136345,924,324,10.5,111.0,169.0,250.3157894736842,D:\AprPanama2025_fixed\041225_experimental\041225PA_experimental_part08.mp4,1900-01-01 21:11:14.500,1264
136343,1156,125,11.5,115.0,176.0,248.0,D:\AprPanama2025_fixed\041225_experimental\041225PA_experimental_part08.mp4,1900-01-01 21:11:14.300,1496
136343,924,324,6.0,112.0,167.0,248.66666666666663,D:\AprPanama2025_fixed\041225_experimental\041225PA_experimental_part08.mp4,1900-01-01 21:11:14.300,1264
136342,1155,124,2.0,112.0,158.0,249.16666666666663,D:\AprPanama2025_fixed\041225_experimental\041225PA_experimental_part08.mp4,1900-01-01 21:11:14.200,1495
136352,1156,125,5.5,114.0,175.0,248.75,D:\AprPanama2025_fixed\041225_experimental\041225PA_experimental_part08.mp4,1900-01-01 21:11:15.200,1496
136348,1156,125,11.5,120.0,179.0,247.4736842105263,D:\AprPanama2025_fixed\041225_experimental\041225PA_experimental_part08.mp4,1900-01-01 21:11:14.800,1496
136348,923,323,5.5,123.0,171.0,247.5833333333333,D:\AprPanama2025_fixed\041225_experimental\041225PA_experimental_part08.mp4,1900-01-01 21:11:14.800,1263
136350,1156,125,13.5,114.0,179.0,245.8095238095238,D:\AprPanama2025_fixed\041225_experimental\041225PA_experimental_part08.mp4,1900-01-01 21:11:15.000,1496
136350,921,322,1.5,116.0,148.0,255.0,D:\AprPanama2025_fixed\041225_experimental\041225PA_experimental_part08.mp4,1900-01-01 21:11:15.000,1261
136347,1156,125,13.5,112.0,179.0,243.85714285714283,D:\AprPanama2025_fixed\041225_experimental\041225PA_experimental_part08.mp4,1900-01-01 21:11:14.700,1496
136347,923,323,11.0,19.0,177.0,246.05555555555557,D:\AprPanama2025_fixed\041225_experimental\041225PA_experimental_part08.mp4,1900-01-01 21:11:14.700,1263
136347,924,323,2.0,19.0,167.0,236.4,D:\AprPanama2025_fixed\041225_experimental\041225PA_experimental_part08.mp4,1900-01-01 21:11:14.700,1264
136351,1156,125,5.5,135.0,174.0,249.75,D:\AprPanama2025_fixed\041225_experimental\041225PA_experimental_part08.mp4,1900-01-01 21:11:15.100,1496
136349,1156,125,12.0,114.0,175.0,247.6315789473684,D:\AprPanama2025_fixed\041225_experimental\041225PA_experimental_part08.mp4,1900-01-01 21:11:14.900,1496
136349,922,322,8.0,86.0,159.0,249.4,D:\AprPanama2025_fixed\041225_experimental\041225PA_experimental_part08.mp4,1900-01-01 21:11:14.900,1262
136349,923,322,2.0,86.0,142.0,239.8,D:\AprPanama2025_fixed\041225_experimental\041225PA_experimental_part08.mp4,1900-01-01 21:11:14.900,1263
136353,1156,125,8.5,111.0,173.0,249.66666666666663,D:\AprPanama2025_fixed\041225_experimental\041225PA_experimental_part08.mp4,1900-01-01 21:11:15.300,1496
136346,1156,125,13.0,115.0,178.0,248.35,D:\AprPanama2025_fixed\041225_experimental\041225PA_experimental_part08.mp4,1900-01-01 21:11:14.600,1496
136346,923,324,7.5,19.0,175.0,240.0,D:\AprPanama2025_fixed\041225_experimental\041225PA_experimental_part08.mp4,1900-01-01 21:11:14.600,1263
136346,924,323,2.0,19.0,155.0,219.0,D:\AprPanama2025_fixed\041225_experimental\041225PA_experimental_part08.mp4,1900-01-01 21:11:14.600,1264
136354,1156,125,6.5,111.0,172.0,247.5,D:\AprPanama2025_fixed\041225_experimental\041225PA_experimental_part08.mp4,1900-01-01 21:11:15.400,1496
136355,1156,125,2.5,120.0,161.0,246.85714285714283,D:\AprPanama2025_fixed\041225_experimental\041225PA_experimental_part08.mp4,1900-01-01 21:11:15.500,1496
136356,1155,125,1.5,113.0,130.0,250.0,D:\AprPanama2025_fixed\041225_experimental\041225PA_experimental_part08.mp4,1900-01-01 21:11:15.600,1495
136470,165,62,2.0,111.0,153.0,195.7142857142857,D:\AprPanama2025_fixed\041225_experimental\041225PA_experimental_part08.mp4,1900-01-01 21:11:27.000,505
136472,165,61,8.0,115.0,162.0,201.9333333333333,D:\AprPanama2025_fixed\041225_experimental\041225PA_experimental_part08.mp4,1900-01-01 21:11:27.200,505
136467,165,62,1.5,113.0,172.0,117.6,D:\AprPanama2025_fixed\041225_experimental\041225PA_experimental_part08.mp4,1900-01-01 21:11:26.700,505
136469,165,62,1.5,128.0,151.0,181.8333333333333,D:\AprPanama2025_fixed\041225_experimental\041225PA_experimental_part08.mp4,1900-01-01 21:11:26.900,505
136473,165,60,7.5,112.0,169.0,212.28571428571428,D:\AprPanama2025_fixed\041225_experimental\041225PA_experimental_part08.mp4,1900-01-01 21:11:27.300,505
136471,165,62,3.0,121.0,171.0,201.88888888888889,D:\AprPanama2025_fixed\041225_experimental\041225PA_experimental_part08.mp4,1900-01-01 21:11:27.100,505
136468,165,61,2.0,113.0,136.0,87.66666666666666,D:\AprPanama2025_fixed\041225_experimental\041225PA_experimental_part08.mp4,1900-01-01 21:11:26.800,505
136476,164,60,2.5,116.0,179.0,249.75,D:\AprPanama2025_fixed\041225_experimental\041225PA_experimental_part08.mp4,1900-01-01 21:11:27.600,504
136480,163,58,1.5,111.0,147.0,249.14285714285717,D:\AprPanama2025_fixed\041225_experimental\041225PA_experimental_part08.mp4,1900-01-01 21:11:28.000,503
136479,164,59,3.5,117.0,167.0,177.11111111111111,D:\AprPanama2025_fixed\041225_experimental\041225PA_experimental_part08.mp4,1900-01-01 21:11:27.900,504
136474,164,60,6.5,125.0,169.0,218.23076923076923,D:\AprPanama2025_fixed\041225_experimental\041225PA_experimental_part08.mp4,1900-01-01 21:11:27.400,504
136475,164,61,3.5,114.0,179.0,243.3333333333333,D:\AprPanama2025_fixed\041225_experimental\041225PA_experimental_part08.mp4,1900-01-01 21:11:27.500,504
136475,24,69,2.5,112.0,173.0,248.0,D:\AprPanama2025_fixed\041225_experimental\041225PA_experimental_part08.mp4,1900-01-01 21:11:27.500,364
136478,164,59,2.0,128.0,178.0,245.57142857142856,D:\AprPanama2025_fixed\041225_experimental\041225PA_experimental_part08.mp4,1900-01-01 21:11:27.800,504
136478,24,67,1.5,126.0,162.0,223.2,D:\AprPanama2025_fixed\041225_experimental\041225PA_experimental_part08.mp4,1900-01-01 21:11:27.800,364
136477,164,59,3.0,118.0,172.0,236.5,D:\AprPanama2025_fixed\041225_experimental\041225PA_experimental_part08.mp4,1900-01-01 21:11:27.700,504
136477,24,67,1.5,112.0,162.0,152.16666666666666,D:\AprPanama2025_fixed\041225_experimental\041225PA_experimental_part08.mp4,1900-01-01 21:11:27.700,364
136481,163,58,4.5,116.0,175.0,213.8,D:\AprPanama2025_fixed\041225_experimental\041225PA_experimental_part08.mp4,1900-01-01 21:11:28.100,503
136483,163,56,4.5,113.0,174.0,174.5,D:\AprPanama2025_fixed\041225_experimental\041225PA_experimental_part08.mp4,1900-01-01 21:11:28.300,503
136483,24,64,1.5,139.0,172.0,248.4,D:\AprPanama2025_fixed\041225_experimental\041225PA_experimental_part08.mp4,1900-01-01 21:11:28.300,364
136487,25,62,1.5,122.0,146.0,90.8,D:\AprPanama2025_fixed\041225_experimental\041225PA_experimental_part08.mp4,1900-01-01 21:11:28.700,365
136485,162,54,3.5,111.0,175.0,207.625,D:\AprPanama2025_fixed\041225_experimental\041225PA_experimental_part08.mp4,1900-01-01 21:11:28.500,502
136482,163,57,2.0,111.0,155.0,186.16666666666663,D:\AprPanama2025_fixed\041225_experimental\041225PA_experimental_part08.mp4,1900-01-01 21:11:28.200,503
136489,161,52,2.0,114.0,145.0,134.66666666666666,D:\AprPanama2025_fixed\041225_experimental\041225PA_experimental_part08.mp4,1900-01-01 21:11:28.900,501
136484,163,56,2.0,121.0,158.0,207.57142857142856,D:\AprPanama2025_fixed\041225_experimental\041225PA_experimental_part08.mp4,1900-01-01 21:11:28.400,503
136488,162,52,1.5,123.0,158.0,215.6,D:\AprPanama2025_fixed\041225_experimental\041225PA_experimental_part08.mp4,1900-01-01 21:11:28.800,502
136493,157,49,7.0,124.0,168.0,125.15384615384616,D:\AprPanama2025_fixed\041225_experimental\041225PA_experimental_part08.mp4,1900-01-01 21:11:29.300,497
136494,157,48,2.0,126.0,174.0,226.8333333333333,D:\AprPanama2025_fixed\041225_experimental\041225PA_experimental_part08.mp4,1900-01-01 21:11:29.400,497
136495,155,47,1.5,117.0,143.0,240.0,D:\AprPanama2025_fixed\041225_experimental\041225PA_experimental_part08.mp4,1900-01-01 21:11:29.500,495
138933,430,228,2.0,120.0,175.0,230.0,D:\AprPanama2025_fixed\041225_experimental\041225PA_experimental_part08.mp4,1900-01-01 21:15:33.300,770
138934,430,228,2.0,120.0,175.0,230.0,D:\AprPanama2025_fixed\041225_experimental\041225PA_experimental_part08.mp4,1900-01-01 21:15:33.400,770
138931,430,229,3.0,137.0,169.0,194.28571428571428,D:\AprPanama2025_fixed\041225_experimental\041225PA_experimental_part08.mp4,1900-01-01 21:15:33.100,770
138932,430,229,3.5,120.0,174.0,239.625,D:\AprPanama2025_fixed\041225_experimental\041225PA_experimental_part08.mp4,1900-01-01 21:15:33.200,770
140206,186,61,1.5,111.0,153.0,220.0,D:\AprPanama2025_fixed\041225_experimental\041225PA_experimental_part08.mp4,1900-01-01 21:17:40.600,526
140212,187,59,3.0,117.0,150.0,57.71428571428571,D:\AprPanama2025_fixed\041225_experimental\041225PA_experimental_part08.mp4,1900-01-01 21:17:41.200,527
140216,126,74,1.5,112.0,160.0,84.0,D:\AprPanama2025_fixed\041225_experimental\041225PA_experimental_part08.mp4,1900-01-01 21:17:41.600,466
140220,125,76,2.5,115.0,164.0,61.85714285714285,D:\AprPanama2025_fixed\041225_experimental\041225PA_experimental_part08.mp4,1900-01-01 21:17:42.000,465
140424,596,312,5.5,117.0,169.0,171.72727272727272,D:\AprPanama2025_fixed\041225_experimental\041225PA_experimental_part08.mp4,1900-01-01 21:18:02.400,936
140425,596,312,4.5,119.0,179.0,238.3,D:\AprPanama2025_fixed\041225_experimental\041225PA_experimental_part08.mp4,1900-01-01 21:18:02.500,936
140427,595,312,8.5,116.0,179.0,242.46666666666667,D:\AprPanama2025_fixed\041225_experimental\041225PA_experimental_part08.mp4,1900-01-01 21:18:02.700,935
140433,594,312,5.0,112.0,179.0,202.6,D:\AprPanama2025_fixed\041225_experimental\041225PA_experimental_part08.mp4,1900-01-01 21:18:03.300,934
140430,594,312,6.0,115.0,170.0,254.0,D:\AprPanama2025_fixed\041225_experimental\041225PA_experimental_part08.mp4,1900-01-01 21:18:03.000,934
140428,595,312,7.5,114.0,171.0,239.53846153846155,D:\AprPanama2025_fixed\041225_experimental\041225PA_experimental_part08.mp4,1900-01-01 21:18:02.800,935
140429,595,312,6.5,124.0,169.0,243.41666666666663,D:\AprPanama2025_fixed\041225_experimental\041225PA_experimental_part08.mp4,1900-01-01 21:18:02.900,935
140432,594,312,5.0,112.0,179.0,202.6,D:\AprPanama2025_fixed\041225_experimental\041225PA_experimental_part08.mp4,1900-01-01 21:18:03.200,934
140431,594,312,8.5,111.0,179.0,243.14285714285717,D:\AprPanama2025_fixed\041225_experimental\041225PA_experimental_part08.mp4,1900-01-01 21:18:03.100,934
140426,595,311,9.5,111.0,178.0,239.25,D:\AprPanama2025_fixed\041225_experimental\041225PA_experimental_part08.mp4,1900-01-01 21:18:02.600,935
140441,503,384,4.5,130.0,184.0,247.3333333333333,D:\AprPanama2025_fixed\041225_experimental\041225PA_experimental_part08.mp4,1900-01-01 21:18:04.100,843
140435,593,312,2.0,129.0,159.0,184.8333333333333,D:\AprPanama2025_fixed\041225_experimental\041225PA_experimental_part08.mp4,1900-01-01 21:18:03.500,933
140439,502,385,3.0,112.0,176.0,144.375,D:\AprPanama2025_fixed\041225_experimental\041225PA_experimental_part08.mp4,1900-01-01 21:18:03.900,842
140440,503,385,4.0,113.0,167.0,212.77777777777777,D:\AprPanama2025_fixed\041225_experimental\041225PA_experimental_part08.mp4,1900-01-01 21:18:04.000,843
140446,721,203,6.0,140.0,179.0,244.5,D:\AprPanama2025_fixed\041225_experimental\041225PA_experimental_part08.mp4,1900-01-01 21:18:04.600,1061
140444,504,384,3.5,126.0,160.0,175.125,D:\AprPanama2025_fixed\041225_experimental\041225PA_experimental_part08.mp4,1900-01-01 21:18:04.400,844
140443,503,383,3.5,115.0,187.0,221.55555555555557,D:\AprPanama2025_fixed\041225_experimental\041225PA_experimental_part08.mp4,1900-01-01 21:18:04.300,843
140448,721,204,6.5,135.0,179.0,254.30769230769232,D:\AprPanama2025_fixed\041225_experimental\041225PA_experimental_part08.mp4,1900-01-01 21:18:04.800,1061
140445,720,203,1.5,117.0,155.0,230.8,D:\AprPanama2025_fixed\041225_experimental\041225PA_experimental_part08.mp4,1900-01-01 21:18:04.500,1060
140445,504,384,5.0,135.0,176.0,202.7,D:\AprPanama2025_fixed\041225_experimental\041225PA_experimental_part08.mp4,1900-01-01 21:18:04.500,844
140447,721,204,6.5,140.0,179.0,253.0,D:\AprPanama2025_fixed\041225_experimental\041225PA_experimental_part08.mp4,1900-01-01 21:18:04.700,1061
140449,721,204,6.5,130.0,179.0,254.84615384615387,D:\AprPanama2025_fixed\041225_experimental\041225PA_experimental_part08.mp4,1900-01-01 21:18:04.900,1061
140442,503,383,3.5,115.0,187.0,221.55555555555557,D:\AprPanama2025_fixed\041225_experimental\041225PA_experimental_part08.mp4,1900-01-01 21:18:04.200,843
140454,492,65,8.5,130.0,179.0,249.46666666666667,D:\AprPanama2025_fixed\041225_experimental\041225PA_experimental_part08.mp4,1900-01-01 21:18:05.400,832
140454,721,204,7.0,135.0,178.0,250.23076923076923,D:\AprPanama2025_fixed\041225_experimental\041225PA_experimental_part08.mp4,1900-01-01 21:18:05.400,1061
140455,492,65,9.5,115.0,179.0,250.75,D:\AprPanama2025_fixed\041225_experimental\041225PA_experimental_part08.mp4,1900-01-01 21:18:05.500,832
140455,721,204,7.0,131.0,178.0,248.23076923076923,D:\AprPanama2025_fixed\041225_experimental\041225PA_experimental_part08.mp4,1900-01-01 21:18:05.500,1061
140455,512,335,4.0,112.0,177.0,221.55555555555557,D:\AprPanama2025_fixed\041225_experimental\041225PA_experimental_part08.mp4,1900-01-01 21:18:05.500,852
140451,491,64,4.0,121.0,172.0,175.44444444444443,D:\AprPanama2025_fixed\041225_experimental\041225PA_experimental_part08.mp4,1900-01-01 21:18:05.100,831
140451,721,204,8.5,120.0,179.0,252.06666666666663,D:\AprPanama2025_fixed\041225_experimental\041225PA_experimental_part08.mp4,1900-01-01 21:18:05.100,1061
140453,491,65,9.0,129.0,182.0,247.375,D:\AprPanama2025_fixed\041225_experimental\041225PA_experimental_part08.mp4,1900-01-01 21:18:05.300,831
140453,721,204,8.0,114.0,178.0,251.07142857142856,D:\AprPanama2025_fixed\041225_experimental\041225PA_experimental_part08.mp4,1900-01-01 21:18:05.300,1061
140452,491,65,7.5,120.0,177.0,222.28571428571428,D:\AprPanama2025_fixed\041225_experimental\041225PA_experimental_part08.mp4,1900-01-01 21:18:05.200,831
140452,721,204,8.0,116.0,179.0,254.5,D:\AprPanama2025_fixed\041225_experimental\041225PA_experimental_part08.mp4,1900-01-01 21:18:05.200,1061
140456,492,65,9.5,112.0,179.0,251.0,D:\AprPanama2025_fixed\041225_experimental\041225PA_experimental_part08.mp4,1900-01-01 21:18:05.600,832
140456,721,204,7.0,118.0,178.0,248.23076923076923,D:\AprPanama2025_fixed\041225_experimental\041225PA_experimental_part08.mp4,1900-01-01 21:18:05.600,1061
140456,513,335,2.5,111.0,162.0,253.85714285714283,D:\AprPanama2025_fixed\041225_experimental\041225PA_experimental_part08.mp4,1900-01-01 21:18:05.600,853
140457,491,65,8.5,122.0,179.0,249.625,D:\AprPanama2025_fixed\041225_experimental\041225PA_experimental_part08.mp4,1900-01-01 21:18:05.700,831
140457,721,204,7.0,118.0,179.0,239.61538461538464,D:\AprPanama2025_fixed\041225_experimental\041225PA_experimental_part08.mp4,1900-01-01 21:18:05.700,1061
140457,512,336,5.5,134.0,179.0,251.9,D:\AprPanama2025_fixed\041225_experimental\041225PA_experimental_part08.mp4,1900-01-01 21:18:05.700,852
140450,721,204,8.5,125.0,179.0,254.4,D:\AprPanama2025_fixed\041225_experimental\041225PA_experimental_part08.mp4,1900-01-01 21:18:05.000,1061
140463,491,64,8.0,115.0,179.0,247.7333333333333,D:\AprPanama2025_fixed\041225_experimental\041225PA_experimental_part08.mp4,1900-01-01 21:18:06.300,831
140463,720,204,3.5,117.0,175.0,246.25,D:\AprPanama2025_fixed\041225_experimental\041225PA_experimental_part08.mp4,1900-01-01 21:18:06.300,1060
140463,511,340,2.5,119.0,171.0,227.7142857142857,D:\AprPanama2025_fixed\041225_experimental\041225PA_experimental_part08.mp4,1900-01-01 21:18:06.300,851
140460,491,64,8.0,120.0,178.0,245.0,D:\AprPanama2025_fixed\041225_experimental\041225PA_experimental_part08.mp4,1900-01-01 21:18:06.000,831
140460,720,204,5.0,112.0,175.0,248.72727272727275,D:\AprPanama2025_fixed\041225_experimental\041225PA_experimental_part08.mp4,1900-01-01 21:18:06.000,1060
140460,512,338,4.5,118.0,179.0,245.8,D:\AprPanama2025_fixed\041225_experimental\041225PA_experimental_part08.mp4,1900-01-01 21:18:06.000,852
140461,491,64,9.0,119.0,179.0,245.1875,D:\AprPanama2025_fixed\041225_experimental\041225PA_experimental_part08.mp4,1900-01-01 21:18:06.100,831
140461,720,204,5.0,112.0,175.0,248.72727272727275,D:\AprPanama2025_fixed\041225_experimental\041225PA_experimental_part08.mp4,1900-01-01 21:18:06.100,1060
140461,512,338,2.0,132.0,179.0,251.3333333333333,D:\AprPanama2025_fixed\041225_experimental\041225PA_experimental_part08.mp4,1900-01-01 21:18:06.100,852
140462,491,64,8.0,117.0,179.0,247.9333333333333,D:\AprPanama2025_fixed\041225_experimental\041225PA_experimental_part08.mp4,1900-01-01 21:18:06.200,831
140462,512,339,4.0,119.0,165.0,230.77777777777777,D:\AprPanama2025_fixed\041225_experimental\041225PA_experimental_part08.mp4,1900-01-01 21:18:06.200,852
140464,491,64,8.0,114.0,178.0,242.4,D:\AprPanama2025_fixed\041225_experimental\041225PA_experimental_part08.mp4,1900-01-01 21:18:06.400,831
140464,720,204,1.5,143.0,179.0,239.8,D:\AprPanama2025_fixed\041225_experimental\041225PA_experimental_part08.mp4,1900-01-01 21:18:06.400,1060
140464,511,339,2.0,126.0,165.0,207.16666666666663,D:\AprPanama2025_fixed\041225_experimental\041225PA_experimental_part08.mp4,1900-01-01 21:18:06.400,851
140465,491,64,8.0,111.0,178.0,235.33333333333331,D:\AprPanama2025_fixed\041225_experimental\041225PA_experimental_part08.mp4,1900-01-01 21:18:06.500,831
140465,720,204,1.5,137.0,180.0,235.6,D:\AprPanama2025_fixed\041225_experimental\041225PA_experimental_part08.mp4,1900-01-01 21:18:06.500,1060
140459,491,64,9.5,118.0,179.0,247.0,D:\AprPanama2025_fixed\041225_experimental\041225PA_experimental_part08.mp4,1900-01-01 21:18:05.900,831
140459,721,204,5.5,118.0,179.0,243.1818181818182,D:\AprPanama2025_fixed\041225_experimental\041225PA_experimental_part08.mp4,1900-01-01 21:18:05.900,1061
140459,512,337,5.0,134.0,176.0,247.3,D:\AprPanama2025_fixed\041225_experimental\041225PA_experimental_part08.mp4,1900-01-01 21:18:05.900,852
140458,491,65,8.5,122.0,179.0,248.75,D:\AprPanama2025_fixed\041225_experimental\041225PA_experimental_part08.mp4,1900-01-01 21:18:05.800,831
140458,720,204,4.5,141.0,178.0,245.4,D:\AprPanama2025_fixed\041225_experimental\041225PA_experimental_part08.mp4,1900-01-01 21:18:05.800,1060
140458,512,337,5.5,112.0,172.0,233.27272727272728,D:\AprPanama2025_fixed\041225_experimental\041225PA_experimental_part08.mp4,1900-01-01 21:18:05.800,852
140470,491,64,5.5,118.0,176.0,152.36363636363637,D:\AprPanama2025_fixed\041225_experimental\041225PA_experimental_part08.mp4,1900-01-01 21:18:07.000,831
140470,510,264,5.0,131.0,178.0,249.9,D:\AprPanama2025_fixed\041225_experimental\041225PA_experimental_part08.mp4,1900-01-01 21:18:07.000,850
140470,510,342,1.5,117.0,141.0,42.2,D:\AprPanama2025_fixed\041225_experimental\041225PA_experimental_part08.mp4,1900-01-01 21:18:07.000,850
140471,491,64,5.5,118.0,176.0,152.36363636363637,D:\AprPanama2025_fixed\041225_experimental\041225PA_experimental_part08.mp4,1900-01-01 21:18:07.100,831
140471,510,264,5.0,131.0,178.0,249.9,D:\AprPanama2025_fixed\041225_experimental\041225PA_experimental_part08.mp4,1900-01-01 21:18:07.100,850
140471,510,342,1.5,117.0,141.0,42.2,D:\AprPanama2025_fixed\041225_experimental\041225PA_experimental_part08.mp4,1900-01-01 21:18:07.100,850
140472,491,64,2.5,130.0,153.0,158.83333333333331,D:\AprPanama2025_fixed\041225_experimental\041225PA_experimental_part08.mp4,1900-01-01 21:18:07.200,831
140472,510,264,3.0,126.0,186.0,240.57142857142856,D:\AprPanama2025_fixed\041225_experimental\041225PA_experimental_part08.mp4,1900-01-01 21:18:07.200,850
140467,491,64,4.0,121.0,179.0,220.2,D:\AprPanama2025_fixed\041225_experimental\041225PA_experimental_part08.mp4,1900-01-01 21:18:06.700,831
140468,491,64,6.5,116.0,171.0,162.08333333333331,D:\AprPanama2025_fixed\041225_experimental\041225PA_experimental_part08.mp4,1900-01-01 21:18:06.800,831
140468,510,263,2.0,129.0,156.0,122.83333333333331,D:\AprPanama2025_fixed\041225_experimental\041225PA_experimental_part08.mp4,1900-01-01 21:18:06.800,850
140469,491,64,4.5,116.0,171.0,211.3,D:\AprPanama2025_fixed\041225_experimental\041225PA_experimental_part08.mp4,1900-01-01 21:18:06.900,831
140469,510,263,3.0,112.0,159.0,208.875,D:\AprPanama2025_fixed\041225_experimental\041225PA_experimental_part08.mp4,1900-01-01 21:18:06.900,850
140473,491,64,2.5,130.0,153.0,158.83333333333331,D:\AprPanama2025_fixed\041225_experimental\041225PA_experimental_part08.mp4,1900-01-01 21:18:07.300,831
140473,510,264,3.0,126.0,186.0,240.57142857142856,D:\AprPanama2025_fixed\041225_experimental\041225PA_experimental_part08.mp4,1900-01-01 21:18:07.300,850
140466,491,64,6.0,120.0,177.0,229.91666666666663,D:\AprPanama2025_fixed\041225_experimental\041225PA_experimental_part08.mp4,1900-01-01 21:18:06.600,831
140466,510,341,2.5,114.0,165.0,225.57142857142856,D:\AprPanama2025_fixed\041225_experimental\041225PA_experimental_part08.mp4,1900-01-01 21:18:06.600,850
140478,510,264,2.0,113.0,175.0,236.3333333333333,D:\AprPanama2025_fixed\041225_experimental\041225PA_experimental_part08.mp4,1900-01-01 21:18:07.800,850
146323,85,90,1.5,117.0,150.0,88.60000000000001,D:\AprPanama2025_fixed\041225_experimental\041225PA_experimental_part09.mp4,1900-01-01 21:27:52.300,425
146323,77,89,3.0,113.0,171.0,116.5,D:\AprPanama2025_fixed\041225_experimental\041225PA_experimental_part09.mp4,1900-01-01 21:27:52.300,417
146322,77,89,4.0,112.0,171.0,73.22222222222221,D:\AprPanama2025_fixed\041225_experimental\041225PA_experimental_part09.mp4,1900-01-01 21:27:52.200,417
146324,85,89,4.5,114.0,148.0,168.20000000000002,D:\AprPanama2025_fixed\041225_experimental\041225PA_experimental_part09.mp4,1900-01-01 21:27:52.400,425
154215,195,64,6.0,111.0,170.0,185.41666666666663,D:\AprPanama2025_fixed\041225_experimental\041225PA_experimental_part09.mp4,1900-01-01 21:41:01.500,535
154215,29,73,2.5,117.0,167.0,117.14285714285714,D:\AprPanama2025_fixed\041225_experimental\041225PA_experimental_part09.mp4,1900-01-01 21:41:01.500,369
154216,195,65,4.5,120.0,167.0,173.66666666666666,D:\AprPanama2025_fixed\041225_experimental\041225PA_experimental_part09.mp4,1900-01-01 21:41:01.600,535
154222,196,67,5.0,112.0,168.0,138.36363636363637,D:\AprPanama2025_fixed\041225_experimental\041225PA_experimental_part09.mp4,1900-01-01 21:41:02.200,536
154218,196,65,5.0,127.0,173.0,201.0,D:\AprPanama2025_fixed\041225_experimental\041225PA_experimental_part09.mp4,1900-01-01 21:41:01.800,536
154217,196,65,5.0,124.0,171.0,183.1,D:\AprPanama2025_fixed\041225_experimental\041225PA_experimental_part09.mp4,1900-01-01 21:41:01.700,536
154226,196,67,1.5,126.0,162.0,236.16666666666663,D:\AprPanama2025_fixed\041225_experimental\041225PA_experimental_part09.mp4,1900-01-01 21:41:02.600,536
154225,196,67,1.5,121.0,152.0,253.4,D:\AprPanama2025_fixed\041225_experimental\041225PA_experimental_part09.mp4,1900-01-01 21:41:02.500,536
158417,1034,92,1.5,111.0,183.0,217.0,D:\AprPanama2025_fixed\041225_experimental\041225PA_experimental_part09.mp4,1900-01-01 21:48:01.700,1374
160159,169,161,3.0,118.0,142.0,96.14285714285714,D:\AprPanama2025_fixed\041225_experimental\041225PA_experimental_part09.mp4,1900-01-01 21:50:55.900,509
160154,169,163,3.0,113.0,150.0,76.71428571428571,D:\AprPanama2025_fixed\041225_experimental\041225PA_experimental_part09.mp4,1900-01-01 21:50:55.400,509
160155,169,163,3.0,125.0,149.0,65.71428571428571,D:\AprPanama2025_fixed\041225_experimental\041225PA_experimental_part09.mp4,1900-01-01 21:50:55.500,509
160165,169,160,2.0,113.0,158.0,106.33333333333331,D:\AprPanama2025_fixed\041225_experimental\041225PA_experimental_part09.mp4,1900-01-01 21:50:56.500,509
160189,192,63,2.0,134.0,153.0,94.83333333333331,D:\AprPanama2025_fixed\041225_experimental\041225PA_experimental_part09.mp4,1900-01-01 21:50:58.900,532
160190,192,63,2.0,134.0,153.0,94.83333333333331,D:\AprPanama2025_fixed\041225_experimental\041225PA_experimental_part09.mp4,1900-01-01 21:50:59.000,532
162037,218,65,3.0,127.0,173.0,208.0,D:\AprPanama2025_fixed\041225_experimental\041225PA_experimental_part10.mp4,1900-01-01 21:54:03.700,558
162043,221,66,3.5,119.0,150.0,98.0,D:\AprPanama2025_fixed\041225_experimental\041225PA_experimental_part10.mp4,1900-01-01 21:54:04.300,561
162046,222,65,2.0,128.0,165.0,230.16666666666663,D:\AprPanama2025_fixed\041225_experimental\041225PA_experimental_part10.mp4,1900-01-01 21:54:04.600,562
162053,225,65,3.0,124.0,147.0,85.71428571428571,D:\AprPanama2025_fixed\041225_experimental\041225PA_experimental_part10.mp4,1900-01-01 21:54:05.300,565
162052,225,65,3.0,124.0,147.0,85.71428571428571,D:\AprPanama2025_fixed\041225_experimental\041225PA_experimental_part10.mp4,1900-01-01 21:54:05.200,565
162051,224,65,2.0,120.0,162.0,161.5,D:\AprPanama2025_fixed\041225_experimental\041225PA_experimental_part10.mp4,1900-01-01 21:54:05.100,564
165092,343,106,3.5,119.0,173.0,218.2222222222222,D:\AprPanama2025_fixed\041225_experimental\041225PA_experimental_part10.mp4,1900-01-01 21:59:09.200,683
165093,343,105,6.5,112.0,171.0,240.8333333333333,D:\AprPanama2025_fixed\041225_experimental\041225PA_experimental_part10.mp4,1900-01-01 21:59:09.300,683
165095,343,104,5.0,135.0,177.0,248.0909090909091,D:\AprPanama2025_fixed\041225_experimental\041225PA_experimental_part10.mp4,1900-01-01 21:59:09.500,683
165094,343,104,7.0,113.0,171.0,245.75,D:\AprPanama2025_fixed\041225_experimental\041225PA_experimental_part10.mp4,1900-01-01 21:59:09.400,683
165100,344,101,4.5,118.0,177.0,228.7,D:\AprPanama2025_fixed\041225_experimental\041225PA_experimental_part10.mp4,1900-01-01 21:59:10.000,684
165101,344,101,4.0,137.0,176.0,236.88888888888889,D:\AprPanama2025_fixed\041225_experimental\041225PA_experimental_part10.mp4,1900-01-01 21:59:10.100,684
165099,344,102,2.0,121.0,176.0,241.0,D:\AprPanama2025_fixed\041225_experimental\041225PA_experimental_part10.mp4,1900-01-01 21:59:09.900,684
165098,343,103,7.5,119.0,175.0,228.30769230769232,D:\AprPanama2025_fixed\041225_experimental\041225PA_experimental_part10.mp4,1900-01-01 21:59:09.800,683
165097,343,103,8.5,111.0,179.0,239.66666666666663,D:\AprPanama2025_fixed\041225_experimental\041225PA_experimental_part10.mp4,1900-01-01 21:59:09.700,683
165096,343,103,8.5,111.0,179.0,239.66666666666663,D:\AprPanama2025_fixed\041225_experimental\041225PA_experimental_part10.mp4,1900-01-01 21:59:09.600,683
165102,344,101,2.0,123.0,187.0,250.5,D:\AprPanama2025_fixed\041225_experimental\041225PA_experimental_part10.mp4,1900-01-01 21:59:10.200,684
165110,344,97,2.0,112.0,161.0,202.0,D:\AprPanama2025_fixed\041225_experimental\041225PA_experimental_part10.mp4,1900-01-01 21:59:11.000,684
165104,344,100,3.5,113.0,161.0,172.25,D:\AprPanama2025_fixed\041225_experimental\041225PA_experimental_part10.mp4,1900-01-01 21:59:10.400,684
165109,344,98,1.5,118.0,167.0,234.8,D:\AprPanama2025_fixed\041225_experimental\041225PA_experimental_part10.mp4,1900-01-01 21:59:10.900,684
165105,344,99,4.0,123.0,178.0,200.66666666666663,D:\AprPanama2025_fixed\041225_experimental\041225PA_experimental_part10.mp4,1900-01-01 21:59:10.500,684
181675,1225,57,11.5,115.0,179.0,237.57894736842104,D:\AprPanama2025_fixed\041225_experimental\041225PA_experimental_part11.mp4,1900-01-01 22:26:47.500,1565
181678,1226,56,11.0,112.0,178.0,247.6111111111111,D:\AprPanama2025_fixed\041225_experimental\041225PA_experimental_part11.mp4,1900-01-01 22:26:47.800,1566
181677,1225,56,14.5,114.0,179.0,239.5,D:\AprPanama2025_fixed\041225_experimental\041225PA_experimental_part11.mp4,1900-01-01 22:26:47.700,1565
181676,1225,57,12.5,115.0,179.0,242.85,D:\AprPanama2025_fixed\041225_experimental\041225PA_experimental_part11.mp4,1900-01-01 22:26:47.600,1565
181680,1225,55,7.5,114.0,179.0,245.86666666666667,D:\AprPanama2025_fixed\041225_experimental\041225PA_experimental_part11.mp4,1900-01-01 22:26:48.000,1565
181680,460,369,2.0,127.0,162.0,235.3333333333333,D:\AprPanama2025_fixed\041225_experimental\041225PA_experimental_part11.mp4,1900-01-01 22:26:48.000,800
181681,1225,55,8.5,114.0,172.0,236.06666666666663,D:\AprPanama2025_fixed\041225_experimental\041225PA_experimental_part11.mp4,1900-01-01 22:26:48.100,1565
181681,460,369,3.0,136.0,179.0,240.625,D:\AprPanama2025_fixed\041225_experimental\041225PA_experimental_part11.mp4,1900-01-01 22:26:48.100,800
181679,1226,56,2.5,117.0,179.0,254.375,D:\AprPanama2025_fixed\041225_experimental\041225PA_experimental_part11.mp4,1900-01-01 22:26:47.900,1566
181683,1225,55,6.5,115.0,172.0,237.6923076923077,D:\AprPanama2025_fixed\041225_experimental\041225PA_experimental_part11.mp4,1900-01-01 22:26:48.300,1565
181683,460,368,5.0,124.0,174.0,241.8181818181818,D:\AprPanama2025_fixed\041225_experimental\041225PA_experimental_part11.mp4,1900-01-01 22:26:48.300,800
181682,1225,55,6.0,115.0,172.0,240.3333333333333,D:\AprPanama2025_fixed\041225_experimental\041225PA_experimental_part11.mp4,1900-01-01 22:26:48.200,1565
181682,460,369,3.0,137.0,179.0,236.875,D:\AprPanama2025_fixed\041225_experimental\041225PA_experimental_part11.mp4,1900-01-01 22:26:48.200,800
181684,459,368,5.5,111.0,163.0,250.3636363636364,D:\AprPanama2025_fixed\041225_experimental\041225PA_experimental_part11.mp4,1900-01-01 22:26:48.400,799
181685,458,369,1.5,120.0,159.0,253.8333333333333,D:\AprPanama2025_fixed\041225_experimental\041225PA_experimental_part11.mp4,1900-01-01 22:26:48.500,798
181692,1175,51,4.5,111.0,153.0,249.5,D:\AprPanama2025_fixed\041225_experimental\041225PA_experimental_part11.mp4,1900-01-01 22:26:49.200,1515
181692,457,367,2.0,119.0,142.0,142.8,D:\AprPanama2025_fixed\041225_experimental\041225PA_experimental_part11.mp4,1900-01-01 22:26:49.200,797
181693,1175,51,6.0,124.0,172.0,233.16666666666663,D:\AprPanama2025_fixed\041225_experimental\041225PA_experimental_part11.mp4,1900-01-01 22:26:49.300,1515
181690,1175,51,5.0,120.0,166.0,248.45454545454547,D:\AprPanama2025_fixed\041225_experimental\041225PA_experimental_part11.mp4,1900-01-01 22:26:49.000,1515
181690,457,368,1.5,129.0,166.0,172.20000000000002,D:\AprPanama2025_fixed\041225_experimental\041225PA_experimental_part11.mp4,1900-01-01 22:26:49.000,797
181694,1175,51,3.5,113.0,145.0,242.2222222222222,D:\AprPanama2025_fixed\041225_experimental\041225PA_experimental_part11.mp4,1900-01-01 22:26:49.400,1515
181689,1175,51,5.0,120.0,166.0,248.45454545454547,D:\AprPanama2025_fixed\041225_experimental\041225PA_experimental_part11.mp4,1900-01-01 22:26:48.900,1515
181689,457,368,1.5,129.0,166.0,172.20000000000002,D:\AprPanama2025_fixed\041225_experimental\041225PA_experimental_part11.mp4,1900-01-01 22:26:48.900,797
181691,1175,51,4.5,111.0,153.0,249.5,D:\AprPanama2025_fixed\041225_experimental\041225PA_experimental_part11.mp4,1900-01-01 22:26:49.100,1515
181696,1175,51,3.5,121.0,143.0,240.0,D:\AprPanama2025_fixed\041225_experimental\041225PA_experimental_part11.mp4,1900-01-01 22:26:49.600,1515
181695,1175,51,3.0,117.0,144.0,251.375,D:\AprPanama2025_fixed\041225_experimental\041225PA_experimental_part11.mp4,1900-01-01 22:26:49.500,1515
181697,1175,51,1.5,115.0,132.0,212.3333333333333,D:\AprPanama2025_fixed\041225_experimental\041225PA_experimental_part11.mp4,1900-01-01 22:26:49.700,1515
186949,535,348,5.0,113.0,166.0,184.1,D:\AprPanama2025_fixed\041225_experimental\041225PA_experimental_part11.mp4,1900-01-01 22:35:34.900,875
186948,534,348,1.5,133.0,166.0,243.4,D:\AprPanama2025_fixed\041225_experimental\041225PA_experimental_part11.mp4,1900-01-01 22:35:34.800,874
186947,534,349,2.5,128.0,179.0,236.66666666666663,D:\AprPanama2025_fixed\041225_experimental\041225PA_experimental_part11.mp4,1900-01-01 22:35:34.700,874
186950,536,346,2.0,113.0,176.0,249.0,D:\AprPanama2025_fixed\041225_experimental\041225PA_experimental_part11.mp4,1900-01-01 22:35:35.000,876
186955,539,344,2.0,124.0,167.0,246.5,D:\AprPanama2025_fixed\041225_experimental\041225PA_experimental_part11.mp4,1900-01-01 22:35:35.500,879
186952,537,346,4.0,123.0,175.0,243.55555555555557,D:\AprPanama2025_fixed\041225_experimental\041225PA_experimental_part11.mp4,1900-01-01 22:35:35.200,877
186951,536,347,1.5,119.0,147.0,225.4,D:\AprPanama2025_fixed\041225_experimental\041225PA_experimental_part11.mp4,1900-01-01 22:35:35.100,876
189389,1272,167,2.0,115.0,174.0,255.0,D:\AprPanama2025_fixed\041225_experimental\041225PA_experimental_part11.mp4,1900-01-01 22:39:38.900,1612
189390,1272,167,4.0,111.0,176.0,255.0,D:\AprPanama2025_fixed\041225_experimental\041225PA_experimental_part11.mp4,1900-01-01 22:39:39.000,1612
189413,893,26,5.5,112.0,176.0,245.0,D:\AprPanama2025_fixed\041225_experimental\041225PA_experimental_part11.mp4,1900-01-01 22:39:41.300,1233
189414,893,26,3.5,134.0,174.0,248.0,D:\AprPanama2025_fixed\041225_experimental\041225PA_experimental_part11.mp4,1900-01-01 22:39:41.400,1233
189410,893,26,5.5,111.0,173.0,245.9090909090909,D:\AprPanama2025_fixed\041225_experimental\041225PA_experimental_part11.mp4,1900-01-01 22:39:41.000,1233
189411,893,26,4.0,111.0,168.0,254.2222222222222,D:\AprPanama2025_fixed\041225_experimental\041225PA_experimental_part11.mp4,1900-01-01 22:39:41.100,1233
189412,893,26,5.5,112.0,176.0,245.0,D:\AprPanama2025_fixed\041225_experimental\041225PA_experimental_part11.mp4,1900-01-01 22:39:41.200,1233
189416,893,26,3.0,112.0,166.0,246.375,D:\AprPanama2025_fixed\041225_experimental\041225PA_experimental_part11.mp4,1900-01-01 22:39:41.600,1233
189415,893,26,3.0,123.0,173.0,246.25,D:\AprPanama2025_fixed\041225_experimental\041225PA_experimental_part11.mp4,1900-01-01 22:39:41.500,1233
191018,542,340,1.5,140.0,177.0,241.0,D:\AprPanama2025_fixed\041225_experimental\041225PA_experimental_part11.mp4,1900-01-01 22:42:21.800,882
191020,542,341,4.0,120.0,170.0,252.0,D:\AprPanama2025_fixed\041225_experimental\041225PA_experimental_part11.mp4,1900-01-01 22:42:22.000,882
191017,542,341,2.0,123.0,155.0,145.33333333333331,D:\AprPanama2025_fixed\041225_experimental\041225PA_experimental_part11.mp4,1900-01-01 22:42:21.700,882
191027,544,339,2.0,112.0,168.0,224.0,D:\AprPanama2025_fixed\041225_experimental\041225PA_experimental_part11.mp4,1900-01-01 22:42:22.700,884
191024,544,340,2.5,116.0,175.0,164.5,D:\AprPanama2025_fixed\041225_experimental\041225PA_experimental_part11.mp4,1900-01-01 22:42:22.400,884
195933,473,332,6.5,117.0,156.0,242.3846153846154,D:\AprPanama2025_fixed\041225_experimental\041225PA_experimental_part11.mp4,1900-01-01 22:50:33.300,813
195932,472,333,7.5,115.0,173.0,245.35714285714283,D:\AprPanama2025_fixed\041225_experimental\041225PA_experimental_part11.mp4,1900-01-01 22:50:33.200,812
195930,473,333,2.0,117.0,172.0,254.85714285714283,D:\AprPanama2025_fixed\041225_experimental\041225PA_experimental_part11.mp4,1900-01-01 22:50:33.000,813
195931,472,333,6.0,113.0,179.0,247.5833333333333,D:\AprPanama2025_fixed\041225_experimental\041225PA_experimental_part11.mp4,1900-01-01 22:50:33.100,812
195938,473,331,2.0,111.0,165.0,242.0,D:\AprPanama2025_fixed\041225_experimental\041225PA_experimental_part11.mp4,1900-01-01 22:50:33.800,813
195936,474,331,2.5,115.0,160.0,248.7142857142857,D:\AprPanama2025_fixed\041225_experimental\041225PA_experimental_part11.mp4,1900-01-01 22:50:33.600,814
195935,473,331,4.5,111.0,169.0,239.3,D:\AprPanama2025_fixed\041225_experimental\041225PA_experimental_part11.mp4,1900-01-01 22:50:33.500,813
195937,474,330,3.0,130.0,175.0,244.0,D:\AprPanama2025_fixed\041225_experimental\041225PA_experimental_part11.mp4,1900-01-01 22:50:33.700,814
195934,473,332,7.0,117.0,177.0,239.41666666666663,D:\AprPanama2025_fixed\041225_experimental\041225PA_experimental_part11.mp4,1900-01-01 22:50:33.400,813
200147,513,378,4.0,112.0,175.0,242.8,D:\AprPanama2025_fixed\041225_experimental\041225PA_experimental_part12.mp4,1900-01-01 22:57:34.700,853
200148,514,377,3.5,125.0,179.0,232.0,D:\AprPanama2025_fixed\041225_experimental\041225PA_experimental_part12.mp4,1900-01-01 22:57:34.800,854
200145,513,378,6.5,123.0,177.0,233.75,D:\AprPanama2025_fixed\041225_experimental\041225PA_experimental_part12.mp4,1900-01-01 22:57:34.500,853
200146,513,378,5.5,131.0,174.0,243.1818181818182,D:\AprPanama2025_fixed\041225_experimental\041225PA_experimental_part12.mp4,1900-01-01 22:57:34.600,853
200149,514,377,3.5,131.0,178.0,232.0,D:\AprPanama2025_fixed\041225_experimental\041225PA_experimental_part12.mp4,1900-01-01 22:57:34.900,854
200144,513,378,6.5,123.0,177.0,233.75,D:\AprPanama2025_fixed\041225_experimental\041225PA_experimental_part12.mp4,1900-01-01 22:57:34.400,853
200157,516,374,3.0,122.0,178.0,220.28571428571428,D:\AprPanama2025_fixed\041225_experimental\041225PA_experimental_part12.mp4,1900-01-01 22:57:35.700,856
200151,514,377,1.5,122.0,171.0,244.4,D:\AprPanama2025_fixed\041225_experimental\041225PA_experimental_part12.mp4,1900-01-01 22:57:35.100,854
200150,514,377,1.5,138.0,171.0,244.4,D:\AprPanama2025_fixed\041225_experimental\041225PA_experimental_part12.mp4,1900-01-01 22:57:35.000,854
201773,541,346,7.0,113.0,177.0,243.6923076923077,D:\AprPanama2025_fixed\041225_experimental\041225PA_experimental_part12.mp4,1900-01-01 23:00:17.300,881
201772,541,346,7.0,113.0,177.0,243.6923076923077,D:\AprPanama2025_fixed\041225_experimental\041225PA_experimental_part12.mp4,1900-01-01 23:00:17.200,881
201771,540,345,1.5,132.0,165.0,221.0,D:\AprPanama2025_fixed\041225_experimental\041225PA_experimental_part12.mp4,1900-01-01 23:00:17.100,880
201778,542,345,6.5,121.0,179.0,247.5833333333333,D:\AprPanama2025_fixed\041225_experimental\041225PA_experimental_part12.mp4,1900-01-01 23:00:17.800,882
201777,542,345,6.5,115.0,179.0,253.91666666666663,D:\AprPanama2025_fixed\041225_experimental\041225PA_experimental_part12.mp4,1900-01-01 23:00:17.700,882
201776,542,345,4.5,111.0,177.0,246.4,D:\AprPanama2025_fixed\041225_experimental\041225PA_experimental_part12.mp4,1900-01-01 23:00:17.600,882
201780,542,345,2.5,114.0,170.0,255.0,D:\AprPanama2025_fixed\041225_experimental\041225PA_experimental_part12.mp4,1900-01-01 23:00:18.000,882
201774,542,346,6.0,115.0,177.0,238.91666666666663,D:\AprPanama2025_fixed\041225_experimental\041225PA_experimental_part12.mp4,1900-01-01 23:00:17.400,882
201779,542,344,4.0,122.0,179.0,243.77777777777777,D:\AprPanama2025_fixed\041225_experimental\041225PA_experimental_part12.mp4,1900-01-01 23:00:17.900,882
201781,543,343,6.0,116.0,165.0,254.25,D:\AprPanama2025_fixed\041225_experimental\041225PA_experimental_part12.mp4,1900-01-01 23:00:18.100,883
201775,542,346,7.0,114.0,178.0,244.84615384615387,D:\AprPanama2025_fixed\041225_experimental\041225PA_experimental_part12.mp4,1900-01-01 23:00:17.500,882
201787,543,341,3.0,115.0,175.0,178.42857142857142,D:\AprPanama2025_fixed\041225_experimental\041225PA_experimental_part12.mp4,1900-01-01 23:00:18.700,883
201786,543,341,3.0,115.0,175.0,178.42857142857142,D:\AprPanama2025_fixed\041225_experimental\041225PA_experimental_part12.mp4,1900-01-01 23:00:18.600,883
201788,544,341,4.0,113.0,160.0,183.75,D:\AprPanama2025_fixed\041225_experimental\041225PA_experimental_part12.mp4,1900-01-01 23:00:18.800,884
201783,542,343,4.0,120.0,174.0,245.44444444444443,D:\AprPanama2025_fixed\041225_experimental\041225PA_experimental_part12.mp4,1900-01-01 23:00:18.300,882
201782,542,343,4.0,120.0,174.0,245.44444444444443,D:\AprPanama2025_fixed\041225_experimental\041225PA_experimental_part12.mp4,1900-01-01 23:00:18.200,882
203915,689,269,7.5,111.0,178.0,235.28571428571428,D:\AprPanama2025_fixed\041225_experimental\041225PA_experimental_part12.mp4,1900-01-01 23:03:51.500,1029
203912,689,270,5.0,113.0,165.0,239.5,D:\AprPanama2025_fixed\041225_experimental\041225PA_experimental_part12.mp4,1900-01-01 23:03:51.200,1029
203913,689,270,1.5,116.0,155.0,246.57142857142856,D:\AprPanama2025_fixed\041225_experimental\041225PA_experimental_part12.mp4,1900-01-01 23:03:51.300,1029
203914,689,270,5.5,131.0,175.0,246.8181818181818,D:\AprPanama2025_fixed\041225_experimental\041225PA_experimental_part12.mp4,1900-01-01 23:03:51.400,1029
203916,689,269,5.5,113.0,168.0,233.41666666666663,D:\AprPanama2025_fixed\041225_experimental\041225PA_experimental_part12.mp4,1900-01-01 23:03:51.600,1029
203910,689,271,3.5,119.0,172.0,243.125,D:\AprPanama2025_fixed\041225_experimental\041225PA_experimental_part12.mp4,1900-01-01 23:03:51.000,1029
203911,689,271,3.5,118.0,172.0,247.3333333333333,D:\AprPanama2025_fixed\041225_experimental\041225PA_experimental_part12.mp4,1900-01-01 23:03:51.100,1029
203917,689,270,3.0,113.0,165.0,211.625,D:\AprPanama2025_fixed\041225_experimental\041225PA_experimental_part12.mp4,1900-01-01 23:03:51.700,1029
203978,608,202,4.0,127.0,170.0,209.1111111111111,D:\AprPanama2025_fixed\041225_experimental\041225PA_experimental_part12.mp4,1900-01-01 23:03:57.800,948
203981,607,201,6.5,118.0,179.0,243.0769230769231,D:\AprPanama2025_fixed\041225_experimental\041225PA_experimental_part12.mp4,1900-01-01 23:03:58.100,947
203976,608,202,1.5,116.0,156.0,165.20000000000002,D:\AprPanama2025_fixed\041225_experimental\041225PA_experimental_part12.mp4,1900-01-01 23:03:57.600,948
203980,607,201,6.5,118.0,179.0,243.0769230769231,D:\AprPanama2025_fixed\041225_experimental\041225PA_experimental_part12.mp4,1900-01-01 23:03:58.000,947
203977,608,201,3.0,123.0,166.0,171.625,D:\AprPanama2025_fixed\041225_experimental\041225PA_experimental_part12.mp4,1900-01-01 23:03:57.700,948
203979,608,201,4.5,133.0,181.0,237.2,D:\AprPanama2025_fixed\041225_experimental\041225PA_experimental_part12.mp4,1900-01-01 23:03:57.900,948
203987,607,200,6.0,112.0,178.0,241.5833333333333,D:\AprPanama2025_fixed\041225_experimental\041225PA_experimental_part12.mp4,1900-01-01 23:03:58.700,947
203985,607,200,8.5,113.0,178.0,240.66666666666663,D:\AprPanama2025_fixed\041225_experimental\041225PA_experimental_part12.mp4,1900-01-01 23:03:58.500,947
203984,607,200,6.5,113.0,177.0,223.0,D:\AprPanama2025_fixed\041225_experimental\041225PA_experimental_part12.mp4,1900-01-01 23:03:58.400,947
203989,606,200,3.5,121.0,175.0,229.75,D:\AprPanama2025_fixed\041225_experimental\041225PA_experimental_part12.mp4,1900-01-01 23:03:58.900,946
203982,607,201,6.0,116.0,179.0,233.0769230769231,D:\AprPanama2025_fixed\041225_experimental\041225PA_experimental_part12.mp4,1900-01-01 23:03:58.200,947
203983,607,201,6.0,116.0,179.0,233.0769230769231,D:\AprPanama2025_fixed\041225_experimental\041225PA_experimental_part12.mp4,1900-01-01 23:03:58.300,947
203986,607,200,7.5,117.0,176.0,222.64285714285717,D:\AprPanama2025_fixed\041225_experimental\041225PA_experimental_part12.mp4,1900-01-01 23:03:58.600,947
203988,607,200,3.0,114.0,164.0,229.625,D:\AprPanama2025_fixed\041225_experimental\041225PA_experimental_part12.mp4,1900-01-01 23:03:58.800,947
203995,606,199,2.0,123.0,163.0,243.5,D:\AprPanama2025_fixed\041225_experimental\041225PA_experimental_part12.mp4,1900-01-01 23:03:59.500,946
203992,606,199,2.0,127.0,165.0,222.8333333333333,D:\AprPanama2025_fixed\041225_experimental\041225PA_experimental_part12.mp4,1900-01-01 23:03:59.200,946
203993,606,199,2.0,128.0,167.0,231.0,D:\AprPanama2025_fixed\041225_experimental\041225PA_experimental_part12.mp4,1900-01-01 23:03:59.300,946
203990,607,200,1.5,111.0,146.0,240.8,D:\AprPanama2025_fixed\041225_experimental\041225PA_experimental_part12.mp4,1900-01-01 23:03:59.000,947
203991,606,199,2.0,124.0,159.0,236.0,D:\AprPanama2025_fixed\041225_experimental\041225PA_experimental_part12.mp4,1900-01-01 23:03:59.100,946
209565,888,32,6.0,111.0,175.0,250.41666666666663,D:\AprPanama2025_fixed\041225_experimental\041225PA_experimental_part12.mp4,1900-01-01 23:13:16.500,1228
209567,888,32,16.0,117.0,179.0,241.375,D:\AprPanama2025_fixed\041225_experimental\041225PA_experimental_part12.mp4,1900-01-01 23:13:16.700,1228
209569,888,31,14.5,118.0,179.0,242.26086956521735,D:\AprPanama2025_fixed\041225_experimental\041225PA_experimental_part12.mp4,1900-01-01 23:13:16.900,1228
209573,888,30,14.5,111.0,179.0,242.08695652173915,D:\AprPanama2025_fixed\041225_experimental\041225PA_experimental_part12.mp4,1900-01-01 23:13:17.300,1228
209572,888,31,15.5,116.0,179.0,245.95652173913044,D:\AprPanama2025_fixed\041225_experimental\041225PA_experimental_part12.mp4,1900-01-01 23:13:17.200,1228
209568,888,31,16.5,121.0,179.0,245.92,D:\AprPanama2025_fixed\041225_experimental\041225PA_experimental_part12.mp4,1900-01-01 23:13:16.800,1228
209570,888,31,17.0,112.0,179.0,244.92,D:\AprPanama2025_fixed\041225_experimental\041225PA_experimental_part12.mp4,1900-01-01 23:13:17.000,1228
209571,888,31,15.5,111.0,179.0,245.2173913043478,D:\AprPanama2025_fixed\041225_experimental\041225PA_experimental_part12.mp4,1900-01-01 23:13:17.100,1228
209566,888,32,14.0,118.0,181.0,245.8181818181818,D:\AprPanama2025_fixed\041225_experimental\041225PA_experimental_part12.mp4,1900-01-01 23:13:16.600,1228
209576,888,29,4.0,114.0,173.0,244.5,D:\AprPanama2025_fixed\041225_experimental\041225PA_experimental_part12.mp4,1900-01-01 23:13:17.600,1228
209578,888,29,2.5,127.0,158.0,254.57142857142856,D:\AprPanama2025_fixed\041225_experimental\041225PA_experimental_part12.mp4,1900-01-01 23:13:17.800,1228
209581,890,28,1.5,124.0,179.0,230.66666666666663,D:\AprPanama2025_fixed\041225_experimental\041225PA_experimental_part12.mp4,1900-01-01 23:13:18.100,1230
209577,889,29,2.0,115.0,163.0,246.25,D:\AprPanama2025_fixed\041225_experimental\041225PA_experimental_part12.mp4,1900-01-01 23:13:17.700,1229
209580,889,28,3.0,122.0,179.0,236.75,D:\AprPanama2025_fixed\041225_experimental\041225PA_experimental_part12.mp4,1900-01-01 23:13:18.000,1229
209575,888,30,9.5,121.0,179.0,250.11764705882356,D:\AprPanama2025_fixed\041225_experimental\041225PA_experimental_part12.mp4,1900-01-01 23:13:17.500,1228
209574,888,30,10.5,117.0,179.0,248.94444444444443,D:\AprPanama2025_fixed\041225_experimental\041225PA_experimental_part12.mp4,1900-01-01 23:13:17.400,1228
209582,889,28,2.5,120.0,172.0,188.28571428571428,D:\AprPanama2025_fixed\041225_experimental\041225PA_experimental_part12.mp4,1900-01-01 23:13:18.200,1229
210919,604,331,3.5,132.0,177.0,238.2222222222222,D:\AprPanama2025_fixed\041225_experimental\041225PA_experimental_part12.mp4,1900-01-01 23:15:31.900,944
210920,604,331,12.5,111.0,179.0,242.15,D:\AprPanama2025_fixed\041225_experimental\041225PA_experimental_part12.mp4,1900-01-01 23:15:32.000,944
210924,605,330,8.0,135.0,179.0,248.78571428571428,D:\AprPanama2025_fixed\041225_experimental\041225PA_experimental_part12.mp4,1900-01-01 23:15:32.400,945
210923,605,331,10.5,126.0,179.0,244.1764705882353,D:\AprPanama2025_fixed\041225_experimental\041225PA_experimental_part12.mp4,1900-01-01 23:15:32.300,945
210921,604,331,11.0,115.0,179.0,246.77777777777777,D:\AprPanama2025_fixed\041225_experimental\041225PA_experimental_part12.mp4,1900-01-01 23:15:32.100,944
210922,605,331,10.5,126.0,179.0,244.1764705882353,D:\AprPanama2025_fixed\041225_experimental\041225PA_experimental_part12.mp4,1900-01-01 23:15:32.200,945
210925,605,330,8.5,112.0,178.0,235.42857142857144,D:\AprPanama2025_fixed\041225_experimental\041225PA_experimental_part12.mp4,1900-01-01 23:15:32.500,945
210918,604,331,3.0,135.0,178.0,224.25,D:\AprPanama2025_fixed\041225_experimental\041225PA_experimental_part12.mp4,1900-01-01 23:15:31.800,944
210927,605,329,7.0,124.0,178.0,236.30769230769232,D:\AprPanama2025_fixed\041225_experimental\041225PA_experimental_part12.mp4,1900-01-01 23:15:32.700,945
210931,606,329,2.5,130.0,173.0,244.57142857142856,D:\AprPanama2025_fixed\041225_experimental\041225PA_experimental_part12.mp4,1900-01-01 23:15:33.100,946
210928,606,329,4.5,131.0,173.0,228.6,D:\AprPanama2025_fixed\041225_experimental\041225PA_experimental_part12.mp4,1900-01-01 23:15:32.800,946
210932,606,329,4.0,125.0,172.0,250.44444444444443,D:\AprPanama2025_fixed\041225_experimental\041225PA_experimental_part12.mp4,1900-01-01 23:15:33.200,946
210929,606,329,4.5,113.0,178.0,227.4,D:\AprPanama2025_fixed\041225_experimental\041225PA_experimental_part12.mp4,1900-01-01 23:15:32.900,946
210933,606,328,3.0,142.0,173.0,254.0,D:\AprPanama2025_fixed\041225_experimental\041225PA_experimental_part12.mp4,1900-01-01 23:15:33.300,946
210930,606,329,3.5,113.0,176.0,225.0,D:\AprPanama2025_fixed\041225_experimental\041225PA_experimental_part12.mp4,1900-01-01 23:15:33.000,946
210926,605,329,8.0,117.0,179.0,244.57142857142856,D:\AprPanama2025_fixed\041225_experimental\041225PA_experimental_part12.mp4,1900-01-01 23:15:32.600,945
210940,606,327,2.0,113.0,140.0,64.0,D:\AprPanama2025_fixed\041225_experimental\041225PA_experimental_part12.mp4,1900-01-01 23:15:34.000,946
222508,483,373,9.0,116.0,179.0,237.13333333333333,D:\AprPanama2025_fixed\041225_experimental\041225PA_experimental_part13.mp4,1900-01-01 23:34:50.800,823
222506,483,374,8.0,112.0,177.0,247.4,D:\AprPanama2025_fixed\041225_experimental\041225PA_experimental_part13.mp4,1900-01-01 23:34:50.600,823
222505,483,374,6.0,112.0,176.0,244.3333333333333,D:\AprPanama2025_fixed\041225_experimental\041225PA_experimental_part13.mp4,1900-01-01 23:34:50.500,823
222507,484,374,6.5,115.0,179.0,236.5833333333333,D:\AprPanama2025_fixed\041225_experimental\041225PA_experimental_part13.mp4,1900-01-01 23:34:50.700,824
222514,481,369,2.0,116.0,175.0,241.0,D:\AprPanama2025_fixed\041225_experimental\041225PA_experimental_part13.mp4,1900-01-01 23:34:51.400,821
222511,482,372,6.0,112.0,181.0,253.45454545454547,D:\AprPanama2025_fixed\041225_experimental\041225PA_experimental_part13.mp4,1900-01-01 23:34:51.100,822
222512,482,371,3.5,114.0,178.0,244.77777777777777,D:\AprPanama2025_fixed\041225_experimental\041225PA_experimental_part13.mp4,1900-01-01 23:34:51.200,822
222510,482,372,8.0,111.0,178.0,248.35714285714283,D:\AprPanama2025_fixed\041225_experimental\041225PA_experimental_part13.mp4,1900-01-01 23:34:51.000,822
222513,482,371,2.5,112.0,176.0,225.7142857142857,D:\AprPanama2025_fixed\041225_experimental\041225PA_experimental_part13.mp4,1900-01-01 23:34:51.300,822
222509,483,373,10.0,111.0,176.0,230.5625,D:\AprPanama2025_fixed\041225_experimental\041225PA_experimental_part13.mp4,1900-01-01 23:34:50.900,823
222518,480,369,3.5,119.0,172.0,201.5,D:\AprPanama2025_fixed\041225_experimental\041225PA_experimental_part13.mp4,1900-01-01 23:34:51.800,820
222519,480,368,3.0,119.0,173.0,102.71428571428572,D:\AprPanama2025_fixed\041225_experimental\041225PA_experimental_part13.mp4,1900-01-01 23:34:51.900,820
222520,479,368,2.0,123.0,171.0,103.5,D:\AprPanama2025_fixed\041225_experimental\041225PA_experimental_part13.mp4,1900-01-01 23:34:52.000,819
246000,985,77,6.0,117.0,162.0,249.5,D:\AprPanama2025_fixed\041225_experimental\041225PA_experimental_part14.mp4,1900-01-02 00:14:00.000,1325
246002,985,77,12.5,120.0,179.0,248.0,D:\AprPanama2025_fixed\041225_experimental\041225PA_experimental_part14.mp4,1900-01-02 00:14:00.200,1325
246001,985,77,12.0,114.0,179.0,248.5,D:\AprPanama2025_fixed\041225_experimental\041225PA_experimental_part14.mp4,1900-01-02 00:14:00.100,1325
246005,983,77,11.5,111.0,187.0,245.95,D:\AprPanama2025_fixed\041225_experimental\041225PA_experimental_part14.mp4,1900-01-02 00:14:00.500,1323
246010,982,77,2.0,118.0,165.0,255.0,D:\AprPanama2025_fixed\041225_experimental\041225PA_experimental_part14.mp4,1900-01-02 00:14:01.000,1322
246007,982,77,5.0,114.0,179.0,249.0833333333333,D:\AprPanama2025_fixed\041225_experimental\041225PA_experimental_part14.mp4,1900-01-02 00:14:00.700,1322
246008,982,77,5.5,111.0,162.0,248.0,D:\AprPanama2025_fixed\041225_experimental\041225PA_experimental_part14.mp4,1900-01-02 00:14:00.800,1322
246004,984,77,11.0,128.0,185.0,242.21052631578945,D:\AprPanama2025_fixed\041225_experimental\041225PA_experimental_part14.mp4,1900-01-02 00:14:00.400,1324
246003,985,77,12.0,124.0,179.0,244.73684210526315,D:\AprPanama2025_fixed\041225_experimental\041225PA_experimental_part14.mp4,1900-01-02 00:14:00.300,1325
246009,982,78,2.5,114.0,163.0,248.0,D:\AprPanama2025_fixed\041225_experimental\041225PA_experimental_part14.mp4,1900-01-02 00:14:00.900,1322
246006,983,77,12.0,114.0,179.0,248.45,D:\AprPanama2025_fixed\041225_experimental\041225PA_experimental_part14.mp4,1900-01-02 00:14:00.600,1323
250063,457,227,3.5,114.0,177.0,237.25,D:\AprPanama2025_fixed\041225_experimental\041225PA_experimental_part14.mp4,1900-01-02 00:20:46.300,797
250064,457,229,12.0,120.0,179.0,253.3157894736842,D:\AprPanama2025_fixed\041225_experimental\041225PA_experimental_part14.mp4,1900-01-02 00:20:46.400,797
250062,456,227,1.5,115.0,157.0,169.0,D:\AprPanama2025_fixed\041225_experimental\041225PA_experimental_part14.mp4,1900-01-02 00:20:46.200,796
250066,457,229,14.5,125.0,179.0,249.91304347826087,D:\AprPanama2025_fixed\041225_experimental\041225PA_experimental_part14.mp4,1900-01-02 00:20:46.600,797
250065,457,229,14.5,125.0,179.0,249.91304347826087,D:\AprPanama2025_fixed\041225_experimental\041225PA_experimental_part14.mp4,1900-01-02 00:20:46.500,797
250068,457,229,13.5,125.0,179.0,252.5909090909091,D:\AprPanama2025_fixed\041225_experimental\041225PA_experimental_part14.mp4,1900-01-02 00:20:46.800,797
250071,457,229,14.5,114.0,178.0,245.1304347826087,D:\AprPanama2025_fixed\041225_experimental\041225PA_experimental_part14.mp4,1900-01-02 00:20:47.100,797
250069,457,229,13.5,121.0,178.0,252.77272727272728,D:\AprPanama2025_fixed\041225_experimental\041225PA_experimental_part14.mp4,1900-01-02 00:20:46.900,797
250070,457,229,13.5,119.0,179.0,251.04545454545456,D:\AprPanama2025_fixed\041225_experimental\041225PA_experimental_part14.mp4,1900-01-02 00:20:47.000,797
250073,457,228,13.5,111.0,179.0,242.9090909090909,D:\AprPanama2025_fixed\041225_experimental\041225PA_experimental_part14.mp4,1900-01-02 00:20:47.300,797
250074,457,228,13.0,115.0,179.0,242.85714285714283,D:\AprPanama2025_fixed\041225_experimental\041225PA_experimental_part14.mp4,1900-01-02 00:20:47.400,797
250072,457,229,13.0,122.0,178.0,247.6190476190476,D:\AprPanama2025_fixed\041225_experimental\041225PA_experimental_part14.mp4,1900-01-02 00:20:47.200,797
250067,457,229,14.5,125.0,179.0,249.91304347826087,D:\AprPanama2025_fixed\041225_experimental\041225PA_experimental_part14.mp4,1900-01-02 00:20:46.700,797
250080,457,227,8.0,136.0,179.0,243.57142857142856,D:\AprPanama2025_fixed\041225_experimental\041225PA_experimental_part14.mp4,1900-01-02 00:20:48.000,797
250077,457,228,11.5,113.0,179.0,242.94736842105263,D:\AprPanama2025_fixed\041225_experimental\041225PA_experimental_part14.mp4,1900-01-02 00:20:47.700,797
250079,457,228,12.5,119.0,179.0,236.75,D:\AprPanama2025_fixed\041225_experimental\041225PA_experimental_part14.mp4,1900-01-02 00:20:47.900,797
250078,457,228,12.5,119.0,179.0,236.75,D:\AprPanama2025_fixed\041225_experimental\041225PA_experimental_part14.mp4,1900-01-02 00:20:47.800,797
250081,457,227,8.0,136.0,179.0,243.57142857142856,D:\AprPanama2025_fixed\041225_experimental\041225PA_experimental_part14.mp4,1900-01-02 00:20:48.100,797
250075,457,228,11.5,111.0,179.0,238.3157894736842,D:\AprPanama2025_fixed\041225_experimental\041225PA_experimental_part14.mp4,1900-01-02 00:20:47.500,797
250076,457,228,11.5,113.0,179.0,242.94736842105263,D:\AprPanama2025_fixed\041225_experimental\041225PA_experimental_part14.mp4,1900-01-02 00:20:47.600,797
250082,457,227,8.0,135.0,179.0,244.64285714285717,D:\AprPanama2025_fixed\041225_experimental\041225PA_experimental_part14.mp4,1900-01-02 00:20:48.200,797
250086,457,227,7.0,119.0,178.0,238.84615384615387,D:\AprPanama2025_fixed\041225_experimental\041225PA_experimental_part14.mp4,1900-01-02 00:20:48.600,797
250090,457,227,4.0,112.0,168.0,242.88888888888889,D:\AprPanama2025_fixed\041225_experimental\041225PA_experimental_part14.mp4,1900-01-02 00:20:49.000,797
250084,457,228,4.5,117.0,170.0,254.3,D:\AprPanama2025_fixed\041225_experimental\041225PA_experimental_part14.mp4,1900-01-02 00:20:48.400,797
250089,457,227,6.5,111.0,178.0,220.25,D:\AprPanama2025_fixed\041225_experimental\041225PA_experimental_part14.mp4,1900-01-02 00:20:48.900,797
250087,457,228,4.5,127.0,179.0,251.0,D:\AprPanama2025_fixed\041225_experimental\041225PA_experimental_part14.mp4,1900-01-02 00:20:48.700,797
250085,457,227,8.0,117.0,179.0,236.92857142857144,D:\AprPanama2025_fixed\041225_experimental\041225PA_experimental_part14.mp4,1900-01-02 00:20:48.500,797
250088,457,227,4.0,131.0,172.0,251.55555555555557,D:\AprPanama2025_fixed\041225_experimental\041225PA_experimental_part14.mp4,1900-01-02 00:20:48.800,797
250083,457,227,8.0,133.0,179.0,245.07142857142856,D:\AprPanama2025_fixed\041225_experimental\041225PA_experimental_part14.mp4,1900-01-02 00:20:48.300,797
250092,456,228,3.5,111.0,163.0,234.125,D:\AprPanama2025_fixed\041225_experimental\041225PA_experimental_part14.mp4,1900-01-02 00:20:49.200,796
250093,456,228,1.5,117.0,164.0,233.4,D:\AprPanama2025_fixed\041225_experimental\041225PA_experimental_part14.mp4,1900-01-02 00:20:49.300,796
250095,456,228,1.5,132.0,165.0,219.0,D:\AprPanama2025_fixed\041225_experimental\041225PA_experimental_part14.mp4,1900-01-02 00:20:49.500,796
250091,457,227,4.0,112.0,168.0,242.88888888888889,D:\AprPanama2025_fixed\041225_experimental\041225PA_experimental_part14.mp4,1900-01-02 00:20:49.100,797
250094,456,227,3.0,118.0,178.0,236.125,D:\AprPanama2025_fixed\041225_experimental\041225PA_experimental_part14.mp4,1900-01-02 00:20:49.400,796
250106,798,283,1.5,120.0,177.0,183.8,D:\AprPanama2025_fixed\041225_experimental\041225PA_experimental_part14.mp4,1900-01-02 00:20:50.600,1138
250104,798,283,2.0,137.0,178.0,207.0,D:\AprPanama2025_fixed\041225_experimental\041225PA_experimental_part14.mp4,1900-01-02 00:20:50.400,1138
250102,798,283,4.5,113.0,150.0,80.88888888888889,D:\AprPanama2025_fixed\041225_experimental\041225PA_experimental_part14.mp4,1900-01-02 00:20:50.200,1138
250105,798,283,2.0,137.0,178.0,207.0,D:\AprPanama2025_fixed\041225_experimental\041225PA_experimental_part14.mp4,1900-01-02 00:20:50.500,1138
250101,798,283,2.0,119.0,152.0,169.5,D:\AprPanama2025_fixed\041225_experimental\041225PA_experimental_part14.mp4,1900-01-02 00:20:50.100,1138
250103,798,283,4.5,113.0,150.0,80.88888888888889,D:\AprPanama2025_fixed\041225_experimental\041225PA_experimental_part14.mp4,1900-01-02 00:20:50.300,1138
250099,456,226,2.0,117.0,175.0,238.16666666666663,D:\AprPanama2025_fixed\041225_experimental\041225PA_experimental_part14.mp4,1900-01-02 00:20:49.900,796
250107,798,283,1.5,120.0,177.0,183.8,D:\AprPanama2025_fixed\041225_experimental\041225PA_experimental_part14.mp4,1900-01-02 00:20:50.700,1138
252266,610,179,5.0,136.0,178.0,235.1,D:\AprPanama2025_fixed\041225_experimental\041225PA_experimental_part15.mp4,1900-01-02 00:24:26.600,950
252273,611,179,11.0,141.0,178.0,244.77777777777777,D:\AprPanama2025_fixed\041225_experimental\041225PA_experimental_part15.mp4,1900-01-02 00:24:27.300,951
252271,611,179,11.0,121.0,179.0,248.6111111111111,D:\AprPanama2025_fixed\041225_experimental\041225PA_experimental_part15.mp4,1900-01-02 00:24:27.100,951
252274,611,179,11.0,141.0,178.0,244.77777777777777,D:\AprPanama2025_fixed\041225_experimental\041225PA_experimental_part15.mp4,1900-01-02 00:24:27.400,951
252269,611,179,10.0,129.0,179.0,252.94117647058823,D:\AprPanama2025_fixed\041225_experimental\041225PA_experimental_part15.mp4,1900-01-02 00:24:26.900,951
252268,611,179,10.5,132.0,179.0,246.58823529411765,D:\AprPanama2025_fixed\041225_experimental\041225PA_experimental_part15.mp4,1900-01-02 00:24:26.800,951
252272,611,179,11.0,114.0,178.0,248.7222222222222,D:\AprPanama2025_fixed\041225_experimental\041225PA_experimental_part15.mp4,1900-01-02 00:24:27.200,951
252270,611,179,11.0,115.0,179.0,247.6111111111111,D:\AprPanama2025_fixed\041225_experimental\041225PA_experimental_part15.mp4,1900-01-02 00:24:27.000,951
252267,611,179,10.5,132.0,179.0,246.52941176470588,D:\AprPanama2025_fixed\041225_experimental\041225PA_experimental_part15.mp4,1900-01-02 00:24:26.700,951
252279,611,179,11.0,116.0,179.0,238.88888888888889,D:\AprPanama2025_fixed\041225_experimental\041225PA_experimental_part15.mp4,1900-01-02 00:24:27.900,951
252275,611,179,11.0,122.0,178.0,244.1111111111111,D:\AprPanama2025_fixed\041225_experimental\041225PA_experimental_part15.mp4,1900-01-02 00:24:27.500,951
252277,611,179,10.5,141.0,179.0,245.05882352941177,D:\AprPanama2025_fixed\041225_experimental\041225PA_experimental_part15.mp4,1900-01-02 00:24:27.700,951
252281,611,179,9.0,127.0,179.0,242.33333333333331,D:\AprPanama2025_fixed\041225_experimental\041225PA_experimental_part15.mp4,1900-01-02 00:24:28.100,951
252276,611,179,10.5,142.0,178.0,246.35294117647055,D:\AprPanama2025_fixed\041225_experimental\041225PA_experimental_part15.mp4,1900-01-02 00:24:27.600,951
252278,611,179,11.0,111.0,179.0,237.1111111111111,D:\AprPanama2025_fixed\041225_experimental\041225PA_experimental_part15.mp4,1900-01-02 00:24:27.800,951
252280,611,179,10.0,113.0,179.0,238.64705882352945,D:\AprPanama2025_fixed\041225_experimental\041225PA_experimental_part15.mp4,1900-01-02 00:24:28.000,951
252282,611,179,9.5,114.0,179.0,232.25,D:\AprPanama2025_fixed\041225_experimental\041225PA_experimental_part15.mp4,1900-01-02 00:24:28.200,951
252284,611,179,7.5,131.0,175.0,237.0769230769231,D:\AprPanama2025_fixed\041225_experimental\041225PA_experimental_part15.mp4,1900-01-02 00:24:28.400,951
252285,611,179,7.5,113.0,163.0,230.61538461538464,D:\AprPanama2025_fixed\041225_experimental\041225PA_experimental_part15.mp4,1900-01-02 00:24:28.500,951
252290,611,178,2.0,129.0,179.0,245.8333333333333,D:\AprPanama2025_fixed\041225_experimental\041225PA_experimental_part15.mp4,1900-01-02 00:24:29.000,951
252286,611,178,4.5,117.0,163.0,247.2222222222222,D:\AprPanama2025_fixed\041225_experimental\041225PA_experimental_part15.mp4,1900-01-02 00:24:28.600,951
252289,611,178,2.5,125.0,176.0,241.85714285714283,D:\AprPanama2025_fixed\041225_experimental\041225PA_experimental_part15.mp4,1900-01-02 00:24:28.900,951
252288,611,178,2.5,120.0,155.0,244.14285714285717,D:\AprPanama2025_fixed\041225_experimental\041225PA_experimental_part15.mp4,1900-01-02 00:24:28.800,951
252287,611,178,2.5,120.0,155.0,244.14285714285717,D:\AprPanama2025_fixed\041225_experimental\041225PA_experimental_part15.mp4,1900-01-02 00:24:28.700,951
252283,611,179,8.0,116.0,177.0,235.14285714285717,D:\AprPanama2025_fixed\041225_experimental\041225PA_experimental_part15.mp4,1900-01-02 00:24:28.300,951
252295,610,178,1.5,117.0,154.0,249.8,D:\AprPanama2025_fixed\041225_experimental\041225PA_experimental_part15.mp4,1900-01-02 00:24:29.500,950
252297,610,178,1.5,117.0,154.0,249.8,D:\AprPanama2025_fixed\041225_experimental\041225PA_experimental_part15.mp4,1900-01-02 00:24:29.700,950
252291,611,178,2.0,139.0,170.0,255.0,D:\AprPanama2025_fixed\041225_experimental\041225PA_experimental_part15.mp4,1900-01-02 00:24:29.100,951
252292,611,178,2.0,139.0,170.0,255.0,D:\AprPanama2025_fixed\041225_experimental\041225PA_experimental_part15.mp4,1900-01-02 00:24:29.200,951
252298,610,178,1.5,117.0,154.0,249.8,D:\AprPanama2025_fixed\041225_experimental\041225PA_experimental_part15.mp4,1900-01-02 00:24:29.800,950
252293,611,178,2.0,133.0,160.0,254.0,D:\AprPanama2025_fixed\041225_experimental\041225PA_experimental_part15.mp4,1900-01-02 00:24:29.300,951
252296,610,178,1.5,117.0,154.0,249.8,D:\AprPanama2025_fixed\041225_experimental\041225PA_experimental_part15.mp4,1900-01-02 00:24:29.600,950
256434,1069,70,2.0,113.0,172.0,253.57142857142856,D:\AprPanama2025_fixed\041225_experimental\041225PA_experimental_part15.mp4,1900-01-02 00:31:23.400,1409
256433,1068,70,5.5,115.0,171.0,247.8181818181818,D:\AprPanama2025_fixed\041225_experimental\041225PA_experimental_part15.mp4,1900-01-02 00:31:23.300,1408
256437,1070,68,7.5,113.0,179.0,242.7142857142857,D:\AprPanama2025_fixed\041225_experimental\041225PA_experimental_part15.mp4,1900-01-02 00:31:23.700,1410
256436,1069,69,11.0,112.0,176.0,221.44444444444443,D:\AprPanama2025_fixed\041225_experimental\041225PA_experimental_part15.mp4,1900-01-02 00:31:23.600,1409
256441,1070,66,2.0,128.0,177.0,255.0,D:\AprPanama2025_fixed\041225_experimental\041225PA_experimental_part15.mp4,1900-01-02 00:31:24.100,1410
256438,1070,68,10.5,112.0,179.0,223.5,D:\AprPanama2025_fixed\041225_experimental\041225PA_experimental_part15.mp4,1900-01-02 00:31:23.800,1410
256439,1070,67,6.0,119.0,175.0,246.54545454545456,D:\AprPanama2025_fixed\041225_experimental\041225PA_experimental_part15.mp4,1900-01-02 00:31:23.900,1410
256440,1070,66,6.0,127.0,179.0,244.75,D:\AprPanama2025_fixed\041225_experimental\041225PA_experimental_part15.mp4,1900-01-02 00:31:24.000,1410
256435,1070,69,5.5,131.0,179.0,252.25,D:\AprPanama2025_fixed\041225_experimental\041225PA_experimental_part15.mp4,1900-01-02 00:31:23.500,1410
256443,1072,64,2.5,121.0,172.0,236.57142857142856,D:\AprPanama2025_fixed\041225_experimental\041225PA_experimental_part15.mp4,1900-01-02 00:31:24.300,1412
272545,1171,52,5.0,115.0,175.0,191.1818181818182,D:\AprPanama2025_fixed\041225_experimental\041225PA_experimental_part16.mp4,1900-01-02 00:58:14.500,1511
272544,1170,51,2.0,129.0,155.0,162.5,D:\AprPanama2025_fixed\041225_experimental\041225PA_experimental_part16.mp4,1900-01-02 00:58:14.400,1510
272549,1172,53,13.5,112.0,181.0,239.14285714285717,D:\AprPanama2025_fixed\041225_experimental\041225PA_experimental_part16.mp4,1900-01-02 00:58:14.900,1512
272551,1173,54,10.5,113.0,179.0,249.05555555555557,D:\AprPanama2025_fixed\041225_experimental\041225PA_experimental_part16.mp4,1900-01-02 00:58:15.100,1513
272548,1172,53,11.5,134.0,179.0,247.3684210526316,D:\AprPanama2025_fixed\041225_experimental\041225PA_experimental_part16.mp4,1900-01-02 00:58:14.800,1512
272553,1174,55,8.0,114.0,179.0,250.4,D:\AprPanama2025_fixed\041225_experimental\041225PA_experimental_part16.mp4,1900-01-02 00:58:15.300,1514
272546,1171,53,11.5,116.0,178.0,243.0526315789473,D:\AprPanama2025_fixed\041225_experimental\041225PA_experimental_part16.mp4,1900-01-02 00:58:14.600,1511
272550,1172,54,12.5,113.0,179.0,243.4736842105263,D:\AprPanama2025_fixed\041225_experimental\041225PA_experimental_part16.mp4,1900-01-02 00:58:15.000,1512
272552,1173,55,11.0,113.0,177.0,250.2222222222222,D:\AprPanama2025_fixed\041225_experimental\041225PA_experimental_part16.mp4,1900-01-02 00:58:15.200,1513
272547,1171,53,12.5,114.0,179.0,248.2,D:\AprPanama2025_fixed\041225_experimental\041225PA_experimental_part16.mp4,1900-01-02 00:58:14.700,1511
272556,1175,56,5.5,115.0,174.0,249.1818181818182,D:\AprPanama2025_fixed\041225_experimental\041225PA_experimental_part16.mp4,1900-01-02 00:58:15.600,1515
272558,1175,56,7.0,125.0,177.0,240.61538461538464,D:\AprPanama2025_fixed\041225_experimental\041225PA_experimental_part16.mp4,1900-01-02 00:58:15.800,1515
272557,1175,56,7.0,117.0,179.0,241.61538461538464,D:\AprPanama2025_fixed\041225_experimental\041225PA_experimental_part16.mp4,1900-01-02 00:58:15.700,1515
272555,1174,55,8.0,118.0,179.0,247.33333333333331,D:\AprPanama2025_fixed\041225_experimental\041225PA_experimental_part16.mp4,1900-01-02 00:58:15.500,1514
272560,1176,58,1.5,129.0,143.0,255.0,D:\AprPanama2025_fixed\041225_experimental\041225PA_experimental_part16.mp4,1900-01-02 00:58:16.000,1516
272554,1174,55,12.5,117.0,179.0,223.75,D:\AprPanama2025_fixed\041225_experimental\041225PA_experimental_part16.mp4,1900-01-02 00:58:15.400,1514
272559,1175,57,6.0,127.0,168.0,250.75,D:\AprPanama2025_fixed\041225_experimental\041225PA_experimental_part16.mp4,1900-01-02 00:58:15.900,1515
277736,885,21,12.0,121.0,179.0,252.3157894736842,D:\AprPanama2025_fixed\041225_experimental\041225PA_experimental_part16.mp4,1900-01-02 01:06:53.600,1225
277737,885,21,12.5,117.0,179.0,248.65,D:\AprPanama2025_fixed\041225_experimental\041225PA_experimental_part16.mp4,1900-01-02 01:06:53.700,1225
277734,885,21,12.5,111.0,179.0,243.3,D:\AprPanama2025_fixed\041225_experimental\041225PA_experimental_part16.mp4,1900-01-02 01:06:53.400,1225
277735,885,21,12.0,122.0,179.0,248.3684210526316,D:\AprPanama2025_fixed\041225_experimental\041225PA_experimental_part16.mp4,1900-01-02 01:06:53.500,1225
277733,884,19,4.0,132.0,169.0,249.0,D:\AprPanama2025_fixed\041225_experimental\041225PA_experimental_part16.mp4,1900-01-02 01:06:53.300,1224
277740,886,21,12.5,112.0,178.0,243.6,D:\AprPanama2025_fixed\041225_experimental\041225PA_experimental_part16.mp4,1900-01-02 01:06:54.000,1226
277738,885,21,11.5,134.0,178.0,235.57894736842104,D:\AprPanama2025_fixed\041225_experimental\041225PA_experimental_part16.mp4,1900-01-02 01:06:53.800,1225
277741,887,21,7.5,112.0,176.0,245.7142857142857,D:\AprPanama2025_fixed\041225_experimental\041225PA_experimental_part16.mp4,1900-01-02 01:06:54.100,1227
277742,887,20,5.5,114.0,178.0,241.0909090909091,D:\AprPanama2025_fixed\041225_experimental\041225PA_experimental_part16.mp4,1900-01-02 01:06:54.200,1227
277739,885,21,10.5,123.0,178.0,246.1764705882353,D:\AprPanama2025_fixed\041225_experimental\041225PA_experimental_part16.mp4,1900-01-02 01:06:53.900,1225
277744,887,21,8.0,111.0,178.0,243.5,D:\AprPanama2025_fixed\041225_experimental\041225PA_experimental_part16.mp4,1900-01-02 01:06:54.400,1227
277745,887,21,8.0,111.0,178.0,249.92857142857144,D:\AprPanama2025_fixed\041225_experimental\041225PA_experimental_part16.mp4,1900-01-02 01:06:54.500,1227
277743,887,21,7.0,111.0,179.0,239.92307692307693,D:\AprPanama2025_fixed\041225_experimental\041225PA_experimental_part16.mp4,1900-01-02 01:06:54.300,1227
277752,888,20,6.0,131.0,179.0,245.8333333333333,D:\AprPanama2025_fixed\041225_experimental\041225PA_experimental_part16.mp4,1900-01-02 01:06:55.200,1228
277752,1198,48,1.5,119.0,146.0,244.8,D:\AprPanama2025_fixed\041225_experimental\041225PA_experimental_part16.mp4,1900-01-02 01:06:55.200,1538
277753,888,21,6.5,121.0,179.0,244.46153846153848,D:\AprPanama2025_fixed\041225_experimental\041225PA_experimental_part16.mp4,1900-01-02 01:06:55.300,1228
277753,1200,48,4.0,111.0,171.0,251.5,D:\AprPanama2025_fixed\041225_experimental\041225PA_experimental_part16.mp4,1900-01-02 01:06:55.300,1540
277747,887,21,6.0,135.0,177.0,250.0,D:\AprPanama2025_fixed\041225_experimental\041225PA_experimental_part16.mp4,1900-01-02 01:06:54.700,1227
277751,888,21,4.0,111.0,178.0,233.0,D:\AprPanama2025_fixed\041225_experimental\041225PA_experimental_part16.mp4,1900-01-02 01:06:55.100,1228
277751,1199,49,4.5,114.0,178.0,232.72727272727275,D:\AprPanama2025_fixed\041225_experimental\041225PA_experimental_part16.mp4,1900-01-02 01:06:55.100,1539
277746,887,21,10.0,124.0,178.0,246.8235294117647,D:\AprPanama2025_fixed\041225_experimental\041225PA_experimental_part16.mp4,1900-01-02 01:06:54.600,1227
277750,888,20,3.0,131.0,171.0,253.57142857142856,D:\AprPanama2025_fixed\041225_experimental\041225PA_experimental_part16.mp4,1900-01-02 01:06:55.000,1228
277750,1200,49,8.0,103.0,179.0,230.0,D:\AprPanama2025_fixed\041225_experimental\041225PA_experimental_part16.mp4,1900-01-02 01:06:55.000,1540
277750,1200,49,2.0,103.0,174.0,243.2,D:\AprPanama2025_fixed\041225_experimental\041225PA_experimental_part16.mp4,1900-01-02 01:06:55.000,1540
277749,887,21,8.5,112.0,172.0,246.33333333333331,D:\AprPanama2025_fixed\041225_experimental\041225PA_experimental_part16.mp4,1900-01-02 01:06:54.900,1227
277749,1200,50,8.5,113.0,175.0,244.86666666666667,D:\AprPanama2025_fixed\041225_experimental\041225PA_experimental_part16.mp4,1900-01-02 01:06:54.900,1540
277748,887,21,8.5,105.0,172.0,246.66666666666663,D:\AprPanama2025_fixed\041225_experimental\041225PA_experimental_part16.mp4,1900-01-02 01:06:54.800,1227
277748,888,21,2.0,105.0,172.0,246.2,D:\AprPanama2025_fixed\041225_experimental\041225PA_experimental_part16.mp4,1900-01-02 01:06:54.800,1228
277748,1199,49,4.5,112.0,169.0,249.1111111111111,D:\AprPanama2025_fixed\041225_experimental\041225PA_experimental_part16.mp4,1900-01-02 01:06:54.800,1539
277760,890,20,3.0,113.0,171.0,250.3,D:\AprPanama2025_fixed\041225_experimental\041225PA_experimental_part16.mp4,1900-01-02 01:06:56.000,1230
277760,947,37,12.5,134.0,179.0,245.3,D:\AprPanama2025_fixed\041225_experimental\041225PA_experimental_part16.mp4,1900-01-02 01:06:56.000,1287
277759,891,21,5.5,114.0,178.0,241.63636363636363,D:\AprPanama2025_fixed\041225_experimental\041225PA_experimental_part16.mp4,1900-01-02 01:06:55.900,1231
277759,946,37,13.5,126.0,179.0,251.9047619047619,D:\AprPanama2025_fixed\041225_experimental\041225PA_experimental_part16.mp4,1900-01-02 01:06:55.900,1286
277755,889,20,4.5,111.0,177.0,251.0833333333333,D:\AprPanama2025_fixed\041225_experimental\041225PA_experimental_part16.mp4,1900-01-02 01:06:55.500,1229
277755,1199,48,2.5,112.0,161.0,255.0,D:\AprPanama2025_fixed\041225_experimental\041225PA_experimental_part16.mp4,1900-01-02 01:06:55.500,1539
277761,890,20,2.0,111.0,157.0,243.625,D:\AprPanama2025_fixed\041225_experimental\041225PA_experimental_part16.mp4,1900-01-02 01:06:56.100,1230
277761,948,37,13.0,128.0,179.0,245.57142857142856,D:\AprPanama2025_fixed\041225_experimental\041225PA_experimental_part16.mp4,1900-01-02 01:06:56.100,1288
277757,889,21,8.0,118.0,178.0,199.42857142857144,D:\AprPanama2025_fixed\041225_experimental\041225PA_experimental_part16.mp4,1900-01-02 01:06:55.700,1229
277757,945,38,8.0,116.0,178.0,244.2,D:\AprPanama2025_fixed\041225_experimental\041225PA_experimental_part16.mp4,1900-01-02 01:06:55.700,1285
277756,889,21,8.0,118.0,178.0,199.42857142857144,D:\AprPanama2025_fixed\041225_experimental\041225PA_experimental_part16.mp4,1900-01-02 01:06:55.600,1229
277756,945,38,4.5,115.0,178.0,246.63636363636363,D:\AprPanama2025_fixed\041225_experimental\041225PA_experimental_part16.mp4,1900-01-02 01:06:55.600,1285
277758,946,38,11.5,123.0,175.0,252.94736842105263,D:\AprPanama2025_fixed\041225_experimental\041225PA_experimental_part16.mp4,1900-01-02 01:06:55.800,1286
277754,889,20,4.5,113.0,179.0,238.1818181818182,D:\AprPanama2025_fixed\041225_experimental\041225PA_experimental_part16.mp4,1900-01-02 01:06:55.400,1229
277754,1199,48,2.5,112.0,161.0,255.0,D:\AprPanama2025_fixed\041225_experimental\041225PA_experimental_part16.mp4,1900-01-02 01:06:55.400,1539
277766,892,21,1.5,129.0,165.0,159.60000000000002,D:\AprPanama2025_fixed\041225_experimental\041225PA_experimental_part16.mp4,1900-01-02 01:06:56.600,1232
277766,952,36,10.5,122.0,179.0,241.94444444444443,D:\AprPanama2025_fixed\041225_experimental\041225PA_experimental_part16.mp4,1900-01-02 01:06:56.600,1292
277763,891,21,3.5,116.0,176.0,234.4,D:\AprPanama2025_fixed\041225_experimental\041225PA_experimental_part16.mp4,1900-01-02 01:06:56.300,1231
277763,949,37,12.5,112.0,176.0,240.45,D:\AprPanama2025_fixed\041225_experimental\041225PA_experimental_part16.mp4,1900-01-02 01:06:56.300,1289
277762,892,20,2.5,115.0,174.0,249.66666666666663,D:\AprPanama2025_fixed\041225_experimental\041225PA_experimental_part16.mp4,1900-01-02 01:06:56.200,1232
277762,948,37,13.5,115.0,179.0,247.8636363636364,D:\AprPanama2025_fixed\041225_experimental\041225PA_experimental_part16.mp4,1900-01-02 01:06:56.200,1288
277764,891,21,3.5,113.0,167.0,225.3,D:\AprPanama2025_fixed\041225_experimental\041225PA_experimental_part16.mp4,1900-01-02 01:06:56.400,1231
277764,950,36,14.0,111.0,179.0,248.63636363636363,D:\AprPanama2025_fixed\041225_experimental\041225PA_experimental_part16.mp4,1900-01-02 01:06:56.400,1290
277767,952,36,11.5,119.0,179.0,246.3157894736842,D:\AprPanama2025_fixed\041225_experimental\041225PA_experimental_part16.mp4,1900-01-02 01:06:56.700,1292
277765,892,21,2.0,113.0,175.0,235.0,D:\AprPanama2025_fixed\041225_experimental\041225PA_experimental_part16.mp4,1900-01-02 01:06:56.500,1232
277765,950,36,11.5,131.0,179.0,250.52631578947367,D:\AprPanama2025_fixed\041225_experimental\041225PA_experimental_part16.mp4,1900-01-02 01:06:56.500,1290
277769,892,21,2.0,118.0,155.0,236.5,D:\AprPanama2025_fixed\041225_experimental\041225PA_experimental_part16.mp4,1900-01-02 01:06:56.900,1232
277769,954,36,9.5,120.0,178.0,249.5625,D:\AprPanama2025_fixed\041225_experimental\041225PA_experimental_part16.mp4,1900-01-02 01:06:56.900,1294
277768,953,36,8.0,116.0,178.0,243.14285714285717,D:\AprPanama2025_fixed\041225_experimental\041225PA_experimental_part16.mp4,1900-01-02 01:06:56.800,1293
277776,959,37,6.5,113.0,178.0,247.61538461538464,D:\AprPanama2025_fixed\041225_experimental\041225PA_experimental_part16.mp4,1900-01-02 01:06:57.600,1299
277773,957,37,9.0,113.0,175.0,221.6875,D:\AprPanama2025_fixed\041225_experimental\041225PA_experimental_part16.mp4,1900-01-02 01:06:57.300,1297
277774,958,37,6.0,125.0,178.0,223.3846153846154,D:\AprPanama2025_fixed\041225_experimental\041225PA_experimental_part16.mp4,1900-01-02 01:06:57.400,1298
277775,959,37,4.0,121.0,174.0,237.55555555555557,D:\AprPanama2025_fixed\041225_experimental\041225PA_experimental_part16.mp4,1900-01-02 01:06:57.500,1299
277771,954,37,6.5,139.0,178.0,230.6923076923077,D:\AprPanama2025_fixed\041225_experimental\041225PA_experimental_part16.mp4,1900-01-02 01:06:57.100,1294
277777,960,37,4.0,117.0,172.0,219.5,D:\AprPanama2025_fixed\041225_experimental\041225PA_experimental_part16.mp4,1900-01-02 01:06:57.700,1300
277772,956,37,7.0,115.0,179.0,226.28571428571428,D:\AprPanama2025_fixed\041225_experimental\041225PA_experimental_part16.mp4,1900-01-02 01:06:57.200,1296
277770,954,36,8.5,116.0,179.0,249.6,D:\AprPanama2025_fixed\041225_experimental\041225PA_experimental_part16.mp4,1900-01-02 01:06:57.000,1294
277782,962,39,2.5,121.0,159.0,114.625,D:\AprPanama2025_fixed\041225_experimental\041225PA_experimental_part16.mp4,1900-01-02 01:06:58.200,1302
277779,961,38,3.0,129.0,175.0,249.75,D:\AprPanama2025_fixed\041225_experimental\041225PA_experimental_part16.mp4,1900-01-02 01:06:57.900,1301
277780,962,38,2.5,117.0,181.0,231.3333333333333,D:\AprPanama2025_fixed\041225_experimental\041225PA_experimental_part16.mp4,1900-01-02 01:06:58.000,1302
277781,962,38,1.5,125.0,169.0,237.2,D:\AprPanama2025_fixed\041225_experimental\041225PA_experimental_part16.mp4,1900-01-02 01:06:58.100,1302
278641,1011,25,13.0,111.0,179.0,245.8,D:\AprPanama2025_fixed\041225_experimental\041225PA_experimental_part16.mp4,1900-01-02 01:08:24.100,1351
278639,1011,25,8.5,132.0,176.0,234.9333333333333,D:\AprPanama2025_fixed\041225_experimental\041225PA_experimental_part16.mp4,1900-01-02 01:08:23.900,1351
278638,1011,25,6.5,111.0,172.0,224.41666666666663,D:\AprPanama2025_fixed\041225_experimental\041225PA_experimental_part16.mp4,1900-01-02 01:08:23.800,1351
278640,1011,25,12.0,119.0,178.0,238.3684210526316,D:\AprPanama2025_fixed\041225_experimental\041225PA_experimental_part16.mp4,1900-01-02 01:08:24.000,1351
278647,1011,25,8.0,118.0,179.0,248.33333333333331,D:\AprPanama2025_fixed\041225_experimental\041225PA_experimental_part16.mp4,1900-01-02 01:08:24.700,1351
278648,1011,25,8.0,131.0,179.0,250.66666666666663,D:\AprPanama2025_fixed\041225_experimental\041225PA_experimental_part16.mp4,1900-01-02 01:08:24.800,1351
278644,1011,25,11.5,115.0,178.0,247.77777777777777,D:\AprPanama2025_fixed\041225_experimental\041225PA_experimental_part16.mp4,1900-01-02 01:08:24.400,1351
278646,1011,25,9.5,126.0,178.0,247.75,D:\AprPanama2025_fixed\041225_experimental\041225PA_experimental_part16.mp4,1900-01-02 01:08:24.600,1351
278649,1010,25,8.0,117.0,178.0,233.06666666666663,D:\AprPanama2025_fixed\041225_experimental\041225PA_experimental_part16.mp4,1900-01-02 01:08:24.900,1350
278643,1011,25,12.0,129.0,179.0,253.7894736842105,D:\AprPanama2025_fixed\041225_experimental\041225PA_experimental_part16.mp4,1900-01-02 01:08:24.300,1351
278645,1011,25,11.5,115.0,178.0,247.77777777777777,D:\AprPanama2025_fixed\041225_experimental\041225PA_experimental_part16.mp4,1900-01-02 01:08:24.500,1351
278642,1011,25,11.5,131.0,179.0,246.05555555555557,D:\AprPanama2025_fixed\041225_experimental\041225PA_experimental_part16.mp4,1900-01-02 01:08:24.200,1351
278650,1011,24,6.0,113.0,179.0,251.75,D:\AprPanama2025_fixed\041225_experimental\041225PA_experimental_part16.mp4,1900-01-02 01:08:25.000,1351
278655,1010,24,3.0,130.0,175.0,198.28571428571428,D:\AprPanama2025_fixed\041225_experimental\041225PA_experimental_part16.mp4,1900-01-02 01:08:25.500,1350
278654,1010,24,5.5,130.0,178.0,238.54545454545456,D:\AprPanama2025_fixed\041225_experimental\041225PA_experimental_part16.mp4,1900-01-02 01:08:25.400,1350
278651,1011,25,6.5,111.0,175.0,248.7692307692308,D:\AprPanama2025_fixed\041225_experimental\041225PA_experimental_part16.mp4,1900-01-02 01:08:25.100,1351
278653,1010,24,4.0,130.0,178.0,231.0,D:\AprPanama2025_fixed\041225_experimental\041225PA_experimental_part16.mp4,1900-01-02 01:08:25.300,1350
278652,1010,24,5.5,113.0,174.0,234.0909090909091,D:\AprPanama2025_fixed\041225_experimental\041225PA_experimental_part16.mp4,1900-01-02 01:08:25.200,1350
278729,949,39,7.0,112.0,177.0,246.92857142857144,D:\AprPanama2025_fixed\041225_experimental\041225PA_experimental_part16.mp4,1900-01-02 01:08:32.900,1289
278722,949,38,3.0,116.0,176.0,248.1111111111111,D:\AprPanama2025_fixed\041225_experimental\041225PA_experimental_part16.mp4,1900-01-02 01:08:32.200,1289
278725,949,39,9.0,123.0,179.0,253.5625,D:\AprPanama2025_fixed\041225_experimental\041225PA_experimental_part16.mp4,1900-01-02 01:08:32.500,1289
278723,948,38,5.5,119.0,179.0,225.63636363636363,D:\AprPanama2025_fixed\041225_experimental\041225PA_experimental_part16.mp4,1900-01-02 01:08:32.300,1288
278727,948,38,6.0,111.0,178.0,251.0833333333333,D:\AprPanama2025_fixed\041225_experimental\041225PA_experimental_part16.mp4,1900-01-02 01:08:32.700,1288
278728,949,39,7.5,113.0,178.0,249.0,D:\AprPanama2025_fixed\041225_experimental\041225PA_experimental_part16.mp4,1900-01-02 01:08:32.800,1289
278726,949,39,8.5,115.0,178.0,249.5625,D:\AprPanama2025_fixed\041225_experimental\041225PA_experimental_part16.mp4,1900-01-02 01:08:32.600,1289
278724,949,39,8.5,124.0,179.0,249.53333333333333,D:\AprPanama2025_fixed\041225_experimental\041225PA_experimental_part16.mp4,1900-01-02 01:08:32.400,1289
278732,949,39,6.0,111.0,177.0,250.41666666666663,D:\AprPanama2025_fixed\041225_experimental\041225PA_experimental_part16.mp4,1900-01-02 01:08:33.200,1289
278735,950,39,1.5,114.0,152.0,252.42857142857144,D:\AprPanama2025_fixed\041225_experimental\041225PA_experimental_part16.mp4,1900-01-02 01:08:33.500,1290
278731,949,39,1.5,112.0,173.0,250.5,D:\AprPanama2025_fixed\041225_experimental\041225PA_experimental_part16.mp4,1900-01-02 01:08:33.100,1289
278733,950,39,2.0,111.0,151.0,253.85714285714283,D:\AprPanama2025_fixed\041225_experimental\041225PA_experimental_part16.mp4,1900-01-02 01:08:33.300,1290
278737,949,39,4.0,125.0,175.0,237.2222222222222,D:\AprPanama2025_fixed\041225_experimental\041225PA_experimental_part16.mp4,1900-01-02 01:08:33.700,1289
278736,949,39,4.0,125.0,175.0,237.2222222222222,D:\AprPanama2025_fixed\041225_experimental\041225PA_experimental_part16.mp4,1900-01-02 01:08:33.600,1289
278730,949,39,6.0,116.0,173.0,249.0769230769231,D:\AprPanama2025_fixed\041225_experimental\041225PA_experimental_part16.mp4,1900-01-02 01:08:33.000,1289
278738,950,39,2.0,128.0,182.0,255.0,D:\AprPanama2025_fixed\041225_experimental\041225PA_experimental_part16.mp4,1900-01-02 01:08:33.800,1290
278739,949,39,2.5,111.0,167.0,226.7142857142857,D:\AprPanama2025_fixed\041225_experimental\041225PA_experimental_part16.mp4,1900-01-02 01:08:33.900,1289
278744,950,40,2.5,112.0,155.0,240.0,D:\AprPanama2025_fixed\041225_experimental\041225PA_experimental_part16.mp4,1900-01-02 01:08:34.400,1290
280000,1014,37,5.5,118.0,160.0,254.91666666666663,D:\AprPanama2025_fixed\041225_experimental\041225PA_experimental_part16.mp4,1900-01-02 01:10:40.000,1354
279999,1013,37,10.5,129.0,179.0,243.44444444444443,D:\AprPanama2025_fixed\041225_experimental\041225PA_experimental_part16.mp4,1900-01-02 01:10:39.900,1353
279995,1013,37,10.5,112.0,179.0,246.11764705882356,D:\AprPanama2025_fixed\041225_experimental\041225PA_experimental_part16.mp4,1900-01-02 01:10:39.500,1353
279998,1014,37,9.5,112.0,175.0,246.8125,D:\AprPanama2025_fixed\041225_experimental\041225PA_experimental_part16.mp4,1900-01-02 01:10:39.800,1354
279997,1013,37,10.0,130.0,179.0,249.52941176470588,D:\AprPanama2025_fixed\041225_experimental\041225PA_experimental_part16.mp4,1900-01-02 01:10:39.700,1353
279994,1013,36,4.0,115.0,161.0,242.66666666666663,D:\AprPanama2025_fixed\041225_experimental\041225PA_experimental_part16.mp4,1900-01-02 01:10:39.400,1353
279996,1013,37,9.0,115.0,179.0,247.125,D:\AprPanama2025_fixed\041225_experimental\041225PA_experimental_part16.mp4,1900-01-02 01:10:39.600,1353
280001,1014,38,7.5,111.0,169.0,248.5,D:\AprPanama2025_fixed\041225_experimental\041225PA_experimental_part16.mp4,1900-01-02 01:10:40.100,1354
280005,1014,38,1.5,126.0,162.0,247.0,D:\AprPanama2025_fixed\041225_experimental\041225PA_experimental_part16.mp4,1900-01-02 01:10:40.500,1354
280004,1015,38,4.0,114.0,179.0,240.1111111111111,D:\AprPanama2025_fixed\041225_experimental\041225PA_experimental_part16.mp4,1900-01-02 01:10:40.400,1355
280002,1014,38,4.0,113.0,180.0,219.1,D:\AprPanama2025_fixed\041225_experimental\041225PA_experimental_part16.mp4,1900-01-02 01:10:40.200,1354
280003,1014,38,3.5,111.0,178.0,244.77777777777777,D:\AprPanama2025_fixed\041225_experimental\041225PA_experimental_part16.mp4,1900-01-02 01:10:40.300,1354
284028,260,71,2.0,143.0,167.0,221.8333333333333,D:\AprPanama2025_fixed\041225_experimental\041225PA_experimental_part16.mp4,1900-01-02 01:17:22.800,600
284063,552,197,3.0,131.0,167.0,187.0,D:\AprPanama2025_fixed\041225_experimental\041225PA_experimental_part16.mp4,1900-01-02 01:17:26.300,892
284064,552,197,1.5,121.0,165.0,250.8,D:\AprPanama2025_fixed\041225_experimental\041225PA_experimental_part16.mp4,1900-01-02 01:17:26.400,892
284065,552,197,3.5,119.0,177.0,241.75,D:\AprPanama2025_fixed\041225_experimental\041225PA_experimental_part16.mp4,1900-01-02 01:17:26.500,892
284068,552,197,1.5,122.0,176.0,234.3333333333333,D:\AprPanama2025_fixed\041225_experimental\041225PA_experimental_part16.mp4,1900-01-02 01:17:26.800,892
284069,552,197,1.5,118.0,176.0,224.3333333333333,D:\AprPanama2025_fixed\041225_experimental\041225PA_experimental_part16.mp4,1900-01-02 01:17:26.900,892
284067,552,197,3.0,111.0,175.0,209.1111111111111,D:\AprPanama2025_fixed\041225_experimental\041225PA_experimental_part16.mp4,1900-01-02 01:17:26.700,892
284070,552,197,1.5,122.0,175.0,216.66666666666663,D:\AprPanama2025_fixed\041225_experimental\041225PA_experimental_part16.mp4,1900-01-02 01:17:27.000,892
284066,552,197,2.5,125.0,171.0,234.14285714285717,D:\AprPanama2025_fixed\041225_experimental\041225PA_experimental_part16.mp4,1900-01-02 01:17:26.600,892
288302,413,64,6.0,134.0,179.0,248.66666666666663,D:\AprPanama2025_fixed\041225_experimental\041225PA_experimental_part17.mp4,1900-01-02 01:24:30.200,753
288304,413,64,8.5,137.0,179.0,252.0,D:\AprPanama2025_fixed\041225_experimental\041225PA_experimental_part17.mp4,1900-01-02 01:24:30.400,753
288303,413,64,8.5,137.0,179.0,252.0,D:\AprPanama2025_fixed\041225_experimental\041225PA_experimental_part17.mp4,1900-01-02 01:24:30.300,753
288309,413,64,9.0,117.0,178.0,242.8,D:\AprPanama2025_fixed\041225_experimental\041225PA_experimental_part17.mp4,1900-01-02 01:24:30.900,753
288306,413,63,9.0,116.0,178.0,239.625,D:\AprPanama2025_fixed\041225_experimental\041225PA_experimental_part17.mp4,1900-01-02 01:24:30.600,753
288308,413,63,8.5,115.0,179.0,236.53333333333333,D:\AprPanama2025_fixed\041225_experimental\041225PA_experimental_part17.mp4,1900-01-02 01:24:30.800,753
288312,413,64,8.5,113.0,176.0,243.85714285714283,D:\AprPanama2025_fixed\041225_experimental\041225PA_experimental_part17.mp4,1900-01-02 01:24:31.200,753
288307,413,64,7.0,115.0,175.0,249.23076923076923,D:\AprPanama2025_fixed\041225_experimental\041225PA_experimental_part17.mp4,1900-01-02 01:24:30.700,753
288310,413,64,9.0,114.0,176.0,241.9333333333333,D:\AprPanama2025_fixed\041225_experimental\041225PA_experimental_part17.mp4,1900-01-02 01:24:31.000,753
288311,413,64,9.0,112.0,176.0,243.53333333333333,D:\AprPanama2025_fixed\041225_experimental\041225PA_experimental_part17.mp4,1900-01-02 01:24:31.100,753
288305,413,64,8.5,112.0,179.0,252.06666666666663,D:\AprPanama2025_fixed\041225_experimental\041225PA_experimental_part17.mp4,1900-01-02 01:24:30.500,753
288320,412,64,1.5,125.0,167.0,254.28571428571428,D:\AprPanama2025_fixed\041225_experimental\041225PA_experimental_part17.mp4,1900-01-02 01:24:32.000,752
288315,413,64,5.0,119.0,176.0,242.54545454545456,D:\AprPanama2025_fixed\041225_experimental\041225PA_experimental_part17.mp4,1900-01-02 01:24:31.500,753
288313,413,64,9.0,112.0,176.0,239.7333333333333,D:\AprPanama2025_fixed\041225_experimental\041225PA_experimental_part17.mp4,1900-01-02 01:24:31.300,753
288318,413,64,5.0,119.0,176.0,242.54545454545456,D:\AprPanama2025_fixed\041225_experimental\041225PA_experimental_part17.mp4,1900-01-02 01:24:31.800,753
288319,412,64,1.5,125.0,167.0,254.28571428571428,D:\AprPanama2025_fixed\041225_experimental\041225PA_experimental_part17.mp4,1900-01-02 01:24:31.900,752
288314,413,64,9.0,112.0,178.0,241.13333333333333,D:\AprPanama2025_fixed\041225_experimental\041225PA_experimental_part17.mp4,1900-01-02 01:24:31.400,753
288317,413,64,5.0,119.0,176.0,242.54545454545456,D:\AprPanama2025_fixed\041225_experimental\041225PA_experimental_part17.mp4,1900-01-02 01:24:31.700,753
288316,413,64,5.0,119.0,176.0,242.54545454545456,D:\AprPanama2025_fixed\041225_experimental\041225PA_experimental_part17.mp4,1900-01-02 01:24:31.600,753
305325,272,68,6.0,117.0,179.0,226.6923076923077,D:\AprPanama2025_fixed\041225_experimental\041225PA_experimental_part17.mp4,1900-01-02 01:52:52.500,612
305328,273,68,5.0,111.0,156.0,226.3636363636364,D:\AprPanama2025_fixed\041225_experimental\041225PA_experimental_part17.mp4,1900-01-02 01:52:52.800,613
305326,272,68,5.5,117.0,179.0,226.5,D:\AprPanama2025_fixed\041225_experimental\041225PA_experimental_part17.mp4,1900-01-02 01:52:52.600,612
305323,272,69,2.0,142.0,174.0,252.16666666666663,D:\AprPanama2025_fixed\041225_experimental\041225PA_experimental_part17.mp4,1900-01-02 01:52:52.300,612
305324,272,69,5.5,114.0,179.0,235.16666666666663,D:\AprPanama2025_fixed\041225_experimental\041225PA_experimental_part17.mp4,1900-01-02 01:52:52.400,612
305327,272,68,5.5,127.0,170.0,225.8333333333333,D:\AprPanama2025_fixed\041225_experimental\041225PA_experimental_part17.mp4,1900-01-02 01:52:52.700,612
305330,274,67,1.5,114.0,180.0,201.5,D:\AprPanama2025_fixed\041225_experimental\041225PA_experimental_part17.mp4,1900-01-02 01:52:53.000,614
305331,273,68,2.5,125.0,168.0,215.28571428571428,D:\AprPanama2025_fixed\041225_experimental\041225PA_experimental_part17.mp4,1900-01-02 01:52:53.100,613
305329,273,67,1.5,113.0,143.0,186.2,D:\AprPanama2025_fixed\041225_experimental\041225PA_experimental_part17.mp4,1900-01-02 01:52:52.900,613
312868,209,70,3.0,129.0,154.0,93.25,D:\AprPanama2025_fixed\041225_experimental\041225PA_experimental_part18.mp4,1900-01-02 02:05:26.800,549
312869,209,70,1.5,115.0,144.0,107.0,D:\AprPanama2025_fixed\041225_experimental\041225PA_experimental_part18.mp4,1900-01-02 02:05:26.900,549
312874,207,68,2.5,119.0,150.0,20.857142857142858,D:\AprPanama2025_fixed\041225_experimental\041225PA_experimental_part18.mp4,1900-01-02 02:05:27.400,547
329672,1167,371,7.0,114.0,157.0,90.73333333333332,D:\AprPanama2025_fixed\041225_experimental\041225PA_experimental_part19.mp4,1900-01-02 02:33:27.200,1507
333220,243,32,1.5,118.0,142.0,147.0,D:\AprPanama2025_fixed\041225_experimental\041225PA_experimental_part19.mp4,1900-01-02 02:39:22.000,583
333218,244,31,3.5,124.0,179.0,243.875,D:\AprPanama2025_fixed\041225_experimental\041225PA_experimental_part19.mp4,1900-01-02 02:39:21.800,584
333215,244,30,3.5,124.0,166.0,221.875,D:\AprPanama2025_fixed\041225_experimental\041225PA_experimental_part19.mp4,1900-01-02 02:39:21.500,584
333221,242,31,3.0,141.0,177.0,177.5,D:\AprPanama2025_fixed\041225_experimental\041225PA_experimental_part19.mp4,1900-01-02 02:39:22.100,582
333217,244,30,3.0,127.0,176.0,254.28571428571428,D:\AprPanama2025_fixed\041225_experimental\041225PA_experimental_part19.mp4,1900-01-02 02:39:21.700,584
333216,244,30,3.5,121.0,173.0,223.75,D:\AprPanama2025_fixed\041225_experimental\041225PA_experimental_part19.mp4,1900-01-02 02:39:21.600,584
333225,241,31,3.0,114.0,143.0,108.57142857142856,D:\AprPanama2025_fixed\041225_experimental\041225PA_experimental_part19.mp4,1900-01-02 02:39:22.500,581
333226,241,31,3.0,114.0,143.0,108.57142857142856,D:\AprPanama2025_fixed\041225_experimental\041225PA_experimental_part19.mp4,1900-01-02 02:39:22.600,581
334161,172,83,2.0,111.0,146.0,124.33333333333331,D:\AprPanama2025_fixed\041225_experimental\041225PA_experimental_part19.mp4,1900-01-02 02:40:56.100,512
334164,171,82,1.5,113.0,137.0,94.6,D:\AprPanama2025_fixed\041225_experimental\041225PA_experimental_part19.mp4,1900-01-02 02:40:56.400,511
334166,171,82,2.0,117.0,152.0,86.33333333333333,D:\AprPanama2025_fixed\041225_experimental\041225PA_experimental_part19.mp4,1900-01-02 02:40:56.600,511
334163,171,82,1.5,113.0,137.0,94.6,D:\AprPanama2025_fixed\041225_experimental\041225PA_experimental_part19.mp4,1900-01-02 02:40:56.300,511
335779,581,413,3.5,139.0,171.0,246.0,D:\AprPanama2025_fixed\041225_experimental\041225PA_experimental_part19.mp4,1900-01-02 02:43:37.900,921
335782,582,411,5.5,125.0,178.0,238.63636363636363,D:\AprPanama2025_fixed\041225_experimental\041225PA_experimental_part19.mp4,1900-01-02 02:43:38.200,922
335777,580,412,5.0,132.0,176.0,244.3,D:\AprPanama2025_fixed\041225_experimental\041225PA_experimental_part19.mp4,1900-01-02 02:43:37.700,920
335780,581,412,5.5,132.0,179.0,248.27272727272728,D:\AprPanama2025_fixed\041225_experimental\041225PA_experimental_part19.mp4,1900-01-02 02:43:38.000,921
335776,579,412,3.0,117.0,173.0,233.14285714285717,D:\AprPanama2025_fixed\041225_experimental\041225PA_experimental_part19.mp4,1900-01-02 02:43:37.600,919
335781,582,412,4.0,132.0,178.0,242.66666666666663,D:\AprPanama2025_fixed\041225_experimental\041225PA_experimental_part19.mp4,1900-01-02 02:43:38.100,922
335778,580,412,8.0,113.0,179.0,246.14285714285717,D:\AprPanama2025_fixed\041225_experimental\041225PA_experimental_part19.mp4,1900-01-02 02:43:37.800,920
335784,583,412,5.5,121.0,173.0,243.27272727272728,D:\AprPanama2025_fixed\041225_experimental\041225PA_experimental_part19.mp4,1900-01-02 02:43:38.400,923
335785,584,412,1.5,123.0,162.0,225.0,D:\AprPanama2025_fixed\041225_experimental\041225PA_experimental_part19.mp4,1900-01-02 02:43:38.500,924
335786,584,411,3.5,113.0,172.0,244.125,D:\AprPanama2025_fixed\041225_experimental\041225PA_experimental_part19.mp4,1900-01-02 02:43:38.600,924
339206,44,35,2.0,127.0,177.0,222.0,D:\AprPanama2025_fixed\041225_experimental\041225PA_experimental_part19.mp4,1900-01-02 02:49:20.600,384
339205,44,35,1.5,118.0,175.0,212.4,D:\AprPanama2025_fixed\041225_experimental\041225PA_experimental_part19.mp4,1900-01-02 02:49:20.500,384
339210,45,34,2.0,115.0,166.0,101.66666666666666,D:\AprPanama2025_fixed\041225_experimental\041225PA_experimental_part19.mp4,1900-01-02 02:49:21.000,385
339213,44,34,1.5,121.0,159.0,144.6,D:\AprPanama2025_fixed\041225_experimental\041225PA_experimental_part19.mp4,1900-01-02 02:49:21.300,384
339212,45,34,2.0,116.0,150.0,70.66666666666666,D:\AprPanama2025_fixed\041225_experimental\041225PA_experimental_part19.mp4,1900-01-02 02:49:21.200,385
339211,45,34,2.0,116.0,164.0,87.0,D:\AprPanama2025_fixed\041225_experimental\041225PA_experimental_part19.mp4,1900-01-02 02:49:21.100,385
339222,45,33,3.0,116.0,150.0,32.75,D:\AprPanama2025_fixed\041225_experimental\041225PA_experimental_part19.mp4,1900-01-02 02:49:22.200,385
339217,45,33,4.0,119.0,150.0,41.22222222222222,D:\AprPanama2025_fixed\041225_experimental\041225PA_experimental_part19.mp4,1900-01-02 02:49:21.700,385
339219,45,33,4.0,119.0,150.0,41.22222222222222,D:\AprPanama2025_fixed\041225_experimental\041225PA_experimental_part19.mp4,1900-01-02 02:49:21.900,385
339220,45,33,4.0,119.0,150.0,41.22222222222222,D:\AprPanama2025_fixed\041225_experimental\041225PA_experimental_part19.mp4,1900-01-02 02:49:22.000,385
339218,45,33,4.0,119.0,150.0,41.22222222222222,D:\AprPanama2025_fixed\041225_experimental\041225PA_experimental_part19.mp4,1900-01-02 02:49:21.800,385
339221,45,33,3.0,116.0,150.0,32.75,D:\AprPanama2025_fixed\041225_experimental\041225PA_experimental_part19.mp4,1900-01-02 02:49:22.100,385
339227,46,32,1.5,128.0,173.0,201.6,D:\AprPanama2025_fixed\041225_experimental\041225PA_experimental_part19.mp4,1900-01-02 02:49:22.700,386
339228,46,32,1.5,129.0,173.0,205.2,D:\AprPanama2025_fixed\041225_experimental\041225PA_experimental_part19.mp4,1900-01-02 02:49:22.800,386
339226,46,32,1.5,129.0,174.0,196.0,D:\AprPanama2025_fixed\041225_experimental\041225PA_experimental_part19.mp4,1900-01-02 02:49:22.600,386
348981,836,398,1.5,114.0,147.0,255.0,D:\AprPanama2025_fixed\041225_experimental\041225PA_experimental_part20.mp4,1900-01-02 03:05:38.100,1176
360257,1097,77,18.5,122.0,179.0,248.1851851851852,D:\AprPanama2025_fixed\041225_experimental\041225PA_experimental_part21.mp4,1900-01-02 03:24:25.700,1437
360259,1097,78,16.5,122.0,179.0,249.56,D:\AprPanama2025_fixed\041225_experimental\041225PA_experimental_part21.mp4,1900-01-02 03:24:25.900,1437
360256,1097,77,22.5,111.0,179.0,245.25,D:\AprPanama2025_fixed\041225_experimental\041225PA_experimental_part21.mp4,1900-01-02 03:24:25.600,1437
360258,1097,77,19.0,115.0,179.0,241.32142857142856,D:\AprPanama2025_fixed\041225_experimental\041225PA_experimental_part21.mp4,1900-01-02 03:24:25.800,1437
360260,1097,78,14.0,111.0,178.0,251.3636363636364,D:\AprPanama2025_fixed\041225_experimental\041225PA_experimental_part21.mp4,1900-01-02 03:24:26.000,1437
360255,1097,77,16.5,114.0,186.0,251.2,D:\AprPanama2025_fixed\041225_experimental\041225PA_experimental_part21.mp4,1900-01-02 03:24:25.500,1437
360262,1098,78,9.5,111.0,178.0,250.4705882352941,D:\AprPanama2025_fixed\041225_experimental\041225PA_experimental_part21.mp4,1900-01-02 03:24:26.200,1438
360264,1097,79,5.5,118.0,178.0,244.91666666666663,D:\AprPanama2025_fixed\041225_experimental\041225PA_experimental_part21.mp4,1900-01-02 03:24:26.400,1437
360267,1098,79,3.5,120.0,168.0,248.75,D:\AprPanama2025_fixed\041225_experimental\041225PA_experimental_part21.mp4,1900-01-02 03:24:26.700,1438
360263,1098,79,9.0,121.0,174.0,247.9333333333333,D:\AprPanama2025_fixed\041225_experimental\041225PA_experimental_part21.mp4,1900-01-02 03:24:26.300,1438
360266,1097,79,4.0,130.0,178.0,252.77777777777777,D:\AprPanama2025_fixed\041225_experimental\041225PA_experimental_part21.mp4,1900-01-02 03:24:26.600,1437
360268,1098,79,3.0,119.0,149.0,252.0,D:\AprPanama2025_fixed\041225_experimental\041225PA_experimental_part21.mp4,1900-01-02 03:24:26.800,1438
360265,1098,79,7.5,114.0,179.0,245.84615384615387,D:\AprPanama2025_fixed\041225_experimental\041225PA_experimental_part21.mp4,1900-01-02 03:24:26.500,1438
360261,1098,78,9.5,111.0,178.0,250.4705882352941,D:\AprPanama2025_fixed\041225_experimental\041225PA_experimental_part21.mp4,1900-01-02 03:24:26.100,1438
362307,602,406,2.5,111.0,163.0,225.0,D:\AprPanama2025_fixed\041225_experimental\041225PA_experimental_part21.mp4,1900-01-02 03:27:50.700,942
362308,602,406,2.5,111.0,163.0,223.28571428571428,D:\AprPanama2025_fixed\041225_experimental\041225PA_experimental_part21.mp4,1900-01-02 03:27:50.800,942
362636,1227,35,3.5,114.0,161.0,205.88888888888889,D:\AprPanama2025_fixed\041225_experimental\041225PA_experimental_part21.mp4,1900-01-02 03:28:23.600,1567
362637,1226,35,1.5,117.0,159.0,255.0,D:\AprPanama2025_fixed\041225_experimental\041225PA_experimental_part21.mp4,1900-01-02 03:28:23.700,1566
362639,1228,36,2.5,111.0,161.0,252.57142857142856,D:\AprPanama2025_fixed\041225_experimental\041225PA_experimental_part21.mp4,1900-01-02 03:28:23.900,1568
362638,1227,35,4.0,115.0,158.0,229.77777777777777,D:\AprPanama2025_fixed\041225_experimental\041225PA_experimental_part21.mp4,1900-01-02 03:28:23.800,1567
362640,1227,35,4.5,115.0,158.0,251.1,D:\AprPanama2025_fixed\041225_experimental\041225PA_experimental_part21.mp4,1900-01-02 03:28:24.000,1567
362641,1228,35,4.0,111.0,149.0,251.1111111111111,D:\AprPanama2025_fixed\041225_experimental\041225PA_experimental_part21.mp4,1900-01-02 03:28:24.100,1568
363227,977,14,7.0,114.0,179.0,247.2142857142857,D:\AprPanama2025_fixed\041225_experimental\041225PA_experimental_part21.mp4,1900-01-02 03:29:22.700,1317
363228,977,14,6.5,121.0,179.0,249.3846153846154,D:\AprPanama2025_fixed\041225_experimental\041225PA_experimental_part21.mp4,1900-01-02 03:29:22.800,1317
363229,976,14,5.5,140.0,179.0,248.54545454545456,D:\AprPanama2025_fixed\041225_experimental\041225PA_experimental_part21.mp4,1900-01-02 03:29:22.900,1316
363233,977,14,3.5,120.0,177.0,239.55555555555557,D:\AprPanama2025_fixed\041225_experimental\041225PA_experimental_part21.mp4,1900-01-02 03:29:23.300,1317
363235,976,14,2.5,127.0,172.0,230.85714285714283,D:\AprPanama2025_fixed\041225_experimental\041225PA_experimental_part21.mp4,1900-01-02 03:29:23.500,1316
363231,976,14,5.5,133.0,177.0,237.63636363636363,D:\AprPanama2025_fixed\041225_experimental\041225PA_experimental_part21.mp4,1900-01-02 03:29:23.100,1316
363234,977,14,3.0,122.0,178.0,235.375,D:\AprPanama2025_fixed\041225_experimental\041225PA_experimental_part21.mp4,1900-01-02 03:29:23.400,1317
363236,976,14,2.5,124.0,170.0,222.7142857142857,D:\AprPanama2025_fixed\041225_experimental\041225PA_experimental_part21.mp4,1900-01-02 03:29:23.600,1316
363230,976,14,5.5,140.0,178.0,234.72727272727275,D:\AprPanama2025_fixed\041225_experimental\041225PA_experimental_part21.mp4,1900-01-02 03:29:23.000,1316
363232,977,14,4.5,116.0,174.0,236.4,D:\AprPanama2025_fixed\041225_experimental\041225PA_experimental_part21.mp4,1900-01-02 03:29:23.200,1317
363238,975,14,2.0,116.0,161.0,171.33333333333331,D:\AprPanama2025_fixed\041225_experimental\041225PA_experimental_part21.mp4,1900-01-02 03:29:23.800,1315
363237,975,14,2.0,116.0,161.0,171.33333333333331,D:\AprPanama2025_fixed\041225_experimental\041225PA_experimental_part21.mp4,1900-01-02 03:29:23.700,1315
364587,1112,24,7.5,132.0,178.0,242.57142857142856,D:\AprPanama2025_fixed\041225_experimental\041225PA_experimental_part21.mp4,1900-01-02 03:31:38.700,1452
364588,1112,24,8.5,133.0,179.0,246.6,D:\AprPanama2025_fixed\041225_experimental\041225PA_experimental_part21.mp4,1900-01-02 03:31:38.800,1452
364586,1112,23,8.5,114.0,172.0,237.13333333333333,D:\AprPanama2025_fixed\041225_experimental\041225PA_experimental_part21.mp4,1900-01-02 03:31:38.600,1452
364585,1113,23,3.0,111.0,171.0,237.5,D:\AprPanama2025_fixed\041225_experimental\041225PA_experimental_part21.mp4,1900-01-02 03:31:38.500,1453
364593,1111,24,5.5,121.0,178.0,240.25,D:\AprPanama2025_fixed\041225_experimental\041225PA_experimental_part21.mp4,1900-01-02 03:31:39.300,1451
364590,1112,24,8.0,117.0,179.0,243.06666666666663,D:\AprPanama2025_fixed\041225_experimental\041225PA_experimental_part21.mp4,1900-01-02 03:31:39.000,1452
364592,1111,24,5.5,118.0,177.0,235.16666666666663,D:\AprPanama2025_fixed\041225_experimental\041225PA_experimental_part21.mp4,1900-01-02 03:31:39.200,1451
364589,1112,24,10.5,112.0,178.0,242.23529411764704,D:\AprPanama2025_fixed\041225_experimental\041225PA_experimental_part21.mp4,1900-01-02 03:31:38.900,1452
364594,1111,24,3.0,111.0,167.0,243.0,D:\AprPanama2025_fixed\041225_experimental\041225PA_experimental_part21.mp4,1900-01-02 03:31:39.400,1451
364595,1111,24,3.5,112.0,163.0,248.875,D:\AprPanama2025_fixed\041225_experimental\041225PA_experimental_part21.mp4,1900-01-02 03:31:39.500,1451
364591,1111,24,3.5,132.0,175.0,251.55555555555557,D:\AprPanama2025_fixed\041225_experimental\041225PA_experimental_part21.mp4,1900-01-02 03:31:39.100,1451
365970,289,67,3.0,114.0,147.0,50.57142857142857,D:\AprPanama2025_fixed\041225_experimental\041225PA_experimental_part21.mp4,1900-01-02 03:33:57.000,629
365965,286,66,2.0,116.0,166.0,136.66666666666666,D:\AprPanama2025_fixed\041225_experimental\041225PA_experimental_part21.mp4,1900-01-02 03:33:56.500,626
366556,471,410,7.0,114.0,178.0,224.7142857142857,D:\AprPanama2025_fixed\041225_experimental\041225PA_experimental_part21.mp4,1900-01-02 03:34:55.600,811
366554,471,410,2.0,124.0,172.0,223.3333333333333,D:\AprPanama2025_fixed\041225_experimental\041225PA_experimental_part21.mp4,1900-01-02 03:34:55.400,811
366555,471,411,8.5,111.0,178.0,235.8,D:\AprPanama2025_fixed\041225_experimental\041225PA_experimental_part21.mp4,1900-01-02 03:34:55.500,811
366558,471,410,5.5,118.0,165.0,244.3333333333333,D:\AprPanama2025_fixed\041225_experimental\041225PA_experimental_part21.mp4,1900-01-02 03:34:55.800,811
366557,471,410,7.0,112.0,171.0,230.07142857142856,D:\AprPanama2025_fixed\041225_experimental\041225PA_experimental_part21.mp4,1900-01-02 03:34:55.700,811
366567,469,410,2.0,111.0,163.0,180.66666666666663,D:\AprPanama2025_fixed\041225_experimental\041225PA_experimental_part21.mp4,1900-01-02 03:34:56.700,809
373616,823,408,2.0,113.0,158.0,252.16666666666663,D:\AprPanama2025_fixed\041225_experimental\041225PA_experimental_part21.mp4,1900-01-02 03:46:41.600,1163
379019,616,375,3.0,130.0,177.0,243.5,D:\AprPanama2025_fixed\041225_experimental\041225PA_experimental_part22.mp4,1900-01-02 03:55:41.900,956
379023,618,375,23.0,124.0,215.0,243.0606060606061,D:\AprPanama2025_fixed\041225_experimental\041225PA_experimental_part22.mp4,1900-01-02 03:55:42.300,958
379023,617,412,9.5,111.0,179.0,243.5625,D:\AprPanama2025_fixed\041225_experimental\041225PA_experimental_part22.mp4,1900-01-02 03:55:42.300,957
379020,617,375,14.0,120.0,177.0,243.54545454545456,D:\AprPanama2025_fixed\041225_experimental\041225PA_experimental_part22.mp4,1900-01-02 03:55:42.000,957
379020,616,413,4.5,120.0,176.0,252.1,D:\AprPanama2025_fixed\041225_experimental\041225PA_experimental_part22.mp4,1900-01-02 03:55:42.000,956
379021,617,375,15.0,121.0,179.0,249.43478260869568,D:\AprPanama2025_fixed\041225_experimental\041225PA_experimental_part22.mp4,1900-01-02 03:55:42.100,957
379021,616,412,8.0,119.0,179.0,251.64285714285717,D:\AprPanama2025_fixed\041225_experimental\041225PA_experimental_part22.mp4,1900-01-02 03:55:42.100,956
379027,618,375,19.5,126.0,179.0,246.07142857142856,D:\AprPanama2025_fixed\041225_experimental\041225PA_experimental_part22.mp4,1900-01-02 03:55:42.700,958
379024,618,375,23.0,111.0,212.0,243.1515151515152,D:\AprPanama2025_fixed\041225_experimental\041225PA_experimental_part22.mp4,1900-01-02 03:55:42.400,958
379024,618,412,2.0,112.0,156.0,239.7142857142857,D:\AprPanama2025_fixed\041225_experimental\041225PA_experimental_part22.mp4,1900-01-02 03:55:42.400,958
379025,618,375,22.5,116.0,208.0,241.60606060606065,D:\AprPanama2025_fixed\041225_experimental\041225PA_experimental_part22.mp4,1900-01-02 03:55:42.500,958
379022,618,375,21.5,113.0,203.0,243.9333333333333,D:\AprPanama2025_fixed\041225_experimental\041225PA_experimental_part22.mp4,1900-01-02 03:55:42.200,958
379022,617,412,9.5,111.0,179.0,243.5625,D:\AprPanama2025_fixed\041225_experimental\041225PA_experimental_part22.mp4,1900-01-02 03:55:42.200,957
379026,618,375,20.5,119.0,179.0,245.7333333333333,D:\AprPanama2025_fixed\041225_experimental\041225PA_experimental_part22.mp4,1900-01-02 03:55:42.600,958
379026,618,412,2.5,132.0,176.0,237.0,D:\AprPanama2025_fixed\041225_experimental\041225PA_experimental_part22.mp4,1900-01-02 03:55:42.600,958
379033,619,374,14.0,121.0,179.0,243.54545454545456,D:\AprPanama2025_fixed\041225_experimental\041225PA_experimental_part22.mp4,1900-01-02 03:55:43.300,959
379034,619,374,16.0,127.0,187.0,244.75,D:\AprPanama2025_fixed\041225_experimental\041225PA_experimental_part22.mp4,1900-01-02 03:55:43.400,959
379029,618,375,16.0,119.0,179.0,245.8,D:\AprPanama2025_fixed\041225_experimental\041225PA_experimental_part22.mp4,1900-01-02 03:55:42.900,958
379035,619,374,13.0,116.0,179.0,243.09523809523807,D:\AprPanama2025_fixed\041225_experimental\041225PA_experimental_part22.mp4,1900-01-02 03:55:43.500,959
379031,618,375,16.0,119.0,179.0,245.8,D:\AprPanama2025_fixed\041225_experimental\041225PA_experimental_part22.mp4,1900-01-02 03:55:43.100,958
379032,619,374,14.5,112.0,179.0,244.6086956521739,D:\AprPanama2025_fixed\041225_experimental\041225PA_experimental_part22.mp4,1900-01-02 03:55:43.200,959
379030,618,375,16.0,119.0,179.0,245.8,D:\AprPanama2025_fixed\041225_experimental\041225PA_experimental_part22.mp4,1900-01-02 03:55:43.000,958
379028,618,374,17.5,111.0,179.0,236.14814814814807,D:\AprPanama2025_fixed\041225_experimental\041225PA_experimental_part22.mp4,1900-01-02 03:55:42.800,958
379041,619,374,7.0,122.0,172.0,241.46153846153848,D:\AprPanama2025_fixed\041225_experimental\041225PA_experimental_part22.mp4,1900-01-02 03:55:44.100,959
379041,464,397,2.5,139.0,166.0,197.7142857142857,D:\AprPanama2025_fixed\041225_experimental\041225PA_experimental_part22.mp4,1900-01-02 03:55:44.100,804
379039,619,374,6.5,117.0,175.0,246.3846153846154,D:\AprPanama2025_fixed\041225_experimental\041225PA_experimental_part22.mp4,1900-01-02 03:55:43.900,959
379040,619,374,6.5,115.0,173.0,241.8333333333333,D:\AprPanama2025_fixed\041225_experimental\041225PA_experimental_part22.mp4,1900-01-02 03:55:44.000,959
379037,619,374,7.0,111.0,174.0,245.92857142857144,D:\AprPanama2025_fixed\041225_experimental\041225PA_experimental_part22.mp4,1900-01-02 03:55:43.700,959
379042,619,374,5.0,130.0,172.0,232.0909090909091,D:\AprPanama2025_fixed\041225_experimental\041225PA_experimental_part22.mp4,1900-01-02 03:55:44.200,959
379042,465,397,9.5,123.0,179.0,241.8125,D:\AprPanama2025_fixed\041225_experimental\041225PA_experimental_part22.mp4,1900-01-02 03:55:44.200,805
379043,619,374,7.5,122.0,171.0,203.85714285714283,D:\AprPanama2025_fixed\041225_experimental\041225PA_experimental_part22.mp4,1900-01-02 03:55:44.300,959
379043,465,397,10.5,125.0,178.0,245.41176470588235,D:\AprPanama2025_fixed\041225_experimental\041225PA_experimental_part22.mp4,1900-01-02 03:55:44.300,805
379036,619,374,11.5,112.0,176.0,242.15789473684208,D:\AprPanama2025_fixed\041225_experimental\041225PA_experimental_part22.mp4,1900-01-02 03:55:43.600,959
379038,619,374,6.5,119.0,174.0,245.61538461538464,D:\AprPanama2025_fixed\041225_experimental\041225PA_experimental_part22.mp4,1900-01-02 03:55:43.800,959
379047,620,373,3.5,130.0,164.0,201.25,D:\AprPanama2025_fixed\041225_experimental\041225PA_experimental_part22.mp4,1900-01-02 03:55:44.700,960
379047,464,397,12.0,131.0,178.0,248.15789473684208,D:\AprPanama2025_fixed\041225_experimental\041225PA_experimental_part22.mp4,1900-01-02 03:55:44.700,804
379049,620,373,3.0,128.0,175.0,196.75,D:\AprPanama2025_fixed\041225_experimental\041225PA_experimental_part22.mp4,1900-01-02 03:55:44.900,960
379049,463,397,9.0,120.0,179.0,245.0,D:\AprPanama2025_fixed\041225_experimental\041225PA_experimental_part22.mp4,1900-01-02 03:55:44.900,803
379046,620,373,3.5,130.0,164.0,201.25,D:\AprPanama2025_fixed\041225_experimental\041225PA_experimental_part22.mp4,1900-01-02 03:55:44.600,960
379046,464,397,12.0,112.0,179.0,245.7894736842105,D:\AprPanama2025_fixed\041225_experimental\041225PA_experimental_part22.mp4,1900-01-02 03:55:44.600,804
379048,620,373,3.5,130.0,164.0,201.25,D:\AprPanama2025_fixed\041225_experimental\041225PA_experimental_part22.mp4,1900-01-02 03:55:44.800,960
379048,463,397,10.0,118.0,179.0,246.94117647058823,D:\AprPanama2025_fixed\041225_experimental\041225PA_experimental_part22.mp4,1900-01-02 03:55:44.800,803
379044,620,374,1.5,158.0,174.0,209.8,D:\AprPanama2025_fixed\041225_experimental\041225PA_experimental_part22.mp4,1900-01-02 03:55:44.400,960
379044,464,397,9.5,131.0,179.0,245.0625,D:\AprPanama2025_fixed\041225_experimental\041225PA_experimental_part22.mp4,1900-01-02 03:55:44.400,804
379045,619,374,3.5,125.0,168.0,242.25,D:\AprPanama2025_fixed\041225_experimental\041225PA_experimental_part22.mp4,1900-01-02 03:55:44.500,959
379045,464,398,12.5,121.0,179.0,247.8421052631579,D:\AprPanama2025_fixed\041225_experimental\041225PA_experimental_part22.mp4,1900-01-02 03:55:44.500,804
379051,463,397,9.0,131.0,179.0,248.8125,D:\AprPanama2025_fixed\041225_experimental\041225PA_experimental_part22.mp4,1900-01-02 03:55:45.100,803
379050,463,397,9.0,134.0,179.0,248.0,D:\AprPanama2025_fixed\041225_experimental\041225PA_experimental_part22.mp4,1900-01-02 03:55:45.000,803
379054,463,396,6.0,122.0,178.0,240.27272727272728,D:\AprPanama2025_fixed\041225_experimental\041225PA_experimental_part22.mp4,1900-01-02 03:55:45.400,803
379056,463,349,10.0,125.0,179.0,246.64705882352945,D:\AprPanama2025_fixed\041225_experimental\041225PA_experimental_part22.mp4,1900-01-02 03:55:45.600,803
379056,462,396,3.5,135.0,175.0,224.625,D:\AprPanama2025_fixed\041225_experimental\041225PA_experimental_part22.mp4,1900-01-02 03:55:45.600,802
379057,463,349,10.5,115.0,186.0,248.77777777777777,D:\AprPanama2025_fixed\041225_experimental\041225PA_experimental_part22.mp4,1900-01-02 03:55:45.700,803
379057,462,397,4.0,117.0,174.0,233.55555555555557,D:\AprPanama2025_fixed\041225_experimental\041225PA_experimental_part22.mp4,1900-01-02 03:55:45.700,802
379058,614,314,3.0,133.0,170.0,173.42857142857142,D:\AprPanama2025_fixed\041225_experimental\041225PA_experimental_part22.mp4,1900-01-02 03:55:45.800,954
379058,463,349,10.5,115.0,186.0,250.16666666666663,D:\AprPanama2025_fixed\041225_experimental\041225PA_experimental_part22.mp4,1900-01-02 03:55:45.800,803
379052,620,374,2.0,112.0,170.0,221.16666666666663,D:\AprPanama2025_fixed\041225_experimental\041225PA_experimental_part22.mp4,1900-01-02 03:55:45.200,960
379052,463,397,9.0,111.0,176.0,243.3125,D:\AprPanama2025_fixed\041225_experimental\041225PA_experimental_part22.mp4,1900-01-02 03:55:45.200,803
379053,620,374,2.0,112.0,170.0,221.16666666666663,D:\AprPanama2025_fixed\041225_experimental\041225PA_experimental_part22.mp4,1900-01-02 03:55:45.300,960
379053,463,397,8.5,115.0,178.0,240.2,D:\AprPanama2025_fixed\041225_experimental\041225PA_experimental_part22.mp4,1900-01-02 03:55:45.300,803
379055,463,396,5.5,114.0,179.0,240.1818181818182,D:\AprPanama2025_fixed\041225_experimental\041225PA_experimental_part22.mp4,1900-01-02 03:55:45.500,803
379059,614,314,3.5,112.0,174.0,212.125,D:\AprPanama2025_fixed\041225_experimental\041225PA_experimental_part22.mp4,1900-01-02 03:55:45.900,954
379059,463,349,10.5,115.0,185.0,250.7222222222222,D:\AprPanama2025_fixed\041225_experimental\041225PA_experimental_part22.mp4,1900-01-02 03:55:45.900,803
379062,614,314,3.0,125.0,169.0,176.14285714285714,D:\AprPanama2025_fixed\041225_experimental\041225PA_experimental_part22.mp4,1900-01-02 03:55:46.200,954
379062,463,349,8.0,112.0,177.0,243.14285714285717,D:\AprPanama2025_fixed\041225_experimental\041225PA_experimental_part22.mp4,1900-01-02 03:55:46.200,803
379066,614,314,3.0,114.0,166.0,78.71428571428571,D:\AprPanama2025_fixed\041225_experimental\041225PA_experimental_part22.mp4,1900-01-02 03:55:46.600,954
379066,463,350,6.0,111.0,179.0,239.0909090909091,D:\AprPanama2025_fixed\041225_experimental\041225PA_experimental_part22.mp4,1900-01-02 03:55:46.600,803
379066,462,395,1.5,126.0,146.0,253.6,D:\AprPanama2025_fixed\041225_experimental\041225PA_experimental_part22.mp4,1900-01-02 03:55:46.600,802
379063,614,314,3.0,125.0,169.0,176.14285714285714,D:\AprPanama2025_fixed\041225_experimental\041225PA_experimental_part22.mp4,1900-01-02 03:55:46.300,954
379063,463,349,7.5,113.0,178.0,233.92307692307693,D:\AprPanama2025_fixed\041225_experimental\041225PA_experimental_part22.mp4,1900-01-02 03:55:46.300,803
379064,614,314,2.0,119.0,142.0,70.16666666666666,D:\AprPanama2025_fixed\041225_experimental\041225PA_experimental_part22.mp4,1900-01-02 03:55:46.400,954
379064,463,349,7.5,111.0,179.0,232.92307692307693,D:\AprPanama2025_fixed\041225_experimental\041225PA_experimental_part22.mp4,1900-01-02 03:55:46.400,803
379064,462,395,2.0,123.0,159.0,123.5,D:\AprPanama2025_fixed\041225_experimental\041225PA_experimental_part22.mp4,1900-01-02 03:55:46.400,802
379065,463,350,6.0,121.0,179.0,240.54545454545456,D:\AprPanama2025_fixed\041225_experimental\041225PA_experimental_part22.mp4,1900-01-02 03:55:46.500,803
379065,462,395,2.0,123.0,159.0,123.5,D:\AprPanama2025_fixed\041225_experimental\041225PA_experimental_part22.mp4,1900-01-02 03:55:46.500,802
379061,614,314,3.5,128.0,174.0,170.625,D:\AprPanama2025_fixed\041225_experimental\041225PA_experimental_part22.mp4,1900-01-02 03:55:46.100,954
379061,463,349,10.5,112.0,179.0,244.0,D:\AprPanama2025_fixed\041225_experimental\041225PA_experimental_part22.mp4,1900-01-02 03:55:46.100,803
379067,614,314,3.0,114.0,166.0,78.71428571428571,D:\AprPanama2025_fixed\041225_experimental\041225PA_experimental_part22.mp4,1900-01-02 03:55:46.700,954
379067,463,350,5.0,115.0,179.0,237.27272727272728,D:\AprPanama2025_fixed\041225_experimental\041225PA_experimental_part22.mp4,1900-01-02 03:55:46.700,803
379060,614,314,3.5,128.0,174.0,170.625,D:\AprPanama2025_fixed\041225_experimental\041225PA_experimental_part22.mp4,1900-01-02 03:55:46.000,954
379060,463,349,10.5,116.0,182.0,245.55555555555557,D:\AprPanama2025_fixed\041225_experimental\041225PA_experimental_part22.mp4,1900-01-02 03:55:46.000,803
379072,462,394,1.5,112.0,144.0,52.400000000000006,D:\AprPanama2025_fixed\041225_experimental\041225PA_experimental_part22.mp4,1900-01-02 03:55:47.200,802
379070,466,298,1.5,136.0,172.0,248.0,D:\AprPanama2025_fixed\041225_experimental\041225PA_experimental_part22.mp4,1900-01-02 03:55:47.000,806
379070,463,350,2.5,112.0,161.0,251.75,D:\AprPanama2025_fixed\041225_experimental\041225PA_experimental_part22.mp4,1900-01-02 03:55:47.000,803
379070,462,394,2.5,121.0,174.0,214.16666666666663,D:\AprPanama2025_fixed\041225_experimental\041225PA_experimental_part22.mp4,1900-01-02 03:55:47.000,802
379071,466,298,1.5,121.0,175.0,217.2,D:\AprPanama2025_fixed\041225_experimental\041225PA_experimental_part22.mp4,1900-01-02 03:55:47.100,806
379071,463,349,2.0,133.0,174.0,250.57142857142856,D:\AprPanama2025_fixed\041225_experimental\041225PA_experimental_part22.mp4,1900-01-02 03:55:47.100,803
379075,463,349,1.5,112.0,172.0,254.16666666666663,D:\AprPanama2025_fixed\041225_experimental\041225PA_experimental_part22.mp4,1900-01-02 03:55:47.500,803
379068,465,297,4.0,116.0,165.0,91.55555555555556,D:\AprPanama2025_fixed\041225_experimental\041225PA_experimental_part22.mp4,1900-01-02 03:55:46.800,805
379068,463,350,5.0,115.0,179.0,237.1818181818182,D:\AprPanama2025_fixed\041225_experimental\041225PA_experimental_part22.mp4,1900-01-02 03:55:46.800,803
379068,462,394,3.0,111.0,175.0,203.85714285714283,D:\AprPanama2025_fixed\041225_experimental\041225PA_experimental_part22.mp4,1900-01-02 03:55:46.800,802
379069,465,297,4.0,116.0,165.0,91.55555555555556,D:\AprPanama2025_fixed\041225_experimental\041225PA_experimental_part22.mp4,1900-01-02 03:55:46.900,805
379069,463,350,4.0,115.0,179.0,236.4,D:\AprPanama2025_fixed\041225_experimental\041225PA_experimental_part22.mp4,1900-01-02 03:55:46.900,803
379080,464,299,2.0,127.0,149.0,34.83333333333333,D:\AprPanama2025_fixed\041225_experimental\041225PA_experimental_part22.mp4,1900-01-02 03:55:48.000,804
379079,464,299,2.5,117.0,146.0,74.28571428571428,D:\AprPanama2025_fixed\041225_experimental\041225PA_experimental_part22.mp4,1900-01-02 03:55:47.900,804
379081,464,299,2.0,123.0,143.0,44.33333333333333,D:\AprPanama2025_fixed\041225_experimental\041225PA_experimental_part22.mp4,1900-01-02 03:55:48.100,804
381442,733,156,13.5,120.0,179.0,251.14285714285717,D:\AprPanama2025_fixed\041225_experimental\041225PA_experimental_part22.mp4,1900-01-02 03:59:44.200,1073
381441,732,155,7.5,111.0,169.0,207.30769230769232,D:\AprPanama2025_fixed\041225_experimental\041225PA_experimental_part22.mp4,1900-01-02 03:59:44.100,1072
381443,734,157,25.5,114.0,179.0,243.5142857142857,D:\AprPanama2025_fixed\041225_experimental\041225PA_experimental_part22.mp4,1900-01-02 03:59:44.300,1074
381449,734,157,30.0,122.0,179.0,246.70731707317077,D:\AprPanama2025_fixed\041225_experimental\041225PA_experimental_part22.mp4,1900-01-02 03:59:44.900,1074
381450,734,156,33.0,117.0,213.0,246.11111111111111,D:\AprPanama2025_fixed\041225_experimental\041225PA_experimental_part22.mp4,1900-01-02 03:59:45.000,1074
381448,734,157,30.5,111.0,236.0,246.97619047619045,D:\AprPanama2025_fixed\041225_experimental\041225PA_experimental_part22.mp4,1900-01-02 03:59:44.800,1074
381447,734,157,29.5,128.0,241.0,246.95121951219517,D:\AprPanama2025_fixed\041225_experimental\041225PA_experimental_part22.mp4,1900-01-02 03:59:44.700,1074
381446,734,157,29.5,134.0,209.0,249.2926829268293,D:\AprPanama2025_fixed\041225_experimental\041225PA_experimental_part22.mp4,1900-01-02 03:59:44.600,1074
381451,734,156,33.0,116.0,179.0,248.82222222222225,D:\AprPanama2025_fixed\041225_experimental\041225PA_experimental_part22.mp4,1900-01-02 03:59:45.100,1074
381444,734,157,29.0,126.0,179.0,246.625,D:\AprPanama2025_fixed\041225_experimental\041225PA_experimental_part22.mp4,1900-01-02 03:59:44.400,1074
381445,734,157,29.5,133.0,179.0,247.70731707317077,D:\AprPanama2025_fixed\041225_experimental\041225PA_experimental_part22.mp4,1900-01-02 03:59:44.500,1074
381456,734,156,27.5,118.0,179.0,247.18421052631575,D:\AprPanama2025_fixed\041225_experimental\041225PA_experimental_part22.mp4,1900-01-02 03:59:45.600,1074
381454,734,156,30.5,114.0,179.0,246.47619047619045,D:\AprPanama2025_fixed\041225_experimental\041225PA_experimental_part22.mp4,1900-01-02 03:59:45.400,1074
381455,734,156,29.5,116.0,179.0,245.58536585365852,D:\AprPanama2025_fixed\041225_experimental\041225PA_experimental_part22.mp4,1900-01-02 03:59:45.500,1074
381458,734,155,24.5,128.0,179.0,248.08823529411765,D:\AprPanama2025_fixed\041225_experimental\041225PA_experimental_part22.mp4,1900-01-02 03:59:45.800,1074
381453,734,156,29.0,122.0,179.0,250.1,D:\AprPanama2025_fixed\041225_experimental\041225PA_experimental_part22.mp4,1900-01-02 03:59:45.300,1074
381452,734,156,29.5,122.0,179.0,248.78048780487805,D:\AprPanama2025_fixed\041225_experimental\041225PA_experimental_part22.mp4,1900-01-02 03:59:45.200,1074
381457,734,155,26.0,124.0,179.0,247.8333333333333,D:\AprPanama2025_fixed\041225_experimental\041225PA_experimental_part22.mp4,1900-01-02 03:59:45.700,1074
381459,734,155,24.5,121.0,179.0,246.7941176470588,D:\AprPanama2025_fixed\041225_experimental\041225PA_experimental_part22.mp4,1900-01-02 03:59:45.900,1074
381467,733,155,14.0,121.0,179.0,253.77272727272728,D:\AprPanama2025_fixed\041225_experimental\041225PA_experimental_part22.mp4,1900-01-02 03:59:46.700,1073
381465,733,155,15.0,124.0,179.0,251.0434782608696,D:\AprPanama2025_fixed\041225_experimental\041225PA_experimental_part22.mp4,1900-01-02 03:59:46.500,1073
381460,734,155,25.0,113.0,179.0,243.9142857142857,D:\AprPanama2025_fixed\041225_experimental\041225PA_experimental_part22.mp4,1900-01-02 03:59:46.000,1074
381463,734,155,20.0,113.0,179.0,245.20689655172413,D:\AprPanama2025_fixed\041225_experimental\041225PA_experimental_part22.mp4,1900-01-02 03:59:46.300,1074
381464,734,155,18.5,111.0,179.0,250.48148148148147,D:\AprPanama2025_fixed\041225_experimental\041225PA_experimental_part22.mp4,1900-01-02 03:59:46.400,1074
381462,733,155,20.0,117.0,179.0,251.9310344827586,D:\AprPanama2025_fixed\041225_experimental\041225PA_experimental_part22.mp4,1900-01-02 03:59:46.200,1073
381461,734,155,21.0,115.0,179.0,244.83333333333331,D:\AprPanama2025_fixed\041225_experimental\041225PA_experimental_part22.mp4,1900-01-02 03:59:46.100,1074
381466,733,154,15.0,114.0,179.0,251.91304347826087,D:\AprPanama2025_fixed\041225_experimental\041225PA_experimental_part22.mp4,1900-01-02 03:59:46.600,1073
381472,733,154,10.5,113.0,179.0,246.4705882352941,D:\AprPanama2025_fixed\041225_experimental\041225PA_experimental_part22.mp4,1900-01-02 03:59:47.200,1073
381469,733,154,13.0,113.0,179.0,251.3333333333333,D:\AprPanama2025_fixed\041225_experimental\041225PA_experimental_part22.mp4,1900-01-02 03:59:46.900,1073
381473,733,154,6.5,121.0,177.0,246.41666666666663,D:\AprPanama2025_fixed\041225_experimental\041225PA_experimental_part22.mp4,1900-01-02 03:59:47.300,1073
381474,733,154,6.5,121.0,177.0,246.41666666666663,D:\AprPanama2025_fixed\041225_experimental\041225PA_experimental_part22.mp4,1900-01-02 03:59:47.400,1073
381470,733,154,12.5,112.0,179.0,248.15,D:\AprPanama2025_fixed\041225_experimental\041225PA_experimental_part22.mp4,1900-01-02 03:59:47.000,1073
381471,733,154,11.0,122.0,179.0,251.16666666666663,D:\AprPanama2025_fixed\041225_experimental\041225PA_experimental_part22.mp4,1900-01-02 03:59:47.100,1073
381475,734,153,4.0,122.0,176.0,242.88888888888889,D:\AprPanama2025_fixed\041225_experimental\041225PA_experimental_part22.mp4,1900-01-02 03:59:47.500,1074
381468,733,155,14.0,121.0,179.0,253.77272727272728,D:\AprPanama2025_fixed\041225_experimental\041225PA_experimental_part22.mp4,1900-01-02 03:59:46.800,1073
381477,733,153,3.5,125.0,164.0,247.0,D:\AprPanama2025_fixed\041225_experimental\041225PA_experimental_part22.mp4,1900-01-02 03:59:47.700,1073
381478,733,153,3.5,125.0,164.0,247.0,D:\AprPanama2025_fixed\041225_experimental\041225PA_experimental_part22.mp4,1900-01-02 03:59:47.800,1073
381476,734,153,5.0,115.0,167.0,238.6,D:\AprPanama2025_fixed\041225_experimental\041225PA_experimental_part22.mp4,1900-01-02 03:59:47.600,1074
381489,739,78,4.0,113.0,173.0,231.55555555555557,D:\AprPanama2025_fixed\041225_experimental\041225PA_experimental_part22.mp4,1900-01-02 03:59:48.900,1079
381491,739,78,3.0,115.0,166.0,220.25,D:\AprPanama2025_fixed\041225_experimental\041225PA_experimental_part22.mp4,1900-01-02 03:59:49.100,1079
381490,739,78,4.0,113.0,173.0,231.55555555555557,D:\AprPanama2025_fixed\041225_experimental\041225PA_experimental_part22.mp4,1900-01-02 03:59:49.000,1079
381492,739,78,3.0,115.0,166.0,220.25,D:\AprPanama2025_fixed\041225_experimental\041225PA_experimental_part22.mp4,1900-01-02 03:59:49.200,1079
382505,660,134,1.5,114.0,173.0,214.0,D:\AprPanama2025_fixed\041225_experimental\041225PA_experimental_part22.mp4,1900-01-02 04:01:30.500,1000
382507,661,136,13.0,114.0,179.0,240.19047619047615,D:\AprPanama2025_fixed\041225_experimental\041225PA_experimental_part22.mp4,1900-01-02 04:01:30.700,1001
382514,661,135,23.0,125.0,179.0,245.87878787878788,D:\AprPanama2025_fixed\041225_experimental\041225PA_experimental_part22.mp4,1900-01-02 04:01:31.400,1001
382508,661,136,14.5,118.0,179.0,243.4782608695652,D:\AprPanama2025_fixed\041225_experimental\041225PA_experimental_part22.mp4,1900-01-02 04:01:30.800,1001
382512,661,135,23.0,114.0,179.0,241.3636363636364,D:\AprPanama2025_fixed\041225_experimental\041225PA_experimental_part22.mp4,1900-01-02 04:01:31.200,1001
382515,661,135,22.5,124.0,179.0,251.9375,D:\AprPanama2025_fixed\041225_experimental\041225PA_experimental_part22.mp4,1900-01-02 04:01:31.500,1001
382511,661,136,21.5,138.0,222.0,245.54838709677415,D:\AprPanama2025_fixed\041225_experimental\041225PA_experimental_part22.mp4,1900-01-02 04:01:31.100,1001
382513,661,136,24.0,113.0,248.0,241.0,D:\AprPanama2025_fixed\041225_experimental\041225PA_experimental_part22.mp4,1900-01-02 04:01:31.300,1001
382509,661,136,22.5,111.0,179.0,242.34375,D:\AprPanama2025_fixed\041225_experimental\041225PA_experimental_part22.mp4,1900-01-02 04:01:30.900,1001
382510,661,136,22.5,130.0,237.0,245.46875,D:\AprPanama2025_fixed\041225_experimental\041225PA_experimental_part22.mp4,1900-01-02 04:01:31.000,1001
382523,661,134,14.5,113.0,179.0,238.78260869565216,D:\AprPanama2025_fixed\041225_experimental\041225PA_experimental_part22.mp4,1900-01-02 04:01:32.300,1001
382518,661,135,20.0,121.0,231.0,245.3103448275862,D:\AprPanama2025_fixed\041225_experimental\041225PA_experimental_part22.mp4,1900-01-02 04:01:31.800,1001
382521,661,134,16.5,114.0,179.0,244.24,D:\AprPanama2025_fixed\041225_experimental\041225PA_experimental_part22.mp4,1900-01-02 04:01:32.100,1001
382520,661,134,15.0,111.0,179.0,250.5217391304348,D:\AprPanama2025_fixed\041225_experimental\041225PA_experimental_part22.mp4,1900-01-02 04:01:32.000,1001
382522,661,134,14.5,135.0,179.0,242.1304347826087,D:\AprPanama2025_fixed\041225_experimental\041225PA_experimental_part22.mp4,1900-01-02 04:01:32.200,1001
382517,661,135,21.5,111.0,179.0,247.06451612903223,D:\AprPanama2025_fixed\041225_experimental\041225PA_experimental_part22.mp4,1900-01-02 04:01:31.700,1001
382516,661,135,22.5,114.0,179.0,251.03125,D:\AprPanama2025_fixed\041225_experimental\041225PA_experimental_part22.mp4,1900-01-02 04:01:31.600,1001
382519,661,135,19.5,113.0,213.0,238.64285714285717,D:\AprPanama2025_fixed\041225_experimental\041225PA_experimental_part22.mp4,1900-01-02 04:01:31.900,1001
382529,661,133,10.0,116.0,179.0,232.64705882352945,D:\AprPanama2025_fixed\041225_experimental\041225PA_experimental_part22.mp4,1900-01-02 04:01:32.900,1001
382529,629,152,14.5,113.0,179.0,246.04545454545456,D:\AprPanama2025_fixed\041225_experimental\041225PA_experimental_part22.mp4,1900-01-02 04:01:32.900,969
382531,661,133,9.5,111.0,179.0,237.8125,D:\AprPanama2025_fixed\041225_experimental\041225PA_experimental_part22.mp4,1900-01-02 04:01:33.100,1001
382531,629,152,12.5,113.0,198.0,239.95,D:\AprPanama2025_fixed\041225_experimental\041225PA_experimental_part22.mp4,1900-01-02 04:01:33.100,969
382530,661,133,8.0,119.0,179.0,245.0,D:\AprPanama2025_fixed\041225_experimental\041225PA_experimental_part22.mp4,1900-01-02 04:01:33.000,1001
382530,629,152,13.5,123.0,232.0,246.52380952380952,D:\AprPanama2025_fixed\041225_experimental\041225PA_experimental_part22.mp4,1900-01-02 04:01:33.000,969
382527,661,134,10.5,122.0,178.0,244.88888888888889,D:\AprPanama2025_fixed\041225_experimental\041225PA_experimental_part22.mp4,1900-01-02 04:01:32.700,1001
382527,629,152,14.0,117.0,179.0,248.66666666666663,D:\AprPanama2025_fixed\041225_experimental\041225PA_experimental_part22.mp4,1900-01-02 04:01:32.700,969
382526,661,134,15.0,121.0,179.0,244.0434782608696,D:\AprPanama2025_fixed\041225_experimental\041225PA_experimental_part22.mp4,1900-01-02 04:01:32.600,1001
382526,629,152,8.5,117.0,177.0,242.92857142857144,D:\AprPanama2025_fixed\041225_experimental\041225PA_experimental_part22.mp4,1900-01-02 04:01:32.600,969
382528,661,134,11.0,113.0,177.0,240.77777777777777,D:\AprPanama2025_fixed\041225_experimental\041225PA_experimental_part22.mp4,1900-01-02 04:01:32.800,1001
382528,629,152,13.0,117.0,179.0,248.6,D:\AprPanama2025_fixed\041225_experimental\041225PA_experimental_part22.mp4,1900-01-02 04:01:32.800,969
382524,661,134,14.0,121.0,179.0,244.95454545454547,D:\AprPanama2025_fixed\041225_experimental\041225PA_experimental_part22.mp4,1900-01-02 04:01:32.400,1001
382524,628,152,2.5,112.0,171.0,216.3333333333333,D:\AprPanama2025_fixed\041225_experimental\041225PA_experimental_part22.mp4,1900-01-02 04:01:32.400,968
382525,661,134,15.0,121.0,179.0,244.0434782608696,D:\AprPanama2025_fixed\041225_experimental\041225PA_experimental_part22.mp4,1900-01-02 04:01:32.500,1001
382525,628,152,4.5,129.0,177.0,247.3333333333333,D:\AprPanama2025_fixed\041225_experimental\041225PA_experimental_part22.mp4,1900-01-02 04:01:32.500,968
382536,661,133,3.5,127.0,166.0,255.0,D:\AprPanama2025_fixed\041225_experimental\041225PA_experimental_part22.mp4,1900-01-02 04:01:33.600,1001
382536,629,152,11.0,122.0,177.0,252.6111111111111,D:\AprPanama2025_fixed\041225_experimental\041225PA_experimental_part22.mp4,1900-01-02 04:01:33.600,969
382538,661,133,3.5,113.0,173.0,254.0,D:\AprPanama2025_fixed\041225_experimental\041225PA_experimental_part22.mp4,1900-01-02 04:01:33.800,1001
382538,629,153,10.0,114.0,178.0,249.0,D:\AprPanama2025_fixed\041225_experimental\041225PA_experimental_part22.mp4,1900-01-02 04:01:33.800,969
382535,661,133,4.0,124.0,175.0,246.88888888888889,D:\AprPanama2025_fixed\041225_experimental\041225PA_experimental_part22.mp4,1900-01-02 04:01:33.500,1001
382535,629,152,11.0,122.0,177.0,252.6111111111111,D:\AprPanama2025_fixed\041225_experimental\041225PA_experimental_part22.mp4,1900-01-02 04:01:33.500,969
382539,629,153,10.0,112.0,179.0,246.8823529411765,D:\AprPanama2025_fixed\041225_experimental\041225PA_experimental_part22.mp4,1900-01-02 04:01:33.900,969
382532,661,133,9.5,111.0,179.0,237.8125,D:\AprPanama2025_fixed\041225_experimental\041225PA_experimental_part22.mp4,1900-01-02 04:01:33.200,1001
382532,629,152,11.0,141.0,179.0,249.1111111111111,D:\AprPanama2025_fixed\041225_experimental\041225PA_experimental_part22.mp4,1900-01-02 04:01:33.200,969
382533,661,133,6.0,112.0,175.0,247.8333333333333,D:\AprPanama2025_fixed\041225_experimental\041225PA_experimental_part22.mp4,1900-01-02 04:01:33.300,1001
382533,629,152,11.0,137.0,179.0,250.66666666666663,D:\AprPanama2025_fixed\041225_experimental\041225PA_experimental_part22.mp4,1900-01-02 04:01:33.300,969
382537,661,133,3.5,113.0,173.0,254.0,D:\AprPanama2025_fixed\041225_experimental\041225PA_experimental_part22.mp4,1900-01-02 04:01:33.700,1001
382537,629,153,10.0,115.0,174.0,250.35294117647055,D:\AprPanama2025_fixed\041225_experimental\041225PA_experimental_part22.mp4,1900-01-02 04:01:33.700,969
382534,661,133,6.0,112.0,175.0,247.8333333333333,D:\AprPanama2025_fixed\041225_experimental\041225PA_experimental_part22.mp4,1900-01-02 04:01:33.400,1001
382534,629,152,11.0,137.0,179.0,250.66666666666663,D:\AprPanama2025_fixed\041225_experimental\041225PA_experimental_part22.mp4,1900-01-02 04:01:33.400,969
382542,629,153,6.0,114.0,178.0,242.0833333333333,D:\AprPanama2025_fixed\041225_experimental\041225PA_experimental_part22.mp4,1900-01-02 04:01:34.200,969
382545,660,132,1.5,128.0,169.0,240.8,D:\AprPanama2025_fixed\041225_experimental\041225PA_experimental_part22.mp4,1900-01-02 04:01:34.500,1000
382545,629,153,3.5,112.0,143.0,254.5,D:\AprPanama2025_fixed\041225_experimental\041225PA_experimental_part22.mp4,1900-01-02 04:01:34.500,969
382547,660,132,1.5,113.0,166.0,206.4,D:\AprPanama2025_fixed\041225_experimental\041225PA_experimental_part22.mp4,1900-01-02 04:01:34.700,1000
382547,628,153,4.0,112.0,176.0,235.77777777777777,D:\AprPanama2025_fixed\041225_experimental\041225PA_experimental_part22.mp4,1900-01-02 04:01:34.700,968
382541,629,153,5.0,119.0,179.0,247.63636363636363,D:\AprPanama2025_fixed\041225_experimental\041225PA_experimental_part22.mp4,1900-01-02 04:01:34.100,969
382543,629,153,5.0,111.0,176.0,241.63636363636363,D:\AprPanama2025_fixed\041225_experimental\041225PA_experimental_part22.mp4,1900-01-02 04:01:34.300,969
382544,660,132,1.5,128.0,169.0,240.8,D:\AprPanama2025_fixed\041225_experimental\041225PA_experimental_part22.mp4,1900-01-02 04:01:34.400,1000
382544,629,152,4.0,115.0,179.0,247.0,D:\AprPanama2025_fixed\041225_experimental\041225PA_experimental_part22.mp4,1900-01-02 04:01:34.400,969
382546,629,153,3.5,112.0,143.0,254.5,D:\AprPanama2025_fixed\041225_experimental\041225PA_experimental_part22.mp4,1900-01-02 04:01:34.600,969
382540,629,153,6.0,116.0,179.0,247.8333333333333,D:\AprPanama2025_fixed\041225_experimental\041225PA_experimental_part22.mp4,1900-01-02 04:01:34.000,969
382555,628,153,2.0,126.0,174.0,205.8333333333333,D:\AprPanama2025_fixed\041225_experimental\041225PA_experimental_part22.mp4,1900-01-02 04:01:35.500,968
382550,628,153,2.5,132.0,169.0,249.28571428571428,D:\AprPanama2025_fixed\041225_experimental\041225PA_experimental_part22.mp4,1900-01-02 04:01:35.000,968
382554,628,153,2.0,126.0,174.0,205.8333333333333,D:\AprPanama2025_fixed\041225_experimental\041225PA_experimental_part22.mp4,1900-01-02 04:01:35.400,968
382551,628,153,3.5,123.0,179.0,218.0,D:\AprPanama2025_fixed\041225_experimental\041225PA_experimental_part22.mp4,1900-01-02 04:01:35.100,968
382552,628,153,2.5,122.0,172.0,217.0,D:\AprPanama2025_fixed\041225_experimental\041225PA_experimental_part22.mp4,1900-01-02 04:01:35.200,968
382560,628,153,1.5,138.0,165.0,147.8,D:\AprPanama2025_fixed\041225_experimental\041225PA_experimental_part22.mp4,1900-01-02 04:01:36.000,968
382558,628,153,2.0,112.0,166.0,142.5,D:\AprPanama2025_fixed\041225_experimental\041225PA_experimental_part22.mp4,1900-01-02 04:01:35.800,968
382557,628,153,2.0,112.0,166.0,142.5,D:\AprPanama2025_fixed\041225_experimental\041225PA_experimental_part22.mp4,1900-01-02 04:01:35.700,968
382561,646,65,1.5,116.0,139.0,65.4,D:\AprPanama2025_fixed\041225_experimental\041225PA_experimental_part22.mp4,1900-01-02 04:01:36.100,986
382561,628,153,1.5,124.0,165.0,144.20000000000002,D:\AprPanama2025_fixed\041225_experimental\041225PA_experimental_part22.mp4,1900-01-02 04:01:36.100,968
382563,628,153,1.5,124.0,165.0,156.60000000000002,D:\AprPanama2025_fixed\041225_experimental\041225PA_experimental_part22.mp4,1900-01-02 04:01:36.300,968
382562,628,153,1.5,124.0,165.0,170.8,D:\AprPanama2025_fixed\041225_experimental\041225PA_experimental_part22.mp4,1900-01-02 04:01:36.200,968
382559,628,153,2.0,112.0,166.0,142.5,D:\AprPanama2025_fixed\041225_experimental\041225PA_experimental_part22.mp4,1900-01-02 04:01:35.900,968
382568,628,153,1.5,115.0,146.0,22.200000000000003,D:\AprPanama2025_fixed\041225_experimental\041225PA_experimental_part22.mp4,1900-01-02 04:01:36.800,968
382565,628,153,1.5,124.0,165.0,154.20000000000002,D:\AprPanama2025_fixed\041225_experimental\041225PA_experimental_part22.mp4,1900-01-02 04:01:36.500,968
382564,628,153,1.5,124.0,165.0,155.8,D:\AprPanama2025_fixed\041225_experimental\041225PA_experimental_part22.mp4,1900-01-02 04:01:36.400,968
383968,24,92,10.0,112.0,179.0,219.23529411764704,D:\AprPanama2025_fixed\041225_experimental\041225PA_experimental_part22.mp4,1900-01-02 04:03:56.800,364
383970,24,92,11.0,113.0,179.0,211.7222222222222,D:\AprPanama2025_fixed\041225_experimental\041225PA_experimental_part22.mp4,1900-01-02 04:03:57.000,364
383966,24,92,8.0,127.0,178.0,229.64285714285717,D:\AprPanama2025_fixed\041225_experimental\041225PA_experimental_part22.mp4,1900-01-02 04:03:56.600,364
383971,24,92,13.0,112.0,179.0,215.65,D:\AprPanama2025_fixed\041225_experimental\041225PA_experimental_part22.mp4,1900-01-02 04:03:57.100,364
383965,24,92,7.0,122.0,178.0,224.6923076923077,D:\AprPanama2025_fixed\041225_experimental\041225PA_experimental_part22.mp4,1900-01-02 04:03:56.500,364
383969,24,92,11.0,113.0,179.0,207.66666666666663,D:\AprPanama2025_fixed\041225_experimental\041225PA_experimental_part22.mp4,1900-01-02 04:03:56.900,364
383967,24,92,10.0,111.0,179.0,221.52941176470588,D:\AprPanama2025_fixed\041225_experimental\041225PA_experimental_part22.mp4,1900-01-02 04:03:56.700,364
383964,25,89,4.0,114.0,134.0,27.666666666666664,D:\AprPanama2025_fixed\041225_experimental\041225PA_experimental_part22.mp4,1900-01-02 04:03:56.400,365
383978,24,91,7.0,112.0,179.0,228.7692307692308,D:\AprPanama2025_fixed\041225_experimental\041225PA_experimental_part22.mp4,1900-01-02 04:03:57.800,364
383977,24,91,7.0,112.0,179.0,228.7692307692308,D:\AprPanama2025_fixed\041225_experimental\041225PA_experimental_part22.mp4,1900-01-02 04:03:57.700,364
383974,24,91,9.0,114.0,178.0,215.7333333333333,D:\AprPanama2025_fixed\041225_experimental\041225PA_experimental_part22.mp4,1900-01-02 04:03:57.400,364
383973,24,91,9.0,113.0,185.0,211.6,D:\AprPanama2025_fixed\041225_experimental\041225PA_experimental_part22.mp4,1900-01-02 04:03:57.300,364
383976,24,91,7.0,112.0,179.0,228.92307692307693,D:\AprPanama2025_fixed\041225_experimental\041225PA_experimental_part22.mp4,1900-01-02 04:03:57.600,364
383975,25,91,5.5,115.0,176.0,204.54545454545456,D:\AprPanama2025_fixed\041225_experimental\041225PA_experimental_part22.mp4,1900-01-02 04:03:57.500,365
383979,24,91,7.0,115.0,179.0,228.15384615384616,D:\AprPanama2025_fixed\041225_experimental\041225PA_experimental_part22.mp4,1900-01-02 04:03:57.900,364
383972,24,91,11.0,116.0,179.0,210.41176470588235,D:\AprPanama2025_fixed\041225_experimental\041225PA_experimental_part22.mp4,1900-01-02 04:03:57.200,364
383984,24,91,6.5,112.0,175.0,216.0,D:\AprPanama2025_fixed\041225_experimental\041225PA_experimental_part22.mp4,1900-01-02 04:03:58.400,364
383986,25,90,3.0,125.0,173.0,219.375,D:\AprPanama2025_fixed\041225_experimental\041225PA_experimental_part22.mp4,1900-01-02 04:03:58.600,365
383987,25,90,3.0,125.0,173.0,219.375,D:\AprPanama2025_fixed\041225_experimental\041225PA_experimental_part22.mp4,1900-01-02 04:03:58.700,365
383983,25,91,7.5,113.0,178.0,224.2142857142857,D:\AprPanama2025_fixed\041225_experimental\041225PA_experimental_part22.mp4,1900-01-02 04:03:58.300,365
383982,24,91,6.5,119.0,179.0,227.92307692307693,D:\AprPanama2025_fixed\041225_experimental\041225PA_experimental_part22.mp4,1900-01-02 04:03:58.200,364
383985,24,90,4.5,122.0,168.0,216.8,D:\AprPanama2025_fixed\041225_experimental\041225PA_experimental_part22.mp4,1900-01-02 04:03:58.500,364
383981,25,91,7.5,113.0,179.0,212.5,D:\AprPanama2025_fixed\041225_experimental\041225PA_experimental_part22.mp4,1900-01-02 04:03:58.100,365
383980,24,91,7.0,115.0,179.0,228.15384615384616,D:\AprPanama2025_fixed\041225_experimental\041225PA_experimental_part22.mp4,1900-01-02 04:03:58.000,364
383989,25,89,2.0,118.0,158.0,204.85714285714283,D:\AprPanama2025_fixed\041225_experimental\041225PA_experimental_part22.mp4,1900-01-02 04:03:58.900,365
383993,25,89,6.5,118.0,174.0,144.25,D:\AprPanama2025_fixed\041225_experimental\041225PA_experimental_part22.mp4,1900-01-02 04:03:59.300,365
383991,24,89,2.5,117.0,165.0,210.14285714285717,D:\AprPanama2025_fixed\041225_experimental\041225PA_experimental_part22.mp4,1900-01-02 04:03:59.100,364
383994,24,89,2.5,127.0,167.0,191.28571428571428,D:\AprPanama2025_fixed\041225_experimental\041225PA_experimental_part22.mp4,1900-01-02 04:03:59.400,364
383992,24,89,2.5,117.0,165.0,210.14285714285717,D:\AprPanama2025_fixed\041225_experimental\041225PA_experimental_part22.mp4,1900-01-02 04:03:59.200,364
383988,25,89,1.5,118.0,145.0,212.0,D:\AprPanama2025_fixed\041225_experimental\041225PA_experimental_part22.mp4,1900-01-02 04:03:58.800,365
383990,25,89,1.5,114.0,152.0,211.66666666666663,D:\AprPanama2025_fixed\041225_experimental\041225PA_experimental_part22.mp4,1900-01-02 04:03:59.000,365
384000,236,80,1.5,119.0,158.0,148.0,D:\AprPanama2025_fixed\041225_experimental\041225PA_experimental_part22.mp4,1900-01-02 04:04:00.000,576
384000,25,88,3.0,116.0,164.0,117.42857142857142,D:\AprPanama2025_fixed\041225_experimental\041225PA_experimental_part22.mp4,1900-01-02 04:04:00.000,365
383998,25,88,3.0,116.0,164.0,117.42857142857142,D:\AprPanama2025_fixed\041225_experimental\041225PA_experimental_part22.mp4,1900-01-02 04:03:59.800,365
383997,234,81,2.0,135.0,168.0,247.66666666666663,D:\AprPanama2025_fixed\041225_experimental\041225PA_experimental_part22.mp4,1900-01-02 04:03:59.700,574
383997,25,88,3.0,116.0,164.0,117.42857142857142,D:\AprPanama2025_fixed\041225_experimental\041225PA_experimental_part22.mp4,1900-01-02 04:03:59.700,365
383999,25,88,3.0,116.0,164.0,117.42857142857142,D:\AprPanama2025_fixed\041225_experimental\041225PA_experimental_part22.mp4,1900-01-02 04:03:59.900,365
383996,234,82,2.0,118.0,178.0,247.16666666666663,D:\AprPanama2025_fixed\041225_experimental\041225PA_experimental_part22.mp4,1900-01-02 04:03:59.600,574
383996,25,88,3.0,122.0,165.0,141.85714285714286,D:\AprPanama2025_fixed\041225_experimental\041225PA_experimental_part22.mp4,1900-01-02 04:03:59.600,365
384008,240,76,1.5,118.0,148.0,39.400000000000006,D:\AprPanama2025_fixed\041225_experimental\041225PA_experimental_part22.mp4,1900-01-02 04:04:00.800,580
384721,31,53,9.5,131.0,179.0,229.35294117647055,D:\AprPanama2025_fixed\041225_experimental\041225PA_experimental_part22.mp4,1900-01-02 04:05:12.100,371
384720,31,53,9.5,111.0,177.0,221.76470588235293,D:\AprPanama2025_fixed\041225_experimental\041225PA_experimental_part22.mp4,1900-01-02 04:05:12.000,371
384719,31,53,9.0,119.0,216.0,222.4375,D:\AprPanama2025_fixed\041225_experimental\041225PA_experimental_part22.mp4,1900-01-02 04:05:11.900,371
384718,31,53,9.0,119.0,216.0,222.4375,D:\AprPanama2025_fixed\041225_experimental\041225PA_experimental_part22.mp4,1900-01-02 04:05:11.800,371
384717,31,54,5.5,143.0,172.0,204.0909090909091,D:\AprPanama2025_fixed\041225_experimental\041225PA_experimental_part22.mp4,1900-01-02 04:05:11.700,371
384723,31,53,9.5,131.0,179.0,229.35294117647055,D:\AprPanama2025_fixed\041225_experimental\041225PA_experimental_part22.mp4,1900-01-02 04:05:12.300,371
384722,31,53,9.5,131.0,179.0,229.35294117647055,D:\AprPanama2025_fixed\041225_experimental\041225PA_experimental_part22.mp4,1900-01-02 04:05:12.200,371
384716,31,53,2.0,116.0,147.0,162.66666666666666,D:\AprPanama2025_fixed\041225_experimental\041225PA_experimental_part22.mp4,1900-01-02 04:05:11.600,371
384725,31,53,9.5,113.0,179.0,229.7058823529412,D:\AprPanama2025_fixed\041225_experimental\041225PA_experimental_part22.mp4,1900-01-02 04:05:12.500,371
384726,32,53,8.5,116.0,178.0,215.13333333333333,D:\AprPanama2025_fixed\041225_experimental\041225PA_experimental_part22.mp4,1900-01-02 04:05:12.600,372
384728,32,53,7.0,115.0,175.0,216.28571428571428,D:\AprPanama2025_fixed\041225_experimental\041225PA_experimental_part22.mp4,1900-01-02 04:05:12.800,372
384727,32,53,6.0,133.0,179.0,222.7692307692308,D:\AprPanama2025_fixed\041225_experimental\041225PA_experimental_part22.mp4,1900-01-02 04:05:12.700,372
384729,32,53,9.0,111.0,179.0,199.3125,D:\AprPanama2025_fixed\041225_experimental\041225PA_experimental_part22.mp4,1900-01-02 04:05:12.900,372
384724,31,53,9.5,134.0,179.0,229.8235294117647,D:\AprPanama2025_fixed\041225_experimental\041225PA_experimental_part22.mp4,1900-01-02 04:05:12.400,371
384730,32,53,4.0,124.0,173.0,233.6,D:\AprPanama2025_fixed\041225_experimental\041225PA_experimental_part22.mp4,1900-01-02 04:05:13.000,372
384731,33,53,2.0,129.0,165.0,229.0,D:\AprPanama2025_fixed\041225_experimental\041225PA_experimental_part22.mp4,1900-01-02 04:05:13.100,373
384732,33,53,2.0,125.0,161.0,221.66666666666663,D:\AprPanama2025_fixed\041225_experimental\041225PA_experimental_part22.mp4,1900-01-02 04:05:13.200,373
384743,33,52,2.5,112.0,165.0,216.42857142857144,D:\AprPanama2025_fixed\041225_experimental\041225PA_experimental_part22.mp4,1900-01-02 04:05:14.300,373
384744,32,52,1.5,136.0,150.0,87.0,D:\AprPanama2025_fixed\041225_experimental\041225PA_experimental_part22.mp4,1900-01-02 04:05:14.400,372
385307,56,65,3.0,126.0,175.0,164.25,D:\AprPanama2025_fixed\041225_experimental\041225PA_experimental_part22.mp4,1900-01-02 04:06:10.700,396
385311,57,65,7.0,127.0,179.0,141.76923076923077,D:\AprPanama2025_fixed\041225_experimental\041225PA_experimental_part22.mp4,1900-01-02 04:06:11.100,397
385311,38,66,2.0,116.0,170.0,235.8333333333333,D:\AprPanama2025_fixed\041225_experimental\041225PA_experimental_part22.mp4,1900-01-02 04:06:11.100,378
385313,57,65,7.0,126.0,179.0,150.15384615384616,D:\AprPanama2025_fixed\041225_experimental\041225PA_experimental_part22.mp4,1900-01-02 04:06:11.300,397
385313,38,66,2.5,140.0,174.0,243.3333333333333,D:\AprPanama2025_fixed\041225_experimental\041225PA_experimental_part22.mp4,1900-01-02 04:06:11.300,378
385308,56,65,5.5,124.0,179.0,155.45454545454547,D:\AprPanama2025_fixed\041225_experimental\041225PA_experimental_part22.mp4,1900-01-02 04:06:10.800,396
385308,38,66,1.5,151.0,178.0,253.0,D:\AprPanama2025_fixed\041225_experimental\041225PA_experimental_part22.mp4,1900-01-02 04:06:10.800,378
385312,57,65,7.0,120.0,179.0,169.84615384615387,D:\AprPanama2025_fixed\041225_experimental\041225PA_experimental_part22.mp4,1900-01-02 04:06:11.200,397
385312,38,66,3.0,113.0,168.0,164.57142857142856,D:\AprPanama2025_fixed\041225_experimental\041225PA_experimental_part22.mp4,1900-01-02 04:06:11.200,378
385309,57,65,7.0,112.0,178.0,132.6153846153846,D:\AprPanama2025_fixed\041225_experimental\041225PA_experimental_part22.mp4,1900-01-02 04:06:10.900,397
385309,38,66,3.0,135.0,179.0,237.0,D:\AprPanama2025_fixed\041225_experimental\041225PA_experimental_part22.mp4,1900-01-02 04:06:10.900,378
385314,57,65,7.0,118.0,178.0,160.23076923076923,D:\AprPanama2025_fixed\041225_experimental\041225PA_experimental_part22.mp4,1900-01-02 04:06:11.400,397
385314,38,66,2.5,136.0,176.0,159.16666666666666,D:\AprPanama2025_fixed\041225_experimental\041225PA_experimental_part22.mp4,1900-01-02 04:06:11.400,378
385315,57,65,7.0,127.0,179.0,141.76923076923077,D:\AprPanama2025_fixed\041225_experimental\041225PA_experimental_part22.mp4,1900-01-02 04:06:11.500,397
385315,38,66,2.0,118.0,166.0,160.66666666666666,D:\AprPanama2025_fixed\041225_experimental\041225PA_experimental_part22.mp4,1900-01-02 04:06:11.500,378
385310,57,65,7.0,123.0,177.0,158.76923076923077,D:\AprPanama2025_fixed\041225_experimental\041225PA_experimental_part22.mp4,1900-01-02 04:06:11.000,397
385310,38,66,1.5,139.0,168.0,251.6,D:\AprPanama2025_fixed\041225_experimental\041225PA_experimental_part22.mp4,1900-01-02 04:06:11.000,378
385319,56,65,4.5,113.0,179.0,214.5,D:\AprPanama2025_fixed\041225_experimental\041225PA_experimental_part22.mp4,1900-01-02 04:06:11.900,396
385322,56,64,2.0,116.0,176.0,220.66666666666663,D:\AprPanama2025_fixed\041225_experimental\041225PA_experimental_part22.mp4,1900-01-02 04:06:12.200,396
385323,56,64,1.5,120.0,166.0,223.0,D:\AprPanama2025_fixed\041225_experimental\041225PA_experimental_part22.mp4,1900-01-02 04:06:12.300,396
385317,56,65,5.5,132.0,179.0,198.3636363636364,D:\AprPanama2025_fixed\041225_experimental\041225PA_experimental_part22.mp4,1900-01-02 04:06:11.700,396
385321,56,64,2.0,135.0,178.0,246.3333333333333,D:\AprPanama2025_fixed\041225_experimental\041225PA_experimental_part22.mp4,1900-01-02 04:06:12.100,396
385320,56,65,3.0,112.0,176.0,231.75,D:\AprPanama2025_fixed\041225_experimental\041225PA_experimental_part22.mp4,1900-01-02 04:06:12.000,396
385318,56,65,5.0,113.0,179.0,186.5,D:\AprPanama2025_fixed\041225_experimental\041225PA_experimental_part22.mp4,1900-01-02 04:06:11.800,396
385316,57,65,6.0,122.0,179.0,170.41666666666666,D:\AprPanama2025_fixed\041225_experimental\041225PA_experimental_part22.mp4,1900-01-02 04:06:11.600,397
385316,38,66,2.0,118.0,166.0,160.66666666666666,D:\AprPanama2025_fixed\041225_experimental\041225PA_experimental_part22.mp4,1900-01-02 04:06:11.600,378
385462,621,267,8.0,130.0,179.0,243.28571428571428,D:\AprPanama2025_fixed\041225_experimental\041225PA_experimental_part22.mp4,1900-01-02 04:06:26.200,961
385466,621,267,17.5,111.0,179.0,254.53846153846155,D:\AprPanama2025_fixed\041225_experimental\041225PA_experimental_part22.mp4,1900-01-02 04:06:26.600,961
385467,621,267,15.0,119.0,179.0,251.2173913043478,D:\AprPanama2025_fixed\041225_experimental\041225PA_experimental_part22.mp4,1900-01-02 04:06:26.700,961
385464,621,267,14.5,111.0,179.0,252.86956521739128,D:\AprPanama2025_fixed\041225_experimental\041225PA_experimental_part22.mp4,1900-01-02 04:06:26.400,961
385463,621,267,13.5,134.0,179.0,252.3333333333333,D:\AprPanama2025_fixed\041225_experimental\041225PA_experimental_part22.mp4,1900-01-02 04:06:26.300,961
385461,621,267,8.0,117.0,177.0,233.07142857142856,D:\AprPanama2025_fixed\041225_experimental\041225PA_experimental_part22.mp4,1900-01-02 04:06:26.100,961
385465,621,267,15.5,120.0,179.0,254.41666666666663,D:\AprPanama2025_fixed\041225_experimental\041225PA_experimental_part22.mp4,1900-01-02 04:06:26.500,961
385471,621,267,10.0,111.0,179.0,251.11764705882356,D:\AprPanama2025_fixed\041225_experimental\041225PA_experimental_part22.mp4,1900-01-02 04:06:27.100,961
385472,621,267,9.0,111.0,178.0,241.25,D:\AprPanama2025_fixed\041225_experimental\041225PA_experimental_part22.mp4,1900-01-02 04:06:27.200,961
385470,621,267,15.0,118.0,179.0,250.0,D:\AprPanama2025_fixed\041225_experimental\041225PA_experimental_part22.mp4,1900-01-02 04:06:27.000,961
385473,622,267,6.5,131.0,179.0,248.15384615384616,D:\AprPanama2025_fixed\041225_experimental\041225PA_experimental_part22.mp4,1900-01-02 04:06:27.300,962
385475,622,267,4.5,129.0,177.0,241.4,D:\AprPanama2025_fixed\041225_experimental\041225PA_experimental_part22.mp4,1900-01-02 04:06:27.500,962
385469,621,267,15.0,118.0,179.0,250.0,D:\AprPanama2025_fixed\041225_experimental\041225PA_experimental_part22.mp4,1900-01-02 04:06:26.900,961
385468,621,267,15.0,119.0,179.0,251.65217391304347,D:\AprPanama2025_fixed\041225_experimental\041225PA_experimental_part22.mp4,1900-01-02 04:06:26.800,961
385474,622,267,5.5,118.0,179.0,242.91666666666663,D:\AprPanama2025_fixed\041225_experimental\041225PA_experimental_part22.mp4,1900-01-02 04:06:27.400,962
385481,622,267,4.0,134.0,174.0,250.1111111111111,D:\AprPanama2025_fixed\041225_experimental\041225PA_experimental_part22.mp4,1900-01-02 04:06:28.100,962
385477,622,267,4.5,129.0,178.0,247.7,D:\AprPanama2025_fixed\041225_experimental\041225PA_experimental_part22.mp4,1900-01-02 04:06:27.700,962
385479,622,267,4.0,133.0,180.0,245.0,D:\AprPanama2025_fixed\041225_experimental\041225PA_experimental_part22.mp4,1900-01-02 04:06:27.900,962
385483,496,295,4.0,140.0,179.0,248.55555555555557,D:\AprPanama2025_fixed\041225_experimental\041225PA_experimental_part22.mp4,1900-01-02 04:06:28.300,836
385476,622,267,6.5,118.0,177.0,245.91666666666663,D:\AprPanama2025_fixed\041225_experimental\041225PA_experimental_part22.mp4,1900-01-02 04:06:27.600,962
385480,622,267,4.0,134.0,176.0,248.3333333333333,D:\AprPanama2025_fixed\041225_experimental\041225PA_experimental_part22.mp4,1900-01-02 04:06:28.000,962
385482,622,267,4.0,134.0,174.0,250.1111111111111,D:\AprPanama2025_fixed\041225_experimental\041225PA_experimental_part22.mp4,1900-01-02 04:06:28.200,962
385478,622,267,4.5,129.0,178.0,247.7,D:\AprPanama2025_fixed\041225_experimental\041225PA_experimental_part22.mp4,1900-01-02 04:06:27.800,962
385489,622,266,2.0,116.0,172.0,226.5,D:\AprPanama2025_fixed\041225_experimental\041225PA_experimental_part22.mp4,1900-01-02 04:06:28.900,962
385489,496,296,16.5,114.0,179.0,245.4,D:\AprPanama2025_fixed\041225_experimental\041225PA_experimental_part22.mp4,1900-01-02 04:06:28.900,836
385490,622,266,1.5,123.0,167.0,231.6,D:\AprPanama2025_fixed\041225_experimental\041225PA_experimental_part22.mp4,1900-01-02 04:06:29.000,962
385490,496,296,15.0,117.0,179.0,241.91304347826087,D:\AprPanama2025_fixed\041225_experimental\041225PA_experimental_part22.mp4,1900-01-02 04:06:29.000,836
385488,622,266,2.0,126.0,173.0,233.5,D:\AprPanama2025_fixed\041225_experimental\041225PA_experimental_part22.mp4,1900-01-02 04:06:28.800,962
385488,496,296,16.5,114.0,179.0,241.04,D:\AprPanama2025_fixed\041225_experimental\041225PA_experimental_part22.mp4,1900-01-02 04:06:28.800,836
385486,622,266,2.0,132.0,173.0,250.3333333333333,D:\AprPanama2025_fixed\041225_experimental\041225PA_experimental_part22.mp4,1900-01-02 04:06:28.600,962
385486,496,296,15.5,115.0,178.0,237.91666666666663,D:\AprPanama2025_fixed\041225_experimental\041225PA_experimental_part22.mp4,1900-01-02 04:06:28.600,836
385487,622,266,2.0,133.0,175.0,236.8333333333333,D:\AprPanama2025_fixed\041225_experimental\041225PA_experimental_part22.mp4,1900-01-02 04:06:28.700,962
385487,496,296,16.0,111.0,178.0,235.0,D:\AprPanama2025_fixed\041225_experimental\041225PA_experimental_part22.mp4,1900-01-02 04:06:28.700,836
385485,496,296,15.0,114.0,179.0,238.95652173913044,D:\AprPanama2025_fixed\041225_experimental\041225PA_experimental_part22.mp4,1900-01-02 04:06:28.500,836
385484,496,295,10.5,113.0,179.0,245.0,D:\AprPanama2025_fixed\041225_experimental\041225PA_experimental_part22.mp4,1900-01-02 04:06:28.400,836
385491,496,296,15.5,115.0,179.0,240.7083333333333,D:\AprPanama2025_fixed\041225_experimental\041225PA_experimental_part22.mp4,1900-01-02 04:06:29.100,836
385494,496,296,13.5,111.0,176.0,240.47619047619045,D:\AprPanama2025_fixed\041225_experimental\041225PA_experimental_part22.mp4,1900-01-02 04:06:29.400,836
385497,496,296,4.5,119.0,179.0,244.2222222222222,D:\AprPanama2025_fixed\041225_experimental\041225PA_experimental_part22.mp4,1900-01-02 04:06:29.700,836
385498,496,297,3.5,122.0,179.0,242.125,D:\AprPanama2025_fixed\041225_experimental\041225PA_experimental_part22.mp4,1900-01-02 04:06:29.800,836
385495,495,297,11.5,111.0,179.0,242.2631578947368,D:\AprPanama2025_fixed\041225_experimental\041225PA_experimental_part22.mp4,1900-01-02 04:06:29.500,835
385496,495,297,11.5,111.0,179.0,242.2631578947368,D:\AprPanama2025_fixed\041225_experimental\041225PA_experimental_part22.mp4,1900-01-02 04:06:29.600,835
385499,496,297,1.5,114.0,172.0,254.7142857142857,D:\AprPanama2025_fixed\041225_experimental\041225PA_experimental_part22.mp4,1900-01-02 04:06:29.900,836
385493,496,296,15.0,114.0,178.0,239.0,D:\AprPanama2025_fixed\041225_experimental\041225PA_experimental_part22.mp4,1900-01-02 04:06:29.300,836
385492,496,296,15.0,119.0,179.0,242.0,D:\AprPanama2025_fixed\041225_experimental\041225PA_experimental_part22.mp4,1900-01-02 04:06:29.200,836
385500,496,297,1.5,120.0,169.0,240.3333333333333,D:\AprPanama2025_fixed\041225_experimental\041225PA_experimental_part22.mp4,1900-01-02 04:06:30.000,836
385526,626,62,2.0,123.0,174.0,211.8,D:\AprPanama2025_fixed\041225_experimental\041225PA_experimental_part22.mp4,1900-01-02 04:06:32.600,966
385525,626,62,2.0,123.0,174.0,211.8,D:\AprPanama2025_fixed\041225_experimental\041225PA_experimental_part22.mp4,1900-01-02 04:06:32.500,966
385722,660,91,4.0,121.0,179.0,237.1111111111111,D:\AprPanama2025_fixed\041225_experimental\041225PA_experimental_part22.mp4,1900-01-02 04:06:52.200,1000
385723,660,91,6.0,130.0,179.0,244.27272727272728,D:\AprPanama2025_fixed\041225_experimental\041225PA_experimental_part22.mp4,1900-01-02 04:06:52.300,1000
385721,660,90,1.5,121.0,174.0,226.4,D:\AprPanama2025_fixed\041225_experimental\041225PA_experimental_part22.mp4,1900-01-02 04:06:52.100,1000
385731,660,91,2.5,144.0,175.0,246.0,D:\AprPanama2025_fixed\041225_experimental\041225PA_experimental_part22.mp4,1900-01-02 04:06:53.100,1000
385725,660,91,6.0,130.0,179.0,244.27272727272728,D:\AprPanama2025_fixed\041225_experimental\041225PA_experimental_part22.mp4,1900-01-02 04:06:52.500,1000
385730,660,91,2.5,144.0,175.0,246.0,D:\AprPanama2025_fixed\041225_experimental\041225PA_experimental_part22.mp4,1900-01-02 04:06:53.000,1000
385726,660,91,6.0,130.0,179.0,244.27272727272728,D:\AprPanama2025_fixed\041225_experimental\041225PA_experimental_part22.mp4,1900-01-02 04:06:52.600,1000
385724,660,91,6.0,130.0,179.0,244.27272727272728,D:\AprPanama2025_fixed\041225_experimental\041225PA_experimental_part22.mp4,1900-01-02 04:06:52.400,1000
385727,660,91,6.0,130.0,179.0,244.27272727272728,D:\AprPanama2025_fixed\041225_experimental\041225PA_experimental_part22.mp4,1900-01-02 04:06:52.700,1000
385729,660,91,2.5,144.0,175.0,246.0,D:\AprPanama2025_fixed\041225_experimental\041225PA_experimental_part22.mp4,1900-01-02 04:06:52.900,1000
385728,660,91,4.0,134.0,178.0,240.1111111111111,D:\AprPanama2025_fixed\041225_experimental\041225PA_experimental_part22.mp4,1900-01-02 04:06:52.800,1000
385732,660,91,2.5,144.0,175.0,246.0,D:\AprPanama2025_fixed\041225_experimental\041225PA_experimental_part22.mp4,1900-01-02 04:06:53.200,1000
385733,660,91,3.5,117.0,175.0,229.875,D:\AprPanama2025_fixed\041225_experimental\041225PA_experimental_part22.mp4,1900-01-02 04:06:53.300,1000
385737,659,91,1.5,121.0,145.0,112.8,D:\AprPanama2025_fixed\041225_experimental\041225PA_experimental_part22.mp4,1900-01-02 04:06:53.700,999
385738,659,91,1.5,121.0,145.0,112.8,D:\AprPanama2025_fixed\041225_experimental\041225PA_experimental_part22.mp4,1900-01-02 04:06:53.800,999
385734,660,91,3.5,117.0,175.0,229.875,D:\AprPanama2025_fixed\041225_experimental\041225PA_experimental_part22.mp4,1900-01-02 04:06:53.400,1000
385735,660,91,2.0,118.0,166.0,167.16666666666666,D:\AprPanama2025_fixed\041225_experimental\041225PA_experimental_part22.mp4,1900-01-02 04:06:53.500,1000
385736,659,91,1.5,135.0,162.0,145.20000000000002,D:\AprPanama2025_fixed\041225_experimental\041225PA_experimental_part22.mp4,1900-01-02 04:06:53.600,999
386139,88,41,4.5,119.0,171.0,243.9090909090909,D:\AprPanama2025_fixed\041225_experimental\041225PA_experimental_part22.mp4,1900-01-02 04:07:33.900,428
386146,87,41,10.0,114.0,178.0,238.68421052631575,D:\AprPanama2025_fixed\041225_experimental\041225PA_experimental_part22.mp4,1900-01-02 04:07:34.600,427
386147,87,41,7.5,137.0,179.0,239.1875,D:\AprPanama2025_fixed\041225_experimental\041225PA_experimental_part22.mp4,1900-01-02 04:07:34.700,427
386143,87,41,10.0,123.0,179.0,237.2631578947368,D:\AprPanama2025_fixed\041225_experimental\041225PA_experimental_part22.mp4,1900-01-02 04:07:34.300,427
386142,87,41,10.0,123.0,179.0,237.2631578947368,D:\AprPanama2025_fixed\041225_experimental\041225PA_experimental_part22.mp4,1900-01-02 04:07:34.200,427
386141,88,41,8.0,111.0,179.0,244.86666666666667,D:\AprPanama2025_fixed\041225_experimental\041225PA_experimental_part22.mp4,1900-01-02 04:07:34.100,428
386144,87,41,9.5,118.0,176.0,239.27777777777777,D:\AprPanama2025_fixed\041225_experimental\041225PA_experimental_part22.mp4,1900-01-02 04:07:34.400,427
386145,87,41,10.0,114.0,178.0,238.68421052631575,D:\AprPanama2025_fixed\041225_experimental\041225PA_experimental_part22.mp4,1900-01-02 04:07:34.500,427
386140,88,41,8.5,111.0,179.0,249.125,D:\AprPanama2025_fixed\041225_experimental\041225PA_experimental_part22.mp4,1900-01-02 04:07:34.000,428
386149,87,41,7.5,117.0,175.0,235.5,D:\AprPanama2025_fixed\041225_experimental\041225PA_experimental_part22.mp4,1900-01-02 04:07:34.900,427
386151,87,42,6.5,114.0,177.0,231.92857142857144,D:\AprPanama2025_fixed\041225_experimental\041225PA_experimental_part22.mp4,1900-01-02 04:07:35.100,427
386150,87,41,7.5,113.0,174.0,234.6875,D:\AprPanama2025_fixed\041225_experimental\041225PA_experimental_part22.mp4,1900-01-02 04:07:35.000,427
386153,87,42,4.0,120.0,176.0,235.88888888888889,D:\AprPanama2025_fixed\041225_experimental\041225PA_experimental_part22.mp4,1900-01-02 04:07:35.300,427
386154,87,42,3.0,126.0,166.0,225.75,D:\AprPanama2025_fixed\041225_experimental\041225PA_experimental_part22.mp4,1900-01-02 04:07:35.400,427
386155,87,42,4.0,123.0,175.0,231.88888888888889,D:\AprPanama2025_fixed\041225_experimental\041225PA_experimental_part22.mp4,1900-01-02 04:07:35.500,427
386152,87,42,4.0,120.0,176.0,235.88888888888889,D:\AprPanama2025_fixed\041225_experimental\041225PA_experimental_part22.mp4,1900-01-02 04:07:35.200,427
386148,87,41,7.5,129.0,174.0,237.9375,D:\AprPanama2025_fixed\041225_experimental\041225PA_experimental_part22.mp4,1900-01-02 04:07:34.800,427
386841,79,53,4.5,121.0,175.0,223.55555555555557,D:\AprPanama2025_fixed\041225_experimental\041225PA_experimental_part22.mp4,1900-01-02 04:08:44.100,419
386842,79,53,6.0,116.0,178.0,237.3333333333333,D:\AprPanama2025_fixed\041225_experimental\041225PA_experimental_part22.mp4,1900-01-02 04:08:44.200,419
386840,78,55,1.5,114.0,159.0,192.8,D:\AprPanama2025_fixed\041225_experimental\041225PA_experimental_part22.mp4,1900-01-02 04:08:44.000,418
386843,79,54,7.0,118.0,179.0,231.6923076923077,D:\AprPanama2025_fixed\041225_experimental\041225PA_experimental_part22.mp4,1900-01-02 04:08:44.300,419
386847,80,53,5.5,113.0,171.0,222.0,D:\AprPanama2025_fixed\041225_experimental\041225PA_experimental_part22.mp4,1900-01-02 04:08:44.700,420
386845,79,53,7.0,129.0,194.0,231.57142857142856,D:\AprPanama2025_fixed\041225_experimental\041225PA_experimental_part22.mp4,1900-01-02 04:08:44.500,419
386846,79,53,7.0,129.0,194.0,231.57142857142856,D:\AprPanama2025_fixed\041225_experimental\041225PA_experimental_part22.mp4,1900-01-02 04:08:44.600,419
386849,80,53,6.5,113.0,179.0,231.0,D:\AprPanama2025_fixed\041225_experimental\041225PA_experimental_part22.mp4,1900-01-02 04:08:44.900,420
386848,80,53,6.5,124.0,173.0,223.91666666666663,D:\AprPanama2025_fixed\041225_experimental\041225PA_experimental_part22.mp4,1900-01-02 04:08:44.800,420
386850,80,52,5.5,126.0,171.0,208.0909090909091,D:\AprPanama2025_fixed\041225_experimental\041225PA_experimental_part22.mp4,1900-01-02 04:08:45.000,420
386851,80,52,5.5,130.0,227.0,209.1818181818182,D:\AprPanama2025_fixed\041225_experimental\041225PA_experimental_part22.mp4,1900-01-02 04:08:45.100,420
386844,79,54,7.0,118.0,179.0,231.6923076923077,D:\AprPanama2025_fixed\041225_experimental\041225PA_experimental_part22.mp4,1900-01-02 04:08:44.400,419
386855,81,51,6.0,119.0,174.0,238.5,D:\AprPanama2025_fixed\041225_experimental\041225PA_experimental_part22.mp4,1900-01-02 04:08:45.500,421
386852,81,51,5.0,111.0,173.0,240.6,D:\AprPanama2025_fixed\041225_experimental\041225PA_experimental_part22.mp4,1900-01-02 04:08:45.200,421
386858,82,51,2.0,122.0,166.0,255.0,D:\AprPanama2025_fixed\041225_experimental\041225PA_experimental_part22.mp4,1900-01-02 04:08:45.800,422
386853,81,51,5.0,113.0,171.0,237.1,D:\AprPanama2025_fixed\041225_experimental\041225PA_experimental_part22.mp4,1900-01-02 04:08:45.300,421
386859,82,50,3.0,126.0,170.0,239.28571428571428,D:\AprPanama2025_fixed\041225_experimental\041225PA_experimental_part22.mp4,1900-01-02 04:08:45.900,422
386854,81,51,5.5,114.0,173.0,242.54545454545456,D:\AprPanama2025_fixed\041225_experimental\041225PA_experimental_part22.mp4,1900-01-02 04:08:45.400,421
386856,80,51,2.5,124.0,171.0,245.875,D:\AprPanama2025_fixed\041225_experimental\041225PA_experimental_part22.mp4,1900-01-02 04:08:45.600,420
386862,83,50,2.0,118.0,153.0,106.83333333333331,D:\AprPanama2025_fixed\041225_experimental\041225PA_experimental_part22.mp4,1900-01-02 04:08:46.200,423
386864,82,50,1.5,114.0,146.0,139.6,D:\AprPanama2025_fixed\041225_experimental\041225PA_experimental_part22.mp4,1900-01-02 04:08:46.400,422
386861,82,50,2.5,112.0,165.0,163.14285714285714,D:\AprPanama2025_fixed\041225_experimental\041225PA_experimental_part22.mp4,1900-01-02 04:08:46.100,422
386866,83,49,1.5,117.0,133.0,134.20000000000002,D:\AprPanama2025_fixed\041225_experimental\041225PA_experimental_part22.mp4,1900-01-02 04:08:46.600,423
386865,83,49,1.5,119.0,137.0,128.0,D:\AprPanama2025_fixed\041225_experimental\041225PA_experimental_part22.mp4,1900-01-02 04:08:46.500,423
386863,83,50,2.0,114.0,142.0,120.16666666666666,D:\AprPanama2025_fixed\041225_experimental\041225PA_experimental_part22.mp4,1900-01-02 04:08:46.300,423
386860,82,50,2.5,121.0,168.0,230.0,D:\AprPanama2025_fixed\041225_experimental\041225PA_experimental_part22.mp4,1900-01-02 04:08:46.000,422
388006,272,183,3.0,116.0,171.0,224.85714285714283,D:\AprPanama2025_fixed\041225_experimental\041225PA_experimental_part22.mp4,1900-01-02 04:10:40.600,612
388011,272,183,2.0,129.0,176.0,254.5,D:\AprPanama2025_fixed\041225_experimental\041225PA_experimental_part22.mp4,1900-01-02 04:10:41.100,612
388005,271,184,1.5,119.0,161.0,217.3333333333333,D:\AprPanama2025_fixed\041225_experimental\041225PA_experimental_part22.mp4,1900-01-02 04:10:40.500,611
388010,272,183,2.0,129.0,176.0,254.5,D:\AprPanama2025_fixed\041225_experimental\041225PA_experimental_part22.mp4,1900-01-02 04:10:41.000,612
388008,272,183,4.0,123.0,178.0,234.625,D:\AprPanama2025_fixed\041225_experimental\041225PA_experimental_part22.mp4,1900-01-02 04:10:40.800,612
388007,272,183,4.0,123.0,178.0,234.625,D:\AprPanama2025_fixed\041225_experimental\041225PA_experimental_part22.mp4,1900-01-02 04:10:40.700,612
388009,272,183,2.5,112.0,172.0,252.28571428571428,D:\AprPanama2025_fixed\041225_experimental\041225PA_experimental_part22.mp4,1900-01-02 04:10:40.900,612
388018,273,184,1.5,120.0,146.0,157.8,D:\AprPanama2025_fixed\041225_experimental\041225PA_experimental_part22.mp4,1900-01-02 04:10:41.800,613
388014,272,183,2.0,118.0,179.0,239.5,D:\AprPanama2025_fixed\041225_experimental\041225PA_experimental_part22.mp4,1900-01-02 04:10:41.400,612
388013,272,183,3.5,121.0,181.0,234.875,D:\AprPanama2025_fixed\041225_experimental\041225PA_experimental_part22.mp4,1900-01-02 04:10:41.300,612
388019,272,183,3.0,112.0,165.0,113.57142857142856,D:\AprPanama2025_fixed\041225_experimental\041225PA_experimental_part22.mp4,1900-01-02 04:10:41.900,612
388017,273,183,1.5,123.0,150.0,217.8333333333333,D:\AprPanama2025_fixed\041225_experimental\041225PA_experimental_part22.mp4,1900-01-02 04:10:41.700,613
388012,272,183,3.5,121.0,181.0,234.875,D:\AprPanama2025_fixed\041225_experimental\041225PA_experimental_part22.mp4,1900-01-02 04:10:41.200,612
389576,28,111,2.5,115.0,156.0,185.0,D:\AprPanama2025_fixed\041225_experimental\041225PA_experimental_part22.mp4,1900-01-02 04:13:17.600,368
389578,28,110,5.5,117.0,173.0,227.63636363636363,D:\AprPanama2025_fixed\041225_experimental\041225PA_experimental_part22.mp4,1900-01-02 04:13:17.800,368
389577,28,111,6.5,111.0,173.0,178.75,D:\AprPanama2025_fixed\041225_experimental\041225PA_experimental_part22.mp4,1900-01-02 04:13:17.700,368
389579,27,110,5.5,120.0,178.0,232.8181818181818,D:\AprPanama2025_fixed\041225_experimental\041225PA_experimental_part22.mp4,1900-01-02 04:13:17.900,367
389582,27,108,4.0,112.0,161.0,237.4,D:\AprPanama2025_fixed\041225_experimental\041225PA_experimental_part22.mp4,1900-01-02 04:13:18.200,367
389581,28,109,4.0,117.0,177.0,225.1818181818182,D:\AprPanama2025_fixed\041225_experimental\041225PA_experimental_part22.mp4,1900-01-02 04:13:18.100,368
389586,27,106,1.5,129.0,153.0,255.0,D:\AprPanama2025_fixed\041225_experimental\041225PA_experimental_part22.mp4,1900-01-02 04:13:18.600,367
389583,28,108,2.5,118.0,169.0,225.875,D:\AprPanama2025_fixed\041225_experimental\041225PA_experimental_part22.mp4,1900-01-02 04:13:18.300,368
389584,29,107,5.5,112.0,167.0,210.45454545454547,D:\AprPanama2025_fixed\041225_experimental\041225PA_experimental_part22.mp4,1900-01-02 04:13:18.400,369
389580,28,109,4.5,112.0,153.0,221.8,D:\AprPanama2025_fixed\041225_experimental\041225PA_experimental_part22.mp4,1900-01-02 04:13:18.000,368
389596,29,101,2.0,121.0,169.0,92.0,D:\AprPanama2025_fixed\041225_experimental\041225PA_experimental_part22.mp4,1900-01-02 04:13:19.600,369
392327,165,111,1.5,129.0,176.0,229.0,D:\AprPanama2025_fixed\041225_experimental\041225PA_experimental_part22.mp4,1900-01-02 04:17:52.700,505
392328,165,111,2.5,126.0,154.0,191.0,D:\AprPanama2025_fixed\041225_experimental\041225PA_experimental_part22.mp4,1900-01-02 04:17:52.800,505
392326,165,111,1.5,118.0,176.0,228.5,D:\AprPanama2025_fixed\041225_experimental\041225PA_experimental_part22.mp4,1900-01-02 04:17:52.600,505
392331,164,111,2.0,119.0,154.0,162.66666666666666,D:\AprPanama2025_fixed\041225_experimental\041225PA_experimental_part22.mp4,1900-01-02 04:17:53.100,504
392333,164,111,2.5,113.0,148.0,147.0,D:\AprPanama2025_fixed\041225_experimental\041225PA_experimental_part22.mp4,1900-01-02 04:17:53.300,504
392332,164,111,2.5,112.0,148.0,149.0,D:\AprPanama2025_fixed\041225_experimental\041225PA_experimental_part22.mp4,1900-01-02 04:17:53.200,504
392849,1014,114,6.5,101.0,155.0,242.8333333333333,D:\AprPanama2025_fixed\041225_experimental\041225PA_experimental_part22.mp4,1900-01-02 04:18:44.900,1354
392849,1014,113,2.0,101.0,142.0,235.6,D:\AprPanama2025_fixed\041225_experimental\041225PA_experimental_part22.mp4,1900-01-02 04:18:44.900,1354
392847,1013,113,4.5,118.0,165.0,241.27272727272728,D:\AprPanama2025_fixed\041225_experimental\041225PA_experimental_part22.mp4,1900-01-02 04:18:44.700,1353
392848,1012,113,3.0,121.0,172.0,246.9,D:\AprPanama2025_fixed\041225_experimental\041225PA_experimental_part22.mp4,1900-01-02 04:18:44.800,1352
392858,1151,56,3.5,117.0,173.0,243.0,D:\AprPanama2025_fixed\041225_experimental\041225PA_experimental_part22.mp4,1900-01-02 04:18:45.800,1491
392857,1151,56,3.0,111.0,158.0,246.875,D:\AprPanama2025_fixed\041225_experimental\041225PA_experimental_part22.mp4,1900-01-02 04:18:45.700,1491
392852,1011,113,3.5,128.0,164.0,216.0,D:\AprPanama2025_fixed\041225_experimental\041225PA_experimental_part22.mp4,1900-01-02 04:18:45.200,1351
392859,1151,56,2.5,127.0,171.0,251.7142857142857,D:\AprPanama2025_fixed\041225_experimental\041225PA_experimental_part22.mp4,1900-01-02 04:18:45.900,1491
392865,1150,54,1.5,112.0,167.0,242.8,D:\AprPanama2025_fixed\041225_experimental\041225PA_experimental_part22.mp4,1900-01-02 04:18:46.500,1490
392863,1151,54,6.0,117.0,176.0,242.72727272727275,D:\AprPanama2025_fixed\041225_experimental\041225PA_experimental_part22.mp4,1900-01-02 04:18:46.300,1491
392862,1151,55,5.5,111.0,164.0,245.45454545454547,D:\AprPanama2025_fixed\041225_experimental\041225PA_experimental_part22.mp4,1900-01-02 04:18:46.200,1491
392866,1152,54,1.5,119.0,146.0,248.6,D:\AprPanama2025_fixed\041225_experimental\041225PA_experimental_part22.mp4,1900-01-02 04:18:46.600,1492
392864,1150,55,5.0,114.0,170.0,229.3,D:\AprPanama2025_fixed\041225_experimental\041225PA_experimental_part22.mp4,1900-01-02 04:18:46.400,1490
392861,1150,55,3.0,117.0,158.0,252.28571428571428,D:\AprPanama2025_fixed\041225_experimental\041225PA_experimental_part22.mp4,1900-01-02 04:18:46.100,1490
392860,1151,56,4.5,123.0,179.0,247.8,D:\AprPanama2025_fixed\041225_experimental\041225PA_experimental_part22.mp4,1900-01-02 04:18:46.000,1491
392878,1159,53,10.0,123.0,179.0,227.2941176470588,D:\AprPanama2025_fixed\041225_experimental\041225PA_experimental_part22.mp4,1900-01-02 04:18:47.800,1499
392881,1160,52,6.0,115.0,178.0,222.6923076923077,D:\AprPanama2025_fixed\041225_experimental\041225PA_experimental_part22.mp4,1900-01-02 04:18:48.100,1500
392879,1159,53,11.0,89.0,179.0,226.1111111111111,D:\AprPanama2025_fixed\041225_experimental\041225PA_experimental_part22.mp4,1900-01-02 04:18:47.900,1499
392879,1160,53,2.0,89.0,177.0,222.8,D:\AprPanama2025_fixed\041225_experimental\041225PA_experimental_part22.mp4,1900-01-02 04:18:47.900,1500
392882,1159,52,1.5,117.0,159.0,254.6,D:\AprPanama2025_fixed\041225_experimental\041225PA_experimental_part22.mp4,1900-01-02 04:18:48.200,1499
392883,1159,52,1.5,119.0,161.0,226.4,D:\AprPanama2025_fixed\041225_experimental\041225PA_experimental_part22.mp4,1900-01-02 04:18:48.300,1499
392880,1159,52,4.0,120.0,179.0,221.63636363636363,D:\AprPanama2025_fixed\041225_experimental\041225PA_experimental_part22.mp4,1900-01-02 04:18:48.000,1499
392877,1159,53,9.0,113.0,178.0,216.6875,D:\AprPanama2025_fixed\041225_experimental\041225PA_experimental_part22.mp4,1900-01-02 04:18:47.700,1499
392876,1160,52,4.5,122.0,179.0,245.5,D:\AprPanama2025_fixed\041225_experimental\041225PA_experimental_part22.mp4,1900-01-02 04:18:47.600,1500
392885,1160,52,1.5,111.0,159.0,242.6,D:\AprPanama2025_fixed\041225_experimental\041225PA_experimental_part22.mp4,1900-01-02 04:18:48.500,1500
392884,1160,52,3.0,113.0,164.0,180.375,D:\AprPanama2025_fixed\041225_experimental\041225PA_experimental_part22.mp4,1900-01-02 04:18:48.400,1500
398014,741,51,3.0,112.0,171.0,227.66666666666663,D:\AprPanama2025_fixed\041225_experimental\041225PA_experimental_part23.mp4,1900-01-02 04:27:21.400,1081
398017,740,51,2.5,134.0,174.0,242.7142857142857,D:\AprPanama2025_fixed\041225_experimental\041225PA_experimental_part23.mp4,1900-01-02 04:27:21.700,1080
398016,740,51,2.0,112.0,177.0,221.66666666666663,D:\AprPanama2025_fixed\041225_experimental\041225PA_experimental_part23.mp4,1900-01-02 04:27:21.600,1080
398015,741,51,1.5,121.0,170.0,233.8333333333333,D:\AprPanama2025_fixed\041225_experimental\041225PA_experimental_part23.mp4,1900-01-02 04:27:21.500,1081
398018,740,51,2.5,134.0,174.0,242.7142857142857,D:\AprPanama2025_fixed\041225_experimental\041225PA_experimental_part23.mp4,1900-01-02 04:27:21.800,1080
398020,740,50,2.0,115.0,159.0,233.66666666666663,D:\AprPanama2025_fixed\041225_experimental\041225PA_experimental_part23.mp4,1900-01-02 04:27:22.000,1080
398021,740,50,2.0,115.0,159.0,233.66666666666663,D:\AprPanama2025_fixed\041225_experimental\041225PA_experimental_part23.mp4,1900-01-02 04:27:22.100,1080
398019,740,51,3.0,112.0,169.0,225.625,D:\AprPanama2025_fixed\041225_experimental\041225PA_experimental_part23.mp4,1900-01-02 04:27:21.900,1080
398041,509,149,7.5,111.0,178.0,235.2142857142857,D:\AprPanama2025_fixed\041225_experimental\041225PA_experimental_part23.mp4,1900-01-02 04:27:24.100,849
398040,509,149,8.0,111.0,165.0,195.28571428571428,D:\AprPanama2025_fixed\041225_experimental\041225PA_experimental_part23.mp4,1900-01-02 04:27:24.000,849
398042,509,149,6.0,117.0,178.0,237.91666666666663,D:\AprPanama2025_fixed\041225_experimental\041225PA_experimental_part23.mp4,1900-01-02 04:27:24.200,849
398047,509,149,5.0,113.0,159.0,206.3,D:\AprPanama2025_fixed\041225_experimental\041225PA_experimental_part23.mp4,1900-01-02 04:27:24.700,849
398048,509,149,5.0,113.0,159.0,206.3,D:\AprPanama2025_fixed\041225_experimental\041225PA_experimental_part23.mp4,1900-01-02 04:27:24.800,849
398045,509,150,6.5,118.0,175.0,237.5,D:\AprPanama2025_fixed\041225_experimental\041225PA_experimental_part23.mp4,1900-01-02 04:27:24.500,849
398046,509,150,6.5,118.0,175.0,237.5,D:\AprPanama2025_fixed\041225_experimental\041225PA_experimental_part23.mp4,1900-01-02 04:27:24.600,849
398044,509,150,6.5,118.0,175.0,237.5,D:\AprPanama2025_fixed\041225_experimental\041225PA_experimental_part23.mp4,1900-01-02 04:27:24.400,849
398050,509,149,2.0,116.0,146.0,227.0,D:\AprPanama2025_fixed\041225_experimental\041225PA_experimental_part23.mp4,1900-01-02 04:27:25.000,849
398049,509,149,2.0,112.0,154.0,220.57142857142856,D:\AprPanama2025_fixed\041225_experimental\041225PA_experimental_part23.mp4,1900-01-02 04:27:24.900,849
398043,509,150,6.5,131.0,179.0,242.16666666666663,D:\AprPanama2025_fixed\041225_experimental\041225PA_experimental_part23.mp4,1900-01-02 04:27:24.300,849
398055,509,150,2.0,123.0,163.0,114.5,D:\AprPanama2025_fixed\041225_experimental\041225PA_experimental_part23.mp4,1900-01-02 04:27:25.500,849
398266,512,30,2.5,122.0,179.0,237.3333333333333,D:\AprPanama2025_fixed\041225_experimental\041225PA_experimental_part23.mp4,1900-01-02 04:27:46.600,852
398268,512,30,4.0,115.0,179.0,226.75,D:\AprPanama2025_fixed\041225_experimental\041225PA_experimental_part23.mp4,1900-01-02 04:27:46.800,852
398267,512,30,4.0,115.0,179.0,226.75,D:\AprPanama2025_fixed\041225_experimental\041225PA_experimental_part23.mp4,1900-01-02 04:27:46.700,852
399833,1103,32,1.5,115.0,156.0,222.3333333333333,D:\AprPanama2025_fixed\041225_experimental\041225PA_experimental_part23.mp4,1900-01-02 04:30:23.300,1443
399831,1104,32,4.0,111.0,168.0,241.44444444444443,D:\AprPanama2025_fixed\041225_experimental\041225PA_experimental_part23.mp4,1900-01-02 04:30:23.100,1444
399830,1104,32,3.0,115.0,169.0,233.25,D:\AprPanama2025_fixed\041225_experimental\041225PA_experimental_part23.mp4,1900-01-02 04:30:23.000,1444
399832,1105,32,2.0,113.0,168.0,254.14285714285717,D:\AprPanama2025_fixed\041225_experimental\041225PA_experimental_part23.mp4,1900-01-02 04:30:23.200,1445
400279,619,91,8.0,130.0,176.0,245.64285714285717,D:\AprPanama2025_fixed\041225_experimental\041225PA_experimental_part23.mp4,1900-01-02 04:31:07.900,959
400278,619,91,8.5,117.0,177.0,248.0,D:\AprPanama2025_fixed\041225_experimental\041225PA_experimental_part23.mp4,1900-01-02 04:31:07.800,959
400281,618,91,7.5,120.0,175.0,249.61538461538464,D:\AprPanama2025_fixed\041225_experimental\041225PA_experimental_part23.mp4,1900-01-02 04:31:08.100,958
400280,619,91,8.0,130.0,176.0,246.14285714285717,D:\AprPanama2025_fixed\041225_experimental\041225PA_experimental_part23.mp4,1900-01-02 04:31:08.000,959
400276,619,91,6.5,116.0,179.0,242.66666666666663,D:\AprPanama2025_fixed\041225_experimental\041225PA_experimental_part23.mp4,1900-01-02 04:31:07.600,959
400277,619,91,6.5,116.0,178.0,244.0833333333333,D:\AprPanama2025_fixed\041225_experimental\041225PA_experimental_part23.mp4,1900-01-02 04:31:07.700,959
400275,619,91,2.5,119.0,158.0,240.85714285714283,D:\AprPanama2025_fixed\041225_experimental\041225PA_experimental_part23.mp4,1900-01-02 04:31:07.500,959
400282,618,91,5.5,133.0,175.0,253.54545454545456,D:\AprPanama2025_fixed\041225_experimental\041225PA_experimental_part23.mp4,1900-01-02 04:31:08.200,958
400285,619,91,5.0,118.0,173.0,253.0,D:\AprPanama2025_fixed\041225_experimental\041225PA_experimental_part23.mp4,1900-01-02 04:31:08.500,959
400288,618,91,2.5,113.0,175.0,243.0,D:\AprPanama2025_fixed\041225_experimental\041225PA_experimental_part23.mp4,1900-01-02 04:31:08.800,958
400283,618,91,5.5,126.0,175.0,253.63636363636363,D:\AprPanama2025_fixed\041225_experimental\041225PA_experimental_part23.mp4,1900-01-02 04:31:08.300,958
400287,618,90,1.5,132.0,174.0,251.16666666666663,D:\AprPanama2025_fixed\041225_experimental\041225PA_experimental_part23.mp4,1900-01-02 04:31:08.700,958
400284,618,91,5.5,119.0,175.0,253.63636363636363,D:\AprPanama2025_fixed\041225_experimental\041225PA_experimental_part23.mp4,1900-01-02 04:31:08.400,958
400286,619,91,5.0,118.0,173.0,253.0,D:\AprPanama2025_fixed\041225_experimental\041225PA_experimental_part23.mp4,1900-01-02 04:31:08.600,959
400296,618,90,2.0,131.0,173.0,204.5,D:\AprPanama2025_fixed\041225_experimental\041225PA_experimental_part23.mp4,1900-01-02 04:31:09.600,958
400292,618,90,2.0,150.0,179.0,244.8333333333333,D:\AprPanama2025_fixed\041225_experimental\041225PA_experimental_part23.mp4,1900-01-02 04:31:09.200,958
400295,618,90,2.0,132.0,175.0,211.16666666666663,D:\AprPanama2025_fixed\041225_experimental\041225PA_experimental_part23.mp4,1900-01-02 04:31:09.500,958
400291,618,91,4.0,111.0,172.0,224.1111111111111,D:\AprPanama2025_fixed\041225_experimental\041225PA_experimental_part23.mp4,1900-01-02 04:31:09.100,958
400293,618,90,2.0,123.0,178.0,231.0,D:\AprPanama2025_fixed\041225_experimental\041225PA_experimental_part23.mp4,1900-01-02 04:31:09.300,958
400294,618,90,2.0,130.0,175.0,212.8333333333333,D:\AprPanama2025_fixed\041225_experimental\041225PA_experimental_part23.mp4,1900-01-02 04:31:09.400,958
400299,618,90,1.5,118.0,140.0,111.4,D:\AprPanama2025_fixed\041225_experimental\041225PA_experimental_part23.mp4,1900-01-02 04:31:09.900,958
402897,500,183,3.5,138.0,176.0,244.3333333333333,D:\AprPanama2025_fixed\041225_experimental\041225PA_experimental_part23.mp4,1900-01-02 04:35:29.700,840
402898,500,182,6.5,117.0,177.0,242.23076923076923,D:\AprPanama2025_fixed\041225_experimental\041225PA_experimental_part23.mp4,1900-01-02 04:35:29.800,840
402903,500,182,6.5,129.0,178.0,245.30769230769232,D:\AprPanama2025_fixed\041225_experimental\041225PA_experimental_part23.mp4,1900-01-02 04:35:30.300,840
402902,500,182,7.0,116.0,179.0,244.07142857142856,D:\AprPanama2025_fixed\041225_experimental\041225PA_experimental_part23.mp4,1900-01-02 04:35:30.200,840
402901,500,182,7.0,120.0,179.0,248.28571428571428,D:\AprPanama2025_fixed\041225_experimental\041225PA_experimental_part23.mp4,1900-01-02 04:35:30.100,840
402900,500,182,6.5,119.0,179.0,250.46153846153848,D:\AprPanama2025_fixed\041225_experimental\041225PA_experimental_part23.mp4,1900-01-02 04:35:30.000,840
402906,500,182,5.5,126.0,177.0,249.63636363636363,D:\AprPanama2025_fixed\041225_experimental\041225PA_experimental_part23.mp4,1900-01-02 04:35:30.600,840
402904,500,182,6.5,119.0,178.0,246.6923076923077,D:\AprPanama2025_fixed\041225_experimental\041225PA_experimental_part23.mp4,1900-01-02 04:35:30.400,840
402905,500,182,6.5,119.0,178.0,246.6923076923077,D:\AprPanama2025_fixed\041225_experimental\041225PA_experimental_part23.mp4,1900-01-02 04:35:30.500,840
402899,500,182,6.5,117.0,177.0,242.23076923076923,D:\AprPanama2025_fixed\041225_experimental\041225PA_experimental_part23.mp4,1900-01-02 04:35:29.900,840
402910,500,182,3.0,129.0,178.0,243.85714285714283,D:\AprPanama2025_fixed\041225_experimental\041225PA_experimental_part23.mp4,1900-01-02 04:35:31.000,840
402911,500,182,3.0,130.0,179.0,236.7142857142857,D:\AprPanama2025_fixed\041225_experimental\041225PA_experimental_part23.mp4,1900-01-02 04:35:31.100,840
402909,500,182,3.5,116.0,177.0,251.75,D:\AprPanama2025_fixed\041225_experimental\041225PA_experimental_part23.mp4,1900-01-02 04:35:30.900,840
402907,499,182,4.5,127.0,177.0,245.55555555555557,D:\AprPanama2025_fixed\041225_experimental\041225PA_experimental_part23.mp4,1900-01-02 04:35:30.700,839
402908,500,182,5.5,116.0,179.0,249.45454545454547,D:\AprPanama2025_fixed\041225_experimental\041225PA_experimental_part23.mp4,1900-01-02 04:35:30.800,840
402912,500,182,3.0,130.0,178.0,226.57142857142856,D:\AprPanama2025_fixed\041225_experimental\041225PA_experimental_part23.mp4,1900-01-02 04:35:31.200,840
402914,499,182,2.5,120.0,169.0,216.0,D:\AprPanama2025_fixed\041225_experimental\041225PA_experimental_part23.mp4,1900-01-02 04:35:31.400,839
402913,500,182,3.0,130.0,178.0,226.57142857142856,D:\AprPanama2025_fixed\041225_experimental\041225PA_experimental_part23.mp4,1900-01-02 04:35:31.300,840
402916,499,182,3.5,113.0,166.0,146.5,D:\AprPanama2025_fixed\041225_experimental\041225PA_experimental_part23.mp4,1900-01-02 04:35:31.600,839
402915,499,182,2.5,120.0,169.0,216.0,D:\AprPanama2025_fixed\041225_experimental\041225PA_experimental_part23.mp4,1900-01-02 04:35:31.500,839
402922,545,63,5.0,113.0,178.0,220.1818181818182,D:\AprPanama2025_fixed\041225_experimental\041225PA_experimental_part23.mp4,1900-01-02 04:35:32.200,885
402928,546,63,14.0,124.0,179.0,243.72727272727275,D:\AprPanama2025_fixed\041225_experimental\041225PA_experimental_part23.mp4,1900-01-02 04:35:32.800,886
402928,761,73,26.5,117.0,179.0,249.13888888888889,D:\AprPanama2025_fixed\041225_experimental\041225PA_experimental_part23.mp4,1900-01-02 04:35:32.800,1101
402927,546,63,14.0,133.0,179.0,245.63636363636363,D:\AprPanama2025_fixed\041225_experimental\041225PA_experimental_part23.mp4,1900-01-02 04:35:32.700,886
402927,762,73,19.0,134.0,179.0,249.25,D:\AprPanama2025_fixed\041225_experimental\041225PA_experimental_part23.mp4,1900-01-02 04:35:32.700,1102
402923,545,63,8.0,134.0,176.0,236.35714285714283,D:\AprPanama2025_fixed\041225_experimental\041225PA_experimental_part23.mp4,1900-01-02 04:35:32.300,885
402926,546,63,14.0,121.0,179.0,244.6818181818182,D:\AprPanama2025_fixed\041225_experimental\041225PA_experimental_part23.mp4,1900-01-02 04:35:32.600,886
402926,762,73,13.5,124.0,179.0,250.04761904761904,D:\AprPanama2025_fixed\041225_experimental\041225PA_experimental_part23.mp4,1900-01-02 04:35:32.600,1102
402925,545,63,12.5,123.0,179.0,245.2,D:\AprPanama2025_fixed\041225_experimental\041225PA_experimental_part23.mp4,1900-01-02 04:35:32.500,885
402930,546,63,14.0,121.0,179.0,245.54545454545456,D:\AprPanama2025_fixed\041225_experimental\041225PA_experimental_part23.mp4,1900-01-02 04:35:33.000,886
402930,761,73,24.0,118.0,179.0,250.1764705882353,D:\AprPanama2025_fixed\041225_experimental\041225PA_experimental_part23.mp4,1900-01-02 04:35:33.000,1101
402929,546,63,14.0,132.0,179.0,245.95454545454547,D:\AprPanama2025_fixed\041225_experimental\041225PA_experimental_part23.mp4,1900-01-02 04:35:32.900,886
402929,761,73,26.0,127.0,179.0,248.5142857142857,D:\AprPanama2025_fixed\041225_experimental\041225PA_experimental_part23.mp4,1900-01-02 04:35:32.900,1101
402924,545,63,12.0,130.0,179.0,247.15789473684208,D:\AprPanama2025_fixed\041225_experimental\041225PA_experimental_part23.mp4,1900-01-02 04:35:32.400,885
402936,545,63,9.0,112.0,179.0,247.625,D:\AprPanama2025_fixed\041225_experimental\041225PA_experimental_part23.mp4,1900-01-02 04:35:33.600,885
402936,761,73,21.5,124.0,179.0,252.7096774193548,D:\AprPanama2025_fixed\041225_experimental\041225PA_experimental_part23.mp4,1900-01-02 04:35:33.600,1101
402931,546,63,14.0,112.0,179.0,244.0909090909091,D:\AprPanama2025_fixed\041225_experimental\041225PA_experimental_part23.mp4,1900-01-02 04:35:33.100,886
402931,761,73,25.0,122.0,179.0,249.54285714285717,D:\AprPanama2025_fixed\041225_experimental\041225PA_experimental_part23.mp4,1900-01-02 04:35:33.100,1101
402937,545,63,9.0,112.0,179.0,247.625,D:\AprPanama2025_fixed\041225_experimental\041225PA_experimental_part23.mp4,1900-01-02 04:35:33.700,885
402937,761,73,20.5,116.0,179.0,252.83333333333331,D:\AprPanama2025_fixed\041225_experimental\041225PA_experimental_part23.mp4,1900-01-02 04:35:33.700,1101
402934,545,63,10.0,132.0,179.0,250.52941176470588,D:\AprPanama2025_fixed\041225_experimental\041225PA_experimental_part23.mp4,1900-01-02 04:35:33.400,885
402934,761,72,24.0,112.0,179.0,244.23529411764704,D:\AprPanama2025_fixed\041225_experimental\041225PA_experimental_part23.mp4,1900-01-02 04:35:33.400,1101
402938,545,63,8.5,128.0,179.0,247.46666666666667,D:\AprPanama2025_fixed\041225_experimental\041225PA_experimental_part23.mp4,1900-01-02 04:35:33.800,885
402938,761,73,19.5,112.0,179.0,253.0,D:\AprPanama2025_fixed\041225_experimental\041225PA_experimental_part23.mp4,1900-01-02 04:35:33.800,1101
402935,545,63,10.0,117.0,179.0,248.8823529411765,D:\AprPanama2025_fixed\041225_experimental\041225PA_experimental_part23.mp4,1900-01-02 04:35:33.500,885
402935,761,72,22.5,112.0,179.0,247.03125,D:\AprPanama2025_fixed\041225_experimental\041225PA_experimental_part23.mp4,1900-01-02 04:35:33.500,1101
402932,545,63,10.5,125.0,179.0,251.6111111111111,D:\AprPanama2025_fixed\041225_experimental\041225PA_experimental_part23.mp4,1900-01-02 04:35:33.200,885
402932,761,73,28.0,118.0,179.0,247.9736842105263,D:\AprPanama2025_fixed\041225_experimental\041225PA_experimental_part23.mp4,1900-01-02 04:35:33.200,1101
402933,545,63,10.5,116.0,179.0,250.7222222222222,D:\AprPanama2025_fixed\041225_experimental\041225PA_experimental_part23.mp4,1900-01-02 04:35:33.300,885
402933,761,72,24.0,119.0,179.0,244.2058823529412,D:\AprPanama2025_fixed\041225_experimental\041225PA_experimental_part23.mp4,1900-01-02 04:35:33.300,1101
402946,545,63,3.0,144.0,184.0,248.0,D:\AprPanama2025_fixed\041225_experimental\041225PA_experimental_part23.mp4,1900-01-02 04:35:34.600,885
402946,761,73,8.5,136.0,179.0,245.13333333333333,D:\AprPanama2025_fixed\041225_experimental\041225PA_experimental_part23.mp4,1900-01-02 04:35:34.600,1101
402940,545,63,8.5,128.0,179.0,247.46666666666667,D:\AprPanama2025_fixed\041225_experimental\041225PA_experimental_part23.mp4,1900-01-02 04:35:34.000,885
402940,761,73,15.0,126.0,179.0,250.69565217391303,D:\AprPanama2025_fixed\041225_experimental\041225PA_experimental_part23.mp4,1900-01-02 04:35:34.000,1101
402942,545,63,8.5,113.0,177.0,220.06666666666663,D:\AprPanama2025_fixed\041225_experimental\041225PA_experimental_part23.mp4,1900-01-02 04:35:34.200,885
402942,761,73,12.0,115.0,181.0,239.3,D:\AprPanama2025_fixed\041225_experimental\041225PA_experimental_part23.mp4,1900-01-02 04:35:34.200,1101
402945,545,63,5.0,112.0,181.0,215.63636363636363,D:\AprPanama2025_fixed\041225_experimental\041225PA_experimental_part23.mp4,1900-01-02 04:35:34.500,885
402945,761,73,9.5,116.0,178.0,242.125,D:\AprPanama2025_fixed\041225_experimental\041225PA_experimental_part23.mp4,1900-01-02 04:35:34.500,1101
402941,545,63,7.5,137.0,179.0,221.7692307692308,D:\AprPanama2025_fixed\041225_experimental\041225PA_experimental_part23.mp4,1900-01-02 04:35:34.100,885
402941,761,73,15.0,125.0,179.0,244.8695652173913,D:\AprPanama2025_fixed\041225_experimental\041225PA_experimental_part23.mp4,1900-01-02 04:35:34.100,1101
402939,545,63,8.5,128.0,179.0,247.46666666666667,D:\AprPanama2025_fixed\041225_experimental\041225PA_experimental_part23.mp4,1900-01-02 04:35:33.900,885
402939,761,72,19.5,112.0,179.0,249.68965517241375,D:\AprPanama2025_fixed\041225_experimental\041225PA_experimental_part23.mp4,1900-01-02 04:35:33.900,1101
402944,545,63,7.0,120.0,179.0,217.46153846153848,D:\AprPanama2025_fixed\041225_experimental\041225PA_experimental_part23.mp4,1900-01-02 04:35:34.400,885
402944,761,73,10.5,129.0,179.0,245.05882352941177,D:\AprPanama2025_fixed\041225_experimental\041225PA_experimental_part23.mp4,1900-01-02 04:35:34.400,1101
402943,545,63,8.0,117.0,175.0,218.5,D:\AprPanama2025_fixed\041225_experimental\041225PA_experimental_part23.mp4,1900-01-02 04:35:34.300,885
402943,761,73,12.0,115.0,181.0,239.3,D:\AprPanama2025_fixed\041225_experimental\041225PA_experimental_part23.mp4,1900-01-02 04:35:34.300,1101
402951,545,63,2.0,111.0,174.0,247.3333333333333,D:\AprPanama2025_fixed\041225_experimental\041225PA_experimental_part23.mp4,1900-01-02 04:35:35.100,885
402951,760,74,3.5,131.0,169.0,254.875,D:\AprPanama2025_fixed\041225_experimental\041225PA_experimental_part23.mp4,1900-01-02 04:35:35.100,1100
402949,545,63,3.0,118.0,174.0,203.75,D:\AprPanama2025_fixed\041225_experimental\041225PA_experimental_part23.mp4,1900-01-02 04:35:34.900,885
402949,760,73,6.5,116.0,175.0,244.0833333333333,D:\AprPanama2025_fixed\041225_experimental\041225PA_experimental_part23.mp4,1900-01-02 04:35:34.900,1100
402948,545,63,3.0,126.0,178.0,214.0,D:\AprPanama2025_fixed\041225_experimental\041225PA_experimental_part23.mp4,1900-01-02 04:35:34.800,885
402948,760,73,7.5,113.0,179.0,239.0769230769231,D:\AprPanama2025_fixed\041225_experimental\041225PA_experimental_part23.mp4,1900-01-02 04:35:34.800,1100
402950,545,63,2.5,117.0,170.0,182.0,D:\AprPanama2025_fixed\041225_experimental\041225PA_experimental_part23.mp4,1900-01-02 04:35:35.000,885
402950,760,74,3.5,131.0,169.0,254.875,D:\AprPanama2025_fixed\041225_experimental\041225PA_experimental_part23.mp4,1900-01-02 04:35:35.000,1100
402947,545,63,3.0,144.0,184.0,248.0,D:\AprPanama2025_fixed\041225_experimental\041225PA_experimental_part23.mp4,1900-01-02 04:35:34.700,885
402947,760,73,7.5,113.0,179.0,239.0769230769231,D:\AprPanama2025_fixed\041225_experimental\041225PA_experimental_part23.mp4,1900-01-02 04:35:34.700,1100
402952,545,63,2.5,111.0,169.0,216.57142857142856,D:\AprPanama2025_fixed\041225_experimental\041225PA_experimental_part23.mp4,1900-01-02 04:35:35.200,885
402952,760,73,2.0,119.0,163.0,254.8333333333333,D:\AprPanama2025_fixed\041225_experimental\041225PA_experimental_part23.mp4,1900-01-02 04:35:35.200,1100
402955,760,73,2.0,131.0,163.0,233.8333333333333,D:\AprPanama2025_fixed\041225_experimental\041225PA_experimental_part23.mp4,1900-01-02 04:35:35.500,1100
402965,571,201,5.5,113.0,178.0,238.63636363636363,D:\AprPanama2025_fixed\041225_experimental\041225PA_experimental_part23.mp4,1900-01-02 04:35:36.500,911
402970,570,201,5.0,131.0,175.0,238.3,D:\AprPanama2025_fixed\041225_experimental\041225PA_experimental_part23.mp4,1900-01-02 04:35:37.000,910
402968,570,201,5.5,124.0,178.0,250.8181818181818,D:\AprPanama2025_fixed\041225_experimental\041225PA_experimental_part23.mp4,1900-01-02 04:35:36.800,910
402963,571,201,3.5,128.0,159.0,242.375,D:\AprPanama2025_fixed\041225_experimental\041225PA_experimental_part23.mp4,1900-01-02 04:35:36.300,911
402967,570,201,5.5,124.0,178.0,244.8181818181818,D:\AprPanama2025_fixed\041225_experimental\041225PA_experimental_part23.mp4,1900-01-02 04:35:36.700,910
402964,571,201,7.0,114.0,179.0,202.3846153846154,D:\AprPanama2025_fixed\041225_experimental\041225PA_experimental_part23.mp4,1900-01-02 04:35:36.400,911
402966,570,201,5.5,124.0,178.0,233.0909090909091,D:\AprPanama2025_fixed\041225_experimental\041225PA_experimental_part23.mp4,1900-01-02 04:35:36.600,910
402969,570,201,5.5,114.0,177.0,247.54545454545456,D:\AprPanama2025_fixed\041225_experimental\041225PA_experimental_part23.mp4,1900-01-02 04:35:36.900,910
402976,570,201,3.5,116.0,176.0,214.0,D:\AprPanama2025_fixed\041225_experimental\041225PA_experimental_part23.mp4,1900-01-02 04:35:37.600,910
402972,570,201,4.0,115.0,179.0,216.1111111111111,D:\AprPanama2025_fixed\041225_experimental\041225PA_experimental_part23.mp4,1900-01-02 04:35:37.200,910
402977,570,201,3.0,111.0,175.0,250.42857142857144,D:\AprPanama2025_fixed\041225_experimental\041225PA_experimental_part23.mp4,1900-01-02 04:35:37.700,910
402975,570,201,3.5,116.0,176.0,214.0,D:\AprPanama2025_fixed\041225_experimental\041225PA_experimental_part23.mp4,1900-01-02 04:35:37.500,910
402973,570,201,3.5,116.0,175.0,230.75,D:\AprPanama2025_fixed\041225_experimental\041225PA_experimental_part23.mp4,1900-01-02 04:35:37.300,910
402978,570,201,2.0,122.0,167.0,155.83333333333331,D:\AprPanama2025_fixed\041225_experimental\041225PA_experimental_part23.mp4,1900-01-02 04:35:37.800,910
402971,570,201,4.0,115.0,174.0,234.44444444444443,D:\AprPanama2025_fixed\041225_experimental\041225PA_experimental_part23.mp4,1900-01-02 04:35:37.100,910
402979,570,201,2.0,122.0,167.0,155.83333333333331,D:\AprPanama2025_fixed\041225_experimental\041225PA_experimental_part23.mp4,1900-01-02 04:35:37.900,910
403581,887,49,7.0,112.0,174.0,201.6923076923077,D:\AprPanama2025_fixed\041225_experimental\041225PA_experimental_part23.mp4,1900-01-02 04:36:38.100,1227
403584,887,48,2.0,115.0,148.0,252.16666666666663,D:\AprPanama2025_fixed\041225_experimental\041225PA_experimental_part23.mp4,1900-01-02 04:36:38.400,1227
403586,886,49,3.5,114.0,163.0,226.2222222222222,D:\AprPanama2025_fixed\041225_experimental\041225PA_experimental_part23.mp4,1900-01-02 04:36:38.600,1226
403582,887,49,10.0,111.0,177.0,234.35294117647055,D:\AprPanama2025_fixed\041225_experimental\041225PA_experimental_part23.mp4,1900-01-02 04:36:38.200,1227
403585,886,49,5.0,114.0,173.0,254.2,D:\AprPanama2025_fixed\041225_experimental\041225PA_experimental_part23.mp4,1900-01-02 04:36:38.500,1226
403579,888,49,1.5,112.0,174.0,191.2,D:\AprPanama2025_fixed\041225_experimental\041225PA_experimental_part23.mp4,1900-01-02 04:36:37.900,1228
403580,888,49,6.0,113.0,174.0,224.8333333333333,D:\AprPanama2025_fixed\041225_experimental\041225PA_experimental_part23.mp4,1900-01-02 04:36:38.000,1228
403583,887,49,7.0,114.0,178.0,235.3846153846154,D:\AprPanama2025_fixed\041225_experimental\041225PA_experimental_part23.mp4,1900-01-02 04:36:38.300,1227
403592,884,47,3.0,114.0,163.0,240.375,D:\AprPanama2025_fixed\041225_experimental\041225PA_experimental_part23.mp4,1900-01-02 04:36:39.200,1224
403588,885,48,4.5,120.0,175.0,245.0,D:\AprPanama2025_fixed\041225_experimental\041225PA_experimental_part23.mp4,1900-01-02 04:36:38.800,1225
403589,884,48,3.0,114.0,169.0,254.875,D:\AprPanama2025_fixed\041225_experimental\041225PA_experimental_part23.mp4,1900-01-02 04:36:38.900,1224
403624,1081,60,3.0,115.0,176.0,247.125,D:\AprPanama2025_fixed\041225_experimental\041225PA_experimental_part23.mp4,1900-01-02 04:36:42.400,1421
403623,1081,60,2.5,138.0,175.0,249.7142857142857,D:\AprPanama2025_fixed\041225_experimental\041225PA_experimental_part23.mp4,1900-01-02 04:36:42.300,1421
403622,1081,60,2.5,146.0,173.0,251.42857142857144,D:\AprPanama2025_fixed\041225_experimental\041225PA_experimental_part23.mp4,1900-01-02 04:36:42.200,1421
403626,1081,60,2.0,121.0,164.0,247.125,D:\AprPanama2025_fixed\041225_experimental\041225PA_experimental_part23.mp4,1900-01-02 04:36:42.600,1421
403629,1081,60,2.0,121.0,164.0,247.125,D:\AprPanama2025_fixed\041225_experimental\041225PA_experimental_part23.mp4,1900-01-02 04:36:42.900,1421
403627,1081,60,2.0,121.0,164.0,247.125,D:\AprPanama2025_fixed\041225_experimental\041225PA_experimental_part23.mp4,1900-01-02 04:36:42.700,1421
403628,1081,60,2.0,121.0,164.0,247.125,D:\AprPanama2025_fixed\041225_experimental\041225PA_experimental_part23.mp4,1900-01-02 04:36:42.800,1421
412768,717,116,20.5,111.0,179.0,248.26666666666665,D:\AprPanama2025_fixed\041225_experimental\041225PA_experimental_part23.mp4,1900-01-02 04:51:56.800,1057
412769,717,117,20.0,116.0,179.0,243.2333333333333,D:\AprPanama2025_fixed\041225_experimental\041225PA_experimental_part23.mp4,1900-01-02 04:51:56.900,1057
412767,717,116,22.0,111.0,178.0,245.0,D:\AprPanama2025_fixed\041225_experimental\041225PA_experimental_part23.mp4,1900-01-02 04:51:56.700,1057
412770,717,117,20.0,116.0,179.0,243.2333333333333,D:\AprPanama2025_fixed\041225_experimental\041225PA_experimental_part23.mp4,1900-01-02 04:51:57.000,1057
412765,718,111,11.0,111.0,179.0,240.4705882352941,D:\AprPanama2025_fixed\041225_experimental\041225PA_experimental_part23.mp4,1900-01-02 04:51:56.500,1058
412766,717,114,13.5,127.0,177.0,247.14285714285717,D:\AprPanama2025_fixed\041225_experimental\041225PA_experimental_part23.mp4,1900-01-02 04:51:56.600,1057
412774,717,117,16.5,114.0,179.0,245.2692307692308,D:\AprPanama2025_fixed\041225_experimental\041225PA_experimental_part23.mp4,1900-01-02 04:51:57.400,1057
412776,717,116,11.5,128.0,179.0,242.7894736842105,D:\AprPanama2025_fixed\041225_experimental\041225PA_experimental_part23.mp4,1900-01-02 04:51:57.600,1057
412772,717,117,18.0,121.0,179.0,247.57142857142856,D:\AprPanama2025_fixed\041225_experimental\041225PA_experimental_part23.mp4,1900-01-02 04:51:57.200,1057
412778,717,115,8.0,117.0,179.0,249.06666666666663,D:\AprPanama2025_fixed\041225_experimental\041225PA_experimental_part23.mp4,1900-01-02 04:51:57.800,1057
412777,717,116,9.0,116.0,179.0,251.23529411764704,D:\AprPanama2025_fixed\041225_experimental\041225PA_experimental_part23.mp4,1900-01-02 04:51:57.700,1057
412771,717,117,18.0,119.0,178.0,242.60714285714283,D:\AprPanama2025_fixed\041225_experimental\041225PA_experimental_part23.mp4,1900-01-02 04:51:57.100,1057
412773,717,117,18.0,114.0,178.0,244.25925925925924,D:\AprPanama2025_fixed\041225_experimental\041225PA_experimental_part23.mp4,1900-01-02 04:51:57.300,1057
412775,717,116,13.5,111.0,179.0,245.22727272727275,D:\AprPanama2025_fixed\041225_experimental\041225PA_experimental_part23.mp4,1900-01-02 04:51:57.500,1057
412785,718,114,1.5,134.0,176.0,217.6,D:\AprPanama2025_fixed\041225_experimental\041225PA_experimental_part23.mp4,1900-01-02 04:51:58.500,1058
412786,718,114,1.5,134.0,176.0,217.6,D:\AprPanama2025_fixed\041225_experimental\041225PA_experimental_part23.mp4,1900-01-02 04:51:58.600,1058
412783,718,115,3.0,119.0,175.0,240.875,D:\AprPanama2025_fixed\041225_experimental\041225PA_experimental_part23.mp4,1900-01-02 04:51:58.300,1058
412782,718,115,4.0,111.0,179.0,243.0,D:\AprPanama2025_fixed\041225_experimental\041225PA_experimental_part23.mp4,1900-01-02 04:51:58.200,1058
412781,718,115,4.0,111.0,179.0,243.0,D:\AprPanama2025_fixed\041225_experimental\041225PA_experimental_part23.mp4,1900-01-02 04:51:58.100,1058
412780,717,115,7.0,122.0,179.0,243.6923076923077,D:\AprPanama2025_fixed\041225_experimental\041225PA_experimental_part23.mp4,1900-01-02 04:51:58.000,1057
412784,718,114,2.5,127.0,177.0,236.42857142857144,D:\AprPanama2025_fixed\041225_experimental\041225PA_experimental_part23.mp4,1900-01-02 04:51:58.400,1058
412779,717,116,7.5,127.0,178.0,245.0,D:\AprPanama2025_fixed\041225_experimental\041225PA_experimental_part23.mp4,1900-01-02 04:51:57.900,1057
413604,757,115,9.0,114.0,179.0,241.1875,D:\AprPanama2025_fixed\041225_experimental\041225PA_experimental_part23.mp4,1900-01-02 04:53:20.400,1097
413609,761,120,25.0,122.0,179.0,244.19444444444443,D:\AprPanama2025_fixed\041225_experimental\041225PA_experimental_part23.mp4,1900-01-02 04:53:20.900,1101
413608,761,120,25.0,120.0,179.0,243.52777777777777,D:\AprPanama2025_fixed\041225_experimental\041225PA_experimental_part23.mp4,1900-01-02 04:53:20.800,1101
413607,761,120,25.0,120.0,179.0,243.52777777777777,D:\AprPanama2025_fixed\041225_experimental\041225PA_experimental_part23.mp4,1900-01-02 04:53:20.700,1101
413605,760,119,20.0,116.0,179.0,249.5,D:\AprPanama2025_fixed\041225_experimental\041225PA_experimental_part23.mp4,1900-01-02 04:53:20.500,1100
413606,760,120,24.5,112.0,179.0,246.14285714285717,D:\AprPanama2025_fixed\041225_experimental\041225PA_experimental_part23.mp4,1900-01-02 04:53:20.600,1100
413610,761,120,25.0,122.0,179.0,245.2222222222222,D:\AprPanama2025_fixed\041225_experimental\041225PA_experimental_part23.mp4,1900-01-02 04:53:21.000,1101
413616,760,120,19.5,112.0,178.0,241.1379310344828,D:\AprPanama2025_fixed\041225_experimental\041225PA_experimental_part23.mp4,1900-01-02 04:53:21.600,1100
413615,760,120,19.5,112.0,178.0,241.1379310344828,D:\AprPanama2025_fixed\041225_experimental\041225PA_experimental_part23.mp4,1900-01-02 04:53:21.500,1100
413618,760,120,14.0,112.0,179.0,247.2173913043478,D:\AprPanama2025_fixed\041225_experimental\041225PA_experimental_part23.mp4,1900-01-02 04:53:21.800,1100
413613,761,120,23.0,124.0,178.0,244.0909090909091,D:\AprPanama2025_fixed\041225_experimental\041225PA_experimental_part23.mp4,1900-01-02 04:53:21.300,1101
413612,761,120,24.5,115.0,179.0,244.37142857142857,D:\AprPanama2025_fixed\041225_experimental\041225PA_experimental_part23.mp4,1900-01-02 04:53:21.200,1101
413611,761,120,25.0,116.0,179.0,242.27777777777777,D:\AprPanama2025_fixed\041225_experimental\041225PA_experimental_part23.mp4,1900-01-02 04:53:21.100,1101
413614,761,120,21.0,124.0,179.0,245.96774193548387,D:\AprPanama2025_fixed\041225_experimental\041225PA_experimental_part23.mp4,1900-01-02 04:53:21.400,1101
413617,760,120,14.0,112.0,179.0,247.2173913043478,D:\AprPanama2025_fixed\041225_experimental\041225PA_experimental_part23.mp4,1900-01-02 04:53:21.700,1100
413621,760,120,5.5,116.0,175.0,245.30769230769232,D:\AprPanama2025_fixed\041225_experimental\041225PA_experimental_part23.mp4,1900-01-02 04:53:22.100,1100
413620,760,120,6.0,114.0,179.0,252.07142857142856,D:\AprPanama2025_fixed\041225_experimental\041225PA_experimental_part23.mp4,1900-01-02 04:53:22.000,1100
413622,761,120,4.5,125.0,171.0,243.0,D:\AprPanama2025_fixed\041225_experimental\041225PA_experimental_part23.mp4,1900-01-02 04:53:22.200,1101
413619,760,120,9.5,114.0,179.0,250.2631578947368,D:\AprPanama2025_fixed\041225_experimental\041225PA_experimental_part23.mp4,1900-01-02 04:53:21.900,1100
414269,569,314,13.0,111.0,179.0,248.7142857142857,D:\AprPanama2025_fixed\041225_experimental\041225PA_experimental_part24.mp4,1900-01-02 04:54:26.900,909
414273,569,316,23.0,113.0,179.0,252.15625,D:\AprPanama2025_fixed\041225_experimental\041225PA_experimental_part24.mp4,1900-01-02 04:54:27.300,909
414272,569,316,23.0,112.0,179.0,251.96875,D:\AprPanama2025_fixed\041225_experimental\041225PA_experimental_part24.mp4,1900-01-02 04:54:27.200,909
414268,570,313,5.5,112.0,177.0,233.0,D:\AprPanama2025_fixed\041225_experimental\041225PA_experimental_part24.mp4,1900-01-02 04:54:26.800,910
414271,569,316,23.0,116.0,179.0,252.24242424242425,D:\AprPanama2025_fixed\041225_experimental\041225PA_experimental_part24.mp4,1900-01-02 04:54:27.100,909
414270,569,316,22.0,112.0,179.0,248.87878787878788,D:\AprPanama2025_fixed\041225_experimental\041225PA_experimental_part24.mp4,1900-01-02 04:54:27.000,909
414275,569,316,23.0,117.0,179.0,249.3125,D:\AprPanama2025_fixed\041225_experimental\041225PA_experimental_part24.mp4,1900-01-02 04:54:27.500,909
414276,569,316,23.0,116.0,179.0,249.0625,D:\AprPanama2025_fixed\041225_experimental\041225PA_experimental_part24.mp4,1900-01-02 04:54:27.600,909
414274,569,316,23.0,114.0,179.0,251.15625,D:\AprPanama2025_fixed\041225_experimental\041225PA_experimental_part24.mp4,1900-01-02 04:54:27.400,909
414279,569,316,16.5,121.0,179.0,249.84,D:\AprPanama2025_fixed\041225_experimental\041225PA_experimental_part24.mp4,1900-01-02 04:54:27.900,909
414277,569,316,22.0,116.0,179.0,248.0,D:\AprPanama2025_fixed\041225_experimental\041225PA_experimental_part24.mp4,1900-01-02 04:54:27.700,909
414280,569,316,13.0,114.0,179.0,253.1818181818182,D:\AprPanama2025_fixed\041225_experimental\041225PA_experimental_part24.mp4,1900-01-02 04:54:28.000,909
414278,569,316,18.0,111.0,179.0,249.3333333333333,D:\AprPanama2025_fixed\041225_experimental\041225PA_experimental_part24.mp4,1900-01-02 04:54:27.800,909
414281,569,316,13.0,114.0,179.0,253.1818181818182,D:\AprPanama2025_fixed\041225_experimental\041225PA_experimental_part24.mp4,1900-01-02 04:54:28.100,909
414284,570,316,2.5,111.0,168.0,244.85714285714283,D:\AprPanama2025_fixed\041225_experimental\041225PA_experimental_part24.mp4,1900-01-02 04:54:28.400,910
414282,569,316,8.0,122.0,177.0,244.33333333333331,D:\AprPanama2025_fixed\041225_experimental\041225PA_experimental_part24.mp4,1900-01-02 04:54:28.200,909
414289,570,315,2.0,138.0,158.0,254.66666666666663,D:\AprPanama2025_fixed\041225_experimental\041225PA_experimental_part24.mp4,1900-01-02 04:54:28.900,910
414283,570,316,5.5,112.0,179.0,250.15384615384616,D:\AprPanama2025_fixed\041225_experimental\041225PA_experimental_part24.mp4,1900-01-02 04:54:28.300,910
414291,570,315,1.5,119.0,166.0,253.8,D:\AprPanama2025_fixed\041225_experimental\041225PA_experimental_part24.mp4,1900-01-02 04:54:29.100,910
414290,570,315,1.5,119.0,166.0,253.8,D:\AprPanama2025_fixed\041225_experimental\041225PA_experimental_part24.mp4,1900-01-02 04:54:29.000,910
415237,463,46,8.5,128.0,179.0,250.8,D:\AprPanama2025_fixed\041225_experimental\041225PA_experimental_part24.mp4,1900-01-02 04:56:03.700,803
415241,463,47,14.0,118.0,179.0,250.77272727272728,D:\AprPanama2025_fixed\041225_experimental\041225PA_experimental_part24.mp4,1900-01-02 04:56:04.100,803
415240,463,47,14.0,118.0,179.0,251.04545454545456,D:\AprPanama2025_fixed\041225_experimental\041225PA_experimental_part24.mp4,1900-01-02 04:56:04.000,803
415239,463,46,12.0,124.0,179.0,252.25,D:\AprPanama2025_fixed\041225_experimental\041225PA_experimental_part24.mp4,1900-01-02 04:56:03.900,803
415238,463,46,12.0,124.0,179.0,252.25,D:\AprPanama2025_fixed\041225_experimental\041225PA_experimental_part24.mp4,1900-01-02 04:56:03.800,803
415236,464,44,6.0,114.0,179.0,245.66666666666663,D:\AprPanama2025_fixed\041225_experimental\041225PA_experimental_part24.mp4,1900-01-02 04:56:03.600,804
415248,463,47,4.0,119.0,166.0,247.88888888888889,D:\AprPanama2025_fixed\041225_experimental\041225PA_experimental_part24.mp4,1900-01-02 04:56:04.800,803
415246,463,47,11.0,112.0,178.0,248.6315789473684,D:\AprPanama2025_fixed\041225_experimental\041225PA_experimental_part24.mp4,1900-01-02 04:56:04.600,803
415244,463,47,13.0,114.0,179.0,251.2380952380952,D:\AprPanama2025_fixed\041225_experimental\041225PA_experimental_part24.mp4,1900-01-02 04:56:04.400,803
415243,463,47,13.0,118.0,179.0,249.9523809523809,D:\AprPanama2025_fixed\041225_experimental\041225PA_experimental_part24.mp4,1900-01-02 04:56:04.300,803
415247,463,47,11.0,118.0,179.0,248.15789473684208,D:\AprPanama2025_fixed\041225_experimental\041225PA_experimental_part24.mp4,1900-01-02 04:56:04.700,803
415249,464,46,7.5,111.0,170.0,229.06666666666663,D:\AprPanama2025_fixed\041225_experimental\041225PA_experimental_part24.mp4,1900-01-02 04:56:04.900,804
415245,463,47,12.0,124.0,179.0,249.95,D:\AprPanama2025_fixed\041225_experimental\041225PA_experimental_part24.mp4,1900-01-02 04:56:04.500,803
415242,463,47,13.0,118.0,179.0,250.42857142857144,D:\AprPanama2025_fixed\041225_experimental\041225PA_experimental_part24.mp4,1900-01-02 04:56:04.200,803
415250,463,47,2.0,113.0,154.0,244.66666666666663,D:\AprPanama2025_fixed\041225_experimental\041225PA_experimental_part24.mp4,1900-01-02 04:56:05.000,803
415251,463,47,1.5,116.0,144.0,238.2,D:\AprPanama2025_fixed\041225_experimental\041225PA_experimental_part24.mp4,1900-01-02 04:56:05.100,803
416340,737,290,25.0,113.0,179.0,242.4,D:\AprPanama2025_fixed\041225_experimental\041225PA_experimental_part24.mp4,1900-01-02 04:57:54.000,1077
416339,736,288,16.0,128.0,179.0,244.5833333333333,D:\AprPanama2025_fixed\041225_experimental\041225PA_experimental_part24.mp4,1900-01-02 04:57:53.900,1076
416341,737,290,26.0,113.0,179.0,242.80555555555557,D:\AprPanama2025_fixed\041225_experimental\041225PA_experimental_part24.mp4,1900-01-02 04:57:54.100,1077
416342,737,291,25.5,115.0,179.0,245.5142857142857,D:\AprPanama2025_fixed\041225_experimental\041225PA_experimental_part24.mp4,1900-01-02 04:57:54.200,1077
416344,737,290,20.0,113.0,179.0,246.1379310344828,D:\AprPanama2025_fixed\041225_experimental\041225PA_experimental_part24.mp4,1900-01-02 04:57:54.400,1077
416343,737,291,22.0,111.0,179.0,246.4193548387097,D:\AprPanama2025_fixed\041225_experimental\041225PA_experimental_part24.mp4,1900-01-02 04:57:54.300,1077
416338,734,286,4.5,114.0,179.0,245.5,D:\AprPanama2025_fixed\041225_experimental\041225PA_experimental_part24.mp4,1900-01-02 04:57:53.800,1074
416345,737,290,19.5,113.0,179.0,247.14285714285717,D:\AprPanama2025_fixed\041225_experimental\041225PA_experimental_part24.mp4,1900-01-02 04:57:54.500,1077
416346,736,290,16.5,115.0,179.0,248.8,D:\AprPanama2025_fixed\041225_experimental\041225PA_experimental_part24.mp4,1900-01-02 04:57:54.600,1076
416350,736,290,15.5,119.0,179.0,247.2083333333333,D:\AprPanama2025_fixed\041225_experimental\041225PA_experimental_part24.mp4,1900-01-02 04:57:55.000,1076
416347,736,290,17.5,112.0,179.0,246.92307692307693,D:\AprPanama2025_fixed\041225_experimental\041225PA_experimental_part24.mp4,1900-01-02 04:57:54.700,1076
416349,736,290,15.5,114.0,178.0,246.0833333333333,D:\AprPanama2025_fixed\041225_experimental\041225PA_experimental_part24.mp4,1900-01-02 04:57:54.900,1076
416351,736,290,15.5,111.0,179.0,247.29166666666663,D:\AprPanama2025_fixed\041225_experimental\041225PA_experimental_part24.mp4,1900-01-02 04:57:55.100,1076
416352,736,290,15.0,111.0,178.0,248.8260869565217,D:\AprPanama2025_fixed\041225_experimental\041225PA_experimental_part24.mp4,1900-01-02 04:57:55.200,1076
416353,736,290,15.0,111.0,178.0,248.8260869565217,D:\AprPanama2025_fixed\041225_experimental\041225PA_experimental_part24.mp4,1900-01-02 04:57:55.300,1076
416348,736,290,16.0,111.0,179.0,239.16,D:\AprPanama2025_fixed\041225_experimental\041225PA_experimental_part24.mp4,1900-01-02 04:57:54.800,1076
416355,736,290,9.5,116.0,179.0,247.16666666666663,D:\AprPanama2025_fixed\041225_experimental\041225PA_experimental_part24.mp4,1900-01-02 04:57:55.500,1076
416358,735,289,9.0,117.0,179.0,217.0,D:\AprPanama2025_fixed\041225_experimental\041225PA_experimental_part24.mp4,1900-01-02 04:57:55.800,1075
416359,736,290,9.5,111.0,179.0,216.625,D:\AprPanama2025_fixed\041225_experimental\041225PA_experimental_part24.mp4,1900-01-02 04:57:55.900,1076
416356,735,290,10.5,116.0,178.0,236.8823529411765,D:\AprPanama2025_fixed\041225_experimental\041225PA_experimental_part24.mp4,1900-01-02 04:57:55.600,1075
416361,735,289,6.5,111.0,163.0,222.91666666666663,D:\AprPanama2025_fixed\041225_experimental\041225PA_experimental_part24.mp4,1900-01-02 04:57:56.100,1075
416357,736,290,10.5,121.0,179.0,250.11764705882356,D:\AprPanama2025_fixed\041225_experimental\041225PA_experimental_part24.mp4,1900-01-02 04:57:55.700,1076
416354,736,290,15.0,111.0,178.0,248.8260869565217,D:\AprPanama2025_fixed\041225_experimental\041225PA_experimental_part24.mp4,1900-01-02 04:57:55.400,1076
416360,735,289,7.0,111.0,170.0,242.53846153846155,D:\AprPanama2025_fixed\041225_experimental\041225PA_experimental_part24.mp4,1900-01-02 04:57:56.000,1075
416368,593,133,8.5,117.0,179.0,243.4,D:\AprPanama2025_fixed\041225_experimental\041225PA_experimental_part24.mp4,1900-01-02 04:57:56.800,933
416366,593,133,7.0,119.0,179.0,247.6923076923077,D:\AprPanama2025_fixed\041225_experimental\041225PA_experimental_part24.mp4,1900-01-02 04:57:56.600,933
416365,593,132,6.0,137.0,179.0,247.91666666666663,D:\AprPanama2025_fixed\041225_experimental\041225PA_experimental_part24.mp4,1900-01-02 04:57:56.500,933
416365,736,290,2.0,113.0,139.0,248.0,D:\AprPanama2025_fixed\041225_experimental\041225PA_experimental_part24.mp4,1900-01-02 04:57:56.500,1076
416364,593,132,6.0,129.0,179.0,245.5833333333333,D:\AprPanama2025_fixed\041225_experimental\041225PA_experimental_part24.mp4,1900-01-02 04:57:56.400,933
416362,735,290,3.5,115.0,158.0,210.75,D:\AprPanama2025_fixed\041225_experimental\041225PA_experimental_part24.mp4,1900-01-02 04:57:56.200,1075
416369,593,132,6.0,144.0,179.0,247.91666666666663,D:\AprPanama2025_fixed\041225_experimental\041225PA_experimental_part24.mp4,1900-01-02 04:57:56.900,933
416363,593,132,6.0,111.0,175.0,239.0833333333333,D:\AprPanama2025_fixed\041225_experimental\041225PA_experimental_part24.mp4,1900-01-02 04:57:56.300,933
416363,736,289,2.5,129.0,162.0,247.0,D:\AprPanama2025_fixed\041225_experimental\041225PA_experimental_part24.mp4,1900-01-02 04:57:56.300,1076
416367,593,133,8.0,128.0,179.0,247.5,D:\AprPanama2025_fixed\041225_experimental\041225PA_experimental_part24.mp4,1900-01-02 04:57:56.700,933
416376,593,133,3.5,100.0,154.0,242.625,D:\AprPanama2025_fixed\041225_experimental\041225PA_experimental_part24.mp4,1900-01-02 04:57:57.600,933
416376,593,132,2.0,100.0,128.0,239.2,D:\AprPanama2025_fixed\041225_experimental\041225PA_experimental_part24.mp4,1900-01-02 04:57:57.600,933
416372,593,133,4.5,140.0,179.0,245.0,D:\AprPanama2025_fixed\041225_experimental\041225PA_experimental_part24.mp4,1900-01-02 04:57:57.200,933
416377,593,133,3.5,100.0,154.0,242.625,D:\AprPanama2025_fixed\041225_experimental\041225PA_experimental_part24.mp4,1900-01-02 04:57:57.700,933
416377,593,132,2.0,100.0,128.0,239.2,D:\AprPanama2025_fixed\041225_experimental\041225PA_experimental_part24.mp4,1900-01-02 04:57:57.700,933
416373,593,133,5.5,138.0,178.0,245.3636363636364,D:\AprPanama2025_fixed\041225_experimental\041225PA_experimental_part24.mp4,1900-01-02 04:57:57.300,933
416375,592,133,3.5,105.0,157.0,239.125,D:\AprPanama2025_fixed\041225_experimental\041225PA_experimental_part24.mp4,1900-01-02 04:57:57.500,932
416375,593,132,2.0,105.0,132.0,230.2,D:\AprPanama2025_fixed\041225_experimental\041225PA_experimental_part24.mp4,1900-01-02 04:57:57.500,933
416371,593,132,6.0,111.0,178.0,241.5,D:\AprPanama2025_fixed\041225_experimental\041225PA_experimental_part24.mp4,1900-01-02 04:57:57.100,933
416374,593,133,5.0,112.0,175.0,215.9090909090909,D:\AprPanama2025_fixed\041225_experimental\041225PA_experimental_part24.mp4,1900-01-02 04:57:57.400,933
416370,593,133,7.5,125.0,178.0,231.92307692307693,D:\AprPanama2025_fixed\041225_experimental\041225PA_experimental_part24.mp4,1900-01-02 04:57:57.000,933
416405,823,65,7.5,140.0,179.0,245.92857142857144,D:\AprPanama2025_fixed\041225_experimental\041225PA_experimental_part24.mp4,1900-01-02 04:58:00.500,1163
416406,822,66,3.5,117.0,155.0,252.5,D:\AprPanama2025_fixed\041225_experimental\041225PA_experimental_part24.mp4,1900-01-02 04:58:00.600,1162
416404,823,65,7.5,145.0,178.0,245.5,D:\AprPanama2025_fixed\041225_experimental\041225PA_experimental_part24.mp4,1900-01-02 04:58:00.400,1163
416403,823,65,7.5,136.0,178.0,242.57142857142856,D:\AprPanama2025_fixed\041225_experimental\041225PA_experimental_part24.mp4,1900-01-02 04:58:00.300,1163
416402,823,65,7.5,140.0,178.0,243.85714285714283,D:\AprPanama2025_fixed\041225_experimental\041225PA_experimental_part24.mp4,1900-01-02 04:58:00.200,1163
417281,804,155,1.5,122.0,173.0,249.8,D:\AprPanama2025_fixed\041225_experimental\041225PA_experimental_part24.mp4,1900-01-02 04:59:28.100,1144
417287,804,162,24.5,116.0,179.0,246.17142857142855,D:\AprPanama2025_fixed\041225_experimental\041225PA_experimental_part24.mp4,1900-01-02 04:59:28.700,1144
417283,804,161,33.5,114.0,179.0,245.42222222222225,D:\AprPanama2025_fixed\041225_experimental\041225PA_experimental_part24.mp4,1900-01-02 04:59:28.300,1144
417284,804,162,30.5,122.0,179.0,248.4878048780488,D:\AprPanama2025_fixed\041225_experimental\041225PA_experimental_part24.mp4,1900-01-02 04:59:28.400,1144
417289,804,163,21.5,111.0,179.0,248.16129032258064,D:\AprPanama2025_fixed\041225_experimental\041225PA_experimental_part24.mp4,1900-01-02 04:59:28.900,1144
417285,804,162,26.5,114.0,179.0,249.7027027027027,D:\AprPanama2025_fixed\041225_experimental\041225PA_experimental_part24.mp4,1900-01-02 04:59:28.500,1144
417282,805,161,24.5,117.0,179.0,247.0,D:\AprPanama2025_fixed\041225_experimental\041225PA_experimental_part24.mp4,1900-01-02 04:59:28.200,1145
417286,804,162,24.5,116.0,179.0,252.37142857142857,D:\AprPanama2025_fixed\041225_experimental\041225PA_experimental_part24.mp4,1900-01-02 04:59:28.600,1144
417288,804,162,21.5,114.0,179.0,249.03225806451613,D:\AprPanama2025_fixed\041225_experimental\041225PA_experimental_part24.mp4,1900-01-02 04:59:28.800,1144
417292,804,162,18.5,122.0,179.0,247.25925925925924,D:\AprPanama2025_fixed\041225_experimental\041225PA_experimental_part24.mp4,1900-01-02 04:59:29.200,1144
417291,804,162,19.0,116.0,179.0,249.4642857142857,D:\AprPanama2025_fixed\041225_experimental\041225PA_experimental_part24.mp4,1900-01-02 04:59:29.100,1144
417294,804,163,17.0,112.0,178.0,244.36,D:\AprPanama2025_fixed\041225_experimental\041225PA_experimental_part24.mp4,1900-01-02 04:59:29.400,1144
417297,804,163,13.5,112.0,179.0,246.9523809523809,D:\AprPanama2025_fixed\041225_experimental\041225PA_experimental_part24.mp4,1900-01-02 04:59:29.700,1144
417290,804,162,19.5,121.0,179.0,246.8275862068965,D:\AprPanama2025_fixed\041225_experimental\041225PA_experimental_part24.mp4,1900-01-02 04:59:29.000,1144
417296,804,163,14.5,115.0,179.0,246.5909090909091,D:\AprPanama2025_fixed\041225_experimental\041225PA_experimental_part24.mp4,1900-01-02 04:59:29.600,1144
417293,804,162,18.5,122.0,179.0,247.25925925925924,D:\AprPanama2025_fixed\041225_experimental\041225PA_experimental_part24.mp4,1900-01-02 04:59:29.300,1144
417295,804,163,15.0,113.0,179.0,247.1304347826087,D:\AprPanama2025_fixed\041225_experimental\041225PA_experimental_part24.mp4,1900-01-02 04:59:29.500,1144
417300,804,162,7.0,115.0,175.0,254.53846153846155,D:\AprPanama2025_fixed\041225_experimental\041225PA_experimental_part24.mp4,1900-01-02 04:59:30.000,1144
417299,804,163,7.5,124.0,177.0,242.85714285714283,D:\AprPanama2025_fixed\041225_experimental\041225PA_experimental_part24.mp4,1900-01-02 04:59:29.900,1144
417302,804,163,8.5,115.0,177.0,244.46666666666667,D:\AprPanama2025_fixed\041225_experimental\041225PA_experimental_part24.mp4,1900-01-02 04:59:30.200,1144
417305,804,162,1.5,128.0,160.0,250.0,D:\AprPanama2025_fixed\041225_experimental\041225PA_experimental_part24.mp4,1900-01-02 04:59:30.500,1144
417298,804,163,10.0,119.0,174.0,244.0,D:\AprPanama2025_fixed\041225_experimental\041225PA_experimental_part24.mp4,1900-01-02 04:59:29.800,1144
417301,803,162,5.5,114.0,179.0,253.5833333333333,D:\AprPanama2025_fixed\041225_experimental\041225PA_experimental_part24.mp4,1900-01-02 04:59:30.100,1143
417304,804,162,1.5,127.0,178.0,239.0,D:\AprPanama2025_fixed\041225_experimental\041225PA_experimental_part24.mp4,1900-01-02 04:59:30.400,1144
417303,804,162,1.5,156.0,179.0,247.6,D:\AprPanama2025_fixed\041225_experimental\041225PA_experimental_part24.mp4,1900-01-02 04:59:30.300,1144
417321,471,175,2.5,115.0,163.0,244.85714285714283,D:\AprPanama2025_fixed\041225_experimental\041225PA_experimental_part24.mp4,1900-01-02 04:59:32.100,811
417327,471,175,4.0,116.0,162.0,238.77777777777777,D:\AprPanama2025_fixed\041225_experimental\041225PA_experimental_part24.mp4,1900-01-02 04:59:32.700,811
417326,471,175,4.0,124.0,159.0,239.55555555555557,D:\AprPanama2025_fixed\041225_experimental\041225PA_experimental_part24.mp4,1900-01-02 04:59:32.600,811
417322,471,175,2.5,115.0,163.0,242.42857142857144,D:\AprPanama2025_fixed\041225_experimental\041225PA_experimental_part24.mp4,1900-01-02 04:59:32.200,811
417329,470,175,2.5,112.0,151.0,242.14285714285717,D:\AprPanama2025_fixed\041225_experimental\041225PA_experimental_part24.mp4,1900-01-02 04:59:32.900,810
417325,471,175,2.0,135.0,158.0,232.0,D:\AprPanama2025_fixed\041225_experimental\041225PA_experimental_part24.mp4,1900-01-02 04:59:32.500,811
417328,471,175,4.0,112.0,156.0,231.55555555555557,D:\AprPanama2025_fixed\041225_experimental\041225PA_experimental_part24.mp4,1900-01-02 04:59:32.800,811
417324,471,175,2.0,137.0,161.0,234.8333333333333,D:\AprPanama2025_fixed\041225_experimental\041225PA_experimental_part24.mp4,1900-01-02 04:59:32.400,811
417323,471,175,2.5,115.0,163.0,239.28571428571428,D:\AprPanama2025_fixed\041225_experimental\041225PA_experimental_part24.mp4,1900-01-02 04:59:32.300,811
417331,470,175,2.5,112.0,151.0,242.14285714285717,D:\AprPanama2025_fixed\041225_experimental\041225PA_experimental_part24.mp4,1900-01-02 04:59:33.100,810
417330,470,175,2.5,112.0,151.0,242.14285714285717,D:\AprPanama2025_fixed\041225_experimental\041225PA_experimental_part24.mp4,1900-01-02 04:59:33.000,810
418001,639,192,20.0,119.0,179.0,244.06666666666663,D:\AprPanama2025_fixed\041225_experimental\041225PA_experimental_part24.mp4,1900-01-02 05:00:40.100,979
417997,639,189,9.0,114.0,175.0,231.3125,D:\AprPanama2025_fixed\041225_experimental\041225PA_experimental_part24.mp4,1900-01-02 05:00:39.700,979
417998,639,192,19.0,111.0,179.0,240.72413793103448,D:\AprPanama2025_fixed\041225_experimental\041225PA_experimental_part24.mp4,1900-01-02 05:00:39.800,979
418000,639,193,22.0,121.0,179.0,247.0909090909091,D:\AprPanama2025_fixed\041225_experimental\041225PA_experimental_part24.mp4,1900-01-02 05:00:40.000,979
417999,639,192,22.5,111.0,179.0,243.0,D:\AprPanama2025_fixed\041225_experimental\041225PA_experimental_part24.mp4,1900-01-02 05:00:39.900,979
418007,638,192,12.0,119.0,179.0,242.9047619047619,D:\AprPanama2025_fixed\041225_experimental\041225PA_experimental_part24.mp4,1900-01-02 05:00:40.700,978
418009,638,192,9.0,122.0,179.0,247.76470588235293,D:\AprPanama2025_fixed\041225_experimental\041225PA_experimental_part24.mp4,1900-01-02 05:00:40.900,978
418004,639,192,18.0,113.0,179.0,232.85714285714283,D:\AprPanama2025_fixed\041225_experimental\041225PA_experimental_part24.mp4,1900-01-02 05:00:40.400,979
418008,638,192,11.0,121.0,179.0,249.3684210526316,D:\AprPanama2025_fixed\041225_experimental\041225PA_experimental_part24.mp4,1900-01-02 05:00:40.800,978
418005,639,192,16.5,119.0,179.0,232.8846153846154,D:\AprPanama2025_fixed\041225_experimental\041225PA_experimental_part24.mp4,1900-01-02 05:00:40.500,979
418003,639,193,20.0,113.0,179.0,238.26666666666665,D:\AprPanama2025_fixed\041225_experimental\041225PA_experimental_part24.mp4,1900-01-02 05:00:40.300,979
418002,639,193,20.5,118.0,178.0,237.03333333333333,D:\AprPanama2025_fixed\041225_experimental\041225PA_experimental_part24.mp4,1900-01-02 05:00:40.200,979
418006,639,193,15.5,118.0,179.0,243.875,D:\AprPanama2025_fixed\041225_experimental\041225PA_experimental_part24.mp4,1900-01-02 05:00:40.600,979
418011,638,193,7.0,112.0,173.0,246.33333333333331,D:\AprPanama2025_fixed\041225_experimental\041225PA_experimental_part24.mp4,1900-01-02 05:00:41.100,978
418012,638,193,3.5,117.0,153.0,253.2,D:\AprPanama2025_fixed\041225_experimental\041225PA_experimental_part24.mp4,1900-01-02 05:00:41.200,978
418010,638,192,6.0,119.0,179.0,243.0,D:\AprPanama2025_fixed\041225_experimental\041225PA_experimental_part24.mp4,1900-01-02 05:00:41.000,978
418053,556,141,4.0,139.0,173.0,229.88888888888889,D:\AprPanama2025_fixed\041225_experimental\041225PA_experimental_part24.mp4,1900-01-02 05:00:45.300,896
418054,556,141,6.0,113.0,175.0,224.0,D:\AprPanama2025_fixed\041225_experimental\041225PA_experimental_part24.mp4,1900-01-02 05:00:45.400,896
418056,556,142,3.5,138.0,172.0,226.125,D:\AprPanama2025_fixed\041225_experimental\041225PA_experimental_part24.mp4,1900-01-02 05:00:45.600,896
418057,556,142,3.0,123.0,172.0,207.7142857142857,D:\AprPanama2025_fixed\041225_experimental\041225PA_experimental_part24.mp4,1900-01-02 05:00:45.700,896
418052,556,141,2.5,118.0,167.0,202.42857142857144,D:\AprPanama2025_fixed\041225_experimental\041225PA_experimental_part24.mp4,1900-01-02 05:00:45.200,896
418055,556,141,6.0,113.0,175.0,224.0,D:\AprPanama2025_fixed\041225_experimental\041225PA_experimental_part24.mp4,1900-01-02 05:00:45.500,896
418061,556,142,1.5,127.0,159.0,122.6,D:\AprPanama2025_fixed\041225_experimental\041225PA_experimental_part24.mp4,1900-01-02 05:00:46.100,896
418060,556,142,2.5,119.0,163.0,158.0,D:\AprPanama2025_fixed\041225_experimental\041225PA_experimental_part24.mp4,1900-01-02 05:00:46.000,896
418063,556,142,2.5,119.0,172.0,158.83333333333331,D:\AprPanama2025_fixed\041225_experimental\041225PA_experimental_part24.mp4,1900-01-02 05:00:46.300,896
418064,555,142,1.5,123.0,167.0,154.20000000000002,D:\AprPanama2025_fixed\041225_experimental\041225PA_experimental_part24.mp4,1900-01-02 05:00:46.400,895
418058,556,142,2.5,123.0,168.0,196.8333333333333,D:\AprPanama2025_fixed\041225_experimental\041225PA_experimental_part24.mp4,1900-01-02 05:00:45.800,896
418062,556,142,2.5,123.0,157.0,150.16666666666666,D:\AprPanama2025_fixed\041225_experimental\041225PA_experimental_part24.mp4,1900-01-02 05:00:46.200,896
423032,896,33,14.5,112.0,179.0,245.3478260869565,D:\AprPanama2025_fixed\041225_experimental\041225PA_experimental_part24.mp4,1900-01-02 05:09:03.200,1236
423030,897,32,12.0,118.0,179.0,252.05,D:\AprPanama2025_fixed\041225_experimental\041225PA_experimental_part24.mp4,1900-01-02 05:09:03.000,1237
423029,897,32,5.0,125.0,172.0,247.6,D:\AprPanama2025_fixed\041225_experimental\041225PA_experimental_part24.mp4,1900-01-02 05:09:02.900,1237
423031,897,33,14.5,112.0,177.0,244.3043478260869,D:\AprPanama2025_fixed\041225_experimental\041225PA_experimental_part24.mp4,1900-01-02 05:09:03.100,1237
423028,897,30,4.0,132.0,188.0,238.3333333333333,D:\AprPanama2025_fixed\041225_experimental\041225PA_experimental_part24.mp4,1900-01-02 05:09:02.800,1237
423033,896,33,14.5,112.0,179.0,245.3478260869565,D:\AprPanama2025_fixed\041225_experimental\041225PA_experimental_part24.mp4,1900-01-02 05:09:03.300,1236
423035,896,33,16.0,113.0,179.0,248.75,D:\AprPanama2025_fixed\041225_experimental\041225PA_experimental_part24.mp4,1900-01-02 05:09:03.500,1236
423036,895,33,8.0,115.0,179.0,238.6,D:\AprPanama2025_fixed\041225_experimental\041225PA_experimental_part24.mp4,1900-01-02 05:09:03.600,1235
423041,894,33,4.5,114.0,179.0,252.1818181818182,D:\AprPanama2025_fixed\041225_experimental\041225PA_experimental_part24.mp4,1900-01-02 05:09:04.100,1234
423039,895,33,6.0,126.0,173.0,254.0769230769231,D:\AprPanama2025_fixed\041225_experimental\041225PA_experimental_part24.mp4,1900-01-02 05:09:03.900,1235
423040,895,33,7.0,111.0,163.0,250.92307692307693,D:\AprPanama2025_fixed\041225_experimental\041225PA_experimental_part24.mp4,1900-01-02 05:09:04.000,1235
423034,896,33,16.0,112.0,179.0,248.8333333333333,D:\AprPanama2025_fixed\041225_experimental\041225PA_experimental_part24.mp4,1900-01-02 05:09:03.400,1236
423038,895,33,7.5,138.0,179.0,250.57142857142856,D:\AprPanama2025_fixed\041225_experimental\041225PA_experimental_part24.mp4,1900-01-02 05:09:03.800,1235
423037,895,34,10.5,112.0,179.0,250.38888888888889,D:\AprPanama2025_fixed\041225_experimental\041225PA_experimental_part24.mp4,1900-01-02 05:09:03.700,1235
423043,894,33,4.5,117.0,166.0,246.4,D:\AprPanama2025_fixed\041225_experimental\041225PA_experimental_part24.mp4,1900-01-02 05:09:04.300,1234
423045,894,33,2.0,117.0,166.0,248.7142857142857,D:\AprPanama2025_fixed\041225_experimental\041225PA_experimental_part24.mp4,1900-01-02 05:09:04.500,1234
423044,894,33,2.0,117.0,166.0,248.7142857142857,D:\AprPanama2025_fixed\041225_experimental\041225PA_experimental_part24.mp4,1900-01-02 05:09:04.400,1234
423042,894,33,3.0,113.0,163.0,250.66666666666663,D:\AprPanama2025_fixed\041225_experimental\041225PA_experimental_part24.mp4,1900-01-02 05:09:04.200,1234
425607,1146,20,3.0,119.0,171.0,200.0,D:\AprPanama2025_fixed\041225_experimental\041225PA_experimental_part24.mp4,1900-01-02 05:13:20.700,1486
425608,1146,20,6.0,130.0,179.0,244.16666666666663,D:\AprPanama2025_fixed\041225_experimental\041225PA_experimental_part24.mp4,1900-01-02 05:13:20.800,1486
425606,1146,20,1.5,113.0,158.0,243.4,D:\AprPanama2025_fixed\041225_experimental\041225PA_experimental_part24.mp4,1900-01-02 05:13:20.600,1486
425609,1147,20,4.5,126.0,179.0,251.8,D:\AprPanama2025_fixed\041225_experimental\041225PA_experimental_part24.mp4,1900-01-02 05:13:20.900,1487
425615,1146,19,1.5,113.0,168.0,249.2,D:\AprPanama2025_fixed\041225_experimental\041225PA_experimental_part24.mp4,1900-01-02 05:13:21.500,1486
425614,1147,19,2.5,116.0,159.0,255.0,D:\AprPanama2025_fixed\041225_experimental\041225PA_experimental_part24.mp4,1900-01-02 05:13:21.400,1487
425613,1147,19,3.5,125.0,165.0,245.2222222222222,D:\AprPanama2025_fixed\041225_experimental\041225PA_experimental_part24.mp4,1900-01-02 05:13:21.300,1487
425611,1146,20,3.5,121.0,153.0,169.11111111111111,D:\AprPanama2025_fixed\041225_experimental\041225PA_experimental_part24.mp4,1900-01-02 05:13:21.100,1486
425612,1147,19,3.5,119.0,165.0,244.0,D:\AprPanama2025_fixed\041225_experimental\041225PA_experimental_part24.mp4,1900-01-02 05:13:21.200,1487
425610,1146,20,3.5,117.0,175.0,220.0,D:\AprPanama2025_fixed\041225_experimental\041225PA_experimental_part24.mp4,1900-01-02 05:13:21.000,1486
426297,936,66,7.0,129.0,179.0,250.3846153846154,D:\AprPanama2025_fixed\041225_experimental\041225PA_experimental_part24.mp4,1900-01-02 05:14:29.700,1276
426296,937,65,1.5,111.0,142.0,232.2,D:\AprPanama2025_fixed\041225_experimental\041225PA_experimental_part24.mp4,1900-01-02 05:14:29.600,1277
426299,936,66,22.5,111.0,179.0,240.5625,D:\AprPanama2025_fixed\041225_experimental\041225PA_experimental_part24.mp4,1900-01-02 05:14:29.900,1276
426303,935,67,28.0,112.0,179.0,245.8684210526316,D:\AprPanama2025_fixed\041225_experimental\041225PA_experimental_part24.mp4,1900-01-02 05:14:30.300,1275
426305,935,66,25.5,114.0,179.0,251.0285714285714,D:\AprPanama2025_fixed\041225_experimental\041225PA_experimental_part24.mp4,1900-01-02 05:14:30.500,1275
426301,936,66,28.0,115.0,179.0,241.1315789473684,D:\AprPanama2025_fixed\041225_experimental\041225PA_experimental_part24.mp4,1900-01-02 05:14:30.100,1276
426302,936,67,29.0,114.0,179.0,243.74358974358967,D:\AprPanama2025_fixed\041225_experimental\041225PA_experimental_part24.mp4,1900-01-02 05:14:30.200,1276
426304,935,67,28.5,111.0,179.0,249.3421052631579,D:\AprPanama2025_fixed\041225_experimental\041225PA_experimental_part24.mp4,1900-01-02 05:14:30.400,1275
426300,936,67,29.0,115.0,179.0,243.7948717948718,D:\AprPanama2025_fixed\041225_experimental\041225PA_experimental_part24.mp4,1900-01-02 05:14:30.000,1276
426298,936,66,17.5,111.0,179.0,247.2692307692308,D:\AprPanama2025_fixed\041225_experimental\041225PA_experimental_part24.mp4,1900-01-02 05:14:29.800,1276
426306,935,66,22.5,121.0,179.0,245.53125,D:\AprPanama2025_fixed\041225_experimental\041225PA_experimental_part24.mp4,1900-01-02 05:14:30.600,1275
426310,935,66,22.5,116.0,179.0,243.21875,D:\AprPanama2025_fixed\041225_experimental\041225PA_experimental_part24.mp4,1900-01-02 05:14:31.000,1275
426308,935,66,23.5,117.0,179.0,241.3636363636364,D:\AprPanama2025_fixed\041225_experimental\041225PA_experimental_part24.mp4,1900-01-02 05:14:30.800,1275
426311,935,66,22.5,115.0,179.0,245.65625,D:\AprPanama2025_fixed\041225_experimental\041225PA_experimental_part24.mp4,1900-01-02 05:14:31.100,1275
426307,935,66,24.5,114.0,179.0,249.9142857142857,D:\AprPanama2025_fixed\041225_experimental\041225PA_experimental_part24.mp4,1900-01-02 05:14:30.700,1275
426313,935,66,16.0,121.0,179.0,244.75,D:\AprPanama2025_fixed\041225_experimental\041225PA_experimental_part24.mp4,1900-01-02 05:14:31.300,1275
426312,935,66,19.5,118.0,179.0,245.5862068965517,D:\AprPanama2025_fixed\041225_experimental\041225PA_experimental_part24.mp4,1900-01-02 05:14:31.200,1275
426309,935,66,22.5,118.0,179.0,242.4375,D:\AprPanama2025_fixed\041225_experimental\041225PA_experimental_part24.mp4,1900-01-02 05:14:30.900,1275
426318,935,65,10.0,124.0,179.0,240.7058823529412,D:\AprPanama2025_fixed\041225_experimental\041225PA_experimental_part24.mp4,1900-01-02 05:14:31.800,1275
426317,935,65,11.5,117.0,179.0,236.8421052631579,D:\AprPanama2025_fixed\041225_experimental\041225PA_experimental_part24.mp4,1900-01-02 05:14:31.700,1275
426316,935,65,11.5,117.0,179.0,236.8421052631579,D:\AprPanama2025_fixed\041225_experimental\041225PA_experimental_part24.mp4,1900-01-02 05:14:31.600,1275
426319,934,65,7.0,112.0,179.0,239.53846153846155,D:\AprPanama2025_fixed\041225_experimental\041225PA_experimental_part24.mp4,1900-01-02 05:14:31.900,1274
426320,935,65,10.0,114.0,179.0,238.8823529411765,D:\AprPanama2025_fixed\041225_experimental\041225PA_experimental_part24.mp4,1900-01-02 05:14:32.000,1275
426314,935,66,14.5,115.0,179.0,239.17391304347825,D:\AprPanama2025_fixed\041225_experimental\041225PA_experimental_part24.mp4,1900-01-02 05:14:31.400,1275
426321,934,65,8.5,120.0,174.0,242.6,D:\AprPanama2025_fixed\041225_experimental\041225PA_experimental_part24.mp4,1900-01-02 05:14:32.100,1274
426315,935,66,14.0,115.0,178.0,237.9090909090909,D:\AprPanama2025_fixed\041225_experimental\041225PA_experimental_part24.mp4,1900-01-02 05:14:31.500,1275
426323,934,65,8.0,118.0,179.0,241.92857142857144,D:\AprPanama2025_fixed\041225_experimental\041225PA_experimental_part24.mp4,1900-01-02 05:14:32.300,1274
426327,934,65,5.5,116.0,175.0,238.3636363636364,D:\AprPanama2025_fixed\041225_experimental\041225PA_experimental_part24.mp4,1900-01-02 05:14:32.700,1274
426322,934,65,8.5,112.0,175.0,242.66666666666663,D:\AprPanama2025_fixed\041225_experimental\041225PA_experimental_part24.mp4,1900-01-02 05:14:32.200,1274
426325,934,65,4.5,111.0,172.0,238.1,D:\AprPanama2025_fixed\041225_experimental\041225PA_experimental_part24.mp4,1900-01-02 05:14:32.500,1274
426326,934,65,5.5,116.0,175.0,238.3636363636364,D:\AprPanama2025_fixed\041225_experimental\041225PA_experimental_part24.mp4,1900-01-02 05:14:32.600,1274
426328,934,65,2.5,121.0,175.0,240.28571428571428,D:\AprPanama2025_fixed\041225_experimental\041225PA_experimental_part24.mp4,1900-01-02 05:14:32.800,1274
426329,934,65,2.5,121.0,175.0,250.7142857142857,D:\AprPanama2025_fixed\041225_experimental\041225PA_experimental_part24.mp4,1900-01-02 05:14:32.900,1274
426324,934,65,4.5,111.0,172.0,238.1,D:\AprPanama2025_fixed\041225_experimental\041225PA_experimental_part24.mp4,1900-01-02 05:14:32.400,1274
426333,934,65,2.0,116.0,161.0,255.0,D:\AprPanama2025_fixed\041225_experimental\041225PA_experimental_part24.mp4,1900-01-02 05:14:33.300,1274
426331,934,65,2.0,116.0,161.0,255.0,D:\AprPanama2025_fixed\041225_experimental\041225PA_experimental_part24.mp4,1900-01-02 05:14:33.100,1274
426330,934,65,1.5,127.0,162.0,249.0,D:\AprPanama2025_fixed\041225_experimental\041225PA_experimental_part24.mp4,1900-01-02 05:14:33.000,1274
426332,934,65,2.0,116.0,161.0,255.0,D:\AprPanama2025_fixed\041225_experimental\041225PA_experimental_part24.mp4,1900-01-02 05:14:33.200,1274
432336,658,138,1.5,125.0,165.0,206.4,D:\AprPanama2025_fixed\041225_experimental\041225PA_experimental_part25.mp4,1900-01-02 05:24:33.600,998
432341,658,137,12.0,111.0,179.0,246.0526315789473,D:\AprPanama2025_fixed\041225_experimental\041225PA_experimental_part25.mp4,1900-01-02 05:24:34.100,998
432342,658,137,12.0,124.0,179.0,249.3684210526316,D:\AprPanama2025_fixed\041225_experimental\041225PA_experimental_part25.mp4,1900-01-02 05:24:34.200,998
432343,658,137,13.0,124.0,179.0,250.1,D:\AprPanama2025_fixed\041225_experimental\041225PA_experimental_part25.mp4,1900-01-02 05:24:34.300,998
432339,658,138,10.5,111.0,178.0,242.0,D:\AprPanama2025_fixed\041225_experimental\041225PA_experimental_part25.mp4,1900-01-02 05:24:33.900,998
432340,658,138,10.5,111.0,178.0,242.0,D:\AprPanama2025_fixed\041225_experimental\041225PA_experimental_part25.mp4,1900-01-02 05:24:34.000,998
432337,658,138,2.5,119.0,173.0,247.85714285714283,D:\AprPanama2025_fixed\041225_experimental\041225PA_experimental_part25.mp4,1900-01-02 05:24:33.700,998
432344,658,137,13.5,112.0,179.0,249.85714285714283,D:\AprPanama2025_fixed\041225_experimental\041225PA_experimental_part25.mp4,1900-01-02 05:24:34.400,998
432338,658,138,7.0,112.0,179.0,252.0,D:\AprPanama2025_fixed\041225_experimental\041225PA_experimental_part25.mp4,1900-01-02 05:24:33.800,998
432351,657,137,9.0,140.0,179.0,249.125,D:\AprPanama2025_fixed\041225_experimental\041225PA_experimental_part25.mp4,1900-01-02 05:24:35.100,997
432348,657,137,10.0,134.0,179.0,249.2941176470588,D:\AprPanama2025_fixed\041225_experimental\041225PA_experimental_part25.mp4,1900-01-02 05:24:34.800,997
432350,657,137,9.0,160.0,179.0,250.5,D:\AprPanama2025_fixed\041225_experimental\041225PA_experimental_part25.mp4,1900-01-02 05:24:35.000,997
432346,657,137,11.5,115.0,179.0,251.1052631578947,D:\AprPanama2025_fixed\041225_experimental\041225PA_experimental_part25.mp4,1900-01-02 05:24:34.600,997
432345,657,137,12.5,117.0,179.0,250.6,D:\AprPanama2025_fixed\041225_experimental\041225PA_experimental_part25.mp4,1900-01-02 05:24:34.500,997
432347,657,137,10.0,118.0,179.0,249.35294117647055,D:\AprPanama2025_fixed\041225_experimental\041225PA_experimental_part25.mp4,1900-01-02 05:24:34.700,997
432349,657,137,10.0,134.0,179.0,249.2941176470588,D:\AprPanama2025_fixed\041225_experimental\041225PA_experimental_part25.mp4,1900-01-02 05:24:34.900,997
432352,657,137,9.0,129.0,179.0,249.8125,D:\AprPanama2025_fixed\041225_experimental\041225PA_experimental_part25.mp4,1900-01-02 05:24:35.200,997
432359,657,136,3.0,114.0,165.0,248.625,D:\AprPanama2025_fixed\041225_experimental\041225PA_experimental_part25.mp4,1900-01-02 05:24:35.900,997
432357,657,136,5.5,111.0,176.0,245.9090909090909,D:\AprPanama2025_fixed\041225_experimental\041225PA_experimental_part25.mp4,1900-01-02 05:24:35.700,997
432356,657,137,6.5,119.0,178.0,244.5,D:\AprPanama2025_fixed\041225_experimental\041225PA_experimental_part25.mp4,1900-01-02 05:24:35.600,997
432354,657,137,8.5,150.0,179.0,235.53333333333333,D:\AprPanama2025_fixed\041225_experimental\041225PA_experimental_part25.mp4,1900-01-02 05:24:35.400,997
432355,657,137,8.5,111.0,178.0,238.53333333333333,D:\AprPanama2025_fixed\041225_experimental\041225PA_experimental_part25.mp4,1900-01-02 05:24:35.500,997
432358,657,136,4.5,129.0,172.0,239.2,D:\AprPanama2025_fixed\041225_experimental\041225PA_experimental_part25.mp4,1900-01-02 05:24:35.800,997
432353,657,137,8.5,150.0,179.0,235.53333333333333,D:\AprPanama2025_fixed\041225_experimental\041225PA_experimental_part25.mp4,1900-01-02 05:24:35.300,997
432365,656,136,1.5,113.0,173.0,220.2,D:\AprPanama2025_fixed\041225_experimental\041225PA_experimental_part25.mp4,1900-01-02 05:24:36.500,996
432362,657,136,2.5,118.0,171.0,226.14285714285717,D:\AprPanama2025_fixed\041225_experimental\041225PA_experimental_part25.mp4,1900-01-02 05:24:36.200,997
432363,656,136,1.5,125.0,162.0,254.0,D:\AprPanama2025_fixed\041225_experimental\041225PA_experimental_part25.mp4,1900-01-02 05:24:36.300,996
432361,656,136,3.5,138.0,177.0,250.75,D:\AprPanama2025_fixed\041225_experimental\041225PA_experimental_part25.mp4,1900-01-02 05:24:36.100,996
437648,687,73,8.0,121.0,177.0,229.35714285714283,D:\AprPanama2025_fixed\041225_experimental\041225PA_experimental_part25.mp4,1900-01-02 05:33:24.800,1027
437651,687,73,11.5,138.0,178.0,245.3684210526316,D:\AprPanama2025_fixed\041225_experimental\041225PA_experimental_part25.mp4,1900-01-02 05:33:25.100,1027
437652,687,73,12.5,116.0,179.0,249.3,D:\AprPanama2025_fixed\041225_experimental\041225PA_experimental_part25.mp4,1900-01-02 05:33:25.200,1027
437653,687,73,12.5,114.0,179.0,250.2,D:\AprPanama2025_fixed\041225_experimental\041225PA_experimental_part25.mp4,1900-01-02 05:33:25.300,1027
437650,687,73,13.0,111.0,179.0,244.09523809523807,D:\AprPanama2025_fixed\041225_experimental\041225PA_experimental_part25.mp4,1900-01-02 05:33:25.000,1027
437655,687,72,12.0,126.0,178.0,244.0,D:\AprPanama2025_fixed\041225_experimental\041225PA_experimental_part25.mp4,1900-01-02 05:33:25.500,1027
437656,687,72,12.5,115.0,179.0,248.3,D:\AprPanama2025_fixed\041225_experimental\041225PA_experimental_part25.mp4,1900-01-02 05:33:25.600,1027
437654,687,73,11.5,143.0,179.0,248.42105263157893,D:\AprPanama2025_fixed\041225_experimental\041225PA_experimental_part25.mp4,1900-01-02 05:33:25.400,1027
437649,687,73,9.0,142.0,178.0,249.375,D:\AprPanama2025_fixed\041225_experimental\041225PA_experimental_part25.mp4,1900-01-02 05:33:24.900,1027
437658,687,72,10.5,112.0,179.0,249.05555555555557,D:\AprPanama2025_fixed\041225_experimental\041225PA_experimental_part25.mp4,1900-01-02 05:33:25.800,1027
437659,687,71,11.5,115.0,179.0,245.73684210526315,D:\AprPanama2025_fixed\041225_experimental\041225PA_experimental_part25.mp4,1900-01-02 05:33:25.900,1027
437664,687,71,8.5,147.0,179.0,248.7333333333333,D:\AprPanama2025_fixed\041225_experimental\041225PA_experimental_part25.mp4,1900-01-02 05:33:26.400,1027
437662,687,71,10.5,115.0,179.0,249.3333333333333,D:\AprPanama2025_fixed\041225_experimental\041225PA_experimental_part25.mp4,1900-01-02 05:33:26.200,1027
437661,687,71,10.5,129.0,179.0,247.38888888888889,D:\AprPanama2025_fixed\041225_experimental\041225PA_experimental_part25.mp4,1900-01-02 05:33:26.100,1027
437663,687,71,10.5,111.0,179.0,246.7222222222222,D:\AprPanama2025_fixed\041225_experimental\041225PA_experimental_part25.mp4,1900-01-02 05:33:26.300,1027
437660,687,72,8.5,132.0,178.0,247.66666666666663,D:\AprPanama2025_fixed\041225_experimental\041225PA_experimental_part25.mp4,1900-01-02 05:33:26.000,1027
437657,687,72,12.5,113.0,179.0,247.65,D:\AprPanama2025_fixed\041225_experimental\041225PA_experimental_part25.mp4,1900-01-02 05:33:25.700,1027
437669,687,70,5.0,117.0,175.0,234.8,D:\AprPanama2025_fixed\041225_experimental\041225PA_experimental_part25.mp4,1900-01-02 05:33:26.900,1027
437666,687,71,8.0,115.0,178.0,246.0,D:\AprPanama2025_fixed\041225_experimental\041225PA_experimental_part25.mp4,1900-01-02 05:33:26.600,1027
437667,687,71,8.5,112.0,178.0,246.33333333333331,D:\AprPanama2025_fixed\041225_experimental\041225PA_experimental_part25.mp4,1900-01-02 05:33:26.700,1027
437668,687,70,5.0,116.0,178.0,235.6,D:\AprPanama2025_fixed\041225_experimental\041225PA_experimental_part25.mp4,1900-01-02 05:33:26.800,1027
437670,687,70,5.0,134.0,179.0,245.0,D:\AprPanama2025_fixed\041225_experimental\041225PA_experimental_part25.mp4,1900-01-02 05:33:27.000,1027
437672,687,70,3.0,134.0,171.0,250.7142857142857,D:\AprPanama2025_fixed\041225_experimental\041225PA_experimental_part25.mp4,1900-01-02 05:33:27.200,1027
437671,687,70,5.0,111.0,179.0,245.27272727272728,D:\AprPanama2025_fixed\041225_experimental\041225PA_experimental_part25.mp4,1900-01-02 05:33:27.100,1027
437665,687,71,8.5,132.0,179.0,248.46666666666667,D:\AprPanama2025_fixed\041225_experimental\041225PA_experimental_part25.mp4,1900-01-02 05:33:26.500,1027
437674,687,70,3.5,121.0,171.0,249.5,D:\AprPanama2025_fixed\041225_experimental\041225PA_experimental_part25.mp4,1900-01-02 05:33:27.400,1027
437675,687,70,3.5,121.0,171.0,249.5,D:\AprPanama2025_fixed\041225_experimental\041225PA_experimental_part25.mp4,1900-01-02 05:33:27.500,1027
437676,687,70,3.5,121.0,171.0,249.5,D:\AprPanama2025_fixed\041225_experimental\041225PA_experimental_part25.mp4,1900-01-02 05:33:27.600,1027
437673,687,70,3.0,132.0,172.0,245.57142857142856,D:\AprPanama2025_fixed\041225_experimental\041225PA_experimental_part25.mp4,1900-01-02 05:33:27.300,1027
438471,713,334,2.0,111.0,141.0,238.3333333333333,D:\AprPanama2025_fixed\041225_experimental\041225PA_experimental_part25.mp4,1900-01-02 05:34:47.100,1053
438472,713,334,2.0,111.0,141.0,238.3333333333333,D:\AprPanama2025_fixed\041225_experimental\041225PA_experimental_part25.mp4,1900-01-02 05:34:47.200,1053
438475,714,334,8.5,132.0,178.0,253.33333333333331,D:\AprPanama2025_fixed\041225_experimental\041225PA_experimental_part25.mp4,1900-01-02 05:34:47.500,1054
438474,713,334,6.5,115.0,175.0,249.15384615384616,D:\AprPanama2025_fixed\041225_experimental\041225PA_experimental_part25.mp4,1900-01-02 05:34:47.400,1053
438478,713,333,6.5,121.0,178.0,246.5833333333333,D:\AprPanama2025_fixed\041225_experimental\041225PA_experimental_part25.mp4,1900-01-02 05:34:47.800,1053
438477,713,333,7.0,113.0,178.0,247.15384615384616,D:\AprPanama2025_fixed\041225_experimental\041225PA_experimental_part25.mp4,1900-01-02 05:34:47.700,1053
438480,713,333,7.0,117.0,178.0,239.92307692307693,D:\AprPanama2025_fixed\041225_experimental\041225PA_experimental_part25.mp4,1900-01-02 05:34:48.000,1053
438476,713,333,9.5,112.0,177.0,248.0625,D:\AprPanama2025_fixed\041225_experimental\041225PA_experimental_part25.mp4,1900-01-02 05:34:47.600,1053
438479,713,333,7.0,113.0,178.0,239.46153846153848,D:\AprPanama2025_fixed\041225_experimental\041225PA_experimental_part25.mp4,1900-01-02 05:34:47.900,1053
438473,713,334,5.5,112.0,170.0,254.54545454545456,D:\AprPanama2025_fixed\041225_experimental\041225PA_experimental_part25.mp4,1900-01-02 05:34:47.300,1053
438483,713,332,2.5,117.0,158.0,233.42857142857144,D:\AprPanama2025_fixed\041225_experimental\041225PA_experimental_part25.mp4,1900-01-02 05:34:48.300,1053
438484,713,332,3.0,115.0,168.0,219.875,D:\AprPanama2025_fixed\041225_experimental\041225PA_experimental_part25.mp4,1900-01-02 05:34:48.400,1053
438485,712,332,1.5,116.0,148.0,249.6,D:\AprPanama2025_fixed\041225_experimental\041225PA_experimental_part25.mp4,1900-01-02 05:34:48.500,1052
438482,713,332,2.5,114.0,153.0,243.7142857142857,D:\AprPanama2025_fixed\041225_experimental\041225PA_experimental_part25.mp4,1900-01-02 05:34:48.200,1053
438481,713,333,3.5,112.0,171.0,254.44444444444443,D:\AprPanama2025_fixed\041225_experimental\041225PA_experimental_part25.mp4,1900-01-02 05:34:48.100,1053
438519,637,79,11.5,115.0,179.0,246.15789473684208,D:\AprPanama2025_fixed\041225_experimental\041225PA_experimental_part25.mp4,1900-01-02 05:34:51.900,977
438518,637,79,2.0,121.0,171.0,243.125,D:\AprPanama2025_fixed\041225_experimental\041225PA_experimental_part25.mp4,1900-01-02 05:34:51.800,977
438520,637,79,11.5,115.0,179.0,246.15789473684208,D:\AprPanama2025_fixed\041225_experimental\041225PA_experimental_part25.mp4,1900-01-02 05:34:52.000,977
438522,637,79,12.5,112.0,178.0,239.85,D:\AprPanama2025_fixed\041225_experimental\041225PA_experimental_part25.mp4,1900-01-02 05:34:52.200,977
438526,637,80,6.5,112.0,173.0,239.3846153846154,D:\AprPanama2025_fixed\041225_experimental\041225PA_experimental_part25.mp4,1900-01-02 05:34:52.600,977
438527,636,80,5.0,115.0,177.0,239.6,D:\AprPanama2025_fixed\041225_experimental\041225PA_experimental_part25.mp4,1900-01-02 05:34:52.700,976
438525,637,79,8.5,119.0,176.0,243.0,D:\AprPanama2025_fixed\041225_experimental\041225PA_experimental_part25.mp4,1900-01-02 05:34:52.500,977
438524,637,79,11.5,115.0,177.0,242.0526315789473,D:\AprPanama2025_fixed\041225_experimental\041225PA_experimental_part25.mp4,1900-01-02 05:34:52.400,977
438521,637,79,11.5,118.0,179.0,243.8421052631579,D:\AprPanama2025_fixed\041225_experimental\041225PA_experimental_part25.mp4,1900-01-02 05:34:52.100,977
438528,636,80,3.0,115.0,174.0,234.5,D:\AprPanama2025_fixed\041225_experimental\041225PA_experimental_part25.mp4,1900-01-02 05:34:52.800,976
438523,637,79,11.5,115.0,177.0,242.0526315789473,D:\AprPanama2025_fixed\041225_experimental\041225PA_experimental_part25.mp4,1900-01-02 05:34:52.300,977
438529,636,80,1.5,117.0,161.0,212.8,D:\AprPanama2025_fixed\041225_experimental\041225PA_experimental_part25.mp4,1900-01-02 05:34:52.900,976
438854,431,263,2.0,121.0,134.0,89.5,D:\AprPanama2025_fixed\041225_experimental\041225PA_experimental_part25.mp4,1900-01-02 05:35:25.400,771
439344,600,248,2.0,113.0,177.0,212.0,D:\AprPanama2025_fixed\041225_experimental\041225PA_experimental_part25.mp4,1900-01-02 05:36:14.400,940
439343,599,248,2.5,113.0,173.0,232.7142857142857,D:\AprPanama2025_fixed\041225_experimental\041225PA_experimental_part25.mp4,1900-01-02 05:36:14.300,939
439342,599,248,2.5,122.0,177.0,220.7142857142857,D:\AprPanama2025_fixed\041225_experimental\041225PA_experimental_part25.mp4,1900-01-02 05:36:14.200,939
439346,599,248,5.5,116.0,175.0,247.27272727272728,D:\AprPanama2025_fixed\041225_experimental\041225PA_experimental_part25.mp4,1900-01-02 05:36:14.600,939
439347,599,247,4.0,144.0,173.0,243.66666666666663,D:\AprPanama2025_fixed\041225_experimental\041225PA_experimental_part25.mp4,1900-01-02 05:36:14.700,939
439352,599,247,7.5,111.0,179.0,215.46153846153848,D:\AprPanama2025_fixed\041225_experimental\041225PA_experimental_part25.mp4,1900-01-02 05:36:15.200,939
439349,599,247,6.0,125.0,176.0,228.75,D:\AprPanama2025_fixed\041225_experimental\041225PA_experimental_part25.mp4,1900-01-02 05:36:14.900,939
439351,598,247,2.0,115.0,149.0,255.0,D:\AprPanama2025_fixed\041225_experimental\041225PA_experimental_part25.mp4,1900-01-02 05:36:15.100,938
439345,599,247,4.0,113.0,171.0,236.88888888888889,D:\AprPanama2025_fixed\041225_experimental\041225PA_experimental_part25.mp4,1900-01-02 05:36:14.500,939
439348,599,247,6.5,114.0,175.0,203.5833333333333,D:\AprPanama2025_fixed\041225_experimental\041225PA_experimental_part25.mp4,1900-01-02 05:36:14.800,939
439350,599,247,7.0,120.0,176.0,167.76923076923077,D:\AprPanama2025_fixed\041225_experimental\041225PA_experimental_part25.mp4,1900-01-02 05:36:15.000,939
439354,598,246,1.5,142.0,169.0,252.2,D:\AprPanama2025_fixed\041225_experimental\041225PA_experimental_part25.mp4,1900-01-02 05:36:15.400,938
439355,599,246,2.0,131.0,165.0,236.8333333333333,D:\AprPanama2025_fixed\041225_experimental\041225PA_experimental_part25.mp4,1900-01-02 05:36:15.500,939
439356,598,246,1.5,118.0,168.0,244.8,D:\AprPanama2025_fixed\041225_experimental\041225PA_experimental_part25.mp4,1900-01-02 05:36:15.600,938
439353,598,247,3.5,131.0,184.0,246.125,D:\AprPanama2025_fixed\041225_experimental\041225PA_experimental_part25.mp4,1900-01-02 05:36:15.300,938
439621,581,229,4.0,114.0,159.0,129.88888888888889,D:\AprPanama2025_fixed\041225_experimental\041225PA_experimental_part25.mp4,1900-01-02 05:36:42.100,921
439622,581,229,4.0,114.0,159.0,129.88888888888889,D:\AprPanama2025_fixed\041225_experimental\041225PA_experimental_part25.mp4,1900-01-02 05:36:42.200,921
439628,581,228,2.0,113.0,175.0,250.66666666666663,D:\AprPanama2025_fixed\041225_experimental\041225PA_experimental_part25.mp4,1900-01-02 05:36:42.800,921
439629,580,228,3.5,114.0,178.0,237.75,D:\AprPanama2025_fixed\041225_experimental\041225PA_experimental_part25.mp4,1900-01-02 05:36:42.900,920
439625,580,230,1.5,113.0,158.0,172.8,D:\AprPanama2025_fixed\041225_experimental\041225PA_experimental_part25.mp4,1900-01-02 05:36:42.500,920
439640,580,226,1.5,125.0,164.0,164.4,D:\AprPanama2025_fixed\041225_experimental\041225PA_experimental_part25.mp4,1900-01-02 05:36:44.000,920
439641,580,226,1.5,125.0,164.0,164.4,D:\AprPanama2025_fixed\041225_experimental\041225PA_experimental_part25.mp4,1900-01-02 05:36:44.100,920
442935,1104,45,18.5,122.0,179.0,245.07407407407405,D:\AprPanama2025_fixed\041225_experimental\041225PA_experimental_part25.mp4,1900-01-02 05:42:13.500,1444
442934,1103,45,13.5,122.0,179.0,242.4090909090909,D:\AprPanama2025_fixed\041225_experimental\041225PA_experimental_part25.mp4,1900-01-02 05:42:13.400,1443
442936,1104,45,20.0,112.0,179.0,245.3793103448276,D:\AprPanama2025_fixed\041225_experimental\041225PA_experimental_part25.mp4,1900-01-02 05:42:13.600,1444
442933,1102,43,10.5,129.0,182.0,233.23529411764704,D:\AprPanama2025_fixed\041225_experimental\041225PA_experimental_part25.mp4,1900-01-02 05:42:13.300,1442
442937,1105,45,18.5,113.0,179.0,242.86206896551724,D:\AprPanama2025_fixed\041225_experimental\041225PA_experimental_part25.mp4,1900-01-02 05:42:13.700,1445
442938,1106,45,18.5,114.0,178.0,250.92592592592592,D:\AprPanama2025_fixed\041225_experimental\041225PA_experimental_part25.mp4,1900-01-02 05:42:13.800,1446
442942,1109,46,17.0,113.0,179.0,249.0,D:\AprPanama2025_fixed\041225_experimental\041225PA_experimental_part25.mp4,1900-01-02 05:42:14.200,1449
442940,1106,46,19.0,119.0,192.0,231.5,D:\AprPanama2025_fixed\041225_experimental\041225PA_experimental_part25.mp4,1900-01-02 05:42:14.000,1446
442939,1106,46,18.0,117.0,179.0,238.5185185185185,D:\AprPanama2025_fixed\041225_experimental\041225PA_experimental_part25.mp4,1900-01-02 05:42:13.900,1446
442944,1109,47,13.0,111.0,179.0,251.47619047619045,D:\AprPanama2025_fixed\041225_experimental\041225PA_experimental_part25.mp4,1900-01-02 05:42:14.400,1449
442941,1108,46,15.0,121.0,177.0,251.4583333333333,D:\AprPanama2025_fixed\041225_experimental\041225PA_experimental_part25.mp4,1900-01-02 05:42:14.100,1448
442943,1109,47,16.5,113.0,179.0,249.24,D:\AprPanama2025_fixed\041225_experimental\041225PA_experimental_part25.mp4,1900-01-02 05:42:14.300,1449
442946,1112,48,6.5,119.0,178.0,248.23076923076923,D:\AprPanama2025_fixed\041225_experimental\041225PA_experimental_part25.mp4,1900-01-02 05:42:14.600,1452
442948,1113,49,5.0,116.0,174.0,247.0,D:\AprPanama2025_fixed\041225_experimental\041225PA_experimental_part25.mp4,1900-01-02 05:42:14.800,1453
442952,916,72,1.5,115.0,169.0,234.0,D:\AprPanama2025_fixed\041225_experimental\041225PA_experimental_part25.mp4,1900-01-02 05:42:15.200,1256
442947,1112,49,3.5,119.0,179.0,244.66666666666663,D:\AprPanama2025_fixed\041225_experimental\041225PA_experimental_part25.mp4,1900-01-02 05:42:14.700,1452
442945,1111,47,7.0,132.0,179.0,243.15384615384616,D:\AprPanama2025_fixed\041225_experimental\041225PA_experimental_part25.mp4,1900-01-02 05:42:14.500,1451
442956,917,74,3.0,111.0,171.0,246.125,D:\AprPanama2025_fixed\041225_experimental\041225PA_experimental_part25.mp4,1900-01-02 05:42:15.600,1257
442958,916,75,2.5,111.0,168.0,238.66666666666663,D:\AprPanama2025_fixed\041225_experimental\041225PA_experimental_part25.mp4,1900-01-02 05:42:15.800,1256
442954,916,73,2.5,113.0,178.0,227.875,D:\AprPanama2025_fixed\041225_experimental\041225PA_experimental_part25.mp4,1900-01-02 05:42:15.400,1256
442964,918,78,1.5,126.0,154.0,250.4,D:\AprPanama2025_fixed\041225_experimental\041225PA_experimental_part25.mp4,1900-01-02 05:42:16.400,1258
442971,1151,155,6.5,107.0,170.0,205.5833333333333,D:\AprPanama2025_fixed\041225_experimental\041225PA_experimental_part25.mp4,1900-01-02 05:42:17.100,1491
442971,1152,155,2.0,107.0,166.0,201.0,D:\AprPanama2025_fixed\041225_experimental\041225PA_experimental_part25.mp4,1900-01-02 05:42:17.100,1492
442975,1151,155,12.5,132.0,179.0,250.2,D:\AprPanama2025_fixed\041225_experimental\041225PA_experimental_part25.mp4,1900-01-02 05:42:17.500,1491
442972,1152,155,13.5,116.0,179.0,243.3333333333333,D:\AprPanama2025_fixed\041225_experimental\041225PA_experimental_part25.mp4,1900-01-02 05:42:17.200,1492
442974,1151,155,15.0,125.0,179.0,247.6086956521739,D:\AprPanama2025_fixed\041225_experimental\041225PA_experimental_part25.mp4,1900-01-02 05:42:17.400,1491
442973,1151,155,17.5,116.0,179.0,248.15384615384616,D:\AprPanama2025_fixed\041225_experimental\041225PA_experimental_part25.mp4,1900-01-02 05:42:17.300,1491
442976,1150,155,12.5,111.0,179.0,247.05,D:\AprPanama2025_fixed\041225_experimental\041225PA_experimental_part25.mp4,1900-01-02 05:42:17.600,1490
442979,1149,155,9.5,20.0,175.0,240.0625,D:\AprPanama2025_fixed\041225_experimental\041225PA_experimental_part25.mp4,1900-01-02 05:42:17.900,1489
442979,1150,155,2.0,20.0,175.0,234.4,D:\AprPanama2025_fixed\041225_experimental\041225PA_experimental_part25.mp4,1900-01-02 05:42:17.900,1490
442983,1148,154,5.5,114.0,176.0,232.9090909090909,D:\AprPanama2025_fixed\041225_experimental\041225PA_experimental_part25.mp4,1900-01-02 05:42:18.300,1488
442980,1149,155,8.0,119.0,179.0,244.7142857142857,D:\AprPanama2025_fixed\041225_experimental\041225PA_experimental_part25.mp4,1900-01-02 05:42:18.000,1489
442978,1149,155,9.5,112.0,162.0,233.625,D:\AprPanama2025_fixed\041225_experimental\041225PA_experimental_part25.mp4,1900-01-02 05:42:17.800,1489
442982,1149,154,3.0,138.0,170.0,250.0,D:\AprPanama2025_fixed\041225_experimental\041225PA_experimental_part25.mp4,1900-01-02 05:42:18.200,1489
442984,1148,154,5.0,119.0,173.0,239.3,D:\AprPanama2025_fixed\041225_experimental\041225PA_experimental_part25.mp4,1900-01-02 05:42:18.400,1488
442981,1149,155,7.5,115.0,179.0,245.64285714285717,D:\AprPanama2025_fixed\041225_experimental\041225PA_experimental_part25.mp4,1900-01-02 05:42:18.100,1489
442977,1150,155,13.0,113.0,179.0,219.35,D:\AprPanama2025_fixed\041225_experimental\041225PA_experimental_part25.mp4,1900-01-02 05:42:17.700,1490
442991,1141,134,3.0,125.0,169.0,223.0,D:\AprPanama2025_fixed\041225_experimental\041225PA_experimental_part25.mp4,1900-01-02 05:42:19.100,1481
442985,1148,154,2.0,111.0,164.0,210.57142857142856,D:\AprPanama2025_fixed\041225_experimental\041225PA_experimental_part25.mp4,1900-01-02 05:42:18.500,1488
442986,1148,154,1.5,117.0,166.0,245.2,D:\AprPanama2025_fixed\041225_experimental\041225PA_experimental_part25.mp4,1900-01-02 05:42:18.600,1488
442992,1140,134,5.5,115.0,179.0,224.63636363636363,D:\AprPanama2025_fixed\041225_experimental\041225PA_experimental_part25.mp4,1900-01-02 05:42:19.200,1480
449623,69,83,4.0,132.0,175.0,177.88888888888889,D:\AprPanama2025_fixed\041225_experimental\041225PA_experimental_part25.mp4,1900-01-02 05:53:22.300,409
449624,68,86,2.0,114.0,178.0,219.42857142857144,D:\AprPanama2025_fixed\041225_experimental\041225PA_experimental_part25.mp4,1900-01-02 05:53:22.400,408
449631,68,86,2.5,130.0,173.0,247.85714285714283,D:\AprPanama2025_fixed\041225_experimental\041225PA_experimental_part25.mp4,1900-01-02 05:53:23.100,408
449628,68,87,5.0,118.0,179.0,245.5,D:\AprPanama2025_fixed\041225_experimental\041225PA_experimental_part25.mp4,1900-01-02 05:53:22.800,408
449632,68,86,2.5,130.0,173.0,247.85714285714283,D:\AprPanama2025_fixed\041225_experimental\041225PA_experimental_part25.mp4,1900-01-02 05:53:23.200,408
449629,68,86,3.5,111.0,176.0,237.625,D:\AprPanama2025_fixed\041225_experimental\041225PA_experimental_part25.mp4,1900-01-02 05:53:22.900,408
449630,68,86,3.5,111.0,176.0,237.625,D:\AprPanama2025_fixed\041225_experimental\041225PA_experimental_part25.mp4,1900-01-02 05:53:23.000,408
449626,67,87,5.5,123.0,175.0,235.3636363636364,D:\AprPanama2025_fixed\041225_experimental\041225PA_experimental_part25.mp4,1900-01-02 05:53:22.600,407
449627,67,87,5.5,120.0,178.0,236.63636363636363,D:\AprPanama2025_fixed\041225_experimental\041225PA_experimental_part25.mp4,1900-01-02 05:53:22.700,407
449625,67,87,5.5,123.0,175.0,235.3636363636364,D:\AprPanama2025_fixed\041225_experimental\041225PA_experimental_part25.mp4,1900-01-02 05:53:22.500,407
449634,68,86,2.5,112.0,171.0,199.28571428571428,D:\AprPanama2025_fixed\041225_experimental\041225PA_experimental_part25.mp4,1900-01-02 05:53:23.400,408
449633,68,86,2.5,112.0,171.0,199.28571428571428,D:\AprPanama2025_fixed\041225_experimental\041225PA_experimental_part25.mp4,1900-01-02 05:53:23.300,408
449644,69,83,3.0,117.0,150.0,63.285714285714285,D:\AprPanama2025_fixed\041225_experimental\041225PA_experimental_part25.mp4,1900-01-02 05:53:24.400,409
449642,69,83,3.0,117.0,150.0,63.285714285714285,D:\AprPanama2025_fixed\041225_experimental\041225PA_experimental_part25.mp4,1900-01-02 05:53:24.200,409
449643,69,83,3.0,117.0,150.0,63.285714285714285,D:\AprPanama2025_fixed\041225_experimental\041225PA_experimental_part25.mp4,1900-01-02 05:53:24.300,409
449653,305,60,2.5,116.0,168.0,214.0,D:\AprPanama2025_fixed\041225_experimental\041225PA_experimental_part25.mp4,1900-01-02 05:53:25.300,645
449654,305,60,3.5,140.0,172.0,222.44444444444443,D:\AprPanama2025_fixed\041225_experimental\041225PA_experimental_part25.mp4,1900-01-02 05:53:25.400,645
449655,307,60,3.5,111.0,175.0,246.5,D:\AprPanama2025_fixed\041225_experimental\041225PA_experimental_part25.mp4,1900-01-02 05:53:25.500,647
449656,307,60,3.0,120.0,170.0,248.5,D:\AprPanama2025_fixed\041225_experimental\041225PA_experimental_part25.mp4,1900-01-02 05:53:25.600,647
449660,311,60,5.5,117.0,168.0,177.45454545454547,D:\AprPanama2025_fixed\041225_experimental\041225PA_experimental_part25.mp4,1900-01-02 05:53:26.000,651
449657,308,60,4.0,129.0,171.0,203.88888888888889,D:\AprPanama2025_fixed\041225_experimental\041225PA_experimental_part25.mp4,1900-01-02 05:53:25.700,648
449658,308,60,1.5,122.0,171.0,229.5,D:\AprPanama2025_fixed\041225_experimental\041225PA_experimental_part25.mp4,1900-01-02 05:53:25.800,648
449659,310,60,4.0,124.0,171.0,170.66666666666666,D:\AprPanama2025_fixed\041225_experimental\041225PA_experimental_part25.mp4,1900-01-02 05:53:25.900,650
449662,313,59,4.0,117.0,168.0,111.7,D:\AprPanama2025_fixed\041225_experimental\041225PA_experimental_part25.mp4,1900-01-02 05:53:26.200,653
449664,315,60,2.5,119.0,174.0,168.625,D:\AprPanama2025_fixed\041225_experimental\041225PA_experimental_part25.mp4,1900-01-02 05:53:26.400,655
449668,64,15,2.0,116.0,150.0,93.5,D:\AprPanama2025_fixed\041225_experimental\041225PA_experimental_part25.mp4,1900-01-02 05:53:26.800,404
449666,317,60,1.5,127.0,147.0,210.16666666666663,D:\AprPanama2025_fixed\041225_experimental\041225PA_experimental_part25.mp4,1900-01-02 05:53:26.600,657
449669,64,15,2.0,116.0,150.0,93.5,D:\AprPanama2025_fixed\041225_experimental\041225PA_experimental_part25.mp4,1900-01-02 05:53:26.900,404
449669,319,60,1.5,113.0,144.0,60.6,D:\AprPanama2025_fixed\041225_experimental\041225PA_experimental_part25.mp4,1900-01-02 05:53:26.900,659
449670,319,60,1.5,128.0,147.0,97.2,D:\AprPanama2025_fixed\041225_experimental\041225PA_experimental_part25.mp4,1900-01-02 05:53:27.000,659
449672,65,15,2.0,126.0,171.0,190.8333333333333,D:\AprPanama2025_fixed\041225_experimental\041225PA_experimental_part25.mp4,1900-01-02 05:53:27.200,405
449672,321,60,1.5,113.0,145.0,111.4,D:\AprPanama2025_fixed\041225_experimental\041225PA_experimental_part25.mp4,1900-01-02 05:53:27.200,661
449674,65,15,2.0,126.0,171.0,190.8333333333333,D:\AprPanama2025_fixed\041225_experimental\041225PA_experimental_part25.mp4,1900-01-02 05:53:27.400,405
449675,65,15,2.0,111.0,173.0,180.0,D:\AprPanama2025_fixed\041225_experimental\041225PA_experimental_part25.mp4,1900-01-02 05:53:27.500,405
449673,65,15,2.0,126.0,171.0,190.8333333333333,D:\AprPanama2025_fixed\041225_experimental\041225PA_experimental_part25.mp4,1900-01-02 05:53:27.300,405
450099,42,49,1.5,118.0,151.0,115.4,D:\AprPanama2025_fixed\041225_experimental\041225PA_experimental_part26.mp4,1900-01-02 05:54:09.900,382
450100,40,50,5.5,113.0,172.0,129.0909090909091,D:\AprPanama2025_fixed\041225_experimental\041225PA_experimental_part26.mp4,1900-01-02 05:54:10.000,380
450103,40,51,4.0,112.0,183.0,211.8,D:\AprPanama2025_fixed\041225_experimental\041225PA_experimental_part26.mp4,1900-01-02 05:54:10.300,380
450101,40,51,2.0,112.0,179.0,231.5,D:\AprPanama2025_fixed\041225_experimental\041225PA_experimental_part26.mp4,1900-01-02 05:54:10.100,380
450102,40,51,4.0,112.0,183.0,211.8,D:\AprPanama2025_fixed\041225_experimental\041225PA_experimental_part26.mp4,1900-01-02 05:54:10.200,380
450104,39,50,2.0,118.0,146.0,167.66666666666666,D:\AprPanama2025_fixed\041225_experimental\041225PA_experimental_part26.mp4,1900-01-02 05:54:10.400,379
450110,38,50,2.0,142.0,162.0,159.66666666666666,D:\AprPanama2025_fixed\041225_experimental\041225PA_experimental_part26.mp4,1900-01-02 05:54:11.000,378
450116,37,50,1.5,118.0,144.0,59.6,D:\AprPanama2025_fixed\041225_experimental\041225PA_experimental_part26.mp4,1900-01-02 05:54:11.600,377
451478,14,76,2.5,112.0,177.0,229.125,D:\AprPanama2025_fixed\041225_experimental\041225PA_experimental_part26.mp4,1900-01-02 05:56:27.800,354
451479,14,76,2.0,121.0,170.0,221.85714285714283,D:\AprPanama2025_fixed\041225_experimental\041225PA_experimental_part26.mp4,1900-01-02 05:56:27.900,354
451473,15,76,3.0,123.0,164.0,248.25,D:\AprPanama2025_fixed\041225_experimental\041225PA_experimental_part26.mp4,1900-01-02 05:56:27.300,355
451476,15,76,2.0,128.0,179.0,245.3333333333333,D:\AprPanama2025_fixed\041225_experimental\041225PA_experimental_part26.mp4,1900-01-02 05:56:27.600,355
451475,15,76,2.5,130.0,172.0,252.0,D:\AprPanama2025_fixed\041225_experimental\041225PA_experimental_part26.mp4,1900-01-02 05:56:27.500,355
451477,14,76,2.5,112.0,177.0,229.125,D:\AprPanama2025_fixed\041225_experimental\041225PA_experimental_part26.mp4,1900-01-02 05:56:27.700,354
451474,15,76,3.0,111.0,164.0,234.8,D:\AprPanama2025_fixed\041225_experimental\041225PA_experimental_part26.mp4,1900-01-02 05:56:27.400,355
451472,13,76,3.5,132.0,179.0,241.1111111111111,D:\AprPanama2025_fixed\041225_experimental\041225PA_experimental_part26.mp4,1900-01-02 05:56:27.200,353
451482,13,76,2.0,113.0,150.0,44.5,D:\AprPanama2025_fixed\041225_experimental\041225PA_experimental_part26.mp4,1900-01-02 05:56:28.200,353
451480,14,76,2.0,121.0,170.0,221.85714285714283,D:\AprPanama2025_fixed\041225_experimental\041225PA_experimental_part26.mp4,1900-01-02 05:56:28.000,354
451481,13,76,3.5,113.0,147.0,73.22222222222221,D:\AprPanama2025_fixed\041225_experimental\041225PA_experimental_part26.mp4,1900-01-02 05:56:28.100,353
451490,212,4,2.5,123.0,167.0,161.42857142857142,D:\AprPanama2025_fixed\041225_experimental\041225PA_experimental_part26.mp4,1900-01-02 05:56:29.000,552
451502,212,4,2.0,122.0,169.0,253.0,D:\AprPanama2025_fixed\041225_experimental\041225PA_experimental_part26.mp4,1900-01-02 05:56:30.200,552
451503,213,4,2.5,118.0,149.0,102.42857142857142,D:\AprPanama2025_fixed\041225_experimental\041225PA_experimental_part26.mp4,1900-01-02 05:56:30.300,553
452796,180,84,1.5,118.0,165.0,244.6,D:\AprPanama2025_fixed\041225_experimental\041225PA_experimental_part26.mp4,1900-01-02 05:58:39.600,520
452797,181,84,4.5,111.0,176.0,243.5,D:\AprPanama2025_fixed\041225_experimental\041225PA_experimental_part26.mp4,1900-01-02 05:58:39.700,521
452798,180,84,8.0,116.0,179.0,247.0,D:\AprPanama2025_fixed\041225_experimental\041225PA_experimental_part26.mp4,1900-01-02 05:58:39.800,520
452799,181,83,6.0,149.0,178.0,251.5,D:\AprPanama2025_fixed\041225_experimental\041225PA_experimental_part26.mp4,1900-01-02 05:58:39.900,521
452801,182,84,11.5,116.0,179.0,236.45,D:\AprPanama2025_fixed\041225_experimental\041225PA_experimental_part26.mp4,1900-01-02 05:58:40.100,522
452803,181,82,9.5,114.0,176.0,237.0,D:\AprPanama2025_fixed\041225_experimental\041225PA_experimental_part26.mp4,1900-01-02 05:58:40.300,521
452802,181,83,7.5,114.0,179.0,249.0,D:\AprPanama2025_fixed\041225_experimental\041225PA_experimental_part26.mp4,1900-01-02 05:58:40.200,521
452806,181,81,3.0,111.0,167.0,247.625,D:\AprPanama2025_fixed\041225_experimental\041225PA_experimental_part26.mp4,1900-01-02 05:58:40.600,521
452805,181,82,4.5,120.0,158.0,241.7,D:\AprPanama2025_fixed\041225_experimental\041225PA_experimental_part26.mp4,1900-01-02 05:58:40.500,521
452804,182,82,6.5,111.0,179.0,250.61538461538464,D:\AprPanama2025_fixed\041225_experimental\041225PA_experimental_part26.mp4,1900-01-02 05:58:40.400,522
452807,181,81,4.5,114.0,175.0,180.7,D:\AprPanama2025_fixed\041225_experimental\041225PA_experimental_part26.mp4,1900-01-02 05:58:40.700,521
452800,182,84,9.5,114.0,178.0,233.77777777777777,D:\AprPanama2025_fixed\041225_experimental\041225PA_experimental_part26.mp4,1900-01-02 05:58:40.000,522
452810,182,80,1.5,118.0,160.0,186.2,D:\AprPanama2025_fixed\041225_experimental\041225PA_experimental_part26.mp4,1900-01-02 05:58:41.000,522
452808,182,80,1.5,133.0,175.0,244.4,D:\AprPanama2025_fixed\041225_experimental\041225PA_experimental_part26.mp4,1900-01-02 05:58:40.800,522
455023,1,83,6.0,113.0,167.0,199.0769230769231,D:\AprPanama2025_fixed\041225_experimental\041225PA_experimental_part26.mp4,1900-01-02 06:02:22.300,341
455021,1,81,1.5,111.0,141.0,132.0,D:\AprPanama2025_fixed\041225_experimental\041225PA_experimental_part26.mp4,1900-01-02 06:02:22.100,341
455022,1,83,7.0,112.0,172.0,182.07142857142856,D:\AprPanama2025_fixed\041225_experimental\041225PA_experimental_part26.mp4,1900-01-02 06:02:22.200,341
455029,2,83,6.0,117.0,177.0,234.5,D:\AprPanama2025_fixed\041225_experimental\041225PA_experimental_part26.mp4,1900-01-02 06:02:22.900,342
455028,1,84,11.0,111.0,177.0,225.6315789473684,D:\AprPanama2025_fixed\041225_experimental\041225PA_experimental_part26.mp4,1900-01-02 06:02:22.800,341
455030,2,83,6.0,117.0,177.0,234.5,D:\AprPanama2025_fixed\041225_experimental\041225PA_experimental_part26.mp4,1900-01-02 06:02:23.000,342
455025,1,83,10.5,122.0,175.0,219.6315789473684,D:\AprPanama2025_fixed\041225_experimental\041225PA_experimental_part26.mp4,1900-01-02 06:02:22.500,341
455027,1,83,9.5,117.0,177.0,236.35294117647055,D:\AprPanama2025_fixed\041225_experimental\041225PA_experimental_part26.mp4,1900-01-02 06:02:22.700,341
455026,1,83,10.5,122.0,175.0,219.6315789473684,D:\AprPanama2025_fixed\041225_experimental\041225PA_experimental_part26.mp4,1900-01-02 06:02:22.600,341
455024,1,83,8.5,119.0,173.0,213.1875,D:\AprPanama2025_fixed\041225_experimental\041225PA_experimental_part26.mp4,1900-01-02 06:02:22.400,341
455031,2,83,5.5,122.0,176.0,238.16666666666663,D:\AprPanama2025_fixed\041225_experimental\041225PA_experimental_part26.mp4,1900-01-02 06:02:23.100,342
455036,2,83,5.5,122.0,180.0,222.5,D:\AprPanama2025_fixed\041225_experimental\041225PA_experimental_part26.mp4,1900-01-02 06:02:23.600,342
455035,2,83,5.5,122.0,180.0,222.5,D:\AprPanama2025_fixed\041225_experimental\041225PA_experimental_part26.mp4,1900-01-02 06:02:23.500,342
455037,2,84,3.0,116.0,176.0,220.55555555555557,D:\AprPanama2025_fixed\041225_experimental\041225PA_experimental_part26.mp4,1900-01-02 06:02:23.700,342
455034,2,83,5.5,122.0,180.0,222.5,D:\AprPanama2025_fixed\041225_experimental\041225PA_experimental_part26.mp4,1900-01-02 06:02:23.400,342
455033,2,83,5.5,121.0,183.0,233.5,D:\AprPanama2025_fixed\041225_experimental\041225PA_experimental_part26.mp4,1900-01-02 06:02:23.300,342
455039,2,84,2.0,126.0,179.0,242.3333333333333,D:\AprPanama2025_fixed\041225_experimental\041225PA_experimental_part26.mp4,1900-01-02 06:02:23.900,342
455032,2,83,5.5,121.0,183.0,233.5,D:\AprPanama2025_fixed\041225_experimental\041225PA_experimental_part26.mp4,1900-01-02 06:02:23.200,342
455038,2,84,3.5,119.0,176.0,227.44444444444443,D:\AprPanama2025_fixed\041225_experimental\041225PA_experimental_part26.mp4,1900-01-02 06:02:23.800,342
455040,2,84,1.5,140.0,175.0,244.2,D:\AprPanama2025_fixed\041225_experimental\041225PA_experimental_part26.mp4,1900-01-02 06:02:24.000,342
455041,2,83,1.5,113.0,170.0,220.8333333333333,D:\AprPanama2025_fixed\041225_experimental\041225PA_experimental_part26.mp4,1900-01-02 06:02:24.100,342
462423,131,66,1.5,119.0,150.0,51.2,D:\AprPanama2025_fixed\041225_experimental\041225PA_experimental_part26.mp4,1900-01-02 06:14:42.300,471
