frame,cX,cY,area,minI,maxI,meanI,video,time,cX_original
65828,160,50,2.0,124.0,179.0,222.8333333333333,D:\AprPanama2025_fixed\041325_experimental\041325PA_experimental_part04.mp4,1900-01-01 19:12:42.800,460
65825,160,50,2.0,127.0,178.0,223.85714285714283,D:\AprPanama2025_fixed\041325_experimental\041325PA_experimental_part04.mp4,1900-01-01 19:12:42.500,460
65823,160,50,5.5,122.0,175.0,223.0909090909091,D:\AprPanama2025_fixed\041325_experimental\041325PA_experimental_part04.mp4,1900-01-01 19:12:42.300,460
65822,160,50,5.5,122.0,175.0,223.0909090909091,D:\AprPanama2025_fixed\041325_experimental\041325PA_experimental_part04.mp4,1900-01-01 19:12:42.200,460
65827,160,50,2.5,118.0,178.0,187.85714285714283,D:\AprPanama2025_fixed\041325_experimental\041325PA_experimental_part04.mp4,1900-01-01 19:12:42.700,460
65826,160,50,2.0,127.0,178.0,223.85714285714283,D:\AprPanama2025_fixed\041325_experimental\041325PA_experimental_part04.mp4,1900-01-01 19:12:42.600,460
65824,160,50,4.0,116.0,178.0,234.88888888888889,D:\AprPanama2025_fixed\041325_experimental\041325PA_experimental_part04.mp4,1900-01-01 19:12:42.400,460
65821,159,50,3.5,119.0,167.0,153.33333333333331,D:\AprPanama2025_fixed\041325_experimental\041325PA_experimental_part04.mp4,1900-01-01 19:12:42.100,459
65830,160,50,1.5,123.0,179.0,223.2,D:\AprPanama2025_fixed\041325_experimental\041325PA_experimental_part04.mp4,1900-01-01 19:12:43.000,460
65831,160,50,1.5,117.0,179.0,222.6,D:\AprPanama2025_fixed\041325_experimental\041325PA_experimental_part04.mp4,1900-01-01 19:12:43.100,460
65832,160,50,1.5,117.0,179.0,222.6,D:\AprPanama2025_fixed\041325_experimental\041325PA_experimental_part04.mp4,1900-01-01 19:12:43.200,460
65829,160,50,1.5,117.0,179.0,223.6,D:\AprPanama2025_fixed\041325_experimental\041325PA_experimental_part04.mp4,1900-01-01 19:12:42.900,460
66860,186,67,1.5,132.0,173.0,187.3333333333333,D:\AprPanama2025_fixed\041325_experimental\041325PA_experimental_part04.mp4,1900-01-01 19:14:26.000,486
66858,186,66,2.5,121.0,162.0,118.0,D:\AprPanama2025_fixed\041325_experimental\041325PA_experimental_part04.mp4,1900-01-01 19:14:25.800,486
66857,186,65,2.0,116.0,150.0,22.666666666666664,D:\AprPanama2025_fixed\041325_experimental\041325PA_experimental_part04.mp4,1900-01-01 19:14:25.700,486
66859,186,67,1.5,132.0,173.0,187.3333333333333,D:\AprPanama2025_fixed\041325_experimental\041325PA_experimental_part04.mp4,1900-01-01 19:14:25.900,486
66863,186,67,1.5,132.0,173.0,187.3333333333333,D:\AprPanama2025_fixed\041325_experimental\041325PA_experimental_part04.mp4,1900-01-01 19:14:26.300,486
66867,240,90,2.0,116.0,174.0,190.8333333333333,D:\AprPanama2025_fixed\041325_experimental\041325PA_experimental_part04.mp4,1900-01-01 19:14:26.700,540
66861,186,67,1.5,132.0,173.0,187.3333333333333,D:\AprPanama2025_fixed\041325_experimental\041325PA_experimental_part04.mp4,1900-01-01 19:14:26.100,486
66865,186,67,1.5,132.0,173.0,187.3333333333333,D:\AprPanama2025_fixed\041325_experimental\041325PA_experimental_part04.mp4,1900-01-01 19:14:26.500,486
66862,186,67,1.5,132.0,173.0,187.3333333333333,D:\AprPanama2025_fixed\041325_experimental\041325PA_experimental_part04.mp4,1900-01-01 19:14:26.200,486
66866,186,67,1.5,132.0,173.0,187.3333333333333,D:\AprPanama2025_fixed\041325_experimental\041325PA_experimental_part04.mp4,1900-01-01 19:14:26.600,486
66868,241,90,8.0,120.0,179.0,232.35714285714283,D:\AprPanama2025_fixed\041325_experimental\041325PA_experimental_part04.mp4,1900-01-01 19:14:26.800,541
66864,186,67,1.5,132.0,173.0,187.3333333333333,D:\AprPanama2025_fixed\041325_experimental\041325PA_experimental_part04.mp4,1900-01-01 19:14:26.400,486
66873,242,89,16.5,121.0,179.0,218.07407407407408,D:\AprPanama2025_fixed\041325_experimental\041325PA_experimental_part04.mp4,1900-01-01 19:14:27.300,542
66876,242,89,13.0,112.0,178.0,218.08695652173915,D:\AprPanama2025_fixed\041325_experimental\041325PA_experimental_part04.mp4,1900-01-01 19:14:27.600,542
66870,242,90,15.0,111.0,178.0,213.24,D:\AprPanama2025_fixed\041325_experimental\041325PA_experimental_part04.mp4,1900-01-01 19:14:27.000,542
66872,186,66,2.5,117.0,167.0,196.42857142857144,D:\AprPanama2025_fixed\041325_experimental\041325PA_experimental_part04.mp4,1900-01-01 19:14:27.200,486
66872,242,89,16.5,122.0,179.0,215.03703703703704,D:\AprPanama2025_fixed\041325_experimental\041325PA_experimental_part04.mp4,1900-01-01 19:14:27.200,542
66875,242,89,13.0,112.0,178.0,217.7391304347826,D:\AprPanama2025_fixed\041325_experimental\041325PA_experimental_part04.mp4,1900-01-01 19:14:27.500,542
66871,186,66,2.5,141.0,175.0,202.7142857142857,D:\AprPanama2025_fixed\041325_experimental\041325PA_experimental_part04.mp4,1900-01-01 19:14:27.100,486
66871,242,89,16.5,122.0,178.0,210.66666666666663,D:\AprPanama2025_fixed\041325_experimental\041325PA_experimental_part04.mp4,1900-01-01 19:14:27.100,542
66869,186,67,1.5,111.0,152.0,216.5,D:\AprPanama2025_fixed\041325_experimental\041325PA_experimental_part04.mp4,1900-01-01 19:14:26.900,486
66869,241,89,8.5,126.0,179.0,243.375,D:\AprPanama2025_fixed\041325_experimental\041325PA_experimental_part04.mp4,1900-01-01 19:14:26.900,541
66874,186,65,1.5,119.0,154.0,228.6,D:\AprPanama2025_fixed\041325_experimental\041325PA_experimental_part04.mp4,1900-01-01 19:14:27.400,486
66874,242,90,16.5,111.0,176.0,220.6296296296296,D:\AprPanama2025_fixed\041325_experimental\041325PA_experimental_part04.mp4,1900-01-01 19:14:27.400,542
66880,242,89,11.0,133.0,178.0,235.9047619047619,D:\AprPanama2025_fixed\041325_experimental\041325PA_experimental_part04.mp4,1900-01-01 19:14:28.000,542
66878,242,89,12.0,128.0,179.0,226.27272727272728,D:\AprPanama2025_fixed\041325_experimental\041325PA_experimental_part04.mp4,1900-01-01 19:14:27.800,542
66881,242,89,11.0,119.0,178.0,236.9523809523809,D:\AprPanama2025_fixed\041325_experimental\041325PA_experimental_part04.mp4,1900-01-01 19:14:28.100,542
66883,245,59,3.0,122.0,149.0,59.57142857142857,D:\AprPanama2025_fixed\041325_experimental\041325PA_experimental_part04.mp4,1900-01-01 19:14:28.300,545
66883,242,91,3.0,145.0,177.0,251.2222222222222,D:\AprPanama2025_fixed\041325_experimental\041325PA_experimental_part04.mp4,1900-01-01 19:14:28.300,542
66882,242,89,11.0,119.0,178.0,236.9523809523809,D:\AprPanama2025_fixed\041325_experimental\041325PA_experimental_part04.mp4,1900-01-01 19:14:28.200,542
66884,245,59,3.0,122.0,149.0,59.57142857142857,D:\AprPanama2025_fixed\041325_experimental\041325PA_experimental_part04.mp4,1900-01-01 19:14:28.400,545
66884,242,91,3.0,124.0,177.0,247.375,D:\AprPanama2025_fixed\041325_experimental\041325PA_experimental_part04.mp4,1900-01-01 19:14:28.400,542
66877,242,89,13.0,112.0,178.0,218.3478260869565,D:\AprPanama2025_fixed\041325_experimental\041325PA_experimental_part04.mp4,1900-01-01 19:14:27.700,542
66879,242,89,11.0,133.0,179.0,235.0,D:\AprPanama2025_fixed\041325_experimental\041325PA_experimental_part04.mp4,1900-01-01 19:14:27.900,542
66888,243,89,2.0,111.0,154.0,234.0,D:\AprPanama2025_fixed\041325_experimental\041325PA_experimental_part04.mp4,1900-01-01 19:14:28.800,543
66886,242,90,2.0,128.0,173.0,234.5,D:\AprPanama2025_fixed\041325_experimental\041325PA_experimental_part04.mp4,1900-01-01 19:14:28.600,542
66885,245,59,1.5,117.0,149.0,178.20000000000002,D:\AprPanama2025_fixed\041325_experimental\041325PA_experimental_part04.mp4,1900-01-01 19:14:28.500,545
66885,242,91,2.5,113.0,176.0,240.7142857142857,D:\AprPanama2025_fixed\041325_experimental\041325PA_experimental_part04.mp4,1900-01-01 19:14:28.500,542
66887,242,90,2.0,128.0,173.0,234.5,D:\AprPanama2025_fixed\041325_experimental\041325PA_experimental_part04.mp4,1900-01-01 19:14:28.700,542
67132,244,121,3.5,118.0,147.0,213.0,D:\AprPanama2025_fixed\041325_experimental\041325PA_experimental_part04.mp4,1900-01-01 19:14:53.200,544
67140,166,58,3.5,119.0,179.0,218.125,D:\AprPanama2025_fixed\041325_experimental\041325PA_experimental_part04.mp4,1900-01-01 19:14:54.000,466
67140,245,121,6.0,113.0,179.0,233.0,D:\AprPanama2025_fixed\041325_experimental\041325PA_experimental_part04.mp4,1900-01-01 19:14:54.000,545
67139,166,58,3.5,119.0,179.0,218.125,D:\AprPanama2025_fixed\041325_experimental\041325PA_experimental_part04.mp4,1900-01-01 19:14:53.900,466
67139,244,121,7.0,113.0,178.0,225.46153846153848,D:\AprPanama2025_fixed\041325_experimental\041325PA_experimental_part04.mp4,1900-01-01 19:14:53.900,544
67134,166,58,3.0,118.0,171.0,186.57142857142856,D:\AprPanama2025_fixed\041325_experimental\041325PA_experimental_part04.mp4,1900-01-01 19:14:53.400,466
67134,244,120,11.5,119.0,177.0,235.2631578947368,D:\AprPanama2025_fixed\041325_experimental\041325PA_experimental_part04.mp4,1900-01-01 19:14:53.400,544
67137,166,58,3.5,113.0,179.0,223.25,D:\AprPanama2025_fixed\041325_experimental\041325PA_experimental_part04.mp4,1900-01-01 19:14:53.700,466
67137,244,120,11.5,113.0,228.0,222.8947368421053,D:\AprPanama2025_fixed\041325_experimental\041325PA_experimental_part04.mp4,1900-01-01 19:14:53.700,544
67135,166,58,3.0,118.0,171.0,186.57142857142856,D:\AprPanama2025_fixed\041325_experimental\041325PA_experimental_part04.mp4,1900-01-01 19:14:53.500,466
67135,244,120,11.5,123.0,177.0,236.1052631578947,D:\AprPanama2025_fixed\041325_experimental\041325PA_experimental_part04.mp4,1900-01-01 19:14:53.500,544
67138,166,58,3.5,113.0,179.0,223.25,D:\AprPanama2025_fixed\041325_experimental\041325PA_experimental_part04.mp4,1900-01-01 19:14:53.800,466
67138,244,121,9.0,113.0,179.0,231.1764705882353,D:\AprPanama2025_fixed\041325_experimental\041325PA_experimental_part04.mp4,1900-01-01 19:14:53.800,544
67136,166,58,3.0,118.0,171.0,186.57142857142856,D:\AprPanama2025_fixed\041325_experimental\041325PA_experimental_part04.mp4,1900-01-01 19:14:53.600,466
67136,244,120,11.5,123.0,177.0,236.3157894736842,D:\AprPanama2025_fixed\041325_experimental\041325PA_experimental_part04.mp4,1900-01-01 19:14:53.600,544
67133,166,58,3.0,118.0,171.0,186.57142857142856,D:\AprPanama2025_fixed\041325_experimental\041325PA_experimental_part04.mp4,1900-01-01 19:14:53.300,466
67133,244,121,9.5,119.0,177.0,233.1764705882353,D:\AprPanama2025_fixed\041325_experimental\041325PA_experimental_part04.mp4,1900-01-01 19:14:53.300,544
67143,244,121,3.5,122.0,172.0,241.77777777777777,D:\AprPanama2025_fixed\041325_experimental\041325PA_experimental_part04.mp4,1900-01-01 19:14:54.300,544
67141,166,58,3.5,119.0,179.0,218.125,D:\AprPanama2025_fixed\041325_experimental\041325PA_experimental_part04.mp4,1900-01-01 19:14:54.100,466
67141,245,121,6.0,113.0,179.0,223.8333333333333,D:\AprPanama2025_fixed\041325_experimental\041325PA_experimental_part04.mp4,1900-01-01 19:14:54.100,545
67142,166,58,3.0,129.0,184.0,238.7142857142857,D:\AprPanama2025_fixed\041325_experimental\041325PA_experimental_part04.mp4,1900-01-01 19:14:54.200,466
67142,244,121,5.0,120.0,175.0,230.1818181818182,D:\AprPanama2025_fixed\041325_experimental\041325PA_experimental_part04.mp4,1900-01-01 19:14:54.200,544
67156,902,21,1.5,111.0,135.0,115.6,D:\AprPanama2025_fixed\041325_experimental\041325PA_experimental_part04.mp4,1900-01-01 19:14:55.600,1202
67152,245,122,2.0,122.0,172.0,209.66666666666663,D:\AprPanama2025_fixed\041325_experimental\041325PA_experimental_part04.mp4,1900-01-01 19:14:55.200,545
67150,240,65,3.0,118.0,171.0,206.75,D:\AprPanama2025_fixed\041325_experimental\041325PA_experimental_part04.mp4,1900-01-01 19:14:55.000,540
67150,245,122,3.0,127.0,168.0,229.85714285714283,D:\AprPanama2025_fixed\041325_experimental\041325PA_experimental_part04.mp4,1900-01-01 19:14:55.000,545
67151,245,122,3.0,127.0,169.0,231.85714285714283,D:\AprPanama2025_fixed\041325_experimental\041325PA_experimental_part04.mp4,1900-01-01 19:14:55.100,545
67149,240,65,3.0,118.0,171.0,206.75,D:\AprPanama2025_fixed\041325_experimental\041325PA_experimental_part04.mp4,1900-01-01 19:14:54.900,540
67149,245,122,3.0,127.0,168.0,227.28571428571428,D:\AprPanama2025_fixed\041325_experimental\041325PA_experimental_part04.mp4,1900-01-01 19:14:54.900,545
67159,902,21,4.0,129.0,171.0,222.2222222222222,D:\AprPanama2025_fixed\041325_experimental\041325PA_experimental_part04.mp4,1900-01-01 19:14:55.900,1202
67160,902,21,6.5,111.0,193.0,206.41666666666663,D:\AprPanama2025_fixed\041325_experimental\041325PA_experimental_part04.mp4,1900-01-01 19:14:56.000,1202
67163,902,21,6.5,123.0,176.0,213.91666666666663,D:\AprPanama2025_fixed\041325_experimental\041325PA_experimental_part04.mp4,1900-01-01 19:14:56.300,1202
67158,902,21,4.0,129.0,171.0,222.2222222222222,D:\AprPanama2025_fixed\041325_experimental\041325PA_experimental_part04.mp4,1900-01-01 19:14:55.800,1202
67162,902,21,6.5,132.0,176.0,219.41666666666663,D:\AprPanama2025_fixed\041325_experimental\041325PA_experimental_part04.mp4,1900-01-01 19:14:56.200,1202
67161,902,21,5.0,116.0,179.0,238.4,D:\AprPanama2025_fixed\041325_experimental\041325PA_experimental_part04.mp4,1900-01-01 19:14:56.100,1202
67164,902,21,6.5,123.0,176.0,213.91666666666663,D:\AprPanama2025_fixed\041325_experimental\041325PA_experimental_part04.mp4,1900-01-01 19:14:56.400,1202
67157,902,21,4.0,125.0,164.0,161.55555555555554,D:\AprPanama2025_fixed\041325_experimental\041325PA_experimental_part04.mp4,1900-01-01 19:14:55.700,1202
67168,902,20,2.5,128.0,175.0,235.5,D:\AprPanama2025_fixed\041325_experimental\041325PA_experimental_part04.mp4,1900-01-01 19:14:56.800,1202
67170,902,20,2.5,143.0,174.0,244.8333333333333,D:\AprPanama2025_fixed\041325_experimental\041325PA_experimental_part04.mp4,1900-01-01 19:14:57.000,1202
67172,902,20,2.5,119.0,170.0,240.66666666666663,D:\AprPanama2025_fixed\041325_experimental\041325PA_experimental_part04.mp4,1900-01-01 19:14:57.200,1202
67167,902,20,3.0,129.0,177.0,244.0,D:\AprPanama2025_fixed\041325_experimental\041325PA_experimental_part04.mp4,1900-01-01 19:14:56.700,1202
67166,902,20,3.0,143.0,176.0,248.85714285714283,D:\AprPanama2025_fixed\041325_experimental\041325PA_experimental_part04.mp4,1900-01-01 19:14:56.600,1202
67171,902,20,1.5,140.0,177.0,231.8,D:\AprPanama2025_fixed\041325_experimental\041325PA_experimental_part04.mp4,1900-01-01 19:14:57.100,1202
67169,902,20,3.0,117.0,176.0,242.14285714285717,D:\AprPanama2025_fixed\041325_experimental\041325PA_experimental_part04.mp4,1900-01-01 19:14:56.900,1202
67165,902,20,4.0,119.0,179.0,247.125,D:\AprPanama2025_fixed\041325_experimental\041325PA_experimental_part04.mp4,1900-01-01 19:14:56.500,1202
67173,902,20,1.5,134.0,174.0,197.2,D:\AprPanama2025_fixed\041325_experimental\041325PA_experimental_part04.mp4,1900-01-01 19:14:57.300,1202
67732,140,63,2.0,121.0,149.0,80.5,D:\AprPanama2025_fixed\041325_experimental\041325PA_experimental_part04.mp4,1900-01-01 19:15:53.200,440
67735,141,64,2.5,119.0,158.0,68.28571428571428,D:\AprPanama2025_fixed\041325_experimental\041325PA_experimental_part04.mp4,1900-01-01 19:15:53.500,441
67734,140,63,2.0,120.0,154.0,136.83333333333331,D:\AprPanama2025_fixed\041325_experimental\041325PA_experimental_part04.mp4,1900-01-01 19:15:53.400,440
67736,141,64,2.5,119.0,158.0,68.28571428571428,D:\AprPanama2025_fixed\041325_experimental\041325PA_experimental_part04.mp4,1900-01-01 19:15:53.600,441
67733,140,63,2.0,113.0,146.0,70.16666666666666,D:\AprPanama2025_fixed\041325_experimental\041325PA_experimental_part04.mp4,1900-01-01 19:15:53.300,440
67988,1091,63,5.5,118.0,176.0,247.9090909090909,D:\AprPanama2025_fixed\041325_experimental\041325PA_experimental_part04.mp4,1900-01-01 19:16:18.800,1391
67986,1091,62,5.5,138.0,178.0,233.9090909090909,D:\AprPanama2025_fixed\041325_experimental\041325PA_experimental_part04.mp4,1900-01-01 19:16:18.600,1391
67987,1091,62,5.5,138.0,178.0,233.9090909090909,D:\AprPanama2025_fixed\041325_experimental\041325PA_experimental_part04.mp4,1900-01-01 19:16:18.700,1391
67984,1091,62,2.5,121.0,151.0,254.14285714285717,D:\AprPanama2025_fixed\041325_experimental\041325PA_experimental_part04.mp4,1900-01-01 19:16:18.400,1391
67985,1091,62,4.0,114.0,167.0,229.77777777777777,D:\AprPanama2025_fixed\041325_experimental\041325PA_experimental_part04.mp4,1900-01-01 19:16:18.500,1391
67991,1091,62,4.5,140.0,177.0,244.7,D:\AprPanama2025_fixed\041325_experimental\041325PA_experimental_part04.mp4,1900-01-01 19:16:19.100,1391
67990,1091,63,4.5,130.0,175.0,245.77777777777777,D:\AprPanama2025_fixed\041325_experimental\041325PA_experimental_part04.mp4,1900-01-01 19:16:19.000,1391
67993,1091,62,4.5,132.0,175.0,242.5,D:\AprPanama2025_fixed\041325_experimental\041325PA_experimental_part04.mp4,1900-01-01 19:16:19.300,1391
67996,1091,62,4.5,126.0,174.0,246.5,D:\AprPanama2025_fixed\041325_experimental\041325PA_experimental_part04.mp4,1900-01-01 19:16:19.600,1391
67995,1091,62,4.5,126.0,172.0,235.1,D:\AprPanama2025_fixed\041325_experimental\041325PA_experimental_part04.mp4,1900-01-01 19:16:19.500,1391
67994,1091,62,4.0,116.0,174.0,244.2222222222222,D:\AprPanama2025_fixed\041325_experimental\041325PA_experimental_part04.mp4,1900-01-01 19:16:19.400,1391
67992,1091,62,4.5,136.0,176.0,244.4,D:\AprPanama2025_fixed\041325_experimental\041325PA_experimental_part04.mp4,1900-01-01 19:16:19.200,1391
67989,1091,63,4.5,130.0,175.0,245.77777777777777,D:\AprPanama2025_fixed\041325_experimental\041325PA_experimental_part04.mp4,1900-01-01 19:16:18.900,1391
67999,1091,62,2.0,111.0,169.0,250.57142857142856,D:\AprPanama2025_fixed\041325_experimental\041325PA_experimental_part04.mp4,1900-01-01 19:16:19.900,1391
68002,1090,62,2.0,118.0,170.0,250.16666666666663,D:\AprPanama2025_fixed\041325_experimental\041325PA_experimental_part04.mp4,1900-01-01 19:16:20.200,1390
68000,1090,62,2.0,111.0,174.0,252.7142857142857,D:\AprPanama2025_fixed\041325_experimental\041325PA_experimental_part04.mp4,1900-01-01 19:16:20.000,1390
68007,988,49,2.0,126.0,162.0,171.0,D:\AprPanama2025_fixed\041325_experimental\041325PA_experimental_part04.mp4,1900-01-01 19:16:20.700,1288
68009,988,50,4.0,142.0,163.0,178.2222222222222,D:\AprPanama2025_fixed\041325_experimental\041325PA_experimental_part04.mp4,1900-01-01 19:16:20.900,1288
68010,988,50,4.0,125.0,170.0,225.7,D:\AprPanama2025_fixed\041325_experimental\041325PA_experimental_part04.mp4,1900-01-01 19:16:21.000,1288
68008,988,49,2.0,126.0,159.0,170.57142857142856,D:\AprPanama2025_fixed\041325_experimental\041325PA_experimental_part04.mp4,1900-01-01 19:16:20.800,1288
68084,762,64,10.0,125.0,178.0,252.05882352941177,D:\AprPanama2025_fixed\041325_experimental\041325PA_experimental_part04.mp4,1900-01-01 19:16:28.400,1062
68083,762,64,12.0,119.0,178.0,237.75,D:\AprPanama2025_fixed\041325_experimental\041325PA_experimental_part04.mp4,1900-01-01 19:16:28.300,1062
68079,763,62,6.5,115.0,177.0,236.75,D:\AprPanama2025_fixed\041325_experimental\041325PA_experimental_part04.mp4,1900-01-01 19:16:27.900,1063
68081,762,63,14.0,111.0,179.0,238.6818181818182,D:\AprPanama2025_fixed\041325_experimental\041325PA_experimental_part04.mp4,1900-01-01 19:16:28.100,1062
68082,762,64,12.0,119.0,178.0,237.75,D:\AprPanama2025_fixed\041325_experimental\041325PA_experimental_part04.mp4,1900-01-01 19:16:28.200,1062
68080,763,63,13.0,111.0,179.0,243.14285714285717,D:\AprPanama2025_fixed\041325_experimental\041325PA_experimental_part04.mp4,1900-01-01 19:16:28.000,1063
68090,761,64,7.5,111.0,172.0,197.14285714285717,D:\AprPanama2025_fixed\041325_experimental\041325PA_experimental_part04.mp4,1900-01-01 19:16:29.000,1061
68086,761,64,7.5,112.0,188.0,243.7142857142857,D:\AprPanama2025_fixed\041325_experimental\041325PA_experimental_part04.mp4,1900-01-01 19:16:28.600,1061
68087,761,64,6.5,129.0,179.0,238.92307692307693,D:\AprPanama2025_fixed\041325_experimental\041325PA_experimental_part04.mp4,1900-01-01 19:16:28.700,1061
68088,762,63,5.0,113.0,175.0,226.72727272727272,D:\AprPanama2025_fixed\041325_experimental\041325PA_experimental_part04.mp4,1900-01-01 19:16:28.800,1062
68091,761,63,2.5,121.0,162.0,193.14285714285717,D:\AprPanama2025_fixed\041325_experimental\041325PA_experimental_part04.mp4,1900-01-01 19:16:29.100,1061
68092,761,63,2.0,124.0,164.0,171.66666666666666,D:\AprPanama2025_fixed\041325_experimental\041325PA_experimental_part04.mp4,1900-01-01 19:16:29.200,1061
68085,762,64,8.5,117.0,178.0,242.06666666666663,D:\AprPanama2025_fixed\041325_experimental\041325PA_experimental_part04.mp4,1900-01-01 19:16:28.500,1062
68089,762,64,3.5,119.0,171.0,205.5,D:\AprPanama2025_fixed\041325_experimental\041325PA_experimental_part04.mp4,1900-01-01 19:16:28.900,1062
68099,996,146,2.0,116.0,178.0,254.66666666666663,D:\AprPanama2025_fixed\041325_experimental\041325PA_experimental_part04.mp4,1900-01-01 19:16:29.900,1296
68100,997,145,4.0,117.0,161.0,251.0909090909091,D:\AprPanama2025_fixed\041325_experimental\041325PA_experimental_part04.mp4,1900-01-01 19:16:30.000,1297
68097,997,147,7.0,112.0,173.0,243.92307692307693,D:\AprPanama2025_fixed\041325_experimental\041325PA_experimental_part04.mp4,1900-01-01 19:16:29.700,1297
68093,761,63,2.0,124.0,164.0,171.66666666666666,D:\AprPanama2025_fixed\041325_experimental\041325PA_experimental_part04.mp4,1900-01-01 19:16:29.300,1061
68103,998,144,4.0,111.0,172.0,247.88888888888889,D:\AprPanama2025_fixed\041325_experimental\041325PA_experimental_part04.mp4,1900-01-01 19:16:30.300,1298
68104,998,143,4.0,114.0,169.0,173.75,D:\AprPanama2025_fixed\041325_experimental\041325PA_experimental_part04.mp4,1900-01-01 19:16:30.400,1298
68101,998,145,4.5,112.0,162.0,247.8,D:\AprPanama2025_fixed\041325_experimental\041325PA_experimental_part04.mp4,1900-01-01 19:16:30.100,1298
68603,232,55,1.5,114.0,163.0,150.6,D:\AprPanama2025_fixed\041325_experimental\041325PA_experimental_part04.mp4,1900-01-01 19:17:20.300,532
68601,233,52,1.5,121.0,149.0,28.8,D:\AprPanama2025_fixed\041325_experimental\041325PA_experimental_part04.mp4,1900-01-01 19:17:20.100,533
68604,232,54,2.0,121.0,169.0,208.3333333333333,D:\AprPanama2025_fixed\041325_experimental\041325PA_experimental_part04.mp4,1900-01-01 19:17:20.400,532
68605,232,54,2.0,123.0,170.0,164.16666666666666,D:\AprPanama2025_fixed\041325_experimental\041325PA_experimental_part04.mp4,1900-01-01 19:17:20.500,532
68625,1186,84,10.0,112.0,179.0,216.64705882352945,D:\AprPanama2025_fixed\041325_experimental\041325PA_experimental_part04.mp4,1900-01-01 19:17:22.500,1486
68626,1186,85,11.5,123.0,179.0,230.75,D:\AprPanama2025_fixed\041325_experimental\041325PA_experimental_part04.mp4,1900-01-01 19:17:22.600,1486
68628,1186,85,12.5,114.0,178.0,221.65,D:\AprPanama2025_fixed\041325_experimental\041325PA_experimental_part04.mp4,1900-01-01 19:17:22.800,1486
68624,1187,84,9.5,113.0,176.0,226.2941176470588,D:\AprPanama2025_fixed\041325_experimental\041325PA_experimental_part04.mp4,1900-01-01 19:17:22.400,1487
68622,1186,84,4.0,116.0,175.0,224.3,D:\AprPanama2025_fixed\041325_experimental\041325PA_experimental_part04.mp4,1900-01-01 19:17:22.200,1486
68627,1186,85,13.5,111.0,178.0,233.42857142857144,D:\AprPanama2025_fixed\041325_experimental\041325PA_experimental_part04.mp4,1900-01-01 19:17:22.700,1486
68623,1186,84,5.0,115.0,176.0,225.66666666666663,D:\AprPanama2025_fixed\041325_experimental\041325PA_experimental_part04.mp4,1900-01-01 19:17:22.300,1486
68636,940,38,5.5,114.0,180.0,239.27272727272728,D:\AprPanama2025_fixed\041325_experimental\041325PA_experimental_part04.mp4,1900-01-01 19:17:23.600,1240
68629,1186,85,10.0,114.0,177.0,205.94117647058823,D:\AprPanama2025_fixed\041325_experimental\041325PA_experimental_part04.mp4,1900-01-01 19:17:22.900,1486
68631,1186,85,10.0,114.0,178.0,235.1111111111111,D:\AprPanama2025_fixed\041325_experimental\041325PA_experimental_part04.mp4,1900-01-01 19:17:23.100,1486
68635,940,38,3.5,112.0,180.0,210.625,D:\AprPanama2025_fixed\041325_experimental\041325PA_experimental_part04.mp4,1900-01-01 19:17:23.500,1240
68632,1186,85,8.5,113.0,182.0,240.75,D:\AprPanama2025_fixed\041325_experimental\041325PA_experimental_part04.mp4,1900-01-01 19:17:23.200,1486
68630,1186,85,10.5,113.0,177.0,220.66666666666663,D:\AprPanama2025_fixed\041325_experimental\041325PA_experimental_part04.mp4,1900-01-01 19:17:23.000,1486
68633,939,39,1.5,127.0,180.0,202.6,D:\AprPanama2025_fixed\041325_experimental\041325PA_experimental_part04.mp4,1900-01-01 19:17:23.300,1239
68633,1186,85,4.5,112.0,171.0,242.63636363636363,D:\AprPanama2025_fixed\041325_experimental\041325PA_experimental_part04.mp4,1900-01-01 19:17:23.300,1486
68634,940,38,3.0,113.0,181.0,190.85714285714283,D:\AprPanama2025_fixed\041325_experimental\041325PA_experimental_part04.mp4,1900-01-01 19:17:23.400,1240
68634,1187,85,2.5,114.0,161.0,242.125,D:\AprPanama2025_fixed\041325_experimental\041325PA_experimental_part04.mp4,1900-01-01 19:17:23.400,1487
68642,940,39,3.5,111.0,180.0,214.0,D:\AprPanama2025_fixed\041325_experimental\041325PA_experimental_part04.mp4,1900-01-01 19:17:24.200,1240
68638,940,38,1.5,123.0,175.0,232.8,D:\AprPanama2025_fixed\041325_experimental\041325PA_experimental_part04.mp4,1900-01-01 19:17:23.800,1240
68643,940,38,2.5,126.0,179.0,227.3333333333333,D:\AprPanama2025_fixed\041325_experimental\041325PA_experimental_part04.mp4,1900-01-01 19:17:24.300,1240
68644,940,38,2.5,126.0,179.0,227.3333333333333,D:\AprPanama2025_fixed\041325_experimental\041325PA_experimental_part04.mp4,1900-01-01 19:17:24.400,1240
68639,940,38,1.5,113.0,176.0,223.2,D:\AprPanama2025_fixed\041325_experimental\041325PA_experimental_part04.mp4,1900-01-01 19:17:23.900,1240
68641,940,38,4.0,113.0,182.0,222.0,D:\AprPanama2025_fixed\041325_experimental\041325PA_experimental_part04.mp4,1900-01-01 19:17:24.100,1240
68637,940,38,2.0,114.0,177.0,232.0,D:\AprPanama2025_fixed\041325_experimental\041325PA_experimental_part04.mp4,1900-01-01 19:17:23.700,1240
68637,1186,84,1.5,111.0,161.0,239.8333333333333,D:\AprPanama2025_fixed\041325_experimental\041325PA_experimental_part04.mp4,1900-01-01 19:17:23.700,1486
68646,939,38,1.5,111.0,176.0,222.8,D:\AprPanama2025_fixed\041325_experimental\041325PA_experimental_part04.mp4,1900-01-01 19:17:24.600,1239
68645,939,38,1.5,111.0,176.0,222.8,D:\AprPanama2025_fixed\041325_experimental\041325PA_experimental_part04.mp4,1900-01-01 19:17:24.500,1239
68787,465,55,16.5,117.0,242.0,236.8148148148148,D:\AprPanama2025_fixed\041325_experimental\041325PA_experimental_part04.mp4,1900-01-01 19:17:38.700,765
68784,465,54,17.5,114.0,179.0,249.23076923076923,D:\AprPanama2025_fixed\041325_experimental\041325PA_experimental_part04.mp4,1900-01-01 19:17:38.400,765
68785,465,54,22.5,112.0,220.0,245.59375,D:\AprPanama2025_fixed\041325_experimental\041325PA_experimental_part04.mp4,1900-01-01 19:17:38.500,765
68782,467,49,8.0,115.0,173.0,220.5,D:\AprPanama2025_fixed\041325_experimental\041325PA_experimental_part04.mp4,1900-01-01 19:17:38.200,767
68788,465,55,18.0,120.0,179.0,250.92592592592592,D:\AprPanama2025_fixed\041325_experimental\041325PA_experimental_part04.mp4,1900-01-01 19:17:38.800,765
68786,465,55,23.0,118.0,223.0,241.42424242424244,D:\AprPanama2025_fixed\041325_experimental\041325PA_experimental_part04.mp4,1900-01-01 19:17:38.600,765
68783,466,52,8.0,118.0,178.0,244.5,D:\AprPanama2025_fixed\041325_experimental\041325PA_experimental_part04.mp4,1900-01-01 19:17:38.300,766
68791,465,55,18.5,113.0,179.0,245.0,D:\AprPanama2025_fixed\041325_experimental\041325PA_experimental_part04.mp4,1900-01-01 19:17:39.100,765
68793,466,55,12.5,121.0,179.0,246.57142857142856,D:\AprPanama2025_fixed\041325_experimental\041325PA_experimental_part04.mp4,1900-01-01 19:17:39.300,766
68794,467,55,11.0,115.0,178.0,241.66666666666663,D:\AprPanama2025_fixed\041325_experimental\041325PA_experimental_part04.mp4,1900-01-01 19:17:39.400,767
68796,467,55,8.5,115.0,179.0,247.3125,D:\AprPanama2025_fixed\041325_experimental\041325PA_experimental_part04.mp4,1900-01-01 19:17:39.600,767
68790,465,55,18.0,121.0,179.0,248.1111111111111,D:\AprPanama2025_fixed\041325_experimental\041325PA_experimental_part04.mp4,1900-01-01 19:17:39.000,765
68795,467,55,10.0,118.0,178.0,241.64705882352945,D:\AprPanama2025_fixed\041325_experimental\041325PA_experimental_part04.mp4,1900-01-01 19:17:39.500,767
68789,465,55,18.0,121.0,179.0,248.1111111111111,D:\AprPanama2025_fixed\041325_experimental\041325PA_experimental_part04.mp4,1900-01-01 19:17:38.900,765
68792,465,55,15.5,112.0,179.0,239.54166666666663,D:\AprPanama2025_fixed\041325_experimental\041325PA_experimental_part04.mp4,1900-01-01 19:17:39.200,765
68804,468,55,4.5,113.0,173.0,243.9,D:\AprPanama2025_fixed\041325_experimental\041325PA_experimental_part04.mp4,1900-01-01 19:17:40.400,768
68800,468,55,6.5,112.0,171.0,245.6923076923077,D:\AprPanama2025_fixed\041325_experimental\041325PA_experimental_part04.mp4,1900-01-01 19:17:40.000,768
68797,467,55,9.0,121.0,179.0,246.5,D:\AprPanama2025_fixed\041325_experimental\041325PA_experimental_part04.mp4,1900-01-01 19:17:39.700,767
68799,467,55,8.0,121.0,179.0,253.33333333333331,D:\AprPanama2025_fixed\041325_experimental\041325PA_experimental_part04.mp4,1900-01-01 19:17:39.900,767
68798,467,55,8.5,118.0,177.0,250.1875,D:\AprPanama2025_fixed\041325_experimental\041325PA_experimental_part04.mp4,1900-01-01 19:17:39.800,767
68801,468,55,4.0,115.0,172.0,239.2,D:\AprPanama2025_fixed\041325_experimental\041325PA_experimental_part04.mp4,1900-01-01 19:17:40.100,768
68802,468,55,4.5,116.0,172.0,240.8,D:\AprPanama2025_fixed\041325_experimental\041325PA_experimental_part04.mp4,1900-01-01 19:17:40.200,768
68803,468,55,4.5,113.0,173.0,243.9,D:\AprPanama2025_fixed\041325_experimental\041325PA_experimental_part04.mp4,1900-01-01 19:17:40.300,768
68805,468,56,1.5,155.0,179.0,252.2,D:\AprPanama2025_fixed\041325_experimental\041325PA_experimental_part04.mp4,1900-01-01 19:17:40.500,768
68854,1109,65,2.0,111.0,157.0,250.66666666666663,D:\AprPanama2025_fixed\041325_experimental\041325PA_experimental_part04.mp4,1900-01-01 19:17:45.400,1409
68855,1109,66,6.5,125.0,179.0,231.0,D:\AprPanama2025_fixed\041325_experimental\041325PA_experimental_part04.mp4,1900-01-01 19:17:45.500,1409
68859,1109,67,15.5,122.0,179.0,250.08695652173915,D:\AprPanama2025_fixed\041325_experimental\041325PA_experimental_part04.mp4,1900-01-01 19:17:45.900,1409
68856,1109,67,13.5,114.0,176.0,221.7619047619048,D:\AprPanama2025_fixed\041325_experimental\041325PA_experimental_part04.mp4,1900-01-01 19:17:45.600,1409
68858,1109,67,16.5,114.0,179.0,249.79166666666663,D:\AprPanama2025_fixed\041325_experimental\041325PA_experimental_part04.mp4,1900-01-01 19:17:45.800,1409
68860,1109,67,14.5,115.0,185.0,251.9090909090909,D:\AprPanama2025_fixed\041325_experimental\041325PA_experimental_part04.mp4,1900-01-01 19:17:46.000,1409
68857,1109,67,16.5,114.0,179.0,249.79166666666663,D:\AprPanama2025_fixed\041325_experimental\041325PA_experimental_part04.mp4,1900-01-01 19:17:45.700,1409
68865,1108,67,9.5,113.0,179.0,252.1764705882353,D:\AprPanama2025_fixed\041325_experimental\041325PA_experimental_part04.mp4,1900-01-01 19:17:46.500,1408
68867,1108,67,7.5,112.0,178.0,249.0,D:\AprPanama2025_fixed\041325_experimental\041325PA_experimental_part04.mp4,1900-01-01 19:17:46.700,1408
68866,1109,67,8.0,119.0,179.0,249.64285714285717,D:\AprPanama2025_fixed\041325_experimental\041325PA_experimental_part04.mp4,1900-01-01 19:17:46.600,1409
68861,1109,67,11.5,113.0,185.0,250.0,D:\AprPanama2025_fixed\041325_experimental\041325PA_experimental_part04.mp4,1900-01-01 19:17:46.100,1409
68862,1109,67,10.5,115.0,177.0,251.44444444444443,D:\AprPanama2025_fixed\041325_experimental\041325PA_experimental_part04.mp4,1900-01-01 19:17:46.200,1409
68864,1109,67,8.5,112.0,179.0,253.33333333333331,D:\AprPanama2025_fixed\041325_experimental\041325PA_experimental_part04.mp4,1900-01-01 19:17:46.400,1409
68863,1109,67,8.5,127.0,179.0,252.06666666666663,D:\AprPanama2025_fixed\041325_experimental\041325PA_experimental_part04.mp4,1900-01-01 19:17:46.300,1409
68868,1108,67,6.0,116.0,176.0,238.23076923076923,D:\AprPanama2025_fixed\041325_experimental\041325PA_experimental_part04.mp4,1900-01-01 19:17:46.800,1408
68871,1108,66,3.0,111.0,179.0,242.5,D:\AprPanama2025_fixed\041325_experimental\041325PA_experimental_part04.mp4,1900-01-01 19:17:47.100,1408
68870,1108,67,1.5,128.0,172.0,249.8,D:\AprPanama2025_fixed\041325_experimental\041325PA_experimental_part04.mp4,1900-01-01 19:17:47.000,1408
68872,1107,66,2.5,111.0,174.0,241.28571428571428,D:\AprPanama2025_fixed\041325_experimental\041325PA_experimental_part04.mp4,1900-01-01 19:17:47.200,1407
68874,1107,66,3.0,112.0,165.0,233.875,D:\AprPanama2025_fixed\041325_experimental\041325PA_experimental_part04.mp4,1900-01-01 19:17:47.400,1407
68873,1108,66,1.5,119.0,170.0,244.8333333333333,D:\AprPanama2025_fixed\041325_experimental\041325PA_experimental_part04.mp4,1900-01-01 19:17:47.300,1408
68869,1108,67,7.5,112.0,178.0,239.07142857142856,D:\AprPanama2025_fixed\041325_experimental\041325PA_experimental_part04.mp4,1900-01-01 19:17:46.900,1408
69056,167,87,6.0,114.0,176.0,176.0,D:\AprPanama2025_fixed\041325_experimental\041325PA_experimental_part04.mp4,1900-01-01 19:18:05.600,467
69058,167,87,6.0,113.0,176.0,179.83333333333331,D:\AprPanama2025_fixed\041325_experimental\041325PA_experimental_part04.mp4,1900-01-01 19:18:05.800,467
69057,167,87,6.0,113.0,176.0,179.83333333333331,D:\AprPanama2025_fixed\041325_experimental\041325PA_experimental_part04.mp4,1900-01-01 19:18:05.700,467
69054,167,87,5.5,113.0,172.0,143.27272727272728,D:\AprPanama2025_fixed\041325_experimental\041325PA_experimental_part04.mp4,1900-01-01 19:18:05.400,467
69055,167,87,6.0,115.0,175.0,171.08333333333331,D:\AprPanama2025_fixed\041325_experimental\041325PA_experimental_part04.mp4,1900-01-01 19:18:05.500,467
69059,167,87,4.5,112.0,166.0,161.9,D:\AprPanama2025_fixed\041325_experimental\041325PA_experimental_part04.mp4,1900-01-01 19:18:05.900,467
69060,167,87,4.5,112.0,166.0,161.9,D:\AprPanama2025_fixed\041325_experimental\041325PA_experimental_part04.mp4,1900-01-01 19:18:06.000,467
69063,286,72,2.0,134.0,179.0,253.3333333333333,D:\AprPanama2025_fixed\041325_experimental\041325PA_experimental_part04.mp4,1900-01-01 19:18:06.300,586
69063,167,87,2.0,111.0,149.0,146.28571428571428,D:\AprPanama2025_fixed\041325_experimental\041325PA_experimental_part04.mp4,1900-01-01 19:18:06.300,467
69064,286,73,3.0,118.0,176.0,232.375,D:\AprPanama2025_fixed\041325_experimental\041325PA_experimental_part04.mp4,1900-01-01 19:18:06.400,586
69061,167,87,5.0,112.0,157.0,110.9,D:\AprPanama2025_fixed\041325_experimental\041325PA_experimental_part04.mp4,1900-01-01 19:18:06.100,467
69066,285,73,6.5,126.0,168.0,206.3333333333333,D:\AprPanama2025_fixed\041325_experimental\041325PA_experimental_part04.mp4,1900-01-01 19:18:06.600,585
69068,285,73,5.5,136.0,170.0,209.63636363636363,D:\AprPanama2025_fixed\041325_experimental\041325PA_experimental_part04.mp4,1900-01-01 19:18:06.800,585
69062,167,87,4.0,113.0,153.0,126.2222222222222,D:\AprPanama2025_fixed\041325_experimental\041325PA_experimental_part04.mp4,1900-01-01 19:18:06.200,467
69067,285,73,6.5,126.0,168.0,206.3333333333333,D:\AprPanama2025_fixed\041325_experimental\041325PA_experimental_part04.mp4,1900-01-01 19:18:06.700,585
69065,286,73,3.0,118.0,176.0,232.375,D:\AprPanama2025_fixed\041325_experimental\041325PA_experimental_part04.mp4,1900-01-01 19:18:06.500,586
69065,167,86,3.0,116.0,166.0,172.2222222222222,D:\AprPanama2025_fixed\041325_experimental\041325PA_experimental_part04.mp4,1900-01-01 19:18:06.500,467
69072,899,51,10.5,121.0,177.0,244.94444444444443,D:\AprPanama2025_fixed\041325_experimental\041325PA_experimental_part04.mp4,1900-01-01 19:18:07.200,1199
69072,285,73,5.5,116.0,165.0,189.63636363636363,D:\AprPanama2025_fixed\041325_experimental\041325PA_experimental_part04.mp4,1900-01-01 19:18:07.200,585
69075,899,52,16.0,115.0,179.0,252.76,D:\AprPanama2025_fixed\041325_experimental\041325PA_experimental_part04.mp4,1900-01-01 19:18:07.500,1199
69075,285,74,4.5,111.0,160.0,173.2222222222222,D:\AprPanama2025_fixed\041325_experimental\041325PA_experimental_part04.mp4,1900-01-01 19:18:07.500,585
69076,899,52,16.0,115.0,179.0,253.56,D:\AprPanama2025_fixed\041325_experimental\041325PA_experimental_part04.mp4,1900-01-01 19:18:07.600,1199
69076,285,73,4.0,115.0,161.0,146.625,D:\AprPanama2025_fixed\041325_experimental\041325PA_experimental_part04.mp4,1900-01-01 19:18:07.600,585
69069,285,73,5.5,124.0,171.0,197.3636363636364,D:\AprPanama2025_fixed\041325_experimental\041325PA_experimental_part04.mp4,1900-01-01 19:18:06.900,585
69074,898,51,17.5,120.0,179.0,241.0769230769231,D:\AprPanama2025_fixed\041325_experimental\041325PA_experimental_part04.mp4,1900-01-01 19:18:07.400,1198
69074,285,73,5.0,114.0,164.0,171.0,D:\AprPanama2025_fixed\041325_experimental\041325PA_experimental_part04.mp4,1900-01-01 19:18:07.400,585
69070,285,73,5.5,127.0,167.0,195.54545454545456,D:\AprPanama2025_fixed\041325_experimental\041325PA_experimental_part04.mp4,1900-01-01 19:18:07.000,585
69073,899,51,16.0,131.0,179.0,248.29166666666663,D:\AprPanama2025_fixed\041325_experimental\041325PA_experimental_part04.mp4,1900-01-01 19:18:07.300,1199
69073,285,73,5.0,117.0,164.0,180.5,D:\AprPanama2025_fixed\041325_experimental\041325PA_experimental_part04.mp4,1900-01-01 19:18:07.300,585
69071,285,73,5.5,130.0,166.0,192.54545454545456,D:\AprPanama2025_fixed\041325_experimental\041325PA_experimental_part04.mp4,1900-01-01 19:18:07.100,585
69078,898,52,16.5,125.0,179.0,250.24,D:\AprPanama2025_fixed\041325_experimental\041325PA_experimental_part04.mp4,1900-01-01 19:18:07.800,1198
69078,285,73,3.0,126.0,150.0,117.85714285714285,D:\AprPanama2025_fixed\041325_experimental\041325PA_experimental_part04.mp4,1900-01-01 19:18:07.800,585
69079,898,52,18.5,112.0,179.0,249.0,D:\AprPanama2025_fixed\041325_experimental\041325PA_experimental_part04.mp4,1900-01-01 19:18:07.900,1198
69079,285,73,3.0,126.0,150.0,117.85714285714285,D:\AprPanama2025_fixed\041325_experimental\041325PA_experimental_part04.mp4,1900-01-01 19:18:07.900,585
69083,924,52,1.5,115.0,164.0,233.8,D:\AprPanama2025_fixed\041325_experimental\041325PA_experimental_part04.mp4,1900-01-01 19:18:08.300,1224
69083,897,52,13.0,114.0,178.0,252.0,D:\AprPanama2025_fixed\041325_experimental\041325PA_experimental_part04.mp4,1900-01-01 19:18:08.300,1197
69083,285,73,3.0,119.0,148.0,73.42857142857143,D:\AprPanama2025_fixed\041325_experimental\041325PA_experimental_part04.mp4,1900-01-01 19:18:08.300,585
69083,312,92,1.5,113.0,164.0,230.8,D:\AprPanama2025_fixed\041325_experimental\041325PA_experimental_part04.mp4,1900-01-01 19:18:08.300,612
69084,924,53,5.5,114.0,179.0,242.54545454545456,D:\AprPanama2025_fixed\041325_experimental\041325PA_experimental_part04.mp4,1900-01-01 19:18:08.400,1224
69084,896,53,14.0,112.0,179.0,247.22727272727275,D:\AprPanama2025_fixed\041325_experimental\041325PA_experimental_part04.mp4,1900-01-01 19:18:08.400,1196
69084,285,73,5.0,112.0,150.0,31.6,D:\AprPanama2025_fixed\041325_experimental\041325PA_experimental_part04.mp4,1900-01-01 19:18:08.400,585
69081,898,52,19.0,112.0,179.0,247.3793103448276,D:\AprPanama2025_fixed\041325_experimental\041325PA_experimental_part04.mp4,1900-01-01 19:18:08.100,1198
69081,285,73,3.0,127.0,150.0,84.14285714285714,D:\AprPanama2025_fixed\041325_experimental\041325PA_experimental_part04.mp4,1900-01-01 19:18:08.100,585
69081,313,91,3.5,114.0,152.0,239.5,D:\AprPanama2025_fixed\041325_experimental\041325PA_experimental_part04.mp4,1900-01-01 19:18:08.100,613
69080,898,52,18.0,113.0,179.0,250.07407407407405,D:\AprPanama2025_fixed\041325_experimental\041325PA_experimental_part04.mp4,1900-01-01 19:18:08.000,1198
69080,285,73,3.0,126.0,150.0,117.85714285714285,D:\AprPanama2025_fixed\041325_experimental\041325PA_experimental_part04.mp4,1900-01-01 19:18:08.000,585
69077,898,52,17.0,115.0,179.0,250.0,D:\AprPanama2025_fixed\041325_experimental\041325PA_experimental_part04.mp4,1900-01-01 19:18:07.700,1198
69077,285,73,3.0,126.0,150.0,117.85714285714285,D:\AprPanama2025_fixed\041325_experimental\041325PA_experimental_part04.mp4,1900-01-01 19:18:07.700,585
69082,897,53,16.5,114.0,179.0,251.64,D:\AprPanama2025_fixed\041325_experimental\041325PA_experimental_part04.mp4,1900-01-01 19:18:08.200,1197
69082,285,73,5.0,114.0,150.0,13.3,D:\AprPanama2025_fixed\041325_experimental\041325PA_experimental_part04.mp4,1900-01-01 19:18:08.200,585
69082,313,92,1.5,112.0,146.0,229.8333333333333,D:\AprPanama2025_fixed\041325_experimental\041325PA_experimental_part04.mp4,1900-01-01 19:18:08.200,613
69087,924,53,7.0,112.0,178.0,246.3846153846154,D:\AprPanama2025_fixed\041325_experimental\041325PA_experimental_part04.mp4,1900-01-01 19:18:08.700,1224
69087,896,53,8.0,118.0,175.0,253.66666666666663,D:\AprPanama2025_fixed\041325_experimental\041325PA_experimental_part04.mp4,1900-01-01 19:18:08.700,1196
69087,284,74,1.5,125.0,143.0,17.400000000000002,D:\AprPanama2025_fixed\041325_experimental\041325PA_experimental_part04.mp4,1900-01-01 19:18:08.700,584
69088,290,44,1.5,156.0,168.0,252.2,D:\AprPanama2025_fixed\041325_experimental\041325PA_experimental_part04.mp4,1900-01-01 19:18:08.800,590
69088,923,54,7.5,119.0,171.0,247.35714285714283,D:\AprPanama2025_fixed\041325_experimental\041325PA_experimental_part04.mp4,1900-01-01 19:18:08.800,1223
69088,896,53,8.0,119.0,176.0,252.86666666666667,D:\AprPanama2025_fixed\041325_experimental\041325PA_experimental_part04.mp4,1900-01-01 19:18:08.800,1196
69092,290,44,2.5,122.0,168.0,227.16666666666663,D:\AprPanama2025_fixed\041325_experimental\041325PA_experimental_part04.mp4,1900-01-01 19:18:09.200,590
69092,885,52,3.0,112.0,145.0,248.85714285714283,D:\AprPanama2025_fixed\041325_experimental\041325PA_experimental_part04.mp4,1900-01-01 19:18:09.200,1185
69092,894,54,2.0,125.0,155.0,252.0,D:\AprPanama2025_fixed\041325_experimental\041325PA_experimental_part04.mp4,1900-01-01 19:18:09.200,1194
69092,923,54,7.0,108.0,175.0,231.84615384615387,D:\AprPanama2025_fixed\041325_experimental\041325PA_experimental_part04.mp4,1900-01-01 19:18:09.200,1223
69092,924,53,2.0,108.0,163.0,207.2,D:\AprPanama2025_fixed\041325_experimental\041325PA_experimental_part04.mp4,1900-01-01 19:18:09.200,1224
69092,932,62,8.5,111.0,175.0,246.1875,D:\AprPanama2025_fixed\041325_experimental\041325PA_experimental_part04.mp4,1900-01-01 19:18:09.200,1232
69091,887,52,4.5,112.0,168.0,231.2,D:\AprPanama2025_fixed\041325_experimental\041325PA_experimental_part04.mp4,1900-01-01 19:18:09.100,1187
69091,895,53,4.5,113.0,155.0,253.3,D:\AprPanama2025_fixed\041325_experimental\041325PA_experimental_part04.mp4,1900-01-01 19:18:09.100,1195
69091,923,54,7.5,112.0,173.0,246.57142857142856,D:\AprPanama2025_fixed\041325_experimental\041325PA_experimental_part04.mp4,1900-01-01 19:18:09.100,1223
69091,932,62,8.5,111.0,175.0,246.0625,D:\AprPanama2025_fixed\041325_experimental\041325PA_experimental_part04.mp4,1900-01-01 19:18:09.100,1232
69090,895,53,6.5,114.0,176.0,247.3846153846154,D:\AprPanama2025_fixed\041325_experimental\041325PA_experimental_part04.mp4,1900-01-01 19:18:09.000,1195
69090,923,54,7.5,120.0,175.0,250.78571428571428,D:\AprPanama2025_fixed\041325_experimental\041325PA_experimental_part04.mp4,1900-01-01 19:18:09.000,1223
69090,931,61,6.5,114.0,169.0,250.0,D:\AprPanama2025_fixed\041325_experimental\041325PA_experimental_part04.mp4,1900-01-01 19:18:09.000,1231
69085,924,53,5.5,114.0,179.0,242.54545454545456,D:\AprPanama2025_fixed\041325_experimental\041325PA_experimental_part04.mp4,1900-01-01 19:18:08.500,1224
69085,896,53,14.0,112.0,179.0,243.72727272727275,D:\AprPanama2025_fixed\041325_experimental\041325PA_experimental_part04.mp4,1900-01-01 19:18:08.500,1196
69085,285,73,5.0,112.0,150.0,31.6,D:\AprPanama2025_fixed\041325_experimental\041325PA_experimental_part04.mp4,1900-01-01 19:18:08.500,585
69085,311,93,2.5,118.0,163.0,221.625,D:\AprPanama2025_fixed\041325_experimental\041325PA_experimental_part04.mp4,1900-01-01 19:18:08.500,611
69089,896,53,8.0,130.0,178.0,251.8,D:\AprPanama2025_fixed\041325_experimental\041325PA_experimental_part04.mp4,1900-01-01 19:18:08.900,1196
69089,923,54,8.0,115.0,173.0,249.13333333333333,D:\AprPanama2025_fixed\041325_experimental\041325PA_experimental_part04.mp4,1900-01-01 19:18:08.900,1223
69089,930,62,1.5,115.0,155.0,249.0,D:\AprPanama2025_fixed\041325_experimental\041325PA_experimental_part04.mp4,1900-01-01 19:18:08.900,1230
69086,924,53,11.0,111.0,179.0,250.1111111111111,D:\AprPanama2025_fixed\041325_experimental\041325PA_experimental_part04.mp4,1900-01-01 19:18:08.600,1224
69086,896,53,13.0,116.0,178.0,241.0,D:\AprPanama2025_fixed\041325_experimental\041325PA_experimental_part04.mp4,1900-01-01 19:18:08.600,1196
69086,284,74,1.5,125.0,143.0,17.400000000000002,D:\AprPanama2025_fixed\041325_experimental\041325PA_experimental_part04.mp4,1900-01-01 19:18:08.600,584
69095,290,44,2.5,128.0,178.0,236.5,D:\AprPanama2025_fixed\041325_experimental\041325PA_experimental_part04.mp4,1900-01-01 19:18:09.500,590
69095,894,54,3.0,112.0,169.0,255.0,D:\AprPanama2025_fixed\041325_experimental\041325PA_experimental_part04.mp4,1900-01-01 19:18:09.500,1194
69095,923,54,4.0,116.0,165.0,248.55555555555557,D:\AprPanama2025_fixed\041325_experimental\041325PA_experimental_part04.mp4,1900-01-01 19:18:09.500,1223
69095,885,54,12.5,116.0,177.0,249.0434782608696,D:\AprPanama2025_fixed\041325_experimental\041325PA_experimental_part04.mp4,1900-01-01 19:18:09.500,1185
69095,932,61,7.5,114.0,175.0,249.0,D:\AprPanama2025_fixed\041325_experimental\041325PA_experimental_part04.mp4,1900-01-01 19:18:09.500,1232
69094,894,54,4.0,125.0,179.0,249.2,D:\AprPanama2025_fixed\041325_experimental\041325PA_experimental_part04.mp4,1900-01-01 19:18:09.400,1194
69094,885,53,14.5,119.0,178.0,245.1851851851852,D:\AprPanama2025_fixed\041325_experimental\041325PA_experimental_part04.mp4,1900-01-01 19:18:09.400,1185
69094,923,54,5.5,111.0,172.0,236.0,D:\AprPanama2025_fixed\041325_experimental\041325PA_experimental_part04.mp4,1900-01-01 19:18:09.400,1223
69094,932,62,8.5,111.0,175.0,241.6875,D:\AprPanama2025_fixed\041325_experimental\041325PA_experimental_part04.mp4,1900-01-01 19:18:09.400,1232
69094,314,68,1.5,123.0,174.0,184.8,D:\AprPanama2025_fixed\041325_experimental\041325PA_experimental_part04.mp4,1900-01-01 19:18:09.400,614
69097,290,44,2.5,128.0,178.0,236.5,D:\AprPanama2025_fixed\041325_experimental\041325PA_experimental_part04.mp4,1900-01-01 19:18:09.700,590
69097,922,54,2.0,114.0,177.0,247.3333333333333,D:\AprPanama2025_fixed\041325_experimental\041325PA_experimental_part04.mp4,1900-01-01 19:18:09.700,1222
69097,884,54,11.0,117.0,178.0,250.4090909090909,D:\AprPanama2025_fixed\041325_experimental\041325PA_experimental_part04.mp4,1900-01-01 19:18:09.700,1184
69097,932,61,6.5,114.0,169.0,254.6923076923077,D:\AprPanama2025_fixed\041325_experimental\041325PA_experimental_part04.mp4,1900-01-01 19:18:09.700,1232
69099,922,54,2.5,117.0,172.0,242.0,D:\AprPanama2025_fixed\041325_experimental\041325PA_experimental_part04.mp4,1900-01-01 19:18:09.900,1222
69099,886,55,22.5,111.0,178.0,243.95,D:\AprPanama2025_fixed\041325_experimental\041325PA_experimental_part04.mp4,1900-01-01 19:18:09.900,1186
69099,932,61,4.0,118.0,171.0,241.7,D:\AprPanama2025_fixed\041325_experimental\041325PA_experimental_part04.mp4,1900-01-01 19:18:09.900,1232
69098,886,54,19.5,115.0,179.0,249.64864864864867,D:\AprPanama2025_fixed\041325_experimental\041325PA_experimental_part04.mp4,1900-01-01 19:18:09.800,1186
69098,932,61,4.0,117.0,170.0,246.9,D:\AprPanama2025_fixed\041325_experimental\041325PA_experimental_part04.mp4,1900-01-01 19:18:09.800,1232
69096,290,44,2.5,128.0,178.0,236.5,D:\AprPanama2025_fixed\041325_experimental\041325PA_experimental_part04.mp4,1900-01-01 19:18:09.600,590
69096,888,54,16.0,112.0,179.0,251.93939393939397,D:\AprPanama2025_fixed\041325_experimental\041325PA_experimental_part04.mp4,1900-01-01 19:18:09.600,1188
69096,932,61,7.5,114.0,175.0,247.28571428571428,D:\AprPanama2025_fixed\041325_experimental\041325PA_experimental_part04.mp4,1900-01-01 19:18:09.600,1232
69093,884,53,14.0,111.0,178.0,248.61538461538464,D:\AprPanama2025_fixed\041325_experimental\041325PA_experimental_part04.mp4,1900-01-01 19:18:09.300,1184
69093,923,54,5.5,119.0,173.0,249.1818181818182,D:\AprPanama2025_fixed\041325_experimental\041325PA_experimental_part04.mp4,1900-01-01 19:18:09.300,1223
69093,932,62,8.5,111.0,175.0,246.6875,D:\AprPanama2025_fixed\041325_experimental\041325PA_experimental_part04.mp4,1900-01-01 19:18:09.300,1232
69093,314,68,1.5,131.0,169.0,146.20000000000002,D:\AprPanama2025_fixed\041325_experimental\041325PA_experimental_part04.mp4,1900-01-01 19:18:09.300,614
69100,922,54,2.5,117.0,172.0,242.0,D:\AprPanama2025_fixed\041325_experimental\041325PA_experimental_part04.mp4,1900-01-01 19:18:10.000,1222
69100,885,55,23.0,111.0,178.0,250.15,D:\AprPanama2025_fixed\041325_experimental\041325PA_experimental_part04.mp4,1900-01-01 19:18:10.000,1185
69100,931,61,6.5,118.0,170.0,210.3846153846154,D:\AprPanama2025_fixed\041325_experimental\041325PA_experimental_part04.mp4,1900-01-01 19:18:10.000,1231
69102,892,55,1.5,117.0,174.0,254.2,D:\AprPanama2025_fixed\041325_experimental\041325PA_experimental_part04.mp4,1900-01-01 19:18:10.200,1192
69102,884,55,16.0,124.0,179.0,251.14814814814807,D:\AprPanama2025_fixed\041325_experimental\041325PA_experimental_part04.mp4,1900-01-01 19:18:10.200,1184
69102,930,61,1.5,116.0,163.0,216.28571428571428,D:\AprPanama2025_fixed\041325_experimental\041325PA_experimental_part04.mp4,1900-01-01 19:18:10.200,1230
69108,890,56,1.5,111.0,141.0,249.8,D:\AprPanama2025_fixed\041325_experimental\041325PA_experimental_part04.mp4,1900-01-01 19:18:10.800,1190
69108,882,56,2.0,113.0,163.0,247.3333333333333,D:\AprPanama2025_fixed\041325_experimental\041325PA_experimental_part04.mp4,1900-01-01 19:18:10.800,1182
69104,887,55,20.0,114.0,179.0,252.42857142857144,D:\AprPanama2025_fixed\041325_experimental\041325PA_experimental_part04.mp4,1900-01-01 19:18:10.400,1187
69101,885,55,19.0,120.0,179.0,250.4705882352941,D:\AprPanama2025_fixed\041325_experimental\041325PA_experimental_part04.mp4,1900-01-01 19:18:10.100,1185
69101,931,61,6.0,122.0,171.0,211.75,D:\AprPanama2025_fixed\041325_experimental\041325PA_experimental_part04.mp4,1900-01-01 19:18:10.100,1231
69103,892,55,2.5,111.0,169.0,252.28571428571428,D:\AprPanama2025_fixed\041325_experimental\041325PA_experimental_part04.mp4,1900-01-01 19:18:10.300,1192
69103,885,55,14.0,121.0,179.0,251.375,D:\AprPanama2025_fixed\041325_experimental\041325PA_experimental_part04.mp4,1900-01-01 19:18:10.300,1185
69107,890,56,1.5,111.0,159.0,255.0,D:\AprPanama2025_fixed\041325_experimental\041325PA_experimental_part04.mp4,1900-01-01 19:18:10.700,1190
69107,883,56,3.5,137.0,171.0,235.88888888888889,D:\AprPanama2025_fixed\041325_experimental\041325PA_experimental_part04.mp4,1900-01-01 19:18:10.700,1183
69105,887,56,19.0,114.0,179.0,249.4705882352941,D:\AprPanama2025_fixed\041325_experimental\041325PA_experimental_part04.mp4,1900-01-01 19:18:10.500,1187
69106,886,56,15.0,112.0,179.0,253.3793103448276,D:\AprPanama2025_fixed\041325_experimental\041325PA_experimental_part04.mp4,1900-01-01 19:18:10.600,1186
69116,920,44,2.0,113.0,175.0,237.16666666666663,D:\AprPanama2025_fixed\041325_experimental\041325PA_experimental_part04.mp4,1900-01-01 19:18:11.600,1220
69115,921,44,4.0,112.0,173.0,243.9,D:\AprPanama2025_fixed\041325_experimental\041325PA_experimental_part04.mp4,1900-01-01 19:18:11.500,1221
69122,918,45,1.5,121.0,170.0,221.5,D:\AprPanama2025_fixed\041325_experimental\041325PA_experimental_part04.mp4,1900-01-01 19:18:12.200,1218
69117,920,44,2.0,115.0,176.0,233.16666666666663,D:\AprPanama2025_fixed\041325_experimental\041325PA_experimental_part04.mp4,1900-01-01 19:18:11.700,1220
69118,919,44,4.0,138.0,173.0,238.1111111111111,D:\AprPanama2025_fixed\041325_experimental\041325PA_experimental_part04.mp4,1900-01-01 19:18:11.800,1219
69120,920,44,2.0,112.0,169.0,168.66666666666666,D:\AprPanama2025_fixed\041325_experimental\041325PA_experimental_part04.mp4,1900-01-01 19:18:12.000,1220
69121,918,45,1.5,121.0,170.0,221.5,D:\AprPanama2025_fixed\041325_experimental\041325PA_experimental_part04.mp4,1900-01-01 19:18:12.100,1218
69119,919,45,4.5,125.0,170.0,179.3,D:\AprPanama2025_fixed\041325_experimental\041325PA_experimental_part04.mp4,1900-01-01 19:18:11.900,1219
69125,916,45,1.5,113.0,139.0,70.33333333333333,D:\AprPanama2025_fixed\041325_experimental\041325PA_experimental_part04.mp4,1900-01-01 19:18:12.500,1216
69125,884,56,2.5,123.0,173.0,238.3333333333333,D:\AprPanama2025_fixed\041325_experimental\041325PA_experimental_part04.mp4,1900-01-01 19:18:12.500,1184
69126,883,56,4.0,111.0,173.0,233.2222222222222,D:\AprPanama2025_fixed\041325_experimental\041325PA_experimental_part04.mp4,1900-01-01 19:18:12.600,1183
69332,129,212,2.0,113.0,170.0,191.3333333333333,D:\AprPanama2025_fixed\041325_experimental\041325PA_experimental_part04.mp4,1900-01-01 19:18:33.200,429
69331,128,212,1.5,137.0,168.0,221.2,D:\AprPanama2025_fixed\041325_experimental\041325PA_experimental_part04.mp4,1900-01-01 19:18:33.100,428
69336,129,211,5.0,119.0,169.0,134.0,D:\AprPanama2025_fixed\041325_experimental\041325PA_experimental_part04.mp4,1900-01-01 19:18:33.600,429
69335,129,212,2.0,134.0,172.0,160.66666666666666,D:\AprPanama2025_fixed\041325_experimental\041325PA_experimental_part04.mp4,1900-01-01 19:18:33.500,429
69337,129,211,5.0,119.0,169.0,134.0,D:\AprPanama2025_fixed\041325_experimental\041325PA_experimental_part04.mp4,1900-01-01 19:18:33.700,429
69340,129,211,3.0,122.0,149.0,67.85714285714285,D:\AprPanama2025_fixed\041325_experimental\041325PA_experimental_part04.mp4,1900-01-01 19:18:34.000,429
69340,86,212,1.5,114.0,144.0,177.20000000000002,D:\AprPanama2025_fixed\041325_experimental\041325PA_experimental_part04.mp4,1900-01-01 19:18:34.000,386
69334,129,211,5.0,111.0,176.0,169.5,D:\AprPanama2025_fixed\041325_experimental\041325PA_experimental_part04.mp4,1900-01-01 19:18:33.400,429
69338,129,211,5.0,121.0,159.0,107.7,D:\AprPanama2025_fixed\041325_experimental\041325PA_experimental_part04.mp4,1900-01-01 19:18:33.800,429
69338,86,212,1.5,146.0,161.0,192.4,D:\AprPanama2025_fixed\041325_experimental\041325PA_experimental_part04.mp4,1900-01-01 19:18:33.800,386
69333,129,212,2.0,120.0,170.0,181.0,D:\AprPanama2025_fixed\041325_experimental\041325PA_experimental_part04.mp4,1900-01-01 19:18:33.300,429
69333,87,212,2.0,117.0,149.0,90.66666666666666,D:\AprPanama2025_fixed\041325_experimental\041325PA_experimental_part04.mp4,1900-01-01 19:18:33.300,387
69339,129,211,3.0,123.0,149.0,76.57142857142857,D:\AprPanama2025_fixed\041325_experimental\041325PA_experimental_part04.mp4,1900-01-01 19:18:33.900,429
69339,86,212,1.5,146.0,161.0,192.4,D:\AprPanama2025_fixed\041325_experimental\041325PA_experimental_part04.mp4,1900-01-01 19:18:33.900,386
69344,273,150,11.0,118.0,198.0,242.16666666666663,D:\AprPanama2025_fixed\041325_experimental\041325PA_experimental_part04.mp4,1900-01-01 19:18:34.400,573
69344,129,212,2.0,126.0,150.0,98.5,D:\AprPanama2025_fixed\041325_experimental\041325PA_experimental_part04.mp4,1900-01-01 19:18:34.400,429
69342,272,150,6.5,128.0,179.0,238.66666666666663,D:\AprPanama2025_fixed\041325_experimental\041325PA_experimental_part04.mp4,1900-01-01 19:18:34.200,572
69342,129,212,1.5,119.0,149.0,83.2,D:\AprPanama2025_fixed\041325_experimental\041325PA_experimental_part04.mp4,1900-01-01 19:18:34.200,429
69343,273,150,13.5,124.0,179.0,232.3809523809524,D:\AprPanama2025_fixed\041325_experimental\041325PA_experimental_part04.mp4,1900-01-01 19:18:34.300,573
69345,273,151,9.0,114.0,179.0,247.0625,D:\AprPanama2025_fixed\041325_experimental\041325PA_experimental_part04.mp4,1900-01-01 19:18:34.500,573
69345,129,212,2.0,127.0,150.0,93.5,D:\AprPanama2025_fixed\041325_experimental\041325PA_experimental_part04.mp4,1900-01-01 19:18:34.500,429
69348,274,153,10.5,114.0,176.0,236.27777777777777,D:\AprPanama2025_fixed\041325_experimental\041325PA_experimental_part04.mp4,1900-01-01 19:18:34.800,574
69341,129,212,2.5,113.0,146.0,67.5,D:\AprPanama2025_fixed\041325_experimental\041325PA_experimental_part04.mp4,1900-01-01 19:18:34.100,429
69346,273,151,9.5,125.0,179.0,252.875,D:\AprPanama2025_fixed\041325_experimental\041325PA_experimental_part04.mp4,1900-01-01 19:18:34.600,573
69347,274,152,6.5,119.0,248.0,228.53846153846155,D:\AprPanama2025_fixed\041325_experimental\041325PA_experimental_part04.mp4,1900-01-01 19:18:34.700,574
69355,275,155,8.5,112.0,177.0,249.6,D:\AprPanama2025_fixed\041325_experimental\041325PA_experimental_part04.mp4,1900-01-01 19:18:35.500,575
69353,275,154,9.5,122.0,179.0,245.9375,D:\AprPanama2025_fixed\041325_experimental\041325PA_experimental_part04.mp4,1900-01-01 19:18:35.300,575
69351,275,153,11.5,114.0,179.0,233.3333333333333,D:\AprPanama2025_fixed\041325_experimental\041325PA_experimental_part04.mp4,1900-01-01 19:18:35.100,575
69356,275,155,4.5,129.0,177.0,250.0,D:\AprPanama2025_fixed\041325_experimental\041325PA_experimental_part04.mp4,1900-01-01 19:18:35.600,575
69349,274,153,12.0,127.0,179.0,251.8,D:\AprPanama2025_fixed\041325_experimental\041325PA_experimental_part04.mp4,1900-01-01 19:18:34.900,574
69354,275,155,8.5,122.0,176.0,246.46666666666667,D:\AprPanama2025_fixed\041325_experimental\041325PA_experimental_part04.mp4,1900-01-01 19:18:35.400,575
69350,274,153,12.0,117.0,179.0,243.45,D:\AprPanama2025_fixed\041325_experimental\041325PA_experimental_part04.mp4,1900-01-01 19:18:35.000,574
69352,275,153,11.0,111.0,179.0,240.66666666666663,D:\AprPanama2025_fixed\041325_experimental\041325PA_experimental_part04.mp4,1900-01-01 19:18:35.200,575
69364,277,158,2.0,119.0,160.0,140.66666666666666,D:\AprPanama2025_fixed\041325_experimental\041325PA_experimental_part04.mp4,1900-01-01 19:18:36.400,577
69359,276,156,2.5,115.0,177.0,241.0,D:\AprPanama2025_fixed\041325_experimental\041325PA_experimental_part04.mp4,1900-01-01 19:18:35.900,576
69358,276,156,4.0,120.0,179.0,251.1,D:\AprPanama2025_fixed\041325_experimental\041325PA_experimental_part04.mp4,1900-01-01 19:18:35.800,576
69361,131,177,1.5,116.0,149.0,63.400000000000006,D:\AprPanama2025_fixed\041325_experimental\041325PA_experimental_part04.mp4,1900-01-01 19:18:36.100,431
69357,275,156,4.5,152.0,179.0,252.5,D:\AprPanama2025_fixed\041325_experimental\041325PA_experimental_part04.mp4,1900-01-01 19:18:35.700,575
69360,276,156,2.5,112.0,175.0,235.0,D:\AprPanama2025_fixed\041325_experimental\041325PA_experimental_part04.mp4,1900-01-01 19:18:36.000,576
69369,132,178,1.5,149.0,158.0,162.60000000000002,D:\AprPanama2025_fixed\041325_experimental\041325PA_experimental_part04.mp4,1900-01-01 19:18:36.900,432
69707,685,94,11.0,128.0,179.0,235.6111111111111,D:\AprPanama2025_fixed\041325_experimental\041325PA_experimental_part04.mp4,1900-01-01 19:19:10.700,985
69706,686,93,4.0,121.0,163.0,221.77777777777777,D:\AprPanama2025_fixed\041325_experimental\041325PA_experimental_part04.mp4,1900-01-01 19:19:10.600,986
69708,684,95,13.0,122.0,178.0,242.15,D:\AprPanama2025_fixed\041325_experimental\041325PA_experimental_part04.mp4,1900-01-01 19:19:10.800,984
69710,683,96,11.5,117.0,179.0,246.15789473684208,D:\AprPanama2025_fixed\041325_experimental\041325PA_experimental_part04.mp4,1900-01-01 19:19:11.000,983
69714,681,96,11.0,111.0,179.0,220.8333333333333,D:\AprPanama2025_fixed\041325_experimental\041325PA_experimental_part04.mp4,1900-01-01 19:19:11.400,981
69713,681,96,11.0,111.0,179.0,220.8333333333333,D:\AprPanama2025_fixed\041325_experimental\041325PA_experimental_part04.mp4,1900-01-01 19:19:11.300,981
69711,683,96,8.0,118.0,173.0,243.42857142857144,D:\AprPanama2025_fixed\041325_experimental\041325PA_experimental_part04.mp4,1900-01-01 19:19:11.100,983
69712,682,96,8.5,113.0,179.0,246.06666666666663,D:\AprPanama2025_fixed\041325_experimental\041325PA_experimental_part04.mp4,1900-01-01 19:19:11.200,982
69715,680,97,6.5,125.0,178.0,245.15384615384616,D:\AprPanama2025_fixed\041325_experimental\041325PA_experimental_part04.mp4,1900-01-01 19:19:11.500,980
69716,680,97,7.0,111.0,176.0,221.7692307692308,D:\AprPanama2025_fixed\041325_experimental\041325PA_experimental_part04.mp4,1900-01-01 19:19:11.600,980
69709,684,96,12.0,116.0,179.0,252.3684210526316,D:\AprPanama2025_fixed\041325_experimental\041325PA_experimental_part04.mp4,1900-01-01 19:19:10.900,984
69721,677,97,1.5,111.0,181.0,213.2,D:\AprPanama2025_fixed\041325_experimental\041325PA_experimental_part04.mp4,1900-01-01 19:19:12.100,977
69722,676,98,2.5,133.0,166.0,161.28571428571428,D:\AprPanama2025_fixed\041325_experimental\041325PA_experimental_part04.mp4,1900-01-01 19:19:12.200,976
69720,678,97,4.5,117.0,172.0,197.0,D:\AprPanama2025_fixed\041325_experimental\041325PA_experimental_part04.mp4,1900-01-01 19:19:12.000,978
69719,678,96,1.5,113.0,161.0,249.7142857142857,D:\AprPanama2025_fixed\041325_experimental\041325PA_experimental_part04.mp4,1900-01-01 19:19:11.900,978
69718,679,97,5.5,111.0,171.0,231.0,D:\AprPanama2025_fixed\041325_experimental\041325PA_experimental_part04.mp4,1900-01-01 19:19:11.800,979
69723,676,98,1.5,129.0,169.0,232.2,D:\AprPanama2025_fixed\041325_experimental\041325PA_experimental_part04.mp4,1900-01-01 19:19:12.300,976
69717,680,97,6.0,112.0,176.0,214.0,D:\AprPanama2025_fixed\041325_experimental\041325PA_experimental_part04.mp4,1900-01-01 19:19:11.700,980
70235,148,185,4.0,126.0,172.0,184.55555555555557,D:\AprPanama2025_fixed\041325_experimental\041325PA_experimental_part04.mp4,1900-01-01 19:20:03.500,448
70235,138,184,2.0,120.0,177.0,237.57142857142856,D:\AprPanama2025_fixed\041325_experimental\041325PA_experimental_part04.mp4,1900-01-01 19:20:03.500,438
70236,148,185,4.0,126.0,172.0,227.2222222222222,D:\AprPanama2025_fixed\041325_experimental\041325PA_experimental_part04.mp4,1900-01-01 19:20:03.600,448
70236,137,185,3.5,120.0,179.0,237.75,D:\AprPanama2025_fixed\041325_experimental\041325PA_experimental_part04.mp4,1900-01-01 19:20:03.600,437
70243,380,14,2.0,137.0,178.0,223.5,D:\AprPanama2025_fixed\041325_experimental\041325PA_experimental_part04.mp4,1900-01-01 19:20:04.300,680
70243,148,182,2.0,127.0,176.0,233.8333333333333,D:\AprPanama2025_fixed\041325_experimental\041325PA_experimental_part04.mp4,1900-01-01 19:20:04.300,448
70242,148,183,1.5,117.0,170.0,230.0,D:\AprPanama2025_fixed\041325_experimental\041325PA_experimental_part04.mp4,1900-01-01 19:20:04.200,448
70237,148,184,2.5,116.0,176.0,242.28571428571428,D:\AprPanama2025_fixed\041325_experimental\041325PA_experimental_part04.mp4,1900-01-01 19:20:03.700,448
70237,137,185,3.0,112.0,171.0,223.0,D:\AprPanama2025_fixed\041325_experimental\041325PA_experimental_part04.mp4,1900-01-01 19:20:03.700,437
70238,147,184,6.0,111.0,175.0,240.0,D:\AprPanama2025_fixed\041325_experimental\041325PA_experimental_part04.mp4,1900-01-01 19:20:03.800,447
70238,137,185,3.0,112.0,173.0,226.25,D:\AprPanama2025_fixed\041325_experimental\041325PA_experimental_part04.mp4,1900-01-01 19:20:03.800,437
70244,382,16,8.0,111.0,175.0,221.0,D:\AprPanama2025_fixed\041325_experimental\041325PA_experimental_part04.mp4,1900-01-01 19:20:04.400,682
70244,148,182,1.5,117.0,158.0,218.8333333333333,D:\AprPanama2025_fixed\041325_experimental\041325PA_experimental_part04.mp4,1900-01-01 19:20:04.400,448
70240,147,184,3.5,140.0,178.0,247.0,D:\AprPanama2025_fixed\041325_experimental\041325PA_experimental_part04.mp4,1900-01-01 19:20:04.000,447
70241,148,183,1.5,111.0,156.0,210.8,D:\AprPanama2025_fixed\041325_experimental\041325PA_experimental_part04.mp4,1900-01-01 19:20:04.100,448
70241,137,183,4.0,118.0,162.0,145.2222222222222,D:\AprPanama2025_fixed\041325_experimental\041325PA_experimental_part04.mp4,1900-01-01 19:20:04.100,437
70239,147,184,5.0,112.0,173.0,241.4,D:\AprPanama2025_fixed\041325_experimental\041325PA_experimental_part04.mp4,1900-01-01 19:20:03.900,447
70248,382,16,7.5,115.0,179.0,248.0769230769231,D:\AprPanama2025_fixed\041325_experimental\041325PA_experimental_part04.mp4,1900-01-01 19:20:04.800,682
70248,147,181,2.5,119.0,167.0,153.57142857142856,D:\AprPanama2025_fixed\041325_experimental\041325PA_experimental_part04.mp4,1900-01-01 19:20:04.800,447
70250,382,16,8.0,123.0,178.0,244.35714285714283,D:\AprPanama2025_fixed\041325_experimental\041325PA_experimental_part04.mp4,1900-01-01 19:20:05.000,682
70250,136,181,1.5,118.0,152.0,110.2,D:\AprPanama2025_fixed\041325_experimental\041325PA_experimental_part04.mp4,1900-01-01 19:20:05.000,436
70245,382,16,7.5,111.0,179.0,249.46153846153848,D:\AprPanama2025_fixed\041325_experimental\041325PA_experimental_part04.mp4,1900-01-01 19:20:04.500,682
70245,148,182,1.5,128.0,157.0,203.5,D:\AprPanama2025_fixed\041325_experimental\041325PA_experimental_part04.mp4,1900-01-01 19:20:04.500,448
70247,382,16,7.5,113.0,179.0,247.92307692307693,D:\AprPanama2025_fixed\041325_experimental\041325PA_experimental_part04.mp4,1900-01-01 19:20:04.700,682
70247,147,181,2.0,120.0,161.0,195.16666666666663,D:\AprPanama2025_fixed\041325_experimental\041325PA_experimental_part04.mp4,1900-01-01 19:20:04.700,447
70249,382,16,7.5,118.0,178.0,247.15384615384616,D:\AprPanama2025_fixed\041325_experimental\041325PA_experimental_part04.mp4,1900-01-01 19:20:04.900,682
70249,137,181,2.0,114.0,154.0,107.0,D:\AprPanama2025_fixed\041325_experimental\041325PA_experimental_part04.mp4,1900-01-01 19:20:04.900,437
70246,382,16,7.5,111.0,179.0,249.46153846153848,D:\AprPanama2025_fixed\041325_experimental\041325PA_experimental_part04.mp4,1900-01-01 19:20:04.600,682
70246,147,182,2.0,118.0,158.0,200.16666666666663,D:\AprPanama2025_fixed\041325_experimental\041325PA_experimental_part04.mp4,1900-01-01 19:20:04.600,447
70246,137,182,2.5,125.0,153.0,116.57142857142856,D:\AprPanama2025_fixed\041325_experimental\041325PA_experimental_part04.mp4,1900-01-01 19:20:04.600,437
70252,382,16,8.0,119.0,178.0,247.28571428571428,D:\AprPanama2025_fixed\041325_experimental\041325PA_experimental_part04.mp4,1900-01-01 19:20:05.200,682
70251,382,16,8.0,121.0,179.0,248.35714285714283,D:\AprPanama2025_fixed\041325_experimental\041325PA_experimental_part04.mp4,1900-01-01 19:20:05.100,682
70255,383,17,6.5,118.0,178.0,235.0,D:\AprPanama2025_fixed\041325_experimental\041325PA_experimental_part04.mp4,1900-01-01 19:20:05.500,683
70254,382,16,9.0,116.0,178.0,240.0,D:\AprPanama2025_fixed\041325_experimental\041325PA_experimental_part04.mp4,1900-01-01 19:20:05.400,682
70254,146,180,1.5,117.0,169.0,208.2,D:\AprPanama2025_fixed\041325_experimental\041325PA_experimental_part04.mp4,1900-01-01 19:20:05.400,446
70256,383,17,5.5,111.0,174.0,237.45454545454547,D:\AprPanama2025_fixed\041325_experimental\041325PA_experimental_part04.mp4,1900-01-01 19:20:05.600,683
70257,383,17,7.0,112.0,175.0,236.0769230769231,D:\AprPanama2025_fixed\041325_experimental\041325PA_experimental_part04.mp4,1900-01-01 19:20:05.700,683
70253,382,16,9.0,116.0,178.0,240.0,D:\AprPanama2025_fixed\041325_experimental\041325PA_experimental_part04.mp4,1900-01-01 19:20:05.300,682
70253,146,180,1.5,117.0,169.0,208.2,D:\AprPanama2025_fixed\041325_experimental\041325PA_experimental_part04.mp4,1900-01-01 19:20:05.300,446
70283,373,2,2.5,126.0,162.0,97.28571428571428,D:\AprPanama2025_fixed\041325_experimental\041325PA_experimental_part04.mp4,1900-01-01 19:20:08.300,673
70284,373,2,3.0,126.0,150.0,87.75,D:\AprPanama2025_fixed\041325_experimental\041325PA_experimental_part04.mp4,1900-01-01 19:20:08.400,673
70286,373,2,2.0,119.0,168.0,184.66666666666663,D:\AprPanama2025_fixed\041325_experimental\041325PA_experimental_part04.mp4,1900-01-01 19:20:08.600,673
70500,575,69,15.0,116.0,181.0,244.56521739130437,D:\AprPanama2025_fixed\041325_experimental\041325PA_experimental_part04.mp4,1900-01-01 19:20:30.000,875
70499,575,68,11.5,133.0,214.0,237.8947368421053,D:\AprPanama2025_fixed\041325_experimental\041325PA_experimental_part04.mp4,1900-01-01 19:20:29.900,875
70498,574,67,8.0,111.0,179.0,247.85714285714283,D:\AprPanama2025_fixed\041325_experimental\041325PA_experimental_part04.mp4,1900-01-01 19:20:29.800,874
70504,577,70,10.5,115.0,171.0,249.0,D:\AprPanama2025_fixed\041325_experimental\041325PA_experimental_part04.mp4,1900-01-01 19:20:30.400,877
70506,578,70,11.5,125.0,179.0,244.7222222222222,D:\AprPanama2025_fixed\041325_experimental\041325PA_experimental_part04.mp4,1900-01-01 19:20:30.600,878
70507,579,70,11.5,114.0,176.0,242.0,D:\AprPanama2025_fixed\041325_experimental\041325PA_experimental_part04.mp4,1900-01-01 19:20:30.700,879
70503,577,70,12.0,115.0,186.0,248.0526315789473,D:\AprPanama2025_fixed\041325_experimental\041325PA_experimental_part04.mp4,1900-01-01 19:20:30.300,877
70502,577,69,12.0,112.0,179.0,248.4,D:\AprPanama2025_fixed\041325_experimental\041325PA_experimental_part04.mp4,1900-01-01 19:20:30.200,877
70505,578,70,12.0,122.0,179.0,243.0526315789473,D:\AprPanama2025_fixed\041325_experimental\041325PA_experimental_part04.mp4,1900-01-01 19:20:30.500,878
70508,579,70,11.5,114.0,176.0,242.2631578947368,D:\AprPanama2025_fixed\041325_experimental\041325PA_experimental_part04.mp4,1900-01-01 19:20:30.800,879
70501,576,69,16.0,124.0,179.0,248.5833333333333,D:\AprPanama2025_fixed\041325_experimental\041325PA_experimental_part04.mp4,1900-01-01 19:20:30.100,876
70512,581,71,8.5,119.0,179.0,229.9375,D:\AprPanama2025_fixed\041325_experimental\041325PA_experimental_part04.mp4,1900-01-01 19:20:31.200,881
70510,580,70,6.5,119.0,177.0,251.91666666666663,D:\AprPanama2025_fixed\041325_experimental\041325PA_experimental_part04.mp4,1900-01-01 19:20:31.000,880
70513,580,68,1.5,111.0,157.0,247.8,D:\AprPanama2025_fixed\041325_experimental\041325PA_experimental_part04.mp4,1900-01-01 19:20:31.300,880
70509,579,69,7.0,129.0,178.0,252.3846153846154,D:\AprPanama2025_fixed\041325_experimental\041325PA_experimental_part04.mp4,1900-01-01 19:20:30.900,879
70511,580,71,6.0,111.0,178.0,250.66666666666663,D:\AprPanama2025_fixed\041325_experimental\041325PA_experimental_part04.mp4,1900-01-01 19:20:31.100,880
70524,689,113,7.0,131.0,179.0,244.0,D:\AprPanama2025_fixed\041325_experimental\041325PA_experimental_part04.mp4,1900-01-01 19:20:32.400,989
70523,690,113,5.0,128.0,179.0,242.1,D:\AprPanama2025_fixed\041325_experimental\041325PA_experimental_part04.mp4,1900-01-01 19:20:32.300,990
70529,690,114,1.5,160.0,178.0,239.2,D:\AprPanama2025_fixed\041325_experimental\041325PA_experimental_part04.mp4,1900-01-01 19:20:32.900,990
70526,689,113,6.0,116.0,178.0,247.8333333333333,D:\AprPanama2025_fixed\041325_experimental\041325PA_experimental_part04.mp4,1900-01-01 19:20:32.600,989
70527,690,114,2.5,151.0,178.0,247.7142857142857,D:\AprPanama2025_fixed\041325_experimental\041325PA_experimental_part04.mp4,1900-01-01 19:20:32.700,990
70528,690,114,2.0,125.0,170.0,211.16666666666663,D:\AprPanama2025_fixed\041325_experimental\041325PA_experimental_part04.mp4,1900-01-01 19:20:32.800,990
70525,689,113,7.5,117.0,179.0,249.7142857142857,D:\AprPanama2025_fixed\041325_experimental\041325PA_experimental_part04.mp4,1900-01-01 19:20:32.500,989
70540,694,96,1.5,135.0,166.0,155.4,D:\AprPanama2025_fixed\041325_experimental\041325PA_experimental_part04.mp4,1900-01-01 19:20:34.000,994
70539,694,96,1.5,135.0,166.0,155.4,D:\AprPanama2025_fixed\041325_experimental\041325PA_experimental_part04.mp4,1900-01-01 19:20:33.900,994
71010,1124,154,2.0,112.0,155.0,183.75,D:\AprPanama2025_fixed\041325_experimental\041325PA_experimental_part04.mp4,1900-01-01 19:21:21.000,1424
71012,1126,155,15.0,111.0,179.0,235.17391304347825,D:\AprPanama2025_fixed\041325_experimental\041325PA_experimental_part04.mp4,1900-01-01 19:21:21.200,1426
71011,1125,155,8.5,23.0,172.0,212.13333333333333,D:\AprPanama2025_fixed\041325_experimental\041325PA_experimental_part04.mp4,1900-01-01 19:21:21.100,1425
71011,1126,155,2.0,23.0,170.0,229.2,D:\AprPanama2025_fixed\041325_experimental\041325PA_experimental_part04.mp4,1900-01-01 19:21:21.100,1426
71020,1127,157,10.0,116.0,178.0,247.44444444444443,D:\AprPanama2025_fixed\041325_experimental\041325PA_experimental_part04.mp4,1900-01-01 19:21:22.000,1427
71014,1127,156,16.0,111.0,184.0,243.875,D:\AprPanama2025_fixed\041325_experimental\041325PA_experimental_part04.mp4,1900-01-01 19:21:21.400,1427
71016,1127,156,18.5,113.0,179.0,242.29629629629628,D:\AprPanama2025_fixed\041325_experimental\041325PA_experimental_part04.mp4,1900-01-01 19:21:21.600,1427
71018,1128,157,14.0,112.0,179.0,245.52,D:\AprPanama2025_fixed\041325_experimental\041325PA_experimental_part04.mp4,1900-01-01 19:21:21.800,1428
71015,1127,156,18.5,124.0,179.0,245.37037037037035,D:\AprPanama2025_fixed\041325_experimental\041325PA_experimental_part04.mp4,1900-01-01 19:21:21.500,1427
71013,1126,155,14.5,113.0,179.0,234.6086956521739,D:\AprPanama2025_fixed\041325_experimental\041325PA_experimental_part04.mp4,1900-01-01 19:21:21.300,1426
71017,1127,156,16.0,115.0,179.0,243.30769230769232,D:\AprPanama2025_fixed\041325_experimental\041325PA_experimental_part04.mp4,1900-01-01 19:21:21.700,1427
71019,1128,157,13.0,117.0,177.0,245.0,D:\AprPanama2025_fixed\041325_experimental\041325PA_experimental_part04.mp4,1900-01-01 19:21:21.900,1428
71026,1129,159,4.0,134.0,182.0,244.44444444444443,D:\AprPanama2025_fixed\041325_experimental\041325PA_experimental_part04.mp4,1900-01-01 19:21:22.600,1429
71023,1128,158,7.5,116.0,173.0,247.57142857142856,D:\AprPanama2025_fixed\041325_experimental\041325PA_experimental_part04.mp4,1900-01-01 19:21:22.300,1428
71022,1128,157,9.5,119.0,172.0,227.76470588235293,D:\AprPanama2025_fixed\041325_experimental\041325PA_experimental_part04.mp4,1900-01-01 19:21:22.200,1428
71027,1128,159,2.5,124.0,172.0,248.85714285714283,D:\AprPanama2025_fixed\041325_experimental\041325PA_experimental_part04.mp4,1900-01-01 19:21:22.700,1428
71024,1128,158,5.5,111.0,171.0,241.5833333333333,D:\AprPanama2025_fixed\041325_experimental\041325PA_experimental_part04.mp4,1900-01-01 19:21:22.400,1428
71028,1128,159,2.5,111.0,170.0,208.57142857142856,D:\AprPanama2025_fixed\041325_experimental\041325PA_experimental_part04.mp4,1900-01-01 19:21:22.800,1428
71025,1129,158,4.5,123.0,171.0,237.0909090909091,D:\AprPanama2025_fixed\041325_experimental\041325PA_experimental_part04.mp4,1900-01-01 19:21:22.500,1429
71021,1128,157,10.5,115.0,175.0,225.0,D:\AprPanama2025_fixed\041325_experimental\041325PA_experimental_part04.mp4,1900-01-01 19:21:22.100,1428
71029,1128,159,2.5,111.0,170.0,208.57142857142856,D:\AprPanama2025_fixed\041325_experimental\041325PA_experimental_part04.mp4,1900-01-01 19:21:22.900,1428
71031,1129,159,1.5,125.0,148.0,249.2,D:\AprPanama2025_fixed\041325_experimental\041325PA_experimental_part04.mp4,1900-01-01 19:21:23.100,1429
71042,1123,113,10.5,114.0,177.0,249.35294117647055,D:\AprPanama2025_fixed\041325_experimental\041325PA_experimental_part04.mp4,1900-01-01 19:21:24.200,1423
71044,63,41,6.5,120.0,177.0,118.08333333333331,D:\AprPanama2025_fixed\041325_experimental\041325PA_experimental_part04.mp4,1900-01-01 19:21:24.400,363
71044,1124,112,17.0,121.0,179.0,246.30769230769232,D:\AprPanama2025_fixed\041325_experimental\041325PA_experimental_part04.mp4,1900-01-01 19:21:24.400,1424
71043,1124,113,10.0,114.0,179.0,251.7058823529412,D:\AprPanama2025_fixed\041325_experimental\041325PA_experimental_part04.mp4,1900-01-01 19:21:24.300,1424
71047,63,42,4.5,129.0,174.0,205.5,D:\AprPanama2025_fixed\041325_experimental\041325PA_experimental_part04.mp4,1900-01-01 19:21:24.700,363
71047,1124,112,13.5,112.0,179.0,244.2380952380952,D:\AprPanama2025_fixed\041325_experimental\041325PA_experimental_part04.mp4,1900-01-01 19:21:24.700,1424
71046,63,41,6.5,120.0,177.0,118.08333333333331,D:\AprPanama2025_fixed\041325_experimental\041325PA_experimental_part04.mp4,1900-01-01 19:21:24.600,363
71046,1124,112,14.5,111.0,179.0,248.2173913043478,D:\AprPanama2025_fixed\041325_experimental\041325PA_experimental_part04.mp4,1900-01-01 19:21:24.600,1424
71051,64,42,5.0,116.0,177.0,200.0,D:\AprPanama2025_fixed\041325_experimental\041325PA_experimental_part04.mp4,1900-01-01 19:21:25.100,364
71051,1125,111,6.5,131.0,179.0,245.92307692307693,D:\AprPanama2025_fixed\041325_experimental\041325PA_experimental_part04.mp4,1900-01-01 19:21:25.100,1425
71050,63,41,2.5,121.0,165.0,190.57142857142856,D:\AprPanama2025_fixed\041325_experimental\041325PA_experimental_part04.mp4,1900-01-01 19:21:25.000,363
71050,1124,111,12.5,119.0,179.0,242.1,D:\AprPanama2025_fixed\041325_experimental\041325PA_experimental_part04.mp4,1900-01-01 19:21:25.000,1424
71045,63,41,6.5,120.0,177.0,118.08333333333331,D:\AprPanama2025_fixed\041325_experimental\041325PA_experimental_part04.mp4,1900-01-01 19:21:24.500,363
71045,1124,112,14.5,24.0,179.0,244.5909090909091,D:\AprPanama2025_fixed\041325_experimental\041325PA_experimental_part04.mp4,1900-01-01 19:21:24.500,1424
71045,1124,113,2.0,24.0,176.0,245.0,D:\AprPanama2025_fixed\041325_experimental\041325PA_experimental_part04.mp4,1900-01-01 19:21:24.500,1424
71048,63,42,4.5,129.0,174.0,205.5,D:\AprPanama2025_fixed\041325_experimental\041325PA_experimental_part04.mp4,1900-01-01 19:21:24.800,363
71048,1124,111,13.0,113.0,179.0,240.6190476190476,D:\AprPanama2025_fixed\041325_experimental\041325PA_experimental_part04.mp4,1900-01-01 19:21:24.800,1424
71049,63,41,2.5,121.0,165.0,190.57142857142856,D:\AprPanama2025_fixed\041325_experimental\041325PA_experimental_part04.mp4,1900-01-01 19:21:24.900,363
71049,1124,111,13.0,129.0,179.0,243.47619047619045,D:\AprPanama2025_fixed\041325_experimental\041325PA_experimental_part04.mp4,1900-01-01 19:21:24.900,1424
71052,64,42,3.0,121.0,174.0,232.28571428571428,D:\AprPanama2025_fixed\041325_experimental\041325PA_experimental_part04.mp4,1900-01-01 19:21:25.200,364
71052,1125,111,8.5,119.0,177.0,245.4,D:\AprPanama2025_fixed\041325_experimental\041325PA_experimental_part04.mp4,1900-01-01 19:21:25.200,1425
71059,1124,110,2.0,117.0,166.0,247.3333333333333,D:\AprPanama2025_fixed\041325_experimental\041325PA_experimental_part04.mp4,1900-01-01 19:21:25.900,1424
71053,1125,110,7.5,114.0,176.0,250.07142857142856,D:\AprPanama2025_fixed\041325_experimental\041325PA_experimental_part04.mp4,1900-01-01 19:21:25.300,1425
71054,1125,109,5.0,114.0,169.0,251.8,D:\AprPanama2025_fixed\041325_experimental\041325PA_experimental_part04.mp4,1900-01-01 19:21:25.400,1425
71057,1126,110,2.0,126.0,153.0,255.0,D:\AprPanama2025_fixed\041325_experimental\041325PA_experimental_part04.mp4,1900-01-01 19:21:25.700,1426
71056,65,43,5.0,114.0,153.0,81.5,D:\AprPanama2025_fixed\041325_experimental\041325PA_experimental_part04.mp4,1900-01-01 19:21:25.600,365
71056,1125,110,4.0,121.0,163.0,253.1,D:\AprPanama2025_fixed\041325_experimental\041325PA_experimental_part04.mp4,1900-01-01 19:21:25.600,1425
71058,1124,110,2.0,117.0,166.0,247.3333333333333,D:\AprPanama2025_fixed\041325_experimental\041325PA_experimental_part04.mp4,1900-01-01 19:21:25.800,1424
71055,64,44,2.0,115.0,134.0,134.0,D:\AprPanama2025_fixed\041325_experimental\041325PA_experimental_part04.mp4,1900-01-01 19:21:25.500,364
71055,1125,109,5.0,111.0,168.0,248.6,D:\AprPanama2025_fixed\041325_experimental\041325PA_experimental_part04.mp4,1900-01-01 19:21:25.500,1425
71062,66,43,2.0,123.0,169.0,203.16666666666663,D:\AprPanama2025_fixed\041325_experimental\041325PA_experimental_part04.mp4,1900-01-01 19:21:26.200,366
71074,70,24,1.5,132.0,178.0,238.2,D:\AprPanama2025_fixed\041325_experimental\041325PA_experimental_part04.mp4,1900-01-01 19:21:27.400,370
71075,70,24,1.5,132.0,178.0,238.2,D:\AprPanama2025_fixed\041325_experimental\041325PA_experimental_part04.mp4,1900-01-01 19:21:27.500,370
71076,69,46,2.0,115.0,144.0,66.0,D:\AprPanama2025_fixed\041325_experimental\041325PA_experimental_part04.mp4,1900-01-01 19:21:27.600,369
71080,69,24,1.5,114.0,150.0,36.6,D:\AprPanama2025_fixed\041325_experimental\041325PA_experimental_part04.mp4,1900-01-01 19:21:28.000,369
71078,69,24,1.5,114.0,150.0,36.6,D:\AprPanama2025_fixed\041325_experimental\041325PA_experimental_part04.mp4,1900-01-01 19:21:27.800,369
71078,70,46,1.5,134.0,158.0,84.4,D:\AprPanama2025_fixed\041325_experimental\041325PA_experimental_part04.mp4,1900-01-01 19:21:27.800,370
71077,69,46,2.0,115.0,144.0,66.0,D:\AprPanama2025_fixed\041325_experimental\041325PA_experimental_part04.mp4,1900-01-01 19:21:27.700,369
71079,69,24,1.5,114.0,150.0,36.6,D:\AprPanama2025_fixed\041325_experimental\041325PA_experimental_part04.mp4,1900-01-01 19:21:27.900,369
71081,69,24,1.5,114.0,150.0,36.6,D:\AprPanama2025_fixed\041325_experimental\041325PA_experimental_part04.mp4,1900-01-01 19:21:28.100,369
71135,1112,174,1.5,122.0,169.0,214.6,D:\AprPanama2025_fixed\041325_experimental\041325PA_experimental_part04.mp4,1900-01-01 19:21:33.500,1412
71137,1112,174,1.5,117.0,144.0,103.6,D:\AprPanama2025_fixed\041325_experimental\041325PA_experimental_part04.mp4,1900-01-01 19:21:33.700,1412
71134,1112,173,2.0,135.0,167.0,213.3333333333333,D:\AprPanama2025_fixed\041325_experimental\041325PA_experimental_part04.mp4,1900-01-01 19:21:33.400,1412
71292,524,69,10.5,115.0,179.0,241.5,D:\AprPanama2025_fixed\041325_experimental\041325PA_experimental_part04.mp4,1900-01-01 19:21:49.200,824
71289,524,66,5.5,125.0,179.0,238.1818181818182,D:\AprPanama2025_fixed\041325_experimental\041325PA_experimental_part04.mp4,1900-01-01 19:21:48.900,824
71290,524,67,9.0,113.0,179.0,250.0,D:\AprPanama2025_fixed\041325_experimental\041325PA_experimental_part04.mp4,1900-01-01 19:21:49.000,824
71291,524,68,13.0,116.0,178.0,228.7,D:\AprPanama2025_fixed\041325_experimental\041325PA_experimental_part04.mp4,1900-01-01 19:21:49.100,824
71294,524,69,10.5,119.0,178.0,240.05555555555557,D:\AprPanama2025_fixed\041325_experimental\041325PA_experimental_part04.mp4,1900-01-01 19:21:49.400,824
71300,525,69,5.0,114.0,177.0,230.8181818181818,D:\AprPanama2025_fixed\041325_experimental\041325PA_experimental_part04.mp4,1900-01-01 19:21:50.000,825
71299,524,69,6.5,138.0,179.0,224.92307692307693,D:\AprPanama2025_fixed\041325_experimental\041325PA_experimental_part04.mp4,1900-01-01 19:21:49.900,824
71297,525,69,8.0,118.0,179.0,242.92857142857144,D:\AprPanama2025_fixed\041325_experimental\041325PA_experimental_part04.mp4,1900-01-01 19:21:49.700,825
71298,525,69,8.0,118.0,179.0,242.92857142857144,D:\AprPanama2025_fixed\041325_experimental\041325PA_experimental_part04.mp4,1900-01-01 19:21:49.800,825
71296,525,69,8.0,112.0,179.0,243.85714285714283,D:\AprPanama2025_fixed\041325_experimental\041325PA_experimental_part04.mp4,1900-01-01 19:21:49.600,825
71293,524,69,10.5,119.0,178.0,240.05555555555557,D:\AprPanama2025_fixed\041325_experimental\041325PA_experimental_part04.mp4,1900-01-01 19:21:49.300,824
71295,524,69,9.5,112.0,178.0,249.125,D:\AprPanama2025_fixed\041325_experimental\041325PA_experimental_part04.mp4,1900-01-01 19:21:49.500,824
71306,524,68,2.0,112.0,164.0,220.3333333333333,D:\AprPanama2025_fixed\041325_experimental\041325PA_experimental_part04.mp4,1900-01-01 19:21:50.600,824
71303,525,69,3.5,114.0,174.0,239.77777777777777,D:\AprPanama2025_fixed\041325_experimental\041325PA_experimental_part04.mp4,1900-01-01 19:21:50.300,825
71305,525,69,3.5,114.0,174.0,239.77777777777777,D:\AprPanama2025_fixed\041325_experimental\041325PA_experimental_part04.mp4,1900-01-01 19:21:50.500,825
71304,525,69,3.5,114.0,174.0,239.77777777777777,D:\AprPanama2025_fixed\041325_experimental\041325PA_experimental_part04.mp4,1900-01-01 19:21:50.400,825
71307,524,70,2.5,119.0,171.0,243.375,D:\AprPanama2025_fixed\041325_experimental\041325PA_experimental_part04.mp4,1900-01-01 19:21:50.700,824
71302,525,69,5.0,114.0,177.0,230.8181818181818,D:\AprPanama2025_fixed\041325_experimental\041325PA_experimental_part04.mp4,1900-01-01 19:21:50.200,825
71308,524,70,2.0,113.0,165.0,227.7142857142857,D:\AprPanama2025_fixed\041325_experimental\041325PA_experimental_part04.mp4,1900-01-01 19:21:50.800,824
71301,525,69,5.0,114.0,177.0,230.8181818181818,D:\AprPanama2025_fixed\041325_experimental\041325PA_experimental_part04.mp4,1900-01-01 19:21:50.100,825
71310,524,70,1.5,114.0,163.0,183.8,D:\AprPanama2025_fixed\041325_experimental\041325PA_experimental_part04.mp4,1900-01-01 19:21:51.000,824
71312,524,70,2.0,113.0,165.0,242.66666666666663,D:\AprPanama2025_fixed\041325_experimental\041325PA_experimental_part04.mp4,1900-01-01 19:21:51.200,824
71311,524,70,2.0,113.0,165.0,243.16666666666663,D:\AprPanama2025_fixed\041325_experimental\041325PA_experimental_part04.mp4,1900-01-01 19:21:51.100,824
71816,717,65,11.5,118.0,179.0,240.52631578947367,D:\AprPanama2025_fixed\041325_experimental\041325PA_experimental_part04.mp4,1900-01-01 19:22:41.600,1017
71817,716,66,13.5,118.0,179.0,235.7142857142857,D:\AprPanama2025_fixed\041325_experimental\041325PA_experimental_part04.mp4,1900-01-01 19:22:41.700,1016
71815,718,63,4.5,149.0,179.0,242.4,D:\AprPanama2025_fixed\041325_experimental\041325PA_experimental_part04.mp4,1900-01-01 19:22:41.500,1018
71819,716,66,13.5,116.0,179.0,242.04761904761904,D:\AprPanama2025_fixed\041325_experimental\041325PA_experimental_part04.mp4,1900-01-01 19:22:41.900,1016
71818,716,66,13.5,116.0,179.0,242.04761904761904,D:\AprPanama2025_fixed\041325_experimental\041325PA_experimental_part04.mp4,1900-01-01 19:22:41.800,1016
71820,715,67,12.0,116.0,178.0,245.4,D:\AprPanama2025_fixed\041325_experimental\041325PA_experimental_part04.mp4,1900-01-01 19:22:42.000,1015
71822,715,68,8.5,138.0,179.0,245.0,D:\AprPanama2025_fixed\041325_experimental\041325PA_experimental_part04.mp4,1900-01-01 19:22:42.200,1015
71825,715,68,7.5,121.0,173.0,240.07142857142856,D:\AprPanama2025_fixed\041325_experimental\041325PA_experimental_part04.mp4,1900-01-01 19:22:42.500,1015
71823,715,68,8.5,138.0,179.0,245.0,D:\AprPanama2025_fixed\041325_experimental\041325PA_experimental_part04.mp4,1900-01-01 19:22:42.300,1015
71824,715,68,8.5,111.0,177.0,241.06666666666663,D:\AprPanama2025_fixed\041325_experimental\041325PA_experimental_part04.mp4,1900-01-01 19:22:42.400,1015
71826,715,68,7.0,124.0,175.0,243.23076923076923,D:\AprPanama2025_fixed\041325_experimental\041325PA_experimental_part04.mp4,1900-01-01 19:22:42.600,1015
71828,715,70,6.5,114.0,170.0,246.61538461538464,D:\AprPanama2025_fixed\041325_experimental\041325PA_experimental_part04.mp4,1900-01-01 19:22:42.800,1015
71827,715,69,4.0,118.0,179.0,245.7,D:\AprPanama2025_fixed\041325_experimental\041325PA_experimental_part04.mp4,1900-01-01 19:22:42.700,1015
71821,715,67,9.0,124.0,179.0,248.25,D:\AprPanama2025_fixed\041325_experimental\041325PA_experimental_part04.mp4,1900-01-01 19:22:42.100,1015
71833,714,71,1.5,114.0,165.0,170.4,D:\AprPanama2025_fixed\041325_experimental\041325PA_experimental_part04.mp4,1900-01-01 19:22:43.300,1014
71832,715,70,4.0,112.0,172.0,234.3333333333333,D:\AprPanama2025_fixed\041325_experimental\041325PA_experimental_part04.mp4,1900-01-01 19:22:43.200,1015
71831,714,70,5.0,111.0,179.0,243.2,D:\AprPanama2025_fixed\041325_experimental\041325PA_experimental_part04.mp4,1900-01-01 19:22:43.100,1014
71830,714,70,3.5,115.0,173.0,221.1111111111111,D:\AprPanama2025_fixed\041325_experimental\041325PA_experimental_part04.mp4,1900-01-01 19:22:43.000,1014
71829,714,70,3.5,115.0,175.0,229.125,D:\AprPanama2025_fixed\041325_experimental\041325PA_experimental_part04.mp4,1900-01-01 19:22:42.900,1014
71843,662,42,3.5,140.0,166.0,187.25,D:\AprPanama2025_fixed\041325_experimental\041325PA_experimental_part04.mp4,1900-01-01 19:22:44.300,962
71841,661,42,1.5,121.0,155.0,136.0,D:\AprPanama2025_fixed\041325_experimental\041325PA_experimental_part04.mp4,1900-01-01 19:22:44.100,961
71844,662,42,3.5,140.0,166.0,187.25,D:\AprPanama2025_fixed\041325_experimental\041325PA_experimental_part04.mp4,1900-01-01 19:22:44.400,962
71842,661,42,4.5,112.0,165.0,163.44444444444443,D:\AprPanama2025_fixed\041325_experimental\041325PA_experimental_part04.mp4,1900-01-01 19:22:44.200,961
71846,662,42,1.5,120.0,178.0,249.4,D:\AprPanama2025_fixed\041325_experimental\041325PA_experimental_part04.mp4,1900-01-01 19:22:44.600,962
71845,662,42,3.5,131.0,179.0,239.0,D:\AprPanama2025_fixed\041325_experimental\041325PA_experimental_part04.mp4,1900-01-01 19:22:44.500,962
72190,1181,235,4.0,115.0,153.0,253.6,D:\AprPanama2025_fixed\041325_experimental\041325PA_experimental_part05.mp4,1900-01-01 19:23:19.000,1481
72192,1214,237,5.0,115.0,175.0,234.0,D:\AprPanama2025_fixed\041325_experimental\041325PA_experimental_part05.mp4,1900-01-01 19:23:19.200,1514
72192,1181,235,11.5,131.0,179.0,245.15789473684208,D:\AprPanama2025_fixed\041325_experimental\041325PA_experimental_part05.mp4,1900-01-01 19:23:19.200,1481
72191,1181,235,10.5,119.0,179.0,244.77777777777777,D:\AprPanama2025_fixed\041325_experimental\041325PA_experimental_part05.mp4,1900-01-01 19:23:19.100,1481
72191,1214,236,2.5,113.0,174.0,230.5,D:\AprPanama2025_fixed\041325_experimental\041325PA_experimental_part05.mp4,1900-01-01 19:23:19.100,1514
72193,1213,236,1.5,115.0,167.0,216.85714285714283,D:\AprPanama2025_fixed\041325_experimental\041325PA_experimental_part05.mp4,1900-01-01 19:23:19.300,1513
72193,1181,236,13.0,112.0,179.0,251.65,D:\AprPanama2025_fixed\041325_experimental\041325PA_experimental_part05.mp4,1900-01-01 19:23:19.300,1481
72194,1181,236,11.0,111.0,179.0,251.66666666666663,D:\AprPanama2025_fixed\041325_experimental\041325PA_experimental_part05.mp4,1900-01-01 19:23:19.400,1481
72196,1181,236,10.5,116.0,178.0,248.1111111111111,D:\AprPanama2025_fixed\041325_experimental\041325PA_experimental_part05.mp4,1900-01-01 19:23:19.600,1481
72195,1181,236,10.0,122.0,178.0,246.7058823529412,D:\AprPanama2025_fixed\041325_experimental\041325PA_experimental_part05.mp4,1900-01-01 19:23:19.500,1481
72189,1180,235,1.5,115.0,136.0,255.0,D:\AprPanama2025_fixed\041325_experimental\041325PA_experimental_part05.mp4,1900-01-01 19:23:18.900,1480
72200,1181,236,2.5,114.0,137.0,249.85714285714283,D:\AprPanama2025_fixed\041325_experimental\041325PA_experimental_part05.mp4,1900-01-01 19:23:20.000,1481
72197,1181,236,5.0,117.0,174.0,249.27272727272728,D:\AprPanama2025_fixed\041325_experimental\041325PA_experimental_part05.mp4,1900-01-01 19:23:19.700,1481
72198,1181,236,5.5,112.0,174.0,249.27272727272728,D:\AprPanama2025_fixed\041325_experimental\041325PA_experimental_part05.mp4,1900-01-01 19:23:19.800,1481
72321,134,189,2.0,113.0,165.0,151.16666666666666,D:\AprPanama2025_fixed\041325_experimental\041325PA_experimental_part05.mp4,1900-01-01 19:23:32.100,434
72326,170,92,3.5,115.0,160.0,83.0,D:\AprPanama2025_fixed\041325_experimental\041325PA_experimental_part05.mp4,1900-01-01 19:23:32.600,470
72331,171,92,3.5,115.0,151.0,193.875,D:\AprPanama2025_fixed\041325_experimental\041325PA_experimental_part05.mp4,1900-01-01 19:23:33.100,471
72332,171,92,2.0,115.0,146.0,199.3333333333333,D:\AprPanama2025_fixed\041325_experimental\041325PA_experimental_part05.mp4,1900-01-01 19:23:33.200,471
72330,171,92,4.5,125.0,159.0,197.3333333333333,D:\AprPanama2025_fixed\041325_experimental\041325PA_experimental_part05.mp4,1900-01-01 19:23:33.000,471
72328,171,91,5.0,119.0,173.0,170.4,D:\AprPanama2025_fixed\041325_experimental\041325PA_experimental_part05.mp4,1900-01-01 19:23:32.800,471
72327,171,91,5.0,119.0,173.0,170.4,D:\AprPanama2025_fixed\041325_experimental\041325PA_experimental_part05.mp4,1900-01-01 19:23:32.700,471
72329,171,91,5.0,117.0,166.0,191.4,D:\AprPanama2025_fixed\041325_experimental\041325PA_experimental_part05.mp4,1900-01-01 19:23:32.900,471
72347,170,92,2.5,117.0,171.0,202.3333333333333,D:\AprPanama2025_fixed\041325_experimental\041325PA_experimental_part05.mp4,1900-01-01 19:23:34.700,470
72348,170,92,3.0,117.0,171.0,198.14285714285717,D:\AprPanama2025_fixed\041325_experimental\041325PA_experimental_part05.mp4,1900-01-01 19:23:34.800,470
72350,170,92,2.0,127.0,176.0,207.5,D:\AprPanama2025_fixed\041325_experimental\041325PA_experimental_part05.mp4,1900-01-01 19:23:35.000,470
72350,276,172,1.5,131.0,166.0,225.6,D:\AprPanama2025_fixed\041325_experimental\041325PA_experimental_part05.mp4,1900-01-01 19:23:35.000,576
72349,170,92,2.0,127.0,176.0,208.8333333333333,D:\AprPanama2025_fixed\041325_experimental\041325PA_experimental_part05.mp4,1900-01-01 19:23:34.900,470
72349,276,172,1.5,131.0,166.0,225.6,D:\AprPanama2025_fixed\041325_experimental\041325PA_experimental_part05.mp4,1900-01-01 19:23:34.900,576
72355,167,72,1.5,116.0,143.0,136.4,D:\AprPanama2025_fixed\041325_experimental\041325PA_experimental_part05.mp4,1900-01-01 19:23:35.500,467
72354,167,72,2.5,117.0,154.0,150.14285714285714,D:\AprPanama2025_fixed\041325_experimental\041325PA_experimental_part05.mp4,1900-01-01 19:23:35.400,467
72356,167,72,1.5,114.0,144.0,142.0,D:\AprPanama2025_fixed\041325_experimental\041325PA_experimental_part05.mp4,1900-01-01 19:23:35.600,467
72362,167,72,1.5,113.0,146.0,62.0,D:\AprPanama2025_fixed\041325_experimental\041325PA_experimental_part05.mp4,1900-01-01 19:23:36.200,467
72357,167,72,1.5,114.0,144.0,142.0,D:\AprPanama2025_fixed\041325_experimental\041325PA_experimental_part05.mp4,1900-01-01 19:23:35.700,467
72360,167,72,1.5,113.0,146.0,62.0,D:\AprPanama2025_fixed\041325_experimental\041325PA_experimental_part05.mp4,1900-01-01 19:23:36.000,467
72358,167,72,1.5,114.0,144.0,142.0,D:\AprPanama2025_fixed\041325_experimental\041325PA_experimental_part05.mp4,1900-01-01 19:23:35.800,467
72361,167,72,1.5,113.0,146.0,62.0,D:\AprPanama2025_fixed\041325_experimental\041325PA_experimental_part05.mp4,1900-01-01 19:23:36.100,467
72692,1157,48,2.0,121.0,163.0,248.57142857142856,D:\AprPanama2025_fixed\041325_experimental\041325PA_experimental_part05.mp4,1900-01-01 19:24:09.200,1457
72691,1157,48,2.0,116.0,162.0,253.0,D:\AprPanama2025_fixed\041325_experimental\041325PA_experimental_part05.mp4,1900-01-01 19:24:09.100,1457
72690,1157,48,2.0,130.0,159.0,252.57142857142856,D:\AprPanama2025_fixed\041325_experimental\041325PA_experimental_part05.mp4,1900-01-01 19:24:09.000,1457
72830,620,68,12.5,135.0,179.0,244.35,D:\AprPanama2025_fixed\041325_experimental\041325PA_experimental_part05.mp4,1900-01-01 19:24:23.000,920
72836,622,68,8.0,122.0,179.0,247.4,D:\AprPanama2025_fixed\041325_experimental\041325PA_experimental_part05.mp4,1900-01-01 19:24:23.600,922
72832,622,69,13.0,111.0,189.0,246.04761904761904,D:\AprPanama2025_fixed\041325_experimental\041325PA_experimental_part05.mp4,1900-01-01 19:24:23.200,922
72829,620,68,12.0,119.0,178.0,237.7,D:\AprPanama2025_fixed\041325_experimental\041325PA_experimental_part05.mp4,1900-01-01 19:24:22.900,920
72831,621,68,14.0,115.0,179.0,249.5,D:\AprPanama2025_fixed\041325_experimental\041325PA_experimental_part05.mp4,1900-01-01 19:24:23.100,921
72834,622,69,10.5,112.0,179.0,240.3333333333333,D:\AprPanama2025_fixed\041325_experimental\041325PA_experimental_part05.mp4,1900-01-01 19:24:23.400,922
72835,622,68,7.0,123.0,179.0,250.85714285714283,D:\AprPanama2025_fixed\041325_experimental\041325PA_experimental_part05.mp4,1900-01-01 19:24:23.500,922
72833,622,69,10.5,112.0,179.0,240.3333333333333,D:\AprPanama2025_fixed\041325_experimental\041325PA_experimental_part05.mp4,1900-01-01 19:24:23.300,922
72838,623,68,8.0,117.0,178.0,238.6,D:\AprPanama2025_fixed\041325_experimental\041325PA_experimental_part05.mp4,1900-01-01 19:24:23.800,923
72840,624,68,6.0,121.0,178.0,240.92307692307693,D:\AprPanama2025_fixed\041325_experimental\041325PA_experimental_part05.mp4,1900-01-01 19:24:24.000,924
72837,622,68,8.0,122.0,179.0,247.4,D:\AprPanama2025_fixed\041325_experimental\041325PA_experimental_part05.mp4,1900-01-01 19:24:23.700,922
72841,623,68,2.0,140.0,174.0,253.625,D:\AprPanama2025_fixed\041325_experimental\041325PA_experimental_part05.mp4,1900-01-01 19:24:24.100,923
72841,753,176,6.5,126.0,179.0,246.0833333333333,D:\AprPanama2025_fixed\041325_experimental\041325PA_experimental_part05.mp4,1900-01-01 19:24:24.100,1053
72844,753,177,7.5,123.0,176.0,246.14285714285717,D:\AprPanama2025_fixed\041325_experimental\041325PA_experimental_part05.mp4,1900-01-01 19:24:24.400,1053
72839,623,69,3.5,114.0,178.0,248.0,D:\AprPanama2025_fixed\041325_experimental\041325PA_experimental_part05.mp4,1900-01-01 19:24:23.900,923
72842,623,68,2.0,140.0,174.0,253.625,D:\AprPanama2025_fixed\041325_experimental\041325PA_experimental_part05.mp4,1900-01-01 19:24:24.200,923
72842,753,176,7.5,126.0,179.0,248.23076923076923,D:\AprPanama2025_fixed\041325_experimental\041325PA_experimental_part05.mp4,1900-01-01 19:24:24.200,1053
72843,753,177,7.5,123.0,178.0,248.14285714285717,D:\AprPanama2025_fixed\041325_experimental\041325PA_experimental_part05.mp4,1900-01-01 19:24:24.300,1053
72847,753,177,4.0,112.0,167.0,245.88888888888889,D:\AprPanama2025_fixed\041325_experimental\041325PA_experimental_part05.mp4,1900-01-01 19:24:24.700,1053
72846,754,176,1.5,131.0,176.0,240.6,D:\AprPanama2025_fixed\041325_experimental\041325PA_experimental_part05.mp4,1900-01-01 19:24:24.600,1054
72845,753,177,8.5,119.0,170.0,232.6,D:\AprPanama2025_fixed\041325_experimental\041325PA_experimental_part05.mp4,1900-01-01 19:24:24.500,1053
72848,753,177,4.0,112.0,167.0,245.88888888888889,D:\AprPanama2025_fixed\041325_experimental\041325PA_experimental_part05.mp4,1900-01-01 19:24:24.800,1053
73852,62,122,3.0,125.0,167.0,164.625,D:\AprPanama2025_fixed\041325_experimental\041325PA_experimental_part05.mp4,1900-01-01 19:26:05.200,362
73851,62,122,2.5,115.0,149.0,115.0,D:\AprPanama2025_fixed\041325_experimental\041325PA_experimental_part05.mp4,1900-01-01 19:26:05.100,362
73854,62,122,3.0,116.0,166.0,249.5,D:\AprPanama2025_fixed\041325_experimental\041325PA_experimental_part05.mp4,1900-01-01 19:26:05.400,362
73856,62,121,3.0,134.0,168.0,252.625,D:\AprPanama2025_fixed\041325_experimental\041325PA_experimental_part05.mp4,1900-01-01 19:26:05.600,362
73853,62,122,3.0,125.0,167.0,164.625,D:\AprPanama2025_fixed\041325_experimental\041325PA_experimental_part05.mp4,1900-01-01 19:26:05.300,362
73855,62,121,3.0,134.0,168.0,252.625,D:\AprPanama2025_fixed\041325_experimental\041325PA_experimental_part05.mp4,1900-01-01 19:26:05.500,362
73857,62,120,3.0,115.0,178.0,235.875,D:\AprPanama2025_fixed\041325_experimental\041325PA_experimental_part05.mp4,1900-01-01 19:26:05.700,362
73858,62,120,3.0,118.0,165.0,238.625,D:\AprPanama2025_fixed\041325_experimental\041325PA_experimental_part05.mp4,1900-01-01 19:26:05.800,362
73868,226,96,2.0,133.0,171.0,205.16666666666663,D:\AprPanama2025_fixed\041325_experimental\041325PA_experimental_part05.mp4,1900-01-01 19:26:06.800,526
73866,62,117,1.5,111.0,172.0,238.8,D:\AprPanama2025_fixed\041325_experimental\041325PA_experimental_part05.mp4,1900-01-01 19:26:06.600,362
73861,62,118,2.0,146.0,175.0,255.0,D:\AprPanama2025_fixed\041325_experimental\041325PA_experimental_part05.mp4,1900-01-01 19:26:06.100,362
73863,62,117,2.0,131.0,155.0,114.5,D:\AprPanama2025_fixed\041325_experimental\041325PA_experimental_part05.mp4,1900-01-01 19:26:06.300,362
73867,226,96,2.0,120.0,166.0,169.5,D:\AprPanama2025_fixed\041325_experimental\041325PA_experimental_part05.mp4,1900-01-01 19:26:06.700,526
73871,225,97,3.0,118.0,176.0,253.75,D:\AprPanama2025_fixed\041325_experimental\041325PA_experimental_part05.mp4,1900-01-01 19:26:07.100,525
73874,224,97,2.5,113.0,167.0,231.625,D:\AprPanama2025_fixed\041325_experimental\041325PA_experimental_part05.mp4,1900-01-01 19:26:07.400,524
73869,226,97,3.5,113.0,173.0,233.375,D:\AprPanama2025_fixed\041325_experimental\041325PA_experimental_part05.mp4,1900-01-01 19:26:06.900,526
73869,62,115,2.0,132.0,144.0,44.0,D:\AprPanama2025_fixed\041325_experimental\041325PA_experimental_part05.mp4,1900-01-01 19:26:06.900,362
73872,225,97,2.5,111.0,173.0,253.85714285714283,D:\AprPanama2025_fixed\041325_experimental\041325PA_experimental_part05.mp4,1900-01-01 19:26:07.200,525
73873,225,97,4.0,114.0,173.0,248.2222222222222,D:\AprPanama2025_fixed\041325_experimental\041325PA_experimental_part05.mp4,1900-01-01 19:26:07.300,525
73870,225,97,3.0,118.0,176.0,253.75,D:\AprPanama2025_fixed\041325_experimental\041325PA_experimental_part05.mp4,1900-01-01 19:26:07.000,525
73883,225,98,1.5,112.0,143.0,152.20000000000002,D:\AprPanama2025_fixed\041325_experimental\041325PA_experimental_part05.mp4,1900-01-01 19:26:08.300,525
73884,225,98,1.5,112.0,143.0,152.20000000000002,D:\AprPanama2025_fixed\041325_experimental\041325PA_experimental_part05.mp4,1900-01-01 19:26:08.400,525
73885,225,98,1.5,112.0,143.0,152.20000000000002,D:\AprPanama2025_fixed\041325_experimental\041325PA_experimental_part05.mp4,1900-01-01 19:26:08.500,525
74075,919,239,8.0,122.0,175.0,226.7333333333333,D:\AprPanama2025_fixed\041325_experimental\041325PA_experimental_part05.mp4,1900-01-01 19:26:27.500,1219
74076,918,239,9.0,116.0,178.0,235.3125,D:\AprPanama2025_fixed\041325_experimental\041325PA_experimental_part05.mp4,1900-01-01 19:26:27.600,1218
74079,917,240,9.0,117.0,179.0,246.13333333333333,D:\AprPanama2025_fixed\041325_experimental\041325PA_experimental_part05.mp4,1900-01-01 19:26:27.900,1217
74082,916,240,2.0,139.0,162.0,248.0,D:\AprPanama2025_fixed\041325_experimental\041325PA_experimental_part05.mp4,1900-01-01 19:26:28.200,1216
74077,918,240,9.5,128.0,179.0,245.41176470588235,D:\AprPanama2025_fixed\041325_experimental\041325PA_experimental_part05.mp4,1900-01-01 19:26:27.700,1218
74078,918,240,7.0,137.0,179.0,254.0,D:\AprPanama2025_fixed\041325_experimental\041325PA_experimental_part05.mp4,1900-01-01 19:26:27.800,1218
74081,917,240,6.5,119.0,179.0,246.0,D:\AprPanama2025_fixed\041325_experimental\041325PA_experimental_part05.mp4,1900-01-01 19:26:28.100,1217
74080,917,240,8.5,112.0,178.0,237.46666666666667,D:\AprPanama2025_fixed\041325_experimental\041325PA_experimental_part05.mp4,1900-01-01 19:26:28.000,1217
74083,917,240,5.5,134.0,178.0,251.63636363636363,D:\AprPanama2025_fixed\041325_experimental\041325PA_experimental_part05.mp4,1900-01-01 19:26:28.300,1217
74086,916,240,3.5,113.0,170.0,238.0,D:\AprPanama2025_fixed\041325_experimental\041325PA_experimental_part05.mp4,1900-01-01 19:26:28.600,1216
74087,915,240,2.5,111.0,163.0,235.28571428571428,D:\AprPanama2025_fixed\041325_experimental\041325PA_experimental_part05.mp4,1900-01-01 19:26:28.700,1215
74085,916,240,3.5,112.0,170.0,241.625,D:\AprPanama2025_fixed\041325_experimental\041325PA_experimental_part05.mp4,1900-01-01 19:26:28.500,1216
75090,510,65,10.0,113.0,178.0,240.8823529411765,D:\AprPanama2025_fixed\041325_experimental\041325PA_experimental_part05.mp4,1900-01-01 19:28:09.000,810
75091,510,65,11.5,111.0,179.0,244.42105263157893,D:\AprPanama2025_fixed\041325_experimental\041325PA_experimental_part05.mp4,1900-01-01 19:28:09.100,810
75088,509,64,8.0,141.0,179.0,241.6,D:\AprPanama2025_fixed\041325_experimental\041325PA_experimental_part05.mp4,1900-01-01 19:28:08.800,809
75087,509,64,7.0,111.0,178.0,232.7692307692308,D:\AprPanama2025_fixed\041325_experimental\041325PA_experimental_part05.mp4,1900-01-01 19:28:08.700,809
75089,510,65,10.0,113.0,178.0,240.8823529411765,D:\AprPanama2025_fixed\041325_experimental\041325PA_experimental_part05.mp4,1900-01-01 19:28:08.900,810
75092,510,65,11.0,128.0,179.0,247.15789473684208,D:\AprPanama2025_fixed\041325_experimental\041325PA_experimental_part05.mp4,1900-01-01 19:28:09.200,810
75100,511,64,3.0,128.0,175.0,253.375,D:\AprPanama2025_fixed\041325_experimental\041325PA_experimental_part05.mp4,1900-01-01 19:28:10.000,811
75095,510,64,6.5,136.0,178.0,243.0,D:\AprPanama2025_fixed\041325_experimental\041325PA_experimental_part05.mp4,1900-01-01 19:28:09.500,810
75098,511,65,3.5,118.0,172.0,243.0,D:\AprPanama2025_fixed\041325_experimental\041325PA_experimental_part05.mp4,1900-01-01 19:28:09.800,811
75096,510,64,5.5,127.0,178.0,241.30769230769232,D:\AprPanama2025_fixed\041325_experimental\041325PA_experimental_part05.mp4,1900-01-01 19:28:09.600,810
75097,511,65,4.0,124.0,174.0,241.63636363636363,D:\AprPanama2025_fixed\041325_experimental\041325PA_experimental_part05.mp4,1900-01-01 19:28:09.700,811
75094,511,65,9.0,118.0,179.0,248.5625,D:\AprPanama2025_fixed\041325_experimental\041325PA_experimental_part05.mp4,1900-01-01 19:28:09.400,811
75099,511,64,3.0,128.0,175.0,253.375,D:\AprPanama2025_fixed\041325_experimental\041325PA_experimental_part05.mp4,1900-01-01 19:28:09.900,811
75093,511,65,7.5,133.0,179.0,237.4,D:\AprPanama2025_fixed\041325_experimental\041325PA_experimental_part05.mp4,1900-01-01 19:28:09.300,811
75107,682,63,1.5,113.0,144.0,178.20000000000002,D:\AprPanama2025_fixed\041325_experimental\041325PA_experimental_part05.mp4,1900-01-01 19:28:10.700,982
75104,682,62,2.0,118.0,170.0,241.14285714285717,D:\AprPanama2025_fixed\041325_experimental\041325PA_experimental_part05.mp4,1900-01-01 19:28:10.400,982
75104,512,64,1.5,121.0,165.0,242.8,D:\AprPanama2025_fixed\041325_experimental\041325PA_experimental_part05.mp4,1900-01-01 19:28:10.400,812
75108,682,63,3.0,117.0,176.0,197.0,D:\AprPanama2025_fixed\041325_experimental\041325PA_experimental_part05.mp4,1900-01-01 19:28:10.800,982
75105,682,62,2.0,130.0,170.0,242.57142857142856,D:\AprPanama2025_fixed\041325_experimental\041325PA_experimental_part05.mp4,1900-01-01 19:28:10.500,982
75106,682,62,2.0,132.0,171.0,243.85714285714283,D:\AprPanama2025_fixed\041325_experimental\041325PA_experimental_part05.mp4,1900-01-01 19:28:10.600,982
75115,571,74,3.5,113.0,177.0,228.55555555555557,D:\AprPanama2025_fixed\041325_experimental\041325PA_experimental_part05.mp4,1900-01-01 19:28:11.500,871
75111,683,64,2.0,113.0,160.0,232.66666666666663,D:\AprPanama2025_fixed\041325_experimental\041325PA_experimental_part05.mp4,1900-01-01 19:28:11.100,983
75112,682,64,1.5,124.0,163.0,249.2,D:\AprPanama2025_fixed\041325_experimental\041325PA_experimental_part05.mp4,1900-01-01 19:28:11.200,982
75113,571,74,4.5,111.0,177.0,236.1111111111111,D:\AprPanama2025_fixed\041325_experimental\041325PA_experimental_part05.mp4,1900-01-01 19:28:11.300,871
75114,572,74,4.0,117.0,179.0,236.44444444444443,D:\AprPanama2025_fixed\041325_experimental\041325PA_experimental_part05.mp4,1900-01-01 19:28:11.400,872
75116,571,74,4.0,117.0,178.0,249.1111111111111,D:\AprPanama2025_fixed\041325_experimental\041325PA_experimental_part05.mp4,1900-01-01 19:28:11.600,871
75120,475,33,7.0,121.0,175.0,202.30769230769232,D:\AprPanama2025_fixed\041325_experimental\041325PA_experimental_part05.mp4,1900-01-01 19:28:12.000,775
75120,570,75,3.5,120.0,171.0,190.5,D:\AprPanama2025_fixed\041325_experimental\041325PA_experimental_part05.mp4,1900-01-01 19:28:12.000,870
75118,475,33,6.5,111.0,179.0,168.33333333333331,D:\AprPanama2025_fixed\041325_experimental\041325PA_experimental_part05.mp4,1900-01-01 19:28:11.800,775
75118,571,75,2.0,115.0,174.0,244.8333333333333,D:\AprPanama2025_fixed\041325_experimental\041325PA_experimental_part05.mp4,1900-01-01 19:28:11.800,871
75119,475,33,7.0,115.0,178.0,198.84615384615387,D:\AprPanama2025_fixed\041325_experimental\041325PA_experimental_part05.mp4,1900-01-01 19:28:11.900,775
75119,570,74,3.5,112.0,176.0,191.0,D:\AprPanama2025_fixed\041325_experimental\041325PA_experimental_part05.mp4,1900-01-01 19:28:11.900,870
75121,476,33,2.5,115.0,157.0,234.28571428571428,D:\AprPanama2025_fixed\041325_experimental\041325PA_experimental_part05.mp4,1900-01-01 19:28:12.100,776
75117,474,33,3.0,134.0,157.0,117.42857142857142,D:\AprPanama2025_fixed\041325_experimental\041325PA_experimental_part05.mp4,1900-01-01 19:28:11.700,774
75117,571,75,1.5,116.0,166.0,243.4,D:\AprPanama2025_fixed\041325_experimental\041325PA_experimental_part05.mp4,1900-01-01 19:28:11.700,871
75122,476,33,2.0,121.0,176.0,231.5,D:\AprPanama2025_fixed\041325_experimental\041325PA_experimental_part05.mp4,1900-01-01 19:28:12.200,776
75132,590,71,10.0,120.0,179.0,243.8333333333333,D:\AprPanama2025_fixed\041325_experimental\041325PA_experimental_part05.mp4,1900-01-01 19:28:13.200,890
75129,590,70,8.0,121.0,179.0,247.8,D:\AprPanama2025_fixed\041325_experimental\041325PA_experimental_part05.mp4,1900-01-01 19:28:12.900,890
75128,574,62,2.0,142.0,175.0,212.0,D:\AprPanama2025_fixed\041325_experimental\041325PA_experimental_part05.mp4,1900-01-01 19:28:12.800,874
75128,591,70,2.0,111.0,177.0,249.3333333333333,D:\AprPanama2025_fixed\041325_experimental\041325PA_experimental_part05.mp4,1900-01-01 19:28:12.800,891
75130,590,71,10.0,111.0,179.0,242.8333333333333,D:\AprPanama2025_fixed\041325_experimental\041325PA_experimental_part05.mp4,1900-01-01 19:28:13.000,890
75131,574,64,1.5,131.0,169.0,243.2,D:\AprPanama2025_fixed\041325_experimental\041325PA_experimental_part05.mp4,1900-01-01 19:28:13.100,874
75131,590,71,10.5,118.0,179.0,241.0,D:\AprPanama2025_fixed\041325_experimental\041325PA_experimental_part05.mp4,1900-01-01 19:28:13.100,890
75136,592,71,9.5,117.0,178.0,247.4705882352941,D:\AprPanama2025_fixed\041325_experimental\041325PA_experimental_part05.mp4,1900-01-01 19:28:13.600,892
75137,591,72,8.0,111.0,179.0,242.8125,D:\AprPanama2025_fixed\041325_experimental\041325PA_experimental_part05.mp4,1900-01-01 19:28:13.700,891
75135,591,71,10.0,126.0,179.0,250.1052631578947,D:\AprPanama2025_fixed\041325_experimental\041325PA_experimental_part05.mp4,1900-01-01 19:28:13.500,891
75133,591,71,10.5,117.0,178.0,247.95,D:\AprPanama2025_fixed\041325_experimental\041325PA_experimental_part05.mp4,1900-01-01 19:28:13.300,891
75134,591,71,10.0,126.0,179.0,250.8421052631579,D:\AprPanama2025_fixed\041325_experimental\041325PA_experimental_part05.mp4,1900-01-01 19:28:13.400,891
75140,592,72,5.5,133.0,172.0,243.75,D:\AprPanama2025_fixed\041325_experimental\041325PA_experimental_part05.mp4,1900-01-01 19:28:14.000,892
75139,592,72,5.5,125.0,178.0,246.66666666666663,D:\AprPanama2025_fixed\041325_experimental\041325PA_experimental_part05.mp4,1900-01-01 19:28:13.900,892
75138,591,72,8.0,111.0,179.0,242.8125,D:\AprPanama2025_fixed\041325_experimental\041325PA_experimental_part05.mp4,1900-01-01 19:28:13.800,891
75142,594,72,1.5,142.0,172.0,246.8,D:\AprPanama2025_fixed\041325_experimental\041325PA_experimental_part05.mp4,1900-01-01 19:28:14.200,894
75141,594,72,2.0,115.0,171.0,235.0,D:\AprPanama2025_fixed\041325_experimental\041325PA_experimental_part05.mp4,1900-01-01 19:28:14.100,894
75154,593,36,1.5,112.0,147.0,31.4,D:\AprPanama2025_fixed\041325_experimental\041325PA_experimental_part05.mp4,1900-01-01 19:28:15.400,893
77327,906,156,9.0,121.0,189.0,238.6875,D:\AprPanama2025_fixed\041325_experimental\041325PA_experimental_part05.mp4,1900-01-01 19:31:52.700,1206
77325,906,155,5.0,114.0,168.0,183.1,D:\AprPanama2025_fixed\041325_experimental\041325PA_experimental_part05.mp4,1900-01-01 19:31:52.500,1206
77331,906,155,5.5,117.0,178.0,240.9090909090909,D:\AprPanama2025_fixed\041325_experimental\041325PA_experimental_part05.mp4,1900-01-01 19:31:53.100,1206
77329,906,155,8.0,113.0,179.0,244.78571428571428,D:\AprPanama2025_fixed\041325_experimental\041325PA_experimental_part05.mp4,1900-01-01 19:31:52.900,1206
77326,906,156,8.0,122.0,177.0,228.66666666666663,D:\AprPanama2025_fixed\041325_experimental\041325PA_experimental_part05.mp4,1900-01-01 19:31:52.600,1206
77328,906,155,10.5,121.0,178.0,237.05882352941177,D:\AprPanama2025_fixed\041325_experimental\041325PA_experimental_part05.mp4,1900-01-01 19:31:52.800,1206
77330,905,155,7.0,112.0,176.0,235.0769230769231,D:\AprPanama2025_fixed\041325_experimental\041325PA_experimental_part05.mp4,1900-01-01 19:31:53.000,1205
77332,906,156,3.0,124.0,158.0,233.25,D:\AprPanama2025_fixed\041325_experimental\041325PA_experimental_part05.mp4,1900-01-01 19:31:53.200,1206
77333,905,156,2.5,116.0,156.0,234.85714285714283,D:\AprPanama2025_fixed\041325_experimental\041325PA_experimental_part05.mp4,1900-01-01 19:31:53.300,1205
77344,1182,249,26.5,115.0,179.0,245.7567567567568,D:\AprPanama2025_fixed\041325_experimental\041325PA_experimental_part05.mp4,1900-01-01 19:31:54.400,1482
77348,1181,250,23.0,114.0,179.0,243.5,D:\AprPanama2025_fixed\041325_experimental\041325PA_experimental_part05.mp4,1900-01-01 19:31:54.800,1481
77341,1182,247,12.5,19.0,176.0,222.4,D:\AprPanama2025_fixed\041325_experimental\041325PA_experimental_part05.mp4,1900-01-01 19:31:54.100,1482
77341,1182,247,4.0,19.0,175.0,225.125,D:\AprPanama2025_fixed\041325_experimental\041325PA_experimental_part05.mp4,1900-01-01 19:31:54.100,1482
77342,1182,248,22.0,95.0,177.0,237.2258064516129,D:\AprPanama2025_fixed\041325_experimental\041325PA_experimental_part05.mp4,1900-01-01 19:31:54.200,1482
77342,1182,249,2.0,95.0,174.0,243.0,D:\AprPanama2025_fixed\041325_experimental\041325PA_experimental_part05.mp4,1900-01-01 19:31:54.200,1482
77343,1182,249,27.5,112.0,179.0,238.07894736842104,D:\AprPanama2025_fixed\041325_experimental\041325PA_experimental_part05.mp4,1900-01-01 19:31:54.300,1482
77346,1181,249,24.0,114.0,179.0,251.7878787878788,D:\AprPanama2025_fixed\041325_experimental\041325PA_experimental_part05.mp4,1900-01-01 19:31:54.600,1481
77347,1181,250,23.5,117.0,179.0,251.0606060606061,D:\AprPanama2025_fixed\041325_experimental\041325PA_experimental_part05.mp4,1900-01-01 19:31:54.700,1481
77345,1181,250,25.5,112.0,179.0,248.97142857142856,D:\AprPanama2025_fixed\041325_experimental\041325PA_experimental_part05.mp4,1900-01-01 19:31:54.500,1481
77351,1180,251,16.5,99.0,179.0,225.36,D:\AprPanama2025_fixed\041325_experimental\041325PA_experimental_part05.mp4,1900-01-01 19:31:55.100,1480
77351,1180,251,2.0,99.0,167.0,227.4,D:\AprPanama2025_fixed\041325_experimental\041325PA_experimental_part05.mp4,1900-01-01 19:31:55.100,1480
77354,1180,251,11.5,112.0,179.0,245.94736842105263,D:\AprPanama2025_fixed\041325_experimental\041325PA_experimental_part05.mp4,1900-01-01 19:31:55.400,1480
77352,1180,250,8.0,111.0,172.0,228.5,D:\AprPanama2025_fixed\041325_experimental\041325PA_experimental_part05.mp4,1900-01-01 19:31:55.200,1480
77353,1180,251,12.0,114.0,174.0,243.1,D:\AprPanama2025_fixed\041325_experimental\041325PA_experimental_part05.mp4,1900-01-01 19:31:55.300,1480
77356,1180,251,3.5,114.0,176.0,243.625,D:\AprPanama2025_fixed\041325_experimental\041325PA_experimental_part05.mp4,1900-01-01 19:31:55.600,1480
77350,1181,251,17.5,119.0,179.0,251.8846153846154,D:\AprPanama2025_fixed\041325_experimental\041325PA_experimental_part05.mp4,1900-01-01 19:31:55.000,1481
77349,1181,250,16.0,113.0,179.0,247.625,D:\AprPanama2025_fixed\041325_experimental\041325PA_experimental_part05.mp4,1900-01-01 19:31:54.900,1481
77355,1180,251,5.0,116.0,178.0,247.1818181818182,D:\AprPanama2025_fixed\041325_experimental\041325PA_experimental_part05.mp4,1900-01-01 19:31:55.500,1480
77359,1180,252,2.0,111.0,163.0,251.0,D:\AprPanama2025_fixed\041325_experimental\041325PA_experimental_part05.mp4,1900-01-01 19:31:55.900,1480
77358,1178,252,2.5,111.0,174.0,242.88888888888889,D:\AprPanama2025_fixed\041325_experimental\041325PA_experimental_part05.mp4,1900-01-01 19:31:55.800,1478
77357,1178,251,1.5,118.0,143.0,208.66666666666663,D:\AprPanama2025_fixed\041325_experimental\041325PA_experimental_part05.mp4,1900-01-01 19:31:55.700,1478
77361,1178,252,2.0,115.0,150.0,179.85714285714286,D:\AprPanama2025_fixed\041325_experimental\041325PA_experimental_part05.mp4,1900-01-01 19:31:56.100,1478
77722,1048,243,19.5,113.0,179.0,241.17241379310343,D:\AprPanama2025_fixed\041325_experimental\041325PA_experimental_part05.mp4,1900-01-01 19:32:32.200,1348
77720,1047,243,14.0,125.0,179.0,247.0909090909091,D:\AprPanama2025_fixed\041325_experimental\041325PA_experimental_part05.mp4,1900-01-01 19:32:32.000,1347
77721,1048,243,20.0,115.0,178.0,239.3,D:\AprPanama2025_fixed\041325_experimental\041325PA_experimental_part05.mp4,1900-01-01 19:32:32.100,1348
77719,1047,243,10.0,119.0,179.0,252.5,D:\AprPanama2025_fixed\041325_experimental\041325PA_experimental_part05.mp4,1900-01-01 19:32:31.900,1347
77724,1048,243,18.0,111.0,178.0,244.3333333333333,D:\AprPanama2025_fixed\041325_experimental\041325PA_experimental_part05.mp4,1900-01-01 19:32:32.400,1348
77723,1048,243,19.0,116.0,178.0,246.67857142857144,D:\AprPanama2025_fixed\041325_experimental\041325PA_experimental_part05.mp4,1900-01-01 19:32:32.300,1348
77727,1047,244,8.0,112.0,177.0,248.5625,D:\AprPanama2025_fixed\041325_experimental\041325PA_experimental_part05.mp4,1900-01-01 19:32:32.700,1347
77725,1048,243,11.0,115.0,178.0,236.68421052631575,D:\AprPanama2025_fixed\041325_experimental\041325PA_experimental_part05.mp4,1900-01-01 19:32:32.500,1348
77726,1048,243,16.0,118.0,179.0,243.2,D:\AprPanama2025_fixed\041325_experimental\041325PA_experimental_part05.mp4,1900-01-01 19:32:32.600,1348
77728,1048,244,6.0,111.0,169.0,233.92857142857144,D:\AprPanama2025_fixed\041325_experimental\041325PA_experimental_part05.mp4,1900-01-01 19:32:32.800,1348
77729,1048,245,1.5,115.0,171.0,246.0,D:\AprPanama2025_fixed\041325_experimental\041325PA_experimental_part05.mp4,1900-01-01 19:32:32.900,1348
77747,1201,150,13.5,116.0,179.0,251.57142857142856,D:\AprPanama2025_fixed\041325_experimental\041325PA_experimental_part05.mp4,1900-01-01 19:32:34.700,1501
77748,1201,151,13.0,111.0,179.0,252.35,D:\AprPanama2025_fixed\041325_experimental\041325PA_experimental_part05.mp4,1900-01-01 19:32:34.800,1501
77744,1200,148,6.0,114.0,179.0,250.0833333333333,D:\AprPanama2025_fixed\041325_experimental\041325PA_experimental_part05.mp4,1900-01-01 19:32:34.400,1500
77745,1200,149,13.0,121.0,179.0,237.3809523809524,D:\AprPanama2025_fixed\041325_experimental\041325PA_experimental_part05.mp4,1900-01-01 19:32:34.500,1500
77743,1200,148,2.5,126.0,169.0,247.57142857142856,D:\AprPanama2025_fixed\041325_experimental\041325PA_experimental_part05.mp4,1900-01-01 19:32:34.300,1500
77746,1200,150,16.0,120.0,179.0,224.875,D:\AprPanama2025_fixed\041325_experimental\041325PA_experimental_part05.mp4,1900-01-01 19:32:34.600,1500
77754,1203,152,4.5,126.0,165.0,247.9,D:\AprPanama2025_fixed\041325_experimental\041325PA_experimental_part05.mp4,1900-01-01 19:32:35.400,1503
77752,1202,151,7.0,114.0,178.0,229.0,D:\AprPanama2025_fixed\041325_experimental\041325PA_experimental_part05.mp4,1900-01-01 19:32:35.200,1502
77756,1203,152,2.5,116.0,158.0,249.42857142857144,D:\AprPanama2025_fixed\041325_experimental\041325PA_experimental_part05.mp4,1900-01-01 19:32:35.600,1503
77755,1203,152,4.0,125.0,165.0,246.55555555555557,D:\AprPanama2025_fixed\041325_experimental\041325PA_experimental_part05.mp4,1900-01-01 19:32:35.500,1503
77753,1203,152,5.0,117.0,172.0,242.8181818181818,D:\AprPanama2025_fixed\041325_experimental\041325PA_experimental_part05.mp4,1900-01-01 19:32:35.300,1503
77749,1201,151,10.5,133.0,179.0,251.2941176470588,D:\AprPanama2025_fixed\041325_experimental\041325PA_experimental_part05.mp4,1900-01-01 19:32:34.900,1501
77751,1202,151,10.0,119.0,179.0,238.4705882352941,D:\AprPanama2025_fixed\041325_experimental\041325PA_experimental_part05.mp4,1900-01-01 19:32:35.100,1502
77750,1201,151,11.5,125.0,179.0,252.3157894736842,D:\AprPanama2025_fixed\041325_experimental\041325PA_experimental_part05.mp4,1900-01-01 19:32:35.000,1501
78184,1134,208,1.5,113.0,141.0,254.6,D:\AprPanama2025_fixed\041325_experimental\041325PA_experimental_part05.mp4,1900-01-01 19:33:18.400,1434
78183,1134,208,1.5,113.0,141.0,254.6,D:\AprPanama2025_fixed\041325_experimental\041325PA_experimental_part05.mp4,1900-01-01 19:33:18.300,1434
78204,1136,244,3.0,111.0,169.0,147.125,D:\AprPanama2025_fixed\041325_experimental\041325PA_experimental_part05.mp4,1900-01-01 19:33:20.400,1436
78203,1137,244,2.0,116.0,152.0,253.0,D:\AprPanama2025_fixed\041325_experimental\041325PA_experimental_part05.mp4,1900-01-01 19:33:20.300,1437
78205,1137,244,4.0,114.0,160.0,203.3,D:\AprPanama2025_fixed\041325_experimental\041325PA_experimental_part05.mp4,1900-01-01 19:33:20.500,1437
78206,1137,244,4.0,114.0,160.0,203.3,D:\AprPanama2025_fixed\041325_experimental\041325PA_experimental_part05.mp4,1900-01-01 19:33:20.600,1437
78715,893,165,9.0,116.0,179.0,248.5625,D:\AprPanama2025_fixed\041325_experimental\041325PA_experimental_part05.mp4,1900-01-01 19:34:11.500,1193
78713,893,165,8.0,125.0,179.0,242.7142857142857,D:\AprPanama2025_fixed\041325_experimental\041325PA_experimental_part05.mp4,1900-01-01 19:34:11.300,1193
78714,893,165,7.5,137.0,179.0,250.0,D:\AprPanama2025_fixed\041325_experimental\041325PA_experimental_part05.mp4,1900-01-01 19:34:11.400,1193
78716,893,165,12.0,115.0,179.0,246.5,D:\AprPanama2025_fixed\041325_experimental\041325PA_experimental_part05.mp4,1900-01-01 19:34:11.600,1193
78718,893,165,7.5,119.0,175.0,247.53846153846155,D:\AprPanama2025_fixed\041325_experimental\041325PA_experimental_part05.mp4,1900-01-01 19:34:11.800,1193
78719,892,164,4.5,112.0,166.0,243.44444444444443,D:\AprPanama2025_fixed\041325_experimental\041325PA_experimental_part05.mp4,1900-01-01 19:34:11.900,1192
78717,893,165,10.5,116.0,176.0,248.2941176470588,D:\AprPanama2025_fixed\041325_experimental\041325PA_experimental_part05.mp4,1900-01-01 19:34:11.700,1193
78758,893,111,1.5,124.0,136.0,98.4,D:\AprPanama2025_fixed\041325_experimental\041325PA_experimental_part05.mp4,1900-01-01 19:34:15.800,1193
78757,893,112,1.5,117.0,129.0,99.0,D:\AprPanama2025_fixed\041325_experimental\041325PA_experimental_part05.mp4,1900-01-01 19:34:15.700,1193
79340,1072,213,2.0,120.0,172.0,240.0,D:\AprPanama2025_fixed\041325_experimental\041325PA_experimental_part05.mp4,1900-01-01 19:35:14.000,1372
79341,1073,212,3.0,126.0,159.0,240.66666666666663,D:\AprPanama2025_fixed\041325_experimental\041325PA_experimental_part05.mp4,1900-01-01 19:35:14.100,1373
79342,1072,212,5.5,113.0,172.0,235.3333333333333,D:\AprPanama2025_fixed\041325_experimental\041325PA_experimental_part05.mp4,1900-01-01 19:35:14.200,1372
79363,1095,60,8.0,115.0,178.0,215.9333333333333,D:\AprPanama2025_fixed\041325_experimental\041325PA_experimental_part05.mp4,1900-01-01 19:35:16.300,1395
79364,1095,60,9.5,121.0,178.0,237.1875,D:\AprPanama2025_fixed\041325_experimental\041325PA_experimental_part05.mp4,1900-01-01 19:35:16.400,1395
79369,1087,56,3.0,117.0,162.0,244.25,D:\AprPanama2025_fixed\041325_experimental\041325PA_experimental_part05.mp4,1900-01-01 19:35:16.900,1387
79369,1095,60,5.5,111.0,179.0,249.1818181818182,D:\AprPanama2025_fixed\041325_experimental\041325PA_experimental_part05.mp4,1900-01-01 19:35:16.900,1395
79367,1094,60,10.5,116.0,178.0,246.11764705882356,D:\AprPanama2025_fixed\041325_experimental\041325PA_experimental_part05.mp4,1900-01-01 19:35:16.700,1394
79371,1086,56,4.0,134.0,178.0,226.77777777777777,D:\AprPanama2025_fixed\041325_experimental\041325PA_experimental_part05.mp4,1900-01-01 19:35:17.100,1386
79371,1094,60,2.0,120.0,169.0,254.66666666666663,D:\AprPanama2025_fixed\041325_experimental\041325PA_experimental_part05.mp4,1900-01-01 19:35:17.100,1394
79366,1094,60,10.5,119.0,179.0,246.58823529411765,D:\AprPanama2025_fixed\041325_experimental\041325PA_experimental_part05.mp4,1900-01-01 19:35:16.600,1394
79365,1095,60,11.0,119.0,179.0,244.8333333333333,D:\AprPanama2025_fixed\041325_experimental\041325PA_experimental_part05.mp4,1900-01-01 19:35:16.500,1395
79368,1087,56,2.0,118.0,149.0,252.8333333333333,D:\AprPanama2025_fixed\041325_experimental\041325PA_experimental_part05.mp4,1900-01-01 19:35:16.800,1387
79368,1094,60,9.5,116.0,179.0,241.0625,D:\AprPanama2025_fixed\041325_experimental\041325PA_experimental_part05.mp4,1900-01-01 19:35:16.800,1394
79372,1086,57,5.5,117.0,178.0,222.63636363636363,D:\AprPanama2025_fixed\041325_experimental\041325PA_experimental_part05.mp4,1900-01-01 19:35:17.200,1386
79372,1095,60,1.5,118.0,133.0,249.0,D:\AprPanama2025_fixed\041325_experimental\041325PA_experimental_part05.mp4,1900-01-01 19:35:17.200,1395
79370,1087,56,4.5,126.0,178.0,222.5,D:\AprPanama2025_fixed\041325_experimental\041325PA_experimental_part05.mp4,1900-01-01 19:35:17.000,1387
79370,1094,60,8.0,121.0,178.0,240.85714285714283,D:\AprPanama2025_fixed\041325_experimental\041325PA_experimental_part05.mp4,1900-01-01 19:35:17.000,1394
79373,1086,57,2.5,123.0,169.0,201.16666666666663,D:\AprPanama2025_fixed\041325_experimental\041325PA_experimental_part05.mp4,1900-01-01 19:35:17.300,1386
79373,1094,60,1.5,136.0,166.0,251.6,D:\AprPanama2025_fixed\041325_experimental\041325PA_experimental_part05.mp4,1900-01-01 19:35:17.300,1394
79442,684,112,2.0,124.0,168.0,241.66666666666663,D:\AprPanama2025_fixed\041325_experimental\041325PA_experimental_part05.mp4,1900-01-01 19:35:24.200,984
79443,684,113,6.5,112.0,179.0,237.8333333333333,D:\AprPanama2025_fixed\041325_experimental\041325PA_experimental_part05.mp4,1900-01-01 19:35:24.300,984
79444,684,113,9.0,123.0,179.0,235.5625,D:\AprPanama2025_fixed\041325_experimental\041325PA_experimental_part05.mp4,1900-01-01 19:35:24.400,984
79449,683,113,9.0,114.0,175.0,238.6875,D:\AprPanama2025_fixed\041325_experimental\041325PA_experimental_part05.mp4,1900-01-01 19:35:24.900,983
79448,683,113,8.0,125.0,172.0,248.0,D:\AprPanama2025_fixed\041325_experimental\041325PA_experimental_part05.mp4,1900-01-01 19:35:24.800,983
79446,684,113,9.5,115.0,179.0,251.5625,D:\AprPanama2025_fixed\041325_experimental\041325PA_experimental_part05.mp4,1900-01-01 19:35:24.600,984
79447,683,113,7.5,121.0,180.0,248.64285714285717,D:\AprPanama2025_fixed\041325_experimental\041325PA_experimental_part05.mp4,1900-01-01 19:35:24.700,983
79452,682,113,7.5,111.0,176.0,242.2142857142857,D:\AprPanama2025_fixed\041325_experimental\041325PA_experimental_part05.mp4,1900-01-01 19:35:25.200,982
79451,682,113,7.5,111.0,176.0,242.2142857142857,D:\AprPanama2025_fixed\041325_experimental\041325PA_experimental_part05.mp4,1900-01-01 19:35:25.100,982
79450,682,113,8.5,113.0,179.0,237.9333333333333,D:\AprPanama2025_fixed\041325_experimental\041325PA_experimental_part05.mp4,1900-01-01 19:35:25.000,982
79445,684,113,8.0,124.0,179.0,239.6,D:\AprPanama2025_fixed\041325_experimental\041325PA_experimental_part05.mp4,1900-01-01 19:35:24.500,984
79454,681,113,6.5,111.0,177.0,235.75,D:\AprPanama2025_fixed\041325_experimental\041325PA_experimental_part05.mp4,1900-01-01 19:35:25.400,981
79459,730,28,3.5,126.0,179.0,250.75,D:\AprPanama2025_fixed\041325_experimental\041325PA_experimental_part05.mp4,1900-01-01 19:35:25.900,1030
79459,679,112,3.0,113.0,161.0,238.25,D:\AprPanama2025_fixed\041325_experimental\041325PA_experimental_part05.mp4,1900-01-01 19:35:25.900,979
79456,680,113,6.0,119.0,178.0,246.72727272727275,D:\AprPanama2025_fixed\041325_experimental\041325PA_experimental_part05.mp4,1900-01-01 19:35:25.600,980
79455,680,113,6.0,119.0,178.0,246.72727272727275,D:\AprPanama2025_fixed\041325_experimental\041325PA_experimental_part05.mp4,1900-01-01 19:35:25.500,980
79458,727,28,1.5,116.0,145.0,99.4,D:\AprPanama2025_fixed\041325_experimental\041325PA_experimental_part05.mp4,1900-01-01 19:35:25.800,1027
79458,679,112,4.0,113.0,169.0,226.88888888888889,D:\AprPanama2025_fixed\041325_experimental\041325PA_experimental_part05.mp4,1900-01-01 19:35:25.800,979
79460,730,28,7.0,113.0,179.0,238.92307692307693,D:\AprPanama2025_fixed\041325_experimental\041325PA_experimental_part05.mp4,1900-01-01 19:35:26.000,1030
79453,681,113,4.5,112.0,179.0,237.8,D:\AprPanama2025_fixed\041325_experimental\041325PA_experimental_part05.mp4,1900-01-01 19:35:25.300,981
79457,680,112,3.0,122.0,173.0,237.42857142857144,D:\AprPanama2025_fixed\041325_experimental\041325PA_experimental_part05.mp4,1900-01-01 19:35:25.700,980
79467,730,30,5.5,121.0,179.0,244.8,D:\AprPanama2025_fixed\041325_experimental\041325PA_experimental_part05.mp4,1900-01-01 19:35:26.700,1030
79462,730,29,9.0,111.0,179.0,229.6,D:\AprPanama2025_fixed\041325_experimental\041325PA_experimental_part05.mp4,1900-01-01 19:35:26.200,1030
79463,730,29,8.0,114.0,181.0,212.42857142857144,D:\AprPanama2025_fixed\041325_experimental\041325PA_experimental_part05.mp4,1900-01-01 19:35:26.300,1030
79466,730,29,5.0,116.0,177.0,243.1,D:\AprPanama2025_fixed\041325_experimental\041325PA_experimental_part05.mp4,1900-01-01 19:35:26.600,1030
79466,675,93,2.0,122.0,172.0,239.28571428571428,D:\AprPanama2025_fixed\041325_experimental\041325PA_experimental_part05.mp4,1900-01-01 19:35:26.600,975
79464,730,29,9.0,115.0,177.0,221.2,D:\AprPanama2025_fixed\041325_experimental\041325PA_experimental_part05.mp4,1900-01-01 19:35:26.400,1030
79464,675,93,3.0,119.0,172.0,189.7142857142857,D:\AprPanama2025_fixed\041325_experimental\041325PA_experimental_part05.mp4,1900-01-01 19:35:26.400,975
79468,730,30,2.0,122.0,179.0,236.3333333333333,D:\AprPanama2025_fixed\041325_experimental\041325PA_experimental_part05.mp4,1900-01-01 19:35:26.800,1030
79465,730,29,5.0,116.0,170.0,225.2,D:\AprPanama2025_fixed\041325_experimental\041325PA_experimental_part05.mp4,1900-01-01 19:35:26.500,1030
79465,675,93,1.5,122.0,172.0,237.0,D:\AprPanama2025_fixed\041325_experimental\041325PA_experimental_part05.mp4,1900-01-01 19:35:26.500,975
79465,677,112,2.0,129.0,169.0,222.3333333333333,D:\AprPanama2025_fixed\041325_experimental\041325PA_experimental_part05.mp4,1900-01-01 19:35:26.500,977
79461,731,28,6.5,116.0,179.0,244.5,D:\AprPanama2025_fixed\041325_experimental\041325PA_experimental_part05.mp4,1900-01-01 19:35:26.100,1031
79470,730,30,1.5,134.0,171.0,240.8,D:\AprPanama2025_fixed\041325_experimental\041325PA_experimental_part05.mp4,1900-01-01 19:35:27.000,1030
79470,733,54,1.5,112.0,136.0,61.0,D:\AprPanama2025_fixed\041325_experimental\041325PA_experimental_part05.mp4,1900-01-01 19:35:27.000,1033
79472,730,55,10.0,141.0,179.0,251.0625,D:\AprPanama2025_fixed\041325_experimental\041325PA_experimental_part05.mp4,1900-01-01 19:35:27.200,1030
79475,730,56,19.0,113.0,229.0,244.72413793103448,D:\AprPanama2025_fixed\041325_experimental\041325PA_experimental_part05.mp4,1900-01-01 19:35:27.500,1030
79473,730,55,15.0,113.0,233.0,239.79166666666663,D:\AprPanama2025_fixed\041325_experimental\041325PA_experimental_part05.mp4,1900-01-01 19:35:27.300,1030
79474,730,55,15.0,118.0,238.0,237.0833333333333,D:\AprPanama2025_fixed\041325_experimental\041325PA_experimental_part05.mp4,1900-01-01 19:35:27.400,1030
79471,730,55,5.5,130.0,178.0,250.7,D:\AprPanama2025_fixed\041325_experimental\041325PA_experimental_part05.mp4,1900-01-01 19:35:27.100,1030
79476,730,55,20.5,121.0,237.0,240.83333333333331,D:\AprPanama2025_fixed\041325_experimental\041325PA_experimental_part05.mp4,1900-01-01 19:35:27.600,1030
79480,730,56,23.0,119.0,235.0,237.24242424242425,D:\AprPanama2025_fixed\041325_experimental\041325PA_experimental_part05.mp4,1900-01-01 19:35:28.000,1030
79481,731,56,20.5,115.0,179.0,243.7096774193548,D:\AprPanama2025_fixed\041325_experimental\041325PA_experimental_part05.mp4,1900-01-01 19:35:28.100,1031
79479,731,56,21.0,113.0,240.0,242.0,D:\AprPanama2025_fixed\041325_experimental\041325PA_experimental_part05.mp4,1900-01-01 19:35:27.900,1031
79482,731,56,20.5,126.0,238.0,242.51612903225805,D:\AprPanama2025_fixed\041325_experimental\041325PA_experimental_part05.mp4,1900-01-01 19:35:28.200,1031
79484,732,57,17.0,127.0,179.0,248.1923076923077,D:\AprPanama2025_fixed\041325_experimental\041325PA_experimental_part05.mp4,1900-01-01 19:35:28.400,1032
79484,668,77,3.0,111.0,143.0,56.71428571428571,D:\AprPanama2025_fixed\041325_experimental\041325PA_experimental_part05.mp4,1900-01-01 19:35:28.400,968
79478,730,56,22.0,119.0,251.0,241.21875,D:\AprPanama2025_fixed\041325_experimental\041325PA_experimental_part05.mp4,1900-01-01 19:35:27.800,1030
79483,731,57,20.0,117.0,216.0,242.5,D:\AprPanama2025_fixed\041325_experimental\041325PA_experimental_part05.mp4,1900-01-01 19:35:28.300,1031
79477,730,55,20.5,119.0,178.0,240.7,D:\AprPanama2025_fixed\041325_experimental\041325PA_experimental_part05.mp4,1900-01-01 19:35:27.700,1030
79491,731,18,3.0,116.0,171.0,232.875,D:\AprPanama2025_fixed\041325_experimental\041325PA_experimental_part05.mp4,1900-01-01 19:35:29.100,1031
79491,733,57,10.5,126.0,178.0,246.94117647058823,D:\AprPanama2025_fixed\041325_experimental\041325PA_experimental_part05.mp4,1900-01-01 19:35:29.100,1033
79489,733,57,11.0,111.0,179.0,243.6111111111111,D:\AprPanama2025_fixed\041325_experimental\041325PA_experimental_part05.mp4,1900-01-01 19:35:28.900,1033
79486,732,57,13.0,114.0,179.0,253.19047619047615,D:\AprPanama2025_fixed\041325_experimental\041325PA_experimental_part05.mp4,1900-01-01 19:35:28.600,1032
79490,733,57,10.5,111.0,177.0,245.1764705882353,D:\AprPanama2025_fixed\041325_experimental\041325PA_experimental_part05.mp4,1900-01-01 19:35:29.000,1033
79492,731,18,3.5,114.0,179.0,242.75,D:\AprPanama2025_fixed\041325_experimental\041325PA_experimental_part05.mp4,1900-01-01 19:35:29.200,1031
79492,733,57,10.5,131.0,179.0,246.8235294117647,D:\AprPanama2025_fixed\041325_experimental\041325PA_experimental_part05.mp4,1900-01-01 19:35:29.200,1033
79487,733,57,10.0,112.0,179.0,252.8235294117647,D:\AprPanama2025_fixed\041325_experimental\041325PA_experimental_part05.mp4,1900-01-01 19:35:28.700,1033
79487,669,77,3.0,111.0,142.0,82.0,D:\AprPanama2025_fixed\041325_experimental\041325PA_experimental_part05.mp4,1900-01-01 19:35:28.700,969
79488,733,57,9.5,131.0,179.0,248.625,D:\AprPanama2025_fixed\041325_experimental\041325PA_experimental_part05.mp4,1900-01-01 19:35:28.800,1033
79485,732,57,14.0,122.0,179.0,251.3478260869565,D:\AprPanama2025_fixed\041325_experimental\041325PA_experimental_part05.mp4,1900-01-01 19:35:28.500,1032
79495,731,19,5.5,112.0,176.0,245.0909090909091,D:\AprPanama2025_fixed\041325_experimental\041325PA_experimental_part05.mp4,1900-01-01 19:35:29.500,1031
79495,734,57,9.0,122.0,179.0,244.86666666666667,D:\AprPanama2025_fixed\041325_experimental\041325PA_experimental_part05.mp4,1900-01-01 19:35:29.500,1034
79498,731,20,5.0,114.0,169.0,235.8,D:\AprPanama2025_fixed\041325_experimental\041325PA_experimental_part05.mp4,1900-01-01 19:35:29.800,1031
79498,735,57,5.5,118.0,169.0,243.0,D:\AprPanama2025_fixed\041325_experimental\041325PA_experimental_part05.mp4,1900-01-01 19:35:29.800,1035
79497,731,19,3.5,112.0,162.0,252.375,D:\AprPanama2025_fixed\041325_experimental\041325PA_experimental_part05.mp4,1900-01-01 19:35:29.700,1031
79497,735,57,6.5,114.0,177.0,243.0,D:\AprPanama2025_fixed\041325_experimental\041325PA_experimental_part05.mp4,1900-01-01 19:35:29.700,1035
79494,731,18,5.5,127.0,176.0,238.27272727272728,D:\AprPanama2025_fixed\041325_experimental\041325PA_experimental_part05.mp4,1900-01-01 19:35:29.400,1031
79494,733,57,10.5,131.0,179.0,246.8235294117647,D:\AprPanama2025_fixed\041325_experimental\041325PA_experimental_part05.mp4,1900-01-01 19:35:29.400,1033
79499,730,20,4.5,112.0,173.0,235.88888888888889,D:\AprPanama2025_fixed\041325_experimental\041325PA_experimental_part05.mp4,1900-01-01 19:35:29.900,1030
79499,735,57,7.0,111.0,171.0,234.46153846153848,D:\AprPanama2025_fixed\041325_experimental\041325PA_experimental_part05.mp4,1900-01-01 19:35:29.900,1035
79500,730,20,5.0,112.0,175.0,248.3,D:\AprPanama2025_fixed\041325_experimental\041325PA_experimental_part05.mp4,1900-01-01 19:35:30.000,1030
79500,735,57,7.0,118.0,177.0,245.0,D:\AprPanama2025_fixed\041325_experimental\041325PA_experimental_part05.mp4,1900-01-01 19:35:30.000,1035
79496,730,20,3.5,117.0,171.0,223.5,D:\AprPanama2025_fixed\041325_experimental\041325PA_experimental_part05.mp4,1900-01-01 19:35:29.600,1030
79496,734,57,5.5,113.0,171.0,246.0,D:\AprPanama2025_fixed\041325_experimental\041325PA_experimental_part05.mp4,1900-01-01 19:35:29.600,1034
79493,731,18,5.5,117.0,174.0,244.54545454545456,D:\AprPanama2025_fixed\041325_experimental\041325PA_experimental_part05.mp4,1900-01-01 19:35:29.300,1031
79493,733,57,10.5,131.0,179.0,246.8235294117647,D:\AprPanama2025_fixed\041325_experimental\041325PA_experimental_part05.mp4,1900-01-01 19:35:29.300,1033
79503,729,21,2.5,113.0,162.0,154.14285714285714,D:\AprPanama2025_fixed\041325_experimental\041325PA_experimental_part05.mp4,1900-01-01 19:35:30.300,1029
79503,735,57,6.5,118.0,176.0,241.3333333333333,D:\AprPanama2025_fixed\041325_experimental\041325PA_experimental_part05.mp4,1900-01-01 19:35:30.300,1035
79502,730,20,3.0,134.0,171.0,250.85714285714283,D:\AprPanama2025_fixed\041325_experimental\041325PA_experimental_part05.mp4,1900-01-01 19:35:30.200,1030
79502,735,57,6.5,118.0,176.0,241.3333333333333,D:\AprPanama2025_fixed\041325_experimental\041325PA_experimental_part05.mp4,1900-01-01 19:35:30.200,1035
79506,736,57,4.0,127.0,176.0,185.2222222222222,D:\AprPanama2025_fixed\041325_experimental\041325PA_experimental_part05.mp4,1900-01-01 19:35:30.600,1036
79504,729,22,5.5,124.0,162.0,80.9090909090909,D:\AprPanama2025_fixed\041325_experimental\041325PA_experimental_part05.mp4,1900-01-01 19:35:30.400,1029
79504,735,57,4.5,135.0,178.0,246.8,D:\AprPanama2025_fixed\041325_experimental\041325PA_experimental_part05.mp4,1900-01-01 19:35:30.400,1035
79501,730,20,2.0,127.0,173.0,251.66666666666663,D:\AprPanama2025_fixed\041325_experimental\041325PA_experimental_part05.mp4,1900-01-01 19:35:30.100,1030
79501,735,57,6.5,121.0,176.0,244.0,D:\AprPanama2025_fixed\041325_experimental\041325PA_experimental_part05.mp4,1900-01-01 19:35:30.100,1035
79507,736,57,3.5,112.0,178.0,216.5,D:\AprPanama2025_fixed\041325_experimental\041325PA_experimental_part05.mp4,1900-01-01 19:35:30.700,1036
79508,736,57,2.0,125.0,179.0,236.3333333333333,D:\AprPanama2025_fixed\041325_experimental\041325PA_experimental_part05.mp4,1900-01-01 19:35:30.800,1036
79505,736,57,4.0,127.0,176.0,185.2222222222222,D:\AprPanama2025_fixed\041325_experimental\041325PA_experimental_part05.mp4,1900-01-01 19:35:30.500,1036
79511,736,56,3.5,130.0,168.0,212.625,D:\AprPanama2025_fixed\041325_experimental\041325PA_experimental_part05.mp4,1900-01-01 19:35:31.100,1036
79514,736,56,4.5,114.0,178.0,240.55555555555557,D:\AprPanama2025_fixed\041325_experimental\041325PA_experimental_part05.mp4,1900-01-01 19:35:31.400,1036
79510,736,56,3.0,122.0,176.0,253.28571428571428,D:\AprPanama2025_fixed\041325_experimental\041325PA_experimental_part05.mp4,1900-01-01 19:35:31.000,1036
79512,736,56,4.5,114.0,178.0,240.55555555555557,D:\AprPanama2025_fixed\041325_experimental\041325PA_experimental_part05.mp4,1900-01-01 19:35:31.200,1036
79515,736,55,1.5,126.0,151.0,221.66666666666663,D:\AprPanama2025_fixed\041325_experimental\041325PA_experimental_part05.mp4,1900-01-01 19:35:31.500,1036
79513,736,56,4.5,114.0,178.0,240.55555555555557,D:\AprPanama2025_fixed\041325_experimental\041325PA_experimental_part05.mp4,1900-01-01 19:35:31.300,1036
79509,728,23,1.5,118.0,170.0,222.0,D:\AprPanama2025_fixed\041325_experimental\041325PA_experimental_part05.mp4,1900-01-01 19:35:30.900,1028
79509,736,56,2.0,132.0,175.0,244.8333333333333,D:\AprPanama2025_fixed\041325_experimental\041325PA_experimental_part05.mp4,1900-01-01 19:35:30.900,1036
79519,737,55,3.0,118.0,146.0,106.57142857142856,D:\AprPanama2025_fixed\041325_experimental\041325PA_experimental_part05.mp4,1900-01-01 19:35:31.900,1037
79520,737,55,3.0,118.0,146.0,106.57142857142856,D:\AprPanama2025_fixed\041325_experimental\041325PA_experimental_part05.mp4,1900-01-01 19:35:32.000,1037
79521,737,55,3.0,118.0,146.0,106.57142857142856,D:\AprPanama2025_fixed\041325_experimental\041325PA_experimental_part05.mp4,1900-01-01 19:35:32.100,1037
79523,738,55,2.0,113.0,167.0,90.16666666666666,D:\AprPanama2025_fixed\041325_experimental\041325PA_experimental_part05.mp4,1900-01-01 19:35:32.300,1038
79522,737,55,3.0,118.0,146.0,106.57142857142856,D:\AprPanama2025_fixed\041325_experimental\041325PA_experimental_part05.mp4,1900-01-01 19:35:32.200,1037
79528,738,54,1.5,111.0,161.0,196.8,D:\AprPanama2025_fixed\041325_experimental\041325PA_experimental_part05.mp4,1900-01-01 19:35:32.800,1038
79530,738,54,1.5,122.0,164.0,171.8,D:\AprPanama2025_fixed\041325_experimental\041325PA_experimental_part05.mp4,1900-01-01 19:35:33.000,1038
79851,1013,133,25.0,114.0,179.0,250.7837837837838,D:\AprPanama2025_fixed\041325_experimental\041325PA_experimental_part05.mp4,1900-01-01 19:36:05.100,1313
79846,1012,135,18.5,112.0,179.0,240.96296296296296,D:\AprPanama2025_fixed\041325_experimental\041325PA_experimental_part05.mp4,1900-01-01 19:36:04.600,1312
79845,1012,135,5.5,128.0,163.0,250.8333333333333,D:\AprPanama2025_fixed\041325_experimental\041325PA_experimental_part05.mp4,1900-01-01 19:36:04.500,1312
79847,1013,135,27.0,120.0,179.0,248.3947368421053,D:\AprPanama2025_fixed\041325_experimental\041325PA_experimental_part05.mp4,1900-01-01 19:36:04.700,1313
79852,1013,133,22.5,114.0,179.0,241.8235294117647,D:\AprPanama2025_fixed\041325_experimental\041325PA_experimental_part05.mp4,1900-01-01 19:36:05.200,1313
79849,1013,135,31.0,114.0,179.0,244.90697674418604,D:\AprPanama2025_fixed\041325_experimental\041325PA_experimental_part05.mp4,1900-01-01 19:36:04.900,1313
79848,1013,135,28.0,113.0,179.0,244.95,D:\AprPanama2025_fixed\041325_experimental\041325PA_experimental_part05.mp4,1900-01-01 19:36:04.800,1313
79850,1013,134,33.5,114.0,179.0,246.5217391304348,D:\AprPanama2025_fixed\041325_experimental\041325PA_experimental_part05.mp4,1900-01-01 19:36:05.000,1313
79855,1013,131,7.5,112.0,165.0,248.2142857142857,D:\AprPanama2025_fixed\041325_experimental\041325PA_experimental_part05.mp4,1900-01-01 19:36:05.500,1313
79856,1013,131,8.0,111.0,169.0,245.64285714285717,D:\AprPanama2025_fixed\041325_experimental\041325PA_experimental_part05.mp4,1900-01-01 19:36:05.600,1313
79853,1013,133,18.5,115.0,179.0,250.36666666666667,D:\AprPanama2025_fixed\041325_experimental\041325PA_experimental_part05.mp4,1900-01-01 19:36:05.300,1313
79854,1013,132,8.0,112.0,178.0,250.25,D:\AprPanama2025_fixed\041325_experimental\041325PA_experimental_part05.mp4,1900-01-01 19:36:05.400,1313
80612,1225,76,19.0,111.0,178.0,243.67857142857144,D:\AprPanama2025_fixed\041325_experimental\041325PA_experimental_part05.mp4,1900-01-01 19:37:21.200,1525
80611,1225,76,19.5,113.0,179.0,237.9310344827586,D:\AprPanama2025_fixed\041325_experimental\041325PA_experimental_part05.mp4,1900-01-01 19:37:21.100,1525
80609,1225,76,17.5,111.0,179.0,235.44444444444443,D:\AprPanama2025_fixed\041325_experimental\041325PA_experimental_part05.mp4,1900-01-01 19:37:20.900,1525
80607,1225,75,10.0,114.0,179.0,235.0,D:\AprPanama2025_fixed\041325_experimental\041325PA_experimental_part05.mp4,1900-01-01 19:37:20.700,1525
80608,1225,75,13.5,116.0,179.0,236.72727272727275,D:\AprPanama2025_fixed\041325_experimental\041325PA_experimental_part05.mp4,1900-01-01 19:37:20.800,1525
80610,1225,76,21.0,113.0,179.0,237.8709677419355,D:\AprPanama2025_fixed\041325_experimental\041325PA_experimental_part05.mp4,1900-01-01 19:37:21.000,1525
80616,1225,76,8.0,112.0,179.0,250.0,D:\AprPanama2025_fixed\041325_experimental\041325PA_experimental_part05.mp4,1900-01-01 19:37:21.600,1525
80614,1225,76,15.5,112.0,178.0,246.8260869565217,D:\AprPanama2025_fixed\041325_experimental\041325PA_experimental_part05.mp4,1900-01-01 19:37:21.400,1525
80620,1224,76,2.0,127.0,169.0,172.0,D:\AprPanama2025_fixed\041325_experimental\041325PA_experimental_part05.mp4,1900-01-01 19:37:22.000,1524
80617,1224,76,7.5,117.0,179.0,249.78571428571428,D:\AprPanama2025_fixed\041325_experimental\041325PA_experimental_part05.mp4,1900-01-01 19:37:21.700,1524
80613,1225,76,17.0,111.0,180.0,239.72,D:\AprPanama2025_fixed\041325_experimental\041325PA_experimental_part05.mp4,1900-01-01 19:37:21.300,1525
80615,1225,76,9.5,112.0,180.0,238.7058823529412,D:\AprPanama2025_fixed\041325_experimental\041325PA_experimental_part05.mp4,1900-01-01 19:37:21.500,1525
80619,1225,76,5.0,118.0,183.0,212.72727272727272,D:\AprPanama2025_fixed\041325_experimental\041325PA_experimental_part05.mp4,1900-01-01 19:37:21.900,1525
80618,1225,76,8.0,112.0,179.0,247.42857142857144,D:\AprPanama2025_fixed\041325_experimental\041325PA_experimental_part05.mp4,1900-01-01 19:37:21.800,1525
80621,1225,76,3.0,112.0,163.0,216.625,D:\AprPanama2025_fixed\041325_experimental\041325PA_experimental_part05.mp4,1900-01-01 19:37:22.100,1525
81519,1032,150,25.5,112.0,179.0,248.2,D:\AprPanama2025_fixed\041325_experimental\041325PA_experimental_part05.mp4,1900-01-01 19:38:51.900,1332
81524,1033,149,15.0,117.0,179.0,252.95652173913044,D:\AprPanama2025_fixed\041325_experimental\041325PA_experimental_part05.mp4,1900-01-01 19:38:52.400,1333
81520,1032,150,27.5,118.0,179.0,247.0,D:\AprPanama2025_fixed\041325_experimental\041325PA_experimental_part05.mp4,1900-01-01 19:38:52.000,1332
81517,1032,151,21.5,111.0,179.0,242.74193548387095,D:\AprPanama2025_fixed\041325_experimental\041325PA_experimental_part05.mp4,1900-01-01 19:38:51.700,1332
81523,1033,149,15.0,124.0,179.0,247.6086956521739,D:\AprPanama2025_fixed\041325_experimental\041325PA_experimental_part05.mp4,1900-01-01 19:38:52.300,1333
81522,1032,150,21.5,139.0,179.0,252.48387096774192,D:\AprPanama2025_fixed\041325_experimental\041325PA_experimental_part05.mp4,1900-01-01 19:38:52.200,1332
81521,1033,150,24.5,111.0,179.0,252.3823529411765,D:\AprPanama2025_fixed\041325_experimental\041325PA_experimental_part05.mp4,1900-01-01 19:38:52.100,1333
81518,1032,151,21.0,118.0,179.0,249.3,D:\AprPanama2025_fixed\041325_experimental\041325PA_experimental_part05.mp4,1900-01-01 19:38:51.800,1332
81526,1032,148,2.0,112.0,151.0,250.28571428571428,D:\AprPanama2025_fixed\041325_experimental\041325PA_experimental_part05.mp4,1900-01-01 19:38:52.600,1332
81525,1033,149,5.5,111.0,162.0,248.8333333333333,D:\AprPanama2025_fixed\041325_experimental\041325PA_experimental_part05.mp4,1900-01-01 19:38:52.500,1333
81532,977,164,9.5,148.0,178.0,240.5625,D:\AprPanama2025_fixed\041325_experimental\041325PA_experimental_part05.mp4,1900-01-01 19:38:53.200,1277
81534,977,163,18.0,125.0,179.0,244.61538461538464,D:\AprPanama2025_fixed\041325_experimental\041325PA_experimental_part05.mp4,1900-01-01 19:38:53.400,1277
81536,977,164,17.5,111.0,179.0,242.80769230769232,D:\AprPanama2025_fixed\041325_experimental\041325PA_experimental_part05.mp4,1900-01-01 19:38:53.600,1277
81538,976,164,12.5,116.0,179.0,241.25,D:\AprPanama2025_fixed\041325_experimental\041325PA_experimental_part05.mp4,1900-01-01 19:38:53.800,1276
81537,976,163,15.5,114.0,179.0,243.17391304347825,D:\AprPanama2025_fixed\041325_experimental\041325PA_experimental_part05.mp4,1900-01-01 19:38:53.700,1276
81539,976,163,12.0,116.0,178.0,237.8,D:\AprPanama2025_fixed\041325_experimental\041325PA_experimental_part05.mp4,1900-01-01 19:38:53.900,1276
81540,976,163,12.0,117.0,179.0,237.2,D:\AprPanama2025_fixed\041325_experimental\041325PA_experimental_part05.mp4,1900-01-01 19:38:54.000,1276
81533,977,164,17.0,117.0,179.0,248.92,D:\AprPanama2025_fixed\041325_experimental\041325PA_experimental_part05.mp4,1900-01-01 19:38:53.300,1277
81535,977,164,19.0,113.0,179.0,242.55555555555557,D:\AprPanama2025_fixed\041325_experimental\041325PA_experimental_part05.mp4,1900-01-01 19:38:53.500,1277
81541,976,163,11.0,124.0,172.0,232.5,D:\AprPanama2025_fixed\041325_experimental\041325PA_experimental_part05.mp4,1900-01-01 19:38:54.100,1276
81543,975,163,3.0,114.0,156.0,247.2222222222222,D:\AprPanama2025_fixed\041325_experimental\041325PA_experimental_part05.mp4,1900-01-01 19:38:54.300,1275
81542,975,163,5.5,90.0,155.0,231.1818181818182,D:\AprPanama2025_fixed\041325_experimental\041325PA_experimental_part05.mp4,1900-01-01 19:38:54.200,1275
81542,976,163,2.0,90.0,151.0,230.0,D:\AprPanama2025_fixed\041325_experimental\041325PA_experimental_part05.mp4,1900-01-01 19:38:54.200,1276
81544,974,163,2.5,117.0,168.0,223.25,D:\AprPanama2025_fixed\041325_experimental\041325PA_experimental_part05.mp4,1900-01-01 19:38:54.400,1274
82134,1010,227,2.5,113.0,139.0,188.42857142857144,D:\AprPanama2025_fixed\041325_experimental\041325PA_experimental_part05.mp4,1900-01-01 19:39:53.400,1310
82162,884,27,5.0,120.0,160.0,138.3,D:\AprPanama2025_fixed\041325_experimental\041325PA_experimental_part05.mp4,1900-01-01 19:39:56.200,1184
82163,884,30,14.5,122.0,178.0,240.4090909090909,D:\AprPanama2025_fixed\041325_experimental\041325PA_experimental_part05.mp4,1900-01-01 19:39:56.300,1184
82164,884,30,21.5,122.0,179.0,247.25806451612905,D:\AprPanama2025_fixed\041325_experimental\041325PA_experimental_part05.mp4,1900-01-01 19:39:56.400,1184
82172,882,31,23.0,115.0,234.0,246.54545454545456,D:\AprPanama2025_fixed\041325_experimental\041325PA_experimental_part05.mp4,1900-01-01 19:39:57.200,1182
82167,884,30,27.0,112.0,212.0,235.32432432432435,D:\AprPanama2025_fixed\041325_experimental\041325PA_experimental_part05.mp4,1900-01-01 19:39:56.700,1184
82166,884,31,23.5,119.0,179.0,244.24242424242425,D:\AprPanama2025_fixed\041325_experimental\041325PA_experimental_part05.mp4,1900-01-01 19:39:56.600,1184
82171,882,31,26.0,115.0,209.0,246.9722222222222,D:\AprPanama2025_fixed\041325_experimental\041325PA_experimental_part05.mp4,1900-01-01 19:39:57.100,1182
82168,883,31,30.5,112.0,239.0,238.0487804878049,D:\AprPanama2025_fixed\041325_experimental\041325PA_experimental_part05.mp4,1900-01-01 19:39:56.800,1183
82165,884,30,20.5,113.0,179.0,243.4,D:\AprPanama2025_fixed\041325_experimental\041325PA_experimental_part05.mp4,1900-01-01 19:39:56.500,1184
82170,883,31,27.5,111.0,179.0,248.3157894736842,D:\AprPanama2025_fixed\041325_experimental\041325PA_experimental_part05.mp4,1900-01-01 19:39:57.000,1183
82169,883,31,25.5,112.0,242.0,243.0857142857143,D:\AprPanama2025_fixed\041325_experimental\041325PA_experimental_part05.mp4,1900-01-01 19:39:56.900,1183
82174,882,31,23.0,117.0,179.0,249.42424242424244,D:\AprPanama2025_fixed\041325_experimental\041325PA_experimental_part05.mp4,1900-01-01 19:39:57.400,1182
82177,881,31,20.5,117.0,214.0,245.5,D:\AprPanama2025_fixed\041325_experimental\041325PA_experimental_part05.mp4,1900-01-01 19:39:57.700,1181
82176,882,31,23.0,113.0,179.0,241.84848484848484,D:\AprPanama2025_fixed\041325_experimental\041325PA_experimental_part05.mp4,1900-01-01 19:39:57.600,1182
82173,882,31,22.5,131.0,179.0,249.96875,D:\AprPanama2025_fixed\041325_experimental\041325PA_experimental_part05.mp4,1900-01-01 19:39:57.300,1182
82175,882,31,23.5,111.0,179.0,245.66666666666669,D:\AprPanama2025_fixed\041325_experimental\041325PA_experimental_part05.mp4,1900-01-01 19:39:57.500,1182
82180,880,31,21.0,111.0,179.0,252.8,D:\AprPanama2025_fixed\041325_experimental\041325PA_experimental_part05.mp4,1900-01-01 19:39:58.000,1180
82178,881,31,21.0,116.0,240.0,246.63333333333333,D:\AprPanama2025_fixed\041325_experimental\041325PA_experimental_part05.mp4,1900-01-01 19:39:57.800,1181
82179,880,31,21.5,120.0,179.0,248.5806451612903,D:\AprPanama2025_fixed\041325_experimental\041325PA_experimental_part05.mp4,1900-01-01 19:39:57.900,1180
82184,879,32,23.0,127.0,179.0,252.0,D:\AprPanama2025_fixed\041325_experimental\041325PA_experimental_part05.mp4,1900-01-01 19:39:58.400,1179
82182,880,31,20.0,115.0,179.0,245.3448275862069,D:\AprPanama2025_fixed\041325_experimental\041325PA_experimental_part05.mp4,1900-01-01 19:39:58.200,1180
82183,880,32,21.5,122.0,179.0,247.6,D:\AprPanama2025_fixed\041325_experimental\041325PA_experimental_part05.mp4,1900-01-01 19:39:58.300,1180
82185,878,32,20.0,111.0,179.0,241.82142857142856,D:\AprPanama2025_fixed\041325_experimental\041325PA_experimental_part05.mp4,1900-01-01 19:39:58.500,1178
82181,880,31,25.0,117.0,179.0,245.2,D:\AprPanama2025_fixed\041325_experimental\041325PA_experimental_part05.mp4,1900-01-01 19:39:58.100,1180
82186,878,31,12.0,122.0,179.0,232.52631578947367,D:\AprPanama2025_fixed\041325_experimental\041325PA_experimental_part05.mp4,1900-01-01 19:39:58.600,1178
82210,968,324,2.5,122.0,152.0,195.28571428571428,D:\AprPanama2025_fixed\041325_experimental\041325PA_experimental_part05.mp4,1900-01-01 19:40:01.000,1268
83363,1021,209,5.0,119.0,168.0,245.25,D:\AprPanama2025_fixed\041325_experimental\041325PA_experimental_part05.mp4,1900-01-01 19:41:56.300,1321
83364,1021,209,13.0,112.0,178.0,238.7619047619048,D:\AprPanama2025_fixed\041325_experimental\041325PA_experimental_part05.mp4,1900-01-01 19:41:56.400,1321
83365,1022,209,14.0,119.0,179.0,241.9090909090909,D:\AprPanama2025_fixed\041325_experimental\041325PA_experimental_part05.mp4,1900-01-01 19:41:56.500,1322
83368,1022,208,13.0,111.0,179.0,248.5,D:\AprPanama2025_fixed\041325_experimental\041325PA_experimental_part05.mp4,1900-01-01 19:41:56.800,1322
83369,1022,208,6.0,125.0,169.0,250.5,D:\AprPanama2025_fixed\041325_experimental\041325PA_experimental_part05.mp4,1900-01-01 19:41:56.900,1322
83366,1022,209,15.5,115.0,179.0,243.16666666666663,D:\AprPanama2025_fixed\041325_experimental\041325PA_experimental_part05.mp4,1900-01-01 19:41:56.600,1322
83367,1022,208,13.0,113.0,171.0,243.9047619047619,D:\AprPanama2025_fixed\041325_experimental\041325PA_experimental_part05.mp4,1900-01-01 19:41:56.700,1322
83370,1022,208,5.5,114.0,147.0,247.66666666666663,D:\AprPanama2025_fixed\041325_experimental\041325PA_experimental_part05.mp4,1900-01-01 19:41:57.000,1322
83384,1020,260,1.5,114.0,151.0,252.8,D:\AprPanama2025_fixed\041325_experimental\041325PA_experimental_part05.mp4,1900-01-01 19:41:58.400,1320
83382,1018,260,5.5,112.0,176.0,248.5833333333333,D:\AprPanama2025_fixed\041325_experimental\041325PA_experimental_part05.mp4,1900-01-01 19:41:58.200,1318
83381,1019,261,5.5,118.0,177.0,247.0,D:\AprPanama2025_fixed\041325_experimental\041325PA_experimental_part05.mp4,1900-01-01 19:41:58.100,1319
83383,1018,260,5.0,115.0,148.0,251.54545454545456,D:\AprPanama2025_fixed\041325_experimental\041325PA_experimental_part05.mp4,1900-01-01 19:41:58.300,1318
83747,227,64,6.5,118.0,169.0,172.0,D:\AprPanama2025_fixed\041325_experimental\041325PA_experimental_part05.mp4,1900-01-01 19:42:34.700,527
83746,228,62,2.0,127.0,173.0,181.3333333333333,D:\AprPanama2025_fixed\041325_experimental\041325PA_experimental_part05.mp4,1900-01-01 19:42:34.600,528
83748,227,64,6.5,124.0,170.0,183.30769230769232,D:\AprPanama2025_fixed\041325_experimental\041325PA_experimental_part05.mp4,1900-01-01 19:42:34.800,527
83752,226,65,6.5,114.0,178.0,224.3846153846154,D:\AprPanama2025_fixed\041325_experimental\041325PA_experimental_part05.mp4,1900-01-01 19:42:35.200,526
83756,226,65,6.0,114.0,174.0,218.8333333333333,D:\AprPanama2025_fixed\041325_experimental\041325PA_experimental_part05.mp4,1900-01-01 19:42:35.600,526
83755,226,65,6.0,114.0,174.0,218.8333333333333,D:\AprPanama2025_fixed\041325_experimental\041325PA_experimental_part05.mp4,1900-01-01 19:42:35.500,526
83751,226,64,9.5,114.0,179.0,192.8235294117647,D:\AprPanama2025_fixed\041325_experimental\041325PA_experimental_part05.mp4,1900-01-01 19:42:35.100,526
83753,226,65,6.0,114.0,178.0,230.5,D:\AprPanama2025_fixed\041325_experimental\041325PA_experimental_part05.mp4,1900-01-01 19:42:35.300,526
83750,226,64,9.5,114.0,179.0,192.8235294117647,D:\AprPanama2025_fixed\041325_experimental\041325PA_experimental_part05.mp4,1900-01-01 19:42:35.000,526
83754,226,65,6.0,114.0,178.0,230.5,D:\AprPanama2025_fixed\041325_experimental\041325PA_experimental_part05.mp4,1900-01-01 19:42:35.400,526
83749,226,64,9.5,114.0,179.0,192.8235294117647,D:\AprPanama2025_fixed\041325_experimental\041325PA_experimental_part05.mp4,1900-01-01 19:42:34.900,526
83764,227,65,6.0,123.0,173.0,214.5833333333333,D:\AprPanama2025_fixed\041325_experimental\041325PA_experimental_part05.mp4,1900-01-01 19:42:36.400,527
83761,227,65,6.0,123.0,177.0,225.0,D:\AprPanama2025_fixed\041325_experimental\041325PA_experimental_part05.mp4,1900-01-01 19:42:36.100,527
83759,226,65,5.0,123.0,177.0,230.72727272727272,D:\AprPanama2025_fixed\041325_experimental\041325PA_experimental_part05.mp4,1900-01-01 19:42:35.900,526
83760,227,65,6.0,123.0,177.0,225.0,D:\AprPanama2025_fixed\041325_experimental\041325PA_experimental_part05.mp4,1900-01-01 19:42:36.000,527
83758,226,65,5.0,123.0,178.0,229.45454545454547,D:\AprPanama2025_fixed\041325_experimental\041325PA_experimental_part05.mp4,1900-01-01 19:42:35.800,526
83762,227,65,1.5,116.0,171.0,227.42857142857144,D:\AprPanama2025_fixed\041325_experimental\041325PA_experimental_part05.mp4,1900-01-01 19:42:36.200,527
83763,226,65,5.0,119.0,173.0,225.54545454545456,D:\AprPanama2025_fixed\041325_experimental\041325PA_experimental_part05.mp4,1900-01-01 19:42:36.300,526
83757,226,65,4.5,111.0,175.0,235.2,D:\AprPanama2025_fixed\041325_experimental\041325PA_experimental_part05.mp4,1900-01-01 19:42:35.700,526
83770,227,65,2.0,111.0,170.0,177.0,D:\AprPanama2025_fixed\041325_experimental\041325PA_experimental_part05.mp4,1900-01-01 19:42:37.000,527
83770,148,113,1.5,118.0,167.0,203.8,D:\AprPanama2025_fixed\041325_experimental\041325PA_experimental_part05.mp4,1900-01-01 19:42:37.000,448
83769,227,65,2.0,113.0,170.0,174.66666666666666,D:\AprPanama2025_fixed\041325_experimental\041325PA_experimental_part05.mp4,1900-01-01 19:42:36.900,527
83769,148,113,1.5,118.0,167.0,203.8,D:\AprPanama2025_fixed\041325_experimental\041325PA_experimental_part05.mp4,1900-01-01 19:42:36.900,448
83768,227,66,2.0,116.0,170.0,142.42857142857142,D:\AprPanama2025_fixed\041325_experimental\041325PA_experimental_part05.mp4,1900-01-01 19:42:36.800,527
83768,148,113,1.5,118.0,167.0,203.8,D:\AprPanama2025_fixed\041325_experimental\041325PA_experimental_part05.mp4,1900-01-01 19:42:36.800,448
83766,227,65,6.0,123.0,173.0,214.5833333333333,D:\AprPanama2025_fixed\041325_experimental\041325PA_experimental_part05.mp4,1900-01-01 19:42:36.600,527
83767,227,65,5.5,121.0,172.0,194.3636363636364,D:\AprPanama2025_fixed\041325_experimental\041325PA_experimental_part05.mp4,1900-01-01 19:42:36.700,527
83771,227,65,1.5,123.0,139.0,151.6,D:\AprPanama2025_fixed\041325_experimental\041325PA_experimental_part05.mp4,1900-01-01 19:42:37.100,527
83771,148,113,1.5,118.0,167.0,203.8,D:\AprPanama2025_fixed\041325_experimental\041325PA_experimental_part05.mp4,1900-01-01 19:42:37.100,448
83765,227,65,6.0,123.0,173.0,214.5833333333333,D:\AprPanama2025_fixed\041325_experimental\041325PA_experimental_part05.mp4,1900-01-01 19:42:36.500,527
83773,222,33,2.0,118.0,173.0,202.66666666666663,D:\AprPanama2025_fixed\041325_experimental\041325PA_experimental_part05.mp4,1900-01-01 19:42:37.300,522
83782,149,114,1.5,116.0,136.0,56.400000000000006,D:\AprPanama2025_fixed\041325_experimental\041325PA_experimental_part05.mp4,1900-01-01 19:42:38.200,449
84595,1053,155,11.0,111.0,173.0,241.66666666666663,D:\AprPanama2025_fixed\041325_experimental\041325PA_experimental_part05.mp4,1900-01-01 19:43:59.500,1353
84591,1052,155,2.0,125.0,167.0,254.0,D:\AprPanama2025_fixed\041325_experimental\041325PA_experimental_part05.mp4,1900-01-01 19:43:59.100,1352
84592,1052,154,4.0,111.0,138.0,250.4,D:\AprPanama2025_fixed\041325_experimental\041325PA_experimental_part05.mp4,1900-01-01 19:43:59.200,1352
84594,1053,155,11.0,129.0,178.0,240.66666666666663,D:\AprPanama2025_fixed\041325_experimental\041325PA_experimental_part05.mp4,1900-01-01 19:43:59.400,1353
84596,1053,155,10.0,114.0,179.0,242.64705882352945,D:\AprPanama2025_fixed\041325_experimental\041325PA_experimental_part05.mp4,1900-01-01 19:43:59.600,1353
84593,1053,155,11.5,116.0,179.0,235.94736842105263,D:\AprPanama2025_fixed\041325_experimental\041325PA_experimental_part05.mp4,1900-01-01 19:43:59.300,1353
84599,1054,156,1.5,114.0,159.0,246.4,D:\AprPanama2025_fixed\041325_experimental\041325PA_experimental_part05.mp4,1900-01-01 19:43:59.900,1354
84597,1053,156,4.0,116.0,173.0,251.88888888888889,D:\AprPanama2025_fixed\041325_experimental\041325PA_experimental_part05.mp4,1900-01-01 19:43:59.700,1353
84598,1054,156,1.5,115.0,146.0,247.2,D:\AprPanama2025_fixed\041325_experimental\041325PA_experimental_part05.mp4,1900-01-01 19:43:59.800,1354
87671,728,200,2.0,120.0,141.0,80.66666666666666,D:\AprPanama2025_fixed\041325_experimental\041325PA_experimental_part05.mp4,1900-01-01 19:49:07.100,1028
87672,728,200,2.0,114.0,172.0,225.0,D:\AprPanama2025_fixed\041325_experimental\041325PA_experimental_part05.mp4,1900-01-01 19:49:07.200,1028
87673,728,201,6.5,115.0,179.0,247.5,D:\AprPanama2025_fixed\041325_experimental\041325PA_experimental_part05.mp4,1900-01-01 19:49:07.300,1028
87674,728,201,8.0,115.0,179.0,251.35714285714283,D:\AprPanama2025_fixed\041325_experimental\041325PA_experimental_part05.mp4,1900-01-01 19:49:07.400,1028
87675,728,201,8.0,125.0,179.0,252.7142857142857,D:\AprPanama2025_fixed\041325_experimental\041325PA_experimental_part05.mp4,1900-01-01 19:49:07.500,1028
87676,728,201,9.5,111.0,178.0,244.8125,D:\AprPanama2025_fixed\041325_experimental\041325PA_experimental_part05.mp4,1900-01-01 19:49:07.600,1028
87681,729,201,7.0,116.0,175.0,251.7692307692308,D:\AprPanama2025_fixed\041325_experimental\041325PA_experimental_part05.mp4,1900-01-01 19:49:08.100,1029
87684,729,201,5.5,125.0,177.0,245.27272727272728,D:\AprPanama2025_fixed\041325_experimental\041325PA_experimental_part05.mp4,1900-01-01 19:49:08.400,1029
87677,728,201,9.5,121.0,179.0,247.75,D:\AprPanama2025_fixed\041325_experimental\041325PA_experimental_part05.mp4,1900-01-01 19:49:07.700,1028
87678,728,201,10.0,114.0,179.0,248.23529411764704,D:\AprPanama2025_fixed\041325_experimental\041325PA_experimental_part05.mp4,1900-01-01 19:49:07.800,1028
87680,729,201,9.5,117.0,179.0,237.2941176470588,D:\AprPanama2025_fixed\041325_experimental\041325PA_experimental_part05.mp4,1900-01-01 19:49:08.000,1029
87683,729,201,4.5,117.0,179.0,245.9,D:\AprPanama2025_fixed\041325_experimental\041325PA_experimental_part05.mp4,1900-01-01 19:49:08.300,1029
87679,729,201,9.5,116.0,187.0,240.2941176470588,D:\AprPanama2025_fixed\041325_experimental\041325PA_experimental_part05.mp4,1900-01-01 19:49:07.900,1029
87682,729,201,5.5,124.0,178.0,249.45454545454547,D:\AprPanama2025_fixed\041325_experimental\041325PA_experimental_part05.mp4,1900-01-01 19:49:08.200,1029
87686,729,201,5.0,116.0,166.0,244.45454545454547,D:\AprPanama2025_fixed\041325_experimental\041325PA_experimental_part05.mp4,1900-01-01 19:49:08.600,1029
87688,729,202,2.5,114.0,166.0,233.375,D:\AprPanama2025_fixed\041325_experimental\041325PA_experimental_part05.mp4,1900-01-01 19:49:08.800,1029
87689,729,202,2.0,112.0,158.0,237.0,D:\AprPanama2025_fixed\041325_experimental\041325PA_experimental_part05.mp4,1900-01-01 19:49:08.900,1029
87687,729,201,5.0,116.0,166.0,244.45454545454547,D:\AprPanama2025_fixed\041325_experimental\041325PA_experimental_part05.mp4,1900-01-01 19:49:08.700,1029
87690,729,202,2.0,111.0,152.0,227.57142857142856,D:\AprPanama2025_fixed\041325_experimental\041325PA_experimental_part05.mp4,1900-01-01 19:49:09.000,1029
87685,729,201,5.5,125.0,177.0,245.27272727272728,D:\AprPanama2025_fixed\041325_experimental\041325PA_experimental_part05.mp4,1900-01-01 19:49:08.500,1029
87695,730,200,2.5,119.0,175.0,226.3333333333333,D:\AprPanama2025_fixed\041325_experimental\041325PA_experimental_part05.mp4,1900-01-01 19:49:09.500,1030
87696,730,200,2.5,119.0,175.0,226.3333333333333,D:\AprPanama2025_fixed\041325_experimental\041325PA_experimental_part05.mp4,1900-01-01 19:49:09.600,1030
88348,1022,178,14.5,115.0,179.0,243.1304347826087,D:\AprPanama2025_fixed\041325_experimental\041325PA_experimental_part05.mp4,1900-01-01 19:50:14.800,1322
88345,1021,178,10.5,117.0,178.0,245.4736842105263,D:\AprPanama2025_fixed\041325_experimental\041325PA_experimental_part05.mp4,1900-01-01 19:50:14.500,1321
88346,1022,178,15.0,117.0,179.0,243.75,D:\AprPanama2025_fixed\041325_experimental\041325PA_experimental_part05.mp4,1900-01-01 19:50:14.600,1322
88347,1022,178,17.0,121.0,179.0,250.08,D:\AprPanama2025_fixed\041325_experimental\041325PA_experimental_part05.mp4,1900-01-01 19:50:14.700,1322
88354,1021,179,4.0,111.0,169.0,242.0,D:\AprPanama2025_fixed\041325_experimental\041325PA_experimental_part05.mp4,1900-01-01 19:50:15.400,1321
88352,1021,179,10.5,111.0,173.0,248.23529411764704,D:\AprPanama2025_fixed\041325_experimental\041325PA_experimental_part05.mp4,1900-01-01 19:50:15.200,1321
88350,1022,178,13.5,111.0,176.0,250.5,D:\AprPanama2025_fixed\041325_experimental\041325PA_experimental_part05.mp4,1900-01-01 19:50:15.000,1322
88349,1022,178,16.0,129.0,177.0,240.79166666666663,D:\AprPanama2025_fixed\041325_experimental\041325PA_experimental_part05.mp4,1900-01-01 19:50:14.900,1322
88351,1022,179,10.0,111.0,178.0,250.64705882352945,D:\AprPanama2025_fixed\041325_experimental\041325PA_experimental_part05.mp4,1900-01-01 19:50:15.100,1322
88353,1021,179,9.0,124.0,168.0,237.06666666666663,D:\AprPanama2025_fixed\041325_experimental\041325PA_experimental_part05.mp4,1900-01-01 19:50:15.300,1321
89827,608,97,5.0,115.0,176.0,191.9,D:\AprPanama2025_fixed\041325_experimental\041325PA_experimental_part05.mp4,1900-01-01 19:52:42.700,908
89826,608,96,1.5,142.0,175.0,236.6,D:\AprPanama2025_fixed\041325_experimental\041325PA_experimental_part05.mp4,1900-01-01 19:52:42.600,908
89828,608,97,5.5,112.0,176.0,225.45454545454547,D:\AprPanama2025_fixed\041325_experimental\041325PA_experimental_part05.mp4,1900-01-01 19:52:42.800,908
89831,608,97,4.0,127.0,166.0,250.66666666666663,D:\AprPanama2025_fixed\041325_experimental\041325PA_experimental_part05.mp4,1900-01-01 19:52:43.100,908
89829,607,97,4.5,118.0,178.0,243.1111111111111,D:\AprPanama2025_fixed\041325_experimental\041325PA_experimental_part05.mp4,1900-01-01 19:52:42.900,907
89834,608,98,2.0,117.0,174.0,202.16666666666663,D:\AprPanama2025_fixed\041325_experimental\041325PA_experimental_part05.mp4,1900-01-01 19:52:43.400,908
89833,608,97,4.0,114.0,165.0,206.88888888888889,D:\AprPanama2025_fixed\041325_experimental\041325PA_experimental_part05.mp4,1900-01-01 19:52:43.300,908
89830,607,97,4.5,118.0,178.0,243.1111111111111,D:\AprPanama2025_fixed\041325_experimental\041325PA_experimental_part05.mp4,1900-01-01 19:52:43.000,907
89832,608,97,4.0,127.0,166.0,250.66666666666663,D:\AprPanama2025_fixed\041325_experimental\041325PA_experimental_part05.mp4,1900-01-01 19:52:43.200,908
89844,775,106,5.5,119.0,167.0,175.36363636363637,D:\AprPanama2025_fixed\041325_experimental\041325PA_experimental_part05.mp4,1900-01-01 19:52:44.400,1075
89844,668,200,11.0,111.0,179.0,246.5,D:\AprPanama2025_fixed\041325_experimental\041325PA_experimental_part05.mp4,1900-01-01 19:52:44.400,968
89842,666,203,9.0,122.0,179.0,252.6875,D:\AprPanama2025_fixed\041325_experimental\041325PA_experimental_part05.mp4,1900-01-01 19:52:44.200,966
89841,666,204,5.5,118.0,176.0,244.0909090909091,D:\AprPanama2025_fixed\041325_experimental\041325PA_experimental_part05.mp4,1900-01-01 19:52:44.100,966
89843,667,201,11.5,146.0,179.0,239.3157894736842,D:\AprPanama2025_fixed\041325_experimental\041325PA_experimental_part05.mp4,1900-01-01 19:52:44.300,967
89847,606,99,1.5,111.0,147.0,135.20000000000002,D:\AprPanama2025_fixed\041325_experimental\041325PA_experimental_part05.mp4,1900-01-01 19:52:44.700,906
89847,775,105,12.0,117.0,179.0,245.6315789473684,D:\AprPanama2025_fixed\041325_experimental\041325PA_experimental_part05.mp4,1900-01-01 19:52:44.700,1075
89847,670,195,10.0,112.0,179.0,247.125,D:\AprPanama2025_fixed\041325_experimental\041325PA_experimental_part05.mp4,1900-01-01 19:52:44.700,970
89845,775,106,6.5,129.0,173.0,238.3846153846154,D:\AprPanama2025_fixed\041325_experimental\041325PA_experimental_part05.mp4,1900-01-01 19:52:44.500,1075
89845,669,198,8.5,118.0,173.0,252.26666666666665,D:\AprPanama2025_fixed\041325_experimental\041325PA_experimental_part05.mp4,1900-01-01 19:52:44.500,969
89849,775,104,17.0,116.0,179.0,245.03846153846155,D:\AprPanama2025_fixed\041325_experimental\041325PA_experimental_part05.mp4,1900-01-01 19:52:44.900,1075
89849,672,193,5.5,117.0,179.0,222.66666666666663,D:\AprPanama2025_fixed\041325_experimental\041325PA_experimental_part05.mp4,1900-01-01 19:52:44.900,972
89851,776,104,17.0,119.0,179.0,246.24,D:\AprPanama2025_fixed\041325_experimental\041325PA_experimental_part05.mp4,1900-01-01 19:52:45.100,1076
89851,672,190,6.0,125.0,173.0,250.5,D:\AprPanama2025_fixed\041325_experimental\041325PA_experimental_part05.mp4,1900-01-01 19:52:45.100,972
89852,606,100,1.5,112.0,160.0,176.4,D:\AprPanama2025_fixed\041325_experimental\041325PA_experimental_part05.mp4,1900-01-01 19:52:45.200,906
89852,776,104,17.0,119.0,179.0,246.24,D:\AprPanama2025_fixed\041325_experimental\041325PA_experimental_part05.mp4,1900-01-01 19:52:45.200,1076
89852,673,189,2.5,123.0,154.0,245.7142857142857,D:\AprPanama2025_fixed\041325_experimental\041325PA_experimental_part05.mp4,1900-01-01 19:52:45.200,973
89846,775,106,9.5,124.0,178.0,246.375,D:\AprPanama2025_fixed\041325_experimental\041325PA_experimental_part05.mp4,1900-01-01 19:52:44.600,1075
89846,669,197,11.0,111.0,174.0,243.2222222222222,D:\AprPanama2025_fixed\041325_experimental\041325PA_experimental_part05.mp4,1900-01-01 19:52:44.600,969
89850,775,104,17.0,116.0,179.0,245.03846153846155,D:\AprPanama2025_fixed\041325_experimental\041325PA_experimental_part05.mp4,1900-01-01 19:52:45.000,1075
89850,672,191,7.0,118.0,178.0,245.23076923076923,D:\AprPanama2025_fixed\041325_experimental\041325PA_experimental_part05.mp4,1900-01-01 19:52:45.000,972
89848,775,105,14.5,119.0,179.0,242.5,D:\AprPanama2025_fixed\041325_experimental\041325PA_experimental_part05.mp4,1900-01-01 19:52:44.800,1075
89848,670,194,7.0,117.0,176.0,253.6923076923077,D:\AprPanama2025_fixed\041325_experimental\041325PA_experimental_part05.mp4,1900-01-01 19:52:44.800,970
89854,606,100,1.5,123.0,152.0,170.0,D:\AprPanama2025_fixed\041325_experimental\041325PA_experimental_part05.mp4,1900-01-01 19:52:45.400,906
89854,776,103,16.0,112.0,179.0,244.5,D:\AprPanama2025_fixed\041325_experimental\041325PA_experimental_part05.mp4,1900-01-01 19:52:45.400,1076
89854,674,186,2.5,141.0,169.0,249.42857142857144,D:\AprPanama2025_fixed\041325_experimental\041325PA_experimental_part05.mp4,1900-01-01 19:52:45.400,974
89855,776,102,15.0,112.0,179.0,249.17391304347825,D:\AprPanama2025_fixed\041325_experimental\041325PA_experimental_part05.mp4,1900-01-01 19:52:45.500,1076
89860,776,101,15.5,111.0,179.0,243.0,D:\AprPanama2025_fixed\041325_experimental\041325PA_experimental_part05.mp4,1900-01-01 19:52:46.000,1076
89859,776,101,15.5,111.0,179.0,244.2173913043478,D:\AprPanama2025_fixed\041325_experimental\041325PA_experimental_part05.mp4,1900-01-01 19:52:45.900,1076
89859,702,112,3.0,112.0,173.0,230.85714285714283,D:\AprPanama2025_fixed\041325_experimental\041325PA_experimental_part05.mp4,1900-01-01 19:52:45.900,1002
89856,776,102,14.0,120.0,179.0,244.5909090909091,D:\AprPanama2025_fixed\041325_experimental\041325PA_experimental_part05.mp4,1900-01-01 19:52:45.600,1076
89856,675,183,2.0,142.0,170.0,217.16666666666663,D:\AprPanama2025_fixed\041325_experimental\041325PA_experimental_part05.mp4,1900-01-01 19:52:45.600,975
89853,606,100,1.5,123.0,156.0,173.8,D:\AprPanama2025_fixed\041325_experimental\041325PA_experimental_part05.mp4,1900-01-01 19:52:45.300,906
89853,776,103,17.0,116.0,179.0,244.92,D:\AprPanama2025_fixed\041325_experimental\041325PA_experimental_part05.mp4,1900-01-01 19:52:45.300,1076
89853,674,187,3.5,133.0,179.0,241.55555555555557,D:\AprPanama2025_fixed\041325_experimental\041325PA_experimental_part05.mp4,1900-01-01 19:52:45.300,974
89858,776,101,13.0,115.0,179.0,245.9047619047619,D:\AprPanama2025_fixed\041325_experimental\041325PA_experimental_part05.mp4,1900-01-01 19:52:45.800,1076
89857,776,101,14.0,120.0,179.0,243.0909090909091,D:\AprPanama2025_fixed\041325_experimental\041325PA_experimental_part05.mp4,1900-01-01 19:52:45.700,1076
89862,777,99,9.5,111.0,178.0,240.75,D:\AprPanama2025_fixed\041325_experimental\041325PA_experimental_part05.mp4,1900-01-01 19:52:46.200,1077
89867,770,49,2.0,111.0,159.0,226.16666666666663,D:\AprPanama2025_fixed\041325_experimental\041325PA_experimental_part05.mp4,1900-01-01 19:52:46.700,1070
89867,777,97,7.5,113.0,178.0,232.0,D:\AprPanama2025_fixed\041325_experimental\041325PA_experimental_part05.mp4,1900-01-01 19:52:46.700,1077
89861,777,100,7.0,112.0,179.0,247.3846153846154,D:\AprPanama2025_fixed\041325_experimental\041325PA_experimental_part05.mp4,1900-01-01 19:52:46.100,1077
89861,703,110,3.5,115.0,182.0,249.375,D:\AprPanama2025_fixed\041325_experimental\041325PA_experimental_part05.mp4,1900-01-01 19:52:46.100,1003
89866,777,98,8.0,111.0,178.0,240.14285714285717,D:\AprPanama2025_fixed\041325_experimental\041325PA_experimental_part05.mp4,1900-01-01 19:52:46.600,1077
89866,703,105,2.0,114.0,172.0,120.33333333333331,D:\AprPanama2025_fixed\041325_experimental\041325PA_experimental_part05.mp4,1900-01-01 19:52:46.600,1003
89864,776,99,12.0,121.0,178.0,247.1052631578947,D:\AprPanama2025_fixed\041325_experimental\041325PA_experimental_part05.mp4,1900-01-01 19:52:46.400,1076
89864,702,107,2.5,111.0,169.0,235.57142857142856,D:\AprPanama2025_fixed\041325_experimental\041325PA_experimental_part05.mp4,1900-01-01 19:52:46.400,1002
89865,777,98,9.0,115.0,179.0,248.7333333333333,D:\AprPanama2025_fixed\041325_experimental\041325PA_experimental_part05.mp4,1900-01-01 19:52:46.500,1077
89863,777,99,9.0,112.0,176.0,249.875,D:\AprPanama2025_fixed\041325_experimental\041325PA_experimental_part05.mp4,1900-01-01 19:52:46.300,1077
89863,702,108,5.0,120.0,178.0,238.5,D:\AprPanama2025_fixed\041325_experimental\041325PA_experimental_part05.mp4,1900-01-01 19:52:46.300,1002
89868,769,49,5.0,122.0,179.0,223.45454545454547,D:\AprPanama2025_fixed\041325_experimental\041325PA_experimental_part05.mp4,1900-01-01 19:52:46.800,1069
89868,777,97,5.5,123.0,177.0,237.8181818181818,D:\AprPanama2025_fixed\041325_experimental\041325PA_experimental_part05.mp4,1900-01-01 19:52:46.800,1077
89875,769,49,5.0,112.0,164.0,211.8181818181818,D:\AprPanama2025_fixed\041325_experimental\041325PA_experimental_part05.mp4,1900-01-01 19:52:47.500,1069
89875,777,94,4.0,130.0,174.0,225.66666666666663,D:\AprPanama2025_fixed\041325_experimental\041325PA_experimental_part05.mp4,1900-01-01 19:52:47.500,1077
89874,769,49,5.5,111.0,177.0,226.0,D:\AprPanama2025_fixed\041325_experimental\041325PA_experimental_part05.mp4,1900-01-01 19:52:47.400,1069
89874,777,95,3.0,116.0,169.0,244.75,D:\AprPanama2025_fixed\041325_experimental\041325PA_experimental_part05.mp4,1900-01-01 19:52:47.400,1077
89873,769,49,7.0,116.0,176.0,230.84615384615387,D:\AprPanama2025_fixed\041325_experimental\041325PA_experimental_part05.mp4,1900-01-01 19:52:47.300,1069
89873,777,96,4.0,129.0,170.0,217.0,D:\AprPanama2025_fixed\041325_experimental\041325PA_experimental_part05.mp4,1900-01-01 19:52:47.300,1077
89869,769,49,5.0,122.0,179.0,223.45454545454547,D:\AprPanama2025_fixed\041325_experimental\041325PA_experimental_part05.mp4,1900-01-01 19:52:46.900,1069
89869,777,97,5.0,122.0,176.0,244.4,D:\AprPanama2025_fixed\041325_experimental\041325PA_experimental_part05.mp4,1900-01-01 19:52:46.900,1077
89870,769,50,6.5,131.0,178.0,249.91666666666663,D:\AprPanama2025_fixed\041325_experimental\041325PA_experimental_part05.mp4,1900-01-01 19:52:47.000,1069
89870,777,96,5.0,111.0,168.0,242.5,D:\AprPanama2025_fixed\041325_experimental\041325PA_experimental_part05.mp4,1900-01-01 19:52:47.000,1077
89872,769,49,6.0,147.0,178.0,246.66666666666663,D:\AprPanama2025_fixed\041325_experimental\041325PA_experimental_part05.mp4,1900-01-01 19:52:47.200,1069
89872,777,96,4.0,129.0,170.0,217.0,D:\AprPanama2025_fixed\041325_experimental\041325PA_experimental_part05.mp4,1900-01-01 19:52:47.200,1077
89876,769,49,5.0,112.0,164.0,211.8181818181818,D:\AprPanama2025_fixed\041325_experimental\041325PA_experimental_part05.mp4,1900-01-01 19:52:47.600,1069
89871,769,49,6.0,128.0,178.0,248.5833333333333,D:\AprPanama2025_fixed\041325_experimental\041325PA_experimental_part05.mp4,1900-01-01 19:52:47.100,1069
89871,777,96,5.5,119.0,174.0,186.9090909090909,D:\AprPanama2025_fixed\041325_experimental\041325PA_experimental_part05.mp4,1900-01-01 19:52:47.100,1077
89883,778,91,2.5,118.0,163.0,244.57142857142856,D:\AprPanama2025_fixed\041325_experimental\041325PA_experimental_part05.mp4,1900-01-01 19:52:48.300,1078
89880,769,48,4.0,125.0,169.0,153.11111111111111,D:\AprPanama2025_fixed\041325_experimental\041325PA_experimental_part05.mp4,1900-01-01 19:52:48.000,1069
89880,778,92,4.0,123.0,171.0,229.125,D:\AprPanama2025_fixed\041325_experimental\041325PA_experimental_part05.mp4,1900-01-01 19:52:48.000,1078
89882,779,92,1.5,117.0,177.0,245.5,D:\AprPanama2025_fixed\041325_experimental\041325PA_experimental_part05.mp4,1900-01-01 19:52:48.200,1079
89878,769,48,4.0,111.0,171.0,163.2222222222222,D:\AprPanama2025_fixed\041325_experimental\041325PA_experimental_part05.mp4,1900-01-01 19:52:47.800,1069
89878,778,93,3.0,121.0,142.0,127.0,D:\AprPanama2025_fixed\041325_experimental\041325PA_experimental_part05.mp4,1900-01-01 19:52:47.800,1078
89877,769,48,4.0,148.0,172.0,183.66666666666663,D:\AprPanama2025_fixed\041325_experimental\041325PA_experimental_part05.mp4,1900-01-01 19:52:47.700,1069
89879,769,48,4.0,125.0,169.0,153.11111111111111,D:\AprPanama2025_fixed\041325_experimental\041325PA_experimental_part05.mp4,1900-01-01 19:52:47.900,1069
89879,778,93,3.5,115.0,170.0,218.875,D:\AprPanama2025_fixed\041325_experimental\041325PA_experimental_part05.mp4,1900-01-01 19:52:47.900,1078
89891,780,88,1.5,120.0,174.0,220.8,D:\AprPanama2025_fixed\041325_experimental\041325PA_experimental_part05.mp4,1900-01-01 19:52:49.100,1080
89892,780,88,2.5,112.0,179.0,208.42857142857144,D:\AprPanama2025_fixed\041325_experimental\041325PA_experimental_part05.mp4,1900-01-01 19:52:49.200,1080
90962,952,200,3.0,111.0,164.0,250.1111111111111,D:\AprPanama2025_fixed\041325_experimental\041325PA_experimental_part06.mp4,1900-01-01 19:54:36.200,1252
90961,952,201,5.0,122.0,179.0,242.41666666666663,D:\AprPanama2025_fixed\041325_experimental\041325PA_experimental_part06.mp4,1900-01-01 19:54:36.100,1252
90960,952,200,1.5,112.0,135.0,252.8,D:\AprPanama2025_fixed\041325_experimental\041325PA_experimental_part06.mp4,1900-01-01 19:54:36.000,1252
91846,960,186,3.0,122.0,173.0,254.66666666666663,D:\AprPanama2025_fixed\041325_experimental\041325PA_experimental_part06.mp4,1900-01-01 19:56:04.600,1260
91850,960,184,24.5,115.0,179.0,251.58823529411765,D:\AprPanama2025_fixed\041325_experimental\041325PA_experimental_part06.mp4,1900-01-01 19:56:05.000,1260
91851,961,183,26.0,114.0,179.0,248.94444444444443,D:\AprPanama2025_fixed\041325_experimental\041325PA_experimental_part06.mp4,1900-01-01 19:56:05.100,1261
91849,961,184,25.5,115.0,179.0,245.13888888888889,D:\AprPanama2025_fixed\041325_experimental\041325PA_experimental_part06.mp4,1900-01-01 19:56:04.900,1261
91848,961,185,18.0,133.0,179.0,251.29629629629628,D:\AprPanama2025_fixed\041325_experimental\041325PA_experimental_part06.mp4,1900-01-01 19:56:04.800,1261
91847,961,186,16.5,113.0,179.0,250.36,D:\AprPanama2025_fixed\041325_experimental\041325PA_experimental_part06.mp4,1900-01-01 19:56:04.700,1261
91857,959,179,5.0,115.0,173.0,249.8,D:\AprPanama2025_fixed\041325_experimental\041325PA_experimental_part06.mp4,1900-01-01 19:56:05.700,1259
91854,960,181,14.5,111.0,179.0,253.2173913043478,D:\AprPanama2025_fixed\041325_experimental\041325PA_experimental_part06.mp4,1900-01-01 19:56:05.400,1260
91853,960,182,18.5,119.0,179.0,250.59259259259255,D:\AprPanama2025_fixed\041325_experimental\041325PA_experimental_part06.mp4,1900-01-01 19:56:05.300,1260
91859,953,208,6.5,116.0,177.0,244.7142857142857,D:\AprPanama2025_fixed\041325_experimental\041325PA_experimental_part06.mp4,1900-01-01 19:56:05.900,1253
91852,961,183,21.0,116.0,179.0,243.9333333333333,D:\AprPanama2025_fixed\041325_experimental\041325PA_experimental_part06.mp4,1900-01-01 19:56:05.200,1261
91856,959,180,3.0,111.0,173.0,242.1111111111111,D:\AprPanama2025_fixed\041325_experimental\041325PA_experimental_part06.mp4,1900-01-01 19:56:05.600,1259
91855,960,181,12.5,112.0,179.0,249.35,D:\AprPanama2025_fixed\041325_experimental\041325PA_experimental_part06.mp4,1900-01-01 19:56:05.500,1260
91862,953,208,16.5,118.0,179.0,249.56,D:\AprPanama2025_fixed\041325_experimental\041325PA_experimental_part06.mp4,1900-01-01 19:56:06.200,1253
91865,952,208,10.0,131.0,179.0,248.8235294117647,D:\AprPanama2025_fixed\041325_experimental\041325PA_experimental_part06.mp4,1900-01-01 19:56:06.500,1252
91867,952,208,7.0,126.0,178.0,248.64285714285717,D:\AprPanama2025_fixed\041325_experimental\041325PA_experimental_part06.mp4,1900-01-01 19:56:06.700,1252
91861,953,208,14.5,119.0,179.0,250.8260869565217,D:\AprPanama2025_fixed\041325_experimental\041325PA_experimental_part06.mp4,1900-01-01 19:56:06.100,1253
91864,953,208,12.5,114.0,179.0,247.0,D:\AprPanama2025_fixed\041325_experimental\041325PA_experimental_part06.mp4,1900-01-01 19:56:06.400,1253
91866,952,208,10.0,127.0,178.0,240.23529411764704,D:\AprPanama2025_fixed\041325_experimental\041325PA_experimental_part06.mp4,1900-01-01 19:56:06.600,1252
91863,953,208,14.5,111.0,179.0,247.77272727272728,D:\AprPanama2025_fixed\041325_experimental\041325PA_experimental_part06.mp4,1900-01-01 19:56:06.300,1253
91860,953,209,14.5,121.0,176.0,243.3181818181818,D:\AprPanama2025_fixed\041325_experimental\041325PA_experimental_part06.mp4,1900-01-01 19:56:06.000,1253
91870,952,207,4.0,112.0,178.0,250.44444444444443,D:\AprPanama2025_fixed\041325_experimental\041325PA_experimental_part06.mp4,1900-01-01 19:56:07.000,1252
91868,952,207,8.0,111.0,179.0,239.53333333333333,D:\AprPanama2025_fixed\041325_experimental\041325PA_experimental_part06.mp4,1900-01-01 19:56:06.800,1252
91869,952,208,7.5,124.0,175.0,244.42857142857144,D:\AprPanama2025_fixed\041325_experimental\041325PA_experimental_part06.mp4,1900-01-01 19:56:06.900,1252
92714,1201,207,9.0,22.0,168.0,241.8125,D:\AprPanama2025_fixed\041325_experimental\041325PA_experimental_part06.mp4,1900-01-01 19:57:31.400,1501
92714,1201,206,2.0,22.0,157.0,235.4,D:\AprPanama2025_fixed\041325_experimental\041325PA_experimental_part06.mp4,1900-01-01 19:57:31.400,1501
93619,1004,231,21.0,113.0,179.0,247.06666666666663,D:\AprPanama2025_fixed\041325_experimental\041325PA_experimental_part06.mp4,1900-01-01 19:59:01.900,1304
93618,1004,231,20.0,112.0,179.0,248.9655172413793,D:\AprPanama2025_fixed\041325_experimental\041325PA_experimental_part06.mp4,1900-01-01 19:59:01.800,1304
93620,1004,230,24.0,114.0,179.0,243.2941176470588,D:\AprPanama2025_fixed\041325_experimental\041325PA_experimental_part06.mp4,1900-01-01 19:59:02.000,1304
93627,1004,228,6.0,118.0,171.0,233.3333333333333,D:\AprPanama2025_fixed\041325_experimental\041325PA_experimental_part06.mp4,1900-01-01 19:59:02.700,1304
93626,1004,229,10.0,111.0,166.0,238.52941176470588,D:\AprPanama2025_fixed\041325_experimental\041325PA_experimental_part06.mp4,1900-01-01 19:59:02.600,1304
93623,1004,230,19.5,115.0,179.0,248.1379310344828,D:\AprPanama2025_fixed\041325_experimental\041325PA_experimental_part06.mp4,1900-01-01 19:59:02.300,1304
93622,1004,230,22.5,122.0,179.0,248.4848484848485,D:\AprPanama2025_fixed\041325_experimental\041325PA_experimental_part06.mp4,1900-01-01 19:59:02.200,1304
93621,1004,230,21.5,115.0,179.0,247.6875,D:\AprPanama2025_fixed\041325_experimental\041325PA_experimental_part06.mp4,1900-01-01 19:59:02.100,1304
93625,1005,229,14.0,109.0,178.0,245.5217391304348,D:\AprPanama2025_fixed\041325_experimental\041325PA_experimental_part06.mp4,1900-01-01 19:59:02.500,1305
93625,1005,228,2.0,109.0,176.0,240.2,D:\AprPanama2025_fixed\041325_experimental\041325PA_experimental_part06.mp4,1900-01-01 19:59:02.500,1305
93624,1004,229,13.5,120.0,176.0,245.1818181818182,D:\AprPanama2025_fixed\041325_experimental\041325PA_experimental_part06.mp4,1900-01-01 19:59:02.400,1304
94329,1059,210,4.0,126.0,166.0,214.4,D:\AprPanama2025_fixed\041325_experimental\041325PA_experimental_part06.mp4,1900-01-01 20:00:12.900,1359
94328,1060,210,4.5,114.0,169.0,218.8181818181818,D:\AprPanama2025_fixed\041325_experimental\041325PA_experimental_part06.mp4,1900-01-01 20:00:12.800,1360
94327,1060,210,7.5,113.0,179.0,240.125,D:\AprPanama2025_fixed\041325_experimental\041325PA_experimental_part06.mp4,1900-01-01 20:00:12.700,1360
94325,1058,210,1.5,116.0,160.0,211.0,D:\AprPanama2025_fixed\041325_experimental\041325PA_experimental_part06.mp4,1900-01-01 20:00:12.500,1358
94326,1060,210,8.5,111.0,179.0,235.375,D:\AprPanama2025_fixed\041325_experimental\041325PA_experimental_part06.mp4,1900-01-01 20:00:12.600,1360
94324,1058,210,1.5,114.0,160.0,206.2,D:\AprPanama2025_fixed\041325_experimental\041325PA_experimental_part06.mp4,1900-01-01 20:00:12.400,1358
94349,1066,247,1.5,111.0,122.0,252.2,D:\AprPanama2025_fixed\041325_experimental\041325PA_experimental_part06.mp4,1900-01-01 20:00:14.900,1366
95469,1092,164,3.0,125.0,177.0,241.875,D:\AprPanama2025_fixed\041325_experimental\041325PA_experimental_part06.mp4,1900-01-01 20:02:06.900,1392
95468,1093,164,2.5,127.0,171.0,248.57142857142856,D:\AprPanama2025_fixed\041325_experimental\041325PA_experimental_part06.mp4,1900-01-01 20:02:06.800,1393
95470,1092,164,1.5,129.0,175.0,252.16666666666663,D:\AprPanama2025_fixed\041325_experimental\041325PA_experimental_part06.mp4,1900-01-01 20:02:07.000,1392
95802,193,149,4.0,112.0,165.0,89.55555555555556,D:\AprPanama2025_fixed\041325_experimental\041325PA_experimental_part06.mp4,1900-01-01 20:02:40.200,493
95803,193,150,3.0,111.0,168.0,117.625,D:\AprPanama2025_fixed\041325_experimental\041325PA_experimental_part06.mp4,1900-01-01 20:02:40.300,493
95805,193,150,1.5,122.0,144.0,107.4,D:\AprPanama2025_fixed\041325_experimental\041325PA_experimental_part06.mp4,1900-01-01 20:02:40.500,493
95804,193,150,1.5,116.0,147.0,115.8,D:\AprPanama2025_fixed\041325_experimental\041325PA_experimental_part06.mp4,1900-01-01 20:02:40.400,493
95815,154,102,4.0,123.0,176.0,245.0,D:\AprPanama2025_fixed\041325_experimental\041325PA_experimental_part06.mp4,1900-01-01 20:02:41.500,454
95816,154,102,4.5,115.0,171.0,233.2,D:\AprPanama2025_fixed\041325_experimental\041325PA_experimental_part06.mp4,1900-01-01 20:02:41.600,454
95817,155,101,2.0,137.0,173.0,216.66666666666663,D:\AprPanama2025_fixed\041325_experimental\041325PA_experimental_part06.mp4,1900-01-01 20:02:41.700,455
95814,154,102,3.0,113.0,198.0,215.875,D:\AprPanama2025_fixed\041325_experimental\041325PA_experimental_part06.mp4,1900-01-01 20:02:41.400,454
95820,156,102,3.0,129.0,172.0,181.8571428571429,D:\AprPanama2025_fixed\041325_experimental\041325PA_experimental_part06.mp4,1900-01-01 20:02:42.000,456
95821,156,102,3.0,129.0,172.0,181.8571428571429,D:\AprPanama2025_fixed\041325_experimental\041325PA_experimental_part06.mp4,1900-01-01 20:02:42.100,456
95826,157,103,5.0,126.0,172.0,153.60000000000002,D:\AprPanama2025_fixed\041325_experimental\041325PA_experimental_part06.mp4,1900-01-01 20:02:42.600,457
95825,157,103,2.0,123.0,149.0,164.33333333333331,D:\AprPanama2025_fixed\041325_experimental\041325PA_experimental_part06.mp4,1900-01-01 20:02:42.500,457
95827,157,103,1.5,114.0,142.0,177.8,D:\AprPanama2025_fixed\041325_experimental\041325PA_experimental_part06.mp4,1900-01-01 20:02:42.700,457
95835,159,105,2.0,111.0,150.0,74.5,D:\AprPanama2025_fixed\041325_experimental\041325PA_experimental_part06.mp4,1900-01-01 20:02:43.500,459
95832,158,105,1.5,119.0,175.0,255.0,D:\AprPanama2025_fixed\041325_experimental\041325PA_experimental_part06.mp4,1900-01-01 20:02:43.200,458
95830,158,104,2.0,127.0,173.0,211.8333333333333,D:\AprPanama2025_fixed\041325_experimental\041325PA_experimental_part06.mp4,1900-01-01 20:02:43.000,458
95831,158,104,2.0,127.0,173.0,211.8333333333333,D:\AprPanama2025_fixed\041325_experimental\041325PA_experimental_part06.mp4,1900-01-01 20:02:43.100,458
96050,728,348,10.0,120.0,179.0,237.375,D:\AprPanama2025_fixed\041325_experimental\041325PA_experimental_part06.mp4,1900-01-01 20:03:05.000,1028
96051,729,348,10.0,111.0,179.0,241.05882352941177,D:\AprPanama2025_fixed\041325_experimental\041325PA_experimental_part06.mp4,1900-01-01 20:03:05.100,1029
96059,731,345,13.0,115.0,179.0,249.7619047619048,D:\AprPanama2025_fixed\041325_experimental\041325PA_experimental_part06.mp4,1900-01-01 20:03:05.900,1031
96058,731,346,12.0,136.0,179.0,247.5,D:\AprPanama2025_fixed\041325_experimental\041325PA_experimental_part06.mp4,1900-01-01 20:03:05.800,1031
96054,730,347,14.5,115.0,179.0,250.6086956521739,D:\AprPanama2025_fixed\041325_experimental\041325PA_experimental_part06.mp4,1900-01-01 20:03:05.400,1030
96052,730,347,16.0,116.0,179.0,242.41666666666663,D:\AprPanama2025_fixed\041325_experimental\041325PA_experimental_part06.mp4,1900-01-01 20:03:05.200,1030
96056,730,346,16.0,121.0,179.0,249.28,D:\AprPanama2025_fixed\041325_experimental\041325PA_experimental_part06.mp4,1900-01-01 20:03:05.600,1030
96055,730,347,16.0,114.0,179.0,248.08,D:\AprPanama2025_fixed\041325_experimental\041325PA_experimental_part06.mp4,1900-01-01 20:03:05.500,1030
96053,730,347,17.0,112.0,179.0,247.76,D:\AprPanama2025_fixed\041325_experimental\041325PA_experimental_part06.mp4,1900-01-01 20:03:05.300,1030
96057,730,346,16.0,121.0,179.0,249.28,D:\AprPanama2025_fixed\041325_experimental\041325PA_experimental_part06.mp4,1900-01-01 20:03:05.700,1030
96064,732,344,11.0,112.0,179.0,251.57894736842104,D:\AprPanama2025_fixed\041325_experimental\041325PA_experimental_part06.mp4,1900-01-01 20:03:06.400,1032
96065,487,50,1.5,119.0,152.0,169.28571428571428,D:\AprPanama2025_fixed\041325_experimental\041325PA_experimental_part06.mp4,1900-01-01 20:03:06.500,787
96065,732,344,11.5,113.0,179.0,246.4736842105263,D:\AprPanama2025_fixed\041325_experimental\041325PA_experimental_part06.mp4,1900-01-01 20:03:06.500,1032
96062,732,344,12.0,122.0,178.0,247.42105263157893,D:\AprPanama2025_fixed\041325_experimental\041325PA_experimental_part06.mp4,1900-01-01 20:03:06.200,1032
96067,488,49,10.0,122.0,179.0,238.94444444444443,D:\AprPanama2025_fixed\041325_experimental\041325PA_experimental_part06.mp4,1900-01-01 20:03:06.700,788
96067,733,343,7.0,111.0,176.0,242.3846153846154,D:\AprPanama2025_fixed\041325_experimental\041325PA_experimental_part06.mp4,1900-01-01 20:03:06.700,1033
96063,732,344,12.0,116.0,177.0,246.2,D:\AprPanama2025_fixed\041325_experimental\041325PA_experimental_part06.mp4,1900-01-01 20:03:06.300,1032
96060,731,345,13.5,112.0,179.0,249.85714285714283,D:\AprPanama2025_fixed\041325_experimental\041325PA_experimental_part06.mp4,1900-01-01 20:03:06.000,1031
96061,731,345,11.0,112.0,179.0,249.05555555555557,D:\AprPanama2025_fixed\041325_experimental\041325PA_experimental_part06.mp4,1900-01-01 20:03:06.100,1031
96066,488,50,6.5,118.0,174.0,226.61538461538464,D:\AprPanama2025_fixed\041325_experimental\041325PA_experimental_part06.mp4,1900-01-01 20:03:06.600,788
96066,732,344,10.0,114.0,179.0,241.35294117647055,D:\AprPanama2025_fixed\041325_experimental\041325PA_experimental_part06.mp4,1900-01-01 20:03:06.600,1032
96074,489,48,3.5,138.0,179.0,250.375,D:\AprPanama2025_fixed\041325_experimental\041325PA_experimental_part06.mp4,1900-01-01 20:03:07.400,789
96074,734,342,2.0,121.0,153.0,244.42857142857144,D:\AprPanama2025_fixed\041325_experimental\041325PA_experimental_part06.mp4,1900-01-01 20:03:07.400,1034
96071,489,49,4.5,112.0,179.0,244.4,D:\AprPanama2025_fixed\041325_experimental\041325PA_experimental_part06.mp4,1900-01-01 20:03:07.100,789
96071,733,343,7.0,111.0,183.0,238.6923076923077,D:\AprPanama2025_fixed\041325_experimental\041325PA_experimental_part06.mp4,1900-01-01 20:03:07.100,1033
96068,489,49,6.0,118.0,175.0,240.16666666666663,D:\AprPanama2025_fixed\041325_experimental\041325PA_experimental_part06.mp4,1900-01-01 20:03:06.800,789
96068,733,343,8.0,111.0,179.0,237.92857142857144,D:\AprPanama2025_fixed\041325_experimental\041325PA_experimental_part06.mp4,1900-01-01 20:03:06.800,1033
96070,489,49,6.0,125.0,179.0,232.8333333333333,D:\AprPanama2025_fixed\041325_experimental\041325PA_experimental_part06.mp4,1900-01-01 20:03:07.000,789
96070,732,343,6.5,121.0,171.0,246.91666666666663,D:\AprPanama2025_fixed\041325_experimental\041325PA_experimental_part06.mp4,1900-01-01 20:03:07.000,1032
96069,489,49,6.0,118.0,175.0,240.16666666666663,D:\AprPanama2025_fixed\041325_experimental\041325PA_experimental_part06.mp4,1900-01-01 20:03:06.900,789
96069,733,343,8.0,111.0,179.0,237.92857142857144,D:\AprPanama2025_fixed\041325_experimental\041325PA_experimental_part06.mp4,1900-01-01 20:03:06.900,1033
96072,489,49,5.0,117.0,179.0,244.72727272727275,D:\AprPanama2025_fixed\041325_experimental\041325PA_experimental_part06.mp4,1900-01-01 20:03:07.200,789
96072,734,342,2.5,112.0,151.0,250.25,D:\AprPanama2025_fixed\041325_experimental\041325PA_experimental_part06.mp4,1900-01-01 20:03:07.200,1034
96073,490,48,2.0,129.0,174.0,248.0,D:\AprPanama2025_fixed\041325_experimental\041325PA_experimental_part06.mp4,1900-01-01 20:03:07.300,790
96073,734,342,2.5,112.0,151.0,250.25,D:\AprPanama2025_fixed\041325_experimental\041325PA_experimental_part06.mp4,1900-01-01 20:03:07.300,1034
96075,489,48,3.5,126.0,179.0,249.125,D:\AprPanama2025_fixed\041325_experimental\041325PA_experimental_part06.mp4,1900-01-01 20:03:07.500,789
96075,544,62,3.0,114.0,170.0,101.42857142857142,D:\AprPanama2025_fixed\041325_experimental\041325PA_experimental_part06.mp4,1900-01-01 20:03:07.500,844
96075,733,343,3.5,130.0,176.0,178.875,D:\AprPanama2025_fixed\041325_experimental\041325PA_experimental_part06.mp4,1900-01-01 20:03:07.500,1033
96079,491,48,2.0,121.0,166.0,176.16666666666666,D:\AprPanama2025_fixed\041325_experimental\041325PA_experimental_part06.mp4,1900-01-01 20:03:07.900,791
96079,734,341,2.0,130.0,168.0,248.8333333333333,D:\AprPanama2025_fixed\041325_experimental\041325PA_experimental_part06.mp4,1900-01-01 20:03:07.900,1034
96078,491,48,2.0,121.0,166.0,176.16666666666666,D:\AprPanama2025_fixed\041325_experimental\041325PA_experimental_part06.mp4,1900-01-01 20:03:07.800,791
96078,734,341,2.0,123.0,165.0,245.16666666666663,D:\AprPanama2025_fixed\041325_experimental\041325PA_experimental_part06.mp4,1900-01-01 20:03:07.800,1034
96077,490,48,3.5,114.0,176.0,227.1111111111111,D:\AprPanama2025_fixed\041325_experimental\041325PA_experimental_part06.mp4,1900-01-01 20:03:07.700,790
96077,734,341,2.0,118.0,164.0,247.66666666666663,D:\AprPanama2025_fixed\041325_experimental\041325PA_experimental_part06.mp4,1900-01-01 20:03:07.700,1034
96076,490,48,3.5,115.0,173.0,194.44444444444443,D:\AprPanama2025_fixed\041325_experimental\041325PA_experimental_part06.mp4,1900-01-01 20:03:07.600,790
96076,734,342,1.5,114.0,162.0,233.4,D:\AprPanama2025_fixed\041325_experimental\041325PA_experimental_part06.mp4,1900-01-01 20:03:07.600,1034
96087,488,8,1.5,111.0,139.0,31.0,D:\AprPanama2025_fixed\041325_experimental\041325PA_experimental_part06.mp4,1900-01-01 20:03:08.700,788
96087,787,132,2.5,113.0,161.0,232.57142857142856,D:\AprPanama2025_fixed\041325_experimental\041325PA_experimental_part06.mp4,1900-01-01 20:03:08.700,1087
96090,788,131,1.5,112.0,147.0,239.8,D:\AprPanama2025_fixed\041325_experimental\041325PA_experimental_part06.mp4,1900-01-01 20:03:09.000,1088
97329,52,123,1.5,117.0,166.0,192.8,D:\AprPanama2025_fixed\041325_experimental\041325PA_experimental_part06.mp4,1900-01-01 20:05:12.900,352
97331,204,119,3.5,124.0,143.0,92.0,D:\AprPanama2025_fixed\041325_experimental\041325PA_experimental_part06.mp4,1900-01-01 20:05:13.100,504
97331,52,123,1.5,117.0,166.0,192.8,D:\AprPanama2025_fixed\041325_experimental\041325PA_experimental_part06.mp4,1900-01-01 20:05:13.100,352
97330,203,119,2.5,129.0,160.0,158.28571428571428,D:\AprPanama2025_fixed\041325_experimental\041325PA_experimental_part06.mp4,1900-01-01 20:05:13.000,503
97330,52,123,1.5,117.0,166.0,192.8,D:\AprPanama2025_fixed\041325_experimental\041325PA_experimental_part06.mp4,1900-01-01 20:05:13.000,352
97351,170,38,2.0,142.0,172.0,190.57142857142856,D:\AprPanama2025_fixed\041325_experimental\041325PA_experimental_part06.mp4,1900-01-01 20:05:15.100,470
97353,153,166,1.5,119.0,175.0,235.8,D:\AprPanama2025_fixed\041325_experimental\041325PA_experimental_part06.mp4,1900-01-01 20:05:15.300,453
97354,153,166,5.0,115.0,172.0,231.7692307692308,D:\AprPanama2025_fixed\041325_experimental\041325PA_experimental_part06.mp4,1900-01-01 20:05:15.400,453
97355,153,166,4.5,111.0,178.0,233.16666666666663,D:\AprPanama2025_fixed\041325_experimental\041325PA_experimental_part06.mp4,1900-01-01 20:05:15.500,453
97352,169,39,3.5,117.0,175.0,220.125,D:\AprPanama2025_fixed\041325_experimental\041325PA_experimental_part06.mp4,1900-01-01 20:05:15.200,469
97350,170,38,3.0,114.0,163.0,104.85714285714285,D:\AprPanama2025_fixed\041325_experimental\041325PA_experimental_part06.mp4,1900-01-01 20:05:15.000,470
97357,155,167,5.0,115.0,179.0,193.3,D:\AprPanama2025_fixed\041325_experimental\041325PA_experimental_part06.mp4,1900-01-01 20:05:15.700,455
97358,155,168,2.0,117.0,149.0,179.33333333333331,D:\AprPanama2025_fixed\041325_experimental\041325PA_experimental_part06.mp4,1900-01-01 20:05:15.800,455
97359,153,164,2.0,111.0,166.0,223.0,D:\AprPanama2025_fixed\041325_experimental\041325PA_experimental_part06.mp4,1900-01-01 20:05:15.900,453
97356,155,167,3.0,112.0,178.0,195.5,D:\AprPanama2025_fixed\041325_experimental\041325PA_experimental_part06.mp4,1900-01-01 20:05:15.600,455
97364,156,166,1.5,115.0,153.0,147.8,D:\AprPanama2025_fixed\041325_experimental\041325PA_experimental_part06.mp4,1900-01-01 20:05:16.400,456
97368,160,99,3.0,112.0,154.0,120.625,D:\AprPanama2025_fixed\041325_experimental\041325PA_experimental_part06.mp4,1900-01-01 20:05:16.800,460
98809,85,174,7.0,112.0,179.0,247.6923076923077,D:\AprPanama2025_fixed\041325_experimental\041325PA_experimental_part06.mp4,1900-01-01 20:07:40.900,385
98808,85,174,9.0,114.0,178.0,234.25,D:\AprPanama2025_fixed\041325_experimental\041325PA_experimental_part06.mp4,1900-01-01 20:07:40.800,385
98806,84,174,1.5,134.0,165.0,242.4,D:\AprPanama2025_fixed\041325_experimental\041325PA_experimental_part06.mp4,1900-01-01 20:07:40.600,384
98807,84,175,4.0,114.0,175.0,204.2222222222222,D:\AprPanama2025_fixed\041325_experimental\041325PA_experimental_part06.mp4,1900-01-01 20:07:40.700,384
98811,85,174,7.5,112.0,179.0,250.85714285714283,D:\AprPanama2025_fixed\041325_experimental\041325PA_experimental_part06.mp4,1900-01-01 20:07:41.100,385
98810,85,174,7.0,112.0,179.0,251.92307692307693,D:\AprPanama2025_fixed\041325_experimental\041325PA_experimental_part06.mp4,1900-01-01 20:07:41.000,385
98815,85,172,6.0,116.0,178.0,248.5,D:\AprPanama2025_fixed\041325_experimental\041325PA_experimental_part06.mp4,1900-01-01 20:07:41.500,385
98816,85,172,4.5,122.0,179.0,249.2222222222222,D:\AprPanama2025_fixed\041325_experimental\041325PA_experimental_part06.mp4,1900-01-01 20:07:41.600,385
98814,85,172,6.0,115.0,202.0,240.3333333333333,D:\AprPanama2025_fixed\041325_experimental\041325PA_experimental_part06.mp4,1900-01-01 20:07:41.400,385
98813,85,173,9.5,135.0,178.0,243.5625,D:\AprPanama2025_fixed\041325_experimental\041325PA_experimental_part06.mp4,1900-01-01 20:07:41.300,385
98817,85,171,6.0,112.0,177.0,253.25,D:\AprPanama2025_fixed\041325_experimental\041325PA_experimental_part06.mp4,1900-01-01 20:07:41.700,385
98818,85,171,6.0,112.0,177.0,253.25,D:\AprPanama2025_fixed\041325_experimental\041325PA_experimental_part06.mp4,1900-01-01 20:07:41.800,385
98819,85,171,8.0,115.0,179.0,230.64285714285717,D:\AprPanama2025_fixed\041325_experimental\041325PA_experimental_part06.mp4,1900-01-01 20:07:41.900,385
98812,85,173,8.0,136.0,178.0,249.57142857142856,D:\AprPanama2025_fixed\041325_experimental\041325PA_experimental_part06.mp4,1900-01-01 20:07:41.200,385
98827,84,168,2.5,141.0,177.0,237.5,D:\AprPanama2025_fixed\041325_experimental\041325PA_experimental_part06.mp4,1900-01-01 20:07:42.700,384
98822,85,170,2.0,118.0,148.0,228.0,D:\AprPanama2025_fixed\041325_experimental\041325PA_experimental_part06.mp4,1900-01-01 20:07:42.200,385
98823,85,170,2.0,118.0,148.0,228.0,D:\AprPanama2025_fixed\041325_experimental\041325PA_experimental_part06.mp4,1900-01-01 20:07:42.300,385
98821,84,170,3.0,138.0,177.0,244.875,D:\AprPanama2025_fixed\041325_experimental\041325PA_experimental_part06.mp4,1900-01-01 20:07:42.100,384
98826,84,169,3.5,117.0,177.0,198.5,D:\AprPanama2025_fixed\041325_experimental\041325PA_experimental_part06.mp4,1900-01-01 20:07:42.600,384
98820,84,171,4.5,121.0,179.0,247.77777777777777,D:\AprPanama2025_fixed\041325_experimental\041325PA_experimental_part06.mp4,1900-01-01 20:07:42.000,384
98834,383,96,2.0,136.0,144.0,8.0,D:\AprPanama2025_fixed\041325_experimental\041325PA_experimental_part06.mp4,1900-01-01 20:07:43.400,683
98834,84,166,2.0,112.0,172.0,244.8333333333333,D:\AprPanama2025_fixed\041325_experimental\041325PA_experimental_part06.mp4,1900-01-01 20:07:43.400,384
98833,383,96,2.0,136.0,144.0,8.0,D:\AprPanama2025_fixed\041325_experimental\041325PA_experimental_part06.mp4,1900-01-01 20:07:43.300,683
98835,383,96,2.0,136.0,144.0,8.0,D:\AprPanama2025_fixed\041325_experimental\041325PA_experimental_part06.mp4,1900-01-01 20:07:43.500,683
98835,84,166,2.0,121.0,162.0,133.16666666666666,D:\AprPanama2025_fixed\041325_experimental\041325PA_experimental_part06.mp4,1900-01-01 20:07:43.500,384
98831,383,96,2.0,136.0,144.0,8.0,D:\AprPanama2025_fixed\041325_experimental\041325PA_experimental_part06.mp4,1900-01-01 20:07:43.100,683
98832,383,96,2.0,136.0,144.0,8.0,D:\AprPanama2025_fixed\041325_experimental\041325PA_experimental_part06.mp4,1900-01-01 20:07:43.200,683
98832,84,167,1.5,124.0,178.0,239.4,D:\AprPanama2025_fixed\041325_experimental\041325PA_experimental_part06.mp4,1900-01-01 20:07:43.200,384
98828,84,168,1.5,149.0,177.0,186.0,D:\AprPanama2025_fixed\041325_experimental\041325PA_experimental_part06.mp4,1900-01-01 20:07:42.800,384
98836,383,96,2.0,117.0,148.0,12.166666666666666,D:\AprPanama2025_fixed\041325_experimental\041325PA_experimental_part06.mp4,1900-01-01 20:07:43.600,683
98844,238,153,1.5,122.0,158.0,196.4,D:\AprPanama2025_fixed\041325_experimental\041325PA_experimental_part06.mp4,1900-01-01 20:07:44.400,538
98875,383,169,1.5,122.0,138.0,183.2,D:\AprPanama2025_fixed\041325_experimental\041325PA_experimental_part06.mp4,1900-01-01 20:07:47.500,683
98877,383,169,1.5,114.0,142.0,217.0,D:\AprPanama2025_fixed\041325_experimental\041325PA_experimental_part06.mp4,1900-01-01 20:07:47.700,683
98881,383,170,1.5,129.0,146.0,80.0,D:\AprPanama2025_fixed\041325_experimental\041325PA_experimental_part06.mp4,1900-01-01 20:07:48.100,683
98882,383,170,1.5,120.0,137.0,103.8,D:\AprPanama2025_fixed\041325_experimental\041325PA_experimental_part06.mp4,1900-01-01 20:07:48.200,683
98880,382,170,2.5,112.0,173.0,124.375,D:\AprPanama2025_fixed\041325_experimental\041325PA_experimental_part06.mp4,1900-01-01 20:07:48.000,682
98876,383,169,1.5,114.0,142.0,217.0,D:\AprPanama2025_fixed\041325_experimental\041325PA_experimental_part06.mp4,1900-01-01 20:07:47.600,683
100458,1165,60,3.0,130.0,178.0,216.875,D:\AprPanama2025_fixed\041325_experimental\041325PA_experimental_part06.mp4,1900-01-01 20:10:25.800,1465
100457,1165,60,2.0,112.0,164.0,234.66666666666663,D:\AprPanama2025_fixed\041325_experimental\041325PA_experimental_part06.mp4,1900-01-01 20:10:25.700,1465
102199,1037,180,3.5,113.0,174.0,249.1,D:\AprPanama2025_fixed\041325_experimental\041325PA_experimental_part06.mp4,1900-01-01 20:13:19.900,1337
105512,321,49,4.0,122.0,212.0,242.44444444444443,D:\AprPanama2025_fixed\041325_experimental\041325PA_experimental_part06.mp4,1900-01-01 20:18:51.200,621
105514,322,49,5.0,115.0,251.0,228.3,D:\AprPanama2025_fixed\041325_experimental\041325PA_experimental_part06.mp4,1900-01-01 20:18:51.400,622
105511,322,49,1.5,132.0,168.0,235.3333333333333,D:\AprPanama2025_fixed\041325_experimental\041325PA_experimental_part06.mp4,1900-01-01 20:18:51.100,622
105515,321,48,7.5,113.0,241.0,233.92857142857144,D:\AprPanama2025_fixed\041325_experimental\041325PA_experimental_part06.mp4,1900-01-01 20:18:51.500,621
105513,322,49,5.5,122.0,212.0,243.1818181818182,D:\AprPanama2025_fixed\041325_experimental\041325PA_experimental_part06.mp4,1900-01-01 20:18:51.300,622
105521,321,48,3.5,126.0,176.0,250.66666666666663,D:\AprPanama2025_fixed\041325_experimental\041325PA_experimental_part06.mp4,1900-01-01 20:18:52.100,621
105523,321,48,3.0,140.0,176.0,252.875,D:\AprPanama2025_fixed\041325_experimental\041325PA_experimental_part06.mp4,1900-01-01 20:18:52.300,621
105520,321,48,3.5,126.0,178.0,250.66666666666663,D:\AprPanama2025_fixed\041325_experimental\041325PA_experimental_part06.mp4,1900-01-01 20:18:52.000,621
105517,322,48,5.5,111.0,171.0,248.8181818181818,D:\AprPanama2025_fixed\041325_experimental\041325PA_experimental_part06.mp4,1900-01-01 20:18:51.700,622
105522,321,48,3.0,140.0,176.0,252.875,D:\AprPanama2025_fixed\041325_experimental\041325PA_experimental_part06.mp4,1900-01-01 20:18:52.200,621
105518,321,48,4.5,117.0,179.0,247.3636363636364,D:\AprPanama2025_fixed\041325_experimental\041325PA_experimental_part06.mp4,1900-01-01 20:18:51.800,621
105519,321,48,4.0,126.0,179.0,247.8,D:\AprPanama2025_fixed\041325_experimental\041325PA_experimental_part06.mp4,1900-01-01 20:18:51.900,621
105516,322,48,7.0,115.0,234.0,233.84615384615387,D:\AprPanama2025_fixed\041325_experimental\041325PA_experimental_part06.mp4,1900-01-01 20:18:51.600,622
105526,321,48,3.0,124.0,171.0,196.375,D:\AprPanama2025_fixed\041325_experimental\041325PA_experimental_part06.mp4,1900-01-01 20:18:52.600,621
105525,321,48,2.5,119.0,174.0,235.0,D:\AprPanama2025_fixed\041325_experimental\041325PA_experimental_part06.mp4,1900-01-01 20:18:52.500,621
105529,321,48,2.5,112.0,166.0,143.7142857142857,D:\AprPanama2025_fixed\041325_experimental\041325PA_experimental_part06.mp4,1900-01-01 20:18:52.900,621
105530,321,48,2.5,112.0,166.0,143.7142857142857,D:\AprPanama2025_fixed\041325_experimental\041325PA_experimental_part06.mp4,1900-01-01 20:18:53.000,621
105524,321,48,2.5,119.0,174.0,235.0,D:\AprPanama2025_fixed\041325_experimental\041325PA_experimental_part06.mp4,1900-01-01 20:18:52.400,621
105528,321,48,2.5,112.0,166.0,143.7142857142857,D:\AprPanama2025_fixed\041325_experimental\041325PA_experimental_part06.mp4,1900-01-01 20:18:52.800,621
105534,150,130,1.5,124.0,147.0,79.2,D:\AprPanama2025_fixed\041325_experimental\041325PA_experimental_part06.mp4,1900-01-01 20:18:53.400,450
105550,163,52,2.0,121.0,145.0,10.0,D:\AprPanama2025_fixed\041325_experimental\041325PA_experimental_part06.mp4,1900-01-01 20:18:55.000,463
105549,162,52,3.5,121.0,149.0,28.375,D:\AprPanama2025_fixed\041325_experimental\041325PA_experimental_part06.mp4,1900-01-01 20:18:54.900,462
105548,162,52,3.5,121.0,149.0,28.375,D:\AprPanama2025_fixed\041325_experimental\041325PA_experimental_part06.mp4,1900-01-01 20:18:54.800,462
105551,163,52,2.0,121.0,145.0,10.0,D:\AprPanama2025_fixed\041325_experimental\041325PA_experimental_part06.mp4,1900-01-01 20:18:55.100,463
107983,1076,144,3.0,112.0,169.0,250.66666666666663,D:\AprPanama2025_fixed\041325_experimental\041325PA_experimental_part06.mp4,1900-01-01 20:22:58.300,1376
107984,1076,143,1.5,112.0,152.0,240.8,D:\AprPanama2025_fixed\041325_experimental\041325PA_experimental_part06.mp4,1900-01-01 20:22:58.400,1376
107981,1076,144,2.0,111.0,166.0,252.5,D:\AprPanama2025_fixed\041325_experimental\041325PA_experimental_part06.mp4,1900-01-01 20:22:58.100,1376
107980,1076,144,4.0,114.0,181.0,228.0,D:\AprPanama2025_fixed\041325_experimental\041325PA_experimental_part06.mp4,1900-01-01 20:22:58.000,1376
107992,1095,197,16.5,113.0,179.0,252.5,D:\AprPanama2025_fixed\041325_experimental\041325PA_experimental_part06.mp4,1900-01-01 20:22:59.200,1395
107993,1095,197,16.5,115.0,179.0,252.8333333333333,D:\AprPanama2025_fixed\041325_experimental\041325PA_experimental_part06.mp4,1900-01-01 20:22:59.300,1395
107994,1095,197,14.5,113.0,179.0,246.3181818181818,D:\AprPanama2025_fixed\041325_experimental\041325PA_experimental_part06.mp4,1900-01-01 20:22:59.400,1395
107997,1096,197,4.5,118.0,152.0,238.63636363636363,D:\AprPanama2025_fixed\041325_experimental\041325PA_experimental_part07.mp4,1900-01-01 20:22:59.700,1396
107996,1096,197,8.0,115.0,159.0,251.26666666666665,D:\AprPanama2025_fixed\041325_experimental\041325PA_experimental_part07.mp4,1900-01-01 20:22:59.600,1396
108002,1172,58,7.0,118.0,179.0,252.15384615384616,D:\AprPanama2025_fixed\041325_experimental\041325PA_experimental_part07.mp4,1900-01-01 20:23:00.200,1472
107995,1096,197,12.5,111.0,173.0,247.85,D:\AprPanama2025_fixed\041325_experimental\041325PA_experimental_part07.mp4,1900-01-01 20:22:59.500,1396
107999,1171,57,7.0,143.0,178.0,223.0,D:\AprPanama2025_fixed\041325_experimental\041325PA_experimental_part07.mp4,1900-01-01 20:22:59.900,1471
108000,1172,57,9.0,121.0,178.0,223.5625,D:\AprPanama2025_fixed\041325_experimental\041325PA_experimental_part07.mp4,1900-01-01 20:23:00.000,1472
108001,1172,58,7.0,120.0,179.0,246.53846153846155,D:\AprPanama2025_fixed\041325_experimental\041325PA_experimental_part07.mp4,1900-01-01 20:23:00.100,1472
108004,1172,58,7.5,118.0,178.0,250.0,D:\AprPanama2025_fixed\041325_experimental\041325PA_experimental_part07.mp4,1900-01-01 20:23:00.400,1472
108007,1171,58,2.5,116.0,167.0,248.125,D:\AprPanama2025_fixed\041325_experimental\041325PA_experimental_part07.mp4,1900-01-01 20:23:00.700,1471
108009,1171,58,2.5,114.0,151.0,242.7142857142857,D:\AprPanama2025_fixed\041325_experimental\041325PA_experimental_part07.mp4,1900-01-01 20:23:00.900,1471
108005,1171,58,4.5,123.0,179.0,247.1818181818182,D:\AprPanama2025_fixed\041325_experimental\041325PA_experimental_part07.mp4,1900-01-01 20:23:00.500,1471
108008,1171,58,3.0,114.0,159.0,243.375,D:\AprPanama2025_fixed\041325_experimental\041325PA_experimental_part07.mp4,1900-01-01 20:23:00.800,1471
108006,1171,58,4.5,123.0,179.0,247.1818181818182,D:\AprPanama2025_fixed\041325_experimental\041325PA_experimental_part07.mp4,1900-01-01 20:23:00.600,1471
108003,1172,58,5.5,127.0,179.0,249.1818181818182,D:\AprPanama2025_fixed\041325_experimental\041325PA_experimental_part07.mp4,1900-01-01 20:23:00.300,1472
118377,315,15,2.5,113.0,155.0,52.5,D:\AprPanama2025_fixed\041325_experimental\041325PA_experimental_part07.mp4,1900-01-01 20:40:17.700,615
118376,315,15,3.0,114.0,155.0,62.85714285714285,D:\AprPanama2025_fixed\041325_experimental\041325PA_experimental_part07.mp4,1900-01-01 20:40:17.600,615
126775,301,42,2.5,125.0,149.0,22.428571428571427,D:\AprPanama2025_fixed\041325_experimental\041325PA_experimental_part08.mp4,1900-01-01 20:54:17.500,601
126776,301,42,4.5,113.0,146.0,88.77777777777777,D:\AprPanama2025_fixed\041325_experimental\041325PA_experimental_part08.mp4,1900-01-01 20:54:17.600,601
126777,301,42,4.5,122.0,164.0,134.88888888888889,D:\AprPanama2025_fixed\041325_experimental\041325PA_experimental_part08.mp4,1900-01-01 20:54:17.700,601
126782,301,41,1.5,115.0,144.0,162.0,D:\AprPanama2025_fixed\041325_experimental\041325PA_experimental_part08.mp4,1900-01-01 20:54:18.200,601
126778,301,42,4.5,122.0,167.0,131.0,D:\AprPanama2025_fixed\041325_experimental\041325PA_experimental_part08.mp4,1900-01-01 20:54:17.800,601
126781,300,41,2.5,115.0,167.0,183.42857142857144,D:\AprPanama2025_fixed\041325_experimental\041325PA_experimental_part08.mp4,1900-01-01 20:54:18.100,600
126779,301,42,4.5,122.0,169.0,125.77777777777776,D:\AprPanama2025_fixed\041325_experimental\041325PA_experimental_part08.mp4,1900-01-01 20:54:17.900,601
126780,301,42,4.5,122.0,169.0,125.77777777777776,D:\AprPanama2025_fixed\041325_experimental\041325PA_experimental_part08.mp4,1900-01-01 20:54:18.000,601
126798,300,41,2.5,114.0,181.0,199.3333333333333,D:\AprPanama2025_fixed\041325_experimental\041325PA_experimental_part08.mp4,1900-01-01 20:54:19.800,600
136928,756,386,12.5,127.0,179.0,247.4,D:\AprPanama2025_fixed\041325_experimental\041325PA_experimental_part08.mp4,1900-01-01 21:11:12.800,1056
136926,753,386,1.5,118.0,176.0,203.6,D:\AprPanama2025_fixed\041325_experimental\041325PA_experimental_part08.mp4,1900-01-01 21:11:12.600,1053
136929,756,386,16.0,116.0,179.0,247.3333333333333,D:\AprPanama2025_fixed\041325_experimental\041325PA_experimental_part08.mp4,1900-01-01 21:11:12.900,1056
136935,759,386,15.0,111.0,179.0,242.78260869565216,D:\AprPanama2025_fixed\041325_experimental\041325PA_experimental_part08.mp4,1900-01-01 21:11:13.500,1059
136937,760,386,14.5,115.0,179.0,247.04545454545456,D:\AprPanama2025_fixed\041325_experimental\041325PA_experimental_part08.mp4,1900-01-01 21:11:13.700,1060
136930,757,386,16.0,114.0,179.0,252.5833333333333,D:\AprPanama2025_fixed\041325_experimental\041325PA_experimental_part08.mp4,1900-01-01 21:11:13.000,1057
136933,758,386,20.5,113.0,179.0,244.9310344827586,D:\AprPanama2025_fixed\041325_experimental\041325PA_experimental_part08.mp4,1900-01-01 21:11:13.300,1058
136936,760,386,16.5,120.0,177.0,239.125,D:\AprPanama2025_fixed\041325_experimental\041325PA_experimental_part08.mp4,1900-01-01 21:11:13.600,1060
136932,758,386,19.0,115.0,179.0,246.03571428571428,D:\AprPanama2025_fixed\041325_experimental\041325PA_experimental_part08.mp4,1900-01-01 21:11:13.200,1058
136934,758,386,14.5,112.0,178.0,240.8181818181818,D:\AprPanama2025_fixed\041325_experimental\041325PA_experimental_part08.mp4,1900-01-01 21:11:13.400,1058
136931,757,387,15.0,127.0,179.0,248.91304347826087,D:\AprPanama2025_fixed\041325_experimental\041325PA_experimental_part08.mp4,1900-01-01 21:11:13.100,1057
136945,763,386,7.5,111.0,168.0,247.28571428571428,D:\AprPanama2025_fixed\041325_experimental\041325PA_experimental_part08.mp4,1900-01-01 21:11:14.500,1063
136943,762,386,9.5,111.0,179.0,246.375,D:\AprPanama2025_fixed\041325_experimental\041325PA_experimental_part08.mp4,1900-01-01 21:11:14.300,1062
136944,763,385,3.0,114.0,148.0,255.0,D:\AprPanama2025_fixed\041325_experimental\041325PA_experimental_part08.mp4,1900-01-01 21:11:14.400,1063
136939,760,386,11.5,118.0,179.0,245.21052631578945,D:\AprPanama2025_fixed\041325_experimental\041325PA_experimental_part08.mp4,1900-01-01 21:11:13.900,1060
136940,761,385,11.0,115.0,179.0,240.94444444444443,D:\AprPanama2025_fixed\041325_experimental\041325PA_experimental_part08.mp4,1900-01-01 21:11:14.000,1061
136942,762,385,6.5,125.0,174.0,242.61538461538464,D:\AprPanama2025_fixed\041325_experimental\041325PA_experimental_part08.mp4,1900-01-01 21:11:14.200,1062
136941,761,386,13.5,112.0,179.0,239.19047619047615,D:\AprPanama2025_fixed\041325_experimental\041325PA_experimental_part08.mp4,1900-01-01 21:11:14.100,1061
136938,760,386,11.5,118.0,179.0,245.21052631578945,D:\AprPanama2025_fixed\041325_experimental\041325PA_experimental_part08.mp4,1900-01-01 21:11:13.800,1060
136948,764,385,3.5,120.0,174.0,247.25,D:\AprPanama2025_fixed\041325_experimental\041325PA_experimental_part08.mp4,1900-01-01 21:11:14.800,1064
136950,764,384,2.0,138.0,177.0,254.8333333333333,D:\AprPanama2025_fixed\041325_experimental\041325PA_experimental_part08.mp4,1900-01-01 21:11:15.000,1064
136947,764,386,2.0,128.0,165.0,245.57142857142856,D:\AprPanama2025_fixed\041325_experimental\041325PA_experimental_part08.mp4,1900-01-01 21:11:14.700,1064
136951,764,385,3.5,115.0,179.0,254.75,D:\AprPanama2025_fixed\041325_experimental\041325PA_experimental_part08.mp4,1900-01-01 21:11:15.100,1064
136949,764,384,2.0,127.0,177.0,246.8333333333333,D:\AprPanama2025_fixed\041325_experimental\041325PA_experimental_part08.mp4,1900-01-01 21:11:14.900,1064
136946,764,386,3.0,117.0,160.0,245.88888888888889,D:\AprPanama2025_fixed\041325_experimental\041325PA_experimental_part08.mp4,1900-01-01 21:11:14.600,1064
140544,623,212,4.0,115.0,172.0,229.3333333333333,D:\AprPanama2025_fixed\041325_experimental\041325PA_experimental_part08.mp4,1900-01-01 21:17:14.400,923
140545,623,213,6.0,125.0,179.0,231.0,D:\AprPanama2025_fixed\041325_experimental\041325PA_experimental_part08.mp4,1900-01-01 21:17:14.500,923
140552,625,213,9.0,116.0,179.0,245.4375,D:\AprPanama2025_fixed\041325_experimental\041325PA_experimental_part08.mp4,1900-01-01 21:17:15.200,925
140550,625,213,10.0,123.0,178.0,248.23529411764704,D:\AprPanama2025_fixed\041325_experimental\041325PA_experimental_part08.mp4,1900-01-01 21:17:15.000,925
140547,624,213,10.5,113.0,178.0,241.94117647058823,D:\AprPanama2025_fixed\041325_experimental\041325PA_experimental_part08.mp4,1900-01-01 21:17:14.700,924
140549,625,213,10.5,115.0,179.0,247.5,D:\AprPanama2025_fixed\041325_experimental\041325PA_experimental_part08.mp4,1900-01-01 21:17:14.900,925
140548,625,213,10.0,113.0,183.0,243.0,D:\AprPanama2025_fixed\041325_experimental\041325PA_experimental_part08.mp4,1900-01-01 21:17:14.800,925
140551,625,213,9.0,126.0,179.0,250.0,D:\AprPanama2025_fixed\041325_experimental\041325PA_experimental_part08.mp4,1900-01-01 21:17:15.100,925
140553,626,214,8.0,113.0,178.0,249.0,D:\AprPanama2025_fixed\041325_experimental\041325PA_experimental_part08.mp4,1900-01-01 21:17:15.300,926
140546,623,212,6.5,112.0,179.0,244.92307692307693,D:\AprPanama2025_fixed\041325_experimental\041325PA_experimental_part08.mp4,1900-01-01 21:17:14.600,923
140558,626,214,6.5,128.0,176.0,242.61538461538464,D:\AprPanama2025_fixed\041325_experimental\041325PA_experimental_part08.mp4,1900-01-01 21:17:15.800,926
140560,627,215,5.0,114.0,172.0,245.8,D:\AprPanama2025_fixed\041325_experimental\041325PA_experimental_part08.mp4,1900-01-01 21:17:16.000,927
140561,627,214,2.0,124.0,168.0,255.0,D:\AprPanama2025_fixed\041325_experimental\041325PA_experimental_part08.mp4,1900-01-01 21:17:16.100,927
140556,626,214,6.0,139.0,179.0,251.66666666666663,D:\AprPanama2025_fixed\041325_experimental\041325PA_experimental_part08.mp4,1900-01-01 21:17:15.600,926
140555,626,214,8.0,112.0,178.0,248.7333333333333,D:\AprPanama2025_fixed\041325_experimental\041325PA_experimental_part08.mp4,1900-01-01 21:17:15.500,926
140559,627,215,5.0,117.0,167.0,232.0,D:\AprPanama2025_fixed\041325_experimental\041325PA_experimental_part08.mp4,1900-01-01 21:17:15.900,927
140554,626,213,8.5,125.0,175.0,247.8125,D:\AprPanama2025_fixed\041325_experimental\041325PA_experimental_part08.mp4,1900-01-01 21:17:15.400,926
140557,626,214,6.5,131.0,176.0,245.30769230769232,D:\AprPanama2025_fixed\041325_experimental\041325PA_experimental_part08.mp4,1900-01-01 21:17:15.700,926
140563,627,214,1.5,111.0,154.0,249.3333333333333,D:\AprPanama2025_fixed\041325_experimental\041325PA_experimental_part08.mp4,1900-01-01 21:17:16.300,927
140562,627,214,1.5,119.0,154.0,251.16666666666663,D:\AprPanama2025_fixed\041325_experimental\041325PA_experimental_part08.mp4,1900-01-01 21:17:16.200,927
140577,808,355,4.0,112.0,157.0,246.2,D:\AprPanama2025_fixed\041325_experimental\041325PA_experimental_part08.mp4,1900-01-01 21:17:17.700,1108
140574,806,228,1.5,113.0,154.0,245.4,D:\AprPanama2025_fixed\041325_experimental\041325PA_experimental_part08.mp4,1900-01-01 21:17:17.400,1106
140574,807,355,4.5,112.0,173.0,249.3,D:\AprPanama2025_fixed\041325_experimental\041325PA_experimental_part08.mp4,1900-01-01 21:17:17.400,1107
140573,806,228,1.5,118.0,166.0,244.6,D:\AprPanama2025_fixed\041325_experimental\041325PA_experimental_part08.mp4,1900-01-01 21:17:17.300,1106
140573,808,355,4.0,116.0,162.0,242.7,D:\AprPanama2025_fixed\041325_experimental\041325PA_experimental_part08.mp4,1900-01-01 21:17:17.300,1108
140575,820,229,2.5,113.0,172.0,246.8333333333333,D:\AprPanama2025_fixed\041325_experimental\041325PA_experimental_part08.mp4,1900-01-01 21:17:17.500,1120
140575,808,355,5.0,113.0,175.0,242.72727272727275,D:\AprPanama2025_fixed\041325_experimental\041325PA_experimental_part08.mp4,1900-01-01 21:17:17.500,1108
140576,807,355,6.0,124.0,175.0,244.5833333333333,D:\AprPanama2025_fixed\041325_experimental\041325PA_experimental_part08.mp4,1900-01-01 21:17:17.600,1107
140570,586,82,2.0,111.0,144.0,38.0,D:\AprPanama2025_fixed\041325_experimental\041325PA_experimental_part08.mp4,1900-01-01 21:17:17.000,886
140585,591,240,4.5,101.0,175.0,227.3,D:\AprPanama2025_fixed\041325_experimental\041325PA_experimental_part08.mp4,1900-01-01 21:17:18.500,891
140585,591,240,2.0,101.0,143.0,230.6,D:\AprPanama2025_fixed\041325_experimental\041325PA_experimental_part08.mp4,1900-01-01 21:17:18.500,891
140589,592,237,1.5,115.0,165.0,223.3333333333333,D:\AprPanama2025_fixed\041325_experimental\041325PA_experimental_part08.mp4,1900-01-01 21:17:18.900,892
140588,592,238,2.0,124.0,175.0,227.16666666666663,D:\AprPanama2025_fixed\041325_experimental\041325PA_experimental_part08.mp4,1900-01-01 21:17:18.800,892
140587,592,238,1.5,127.0,163.0,248.8,D:\AprPanama2025_fixed\041325_experimental\041325PA_experimental_part08.mp4,1900-01-01 21:17:18.700,892
140592,592,234,2.5,128.0,165.0,188.7142857142857,D:\AprPanama2025_fixed\041325_experimental\041325PA_experimental_part08.mp4,1900-01-01 21:17:19.200,892
140586,591,240,3.0,119.0,174.0,195.625,D:\AprPanama2025_fixed\041325_experimental\041325PA_experimental_part08.mp4,1900-01-01 21:17:18.600,891
140590,592,236,1.5,140.0,179.0,238.2,D:\AprPanama2025_fixed\041325_experimental\041325PA_experimental_part08.mp4,1900-01-01 21:17:19.000,892
140594,594,232,2.0,125.0,178.0,159.0,D:\AprPanama2025_fixed\041325_experimental\041325PA_experimental_part08.mp4,1900-01-01 21:17:19.400,894
147916,1124,32,2.0,111.0,162.0,241.0,D:\AprPanama2025_fixed\041325_experimental\041325PA_experimental_part09.mp4,1900-01-01 21:29:31.600,1424
150872,711,203,8.5,121.0,179.0,253.13333333333333,D:\AprPanama2025_fixed\041325_experimental\041325PA_experimental_part09.mp4,1900-01-01 21:34:27.200,1011
150871,711,202,6.0,111.0,179.0,229.8333333333333,D:\AprPanama2025_fixed\041325_experimental\041325PA_experimental_part09.mp4,1900-01-01 21:34:27.100,1011
150877,712,205,17.5,116.0,179.0,246.65384615384616,D:\AprPanama2025_fixed\041325_experimental\041325PA_experimental_part09.mp4,1900-01-01 21:34:27.700,1012
150878,712,205,17.5,112.0,179.0,244.46153846153848,D:\AprPanama2025_fixed\041325_experimental\041325PA_experimental_part09.mp4,1900-01-01 21:34:27.800,1012
150879,712,205,13.0,134.0,178.0,238.9523809523809,D:\AprPanama2025_fixed\041325_experimental\041325PA_experimental_part09.mp4,1900-01-01 21:34:27.900,1012
150875,712,204,13.5,113.0,216.0,243.5,D:\AprPanama2025_fixed\041325_experimental\041325PA_experimental_part09.mp4,1900-01-01 21:34:27.500,1012
150880,712,206,16.5,111.0,179.0,237.88,D:\AprPanama2025_fixed\041325_experimental\041325PA_experimental_part09.mp4,1900-01-01 21:34:28.000,1012
150874,712,203,13.5,113.0,178.0,245.4090909090909,D:\AprPanama2025_fixed\041325_experimental\041325PA_experimental_part09.mp4,1900-01-01 21:34:27.400,1012
150876,711,204,16.0,124.0,178.0,248.76,D:\AprPanama2025_fixed\041325_experimental\041325PA_experimental_part09.mp4,1900-01-01 21:34:27.600,1011
150873,712,203,13.5,113.0,178.0,245.4090909090909,D:\AprPanama2025_fixed\041325_experimental\041325PA_experimental_part09.mp4,1900-01-01 21:34:27.300,1012
150882,712,207,16.5,113.0,176.0,248.96,D:\AprPanama2025_fixed\041325_experimental\041325PA_experimental_part09.mp4,1900-01-01 21:34:28.200,1012
150887,713,209,4.0,112.0,176.0,244.88888888888889,D:\AprPanama2025_fixed\041325_experimental\041325PA_experimental_part09.mp4,1900-01-01 21:34:28.700,1013
150885,713,208,7.5,118.0,179.0,246.64285714285717,D:\AprPanama2025_fixed\041325_experimental\041325PA_experimental_part09.mp4,1900-01-01 21:34:28.500,1013
150884,713,207,8.0,115.0,179.0,239.9333333333333,D:\AprPanama2025_fixed\041325_experimental\041325PA_experimental_part09.mp4,1900-01-01 21:34:28.400,1013
150883,713,207,9.0,114.0,178.0,249.5,D:\AprPanama2025_fixed\041325_experimental\041325PA_experimental_part09.mp4,1900-01-01 21:34:28.300,1013
150888,713,209,5.5,121.0,179.0,244.8333333333333,D:\AprPanama2025_fixed\041325_experimental\041325PA_experimental_part09.mp4,1900-01-01 21:34:28.800,1013
150886,713,208,7.0,117.0,179.0,250.0769230769231,D:\AprPanama2025_fixed\041325_experimental\041325PA_experimental_part09.mp4,1900-01-01 21:34:28.600,1013
150881,712,206,14.0,112.0,179.0,249.1818181818182,D:\AprPanama2025_fixed\041325_experimental\041325PA_experimental_part09.mp4,1900-01-01 21:34:28.100,1012
150890,714,210,2.0,141.0,166.0,213.16666666666663,D:\AprPanama2025_fixed\041325_experimental\041325PA_experimental_part09.mp4,1900-01-01 21:34:29.000,1014
150892,713,211,3.0,112.0,170.0,200.0,D:\AprPanama2025_fixed\041325_experimental\041325PA_experimental_part09.mp4,1900-01-01 21:34:29.200,1013
150889,712,210,1.5,126.0,150.0,244.4,D:\AprPanama2025_fixed\041325_experimental\041325PA_experimental_part09.mp4,1900-01-01 21:34:28.900,1012
153036,1083,370,18.0,115.0,179.0,251.92857142857144,D:\AprPanama2025_fixed\041325_experimental\041325PA_experimental_part09.mp4,1900-01-01 21:38:03.600,1383
153035,1082,370,15.0,113.0,179.0,249.4090909090909,D:\AprPanama2025_fixed\041325_experimental\041325PA_experimental_part09.mp4,1900-01-01 21:38:03.500,1382
153040,1083,368,7.0,112.0,174.0,252.0,D:\AprPanama2025_fixed\041325_experimental\041325PA_experimental_part09.mp4,1900-01-01 21:38:04.000,1383
153038,1083,370,16.0,113.0,179.0,248.66666666666663,D:\AprPanama2025_fixed\041325_experimental\041325PA_experimental_part09.mp4,1900-01-01 21:38:03.800,1383
153039,1083,369,15.0,113.0,178.0,246.125,D:\AprPanama2025_fixed\041325_experimental\041325PA_experimental_part09.mp4,1900-01-01 21:38:03.900,1383
153037,1083,370,19.0,111.0,179.0,248.7142857142857,D:\AprPanama2025_fixed\041325_experimental\041325PA_experimental_part09.mp4,1900-01-01 21:38:03.700,1383
153044,1081,367,2.0,121.0,146.0,255.0,D:\AprPanama2025_fixed\041325_experimental\041325PA_experimental_part09.mp4,1900-01-01 21:38:04.400,1381
153043,1081,367,2.0,114.0,147.0,249.16666666666663,D:\AprPanama2025_fixed\041325_experimental\041325PA_experimental_part09.mp4,1900-01-01 21:38:04.300,1381
153042,1081,368,2.0,111.0,147.0,252.66666666666663,D:\AprPanama2025_fixed\041325_experimental\041325PA_experimental_part09.mp4,1900-01-01 21:38:04.200,1381
153041,1082,368,10.5,113.0,178.0,235.16666666666663,D:\AprPanama2025_fixed\041325_experimental\041325PA_experimental_part09.mp4,1900-01-01 21:38:04.100,1382
153392,622,233,5.5,115.0,171.0,243.3636363636364,D:\AprPanama2025_fixed\041325_experimental\041325PA_experimental_part09.mp4,1900-01-01 21:38:39.200,922
153391,623,232,5.0,117.0,154.0,193.5,D:\AprPanama2025_fixed\041325_experimental\041325PA_experimental_part09.mp4,1900-01-01 21:38:39.100,923
153398,622,236,8.0,117.0,179.0,251.35714285714283,D:\AprPanama2025_fixed\041325_experimental\041325PA_experimental_part09.mp4,1900-01-01 21:38:39.800,922
153396,622,235,7.0,111.0,176.0,250.15384615384616,D:\AprPanama2025_fixed\041325_experimental\041325PA_experimental_part09.mp4,1900-01-01 21:38:39.600,922
153399,622,237,4.5,116.0,179.0,242.7,D:\AprPanama2025_fixed\041325_experimental\041325PA_experimental_part09.mp4,1900-01-01 21:38:39.900,922
153394,623,234,6.5,114.0,178.0,240.91666666666663,D:\AprPanama2025_fixed\041325_experimental\041325PA_experimental_part09.mp4,1900-01-01 21:38:39.400,923
153395,623,234,8.5,116.0,178.0,240.53333333333333,D:\AprPanama2025_fixed\041325_experimental\041325PA_experimental_part09.mp4,1900-01-01 21:38:39.500,923
153400,622,237,4.5,116.0,179.0,242.7,D:\AprPanama2025_fixed\041325_experimental\041325PA_experimental_part09.mp4,1900-01-01 21:38:40.000,922
153397,622,235,7.0,114.0,172.0,254.61538461538464,D:\AprPanama2025_fixed\041325_experimental\041325PA_experimental_part09.mp4,1900-01-01 21:38:39.700,922
153393,623,234,6.5,114.0,175.0,246.41666666666663,D:\AprPanama2025_fixed\041325_experimental\041325PA_experimental_part09.mp4,1900-01-01 21:38:39.300,923
153402,621,238,6.0,113.0,183.0,244.25,D:\AprPanama2025_fixed\041325_experimental\041325PA_experimental_part09.mp4,1900-01-01 21:38:40.200,921
153404,622,239,2.0,112.0,166.0,246.57142857142856,D:\AprPanama2025_fixed\041325_experimental\041325PA_experimental_part09.mp4,1900-01-01 21:38:40.400,922
153406,621,240,2.5,118.0,158.0,188.0,D:\AprPanama2025_fixed\041325_experimental\041325PA_experimental_part09.mp4,1900-01-01 21:38:40.600,921
153401,622,237,5.5,134.0,185.0,251.3636363636364,D:\AprPanama2025_fixed\041325_experimental\041325PA_experimental_part09.mp4,1900-01-01 21:38:40.100,922
153405,621,240,2.5,111.0,174.0,191.7142857142857,D:\AprPanama2025_fixed\041325_experimental\041325PA_experimental_part09.mp4,1900-01-01 21:38:40.500,921
153403,622,238,2.0,121.0,174.0,250.28571428571428,D:\AprPanama2025_fixed\041325_experimental\041325PA_experimental_part09.mp4,1900-01-01 21:38:40.300,922
153416,779,143,10.0,112.0,179.0,244.94117647058823,D:\AprPanama2025_fixed\041325_experimental\041325PA_experimental_part09.mp4,1900-01-01 21:38:41.600,1079
153415,779,143,13.5,111.0,178.0,250.0,D:\AprPanama2025_fixed\041325_experimental\041325PA_experimental_part09.mp4,1900-01-01 21:38:41.500,1079
153415,620,244,2.5,120.0,169.0,233.66666666666663,D:\AprPanama2025_fixed\041325_experimental\041325PA_experimental_part09.mp4,1900-01-01 21:38:41.500,920
153411,620,242,2.0,117.0,163.0,253.3333333333333,D:\AprPanama2025_fixed\041325_experimental\041325PA_experimental_part09.mp4,1900-01-01 21:38:41.100,920
153412,777,144,6.5,115.0,178.0,232.0,D:\AprPanama2025_fixed\041325_experimental\041325PA_experimental_part09.mp4,1900-01-01 21:38:41.200,1077
153414,778,143,14.0,114.0,178.0,248.77272727272728,D:\AprPanama2025_fixed\041325_experimental\041325PA_experimental_part09.mp4,1900-01-01 21:38:41.400,1078
153413,778,144,12.0,121.0,179.0,246.6,D:\AprPanama2025_fixed\041325_experimental\041325PA_experimental_part09.mp4,1900-01-01 21:38:41.300,1078
153423,778,140,7.5,131.0,179.0,251.57142857142856,D:\AprPanama2025_fixed\041325_experimental\041325PA_experimental_part09.mp4,1900-01-01 21:38:42.300,1078
153419,778,141,9.5,141.0,179.0,249.9375,D:\AprPanama2025_fixed\041325_experimental\041325PA_experimental_part09.mp4,1900-01-01 21:38:41.900,1078
153421,779,140,5.5,130.0,179.0,249.3636363636364,D:\AprPanama2025_fixed\041325_experimental\041325PA_experimental_part09.mp4,1900-01-01 21:38:42.100,1079
153417,778,142,12.5,114.0,179.0,250.4,D:\AprPanama2025_fixed\041325_experimental\041325PA_experimental_part09.mp4,1900-01-01 21:38:41.700,1078
153417,619,246,1.5,128.0,170.0,155.8,D:\AprPanama2025_fixed\041325_experimental\041325PA_experimental_part09.mp4,1900-01-01 21:38:41.700,919
153424,778,139,3.5,121.0,171.0,194.375,D:\AprPanama2025_fixed\041325_experimental\041325PA_experimental_part09.mp4,1900-01-01 21:38:42.400,1078
153420,778,141,9.0,121.0,176.0,245.86666666666667,D:\AprPanama2025_fixed\041325_experimental\041325PA_experimental_part09.mp4,1900-01-01 21:38:42.000,1078
153418,778,142,13.0,114.0,179.0,249.7142857142857,D:\AprPanama2025_fixed\041325_experimental\041325PA_experimental_part09.mp4,1900-01-01 21:38:41.800,1078
153422,778,140,9.0,111.0,178.0,246.0,D:\AprPanama2025_fixed\041325_experimental\041325PA_experimental_part09.mp4,1900-01-01 21:38:42.200,1078
153426,778,138,2.5,129.0,173.0,230.16666666666663,D:\AprPanama2025_fixed\041325_experimental\041325PA_experimental_part09.mp4,1900-01-01 21:38:42.600,1078
153425,778,138,2.0,111.0,159.0,223.3333333333333,D:\AprPanama2025_fixed\041325_experimental\041325PA_experimental_part09.mp4,1900-01-01 21:38:42.500,1078
153437,784,74,1.5,123.0,171.0,250.2,D:\AprPanama2025_fixed\041325_experimental\041325PA_experimental_part09.mp4,1900-01-01 21:38:43.700,1084
161934,454,280,14.0,121.0,179.0,249.77272727272728,D:\AprPanama2025_fixed\041325_experimental\041325PA_experimental_part09.mp4,1900-01-01 21:52:53.400,754
161931,455,280,10.5,115.0,179.0,239.7222222222222,D:\AprPanama2025_fixed\041325_experimental\041325PA_experimental_part09.mp4,1900-01-01 21:52:53.100,755
161930,454,279,5.0,120.0,179.0,250.4,D:\AprPanama2025_fixed\041325_experimental\041325PA_experimental_part09.mp4,1900-01-01 21:52:53.000,754
161932,455,280,11.0,112.0,179.0,244.52631578947367,D:\AprPanama2025_fixed\041325_experimental\041325PA_experimental_part09.mp4,1900-01-01 21:52:53.200,755
161929,454,276,2.0,141.0,168.0,227.8333333333333,D:\AprPanama2025_fixed\041325_experimental\041325PA_experimental_part09.mp4,1900-01-01 21:52:52.900,754
161933,454,280,15.5,113.0,217.0,240.9583333333333,D:\AprPanama2025_fixed\041325_experimental\041325PA_experimental_part09.mp4,1900-01-01 21:52:53.300,754
161935,454,279,15.5,111.0,179.0,253.79166666666663,D:\AprPanama2025_fixed\041325_experimental\041325PA_experimental_part09.mp4,1900-01-01 21:52:53.500,754
161936,453,280,18.0,114.0,179.0,252.88888888888889,D:\AprPanama2025_fixed\041325_experimental\041325PA_experimental_part09.mp4,1900-01-01 21:52:53.600,753
161940,453,280,17.5,113.0,179.0,237.92307692307693,D:\AprPanama2025_fixed\041325_experimental\041325PA_experimental_part09.mp4,1900-01-01 21:52:54.000,753
161943,451,278,16.0,118.0,177.0,250.6,D:\AprPanama2025_fixed\041325_experimental\041325PA_experimental_part09.mp4,1900-01-01 21:52:54.300,751
161944,451,278,16.0,118.0,177.0,250.6,D:\AprPanama2025_fixed\041325_experimental\041325PA_experimental_part09.mp4,1900-01-01 21:52:54.400,751
161942,452,278,17.5,114.0,179.0,251.1111111111111,D:\AprPanama2025_fixed\041325_experimental\041325PA_experimental_part09.mp4,1900-01-01 21:52:54.200,752
161939,453,279,16.5,113.0,247.0,237.24,D:\AprPanama2025_fixed\041325_experimental\041325PA_experimental_part09.mp4,1900-01-01 21:52:53.900,753
161941,452,279,19.0,112.0,179.0,248.57142857142856,D:\AprPanama2025_fixed\041325_experimental\041325PA_experimental_part09.mp4,1900-01-01 21:52:54.100,752
161938,453,279,17.5,122.0,179.0,248.85185185185185,D:\AprPanama2025_fixed\041325_experimental\041325PA_experimental_part09.mp4,1900-01-01 21:52:53.800,753
161937,453,279,16.5,134.0,179.0,250.5,D:\AprPanama2025_fixed\041325_experimental\041325PA_experimental_part09.mp4,1900-01-01 21:52:53.700,753
161945,451,279,12.5,122.0,179.0,242.57142857142856,D:\AprPanama2025_fixed\041325_experimental\041325PA_experimental_part09.mp4,1900-01-01 21:52:54.500,751
161948,450,278,12.0,117.0,179.0,252.52631578947367,D:\AprPanama2025_fixed\041325_experimental\041325PA_experimental_part09.mp4,1900-01-01 21:52:54.800,750
161949,450,278,12.0,115.0,179.0,253.6315789473684,D:\AprPanama2025_fixed\041325_experimental\041325PA_experimental_part09.mp4,1900-01-01 21:52:54.900,750
161946,451,278,15.5,114.0,189.0,237.7083333333333,D:\AprPanama2025_fixed\041325_experimental\041325PA_experimental_part09.mp4,1900-01-01 21:52:54.600,751
161947,450,278,14.0,111.0,179.0,249.54545454545456,D:\AprPanama2025_fixed\041325_experimental\041325PA_experimental_part09.mp4,1900-01-01 21:52:54.700,750
161952,449,277,9.0,138.0,178.0,249.875,D:\AprPanama2025_fixed\041325_experimental\041325PA_experimental_part09.mp4,1900-01-01 21:52:55.200,749
161950,449,277,10.0,119.0,179.0,252.41176470588235,D:\AprPanama2025_fixed\041325_experimental\041325PA_experimental_part09.mp4,1900-01-01 21:52:55.000,749
161951,449,277,9.5,126.0,179.0,242.6875,D:\AprPanama2025_fixed\041325_experimental\041325PA_experimental_part09.mp4,1900-01-01 21:52:55.100,749
161956,448,276,5.5,132.0,179.0,248.6,D:\AprPanama2025_fixed\041325_experimental\041325PA_experimental_part09.mp4,1900-01-01 21:52:55.600,748
161957,448,276,3.5,111.0,179.0,248.77777777777777,D:\AprPanama2025_fixed\041325_experimental\041325PA_experimental_part09.mp4,1900-01-01 21:52:55.700,748
161958,447,277,6.5,113.0,176.0,236.0,D:\AprPanama2025_fixed\041325_experimental\041325PA_experimental_part09.mp4,1900-01-01 21:52:55.800,747
161955,448,276,5.5,132.0,179.0,248.6,D:\AprPanama2025_fixed\041325_experimental\041325PA_experimental_part09.mp4,1900-01-01 21:52:55.500,748
161959,447,276,7.0,118.0,179.0,240.7692307692308,D:\AprPanama2025_fixed\041325_experimental\041325PA_experimental_part09.mp4,1900-01-01 21:52:55.900,747
161954,448,277,8.5,111.0,179.0,245.9333333333333,D:\AprPanama2025_fixed\041325_experimental\041325PA_experimental_part09.mp4,1900-01-01 21:52:55.400,748
161960,447,275,3.5,123.0,164.0,226.25,D:\AprPanama2025_fixed\041325_experimental\041325PA_experimental_part09.mp4,1900-01-01 21:52:56.000,747
161953,448,277,8.5,119.0,176.0,242.46666666666667,D:\AprPanama2025_fixed\041325_experimental\041325PA_experimental_part09.mp4,1900-01-01 21:52:55.300,748
161962,446,275,2.0,140.0,172.0,252.66666666666663,D:\AprPanama2025_fixed\041325_experimental\041325PA_experimental_part09.mp4,1900-01-01 21:52:56.200,746
183782,969,327,15.0,117.0,177.0,240.4782608695652,D:\AprPanama2025_fixed\041325_experimental\041325PA_experimental_part11.mp4,1900-01-01 22:29:18.200,1269
183781,968,327,4.0,111.0,177.0,224.1111111111111,D:\AprPanama2025_fixed\041325_experimental\041325PA_experimental_part11.mp4,1900-01-01 22:29:18.100,1268
183789,970,327,18.0,113.0,179.0,244.74074074074076,D:\AprPanama2025_fixed\041325_experimental\041325PA_experimental_part11.mp4,1900-01-01 22:29:18.900,1270
183787,969,327,14.0,121.0,179.0,254.0909090909091,D:\AprPanama2025_fixed\041325_experimental\041325PA_experimental_part11.mp4,1900-01-01 22:29:18.700,1269
183785,969,328,17.5,121.0,179.0,254.2692307692308,D:\AprPanama2025_fixed\041325_experimental\041325PA_experimental_part11.mp4,1900-01-01 22:29:18.500,1269
183784,969,328,16.5,113.0,179.0,251.32,D:\AprPanama2025_fixed\041325_experimental\041325PA_experimental_part11.mp4,1900-01-01 22:29:18.400,1269
183786,969,328,16.5,122.0,179.0,253.88,D:\AprPanama2025_fixed\041325_experimental\041325PA_experimental_part11.mp4,1900-01-01 22:29:18.600,1269
183788,970,328,15.0,119.0,179.0,246.7391304347826,D:\AprPanama2025_fixed\041325_experimental\041325PA_experimental_part11.mp4,1900-01-01 22:29:18.800,1270
183790,970,327,16.0,118.0,173.0,247.56,D:\AprPanama2025_fixed\041325_experimental\041325PA_experimental_part11.mp4,1900-01-01 22:29:19.000,1270
183783,969,328,16.5,113.0,179.0,251.32,D:\AprPanama2025_fixed\041325_experimental\041325PA_experimental_part11.mp4,1900-01-01 22:29:18.300,1269
183792,970,327,18.0,100.0,170.0,236.07407407407405,D:\AprPanama2025_fixed\041325_experimental\041325PA_experimental_part11.mp4,1900-01-01 22:29:19.200,1270
183792,971,326,2.0,100.0,158.0,236.4,D:\AprPanama2025_fixed\041325_experimental\041325PA_experimental_part11.mp4,1900-01-01 22:29:19.200,1271
183793,972,328,1.5,113.0,149.0,253.0,D:\AprPanama2025_fixed\041325_experimental\041325PA_experimental_part11.mp4,1900-01-01 22:29:19.300,1272
183794,972,327,2.0,111.0,149.0,223.25,D:\AprPanama2025_fixed\041325_experimental\041325PA_experimental_part11.mp4,1900-01-01 22:29:19.400,1272
183791,970,327,14.5,89.0,168.0,241.7391304347826,D:\AprPanama2025_fixed\041325_experimental\041325PA_experimental_part11.mp4,1900-01-01 22:29:19.100,1270
183791,970,327,2.0,89.0,161.0,228.8,D:\AprPanama2025_fixed\041325_experimental\041325PA_experimental_part11.mp4,1900-01-01 22:29:19.100,1270
186175,776,19,1.5,125.0,162.0,81.80000000000001,D:\AprPanama2025_fixed\041325_experimental\041325PA_experimental_part11.mp4,1900-01-01 22:33:17.500,1076
186181,776,19,5.0,112.0,155.0,80.60000000000001,D:\AprPanama2025_fixed\041325_experimental\041325PA_experimental_part11.mp4,1900-01-01 22:33:18.100,1076
186180,776,19,2.0,130.0,147.0,47.83333333333333,D:\AprPanama2025_fixed\041325_experimental\041325PA_experimental_part11.mp4,1900-01-01 22:33:18.000,1076
186177,776,19,1.5,129.0,163.0,91.2,D:\AprPanama2025_fixed\041325_experimental\041325PA_experimental_part11.mp4,1900-01-01 22:33:17.700,1076
186176,776,19,1.5,125.0,162.0,81.80000000000001,D:\AprPanama2025_fixed\041325_experimental\041325PA_experimental_part11.mp4,1900-01-01 22:33:17.600,1076
186179,776,19,2.0,130.0,147.0,47.83333333333333,D:\AprPanama2025_fixed\041325_experimental\041325PA_experimental_part11.mp4,1900-01-01 22:33:17.900,1076
198756,1262,24,5.5,117.0,177.0,238.0833333333333,D:\AprPanama2025_fixed\041325_experimental\041325PA_experimental_part12.mp4,1900-01-01 22:54:15.600,1562
198755,1263,24,3.0,123.0,170.0,243.25,D:\AprPanama2025_fixed\041325_experimental\041325PA_experimental_part12.mp4,1900-01-01 22:54:15.500,1563
198757,1262,24,8.0,115.0,179.0,226.8,D:\AprPanama2025_fixed\041325_experimental\041325PA_experimental_part12.mp4,1900-01-01 22:54:15.700,1562
198765,1262,24,13.0,115.0,179.0,234.8095238095238,D:\AprPanama2025_fixed\041325_experimental\041325PA_experimental_part12.mp4,1900-01-01 22:54:16.500,1562
198763,1262,24,14.0,114.0,179.0,234.72727272727275,D:\AprPanama2025_fixed\041325_experimental\041325PA_experimental_part12.mp4,1900-01-01 22:54:16.300,1562
198762,1262,24,12.5,113.0,177.0,222.8,D:\AprPanama2025_fixed\041325_experimental\041325PA_experimental_part12.mp4,1900-01-01 22:54:16.200,1562
198761,1262,24,12.5,113.0,179.0,228.55,D:\AprPanama2025_fixed\041325_experimental\041325PA_experimental_part12.mp4,1900-01-01 22:54:16.100,1562
198760,1262,24,15.0,114.0,179.0,233.17391304347825,D:\AprPanama2025_fixed\041325_experimental\041325PA_experimental_part12.mp4,1900-01-01 22:54:16.000,1562
198758,1262,24,10.5,125.0,179.0,238.1111111111111,D:\AprPanama2025_fixed\041325_experimental\041325PA_experimental_part12.mp4,1900-01-01 22:54:15.800,1562
198759,1262,24,12.5,113.0,179.0,229.35,D:\AprPanama2025_fixed\041325_experimental\041325PA_experimental_part12.mp4,1900-01-01 22:54:15.900,1562
198764,1262,24,14.0,115.0,179.0,235.77272727272728,D:\AprPanama2025_fixed\041325_experimental\041325PA_experimental_part12.mp4,1900-01-01 22:54:16.400,1562
198768,1262,24,14.0,115.0,179.0,239.8636363636364,D:\AprPanama2025_fixed\041325_experimental\041325PA_experimental_part12.mp4,1900-01-01 22:54:16.800,1562
198770,1262,24,13.0,115.0,179.0,233.8095238095238,D:\AprPanama2025_fixed\041325_experimental\041325PA_experimental_part12.mp4,1900-01-01 22:54:17.000,1562
198767,1262,24,13.0,115.0,179.0,234.7142857142857,D:\AprPanama2025_fixed\041325_experimental\041325PA_experimental_part12.mp4,1900-01-01 22:54:16.700,1562
198771,1262,24,13.0,112.0,179.0,233.04761904761904,D:\AprPanama2025_fixed\041325_experimental\041325PA_experimental_part12.mp4,1900-01-01 22:54:17.100,1562
198769,1262,24,13.0,116.0,179.0,231.66666666666663,D:\AprPanama2025_fixed\041325_experimental\041325PA_experimental_part12.mp4,1900-01-01 22:54:16.900,1562
198772,1262,24,13.0,118.0,179.0,234.85714285714283,D:\AprPanama2025_fixed\041325_experimental\041325PA_experimental_part12.mp4,1900-01-01 22:54:17.200,1562
198773,1262,24,13.0,122.0,179.0,235.57142857142856,D:\AprPanama2025_fixed\041325_experimental\041325PA_experimental_part12.mp4,1900-01-01 22:54:17.300,1562
198766,1262,24,13.0,115.0,178.0,224.52380952380952,D:\AprPanama2025_fixed\041325_experimental\041325PA_experimental_part12.mp4,1900-01-01 22:54:16.600,1562
198778,1262,24,16.0,117.0,178.0,231.7083333333333,D:\AprPanama2025_fixed\041325_experimental\041325PA_experimental_part12.mp4,1900-01-01 22:54:17.800,1562
198777,1262,24,15.5,114.0,179.0,239.0,D:\AprPanama2025_fixed\041325_experimental\041325PA_experimental_part12.mp4,1900-01-01 22:54:17.700,1562
198780,1262,24,17.5,113.0,179.0,236.61538461538464,D:\AprPanama2025_fixed\041325_experimental\041325PA_experimental_part12.mp4,1900-01-01 22:54:18.000,1562
198779,1262,24,17.0,130.0,179.0,240.08,D:\AprPanama2025_fixed\041325_experimental\041325PA_experimental_part12.mp4,1900-01-01 22:54:17.900,1562
198776,1262,24,17.5,121.0,179.0,235.5769230769231,D:\AprPanama2025_fixed\041325_experimental\041325PA_experimental_part12.mp4,1900-01-01 22:54:17.600,1562
198774,1262,24,13.0,124.0,179.0,236.85714285714283,D:\AprPanama2025_fixed\041325_experimental\041325PA_experimental_part12.mp4,1900-01-01 22:54:17.400,1562
198775,1262,24,14.0,111.0,179.0,236.3181818181818,D:\AprPanama2025_fixed\041325_experimental\041325PA_experimental_part12.mp4,1900-01-01 22:54:17.500,1562
198781,1270,24,3.0,132.0,171.0,252.5,D:\AprPanama2025_fixed\041325_experimental\041325PA_experimental_part12.mp4,1900-01-01 22:54:18.100,1570
198781,1262,24,17.5,121.0,179.0,233.96153846153848,D:\AprPanama2025_fixed\041325_experimental\041325PA_experimental_part12.mp4,1900-01-01 22:54:18.100,1562
198783,1271,25,2.5,114.0,173.0,254.85714285714283,D:\AprPanama2025_fixed\041325_experimental\041325PA_experimental_part12.mp4,1900-01-01 22:54:18.300,1571
198783,1262,24,20.5,111.0,179.0,239.3448275862069,D:\AprPanama2025_fixed\041325_experimental\041325PA_experimental_part12.mp4,1900-01-01 22:54:18.300,1562
198787,1271,25,4.5,125.0,176.0,249.6,D:\AprPanama2025_fixed\041325_experimental\041325PA_experimental_part12.mp4,1900-01-01 22:54:18.700,1571
198787,1262,24,21.5,120.0,179.0,233.8,D:\AprPanama2025_fixed\041325_experimental\041325PA_experimental_part12.mp4,1900-01-01 22:54:18.700,1562
198786,1271,25,5.0,112.0,176.0,244.72727272727275,D:\AprPanama2025_fixed\041325_experimental\041325PA_experimental_part12.mp4,1900-01-01 22:54:18.600,1571
198786,1262,24,17.5,121.0,179.0,241.92307692307693,D:\AprPanama2025_fixed\041325_experimental\041325PA_experimental_part12.mp4,1900-01-01 22:54:18.600,1562
198784,1270,25,1.5,132.0,174.0,254.5,D:\AprPanama2025_fixed\041325_experimental\041325PA_experimental_part12.mp4,1900-01-01 22:54:18.400,1570
198784,1262,24,18.5,113.0,179.0,231.55555555555557,D:\AprPanama2025_fixed\041325_experimental\041325PA_experimental_part12.mp4,1900-01-01 22:54:18.400,1562
198785,1271,25,2.5,111.0,166.0,255.0,D:\AprPanama2025_fixed\041325_experimental\041325PA_experimental_part12.mp4,1900-01-01 22:54:18.500,1571
198785,1262,24,18.0,112.0,179.0,234.6923076923077,D:\AprPanama2025_fixed\041325_experimental\041325PA_experimental_part12.mp4,1900-01-01 22:54:18.500,1562
198788,1271,25,4.0,116.0,171.0,253.9,D:\AprPanama2025_fixed\041325_experimental\041325PA_experimental_part12.mp4,1900-01-01 22:54:18.800,1571
198788,1262,25,19.0,118.0,179.0,243.89285714285717,D:\AprPanama2025_fixed\041325_experimental\041325PA_experimental_part12.mp4,1900-01-01 22:54:18.800,1562
198789,1271,25,6.0,119.0,171.0,243.3333333333333,D:\AprPanama2025_fixed\041325_experimental\041325PA_experimental_part12.mp4,1900-01-01 22:54:18.900,1571
198789,1262,24,21.5,114.0,179.0,240.06666666666663,D:\AprPanama2025_fixed\041325_experimental\041325PA_experimental_part12.mp4,1900-01-01 22:54:18.900,1562
198782,1271,25,3.5,114.0,174.0,247.66666666666663,D:\AprPanama2025_fixed\041325_experimental\041325PA_experimental_part12.mp4,1900-01-01 22:54:18.200,1571
198782,1262,24,17.5,117.0,179.0,242.11538461538464,D:\AprPanama2025_fixed\041325_experimental\041325PA_experimental_part12.mp4,1900-01-01 22:54:18.200,1562
198793,1271,25,11.5,117.0,177.0,244.68421052631575,D:\AprPanama2025_fixed\041325_experimental\041325PA_experimental_part12.mp4,1900-01-01 22:54:19.300,1571
198793,1262,24,23.5,116.0,213.0,235.60606060606065,D:\AprPanama2025_fixed\041325_experimental\041325PA_experimental_part12.mp4,1900-01-01 22:54:19.300,1562
198794,1272,25,16.0,112.0,179.0,245.29166666666663,D:\AprPanama2025_fixed\041325_experimental\041325PA_experimental_part12.mp4,1900-01-01 22:54:19.400,1572
198794,1262,25,33.5,113.0,224.0,230.82222222222225,D:\AprPanama2025_fixed\041325_experimental\041325PA_experimental_part12.mp4,1900-01-01 22:54:19.400,1562
198790,1271,25,10.5,122.0,179.0,238.7058823529412,D:\AprPanama2025_fixed\041325_experimental\041325PA_experimental_part12.mp4,1900-01-01 22:54:19.000,1571
198790,1262,24,21.5,118.0,179.0,242.53333333333333,D:\AprPanama2025_fixed\041325_experimental\041325PA_experimental_part12.mp4,1900-01-01 22:54:19.000,1562
198795,1272,26,23.0,125.0,179.0,249.21875,D:\AprPanama2025_fixed\041325_experimental\041325PA_experimental_part12.mp4,1900-01-01 22:54:19.500,1572
198795,1262,25,38.0,116.0,247.0,237.84,D:\AprPanama2025_fixed\041325_experimental\041325PA_experimental_part12.mp4,1900-01-01 22:54:19.500,1562
198797,1267,25,99.5,112.0,254.0,240.72131147540983,D:\AprPanama2025_fixed\041325_experimental\041325PA_experimental_part12.mp4,1900-01-01 22:54:19.700,1567
198791,1271,25,9.5,127.0,179.0,250.0,D:\AprPanama2025_fixed\041325_experimental\041325PA_experimental_part12.mp4,1900-01-01 22:54:19.100,1571
198791,1262,24,19.5,118.0,179.0,244.60714285714283,D:\AprPanama2025_fixed\041325_experimental\041325PA_experimental_part12.mp4,1900-01-01 22:54:19.100,1562
198791,1193,347,3.5,111.0,152.0,204.3333333333333,D:\AprPanama2025_fixed\041325_experimental\041325PA_experimental_part12.mp4,1900-01-01 22:54:19.100,1493
198796,1266,25,81.5,112.0,251.0,241.4519230769231,D:\AprPanama2025_fixed\041325_experimental\041325PA_experimental_part12.mp4,1900-01-01 22:54:19.600,1566
198792,1271,25,11.0,115.0,176.0,247.94444444444443,D:\AprPanama2025_fixed\041325_experimental\041325PA_experimental_part12.mp4,1900-01-01 22:54:19.200,1571
198792,1262,24,23.5,130.0,179.0,240.33333333333331,D:\AprPanama2025_fixed\041325_experimental\041325PA_experimental_part12.mp4,1900-01-01 22:54:19.200,1562
198801,1266,25,108.0,112.0,255.0,243.1450381679389,D:\AprPanama2025_fixed\041325_experimental\041325PA_experimental_part12.mp4,1900-01-01 22:54:20.100,1566
198802,1266,25,112.0,111.0,254.0,242.06666666666663,D:\AprPanama2025_fixed\041325_experimental\041325PA_experimental_part12.mp4,1900-01-01 22:54:20.200,1566
198803,1266,25,110.0,115.0,253.0,242.48872180451127,D:\AprPanama2025_fixed\041325_experimental\041325PA_experimental_part12.mp4,1900-01-01 22:54:20.300,1566
198800,1266,25,105.5,115.0,254.0,243.0078125,D:\AprPanama2025_fixed\041325_experimental\041325PA_experimental_part12.mp4,1900-01-01 22:54:20.000,1566
198805,1266,25,103.0,114.0,255.0,242.1746031746032,D:\AprPanama2025_fixed\041325_experimental\041325PA_experimental_part12.mp4,1900-01-01 22:54:20.500,1566
198799,1266,25,106.5,112.0,255.0,244.1627906976744,D:\AprPanama2025_fixed\041325_experimental\041325PA_experimental_part12.mp4,1900-01-01 22:54:19.900,1566
198804,1266,25,107.0,114.0,255.0,242.91538461538465,D:\AprPanama2025_fixed\041325_experimental\041325PA_experimental_part12.mp4,1900-01-01 22:54:20.400,1566
198798,1266,25,109.0,112.0,254.0,243.15789473684208,D:\AprPanama2025_fixed\041325_experimental\041325PA_experimental_part12.mp4,1900-01-01 22:54:19.800,1566
198809,1266,25,83.5,111.0,255.0,245.15238095238095,D:\AprPanama2025_fixed\041325_experimental\041325PA_experimental_part12.mp4,1900-01-01 22:54:20.900,1566
198810,1266,25,84.5,113.0,255.0,245.7075471698113,D:\AprPanama2025_fixed\041325_experimental\041325PA_experimental_part12.mp4,1900-01-01 22:54:21.000,1566
198812,1266,25,81.0,112.0,249.0,245.89215686274508,D:\AprPanama2025_fixed\041325_experimental\041325PA_experimental_part12.mp4,1900-01-01 22:54:21.200,1566
198807,1266,25,99.5,114.0,253.0,242.41463414634148,D:\AprPanama2025_fixed\041325_experimental\041325PA_experimental_part12.mp4,1900-01-01 22:54:20.700,1566
198813,1266,25,76.5,113.0,244.0,247.234693877551,D:\AprPanama2025_fixed\041325_experimental\041325PA_experimental_part12.mp4,1900-01-01 22:54:21.300,1566
198806,1266,25,99.5,115.0,251.0,243.2926829268293,D:\AprPanama2025_fixed\041325_experimental\041325PA_experimental_part12.mp4,1900-01-01 22:54:20.600,1566
198811,1266,25,82.0,113.0,254.0,245.2038834951456,D:\AprPanama2025_fixed\041325_experimental\041325PA_experimental_part12.mp4,1900-01-01 22:54:21.100,1566
198808,1266,25,81.5,111.0,253.0,244.6796116504854,D:\AprPanama2025_fixed\041325_experimental\041325PA_experimental_part12.mp4,1900-01-01 22:54:20.800,1566
198820,1272,26,19.0,113.0,179.0,250.64285714285717,D:\AprPanama2025_fixed\041325_experimental\041325PA_experimental_part12.mp4,1900-01-01 22:54:22.000,1572
198820,1263,25,38.5,118.0,249.0,238.4705882352941,D:\AprPanama2025_fixed\041325_experimental\041325PA_experimental_part12.mp4,1900-01-01 22:54:22.000,1563
198817,1265,25,58.5,119.0,255.0,244.69620253164555,D:\AprPanama2025_fixed\041325_experimental\041325PA_experimental_part12.mp4,1900-01-01 22:54:21.700,1565
198819,1271,26,21.5,113.0,179.0,248.5,D:\AprPanama2025_fixed\041325_experimental\041325PA_experimental_part12.mp4,1900-01-01 22:54:21.900,1571
198819,1263,25,40.5,111.0,252.0,235.47169811320757,D:\AprPanama2025_fixed\041325_experimental\041325PA_experimental_part12.mp4,1900-01-01 22:54:21.900,1563
198818,1272,25,16.5,113.0,179.0,246.2,D:\AprPanama2025_fixed\041325_experimental\041325PA_experimental_part12.mp4,1900-01-01 22:54:21.800,1572
198818,1263,25,39.5,111.0,236.0,230.1346153846154,D:\AprPanama2025_fixed\041325_experimental\041325PA_experimental_part12.mp4,1900-01-01 22:54:21.800,1563
198816,1266,25,60.0,112.0,237.0,240.8148148148148,D:\AprPanama2025_fixed\041325_experimental\041325PA_experimental_part12.mp4,1900-01-01 22:54:21.600,1566
198815,1266,25,67.0,111.0,250.0,244.0568181818182,D:\AprPanama2025_fixed\041325_experimental\041325PA_experimental_part12.mp4,1900-01-01 22:54:21.500,1566
198821,1272,26,18.5,111.0,179.0,248.14814814814807,D:\AprPanama2025_fixed\041325_experimental\041325PA_experimental_part12.mp4,1900-01-01 22:54:22.100,1572
198821,1263,25,36.5,113.0,206.0,237.35416666666663,D:\AprPanama2025_fixed\041325_experimental\041325PA_experimental_part12.mp4,1900-01-01 22:54:22.100,1563
198814,1266,25,72.5,112.0,244.0,247.79787234042556,D:\AprPanama2025_fixed\041325_experimental\041325PA_experimental_part12.mp4,1900-01-01 22:54:21.400,1566
198822,1272,26,20.0,118.0,179.0,244.75,D:\AprPanama2025_fixed\041325_experimental\041325PA_experimental_part12.mp4,1900-01-01 22:54:22.200,1572
198822,1262,25,35.0,114.0,241.0,241.56521739130437,D:\AprPanama2025_fixed\041325_experimental\041325PA_experimental_part12.mp4,1900-01-01 22:54:22.200,1562
198824,1272,25,17.0,130.0,179.0,251.04,D:\AprPanama2025_fixed\041325_experimental\041325PA_experimental_part12.mp4,1900-01-01 22:54:22.400,1572
198824,1263,25,37.0,117.0,255.0,238.5,D:\AprPanama2025_fixed\041325_experimental\041325PA_experimental_part12.mp4,1900-01-01 22:54:22.400,1563
198828,1272,25,16.5,117.0,179.0,249.4,D:\AprPanama2025_fixed\041325_experimental\041325PA_experimental_part12.mp4,1900-01-01 22:54:22.800,1572
198828,1263,25,34.0,112.0,248.0,235.7555555555556,D:\AprPanama2025_fixed\041325_experimental\041325PA_experimental_part12.mp4,1900-01-01 22:54:22.800,1563
198823,1272,25,17.0,131.0,179.0,248.72,D:\AprPanama2025_fixed\041325_experimental\041325PA_experimental_part12.mp4,1900-01-01 22:54:22.300,1572
198823,1263,24,34.0,113.0,179.0,241.13333333333333,D:\AprPanama2025_fixed\041325_experimental\041325PA_experimental_part12.mp4,1900-01-01 22:54:22.300,1563
198825,1272,25,17.0,130.0,179.0,249.56,D:\AprPanama2025_fixed\041325_experimental\041325PA_experimental_part12.mp4,1900-01-01 22:54:22.500,1572
198825,1262,25,35.5,113.0,248.0,239.91489361702128,D:\AprPanama2025_fixed\041325_experimental\041325PA_experimental_part12.mp4,1900-01-01 22:54:22.500,1562
198829,1272,25,16.0,124.0,179.0,249.5833333333333,D:\AprPanama2025_fixed\041325_experimental\041325PA_experimental_part12.mp4,1900-01-01 22:54:22.900,1572
198829,1263,25,35.5,111.0,241.0,229.25531914893617,D:\AprPanama2025_fixed\041325_experimental\041325PA_experimental_part12.mp4,1900-01-01 22:54:22.900,1563
198826,1272,25,17.0,115.0,179.0,247.36,D:\AprPanama2025_fixed\041325_experimental\041325PA_experimental_part12.mp4,1900-01-01 22:54:22.600,1572
198826,1263,25,36.5,111.0,250.0,236.0208333333333,D:\AprPanama2025_fixed\041325_experimental\041325PA_experimental_part12.mp4,1900-01-01 22:54:22.600,1563
198827,1272,25,16.0,135.0,179.0,247.75,D:\AprPanama2025_fixed\041325_experimental\041325PA_experimental_part12.mp4,1900-01-01 22:54:22.700,1572
198827,1263,25,33.5,116.0,249.0,239.22727272727275,D:\AprPanama2025_fixed\041325_experimental\041325PA_experimental_part12.mp4,1900-01-01 22:54:22.700,1563
198832,1272,25,17.0,131.0,179.0,250.44,D:\AprPanama2025_fixed\041325_experimental\041325PA_experimental_part12.mp4,1900-01-01 22:54:23.200,1572
198832,1263,25,36.5,120.0,223.0,240.35416666666663,D:\AprPanama2025_fixed\041325_experimental\041325PA_experimental_part12.mp4,1900-01-01 22:54:23.200,1563
198835,1272,25,17.0,111.0,179.0,242.1923076923077,D:\AprPanama2025_fixed\041325_experimental\041325PA_experimental_part12.mp4,1900-01-01 22:54:23.500,1572
198835,1262,25,34.0,112.0,250.0,235.64444444444445,D:\AprPanama2025_fixed\041325_experimental\041325PA_experimental_part12.mp4,1900-01-01 22:54:23.500,1562
198837,1272,25,17.5,127.0,179.0,244.92307692307693,D:\AprPanama2025_fixed\041325_experimental\041325PA_experimental_part12.mp4,1900-01-01 22:54:23.700,1572
198837,1263,25,36.0,119.0,245.0,237.3617021276596,D:\AprPanama2025_fixed\041325_experimental\041325PA_experimental_part12.mp4,1900-01-01 22:54:23.700,1563
198833,1272,25,17.5,120.0,179.0,246.3846153846154,D:\AprPanama2025_fixed\041325_experimental\041325PA_experimental_part12.mp4,1900-01-01 22:54:23.300,1572
198833,1263,24,35.0,113.0,229.0,242.3478260869565,D:\AprPanama2025_fixed\041325_experimental\041325PA_experimental_part12.mp4,1900-01-01 22:54:23.300,1563
198836,1272,25,16.0,125.0,179.0,245.5,D:\AprPanama2025_fixed\041325_experimental\041325PA_experimental_part12.mp4,1900-01-01 22:54:23.600,1572
198836,1262,25,34.5,118.0,244.0,238.8444444444445,D:\AprPanama2025_fixed\041325_experimental\041325PA_experimental_part12.mp4,1900-01-01 22:54:23.600,1562
198831,1272,25,17.5,114.0,179.0,248.8846153846154,D:\AprPanama2025_fixed\041325_experimental\041325PA_experimental_part12.mp4,1900-01-01 22:54:23.100,1572
198831,1263,25,33.0,115.0,253.0,238.8409090909091,D:\AprPanama2025_fixed\041325_experimental\041325PA_experimental_part12.mp4,1900-01-01 22:54:23.100,1563
198834,1272,25,16.5,111.0,179.0,242.96,D:\AprPanama2025_fixed\041325_experimental\041325PA_experimental_part12.mp4,1900-01-01 22:54:23.400,1572
198834,1262,25,32.5,114.0,252.0,238.86046511627907,D:\AprPanama2025_fixed\041325_experimental\041325PA_experimental_part12.mp4,1900-01-01 22:54:23.400,1562
198830,1272,25,18.5,111.0,179.0,248.4074074074074,D:\AprPanama2025_fixed\041325_experimental\041325PA_experimental_part12.mp4,1900-01-01 22:54:23.000,1572
198830,1263,25,34.5,112.0,251.0,237.43478260869568,D:\AprPanama2025_fixed\041325_experimental\041325PA_experimental_part12.mp4,1900-01-01 22:54:23.000,1563
198838,1272,25,18.0,115.0,179.0,244.07407407407405,D:\AprPanama2025_fixed\041325_experimental\041325PA_experimental_part12.mp4,1900-01-01 22:54:23.800,1572
198838,1263,25,37.5,116.0,250.0,236.0612244897959,D:\AprPanama2025_fixed\041325_experimental\041325PA_experimental_part12.mp4,1900-01-01 22:54:23.800,1563
198843,1272,25,20.0,111.0,179.0,249.6206896551724,D:\AprPanama2025_fixed\041325_experimental\041325PA_experimental_part12.mp4,1900-01-01 22:54:24.300,1572
198843,1263,25,39.0,117.0,250.0,237.58823529411765,D:\AprPanama2025_fixed\041325_experimental\041325PA_experimental_part12.mp4,1900-01-01 22:54:24.300,1563
198844,1272,25,20.5,112.0,179.0,247.79310344827587,D:\AprPanama2025_fixed\041325_experimental\041325PA_experimental_part12.mp4,1900-01-01 22:54:24.400,1572
198844,1263,25,38.0,120.0,254.0,236.5,D:\AprPanama2025_fixed\041325_experimental\041325PA_experimental_part12.mp4,1900-01-01 22:54:24.400,1563
198845,1272,25,21.0,113.0,179.0,245.06666666666663,D:\AprPanama2025_fixed\041325_experimental\041325PA_experimental_part12.mp4,1900-01-01 22:54:24.500,1572
198845,1263,25,39.5,111.0,249.0,232.40384615384616,D:\AprPanama2025_fixed\041325_experimental\041325PA_experimental_part12.mp4,1900-01-01 22:54:24.500,1563
198841,1272,26,19.0,114.0,179.0,248.75,D:\AprPanama2025_fixed\041325_experimental\041325PA_experimental_part12.mp4,1900-01-01 22:54:24.100,1572
198841,1263,25,38.0,113.0,252.0,235.68,D:\AprPanama2025_fixed\041325_experimental\041325PA_experimental_part12.mp4,1900-01-01 22:54:24.100,1563
198840,1272,25,17.5,118.0,179.0,242.5769230769231,D:\AprPanama2025_fixed\041325_experimental\041325PA_experimental_part12.mp4,1900-01-01 22:54:24.000,1572
198840,1263,25,39.0,117.0,251.0,235.68627450980392,D:\AprPanama2025_fixed\041325_experimental\041325PA_experimental_part12.mp4,1900-01-01 22:54:24.000,1563
198842,1272,25,18.5,116.0,179.0,248.55555555555557,D:\AprPanama2025_fixed\041325_experimental\041325PA_experimental_part12.mp4,1900-01-01 22:54:24.200,1572
198842,1263,25,38.0,116.0,250.0,235.7,D:\AprPanama2025_fixed\041325_experimental\041325PA_experimental_part12.mp4,1900-01-01 22:54:24.200,1563
198839,1272,25,18.0,111.0,179.0,245.1111111111111,D:\AprPanama2025_fixed\041325_experimental\041325PA_experimental_part12.mp4,1900-01-01 22:54:23.900,1572
198839,1263,24,39.0,111.0,251.0,239.33333333333331,D:\AprPanama2025_fixed\041325_experimental\041325PA_experimental_part12.mp4,1900-01-01 22:54:23.900,1563
198851,1266,25,103.0,111.0,255.0,244.456,D:\AprPanama2025_fixed\041325_experimental\041325PA_experimental_part12.mp4,1900-01-01 22:54:25.100,1566
198848,1266,25,73.0,115.0,254.0,239.5368421052632,D:\AprPanama2025_fixed\041325_experimental\041325PA_experimental_part12.mp4,1900-01-01 22:54:24.800,1566
198850,1266,24,85.0,112.0,254.0,241.5871559633028,D:\AprPanama2025_fixed\041325_experimental\041325PA_experimental_part12.mp4,1900-01-01 22:54:25.000,1566
198849,1266,25,76.0,123.0,254.0,238.67,D:\AprPanama2025_fixed\041325_experimental\041325PA_experimental_part12.mp4,1900-01-01 22:54:24.900,1566
198852,1267,25,111.5,111.0,255.0,240.23703703703703,D:\AprPanama2025_fixed\041325_experimental\041325PA_experimental_part12.mp4,1900-01-01 22:54:25.200,1567
198847,1272,26,20.5,113.0,179.0,249.44827586206893,D:\AprPanama2025_fixed\041325_experimental\041325PA_experimental_part12.mp4,1900-01-01 22:54:24.700,1572
198847,1263,25,40.0,115.0,254.0,236.41509433962264,D:\AprPanama2025_fixed\041325_experimental\041325PA_experimental_part12.mp4,1900-01-01 22:54:24.700,1563
198853,1267,25,110.5,111.0,255.0,240.06716417910448,D:\AprPanama2025_fixed\041325_experimental\041325PA_experimental_part12.mp4,1900-01-01 22:54:25.300,1567
198846,1272,26,19.5,121.0,179.0,247.85714285714283,D:\AprPanama2025_fixed\041325_experimental\041325PA_experimental_part12.mp4,1900-01-01 22:54:24.600,1572
198846,1263,24,40.0,121.0,242.0,238.4423076923077,D:\AprPanama2025_fixed\041325_experimental\041325PA_experimental_part12.mp4,1900-01-01 22:54:24.600,1563
198861,1266,25,96.5,112.0,255.0,243.4705882352941,D:\AprPanama2025_fixed\041325_experimental\041325PA_experimental_part12.mp4,1900-01-01 22:54:26.100,1566
198858,1266,25,111.0,115.0,255.0,240.4179104477612,D:\AprPanama2025_fixed\041325_experimental\041325PA_experimental_part12.mp4,1900-01-01 22:54:25.800,1566
198856,1266,25,108.5,112.0,255.0,241.0763358778626,D:\AprPanama2025_fixed\041325_experimental\041325PA_experimental_part12.mp4,1900-01-01 22:54:25.600,1566
198859,1266,25,107.0,112.0,255.0,239.7846153846154,D:\AprPanama2025_fixed\041325_experimental\041325PA_experimental_part12.mp4,1900-01-01 22:54:25.900,1566
198857,1267,25,107.5,113.0,254.0,242.1526717557252,D:\AprPanama2025_fixed\041325_experimental\041325PA_experimental_part12.mp4,1900-01-01 22:54:25.700,1567
198860,1266,25,103.5,111.0,255.0,240.2222222222222,D:\AprPanama2025_fixed\041325_experimental\041325PA_experimental_part12.mp4,1900-01-01 22:54:26.000,1566
198854,1267,25,113.0,117.0,255.0,241.52205882352945,D:\AprPanama2025_fixed\041325_experimental\041325PA_experimental_part12.mp4,1900-01-01 22:54:25.400,1567
198855,1267,25,113.0,112.0,255.0,241.4558823529412,D:\AprPanama2025_fixed\041325_experimental\041325PA_experimental_part12.mp4,1900-01-01 22:54:25.500,1567
198868,1266,25,69.5,112.0,250.0,242.0217391304348,D:\AprPanama2025_fixed\041325_experimental\041325PA_experimental_part12.mp4,1900-01-01 22:54:26.800,1566
198866,1266,25,80.0,112.0,253.0,245.3689320388349,D:\AprPanama2025_fixed\041325_experimental\041325PA_experimental_part12.mp4,1900-01-01 22:54:26.600,1566
198867,1266,25,75.5,111.0,255.0,244.09183673469383,D:\AprPanama2025_fixed\041325_experimental\041325PA_experimental_part12.mp4,1900-01-01 22:54:26.700,1566
198865,1266,25,85.0,112.0,253.0,245.07407407407405,D:\AprPanama2025_fixed\041325_experimental\041325PA_experimental_part12.mp4,1900-01-01 22:54:26.500,1566
198869,1266,25,68.0,113.0,250.0,242.92307692307693,D:\AprPanama2025_fixed\041325_experimental\041325PA_experimental_part12.mp4,1900-01-01 22:54:26.900,1566
198863,1266,25,88.5,119.0,255.0,244.55357142857144,D:\AprPanama2025_fixed\041325_experimental\041325PA_experimental_part12.mp4,1900-01-01 22:54:26.300,1566
198862,1266,25,91.0,124.0,255.0,244.32743362831857,D:\AprPanama2025_fixed\041325_experimental\041325PA_experimental_part12.mp4,1900-01-01 22:54:26.200,1566
198864,1266,25,87.0,112.0,254.0,244.6,D:\AprPanama2025_fixed\041325_experimental\041325PA_experimental_part12.mp4,1900-01-01 22:54:26.400,1566
198871,1272,25,18.5,121.0,179.0,247.74074074074076,D:\AprPanama2025_fixed\041325_experimental\041325PA_experimental_part12.mp4,1900-01-01 22:54:27.100,1572
198871,1262,24,43.0,113.0,251.0,240.89090909090908,D:\AprPanama2025_fixed\041325_experimental\041325PA_experimental_part12.mp4,1900-01-01 22:54:27.100,1562
198876,1272,25,12.5,118.0,179.0,248.7,D:\AprPanama2025_fixed\041325_experimental\041325PA_experimental_part12.mp4,1900-01-01 22:54:27.600,1572
198876,1263,24,27.5,111.0,230.0,242.6052631578947,D:\AprPanama2025_fixed\041325_experimental\041325PA_experimental_part12.mp4,1900-01-01 22:54:27.600,1563
198877,1271,25,11.5,118.0,179.0,247.6315789473684,D:\AprPanama2025_fixed\041325_experimental\041325PA_experimental_part12.mp4,1900-01-01 22:54:27.700,1571
198877,1263,24,27.0,127.0,179.0,245.07894736842104,D:\AprPanama2025_fixed\041325_experimental\041325PA_experimental_part12.mp4,1900-01-01 22:54:27.700,1563
198873,1272,25,15.5,116.0,179.0,244.0,D:\AprPanama2025_fixed\041325_experimental\041325PA_experimental_part12.mp4,1900-01-01 22:54:27.300,1572
198873,1263,25,36.0,115.0,236.0,235.46808510638297,D:\AprPanama2025_fixed\041325_experimental\041325PA_experimental_part12.mp4,1900-01-01 22:54:27.300,1563
198872,1272,25,17.5,119.0,179.0,243.7692307692308,D:\AprPanama2025_fixed\041325_experimental\041325PA_experimental_part12.mp4,1900-01-01 22:54:27.200,1572
198872,1263,24,40.0,115.0,241.0,244.45098039215685,D:\AprPanama2025_fixed\041325_experimental\041325PA_experimental_part12.mp4,1900-01-01 22:54:27.200,1563
198874,1272,25,15.0,111.0,179.0,248.54545454545456,D:\AprPanama2025_fixed\041325_experimental\041325PA_experimental_part12.mp4,1900-01-01 22:54:27.400,1572
198874,1263,25,32.5,128.0,243.0,242.62790697674416,D:\AprPanama2025_fixed\041325_experimental\041325PA_experimental_part12.mp4,1900-01-01 22:54:27.400,1563
198875,1272,25,15.5,116.0,179.0,245.8260869565217,D:\AprPanama2025_fixed\041325_experimental\041325PA_experimental_part12.mp4,1900-01-01 22:54:27.500,1572
198875,1263,24,30.0,123.0,251.0,241.45,D:\AprPanama2025_fixed\041325_experimental\041325PA_experimental_part12.mp4,1900-01-01 22:54:27.500,1563
198870,1265,25,66.5,116.0,252.0,243.29213483146063,D:\AprPanama2025_fixed\041325_experimental\041325PA_experimental_part12.mp4,1900-01-01 22:54:27.000,1565
198880,1271,25,7.5,125.0,177.0,249.0,D:\AprPanama2025_fixed\041325_experimental\041325PA_experimental_part12.mp4,1900-01-01 22:54:28.000,1571
198880,1262,24,27.0,112.0,179.0,244.2972972972973,D:\AprPanama2025_fixed\041325_experimental\041325PA_experimental_part12.mp4,1900-01-01 22:54:28.000,1562
198885,1271,25,3.0,111.0,165.0,255.0,D:\AprPanama2025_fixed\041325_experimental\041325PA_experimental_part12.mp4,1900-01-01 22:54:28.500,1571
198885,1262,24,20.0,111.0,179.0,238.68965517241375,D:\AprPanama2025_fixed\041325_experimental\041325PA_experimental_part12.mp4,1900-01-01 22:54:28.500,1562
198883,1271,25,3.5,119.0,174.0,249.88888888888889,D:\AprPanama2025_fixed\041325_experimental\041325PA_experimental_part12.mp4,1900-01-01 22:54:28.300,1571
198883,1262,24,25.5,112.0,179.0,246.77142857142857,D:\AprPanama2025_fixed\041325_experimental\041325PA_experimental_part12.mp4,1900-01-01 22:54:28.300,1562
198882,1271,25,6.0,119.0,179.0,239.8333333333333,D:\AprPanama2025_fixed\041325_experimental\041325PA_experimental_part12.mp4,1900-01-01 22:54:28.200,1571
198882,1263,24,24.0,120.0,179.0,241.4705882352941,D:\AprPanama2025_fixed\041325_experimental\041325PA_experimental_part12.mp4,1900-01-01 22:54:28.200,1563
198881,1271,25,7.5,118.0,176.0,251.78571428571428,D:\AprPanama2025_fixed\041325_experimental\041325PA_experimental_part12.mp4,1900-01-01 22:54:28.100,1571
198881,1263,24,24.0,118.0,179.0,246.11764705882356,D:\AprPanama2025_fixed\041325_experimental\041325PA_experimental_part12.mp4,1900-01-01 22:54:28.100,1563
198884,1262,24,24.0,114.0,179.0,241.42424242424244,D:\AprPanama2025_fixed\041325_experimental\041325PA_experimental_part12.mp4,1900-01-01 22:54:28.400,1562
198879,1271,25,11.5,113.0,178.0,236.94444444444443,D:\AprPanama2025_fixed\041325_experimental\041325PA_experimental_part12.mp4,1900-01-01 22:54:27.900,1571
198879,1262,24,26.0,122.0,210.0,242.66666666666663,D:\AprPanama2025_fixed\041325_experimental\041325PA_experimental_part12.mp4,1900-01-01 22:54:27.900,1562
198878,1271,25,10.5,113.0,179.0,238.11764705882356,D:\AprPanama2025_fixed\041325_experimental\041325PA_experimental_part12.mp4,1900-01-01 22:54:27.800,1571
198878,1263,24,26.5,111.0,179.0,243.7027027027027,D:\AprPanama2025_fixed\041325_experimental\041325PA_experimental_part12.mp4,1900-01-01 22:54:27.800,1563
198888,1271,25,1.5,116.0,142.0,249.6,D:\AprPanama2025_fixed\041325_experimental\041325PA_experimental_part12.mp4,1900-01-01 22:54:28.800,1571
198888,1262,24,16.0,150.0,179.0,240.92,D:\AprPanama2025_fixed\041325_experimental\041325PA_experimental_part12.mp4,1900-01-01 22:54:28.800,1562
198887,1271,25,2.5,129.0,165.0,254.0,D:\AprPanama2025_fixed\041325_experimental\041325PA_experimental_part12.mp4,1900-01-01 22:54:28.700,1571
198887,1262,24,20.0,111.0,179.0,238.89655172413796,D:\AprPanama2025_fixed\041325_experimental\041325PA_experimental_part12.mp4,1900-01-01 22:54:28.700,1562
198893,1262,24,16.0,130.0,179.0,244.0,D:\AprPanama2025_fixed\041325_experimental\041325PA_experimental_part12.mp4,1900-01-01 22:54:29.300,1562
198891,1262,24,17.0,150.0,179.0,238.7692307692308,D:\AprPanama2025_fixed\041325_experimental\041325PA_experimental_part12.mp4,1900-01-01 22:54:29.100,1562
198890,1262,24,17.0,112.0,179.0,236.61538461538464,D:\AprPanama2025_fixed\041325_experimental\041325PA_experimental_part12.mp4,1900-01-01 22:54:29.000,1562
198886,1272,25,1.5,117.0,159.0,255.0,D:\AprPanama2025_fixed\041325_experimental\041325PA_experimental_part12.mp4,1900-01-01 22:54:28.600,1572
198886,1262,24,19.0,111.0,179.0,238.28571428571428,D:\AprPanama2025_fixed\041325_experimental\041325PA_experimental_part12.mp4,1900-01-01 22:54:28.600,1562
198889,1262,24,18.0,114.0,179.0,236.59259259259255,D:\AprPanama2025_fixed\041325_experimental\041325PA_experimental_part12.mp4,1900-01-01 22:54:28.900,1562
198892,1262,24,16.0,130.0,179.0,242.28,D:\AprPanama2025_fixed\041325_experimental\041325PA_experimental_part12.mp4,1900-01-01 22:54:29.200,1562
198899,1262,24,15.0,116.0,179.0,240.91304347826087,D:\AprPanama2025_fixed\041325_experimental\041325PA_experimental_part12.mp4,1900-01-01 22:54:29.900,1562
198897,1262,24,16.0,116.0,179.0,241.56,D:\AprPanama2025_fixed\041325_experimental\041325PA_experimental_part12.mp4,1900-01-01 22:54:29.700,1562
198901,1262,24,12.5,112.0,179.0,241.65,D:\AprPanama2025_fixed\041325_experimental\041325PA_experimental_part12.mp4,1900-01-01 22:54:30.100,1562
198898,1262,24,15.5,119.0,179.0,240.3333333333333,D:\AprPanama2025_fixed\041325_experimental\041325PA_experimental_part12.mp4,1900-01-01 22:54:29.800,1562
198895,1262,24,16.0,131.0,179.0,241.24,D:\AprPanama2025_fixed\041325_experimental\041325PA_experimental_part12.mp4,1900-01-01 22:54:29.500,1562
198896,1262,24,16.0,123.0,179.0,241.16,D:\AprPanama2025_fixed\041325_experimental\041325PA_experimental_part12.mp4,1900-01-01 22:54:29.600,1562
198900,1262,24,13.5,119.0,179.0,242.28571428571428,D:\AprPanama2025_fixed\041325_experimental\041325PA_experimental_part12.mp4,1900-01-01 22:54:30.000,1562
198894,1262,24,16.0,131.0,179.0,243.6,D:\AprPanama2025_fixed\041325_experimental\041325PA_experimental_part12.mp4,1900-01-01 22:54:29.400,1562
198903,1262,24,8.5,116.0,178.0,244.9333333333333,D:\AprPanama2025_fixed\041325_experimental\041325PA_experimental_part12.mp4,1900-01-01 22:54:30.300,1562
198909,1262,24,8.0,115.0,177.0,248.42857142857144,D:\AprPanama2025_fixed\041325_experimental\041325PA_experimental_part12.mp4,1900-01-01 22:54:30.900,1562
198907,1262,24,8.5,111.0,185.0,245.26666666666665,D:\AprPanama2025_fixed\041325_experimental\041325PA_experimental_part12.mp4,1900-01-01 22:54:30.700,1562
198902,1262,24,8.5,116.0,178.0,244.9333333333333,D:\AprPanama2025_fixed\041325_experimental\041325PA_experimental_part12.mp4,1900-01-01 22:54:30.200,1562
198908,1262,24,6.0,122.0,177.0,254.0,D:\AprPanama2025_fixed\041325_experimental\041325PA_experimental_part12.mp4,1900-01-01 22:54:30.800,1562
198905,1262,24,9.5,116.0,178.0,245.4375,D:\AprPanama2025_fixed\041325_experimental\041325PA_experimental_part12.mp4,1900-01-01 22:54:30.500,1562
198906,1262,24,9.5,112.0,179.0,246.75,D:\AprPanama2025_fixed\041325_experimental\041325PA_experimental_part12.mp4,1900-01-01 22:54:30.600,1562
198904,1262,24,9.0,118.0,179.0,246.9333333333333,D:\AprPanama2025_fixed\041325_experimental\041325PA_experimental_part12.mp4,1900-01-01 22:54:30.400,1562
198914,1263,24,3.5,149.0,178.0,247.2222222222222,D:\AprPanama2025_fixed\041325_experimental\041325PA_experimental_part12.mp4,1900-01-01 22:54:31.400,1563
198911,1262,24,6.0,123.0,179.0,245.25,D:\AprPanama2025_fixed\041325_experimental\041325PA_experimental_part12.mp4,1900-01-01 22:54:31.100,1562
198916,1263,24,3.5,135.0,176.0,247.88888888888889,D:\AprPanama2025_fixed\041325_experimental\041325PA_experimental_part12.mp4,1900-01-01 22:54:31.600,1563
198917,1263,24,3.0,123.0,175.0,247.0,D:\AprPanama2025_fixed\041325_experimental\041325PA_experimental_part12.mp4,1900-01-01 22:54:31.700,1563
198913,1262,24,6.0,112.0,176.0,250.41666666666663,D:\AprPanama2025_fixed\041325_experimental\041325PA_experimental_part12.mp4,1900-01-01 22:54:31.300,1562
198915,1263,24,3.5,149.0,178.0,247.2222222222222,D:\AprPanama2025_fixed\041325_experimental\041325PA_experimental_part12.mp4,1900-01-01 22:54:31.500,1563
198912,1263,24,3.5,128.0,173.0,243.77777777777777,D:\AprPanama2025_fixed\041325_experimental\041325PA_experimental_part12.mp4,1900-01-01 22:54:31.200,1563
198910,1262,24,8.5,113.0,179.0,252.26666666666665,D:\AprPanama2025_fixed\041325_experimental\041325PA_experimental_part12.mp4,1900-01-01 22:54:31.000,1562
198922,1263,24,3.0,112.0,147.0,239.625,D:\AprPanama2025_fixed\041325_experimental\041325PA_experimental_part12.mp4,1900-01-01 22:54:32.200,1563
198918,1263,24,2.5,135.0,169.0,246.7142857142857,D:\AprPanama2025_fixed\041325_experimental\041325PA_experimental_part12.mp4,1900-01-01 22:54:31.800,1563
198923,1262,24,1.5,114.0,156.0,210.0,D:\AprPanama2025_fixed\041325_experimental\041325PA_experimental_part12.mp4,1900-01-01 22:54:32.300,1562
198919,1263,24,2.5,135.0,169.0,246.7142857142857,D:\AprPanama2025_fixed\041325_experimental\041325PA_experimental_part12.mp4,1900-01-01 22:54:31.900,1563
198931,1263,24,3.0,133.0,171.0,244.25,D:\AprPanama2025_fixed\041325_experimental\041325PA_experimental_part12.mp4,1900-01-01 22:54:33.100,1563
198928,1263,24,3.0,122.0,158.0,234.875,D:\AprPanama2025_fixed\041325_experimental\041325PA_experimental_part12.mp4,1900-01-01 22:54:32.800,1563
198929,1263,24,3.0,119.0,166.0,240.5,D:\AprPanama2025_fixed\041325_experimental\041325PA_experimental_part12.mp4,1900-01-01 22:54:32.900,1563
198927,1263,24,3.0,116.0,159.0,226.5,D:\AprPanama2025_fixed\041325_experimental\041325PA_experimental_part12.mp4,1900-01-01 22:54:32.700,1563
198930,1263,24,3.0,116.0,156.0,239.0,D:\AprPanama2025_fixed\041325_experimental\041325PA_experimental_part12.mp4,1900-01-01 22:54:33.000,1563
198932,1262,24,2.5,130.0,176.0,228.28571428571428,D:\AprPanama2025_fixed\041325_experimental\041325PA_experimental_part12.mp4,1900-01-01 22:54:33.200,1562
198933,1263,24,3.5,138.0,176.0,250.3333333333333,D:\AprPanama2025_fixed\041325_experimental\041325PA_experimental_part12.mp4,1900-01-01 22:54:33.300,1563
198926,1263,24,3.0,116.0,159.0,226.5,D:\AprPanama2025_fixed\041325_experimental\041325PA_experimental_part12.mp4,1900-01-01 22:54:32.600,1563
198935,1263,24,3.0,135.0,173.0,248.5,D:\AprPanama2025_fixed\041325_experimental\041325PA_experimental_part12.mp4,1900-01-01 22:54:33.500,1563
198940,1263,24,3.0,118.0,161.0,248.625,D:\AprPanama2025_fixed\041325_experimental\041325PA_experimental_part12.mp4,1900-01-01 22:54:34.000,1563
198937,1263,24,3.0,118.0,161.0,245.5,D:\AprPanama2025_fixed\041325_experimental\041325PA_experimental_part12.mp4,1900-01-01 22:54:33.700,1563
198934,1263,24,3.0,150.0,178.0,249.875,D:\AprPanama2025_fixed\041325_experimental\041325PA_experimental_part12.mp4,1900-01-01 22:54:33.400,1563
198941,1263,24,3.0,118.0,161.0,248.625,D:\AprPanama2025_fixed\041325_experimental\041325PA_experimental_part12.mp4,1900-01-01 22:54:34.100,1563
198938,1263,24,1.5,118.0,156.0,250.66666666666663,D:\AprPanama2025_fixed\041325_experimental\041325PA_experimental_part12.mp4,1900-01-01 22:54:33.800,1563
198936,1263,24,3.0,127.0,168.0,248.25,D:\AprPanama2025_fixed\041325_experimental\041325PA_experimental_part12.mp4,1900-01-01 22:54:33.600,1563
198942,1263,24,2.5,113.0,151.0,241.14285714285717,D:\AprPanama2025_fixed\041325_experimental\041325PA_experimental_part12.mp4,1900-01-01 22:54:34.200,1563
198956,1264,24,1.5,112.0,151.0,242.66666666666663,D:\AprPanama2025_fixed\041325_experimental\041325PA_experimental_part12.mp4,1900-01-01 22:54:35.600,1564
198952,1264,24,1.5,116.0,154.0,253.3333333333333,D:\AprPanama2025_fixed\041325_experimental\041325PA_experimental_part12.mp4,1900-01-01 22:54:35.200,1564
198957,1264,24,1.5,112.0,148.0,253.3333333333333,D:\AprPanama2025_fixed\041325_experimental\041325PA_experimental_part12.mp4,1900-01-01 22:54:35.700,1564
198951,1263,24,2.0,111.0,154.0,249.7142857142857,D:\AprPanama2025_fixed\041325_experimental\041325PA_experimental_part12.mp4,1900-01-01 22:54:35.100,1563
198954,1264,24,1.5,134.0,166.0,241.16666666666663,D:\AprPanama2025_fixed\041325_experimental\041325PA_experimental_part12.mp4,1900-01-01 22:54:35.400,1564
198950,1264,24,1.5,113.0,153.0,247.5,D:\AprPanama2025_fixed\041325_experimental\041325PA_experimental_part12.mp4,1900-01-01 22:54:35.000,1564
199140,1263,24,4.0,115.0,179.0,242.9,D:\AprPanama2025_fixed\041325_experimental\041325PA_experimental_part12.mp4,1900-01-01 22:54:54.000,1563
199138,1262,24,6.5,116.0,179.0,244.30769230769232,D:\AprPanama2025_fixed\041325_experimental\041325PA_experimental_part12.mp4,1900-01-01 22:54:53.800,1562
199141,1262,24,3.5,117.0,179.0,248.44444444444443,D:\AprPanama2025_fixed\041325_experimental\041325PA_experimental_part12.mp4,1900-01-01 22:54:54.100,1562
199136,1263,24,3.5,124.0,171.0,248.3333333333333,D:\AprPanama2025_fixed\041325_experimental\041325PA_experimental_part12.mp4,1900-01-01 22:54:53.600,1563
199137,1262,24,6.5,128.0,178.0,239.15384615384616,D:\AprPanama2025_fixed\041325_experimental\041325PA_experimental_part12.mp4,1900-01-01 22:54:53.700,1562
199139,1262,24,7.5,114.0,179.0,241.92857142857144,D:\AprPanama2025_fixed\041325_experimental\041325PA_experimental_part12.mp4,1900-01-01 22:54:53.900,1562
199135,1263,24,3.0,120.0,168.0,243.875,D:\AprPanama2025_fixed\041325_experimental\041325PA_experimental_part12.mp4,1900-01-01 22:54:53.500,1563
199134,1263,24,1.5,111.0,140.0,241.0,D:\AprPanama2025_fixed\041325_experimental\041325PA_experimental_part12.mp4,1900-01-01 22:54:53.400,1563
199144,1263,24,3.0,113.0,176.0,247.0,D:\AprPanama2025_fixed\041325_experimental\041325PA_experimental_part12.mp4,1900-01-01 22:54:54.400,1563
220362,1238,185,3.5,111.0,175.0,253.8,D:\AprPanama2025_fixed\041325_experimental\041325PA_experimental_part13.mp4,1900-01-01 23:30:16.200,1538
220370,1240,185,5.0,115.0,164.0,250.1818181818182,D:\AprPanama2025_fixed\041325_experimental\041325PA_experimental_part13.mp4,1900-01-01 23:30:17.000,1540
220368,1239,185,5.5,113.0,163.0,243.91666666666663,D:\AprPanama2025_fixed\041325_experimental\041325PA_experimental_part13.mp4,1900-01-01 23:30:16.800,1539
220365,1239,185,8.5,111.0,176.0,238.9333333333333,D:\AprPanama2025_fixed\041325_experimental\041325PA_experimental_part13.mp4,1900-01-01 23:30:16.500,1539
220371,1239,185,3.0,112.0,167.0,241.2222222222222,D:\AprPanama2025_fixed\041325_experimental\041325PA_experimental_part13.mp4,1900-01-01 23:30:17.100,1539
220366,1239,185,9.5,118.0,176.0,241.25,D:\AprPanama2025_fixed\041325_experimental\041325PA_experimental_part13.mp4,1900-01-01 23:30:16.600,1539
220367,1240,186,2.5,113.0,165.0,245.16666666666663,D:\AprPanama2025_fixed\041325_experimental\041325PA_experimental_part13.mp4,1900-01-01 23:30:16.700,1540
220372,1238,185,2.5,115.0,171.0,247.44444444444443,D:\AprPanama2025_fixed\041325_experimental\041325PA_experimental_part13.mp4,1900-01-01 23:30:17.200,1538
220369,1239,185,5.5,113.0,158.0,245.0,D:\AprPanama2025_fixed\041325_experimental\041325PA_experimental_part13.mp4,1900-01-01 23:30:16.900,1539
220374,1238,185,1.5,116.0,155.0,225.8,D:\AprPanama2025_fixed\041325_experimental\041325PA_experimental_part13.mp4,1900-01-01 23:30:17.400,1538
220373,1238,184,2.5,114.0,162.0,240.57142857142856,D:\AprPanama2025_fixed\041325_experimental\041325PA_experimental_part13.mp4,1900-01-01 23:30:17.300,1538
220700,1114,269,4.5,126.0,171.0,251.0,D:\AprPanama2025_fixed\041325_experimental\041325PA_experimental_part13.mp4,1900-01-01 23:30:50.000,1414
220704,1114,268,17.0,117.0,179.0,247.34615384615387,D:\AprPanama2025_fixed\041325_experimental\041325PA_experimental_part13.mp4,1900-01-01 23:30:50.400,1414
220703,1114,268,16.5,114.0,179.0,251.16,D:\AprPanama2025_fixed\041325_experimental\041325PA_experimental_part13.mp4,1900-01-01 23:30:50.300,1414
220701,1113,269,8.5,96.0,178.0,245.33333333333331,D:\AprPanama2025_fixed\041325_experimental\041325PA_experimental_part13.mp4,1900-01-01 23:30:50.100,1413
220701,1114,269,2.0,96.0,166.0,243.8,D:\AprPanama2025_fixed\041325_experimental\041325PA_experimental_part13.mp4,1900-01-01 23:30:50.100,1414
220702,1114,269,12.5,111.0,179.0,252.9523809523809,D:\AprPanama2025_fixed\041325_experimental\041325PA_experimental_part13.mp4,1900-01-01 23:30:50.200,1414
220706,1114,267,4.5,114.0,174.0,246.16666666666663,D:\AprPanama2025_fixed\041325_experimental\041325PA_experimental_part13.mp4,1900-01-01 23:30:50.600,1414
220707,1115,267,3.0,112.0,161.0,251.0,D:\AprPanama2025_fixed\041325_experimental\041325PA_experimental_part13.mp4,1900-01-01 23:30:50.700,1415
220705,1114,268,17.0,116.0,178.0,242.84,D:\AprPanama2025_fixed\041325_experimental\041325PA_experimental_part13.mp4,1900-01-01 23:30:50.500,1414
220709,1112,267,2.5,113.0,171.0,234.3,D:\AprPanama2025_fixed\041325_experimental\041325PA_experimental_part13.mp4,1900-01-01 23:30:50.900,1412
220727,1104,210,1.5,120.0,151.0,156.0,D:\AprPanama2025_fixed\041325_experimental\041325PA_experimental_part13.mp4,1900-01-01 23:30:52.700,1404
221002,45,21,7.5,113.0,173.0,222.64285714285717,D:\AprPanama2025_fixed\041325_experimental\041325PA_experimental_part13.mp4,1900-01-01 23:31:20.200,345
221004,45,21,11.0,112.0,178.0,229.5,D:\AprPanama2025_fixed\041325_experimental\041325PA_experimental_part13.mp4,1900-01-01 23:31:20.400,345
221004,36,22,3.0,132.0,178.0,253.42857142857144,D:\AprPanama2025_fixed\041325_experimental\041325PA_experimental_part13.mp4,1900-01-01 23:31:20.400,336
221003,45,20,11.0,116.0,179.0,231.8947368421053,D:\AprPanama2025_fixed\041325_experimental\041325PA_experimental_part13.mp4,1900-01-01 23:31:20.300,345
221003,36,22,2.0,133.0,178.0,252.5,D:\AprPanama2025_fixed\041325_experimental\041325PA_experimental_part13.mp4,1900-01-01 23:31:20.300,336
221005,45,21,12.0,116.0,208.0,213.05,D:\AprPanama2025_fixed\041325_experimental\041325PA_experimental_part13.mp4,1900-01-01 23:31:20.500,345
221005,36,22,3.0,133.0,177.0,233.7142857142857,D:\AprPanama2025_fixed\041325_experimental\041325PA_experimental_part13.mp4,1900-01-01 23:31:20.500,336
221012,45,21,8.0,113.0,177.0,241.85714285714283,D:\AprPanama2025_fixed\041325_experimental\041325PA_experimental_part13.mp4,1900-01-01 23:31:21.200,345
221012,36,22,1.5,130.0,169.0,248.4,D:\AprPanama2025_fixed\041325_experimental\041325PA_experimental_part13.mp4,1900-01-01 23:31:21.200,336
221008,45,21,9.5,124.0,235.0,208.5,D:\AprPanama2025_fixed\041325_experimental\041325PA_experimental_part13.mp4,1900-01-01 23:31:20.800,345
221008,36,22,2.0,137.0,177.0,243.66666666666663,D:\AprPanama2025_fixed\041325_experimental\041325PA_experimental_part13.mp4,1900-01-01 23:31:20.800,336
221010,45,21,8.5,113.0,177.0,232.53333333333333,D:\AprPanama2025_fixed\041325_experimental\041325PA_experimental_part13.mp4,1900-01-01 23:31:21.000,345
221010,36,23,3.5,129.0,178.0,239.0,D:\AprPanama2025_fixed\041325_experimental\041325PA_experimental_part13.mp4,1900-01-01 23:31:21.000,336
221006,45,21,11.5,115.0,208.0,220.52631578947367,D:\AprPanama2025_fixed\041325_experimental\041325PA_experimental_part13.mp4,1900-01-01 23:31:20.600,345
221006,36,22,2.0,137.0,179.0,241.0,D:\AprPanama2025_fixed\041325_experimental\041325PA_experimental_part13.mp4,1900-01-01 23:31:20.600,336
221007,45,21,11.5,115.0,208.0,220.52631578947367,D:\AprPanama2025_fixed\041325_experimental\041325PA_experimental_part13.mp4,1900-01-01 23:31:20.700,345
221007,36,23,3.5,137.0,176.0,230.0,D:\AprPanama2025_fixed\041325_experimental\041325PA_experimental_part13.mp4,1900-01-01 23:31:20.700,336
221011,45,21,8.5,119.0,177.0,238.86666666666667,D:\AprPanama2025_fixed\041325_experimental\041325PA_experimental_part13.mp4,1900-01-01 23:31:21.100,345
221011,36,22,3.0,129.0,175.0,217.85714285714283,D:\AprPanama2025_fixed\041325_experimental\041325PA_experimental_part13.mp4,1900-01-01 23:31:21.100,336
221009,45,21,9.5,114.0,177.0,224.3125,D:\AprPanama2025_fixed\041325_experimental\041325PA_experimental_part13.mp4,1900-01-01 23:31:20.900,345
221009,36,22,2.0,137.0,176.0,244.3333333333333,D:\AprPanama2025_fixed\041325_experimental\041325PA_experimental_part13.mp4,1900-01-01 23:31:20.900,336
221018,45,21,4.0,111.0,171.0,244.77777777777777,D:\AprPanama2025_fixed\041325_experimental\041325PA_experimental_part13.mp4,1900-01-01 23:31:21.800,345
221020,45,21,2.0,126.0,164.0,227.5,D:\AprPanama2025_fixed\041325_experimental\041325PA_experimental_part13.mp4,1900-01-01 23:31:22.000,345
221016,45,21,5.5,127.0,179.0,248.63636363636363,D:\AprPanama2025_fixed\041325_experimental\041325PA_experimental_part13.mp4,1900-01-01 23:31:21.600,345
221019,45,21,4.0,111.0,167.0,216.88888888888889,D:\AprPanama2025_fixed\041325_experimental\041325PA_experimental_part13.mp4,1900-01-01 23:31:21.900,345
221014,45,21,6.5,116.0,178.0,245.0833333333333,D:\AprPanama2025_fixed\041325_experimental\041325PA_experimental_part13.mp4,1900-01-01 23:31:21.400,345
221015,45,21,6.5,115.0,179.0,244.91666666666663,D:\AprPanama2025_fixed\041325_experimental\041325PA_experimental_part13.mp4,1900-01-01 23:31:21.500,345
221017,45,21,6.0,111.0,172.0,236.0833333333333,D:\AprPanama2025_fixed\041325_experimental\041325PA_experimental_part13.mp4,1900-01-01 23:31:21.700,345
221013,45,21,6.5,115.0,179.0,243.0833333333333,D:\AprPanama2025_fixed\041325_experimental\041325PA_experimental_part13.mp4,1900-01-01 23:31:21.300,345
221021,45,21,2.0,136.0,163.0,219.5,D:\AprPanama2025_fixed\041325_experimental\041325PA_experimental_part13.mp4,1900-01-01 23:31:22.100,345
239446,926,300,1.5,111.0,157.0,199.6,D:\AprPanama2025_fixed\041325_experimental\041325PA_experimental_part14.mp4,1900-01-02 00:02:04.600,1226
317503,904,269,15.5,122.0,179.0,246.125,D:\AprPanama2025_fixed\041325_experimental\041325PA_experimental_part18.mp4,1900-01-02 02:12:10.300,1204
317502,904,267,3.0,119.0,173.0,255.0,D:\AprPanama2025_fixed\041325_experimental\041325PA_experimental_part18.mp4,1900-01-02 02:12:10.200,1204
317509,904,271,34.0,123.0,179.0,246.3478260869565,D:\AprPanama2025_fixed\041325_experimental\041325PA_experimental_part18.mp4,1900-01-02 02:12:10.900,1204
317511,904,271,33.5,113.0,179.0,247.02222222222224,D:\AprPanama2025_fixed\041325_experimental\041325PA_experimental_part18.mp4,1900-01-02 02:12:11.100,1204
317507,904,271,37.0,113.0,179.0,248.8,D:\AprPanama2025_fixed\041325_experimental\041325PA_experimental_part18.mp4,1900-01-02 02:12:10.700,1204
317504,904,271,36.5,117.0,178.0,246.85416666666663,D:\AprPanama2025_fixed\041325_experimental\041325PA_experimental_part18.mp4,1900-01-02 02:12:10.400,1204
317506,904,271,38.5,111.0,179.0,247.50980392156865,D:\AprPanama2025_fixed\041325_experimental\041325PA_experimental_part18.mp4,1900-01-02 02:12:10.600,1204
317510,904,271,34.0,112.0,179.0,246.8913043478261,D:\AprPanama2025_fixed\041325_experimental\041325PA_experimental_part18.mp4,1900-01-02 02:12:11.000,1204
317508,904,271,34.0,111.0,179.0,244.3695652173913,D:\AprPanama2025_fixed\041325_experimental\041325PA_experimental_part18.mp4,1900-01-02 02:12:10.800,1204
317505,904,271,35.5,117.0,178.0,246.68085106382975,D:\AprPanama2025_fixed\041325_experimental\041325PA_experimental_part18.mp4,1900-01-02 02:12:10.500,1204
317519,904,271,14.5,133.0,179.0,249.4583333333333,D:\AprPanama2025_fixed\041325_experimental\041325PA_experimental_part18.mp4,1900-01-02 02:12:11.900,1204
317518,904,272,18.0,114.0,179.0,248.5185185185185,D:\AprPanama2025_fixed\041325_experimental\041325PA_experimental_part18.mp4,1900-01-02 02:12:11.800,1204
317516,904,272,25.0,112.0,179.0,246.28571428571428,D:\AprPanama2025_fixed\041325_experimental\041325PA_experimental_part18.mp4,1900-01-02 02:12:11.600,1204
317512,904,271,32.5,111.0,179.0,245.27272727272728,D:\AprPanama2025_fixed\041325_experimental\041325PA_experimental_part18.mp4,1900-01-02 02:12:11.200,1204
317515,904,272,28.5,125.0,179.0,242.69230769230768,D:\AprPanama2025_fixed\041325_experimental\041325PA_experimental_part18.mp4,1900-01-02 02:12:11.500,1204
317513,904,271,31.5,113.0,179.0,243.4883720930233,D:\AprPanama2025_fixed\041325_experimental\041325PA_experimental_part18.mp4,1900-01-02 02:12:11.300,1204
317517,904,272,27.0,114.0,179.0,246.10810810810813,D:\AprPanama2025_fixed\041325_experimental\041325PA_experimental_part18.mp4,1900-01-02 02:12:11.700,1204
317514,904,271,29.0,115.0,179.0,242.05,D:\AprPanama2025_fixed\041325_experimental\041325PA_experimental_part18.mp4,1900-01-02 02:12:11.400,1204
317526,904,272,1.5,114.0,160.0,249.0,D:\AprPanama2025_fixed\041325_experimental\041325PA_experimental_part18.mp4,1900-01-02 02:12:12.600,1204
317521,904,271,8.0,112.0,179.0,248.0,D:\AprPanama2025_fixed\041325_experimental\041325PA_experimental_part18.mp4,1900-01-02 02:12:12.100,1204
317522,904,272,9.5,125.0,179.0,247.58823529411765,D:\AprPanama2025_fixed\041325_experimental\041325PA_experimental_part18.mp4,1900-01-02 02:12:12.200,1204
317523,904,271,6.5,113.0,164.0,246.14285714285717,D:\AprPanama2025_fixed\041325_experimental\041325PA_experimental_part18.mp4,1900-01-02 02:12:12.300,1204
317520,904,271,11.0,122.0,178.0,244.05,D:\AprPanama2025_fixed\041325_experimental\041325PA_experimental_part18.mp4,1900-01-02 02:12:12.000,1204
317532,904,320,24.5,118.0,179.0,249.2058823529412,D:\AprPanama2025_fixed\041325_experimental\041325PA_experimental_part18.mp4,1900-01-02 02:12:13.200,1204
317534,903,320,18.5,118.0,179.0,250.07407407407405,D:\AprPanama2025_fixed\041325_experimental\041325PA_experimental_part18.mp4,1900-01-02 02:12:13.400,1203
317535,903,320,16.5,121.0,179.0,247.0,D:\AprPanama2025_fixed\041325_experimental\041325PA_experimental_part18.mp4,1900-01-02 02:12:13.500,1203
317530,904,320,25.0,118.0,179.0,245.73529411764704,D:\AprPanama2025_fixed\041325_experimental\041325PA_experimental_part18.mp4,1900-01-02 02:12:13.000,1204
317529,903,319,10.0,102.0,179.0,240.7058823529412,D:\AprPanama2025_fixed\041325_experimental\041325PA_experimental_part18.mp4,1900-01-02 02:12:12.900,1203
317529,904,319,2.0,102.0,176.0,218.6,D:\AprPanama2025_fixed\041325_experimental\041325PA_experimental_part18.mp4,1900-01-02 02:12:12.900,1204
317533,904,320,24.5,118.0,179.0,249.2058823529412,D:\AprPanama2025_fixed\041325_experimental\041325PA_experimental_part18.mp4,1900-01-02 02:12:13.300,1204
317531,904,320,24.5,118.0,179.0,249.2058823529412,D:\AprPanama2025_fixed\041325_experimental\041325PA_experimental_part18.mp4,1900-01-02 02:12:13.100,1204
317538,903,320,16.0,111.0,179.0,247.4583333333333,D:\AprPanama2025_fixed\041325_experimental\041325PA_experimental_part18.mp4,1900-01-02 02:12:13.800,1203
317542,902,320,5.0,125.0,178.0,231.3,D:\AprPanama2025_fixed\041325_experimental\041325PA_experimental_part18.mp4,1900-01-02 02:12:14.200,1202
317539,902,320,9.0,114.0,179.0,252.9375,D:\AprPanama2025_fixed\041325_experimental\041325PA_experimental_part18.mp4,1900-01-02 02:12:13.900,1202
317540,903,321,7.5,115.0,179.0,247.06666666666663,D:\AprPanama2025_fixed\041325_experimental\041325PA_experimental_part18.mp4,1900-01-02 02:12:14.000,1203
317543,902,320,3.5,114.0,178.0,237.625,D:\AprPanama2025_fixed\041325_experimental\041325PA_experimental_part18.mp4,1900-01-02 02:12:14.300,1202
317536,904,320,15.5,111.0,178.0,245.91304347826087,D:\AprPanama2025_fixed\041325_experimental\041325PA_experimental_part18.mp4,1900-01-02 02:12:13.600,1204
317537,903,320,16.0,118.0,179.0,252.375,D:\AprPanama2025_fixed\041325_experimental\041325PA_experimental_part18.mp4,1900-01-02 02:12:13.700,1203
317541,902,320,5.5,115.0,172.0,239.54545454545456,D:\AprPanama2025_fixed\041325_experimental\041325PA_experimental_part18.mp4,1900-01-02 02:12:14.100,1202
317544,902,321,2.0,112.0,169.0,249.57142857142856,D:\AprPanama2025_fixed\041325_experimental\041325PA_experimental_part18.mp4,1900-01-02 02:12:14.400,1202
343972,154,291,3.0,144.0,171.0,252.25,D:\AprPanama2025_fixed\041325_experimental\041325PA_experimental_part20.mp4,1900-01-02 02:56:17.200,454
343973,154,292,4.5,127.0,175.0,252.8181818181818,D:\AprPanama2025_fixed\041325_experimental\041325PA_experimental_part20.mp4,1900-01-02 02:56:17.300,454
343975,154,292,5.0,134.0,175.0,253.0,D:\AprPanama2025_fixed\041325_experimental\041325PA_experimental_part20.mp4,1900-01-02 02:56:17.500,454
343976,154,291,5.0,113.0,179.0,249.5,D:\AprPanama2025_fixed\041325_experimental\041325PA_experimental_part20.mp4,1900-01-02 02:56:17.600,454
343977,154,291,3.0,155.0,179.0,254.375,D:\AprPanama2025_fixed\041325_experimental\041325PA_experimental_part20.mp4,1900-01-02 02:56:17.700,454
343979,154,290,5.0,125.0,178.0,250.63636363636363,D:\AprPanama2025_fixed\041325_experimental\041325PA_experimental_part20.mp4,1900-01-02 02:56:17.900,454
343978,154,290,5.0,125.0,178.0,250.63636363636363,D:\AprPanama2025_fixed\041325_experimental\041325PA_experimental_part20.mp4,1900-01-02 02:56:17.800,454
343981,154,290,5.0,135.0,182.0,253.8181818181818,D:\AprPanama2025_fixed\041325_experimental\041325PA_experimental_part20.mp4,1900-01-02 02:56:18.100,454
343980,154,290,5.0,133.0,178.0,251.1818181818182,D:\AprPanama2025_fixed\041325_experimental\041325PA_experimental_part20.mp4,1900-01-02 02:56:18.000,454
343974,154,292,5.0,122.0,175.0,252.5833333333333,D:\AprPanama2025_fixed\041325_experimental\041325PA_experimental_part20.mp4,1900-01-02 02:56:17.400,454
343985,154,290,5.0,144.0,176.0,227.3,D:\AprPanama2025_fixed\041325_experimental\041325PA_experimental_part20.mp4,1900-01-02 02:56:18.500,454
343987,154,289,6.5,111.0,178.0,229.5,D:\AprPanama2025_fixed\041325_experimental\041325PA_experimental_part20.mp4,1900-01-02 02:56:18.700,454
343986,154,289,6.5,111.0,178.0,229.5,D:\AprPanama2025_fixed\041325_experimental\041325PA_experimental_part20.mp4,1900-01-02 02:56:18.600,454
343983,154,290,4.5,111.0,183.0,246.6,D:\AprPanama2025_fixed\041325_experimental\041325PA_experimental_part20.mp4,1900-01-02 02:56:18.300,454
343984,154,290,5.5,134.0,177.0,243.45454545454547,D:\AprPanama2025_fixed\041325_experimental\041325PA_experimental_part20.mp4,1900-01-02 02:56:18.400,454
343982,154,290,4.5,111.0,179.0,253.6,D:\AprPanama2025_fixed\041325_experimental\041325PA_experimental_part20.mp4,1900-01-02 02:56:18.200,454
348210,248,294,1.5,133.0,161.0,235.6,D:\AprPanama2025_fixed\041325_experimental\041325PA_experimental_part20.mp4,1900-01-02 03:03:21.000,548
348209,248,294,1.5,144.0,166.0,243.2,D:\AprPanama2025_fixed\041325_experimental\041325PA_experimental_part20.mp4,1900-01-02 03:03:20.900,548
348208,248,294,1.5,144.0,166.0,243.2,D:\AprPanama2025_fixed\041325_experimental\041325PA_experimental_part20.mp4,1900-01-02 03:03:20.800,548
348211,248,294,2.0,124.0,175.0,246.3333333333333,D:\AprPanama2025_fixed\041325_experimental\041325PA_experimental_part20.mp4,1900-01-02 03:03:21.100,548
349165,1150,126,7.5,117.0,179.0,244.14285714285717,D:\AprPanama2025_fixed\041325_experimental\041325PA_experimental_part20.mp4,1900-01-02 03:04:56.500,1450
349164,1150,126,5.5,113.0,168.0,243.5,D:\AprPanama2025_fixed\041325_experimental\041325PA_experimental_part20.mp4,1900-01-02 03:04:56.400,1450
349163,1150,126,5.5,113.0,169.0,247.3333333333333,D:\AprPanama2025_fixed\041325_experimental\041325PA_experimental_part20.mp4,1900-01-02 03:04:56.300,1450
349162,1150,126,4.0,113.0,153.0,253.1111111111111,D:\AprPanama2025_fixed\041325_experimental\041325PA_experimental_part20.mp4,1900-01-02 03:04:56.200,1450
349167,1151,126,3.0,127.0,163.0,250.3333333333333,D:\AprPanama2025_fixed\041325_experimental\041325PA_experimental_part20.mp4,1900-01-02 03:04:56.700,1451
349170,1150,126,2.5,132.0,160.0,248.625,D:\AprPanama2025_fixed\041325_experimental\041325PA_experimental_part20.mp4,1900-01-02 03:04:57.000,1450
349166,1150,126,4.5,120.0,161.0,253.2,D:\AprPanama2025_fixed\041325_experimental\041325PA_experimental_part20.mp4,1900-01-02 03:04:56.600,1450
349171,1150,126,1.5,111.0,154.0,255.0,D:\AprPanama2025_fixed\041325_experimental\041325PA_experimental_part20.mp4,1900-01-02 03:04:57.100,1450
349169,1150,126,3.5,126.0,174.0,253.0,D:\AprPanama2025_fixed\041325_experimental\041325PA_experimental_part20.mp4,1900-01-02 03:04:56.900,1450
349173,991,53,7.0,87.0,175.0,238.53846153846155,D:\AprPanama2025_fixed\041325_experimental\041325PA_experimental_part20.mp4,1900-01-02 03:04:57.300,1291
349173,992,53,2.0,87.0,162.0,234.0,D:\AprPanama2025_fixed\041325_experimental\041325PA_experimental_part20.mp4,1900-01-02 03:04:57.300,1292
349172,990,53,3.0,111.0,169.0,241.4,D:\AprPanama2025_fixed\041325_experimental\041325PA_experimental_part20.mp4,1900-01-02 03:04:57.200,1290
349168,1150,126,3.5,126.0,174.0,253.0,D:\AprPanama2025_fixed\041325_experimental\041325PA_experimental_part20.mp4,1900-01-02 03:04:56.800,1450
349175,991,53,10.0,93.0,171.0,218.7058823529412,D:\AprPanama2025_fixed\041325_experimental\041325PA_experimental_part20.mp4,1900-01-02 03:04:57.500,1291
349175,992,53,2.0,93.0,171.0,220.0,D:\AprPanama2025_fixed\041325_experimental\041325PA_experimental_part20.mp4,1900-01-02 03:04:57.500,1292
349181,1009,69,13.0,113.0,179.0,249.7,D:\AprPanama2025_fixed\041325_experimental\041325PA_experimental_part20.mp4,1900-01-02 03:04:58.100,1309
349180,990,53,1.5,113.0,148.0,206.0,D:\AprPanama2025_fixed\041325_experimental\041325PA_experimental_part20.mp4,1900-01-02 03:04:58.000,1290
349180,1009,69,13.0,118.0,179.0,251.8,D:\AprPanama2025_fixed\041325_experimental\041325PA_experimental_part20.mp4,1900-01-02 03:04:58.000,1309
349176,991,53,8.0,26.0,169.0,228.57142857142856,D:\AprPanama2025_fixed\041325_experimental\041325PA_experimental_part20.mp4,1900-01-02 03:04:57.600,1291
349176,992,53,2.0,26.0,166.0,242.8,D:\AprPanama2025_fixed\041325_experimental\041325PA_experimental_part20.mp4,1900-01-02 03:04:57.600,1292
349176,1009,69,9.0,111.0,179.0,252.46666666666667,D:\AprPanama2025_fixed\041325_experimental\041325PA_experimental_part20.mp4,1900-01-02 03:04:57.600,1309
349177,990,53,2.5,124.0,165.0,246.0,D:\AprPanama2025_fixed\041325_experimental\041325PA_experimental_part20.mp4,1900-01-02 03:04:57.700,1290
349177,1009,69,11.0,116.0,179.0,250.77777777777777,D:\AprPanama2025_fixed\041325_experimental\041325PA_experimental_part20.mp4,1900-01-02 03:04:57.700,1309
349179,990,53,1.5,124.0,149.0,206.4,D:\AprPanama2025_fixed\041325_experimental\041325PA_experimental_part20.mp4,1900-01-02 03:04:57.900,1290
349179,1009,69,13.5,132.0,179.0,250.2380952380952,D:\AprPanama2025_fixed\041325_experimental\041325PA_experimental_part20.mp4,1900-01-02 03:04:57.900,1309
349178,1009,69,13.0,125.0,179.0,252.75,D:\AprPanama2025_fixed\041325_experimental\041325PA_experimental_part20.mp4,1900-01-02 03:04:57.800,1309
349174,992,53,2.0,114.0,155.0,253.75,D:\AprPanama2025_fixed\041325_experimental\041325PA_experimental_part20.mp4,1900-01-02 03:04:57.400,1292
349182,1009,69,13.0,117.0,179.0,252.2,D:\AprPanama2025_fixed\041325_experimental\041325PA_experimental_part20.mp4,1900-01-02 03:04:58.200,1309
349189,1009,68,2.0,112.0,172.0,243.0,D:\AprPanama2025_fixed\041325_experimental\041325PA_experimental_part20.mp4,1900-01-02 03:04:58.900,1309
349183,1009,69,13.0,125.0,179.0,253.5,D:\AprPanama2025_fixed\041325_experimental\041325PA_experimental_part20.mp4,1900-01-02 03:04:58.300,1309
349186,1009,69,6.0,111.0,176.0,249.3846153846154,D:\AprPanama2025_fixed\041325_experimental\041325PA_experimental_part20.mp4,1900-01-02 03:04:58.600,1309
349188,1009,68,2.5,125.0,176.0,245.75,D:\AprPanama2025_fixed\041325_experimental\041325PA_experimental_part20.mp4,1900-01-02 03:04:58.800,1309
349185,1009,69,12.0,111.0,179.0,252.3684210526316,D:\AprPanama2025_fixed\041325_experimental\041325PA_experimental_part20.mp4,1900-01-02 03:04:58.500,1309
349184,1009,69,13.0,111.0,179.0,253.75,D:\AprPanama2025_fixed\041325_experimental\041325PA_experimental_part20.mp4,1900-01-02 03:04:58.400,1309
349187,1009,69,6.0,111.0,176.0,249.3846153846154,D:\AprPanama2025_fixed\041325_experimental\041325PA_experimental_part20.mp4,1900-01-02 03:04:58.700,1309
349196,996,12,2.0,119.0,157.0,199.0,D:\AprPanama2025_fixed\041325_experimental\041325PA_experimental_part20.mp4,1900-01-02 03:04:59.600,1296
349197,996,12,3.0,117.0,160.0,164.875,D:\AprPanama2025_fixed\041325_experimental\041325PA_experimental_part20.mp4,1900-01-02 03:04:59.700,1296
349199,996,12,4.5,118.0,173.0,251.66666666666663,D:\AprPanama2025_fixed\041325_experimental\041325PA_experimental_part20.mp4,1900-01-02 03:04:59.900,1296
349205,996,12,2.0,129.0,171.0,244.5,D:\AprPanama2025_fixed\041325_experimental\041325PA_experimental_part20.mp4,1900-01-02 03:05:00.500,1296
349200,996,12,6.0,111.0,179.0,243.30769230769232,D:\AprPanama2025_fixed\041325_experimental\041325PA_experimental_part20.mp4,1900-01-02 03:05:00.000,1296
349202,997,12,3.0,123.0,163.0,248.75,D:\AprPanama2025_fixed\041325_experimental\041325PA_experimental_part20.mp4,1900-01-02 03:05:00.200,1297
349198,996,11,5.5,118.0,173.0,251.92307692307693,D:\AprPanama2025_fixed\041325_experimental\041325PA_experimental_part20.mp4,1900-01-02 03:04:59.800,1296
349201,996,12,4.5,121.0,178.0,232.7,D:\AprPanama2025_fixed\041325_experimental\041325PA_experimental_part20.mp4,1900-01-02 03:05:00.100,1296
349204,995,12,3.0,127.0,171.0,248.75,D:\AprPanama2025_fixed\041325_experimental\041325PA_experimental_part20.mp4,1900-01-02 03:05:00.400,1295
349207,995,12,1.5,115.0,171.0,239.8,D:\AprPanama2025_fixed\041325_experimental\041325PA_experimental_part20.mp4,1900-01-02 03:05:00.700,1295
350604,24,276,3.0,113.0,177.0,254.0,D:\AprPanama2025_fixed\041325_experimental\041325PA_experimental_part20.mp4,1900-01-02 03:07:20.400,324
350605,24,276,2.0,113.0,177.0,246.66666666666663,D:\AprPanama2025_fixed\041325_experimental\041325PA_experimental_part20.mp4,1900-01-02 03:07:20.500,324
350613,25,273,2.5,119.0,172.0,113.71428571428572,D:\AprPanama2025_fixed\041325_experimental\041325PA_experimental_part20.mp4,1900-01-02 03:07:21.300,325
350611,25,274,4.0,116.0,164.0,130.44444444444443,D:\AprPanama2025_fixed\041325_experimental\041325PA_experimental_part20.mp4,1900-01-02 03:07:21.100,325
350612,25,273,2.5,119.0,172.0,113.71428571428572,D:\AprPanama2025_fixed\041325_experimental\041325PA_experimental_part20.mp4,1900-01-02 03:07:21.200,325
350606,24,276,2.0,113.0,177.0,246.66666666666663,D:\AprPanama2025_fixed\041325_experimental\041325PA_experimental_part20.mp4,1900-01-02 03:07:20.600,324
351883,78,352,2.0,123.0,163.0,230.875,D:\AprPanama2025_fixed\041325_experimental\041325PA_experimental_part20.mp4,1900-01-02 03:09:28.300,378
351883,80,387,7.0,115.0,172.0,192.0,D:\AprPanama2025_fixed\041325_experimental\041325PA_experimental_part20.mp4,1900-01-02 03:09:28.300,380
351884,78,351,2.5,130.0,177.0,235.3333333333333,D:\AprPanama2025_fixed\041325_experimental\041325PA_experimental_part20.mp4,1900-01-02 03:09:28.400,378
351885,78,351,3.0,141.0,175.0,224.0,D:\AprPanama2025_fixed\041325_experimental\041325PA_experimental_part20.mp4,1900-01-02 03:09:28.500,378
351885,80,387,4.0,124.0,174.0,234.0,D:\AprPanama2025_fixed\041325_experimental\041325PA_experimental_part20.mp4,1900-01-02 03:09:28.500,380
351882,78,353,1.5,130.0,164.0,255.0,D:\AprPanama2025_fixed\041325_experimental\041325PA_experimental_part20.mp4,1900-01-02 03:09:28.200,378
351893,78,349,1.5,140.0,150.0,106.0,D:\AprPanama2025_fixed\041325_experimental\041325PA_experimental_part20.mp4,1900-01-02 03:09:29.300,378
351887,70,350,2.0,113.0,174.0,249.16666666666663,D:\AprPanama2025_fixed\041325_experimental\041325PA_experimental_part20.mp4,1900-01-02 03:09:28.700,370
351887,78,351,3.0,145.0,178.0,252.25,D:\AprPanama2025_fixed\041325_experimental\041325PA_experimental_part20.mp4,1900-01-02 03:09:28.700,378
351887,80,389,5.0,121.0,177.0,247.9,D:\AprPanama2025_fixed\041325_experimental\041325PA_experimental_part20.mp4,1900-01-02 03:09:28.700,380
351888,78,350,2.0,119.0,178.0,251.3333333333333,D:\AprPanama2025_fixed\041325_experimental\041325PA_experimental_part20.mp4,1900-01-02 03:09:28.800,378
351888,70,350,1.5,144.0,174.0,246.0,D:\AprPanama2025_fixed\041325_experimental\041325PA_experimental_part20.mp4,1900-01-02 03:09:28.800,370
351886,70,350,2.0,119.0,175.0,242.16666666666663,D:\AprPanama2025_fixed\041325_experimental\041325PA_experimental_part20.mp4,1900-01-02 03:09:28.600,370
351886,78,350,1.5,129.0,178.0,254.5,D:\AprPanama2025_fixed\041325_experimental\041325PA_experimental_part20.mp4,1900-01-02 03:09:28.600,378
351886,80,388,2.0,128.0,169.0,253.0,D:\AprPanama2025_fixed\041325_experimental\041325PA_experimental_part20.mp4,1900-01-02 03:09:28.600,380
354380,326,288,1.5,139.0,166.0,248.4,D:\AprPanama2025_fixed\041325_experimental\041325PA_experimental_part20.mp4,1900-01-02 03:13:38.000,626
354385,327,287,2.5,112.0,168.0,168.28571428571428,D:\AprPanama2025_fixed\041325_experimental\041325PA_experimental_part20.mp4,1900-01-02 03:13:38.500,627
354383,326,288,4.5,111.0,159.0,221.0,D:\AprPanama2025_fixed\041325_experimental\041325PA_experimental_part20.mp4,1900-01-02 03:13:38.300,626
354382,326,289,4.5,113.0,179.0,203.1111111111111,D:\AprPanama2025_fixed\041325_experimental\041325PA_experimental_part20.mp4,1900-01-02 03:13:38.200,626
354390,328,287,2.0,121.0,168.0,241.66666666666663,D:\AprPanama2025_fixed\041325_experimental\041325PA_experimental_part20.mp4,1900-01-02 03:13:39.000,628
380083,1231,41,14.0,115.0,179.0,242.3636363636364,D:\AprPanama2025_fixed\041325_experimental\041325PA_experimental_part22.mp4,1900-01-02 03:56:28.300,1531
380083,1215,41,21.0,121.0,179.0,245.06666666666663,D:\AprPanama2025_fixed\041325_experimental\041325PA_experimental_part22.mp4,1900-01-02 03:56:28.300,1515
380078,1213,40,3.5,116.0,175.0,254.88888888888889,D:\AprPanama2025_fixed\041325_experimental\041325PA_experimental_part22.mp4,1900-01-02 03:56:27.800,1513
380082,1231,41,12.5,115.0,179.0,245.55,D:\AprPanama2025_fixed\041325_experimental\041325PA_experimental_part22.mp4,1900-01-02 03:56:28.200,1531
380082,1215,41,20.5,111.0,179.0,242.36666666666667,D:\AprPanama2025_fixed\041325_experimental\041325PA_experimental_part22.mp4,1900-01-02 03:56:28.200,1515
380079,1213,40,3.0,149.0,176.0,250.625,D:\AprPanama2025_fixed\041325_experimental\041325PA_experimental_part22.mp4,1900-01-02 03:56:27.900,1513
380077,1213,40,2.0,112.0,150.0,254.16666666666663,D:\AprPanama2025_fixed\041325_experimental\041325PA_experimental_part22.mp4,1900-01-02 03:56:27.700,1513
380081,1214,40,12.5,115.0,179.0,241.35,D:\AprPanama2025_fixed\041325_experimental\041325PA_experimental_part22.mp4,1900-01-02 03:56:28.100,1514
380080,1214,40,11.0,112.0,179.0,246.3684210526316,D:\AprPanama2025_fixed\041325_experimental\041325PA_experimental_part22.mp4,1900-01-02 03:56:28.000,1514
380076,1212,40,1.5,113.0,149.0,254.2,D:\AprPanama2025_fixed\041325_experimental\041325PA_experimental_part22.mp4,1900-01-02 03:56:27.600,1512
380085,1232,42,11.5,116.0,177.0,241.6315789473684,D:\AprPanama2025_fixed\041325_experimental\041325PA_experimental_part22.mp4,1900-01-02 03:56:28.500,1532
380085,1214,41,25.5,111.0,181.0,242.42857142857144,D:\AprPanama2025_fixed\041325_experimental\041325PA_experimental_part22.mp4,1900-01-02 03:56:28.500,1514
380089,1232,42,4.5,118.0,179.0,250.6,D:\AprPanama2025_fixed\041325_experimental\041325PA_experimental_part22.mp4,1900-01-02 03:56:28.900,1532
380089,1214,40,22.0,118.0,183.0,245.78125,D:\AprPanama2025_fixed\041325_experimental\041325PA_experimental_part22.mp4,1900-01-02 03:56:28.900,1514
380091,1214,40,21.5,114.0,179.0,243.64516129032256,D:\AprPanama2025_fixed\041325_experimental\041325PA_experimental_part22.mp4,1900-01-02 03:56:29.100,1514
380087,1232,41,10.0,118.0,179.0,241.35294117647055,D:\AprPanama2025_fixed\041325_experimental\041325PA_experimental_part22.mp4,1900-01-02 03:56:28.700,1532
380087,1214,41,22.0,131.0,179.0,244.6875,D:\AprPanama2025_fixed\041325_experimental\041325PA_experimental_part22.mp4,1900-01-02 03:56:28.700,1514
380090,1232,41,4.0,111.0,162.0,251.875,D:\AprPanama2025_fixed\041325_experimental\041325PA_experimental_part22.mp4,1900-01-02 03:56:29.000,1532
380090,1214,40,21.5,114.0,179.0,247.0,D:\AprPanama2025_fixed\041325_experimental\041325PA_experimental_part22.mp4,1900-01-02 03:56:29.000,1514
380086,1232,41,10.0,119.0,179.0,244.8235294117647,D:\AprPanama2025_fixed\041325_experimental\041325PA_experimental_part22.mp4,1900-01-02 03:56:28.600,1532
380086,1214,41,21.5,133.0,179.0,244.3548387096774,D:\AprPanama2025_fixed\041325_experimental\041325PA_experimental_part22.mp4,1900-01-02 03:56:28.600,1514
380088,1232,41,9.0,112.0,173.0,246.4375,D:\AprPanama2025_fixed\041325_experimental\041325PA_experimental_part22.mp4,1900-01-02 03:56:28.800,1532
380088,1214,41,27.0,129.0,183.0,244.2972972972973,D:\AprPanama2025_fixed\041325_experimental\041325PA_experimental_part22.mp4,1900-01-02 03:56:28.800,1514
380084,1232,42,11.5,117.0,177.0,243.0526315789473,D:\AprPanama2025_fixed\041325_experimental\041325PA_experimental_part22.mp4,1900-01-02 03:56:28.400,1532
380084,1215,41,25.0,113.0,179.0,242.1764705882353,D:\AprPanama2025_fixed\041325_experimental\041325PA_experimental_part22.mp4,1900-01-02 03:56:28.400,1515
380096,1213,40,2.5,140.0,179.0,254.57142857142856,D:\AprPanama2025_fixed\041325_experimental\041325PA_experimental_part22.mp4,1900-01-02 03:56:29.600,1513
380097,1213,40,2.5,118.0,169.0,251.57142857142856,D:\AprPanama2025_fixed\041325_experimental\041325PA_experimental_part22.mp4,1900-01-02 03:56:29.700,1513
380094,1213,40,7.0,117.0,179.0,249.28571428571428,D:\AprPanama2025_fixed\041325_experimental\041325PA_experimental_part22.mp4,1900-01-02 03:56:29.400,1513
380095,1213,40,6.5,119.0,178.0,247.3846153846154,D:\AprPanama2025_fixed\041325_experimental\041325PA_experimental_part22.mp4,1900-01-02 03:56:29.500,1513
380093,1213,40,15.5,111.0,179.0,239.43478260869568,D:\AprPanama2025_fixed\041325_experimental\041325PA_experimental_part22.mp4,1900-01-02 03:56:29.300,1513
380092,1214,41,19.0,113.0,179.0,239.32142857142856,D:\AprPanama2025_fixed\041325_experimental\041325PA_experimental_part22.mp4,1900-01-02 03:56:29.200,1514
380122,1213,40,2.0,120.0,159.0,205.28571428571428,D:\AprPanama2025_fixed\041325_experimental\041325PA_experimental_part22.mp4,1900-01-02 03:56:32.200,1513
380123,1213,40,3.0,131.0,176.0,196.25,D:\AprPanama2025_fixed\041325_experimental\041325PA_experimental_part22.mp4,1900-01-02 03:56:32.300,1513
380125,1212,40,6.0,121.0,179.0,209.41666666666663,D:\AprPanama2025_fixed\041325_experimental\041325PA_experimental_part22.mp4,1900-01-02 03:56:32.500,1512
380128,1212,40,9.5,124.0,177.0,197.1875,D:\AprPanama2025_fixed\041325_experimental\041325PA_experimental_part22.mp4,1900-01-02 03:56:32.800,1512
380127,1212,40,9.5,119.0,177.0,190.75,D:\AprPanama2025_fixed\041325_experimental\041325PA_experimental_part22.mp4,1900-01-02 03:56:32.700,1512
380131,1212,40,11.5,120.0,179.0,210.2631578947368,D:\AprPanama2025_fixed\041325_experimental\041325PA_experimental_part22.mp4,1900-01-02 03:56:33.100,1512
380126,1212,40,9.5,121.0,178.0,209.25,D:\AprPanama2025_fixed\041325_experimental\041325PA_experimental_part22.mp4,1900-01-02 03:56:32.600,1512
380130,1212,40,11.5,120.0,179.0,210.2631578947368,D:\AprPanama2025_fixed\041325_experimental\041325PA_experimental_part22.mp4,1900-01-02 03:56:33.000,1512
380129,1212,40,9.5,120.0,178.0,188.125,D:\AprPanama2025_fixed\041325_experimental\041325PA_experimental_part22.mp4,1900-01-02 03:56:32.900,1512
380124,1213,40,4.0,116.0,173.0,197.5,D:\AprPanama2025_fixed\041325_experimental\041325PA_experimental_part22.mp4,1900-01-02 03:56:32.400,1513
380133,1213,40,15.0,114.0,178.0,217.4782608695652,D:\AprPanama2025_fixed\041325_experimental\041325PA_experimental_part22.mp4,1900-01-02 03:56:33.300,1513
380135,1213,41,17.0,131.0,178.0,215.16,D:\AprPanama2025_fixed\041325_experimental\041325PA_experimental_part22.mp4,1900-01-02 03:56:33.500,1513
380136,1213,41,17.0,111.0,179.0,225.61538461538464,D:\AprPanama2025_fixed\041325_experimental\041325PA_experimental_part22.mp4,1900-01-02 03:56:33.600,1513
380139,1213,41,14.0,138.0,178.0,226.04545454545456,D:\AprPanama2025_fixed\041325_experimental\041325PA_experimental_part22.mp4,1900-01-02 03:56:33.900,1513
380137,1214,41,16.5,111.0,179.0,225.28,D:\AprPanama2025_fixed\041325_experimental\041325PA_experimental_part22.mp4,1900-01-02 03:56:33.700,1514
380134,1213,41,17.0,113.0,179.0,216.76,D:\AprPanama2025_fixed\041325_experimental\041325PA_experimental_part22.mp4,1900-01-02 03:56:33.400,1513
380138,1214,41,16.5,111.0,179.0,225.28,D:\AprPanama2025_fixed\041325_experimental\041325PA_experimental_part22.mp4,1900-01-02 03:56:33.800,1514
380132,1212,40,12.5,123.0,179.0,224.3,D:\AprPanama2025_fixed\041325_experimental\041325PA_experimental_part22.mp4,1900-01-02 03:56:33.200,1512
380142,1213,41,13.5,129.0,177.0,225.57142857142856,D:\AprPanama2025_fixed\041325_experimental\041325PA_experimental_part22.mp4,1900-01-02 03:56:34.200,1513
380147,1213,41,13.5,130.0,179.0,230.7619047619048,D:\AprPanama2025_fixed\041325_experimental\041325PA_experimental_part22.mp4,1900-01-02 03:56:34.700,1513
380143,1213,41,13.5,129.0,178.0,221.28571428571428,D:\AprPanama2025_fixed\041325_experimental\041325PA_experimental_part22.mp4,1900-01-02 03:56:34.300,1513
380144,1213,41,13.5,114.0,178.0,220.9523809523809,D:\AprPanama2025_fixed\041325_experimental\041325PA_experimental_part22.mp4,1900-01-02 03:56:34.400,1513
380145,1213,40,12.0,119.0,179.0,226.52631578947367,D:\AprPanama2025_fixed\041325_experimental\041325PA_experimental_part22.mp4,1900-01-02 03:56:34.500,1513
380146,1213,41,13.5,121.0,179.0,235.85714285714283,D:\AprPanama2025_fixed\041325_experimental\041325PA_experimental_part22.mp4,1900-01-02 03:56:34.600,1513
380141,1213,41,13.5,129.0,178.0,229.28571428571428,D:\AprPanama2025_fixed\041325_experimental\041325PA_experimental_part22.mp4,1900-01-02 03:56:34.100,1513
380140,1213,41,14.5,113.0,179.0,221.43478260869568,D:\AprPanama2025_fixed\041325_experimental\041325PA_experimental_part22.mp4,1900-01-02 03:56:34.000,1513
380151,1233,42,4.5,119.0,166.0,248.5,D:\AprPanama2025_fixed\041325_experimental\041325PA_experimental_part22.mp4,1900-01-02 03:56:35.100,1533
380151,1214,41,20.5,111.0,179.0,224.4333333333333,D:\AprPanama2025_fixed\041325_experimental\041325PA_experimental_part22.mp4,1900-01-02 03:56:35.100,1514
380150,1233,42,3.5,122.0,152.0,253.625,D:\AprPanama2025_fixed\041325_experimental\041325PA_experimental_part22.mp4,1900-01-02 03:56:35.000,1533
380150,1214,41,19.0,125.0,178.0,223.78571428571428,D:\AprPanama2025_fixed\041325_experimental\041325PA_experimental_part22.mp4,1900-01-02 03:56:35.000,1514
380149,1233,42,2.5,112.0,181.0,254.0,D:\AprPanama2025_fixed\041325_experimental\041325PA_experimental_part22.mp4,1900-01-02 03:56:34.900,1533
380149,1214,41,16.5,115.0,179.0,225.52,D:\AprPanama2025_fixed\041325_experimental\041325PA_experimental_part22.mp4,1900-01-02 03:56:34.900,1514
380153,1233,41,7.0,124.0,175.0,248.53846153846155,D:\AprPanama2025_fixed\041325_experimental\041325PA_experimental_part22.mp4,1900-01-02 03:56:35.300,1533
380153,1214,41,22.0,111.0,179.0,223.96875,D:\AprPanama2025_fixed\041325_experimental\041325PA_experimental_part22.mp4,1900-01-02 03:56:35.300,1514
380152,1233,41,6.0,119.0,172.0,245.16666666666663,D:\AprPanama2025_fixed\041325_experimental\041325PA_experimental_part22.mp4,1900-01-02 03:56:35.200,1533
380152,1214,41,20.5,111.0,179.0,224.4333333333333,D:\AprPanama2025_fixed\041325_experimental\041325PA_experimental_part22.mp4,1900-01-02 03:56:35.200,1514
380155,1234,42,6.5,124.0,159.0,253.16666666666663,D:\AprPanama2025_fixed\041325_experimental\041325PA_experimental_part22.mp4,1900-01-02 03:56:35.500,1534
380155,1213,40,22.0,117.0,179.0,223.1290322580645,D:\AprPanama2025_fixed\041325_experimental\041325PA_experimental_part22.mp4,1900-01-02 03:56:35.500,1513
380154,1234,42,7.0,112.0,166.0,249.3846153846154,D:\AprPanama2025_fixed\041325_experimental\041325PA_experimental_part22.mp4,1900-01-02 03:56:35.400,1534
380154,1213,40,22.0,118.0,179.0,223.54838709677415,D:\AprPanama2025_fixed\041325_experimental\041325PA_experimental_part22.mp4,1900-01-02 03:56:35.400,1513
380148,1213,41,15.5,115.0,179.0,226.54166666666663,D:\AprPanama2025_fixed\041325_experimental\041325PA_experimental_part22.mp4,1900-01-02 03:56:34.800,1513
380156,1234,42,8.5,111.0,171.0,211.7333333333333,D:\AprPanama2025_fixed\041325_experimental\041325PA_experimental_part22.mp4,1900-01-02 03:56:35.600,1534
380156,1213,40,20.5,128.0,179.0,221.89655172413796,D:\AprPanama2025_fixed\041325_experimental\041325PA_experimental_part22.mp4,1900-01-02 03:56:35.600,1513
380163,1234,41,3.5,117.0,173.0,254.3333333333333,D:\AprPanama2025_fixed\041325_experimental\041325PA_experimental_part22.mp4,1900-01-02 03:56:36.300,1534
380163,1213,40,20.5,114.0,179.0,218.06896551724137,D:\AprPanama2025_fixed\041325_experimental\041325PA_experimental_part22.mp4,1900-01-02 03:56:36.300,1513
380162,1234,41,4.0,117.0,169.0,242.88888888888889,D:\AprPanama2025_fixed\041325_experimental\041325PA_experimental_part22.mp4,1900-01-02 03:56:36.200,1534
380162,1213,40,20.5,124.0,179.0,219.0344827586207,D:\AprPanama2025_fixed\041325_experimental\041325PA_experimental_part22.mp4,1900-01-02 03:56:36.200,1513
380160,1234,41,2.0,114.0,173.0,252.42857142857144,D:\AprPanama2025_fixed\041325_experimental\041325PA_experimental_part22.mp4,1900-01-02 03:56:36.000,1534
380160,1213,40,20.5,124.0,179.0,205.55172413793105,D:\AprPanama2025_fixed\041325_experimental\041325PA_experimental_part22.mp4,1900-01-02 03:56:36.000,1513
380158,1234,41,4.0,115.0,159.0,225.1111111111111,D:\AprPanama2025_fixed\041325_experimental\041325PA_experimental_part22.mp4,1900-01-02 03:56:35.800,1534
380158,1213,40,20.5,125.0,179.0,223.7586206896552,D:\AprPanama2025_fixed\041325_experimental\041325PA_experimental_part22.mp4,1900-01-02 03:56:35.800,1513
380159,1234,41,3.5,120.0,152.0,252.875,D:\AprPanama2025_fixed\041325_experimental\041325PA_experimental_part22.mp4,1900-01-02 03:56:35.900,1534
380159,1213,40,20.5,119.0,179.0,215.3103448275862,D:\AprPanama2025_fixed\041325_experimental\041325PA_experimental_part22.mp4,1900-01-02 03:56:35.900,1513
380161,1213,40,20.5,124.0,179.0,204.5862068965517,D:\AprPanama2025_fixed\041325_experimental\041325PA_experimental_part22.mp4,1900-01-02 03:56:36.100,1513
380157,1234,41,4.0,132.0,163.0,228.1111111111111,D:\AprPanama2025_fixed\041325_experimental\041325PA_experimental_part22.mp4,1900-01-02 03:56:35.700,1534
380157,1213,40,20.5,125.0,179.0,230.9655172413793,D:\AprPanama2025_fixed\041325_experimental\041325PA_experimental_part22.mp4,1900-01-02 03:56:35.700,1513
380170,1233,42,16.5,114.0,179.0,250.48,D:\AprPanama2025_fixed\041325_experimental\041325PA_experimental_part22.mp4,1900-01-02 03:56:37.000,1533
380170,1214,41,29.5,117.0,249.0,220.05,D:\AprPanama2025_fixed\041325_experimental\041325PA_experimental_part22.mp4,1900-01-02 03:56:37.000,1514
380169,1233,41,7.0,126.0,177.0,242.0769230769231,D:\AprPanama2025_fixed\041325_experimental\041325PA_experimental_part22.mp4,1900-01-02 03:56:36.900,1533
380169,1214,41,25.5,119.0,179.0,238.63888888888889,D:\AprPanama2025_fixed\041325_experimental\041325PA_experimental_part22.mp4,1900-01-02 03:56:36.900,1514
380165,1233,41,4.0,112.0,143.0,242.44444444444443,D:\AprPanama2025_fixed\041325_experimental\041325PA_experimental_part22.mp4,1900-01-02 03:56:36.500,1533
380165,1213,40,20.5,125.0,179.0,218.68965517241375,D:\AprPanama2025_fixed\041325_experimental\041325PA_experimental_part22.mp4,1900-01-02 03:56:36.500,1513
380168,1233,41,6.0,147.0,178.0,249.66666666666663,D:\AprPanama2025_fixed\041325_experimental\041325PA_experimental_part22.mp4,1900-01-02 03:56:36.800,1533
380168,1214,41,23.5,113.0,179.0,227.96969696969697,D:\AprPanama2025_fixed\041325_experimental\041325PA_experimental_part22.mp4,1900-01-02 03:56:36.800,1514
380171,1233,42,25.5,111.0,179.0,249.5833333333333,D:\AprPanama2025_fixed\041325_experimental\041325PA_experimental_part22.mp4,1900-01-02 03:56:37.100,1533
380171,1214,41,35.0,117.0,253.0,230.7659574468085,D:\AprPanama2025_fixed\041325_experimental\041325PA_experimental_part22.mp4,1900-01-02 03:56:37.100,1514
380167,1233,41,7.0,127.0,178.0,241.53846153846155,D:\AprPanama2025_fixed\041325_experimental\041325PA_experimental_part22.mp4,1900-01-02 03:56:36.700,1533
380167,1214,40,19.5,134.0,179.0,228.0,D:\AprPanama2025_fixed\041325_experimental\041325PA_experimental_part22.mp4,1900-01-02 03:56:36.700,1514
380166,1233,42,6.0,112.0,169.0,242.66666666666663,D:\AprPanama2025_fixed\041325_experimental\041325PA_experimental_part22.mp4,1900-01-02 03:56:36.600,1533
380166,1214,41,20.0,113.0,179.0,227.48275862068965,D:\AprPanama2025_fixed\041325_experimental\041325PA_experimental_part22.mp4,1900-01-02 03:56:36.600,1514
380164,1234,41,4.0,122.0,170.0,216.66666666666663,D:\AprPanama2025_fixed\041325_experimental\041325PA_experimental_part22.mp4,1900-01-02 03:56:36.400,1534
380164,1213,40,20.5,120.0,178.0,213.44827586206893,D:\AprPanama2025_fixed\041325_experimental\041325PA_experimental_part22.mp4,1900-01-02 03:56:36.400,1513
380177,1215,41,61.5,111.0,255.0,238.66233766233768,D:\AprPanama2025_fixed\041325_experimental\041325PA_experimental_part22.mp4,1900-01-02 03:56:37.700,1515
380177,1232,42,49.5,112.0,179.0,246.65625,D:\AprPanama2025_fixed\041325_experimental\041325PA_experimental_part22.mp4,1900-01-02 03:56:37.700,1532
380173,1232,42,38.0,115.0,179.0,250.78,D:\AprPanama2025_fixed\041325_experimental\041325PA_experimental_part22.mp4,1900-01-02 03:56:37.300,1532
380173,1215,41,45.0,116.0,255.0,239.74137931034485,D:\AprPanama2025_fixed\041325_experimental\041325PA_experimental_part22.mp4,1900-01-02 03:56:37.300,1515
380175,1215,41,56.0,111.0,254.0,237.8,D:\AprPanama2025_fixed\041325_experimental\041325PA_experimental_part22.mp4,1900-01-02 03:56:37.500,1515
380175,1232,42,42.5,113.0,179.0,246.875,D:\AprPanama2025_fixed\041325_experimental\041325PA_experimental_part22.mp4,1900-01-02 03:56:37.500,1532
380179,1215,41,64.5,116.0,255.0,242.1375,D:\AprPanama2025_fixed\041325_experimental\041325PA_experimental_part22.mp4,1900-01-02 03:56:37.900,1515
380179,1232,42,50.0,117.0,179.0,248.3125,D:\AprPanama2025_fixed\041325_experimental\041325PA_experimental_part22.mp4,1900-01-02 03:56:37.900,1532
380172,1215,41,45.5,115.0,251.0,241.4310344827586,D:\AprPanama2025_fixed\041325_experimental\041325PA_experimental_part22.mp4,1900-01-02 03:56:37.200,1515
380172,1232,42,41.5,118.0,179.0,248.0377358490566,D:\AprPanama2025_fixed\041325_experimental\041325PA_experimental_part22.mp4,1900-01-02 03:56:37.200,1532
380174,1232,42,38.5,112.0,179.0,245.66666666666663,D:\AprPanama2025_fixed\041325_experimental\041325PA_experimental_part22.mp4,1900-01-02 03:56:37.400,1532
380174,1215,41,48.0,111.0,255.0,240.80645161290323,D:\AprPanama2025_fixed\041325_experimental\041325PA_experimental_part22.mp4,1900-01-02 03:56:37.400,1515
380176,1215,41,58.0,116.0,255.0,238.3972602739726,D:\AprPanama2025_fixed\041325_experimental\041325PA_experimental_part22.mp4,1900-01-02 03:56:37.600,1515
380176,1232,42,43.5,114.0,179.0,243.8771929824561,D:\AprPanama2025_fixed\041325_experimental\041325PA_experimental_part22.mp4,1900-01-02 03:56:37.600,1532
380178,1215,41,67.5,112.0,255.0,238.5542168674699,D:\AprPanama2025_fixed\041325_experimental\041325PA_experimental_part22.mp4,1900-01-02 03:56:37.800,1515
380178,1232,42,48.0,112.0,179.0,248.32258064516128,D:\AprPanama2025_fixed\041325_experimental\041325PA_experimental_part22.mp4,1900-01-02 03:56:37.800,1532
380183,1214,41,82.0,111.0,255.0,238.5050505050505,D:\AprPanama2025_fixed\041325_experimental\041325PA_experimental_part22.mp4,1900-01-02 03:56:38.300,1514
380183,1233,42,79.0,111.0,251.0,246.18947368421053,D:\AprPanama2025_fixed\041325_experimental\041325PA_experimental_part22.mp4,1900-01-02 03:56:38.300,1533
380185,1213,41,83.0,113.0,255.0,241.46,D:\AprPanama2025_fixed\041325_experimental\041325PA_experimental_part22.mp4,1900-01-02 03:56:38.500,1513
380185,1233,42,79.0,112.0,248.0,245.875,D:\AprPanama2025_fixed\041325_experimental\041325PA_experimental_part22.mp4,1900-01-02 03:56:38.500,1533
380182,1214,41,72.5,113.0,255.0,238.93258426966293,D:\AprPanama2025_fixed\041325_experimental\041325PA_experimental_part22.mp4,1900-01-02 03:56:38.200,1514
380182,1233,42,74.0,112.0,243.0,244.0555555555556,D:\AprPanama2025_fixed\041325_experimental\041325PA_experimental_part22.mp4,1900-01-02 03:56:38.200,1533
380187,1213,41,80.5,121.0,255.0,240.02061855670104,D:\AprPanama2025_fixed\041325_experimental\041325PA_experimental_part22.mp4,1900-01-02 03:56:38.700,1513
380187,1233,42,76.0,117.0,251.0,245.8043478260869,D:\AprPanama2025_fixed\041325_experimental\041325PA_experimental_part22.mp4,1900-01-02 03:56:38.700,1533
380186,1213,41,80.0,135.0,255.0,242.04166666666663,D:\AprPanama2025_fixed\041325_experimental\041325PA_experimental_part22.mp4,1900-01-02 03:56:38.600,1513
380186,1233,43,77.5,111.0,255.0,246.6063829787234,D:\AprPanama2025_fixed\041325_experimental\041325PA_experimental_part22.mp4,1900-01-02 03:56:38.600,1533
380184,1213,41,84.5,115.0,255.0,242.26470588235293,D:\AprPanama2025_fixed\041325_experimental\041325PA_experimental_part22.mp4,1900-01-02 03:56:38.400,1513
380184,1233,42,77.5,112.0,250.0,246.67021276595744,D:\AprPanama2025_fixed\041325_experimental\041325PA_experimental_part22.mp4,1900-01-02 03:56:38.400,1533
380181,1214,41,70.5,113.0,254.0,235.367816091954,D:\AprPanama2025_fixed\041325_experimental\041325PA_experimental_part22.mp4,1900-01-02 03:56:38.100,1514
380181,1232,42,61.5,114.0,240.0,243.7662337662338,D:\AprPanama2025_fixed\041325_experimental\041325PA_experimental_part22.mp4,1900-01-02 03:56:38.100,1532
380180,1215,41,65.5,114.0,254.0,242.6049382716049,D:\AprPanama2025_fixed\041325_experimental\041325PA_experimental_part22.mp4,1900-01-02 03:56:38.000,1515
380180,1232,42,48.5,120.0,179.0,250.75806451612905,D:\AprPanama2025_fixed\041325_experimental\041325PA_experimental_part22.mp4,1900-01-02 03:56:38.000,1532
380193,1213,41,50.5,111.0,254.0,240.140625,D:\AprPanama2025_fixed\041325_experimental\041325PA_experimental_part22.mp4,1900-01-02 03:56:39.300,1513
380193,1233,42,40.0,112.0,179.0,245.2037037037037,D:\AprPanama2025_fixed\041325_experimental\041325PA_experimental_part22.mp4,1900-01-02 03:56:39.300,1533
380192,1213,41,53.0,114.0,252.0,240.13432835820896,D:\AprPanama2025_fixed\041325_experimental\041325PA_experimental_part22.mp4,1900-01-02 03:56:39.200,1513
380192,1233,42,45.5,114.0,179.0,246.135593220339,D:\AprPanama2025_fixed\041325_experimental\041325PA_experimental_part22.mp4,1900-01-02 03:56:39.200,1533
380189,1213,41,73.5,123.0,255.0,238.14444444444445,D:\AprPanama2025_fixed\041325_experimental\041325PA_experimental_part22.mp4,1900-01-02 03:56:38.900,1513
380189,1233,42,61.0,119.0,179.0,244.54545454545456,D:\AprPanama2025_fixed\041325_experimental\041325PA_experimental_part22.mp4,1900-01-02 03:56:38.900,1533
380191,1213,41,59.5,112.0,255.0,238.60810810810813,D:\AprPanama2025_fixed\041325_experimental\041325PA_experimental_part22.mp4,1900-01-02 03:56:39.100,1513
380191,1233,42,55.0,112.0,179.0,246.5072463768116,D:\AprPanama2025_fixed\041325_experimental\041325PA_experimental_part22.mp4,1900-01-02 03:56:39.100,1533
380194,1233,42,35.0,118.0,179.0,246.70212765957447,D:\AprPanama2025_fixed\041325_experimental\041325PA_experimental_part22.mp4,1900-01-02 03:56:39.400,1533
380194,1213,41,45.5,111.0,254.0,236.27118644067795,D:\AprPanama2025_fixed\041325_experimental\041325PA_experimental_part22.mp4,1900-01-02 03:56:39.400,1513
380195,1213,41,44.5,123.0,254.0,239.1379310344828,D:\AprPanama2025_fixed\041325_experimental\041325PA_experimental_part22.mp4,1900-01-02 03:56:39.500,1513
380195,1233,42,38.5,112.0,179.0,248.17307692307693,D:\AprPanama2025_fixed\041325_experimental\041325PA_experimental_part22.mp4,1900-01-02 03:56:39.500,1533
380188,1213,41,75.5,114.0,254.0,242.3695652173913,D:\AprPanama2025_fixed\041325_experimental\041325PA_experimental_part22.mp4,1900-01-02 03:56:38.800,1513
380188,1233,42,69.5,111.0,219.0,247.0705882352941,D:\AprPanama2025_fixed\041325_experimental\041325PA_experimental_part22.mp4,1900-01-02 03:56:38.800,1533
380190,1212,41,65.5,112.0,255.0,240.7283950617284,D:\AprPanama2025_fixed\041325_experimental\041325PA_experimental_part22.mp4,1900-01-02 03:56:39.000,1512
380190,1233,42,56.5,113.0,179.0,245.66197183098592,D:\AprPanama2025_fixed\041325_experimental\041325PA_experimental_part22.mp4,1900-01-02 03:56:39.000,1533
380199,1233,42,45.5,114.0,179.0,247.03389830508476,D:\AprPanama2025_fixed\041325_experimental\041325PA_experimental_part22.mp4,1900-01-02 03:56:39.900,1533
380199,1213,41,46.0,113.0,255.0,242.21666666666667,D:\AprPanama2025_fixed\041325_experimental\041325PA_experimental_part22.mp4,1900-01-02 03:56:39.900,1513
380202,1233,42,37.0,111.0,179.0,248.59183673469383,D:\AprPanama2025_fixed\041325_experimental\041325PA_experimental_part22.mp4,1900-01-02 03:56:40.200,1533
380202,1213,41,45.5,114.0,254.0,239.84745762711864,D:\AprPanama2025_fixed\041325_experimental\041325PA_experimental_part22.mp4,1900-01-02 03:56:40.200,1513
380198,1233,42,47.5,112.0,179.0,246.85245901639345,D:\AprPanama2025_fixed\041325_experimental\041325PA_experimental_part22.mp4,1900-01-02 03:56:39.800,1533
380198,1213,41,48.0,117.0,253.0,243.06451612903223,D:\AprPanama2025_fixed\041325_experimental\041325PA_experimental_part22.mp4,1900-01-02 03:56:39.800,1513
380200,1213,41,44.5,133.0,254.0,239.9310344827586,D:\AprPanama2025_fixed\041325_experimental\041325PA_experimental_part22.mp4,1900-01-02 03:56:40.000,1513
380200,1233,42,40.0,117.0,179.0,248.2830188679245,D:\AprPanama2025_fixed\041325_experimental\041325PA_experimental_part22.mp4,1900-01-02 03:56:40.000,1533
380203,1234,42,33.0,113.0,179.0,247.06666666666663,D:\AprPanama2025_fixed\041325_experimental\041325PA_experimental_part22.mp4,1900-01-02 03:56:40.300,1534
380203,1213,41,46.0,115.0,254.0,242.10169491525423,D:\AprPanama2025_fixed\041325_experimental\041325PA_experimental_part22.mp4,1900-01-02 03:56:40.300,1513
380201,1213,41,44.5,134.0,255.0,237.01724137931035,D:\AprPanama2025_fixed\041325_experimental\041325PA_experimental_part22.mp4,1900-01-02 03:56:40.100,1513
380201,1233,42,38.0,114.0,179.0,250.5,D:\AprPanama2025_fixed\041325_experimental\041325PA_experimental_part22.mp4,1900-01-02 03:56:40.100,1533
380197,1213,41,49.0,115.0,255.0,241.3650793650793,D:\AprPanama2025_fixed\041325_experimental\041325PA_experimental_part22.mp4,1900-01-02 03:56:39.700,1513
380197,1233,43,52.5,111.0,179.0,248.1641791044776,D:\AprPanama2025_fixed\041325_experimental\041325PA_experimental_part22.mp4,1900-01-02 03:56:39.700,1533
380196,1213,41,48.0,111.0,249.0,244.24193548387095,D:\AprPanama2025_fixed\041325_experimental\041325PA_experimental_part22.mp4,1900-01-02 03:56:39.600,1513
380196,1233,42,52.5,111.0,179.0,251.3181818181818,D:\AprPanama2025_fixed\041325_experimental\041325PA_experimental_part22.mp4,1900-01-02 03:56:39.600,1533
380206,1234,42,24.5,122.0,178.0,247.57142857142856,D:\AprPanama2025_fixed\041325_experimental\041325PA_experimental_part22.mp4,1900-01-02 03:56:40.600,1534
380206,1213,41,42.0,123.0,246.0,234.1851851851852,D:\AprPanama2025_fixed\041325_experimental\041325PA_experimental_part22.mp4,1900-01-02 03:56:40.600,1513
380211,1234,41,14.5,117.0,179.0,245.0,D:\AprPanama2025_fixed\041325_experimental\041325PA_experimental_part22.mp4,1900-01-02 03:56:41.100,1534
380211,1213,40,32.0,113.0,254.0,239.8181818181818,D:\AprPanama2025_fixed\041325_experimental\041325PA_experimental_part22.mp4,1900-01-02 03:56:41.100,1513
380208,1234,42,19.0,112.0,179.0,250.42857142857144,D:\AprPanama2025_fixed\041325_experimental\041325PA_experimental_part22.mp4,1900-01-02 03:56:40.800,1534
380208,1213,40,36.5,111.0,252.0,234.22916666666663,D:\AprPanama2025_fixed\041325_experimental\041325PA_experimental_part22.mp4,1900-01-02 03:56:40.800,1513
380210,1234,42,16.5,115.0,179.0,243.29166666666663,D:\AprPanama2025_fixed\041325_experimental\041325PA_experimental_part22.mp4,1900-01-02 03:56:41.000,1534
380210,1213,41,35.5,111.0,243.0,233.7872340425532,D:\AprPanama2025_fixed\041325_experimental\041325PA_experimental_part22.mp4,1900-01-02 03:56:41.000,1513
380207,1234,42,28.5,111.0,179.0,249.15384615384613,D:\AprPanama2025_fixed\041325_experimental\041325PA_experimental_part22.mp4,1900-01-02 03:56:40.700,1534
380207,1213,41,38.0,113.0,255.0,240.28,D:\AprPanama2025_fixed\041325_experimental\041325PA_experimental_part22.mp4,1900-01-02 03:56:40.700,1513
380209,1234,41,19.0,111.0,177.0,235.32142857142856,D:\AprPanama2025_fixed\041325_experimental\041325PA_experimental_part22.mp4,1900-01-02 03:56:40.900,1534
380209,1213,41,40.0,116.0,253.0,233.0769230769231,D:\AprPanama2025_fixed\041325_experimental\041325PA_experimental_part22.mp4,1900-01-02 03:56:40.900,1513
380205,1234,42,31.0,113.0,179.0,244.9047619047619,D:\AprPanama2025_fixed\041325_experimental\041325PA_experimental_part22.mp4,1900-01-02 03:56:40.500,1534
380205,1213,41,42.5,119.0,254.0,240.8363636363636,D:\AprPanama2025_fixed\041325_experimental\041325PA_experimental_part22.mp4,1900-01-02 03:56:40.500,1513
380204,1234,42,32.5,113.0,179.0,244.1136363636364,D:\AprPanama2025_fixed\041325_experimental\041325PA_experimental_part22.mp4,1900-01-02 03:56:40.400,1534
380204,1213,41,46.0,115.0,255.0,238.8135593220339,D:\AprPanama2025_fixed\041325_experimental\041325PA_experimental_part22.mp4,1900-01-02 03:56:40.400,1513
380216,1234,41,5.5,116.0,174.0,253.0,D:\AprPanama2025_fixed\041325_experimental\041325PA_experimental_part22.mp4,1900-01-02 03:56:41.600,1534
380216,1213,40,26.5,121.0,244.0,241.5945945945946,D:\AprPanama2025_fixed\041325_experimental\041325PA_experimental_part22.mp4,1900-01-02 03:56:41.600,1513
380217,1234,41,7.5,113.0,174.0,250.42857142857144,D:\AprPanama2025_fixed\041325_experimental\041325PA_experimental_part22.mp4,1900-01-02 03:56:41.700,1534
380217,1213,40,29.0,111.0,250.0,236.0,D:\AprPanama2025_fixed\041325_experimental\041325PA_experimental_part22.mp4,1900-01-02 03:56:41.700,1513
380214,1234,41,9.5,115.0,179.0,237.7058823529412,D:\AprPanama2025_fixed\041325_experimental\041325PA_experimental_part22.mp4,1900-01-02 03:56:41.400,1534
380214,1213,40,30.5,123.0,227.0,242.85365853658536,D:\AprPanama2025_fixed\041325_experimental\041325PA_experimental_part22.mp4,1900-01-02 03:56:41.400,1513
380215,1234,41,11.0,114.0,177.0,235.05555555555557,D:\AprPanama2025_fixed\041325_experimental\041325PA_experimental_part22.mp4,1900-01-02 03:56:41.500,1534
380215,1213,40,31.5,119.0,227.0,242.86046511627907,D:\AprPanama2025_fixed\041325_experimental\041325PA_experimental_part22.mp4,1900-01-02 03:56:41.500,1513
380212,1234,41,12.5,128.0,179.0,243.55,D:\AprPanama2025_fixed\041325_experimental\041325PA_experimental_part22.mp4,1900-01-02 03:56:41.200,1534
380212,1213,41,33.5,112.0,248.0,239.62222222222223,D:\AprPanama2025_fixed\041325_experimental\041325PA_experimental_part22.mp4,1900-01-02 03:56:41.200,1513
380218,1234,41,7.0,113.0,177.0,251.30769230769232,D:\AprPanama2025_fixed\041325_experimental\041325PA_experimental_part22.mp4,1900-01-02 03:56:41.800,1534
380218,1213,40,27.5,124.0,247.0,238.07894736842104,D:\AprPanama2025_fixed\041325_experimental\041325PA_experimental_part22.mp4,1900-01-02 03:56:41.800,1513
380219,1234,41,7.0,113.0,178.0,250.84615384615387,D:\AprPanama2025_fixed\041325_experimental\041325PA_experimental_part22.mp4,1900-01-02 03:56:41.900,1534
380219,1213,40,26.5,121.0,244.0,237.40540540540545,D:\AprPanama2025_fixed\041325_experimental\041325PA_experimental_part22.mp4,1900-01-02 03:56:41.900,1513
380213,1234,41,12.5,111.0,178.0,239.2,D:\AprPanama2025_fixed\041325_experimental\041325PA_experimental_part22.mp4,1900-01-02 03:56:41.300,1534
380213,1213,41,34.0,111.0,248.0,240.7111111111111,D:\AprPanama2025_fixed\041325_experimental\041325PA_experimental_part22.mp4,1900-01-02 03:56:41.300,1513
380221,1234,41,3.5,117.0,156.0,254.25,D:\AprPanama2025_fixed\041325_experimental\041325PA_experimental_part22.mp4,1900-01-02 03:56:42.100,1534
380221,1213,40,26.0,119.0,212.0,233.66666666666663,D:\AprPanama2025_fixed\041325_experimental\041325PA_experimental_part22.mp4,1900-01-02 03:56:42.100,1513
380225,1213,40,26.0,113.0,233.0,230.8333333333333,D:\AprPanama2025_fixed\041325_experimental\041325PA_experimental_part22.mp4,1900-01-02 03:56:42.500,1513
380223,1234,41,1.5,129.0,148.0,253.4,D:\AprPanama2025_fixed\041325_experimental\041325PA_experimental_part22.mp4,1900-01-02 03:56:42.300,1534
380223,1213,40,26.0,120.0,179.0,237.1111111111111,D:\AprPanama2025_fixed\041325_experimental\041325PA_experimental_part22.mp4,1900-01-02 03:56:42.300,1513
380222,1213,40,26.0,127.0,220.0,236.41666666666663,D:\AprPanama2025_fixed\041325_experimental\041325PA_experimental_part22.mp4,1900-01-02 03:56:42.200,1513
380224,1213,40,26.0,122.0,243.0,229.7222222222222,D:\AprPanama2025_fixed\041325_experimental\041325PA_experimental_part22.mp4,1900-01-02 03:56:42.400,1513
380227,1213,40,26.0,116.0,179.0,238.8333333333333,D:\AprPanama2025_fixed\041325_experimental\041325PA_experimental_part22.mp4,1900-01-02 03:56:42.700,1513
380226,1213,40,26.0,112.0,179.0,236.94444444444443,D:\AprPanama2025_fixed\041325_experimental\041325PA_experimental_part22.mp4,1900-01-02 03:56:42.600,1513
380220,1234,41,4.5,124.0,169.0,255.0,D:\AprPanama2025_fixed\041325_experimental\041325PA_experimental_part22.mp4,1900-01-02 03:56:42.000,1534
380220,1213,40,27.0,118.0,245.0,237.1891891891892,D:\AprPanama2025_fixed\041325_experimental\041325PA_experimental_part22.mp4,1900-01-02 03:56:42.000,1513
380230,1213,40,21.5,138.0,179.0,243.74193548387095,D:\AprPanama2025_fixed\041325_experimental\041325PA_experimental_part22.mp4,1900-01-02 03:56:43.000,1513
380234,1213,40,20.0,116.0,179.0,239.6206896551724,D:\AprPanama2025_fixed\041325_experimental\041325PA_experimental_part22.mp4,1900-01-02 03:56:43.400,1513
380233,1213,40,21.5,111.0,179.0,238.0,D:\AprPanama2025_fixed\041325_experimental\041325PA_experimental_part22.mp4,1900-01-02 03:56:43.300,1513
380228,1213,40,25.0,116.0,179.0,235.6,D:\AprPanama2025_fixed\041325_experimental\041325PA_experimental_part22.mp4,1900-01-02 03:56:42.800,1513
380229,1213,40,24.0,111.0,178.0,240.94117647058823,D:\AprPanama2025_fixed\041325_experimental\041325PA_experimental_part22.mp4,1900-01-02 03:56:42.900,1513
380232,1213,40,21.5,120.0,179.0,240.4193548387097,D:\AprPanama2025_fixed\041325_experimental\041325PA_experimental_part22.mp4,1900-01-02 03:56:43.200,1513
380231,1213,40,21.5,129.0,179.0,241.9032258064516,D:\AprPanama2025_fixed\041325_experimental\041325PA_experimental_part22.mp4,1900-01-02 03:56:43.100,1513
380235,1213,40,20.0,116.0,179.0,239.6206896551724,D:\AprPanama2025_fixed\041325_experimental\041325PA_experimental_part22.mp4,1900-01-02 03:56:43.500,1513
380239,1213,41,17.0,125.0,178.0,239.52,D:\AprPanama2025_fixed\041325_experimental\041325PA_experimental_part22.mp4,1900-01-02 03:56:43.900,1513
380242,1213,40,15.0,112.0,179.0,242.0,D:\AprPanama2025_fixed\041325_experimental\041325PA_experimental_part22.mp4,1900-01-02 03:56:44.200,1513
380243,1213,40,15.0,112.0,179.0,242.0,D:\AprPanama2025_fixed\041325_experimental\041325PA_experimental_part22.mp4,1900-01-02 03:56:44.300,1513
380241,1213,41,16.0,112.0,179.0,242.91666666666663,D:\AprPanama2025_fixed\041325_experimental\041325PA_experimental_part22.mp4,1900-01-02 03:56:44.100,1513
380237,1213,41,20.0,124.0,179.0,241.35714285714283,D:\AprPanama2025_fixed\041325_experimental\041325PA_experimental_part22.mp4,1900-01-02 03:56:43.700,1513
380238,1213,40,19.0,115.0,179.0,237.14814814814807,D:\AprPanama2025_fixed\041325_experimental\041325PA_experimental_part22.mp4,1900-01-02 03:56:43.800,1513
380240,1213,41,17.0,115.0,178.0,242.72,D:\AprPanama2025_fixed\041325_experimental\041325PA_experimental_part22.mp4,1900-01-02 03:56:44.000,1513
380236,1213,40,18.0,111.0,179.0,240.30769230769232,D:\AprPanama2025_fixed\041325_experimental\041325PA_experimental_part22.mp4,1900-01-02 03:56:43.600,1513
380248,1212,40,14.5,112.0,179.0,229.9090909090909,D:\AprPanama2025_fixed\041325_experimental\041325PA_experimental_part22.mp4,1900-01-02 03:56:44.800,1512
380245,1212,40,14.5,113.0,179.0,233.45454545454547,D:\AprPanama2025_fixed\041325_experimental\041325PA_experimental_part22.mp4,1900-01-02 03:56:44.500,1512
380246,1212,40,13.5,119.0,178.0,226.66666666666663,D:\AprPanama2025_fixed\041325_experimental\041325PA_experimental_part22.mp4,1900-01-02 03:56:44.600,1512
380249,1212,40,10.0,139.0,178.0,236.58823529411765,D:\AprPanama2025_fixed\041325_experimental\041325PA_experimental_part22.mp4,1900-01-02 03:56:44.900,1512
380244,1212,40,14.5,122.0,179.0,239.8636363636364,D:\AprPanama2025_fixed\041325_experimental\041325PA_experimental_part22.mp4,1900-01-02 03:56:44.400,1512
380247,1212,40,12.5,117.0,179.0,228.1,D:\AprPanama2025_fixed\041325_experimental\041325PA_experimental_part22.mp4,1900-01-02 03:56:44.700,1512
380250,1212,40,11.5,111.0,179.0,235.2631578947368,D:\AprPanama2025_fixed\041325_experimental\041325PA_experimental_part22.mp4,1900-01-02 03:56:45.000,1512
380251,1212,40,11.5,112.0,179.0,230.3157894736842,D:\AprPanama2025_fixed\041325_experimental\041325PA_experimental_part22.mp4,1900-01-02 03:56:45.100,1512
380259,1212,40,11.5,111.0,177.0,229.0,D:\AprPanama2025_fixed\041325_experimental\041325PA_experimental_part22.mp4,1900-01-02 03:56:45.900,1512
380258,1212,40,11.5,111.0,176.0,231.3157894736842,D:\AprPanama2025_fixed\041325_experimental\041325PA_experimental_part22.mp4,1900-01-02 03:56:45.800,1512
380257,1212,40,10.0,137.0,178.0,228.94117647058823,D:\AprPanama2025_fixed\041325_experimental\041325PA_experimental_part22.mp4,1900-01-02 03:56:45.700,1512
380256,1212,40,11.0,111.0,179.0,231.1111111111111,D:\AprPanama2025_fixed\041325_experimental\041325PA_experimental_part22.mp4,1900-01-02 03:56:45.600,1512
380254,1212,40,11.5,129.0,179.0,230.15789473684208,D:\AprPanama2025_fixed\041325_experimental\041325PA_experimental_part22.mp4,1900-01-02 03:56:45.400,1512
380255,1212,40,11.0,113.0,179.0,231.55555555555557,D:\AprPanama2025_fixed\041325_experimental\041325PA_experimental_part22.mp4,1900-01-02 03:56:45.500,1512
380253,1212,40,11.5,112.0,179.0,232.0526315789473,D:\AprPanama2025_fixed\041325_experimental\041325PA_experimental_part22.mp4,1900-01-02 03:56:45.300,1512
380252,1212,40,10.0,136.0,179.0,228.58823529411765,D:\AprPanama2025_fixed\041325_experimental\041325PA_experimental_part22.mp4,1900-01-02 03:56:45.200,1512
380267,1213,40,5.0,123.0,179.0,243.63636363636363,D:\AprPanama2025_fixed\041325_experimental\041325PA_experimental_part22.mp4,1900-01-02 03:56:46.700,1513
380263,1213,40,8.0,119.0,179.0,239.57142857142856,D:\AprPanama2025_fixed\041325_experimental\041325PA_experimental_part22.mp4,1900-01-02 03:56:46.300,1513
380261,1212,40,9.0,121.0,179.0,234.9333333333333,D:\AprPanama2025_fixed\041325_experimental\041325PA_experimental_part22.mp4,1900-01-02 03:56:46.100,1512
380266,1212,40,7.5,117.0,178.0,240.35714285714283,D:\AprPanama2025_fixed\041325_experimental\041325PA_experimental_part22.mp4,1900-01-02 03:56:46.600,1512
380262,1213,40,10.5,116.0,178.0,235.8235294117647,D:\AprPanama2025_fixed\041325_experimental\041325PA_experimental_part22.mp4,1900-01-02 03:56:46.200,1513
380260,1212,40,9.0,121.0,179.0,232.4,D:\AprPanama2025_fixed\041325_experimental\041325PA_experimental_part22.mp4,1900-01-02 03:56:46.000,1512
380264,1213,40,8.0,119.0,179.0,239.57142857142856,D:\AprPanama2025_fixed\041325_experimental\041325PA_experimental_part22.mp4,1900-01-02 03:56:46.400,1513
380265,1213,40,8.0,119.0,179.0,239.57142857142856,D:\AprPanama2025_fixed\041325_experimental\041325PA_experimental_part22.mp4,1900-01-02 03:56:46.500,1513
380271,1213,40,5.0,117.0,178.0,240.0909090909091,D:\AprPanama2025_fixed\041325_experimental\041325PA_experimental_part22.mp4,1900-01-02 03:56:47.100,1513
380272,1212,40,2.5,111.0,178.0,237.0,D:\AprPanama2025_fixed\041325_experimental\041325PA_experimental_part22.mp4,1900-01-02 03:56:47.200,1512
380269,1213,40,5.0,123.0,179.0,243.63636363636363,D:\AprPanama2025_fixed\041325_experimental\041325PA_experimental_part22.mp4,1900-01-02 03:56:46.900,1513
380274,1213,40,3.0,154.0,179.0,240.5,D:\AprPanama2025_fixed\041325_experimental\041325PA_experimental_part22.mp4,1900-01-02 03:56:47.400,1513
380273,1213,40,4.5,112.0,177.0,236.4,D:\AprPanama2025_fixed\041325_experimental\041325PA_experimental_part22.mp4,1900-01-02 03:56:47.300,1513
380275,1213,40,4.5,117.0,177.0,220.6,D:\AprPanama2025_fixed\041325_experimental\041325PA_experimental_part22.mp4,1900-01-02 03:56:47.500,1513
380270,1213,40,5.0,120.0,178.0,242.0909090909091,D:\AprPanama2025_fixed\041325_experimental\041325PA_experimental_part22.mp4,1900-01-02 03:56:47.000,1513
380268,1213,40,5.0,123.0,179.0,243.63636363636363,D:\AprPanama2025_fixed\041325_experimental\041325PA_experimental_part22.mp4,1900-01-02 03:56:46.800,1513
380278,1213,40,8.5,121.0,179.0,254.26666666666665,D:\AprPanama2025_fixed\041325_experimental\041325PA_experimental_part22.mp4,1900-01-02 03:56:47.800,1513
380276,1213,40,8.0,129.0,179.0,254.14285714285717,D:\AprPanama2025_fixed\041325_experimental\041325PA_experimental_part22.mp4,1900-01-02 03:56:47.600,1513
380281,1213,40,3.0,124.0,178.0,253.0,D:\AprPanama2025_fixed\041325_experimental\041325PA_experimental_part22.mp4,1900-01-02 03:56:48.100,1513
380279,1213,40,4.5,117.0,179.0,240.5,D:\AprPanama2025_fixed\041325_experimental\041325PA_experimental_part22.mp4,1900-01-02 03:56:47.900,1513
380282,1213,40,4.0,118.0,166.0,251.66666666666663,D:\AprPanama2025_fixed\041325_experimental\041325PA_experimental_part22.mp4,1900-01-02 03:56:48.200,1513
380277,1213,40,8.0,129.0,179.0,254.14285714285717,D:\AprPanama2025_fixed\041325_experimental\041325PA_experimental_part22.mp4,1900-01-02 03:56:47.700,1513
380283,1214,40,1.5,138.0,170.0,249.16666666666663,D:\AprPanama2025_fixed\041325_experimental\041325PA_experimental_part22.mp4,1900-01-02 03:56:48.300,1514
380280,1213,40,4.5,136.0,176.0,253.5,D:\AprPanama2025_fixed\041325_experimental\041325PA_experimental_part22.mp4,1900-01-02 03:56:48.000,1513
380285,1214,40,1.5,117.0,167.0,235.66666666666663,D:\AprPanama2025_fixed\041325_experimental\041325PA_experimental_part22.mp4,1900-01-02 03:56:48.500,1514
380288,1213,40,2.5,113.0,150.0,215.85714285714283,D:\AprPanama2025_fixed\041325_experimental\041325PA_experimental_part22.mp4,1900-01-02 03:56:48.800,1513
390005,552,269,5.5,125.0,179.0,241.8333333333333,D:\AprPanama2025_fixed\041325_experimental\041325PA_experimental_part22.mp4,1900-01-02 04:13:00.500,852
390009,552,269,11.0,112.0,179.0,252.1,D:\AprPanama2025_fixed\041325_experimental\041325PA_experimental_part22.mp4,1900-01-02 04:13:00.900,852
390007,552,269,7.0,131.0,179.0,251.0,D:\AprPanama2025_fixed\041325_experimental\041325PA_experimental_part22.mp4,1900-01-02 04:13:00.700,852
390006,552,269,7.5,119.0,179.0,251.5,D:\AprPanama2025_fixed\041325_experimental\041325PA_experimental_part22.mp4,1900-01-02 04:13:00.600,852
390011,552,268,6.5,125.0,179.0,249.33333333333331,D:\AprPanama2025_fixed\041325_experimental\041325PA_experimental_part22.mp4,1900-01-02 04:13:01.100,852
390008,552,269,7.5,111.0,179.0,250.625,D:\AprPanama2025_fixed\041325_experimental\041325PA_experimental_part22.mp4,1900-01-02 04:13:00.800,852
390010,552,268,8.0,115.0,179.0,251.23529411764704,D:\AprPanama2025_fixed\041325_experimental\041325PA_experimental_part22.mp4,1900-01-02 04:13:01.000,852
390013,552,267,4.0,122.0,177.0,248.4,D:\AprPanama2025_fixed\041325_experimental\041325PA_experimental_part22.mp4,1900-01-02 04:13:01.300,852
390015,552,267,3.5,156.0,177.0,248.1111111111111,D:\AprPanama2025_fixed\041325_experimental\041325PA_experimental_part22.mp4,1900-01-02 04:13:01.500,852
390016,552,268,4.0,131.0,165.0,242.27272727272728,D:\AprPanama2025_fixed\041325_experimental\041325PA_experimental_part22.mp4,1900-01-02 04:13:01.600,852
390018,552,266,1.5,120.0,151.0,234.8,D:\AprPanama2025_fixed\041325_experimental\041325PA_experimental_part22.mp4,1900-01-02 04:13:01.800,852
390014,552,267,4.0,122.0,178.0,249.0,D:\AprPanama2025_fixed\041325_experimental\041325PA_experimental_part22.mp4,1900-01-02 04:13:01.400,852
390012,552,268,6.5,118.0,179.0,251.4,D:\AprPanama2025_fixed\041325_experimental\041325PA_experimental_part22.mp4,1900-01-02 04:13:01.200,852
390017,552,266,2.0,115.0,155.0,246.8333333333333,D:\AprPanama2025_fixed\041325_experimental\041325PA_experimental_part22.mp4,1900-01-02 04:13:01.700,852
427261,1041,211,6.5,125.0,171.0,243.92307692307693,D:\AprPanama2025_fixed\041325_experimental\041325PA_experimental_part24.mp4,1900-01-02 05:15:06.100,1341
427267,1042,212,14.0,117.0,178.0,250.72727272727275,D:\AprPanama2025_fixed\041325_experimental\041325PA_experimental_part24.mp4,1900-01-02 05:15:06.700,1342
427268,1042,211,4.0,113.0,161.0,251.2222222222222,D:\AprPanama2025_fixed\041325_experimental\041325PA_experimental_part24.mp4,1900-01-02 05:15:06.800,1342
427265,1042,212,17.0,118.0,178.0,248.08,D:\AprPanama2025_fixed\041325_experimental\041325PA_experimental_part24.mp4,1900-01-02 05:15:06.500,1342
427264,1042,212,20.5,111.0,179.0,246.0,D:\AprPanama2025_fixed\041325_experimental\041325PA_experimental_part24.mp4,1900-01-02 05:15:06.400,1342
427263,1041,212,21.5,114.0,179.0,247.7,D:\AprPanama2025_fixed\041325_experimental\041325PA_experimental_part24.mp4,1900-01-02 05:15:06.300,1341
427266,1042,212,14.5,115.0,179.0,250.5,D:\AprPanama2025_fixed\041325_experimental\041325PA_experimental_part24.mp4,1900-01-02 05:15:06.600,1342
427262,1041,212,20.0,117.0,179.0,246.3103448275862,D:\AprPanama2025_fixed\041325_experimental\041325PA_experimental_part24.mp4,1900-01-02 05:15:06.200,1341
427269,1042,211,3.5,120.0,164.0,250.8,D:\AprPanama2025_fixed\041325_experimental\041325PA_experimental_part24.mp4,1900-01-02 05:15:06.900,1342
427272,1044,210,1.5,111.0,168.0,243.7142857142857,D:\AprPanama2025_fixed\041325_experimental\041325PA_experimental_part24.mp4,1900-01-02 05:15:07.200,1344
427270,1042,212,1.5,115.0,151.0,254.3333333333333,D:\AprPanama2025_fixed\041325_experimental\041325PA_experimental_part24.mp4,1900-01-02 05:15:07.000,1342
428229,989,246,37.5,116.0,179.0,248.46,D:\AprPanama2025_fixed\041325_experimental\041325PA_experimental_part24.mp4,1900-01-02 05:16:42.900,1289
428227,989,246,43.0,121.0,179.0,248.48214285714283,D:\AprPanama2025_fixed\041325_experimental\041325PA_experimental_part24.mp4,1900-01-02 05:16:42.700,1289
428228,989,246,38.5,116.0,179.0,245.0392156862745,D:\AprPanama2025_fixed\041325_experimental\041325PA_experimental_part24.mp4,1900-01-02 05:16:42.800,1289
428226,990,246,43.5,112.0,179.0,248.0,D:\AprPanama2025_fixed\041325_experimental\041325PA_experimental_part24.mp4,1900-01-02 05:16:42.600,1290
428225,990,245,46.0,112.0,179.0,248.83050847457628,D:\AprPanama2025_fixed\041325_experimental\041325PA_experimental_part24.mp4,1900-01-02 05:16:42.500,1290
428223,991,245,35.0,116.0,179.0,247.76086956521735,D:\AprPanama2025_fixed\041325_experimental\041325PA_experimental_part24.mp4,1900-01-02 05:16:42.300,1291
428224,990,245,49.5,116.0,179.0,247.3968253968254,D:\AprPanama2025_fixed\041325_experimental\041325PA_experimental_part24.mp4,1900-01-02 05:16:42.400,1290
428222,992,244,25.5,116.0,184.0,245.0,D:\AprPanama2025_fixed\041325_experimental\041325PA_experimental_part24.mp4,1900-01-02 05:16:42.200,1292
428232,989,246,33.5,114.0,179.0,247.73333333333332,D:\AprPanama2025_fixed\041325_experimental\041325PA_experimental_part24.mp4,1900-01-02 05:16:43.200,1289
428237,988,247,19.5,111.0,179.0,246.55172413793105,D:\AprPanama2025_fixed\041325_experimental\041325PA_experimental_part24.mp4,1900-01-02 05:16:43.700,1288
428230,989,246,35.5,120.0,179.0,247.1458333333333,D:\AprPanama2025_fixed\041325_experimental\041325PA_experimental_part24.mp4,1900-01-02 05:16:43.000,1289
428234,988,246,25.0,111.0,179.0,248.8,D:\AprPanama2025_fixed\041325_experimental\041325PA_experimental_part24.mp4,1900-01-02 05:16:43.400,1288
428236,988,247,19.0,113.0,179.0,241.60714285714283,D:\AprPanama2025_fixed\041325_experimental\041325PA_experimental_part24.mp4,1900-01-02 05:16:43.600,1288
428235,988,247,24.0,116.0,179.0,246.8235294117647,D:\AprPanama2025_fixed\041325_experimental\041325PA_experimental_part24.mp4,1900-01-02 05:16:43.500,1288
428233,988,246,28.5,111.0,179.0,248.3333333333333,D:\AprPanama2025_fixed\041325_experimental\041325PA_experimental_part24.mp4,1900-01-02 05:16:43.300,1288
428231,989,246,36.5,117.0,179.0,248.6875,D:\AprPanama2025_fixed\041325_experimental\041325PA_experimental_part24.mp4,1900-01-02 05:16:43.100,1289
428244,986,247,7.0,115.0,174.0,241.28571428571428,D:\AprPanama2025_fixed\041325_experimental\041325PA_experimental_part24.mp4,1900-01-02 05:16:44.400,1286
428242,987,247,10.0,114.0,179.0,248.11764705882356,D:\AprPanama2025_fixed\041325_experimental\041325PA_experimental_part24.mp4,1900-01-02 05:16:44.200,1287
428240,987,247,10.5,115.0,179.0,253.1111111111111,D:\AprPanama2025_fixed\041325_experimental\041325PA_experimental_part24.mp4,1900-01-02 05:16:44.000,1287
428241,987,247,12.0,114.0,179.0,246.52631578947367,D:\AprPanama2025_fixed\041325_experimental\041325PA_experimental_part24.mp4,1900-01-02 05:16:44.100,1287
428239,987,247,16.0,115.0,179.0,250.6,D:\AprPanama2025_fixed\041325_experimental\041325PA_experimental_part24.mp4,1900-01-02 05:16:43.900,1287
428245,986,248,13.5,112.0,176.0,245.7142857142857,D:\AprPanama2025_fixed\041325_experimental\041325PA_experimental_part24.mp4,1900-01-02 05:16:44.500,1286
428243,987,247,9.5,120.0,179.0,247.9375,D:\AprPanama2025_fixed\041325_experimental\041325PA_experimental_part24.mp4,1900-01-02 05:16:44.300,1287
428238,988,247,18.0,112.0,178.0,244.7037037037037,D:\AprPanama2025_fixed\041325_experimental\041325PA_experimental_part24.mp4,1900-01-02 05:16:43.800,1288
428247,985,248,7.0,116.0,172.0,245.7692307692308,D:\AprPanama2025_fixed\041325_experimental\041325PA_experimental_part24.mp4,1900-01-02 05:16:44.700,1285
428252,984,249,1.5,114.0,153.0,252.8333333333333,D:\AprPanama2025_fixed\041325_experimental\041325PA_experimental_part24.mp4,1900-01-02 05:16:45.200,1284
428250,984,249,2.5,113.0,155.0,247.85714285714283,D:\AprPanama2025_fixed\041325_experimental\041325PA_experimental_part24.mp4,1900-01-02 05:16:45.000,1284
428253,984,250,2.0,117.0,159.0,245.0,D:\AprPanama2025_fixed\041325_experimental\041325PA_experimental_part24.mp4,1900-01-02 05:16:45.300,1284
428249,984,249,4.0,115.0,171.0,249.44444444444443,D:\AprPanama2025_fixed\041325_experimental\041325PA_experimental_part24.mp4,1900-01-02 05:16:44.900,1284
428248,984,248,5.0,111.0,172.0,245.6,D:\AprPanama2025_fixed\041325_experimental\041325PA_experimental_part24.mp4,1900-01-02 05:16:44.800,1284
428251,984,249,2.5,113.0,155.0,247.85714285714283,D:\AprPanama2025_fixed\041325_experimental\041325PA_experimental_part24.mp4,1900-01-02 05:16:45.100,1284
428246,985,249,9.0,112.0,179.0,247.375,D:\AprPanama2025_fixed\041325_experimental\041325PA_experimental_part24.mp4,1900-01-02 05:16:44.600,1285
429765,1156,207,8.0,112.0,171.0,236.11764705882356,D:\AprPanama2025_fixed\041325_experimental\041325PA_experimental_part24.mp4,1900-01-02 05:19:16.500,1456
429767,1155,210,37.5,114.0,179.0,248.6734693877551,D:\AprPanama2025_fixed\041325_experimental\041325PA_experimental_part24.mp4,1900-01-02 05:19:16.700,1455
429769,1154,210,33.0,111.0,179.0,245.9555555555556,D:\AprPanama2025_fixed\041325_experimental\041325PA_experimental_part24.mp4,1900-01-02 05:19:16.900,1454
429768,1154,210,37.0,111.0,179.0,245.55102040816325,D:\AprPanama2025_fixed\041325_experimental\041325PA_experimental_part24.mp4,1900-01-02 05:19:16.800,1454
429770,1154,210,28.0,128.0,179.0,247.5128205128205,D:\AprPanama2025_fixed\041325_experimental\041325PA_experimental_part24.mp4,1900-01-02 05:19:17.000,1454
429773,1154,210,22.5,111.0,179.0,247.4848484848485,D:\AprPanama2025_fixed\041325_experimental\041325PA_experimental_part24.mp4,1900-01-02 05:19:17.300,1454
429772,1153,211,21.5,113.0,179.0,248.875,D:\AprPanama2025_fixed\041325_experimental\041325PA_experimental_part24.mp4,1900-01-02 05:19:17.200,1453
429766,1155,209,27.5,122.0,179.0,250.4736842105263,D:\AprPanama2025_fixed\041325_experimental\041325PA_experimental_part24.mp4,1900-01-02 05:19:16.600,1455
429771,1154,210,29.5,127.0,179.0,248.1,D:\AprPanama2025_fixed\041325_experimental\041325PA_experimental_part24.mp4,1900-01-02 05:19:17.100,1454
429775,1153,210,15.0,129.0,179.0,246.41666666666663,D:\AprPanama2025_fixed\041325_experimental\041325PA_experimental_part24.mp4,1900-01-02 05:19:17.500,1453
429776,1153,211,14.5,117.0,179.0,247.16666666666663,D:\AprPanama2025_fixed\041325_experimental\041325PA_experimental_part24.mp4,1900-01-02 05:19:17.600,1453
429778,1152,211,8.5,117.0,179.0,247.41176470588235,D:\AprPanama2025_fixed\041325_experimental\041325PA_experimental_part24.mp4,1900-01-02 05:19:17.800,1452
429779,1152,211,8.0,113.0,175.0,240.33333333333331,D:\AprPanama2025_fixed\041325_experimental\041325PA_experimental_part24.mp4,1900-01-02 05:19:17.900,1452
429777,1152,211,12.5,111.0,176.0,247.8095238095238,D:\AprPanama2025_fixed\041325_experimental\041325PA_experimental_part24.mp4,1900-01-02 05:19:17.700,1452
429774,1153,210,14.0,129.0,179.0,246.0434782608696,D:\AprPanama2025_fixed\041325_experimental\041325PA_experimental_part24.mp4,1900-01-02 05:19:17.400,1453
454446,824,241,15.0,126.0,179.0,249.125,D:\AprPanama2025_fixed\041325_experimental\041325PA_experimental_part26.mp4,1900-01-02 06:00:24.600,1124
454444,823,240,4.0,123.0,172.0,246.88888888888889,D:\AprPanama2025_fixed\041325_experimental\041325PA_experimental_part26.mp4,1900-01-02 06:00:24.400,1123
454445,823,241,11.0,113.0,178.0,249.73684210526315,D:\AprPanama2025_fixed\041325_experimental\041325PA_experimental_part26.mp4,1900-01-02 06:00:24.500,1123
454447,824,241,15.5,133.0,179.0,246.3333333333333,D:\AprPanama2025_fixed\041325_experimental\041325PA_experimental_part26.mp4,1900-01-02 06:00:24.700,1124
454453,824,241,11.5,115.0,173.0,252.0,D:\AprPanama2025_fixed\041325_experimental\041325PA_experimental_part26.mp4,1900-01-02 06:00:25.300,1124
454454,824,241,8.5,111.0,175.0,252.14285714285717,D:\AprPanama2025_fixed\041325_experimental\041325PA_experimental_part26.mp4,1900-01-02 06:00:25.400,1124
454450,824,241,15.0,113.0,177.0,244.95652173913044,D:\AprPanama2025_fixed\041325_experimental\041325PA_experimental_part26.mp4,1900-01-02 06:00:25.000,1124
454452,824,241,9.5,122.0,179.0,246.125,D:\AprPanama2025_fixed\041325_experimental\041325PA_experimental_part26.mp4,1900-01-02 06:00:25.200,1124
454448,824,241,15.5,127.0,178.0,246.75,D:\AprPanama2025_fixed\041325_experimental\041325PA_experimental_part26.mp4,1900-01-02 06:00:24.800,1124
454449,824,241,15.5,127.0,179.0,248.9583333333333,D:\AprPanama2025_fixed\041325_experimental\041325PA_experimental_part26.mp4,1900-01-02 06:00:24.900,1124
454451,824,241,13.0,119.0,179.0,243.3333333333333,D:\AprPanama2025_fixed\041325_experimental\041325PA_experimental_part26.mp4,1900-01-02 06:00:25.100,1124
454455,824,240,5.5,111.0,176.0,255.0,D:\AprPanama2025_fixed\041325_experimental\041325PA_experimental_part26.mp4,1900-01-02 06:00:25.500,1124
454460,824,240,1.5,113.0,160.0,249.2,D:\AprPanama2025_fixed\041325_experimental\041325PA_experimental_part26.mp4,1900-01-02 06:00:26.000,1124
454459,824,240,1.5,113.0,160.0,249.2,D:\AprPanama2025_fixed\041325_experimental\041325PA_experimental_part26.mp4,1900-01-02 06:00:25.900,1124
454458,824,240,2.0,124.0,168.0,250.8333333333333,D:\AprPanama2025_fixed\041325_experimental\041325PA_experimental_part26.mp4,1900-01-02 06:00:25.800,1124
454456,824,240,3.0,111.0,175.0,253.125,D:\AprPanama2025_fixed\041325_experimental\041325PA_experimental_part26.mp4,1900-01-02 06:00:25.600,1124
458046,962,187,15.0,138.0,179.0,240.8260869565217,D:\AprPanama2025_fixed\041325_experimental\041325PA_experimental_part26.mp4,1900-01-02 06:06:24.600,1262
458047,962,187,15.5,129.0,179.0,249.0,D:\AprPanama2025_fixed\041325_experimental\041325PA_experimental_part26.mp4,1900-01-02 06:06:24.700,1262
458045,962,187,13.5,126.0,179.0,247.0,D:\AprPanama2025_fixed\041325_experimental\041325PA_experimental_part26.mp4,1900-01-02 06:06:24.500,1262
458044,960,187,6.0,113.0,169.0,211.66666666666663,D:\AprPanama2025_fixed\041325_experimental\041325PA_experimental_part26.mp4,1900-01-02 06:06:24.400,1260
458052,963,187,10.0,127.0,176.0,248.52941176470588,D:\AprPanama2025_fixed\041325_experimental\041325PA_experimental_part26.mp4,1900-01-02 06:06:25.200,1263
458051,963,187,9.0,122.0,179.0,239.875,D:\AprPanama2025_fixed\041325_experimental\041325PA_experimental_part26.mp4,1900-01-02 06:06:25.100,1263
458055,963,186,4.0,114.0,179.0,248.8,D:\AprPanama2025_fixed\041325_experimental\041325PA_experimental_part26.mp4,1900-01-02 06:06:25.500,1263
458050,963,187,11.5,113.0,179.0,247.1052631578947,D:\AprPanama2025_fixed\041325_experimental\041325PA_experimental_part26.mp4,1900-01-02 06:06:25.000,1263
458049,962,187,16.0,114.0,179.0,248.75,D:\AprPanama2025_fixed\041325_experimental\041325PA_experimental_part26.mp4,1900-01-02 06:06:24.900,1262
458053,963,187,10.0,127.0,176.0,248.7058823529412,D:\AprPanama2025_fixed\041325_experimental\041325PA_experimental_part26.mp4,1900-01-02 06:06:25.300,1263
458048,962,187,15.0,119.0,179.0,250.3913043478261,D:\AprPanama2025_fixed\041325_experimental\041325PA_experimental_part26.mp4,1900-01-02 06:06:24.800,1262
458054,963,186,6.0,119.0,179.0,249.66666666666663,D:\AprPanama2025_fixed\041325_experimental\041325PA_experimental_part26.mp4,1900-01-02 06:06:25.400,1263
458057,963,187,6.0,111.0,172.0,231.7692307692308,D:\AprPanama2025_fixed\041325_experimental\041325PA_experimental_part26.mp4,1900-01-02 06:06:25.700,1263
458059,962,186,1.5,149.0,169.0,213.5,D:\AprPanama2025_fixed\041325_experimental\041325PA_experimental_part26.mp4,1900-01-02 06:06:25.900,1262
458058,963,186,3.5,111.0,163.0,250.44444444444443,D:\AprPanama2025_fixed\041325_experimental\041325PA_experimental_part26.mp4,1900-01-02 06:06:25.800,1263
458056,963,187,6.0,112.0,178.0,245.15384615384616,D:\AprPanama2025_fixed\041325_experimental\041325PA_experimental_part26.mp4,1900-01-02 06:06:25.600,1263
464838,553,131,2.0,113.0,143.0,183.0,D:\AprPanama2025_fixed\041325_experimental\041325PA_experimental_part26.mp4,1900-01-02 06:17:43.800,853
464832,553,131,1.5,118.0,174.0,184.8,D:\AprPanama2025_fixed\041325_experimental\041325PA_experimental_part26.mp4,1900-01-02 06:17:43.200,853
