frame,cX,cY,area,minI,maxI,meanI,video,time,cX_original
59012,468,163,4.5,118.0,181.0,252.1111111111111,D:\AprPanama2025_fixed\041525_experimental\041525PA_experimental_part04.mp4,1900-01-01 19:10:21.200,768
59013,468,163,7.0,127.0,181.0,252.61538461538464,D:\AprPanama2025_fixed\041525_experimental\041525PA_experimental_part04.mp4,1900-01-01 19:10:21.300,768
59011,468,161,1.5,114.0,150.0,163.0,D:\AprPanama2025_fixed\041525_experimental\041525PA_experimental_part04.mp4,1900-01-01 19:10:21.100,768
59014,469,162,11.0,114.0,179.0,239.2222222222222,D:\AprPanama2025_fixed\041525_experimental\041525PA_experimental_part04.mp4,1900-01-01 19:10:21.400,769
59021,470,161,7.0,111.0,173.0,250.0769230769231,D:\AprPanama2025_fixed\041525_experimental\041525PA_experimental_part04.mp4,1900-01-01 19:10:22.100,770
59020,470,162,8.5,122.0,177.0,248.06666666666663,D:\AprPanama2025_fixed\041525_experimental\041525PA_experimental_part04.mp4,1900-01-01 19:10:22.000,770
59017,470,162,6.5,129.0,179.0,253.7692307692308,D:\AprPanama2025_fixed\041525_experimental\041525PA_experimental_part04.mp4,1900-01-01 19:10:21.700,770
59016,469,162,10.0,121.0,175.0,248.64705882352945,D:\AprPanama2025_fixed\041525_experimental\041525PA_experimental_part04.mp4,1900-01-01 19:10:21.600,769
59019,470,162,8.5,115.0,176.0,249.8,D:\AprPanama2025_fixed\041525_experimental\041525PA_experimental_part04.mp4,1900-01-01 19:10:21.900,770
59015,469,163,11.5,118.0,179.0,244.68421052631575,D:\AprPanama2025_fixed\041525_experimental\041525PA_experimental_part04.mp4,1900-01-01 19:10:21.500,769
59018,470,162,7.5,114.0,179.0,247.57142857142856,D:\AprPanama2025_fixed\041525_experimental\041525PA_experimental_part04.mp4,1900-01-01 19:10:21.800,770
59028,472,161,1.5,112.0,162.0,245.0,D:\AprPanama2025_fixed\041525_experimental\041525PA_experimental_part04.mp4,1900-01-01 19:10:22.800,772
59025,472,161,3.0,128.0,177.0,242.875,D:\AprPanama2025_fixed\041525_experimental\041525PA_experimental_part04.mp4,1900-01-01 19:10:22.500,772
59022,471,161,7.0,122.0,178.0,239.0769230769231,D:\AprPanama2025_fixed\041525_experimental\041525PA_experimental_part04.mp4,1900-01-01 19:10:22.200,771
59024,471,161,6.5,120.0,171.0,223.46153846153848,D:\AprPanama2025_fixed\041525_experimental\041525PA_experimental_part04.mp4,1900-01-01 19:10:22.400,771
59023,471,161,9.5,113.0,178.0,227.3125,D:\AprPanama2025_fixed\041525_experimental\041525PA_experimental_part04.mp4,1900-01-01 19:10:22.300,771
59026,472,160,3.0,119.0,169.0,216.0,D:\AprPanama2025_fixed\041525_experimental\041525PA_experimental_part04.mp4,1900-01-01 19:10:22.600,772
59029,472,161,1.5,115.0,150.0,248.2,D:\AprPanama2025_fixed\041525_experimental\041525PA_experimental_part04.mp4,1900-01-01 19:10:22.900,772
59027,472,160,4.5,125.0,178.0,217.88888888888889,D:\AprPanama2025_fixed\041525_experimental\041525PA_experimental_part04.mp4,1900-01-01 19:10:22.700,772
59033,473,160,3.0,119.0,168.0,188.7142857142857,D:\AprPanama2025_fixed\041525_experimental\041525PA_experimental_part04.mp4,1900-01-01 19:10:23.300,773
59031,473,159,4.0,116.0,170.0,191.88888888888889,D:\AprPanama2025_fixed\041525_experimental\041525PA_experimental_part04.mp4,1900-01-01 19:10:23.100,773
59034,474,159,2.5,111.0,160.0,184.85714285714283,D:\AprPanama2025_fixed\041525_experimental\041525PA_experimental_part04.mp4,1900-01-01 19:10:23.400,774
59035,474,159,3.5,113.0,171.0,183.375,D:\AprPanama2025_fixed\041525_experimental\041525PA_experimental_part04.mp4,1900-01-01 19:10:23.500,774
59036,474,158,1.5,117.0,166.0,248.0,D:\AprPanama2025_fixed\041525_experimental\041525PA_experimental_part04.mp4,1900-01-01 19:10:23.600,774
59032,473,160,3.5,130.0,167.0,189.625,D:\AprPanama2025_fixed\041525_experimental\041525PA_experimental_part04.mp4,1900-01-01 19:10:23.200,773
59030,473,160,1.5,116.0,133.0,252.0,D:\AprPanama2025_fixed\041525_experimental\041525PA_experimental_part04.mp4,1900-01-01 19:10:23.000,773
59044,475,158,2.0,120.0,160.0,154.33333333333331,D:\AprPanama2025_fixed\041525_experimental\041525PA_experimental_part04.mp4,1900-01-01 19:10:24.400,775
59043,476,158,1.5,118.0,170.0,207.6,D:\AprPanama2025_fixed\041525_experimental\041525PA_experimental_part04.mp4,1900-01-01 19:10:24.300,776
59038,474,159,2.5,119.0,173.0,225.0,D:\AprPanama2025_fixed\041525_experimental\041525PA_experimental_part04.mp4,1900-01-01 19:10:23.800,774
59045,476,158,1.5,119.0,153.0,105.6,D:\AprPanama2025_fixed\041525_experimental\041525PA_experimental_part04.mp4,1900-01-01 19:10:24.500,776
59051,476,158,1.5,120.0,142.0,54.8,D:\AprPanama2025_fixed\041525_experimental\041525PA_experimental_part04.mp4,1900-01-01 19:10:25.100,776
59228,473,131,6.0,125.0,174.0,224.5,D:\AprPanama2025_fixed\041525_experimental\041525PA_experimental_part04.mp4,1900-01-01 19:10:42.800,773
59226,474,130,2.0,136.0,176.0,251.66666666666663,D:\AprPanama2025_fixed\041525_experimental\041525PA_experimental_part04.mp4,1900-01-01 19:10:42.600,774
59225,472,129,1.5,118.0,145.0,193.0,D:\AprPanama2025_fixed\041525_experimental\041525PA_experimental_part04.mp4,1900-01-01 19:10:42.500,772
59229,473,131,6.0,122.0,179.0,242.5,D:\AprPanama2025_fixed\041525_experimental\041525PA_experimental_part04.mp4,1900-01-01 19:10:42.900,773
59227,474,130,2.0,136.0,176.0,251.66666666666663,D:\AprPanama2025_fixed\041525_experimental\041525PA_experimental_part04.mp4,1900-01-01 19:10:42.700,774
59237,473,135,4.5,119.0,175.0,190.9,D:\AprPanama2025_fixed\041525_experimental\041525PA_experimental_part04.mp4,1900-01-01 19:10:43.700,773
59230,474,132,2.0,114.0,174.0,251.66666666666663,D:\AprPanama2025_fixed\041525_experimental\041525PA_experimental_part04.mp4,1900-01-01 19:10:43.000,774
59234,473,134,4.0,121.0,179.0,246.3333333333333,D:\AprPanama2025_fixed\041525_experimental\041525PA_experimental_part04.mp4,1900-01-01 19:10:43.400,773
59232,473,133,6.0,122.0,169.0,192.5,D:\AprPanama2025_fixed\041525_experimental\041525PA_experimental_part04.mp4,1900-01-01 19:10:43.200,773
59233,473,133,3.5,127.0,173.0,223.0,D:\AprPanama2025_fixed\041525_experimental\041525PA_experimental_part04.mp4,1900-01-01 19:10:43.300,773
59235,474,134,2.0,115.0,175.0,222.16666666666663,D:\AprPanama2025_fixed\041525_experimental\041525PA_experimental_part04.mp4,1900-01-01 19:10:43.500,774
59231,474,132,2.0,111.0,172.0,248.8333333333333,D:\AprPanama2025_fixed\041525_experimental\041525PA_experimental_part04.mp4,1900-01-01 19:10:43.100,774
59241,473,136,3.0,113.0,179.0,218.28571428571428,D:\AprPanama2025_fixed\041525_experimental\041525PA_experimental_part04.mp4,1900-01-01 19:10:44.100,773
59244,472,138,1.5,122.0,175.0,246.8,D:\AprPanama2025_fixed\041525_experimental\041525PA_experimental_part04.mp4,1900-01-01 19:10:44.400,772
59239,473,136,2.5,129.0,161.0,131.85714285714286,D:\AprPanama2025_fixed\041525_experimental\041525PA_experimental_part04.mp4,1900-01-01 19:10:43.900,773
59245,472,138,1.5,133.0,179.0,243.0,D:\AprPanama2025_fixed\041525_experimental\041525PA_experimental_part04.mp4,1900-01-01 19:10:44.500,772
59238,473,135,3.0,112.0,151.0,196.14285714285717,D:\AprPanama2025_fixed\041525_experimental\041525PA_experimental_part04.mp4,1900-01-01 19:10:43.800,773
59246,472,139,1.5,111.0,182.0,252.8,D:\AprPanama2025_fixed\041525_experimental\041525PA_experimental_part04.mp4,1900-01-01 19:10:44.600,772
59453,505,74,3.0,114.0,178.0,230.375,D:\AprPanama2025_fixed\041525_experimental\041525PA_experimental_part04.mp4,1900-01-01 19:11:05.300,805
59461,504,76,4.5,124.0,179.0,253.66666666666663,D:\AprPanama2025_fixed\041525_experimental\041525PA_experimental_part04.mp4,1900-01-01 19:11:06.100,804
59455,504,75,6.0,115.0,179.0,240.3333333333333,D:\AprPanama2025_fixed\041525_experimental\041525PA_experimental_part04.mp4,1900-01-01 19:11:05.500,804
59460,505,76,2.0,135.0,171.0,244.3333333333333,D:\AprPanama2025_fixed\041525_experimental\041525PA_experimental_part04.mp4,1900-01-01 19:11:06.000,805
59457,504,75,7.5,111.0,176.0,233.42857142857144,D:\AprPanama2025_fixed\041525_experimental\041525PA_experimental_part04.mp4,1900-01-01 19:11:05.700,804
59458,505,76,3.0,120.0,176.0,211.25,D:\AprPanama2025_fixed\041525_experimental\041525PA_experimental_part04.mp4,1900-01-01 19:11:05.800,805
59459,505,76,3.0,113.0,177.0,237.5,D:\AprPanama2025_fixed\041525_experimental\041525PA_experimental_part04.mp4,1900-01-01 19:11:05.900,805
59456,505,75,7.0,115.0,178.0,245.14285714285717,D:\AprPanama2025_fixed\041525_experimental\041525PA_experimental_part04.mp4,1900-01-01 19:11:05.600,805
59454,505,74,5.5,121.0,179.0,239.54545454545456,D:\AprPanama2025_fixed\041525_experimental\041525PA_experimental_part04.mp4,1900-01-01 19:11:05.400,805
59463,504,77,2.0,118.0,173.0,254.16666666666663,D:\AprPanama2025_fixed\041525_experimental\041525PA_experimental_part04.mp4,1900-01-01 19:11:06.300,804
59464,504,77,2.0,121.0,179.0,253.85714285714283,D:\AprPanama2025_fixed\041525_experimental\041525PA_experimental_part04.mp4,1900-01-01 19:11:06.400,804
59469,505,78,2.5,111.0,166.0,246.28571428571428,D:\AprPanama2025_fixed\041525_experimental\041525PA_experimental_part04.mp4,1900-01-01 19:11:06.900,805
59462,504,76,4.0,121.0,179.0,236.25,D:\AprPanama2025_fixed\041525_experimental\041525PA_experimental_part04.mp4,1900-01-01 19:11:06.200,804
59470,505,78,2.5,111.0,166.0,246.28571428571428,D:\AprPanama2025_fixed\041525_experimental\041525PA_experimental_part04.mp4,1900-01-01 19:11:07.000,805
59475,505,79,2.0,122.0,172.0,222.8333333333333,D:\AprPanama2025_fixed\041525_experimental\041525PA_experimental_part04.mp4,1900-01-01 19:11:07.500,805
63872,635,32,3.0,133.0,168.0,205.42857142857144,D:\AprPanama2025_fixed\041525_experimental\041525PA_experimental_part04.mp4,1900-01-01 19:18:27.200,935
63876,634,34,17.5,129.0,186.0,247.25925925925924,D:\AprPanama2025_fixed\041525_experimental\041525PA_experimental_part04.mp4,1900-01-01 19:18:27.600,934
63877,634,34,19.0,115.0,179.0,246.89285714285717,D:\AprPanama2025_fixed\041525_experimental\041525PA_experimental_part04.mp4,1900-01-01 19:18:27.700,934
63873,635,33,7.0,118.0,177.0,241.15384615384616,D:\AprPanama2025_fixed\041525_experimental\041525PA_experimental_part04.mp4,1900-01-01 19:18:27.300,935
63875,634,34,16.5,125.0,179.0,244.56,D:\AprPanama2025_fixed\041525_experimental\041525PA_experimental_part04.mp4,1900-01-01 19:18:27.500,934
63874,634,34,16.5,120.0,179.0,243.36,D:\AprPanama2025_fixed\041525_experimental\041525PA_experimental_part04.mp4,1900-01-01 19:18:27.400,934
63882,634,36,15.0,118.0,179.0,249.78260869565216,D:\AprPanama2025_fixed\041525_experimental\041525PA_experimental_part04.mp4,1900-01-01 19:18:28.200,934
63878,634,35,20.5,111.0,179.0,246.63333333333333,D:\AprPanama2025_fixed\041525_experimental\041525PA_experimental_part04.mp4,1900-01-01 19:18:27.800,934
63884,635,36,12.0,116.0,179.0,249.5,D:\AprPanama2025_fixed\041525_experimental\041525PA_experimental_part04.mp4,1900-01-01 19:18:28.400,935
63885,634,36,12.5,122.0,179.0,249.95,D:\AprPanama2025_fixed\041525_experimental\041525PA_experimental_part04.mp4,1900-01-01 19:18:28.500,934
63880,634,35,19.5,112.0,179.0,248.0,D:\AprPanama2025_fixed\041525_experimental\041525PA_experimental_part04.mp4,1900-01-01 19:18:28.000,934
63883,635,35,14.5,118.0,178.0,249.6086956521739,D:\AprPanama2025_fixed\041525_experimental\041525PA_experimental_part04.mp4,1900-01-01 19:18:28.300,935
63879,634,35,23.5,115.0,179.0,247.9090909090909,D:\AprPanama2025_fixed\041525_experimental\041525PA_experimental_part04.mp4,1900-01-01 19:18:27.900,934
63881,634,35,18.0,119.0,179.0,252.037037037037,D:\AprPanama2025_fixed\041525_experimental\041525PA_experimental_part04.mp4,1900-01-01 19:18:28.100,934
63891,635,37,3.5,130.0,178.0,246.77777777777777,D:\AprPanama2025_fixed\041525_experimental\041525PA_experimental_part04.mp4,1900-01-01 19:18:29.100,935
63892,636,37,3.0,117.0,174.0,221.5,D:\AprPanama2025_fixed\041525_experimental\041525PA_experimental_part04.mp4,1900-01-01 19:18:29.200,936
63889,635,36,8.0,111.0,179.0,248.35714285714283,D:\AprPanama2025_fixed\041525_experimental\041525PA_experimental_part04.mp4,1900-01-01 19:18:28.900,935
63887,635,36,8.0,123.0,179.0,250.33333333333331,D:\AprPanama2025_fixed\041525_experimental\041525PA_experimental_part04.mp4,1900-01-01 19:18:28.700,935
63886,635,36,9.5,114.0,178.0,243.58823529411765,D:\AprPanama2025_fixed\041525_experimental\041525PA_experimental_part04.mp4,1900-01-01 19:18:28.600,935
63888,635,36,9.5,112.0,179.0,250.25,D:\AprPanama2025_fixed\041525_experimental\041525PA_experimental_part04.mp4,1900-01-01 19:18:28.800,935
63893,636,36,3.0,115.0,175.0,237.125,D:\AprPanama2025_fixed\041525_experimental\041525PA_experimental_part04.mp4,1900-01-01 19:18:29.300,936
63890,635,37,3.5,132.0,179.0,251.1111111111111,D:\AprPanama2025_fixed\041525_experimental\041525PA_experimental_part04.mp4,1900-01-01 19:18:29.000,935
63900,583,146,4.5,111.0,164.0,141.1,D:\AprPanama2025_fixed\041525_experimental\041525PA_experimental_part04.mp4,1900-01-01 19:18:30.000,883
63899,584,145,3.0,123.0,162.0,170.7142857142857,D:\AprPanama2025_fixed\041525_experimental\041525PA_experimental_part04.mp4,1900-01-01 19:18:29.900,884
63901,583,145,6.0,119.0,167.0,145.75,D:\AprPanama2025_fixed\041525_experimental\041525PA_experimental_part04.mp4,1900-01-01 19:18:30.100,883
63904,583,145,1.5,118.0,136.0,228.4,D:\AprPanama2025_fixed\041525_experimental\041525PA_experimental_part04.mp4,1900-01-01 19:18:30.400,883
63903,583,145,2.0,129.0,157.0,192.0,D:\AprPanama2025_fixed\041525_experimental\041525PA_experimental_part04.mp4,1900-01-01 19:18:30.300,883
63902,583,145,4.0,132.0,162.0,209.1111111111111,D:\AprPanama2025_fixed\041525_experimental\041525PA_experimental_part04.mp4,1900-01-01 19:18:30.200,883
63905,583,145,1.5,118.0,136.0,228.4,D:\AprPanama2025_fixed\041525_experimental\041525PA_experimental_part04.mp4,1900-01-01 19:18:30.500,883
64293,486,72,2.5,117.0,169.0,210.7142857142857,D:\AprPanama2025_fixed\041525_experimental\041525PA_experimental_part04.mp4,1900-01-01 19:19:09.300,786
64300,488,72,15.0,114.0,179.0,243.3913043478261,D:\AprPanama2025_fixed\041525_experimental\041525PA_experimental_part04.mp4,1900-01-01 19:19:10.000,788
64294,486,72,10.5,112.0,178.0,229.23529411764704,D:\AprPanama2025_fixed\041525_experimental\041525PA_experimental_part04.mp4,1900-01-01 19:19:09.400,786
64297,487,72,13.5,111.0,178.0,241.8636363636364,D:\AprPanama2025_fixed\041525_experimental\041525PA_experimental_part04.mp4,1900-01-01 19:19:09.700,787
64296,486,72,14.5,114.0,179.0,242.4782608695652,D:\AprPanama2025_fixed\041525_experimental\041525PA_experimental_part04.mp4,1900-01-01 19:19:09.600,786
64295,486,72,12.0,123.0,179.0,243.0,D:\AprPanama2025_fixed\041525_experimental\041525PA_experimental_part04.mp4,1900-01-01 19:19:09.500,786
64299,487,73,18.0,112.0,179.0,242.037037037037,D:\AprPanama2025_fixed\041525_experimental\041525PA_experimental_part04.mp4,1900-01-01 19:19:09.900,787
64301,488,72,14.0,112.0,179.0,244.6818181818182,D:\AprPanama2025_fixed\041525_experimental\041525PA_experimental_part04.mp4,1900-01-01 19:19:10.100,788
64298,488,72,15.0,120.0,178.0,246.36,D:\AprPanama2025_fixed\041525_experimental\041525PA_experimental_part04.mp4,1900-01-01 19:19:09.800,788
64302,489,72,12.5,119.0,179.0,243.5,D:\AprPanama2025_fixed\041525_experimental\041525PA_experimental_part04.mp4,1900-01-01 19:19:10.200,789
64306,491,73,6.5,130.0,176.0,244.91666666666663,D:\AprPanama2025_fixed\041525_experimental\041525PA_experimental_part04.mp4,1900-01-01 19:19:10.600,791
64309,492,73,6.5,112.0,179.0,241.25,D:\AprPanama2025_fixed\041525_experimental\041525PA_experimental_part04.mp4,1900-01-01 19:19:10.900,792
64308,491,73,8.0,113.0,179.0,253.07142857142856,D:\AprPanama2025_fixed\041525_experimental\041525PA_experimental_part04.mp4,1900-01-01 19:19:10.800,791
64307,491,73,8.0,111.0,179.0,247.42857142857144,D:\AprPanama2025_fixed\041525_experimental\041525PA_experimental_part04.mp4,1900-01-01 19:19:10.700,791
64303,490,72,12.0,111.0,177.0,246.52631578947367,D:\AprPanama2025_fixed\041525_experimental\041525PA_experimental_part04.mp4,1900-01-01 19:19:10.300,790
64305,490,72,8.5,115.0,178.0,241.8,D:\AprPanama2025_fixed\041525_experimental\041525PA_experimental_part04.mp4,1900-01-01 19:19:10.500,790
64304,490,72,13.0,112.0,177.0,244.8,D:\AprPanama2025_fixed\041525_experimental\041525PA_experimental_part04.mp4,1900-01-01 19:19:10.400,790
64310,493,73,8.5,112.0,179.0,227.8,D:\AprPanama2025_fixed\041525_experimental\041525PA_experimental_part04.mp4,1900-01-01 19:19:11.000,793
64312,494,73,3.0,115.0,161.0,201.7142857142857,D:\AprPanama2025_fixed\041525_experimental\041525PA_experimental_part04.mp4,1900-01-01 19:19:11.200,794
64311,493,73,8.5,112.0,179.0,229.46666666666667,D:\AprPanama2025_fixed\041525_experimental\041525PA_experimental_part04.mp4,1900-01-01 19:19:11.100,793
64314,494,74,2.5,136.0,177.0,237.14285714285717,D:\AprPanama2025_fixed\041525_experimental\041525PA_experimental_part04.mp4,1900-01-01 19:19:11.400,794
64316,495,74,1.5,112.0,139.0,68.60000000000001,D:\AprPanama2025_fixed\041525_experimental\041525PA_experimental_part04.mp4,1900-01-01 19:19:11.600,795
64313,494,73,3.0,125.0,160.0,138.28571428571428,D:\AprPanama2025_fixed\041525_experimental\041525PA_experimental_part04.mp4,1900-01-01 19:19:11.300,794
65077,639,81,11.5,122.0,178.0,244.44444444444443,D:\AprPanama2025_fixed\041525_experimental\041525PA_experimental_part04.mp4,1900-01-01 19:20:27.700,939
65076,639,81,11.5,120.0,178.0,247.27777777777777,D:\AprPanama2025_fixed\041525_experimental\041525PA_experimental_part04.mp4,1900-01-01 19:20:27.600,939
65075,639,81,10.5,114.0,179.0,248.2941176470588,D:\AprPanama2025_fixed\041525_experimental\041525PA_experimental_part04.mp4,1900-01-01 19:20:27.500,939
65074,639,81,9.5,112.0,170.0,247.125,D:\AprPanama2025_fixed\041525_experimental\041525PA_experimental_part04.mp4,1900-01-01 19:20:27.400,939
65072,639,80,1.5,111.0,150.0,168.0,D:\AprPanama2025_fixed\041525_experimental\041525PA_experimental_part04.mp4,1900-01-01 19:20:27.200,939
65082,640,80,12.0,121.0,179.0,242.0,D:\AprPanama2025_fixed\041525_experimental\041525PA_experimental_part04.mp4,1900-01-01 19:20:28.200,940
65083,640,80,12.0,121.0,179.0,242.0,D:\AprPanama2025_fixed\041525_experimental\041525PA_experimental_part04.mp4,1900-01-01 19:20:28.300,940
65081,640,80,14.0,120.0,179.0,243.5909090909091,D:\AprPanama2025_fixed\041525_experimental\041525PA_experimental_part04.mp4,1900-01-01 19:20:28.100,940
65079,640,81,12.5,122.0,177.0,251.6,D:\AprPanama2025_fixed\041525_experimental\041525PA_experimental_part04.mp4,1900-01-01 19:20:27.900,940
65084,641,81,10.0,117.0,179.0,242.52941176470588,D:\AprPanama2025_fixed\041525_experimental\041525PA_experimental_part04.mp4,1900-01-01 19:20:28.400,941
65085,641,81,7.5,138.0,179.0,249.07142857142856,D:\AprPanama2025_fixed\041525_experimental\041525PA_experimental_part04.mp4,1900-01-01 19:20:28.500,941
65080,640,80,14.0,120.0,179.0,243.5909090909091,D:\AprPanama2025_fixed\041525_experimental\041525PA_experimental_part04.mp4,1900-01-01 19:20:28.000,940
65078,640,81,12.5,122.0,177.0,251.6,D:\AprPanama2025_fixed\041525_experimental\041525PA_experimental_part04.mp4,1900-01-01 19:20:27.800,940
65087,641,81,6.5,117.0,173.0,238.66666666666663,D:\AprPanama2025_fixed\041525_experimental\041525PA_experimental_part04.mp4,1900-01-01 19:20:28.700,941
65092,642,80,2.5,115.0,174.0,240.0,D:\AprPanama2025_fixed\041525_experimental\041525PA_experimental_part04.mp4,1900-01-01 19:20:29.200,942
65090,641,81,5.0,115.0,175.0,228.1818181818182,D:\AprPanama2025_fixed\041525_experimental\041525PA_experimental_part04.mp4,1900-01-01 19:20:29.000,941
65086,641,81,7.0,118.0,172.0,248.15384615384616,D:\AprPanama2025_fixed\041525_experimental\041525PA_experimental_part04.mp4,1900-01-01 19:20:28.600,941
65091,641,81,4.0,112.0,176.0,224.8,D:\AprPanama2025_fixed\041525_experimental\041525PA_experimental_part04.mp4,1900-01-01 19:20:29.100,941
65093,642,80,2.5,115.0,174.0,240.0,D:\AprPanama2025_fixed\041525_experimental\041525PA_experimental_part04.mp4,1900-01-01 19:20:29.300,942
65088,641,81,5.5,126.0,171.0,248.45454545454547,D:\AprPanama2025_fixed\041525_experimental\041525PA_experimental_part04.mp4,1900-01-01 19:20:28.800,941
65089,641,81,6.5,118.0,174.0,232.5,D:\AprPanama2025_fixed\041525_experimental\041525PA_experimental_part04.mp4,1900-01-01 19:20:28.900,941
68197,752,137,8.0,113.0,179.0,250.42857142857144,D:\AprPanama2025_fixed\041525_experimental\041525PA_experimental_part04.mp4,1900-01-01 19:25:39.700,1052
68195,752,138,11.5,114.0,179.0,250.77777777777777,D:\AprPanama2025_fixed\041525_experimental\041525PA_experimental_part04.mp4,1900-01-01 19:25:39.500,1052
68194,752,138,9.5,131.0,176.0,248.0,D:\AprPanama2025_fixed\041525_experimental\041525PA_experimental_part04.mp4,1900-01-01 19:25:39.400,1052
68196,752,137,10.0,115.0,179.0,252.875,D:\AprPanama2025_fixed\041525_experimental\041525PA_experimental_part04.mp4,1900-01-01 19:25:39.600,1052
68192,752,139,1.5,115.0,151.0,245.66666666666663,D:\AprPanama2025_fixed\041525_experimental\041525PA_experimental_part04.mp4,1900-01-01 19:25:39.200,1052
68193,752,138,7.0,117.0,179.0,250.92307692307693,D:\AprPanama2025_fixed\041525_experimental\041525PA_experimental_part04.mp4,1900-01-01 19:25:39.300,1052
68202,752,137,3.5,121.0,178.0,239.77777777777777,D:\AprPanama2025_fixed\041525_experimental\041525PA_experimental_part04.mp4,1900-01-01 19:25:40.200,1052
68200,752,137,4.5,132.0,178.0,235.3,D:\AprPanama2025_fixed\041525_experimental\041525PA_experimental_part04.mp4,1900-01-01 19:25:40.000,1052
68201,752,137,4.5,132.0,178.0,235.3,D:\AprPanama2025_fixed\041525_experimental\041525PA_experimental_part04.mp4,1900-01-01 19:25:40.100,1052
68204,669,56,6.0,117.0,183.0,246.91666666666663,D:\AprPanama2025_fixed\041525_experimental\041525PA_experimental_part04.mp4,1900-01-01 19:25:40.400,969
68203,752,137,1.5,122.0,178.0,253.66666666666663,D:\AprPanama2025_fixed\041525_experimental\041525PA_experimental_part04.mp4,1900-01-01 19:25:40.300,1052
68205,669,57,9.0,113.0,177.0,237.26666666666665,D:\AprPanama2025_fixed\041525_experimental\041525PA_experimental_part04.mp4,1900-01-01 19:25:40.500,969
68199,752,138,6.5,119.0,178.0,242.16666666666663,D:\AprPanama2025_fixed\041525_experimental\041525PA_experimental_part04.mp4,1900-01-01 19:25:39.900,1052
68198,752,138,6.5,119.0,178.0,242.16666666666663,D:\AprPanama2025_fixed\041525_experimental\041525PA_experimental_part04.mp4,1900-01-01 19:25:39.800,1052
68209,672,58,7.5,132.0,179.0,253.2142857142857,D:\AprPanama2025_fixed\041525_experimental\041525PA_experimental_part04.mp4,1900-01-01 19:25:40.900,972
68210,672,57,9.0,112.0,179.0,240.5,D:\AprPanama2025_fixed\041525_experimental\041525PA_experimental_part04.mp4,1900-01-01 19:25:41.000,972
68207,670,57,13.0,114.0,179.0,252.19047619047615,D:\AprPanama2025_fixed\041525_experimental\041525PA_experimental_part04.mp4,1900-01-01 19:25:40.700,970
68211,672,57,9.0,112.0,179.0,245.125,D:\AprPanama2025_fixed\041525_experimental\041525PA_experimental_part04.mp4,1900-01-01 19:25:41.100,972
68206,670,57,14.0,121.0,179.0,248.13636363636363,D:\AprPanama2025_fixed\041525_experimental\041525PA_experimental_part04.mp4,1900-01-01 19:25:40.600,970
68208,671,57,11.5,122.0,179.0,244.7894736842105,D:\AprPanama2025_fixed\041525_experimental\041525PA_experimental_part04.mp4,1900-01-01 19:25:40.800,971
68212,672,58,11.5,112.0,179.0,247.3157894736842,D:\AprPanama2025_fixed\041525_experimental\041525PA_experimental_part04.mp4,1900-01-01 19:25:41.200,972
68213,672,58,9.5,118.0,179.0,247.4375,D:\AprPanama2025_fixed\041525_experimental\041525PA_experimental_part04.mp4,1900-01-01 19:25:41.300,972
68220,675,58,6.5,131.0,178.0,250.25,D:\AprPanama2025_fixed\041525_experimental\041525PA_experimental_part04.mp4,1900-01-01 19:25:42.000,975
68218,674,58,5.5,129.0,177.0,245.3636363636364,D:\AprPanama2025_fixed\041525_experimental\041525PA_experimental_part04.mp4,1900-01-01 19:25:41.800,974
68219,675,58,7.0,114.0,179.0,248.7692307692308,D:\AprPanama2025_fixed\041525_experimental\041525PA_experimental_part04.mp4,1900-01-01 19:25:41.900,975
68216,673,58,7.5,126.0,179.0,252.5,D:\AprPanama2025_fixed\041525_experimental\041525PA_experimental_part04.mp4,1900-01-01 19:25:41.600,973
68217,674,58,8.5,115.0,179.0,245.875,D:\AprPanama2025_fixed\041525_experimental\041525PA_experimental_part04.mp4,1900-01-01 19:25:41.700,974
68221,675,58,6.5,140.0,178.0,248.91666666666663,D:\AprPanama2025_fixed\041525_experimental\041525PA_experimental_part04.mp4,1900-01-01 19:25:42.100,975
68215,673,58,9.5,125.0,178.0,244.0,D:\AprPanama2025_fixed\041525_experimental\041525PA_experimental_part04.mp4,1900-01-01 19:25:41.500,973
68214,673,58,9.5,136.0,179.0,246.4375,D:\AprPanama2025_fixed\041525_experimental\041525PA_experimental_part04.mp4,1900-01-01 19:25:41.400,973
68222,675,59,5.5,118.0,178.0,249.0909090909091,D:\AprPanama2025_fixed\041525_experimental\041525PA_experimental_part04.mp4,1900-01-01 19:25:42.200,975
68228,677,59,5.5,121.0,179.0,225.54545454545456,D:\AprPanama2025_fixed\041525_experimental\041525PA_experimental_part04.mp4,1900-01-01 19:25:42.800,977
68226,676,59,2.5,112.0,174.0,178.7142857142857,D:\AprPanama2025_fixed\041525_experimental\041525PA_experimental_part04.mp4,1900-01-01 19:25:42.600,976
68224,675,59,3.5,116.0,179.0,247.77777777777777,D:\AprPanama2025_fixed\041525_experimental\041525PA_experimental_part04.mp4,1900-01-01 19:25:42.400,975
68223,675,59,3.5,116.0,179.0,247.77777777777777,D:\AprPanama2025_fixed\041525_experimental\041525PA_experimental_part04.mp4,1900-01-01 19:25:42.300,975
68225,676,58,3.5,137.0,177.0,231.25,D:\AprPanama2025_fixed\041525_experimental\041525PA_experimental_part04.mp4,1900-01-01 19:25:42.500,976
68229,677,59,5.5,120.0,178.0,252.54545454545456,D:\AprPanama2025_fixed\041525_experimental\041525PA_experimental_part04.mp4,1900-01-01 19:25:42.900,977
68227,676,59,3.5,115.0,176.0,213.0,D:\AprPanama2025_fixed\041525_experimental\041525PA_experimental_part04.mp4,1900-01-01 19:25:42.700,976
68236,678,60,1.5,135.0,149.0,83.2,D:\AprPanama2025_fixed\041525_experimental\041525PA_experimental_part04.mp4,1900-01-01 19:25:43.600,978
68232,678,60,4.5,113.0,159.0,127.0,D:\AprPanama2025_fixed\041525_experimental\041525PA_experimental_part04.mp4,1900-01-01 19:25:43.200,978
68233,678,59,3.0,114.0,150.0,61.71428571428571,D:\AprPanama2025_fixed\041525_experimental\041525PA_experimental_part04.mp4,1900-01-01 19:25:43.300,978
68231,677,59,5.5,144.0,170.0,105.1818181818182,D:\AprPanama2025_fixed\041525_experimental\041525PA_experimental_part04.mp4,1900-01-01 19:25:43.100,977
68230,677,60,4.5,115.0,164.0,248.9,D:\AprPanama2025_fixed\041525_experimental\041525PA_experimental_part04.mp4,1900-01-01 19:25:43.000,977
68246,681,60,1.5,113.0,146.0,87.80000000000001,D:\AprPanama2025_fixed\041525_experimental\041525PA_experimental_part04.mp4,1900-01-01 19:25:44.600,981
68285,1087,47,9.5,113.0,179.0,250.1764705882353,D:\AprPanama2025_fixed\041525_experimental\041525PA_experimental_part04.mp4,1900-01-01 19:25:48.500,1387
68284,1087,47,9.0,129.0,179.0,251.375,D:\AprPanama2025_fixed\041525_experimental\041525PA_experimental_part04.mp4,1900-01-01 19:25:48.400,1387
68282,1086,48,8.5,111.0,178.0,236.6,D:\AprPanama2025_fixed\041525_experimental\041525PA_experimental_part04.mp4,1900-01-01 19:25:48.200,1386
68283,1086,48,9.0,128.0,179.0,224.5625,D:\AprPanama2025_fixed\041525_experimental\041525PA_experimental_part04.mp4,1900-01-01 19:25:48.300,1386
68287,1087,47,11.0,115.0,179.0,252.5,D:\AprPanama2025_fixed\041525_experimental\041525PA_experimental_part04.mp4,1900-01-01 19:25:48.700,1387
68288,1088,47,11.0,114.0,179.0,252.77777777777777,D:\AprPanama2025_fixed\041525_experimental\041525PA_experimental_part04.mp4,1900-01-01 19:25:48.800,1388
68289,1088,47,8.5,114.0,179.0,245.9333333333333,D:\AprPanama2025_fixed\041525_experimental\041525PA_experimental_part04.mp4,1900-01-01 19:25:48.900,1388
68291,1089,45,7.0,114.0,179.0,244.30769230769232,D:\AprPanama2025_fixed\041525_experimental\041525PA_experimental_part04.mp4,1900-01-01 19:25:49.100,1389
68293,1089,45,7.0,130.0,176.0,248.0,D:\AprPanama2025_fixed\041525_experimental\041525PA_experimental_part04.mp4,1900-01-01 19:25:49.300,1389
68292,1089,46,8.0,136.0,179.0,253.14285714285717,D:\AprPanama2025_fixed\041525_experimental\041525PA_experimental_part04.mp4,1900-01-01 19:25:49.200,1389
68290,1088,46,5.5,120.0,179.0,246.27272727272728,D:\AprPanama2025_fixed\041525_experimental\041525PA_experimental_part04.mp4,1900-01-01 19:25:49.000,1388
68286,1087,47,13.5,111.0,179.0,244.09523809523807,D:\AprPanama2025_fixed\041525_experimental\041525PA_experimental_part04.mp4,1900-01-01 19:25:48.600,1387
68296,1091,44,6.0,124.0,173.0,234.54545454545456,D:\AprPanama2025_fixed\041525_experimental\041525PA_experimental_part04.mp4,1900-01-01 19:25:49.600,1391
68297,1090,44,5.0,129.0,178.0,237.4,D:\AprPanama2025_fixed\041525_experimental\041525PA_experimental_part04.mp4,1900-01-01 19:25:49.700,1390
68294,1089,45,6.0,117.0,177.0,252.91666666666663,D:\AprPanama2025_fixed\041525_experimental\041525PA_experimental_part04.mp4,1900-01-01 19:25:49.400,1389
68299,1091,44,3.5,126.0,166.0,235.3333333333333,D:\AprPanama2025_fixed\041525_experimental\041525PA_experimental_part04.mp4,1900-01-01 19:25:49.900,1391
68298,1091,44,4.5,126.0,176.0,245.1,D:\AprPanama2025_fixed\041525_experimental\041525PA_experimental_part04.mp4,1900-01-01 19:25:49.800,1391
68295,1090,45,5.0,117.0,176.0,235.1,D:\AprPanama2025_fixed\041525_experimental\041525PA_experimental_part04.mp4,1900-01-01 19:25:49.500,1390
68309,993,150,4.5,117.0,173.0,250.6,D:\AprPanama2025_fixed\041525_experimental\041525PA_experimental_part04.mp4,1900-01-01 19:25:50.900,1293
68310,992,150,6.5,113.0,173.0,241.30769230769232,D:\AprPanama2025_fixed\041525_experimental\041525PA_experimental_part04.mp4,1900-01-01 19:25:51.000,1292
68313,992,149,6.5,102.0,155.0,195.75,D:\AprPanama2025_fixed\041525_experimental\041525PA_experimental_part04.mp4,1900-01-01 19:25:51.300,1292
68313,992,149,2.0,102.0,145.0,209.8,D:\AprPanama2025_fixed\041525_experimental\041525PA_experimental_part04.mp4,1900-01-01 19:25:51.300,1292
68312,992,150,4.0,111.0,173.0,211.16666666666663,D:\AprPanama2025_fixed\041525_experimental\041525PA_experimental_part04.mp4,1900-01-01 19:25:51.200,1292
68311,993,150,2.5,111.0,168.0,252.3333333333333,D:\AprPanama2025_fixed\041525_experimental\041525PA_experimental_part04.mp4,1900-01-01 19:25:51.100,1293
69921,608,164,5.0,142.0,178.0,253.5,D:\AprPanama2025_fixed\041525_experimental\041525PA_experimental_part04.mp4,1900-01-01 19:28:32.100,908
69924,608,164,4.0,119.0,177.0,237.55555555555557,D:\AprPanama2025_fixed\041525_experimental\041525PA_experimental_part04.mp4,1900-01-01 19:28:32.400,908
69919,608,164,2.5,120.0,177.0,220.0,D:\AprPanama2025_fixed\041525_experimental\041525PA_experimental_part04.mp4,1900-01-01 19:28:31.900,908
69920,608,164,5.0,142.0,178.0,253.5,D:\AprPanama2025_fixed\041525_experimental\041525PA_experimental_part04.mp4,1900-01-01 19:28:32.000,908
69925,607,164,5.5,118.0,176.0,232.2,D:\AprPanama2025_fixed\041525_experimental\041525PA_experimental_part04.mp4,1900-01-01 19:28:32.500,907
69922,608,164,5.0,142.0,178.0,253.5,D:\AprPanama2025_fixed\041525_experimental\041525PA_experimental_part04.mp4,1900-01-01 19:28:32.200,908
69923,608,164,4.0,119.0,177.0,237.55555555555557,D:\AprPanama2025_fixed\041525_experimental\041525PA_experimental_part04.mp4,1900-01-01 19:28:32.300,908
69918,608,165,1.5,111.0,171.0,204.8333333333333,D:\AprPanama2025_fixed\041525_experimental\041525PA_experimental_part04.mp4,1900-01-01 19:28:31.800,908
69927,607,164,6.0,112.0,179.0,212.41666666666663,D:\AprPanama2025_fixed\041525_experimental\041525PA_experimental_part04.mp4,1900-01-01 19:28:32.700,907
69926,607,164,5.5,113.0,179.0,221.1818181818182,D:\AprPanama2025_fixed\041525_experimental\041525PA_experimental_part04.mp4,1900-01-01 19:28:32.600,907
69929,607,164,1.5,121.0,147.0,254.0,D:\AprPanama2025_fixed\041525_experimental\041525PA_experimental_part04.mp4,1900-01-01 19:28:32.900,907
69928,607,163,5.0,116.0,179.0,195.1,D:\AprPanama2025_fixed\041525_experimental\041525PA_experimental_part04.mp4,1900-01-01 19:28:32.800,907
69930,606,163,2.0,114.0,172.0,243.66666666666663,D:\AprPanama2025_fixed\041525_experimental\041525PA_experimental_part04.mp4,1900-01-01 19:28:33.000,906
69947,586,58,2.0,122.0,177.0,241.16666666666663,D:\AprPanama2025_fixed\041525_experimental\041525PA_experimental_part04.mp4,1900-01-01 19:28:34.700,886
69948,586,58,2.0,122.0,177.0,241.16666666666663,D:\AprPanama2025_fixed\041525_experimental\041525PA_experimental_part04.mp4,1900-01-01 19:28:34.800,886
69943,586,58,2.0,135.0,177.0,246.66666666666663,D:\AprPanama2025_fixed\041525_experimental\041525PA_experimental_part04.mp4,1900-01-01 19:28:34.300,886
69945,586,58,3.0,137.0,179.0,247.14285714285717,D:\AprPanama2025_fixed\041525_experimental\041525PA_experimental_part04.mp4,1900-01-01 19:28:34.500,886
69944,586,58,3.0,137.0,179.0,247.14285714285717,D:\AprPanama2025_fixed\041525_experimental\041525PA_experimental_part04.mp4,1900-01-01 19:28:34.400,886
69949,586,58,2.0,122.0,177.0,241.16666666666663,D:\AprPanama2025_fixed\041525_experimental\041525PA_experimental_part04.mp4,1900-01-01 19:28:34.900,886
69942,586,58,2.0,116.0,168.0,174.66666666666666,D:\AprPanama2025_fixed\041525_experimental\041525PA_experimental_part04.mp4,1900-01-01 19:28:34.200,886
69946,586,58,3.0,137.0,179.0,247.14285714285717,D:\AprPanama2025_fixed\041525_experimental\041525PA_experimental_part04.mp4,1900-01-01 19:28:34.600,886
69950,586,58,1.5,135.0,176.0,220.6,D:\AprPanama2025_fixed\041525_experimental\041525PA_experimental_part04.mp4,1900-01-01 19:28:35.000,886
69951,586,58,1.5,135.0,176.0,220.6,D:\AprPanama2025_fixed\041525_experimental\041525PA_experimental_part04.mp4,1900-01-01 19:28:35.100,886
70500,1071,97,10.0,113.0,179.0,236.76470588235293,D:\AprPanama2025_fixed\041525_experimental\041525PA_experimental_part04.mp4,1900-01-01 19:29:30.000,1371
70501,1071,98,11.0,117.0,179.0,240.44444444444443,D:\AprPanama2025_fixed\041525_experimental\041525PA_experimental_part04.mp4,1900-01-01 19:29:30.100,1371
70495,1073,96,6.0,113.0,179.0,251.3333333333333,D:\AprPanama2025_fixed\041525_experimental\041525PA_experimental_part04.mp4,1900-01-01 19:29:29.500,1373
70499,1072,98,14.5,122.0,179.0,237.8181818181818,D:\AprPanama2025_fixed\041525_experimental\041525PA_experimental_part04.mp4,1900-01-01 19:29:29.900,1372
70498,1072,97,11.5,111.0,179.0,242.3684210526316,D:\AprPanama2025_fixed\041525_experimental\041525PA_experimental_part04.mp4,1900-01-01 19:29:29.800,1372
70497,1073,97,10.0,122.0,178.0,245.1764705882353,D:\AprPanama2025_fixed\041525_experimental\041525PA_experimental_part04.mp4,1900-01-01 19:29:29.700,1373
70496,1073,97,10.0,126.0,178.0,242.1764705882353,D:\AprPanama2025_fixed\041525_experimental\041525PA_experimental_part04.mp4,1900-01-01 19:29:29.600,1373
70503,1072,98,7.0,111.0,178.0,246.85714285714283,D:\AprPanama2025_fixed\041525_experimental\041525PA_experimental_part04.mp4,1900-01-01 19:29:30.300,1372
70504,1071,98,3.5,119.0,155.0,253.125,D:\AprPanama2025_fixed\041525_experimental\041525PA_experimental_part04.mp4,1900-01-01 19:29:30.400,1371
70502,1072,98,5.5,125.0,175.0,246.9090909090909,D:\AprPanama2025_fixed\041525_experimental\041525PA_experimental_part04.mp4,1900-01-01 19:29:30.200,1372
70507,1070,97,1.5,111.0,139.0,83.2,D:\AprPanama2025_fixed\041525_experimental\041525PA_experimental_part04.mp4,1900-01-01 19:29:30.700,1370
70514,1037,21,24.0,120.0,179.0,246.2941176470588,D:\AprPanama2025_fixed\041525_experimental\041525PA_experimental_part04.mp4,1900-01-01 19:29:31.400,1337
70515,1037,21,27.0,119.0,179.0,247.54054054054052,D:\AprPanama2025_fixed\041525_experimental\041525PA_experimental_part04.mp4,1900-01-01 19:29:31.500,1337
70516,1037,21,33.5,116.0,179.0,243.66666666666669,D:\AprPanama2025_fixed\041525_experimental\041525PA_experimental_part04.mp4,1900-01-01 19:29:31.600,1337
70512,1035,21,6.5,112.0,173.0,246.41666666666663,D:\AprPanama2025_fixed\041525_experimental\041525PA_experimental_part04.mp4,1900-01-01 19:29:31.200,1335
70513,1036,22,18.5,111.0,179.0,231.3333333333333,D:\AprPanama2025_fixed\041525_experimental\041525PA_experimental_part04.mp4,1900-01-01 19:29:31.300,1336
70517,1038,21,31.5,125.0,179.0,242.14285714285717,D:\AprPanama2025_fixed\041525_experimental\041525PA_experimental_part04.mp4,1900-01-01 19:29:31.700,1338
70525,1040,21,23.5,113.0,179.0,244.4705882352941,D:\AprPanama2025_fixed\041525_experimental\041525PA_experimental_part04.mp4,1900-01-01 19:29:32.500,1340
70520,1038,21,31.0,117.0,184.0,248.04761904761904,D:\AprPanama2025_fixed\041525_experimental\041525PA_experimental_part04.mp4,1900-01-01 19:29:32.000,1338
70524,1040,21,23.5,113.0,179.0,244.4705882352941,D:\AprPanama2025_fixed\041525_experimental\041525PA_experimental_part04.mp4,1900-01-01 19:29:32.400,1340
70522,1039,21,27.0,114.0,179.0,251.8918918918919,D:\AprPanama2025_fixed\041525_experimental\041525PA_experimental_part04.mp4,1900-01-01 19:29:32.200,1339
70523,1039,21,27.5,111.0,179.0,250.0,D:\AprPanama2025_fixed\041525_experimental\041525PA_experimental_part04.mp4,1900-01-01 19:29:32.300,1339
70521,1039,21,27.5,121.0,179.0,248.18421052631575,D:\AprPanama2025_fixed\041525_experimental\041525PA_experimental_part04.mp4,1900-01-01 19:29:32.100,1339
70518,1038,21,33.5,112.0,179.0,242.31111111111116,D:\AprPanama2025_fixed\041525_experimental\041525PA_experimental_part04.mp4,1900-01-01 19:29:31.800,1338
70519,1038,21,34.5,120.0,179.0,247.06521739130437,D:\AprPanama2025_fixed\041525_experimental\041525PA_experimental_part04.mp4,1900-01-01 19:29:31.900,1338
70526,1040,21,21.0,122.0,179.0,248.4,D:\AprPanama2025_fixed\041525_experimental\041525PA_experimental_part04.mp4,1900-01-01 19:29:32.600,1340
70528,1041,22,14.5,121.0,179.0,248.77272727272728,D:\AprPanama2025_fixed\041525_experimental\041525PA_experimental_part04.mp4,1900-01-01 19:29:32.800,1341
70529,1041,22,15.0,113.0,179.0,249.3043478260869,D:\AprPanama2025_fixed\041525_experimental\041525PA_experimental_part04.mp4,1900-01-01 19:29:32.900,1341
70527,1040,21,17.5,111.0,179.0,245.80769230769232,D:\AprPanama2025_fixed\041525_experimental\041525PA_experimental_part04.mp4,1900-01-01 19:29:32.700,1340
70531,1041,22,11.5,112.0,178.0,244.8421052631579,D:\AprPanama2025_fixed\041525_experimental\041525PA_experimental_part04.mp4,1900-01-01 19:29:33.100,1341
70533,1043,22,5.0,117.0,175.0,248.9,D:\AprPanama2025_fixed\041525_experimental\041525PA_experimental_part04.mp4,1900-01-01 19:29:33.300,1343
70530,1041,21,12.5,119.0,178.0,249.14285714285717,D:\AprPanama2025_fixed\041525_experimental\041525PA_experimental_part04.mp4,1900-01-01 19:29:33.000,1341
70532,1041,22,6.5,115.0,178.0,252.92307692307693,D:\AprPanama2025_fixed\041525_experimental\041525PA_experimental_part04.mp4,1900-01-01 19:29:33.200,1341
70535,1042,22,5.0,125.0,173.0,247.9,D:\AprPanama2025_fixed\041525_experimental\041525PA_experimental_part04.mp4,1900-01-01 19:29:33.500,1342
70537,1042,22,2.5,111.0,175.0,219.875,D:\AprPanama2025_fixed\041525_experimental\041525PA_experimental_part04.mp4,1900-01-01 19:29:33.700,1342
70534,1042,22,4.0,117.0,171.0,250.0,D:\AprPanama2025_fixed\041525_experimental\041525PA_experimental_part04.mp4,1900-01-01 19:29:33.400,1342
70536,1043,22,3.0,120.0,168.0,243.375,D:\AprPanama2025_fixed\041525_experimental\041525PA_experimental_part04.mp4,1900-01-01 19:29:33.600,1343
71763,292,71,7.5,122.0,179.0,241.4,D:\AprPanama2025_fixed\041525_experimental\041525PA_experimental_part04.mp4,1900-01-01 19:31:36.300,592
71765,292,70,7.0,127.0,179.0,251.0,D:\AprPanama2025_fixed\041525_experimental\041525PA_experimental_part04.mp4,1900-01-01 19:31:36.500,592
71762,292,70,7.0,126.0,178.0,245.57142857142856,D:\AprPanama2025_fixed\041525_experimental\041525PA_experimental_part04.mp4,1900-01-01 19:31:36.200,592
71761,291,70,4.5,122.0,186.0,219.1111111111111,D:\AprPanama2025_fixed\041525_experimental\041525PA_experimental_part04.mp4,1900-01-01 19:31:36.100,591
71764,292,70,7.0,127.0,179.0,251.0,D:\AprPanama2025_fixed\041525_experimental\041525PA_experimental_part04.mp4,1900-01-01 19:31:36.400,592
71773,291,69,2.0,116.0,160.0,203.0,D:\AprPanama2025_fixed\041525_experimental\041525PA_experimental_part04.mp4,1900-01-01 19:31:37.300,591
71769,292,70,6.0,112.0,177.0,223.0833333333333,D:\AprPanama2025_fixed\041525_experimental\041525PA_experimental_part04.mp4,1900-01-01 19:31:36.900,592
71768,291,71,6.5,112.0,178.0,235.0,D:\AprPanama2025_fixed\041525_experimental\041525PA_experimental_part04.mp4,1900-01-01 19:31:36.800,591
71767,292,70,5.5,127.0,179.0,245.66666666666663,D:\AprPanama2025_fixed\041525_experimental\041525PA_experimental_part04.mp4,1900-01-01 19:31:36.700,592
71770,292,70,4.0,112.0,177.0,214.3,D:\AprPanama2025_fixed\041525_experimental\041525PA_experimental_part04.mp4,1900-01-01 19:31:37.000,592
71771,291,69,2.5,130.0,176.0,217.7142857142857,D:\AprPanama2025_fixed\041525_experimental\041525PA_experimental_part04.mp4,1900-01-01 19:31:37.100,591
71772,291,69,2.5,115.0,165.0,220.0,D:\AprPanama2025_fixed\041525_experimental\041525PA_experimental_part04.mp4,1900-01-01 19:31:37.200,591
71766,292,70,7.0,118.0,177.0,240.35714285714283,D:\AprPanama2025_fixed\041525_experimental\041525PA_experimental_part04.mp4,1900-01-01 19:31:36.600,592
71779,290,70,1.5,128.0,170.0,238.4,D:\AprPanama2025_fixed\041525_experimental\041525PA_experimental_part04.mp4,1900-01-01 19:31:37.900,590
71774,291,69,2.0,121.0,154.0,199.16666666666663,D:\AprPanama2025_fixed\041525_experimental\041525PA_experimental_part04.mp4,1900-01-01 19:31:37.400,591
71775,290,69,1.5,114.0,151.0,203.4,D:\AprPanama2025_fixed\041525_experimental\041525PA_experimental_part04.mp4,1900-01-01 19:31:37.500,590
71965,761,125,7.0,111.0,179.0,243.30769230769232,D:\AprPanama2025_fixed\041525_experimental\041525PA_experimental_part04.mp4,1900-01-01 19:31:56.500,1061
71964,761,126,2.5,115.0,163.0,235.0,D:\AprPanama2025_fixed\041525_experimental\041525PA_experimental_part04.mp4,1900-01-01 19:31:56.400,1061
71970,762,126,12.0,115.0,179.0,247.3,D:\AprPanama2025_fixed\041525_experimental\041525PA_experimental_part04.mp4,1900-01-01 19:31:57.000,1062
71968,762,126,10.5,118.0,179.0,251.3157894736842,D:\AprPanama2025_fixed\041525_experimental\041525PA_experimental_part04.mp4,1900-01-01 19:31:56.800,1062
71969,762,126,12.0,123.0,179.0,250.55,D:\AprPanama2025_fixed\041525_experimental\041525PA_experimental_part04.mp4,1900-01-01 19:31:56.900,1062
71971,762,126,12.0,114.0,177.0,247.65,D:\AprPanama2025_fixed\041525_experimental\041525PA_experimental_part04.mp4,1900-01-01 19:31:57.100,1062
71972,763,126,7.5,121.0,176.0,252.3846153846154,D:\AprPanama2025_fixed\041525_experimental\041525PA_experimental_part04.mp4,1900-01-01 19:31:57.200,1063
71972,597,142,7.0,147.0,176.0,252.0769230769231,D:\AprPanama2025_fixed\041525_experimental\041525PA_experimental_part04.mp4,1900-01-01 19:31:57.200,897
71973,763,126,7.0,117.0,179.0,242.61538461538464,D:\AprPanama2025_fixed\041525_experimental\041525PA_experimental_part04.mp4,1900-01-01 19:31:57.300,1063
71973,598,144,14.0,119.0,215.0,238.19047619047615,D:\AprPanama2025_fixed\041525_experimental\041525PA_experimental_part04.mp4,1900-01-01 19:31:57.300,898
71967,761,125,7.5,119.0,178.0,252.42857142857144,D:\AprPanama2025_fixed\041525_experimental\041525PA_experimental_part04.mp4,1900-01-01 19:31:56.700,1061
71966,761,125,7.5,119.0,178.0,252.42857142857144,D:\AprPanama2025_fixed\041525_experimental\041525PA_experimental_part04.mp4,1900-01-01 19:31:56.600,1061
71981,632,88,2.0,111.0,176.0,232.8333333333333,D:\AprPanama2025_fixed\041525_experimental\041525PA_experimental_part04.mp4,1900-01-01 19:31:58.100,932
71981,617,123,8.5,130.0,179.0,244.2,D:\AprPanama2025_fixed\041525_experimental\041525PA_experimental_part04.mp4,1900-01-01 19:31:58.100,917
71981,601,144,33.0,123.0,235.0,241.22222222222223,D:\AprPanama2025_fixed\041525_experimental\041525PA_experimental_part04.mp4,1900-01-01 19:31:58.100,901
71980,632,88,2.0,111.0,176.0,232.8333333333333,D:\AprPanama2025_fixed\041525_experimental\041525PA_experimental_part04.mp4,1900-01-01 19:31:58.000,932
71980,601,144,37.0,111.0,235.0,244.26530612244892,D:\AprPanama2025_fixed\041525_experimental\041525PA_experimental_part04.mp4,1900-01-01 19:31:58.000,901
71976,763,127,5.0,119.0,173.0,248.4,D:\AprPanama2025_fixed\041525_experimental\041525PA_experimental_part04.mp4,1900-01-01 19:31:57.600,1063
71976,600,145,35.0,118.0,239.0,242.23404255319147,D:\AprPanama2025_fixed\041525_experimental\041525PA_experimental_part04.mp4,1900-01-01 19:31:57.600,900
71977,632,89,2.5,112.0,146.0,40.285714285714285,D:\AprPanama2025_fixed\041525_experimental\041525PA_experimental_part04.mp4,1900-01-01 19:31:57.700,932
71977,764,127,3.0,125.0,173.0,253.28571428571428,D:\AprPanama2025_fixed\041525_experimental\041525PA_experimental_part04.mp4,1900-01-01 19:31:57.700,1064
71977,600,145,35.5,120.0,252.0,242.7083333333333,D:\AprPanama2025_fixed\041525_experimental\041525PA_experimental_part04.mp4,1900-01-01 19:31:57.700,900
71975,763,127,7.0,111.0,178.0,245.92857142857144,D:\AprPanama2025_fixed\041525_experimental\041525PA_experimental_part04.mp4,1900-01-01 19:31:57.500,1063
71975,600,145,26.5,113.0,250.0,239.8684210526316,D:\AprPanama2025_fixed\041525_experimental\041525PA_experimental_part04.mp4,1900-01-01 19:31:57.500,900
71979,632,88,2.0,111.0,176.0,232.8333333333333,D:\AprPanama2025_fixed\041525_experimental\041525PA_experimental_part04.mp4,1900-01-01 19:31:57.900,932
71979,601,145,37.5,111.0,226.0,245.68,D:\AprPanama2025_fixed\041525_experimental\041525PA_experimental_part04.mp4,1900-01-01 19:31:57.900,901
71978,601,145,38.0,121.0,244.0,241.64,D:\AprPanama2025_fixed\041525_experimental\041525PA_experimental_part04.mp4,1900-01-01 19:31:57.800,901
71974,763,127,8.0,111.0,179.0,247.06666666666663,D:\AprPanama2025_fixed\041525_experimental\041525PA_experimental_part04.mp4,1900-01-01 19:31:57.400,1063
71974,600,146,22.5,130.0,179.0,245.63636363636363,D:\AprPanama2025_fixed\041525_experimental\041525PA_experimental_part04.mp4,1900-01-01 19:31:57.400,900
71989,620,118,11.5,113.0,179.0,243.73684210526315,D:\AprPanama2025_fixed\041525_experimental\041525PA_experimental_part04.mp4,1900-01-01 19:31:58.900,920
71989,601,140,20.5,111.0,179.0,244.26666666666665,D:\AprPanama2025_fixed\041525_experimental\041525PA_experimental_part04.mp4,1900-01-01 19:31:58.900,901
71984,631,87,3.5,126.0,178.0,188.625,D:\AprPanama2025_fixed\041525_experimental\041525PA_experimental_part04.mp4,1900-01-01 19:31:58.400,931
71984,618,121,15.0,118.0,179.0,248.3333333333333,D:\AprPanama2025_fixed\041525_experimental\041525PA_experimental_part04.mp4,1900-01-01 19:31:58.400,918
71984,600,142,28.5,121.0,179.0,250.28205128205127,D:\AprPanama2025_fixed\041525_experimental\041525PA_experimental_part04.mp4,1900-01-01 19:31:58.400,900
71987,632,86,1.5,134.0,169.0,199.0,D:\AprPanama2025_fixed\041525_experimental\041525PA_experimental_part04.mp4,1900-01-01 19:31:58.700,932
71987,619,119,14.0,115.0,179.0,244.72727272727275,D:\AprPanama2025_fixed\041525_experimental\041525PA_experimental_part04.mp4,1900-01-01 19:31:58.700,919
71987,601,141,24.5,115.0,179.0,240.0285714285714,D:\AprPanama2025_fixed\041525_experimental\041525PA_experimental_part04.mp4,1900-01-01 19:31:58.700,901
71983,632,87,4.0,134.0,171.0,193.11111111111111,D:\AprPanama2025_fixed\041525_experimental\041525PA_experimental_part04.mp4,1900-01-01 19:31:58.300,932
71983,617,122,16.5,118.0,179.0,244.48,D:\AprPanama2025_fixed\041525_experimental\041525PA_experimental_part04.mp4,1900-01-01 19:31:58.300,917
71983,600,143,31.5,112.0,179.0,249.6046511627907,D:\AprPanama2025_fixed\041525_experimental\041525PA_experimental_part04.mp4,1900-01-01 19:31:58.300,900
71986,632,86,2.0,116.0,176.0,194.66666666666663,D:\AprPanama2025_fixed\041525_experimental\041525PA_experimental_part04.mp4,1900-01-01 19:31:58.600,932
71986,618,120,14.5,115.0,179.0,250.8260869565217,D:\AprPanama2025_fixed\041525_experimental\041525PA_experimental_part04.mp4,1900-01-01 19:31:58.600,918
71986,601,141,24.0,127.0,179.0,245.58823529411765,D:\AprPanama2025_fixed\041525_experimental\041525PA_experimental_part04.mp4,1900-01-01 19:31:58.600,901
71988,620,119,13.0,112.0,178.0,245.85714285714283,D:\AprPanama2025_fixed\041525_experimental\041525PA_experimental_part04.mp4,1900-01-01 19:31:58.800,920
71988,601,140,20.0,119.0,179.0,244.1379310344828,D:\AprPanama2025_fixed\041525_experimental\041525PA_experimental_part04.mp4,1900-01-01 19:31:58.800,901
71985,632,86,2.0,116.0,176.0,194.66666666666663,D:\AprPanama2025_fixed\041525_experimental\041525PA_experimental_part04.mp4,1900-01-01 19:31:58.500,932
71985,618,121,12.5,148.0,179.0,246.15,D:\AprPanama2025_fixed\041525_experimental\041525PA_experimental_part04.mp4,1900-01-01 19:31:58.500,918
71985,600,141,27.5,118.0,179.0,246.9736842105263,D:\AprPanama2025_fixed\041525_experimental\041525PA_experimental_part04.mp4,1900-01-01 19:31:58.500,900
71982,632,88,3.5,127.0,178.0,220.625,D:\AprPanama2025_fixed\041525_experimental\041525PA_experimental_part04.mp4,1900-01-01 19:31:58.200,932
71982,617,123,14.5,114.0,178.0,247.9583333333333,D:\AprPanama2025_fixed\041525_experimental\041525PA_experimental_part04.mp4,1900-01-01 19:31:58.200,917
71982,600,143,33.0,120.0,179.0,246.11111111111111,D:\AprPanama2025_fixed\041525_experimental\041525PA_experimental_part04.mp4,1900-01-01 19:31:58.200,900
71990,631,85,1.5,121.0,137.0,91.8,D:\AprPanama2025_fixed\041525_experimental\041525PA_experimental_part04.mp4,1900-01-01 19:31:59.000,931
71990,621,117,9.0,117.0,177.0,240.7333333333333,D:\AprPanama2025_fixed\041525_experimental\041525PA_experimental_part04.mp4,1900-01-01 19:31:59.000,921
71990,601,139,22.0,112.0,179.0,242.27272727272728,D:\AprPanama2025_fixed\041525_experimental\041525PA_experimental_part04.mp4,1900-01-01 19:31:59.000,901
71992,611,73,2.0,122.0,143.0,189.0,D:\AprPanama2025_fixed\041525_experimental\041525PA_experimental_part04.mp4,1900-01-01 19:31:59.200,911
71992,621,115,6.0,150.0,179.0,254.8333333333333,D:\AprPanama2025_fixed\041525_experimental\041525PA_experimental_part04.mp4,1900-01-01 19:31:59.200,921
71992,601,138,18.5,126.0,179.0,242.64285714285717,D:\AprPanama2025_fixed\041525_experimental\041525PA_experimental_part04.mp4,1900-01-01 19:31:59.200,901
71993,611,73,5.5,129.0,174.0,246.72727272727275,D:\AprPanama2025_fixed\041525_experimental\041525PA_experimental_part04.mp4,1900-01-01 19:31:59.300,911
71993,621,115,9.0,121.0,179.0,240.0625,D:\AprPanama2025_fixed\041525_experimental\041525PA_experimental_part04.mp4,1900-01-01 19:31:59.300,921
71993,601,137,20.0,122.0,179.0,241.5,D:\AprPanama2025_fixed\041525_experimental\041525PA_experimental_part04.mp4,1900-01-01 19:31:59.300,901
71994,611,73,8.5,113.0,179.0,249.0,D:\AprPanama2025_fixed\041525_experimental\041525PA_experimental_part04.mp4,1900-01-01 19:31:59.400,911
71994,621,114,7.0,116.0,175.0,243.53846153846155,D:\AprPanama2025_fixed\041525_experimental\041525PA_experimental_part04.mp4,1900-01-01 19:31:59.400,921
71994,601,137,13.0,116.0,179.0,237.1818181818182,D:\AprPanama2025_fixed\041525_experimental\041525PA_experimental_part04.mp4,1900-01-01 19:31:59.400,901
71995,611,72,8.0,126.0,177.0,250.64285714285717,D:\AprPanama2025_fixed\041525_experimental\041525PA_experimental_part04.mp4,1900-01-01 19:31:59.500,911
71995,622,113,3.5,138.0,176.0,253.375,D:\AprPanama2025_fixed\041525_experimental\041525PA_experimental_part04.mp4,1900-01-01 19:31:59.500,922
71995,601,136,11.5,121.0,186.0,235.5,D:\AprPanama2025_fixed\041525_experimental\041525PA_experimental_part04.mp4,1900-01-01 19:31:59.500,901
71991,621,117,8.0,113.0,179.0,247.7142857142857,D:\AprPanama2025_fixed\041525_experimental\041525PA_experimental_part04.mp4,1900-01-01 19:31:59.100,921
71991,601,138,20.0,115.0,179.0,242.3,D:\AprPanama2025_fixed\041525_experimental\041525PA_experimental_part04.mp4,1900-01-01 19:31:59.100,901
71996,611,71,5.0,133.0,179.0,248.0909090909091,D:\AprPanama2025_fixed\041525_experimental\041525PA_experimental_part04.mp4,1900-01-01 19:31:59.600,911
71996,622,112,4.5,121.0,179.0,233.66666666666663,D:\AprPanama2025_fixed\041525_experimental\041525PA_experimental_part04.mp4,1900-01-01 19:31:59.600,922
71996,602,134,8.5,111.0,177.0,235.25,D:\AprPanama2025_fixed\041525_experimental\041525PA_experimental_part04.mp4,1900-01-01 19:31:59.600,902
71998,610,70,4.5,127.0,168.0,242.7,D:\AprPanama2025_fixed\041525_experimental\041525PA_experimental_part05.mp4,1900-01-01 19:31:59.800,910
71997,610,70,6.0,125.0,184.0,248.54545454545456,D:\AprPanama2025_fixed\041525_experimental\041525PA_experimental_part05.mp4,1900-01-01 19:31:59.700,910
71997,622,110,1.5,111.0,155.0,221.8333333333333,D:\AprPanama2025_fixed\041525_experimental\041525PA_experimental_part05.mp4,1900-01-01 19:31:59.700,922
71997,1000,118,1.5,113.0,146.0,255.0,D:\AprPanama2025_fixed\041525_experimental\041525PA_experimental_part05.mp4,1900-01-01 19:31:59.700,1300
71999,610,68,3.0,118.0,175.0,251.14285714285717,D:\AprPanama2025_fixed\041525_experimental\041525PA_experimental_part05.mp4,1900-01-01 19:31:59.900,910
72000,1000,116,1.5,116.0,173.0,231.2,D:\AprPanama2025_fixed\041525_experimental\041525PA_experimental_part05.mp4,1900-01-01 19:32:00.000,1300
72006,615,42,3.5,112.0,149.0,139.0,D:\AprPanama2025_fixed\041525_experimental\041525PA_experimental_part05.mp4,1900-01-01 19:32:00.600,915
72006,774,161,4.0,127.0,173.0,209.66666666666663,D:\AprPanama2025_fixed\041525_experimental\041525PA_experimental_part05.mp4,1900-01-01 19:32:00.600,1074
72008,776,162,5.0,135.0,176.0,243.7,D:\AprPanama2025_fixed\041525_experimental\041525PA_experimental_part05.mp4,1900-01-01 19:32:00.800,1076
72010,776,162,5.5,114.0,171.0,219.7,D:\AprPanama2025_fixed\041525_experimental\041525PA_experimental_part05.mp4,1900-01-01 19:32:01.000,1076
72011,776,162,3.0,142.0,172.0,248.14285714285717,D:\AprPanama2025_fixed\041525_experimental\041525PA_experimental_part05.mp4,1900-01-01 19:32:01.100,1076
72009,776,162,3.5,114.0,170.0,233.0,D:\AprPanama2025_fixed\041525_experimental\041525PA_experimental_part05.mp4,1900-01-01 19:32:00.900,1076
72007,774,162,2.5,125.0,158.0,221.0,D:\AprPanama2025_fixed\041525_experimental\041525PA_experimental_part05.mp4,1900-01-01 19:32:00.700,1074
72005,773,162,1.5,128.0,152.0,197.3333333333333,D:\AprPanama2025_fixed\041525_experimental\041525PA_experimental_part05.mp4,1900-01-01 19:32:00.500,1073
72618,108,89,8.5,129.0,176.0,242.0625,D:\AprPanama2025_fixed\041525_experimental\041525PA_experimental_part05.mp4,1900-01-01 19:33:01.800,408
72618,54,91,7.5,120.0,179.0,237.66666666666663,D:\AprPanama2025_fixed\041525_experimental\041525PA_experimental_part05.mp4,1900-01-01 19:33:01.800,354
72620,108,90,8.5,112.0,248.0,213.875,D:\AprPanama2025_fixed\041525_experimental\041525PA_experimental_part05.mp4,1900-01-01 19:33:02.000,408
72620,53,91,6.5,118.0,179.0,238.5,D:\AprPanama2025_fixed\041525_experimental\041525PA_experimental_part05.mp4,1900-01-01 19:33:02.000,353
72619,108,90,8.0,113.0,241.0,197.4375,D:\AprPanama2025_fixed\041525_experimental\041525PA_experimental_part05.mp4,1900-01-01 19:33:01.900,408
72619,53,91,7.5,115.0,176.0,227.46666666666667,D:\AprPanama2025_fixed\041525_experimental\041525PA_experimental_part05.mp4,1900-01-01 19:33:01.900,353
72616,53,90,2.5,122.0,150.0,61.0,D:\AprPanama2025_fixed\041525_experimental\041525PA_experimental_part05.mp4,1900-01-01 19:33:01.600,353
72617,109,89,7.5,112.0,178.0,235.7142857142857,D:\AprPanama2025_fixed\041525_experimental\041525PA_experimental_part05.mp4,1900-01-01 19:33:01.700,409
72617,55,90,4.5,122.0,230.0,212.9,D:\AprPanama2025_fixed\041525_experimental\041525PA_experimental_part05.mp4,1900-01-01 19:33:01.700,355
72625,109,91,6.5,132.0,177.0,245.6923076923077,D:\AprPanama2025_fixed\041525_experimental\041525PA_experimental_part05.mp4,1900-01-01 19:33:02.500,409
72624,109,91,6.5,134.0,179.0,245.46153846153848,D:\AprPanama2025_fixed\041525_experimental\041525PA_experimental_part05.mp4,1900-01-01 19:33:02.400,409
72624,53,92,3.5,119.0,176.0,203.88888888888889,D:\AprPanama2025_fixed\041525_experimental\041525PA_experimental_part05.mp4,1900-01-01 19:33:02.400,353
72621,108,90,8.5,122.0,254.0,228.5625,D:\AprPanama2025_fixed\041525_experimental\041525PA_experimental_part05.mp4,1900-01-01 19:33:02.100,408
72621,53,92,7.0,119.0,176.0,241.07142857142856,D:\AprPanama2025_fixed\041525_experimental\041525PA_experimental_part05.mp4,1900-01-01 19:33:02.100,353
72626,109,91,6.5,118.0,179.0,245.3846153846154,D:\AprPanama2025_fixed\041525_experimental\041525PA_experimental_part05.mp4,1900-01-01 19:33:02.600,409
72628,109,92,3.0,158.0,179.0,253.625,D:\AprPanama2025_fixed\041525_experimental\041525PA_experimental_part05.mp4,1900-01-01 19:33:02.800,409
72622,108,90,8.5,120.0,251.0,222.0625,D:\AprPanama2025_fixed\041525_experimental\041525PA_experimental_part05.mp4,1900-01-01 19:33:02.200,408
72622,53,92,5.5,115.0,176.0,241.0833333333333,D:\AprPanama2025_fixed\041525_experimental\041525PA_experimental_part05.mp4,1900-01-01 19:33:02.200,353
72623,109,91,6.5,123.0,192.0,241.6923076923077,D:\AprPanama2025_fixed\041525_experimental\041525PA_experimental_part05.mp4,1900-01-01 19:33:02.300,409
72623,53,92,3.5,134.0,179.0,235.66666666666663,D:\AprPanama2025_fixed\041525_experimental\041525PA_experimental_part05.mp4,1900-01-01 19:33:02.300,353
72627,109,92,3.0,160.0,177.0,246.75,D:\AprPanama2025_fixed\041525_experimental\041525PA_experimental_part05.mp4,1900-01-01 19:33:02.700,409
72636,107,57,5.5,115.0,175.0,184.8181818181818,D:\AprPanama2025_fixed\041525_experimental\041525PA_experimental_part05.mp4,1900-01-01 19:33:03.600,407
72636,63,58,2.0,115.0,162.0,181.66666666666663,D:\AprPanama2025_fixed\041525_experimental\041525PA_experimental_part05.mp4,1900-01-01 19:33:03.600,363
72631,110,93,1.5,123.0,173.0,252.8,D:\AprPanama2025_fixed\041525_experimental\041525PA_experimental_part05.mp4,1900-01-01 19:33:03.100,410
72633,106,57,4.0,122.0,173.0,239.2222222222222,D:\AprPanama2025_fixed\041525_experimental\041525PA_experimental_part05.mp4,1900-01-01 19:33:03.300,406
72633,62,58,2.5,127.0,179.0,205.14285714285717,D:\AprPanama2025_fixed\041525_experimental\041525PA_experimental_part05.mp4,1900-01-01 19:33:03.300,362
72633,110,93,1.5,123.0,173.0,252.8,D:\AprPanama2025_fixed\041525_experimental\041525PA_experimental_part05.mp4,1900-01-01 19:33:03.300,410
72635,107,57,5.5,115.0,175.0,184.8181818181818,D:\AprPanama2025_fixed\041525_experimental\041525PA_experimental_part05.mp4,1900-01-01 19:33:03.500,407
72635,63,58,2.0,123.0,164.0,185.66666666666663,D:\AprPanama2025_fixed\041525_experimental\041525PA_experimental_part05.mp4,1900-01-01 19:33:03.500,363
72630,109,92,4.5,146.0,176.0,251.9,D:\AprPanama2025_fixed\041525_experimental\041525PA_experimental_part05.mp4,1900-01-01 19:33:03.000,409
72632,106,56,2.0,129.0,175.0,232.0,D:\AprPanama2025_fixed\041525_experimental\041525PA_experimental_part05.mp4,1900-01-01 19:33:03.200,406
72632,110,93,1.5,123.0,173.0,252.8,D:\AprPanama2025_fixed\041525_experimental\041525PA_experimental_part05.mp4,1900-01-01 19:33:03.200,410
72634,106,57,3.0,112.0,192.0,226.375,D:\AprPanama2025_fixed\041525_experimental\041525PA_experimental_part05.mp4,1900-01-01 19:33:03.400,406
72634,63,58,2.0,147.0,168.0,199.0,D:\AprPanama2025_fixed\041525_experimental\041525PA_experimental_part05.mp4,1900-01-01 19:33:03.400,363
72629,110,92,2.5,122.0,178.0,225.125,D:\AprPanama2025_fixed\041525_experimental\041525PA_experimental_part05.mp4,1900-01-01 19:33:02.900,410
72638,107,57,5.0,118.0,173.0,183.0,D:\AprPanama2025_fixed\041525_experimental\041525PA_experimental_part05.mp4,1900-01-01 19:33:03.800,407
72641,106,57,2.0,126.0,166.0,193.0,D:\AprPanama2025_fixed\041525_experimental\041525PA_experimental_part05.mp4,1900-01-01 19:33:04.100,406
72637,107,57,5.0,118.0,173.0,183.0,D:\AprPanama2025_fixed\041525_experimental\041525PA_experimental_part05.mp4,1900-01-01 19:33:03.700,407
72639,107,57,5.0,113.0,164.0,178.8,D:\AprPanama2025_fixed\041525_experimental\041525PA_experimental_part05.mp4,1900-01-01 19:33:03.900,407
72640,107,58,4.5,114.0,158.0,167.2222222222222,D:\AprPanama2025_fixed\041525_experimental\041525PA_experimental_part05.mp4,1900-01-01 19:33:04.000,407
74380,231,97,5.5,111.0,171.0,186.72727272727272,D:\AprPanama2025_fixed\041525_experimental\041525PA_experimental_part05.mp4,1900-01-01 19:35:58.000,531
74377,232,97,5.0,114.0,178.0,241.4,D:\AprPanama2025_fixed\041525_experimental\041525PA_experimental_part05.mp4,1900-01-01 19:35:57.700,532
74378,232,97,5.0,114.0,178.0,241.4,D:\AprPanama2025_fixed\041525_experimental\041525PA_experimental_part05.mp4,1900-01-01 19:35:57.800,532
74375,231,97,4.0,114.0,178.0,232.55555555555557,D:\AprPanama2025_fixed\041525_experimental\041525PA_experimental_part05.mp4,1900-01-01 19:35:57.500,531
74376,231,97,5.5,121.0,177.0,230.45454545454547,D:\AprPanama2025_fixed\041525_experimental\041525PA_experimental_part05.mp4,1900-01-01 19:35:57.600,531
74379,231,97,3.5,123.0,176.0,206.125,D:\AprPanama2025_fixed\041525_experimental\041525PA_experimental_part05.mp4,1900-01-01 19:35:57.900,531
74383,231,97,7.0,121.0,175.0,208.0,D:\AprPanama2025_fixed\041525_experimental\041525PA_experimental_part05.mp4,1900-01-01 19:35:58.300,531
74385,230,97,2.0,150.0,168.0,224.66666666666663,D:\AprPanama2025_fixed\041525_experimental\041525PA_experimental_part05.mp4,1900-01-01 19:35:58.500,530
74384,231,97,5.5,122.0,166.0,180.3636363636364,D:\AprPanama2025_fixed\041525_experimental\041525PA_experimental_part05.mp4,1900-01-01 19:35:58.400,531
74382,231,97,7.0,121.0,175.0,208.0,D:\AprPanama2025_fixed\041525_experimental\041525PA_experimental_part05.mp4,1900-01-01 19:35:58.200,531
74386,230,97,2.0,150.0,168.0,224.66666666666663,D:\AprPanama2025_fixed\041525_experimental\041525PA_experimental_part05.mp4,1900-01-01 19:35:58.600,530
74381,231,97,8.0,114.0,173.0,194.42857142857144,D:\AprPanama2025_fixed\041525_experimental\041525PA_experimental_part05.mp4,1900-01-01 19:35:58.100,531
74395,96,72,6.5,127.0,169.0,212.0769230769231,D:\AprPanama2025_fixed\041525_experimental\041525PA_experimental_part05.mp4,1900-01-01 19:35:59.500,396
74394,96,72,6.5,116.0,177.0,210.46153846153848,D:\AprPanama2025_fixed\041525_experimental\041525PA_experimental_part05.mp4,1900-01-01 19:35:59.400,396
74396,96,72,9.0,117.0,177.0,204.5625,D:\AprPanama2025_fixed\041525_experimental\041525PA_experimental_part05.mp4,1900-01-01 19:35:59.600,396
74403,97,72,5.5,115.0,179.0,200.45454545454547,D:\AprPanama2025_fixed\041525_experimental\041525PA_experimental_part05.mp4,1900-01-01 19:36:00.300,397
74402,96,72,6.5,116.0,179.0,197.0,D:\AprPanama2025_fixed\041525_experimental\041525PA_experimental_part05.mp4,1900-01-01 19:36:00.200,396
74399,96,72,8.0,114.0,178.0,201.46666666666667,D:\AprPanama2025_fixed\041525_experimental\041525PA_experimental_part05.mp4,1900-01-01 19:35:59.900,396
74404,97,72,5.5,115.0,179.0,200.45454545454547,D:\AprPanama2025_fixed\041525_experimental\041525PA_experimental_part05.mp4,1900-01-01 19:36:00.400,397
74400,96,72,7.5,115.0,179.0,200.57142857142856,D:\AprPanama2025_fixed\041525_experimental\041525PA_experimental_part05.mp4,1900-01-01 19:36:00.000,396
74398,96,72,9.0,112.0,178.0,200.375,D:\AprPanama2025_fixed\041525_experimental\041525PA_experimental_part05.mp4,1900-01-01 19:35:59.800,396
74401,96,72,7.0,124.0,179.0,201.92307692307693,D:\AprPanama2025_fixed\041525_experimental\041525PA_experimental_part05.mp4,1900-01-01 19:36:00.100,396
74397,96,72,9.0,116.0,178.0,203.4375,D:\AprPanama2025_fixed\041525_experimental\041525PA_experimental_part05.mp4,1900-01-01 19:35:59.700,396
74411,96,71,2.5,122.0,164.0,156.125,D:\AprPanama2025_fixed\041525_experimental\041525PA_experimental_part05.mp4,1900-01-01 19:36:01.100,396
74412,96,71,2.5,122.0,166.0,143.375,D:\AprPanama2025_fixed\041525_experimental\041525PA_experimental_part05.mp4,1900-01-01 19:36:01.200,396
74409,97,71,6.0,131.0,169.0,140.08333333333331,D:\AprPanama2025_fixed\041525_experimental\041525PA_experimental_part05.mp4,1900-01-01 19:36:00.900,397
74407,97,71,6.0,133.0,176.0,165.5,D:\AprPanama2025_fixed\041525_experimental\041525PA_experimental_part05.mp4,1900-01-01 19:36:00.700,397
74408,97,71,6.0,132.0,176.0,169.41666666666666,D:\AprPanama2025_fixed\041525_experimental\041525PA_experimental_part05.mp4,1900-01-01 19:36:00.800,397
74410,97,71,5.5,131.0,167.0,135.1818181818182,D:\AprPanama2025_fixed\041525_experimental\041525PA_experimental_part05.mp4,1900-01-01 19:36:01.000,397
74405,97,71,6.0,132.0,178.0,184.41666666666663,D:\AprPanama2025_fixed\041525_experimental\041525PA_experimental_part05.mp4,1900-01-01 19:36:00.500,397
74406,97,71,6.0,132.0,178.0,184.41666666666663,D:\AprPanama2025_fixed\041525_experimental\041525PA_experimental_part05.mp4,1900-01-01 19:36:00.600,397
74415,101,29,7.0,140.0,174.0,244.15384615384616,D:\AprPanama2025_fixed\041525_experimental\041525PA_experimental_part05.mp4,1900-01-01 19:36:01.500,401
74415,56,31,3.5,111.0,175.0,219.25,D:\AprPanama2025_fixed\041525_experimental\041525PA_experimental_part05.mp4,1900-01-01 19:36:01.500,356
74414,101,29,7.0,140.0,174.0,244.15384615384616,D:\AprPanama2025_fixed\041525_experimental\041525PA_experimental_part05.mp4,1900-01-01 19:36:01.400,401
74414,56,30,2.0,126.0,174.0,235.5,D:\AprPanama2025_fixed\041525_experimental\041525PA_experimental_part05.mp4,1900-01-01 19:36:01.400,356
74417,101,30,5.5,134.0,175.0,249.27272727272728,D:\AprPanama2025_fixed\041525_experimental\041525PA_experimental_part05.mp4,1900-01-01 19:36:01.700,401
74418,102,30,5.5,124.0,174.0,234.9090909090909,D:\AprPanama2025_fixed\041525_experimental\041525PA_experimental_part05.mp4,1900-01-01 19:36:01.800,402
74419,102,29,2.5,121.0,161.0,202.42857142857144,D:\AprPanama2025_fixed\041525_experimental\041525PA_experimental_part05.mp4,1900-01-01 19:36:01.900,402
74416,101,29,7.0,140.0,174.0,244.15384615384616,D:\AprPanama2025_fixed\041525_experimental\041525PA_experimental_part05.mp4,1900-01-01 19:36:01.600,401
74416,56,31,1.5,122.0,158.0,234.4,D:\AprPanama2025_fixed\041525_experimental\041525PA_experimental_part05.mp4,1900-01-01 19:36:01.600,356
74413,101,29,7.0,119.0,174.0,208.6923076923077,D:\AprPanama2025_fixed\041525_experimental\041525PA_experimental_part05.mp4,1900-01-01 19:36:01.300,401
74413,56,31,4.0,126.0,179.0,233.77777777777777,D:\AprPanama2025_fixed\041525_experimental\041525PA_experimental_part05.mp4,1900-01-01 19:36:01.300,356
75465,712,201,11.0,118.0,179.0,248.7222222222222,D:\AprPanama2025_fixed\041525_experimental\041525PA_experimental_part05.mp4,1900-01-01 19:37:46.500,1012
75463,711,202,5.5,114.0,162.0,171.8181818181818,D:\AprPanama2025_fixed\041525_experimental\041525PA_experimental_part05.mp4,1900-01-01 19:37:46.300,1011
75464,711,202,6.5,114.0,168.0,188.25,D:\AprPanama2025_fixed\041525_experimental\041525PA_experimental_part05.mp4,1900-01-01 19:37:46.400,1011
75467,712,201,11.0,112.0,179.0,246.88888888888889,D:\AprPanama2025_fixed\041525_experimental\041525PA_experimental_part05.mp4,1900-01-01 19:37:46.700,1012
75466,712,201,11.0,118.0,179.0,248.7222222222222,D:\AprPanama2025_fixed\041525_experimental\041525PA_experimental_part05.mp4,1900-01-01 19:37:46.600,1012
75468,712,201,11.0,114.0,179.0,246.27777777777777,D:\AprPanama2025_fixed\041525_experimental\041525PA_experimental_part05.mp4,1900-01-01 19:37:46.800,1012
75475,453,127,8.0,121.0,179.0,254.4,D:\AprPanama2025_fixed\041525_experimental\041525PA_experimental_part05.mp4,1900-01-01 19:37:47.500,753
75475,483,127,15.5,111.0,178.0,238.5833333333333,D:\AprPanama2025_fixed\041525_experimental\041525PA_experimental_part05.mp4,1900-01-01 19:37:47.500,783
75475,712,201,5.5,124.0,177.0,252.3636363636364,D:\AprPanama2025_fixed\041525_experimental\041525PA_experimental_part05.mp4,1900-01-01 19:37:47.500,1012
75472,483,128,1.5,116.0,158.0,171.0,D:\AprPanama2025_fixed\041525_experimental\041525PA_experimental_part05.mp4,1900-01-01 19:37:47.200,783
75472,713,201,7.0,112.0,178.0,241.53846153846155,D:\AprPanama2025_fixed\041525_experimental\041525PA_experimental_part05.mp4,1900-01-01 19:37:47.200,1013
75469,712,201,9.5,125.0,179.0,247.625,D:\AprPanama2025_fixed\041525_experimental\041525PA_experimental_part05.mp4,1900-01-01 19:37:46.900,1012
75476,453,126,8.5,121.0,179.0,254.4,D:\AprPanama2025_fixed\041525_experimental\041525PA_experimental_part05.mp4,1900-01-01 19:37:47.600,753
75476,483,127,16.5,115.0,178.0,239.4,D:\AprPanama2025_fixed\041525_experimental\041525PA_experimental_part05.mp4,1900-01-01 19:37:47.600,783
75476,712,200,3.0,122.0,175.0,251.42857142857144,D:\AprPanama2025_fixed\041525_experimental\041525PA_experimental_part05.mp4,1900-01-01 19:37:47.600,1012
75474,453,127,6.5,125.0,178.0,242.92307692307693,D:\AprPanama2025_fixed\041525_experimental\041525PA_experimental_part05.mp4,1900-01-01 19:37:47.400,753
75474,483,127,15.5,120.0,178.0,240.8333333333333,D:\AprPanama2025_fixed\041525_experimental\041525PA_experimental_part05.mp4,1900-01-01 19:37:47.400,783
75474,712,201,7.0,122.0,177.0,220.3333333333333,D:\AprPanama2025_fixed\041525_experimental\041525PA_experimental_part05.mp4,1900-01-01 19:37:47.400,1012
75473,454,127,4.0,111.0,168.0,218.2222222222222,D:\AprPanama2025_fixed\041525_experimental\041525PA_experimental_part05.mp4,1900-01-01 19:37:47.300,754
75473,483,128,11.0,123.0,177.0,235.6111111111111,D:\AprPanama2025_fixed\041525_experimental\041525PA_experimental_part05.mp4,1900-01-01 19:37:47.300,783
75473,713,201,7.0,119.0,175.0,240.3846153846154,D:\AprPanama2025_fixed\041525_experimental\041525PA_experimental_part05.mp4,1900-01-01 19:37:47.300,1013
75471,483,125,3.0,125.0,148.0,64.14285714285714,D:\AprPanama2025_fixed\041525_experimental\041525PA_experimental_part05.mp4,1900-01-01 19:37:47.100,783
75471,712,201,8.5,114.0,178.0,246.53333333333333,D:\AprPanama2025_fixed\041525_experimental\041525PA_experimental_part05.mp4,1900-01-01 19:37:47.100,1012
75470,712,201,9.5,125.0,178.0,248.0,D:\AprPanama2025_fixed\041525_experimental\041525PA_experimental_part05.mp4,1900-01-01 19:37:47.000,1012
75480,454,124,8.0,111.0,177.0,249.86666666666667,D:\AprPanama2025_fixed\041525_experimental\041525PA_experimental_part05.mp4,1900-01-01 19:37:48.000,754
75480,483,126,16.0,111.0,179.0,241.2,D:\AprPanama2025_fixed\041525_experimental\041525PA_experimental_part05.mp4,1900-01-01 19:37:48.000,783
75480,478,130,2.0,111.0,153.0,176.83333333333331,D:\AprPanama2025_fixed\041525_experimental\041525PA_experimental_part05.mp4,1900-01-01 19:37:48.000,778
75484,482,123,8.0,112.0,178.0,234.9375,D:\AprPanama2025_fixed\041525_experimental\041525PA_experimental_part05.mp4,1900-01-01 19:37:48.400,782
75478,453,126,11.5,113.0,177.0,246.25,D:\AprPanama2025_fixed\041525_experimental\041525PA_experimental_part05.mp4,1900-01-01 19:37:47.800,753
75478,483,126,15.5,112.0,179.0,239.2083333333333,D:\AprPanama2025_fixed\041525_experimental\041525PA_experimental_part05.mp4,1900-01-01 19:37:47.800,783
75478,712,200,2.5,118.0,178.0,240.0,D:\AprPanama2025_fixed\041525_experimental\041525PA_experimental_part05.mp4,1900-01-01 19:37:47.800,1012
75481,454,124,3.5,121.0,172.0,255.0,D:\AprPanama2025_fixed\041525_experimental\041525PA_experimental_part05.mp4,1900-01-01 19:37:48.100,754
75481,482,125,11.5,114.0,179.0,250.75,D:\AprPanama2025_fixed\041525_experimental\041525PA_experimental_part05.mp4,1900-01-01 19:37:48.100,782
75481,478,130,1.5,123.0,164.0,205.0,D:\AprPanama2025_fixed\041525_experimental\041525PA_experimental_part05.mp4,1900-01-01 19:37:48.100,778
75483,482,124,6.0,150.0,179.0,249.61538461538464,D:\AprPanama2025_fixed\041525_experimental\041525PA_experimental_part05.mp4,1900-01-01 19:37:48.300,782
75479,453,125,9.5,115.0,175.0,239.1111111111111,D:\AprPanama2025_fixed\041525_experimental\041525PA_experimental_part05.mp4,1900-01-01 19:37:47.900,753
75479,483,126,16.5,111.0,179.0,233.8,D:\AprPanama2025_fixed\041525_experimental\041525PA_experimental_part05.mp4,1900-01-01 19:37:47.900,783
75479,477,131,1.5,131.0,174.0,233.8,D:\AprPanama2025_fixed\041525_experimental\041525PA_experimental_part05.mp4,1900-01-01 19:37:47.900,777
75482,454,124,1.5,118.0,148.0,252.85714285714283,D:\AprPanama2025_fixed\041525_experimental\041525PA_experimental_part05.mp4,1900-01-01 19:37:48.200,754
75482,482,124,9.0,111.0,179.0,253.52941176470588,D:\AprPanama2025_fixed\041525_experimental\041525PA_experimental_part05.mp4,1900-01-01 19:37:48.200,782
75477,483,126,13.0,118.0,178.0,243.2380952380952,D:\AprPanama2025_fixed\041525_experimental\041525PA_experimental_part05.mp4,1900-01-01 19:37:47.700,783
75477,453,126,12.0,111.0,178.0,243.7,D:\AprPanama2025_fixed\041525_experimental\041525PA_experimental_part05.mp4,1900-01-01 19:37:47.700,753
75477,712,200,2.5,118.0,178.0,240.0,D:\AprPanama2025_fixed\041525_experimental\041525PA_experimental_part05.mp4,1900-01-01 19:37:47.700,1012
75487,482,123,3.5,116.0,169.0,226.66666666666663,D:\AprPanama2025_fixed\041525_experimental\041525PA_experimental_part05.mp4,1900-01-01 19:37:48.700,782
75486,482,123,7.0,120.0,176.0,238.42857142857144,D:\AprPanama2025_fixed\041525_experimental\041525PA_experimental_part05.mp4,1900-01-01 19:37:48.600,782
75492,482,96,3.0,124.0,173.0,155.7142857142857,D:\AprPanama2025_fixed\041525_experimental\041525PA_experimental_part05.mp4,1900-01-01 19:37:49.200,782
75491,482,96,1.5,120.0,173.0,160.20000000000002,D:\AprPanama2025_fixed\041525_experimental\041525PA_experimental_part05.mp4,1900-01-01 19:37:49.100,782
75491,481,120,1.5,113.0,147.0,242.8,D:\AprPanama2025_fixed\041525_experimental\041525PA_experimental_part05.mp4,1900-01-01 19:37:49.100,781
75491,477,127,2.0,120.0,131.0,54.400000000000006,D:\AprPanama2025_fixed\041525_experimental\041525PA_experimental_part05.mp4,1900-01-01 19:37:49.100,777
75488,482,123,3.0,118.0,172.0,220.8,D:\AprPanama2025_fixed\041525_experimental\041525PA_experimental_part05.mp4,1900-01-01 19:37:48.800,782
75485,482,123,7.0,121.0,177.0,238.07142857142856,D:\AprPanama2025_fixed\041525_experimental\041525PA_experimental_part05.mp4,1900-01-01 19:37:48.500,782
75497,482,94,2.0,115.0,178.0,234.66666666666663,D:\AprPanama2025_fixed\041525_experimental\041525PA_experimental_part05.mp4,1900-01-01 19:37:49.700,782
75498,482,94,1.5,151.0,178.0,237.6,D:\AprPanama2025_fixed\041525_experimental\041525PA_experimental_part05.mp4,1900-01-01 19:37:49.800,782
75586,300,110,2.0,122.0,176.0,222.3333333333333,D:\AprPanama2025_fixed\041525_experimental\041525PA_experimental_part05.mp4,1900-01-01 19:37:58.600,600
75587,300,111,2.5,113.0,173.0,226.57142857142856,D:\AprPanama2025_fixed\041525_experimental\041525PA_experimental_part05.mp4,1900-01-01 19:37:58.700,600
75588,300,111,3.0,127.0,165.0,179.0,D:\AprPanama2025_fixed\041525_experimental\041525PA_experimental_part05.mp4,1900-01-01 19:37:58.800,600
75591,301,111,2.0,126.0,168.0,209.8333333333333,D:\AprPanama2025_fixed\041525_experimental\041525PA_experimental_part05.mp4,1900-01-01 19:37:59.100,601
75592,301,111,1.5,115.0,154.0,205.2,D:\AprPanama2025_fixed\041525_experimental\041525PA_experimental_part05.mp4,1900-01-01 19:37:59.200,601
75590,300,111,3.0,127.0,165.0,179.0,D:\AprPanama2025_fixed\041525_experimental\041525PA_experimental_part05.mp4,1900-01-01 19:37:59.000,600
75593,302,111,1.5,117.0,161.0,210.5,D:\AprPanama2025_fixed\041525_experimental\041525PA_experimental_part05.mp4,1900-01-01 19:37:59.300,602
75589,300,111,3.0,127.0,165.0,179.0,D:\AprPanama2025_fixed\041525_experimental\041525PA_experimental_part05.mp4,1900-01-01 19:37:58.900,600
75597,302,112,1.5,127.0,170.0,205.8,D:\AprPanama2025_fixed\041525_experimental\041525PA_experimental_part05.mp4,1900-01-01 19:37:59.700,602
77828,780,57,16.5,119.0,179.0,249.04,D:\AprPanama2025_fixed\041525_experimental\041525PA_experimental_part05.mp4,1900-01-01 19:41:42.800,1080
77835,782,57,29.0,115.0,179.0,244.625,D:\AprPanama2025_fixed\041525_experimental\041525PA_experimental_part05.mp4,1900-01-01 19:41:43.500,1082
77831,781,58,31.0,111.0,179.0,244.093023255814,D:\AprPanama2025_fixed\041525_experimental\041525PA_experimental_part05.mp4,1900-01-01 19:41:43.100,1081
77832,781,57,29.5,115.0,179.0,248.70731707317077,D:\AprPanama2025_fixed\041525_experimental\041525PA_experimental_part05.mp4,1900-01-01 19:41:43.200,1081
77829,780,58,24.0,115.0,178.0,239.3823529411765,D:\AprPanama2025_fixed\041525_experimental\041525PA_experimental_part05.mp4,1900-01-01 19:41:42.900,1080
77836,782,56,25.0,120.0,179.0,243.05555555555557,D:\AprPanama2025_fixed\041525_experimental\041525PA_experimental_part05.mp4,1900-01-01 19:41:43.600,1082
77833,781,57,30.5,114.0,179.0,243.42857142857144,D:\AprPanama2025_fixed\041525_experimental\041525PA_experimental_part05.mp4,1900-01-01 19:41:43.300,1081
77830,780,57,31.5,111.0,179.0,245.0,D:\AprPanama2025_fixed\041525_experimental\041525PA_experimental_part05.mp4,1900-01-01 19:41:43.000,1080
77834,782,57,31.5,119.0,179.0,245.69767441860463,D:\AprPanama2025_fixed\041525_experimental\041525PA_experimental_part05.mp4,1900-01-01 19:41:43.400,1082
77837,783,56,22.0,121.0,179.0,241.63636363636363,D:\AprPanama2025_fixed\041525_experimental\041525PA_experimental_part05.mp4,1900-01-01 19:41:43.700,1083
77843,784,55,13.0,111.0,179.0,248.8181818181818,D:\AprPanama2025_fixed\041525_experimental\041525PA_experimental_part05.mp4,1900-01-01 19:41:44.300,1084
77843,782,139,16.0,117.0,179.0,251.79166666666663,D:\AprPanama2025_fixed\041525_experimental\041525PA_experimental_part05.mp4,1900-01-01 19:41:44.300,1082
77840,783,55,15.0,119.0,179.0,247.4583333333333,D:\AprPanama2025_fixed\041525_experimental\041525PA_experimental_part05.mp4,1900-01-01 19:41:44.000,1083
77841,783,55,15.0,122.0,179.0,247.125,D:\AprPanama2025_fixed\041525_experimental\041525PA_experimental_part05.mp4,1900-01-01 19:41:44.100,1083
77841,782,138,7.5,119.0,178.0,223.35714285714283,D:\AprPanama2025_fixed\041525_experimental\041525PA_experimental_part05.mp4,1900-01-01 19:41:44.100,1082
77838,783,56,19.0,127.0,179.0,246.06896551724137,D:\AprPanama2025_fixed\041525_experimental\041525PA_experimental_part05.mp4,1900-01-01 19:41:43.800,1083
77842,784,56,10.0,119.0,178.0,249.76470588235293,D:\AprPanama2025_fixed\041525_experimental\041525PA_experimental_part05.mp4,1900-01-01 19:41:44.200,1084
77842,782,138,12.5,125.0,179.0,252.7,D:\AprPanama2025_fixed\041525_experimental\041525PA_experimental_part05.mp4,1900-01-01 19:41:44.200,1082
77839,783,55,17.0,114.0,185.0,246.1111111111111,D:\AprPanama2025_fixed\041525_experimental\041525PA_experimental_part05.mp4,1900-01-01 19:41:43.900,1083
77844,785,54,10.0,112.0,179.0,241.6111111111111,D:\AprPanama2025_fixed\041525_experimental\041525PA_experimental_part05.mp4,1900-01-01 19:41:44.400,1085
77844,782,139,16.0,117.0,179.0,251.79166666666663,D:\AprPanama2025_fixed\041525_experimental\041525PA_experimental_part05.mp4,1900-01-01 19:41:44.400,1082
77849,786,53,2.5,119.0,180.0,252.55555555555557,D:\AprPanama2025_fixed\041525_experimental\041525PA_experimental_part05.mp4,1900-01-01 19:41:44.900,1086
77849,782,139,11.0,127.0,178.0,251.88888888888889,D:\AprPanama2025_fixed\041525_experimental\041525PA_experimental_part05.mp4,1900-01-01 19:41:44.900,1082
77848,786,53,2.5,124.0,161.0,250.1111111111111,D:\AprPanama2025_fixed\041525_experimental\041525PA_experimental_part05.mp4,1900-01-01 19:41:44.800,1086
77848,782,139,12.0,116.0,179.0,250.0,D:\AprPanama2025_fixed\041525_experimental\041525PA_experimental_part05.mp4,1900-01-01 19:41:44.800,1082
77850,781,139,10.5,117.0,178.0,249.76470588235293,D:\AprPanama2025_fixed\041525_experimental\041525PA_experimental_part05.mp4,1900-01-01 19:41:45.000,1081
77846,785,53,3.5,115.0,174.0,239.5,D:\AprPanama2025_fixed\041525_experimental\041525PA_experimental_part05.mp4,1900-01-01 19:41:44.600,1085
77846,782,139,13.5,118.0,179.0,241.3333333333333,D:\AprPanama2025_fixed\041525_experimental\041525PA_experimental_part05.mp4,1900-01-01 19:41:44.600,1082
77851,781,139,10.5,117.0,179.0,247.8823529411765,D:\AprPanama2025_fixed\041525_experimental\041525PA_experimental_part05.mp4,1900-01-01 19:41:45.100,1081
77845,785,54,8.5,121.0,175.0,246.875,D:\AprPanama2025_fixed\041525_experimental\041525PA_experimental_part05.mp4,1900-01-01 19:41:44.500,1085
77845,782,139,17.5,129.0,179.0,246.84615384615387,D:\AprPanama2025_fixed\041525_experimental\041525PA_experimental_part05.mp4,1900-01-01 19:41:44.500,1082
77852,707,93,18.5,112.0,212.0,250.6296296296296,D:\AprPanama2025_fixed\041525_experimental\041525PA_experimental_part05.mp4,1900-01-01 19:41:45.200,1007
77852,781,108,1.5,112.0,179.0,235.4,D:\AprPanama2025_fixed\041525_experimental\041525PA_experimental_part05.mp4,1900-01-01 19:41:45.200,1081
77852,781,139,10.5,117.0,179.0,243.1764705882353,D:\AprPanama2025_fixed\041525_experimental\041525PA_experimental_part05.mp4,1900-01-01 19:41:45.200,1081
77847,786,53,3.5,127.0,172.0,249.1111111111111,D:\AprPanama2025_fixed\041525_experimental\041525PA_experimental_part05.mp4,1900-01-01 19:41:44.700,1086
77847,782,139,12.5,117.0,178.0,246.55,D:\AprPanama2025_fixed\041525_experimental\041525PA_experimental_part05.mp4,1900-01-01 19:41:44.700,1082
77859,709,92,37.5,112.0,179.0,243.05882352941177,D:\AprPanama2025_fixed\041525_experimental\041525PA_experimental_part05.mp4,1900-01-01 19:41:45.900,1009
77859,781,110,5.0,114.0,177.0,234.2,D:\AprPanama2025_fixed\041525_experimental\041525PA_experimental_part05.mp4,1900-01-01 19:41:45.900,1081
77859,765,113,7.5,111.0,177.0,242.07142857142856,D:\AprPanama2025_fixed\041525_experimental\041525PA_experimental_part05.mp4,1900-01-01 19:41:45.900,1065
77853,707,93,26.5,111.0,229.0,242.81081081081084,D:\AprPanama2025_fixed\041525_experimental\041525PA_experimental_part05.mp4,1900-01-01 19:41:45.300,1007
77853,782,108,2.0,132.0,179.0,253.8333333333333,D:\AprPanama2025_fixed\041525_experimental\041525PA_experimental_part05.mp4,1900-01-01 19:41:45.300,1082
77853,781,139,8.0,111.0,170.0,242.85714285714283,D:\AprPanama2025_fixed\041525_experimental\041525PA_experimental_part05.mp4,1900-01-01 19:41:45.300,1081
77857,708,92,40.5,111.0,228.0,245.37037037037035,D:\AprPanama2025_fixed\041525_experimental\041525PA_experimental_part05.mp4,1900-01-01 19:41:45.700,1008
77857,781,109,7.0,143.0,179.0,242.23076923076923,D:\AprPanama2025_fixed\041525_experimental\041525PA_experimental_part05.mp4,1900-01-01 19:41:45.700,1081
77857,765,113,8.0,124.0,179.0,242.2142857142857,D:\AprPanama2025_fixed\041525_experimental\041525PA_experimental_part05.mp4,1900-01-01 19:41:45.700,1065
77858,708,92,35.0,121.0,213.0,245.0833333333333,D:\AprPanama2025_fixed\041525_experimental\041525PA_experimental_part05.mp4,1900-01-01 19:41:45.800,1008
77858,781,110,4.0,141.0,178.0,240.77777777777777,D:\AprPanama2025_fixed\041525_experimental\041525PA_experimental_part05.mp4,1900-01-01 19:41:45.800,1081
77858,765,113,5.5,115.0,177.0,211.25,D:\AprPanama2025_fixed\041525_experimental\041525PA_experimental_part05.mp4,1900-01-01 19:41:45.800,1065
77855,708,93,39.5,112.0,254.0,243.09615384615387,D:\AprPanama2025_fixed\041525_experimental\041525PA_experimental_part05.mp4,1900-01-01 19:41:45.500,1008
77855,782,109,9.5,111.0,178.0,183.125,D:\AprPanama2025_fixed\041525_experimental\041525PA_experimental_part05.mp4,1900-01-01 19:41:45.500,1082
77855,765,113,8.0,114.0,178.0,243.78571428571428,D:\AprPanama2025_fixed\041525_experimental\041525PA_experimental_part05.mp4,1900-01-01 19:41:45.500,1065
77856,708,92,39.0,129.0,241.0,244.35294117647055,D:\AprPanama2025_fixed\041525_experimental\041525PA_experimental_part05.mp4,1900-01-01 19:41:45.600,1008
77856,781,109,7.0,136.0,175.0,239.61538461538464,D:\AprPanama2025_fixed\041525_experimental\041525PA_experimental_part05.mp4,1900-01-01 19:41:45.600,1081
77856,765,113,8.5,113.0,178.0,222.33333333333331,D:\AprPanama2025_fixed\041525_experimental\041525PA_experimental_part05.mp4,1900-01-01 19:41:45.600,1065
77854,708,93,38.0,112.0,255.0,243.94,D:\AprPanama2025_fixed\041525_experimental\041525PA_experimental_part05.mp4,1900-01-01 19:41:45.400,1008
77854,782,109,7.0,111.0,179.0,190.53846153846155,D:\AprPanama2025_fixed\041525_experimental\041525PA_experimental_part05.mp4,1900-01-01 19:41:45.400,1082
77854,764,113,6.5,113.0,178.0,231.0,D:\AprPanama2025_fixed\041525_experimental\041525PA_experimental_part05.mp4,1900-01-01 19:41:45.400,1064
77854,782,139,7.5,111.0,176.0,245.15384615384616,D:\AprPanama2025_fixed\041525_experimental\041525PA_experimental_part05.mp4,1900-01-01 19:41:45.400,1082
77860,709,92,33.0,112.0,179.0,239.7555555555556,D:\AprPanama2025_fixed\041525_experimental\041525PA_experimental_part05.mp4,1900-01-01 19:41:46.000,1009
77860,782,110,1.5,134.0,171.0,236.6,D:\AprPanama2025_fixed\041525_experimental\041525PA_experimental_part05.mp4,1900-01-01 19:41:46.000,1082
77860,766,113,4.5,111.0,173.0,233.4,D:\AprPanama2025_fixed\041525_experimental\041525PA_experimental_part05.mp4,1900-01-01 19:41:46.000,1066
77861,709,92,33.0,114.0,216.0,240.64444444444445,D:\AprPanama2025_fixed\041525_experimental\041525PA_experimental_part05.mp4,1900-01-01 19:41:46.100,1009
77861,766,113,2.0,147.0,169.0,251.3333333333333,D:\AprPanama2025_fixed\041525_experimental\041525PA_experimental_part05.mp4,1900-01-01 19:41:46.100,1066
77864,709,92,24.0,113.0,179.0,239.68571428571428,D:\AprPanama2025_fixed\041525_experimental\041525PA_experimental_part05.mp4,1900-01-01 19:41:46.400,1009
77864,768,114,2.0,123.0,143.0,98.5,D:\AprPanama2025_fixed\041525_experimental\041525PA_experimental_part05.mp4,1900-01-01 19:41:46.400,1068
77862,709,92,25.0,112.0,179.0,239.88888888888889,D:\AprPanama2025_fixed\041525_experimental\041525PA_experimental_part05.mp4,1900-01-01 19:41:46.200,1009
77862,767,113,2.0,117.0,144.0,253.16666666666663,D:\AprPanama2025_fixed\041525_experimental\041525PA_experimental_part05.mp4,1900-01-01 19:41:46.200,1067
77863,709,92,27.0,112.0,179.0,232.2894736842105,D:\AprPanama2025_fixed\041525_experimental\041525PA_experimental_part05.mp4,1900-01-01 19:41:46.300,1009
77865,710,92,22.0,111.0,179.0,245.8181818181818,D:\AprPanama2025_fixed\041525_experimental\041525PA_experimental_part05.mp4,1900-01-01 19:41:46.500,1010
77865,768,114,2.0,123.0,143.0,98.5,D:\AprPanama2025_fixed\041525_experimental\041525PA_experimental_part05.mp4,1900-01-01 19:41:46.500,1068
77867,731,26,3.0,128.0,169.0,247.0,D:\AprPanama2025_fixed\041525_experimental\041525PA_experimental_part05.mp4,1900-01-01 19:41:46.700,1031
77867,710,93,10.5,111.0,179.0,252.94736842105263,D:\AprPanama2025_fixed\041525_experimental\041525PA_experimental_part05.mp4,1900-01-01 19:41:46.700,1010
77868,730,26,5.0,134.0,174.0,241.4,D:\AprPanama2025_fixed\041525_experimental\041525PA_experimental_part05.mp4,1900-01-01 19:41:46.800,1030
77868,711,93,7.0,111.0,178.0,245.61538461538464,D:\AprPanama2025_fixed\041525_experimental\041525PA_experimental_part05.mp4,1900-01-01 19:41:46.800,1011
77866,731,26,2.0,117.0,161.0,246.5,D:\AprPanama2025_fixed\041525_experimental\041525PA_experimental_part05.mp4,1900-01-01 19:41:46.600,1031
77866,710,92,13.5,118.0,182.0,241.6086956521739,D:\AprPanama2025_fixed\041525_experimental\041525PA_experimental_part05.mp4,1900-01-01 19:41:46.600,1010
77872,731,26,6.0,117.0,176.0,242.66666666666663,D:\AprPanama2025_fixed\041525_experimental\041525PA_experimental_part05.mp4,1900-01-01 19:41:47.200,1031
77873,731,26,6.0,117.0,176.0,242.66666666666663,D:\AprPanama2025_fixed\041525_experimental\041525PA_experimental_part05.mp4,1900-01-01 19:41:47.300,1031
77869,730,26,7.5,123.0,177.0,243.14285714285717,D:\AprPanama2025_fixed\041525_experimental\041525PA_experimental_part05.mp4,1900-01-01 19:41:46.900,1030
77869,710,94,4.5,113.0,177.0,244.3636363636364,D:\AprPanama2025_fixed\041525_experimental\041525PA_experimental_part05.mp4,1900-01-01 19:41:46.900,1010
77871,731,26,7.0,122.0,179.0,248.30769230769232,D:\AprPanama2025_fixed\041525_experimental\041525PA_experimental_part05.mp4,1900-01-01 19:41:47.100,1031
77875,730,26,5.0,111.0,173.0,229.8,D:\AprPanama2025_fixed\041525_experimental\041525PA_experimental_part05.mp4,1900-01-01 19:41:47.500,1030
77874,731,26,5.0,114.0,175.0,246.9090909090909,D:\AprPanama2025_fixed\041525_experimental\041525PA_experimental_part05.mp4,1900-01-01 19:41:47.400,1031
77870,731,26,5.0,129.0,179.0,244.3636363636364,D:\AprPanama2025_fixed\041525_experimental\041525PA_experimental_part05.mp4,1900-01-01 19:41:47.000,1031
77876,730,26,4.0,122.0,177.0,252.1111111111111,D:\AprPanama2025_fixed\041525_experimental\041525PA_experimental_part05.mp4,1900-01-01 19:41:47.600,1030
77883,725,64,10.0,116.0,179.0,245.1764705882353,D:\AprPanama2025_fixed\041525_experimental\041525PA_experimental_part05.mp4,1900-01-01 19:41:48.300,1025
77880,730,26,1.5,124.0,168.0,252.4,D:\AprPanama2025_fixed\041525_experimental\041525PA_experimental_part05.mp4,1900-01-01 19:41:48.000,1030
77880,725,64,11.5,111.0,179.0,245.52631578947367,D:\AprPanama2025_fixed\041525_experimental\041525PA_experimental_part05.mp4,1900-01-01 19:41:48.000,1025
77880,776,109,2.5,119.0,164.0,212.875,D:\AprPanama2025_fixed\041525_experimental\041525PA_experimental_part05.mp4,1900-01-01 19:41:48.000,1076
77884,725,64,8.5,125.0,179.0,246.4,D:\AprPanama2025_fixed\041525_experimental\041525PA_experimental_part05.mp4,1900-01-01 19:41:48.400,1025
77879,730,26,1.5,123.0,172.0,253.4,D:\AprPanama2025_fixed\041525_experimental\041525PA_experimental_part05.mp4,1900-01-01 19:41:47.900,1030
77879,724,63,12.5,117.0,179.0,253.05,D:\AprPanama2025_fixed\041525_experimental\041525PA_experimental_part05.mp4,1900-01-01 19:41:47.900,1024
77878,731,26,2.5,115.0,171.0,251.7142857142857,D:\AprPanama2025_fixed\041525_experimental\041525PA_experimental_part05.mp4,1900-01-01 19:41:47.800,1031
77878,724,63,12.5,112.0,179.0,252.45,D:\AprPanama2025_fixed\041525_experimental\041525PA_experimental_part05.mp4,1900-01-01 19:41:47.800,1024
77882,725,64,11.0,130.0,179.0,246.77777777777777,D:\AprPanama2025_fixed\041525_experimental\041525PA_experimental_part05.mp4,1900-01-01 19:41:48.200,1025
77877,730,26,4.0,117.0,176.0,244.77777777777777,D:\AprPanama2025_fixed\041525_experimental\041525PA_experimental_part05.mp4,1900-01-01 19:41:47.700,1030
77877,723,64,7.0,114.0,178.0,234.92307692307693,D:\AprPanama2025_fixed\041525_experimental\041525PA_experimental_part05.mp4,1900-01-01 19:41:47.700,1023
77881,725,63,12.5,120.0,179.0,248.55,D:\AprPanama2025_fixed\041525_experimental\041525PA_experimental_part05.mp4,1900-01-01 19:41:48.100,1025
77881,776,109,1.5,113.0,162.0,224.0,D:\AprPanama2025_fixed\041525_experimental\041525PA_experimental_part05.mp4,1900-01-01 19:41:48.100,1076
77888,726,63,1.5,114.0,159.0,247.0,D:\AprPanama2025_fixed\041525_experimental\041525PA_experimental_part05.mp4,1900-01-01 19:41:48.800,1026
77885,725,64,8.5,123.0,179.0,249.6,D:\AprPanama2025_fixed\041525_experimental\041525PA_experimental_part05.mp4,1900-01-01 19:41:48.500,1025
77886,725,63,8.5,124.0,178.0,240.2,D:\AprPanama2025_fixed\041525_experimental\041525PA_experimental_part05.mp4,1900-01-01 19:41:48.600,1025
77887,725,64,5.5,113.0,175.0,241.63636363636363,D:\AprPanama2025_fixed\041525_experimental\041525PA_experimental_part05.mp4,1900-01-01 19:41:48.700,1025
77898,740,26,4.0,114.0,172.0,215.25,D:\AprPanama2025_fixed\041525_experimental\041525PA_experimental_part05.mp4,1900-01-01 19:41:49.800,1040
77896,739,26,4.5,122.0,170.0,238.0,D:\AprPanama2025_fixed\041525_experimental\041525PA_experimental_part05.mp4,1900-01-01 19:41:49.600,1039
77899,740,26,4.0,116.0,173.0,233.375,D:\AprPanama2025_fixed\041525_experimental\041525PA_experimental_part05.mp4,1900-01-01 19:41:49.900,1040
79185,364,223,2.0,133.0,167.0,247.3333333333333,D:\AprPanama2025_fixed\041525_experimental\041525PA_experimental_part05.mp4,1900-01-01 19:43:58.500,664
79184,364,223,2.0,133.0,167.0,247.3333333333333,D:\AprPanama2025_fixed\041525_experimental\041525PA_experimental_part05.mp4,1900-01-01 19:43:58.400,664
79414,534,82,2.0,135.0,175.0,244.28571428571428,D:\AprPanama2025_fixed\041525_experimental\041525PA_experimental_part05.mp4,1900-01-01 19:44:21.400,834
79420,534,83,8.0,112.0,179.0,235.3125,D:\AprPanama2025_fixed\041525_experimental\041525PA_experimental_part05.mp4,1900-01-01 19:44:22.000,834
79416,534,83,8.0,114.0,179.0,235.3125,D:\AprPanama2025_fixed\041525_experimental\041525PA_experimental_part05.mp4,1900-01-01 19:44:21.600,834
79419,534,83,7.0,119.0,178.0,246.5,D:\AprPanama2025_fixed\041525_experimental\041525PA_experimental_part05.mp4,1900-01-01 19:44:21.900,834
79417,534,83,9.0,113.0,179.0,242.94117647058823,D:\AprPanama2025_fixed\041525_experimental\041525PA_experimental_part05.mp4,1900-01-01 19:44:21.700,834
79415,534,81,4.0,137.0,173.0,238.4,D:\AprPanama2025_fixed\041525_experimental\041525PA_experimental_part05.mp4,1900-01-01 19:44:21.500,834
79418,534,82,6.0,124.0,179.0,243.92857142857144,D:\AprPanama2025_fixed\041525_experimental\041525PA_experimental_part05.mp4,1900-01-01 19:44:21.800,834
79427,773,93,13.0,116.0,178.0,246.19047619047615,D:\AprPanama2025_fixed\041525_experimental\041525PA_experimental_part05.mp4,1900-01-01 19:44:22.700,1073
79428,773,94,13.5,112.0,179.0,249.27272727272728,D:\AprPanama2025_fixed\041525_experimental\041525PA_experimental_part05.mp4,1900-01-01 19:44:22.800,1073
79426,773,93,10.5,150.0,179.0,251.2941176470588,D:\AprPanama2025_fixed\041525_experimental\041525PA_experimental_part05.mp4,1900-01-01 19:44:22.600,1073
79422,534,81,1.5,122.0,154.0,244.16666666666663,D:\AprPanama2025_fixed\041525_experimental\041525PA_experimental_part05.mp4,1900-01-01 19:44:22.200,834
79423,534,81,2.0,111.0,152.0,248.0,D:\AprPanama2025_fixed\041525_experimental\041525PA_experimental_part05.mp4,1900-01-01 19:44:22.300,834
79421,534,83,6.5,138.0,172.0,238.5,D:\AprPanama2025_fixed\041525_experimental\041525PA_experimental_part05.mp4,1900-01-01 19:44:22.100,834
79434,459,86,4.5,128.0,176.0,187.55555555555557,D:\AprPanama2025_fixed\041525_experimental\041525PA_experimental_part05.mp4,1900-01-01 19:44:23.400,759
79434,774,95,13.0,111.0,179.0,243.0,D:\AprPanama2025_fixed\041525_experimental\041525PA_experimental_part05.mp4,1900-01-01 19:44:23.400,1074
79430,773,94,17.0,113.0,179.0,249.42307692307693,D:\AprPanama2025_fixed\041525_experimental\041525PA_experimental_part05.mp4,1900-01-01 19:44:23.000,1073
79436,594,34,1.5,148.0,167.0,247.6,D:\AprPanama2025_fixed\041525_experimental\041525PA_experimental_part05.mp4,1900-01-01 19:44:23.600,894
79436,488,37,4.0,119.0,162.0,130.88888888888889,D:\AprPanama2025_fixed\041525_experimental\041525PA_experimental_part05.mp4,1900-01-01 19:44:23.600,788
79436,460,84,14.5,114.0,179.0,247.95454545454547,D:\AprPanama2025_fixed\041525_experimental\041525PA_experimental_part05.mp4,1900-01-01 19:44:23.600,760
79436,775,95,6.0,120.0,177.0,217.75,D:\AprPanama2025_fixed\041525_experimental\041525PA_experimental_part05.mp4,1900-01-01 19:44:23.600,1075
79431,773,94,12.0,113.0,179.0,252.04761904761904,D:\AprPanama2025_fixed\041525_experimental\041525PA_experimental_part05.mp4,1900-01-01 19:44:23.100,1073
79432,774,94,9.5,138.0,179.0,250.94117647058823,D:\AprPanama2025_fixed\041525_experimental\041525PA_experimental_part05.mp4,1900-01-01 19:44:23.200,1074
79433,774,95,12.0,113.0,179.0,246.1,D:\AprPanama2025_fixed\041525_experimental\041525PA_experimental_part05.mp4,1900-01-01 19:44:23.300,1074
79435,460,85,4.5,116.0,173.0,254.3,D:\AprPanama2025_fixed\041525_experimental\041525PA_experimental_part05.mp4,1900-01-01 19:44:23.500,760
79435,774,95,9.0,114.0,173.0,246.7058823529412,D:\AprPanama2025_fixed\041525_experimental\041525PA_experimental_part05.mp4,1900-01-01 19:44:23.500,1074
79429,773,94,15.0,113.0,179.0,249.79166666666663,D:\AprPanama2025_fixed\041525_experimental\041525PA_experimental_part05.mp4,1900-01-01 19:44:22.900,1073
79444,596,35,4.5,119.0,169.0,249.3,D:\AprPanama2025_fixed\041525_experimental\041525PA_experimental_part05.mp4,1900-01-01 19:44:24.400,896
79444,490,32,23.0,112.0,179.0,240.54285714285717,D:\AprPanama2025_fixed\041525_experimental\041525PA_experimental_part05.mp4,1900-01-01 19:44:24.400,790
79444,459,77,9.0,120.0,178.0,249.1875,D:\AprPanama2025_fixed\041525_experimental\041525PA_experimental_part05.mp4,1900-01-01 19:44:24.400,759
79444,469,109,5.0,125.0,171.0,241.9,D:\AprPanama2025_fixed\041525_experimental\041525PA_experimental_part05.mp4,1900-01-01 19:44:24.400,769
79443,596,35,9.0,111.0,179.0,244.1875,D:\AprPanama2025_fixed\041525_experimental\041525PA_experimental_part05.mp4,1900-01-01 19:44:24.300,896
79443,490,33,20.5,121.0,179.0,251.9032258064516,D:\AprPanama2025_fixed\041525_experimental\041525PA_experimental_part05.mp4,1900-01-01 19:44:24.300,790
79443,459,78,11.0,115.0,179.0,253.3333333333333,D:\AprPanama2025_fixed\041525_experimental\041525PA_experimental_part05.mp4,1900-01-01 19:44:24.300,759
79443,469,109,3.5,123.0,165.0,209.875,D:\AprPanama2025_fixed\041525_experimental\041525PA_experimental_part05.mp4,1900-01-01 19:44:24.300,769
79442,595,35,11.0,127.0,178.0,229.94444444444443,D:\AprPanama2025_fixed\041525_experimental\041525PA_experimental_part05.mp4,1900-01-01 19:44:24.200,895
79442,490,33,24.5,112.0,179.0,247.0,D:\AprPanama2025_fixed\041525_experimental\041525PA_experimental_part05.mp4,1900-01-01 19:44:24.200,790
79442,459,79,11.0,115.0,226.0,245.16666666666663,D:\AprPanama2025_fixed\041525_experimental\041525PA_experimental_part05.mp4,1900-01-01 19:44:24.200,759
79438,595,34,9.5,123.0,176.0,244.53333333333333,D:\AprPanama2025_fixed\041525_experimental\041525PA_experimental_part05.mp4,1900-01-01 19:44:23.800,895
79438,489,35,16.5,117.0,179.0,247.28,D:\AprPanama2025_fixed\041525_experimental\041525PA_experimental_part05.mp4,1900-01-01 19:44:23.800,789
79438,460,83,17.5,113.0,179.0,247.92307692307693,D:\AprPanama2025_fixed\041525_experimental\041525PA_experimental_part05.mp4,1900-01-01 19:44:23.800,760
79440,595,35,7.0,129.0,179.0,252.0,D:\AprPanama2025_fixed\041525_experimental\041525PA_experimental_part05.mp4,1900-01-01 19:44:24.000,895
79440,489,34,18.5,128.0,179.0,251.89285714285717,D:\AprPanama2025_fixed\041525_experimental\041525PA_experimental_part05.mp4,1900-01-01 19:44:24.000,789
79440,460,81,15.5,112.0,179.0,251.91666666666663,D:\AprPanama2025_fixed\041525_experimental\041525PA_experimental_part05.mp4,1900-01-01 19:44:24.000,760
79437,594,34,3.0,121.0,175.0,245.0,D:\AprPanama2025_fixed\041525_experimental\041525PA_experimental_part05.mp4,1900-01-01 19:44:23.700,894
79437,489,37,8.5,115.0,175.0,218.86666666666667,D:\AprPanama2025_fixed\041525_experimental\041525PA_experimental_part05.mp4,1900-01-01 19:44:23.700,789
79437,460,83,13.5,132.0,234.0,237.14285714285717,D:\AprPanama2025_fixed\041525_experimental\041525PA_experimental_part05.mp4,1900-01-01 19:44:23.700,760
79437,775,96,5.5,121.0,169.0,239.63636363636363,D:\AprPanama2025_fixed\041525_experimental\041525PA_experimental_part05.mp4,1900-01-01 19:44:23.700,1075
79441,595,35,7.0,129.0,179.0,252.0,D:\AprPanama2025_fixed\041525_experimental\041525PA_experimental_part05.mp4,1900-01-01 19:44:24.100,895
79441,490,34,19.5,128.0,179.0,250.6551724137931,D:\AprPanama2025_fixed\041525_experimental\041525PA_experimental_part05.mp4,1900-01-01 19:44:24.100,790
79441,460,80,15.5,119.0,179.0,251.3043478260869,D:\AprPanama2025_fixed\041525_experimental\041525PA_experimental_part05.mp4,1900-01-01 19:44:24.100,760
79441,776,96,2.0,120.0,164.0,227.16666666666663,D:\AprPanama2025_fixed\041525_experimental\041525PA_experimental_part05.mp4,1900-01-01 19:44:24.100,1076
79439,595,35,8.0,120.0,178.0,245.78571428571428,D:\AprPanama2025_fixed\041525_experimental\041525PA_experimental_part05.mp4,1900-01-01 19:44:23.900,895
79439,489,35,17.0,119.0,179.0,244.7692307692308,D:\AprPanama2025_fixed\041525_experimental\041525PA_experimental_part05.mp4,1900-01-01 19:44:23.900,789
79439,460,82,14.0,123.0,179.0,245.95454545454547,D:\AprPanama2025_fixed\041525_experimental\041525PA_experimental_part05.mp4,1900-01-01 19:44:23.900,760
79447,598,35,5.0,119.0,179.0,237.8,D:\AprPanama2025_fixed\041525_experimental\041525PA_experimental_part05.mp4,1900-01-01 19:44:24.700,898
79447,491,32,24.0,112.0,179.0,231.42857142857144,D:\AprPanama2025_fixed\041525_experimental\041525PA_experimental_part05.mp4,1900-01-01 19:44:24.700,791
79447,459,75,9.0,119.0,178.0,239.5,D:\AprPanama2025_fixed\041525_experimental\041525PA_experimental_part05.mp4,1900-01-01 19:44:24.700,759
79447,470,110,5.0,126.0,176.0,250.8,D:\AprPanama2025_fixed\041525_experimental\041525PA_experimental_part05.mp4,1900-01-01 19:44:24.700,770
79446,598,35,5.0,119.0,179.0,237.8,D:\AprPanama2025_fixed\041525_experimental\041525PA_experimental_part05.mp4,1900-01-01 19:44:24.600,898
79446,491,32,23.0,123.0,178.0,241.11764705882356,D:\AprPanama2025_fixed\041525_experimental\041525PA_experimental_part05.mp4,1900-01-01 19:44:24.600,791
79446,459,76,7.0,111.0,178.0,254.30769230769232,D:\AprPanama2025_fixed\041525_experimental\041525PA_experimental_part05.mp4,1900-01-01 19:44:24.600,759
79446,470,109,4.0,134.0,175.0,249.66666666666663,D:\AprPanama2025_fixed\041525_experimental\041525PA_experimental_part05.mp4,1900-01-01 19:44:24.600,770
79451,491,29,13.5,115.0,179.0,241.2083333333333,D:\AprPanama2025_fixed\041525_experimental\041525PA_experimental_part05.mp4,1900-01-01 19:44:25.100,791
79451,598,36,3.5,119.0,170.0,189.875,D:\AprPanama2025_fixed\041525_experimental\041525PA_experimental_part05.mp4,1900-01-01 19:44:25.100,898
79451,458,72,2.0,122.0,162.0,240.8333333333333,D:\AprPanama2025_fixed\041525_experimental\041525PA_experimental_part05.mp4,1900-01-01 19:44:25.100,758
79451,470,109,2.0,122.0,176.0,242.7142857142857,D:\AprPanama2025_fixed\041525_experimental\041525PA_experimental_part05.mp4,1900-01-01 19:44:25.100,770
79452,492,29,8.5,116.0,179.0,239.9,D:\AprPanama2025_fixed\041525_experimental\041525PA_experimental_part05.mp4,1900-01-01 19:44:25.200,792
79452,470,109,2.5,116.0,176.0,246.42857142857144,D:\AprPanama2025_fixed\041525_experimental\041525PA_experimental_part05.mp4,1900-01-01 19:44:25.200,770
79448,491,31,17.5,116.0,179.0,244.5,D:\AprPanama2025_fixed\041525_experimental\041525PA_experimental_part05.mp4,1900-01-01 19:44:24.800,791
79448,598,35,5.0,119.0,179.0,237.8,D:\AprPanama2025_fixed\041525_experimental\041525PA_experimental_part05.mp4,1900-01-01 19:44:24.800,898
79448,459,74,7.5,123.0,176.0,246.30769230769232,D:\AprPanama2025_fixed\041525_experimental\041525PA_experimental_part05.mp4,1900-01-01 19:44:24.800,759
79448,470,109,5.5,121.0,179.0,246.63636363636363,D:\AprPanama2025_fixed\041525_experimental\041525PA_experimental_part05.mp4,1900-01-01 19:44:24.800,770
79450,491,29,18.0,112.0,179.0,239.51724137931035,D:\AprPanama2025_fixed\041525_experimental\041525PA_experimental_part05.mp4,1900-01-01 19:44:25.000,791
79450,598,36,3.5,119.0,170.0,189.875,D:\AprPanama2025_fixed\041525_experimental\041525PA_experimental_part05.mp4,1900-01-01 19:44:25.000,898
79450,458,73,2.5,116.0,173.0,248.0,D:\AprPanama2025_fixed\041525_experimental\041525PA_experimental_part05.mp4,1900-01-01 19:44:25.000,758
79450,470,109,4.5,119.0,172.0,240.6,D:\AprPanama2025_fixed\041525_experimental\041525PA_experimental_part05.mp4,1900-01-01 19:44:25.000,770
79449,491,30,18.0,114.0,178.0,239.6551724137931,D:\AprPanama2025_fixed\041525_experimental\041525PA_experimental_part05.mp4,1900-01-01 19:44:24.900,791
79449,597,35,6.5,126.0,176.0,185.16666666666663,D:\AprPanama2025_fixed\041525_experimental\041525PA_experimental_part05.mp4,1900-01-01 19:44:24.900,897
79449,459,73,2.0,138.0,156.0,255.0,D:\AprPanama2025_fixed\041525_experimental\041525PA_experimental_part05.mp4,1900-01-01 19:44:24.900,759
79449,470,109,4.0,119.0,164.0,243.2222222222222,D:\AprPanama2025_fixed\041525_experimental\041525PA_experimental_part05.mp4,1900-01-01 19:44:24.900,770
79445,597,35,4.5,115.0,179.0,248.5,D:\AprPanama2025_fixed\041525_experimental\041525PA_experimental_part05.mp4,1900-01-01 19:44:24.500,897
79445,490,32,24.5,111.0,179.0,242.0810810810811,D:\AprPanama2025_fixed\041525_experimental\041525PA_experimental_part05.mp4,1900-01-01 19:44:24.500,790
79445,459,77,10.5,112.0,192.0,249.3333333333333,D:\AprPanama2025_fixed\041525_experimental\041525PA_experimental_part05.mp4,1900-01-01 19:44:24.500,759
79445,470,110,5.0,122.0,168.0,248.0,D:\AprPanama2025_fixed\041525_experimental\041525PA_experimental_part05.mp4,1900-01-01 19:44:24.500,770
79454,492,25,2.0,115.0,167.0,253.5,D:\AprPanama2025_fixed\041525_experimental\041525PA_experimental_part05.mp4,1900-01-01 19:44:25.400,792
79454,493,31,1.5,125.0,132.0,254.8,D:\AprPanama2025_fixed\041525_experimental\041525PA_experimental_part05.mp4,1900-01-01 19:44:25.400,793
79454,470,109,1.5,114.0,159.0,225.2,D:\AprPanama2025_fixed\041525_experimental\041525PA_experimental_part05.mp4,1900-01-01 19:44:25.400,770
79455,492,31,3.5,112.0,167.0,250.25,D:\AprPanama2025_fixed\041525_experimental\041525PA_experimental_part05.mp4,1900-01-01 19:44:25.500,792
79455,470,108,2.0,121.0,166.0,238.0,D:\AprPanama2025_fixed\041525_experimental\041525PA_experimental_part05.mp4,1900-01-01 19:44:25.500,770
79459,600,36,2.0,113.0,150.0,78.33333333333333,D:\AprPanama2025_fixed\041525_experimental\041525PA_experimental_part05.mp4,1900-01-01 19:44:25.900,900
79460,600,36,1.5,117.0,176.0,217.0,D:\AprPanama2025_fixed\041525_experimental\041525PA_experimental_part05.mp4,1900-01-01 19:44:26.000,900
79453,491,26,2.0,112.0,139.0,239.16666666666663,D:\AprPanama2025_fixed\041525_experimental\041525PA_experimental_part05.mp4,1900-01-01 19:44:25.300,791
79453,492,31,4.0,130.0,175.0,237.1,D:\AprPanama2025_fixed\041525_experimental\041525PA_experimental_part05.mp4,1900-01-01 19:44:25.300,792
79453,470,109,2.5,116.0,176.0,246.42857142857144,D:\AprPanama2025_fixed\041525_experimental\041525PA_experimental_part05.mp4,1900-01-01 19:44:25.300,770
79466,476,69,2.5,115.0,158.0,238.28571428571428,D:\AprPanama2025_fixed\041525_experimental\041525PA_experimental_part05.mp4,1900-01-01 19:44:26.600,776
79461,600,36,1.5,116.0,177.0,178.8,D:\AprPanama2025_fixed\041525_experimental\041525PA_experimental_part05.mp4,1900-01-01 19:44:26.100,900
79470,476,68,1.5,127.0,169.0,137.20000000000002,D:\AprPanama2025_fixed\041525_experimental\041525PA_experimental_part05.mp4,1900-01-01 19:44:27.000,776
80396,597,297,2.0,111.0,148.0,245.0,D:\AprPanama2025_fixed\041525_experimental\041525PA_experimental_part05.mp4,1900-01-01 19:45:59.600,897
80395,596,297,2.0,135.0,168.0,109.66666666666666,D:\AprPanama2025_fixed\041525_experimental\041525PA_experimental_part05.mp4,1900-01-01 19:45:59.500,896
80400,596,296,2.0,114.0,174.0,216.16666666666663,D:\AprPanama2025_fixed\041525_experimental\041525PA_experimental_part05.mp4,1900-01-01 19:46:00.000,896
80401,596,296,1.5,118.0,166.0,231.4,D:\AprPanama2025_fixed\041525_experimental\041525PA_experimental_part05.mp4,1900-01-01 19:46:00.100,896
80399,596,296,2.0,114.0,174.0,216.16666666666663,D:\AprPanama2025_fixed\041525_experimental\041525PA_experimental_part05.mp4,1900-01-01 19:45:59.900,896
80398,596,296,2.0,134.0,172.0,246.0,D:\AprPanama2025_fixed\041525_experimental\041525PA_experimental_part05.mp4,1900-01-01 19:45:59.800,896
80411,739,80,20.5,115.0,179.0,252.3548387096774,D:\AprPanama2025_fixed\041525_experimental\041525PA_experimental_part05.mp4,1900-01-01 19:46:01.100,1039
80412,739,80,24.0,113.0,179.0,241.57142857142856,D:\AprPanama2025_fixed\041525_experimental\041525PA_experimental_part05.mp4,1900-01-01 19:46:01.200,1039
80406,593,295,2.0,118.0,159.0,97.83333333333331,D:\AprPanama2025_fixed\041525_experimental\041525PA_experimental_part05.mp4,1900-01-01 19:46:00.600,893
80409,737,78,5.0,111.0,172.0,237.0909090909091,D:\AprPanama2025_fixed\041525_experimental\041525PA_experimental_part05.mp4,1900-01-01 19:46:00.900,1037
80410,739,80,17.5,112.0,179.0,243.85714285714283,D:\AprPanama2025_fixed\041525_experimental\041525PA_experimental_part05.mp4,1900-01-01 19:46:01.000,1039
80415,740,81,23.0,117.0,179.0,247.54545454545456,D:\AprPanama2025_fixed\041525_experimental\041525PA_experimental_part05.mp4,1900-01-01 19:46:01.500,1040
80418,740,82,19.0,118.0,179.0,242.78571428571428,D:\AprPanama2025_fixed\041525_experimental\041525PA_experimental_part05.mp4,1900-01-01 19:46:01.800,1040
80417,740,82,20.5,111.0,179.0,248.7333333333333,D:\AprPanama2025_fixed\041525_experimental\041525PA_experimental_part05.mp4,1900-01-01 19:46:01.700,1040
80414,740,81,24.0,116.0,179.0,244.68571428571428,D:\AprPanama2025_fixed\041525_experimental\041525PA_experimental_part05.mp4,1900-01-01 19:46:01.400,1040
80419,740,82,20.0,112.0,179.0,245.17241379310343,D:\AprPanama2025_fixed\041525_experimental\041525PA_experimental_part05.mp4,1900-01-01 19:46:01.900,1040
80413,740,81,23.0,112.0,179.0,252.0909090909091,D:\AprPanama2025_fixed\041525_experimental\041525PA_experimental_part05.mp4,1900-01-01 19:46:01.300,1040
80416,740,81,21.5,112.0,179.0,247.48387096774192,D:\AprPanama2025_fixed\041525_experimental\041525PA_experimental_part05.mp4,1900-01-01 19:46:01.600,1040
80420,740,82,17.5,111.0,179.0,242.5769230769231,D:\AprPanama2025_fixed\041525_experimental\041525PA_experimental_part05.mp4,1900-01-01 19:46:02.000,1040
80426,740,82,2.0,121.0,164.0,252.16666666666663,D:\AprPanama2025_fixed\041525_experimental\041525PA_experimental_part05.mp4,1900-01-01 19:46:02.600,1040
80426,811,102,10.0,116.0,176.0,251.1764705882353,D:\AprPanama2025_fixed\041525_experimental\041525PA_experimental_part05.mp4,1900-01-01 19:46:02.600,1111
80423,741,82,11.0,111.0,177.0,242.94444444444443,D:\AprPanama2025_fixed\041525_experimental\041525PA_experimental_part05.mp4,1900-01-01 19:46:02.300,1041
80423,811,102,3.5,115.0,179.0,236.25,D:\AprPanama2025_fixed\041525_experimental\041525PA_experimental_part05.mp4,1900-01-01 19:46:02.300,1111
80424,741,83,10.0,114.0,178.0,241.7058823529412,D:\AprPanama2025_fixed\041525_experimental\041525PA_experimental_part05.mp4,1900-01-01 19:46:02.400,1041
80424,810,102,10.5,113.0,179.0,247.4705882352941,D:\AprPanama2025_fixed\041525_experimental\041525PA_experimental_part05.mp4,1900-01-01 19:46:02.400,1110
80425,741,83,10.0,114.0,178.0,241.7058823529412,D:\AprPanama2025_fixed\041525_experimental\041525PA_experimental_part05.mp4,1900-01-01 19:46:02.500,1041
80425,810,102,11.5,111.0,178.0,249.7222222222222,D:\AprPanama2025_fixed\041525_experimental\041525PA_experimental_part05.mp4,1900-01-01 19:46:02.500,1110
80427,810,102,7.5,116.0,176.0,254.78571428571428,D:\AprPanama2025_fixed\041525_experimental\041525PA_experimental_part05.mp4,1900-01-01 19:46:02.700,1110
80422,740,82,12.0,111.0,179.0,247.9,D:\AprPanama2025_fixed\041525_experimental\041525PA_experimental_part05.mp4,1900-01-01 19:46:02.200,1040
80428,810,102,8.0,118.0,173.0,252.28571428571428,D:\AprPanama2025_fixed\041525_experimental\041525PA_experimental_part05.mp4,1900-01-01 19:46:02.800,1110
80421,740,82,15.0,113.0,179.0,239.4583333333333,D:\AprPanama2025_fixed\041525_experimental\041525PA_experimental_part05.mp4,1900-01-01 19:46:02.100,1040
80431,809,102,9.0,118.0,179.0,247.8,D:\AprPanama2025_fixed\041525_experimental\041525PA_experimental_part05.mp4,1900-01-01 19:46:03.100,1109
80433,809,103,8.0,112.0,176.0,248.28571428571428,D:\AprPanama2025_fixed\041525_experimental\041525PA_experimental_part05.mp4,1900-01-01 19:46:03.300,1109
80430,740,84,1.5,114.0,151.0,244.8,D:\AprPanama2025_fixed\041525_experimental\041525PA_experimental_part05.mp4,1900-01-01 19:46:03.000,1040
80430,809,103,6.0,127.0,176.0,249.75,D:\AprPanama2025_fixed\041525_experimental\041525PA_experimental_part05.mp4,1900-01-01 19:46:03.000,1109
80435,809,102,4.0,111.0,171.0,247.55555555555557,D:\AprPanama2025_fixed\041525_experimental\041525PA_experimental_part05.mp4,1900-01-01 19:46:03.500,1109
80432,809,103,8.0,112.0,189.0,245.2142857142857,D:\AprPanama2025_fixed\041525_experimental\041525PA_experimental_part05.mp4,1900-01-01 19:46:03.200,1109
80429,809,103,7.5,111.0,177.0,246.28571428571428,D:\AprPanama2025_fixed\041525_experimental\041525PA_experimental_part05.mp4,1900-01-01 19:46:02.900,1109
80434,808,103,4.0,144.0,173.0,250.55555555555557,D:\AprPanama2025_fixed\041525_experimental\041525PA_experimental_part05.mp4,1900-01-01 19:46:03.400,1108
80439,808,102,2.0,115.0,171.0,247.16666666666663,D:\AprPanama2025_fixed\041525_experimental\041525PA_experimental_part05.mp4,1900-01-01 19:46:03.900,1108
80441,808,102,1.5,117.0,159.0,241.8,D:\AprPanama2025_fixed\041525_experimental\041525PA_experimental_part05.mp4,1900-01-01 19:46:04.100,1108
80438,808,83,1.5,111.0,161.0,228.6,D:\AprPanama2025_fixed\041525_experimental\041525PA_experimental_part05.mp4,1900-01-01 19:46:03.800,1108
80438,808,102,2.0,117.0,170.0,239.0,D:\AprPanama2025_fixed\041525_experimental\041525PA_experimental_part05.mp4,1900-01-01 19:46:03.800,1108
80440,808,102,2.0,113.0,161.0,220.16666666666663,D:\AprPanama2025_fixed\041525_experimental\041525PA_experimental_part05.mp4,1900-01-01 19:46:04.000,1108
80437,808,83,1.5,140.0,172.0,233.6,D:\AprPanama2025_fixed\041525_experimental\041525PA_experimental_part05.mp4,1900-01-01 19:46:03.700,1108
80437,808,102,2.0,134.0,179.0,252.0,D:\AprPanama2025_fixed\041525_experimental\041525PA_experimental_part05.mp4,1900-01-01 19:46:03.700,1108
82048,392,206,3.5,120.0,178.0,239.75,D:\AprPanama2025_fixed\041525_experimental\041525PA_experimental_part05.mp4,1900-01-01 19:48:44.800,692
82052,391,206,2.5,113.0,163.0,184.57142857142856,D:\AprPanama2025_fixed\041525_experimental\041525PA_experimental_part05.mp4,1900-01-01 19:48:45.200,691
82051,392,206,3.0,116.0,179.0,184.42857142857144,D:\AprPanama2025_fixed\041525_experimental\041525PA_experimental_part05.mp4,1900-01-01 19:48:45.100,692
82049,392,206,3.5,120.0,178.0,239.75,D:\AprPanama2025_fixed\041525_experimental\041525PA_experimental_part05.mp4,1900-01-01 19:48:44.900,692
82047,392,206,5.5,121.0,177.0,244.8181818181818,D:\AprPanama2025_fixed\041525_experimental\041525PA_experimental_part05.mp4,1900-01-01 19:48:44.700,692
82050,392,206,5.0,127.0,184.0,216.1,D:\AprPanama2025_fixed\041525_experimental\041525PA_experimental_part05.mp4,1900-01-01 19:48:45.000,692
82046,393,207,6.0,126.0,178.0,228.0,D:\AprPanama2025_fixed\041525_experimental\041525PA_experimental_part05.mp4,1900-01-01 19:48:44.600,693
82055,390,204,3.5,136.0,178.0,237.25,D:\AprPanama2025_fixed\041525_experimental\041525PA_experimental_part05.mp4,1900-01-01 19:48:45.500,690
82228,686,59,19.5,118.0,179.0,244.66666666666663,D:\AprPanama2025_fixed\041525_experimental\041525PA_experimental_part05.mp4,1900-01-01 19:49:02.800,986
82227,686,59,19.0,114.0,179.0,237.7586206896552,D:\AprPanama2025_fixed\041525_experimental\041525PA_experimental_part05.mp4,1900-01-01 19:49:02.700,986
82226,686,59,19.0,114.0,179.0,237.48275862068965,D:\AprPanama2025_fixed\041525_experimental\041525PA_experimental_part05.mp4,1900-01-01 19:49:02.600,986
82224,686,59,8.5,119.0,179.0,251.46666666666667,D:\AprPanama2025_fixed\041525_experimental\041525PA_experimental_part05.mp4,1900-01-01 19:49:02.400,986
82225,686,59,10.5,128.0,179.0,253.2222222222222,D:\AprPanama2025_fixed\041525_experimental\041525PA_experimental_part05.mp4,1900-01-01 19:49:02.500,986
82231,686,59,18.5,111.0,179.0,246.17241379310343,D:\AprPanama2025_fixed\041525_experimental\041525PA_experimental_part05.mp4,1900-01-01 19:49:03.100,986
82232,686,59,13.0,123.0,179.0,246.3636363636364,D:\AprPanama2025_fixed\041525_experimental\041525PA_experimental_part05.mp4,1900-01-01 19:49:03.200,986
82234,685,59,8.0,121.0,176.0,248.9375,D:\AprPanama2025_fixed\041525_experimental\041525PA_experimental_part05.mp4,1900-01-01 19:49:03.400,985
82229,686,59,19.0,120.0,179.0,247.6206896551724,D:\AprPanama2025_fixed\041525_experimental\041525PA_experimental_part05.mp4,1900-01-01 19:49:02.900,986
82236,685,57,1.5,139.0,175.0,251.8,D:\AprPanama2025_fixed\041525_experimental\041525PA_experimental_part05.mp4,1900-01-01 19:49:03.600,985
82233,685,59,12.5,111.0,174.0,241.66666666666663,D:\AprPanama2025_fixed\041525_experimental\041525PA_experimental_part05.mp4,1900-01-01 19:49:03.300,985
82235,685,59,6.5,130.0,177.0,237.92857142857144,D:\AprPanama2025_fixed\041525_experimental\041525PA_experimental_part05.mp4,1900-01-01 19:49:03.500,985
82230,686,59,19.0,113.0,179.0,248.3448275862069,D:\AprPanama2025_fixed\041525_experimental\041525PA_experimental_part05.mp4,1900-01-01 19:49:03.000,986
82244,539,95,5.5,114.0,161.0,180.8181818181818,D:\AprPanama2025_fixed\041525_experimental\041525PA_experimental_part05.mp4,1900-01-01 19:49:04.400,839
82242,539,96,3.5,115.0,162.0,186.0,D:\AprPanama2025_fixed\041525_experimental\041525PA_experimental_part05.mp4,1900-01-01 19:49:04.200,839
82241,539,95,4.5,120.0,175.0,194.4,D:\AprPanama2025_fixed\041525_experimental\041525PA_experimental_part05.mp4,1900-01-01 19:49:04.100,839
82243,539,95,5.0,111.0,170.0,200.1,D:\AprPanama2025_fixed\041525_experimental\041525PA_experimental_part05.mp4,1900-01-01 19:49:04.300,839
82247,652,71,5.0,124.0,213.0,235.0,D:\AprPanama2025_fixed\041525_experimental\041525PA_experimental_part05.mp4,1900-01-01 19:49:04.700,952
82247,713,74,6.5,129.0,179.0,244.0,D:\AprPanama2025_fixed\041525_experimental\041525PA_experimental_part05.mp4,1900-01-01 19:49:04.700,1013
82247,539,96,2.5,116.0,159.0,164.66666666666666,D:\AprPanama2025_fixed\041525_experimental\041525PA_experimental_part05.mp4,1900-01-01 19:49:04.700,839
82246,652,71,5.5,117.0,179.0,248.7,D:\AprPanama2025_fixed\041525_experimental\041525PA_experimental_part05.mp4,1900-01-01 19:49:04.600,952
82246,712,74,3.5,117.0,169.0,225.375,D:\AprPanama2025_fixed\041525_experimental\041525PA_experimental_part05.mp4,1900-01-01 19:49:04.600,1012
82246,539,96,3.5,120.0,165.0,148.75,D:\AprPanama2025_fixed\041525_experimental\041525PA_experimental_part05.mp4,1900-01-01 19:49:04.600,839
82251,651,71,7.0,126.0,177.0,246.0769230769231,D:\AprPanama2025_fixed\041525_experimental\041525PA_experimental_part05.mp4,1900-01-01 19:49:05.100,951
82251,714,75,16.0,126.0,178.0,247.91666666666663,D:\AprPanama2025_fixed\041525_experimental\041525PA_experimental_part05.mp4,1900-01-01 19:49:05.100,1014
82249,652,71,5.0,130.0,175.0,248.7,D:\AprPanama2025_fixed\041525_experimental\041525PA_experimental_part05.mp4,1900-01-01 19:49:04.900,952
82249,714,74,14.0,115.0,178.0,244.22727272727275,D:\AprPanama2025_fixed\041525_experimental\041525PA_experimental_part05.mp4,1900-01-01 19:49:04.900,1014
82248,652,71,7.5,115.0,176.0,246.7692307692308,D:\AprPanama2025_fixed\041525_experimental\041525PA_experimental_part05.mp4,1900-01-01 19:49:04.800,952
82248,714,74,13.0,121.0,179.0,245.7142857142857,D:\AprPanama2025_fixed\041525_experimental\041525PA_experimental_part05.mp4,1900-01-01 19:49:04.800,1014
82250,651,71,7.0,126.0,177.0,248.23076923076923,D:\AprPanama2025_fixed\041525_experimental\041525PA_experimental_part05.mp4,1900-01-01 19:49:05.000,951
82250,714,74,12.5,131.0,179.0,244.5,D:\AprPanama2025_fixed\041525_experimental\041525PA_experimental_part05.mp4,1900-01-01 19:49:05.000,1014
82252,651,70,7.0,111.0,185.0,246.92307692307693,D:\AprPanama2025_fixed\041525_experimental\041525PA_experimental_part05.mp4,1900-01-01 19:49:05.200,951
82252,714,75,15.5,127.0,179.0,244.8260869565217,D:\AprPanama2025_fixed\041525_experimental\041525PA_experimental_part05.mp4,1900-01-01 19:49:05.200,1014
82245,539,96,4.0,114.0,161.0,147.77777777777777,D:\AprPanama2025_fixed\041525_experimental\041525PA_experimental_part05.mp4,1900-01-01 19:49:04.500,839
82256,650,70,4.5,112.0,173.0,202.5,D:\AprPanama2025_fixed\041525_experimental\041525PA_experimental_part05.mp4,1900-01-01 19:49:05.600,950
82256,714,75,10.0,112.0,177.0,229.94117647058823,D:\AprPanama2025_fixed\041525_experimental\041525PA_experimental_part05.mp4,1900-01-01 19:49:05.600,1014
82255,650,70,4.0,112.0,182.0,237.3333333333333,D:\AprPanama2025_fixed\041525_experimental\041525PA_experimental_part05.mp4,1900-01-01 19:49:05.500,950
82255,714,75,11.0,112.0,177.0,246.0,D:\AprPanama2025_fixed\041525_experimental\041525PA_experimental_part05.mp4,1900-01-01 19:49:05.500,1014
82254,651,70,6.5,114.0,172.0,241.25,D:\AprPanama2025_fixed\041525_experimental\041525PA_experimental_part05.mp4,1900-01-01 19:49:05.400,951
82254,714,75,14.5,112.0,178.0,247.8181818181818,D:\AprPanama2025_fixed\041525_experimental\041525PA_experimental_part05.mp4,1900-01-01 19:49:05.400,1014
82258,650,69,3.0,133.0,172.0,195.57142857142856,D:\AprPanama2025_fixed\041525_experimental\041525PA_experimental_part05.mp4,1900-01-01 19:49:05.800,950
82258,713,75,5.5,117.0,178.0,208.3333333333333,D:\AprPanama2025_fixed\041525_experimental\041525PA_experimental_part05.mp4,1900-01-01 19:49:05.800,1013
82257,650,69,5.5,111.0,176.0,211.1818181818182,D:\AprPanama2025_fixed\041525_experimental\041525PA_experimental_part05.mp4,1900-01-01 19:49:05.700,950
82257,714,75,9.5,114.0,178.0,231.0,D:\AprPanama2025_fixed\041525_experimental\041525PA_experimental_part05.mp4,1900-01-01 19:49:05.700,1014
82259,713,75,4.5,127.0,177.0,181.8,D:\AprPanama2025_fixed\041525_experimental\041525PA_experimental_part05.mp4,1900-01-01 19:49:05.900,1013
82260,649,68,5.0,113.0,179.0,246.4,D:\AprPanama2025_fixed\041525_experimental\041525PA_experimental_part05.mp4,1900-01-01 19:49:06.000,949
82260,713,76,4.0,114.0,176.0,197.2222222222222,D:\AprPanama2025_fixed\041525_experimental\041525PA_experimental_part05.mp4,1900-01-01 19:49:06.000,1013
82253,651,70,6.5,117.0,178.0,248.25,D:\AprPanama2025_fixed\041525_experimental\041525PA_experimental_part05.mp4,1900-01-01 19:49:05.300,951
82253,714,75,15.5,114.0,178.0,245.3043478260869,D:\AprPanama2025_fixed\041525_experimental\041525PA_experimental_part05.mp4,1900-01-01 19:49:05.300,1014
82264,705,24,12.0,115.0,179.0,247.1,D:\AprPanama2025_fixed\041525_experimental\041525PA_experimental_part05.mp4,1900-01-01 19:49:06.400,1005
82267,705,23,14.0,111.0,179.0,251.13636363636363,D:\AprPanama2025_fixed\041525_experimental\041525PA_experimental_part05.mp4,1900-01-01 19:49:06.700,1005
82267,647,67,1.5,111.0,166.0,68.60000000000001,D:\AprPanama2025_fixed\041525_experimental\041525PA_experimental_part05.mp4,1900-01-01 19:49:06.700,947
82266,705,23,15.0,117.0,179.0,250.79166666666663,D:\AprPanama2025_fixed\041525_experimental\041525PA_experimental_part05.mp4,1900-01-01 19:49:06.600,1005
82266,647,67,1.5,111.0,166.0,68.60000000000001,D:\AprPanama2025_fixed\041525_experimental\041525PA_experimental_part05.mp4,1900-01-01 19:49:06.600,947
82265,705,23,15.0,118.0,178.0,245.3333333333333,D:\AprPanama2025_fixed\041525_experimental\041525PA_experimental_part05.mp4,1900-01-01 19:49:06.500,1005
82262,714,75,2.5,115.0,169.0,131.28571428571428,D:\AprPanama2025_fixed\041525_experimental\041525PA_experimental_part05.mp4,1900-01-01 19:49:06.200,1014
82268,705,23,12.5,112.0,179.0,251.65,D:\AprPanama2025_fixed\041525_experimental\041525PA_experimental_part05.mp4,1900-01-01 19:49:06.800,1005
82261,713,75,2.5,122.0,173.0,179.0,D:\AprPanama2025_fixed\041525_experimental\041525PA_experimental_part05.mp4,1900-01-01 19:49:06.100,1013
82271,706,23,5.0,131.0,179.0,249.54545454545456,D:\AprPanama2025_fixed\041525_experimental\041525PA_experimental_part05.mp4,1900-01-01 19:49:07.100,1006
82270,706,23,7.0,114.0,179.0,250.92307692307693,D:\AprPanama2025_fixed\041525_experimental\041525PA_experimental_part05.mp4,1900-01-01 19:49:07.000,1006
82272,706,23,5.0,117.0,179.0,238.3636363636364,D:\AprPanama2025_fixed\041525_experimental\041525PA_experimental_part05.mp4,1900-01-01 19:49:07.200,1006
82273,706,23,3.5,125.0,177.0,222.44444444444443,D:\AprPanama2025_fixed\041525_experimental\041525PA_experimental_part05.mp4,1900-01-01 19:49:07.300,1006
82269,705,23,9.5,114.0,178.0,249.1764705882353,D:\AprPanama2025_fixed\041525_experimental\041525PA_experimental_part05.mp4,1900-01-01 19:49:06.900,1005
83570,330,62,2.0,129.0,175.0,231.8333333333333,D:\AprPanama2025_fixed\041525_experimental\041525PA_experimental_part05.mp4,1900-01-01 19:51:17.000,630
83575,330,63,3.0,120.0,165.0,124.125,D:\AprPanama2025_fixed\041525_experimental\041525PA_experimental_part05.mp4,1900-01-01 19:51:17.500,630
83577,330,63,2.5,115.0,164.0,89.28571428571428,D:\AprPanama2025_fixed\041525_experimental\041525PA_experimental_part05.mp4,1900-01-01 19:51:17.700,630
83576,330,63,3.0,111.0,165.0,97.625,D:\AprPanama2025_fixed\041525_experimental\041525PA_experimental_part05.mp4,1900-01-01 19:51:17.600,630
83588,106,284,3.0,121.0,174.0,235.7142857142857,D:\AprPanama2025_fixed\041525_experimental\041525PA_experimental_part05.mp4,1900-01-01 19:51:18.800,406
83587,106,284,1.5,166.0,175.0,248.2,D:\AprPanama2025_fixed\041525_experimental\041525PA_experimental_part05.mp4,1900-01-01 19:51:18.700,406
83591,106,282,1.5,140.0,169.0,251.4,D:\AprPanama2025_fixed\041525_experimental\041525PA_experimental_part05.mp4,1900-01-01 19:51:19.100,406
83592,106,282,2.5,131.0,173.0,231.66666666666663,D:\AprPanama2025_fixed\041525_experimental\041525PA_experimental_part05.mp4,1900-01-01 19:51:19.200,406
83593,106,282,1.5,129.0,162.0,184.6,D:\AprPanama2025_fixed\041525_experimental\041525PA_experimental_part05.mp4,1900-01-01 19:51:19.300,406
83589,106,284,3.5,124.0,162.0,178.875,D:\AprPanama2025_fixed\041525_experimental\041525PA_experimental_part05.mp4,1900-01-01 19:51:18.900,406
83600,377,36,2.5,121.0,178.0,224.85714285714283,D:\AprPanama2025_fixed\041525_experimental\041525PA_experimental_part05.mp4,1900-01-01 19:51:20.000,677
83598,105,280,2.0,111.0,150.0,51.5,D:\AprPanama2025_fixed\041525_experimental\041525PA_experimental_part05.mp4,1900-01-01 19:51:19.800,405
83601,377,36,2.5,125.0,176.0,236.42857142857144,D:\AprPanama2025_fixed\041525_experimental\041525PA_experimental_part05.mp4,1900-01-01 19:51:20.100,677
83602,377,36,3.0,128.0,176.0,246.25,D:\AprPanama2025_fixed\041525_experimental\041525PA_experimental_part05.mp4,1900-01-01 19:51:20.200,677
83602,109,244,2.0,131.0,150.0,50.5,D:\AprPanama2025_fixed\041525_experimental\041525PA_experimental_part05.mp4,1900-01-01 19:51:20.200,409
83604,377,36,4.0,112.0,179.0,241.8,D:\AprPanama2025_fixed\041525_experimental\041525PA_experimental_part05.mp4,1900-01-01 19:51:20.400,677
83603,377,36,3.5,134.0,179.0,246.88888888888889,D:\AprPanama2025_fixed\041525_experimental\041525PA_experimental_part05.mp4,1900-01-01 19:51:20.300,677
83610,376,36,4.0,117.0,171.0,236.9,D:\AprPanama2025_fixed\041525_experimental\041525PA_experimental_part05.mp4,1900-01-01 19:51:21.000,676
83606,377,36,4.0,111.0,179.0,246.0,D:\AprPanama2025_fixed\041525_experimental\041525PA_experimental_part05.mp4,1900-01-01 19:51:20.600,677
83607,376,36,4.5,117.0,175.0,240.72727272727275,D:\AprPanama2025_fixed\041525_experimental\041525PA_experimental_part05.mp4,1900-01-01 19:51:20.700,676
83609,376,36,4.0,117.0,171.0,236.9,D:\AprPanama2025_fixed\041525_experimental\041525PA_experimental_part05.mp4,1900-01-01 19:51:20.900,676
83608,376,36,4.0,117.0,171.0,236.9,D:\AprPanama2025_fixed\041525_experimental\041525PA_experimental_part05.mp4,1900-01-01 19:51:20.800,676
83612,376,36,3.5,115.0,168.0,186.11111111111111,D:\AprPanama2025_fixed\041525_experimental\041525PA_experimental_part05.mp4,1900-01-01 19:51:21.200,676
83611,376,36,4.0,117.0,171.0,236.9,D:\AprPanama2025_fixed\041525_experimental\041525PA_experimental_part05.mp4,1900-01-01 19:51:21.100,676
83605,377,36,3.5,128.0,179.0,247.77777777777777,D:\AprPanama2025_fixed\041525_experimental\041525PA_experimental_part05.mp4,1900-01-01 19:51:20.500,677
83615,375,36,1.5,117.0,150.0,171.33333333333331,D:\AprPanama2025_fixed\041525_experimental\041525PA_experimental_part05.mp4,1900-01-01 19:51:21.500,675
83617,377,36,2.0,126.0,177.0,210.5,D:\AprPanama2025_fixed\041525_experimental\041525PA_experimental_part05.mp4,1900-01-01 19:51:21.700,677
83619,373,23,1.5,117.0,169.0,168.0,D:\AprPanama2025_fixed\041525_experimental\041525PA_experimental_part05.mp4,1900-01-01 19:51:21.900,673
83619,376,36,1.5,126.0,157.0,225.2,D:\AprPanama2025_fixed\041525_experimental\041525PA_experimental_part05.mp4,1900-01-01 19:51:21.900,676
83620,373,23,1.5,117.0,168.0,165.20000000000002,D:\AprPanama2025_fixed\041525_experimental\041525PA_experimental_part05.mp4,1900-01-01 19:51:22.000,673
83616,377,36,2.0,126.0,177.0,210.5,D:\AprPanama2025_fixed\041525_experimental\041525PA_experimental_part05.mp4,1900-01-01 19:51:21.600,677
83618,373,23,1.5,131.0,177.0,225.2,D:\AprPanama2025_fixed\041525_experimental\041525PA_experimental_part05.mp4,1900-01-01 19:51:21.800,673
83613,376,36,3.5,115.0,168.0,186.11111111111111,D:\AprPanama2025_fixed\041525_experimental\041525PA_experimental_part05.mp4,1900-01-01 19:51:21.300,676
83623,373,23,1.5,127.0,179.0,229.4,D:\AprPanama2025_fixed\041525_experimental\041525PA_experimental_part05.mp4,1900-01-01 19:51:22.300,673
83622,373,22,2.0,115.0,173.0,227.66666666666663,D:\AprPanama2025_fixed\041525_experimental\041525PA_experimental_part05.mp4,1900-01-01 19:51:22.200,673
83621,373,23,1.5,139.0,167.0,221.0,D:\AprPanama2025_fixed\041525_experimental\041525PA_experimental_part05.mp4,1900-01-01 19:51:22.100,673
84227,619,87,4.5,118.0,166.0,237.8,D:\AprPanama2025_fixed\041525_experimental\041525PA_experimental_part05.mp4,1900-01-01 19:52:22.700,919
84228,619,88,13.0,131.0,179.0,250.09523809523807,D:\AprPanama2025_fixed\041525_experimental\041525PA_experimental_part05.mp4,1900-01-01 19:52:22.800,919
84235,619,88,12.5,120.0,179.0,250.0,D:\AprPanama2025_fixed\041525_experimental\041525PA_experimental_part05.mp4,1900-01-01 19:52:23.500,919
84232,619,88,15.5,118.0,179.0,245.3333333333333,D:\AprPanama2025_fixed\041525_experimental\041525PA_experimental_part05.mp4,1900-01-01 19:52:23.200,919
84231,619,88,16.5,112.0,179.0,243.04,D:\AprPanama2025_fixed\041525_experimental\041525PA_experimental_part05.mp4,1900-01-01 19:52:23.100,919
84230,619,88,16.5,112.0,179.0,243.04,D:\AprPanama2025_fixed\041525_experimental\041525PA_experimental_part05.mp4,1900-01-01 19:52:23.000,919
84229,619,88,16.5,112.0,179.0,243.8,D:\AprPanama2025_fixed\041525_experimental\041525PA_experimental_part05.mp4,1900-01-01 19:52:22.900,919
84234,619,88,14.5,111.0,179.0,242.26086956521735,D:\AprPanama2025_fixed\041525_experimental\041525PA_experimental_part05.mp4,1900-01-01 19:52:23.400,919
84236,619,88,11.5,111.0,179.0,250.94736842105263,D:\AprPanama2025_fixed\041525_experimental\041525PA_experimental_part05.mp4,1900-01-01 19:52:23.600,919
84233,619,88,14.0,115.0,179.0,246.9090909090909,D:\AprPanama2025_fixed\041525_experimental\041525PA_experimental_part05.mp4,1900-01-01 19:52:23.300,919
84238,619,88,8.0,113.0,178.0,241.66666666666663,D:\AprPanama2025_fixed\041525_experimental\041525PA_experimental_part05.mp4,1900-01-01 19:52:23.800,919
84239,620,87,4.0,120.0,179.0,237.66666666666663,D:\AprPanama2025_fixed\041525_experimental\041525PA_experimental_part05.mp4,1900-01-01 19:52:23.900,920
84240,620,87,4.0,120.0,178.0,236.44444444444443,D:\AprPanama2025_fixed\041525_experimental\041525PA_experimental_part05.mp4,1900-01-01 19:52:24.000,920
84241,620,87,2.0,125.0,176.0,246.7142857142857,D:\AprPanama2025_fixed\041525_experimental\041525PA_experimental_part05.mp4,1900-01-01 19:52:24.100,920
84237,619,88,11.5,111.0,179.0,250.94736842105263,D:\AprPanama2025_fixed\041525_experimental\041525PA_experimental_part05.mp4,1900-01-01 19:52:23.700,919
84264,618,58,3.5,117.0,172.0,194.375,D:\AprPanama2025_fixed\041525_experimental\041525PA_experimental_part05.mp4,1900-01-01 19:52:26.400,918
84262,618,58,2.5,111.0,161.0,221.28571428571428,D:\AprPanama2025_fixed\041525_experimental\041525PA_experimental_part05.mp4,1900-01-01 19:52:26.200,918
84266,617,57,3.5,135.0,174.0,142.125,D:\AprPanama2025_fixed\041525_experimental\041525PA_experimental_part05.mp4,1900-01-01 19:52:26.600,917
84265,617,57,3.5,111.0,160.0,190.375,D:\AprPanama2025_fixed\041525_experimental\041525PA_experimental_part05.mp4,1900-01-01 19:52:26.500,917
84263,618,58,2.5,111.0,161.0,221.28571428571428,D:\AprPanama2025_fixed\041525_experimental\041525PA_experimental_part05.mp4,1900-01-01 19:52:26.300,918
85403,990,81,7.5,111.0,179.0,249.28571428571428,D:\AprPanama2025_fixed\041525_experimental\041525PA_experimental_part05.mp4,1900-01-01 19:54:20.300,1290
85402,990,82,6.0,113.0,167.0,243.3333333333333,D:\AprPanama2025_fixed\041525_experimental\041525PA_experimental_part05.mp4,1900-01-01 19:54:20.200,1290
85404,991,83,6.5,127.0,175.0,245.16666666666663,D:\AprPanama2025_fixed\041525_experimental\041525PA_experimental_part05.mp4,1900-01-01 19:54:20.400,1291
85406,990,84,3.5,131.0,179.0,231.75,D:\AprPanama2025_fixed\041525_experimental\041525PA_experimental_part05.mp4,1900-01-01 19:54:20.600,1290
85409,990,85,2.0,116.0,148.0,248.16666666666663,D:\AprPanama2025_fixed\041525_experimental\041525PA_experimental_part05.mp4,1900-01-01 19:54:20.900,1290
85407,990,85,3.0,123.0,168.0,251.375,D:\AprPanama2025_fixed\041525_experimental\041525PA_experimental_part05.mp4,1900-01-01 19:54:20.700,1290
85405,990,83,10.0,112.0,175.0,246.625,D:\AprPanama2025_fixed\041525_experimental\041525PA_experimental_part05.mp4,1900-01-01 19:54:20.500,1290
85426,1187,120,2.5,117.0,173.0,254.42857142857144,D:\AprPanama2025_fixed\041525_experimental\041525PA_experimental_part05.mp4,1900-01-01 19:54:22.600,1487
85428,1185,120,3.0,120.0,157.0,245.125,D:\AprPanama2025_fixed\041525_experimental\041525PA_experimental_part05.mp4,1900-01-01 19:54:22.800,1485
85422,1188,120,1.5,119.0,165.0,254.16666666666663,D:\AprPanama2025_fixed\041525_experimental\041525PA_experimental_part05.mp4,1900-01-01 19:54:22.200,1488
85425,1187,120,4.0,125.0,176.0,250.8,D:\AprPanama2025_fixed\041525_experimental\041525PA_experimental_part05.mp4,1900-01-01 19:54:22.500,1487
85423,1186,120,5.5,122.0,177.0,250.72727272727275,D:\AprPanama2025_fixed\041525_experimental\041525PA_experimental_part05.mp4,1900-01-01 19:54:22.300,1486
85427,1186,120,1.5,121.0,169.0,254.6,D:\AprPanama2025_fixed\041525_experimental\041525PA_experimental_part05.mp4,1900-01-01 19:54:22.700,1486
85424,1187,120,5.5,117.0,178.0,253.27272727272728,D:\AprPanama2025_fixed\041525_experimental\041525PA_experimental_part05.mp4,1900-01-01 19:54:22.400,1487
86089,553,60,7.0,111.0,179.0,244.0769230769231,D:\AprPanama2025_fixed\041525_experimental\041525PA_experimental_part05.mp4,1900-01-01 19:55:28.900,853
86091,554,57,4.0,118.0,178.0,243.88888888888889,D:\AprPanama2025_fixed\041525_experimental\041525PA_experimental_part05.mp4,1900-01-01 19:55:29.100,854
86085,550,63,3.0,136.0,173.0,164.0,D:\AprPanama2025_fixed\041525_experimental\041525PA_experimental_part05.mp4,1900-01-01 19:55:28.500,850
86090,553,59,8.0,119.0,177.0,240.85714285714283,D:\AprPanama2025_fixed\041525_experimental\041525PA_experimental_part05.mp4,1900-01-01 19:55:29.000,853
86092,554,57,5.0,113.0,173.0,245.1,D:\AprPanama2025_fixed\041525_experimental\041525PA_experimental_part05.mp4,1900-01-01 19:55:29.200,854
86086,551,63,5.5,119.0,175.0,229.0909090909091,D:\AprPanama2025_fixed\041525_experimental\041525PA_experimental_part05.mp4,1900-01-01 19:55:28.600,851
86088,552,61,6.0,111.0,178.0,251.3636363636364,D:\AprPanama2025_fixed\041525_experimental\041525PA_experimental_part05.mp4,1900-01-01 19:55:28.800,852
86087,552,61,7.0,118.0,177.0,246.53846153846155,D:\AprPanama2025_fixed\041525_experimental\041525PA_experimental_part05.mp4,1900-01-01 19:55:28.700,852
86094,555,56,2.5,125.0,164.0,221.42857142857144,D:\AprPanama2025_fixed\041525_experimental\041525PA_experimental_part05.mp4,1900-01-01 19:55:29.400,855
86097,556,53,1.5,136.0,153.0,143.4,D:\AprPanama2025_fixed\041525_experimental\041525PA_experimental_part05.mp4,1900-01-01 19:55:29.700,856
86097,667,80,11.5,111.0,179.0,239.7894736842105,D:\AprPanama2025_fixed\041525_experimental\041525PA_experimental_part05.mp4,1900-01-01 19:55:29.700,967
86100,667,81,11.5,125.0,179.0,246.21052631578945,D:\AprPanama2025_fixed\041525_experimental\041525PA_experimental_part05.mp4,1900-01-01 19:55:30.000,967
86100,764,100,8.5,112.0,179.0,243.8125,D:\AprPanama2025_fixed\041525_experimental\041525PA_experimental_part05.mp4,1900-01-01 19:55:30.000,1064
86098,667,80,11.5,111.0,178.0,241.94736842105263,D:\AprPanama2025_fixed\041525_experimental\041525PA_experimental_part05.mp4,1900-01-01 19:55:29.800,967
86093,555,57,3.5,106.0,148.0,237.875,D:\AprPanama2025_fixed\041525_experimental\041525PA_experimental_part05.mp4,1900-01-01 19:55:29.300,855
86093,555,56,2.0,106.0,142.0,241.6,D:\AprPanama2025_fixed\041525_experimental\041525PA_experimental_part05.mp4,1900-01-01 19:55:29.300,855
86096,556,54,2.0,123.0,163.0,206.3333333333333,D:\AprPanama2025_fixed\041525_experimental\041525PA_experimental_part05.mp4,1900-01-01 19:55:29.600,856
86096,667,79,4.5,111.0,177.0,237.77777777777777,D:\AprPanama2025_fixed\041525_experimental\041525PA_experimental_part05.mp4,1900-01-01 19:55:29.600,967
86099,667,81,11.5,115.0,179.0,243.52631578947367,D:\AprPanama2025_fixed\041525_experimental\041525PA_experimental_part05.mp4,1900-01-01 19:55:29.900,967
86099,763,100,5.5,134.0,179.0,240.9090909090909,D:\AprPanama2025_fixed\041525_experimental\041525PA_experimental_part05.mp4,1900-01-01 19:55:29.900,1063
86103,667,81,9.0,115.0,179.0,249.125,D:\AprPanama2025_fixed\041525_experimental\041525PA_experimental_part05.mp4,1900-01-01 19:55:30.300,967
86103,764,101,14.0,123.0,179.0,249.63636363636363,D:\AprPanama2025_fixed\041525_experimental\041525PA_experimental_part05.mp4,1900-01-01 19:55:30.300,1064
86104,666,81,8.0,113.0,178.0,248.46666666666667,D:\AprPanama2025_fixed\041525_experimental\041525PA_experimental_part05.mp4,1900-01-01 19:55:30.400,966
86104,764,101,14.5,114.0,179.0,247.6086956521739,D:\AprPanama2025_fixed\041525_experimental\041525PA_experimental_part05.mp4,1900-01-01 19:55:30.400,1064
86107,666,81,3.5,135.0,173.0,253.0,D:\AprPanama2025_fixed\041525_experimental\041525PA_experimental_part05.mp4,1900-01-01 19:55:30.700,966
86107,764,101,13.0,130.0,178.0,249.42857142857144,D:\AprPanama2025_fixed\041525_experimental\041525PA_experimental_part05.mp4,1900-01-01 19:55:30.700,1064
86101,667,81,13.0,113.0,179.0,243.7142857142857,D:\AprPanama2025_fixed\041525_experimental\041525PA_experimental_part05.mp4,1900-01-01 19:55:30.100,967
86101,764,101,13.0,125.0,179.0,249.14285714285717,D:\AprPanama2025_fixed\041525_experimental\041525PA_experimental_part05.mp4,1900-01-01 19:55:30.100,1064
86106,666,81,3.5,135.0,175.0,251.2222222222222,D:\AprPanama2025_fixed\041525_experimental\041525PA_experimental_part05.mp4,1900-01-01 19:55:30.600,966
86106,764,101,13.0,130.0,178.0,249.42857142857144,D:\AprPanama2025_fixed\041525_experimental\041525PA_experimental_part05.mp4,1900-01-01 19:55:30.600,1064
86102,667,81,12.5,114.0,179.0,242.95,D:\AprPanama2025_fixed\041525_experimental\041525PA_experimental_part05.mp4,1900-01-01 19:55:30.200,967
86102,764,101,13.0,125.0,179.0,249.14285714285717,D:\AprPanama2025_fixed\041525_experimental\041525PA_experimental_part05.mp4,1900-01-01 19:55:30.200,1064
86105,666,81,5.5,121.0,173.0,251.1818181818182,D:\AprPanama2025_fixed\041525_experimental\041525PA_experimental_part05.mp4,1900-01-01 19:55:30.500,966
86105,764,101,13.0,142.0,178.0,249.04761904761904,D:\AprPanama2025_fixed\041525_experimental\041525PA_experimental_part05.mp4,1900-01-01 19:55:30.500,1064
86108,764,101,12.0,112.0,179.0,250.95,D:\AprPanama2025_fixed\041525_experimental\041525PA_experimental_part05.mp4,1900-01-01 19:55:30.800,1064
86110,764,100,8.0,111.0,179.0,249.86666666666667,D:\AprPanama2025_fixed\041525_experimental\041525PA_experimental_part05.mp4,1900-01-01 19:55:31.000,1064
86114,764,100,9.5,116.0,179.0,240.52941176470588,D:\AprPanama2025_fixed\041525_experimental\041525PA_experimental_part05.mp4,1900-01-01 19:55:31.400,1064
86116,764,100,7.0,117.0,177.0,248.92857142857144,D:\AprPanama2025_fixed\041525_experimental\041525PA_experimental_part05.mp4,1900-01-01 19:55:31.600,1064
86116,218,229,2.0,136.0,166.0,255.0,D:\AprPanama2025_fixed\041525_experimental\041525PA_experimental_part05.mp4,1900-01-01 19:55:31.600,518
86113,764,100,8.0,112.0,178.0,241.66666666666663,D:\AprPanama2025_fixed\041525_experimental\041525PA_experimental_part05.mp4,1900-01-01 19:55:31.300,1064
86111,764,100,8.0,136.0,179.0,250.33333333333331,D:\AprPanama2025_fixed\041525_experimental\041525PA_experimental_part05.mp4,1900-01-01 19:55:31.100,1064
86112,764,100,8.0,121.0,179.0,250.13333333333333,D:\AprPanama2025_fixed\041525_experimental\041525PA_experimental_part05.mp4,1900-01-01 19:55:31.200,1064
86115,764,100,7.0,117.0,178.0,244.28571428571428,D:\AprPanama2025_fixed\041525_experimental\041525PA_experimental_part05.mp4,1900-01-01 19:55:31.500,1064
86115,218,228,2.0,137.0,166.0,246.0,D:\AprPanama2025_fixed\041525_experimental\041525PA_experimental_part05.mp4,1900-01-01 19:55:31.500,518
86109,764,100,8.0,132.0,179.0,249.86666666666667,D:\AprPanama2025_fixed\041525_experimental\041525PA_experimental_part05.mp4,1900-01-01 19:55:30.900,1064
86118,763,100,6.0,117.0,179.0,249.25,D:\AprPanama2025_fixed\041525_experimental\041525PA_experimental_part05.mp4,1900-01-01 19:55:31.800,1063
86118,219,229,4.0,131.0,173.0,204.0,D:\AprPanama2025_fixed\041525_experimental\041525PA_experimental_part05.mp4,1900-01-01 19:55:31.800,519
86117,763,100,6.0,117.0,179.0,249.25,D:\AprPanama2025_fixed\041525_experimental\041525PA_experimental_part05.mp4,1900-01-01 19:55:31.700,1063
86117,219,229,3.5,113.0,165.0,188.625,D:\AprPanama2025_fixed\041525_experimental\041525PA_experimental_part05.mp4,1900-01-01 19:55:31.700,519
86119,675,39,8.0,119.0,170.0,213.85714285714283,D:\AprPanama2025_fixed\041525_experimental\041525PA_experimental_part05.mp4,1900-01-01 19:55:31.900,975
86119,763,100,5.5,123.0,176.0,250.0,D:\AprPanama2025_fixed\041525_experimental\041525PA_experimental_part05.mp4,1900-01-01 19:55:31.900,1063
86121,675,39,8.0,133.0,172.0,220.0,D:\AprPanama2025_fixed\041525_experimental\041525PA_experimental_part05.mp4,1900-01-01 19:55:32.100,975
86121,764,99,3.0,126.0,162.0,246.25,D:\AprPanama2025_fixed\041525_experimental\041525PA_experimental_part05.mp4,1900-01-01 19:55:32.100,1064
86123,674,40,1.5,123.0,157.0,210.4,D:\AprPanama2025_fixed\041525_experimental\041525PA_experimental_part05.mp4,1900-01-01 19:55:32.300,974
86120,675,39,8.0,118.0,170.0,217.78571428571428,D:\AprPanama2025_fixed\041525_experimental\041525PA_experimental_part05.mp4,1900-01-01 19:55:32.000,975
86120,763,100,5.5,123.0,176.0,250.0,D:\AprPanama2025_fixed\041525_experimental\041525PA_experimental_part05.mp4,1900-01-01 19:55:32.000,1063
86124,764,99,1.5,115.0,171.0,255.0,D:\AprPanama2025_fixed\041525_experimental\041525PA_experimental_part05.mp4,1900-01-01 19:55:32.400,1064
86122,675,39,4.5,111.0,165.0,246.7,D:\AprPanama2025_fixed\041525_experimental\041525PA_experimental_part05.mp4,1900-01-01 19:55:32.200,975
86122,764,99,1.5,144.0,160.0,255.0,D:\AprPanama2025_fixed\041525_experimental\041525PA_experimental_part05.mp4,1900-01-01 19:55:32.200,1064
86127,220,233,3.0,112.0,153.0,91.42857142857142,D:\AprPanama2025_fixed\041525_experimental\041525PA_experimental_part05.mp4,1900-01-01 19:55:32.700,520
86128,220,233,3.0,112.0,153.0,91.42857142857142,D:\AprPanama2025_fixed\041525_experimental\041525PA_experimental_part05.mp4,1900-01-01 19:55:32.800,520
86125,764,99,1.5,116.0,172.0,253.8,D:\AprPanama2025_fixed\041525_experimental\041525PA_experimental_part05.mp4,1900-01-01 19:55:32.500,1064
86125,220,232,2.0,115.0,169.0,249.66666666666663,D:\AprPanama2025_fixed\041525_experimental\041525PA_experimental_part05.mp4,1900-01-01 19:55:32.500,520
89827,438,158,5.5,114.0,175.0,254.45454545454547,D:\AprPanama2025_fixed\041525_experimental\041525PA_experimental_part05.mp4,1900-01-01 20:01:42.700,738
89828,413,157,1.5,124.0,139.0,239.6,D:\AprPanama2025_fixed\041525_experimental\041525PA_experimental_part05.mp4,1900-01-01 20:01:42.800,713
89828,438,157,10.5,113.0,178.0,244.05555555555557,D:\AprPanama2025_fixed\041525_experimental\041525PA_experimental_part05.mp4,1900-01-01 20:01:42.800,738
89832,413,156,7.0,114.0,176.0,238.30769230769232,D:\AprPanama2025_fixed\041525_experimental\041525PA_experimental_part05.mp4,1900-01-01 20:01:43.200,713
89832,438,157,14.5,119.0,178.0,246.5217391304348,D:\AprPanama2025_fixed\041525_experimental\041525PA_experimental_part05.mp4,1900-01-01 20:01:43.200,738
89831,438,157,18.0,121.0,179.0,248.0,D:\AprPanama2025_fixed\041525_experimental\041525PA_experimental_part05.mp4,1900-01-01 20:01:43.100,738
89831,413,157,6.5,132.0,179.0,246.53846153846155,D:\AprPanama2025_fixed\041525_experimental\041525PA_experimental_part05.mp4,1900-01-01 20:01:43.100,713
89834,725,59,10.5,114.0,179.0,241.94444444444443,D:\AprPanama2025_fixed\041525_experimental\041525PA_experimental_part05.mp4,1900-01-01 20:01:43.400,1025
89834,412,156,6.5,112.0,176.0,247.30769230769232,D:\AprPanama2025_fixed\041525_experimental\041525PA_experimental_part05.mp4,1900-01-01 20:01:43.400,712
89834,438,156,15.0,120.0,179.0,249.56521739130437,D:\AprPanama2025_fixed\041525_experimental\041525PA_experimental_part05.mp4,1900-01-01 20:01:43.400,738
89835,726,59,19.0,111.0,179.0,249.10714285714283,D:\AprPanama2025_fixed\041525_experimental\041525PA_experimental_part05.mp4,1900-01-01 20:01:43.500,1026
89835,412,156,5.5,115.0,179.0,244.8333333333333,D:\AprPanama2025_fixed\041525_experimental\041525PA_experimental_part05.mp4,1900-01-01 20:01:43.500,712
89835,438,156,13.5,113.0,178.0,250.27272727272728,D:\AprPanama2025_fixed\041525_experimental\041525PA_experimental_part05.mp4,1900-01-01 20:01:43.500,738
89830,412,157,5.0,112.0,179.0,246.3636363636364,D:\AprPanama2025_fixed\041525_experimental\041525PA_experimental_part05.mp4,1900-01-01 20:01:43.000,712
89830,437,157,17.0,119.0,179.0,248.14814814814807,D:\AprPanama2025_fixed\041525_experimental\041525PA_experimental_part05.mp4,1900-01-01 20:01:43.000,737
89833,724,58,3.5,114.0,178.0,243.25,D:\AprPanama2025_fixed\041525_experimental\041525PA_experimental_part05.mp4,1900-01-01 20:01:43.300,1024
89833,413,156,7.0,118.0,176.0,242.7692307692308,D:\AprPanama2025_fixed\041525_experimental\041525PA_experimental_part05.mp4,1900-01-01 20:01:43.300,713
89833,438,156,13.5,113.0,179.0,250.85714285714283,D:\AprPanama2025_fixed\041525_experimental\041525PA_experimental_part05.mp4,1900-01-01 20:01:43.300,738
89836,726,59,24.0,113.0,179.0,243.5142857142857,D:\AprPanama2025_fixed\041525_experimental\041525PA_experimental_part05.mp4,1900-01-01 20:01:43.600,1026
89836,412,156,6.5,115.0,179.0,243.23076923076923,D:\AprPanama2025_fixed\041525_experimental\041525PA_experimental_part05.mp4,1900-01-01 20:01:43.600,712
89836,438,156,12.5,113.0,176.0,249.35,D:\AprPanama2025_fixed\041525_experimental\041525PA_experimental_part05.mp4,1900-01-01 20:01:43.600,738
89829,437,157,15.5,111.0,178.0,248.08,D:\AprPanama2025_fixed\041525_experimental\041525PA_experimental_part05.mp4,1900-01-01 20:01:42.900,737
89829,412,157,6.0,124.0,177.0,254.0,D:\AprPanama2025_fixed\041525_experimental\041525PA_experimental_part05.mp4,1900-01-01 20:01:42.900,712
89838,727,60,19.5,114.0,179.0,247.85714285714283,D:\AprPanama2025_fixed\041525_experimental\041525PA_experimental_part05.mp4,1900-01-01 20:01:43.800,1027
89838,438,156,11.5,115.0,178.0,245.21052631578945,D:\AprPanama2025_fixed\041525_experimental\041525PA_experimental_part05.mp4,1900-01-01 20:01:43.800,738
89838,412,156,4.5,116.0,176.0,239.9090909090909,D:\AprPanama2025_fixed\041525_experimental\041525PA_experimental_part05.mp4,1900-01-01 20:01:43.800,712
89844,729,60,16.0,111.0,179.0,247.375,D:\AprPanama2025_fixed\041525_experimental\041525PA_experimental_part05.mp4,1900-01-01 20:01:44.400,1029
89844,705,68,9.5,122.0,179.0,246.64705882352945,D:\AprPanama2025_fixed\041525_experimental\041525PA_experimental_part05.mp4,1900-01-01 20:01:44.400,1005
89844,438,155,6.0,117.0,179.0,243.46153846153848,D:\AprPanama2025_fixed\041525_experimental\041525PA_experimental_part05.mp4,1900-01-01 20:01:44.400,738
89841,728,60,19.5,116.0,179.0,250.17241379310343,D:\AprPanama2025_fixed\041525_experimental\041525PA_experimental_part05.mp4,1900-01-01 20:01:44.100,1028
89841,438,155,5.0,126.0,179.0,252.1818181818182,D:\AprPanama2025_fixed\041525_experimental\041525PA_experimental_part05.mp4,1900-01-01 20:01:44.100,738
89841,412,155,2.5,134.0,178.0,229.5,D:\AprPanama2025_fixed\041525_experimental\041525PA_experimental_part05.mp4,1900-01-01 20:01:44.100,712
89842,729,60,18.5,115.0,179.0,251.48148148148147,D:\AprPanama2025_fixed\041525_experimental\041525PA_experimental_part05.mp4,1900-01-01 20:01:44.200,1029
89842,438,155,5.0,123.0,179.0,249.8181818181818,D:\AprPanama2025_fixed\041525_experimental\041525PA_experimental_part05.mp4,1900-01-01 20:01:44.200,738
89842,412,155,2.5,134.0,178.0,229.5,D:\AprPanama2025_fixed\041525_experimental\041525PA_experimental_part05.mp4,1900-01-01 20:01:44.200,712
89839,728,60,21.5,111.0,179.0,248.13333333333333,D:\AprPanama2025_fixed\041525_experimental\041525PA_experimental_part05.mp4,1900-01-01 20:01:43.900,1028
89839,412,155,6.0,112.0,178.0,231.5,D:\AprPanama2025_fixed\041525_experimental\041525PA_experimental_part05.mp4,1900-01-01 20:01:43.900,712
89839,438,156,7.0,129.0,175.0,247.28571428571428,D:\AprPanama2025_fixed\041525_experimental\041525PA_experimental_part05.mp4,1900-01-01 20:01:43.900,738
89840,728,60,18.0,115.0,179.0,247.55555555555557,D:\AprPanama2025_fixed\041525_experimental\041525PA_experimental_part05.mp4,1900-01-01 20:01:44.000,1028
89840,412,155,4.0,112.0,177.0,231.2,D:\AprPanama2025_fixed\041525_experimental\041525PA_experimental_part05.mp4,1900-01-01 20:01:44.000,712
89840,438,156,7.0,116.0,176.0,252.78571428571428,D:\AprPanama2025_fixed\041525_experimental\041525PA_experimental_part05.mp4,1900-01-01 20:01:44.000,738
89837,727,60,19.0,117.0,234.0,241.57142857142856,D:\AprPanama2025_fixed\041525_experimental\041525PA_experimental_part05.mp4,1900-01-01 20:01:43.700,1027
89837,412,156,5.5,117.0,179.0,236.66666666666663,D:\AprPanama2025_fixed\041525_experimental\041525PA_experimental_part05.mp4,1900-01-01 20:01:43.700,712
89837,438,156,12.0,115.0,179.0,241.8,D:\AprPanama2025_fixed\041525_experimental\041525PA_experimental_part05.mp4,1900-01-01 20:01:43.700,738
89843,729,60,16.0,122.0,179.0,249.2083333333333,D:\AprPanama2025_fixed\041525_experimental\041525PA_experimental_part05.mp4,1900-01-01 20:01:44.300,1029
89843,705,67,6.0,120.0,172.0,244.3333333333333,D:\AprPanama2025_fixed\041525_experimental\041525PA_experimental_part05.mp4,1900-01-01 20:01:44.300,1005
89843,412,154,1.5,131.0,166.0,252.2,D:\AprPanama2025_fixed\041525_experimental\041525PA_experimental_part05.mp4,1900-01-01 20:01:44.300,712
89843,438,155,5.5,114.0,179.0,245.5833333333333,D:\AprPanama2025_fixed\041525_experimental\041525PA_experimental_part05.mp4,1900-01-01 20:01:44.300,738
89851,731,61,9.5,115.0,170.0,246.0,D:\AprPanama2025_fixed\041525_experimental\041525PA_experimental_part05.mp4,1900-01-01 20:01:45.100,1031
89851,568,62,2.0,116.0,143.0,63.5,D:\AprPanama2025_fixed\041525_experimental\041525PA_experimental_part05.mp4,1900-01-01 20:01:45.100,868
89851,706,69,13.5,146.0,179.0,246.9090909090909,D:\AprPanama2025_fixed\041525_experimental\041525PA_experimental_part05.mp4,1900-01-01 20:01:45.100,1006
89851,842,132,1.5,115.0,161.0,254.8,D:\AprPanama2025_fixed\041525_experimental\041525PA_experimental_part05.mp4,1900-01-01 20:01:45.100,1142
89851,817,131,7.0,111.0,171.0,243.3846153846154,D:\AprPanama2025_fixed\041525_experimental\041525PA_experimental_part05.mp4,1900-01-01 20:01:45.100,1117
89851,483,154,3.5,120.0,164.0,157.875,D:\AprPanama2025_fixed\041525_experimental\041525PA_experimental_part05.mp4,1900-01-01 20:01:45.100,783
89847,730,60,14.0,112.0,179.0,251.4090909090909,D:\AprPanama2025_fixed\041525_experimental\041525PA_experimental_part05.mp4,1900-01-01 20:01:44.700,1030
89847,706,69,14.0,137.0,179.0,245.72727272727275,D:\AprPanama2025_fixed\041525_experimental\041525PA_experimental_part05.mp4,1900-01-01 20:01:44.700,1006
89847,840,130,3.0,115.0,163.0,252.7142857142857,D:\AprPanama2025_fixed\041525_experimental\041525PA_experimental_part05.mp4,1900-01-01 20:01:44.700,1140
89847,817,130,8.5,121.0,179.0,241.86666666666667,D:\AprPanama2025_fixed\041525_experimental\041525PA_experimental_part05.mp4,1900-01-01 20:01:44.700,1117
89847,484,154,2.0,118.0,177.0,227.66666666666663,D:\AprPanama2025_fixed\041525_experimental\041525PA_experimental_part05.mp4,1900-01-01 20:01:44.700,784
89848,730,60,14.5,112.0,179.0,250.1304347826087,D:\AprPanama2025_fixed\041525_experimental\041525PA_experimental_part05.mp4,1900-01-01 20:01:44.800,1030
89848,706,69,13.0,141.0,179.0,249.14285714285717,D:\AprPanama2025_fixed\041525_experimental\041525PA_experimental_part05.mp4,1900-01-01 20:01:44.800,1006
89848,817,130,8.5,121.0,179.0,241.86666666666667,D:\AprPanama2025_fixed\041525_experimental\041525PA_experimental_part05.mp4,1900-01-01 20:01:44.800,1117
89848,843,131,2.0,116.0,151.0,255.0,D:\AprPanama2025_fixed\041525_experimental\041525PA_experimental_part05.mp4,1900-01-01 20:01:44.800,1143
89848,449,154,2.0,117.0,144.0,156.7142857142857,D:\AprPanama2025_fixed\041525_experimental\041525PA_experimental_part05.mp4,1900-01-01 20:01:44.800,749
89848,484,154,2.0,118.0,177.0,227.66666666666663,D:\AprPanama2025_fixed\041525_experimental\041525PA_experimental_part05.mp4,1900-01-01 20:01:44.800,784
89848,438,154,2.0,114.0,141.0,255.0,D:\AprPanama2025_fixed\041525_experimental\041525PA_experimental_part05.mp4,1900-01-01 20:01:44.800,738
89850,731,61,12.0,117.0,175.0,247.0,D:\AprPanama2025_fixed\041525_experimental\041525PA_experimental_part05.mp4,1900-01-01 20:01:45.000,1031
89850,568,62,2.0,124.0,141.0,87.66666666666666,D:\AprPanama2025_fixed\041525_experimental\041525PA_experimental_part05.mp4,1900-01-01 20:01:45.000,868
89850,706,69,13.5,146.0,179.0,247.27272727272728,D:\AprPanama2025_fixed\041525_experimental\041525PA_experimental_part05.mp4,1900-01-01 20:01:45.000,1006
89850,842,132,3.0,112.0,162.0,255.0,D:\AprPanama2025_fixed\041525_experimental\041525PA_experimental_part05.mp4,1900-01-01 20:01:45.000,1142
89850,817,131,8.5,117.0,176.0,244.0,D:\AprPanama2025_fixed\041525_experimental\041525PA_experimental_part05.mp4,1900-01-01 20:01:45.000,1117
89850,484,154,2.5,121.0,174.0,209.14285714285717,D:\AprPanama2025_fixed\041525_experimental\041525PA_experimental_part05.mp4,1900-01-01 20:01:45.000,784
89849,731,61,10.0,115.0,173.0,246.8823529411765,D:\AprPanama2025_fixed\041525_experimental\041525PA_experimental_part05.mp4,1900-01-01 20:01:44.900,1031
89849,568,62,2.0,112.0,152.0,99.33333333333331,D:\AprPanama2025_fixed\041525_experimental\041525PA_experimental_part05.mp4,1900-01-01 20:01:44.900,868
89849,706,69,13.5,144.0,179.0,247.63636363636363,D:\AprPanama2025_fixed\041525_experimental\041525PA_experimental_part05.mp4,1900-01-01 20:01:44.900,1006
89849,842,132,5.0,113.0,175.0,255.0,D:\AprPanama2025_fixed\041525_experimental\041525PA_experimental_part05.mp4,1900-01-01 20:01:44.900,1142
89849,817,131,8.5,117.0,179.0,250.06666666666663,D:\AprPanama2025_fixed\041525_experimental\041525PA_experimental_part05.mp4,1900-01-01 20:01:44.900,1117
89849,484,154,2.0,121.0,174.0,201.5,D:\AprPanama2025_fixed\041525_experimental\041525PA_experimental_part05.mp4,1900-01-01 20:01:44.900,784
89852,731,61,8.0,115.0,169.0,241.7142857142857,D:\AprPanama2025_fixed\041525_experimental\041525PA_experimental_part05.mp4,1900-01-01 20:01:45.200,1031
89852,706,69,13.0,113.0,178.0,244.19047619047615,D:\AprPanama2025_fixed\041525_experimental\041525PA_experimental_part05.mp4,1900-01-01 20:01:45.200,1006
89852,817,131,7.0,111.0,171.0,243.3846153846154,D:\AprPanama2025_fixed\041525_experimental\041525PA_experimental_part05.mp4,1900-01-01 20:01:45.200,1117
89852,483,153,3.0,123.0,167.0,159.7142857142857,D:\AprPanama2025_fixed\041525_experimental\041525PA_experimental_part05.mp4,1900-01-01 20:01:45.200,783
89846,730,60,14.5,112.0,179.0,246.43478260869568,D:\AprPanama2025_fixed\041525_experimental\041525PA_experimental_part05.mp4,1900-01-01 20:01:44.600,1030
89846,706,69,15.5,137.0,213.0,247.41666666666663,D:\AprPanama2025_fixed\041525_experimental\041525PA_experimental_part05.mp4,1900-01-01 20:01:44.600,1006
89846,841,130,2.5,118.0,172.0,244.875,D:\AprPanama2025_fixed\041525_experimental\041525PA_experimental_part05.mp4,1900-01-01 20:01:44.600,1141
89846,817,130,6.0,114.0,179.0,247.16666666666663,D:\AprPanama2025_fixed\041525_experimental\041525PA_experimental_part05.mp4,1900-01-01 20:01:44.600,1117
89846,438,154,3.5,116.0,169.0,253.0,D:\AprPanama2025_fixed\041525_experimental\041525PA_experimental_part05.mp4,1900-01-01 20:01:44.600,738
89845,729,60,11.0,116.0,179.0,244.7222222222222,D:\AprPanama2025_fixed\041525_experimental\041525PA_experimental_part05.mp4,1900-01-01 20:01:44.500,1029
89845,706,69,16.5,116.0,179.0,250.36,D:\AprPanama2025_fixed\041525_experimental\041525PA_experimental_part05.mp4,1900-01-01 20:01:44.500,1006
89845,438,155,4.0,123.0,179.0,243.0,D:\AprPanama2025_fixed\041525_experimental\041525PA_experimental_part05.mp4,1900-01-01 20:01:44.500,738
89859,616,295,2.5,128.0,166.0,248.28571428571428,D:\AprPanama2025_fixed\041525_experimental\041525PA_experimental_part05.mp4,1900-01-01 20:01:45.900,916
89857,482,152,1.5,119.0,141.0,23.6,D:\AprPanama2025_fixed\041525_experimental\041525PA_experimental_part05.mp4,1900-01-01 20:01:45.700,782
89857,616,296,3.0,113.0,179.0,246.3333333333333,D:\AprPanama2025_fixed\041525_experimental\041525PA_experimental_part05.mp4,1900-01-01 20:01:45.700,916
89860,616,295,2.0,137.0,162.0,253.66666666666663,D:\AprPanama2025_fixed\041525_experimental\041525PA_experimental_part05.mp4,1900-01-01 20:01:46.000,916
89856,568,62,1.5,114.0,162.0,145.4,D:\AprPanama2025_fixed\041525_experimental\041525PA_experimental_part05.mp4,1900-01-01 20:01:45.600,868
89856,707,69,5.0,112.0,178.0,250.45454545454547,D:\AprPanama2025_fixed\041525_experimental\041525PA_experimental_part05.mp4,1900-01-01 20:01:45.600,1007
89858,616,296,3.0,122.0,179.0,246.2222222222222,D:\AprPanama2025_fixed\041525_experimental\041525PA_experimental_part05.mp4,1900-01-01 20:01:45.800,916
89854,731,62,4.5,112.0,145.0,243.0,D:\AprPanama2025_fixed\041525_experimental\041525PA_experimental_part05.mp4,1900-01-01 20:01:45.400,1031
89854,707,70,7.5,123.0,176.0,248.7142857142857,D:\AprPanama2025_fixed\041525_experimental\041525PA_experimental_part05.mp4,1900-01-01 20:01:45.400,1007
89854,817,132,6.0,122.0,173.0,203.5833333333333,D:\AprPanama2025_fixed\041525_experimental\041525PA_experimental_part05.mp4,1900-01-01 20:01:45.400,1117
89853,731,61,5.0,117.0,155.0,242.3636363636364,D:\AprPanama2025_fixed\041525_experimental\041525PA_experimental_part05.mp4,1900-01-01 20:01:45.300,1031
89853,706,69,11.0,126.0,177.0,233.94444444444443,D:\AprPanama2025_fixed\041525_experimental\041525PA_experimental_part05.mp4,1900-01-01 20:01:45.300,1006
89853,817,131,5.0,119.0,175.0,237.8,D:\AprPanama2025_fixed\041525_experimental\041525PA_experimental_part05.mp4,1900-01-01 20:01:45.300,1117
89855,731,62,2.5,114.0,159.0,225.42857142857144,D:\AprPanama2025_fixed\041525_experimental\041525PA_experimental_part05.mp4,1900-01-01 20:01:45.500,1031
89855,706,69,7.5,121.0,177.0,243.85714285714283,D:\AprPanama2025_fixed\041525_experimental\041525PA_experimental_part05.mp4,1900-01-01 20:01:45.500,1006
89864,720,19,5.5,113.0,178.0,231.8181818181818,D:\AprPanama2025_fixed\041525_experimental\041525PA_experimental_part05.mp4,1900-01-01 20:01:46.400,1020
89864,487,122,4.0,139.0,170.0,182.11111111111111,D:\AprPanama2025_fixed\041525_experimental\041525PA_experimental_part05.mp4,1900-01-01 20:01:46.400,787
89864,615,296,2.0,115.0,155.0,243.0,D:\AprPanama2025_fixed\041525_experimental\041525PA_experimental_part05.mp4,1900-01-01 20:01:46.400,915
89862,720,19,4.5,122.0,179.0,235.3636363636364,D:\AprPanama2025_fixed\041525_experimental\041525PA_experimental_part05.mp4,1900-01-01 20:01:46.200,1020
89862,707,69,4.0,115.0,168.0,237.3333333333333,D:\AprPanama2025_fixed\041525_experimental\041525PA_experimental_part05.mp4,1900-01-01 20:01:46.200,1007
89862,615,296,6.0,122.0,185.0,240.0769230769231,D:\AprPanama2025_fixed\041525_experimental\041525PA_experimental_part05.mp4,1900-01-01 20:01:46.200,915
89865,720,20,3.0,113.0,166.0,249.75,D:\AprPanama2025_fixed\041525_experimental\041525PA_experimental_part05.mp4,1900-01-01 20:01:46.500,1020
89865,487,122,3.0,127.0,174.0,194.0,D:\AprPanama2025_fixed\041525_experimental\041525PA_experimental_part05.mp4,1900-01-01 20:01:46.500,787
89865,614,297,4.5,122.0,158.0,251.3,D:\AprPanama2025_fixed\041525_experimental\041525PA_experimental_part05.mp4,1900-01-01 20:01:46.500,914
89863,720,19,4.5,121.0,179.0,248.8181818181818,D:\AprPanama2025_fixed\041525_experimental\041525PA_experimental_part05.mp4,1900-01-01 20:01:46.300,1020
89863,707,69,2.0,114.0,177.0,236.8333333333333,D:\AprPanama2025_fixed\041525_experimental\041525PA_experimental_part05.mp4,1900-01-01 20:01:46.300,1007
89863,487,122,4.0,139.0,170.0,182.11111111111111,D:\AprPanama2025_fixed\041525_experimental\041525PA_experimental_part05.mp4,1900-01-01 20:01:46.300,787
89863,615,296,3.5,122.0,156.0,237.1,D:\AprPanama2025_fixed\041525_experimental\041525PA_experimental_part05.mp4,1900-01-01 20:01:46.300,915
89867,618,8,5.5,119.0,178.0,249.1818181818182,D:\AprPanama2025_fixed\041525_experimental\041525PA_experimental_part05.mp4,1900-01-01 20:01:46.700,918
89868,618,8,5.5,125.0,179.0,252.9090909090909,D:\AprPanama2025_fixed\041525_experimental\041525PA_experimental_part05.mp4,1900-01-01 20:01:46.800,918
89866,617,8,2.5,119.0,178.0,241.85714285714283,D:\AprPanama2025_fixed\041525_experimental\041525PA_experimental_part05.mp4,1900-01-01 20:01:46.600,917
89866,719,20,5.5,111.0,179.0,245.3636363636364,D:\AprPanama2025_fixed\041525_experimental\041525PA_experimental_part05.mp4,1900-01-01 20:01:46.600,1019
89866,486,121,1.5,123.0,151.0,208.6,D:\AprPanama2025_fixed\041525_experimental\041525PA_experimental_part05.mp4,1900-01-01 20:01:46.600,786
89861,615,296,7.0,123.0,179.0,248.64285714285717,D:\AprPanama2025_fixed\041525_experimental\041525PA_experimental_part05.mp4,1900-01-01 20:01:46.100,915
89872,620,8,2.0,116.0,168.0,208.16666666666663,D:\AprPanama2025_fixed\041525_experimental\041525PA_experimental_part05.mp4,1900-01-01 20:01:47.200,920
89871,619,7,5.0,126.0,177.0,236.7,D:\AprPanama2025_fixed\041525_experimental\041525PA_experimental_part05.mp4,1900-01-01 20:01:47.100,919
89869,619,8,2.5,117.0,173.0,244.85714285714283,D:\AprPanama2025_fixed\041525_experimental\041525PA_experimental_part05.mp4,1900-01-01 20:01:46.900,919
89869,487,120,3.0,119.0,163.0,150.375,D:\AprPanama2025_fixed\041525_experimental\041525PA_experimental_part05.mp4,1900-01-01 20:01:46.900,787
89870,619,8,6.0,118.0,179.0,240.8181818181818,D:\AprPanama2025_fixed\041525_experimental\041525PA_experimental_part05.mp4,1900-01-01 20:01:47.000,919
89870,487,120,3.0,119.0,163.0,150.375,D:\AprPanama2025_fixed\041525_experimental\041525PA_experimental_part05.mp4,1900-01-01 20:01:47.000,787
89873,621,7,1.5,111.0,137.0,252.0,D:\AprPanama2025_fixed\041525_experimental\041525PA_experimental_part05.mp4,1900-01-01 20:01:47.300,921
89874,621,7,1.5,111.0,137.0,252.0,D:\AprPanama2025_fixed\041525_experimental\041525PA_experimental_part05.mp4,1900-01-01 20:01:47.400,921
89884,498,90,3.0,127.0,170.0,179.0,D:\AprPanama2025_fixed\041525_experimental\041525PA_experimental_part05.mp4,1900-01-01 20:01:48.400,798
89881,498,90,3.0,127.0,170.0,146.875,D:\AprPanama2025_fixed\041525_experimental\041525PA_experimental_part05.mp4,1900-01-01 20:01:48.100,798
89883,498,90,3.0,127.0,170.0,179.0,D:\AprPanama2025_fixed\041525_experimental\041525PA_experimental_part05.mp4,1900-01-01 20:01:48.300,798
89882,498,90,3.0,127.0,170.0,179.0,D:\AprPanama2025_fixed\041525_experimental\041525PA_experimental_part05.mp4,1900-01-01 20:01:48.200,798
89886,498,89,2.0,119.0,166.0,133.66666666666666,D:\AprPanama2025_fixed\041525_experimental\041525PA_experimental_part05.mp4,1900-01-01 20:01:48.600,798
89885,498,90,3.0,123.0,168.0,160.875,D:\AprPanama2025_fixed\041525_experimental\041525PA_experimental_part05.mp4,1900-01-01 20:01:48.500,798
90779,961,61,5.0,114.0,152.0,253.0,D:\AprPanama2025_fixed\041525_experimental\041525PA_experimental_part06.mp4,1900-01-01 20:03:17.900,1261
90780,961,61,7.0,119.0,169.0,249.42857142857144,D:\AprPanama2025_fixed\041525_experimental\041525PA_experimental_part06.mp4,1900-01-01 20:03:18.000,1261
90785,962,61,4.0,126.0,175.0,237.77777777777777,D:\AprPanama2025_fixed\041525_experimental\041525PA_experimental_part06.mp4,1900-01-01 20:03:18.500,1262
90782,961,61,10.0,125.0,179.0,241.2941176470588,D:\AprPanama2025_fixed\041525_experimental\041525PA_experimental_part06.mp4,1900-01-01 20:03:18.200,1261
90784,961,61,6.5,134.0,179.0,245.61538461538464,D:\AprPanama2025_fixed\041525_experimental\041525PA_experimental_part06.mp4,1900-01-01 20:03:18.400,1261
90781,961,61,12.5,125.0,179.0,244.6,D:\AprPanama2025_fixed\041525_experimental\041525PA_experimental_part06.mp4,1900-01-01 20:03:18.100,1261
90786,962,61,4.0,126.0,175.0,237.77777777777777,D:\AprPanama2025_fixed\041525_experimental\041525PA_experimental_part06.mp4,1900-01-01 20:03:18.600,1262
90783,961,61,10.0,117.0,179.0,240.41176470588235,D:\AprPanama2025_fixed\041525_experimental\041525PA_experimental_part06.mp4,1900-01-01 20:03:18.300,1261
90787,962,62,3.0,117.0,173.0,240.5,D:\AprPanama2025_fixed\041525_experimental\041525PA_experimental_part06.mp4,1900-01-01 20:03:18.700,1262
90789,962,62,1.5,151.0,181.0,240.2,D:\AprPanama2025_fixed\041525_experimental\041525PA_experimental_part06.mp4,1900-01-01 20:03:18.900,1262
90788,962,62,3.0,117.0,173.0,240.5,D:\AprPanama2025_fixed\041525_experimental\041525PA_experimental_part06.mp4,1900-01-01 20:03:18.800,1262
92000,634,41,10.5,111.0,178.0,242.55555555555557,D:\AprPanama2025_fixed\041525_experimental\041525PA_experimental_part06.mp4,1900-01-01 20:05:20.000,934
92003,634,41,10.5,111.0,175.0,226.0,D:\AprPanama2025_fixed\041525_experimental\041525PA_experimental_part06.mp4,1900-01-01 20:05:20.300,934
91998,634,41,11.0,115.0,178.0,244.27777777777777,D:\AprPanama2025_fixed\041525_experimental\041525PA_experimental_part06.mp4,1900-01-01 20:05:19.800,934
92002,634,41,10.5,113.0,176.0,233.94444444444443,D:\AprPanama2025_fixed\041525_experimental\041525PA_experimental_part06.mp4,1900-01-01 20:05:20.200,934
91999,634,41,11.0,115.0,178.0,244.27777777777777,D:\AprPanama2025_fixed\041525_experimental\041525PA_experimental_part06.mp4,1900-01-01 20:05:19.900,934
91997,634,41,9.5,111.0,179.0,233.1875,D:\AprPanama2025_fixed\041525_experimental\041525PA_experimental_part06.mp4,1900-01-01 20:05:19.700,934
92001,634,41,10.5,115.0,177.0,239.05555555555557,D:\AprPanama2025_fixed\041525_experimental\041525PA_experimental_part06.mp4,1900-01-01 20:05:20.100,934
91996,635,41,5.5,111.0,168.0,204.45454545454547,D:\AprPanama2025_fixed\041525_experimental\041525PA_experimental_part06.mp4,1900-01-01 20:05:19.600,935
92008,634,41,2.5,115.0,169.0,245.25,D:\AprPanama2025_fixed\041525_experimental\041525PA_experimental_part06.mp4,1900-01-01 20:05:20.800,934
92008,595,51,16.0,111.0,179.0,244.79166666666663,D:\AprPanama2025_fixed\041525_experimental\041525PA_experimental_part06.mp4,1900-01-01 20:05:20.800,895
92005,634,41,5.5,118.0,177.0,249.45454545454547,D:\AprPanama2025_fixed\041525_experimental\041525PA_experimental_part06.mp4,1900-01-01 20:05:20.500,934
92007,634,41,4.0,123.0,173.0,249.3,D:\AprPanama2025_fixed\041525_experimental\041525PA_experimental_part06.mp4,1900-01-01 20:05:20.700,934
92007,595,51,16.0,111.0,178.0,249.2083333333333,D:\AprPanama2025_fixed\041525_experimental\041525PA_experimental_part06.mp4,1900-01-01 20:05:20.700,895
92004,634,41,7.5,112.0,172.0,241.92857142857144,D:\AprPanama2025_fixed\041525_experimental\041525PA_experimental_part06.mp4,1900-01-01 20:05:20.400,934
92006,634,41,5.5,111.0,175.0,250.72727272727275,D:\AprPanama2025_fixed\041525_experimental\041525PA_experimental_part06.mp4,1900-01-01 20:05:20.600,934
92006,595,51,4.0,114.0,165.0,244.2222222222222,D:\AprPanama2025_fixed\041525_experimental\041525PA_experimental_part06.mp4,1900-01-01 20:05:20.600,895
92010,634,41,1.5,121.0,177.0,252.5,D:\AprPanama2025_fixed\041525_experimental\041525PA_experimental_part06.mp4,1900-01-01 20:05:21.000,934
92010,595,49,17.5,117.0,181.0,245.2222222222222,D:\AprPanama2025_fixed\041525_experimental\041525PA_experimental_part06.mp4,1900-01-01 20:05:21.000,895
92009,634,41,1.5,121.0,177.0,252.5,D:\AprPanama2025_fixed\041525_experimental\041525PA_experimental_part06.mp4,1900-01-01 20:05:20.900,934
92009,595,50,17.5,114.0,179.0,241.61538461538464,D:\AprPanama2025_fixed\041525_experimental\041525PA_experimental_part06.mp4,1900-01-01 20:05:20.900,895
92011,596,48,19.5,115.0,238.0,236.1034482758621,D:\AprPanama2025_fixed\041525_experimental\041525PA_experimental_part06.mp4,1900-01-01 20:05:21.100,896
92016,634,40,2.0,111.0,176.0,227.66666666666663,D:\AprPanama2025_fixed\041525_experimental\041525PA_experimental_part06.mp4,1900-01-01 20:05:21.600,934
92016,598,45,12.5,113.0,176.0,243.05,D:\AprPanama2025_fixed\041525_experimental\041525PA_experimental_part06.mp4,1900-01-01 20:05:21.600,898
92014,634,40,1.5,134.0,175.0,243.2,D:\AprPanama2025_fixed\041525_experimental\041525PA_experimental_part06.mp4,1900-01-01 20:05:21.400,934
92014,597,46,14.5,117.0,178.0,249.1304347826087,D:\AprPanama2025_fixed\041525_experimental\041525PA_experimental_part06.mp4,1900-01-01 20:05:21.400,897
92017,634,40,2.5,111.0,171.0,175.28571428571428,D:\AprPanama2025_fixed\041525_experimental\041525PA_experimental_part06.mp4,1900-01-01 20:05:21.700,934
92017,598,44,9.5,111.0,179.0,241.4375,D:\AprPanama2025_fixed\041525_experimental\041525PA_experimental_part06.mp4,1900-01-01 20:05:21.700,898
92013,634,40,1.5,134.0,175.0,243.2,D:\AprPanama2025_fixed\041525_experimental\041525PA_experimental_part06.mp4,1900-01-01 20:05:21.300,934
92013,596,47,17.0,116.0,179.0,244.84615384615387,D:\AprPanama2025_fixed\041525_experimental\041525PA_experimental_part06.mp4,1900-01-01 20:05:21.300,896
92015,597,45,11.5,111.0,179.0,246.8947368421053,D:\AprPanama2025_fixed\041525_experimental\041525PA_experimental_part06.mp4,1900-01-01 20:05:21.500,897
92012,634,40,1.5,134.0,175.0,243.2,D:\AprPanama2025_fixed\041525_experimental\041525PA_experimental_part06.mp4,1900-01-01 20:05:21.200,934
92012,596,47,20.0,111.0,219.0,239.86206896551724,D:\AprPanama2025_fixed\041525_experimental\041525PA_experimental_part06.mp4,1900-01-01 20:05:21.200,896
92019,599,42,10.5,117.0,179.0,245.6111111111111,D:\AprPanama2025_fixed\041525_experimental\041525PA_experimental_part06.mp4,1900-01-01 20:05:21.900,899
92018,634,40,2.0,111.0,171.0,176.33333333333331,D:\AprPanama2025_fixed\041525_experimental\041525PA_experimental_part06.mp4,1900-01-01 20:05:21.800,934
92018,599,43,10.0,119.0,179.0,239.52941176470588,D:\AprPanama2025_fixed\041525_experimental\041525PA_experimental_part06.mp4,1900-01-01 20:05:21.800,899
92027,583,31,3.5,124.0,170.0,189.25,D:\AprPanama2025_fixed\041525_experimental\041525PA_experimental_part06.mp4,1900-01-01 20:05:22.700,883
92027,528,66,11.5,117.0,179.0,251.55,D:\AprPanama2025_fixed\041525_experimental\041525PA_experimental_part06.mp4,1900-01-01 20:05:22.700,828
92022,600,41,4.5,117.0,175.0,248.9,D:\AprPanama2025_fixed\041525_experimental\041525PA_experimental_part06.mp4,1900-01-01 20:05:22.200,900
92023,601,40,5.0,120.0,177.0,231.27272727272728,D:\AprPanama2025_fixed\041525_experimental\041525PA_experimental_part06.mp4,1900-01-01 20:05:22.300,901
92023,528,63,6.5,130.0,184.0,240.0,D:\AprPanama2025_fixed\041525_experimental\041525PA_experimental_part06.mp4,1900-01-01 20:05:22.300,828
92021,600,41,5.5,111.0,179.0,240.45454545454547,D:\AprPanama2025_fixed\041525_experimental\041525PA_experimental_part06.mp4,1900-01-01 20:05:22.100,900
92024,601,39,2.0,115.0,172.0,225.7142857142857,D:\AprPanama2025_fixed\041525_experimental\041525PA_experimental_part06.mp4,1900-01-01 20:05:22.400,901
92024,528,64,7.0,126.0,178.0,248.7142857142857,D:\AprPanama2025_fixed\041525_experimental\041525PA_experimental_part06.mp4,1900-01-01 20:05:22.400,828
92025,583,31,5.5,127.0,173.0,140.0909090909091,D:\AprPanama2025_fixed\041525_experimental\041525PA_experimental_part06.mp4,1900-01-01 20:05:22.500,883
92025,528,65,14.0,118.0,179.0,248.2173913043478,D:\AprPanama2025_fixed\041525_experimental\041525PA_experimental_part06.mp4,1900-01-01 20:05:22.500,828
92026,583,31,5.5,129.0,173.0,143.0909090909091,D:\AprPanama2025_fixed\041525_experimental\041525PA_experimental_part06.mp4,1900-01-01 20:05:22.600,883
92026,528,65,13.5,119.0,179.0,251.5909090909091,D:\AprPanama2025_fixed\041525_experimental\041525PA_experimental_part06.mp4,1900-01-01 20:05:22.600,828
92020,634,40,1.5,125.0,169.0,207.6,D:\AprPanama2025_fixed\041525_experimental\041525PA_experimental_part06.mp4,1900-01-01 20:05:22.000,934
92020,599,42,7.5,127.0,178.0,245.57142857142856,D:\AprPanama2025_fixed\041525_experimental\041525PA_experimental_part06.mp4,1900-01-01 20:05:22.000,899
92030,528,66,7.5,122.0,179.0,243.28571428571428,D:\AprPanama2025_fixed\041525_experimental\041525PA_experimental_part06.mp4,1900-01-01 20:05:23.000,828
92029,528,66,7.5,122.0,179.0,243.28571428571428,D:\AprPanama2025_fixed\041525_experimental\041525PA_experimental_part06.mp4,1900-01-01 20:05:22.900,828
92034,598,10,2.0,125.0,180.0,240.5,D:\AprPanama2025_fixed\041525_experimental\041525PA_experimental_part06.mp4,1900-01-01 20:05:23.400,898
92034,581,31,2.5,113.0,129.0,42.5,D:\AprPanama2025_fixed\041525_experimental\041525PA_experimental_part06.mp4,1900-01-01 20:05:23.400,881
92034,528,66,4.0,113.0,179.0,249.88888888888889,D:\AprPanama2025_fixed\041525_experimental\041525PA_experimental_part06.mp4,1900-01-01 20:05:23.400,828
92035,527,67,3.5,121.0,179.0,242.75,D:\AprPanama2025_fixed\041525_experimental\041525PA_experimental_part06.mp4,1900-01-01 20:05:23.500,827
92028,583,31,3.5,114.0,168.0,197.125,D:\AprPanama2025_fixed\041525_experimental\041525PA_experimental_part06.mp4,1900-01-01 20:05:22.800,883
92028,528,66,9.0,115.0,178.0,249.05882352941177,D:\AprPanama2025_fixed\041525_experimental\041525PA_experimental_part06.mp4,1900-01-01 20:05:22.800,828
92031,528,65,7.0,115.0,179.0,246.92307692307693,D:\AprPanama2025_fixed\041525_experimental\041525PA_experimental_part06.mp4,1900-01-01 20:05:23.100,828
92032,528,66,6.5,116.0,181.0,239.7692307692308,D:\AprPanama2025_fixed\041525_experimental\041525PA_experimental_part06.mp4,1900-01-01 20:05:23.200,828
92033,581,31,2.5,113.0,129.0,42.5,D:\AprPanama2025_fixed\041525_experimental\041525PA_experimental_part06.mp4,1900-01-01 20:05:23.300,881
92033,528,65,4.5,123.0,176.0,241.4,D:\AprPanama2025_fixed\041525_experimental\041525PA_experimental_part06.mp4,1900-01-01 20:05:23.300,828
92037,527,66,1.5,119.0,174.0,243.2,D:\AprPanama2025_fixed\041525_experimental\041525PA_experimental_part06.mp4,1900-01-01 20:05:23.700,827
92038,527,66,2.5,130.0,189.0,247.14285714285717,D:\AprPanama2025_fixed\041525_experimental\041525PA_experimental_part06.mp4,1900-01-01 20:05:23.800,827
92039,580,31,1.5,120.0,175.0,218.2,D:\AprPanama2025_fixed\041525_experimental\041525PA_experimental_part06.mp4,1900-01-01 20:05:23.900,880
92036,600,10,1.5,128.0,172.0,242.2,D:\AprPanama2025_fixed\041525_experimental\041525PA_experimental_part06.mp4,1900-01-01 20:05:23.600,900
92036,527,66,1.5,116.0,175.0,239.0,D:\AprPanama2025_fixed\041525_experimental\041525PA_experimental_part06.mp4,1900-01-01 20:05:23.600,827
92040,600,9,3.0,113.0,146.0,77.14285714285714,D:\AprPanama2025_fixed\041525_experimental\041525PA_experimental_part06.mp4,1900-01-01 20:05:24.000,900
92058,525,44,3.5,122.0,179.0,244.1111111111111,D:\AprPanama2025_fixed\041525_experimental\041525PA_experimental_part06.mp4,1900-01-01 20:05:25.800,825
92057,525,44,4.5,129.0,193.0,241.7,D:\AprPanama2025_fixed\041525_experimental\041525PA_experimental_part06.mp4,1900-01-01 20:05:25.700,825
92053,525,43,4.0,128.0,178.0,216.88888888888889,D:\AprPanama2025_fixed\041525_experimental\041525PA_experimental_part06.mp4,1900-01-01 20:05:25.300,825
92054,524,44,6.0,128.0,176.0,234.25,D:\AprPanama2025_fixed\041525_experimental\041525PA_experimental_part06.mp4,1900-01-01 20:05:25.400,824
92056,524,44,5.0,120.0,175.0,235.25,D:\AprPanama2025_fixed\041525_experimental\041525PA_experimental_part06.mp4,1900-01-01 20:05:25.600,824
92055,524,44,4.5,119.0,179.0,237.3636363636364,D:\AprPanama2025_fixed\041525_experimental\041525PA_experimental_part06.mp4,1900-01-01 20:05:25.500,824
92059,526,45,2.5,112.0,173.0,242.88888888888889,D:\AprPanama2025_fixed\041525_experimental\041525PA_experimental_part06.mp4,1900-01-01 20:05:25.900,826
92061,526,45,1.5,114.0,142.0,239.0,D:\AprPanama2025_fixed\041525_experimental\041525PA_experimental_part06.mp4,1900-01-01 20:05:26.100,826
92060,526,45,2.0,122.0,174.0,223.14285714285717,D:\AprPanama2025_fixed\041525_experimental\041525PA_experimental_part06.mp4,1900-01-01 20:05:26.000,826
93377,728,75,1.5,114.0,166.0,241.6,D:\AprPanama2025_fixed\041525_experimental\041525PA_experimental_part06.mp4,1900-01-01 20:07:37.700,1028
93379,728,74,6.5,116.0,178.0,241.3846153846154,D:\AprPanama2025_fixed\041525_experimental\041525PA_experimental_part06.mp4,1900-01-01 20:07:37.900,1028
93382,728,74,6.0,123.0,179.0,245.25,D:\AprPanama2025_fixed\041525_experimental\041525PA_experimental_part06.mp4,1900-01-01 20:07:38.200,1028
93384,728,74,5.5,122.0,178.0,246.8181818181818,D:\AprPanama2025_fixed\041525_experimental\041525PA_experimental_part06.mp4,1900-01-01 20:07:38.400,1028
93381,728,74,6.5,117.0,179.0,240.46153846153848,D:\AprPanama2025_fixed\041525_experimental\041525PA_experimental_part06.mp4,1900-01-01 20:07:38.100,1028
93383,728,75,2.5,111.0,146.0,242.625,D:\AprPanama2025_fixed\041525_experimental\041525PA_experimental_part06.mp4,1900-01-01 20:07:38.300,1028
93380,728,74,6.5,117.0,178.0,243.23076923076923,D:\AprPanama2025_fixed\041525_experimental\041525PA_experimental_part06.mp4,1900-01-01 20:07:38.000,1028
93393,515,101,13.5,112.0,178.0,251.22727272727275,D:\AprPanama2025_fixed\041525_experimental\041525PA_experimental_part06.mp4,1900-01-01 20:07:39.300,815
93394,515,101,13.5,119.0,179.0,252.04545454545456,D:\AprPanama2025_fixed\041525_experimental\041525PA_experimental_part06.mp4,1900-01-01 20:07:39.400,815
93392,515,101,10.5,114.0,179.0,240.44444444444443,D:\AprPanama2025_fixed\041525_experimental\041525PA_experimental_part06.mp4,1900-01-01 20:07:39.200,815
93395,515,100,14.0,127.0,179.0,251.3478260869565,D:\AprPanama2025_fixed\041525_experimental\041525PA_experimental_part06.mp4,1900-01-01 20:07:39.500,815
93403,551,81,8.5,130.0,179.0,251.9333333333333,D:\AprPanama2025_fixed\041525_experimental\041525PA_experimental_part06.mp4,1900-01-01 20:07:40.300,851
93403,516,101,4.5,125.0,175.0,247.5,D:\AprPanama2025_fixed\041525_experimental\041525PA_experimental_part06.mp4,1900-01-01 20:07:40.300,816
93397,515,100,11.0,126.0,179.0,242.0,D:\AprPanama2025_fixed\041525_experimental\041525PA_experimental_part06.mp4,1900-01-01 20:07:39.700,815
93400,515,100,10.5,112.0,179.0,248.2631578947368,D:\AprPanama2025_fixed\041525_experimental\041525PA_experimental_part06.mp4,1900-01-01 20:07:40.000,815
93399,515,100,11.5,111.0,179.0,245.85,D:\AprPanama2025_fixed\041525_experimental\041525PA_experimental_part06.mp4,1900-01-01 20:07:39.900,815
93402,551,81,3.5,118.0,179.0,228.25,D:\AprPanama2025_fixed\041525_experimental\041525PA_experimental_part06.mp4,1900-01-01 20:07:40.200,851
93402,516,100,2.0,117.0,169.0,250.28571428571428,D:\AprPanama2025_fixed\041525_experimental\041525PA_experimental_part06.mp4,1900-01-01 20:07:40.200,816
93401,516,100,5.0,111.0,179.0,241.5833333333333,D:\AprPanama2025_fixed\041525_experimental\041525PA_experimental_part06.mp4,1900-01-01 20:07:40.100,816
93398,515,100,11.0,126.0,179.0,241.94736842105263,D:\AprPanama2025_fixed\041525_experimental\041525PA_experimental_part06.mp4,1900-01-01 20:07:39.800,815
93396,515,100,14.5,114.0,179.0,240.08695652173915,D:\AprPanama2025_fixed\041525_experimental\041525PA_experimental_part06.mp4,1900-01-01 20:07:39.600,815
93410,554,80,3.0,113.0,172.0,255.0,D:\AprPanama2025_fixed\041525_experimental\041525PA_experimental_part06.mp4,1900-01-01 20:07:41.000,854
93408,553,80,10.5,113.0,176.0,244.94736842105263,D:\AprPanama2025_fixed\041525_experimental\041525PA_experimental_part06.mp4,1900-01-01 20:07:40.800,853
93406,552,80,12.5,123.0,178.0,243.8095238095238,D:\AprPanama2025_fixed\041525_experimental\041525PA_experimental_part06.mp4,1900-01-01 20:07:40.600,852
93407,552,80,12.5,123.0,178.0,243.42857142857144,D:\AprPanama2025_fixed\041525_experimental\041525PA_experimental_part06.mp4,1900-01-01 20:07:40.700,852
93407,516,100,1.5,111.0,151.0,252.28571428571428,D:\AprPanama2025_fixed\041525_experimental\041525PA_experimental_part06.mp4,1900-01-01 20:07:40.700,816
93404,552,80,13.5,111.0,182.0,245.63636363636363,D:\AprPanama2025_fixed\041525_experimental\041525PA_experimental_part06.mp4,1900-01-01 20:07:40.400,852
93404,516,100,3.0,125.0,176.0,248.75,D:\AprPanama2025_fixed\041525_experimental\041525PA_experimental_part06.mp4,1900-01-01 20:07:40.400,816
93405,552,80,12.0,126.0,179.0,246.9523809523809,D:\AprPanama2025_fixed\041525_experimental\041525PA_experimental_part06.mp4,1900-01-01 20:07:40.500,852
93405,516,100,1.5,119.0,156.0,253.8333333333333,D:\AprPanama2025_fixed\041525_experimental\041525PA_experimental_part06.mp4,1900-01-01 20:07:40.500,816
93409,554,80,6.0,119.0,179.0,236.25,D:\AprPanama2025_fixed\041525_experimental\041525PA_experimental_part06.mp4,1900-01-01 20:07:40.900,854
93411,554,80,2.5,116.0,173.0,250.14285714285717,D:\AprPanama2025_fixed\041525_experimental\041525PA_experimental_part06.mp4,1900-01-01 20:07:41.100,854
93413,555,80,3.0,118.0,179.0,247.28571428571428,D:\AprPanama2025_fixed\041525_experimental\041525PA_experimental_part06.mp4,1900-01-01 20:07:41.300,855
93417,556,80,1.5,135.0,175.0,174.4,D:\AprPanama2025_fixed\041525_experimental\041525PA_experimental_part06.mp4,1900-01-01 20:07:41.700,856
93416,556,80,3.0,112.0,156.0,149.57142857142856,D:\AprPanama2025_fixed\041525_experimental\041525PA_experimental_part06.mp4,1900-01-01 20:07:41.600,856
93412,554,81,2.5,111.0,172.0,237.42857142857144,D:\AprPanama2025_fixed\041525_experimental\041525PA_experimental_part06.mp4,1900-01-01 20:07:41.200,854
93943,933,46,3.0,119.0,173.0,246.875,D:\AprPanama2025_fixed\041525_experimental\041525PA_experimental_part06.mp4,1900-01-01 20:08:34.300,1233
93944,932,45,9.5,124.0,175.0,240.25,D:\AprPanama2025_fixed\041525_experimental\041525PA_experimental_part06.mp4,1900-01-01 20:08:34.400,1232
93946,932,43,4.0,113.0,179.0,249.2222222222222,D:\AprPanama2025_fixed\041525_experimental\041525PA_experimental_part06.mp4,1900-01-01 20:08:34.600,1232
93945,932,45,6.0,115.0,179.0,247.7692307692308,D:\AprPanama2025_fixed\041525_experimental\041525PA_experimental_part06.mp4,1900-01-01 20:08:34.500,1232
93947,931,42,5.5,111.0,179.0,246.54545454545456,D:\AprPanama2025_fixed\041525_experimental\041525PA_experimental_part06.mp4,1900-01-01 20:08:34.700,1231
93949,929,41,9.0,126.0,179.0,245.8125,D:\AprPanama2025_fixed\041525_experimental\041525PA_experimental_part06.mp4,1900-01-01 20:08:34.900,1229
93948,929,42,7.0,147.0,178.0,241.23076923076923,D:\AprPanama2025_fixed\041525_experimental\041525PA_experimental_part06.mp4,1900-01-01 20:08:34.800,1229
93950,928,40,6.0,123.0,166.0,252.5833333333333,D:\AprPanama2025_fixed\041525_experimental\041525PA_experimental_part06.mp4,1900-01-01 20:08:35.000,1228
93951,928,39,4.0,119.0,169.0,246.88888888888889,D:\AprPanama2025_fixed\041525_experimental\041525PA_experimental_part06.mp4,1900-01-01 20:08:35.100,1228
94094,526,66,3.0,125.0,173.0,252.875,D:\AprPanama2025_fixed\041525_experimental\041525PA_experimental_part06.mp4,1900-01-01 20:08:49.400,826
94099,526,66,1.5,125.0,168.0,236.8,D:\AprPanama2025_fixed\041525_experimental\041525PA_experimental_part06.mp4,1900-01-01 20:08:49.900,826
94095,526,66,3.0,125.0,173.0,252.875,D:\AprPanama2025_fixed\041525_experimental\041525PA_experimental_part06.mp4,1900-01-01 20:08:49.500,826
94097,526,66,3.0,122.0,175.0,237.25,D:\AprPanama2025_fixed\041525_experimental\041525PA_experimental_part06.mp4,1900-01-01 20:08:49.700,826
94096,526,66,3.0,125.0,174.0,248.75,D:\AprPanama2025_fixed\041525_experimental\041525PA_experimental_part06.mp4,1900-01-01 20:08:49.600,826
94098,526,66,2.5,124.0,173.0,231.0,D:\AprPanama2025_fixed\041525_experimental\041525PA_experimental_part06.mp4,1900-01-01 20:08:49.800,826
94138,511,79,3.5,111.0,167.0,241.625,D:\AprPanama2025_fixed\041525_experimental\041525PA_experimental_part06.mp4,1900-01-01 20:08:53.800,811
94139,511,79,3.5,111.0,162.0,251.25,D:\AprPanama2025_fixed\041525_experimental\041525PA_experimental_part06.mp4,1900-01-01 20:08:53.900,811
94142,700,15,16.5,111.0,178.0,252.04,D:\AprPanama2025_fixed\041525_experimental\041525PA_experimental_part06.mp4,1900-01-01 20:08:54.200,1000
94142,510,78,1.5,111.0,169.0,254.6,D:\AprPanama2025_fixed\041525_experimental\041525PA_experimental_part06.mp4,1900-01-01 20:08:54.200,810
94145,700,15,22.0,112.0,179.0,247.75,D:\AprPanama2025_fixed\041525_experimental\041525PA_experimental_part06.mp4,1900-01-01 20:08:54.500,1000
94146,700,14,22.0,111.0,179.0,245.0625,D:\AprPanama2025_fixed\041525_experimental\041525PA_experimental_part06.mp4,1900-01-01 20:08:54.600,1000
94140,511,79,4.0,114.0,169.0,247.66666666666663,D:\AprPanama2025_fixed\041525_experimental\041525PA_experimental_part06.mp4,1900-01-01 20:08:54.000,811
94141,702,13,1.5,116.0,170.0,188.0,D:\AprPanama2025_fixed\041525_experimental\041525PA_experimental_part06.mp4,1900-01-01 20:08:54.100,1002
94141,510,78,1.5,115.0,175.0,251.4,D:\AprPanama2025_fixed\041525_experimental\041525PA_experimental_part06.mp4,1900-01-01 20:08:54.100,810
94144,700,15,22.0,112.0,179.0,247.59375,D:\AprPanama2025_fixed\041525_experimental\041525PA_experimental_part06.mp4,1900-01-01 20:08:54.400,1000
94143,700,15,22.0,111.0,179.0,249.03125,D:\AprPanama2025_fixed\041525_experimental\041525PA_experimental_part06.mp4,1900-01-01 20:08:54.300,1000
94143,510,78,2.0,139.0,179.0,248.16666666666663,D:\AprPanama2025_fixed\041525_experimental\041525PA_experimental_part06.mp4,1900-01-01 20:08:54.300,810
94147,700,15,21.5,111.0,179.0,247.93548387096772,D:\AprPanama2025_fixed\041525_experimental\041525PA_experimental_part06.mp4,1900-01-01 20:08:54.700,1000
94152,700,15,9.5,118.0,177.0,240.8823529411765,D:\AprPanama2025_fixed\041525_experimental\041525PA_experimental_part06.mp4,1900-01-01 20:08:55.200,1000
94154,700,14,1.5,118.0,166.0,252.8,D:\AprPanama2025_fixed\041525_experimental\041525PA_experimental_part06.mp4,1900-01-01 20:08:55.400,1000
94153,700,15,8.0,112.0,178.0,248.85714285714283,D:\AprPanama2025_fixed\041525_experimental\041525PA_experimental_part06.mp4,1900-01-01 20:08:55.300,1000
94149,699,15,13.0,132.0,179.0,249.1818181818182,D:\AprPanama2025_fixed\041525_experimental\041525PA_experimental_part06.mp4,1900-01-01 20:08:54.900,999
94151,699,15,11.0,111.0,179.0,249.6315789473684,D:\AprPanama2025_fixed\041525_experimental\041525PA_experimental_part06.mp4,1900-01-01 20:08:55.100,999
94150,700,14,14.5,111.0,179.0,243.32,D:\AprPanama2025_fixed\041525_experimental\041525PA_experimental_part06.mp4,1900-01-01 20:08:55.000,1000
94148,700,14,18.0,114.0,179.0,247.96296296296296,D:\AprPanama2025_fixed\041525_experimental\041525PA_experimental_part06.mp4,1900-01-01 20:08:54.800,1000
94709,244,48,2.5,117.0,171.0,142.14285714285714,D:\AprPanama2025_fixed\041525_experimental\041525PA_experimental_part06.mp4,1900-01-01 20:09:50.900,544
95558,763,64,4.0,119.0,169.0,248.88888888888889,D:\AprPanama2025_fixed\041525_experimental\041525PA_experimental_part06.mp4,1900-01-01 20:11:15.800,1063
95559,763,64,4.0,119.0,169.0,248.88888888888889,D:\AprPanama2025_fixed\041525_experimental\041525PA_experimental_part06.mp4,1900-01-01 20:11:15.900,1063
95560,763,63,6.5,111.0,169.0,239.0833333333333,D:\AprPanama2025_fixed\041525_experimental\041525PA_experimental_part06.mp4,1900-01-01 20:11:16.000,1063
95557,762,64,3.5,145.0,176.0,211.875,D:\AprPanama2025_fixed\041525_experimental\041525PA_experimental_part06.mp4,1900-01-01 20:11:15.700,1062
95561,762,63,2.5,116.0,156.0,234.14285714285717,D:\AprPanama2025_fixed\041525_experimental\041525PA_experimental_part06.mp4,1900-01-01 20:11:16.100,1062
96577,500,49,1.5,111.0,162.0,247.8,D:\AprPanama2025_fixed\041525_experimental\041525PA_experimental_part06.mp4,1900-01-01 20:12:57.700,800
96579,500,49,4.5,126.0,176.0,241.8,D:\AprPanama2025_fixed\041525_experimental\041525PA_experimental_part06.mp4,1900-01-01 20:12:57.900,800
96582,500,49,3.5,148.0,170.0,241.88888888888889,D:\AprPanama2025_fixed\041525_experimental\041525PA_experimental_part06.mp4,1900-01-01 20:12:58.200,800
96587,502,49,2.5,113.0,172.0,223.3333333333333,D:\AprPanama2025_fixed\041525_experimental\041525PA_experimental_part06.mp4,1900-01-01 20:12:58.700,802
96583,501,49,5.0,111.0,168.0,222.8,D:\AprPanama2025_fixed\041525_experimental\041525PA_experimental_part06.mp4,1900-01-01 20:12:58.300,801
96581,500,49,4.5,133.0,168.0,217.2,D:\AprPanama2025_fixed\041525_experimental\041525PA_experimental_part06.mp4,1900-01-01 20:12:58.100,800
96586,501,49,5.0,119.0,171.0,156.9,D:\AprPanama2025_fixed\041525_experimental\041525PA_experimental_part06.mp4,1900-01-01 20:12:58.600,801
96584,501,50,1.5,123.0,156.0,247.66666666666663,D:\AprPanama2025_fixed\041525_experimental\041525PA_experimental_part06.mp4,1900-01-01 20:12:58.400,801
96580,500,49,1.5,112.0,168.0,249.28571428571428,D:\AprPanama2025_fixed\041525_experimental\041525PA_experimental_part06.mp4,1900-01-01 20:12:58.000,800
96631,899,102,2.0,123.0,149.0,252.0,D:\AprPanama2025_fixed\041525_experimental\041525PA_experimental_part06.mp4,1900-01-01 20:13:03.100,1199
96634,897,101,5.0,112.0,171.0,240.5,D:\AprPanama2025_fixed\041525_experimental\041525PA_experimental_part06.mp4,1900-01-01 20:13:03.400,1197
96635,948,26,1.5,137.0,176.0,232.2,D:\AprPanama2025_fixed\041525_experimental\041525PA_experimental_part06.mp4,1900-01-01 20:13:03.500,1248
96635,897,100,6.0,112.0,174.0,244.5,D:\AprPanama2025_fixed\041525_experimental\041525PA_experimental_part06.mp4,1900-01-01 20:13:03.500,1197
96633,898,101,3.5,135.0,176.0,245.0,D:\AprPanama2025_fixed\041525_experimental\041525PA_experimental_part06.mp4,1900-01-01 20:13:03.300,1198
96637,594,58,6.0,147.0,176.0,253.0833333333333,D:\AprPanama2025_fixed\041525_experimental\041525PA_experimental_part06.mp4,1900-01-01 20:13:03.700,894
96637,897,100,2.5,149.0,168.0,252.85714285714283,D:\AprPanama2025_fixed\041525_experimental\041525PA_experimental_part06.mp4,1900-01-01 20:13:03.700,1197
96639,944,26,2.5,115.0,179.0,248.0,D:\AprPanama2025_fixed\041525_experimental\041525PA_experimental_part06.mp4,1900-01-01 20:13:03.900,1244
96639,596,57,7.0,121.0,179.0,245.0769230769231,D:\AprPanama2025_fixed\041525_experimental\041525PA_experimental_part06.mp4,1900-01-01 20:13:03.900,896
96642,939,26,1.5,126.0,151.0,214.0,D:\AprPanama2025_fixed\041525_experimental\041525PA_experimental_part06.mp4,1900-01-01 20:13:04.200,1239
96642,599,54,5.0,116.0,161.0,251.5,D:\AprPanama2025_fixed\041525_experimental\041525PA_experimental_part06.mp4,1900-01-01 20:13:04.200,899
96638,944,26,2.5,115.0,179.0,248.0,D:\AprPanama2025_fixed\041525_experimental\041525PA_experimental_part06.mp4,1900-01-01 20:13:03.800,1244
96638,595,57,8.5,118.0,179.0,241.7333333333333,D:\AprPanama2025_fixed\041525_experimental\041525PA_experimental_part06.mp4,1900-01-01 20:13:03.800,895
96640,942,26,2.0,115.0,174.0,242.57142857142856,D:\AprPanama2025_fixed\041525_experimental\041525PA_experimental_part06.mp4,1900-01-01 20:13:04.000,1242
96640,597,55,10.0,114.0,178.0,230.8823529411765,D:\AprPanama2025_fixed\041525_experimental\041525PA_experimental_part06.mp4,1900-01-01 20:13:04.000,897
96641,941,26,2.0,131.0,163.0,253.42857142857144,D:\AprPanama2025_fixed\041525_experimental\041525PA_experimental_part06.mp4,1900-01-01 20:13:04.100,1241
96641,598,55,5.5,112.0,179.0,247.46153846153848,D:\AprPanama2025_fixed\041525_experimental\041525PA_experimental_part06.mp4,1900-01-01 20:13:04.100,898
96643,599,54,4.0,111.0,178.0,243.4,D:\AprPanama2025_fixed\041525_experimental\041525PA_experimental_part06.mp4,1900-01-01 20:13:04.300,899
96636,946,26,3.5,120.0,167.0,239.25,D:\AprPanama2025_fixed\041525_experimental\041525PA_experimental_part06.mp4,1900-01-01 20:13:03.600,1246
96636,594,58,5.0,112.0,186.0,245.8,D:\AprPanama2025_fixed\041525_experimental\041525PA_experimental_part06.mp4,1900-01-01 20:13:03.600,894
96636,897,100,2.5,148.0,169.0,251.7142857142857,D:\AprPanama2025_fixed\041525_experimental\041525PA_experimental_part06.mp4,1900-01-01 20:13:03.600,1197
96650,604,51,1.5,124.0,165.0,217.3333333333333,D:\AprPanama2025_fixed\041525_experimental\041525PA_experimental_part06.mp4,1900-01-01 20:13:05.000,904
96650,978,160,6.0,127.0,178.0,236.0,D:\AprPanama2025_fixed\041525_experimental\041525PA_experimental_part06.mp4,1900-01-01 20:13:05.000,1278
96647,602,52,5.5,118.0,173.0,245.3636363636364,D:\AprPanama2025_fixed\041525_experimental\041525PA_experimental_part06.mp4,1900-01-01 20:13:04.700,902
96647,978,160,5.5,123.0,175.0,241.72727272727275,D:\AprPanama2025_fixed\041525_experimental\041525PA_experimental_part06.mp4,1900-01-01 20:13:04.700,1278
96646,601,53,3.5,114.0,179.0,241.0,D:\AprPanama2025_fixed\041525_experimental\041525PA_experimental_part06.mp4,1900-01-01 20:13:04.600,901
96649,603,51,5.0,115.0,171.0,241.9,D:\AprPanama2025_fixed\041525_experimental\041525PA_experimental_part06.mp4,1900-01-01 20:13:04.900,903
96649,978,160,5.5,123.0,176.0,244.63636363636363,D:\AprPanama2025_fixed\041525_experimental\041525PA_experimental_part06.mp4,1900-01-01 20:13:04.900,1278
96645,600,53,4.0,119.0,166.0,249.1,D:\AprPanama2025_fixed\041525_experimental\041525PA_experimental_part06.mp4,1900-01-01 20:13:04.500,900
96648,602,52,1.5,117.0,175.0,249.0,D:\AprPanama2025_fixed\041525_experimental\041525PA_experimental_part06.mp4,1900-01-01 20:13:04.800,902
96648,978,160,5.5,124.0,176.0,244.54545454545456,D:\AprPanama2025_fixed\041525_experimental\041525PA_experimental_part06.mp4,1900-01-01 20:13:04.800,1278
96651,604,50,2.0,114.0,163.0,246.3333333333333,D:\AprPanama2025_fixed\041525_experimental\041525PA_experimental_part06.mp4,1900-01-01 20:13:05.100,904
96651,978,160,5.5,114.0,177.0,240.0909090909091,D:\AprPanama2025_fixed\041525_experimental\041525PA_experimental_part06.mp4,1900-01-01 20:13:05.100,1278
96644,938,26,3.0,121.0,149.0,206.25,D:\AprPanama2025_fixed\041525_experimental\041525PA_experimental_part06.mp4,1900-01-01 20:13:04.400,1238
96644,600,54,5.5,113.0,166.0,247.27272727272728,D:\AprPanama2025_fixed\041525_experimental\041525PA_experimental_part06.mp4,1900-01-01 20:13:04.400,900
96654,607,48,3.5,115.0,165.0,215.0,D:\AprPanama2025_fixed\041525_experimental\041525PA_experimental_part06.mp4,1900-01-01 20:13:05.400,907
96656,608,47,2.0,129.0,171.0,238.3333333333333,D:\AprPanama2025_fixed\041525_experimental\041525PA_experimental_part06.mp4,1900-01-01 20:13:05.600,908
96653,606,48,4.0,113.0,171.0,200.0,D:\AprPanama2025_fixed\041525_experimental\041525PA_experimental_part06.mp4,1900-01-01 20:13:05.300,906
96652,605,49,4.0,111.0,178.0,237.1111111111111,D:\AprPanama2025_fixed\041525_experimental\041525PA_experimental_part06.mp4,1900-01-01 20:13:05.200,905
96659,610,45,2.0,111.0,169.0,227.3333333333333,D:\AprPanama2025_fixed\041525_experimental\041525PA_experimental_part06.mp4,1900-01-01 20:13:05.900,910
97195,795,50,15.0,117.0,179.0,247.43478260869568,D:\AprPanama2025_fixed\041525_experimental\041525PA_experimental_part06.mp4,1900-01-01 20:13:59.500,1095
97194,795,49,10.5,133.0,179.0,244.16666666666663,D:\AprPanama2025_fixed\041525_experimental\041525PA_experimental_part06.mp4,1900-01-01 20:13:59.400,1095
97203,796,50,9.5,117.0,183.0,245.25,D:\AprPanama2025_fixed\041525_experimental\041525PA_experimental_part06.mp4,1900-01-01 20:14:00.300,1096
97201,796,50,14.5,111.0,179.0,241.95454545454547,D:\AprPanama2025_fixed\041525_experimental\041525PA_experimental_part06.mp4,1900-01-01 20:14:00.100,1096
97199,796,50,18.0,119.0,179.0,247.7692307692308,D:\AprPanama2025_fixed\041525_experimental\041525PA_experimental_part06.mp4,1900-01-01 20:13:59.900,1096
97196,795,50,19.0,113.0,179.0,246.9642857142857,D:\AprPanama2025_fixed\041525_experimental\041525PA_experimental_part06.mp4,1900-01-01 20:13:59.600,1095
97197,795,50,18.5,112.0,179.0,246.0,D:\AprPanama2025_fixed\041525_experimental\041525PA_experimental_part06.mp4,1900-01-01 20:13:59.700,1095
97200,796,50,13.5,119.0,179.0,246.7142857142857,D:\AprPanama2025_fixed\041525_experimental\041525PA_experimental_part06.mp4,1900-01-01 20:14:00.000,1096
97198,796,50,17.0,121.0,179.0,250.0,D:\AprPanama2025_fixed\041525_experimental\041525PA_experimental_part06.mp4,1900-01-01 20:13:59.800,1096
97202,796,50,11.0,111.0,178.0,245.3333333333333,D:\AprPanama2025_fixed\041525_experimental\041525PA_experimental_part06.mp4,1900-01-01 20:14:00.200,1096
97206,797,51,5.5,118.0,171.0,232.41666666666663,D:\AprPanama2025_fixed\041525_experimental\041525PA_experimental_part06.mp4,1900-01-01 20:14:00.600,1097
97207,796,51,4.5,113.0,152.0,250.3,D:\AprPanama2025_fixed\041525_experimental\041525PA_experimental_part06.mp4,1900-01-01 20:14:00.700,1096
97207,588,143,3.5,111.0,150.0,79.125,D:\AprPanama2025_fixed\041525_experimental\041525PA_experimental_part06.mp4,1900-01-01 20:14:00.700,888
97208,797,50,6.0,111.0,179.0,240.0833333333333,D:\AprPanama2025_fixed\041525_experimental\041525PA_experimental_part06.mp4,1900-01-01 20:14:00.800,1097
97209,797,50,3.5,113.0,168.0,245.875,D:\AprPanama2025_fixed\041525_experimental\041525PA_experimental_part06.mp4,1900-01-01 20:14:00.900,1097
97205,797,51,7.0,111.0,178.0,241.53846153846155,D:\AprPanama2025_fixed\041525_experimental\041525PA_experimental_part06.mp4,1900-01-01 20:14:00.500,1097
97204,797,51,9.0,112.0,179.0,241.4375,D:\AprPanama2025_fixed\041525_experimental\041525PA_experimental_part06.mp4,1900-01-01 20:14:00.400,1097
97216,580,35,3.5,122.0,171.0,118.375,D:\AprPanama2025_fixed\041525_experimental\041525PA_experimental_part06.mp4,1900-01-01 20:14:01.600,880
97217,580,35,3.5,122.0,171.0,118.375,D:\AprPanama2025_fixed\041525_experimental\041525PA_experimental_part06.mp4,1900-01-01 20:14:01.700,880
97218,580,35,3.5,122.0,171.0,118.375,D:\AprPanama2025_fixed\041525_experimental\041525PA_experimental_part06.mp4,1900-01-01 20:14:01.800,880
97218,588,138,2.5,114.0,167.0,181.5,D:\AprPanama2025_fixed\041525_experimental\041525PA_experimental_part06.mp4,1900-01-01 20:14:01.800,888
97219,580,35,3.5,122.0,171.0,118.375,D:\AprPanama2025_fixed\041525_experimental\041525PA_experimental_part06.mp4,1900-01-01 20:14:01.900,880
97219,588,138,2.0,111.0,150.0,45.0,D:\AprPanama2025_fixed\041525_experimental\041525PA_experimental_part06.mp4,1900-01-01 20:14:01.900,888
97223,569,52,9.0,119.0,179.0,246.25,D:\AprPanama2025_fixed\041525_experimental\041525PA_experimental_part06.mp4,1900-01-01 20:14:02.300,869
97223,797,105,6.0,144.0,179.0,248.0,D:\AprPanama2025_fixed\041525_experimental\041525PA_experimental_part06.mp4,1900-01-01 20:14:02.300,1097
97225,569,53,11.5,113.0,178.0,248.1052631578947,D:\AprPanama2025_fixed\041525_experimental\041525PA_experimental_part06.mp4,1900-01-01 20:14:02.500,869
97225,797,106,4.5,146.0,178.0,242.1,D:\AprPanama2025_fixed\041525_experimental\041525PA_experimental_part06.mp4,1900-01-01 20:14:02.500,1097
97227,580,36,1.5,117.0,159.0,213.6,D:\AprPanama2025_fixed\041525_experimental\041525PA_experimental_part06.mp4,1900-01-01 20:14:02.700,880
97227,570,53,13.5,113.0,178.0,247.04545454545456,D:\AprPanama2025_fixed\041525_experimental\041525PA_experimental_part06.mp4,1900-01-01 20:14:02.700,870
97227,797,106,3.5,114.0,170.0,220.5,D:\AprPanama2025_fixed\041525_experimental\041525PA_experimental_part06.mp4,1900-01-01 20:14:02.700,1097
97224,569,53,8.5,122.0,171.0,246.2,D:\AprPanama2025_fixed\041525_experimental\041525PA_experimental_part06.mp4,1900-01-01 20:14:02.400,869
97224,797,105,6.0,148.0,178.0,244.16666666666663,D:\AprPanama2025_fixed\041525_experimental\041525PA_experimental_part06.mp4,1900-01-01 20:14:02.400,1097
97222,581,36,2.0,124.0,164.0,248.14285714285717,D:\AprPanama2025_fixed\041525_experimental\041525PA_experimental_part06.mp4,1900-01-01 20:14:02.200,881
97222,568,52,6.0,114.0,176.0,250.27272727272728,D:\AprPanama2025_fixed\041525_experimental\041525PA_experimental_part06.mp4,1900-01-01 20:14:02.200,868
97222,797,105,10.0,115.0,178.0,246.35294117647055,D:\AprPanama2025_fixed\041525_experimental\041525PA_experimental_part06.mp4,1900-01-01 20:14:02.200,1097
97226,580,36,1.5,127.0,161.0,245.2,D:\AprPanama2025_fixed\041525_experimental\041525PA_experimental_part06.mp4,1900-01-01 20:14:02.600,880
97226,570,53,15.0,112.0,179.0,245.78260869565216,D:\AprPanama2025_fixed\041525_experimental\041525PA_experimental_part06.mp4,1900-01-01 20:14:02.600,870
97226,797,106,3.5,112.0,177.0,237.25,D:\AprPanama2025_fixed\041525_experimental\041525PA_experimental_part06.mp4,1900-01-01 20:14:02.600,1097
97221,580,36,2.5,118.0,168.0,251.85714285714283,D:\AprPanama2025_fixed\041525_experimental\041525PA_experimental_part06.mp4,1900-01-01 20:14:02.100,880
97221,796,105,9.0,113.0,178.0,250.625,D:\AprPanama2025_fixed\041525_experimental\041525PA_experimental_part06.mp4,1900-01-01 20:14:02.100,1096
97220,797,104,7.0,119.0,178.0,247.92307692307693,D:\AprPanama2025_fixed\041525_experimental\041525PA_experimental_part06.mp4,1900-01-01 20:14:02.000,1097
97229,571,53,7.0,121.0,179.0,248.7692307692308,D:\AprPanama2025_fixed\041525_experimental\041525PA_experimental_part06.mp4,1900-01-01 20:14:02.900,871
97230,572,53,5.5,132.0,175.0,249.63636363636363,D:\AprPanama2025_fixed\041525_experimental\041525PA_experimental_part06.mp4,1900-01-01 20:14:03.000,872
97232,572,54,2.0,113.0,170.0,242.0,D:\AprPanama2025_fixed\041525_experimental\041525PA_experimental_part06.mp4,1900-01-01 20:14:03.200,872
97231,572,53,5.5,118.0,179.0,249.9090909090909,D:\AprPanama2025_fixed\041525_experimental\041525PA_experimental_part06.mp4,1900-01-01 20:14:03.100,872
97233,572,53,2.0,143.0,173.0,247.66666666666663,D:\AprPanama2025_fixed\041525_experimental\041525PA_experimental_part06.mp4,1900-01-01 20:14:03.300,872
97228,571,53,7.5,121.0,179.0,246.64285714285717,D:\AprPanama2025_fixed\041525_experimental\041525PA_experimental_part06.mp4,1900-01-01 20:14:02.800,871
97228,798,106,1.5,120.0,171.0,226.4,D:\AprPanama2025_fixed\041525_experimental\041525PA_experimental_part06.mp4,1900-01-01 20:14:02.800,1098
97237,573,54,1.5,116.0,156.0,122.0,D:\AprPanama2025_fixed\041525_experimental\041525PA_experimental_part06.mp4,1900-01-01 20:14:03.700,873
97242,802,75,3.0,111.0,162.0,240.42857142857144,D:\AprPanama2025_fixed\041525_experimental\041525PA_experimental_part06.mp4,1900-01-01 20:14:04.200,1102
97245,802,76,1.5,131.0,174.0,255.0,D:\AprPanama2025_fixed\041525_experimental\041525PA_experimental_part06.mp4,1900-01-01 20:14:04.500,1102
97244,802,76,3.0,122.0,168.0,241.57142857142856,D:\AprPanama2025_fixed\041525_experimental\041525PA_experimental_part06.mp4,1900-01-01 20:14:04.400,1102
99123,548,69,7.0,112.0,178.0,249.7142857142857,D:\AprPanama2025_fixed\041525_experimental\041525PA_experimental_part06.mp4,1900-01-01 20:17:12.300,848
99122,547,69,2.0,113.0,189.0,239.16666666666663,D:\AprPanama2025_fixed\041525_experimental\041525PA_experimental_part06.mp4,1900-01-01 20:17:12.200,847
99129,551,70,10.0,111.0,179.0,246.64705882352945,D:\AprPanama2025_fixed\041525_experimental\041525PA_experimental_part06.mp4,1900-01-01 20:17:12.900,851
99127,551,70,12.0,123.0,179.0,245.73684210526315,D:\AprPanama2025_fixed\041525_experimental\041525PA_experimental_part06.mp4,1900-01-01 20:17:12.700,851
99124,549,69,11.0,114.0,179.0,243.57894736842104,D:\AprPanama2025_fixed\041525_experimental\041525PA_experimental_part06.mp4,1900-01-01 20:17:12.400,849
99126,549,70,11.5,132.0,179.0,248.7,D:\AprPanama2025_fixed\041525_experimental\041525PA_experimental_part06.mp4,1900-01-01 20:17:12.600,849
99128,551,70,12.0,123.0,179.0,245.73684210526315,D:\AprPanama2025_fixed\041525_experimental\041525PA_experimental_part06.mp4,1900-01-01 20:17:12.800,851
99130,552,70,8.0,116.0,177.0,250.26666666666665,D:\AprPanama2025_fixed\041525_experimental\041525PA_experimental_part06.mp4,1900-01-01 20:17:13.000,852
99131,553,70,9.5,118.0,179.0,245.8823529411765,D:\AprPanama2025_fixed\041525_experimental\041525PA_experimental_part06.mp4,1900-01-01 20:17:13.100,853
99125,549,70,11.5,130.0,179.0,249.0,D:\AprPanama2025_fixed\041525_experimental\041525PA_experimental_part06.mp4,1900-01-01 20:17:12.500,849
99139,556,53,5.0,112.0,179.0,245.63636363636363,D:\AprPanama2025_fixed\041525_experimental\041525PA_experimental_part06.mp4,1900-01-01 20:17:13.900,856
99139,557,69,2.5,111.0,153.0,225.8333333333333,D:\AprPanama2025_fixed\041525_experimental\041525PA_experimental_part06.mp4,1900-01-01 20:17:13.900,857
99136,556,54,5.5,111.0,173.0,245.9090909090909,D:\AprPanama2025_fixed\041525_experimental\041525PA_experimental_part06.mp4,1900-01-01 20:17:13.600,856
99136,555,69,5.0,112.0,169.0,251.6,D:\AprPanama2025_fixed\041525_experimental\041525PA_experimental_part06.mp4,1900-01-01 20:17:13.600,855
99134,555,54,7.0,113.0,169.0,248.7692307692308,D:\AprPanama2025_fixed\041525_experimental\041525PA_experimental_part06.mp4,1900-01-01 20:17:13.400,855
99134,555,70,5.0,111.0,175.0,238.8181818181818,D:\AprPanama2025_fixed\041525_experimental\041525PA_experimental_part06.mp4,1900-01-01 20:17:13.400,855
99137,556,54,6.0,114.0,175.0,243.75,D:\AprPanama2025_fixed\041525_experimental\041525PA_experimental_part06.mp4,1900-01-01 20:17:13.700,856
99133,555,54,6.5,112.0,175.0,247.92307692307693,D:\AprPanama2025_fixed\041525_experimental\041525PA_experimental_part06.mp4,1900-01-01 20:17:13.300,855
99133,554,70,7.0,112.0,174.0,251.3846153846154,D:\AprPanama2025_fixed\041525_experimental\041525PA_experimental_part06.mp4,1900-01-01 20:17:13.300,854
99138,556,54,6.0,130.0,177.0,247.8333333333333,D:\AprPanama2025_fixed\041525_experimental\041525PA_experimental_part06.mp4,1900-01-01 20:17:13.800,856
99138,557,70,1.5,118.0,151.0,255.0,D:\AprPanama2025_fixed\041525_experimental\041525PA_experimental_part06.mp4,1900-01-01 20:17:13.800,857
99132,553,70,8.0,128.0,179.0,249.06666666666663,D:\AprPanama2025_fixed\041525_experimental\041525PA_experimental_part06.mp4,1900-01-01 20:17:13.200,853
99135,555,54,8.0,118.0,179.0,248.35714285714283,D:\AprPanama2025_fixed\041525_experimental\041525PA_experimental_part06.mp4,1900-01-01 20:17:13.500,855
99135,555,69,5.0,115.0,175.0,244.0,D:\AprPanama2025_fixed\041525_experimental\041525PA_experimental_part06.mp4,1900-01-01 20:17:13.500,855
99144,556,53,2.0,144.0,178.0,227.16666666666663,D:\AprPanama2025_fixed\041525_experimental\041525PA_experimental_part06.mp4,1900-01-01 20:17:14.400,856
99140,556,53,5.0,115.0,168.0,246.9090909090909,D:\AprPanama2025_fixed\041525_experimental\041525PA_experimental_part06.mp4,1900-01-01 20:17:14.000,856
99142,556,55,1.5,117.0,179.0,230.14285714285717,D:\AprPanama2025_fixed\041525_experimental\041525PA_experimental_part06.mp4,1900-01-01 20:17:14.200,856
99142,558,69,1.5,113.0,136.0,108.0,D:\AprPanama2025_fixed\041525_experimental\041525PA_experimental_part06.mp4,1900-01-01 20:17:14.200,858
99141,556,55,1.5,117.0,179.0,234.42857142857144,D:\AprPanama2025_fixed\041525_experimental\041525PA_experimental_part06.mp4,1900-01-01 20:17:14.100,856
99147,564,24,1.5,128.0,177.0,220.4,D:\AprPanama2025_fixed\041525_experimental\041525PA_experimental_part06.mp4,1900-01-01 20:17:14.700,864
99154,749,64,2.0,117.0,154.0,114.66666666666666,D:\AprPanama2025_fixed\041525_experimental\041525PA_experimental_part06.mp4,1900-01-01 20:17:15.400,1049
99154,559,98,3.0,120.0,175.0,241.4,D:\AprPanama2025_fixed\041525_experimental\041525PA_experimental_part06.mp4,1900-01-01 20:17:15.400,859
99148,564,24,3.0,114.0,178.0,242.7142857142857,D:\AprPanama2025_fixed\041525_experimental\041525PA_experimental_part06.mp4,1900-01-01 20:17:14.800,864
99150,559,98,1.5,118.0,142.0,61.400000000000006,D:\AprPanama2025_fixed\041525_experimental\041525PA_experimental_part06.mp4,1900-01-01 20:17:15.000,859
99155,749,64,1.5,111.0,163.0,145.20000000000002,D:\AprPanama2025_fixed\041525_experimental\041525PA_experimental_part06.mp4,1900-01-01 20:17:15.500,1049
99155,559,98,3.0,115.0,171.0,234.6,D:\AprPanama2025_fixed\041525_experimental\041525PA_experimental_part06.mp4,1900-01-01 20:17:15.500,859
99151,748,63,2.0,138.0,172.0,171.16666666666666,D:\AprPanama2025_fixed\041525_experimental\041525PA_experimental_part06.mp4,1900-01-01 20:17:15.100,1048
99151,560,98,1.5,119.0,173.0,236.0,D:\AprPanama2025_fixed\041525_experimental\041525PA_experimental_part06.mp4,1900-01-01 20:17:15.100,860
99153,749,64,2.0,117.0,154.0,114.66666666666666,D:\AprPanama2025_fixed\041525_experimental\041525PA_experimental_part06.mp4,1900-01-01 20:17:15.300,1049
99153,559,97,5.0,112.0,179.0,240.0833333333333,D:\AprPanama2025_fixed\041525_experimental\041525PA_experimental_part06.mp4,1900-01-01 20:17:15.300,859
99152,748,63,2.0,138.0,172.0,171.16666666666666,D:\AprPanama2025_fixed\041525_experimental\041525PA_experimental_part06.mp4,1900-01-01 20:17:15.200,1048
99152,559,97,5.0,112.0,179.0,240.0833333333333,D:\AprPanama2025_fixed\041525_experimental\041525PA_experimental_part06.mp4,1900-01-01 20:17:15.200,859
99157,522,100,3.5,120.0,157.0,135.5,D:\AprPanama2025_fixed\041525_experimental\041525PA_experimental_part06.mp4,1900-01-01 20:17:15.700,822
99158,522,100,3.5,120.0,157.0,135.5,D:\AprPanama2025_fixed\041525_experimental\041525PA_experimental_part06.mp4,1900-01-01 20:17:15.800,822
99156,559,98,3.0,115.0,171.0,234.6,D:\AprPanama2025_fixed\041525_experimental\041525PA_experimental_part06.mp4,1900-01-01 20:17:15.600,859
99164,521,102,1.5,122.0,145.0,148.6,D:\AprPanama2025_fixed\041525_experimental\041525PA_experimental_part06.mp4,1900-01-01 20:17:16.400,821
99174,765,88,2.5,126.0,163.0,166.28571428571428,D:\AprPanama2025_fixed\041525_experimental\041525PA_experimental_part06.mp4,1900-01-01 20:17:17.400,1065
99177,765,89,6.0,117.0,169.0,242.91666666666663,D:\AprPanama2025_fixed\041525_experimental\041525PA_experimental_part06.mp4,1900-01-01 20:17:17.700,1065
99175,764,88,5.5,140.0,179.0,248.3636363636364,D:\AprPanama2025_fixed\041525_experimental\041525PA_experimental_part06.mp4,1900-01-01 20:17:17.500,1064
99176,764,88,5.5,140.0,179.0,248.3636363636364,D:\AprPanama2025_fixed\041525_experimental\041525PA_experimental_part06.mp4,1900-01-01 20:17:17.600,1064
99178,765,89,6.0,117.0,169.0,242.91666666666663,D:\AprPanama2025_fixed\041525_experimental\041525PA_experimental_part06.mp4,1900-01-01 20:17:17.800,1065
99179,764,89,4.0,115.0,173.0,240.3333333333333,D:\AprPanama2025_fixed\041525_experimental\041525PA_experimental_part06.mp4,1900-01-01 20:17:17.900,1064
99183,763,89,6.0,114.0,164.0,236.66666666666663,D:\AprPanama2025_fixed\041525_experimental\041525PA_experimental_part06.mp4,1900-01-01 20:17:18.300,1063
99181,763,89,4.0,112.0,146.0,133.875,D:\AprPanama2025_fixed\041525_experimental\041525PA_experimental_part06.mp4,1900-01-01 20:17:18.100,1063
99185,763,89,2.5,114.0,144.0,175.16666666666666,D:\AprPanama2025_fixed\041525_experimental\041525PA_experimental_part06.mp4,1900-01-01 20:17:18.500,1063
99184,763,90,2.0,111.0,154.0,249.16666666666663,D:\AprPanama2025_fixed\041525_experimental\041525PA_experimental_part06.mp4,1900-01-01 20:17:18.400,1063
99182,763,89,5.0,116.0,164.0,206.6,D:\AprPanama2025_fixed\041525_experimental\041525PA_experimental_part06.mp4,1900-01-01 20:17:18.200,1063
99180,764,89,6.0,114.0,166.0,192.27272727272728,D:\AprPanama2025_fixed\041525_experimental\041525PA_experimental_part06.mp4,1900-01-01 20:17:18.000,1064
100683,494,100,6.0,136.0,180.0,251.75,D:\AprPanama2025_fixed\041525_experimental\041525PA_experimental_part06.mp4,1900-01-01 20:19:48.300,794
100686,425,100,1.5,116.0,136.0,243.0,D:\AprPanama2025_fixed\041525_experimental\041525PA_experimental_part06.mp4,1900-01-01 20:19:48.600,725
100686,494,99,7.0,111.0,179.0,246.0,D:\AprPanama2025_fixed\041525_experimental\041525PA_experimental_part06.mp4,1900-01-01 20:19:48.600,794
100690,570,67,7.0,121.0,179.0,248.5,D:\AprPanama2025_fixed\041525_experimental\041525PA_experimental_part06.mp4,1900-01-01 20:19:49.000,870
100690,493,99,3.5,135.0,187.0,240.125,D:\AprPanama2025_fixed\041525_experimental\041525PA_experimental_part06.mp4,1900-01-01 20:19:49.000,793
100691,570,67,7.0,125.0,179.0,246.92857142857144,D:\AprPanama2025_fixed\041525_experimental\041525PA_experimental_part06.mp4,1900-01-01 20:19:49.100,870
100691,494,98,4.0,120.0,171.0,215.88888888888889,D:\AprPanama2025_fixed\041525_experimental\041525PA_experimental_part06.mp4,1900-01-01 20:19:49.100,794
100689,570,66,7.5,111.0,179.0,244.78571428571428,D:\AprPanama2025_fixed\041525_experimental\041525PA_experimental_part06.mp4,1900-01-01 20:19:48.900,870
100689,493,99,5.5,112.0,176.0,234.63636363636363,D:\AprPanama2025_fixed\041525_experimental\041525PA_experimental_part06.mp4,1900-01-01 20:19:48.900,793
100688,494,99,5.5,121.0,178.0,237.8181818181818,D:\AprPanama2025_fixed\041525_experimental\041525PA_experimental_part06.mp4,1900-01-01 20:19:48.800,794
100685,494,100,7.5,125.0,179.0,237.57142857142856,D:\AprPanama2025_fixed\041525_experimental\041525PA_experimental_part06.mp4,1900-01-01 20:19:48.500,794
100684,494,100,6.0,136.0,180.0,251.75,D:\AprPanama2025_fixed\041525_experimental\041525PA_experimental_part06.mp4,1900-01-01 20:19:48.400,794
100687,570,65,2.0,137.0,176.0,252.8333333333333,D:\AprPanama2025_fixed\041525_experimental\041525PA_experimental_part06.mp4,1900-01-01 20:19:48.700,870
100687,494,99,6.5,132.0,179.0,245.25,D:\AprPanama2025_fixed\041525_experimental\041525PA_experimental_part06.mp4,1900-01-01 20:19:48.700,794
100698,569,66,3.5,136.0,177.0,224.25,D:\AprPanama2025_fixed\041525_experimental\041525PA_experimental_part06.mp4,1900-01-01 20:19:49.800,869
100698,665,90,11.0,113.0,181.0,253.55555555555557,D:\AprPanama2025_fixed\041525_experimental\041525PA_experimental_part06.mp4,1900-01-01 20:19:49.800,965
100694,570,66,5.5,119.0,178.0,244.3333333333333,D:\AprPanama2025_fixed\041525_experimental\041525PA_experimental_part06.mp4,1900-01-01 20:19:49.400,870
100694,662,91,13.0,122.0,179.0,250.35,D:\AprPanama2025_fixed\041525_experimental\041525PA_experimental_part06.mp4,1900-01-01 20:19:49.400,962
100694,493,97,3.0,115.0,166.0,137.85714285714286,D:\AprPanama2025_fixed\041525_experimental\041525PA_experimental_part06.mp4,1900-01-01 20:19:49.400,793
100697,569,66,3.5,139.0,182.0,225.625,D:\AprPanama2025_fixed\041525_experimental\041525PA_experimental_part06.mp4,1900-01-01 20:19:49.700,869
100697,664,91,13.5,115.0,179.0,247.9523809523809,D:\AprPanama2025_fixed\041525_experimental\041525PA_experimental_part06.mp4,1900-01-01 20:19:49.700,964
100696,570,66,4.0,116.0,179.0,242.6,D:\AprPanama2025_fixed\041525_experimental\041525PA_experimental_part06.mp4,1900-01-01 20:19:49.600,870
100696,663,91,10.0,136.0,179.0,247.41176470588235,D:\AprPanama2025_fixed\041525_experimental\041525PA_experimental_part06.mp4,1900-01-01 20:19:49.600,963
100696,493,98,1.5,115.0,169.0,110.8,D:\AprPanama2025_fixed\041525_experimental\041525PA_experimental_part06.mp4,1900-01-01 20:19:49.600,793
100695,570,66,4.5,130.0,179.0,249.3636363636364,D:\AprPanama2025_fixed\041525_experimental\041525PA_experimental_part06.mp4,1900-01-01 20:19:49.500,870
100695,663,91,10.0,128.0,179.0,247.2941176470588,D:\AprPanama2025_fixed\041525_experimental\041525PA_experimental_part06.mp4,1900-01-01 20:19:49.500,963
100695,493,97,3.0,115.0,166.0,137.85714285714286,D:\AprPanama2025_fixed\041525_experimental\041525PA_experimental_part06.mp4,1900-01-01 20:19:49.500,793
100699,569,66,5.0,119.0,181.0,232.9090909090909,D:\AprPanama2025_fixed\041525_experimental\041525PA_experimental_part06.mp4,1900-01-01 20:19:49.900,869
100699,626,83,1.5,124.0,134.0,48.2,D:\AprPanama2025_fixed\041525_experimental\041525PA_experimental_part06.mp4,1900-01-01 20:19:49.900,926
100699,666,90,10.5,111.0,178.0,242.66666666666663,D:\AprPanama2025_fixed\041525_experimental\041525PA_experimental_part06.mp4,1900-01-01 20:19:49.900,966
100693,570,67,4.5,131.0,168.0,250.9,D:\AprPanama2025_fixed\041525_experimental\041525PA_experimental_part06.mp4,1900-01-01 20:19:49.300,870
100693,662,91,10.5,124.0,179.0,248.0,D:\AprPanama2025_fixed\041525_experimental\041525PA_experimental_part06.mp4,1900-01-01 20:19:49.300,962
100693,493,99,1.5,119.0,170.0,182.8,D:\AprPanama2025_fixed\041525_experimental\041525PA_experimental_part06.mp4,1900-01-01 20:19:49.300,793
100692,570,66,5.0,131.0,179.0,245.8333333333333,D:\AprPanama2025_fixed\041525_experimental\041525PA_experimental_part06.mp4,1900-01-01 20:19:49.200,870
100692,494,98,4.0,120.0,171.0,215.88888888888889,D:\AprPanama2025_fixed\041525_experimental\041525PA_experimental_part06.mp4,1900-01-01 20:19:49.200,794
100706,628,83,9.0,114.0,176.0,243.8125,D:\AprPanama2025_fixed\041525_experimental\041525PA_experimental_part06.mp4,1900-01-01 20:19:50.600,928
100706,668,88,1.5,152.0,178.0,237.8,D:\AprPanama2025_fixed\041525_experimental\041525PA_experimental_part06.mp4,1900-01-01 20:19:50.600,968
100706,511,135,5.0,113.0,163.0,159.9,D:\AprPanama2025_fixed\041525_experimental\041525PA_experimental_part06.mp4,1900-01-01 20:19:50.600,811
100707,569,48,6.0,112.0,169.0,228.5,D:\AprPanama2025_fixed\041525_experimental\041525PA_experimental_part06.mp4,1900-01-01 20:19:50.700,869
100707,629,83,9.5,115.0,178.0,242.0625,D:\AprPanama2025_fixed\041525_experimental\041525PA_experimental_part06.mp4,1900-01-01 20:19:50.700,929
100707,668,88,2.0,120.0,174.0,174.33333333333331,D:\AprPanama2025_fixed\041525_experimental\041525PA_experimental_part06.mp4,1900-01-01 20:19:50.700,968
100707,511,135,5.0,130.0,176.0,215.6,D:\AprPanama2025_fixed\041525_experimental\041525PA_experimental_part06.mp4,1900-01-01 20:19:50.700,811
100704,627,84,9.5,113.0,179.0,251.7058823529412,D:\AprPanama2025_fixed\041525_experimental\041525PA_experimental_part06.mp4,1900-01-01 20:19:50.400,927
100704,667,89,7.5,121.0,178.0,246.64285714285717,D:\AprPanama2025_fixed\041525_experimental\041525PA_experimental_part06.mp4,1900-01-01 20:19:50.400,967
100701,570,68,3.0,120.0,163.0,250.2222222222222,D:\AprPanama2025_fixed\041525_experimental\041525PA_experimental_part06.mp4,1900-01-01 20:19:50.100,870
100701,626,84,8.5,112.0,176.0,246.13333333333333,D:\AprPanama2025_fixed\041525_experimental\041525PA_experimental_part06.mp4,1900-01-01 20:19:50.100,926
100701,667,89,8.5,127.0,177.0,244.2,D:\AprPanama2025_fixed\041525_experimental\041525PA_experimental_part06.mp4,1900-01-01 20:19:50.100,967
100705,628,83,10.5,124.0,179.0,241.2222222222222,D:\AprPanama2025_fixed\041525_experimental\041525PA_experimental_part06.mp4,1900-01-01 20:19:50.500,928
100705,668,88,1.5,132.0,172.0,241.6,D:\AprPanama2025_fixed\041525_experimental\041525PA_experimental_part06.mp4,1900-01-01 20:19:50.500,968
100700,666,90,9.5,121.0,179.0,244.58823529411765,D:\AprPanama2025_fixed\041525_experimental\041525PA_experimental_part06.mp4,1900-01-01 20:19:50.000,966
100702,570,68,2.5,116.0,173.0,250.375,D:\AprPanama2025_fixed\041525_experimental\041525PA_experimental_part06.mp4,1900-01-01 20:19:50.200,870
100702,626,84,10.0,112.0,179.0,248.1764705882353,D:\AprPanama2025_fixed\041525_experimental\041525PA_experimental_part06.mp4,1900-01-01 20:19:50.200,926
100702,667,89,7.5,118.0,170.0,245.78571428571428,D:\AprPanama2025_fixed\041525_experimental\041525PA_experimental_part06.mp4,1900-01-01 20:19:50.200,967
100703,627,83,10.0,121.0,179.0,252.7222222222222,D:\AprPanama2025_fixed\041525_experimental\041525PA_experimental_part06.mp4,1900-01-01 20:19:50.300,927
100703,667,89,9.0,115.0,176.0,247.8125,D:\AprPanama2025_fixed\041525_experimental\041525PA_experimental_part06.mp4,1900-01-01 20:19:50.300,967
100712,570,49,3.5,111.0,172.0,220.0,D:\AprPanama2025_fixed\041525_experimental\041525PA_experimental_part06.mp4,1900-01-01 20:19:51.200,870
100712,631,83,3.5,117.0,176.0,201.875,D:\AprPanama2025_fixed\041525_experimental\041525PA_experimental_part06.mp4,1900-01-01 20:19:51.200,931
100712,511,135,2.0,117.0,155.0,221.5,D:\AprPanama2025_fixed\041525_experimental\041525PA_experimental_part06.mp4,1900-01-01 20:19:51.200,811
100714,632,83,2.5,111.0,177.0,235.28571428571428,D:\AprPanama2025_fixed\041525_experimental\041525PA_experimental_part06.mp4,1900-01-01 20:19:51.400,932
100714,511,135,1.5,114.0,138.0,230.6,D:\AprPanama2025_fixed\041525_experimental\041525PA_experimental_part06.mp4,1900-01-01 20:19:51.400,811
100711,569,49,6.0,114.0,177.0,247.75,D:\AprPanama2025_fixed\041525_experimental\041525PA_experimental_part06.mp4,1900-01-01 20:19:51.100,869
100711,631,83,5.5,112.0,179.0,218.1818181818182,D:\AprPanama2025_fixed\041525_experimental\041525PA_experimental_part06.mp4,1900-01-01 20:19:51.100,931
100711,511,135,2.0,131.0,161.0,220.8333333333333,D:\AprPanama2025_fixed\041525_experimental\041525PA_experimental_part06.mp4,1900-01-01 20:19:51.100,811
100713,570,49,2.0,118.0,164.0,217.0,D:\AprPanama2025_fixed\041525_experimental\041525PA_experimental_part06.mp4,1900-01-01 20:19:51.300,870
100713,632,82,2.5,115.0,174.0,242.0,D:\AprPanama2025_fixed\041525_experimental\041525PA_experimental_part06.mp4,1900-01-01 20:19:51.300,932
100713,511,135,1.5,117.0,149.0,236.8,D:\AprPanama2025_fixed\041525_experimental\041525PA_experimental_part06.mp4,1900-01-01 20:19:51.300,811
100710,570,49,3.5,112.0,177.0,216.1111111111111,D:\AprPanama2025_fixed\041525_experimental\041525PA_experimental_part06.mp4,1900-01-01 20:19:51.000,870
100710,630,83,5.0,129.0,170.0,246.7,D:\AprPanama2025_fixed\041525_experimental\041525PA_experimental_part06.mp4,1900-01-01 20:19:51.000,930
100710,511,135,3.0,111.0,161.0,224.57142857142856,D:\AprPanama2025_fixed\041525_experimental\041525PA_experimental_part06.mp4,1900-01-01 20:19:51.000,811
100715,511,135,1.5,111.0,127.0,224.2,D:\AprPanama2025_fixed\041525_experimental\041525PA_experimental_part06.mp4,1900-01-01 20:19:51.500,811
100709,569,49,5.5,112.0,176.0,235.3636363636364,D:\AprPanama2025_fixed\041525_experimental\041525PA_experimental_part06.mp4,1900-01-01 20:19:50.900,869
100709,630,83,7.0,115.0,179.0,239.6923076923077,D:\AprPanama2025_fixed\041525_experimental\041525PA_experimental_part06.mp4,1900-01-01 20:19:50.900,930
100709,511,135,4.5,112.0,160.0,209.3333333333333,D:\AprPanama2025_fixed\041525_experimental\041525PA_experimental_part06.mp4,1900-01-01 20:19:50.900,811
100708,569,48,6.0,118.0,174.0,235.16666666666663,D:\AprPanama2025_fixed\041525_experimental\041525PA_experimental_part06.mp4,1900-01-01 20:19:50.800,869
100708,629,83,8.5,132.0,179.0,251.66666666666663,D:\AprPanama2025_fixed\041525_experimental\041525PA_experimental_part06.mp4,1900-01-01 20:19:50.800,929
100708,511,135,5.0,118.0,166.0,214.9,D:\AprPanama2025_fixed\041525_experimental\041525PA_experimental_part06.mp4,1900-01-01 20:19:50.800,811
100717,634,82,4.0,118.0,177.0,229.88888888888889,D:\AprPanama2025_fixed\041525_experimental\041525PA_experimental_part06.mp4,1900-01-01 20:19:51.700,934
100721,491,37,2.0,113.0,139.0,151.33333333333331,D:\AprPanama2025_fixed\041525_experimental\041525PA_experimental_part06.mp4,1900-01-01 20:19:52.100,791
100722,491,37,2.0,113.0,139.0,151.33333333333331,D:\AprPanama2025_fixed\041525_experimental\041525PA_experimental_part06.mp4,1900-01-01 20:19:52.200,791
100719,491,37,2.0,135.0,170.0,188.3333333333333,D:\AprPanama2025_fixed\041525_experimental\041525PA_experimental_part06.mp4,1900-01-01 20:19:51.900,791
100718,634,82,2.0,123.0,173.0,223.0,D:\AprPanama2025_fixed\041525_experimental\041525PA_experimental_part06.mp4,1900-01-01 20:19:51.800,934
100716,634,83,1.5,114.0,170.0,235.8,D:\AprPanama2025_fixed\041525_experimental\041525PA_experimental_part06.mp4,1900-01-01 20:19:51.600,934
100716,511,135,1.5,111.0,127.0,224.2,D:\AprPanama2025_fixed\041525_experimental\041525PA_experimental_part06.mp4,1900-01-01 20:19:51.600,811
100720,491,37,3.0,117.0,167.0,184.28571428571428,D:\AprPanama2025_fixed\041525_experimental\041525PA_experimental_part06.mp4,1900-01-01 20:19:52.000,791
100720,640,47,3.5,111.0,168.0,195.5,D:\AprPanama2025_fixed\041525_experimental\041525PA_experimental_part06.mp4,1900-01-01 20:19:52.000,940
100728,490,38,1.5,113.0,133.0,71.2,D:\AprPanama2025_fixed\041525_experimental\041525PA_experimental_part06.mp4,1900-01-01 20:19:52.800,790
100727,490,38,1.5,113.0,132.0,75.2,D:\AprPanama2025_fixed\041525_experimental\041525PA_experimental_part06.mp4,1900-01-01 20:19:52.700,790
103282,610,51,2.0,116.0,168.0,238.25,D:\AprPanama2025_fixed\041525_experimental\041525PA_experimental_part06.mp4,1900-01-01 20:24:08.200,910
103278,609,51,7.0,111.0,178.0,236.0769230769231,D:\AprPanama2025_fixed\041525_experimental\041525PA_experimental_part06.mp4,1900-01-01 20:24:07.800,909
103277,609,51,7.0,121.0,178.0,189.92307692307693,D:\AprPanama2025_fixed\041525_experimental\041525PA_experimental_part06.mp4,1900-01-01 20:24:07.700,909
103283,610,51,2.5,123.0,162.0,248.0,D:\AprPanama2025_fixed\041525_experimental\041525PA_experimental_part06.mp4,1900-01-01 20:24:08.300,910
103283,855,68,12.0,112.0,179.0,248.9047619047619,D:\AprPanama2025_fixed\041525_experimental\041525PA_experimental_part06.mp4,1900-01-01 20:24:08.300,1155
103284,610,52,3.5,114.0,167.0,243.66666666666663,D:\AprPanama2025_fixed\041525_experimental\041525PA_experimental_part06.mp4,1900-01-01 20:24:08.400,910
103284,856,68,16.0,112.0,179.0,252.4074074074074,D:\AprPanama2025_fixed\041525_experimental\041525PA_experimental_part06.mp4,1900-01-01 20:24:08.400,1156
103287,856,68,16.5,115.0,179.0,246.25925925925924,D:\AprPanama2025_fixed\041525_experimental\041525PA_experimental_part06.mp4,1900-01-01 20:24:08.700,1156
103289,856,67,11.5,111.0,179.0,241.9047619047619,D:\AprPanama2025_fixed\041525_experimental\041525PA_experimental_part06.mp4,1900-01-01 20:24:08.900,1156
103286,610,51,5.0,118.0,177.0,238.9,D:\AprPanama2025_fixed\041525_experimental\041525PA_experimental_part06.mp4,1900-01-01 20:24:08.600,910
103286,857,68,19.5,115.0,179.0,246.3548387096774,D:\AprPanama2025_fixed\041525_experimental\041525PA_experimental_part06.mp4,1900-01-01 20:24:08.600,1157
103288,856,68,17.0,111.0,179.0,247.10714285714283,D:\AprPanama2025_fixed\041525_experimental\041525PA_experimental_part06.mp4,1900-01-01 20:24:08.800,1156
103291,856,67,6.5,112.0,179.0,243.35714285714283,D:\AprPanama2025_fixed\041525_experimental\041525PA_experimental_part06.mp4,1900-01-01 20:24:09.100,1156
103285,610,52,4.5,125.0,177.0,246.9,D:\AprPanama2025_fixed\041525_experimental\041525PA_experimental_part06.mp4,1900-01-01 20:24:08.500,910
103285,857,68,19.0,114.0,179.0,245.4,D:\AprPanama2025_fixed\041525_experimental\041525PA_experimental_part06.mp4,1900-01-01 20:24:08.500,1157
103290,856,67,6.0,117.0,173.0,247.7692307692308,D:\AprPanama2025_fixed\041525_experimental\041525PA_experimental_part06.mp4,1900-01-01 20:24:09.000,1156
103296,714,61,4.0,135.0,179.0,249.3333333333333,D:\AprPanama2025_fixed\041525_experimental\041525PA_experimental_part06.mp4,1900-01-01 20:24:09.600,1014
103297,714,61,9.0,116.0,179.0,211.06666666666663,D:\AprPanama2025_fixed\041525_experimental\041525PA_experimental_part06.mp4,1900-01-01 20:24:09.700,1014
103299,714,61,9.5,116.0,178.0,205.5625,D:\AprPanama2025_fixed\041525_experimental\041525PA_experimental_part06.mp4,1900-01-01 20:24:09.900,1014
103295,714,61,4.0,134.0,178.0,240.55555555555557,D:\AprPanama2025_fixed\041525_experimental\041525PA_experimental_part06.mp4,1900-01-01 20:24:09.500,1014
103298,714,61,9.5,116.0,179.0,206.3125,D:\AprPanama2025_fixed\041525_experimental\041525PA_experimental_part06.mp4,1900-01-01 20:24:09.800,1014
103292,857,67,2.0,111.0,143.0,251.44444444444443,D:\AprPanama2025_fixed\041525_experimental\041525PA_experimental_part06.mp4,1900-01-01 20:24:09.200,1157
103304,477,15,5.0,121.0,174.0,238.3636363636364,D:\AprPanama2025_fixed\041525_experimental\041525PA_experimental_part06.mp4,1900-01-01 20:24:10.400,777
103304,712,61,3.5,135.0,166.0,188.375,D:\AprPanama2025_fixed\041525_experimental\041525PA_experimental_part06.mp4,1900-01-01 20:24:10.400,1012
103304,517,127,3.5,120.0,165.0,251.75,D:\AprPanama2025_fixed\041525_experimental\041525PA_experimental_part06.mp4,1900-01-01 20:24:10.400,817
103305,477,14,4.0,119.0,176.0,244.1111111111111,D:\AprPanama2025_fixed\041525_experimental\041525PA_experimental_part06.mp4,1900-01-01 20:24:10.500,777
103305,712,61,3.5,130.0,171.0,188.5,D:\AprPanama2025_fixed\041525_experimental\041525PA_experimental_part06.mp4,1900-01-01 20:24:10.500,1012
103305,517,126,10.5,118.0,179.0,245.38888888888889,D:\AprPanama2025_fixed\041525_experimental\041525PA_experimental_part06.mp4,1900-01-01 20:24:10.500,817
103307,478,14,3.0,118.0,174.0,236.28571428571428,D:\AprPanama2025_fixed\041525_experimental\041525PA_experimental_part06.mp4,1900-01-01 20:24:10.700,778
103307,848,18,3.0,117.0,169.0,153.42857142857142,D:\AprPanama2025_fixed\041525_experimental\041525PA_experimental_part06.mp4,1900-01-01 20:24:10.700,1148
103307,517,125,9.5,114.0,175.0,246.23529411764704,D:\AprPanama2025_fixed\041525_experimental\041525PA_experimental_part06.mp4,1900-01-01 20:24:10.700,817
103300,713,61,9.5,119.0,175.0,204.1875,D:\AprPanama2025_fixed\041525_experimental\041525PA_experimental_part06.mp4,1900-01-01 20:24:10.000,1013
103301,713,62,4.5,136.0,169.0,186.6,D:\AprPanama2025_fixed\041525_experimental\041525PA_experimental_part06.mp4,1900-01-01 20:24:10.100,1013
103303,477,15,6.0,113.0,173.0,237.72727272727275,D:\AprPanama2025_fixed\041525_experimental\041525PA_experimental_part06.mp4,1900-01-01 20:24:10.300,777
103303,713,62,3.5,117.0,160.0,164.125,D:\AprPanama2025_fixed\041525_experimental\041525PA_experimental_part06.mp4,1900-01-01 20:24:10.300,1013
103306,478,14,2.0,115.0,179.0,255.0,D:\AprPanama2025_fixed\041525_experimental\041525PA_experimental_part06.mp4,1900-01-01 20:24:10.600,778
103306,848,18,2.0,114.0,174.0,224.5,D:\AprPanama2025_fixed\041525_experimental\041525PA_experimental_part06.mp4,1900-01-01 20:24:10.600,1148
103306,517,125,11.0,123.0,179.0,244.8421052631579,D:\AprPanama2025_fixed\041525_experimental\041525PA_experimental_part06.mp4,1900-01-01 20:24:10.600,817
103302,713,62,4.0,124.0,163.0,187.11111111111111,D:\AprPanama2025_fixed\041525_experimental\041525PA_experimental_part06.mp4,1900-01-01 20:24:10.200,1013
103309,479,13,1.5,122.0,154.0,250.6,D:\AprPanama2025_fixed\041525_experimental\041525PA_experimental_part06.mp4,1900-01-01 20:24:10.900,779
103309,517,125,10.5,114.0,179.0,237.7222222222222,D:\AprPanama2025_fixed\041525_experimental\041525PA_experimental_part06.mp4,1900-01-01 20:24:10.900,817
103310,517,124,8.5,120.0,174.0,239.8125,D:\AprPanama2025_fixed\041525_experimental\041525PA_experimental_part06.mp4,1900-01-01 20:24:11.000,817
103314,516,124,4.0,118.0,177.0,234.0909090909091,D:\AprPanama2025_fixed\041525_experimental\041525PA_experimental_part06.mp4,1900-01-01 20:24:11.400,816
103312,480,12,1.5,141.0,175.0,242.2,D:\AprPanama2025_fixed\041525_experimental\041525PA_experimental_part06.mp4,1900-01-01 20:24:11.200,780
103312,516,124,11.0,113.0,179.0,243.8947368421053,D:\AprPanama2025_fixed\041525_experimental\041525PA_experimental_part06.mp4,1900-01-01 20:24:11.200,816
103311,480,12,1.5,141.0,175.0,242.2,D:\AprPanama2025_fixed\041525_experimental\041525PA_experimental_part06.mp4,1900-01-01 20:24:11.100,780
103311,516,124,8.0,121.0,179.0,252.86666666666667,D:\AprPanama2025_fixed\041525_experimental\041525PA_experimental_part06.mp4,1900-01-01 20:24:11.100,816
103313,516,123,6.5,128.0,179.0,252.92857142857144,D:\AprPanama2025_fixed\041525_experimental\041525PA_experimental_part06.mp4,1900-01-01 20:24:11.300,816
103308,479,14,1.5,114.0,144.0,248.0,D:\AprPanama2025_fixed\041525_experimental\041525PA_experimental_part06.mp4,1900-01-01 20:24:10.800,779
103308,848,18,3.0,117.0,169.0,153.42857142857142,D:\AprPanama2025_fixed\041525_experimental\041525PA_experimental_part06.mp4,1900-01-01 20:24:10.800,1148
103308,517,125,9.5,128.0,176.0,248.23529411764704,D:\AprPanama2025_fixed\041525_experimental\041525PA_experimental_part06.mp4,1900-01-01 20:24:10.800,817
103317,515,123,2.0,117.0,165.0,251.875,D:\AprPanama2025_fixed\041525_experimental\041525PA_experimental_part06.mp4,1900-01-01 20:24:11.700,815
103316,515,123,1.5,114.0,136.0,222.8,D:\AprPanama2025_fixed\041525_experimental\041525PA_experimental_part06.mp4,1900-01-01 20:24:11.600,815
103329,373,189,2.5,136.0,176.0,195.16666666666663,D:\AprPanama2025_fixed\041525_experimental\041525PA_experimental_part06.mp4,1900-01-01 20:24:12.900,673
105263,664,41,9.5,135.0,179.0,255.0,D:\AprPanama2025_fixed\041525_experimental\041525PA_experimental_part06.mp4,1900-01-01 20:27:26.300,964
105261,663,41,3.0,115.0,171.0,243.875,D:\AprPanama2025_fixed\041525_experimental\041525PA_experimental_part06.mp4,1900-01-01 20:27:26.100,963
105260,662,40,5.0,120.0,178.0,219.7,D:\AprPanama2025_fixed\041525_experimental\041525PA_experimental_part06.mp4,1900-01-01 20:27:26.000,962
105265,665,41,8.5,115.0,179.0,245.8,D:\AprPanama2025_fixed\041525_experimental\041525PA_experimental_part06.mp4,1900-01-01 20:27:26.500,965
105264,664,41,12.5,117.0,179.0,244.45,D:\AprPanama2025_fixed\041525_experimental\041525PA_experimental_part06.mp4,1900-01-01 20:27:26.400,964
105266,665,41,7.5,113.0,179.0,250.07142857142856,D:\AprPanama2025_fixed\041525_experimental\041525PA_experimental_part06.mp4,1900-01-01 20:27:26.600,965
105267,665,41,7.5,113.0,178.0,246.7142857142857,D:\AprPanama2025_fixed\041525_experimental\041525PA_experimental_part06.mp4,1900-01-01 20:27:26.700,965
105262,663,42,8.5,131.0,179.0,246.06666666666663,D:\AprPanama2025_fixed\041525_experimental\041525PA_experimental_part06.mp4,1900-01-01 20:27:26.200,963
105272,667,41,3.5,121.0,167.0,249.55555555555557,D:\AprPanama2025_fixed\041525_experimental\041525PA_experimental_part06.mp4,1900-01-01 20:27:27.200,967
105272,687,149,8.0,113.0,179.0,241.07142857142856,D:\AprPanama2025_fixed\041525_experimental\041525PA_experimental_part06.mp4,1900-01-01 20:27:27.200,987
105273,668,41,5.0,132.0,179.0,238.5,D:\AprPanama2025_fixed\041525_experimental\041525PA_experimental_part06.mp4,1900-01-01 20:27:27.300,968
105273,687,149,7.0,113.0,179.0,234.30769230769232,D:\AprPanama2025_fixed\041525_experimental\041525PA_experimental_part06.mp4,1900-01-01 20:27:27.300,987
105274,668,41,3.5,111.0,163.0,205.3333333333333,D:\AprPanama2025_fixed\041525_experimental\041525PA_experimental_part06.mp4,1900-01-01 20:27:27.400,968
105274,687,149,6.0,138.0,176.0,253.41666666666663,D:\AprPanama2025_fixed\041525_experimental\041525PA_experimental_part06.mp4,1900-01-01 20:27:27.400,987
105271,667,42,2.0,132.0,163.0,255.0,D:\AprPanama2025_fixed\041525_experimental\041525PA_experimental_part06.mp4,1900-01-01 20:27:27.100,967
105275,704,100,1.5,126.0,165.0,122.4,D:\AprPanama2025_fixed\041525_experimental\041525PA_experimental_part06.mp4,1900-01-01 20:27:27.500,1004
105275,687,150,8.0,130.0,179.0,250.5,D:\AprPanama2025_fixed\041525_experimental\041525PA_experimental_part06.mp4,1900-01-01 20:27:27.500,987
105269,666,41,4.5,116.0,179.0,254.1,D:\AprPanama2025_fixed\041525_experimental\041525PA_experimental_part06.mp4,1900-01-01 20:27:26.900,966
105270,667,41,5.5,130.0,176.0,242.0909090909091,D:\AprPanama2025_fixed\041525_experimental\041525PA_experimental_part06.mp4,1900-01-01 20:27:27.000,967
105268,665,41,6.5,125.0,179.0,250.61538461538464,D:\AprPanama2025_fixed\041525_experimental\041525PA_experimental_part06.mp4,1900-01-01 20:27:26.800,965
105282,699,101,8.5,140.0,179.0,249.0,D:\AprPanama2025_fixed\041525_experimental\041525PA_experimental_part06.mp4,1900-01-01 20:27:28.200,999
105282,690,152,3.5,119.0,177.0,240.25,D:\AprPanama2025_fixed\041525_experimental\041525PA_experimental_part06.mp4,1900-01-01 20:27:28.200,990
105279,700,101,10.0,116.0,179.0,247.66666666666663,D:\AprPanama2025_fixed\041525_experimental\041525PA_experimental_part06.mp4,1900-01-01 20:27:27.900,1000
105279,688,151,3.5,121.0,178.0,247.88888888888889,D:\AprPanama2025_fixed\041525_experimental\041525PA_experimental_part06.mp4,1900-01-01 20:27:27.900,988
105278,670,41,2.5,111.0,148.0,114.28571428571428,D:\AprPanama2025_fixed\041525_experimental\041525PA_experimental_part06.mp4,1900-01-01 20:27:27.800,970
105278,700,101,9.5,115.0,178.0,247.94117647058823,D:\AprPanama2025_fixed\041525_experimental\041525PA_experimental_part06.mp4,1900-01-01 20:27:27.800,1000
105278,688,151,3.0,113.0,171.0,247.77777777777777,D:\AprPanama2025_fixed\041525_experimental\041525PA_experimental_part06.mp4,1900-01-01 20:27:27.800,988
105281,699,102,6.5,122.0,179.0,252.92307692307693,D:\AprPanama2025_fixed\041525_experimental\041525PA_experimental_part06.mp4,1900-01-01 20:27:28.100,999
105281,689,152,3.5,118.0,173.0,240.875,D:\AprPanama2025_fixed\041525_experimental\041525PA_experimental_part06.mp4,1900-01-01 20:27:28.100,989
105277,669,42,1.5,116.0,151.0,199.8333333333333,D:\AprPanama2025_fixed\041525_experimental\041525PA_experimental_part06.mp4,1900-01-01 20:27:27.700,969
105277,701,102,7.0,111.0,179.0,240.7692307692308,D:\AprPanama2025_fixed\041525_experimental\041525PA_experimental_part06.mp4,1900-01-01 20:27:27.700,1001
105277,688,151,4.0,122.0,179.0,237.77777777777777,D:\AprPanama2025_fixed\041525_experimental\041525PA_experimental_part06.mp4,1900-01-01 20:27:27.700,988
105280,700,101,10.0,116.0,178.0,248.88888888888889,D:\AprPanama2025_fixed\041525_experimental\041525PA_experimental_part06.mp4,1900-01-01 20:27:28.000,1000
105280,689,151,6.0,116.0,179.0,238.3333333333333,D:\AprPanama2025_fixed\041525_experimental\041525PA_experimental_part06.mp4,1900-01-01 20:27:28.000,989
105283,699,101,8.5,119.0,175.0,249.625,D:\AprPanama2025_fixed\041525_experimental\041525PA_experimental_part06.mp4,1900-01-01 20:27:28.300,999
105283,690,153,3.5,111.0,174.0,206.625,D:\AprPanama2025_fixed\041525_experimental\041525PA_experimental_part06.mp4,1900-01-01 20:27:28.300,990
105276,701,101,5.5,129.0,172.0,238.8181818181818,D:\AprPanama2025_fixed\041525_experimental\041525PA_experimental_part06.mp4,1900-01-01 20:27:27.600,1001
105276,688,150,5.5,118.0,179.0,254.45454545454547,D:\AprPanama2025_fixed\041525_experimental\041525PA_experimental_part06.mp4,1900-01-01 20:27:27.600,988
105289,809,69,11.0,123.0,179.0,213.44444444444443,D:\AprPanama2025_fixed\041525_experimental\041525PA_experimental_part06.mp4,1900-01-01 20:27:28.900,1109
105289,677,98,8.0,118.0,179.0,250.14285714285717,D:\AprPanama2025_fixed\041525_experimental\041525PA_experimental_part06.mp4,1900-01-01 20:27:28.900,977
105289,699,101,4.0,114.0,173.0,249.88888888888889,D:\AprPanama2025_fixed\041525_experimental\041525PA_experimental_part06.mp4,1900-01-01 20:27:28.900,999
105289,687,126,2.5,118.0,164.0,183.42857142857144,D:\AprPanama2025_fixed\041525_experimental\041525PA_experimental_part06.mp4,1900-01-01 20:27:28.900,987
105286,810,68,3.0,121.0,173.0,245.9,D:\AprPanama2025_fixed\041525_experimental\041525PA_experimental_part06.mp4,1900-01-01 20:27:28.600,1110
105286,675,98,7.0,118.0,178.0,243.15384615384616,D:\AprPanama2025_fixed\041525_experimental\041525PA_experimental_part06.mp4,1900-01-01 20:27:28.600,975
105286,699,101,6.5,124.0,171.0,237.84615384615387,D:\AprPanama2025_fixed\041525_experimental\041525PA_experimental_part06.mp4,1900-01-01 20:27:28.600,999
105286,687,126,2.0,111.0,165.0,234.0,D:\AprPanama2025_fixed\041525_experimental\041525PA_experimental_part06.mp4,1900-01-01 20:27:28.600,987
105287,809,69,9.5,111.0,173.0,237.75,D:\AprPanama2025_fixed\041525_experimental\041525PA_experimental_part06.mp4,1900-01-01 20:27:28.700,1109
105287,675,98,8.5,111.0,179.0,250.4,D:\AprPanama2025_fixed\041525_experimental\041525PA_experimental_part06.mp4,1900-01-01 20:27:28.700,975
105287,699,101,6.5,111.0,172.0,246.53846153846155,D:\AprPanama2025_fixed\041525_experimental\041525PA_experimental_part06.mp4,1900-01-01 20:27:28.700,999
105287,687,126,4.0,126.0,171.0,212.3333333333333,D:\AprPanama2025_fixed\041525_experimental\041525PA_experimental_part06.mp4,1900-01-01 20:27:28.700,987
105290,708,68,1.5,137.0,179.0,240.2,D:\AprPanama2025_fixed\041525_experimental\041525PA_experimental_part06.mp4,1900-01-01 20:27:29.000,1008
105290,809,69,10.0,122.0,179.0,227.8235294117647,D:\AprPanama2025_fixed\041525_experimental\041525PA_experimental_part06.mp4,1900-01-01 20:27:29.000,1109
105290,677,99,9.5,119.0,176.0,252.4375,D:\AprPanama2025_fixed\041525_experimental\041525PA_experimental_part06.mp4,1900-01-01 20:27:29.000,977
105290,700,101,2.5,111.0,165.0,244.25,D:\AprPanama2025_fixed\041525_experimental\041525PA_experimental_part06.mp4,1900-01-01 20:27:29.000,1000
105290,687,126,4.0,114.0,176.0,226.66666666666663,D:\AprPanama2025_fixed\041525_experimental\041525PA_experimental_part06.mp4,1900-01-01 20:27:29.000,987
105288,809,69,11.0,111.0,178.0,220.0,D:\AprPanama2025_fixed\041525_experimental\041525PA_experimental_part06.mp4,1900-01-01 20:27:28.800,1109
105288,676,98,11.0,120.0,179.0,247.0,D:\AprPanama2025_fixed\041525_experimental\041525PA_experimental_part06.mp4,1900-01-01 20:27:28.800,976
105288,699,101,2.5,112.0,155.0,246.85714285714283,D:\AprPanama2025_fixed\041525_experimental\041525PA_experimental_part06.mp4,1900-01-01 20:27:28.800,999
105291,707,68,4.0,112.0,179.0,241.88888888888889,D:\AprPanama2025_fixed\041525_experimental\041525PA_experimental_part06.mp4,1900-01-01 20:27:29.100,1007
105291,809,69,9.0,117.0,177.0,230.0,D:\AprPanama2025_fixed\041525_experimental\041525PA_experimental_part06.mp4,1900-01-01 20:27:29.100,1109
105291,522,91,1.5,119.0,166.0,212.4,D:\AprPanama2025_fixed\041525_experimental\041525PA_experimental_part06.mp4,1900-01-01 20:27:29.100,822
105291,677,99,9.0,112.0,178.0,245.33333333333331,D:\AprPanama2025_fixed\041525_experimental\041525PA_experimental_part06.mp4,1900-01-01 20:27:29.100,977
105291,698,101,1.5,140.0,168.0,254.8333333333333,D:\AprPanama2025_fixed\041525_experimental\041525PA_experimental_part06.mp4,1900-01-01 20:27:29.100,998
105291,686,127,1.5,131.0,170.0,213.0,D:\AprPanama2025_fixed\041525_experimental\041525PA_experimental_part06.mp4,1900-01-01 20:27:29.100,986
105285,699,101,7.0,112.0,175.0,236.4,D:\AprPanama2025_fixed\041525_experimental\041525PA_experimental_part06.mp4,1900-01-01 20:27:28.500,999
105285,687,125,1.5,117.0,140.0,245.8,D:\AprPanama2025_fixed\041525_experimental\041525PA_experimental_part06.mp4,1900-01-01 20:27:28.500,987
105285,690,154,1.5,114.0,156.0,253.4,D:\AprPanama2025_fixed\041525_experimental\041525PA_experimental_part06.mp4,1900-01-01 20:27:28.500,990
105284,700,101,8.0,111.0,178.0,246.33333333333331,D:\AprPanama2025_fixed\041525_experimental\041525PA_experimental_part06.mp4,1900-01-01 20:27:28.400,1000
105284,687,125,1.5,115.0,140.0,229.0,D:\AprPanama2025_fixed\041525_experimental\041525PA_experimental_part06.mp4,1900-01-01 20:27:28.400,987
105293,809,68,6.0,113.0,179.0,236.3333333333333,D:\AprPanama2025_fixed\041525_experimental\041525PA_experimental_part06.mp4,1900-01-01 20:27:29.300,1109
105293,708,68,4.5,125.0,179.0,252.0,D:\AprPanama2025_fixed\041525_experimental\041525PA_experimental_part06.mp4,1900-01-01 20:27:29.300,1008
105293,522,90,3.0,119.0,177.0,234.7142857142857,D:\AprPanama2025_fixed\041525_experimental\041525PA_experimental_part06.mp4,1900-01-01 20:27:29.300,822
105293,678,99,9.0,113.0,178.0,233.53333333333333,D:\AprPanama2025_fixed\041525_experimental\041525PA_experimental_part06.mp4,1900-01-01 20:27:29.300,978
105294,809,68,5.5,119.0,173.0,230.1818181818182,D:\AprPanama2025_fixed\041525_experimental\041525PA_experimental_part06.mp4,1900-01-01 20:27:29.400,1109
105294,708,69,4.0,113.0,178.0,249.0,D:\AprPanama2025_fixed\041525_experimental\041525PA_experimental_part06.mp4,1900-01-01 20:27:29.400,1008
105294,678,99,2.5,118.0,178.0,241.14285714285717,D:\AprPanama2025_fixed\041525_experimental\041525PA_experimental_part06.mp4,1900-01-01 20:27:29.400,978
105299,708,69,1.5,134.0,172.0,187.2,D:\AprPanama2025_fixed\041525_experimental\041525PA_experimental_part06.mp4,1900-01-01 20:27:29.900,1008
105299,687,105,1.5,113.0,147.0,106.2,D:\AprPanama2025_fixed\041525_experimental\041525PA_experimental_part06.mp4,1900-01-01 20:27:29.900,987
105297,708,68,1.5,127.0,178.0,227.2,D:\AprPanama2025_fixed\041525_experimental\041525PA_experimental_part06.mp4,1900-01-01 20:27:29.700,1008
105297,808,68,1.5,114.0,168.0,242.0,D:\AprPanama2025_fixed\041525_experimental\041525PA_experimental_part06.mp4,1900-01-01 20:27:29.700,1108
105297,679,99,5.5,112.0,165.0,178.0909090909091,D:\AprPanama2025_fixed\041525_experimental\041525PA_experimental_part06.mp4,1900-01-01 20:27:29.700,979
105295,809,68,5.5,114.0,185.0,236.54545454545456,D:\AprPanama2025_fixed\041525_experimental\041525PA_experimental_part06.mp4,1900-01-01 20:27:29.500,1109
105295,708,68,2.0,118.0,178.0,242.5,D:\AprPanama2025_fixed\041525_experimental\041525PA_experimental_part06.mp4,1900-01-01 20:27:29.500,1008
105295,678,100,2.0,117.0,156.0,249.0,D:\AprPanama2025_fixed\041525_experimental\041525PA_experimental_part06.mp4,1900-01-01 20:27:29.500,978
105296,708,68,1.5,136.0,179.0,237.8,D:\AprPanama2025_fixed\041525_experimental\041525PA_experimental_part06.mp4,1900-01-01 20:27:29.600,1008
105296,809,68,4.0,116.0,173.0,218.0,D:\AprPanama2025_fixed\041525_experimental\041525PA_experimental_part06.mp4,1900-01-01 20:27:29.600,1109
105296,678,100,2.0,117.0,156.0,249.0,D:\AprPanama2025_fixed\041525_experimental\041525PA_experimental_part06.mp4,1900-01-01 20:27:29.600,978
105292,707,68,4.0,112.0,179.0,249.44444444444443,D:\AprPanama2025_fixed\041525_experimental\041525PA_experimental_part06.mp4,1900-01-01 20:27:29.200,1007
105292,809,69,7.0,131.0,177.0,222.84615384615387,D:\AprPanama2025_fixed\041525_experimental\041525PA_experimental_part06.mp4,1900-01-01 20:27:29.200,1109
105292,522,90,2.0,122.0,179.0,227.16666666666663,D:\AprPanama2025_fixed\041525_experimental\041525PA_experimental_part06.mp4,1900-01-01 20:27:29.200,822
105292,678,99,9.0,113.0,177.0,250.53333333333333,D:\AprPanama2025_fixed\041525_experimental\041525PA_experimental_part06.mp4,1900-01-01 20:27:29.200,978
105304,688,105,2.0,123.0,164.0,153.66666666666666,D:\AprPanama2025_fixed\041525_experimental\041525PA_experimental_part06.mp4,1900-01-01 20:27:30.400,988
105303,549,51,5.5,118.0,179.0,250.0,D:\AprPanama2025_fixed\041525_experimental\041525PA_experimental_part06.mp4,1900-01-01 20:27:30.300,849
105303,688,105,2.0,112.0,165.0,195.16666666666663,D:\AprPanama2025_fixed\041525_experimental\041525PA_experimental_part06.mp4,1900-01-01 20:27:30.300,988
105305,688,105,1.5,121.0,143.0,51.400000000000006,D:\AprPanama2025_fixed\041525_experimental\041525PA_experimental_part06.mp4,1900-01-01 20:27:30.500,988
105302,549,51,4.0,118.0,172.0,250.66666666666663,D:\AprPanama2025_fixed\041525_experimental\041525PA_experimental_part06.mp4,1900-01-01 20:27:30.200,849
105301,688,105,1.5,121.0,162.0,108.6,D:\AprPanama2025_fixed\041525_experimental\041525PA_experimental_part06.mp4,1900-01-01 20:27:30.100,988
105307,550,52,1.5,118.0,151.0,254.0,D:\AprPanama2025_fixed\041525_experimental\041525PA_experimental_part06.mp4,1900-01-01 20:27:30.700,850
105300,680,99,2.0,112.0,156.0,162.5,D:\AprPanama2025_fixed\041525_experimental\041525PA_experimental_part06.mp4,1900-01-01 20:27:30.000,980
105315,689,84,3.5,128.0,177.0,203.125,D:\AprPanama2025_fixed\041525_experimental\041525PA_experimental_part06.mp4,1900-01-01 20:27:31.500,989
105313,689,84,3.5,113.0,177.0,238.625,D:\AprPanama2025_fixed\041525_experimental\041525PA_experimental_part06.mp4,1900-01-01 20:27:31.300,989
105308,551,51,1.5,123.0,139.0,103.6,D:\AprPanama2025_fixed\041525_experimental\041525PA_experimental_part06.mp4,1900-01-01 20:27:30.800,851
106835,329,92,1.5,125.0,166.0,214.0,D:\AprPanama2025_fixed\041525_experimental\041525PA_experimental_part06.mp4,1900-01-01 20:30:03.500,629
109062,657,270,1.5,111.0,165.0,232.8,D:\AprPanama2025_fixed\041525_experimental\041525PA_experimental_part07.mp4,1900-01-01 20:33:46.200,957
109059,656,269,1.5,113.0,141.0,47.400000000000006,D:\AprPanama2025_fixed\041525_experimental\041525PA_experimental_part07.mp4,1900-01-01 20:33:45.900,956
109071,578,157,4.0,143.0,178.0,232.55555555555557,D:\AprPanama2025_fixed\041525_experimental\041525PA_experimental_part07.mp4,1900-01-01 20:33:47.100,878
109073,577,156,4.5,126.0,175.0,210.66666666666663,D:\AprPanama2025_fixed\041525_experimental\041525PA_experimental_part07.mp4,1900-01-01 20:33:47.300,877
109073,752,179,14.0,111.0,178.0,252.1818181818182,D:\AprPanama2025_fixed\041525_experimental\041525PA_experimental_part07.mp4,1900-01-01 20:33:47.300,1052
109074,578,156,3.0,112.0,169.0,175.7142857142857,D:\AprPanama2025_fixed\041525_experimental\041525PA_experimental_part07.mp4,1900-01-01 20:33:47.400,878
109074,752,179,16.0,117.0,179.0,250.96,D:\AprPanama2025_fixed\041525_experimental\041525PA_experimental_part07.mp4,1900-01-01 20:33:47.400,1052
109068,580,158,5.0,111.0,169.0,175.9,D:\AprPanama2025_fixed\041525_experimental\041525PA_experimental_part07.mp4,1900-01-01 20:33:46.800,880
109067,580,158,3.5,120.0,176.0,204.375,D:\AprPanama2025_fixed\041525_experimental\041525PA_experimental_part07.mp4,1900-01-01 20:33:46.700,880
109069,579,157,6.5,114.0,172.0,209.66666666666663,D:\AprPanama2025_fixed\041525_experimental\041525PA_experimental_part07.mp4,1900-01-01 20:33:46.900,879
109072,578,157,1.5,124.0,162.0,242.2,D:\AprPanama2025_fixed\041525_experimental\041525PA_experimental_part07.mp4,1900-01-01 20:33:47.200,878
109072,751,179,7.0,112.0,173.0,209.6923076923077,D:\AprPanama2025_fixed\041525_experimental\041525PA_experimental_part07.mp4,1900-01-01 20:33:47.200,1051
109070,579,157,6.5,114.0,172.0,211.41666666666663,D:\AprPanama2025_fixed\041525_experimental\041525PA_experimental_part07.mp4,1900-01-01 20:33:47.000,879
109075,577,173,1.5,130.0,138.0,190.0,D:\AprPanama2025_fixed\041525_experimental\041525PA_experimental_part07.mp4,1900-01-01 20:33:47.500,877
109075,753,179,15.0,111.0,179.0,251.41666666666663,D:\AprPanama2025_fixed\041525_experimental\041525PA_experimental_part07.mp4,1900-01-01 20:33:47.500,1053
109079,576,172,3.0,121.0,161.0,191.42857142857144,D:\AprPanama2025_fixed\041525_experimental\041525PA_experimental_part07.mp4,1900-01-01 20:33:47.900,876
109079,753,179,14.5,113.0,179.0,250.54545454545456,D:\AprPanama2025_fixed\041525_experimental\041525PA_experimental_part07.mp4,1900-01-01 20:33:47.900,1053
109082,575,171,3.0,116.0,145.0,59.14285714285714,D:\AprPanama2025_fixed\041525_experimental\041525PA_experimental_part07.mp4,1900-01-01 20:33:48.200,875
109082,753,178,10.0,118.0,179.0,250.23529411764704,D:\AprPanama2025_fixed\041525_experimental\041525PA_experimental_part07.mp4,1900-01-01 20:33:48.200,1053
109080,576,172,1.5,130.0,163.0,167.20000000000002,D:\AprPanama2025_fixed\041525_experimental\041525PA_experimental_part07.mp4,1900-01-01 20:33:48.000,876
109080,753,179,11.0,117.0,179.0,248.44444444444443,D:\AprPanama2025_fixed\041525_experimental\041525PA_experimental_part07.mp4,1900-01-01 20:33:48.000,1053
109076,577,173,4.0,127.0,159.0,123.33333333333331,D:\AprPanama2025_fixed\041525_experimental\041525PA_experimental_part07.mp4,1900-01-01 20:33:47.600,877
109076,753,179,15.0,119.0,179.0,250.8333333333333,D:\AprPanama2025_fixed\041525_experimental\041525PA_experimental_part07.mp4,1900-01-01 20:33:47.600,1053
109081,575,172,1.5,112.0,146.0,99.4,D:\AprPanama2025_fixed\041525_experimental\041525PA_experimental_part07.mp4,1900-01-01 20:33:48.100,875
109081,753,179,11.5,111.0,179.0,250.0,D:\AprPanama2025_fixed\041525_experimental\041525PA_experimental_part07.mp4,1900-01-01 20:33:48.100,1053
109078,753,179,13.5,124.0,179.0,248.85714285714283,D:\AprPanama2025_fixed\041525_experimental\041525PA_experimental_part07.mp4,1900-01-01 20:33:47.800,1053
109077,577,173,1.5,111.0,144.0,212.6,D:\AprPanama2025_fixed\041525_experimental\041525PA_experimental_part07.mp4,1900-01-01 20:33:47.700,877
109077,753,179,15.0,121.0,178.0,244.8260869565217,D:\AprPanama2025_fixed\041525_experimental\041525PA_experimental_part07.mp4,1900-01-01 20:33:47.700,1053
109088,735,128,5.5,114.0,174.0,249.27272727272728,D:\AprPanama2025_fixed\041525_experimental\041525PA_experimental_part07.mp4,1900-01-01 20:33:48.800,1035
109085,753,178,5.5,114.0,179.0,244.0909090909091,D:\AprPanama2025_fixed\041525_experimental\041525PA_experimental_part07.mp4,1900-01-01 20:33:48.500,1053
109083,575,171,2.0,112.0,134.0,80.0,D:\AprPanama2025_fixed\041525_experimental\041525PA_experimental_part07.mp4,1900-01-01 20:33:48.300,875
109083,753,178,6.0,119.0,179.0,246.25,D:\AprPanama2025_fixed\041525_experimental\041525PA_experimental_part07.mp4,1900-01-01 20:33:48.300,1053
109084,753,178,6.0,119.0,179.0,246.25,D:\AprPanama2025_fixed\041525_experimental\041525PA_experimental_part07.mp4,1900-01-01 20:33:48.400,1053
109089,734,128,8.5,126.0,179.0,243.86666666666667,D:\AprPanama2025_fixed\041525_experimental\041525PA_experimental_part07.mp4,1900-01-01 20:33:48.900,1034
109086,753,178,5.5,113.0,179.0,245.27272727272728,D:\AprPanama2025_fixed\041525_experimental\041525PA_experimental_part07.mp4,1900-01-01 20:33:48.600,1053
109087,735,127,4.5,121.0,168.0,249.6,D:\AprPanama2025_fixed\041525_experimental\041525PA_experimental_part07.mp4,1900-01-01 20:33:48.700,1035
109087,753,178,6.5,122.0,176.0,232.3333333333333,D:\AprPanama2025_fixed\041525_experimental\041525PA_experimental_part07.mp4,1900-01-01 20:33:48.700,1053
109090,734,128,8.5,126.0,179.0,243.86666666666667,D:\AprPanama2025_fixed\041525_experimental\041525PA_experimental_part07.mp4,1900-01-01 20:33:49.000,1034
109095,633,103,9.5,117.0,179.0,250.8125,D:\AprPanama2025_fixed\041525_experimental\041525PA_experimental_part07.mp4,1900-01-01 20:33:49.500,933
109095,733,130,5.0,120.0,166.0,249.1,D:\AprPanama2025_fixed\041525_experimental\041525PA_experimental_part07.mp4,1900-01-01 20:33:49.500,1033
109098,635,103,7.0,118.0,175.0,241.84615384615387,D:\AprPanama2025_fixed\041525_experimental\041525PA_experimental_part07.mp4,1900-01-01 20:33:49.800,935
109098,734,130,1.5,118.0,172.0,251.16666666666663,D:\AprPanama2025_fixed\041525_experimental\041525PA_experimental_part07.mp4,1900-01-01 20:33:49.800,1034
109098,755,147,2.0,116.0,180.0,176.5,D:\AprPanama2025_fixed\041525_experimental\041525PA_experimental_part07.mp4,1900-01-01 20:33:49.800,1055
109094,632,102,14.0,117.0,179.0,235.13636363636363,D:\AprPanama2025_fixed\041525_experimental\041525PA_experimental_part07.mp4,1900-01-01 20:33:49.400,932
109094,734,129,5.5,123.0,179.0,228.9090909090909,D:\AprPanama2025_fixed\041525_experimental\041525PA_experimental_part07.mp4,1900-01-01 20:33:49.400,1034
109092,632,102,4.0,115.0,176.0,252.1,D:\AprPanama2025_fixed\041525_experimental\041525PA_experimental_part07.mp4,1900-01-01 20:33:49.200,932
109092,734,129,4.5,112.0,179.0,240.3333333333333,D:\AprPanama2025_fixed\041525_experimental\041525PA_experimental_part07.mp4,1900-01-01 20:33:49.200,1034
109091,631,101,4.5,114.0,173.0,249.3333333333333,D:\AprPanama2025_fixed\041525_experimental\041525PA_experimental_part07.mp4,1900-01-01 20:33:49.100,931
109091,734,129,5.0,114.0,176.0,252.0,D:\AprPanama2025_fixed\041525_experimental\041525PA_experimental_part07.mp4,1900-01-01 20:33:49.100,1034
109097,634,103,10.5,127.0,178.0,239.88888888888889,D:\AprPanama2025_fixed\041525_experimental\041525PA_experimental_part07.mp4,1900-01-01 20:33:49.700,934
109097,734,130,2.0,117.0,178.0,247.0,D:\AprPanama2025_fixed\041525_experimental\041525PA_experimental_part07.mp4,1900-01-01 20:33:49.700,1034
109096,633,103,9.5,117.0,179.0,250.8125,D:\AprPanama2025_fixed\041525_experimental\041525PA_experimental_part07.mp4,1900-01-01 20:33:49.600,933
109096,734,130,2.0,116.0,175.0,233.57142857142856,D:\AprPanama2025_fixed\041525_experimental\041525PA_experimental_part07.mp4,1900-01-01 20:33:49.600,1034
109093,632,102,14.0,118.0,179.0,230.72727272727272,D:\AprPanama2025_fixed\041525_experimental\041525PA_experimental_part07.mp4,1900-01-01 20:33:49.300,932
109093,734,129,7.0,118.0,178.0,227.66666666666663,D:\AprPanama2025_fixed\041525_experimental\041525PA_experimental_part07.mp4,1900-01-01 20:33:49.300,1034
109105,989,63,12.5,138.0,179.0,238.55,D:\AprPanama2025_fixed\041525_experimental\041525PA_experimental_part07.mp4,1900-01-01 20:33:50.500,1289
109104,989,65,11.5,127.0,179.0,233.7894736842105,D:\AprPanama2025_fixed\041525_experimental\041525PA_experimental_part07.mp4,1900-01-01 20:33:50.400,1289
109101,988,68,2.5,114.0,175.0,245.75,D:\AprPanama2025_fixed\041525_experimental\041525PA_experimental_part07.mp4,1900-01-01 20:33:50.100,1288
109101,636,103,3.0,111.0,179.0,244.25,D:\AprPanama2025_fixed\041525_experimental\041525PA_experimental_part07.mp4,1900-01-01 20:33:50.100,936
109101,732,132,1.5,111.0,153.0,201.0,D:\AprPanama2025_fixed\041525_experimental\041525PA_experimental_part07.mp4,1900-01-01 20:33:50.100,1032
109106,990,62,11.5,128.0,179.0,246.68421052631575,D:\AprPanama2025_fixed\041525_experimental\041525PA_experimental_part07.mp4,1900-01-01 20:33:50.600,1290
109102,990,67,2.0,120.0,148.0,254.8333333333333,D:\AprPanama2025_fixed\041525_experimental\041525PA_experimental_part07.mp4,1900-01-01 20:33:50.200,1290
109100,635,103,6.0,126.0,174.0,243.8333333333333,D:\AprPanama2025_fixed\041525_experimental\041525PA_experimental_part07.mp4,1900-01-01 20:33:50.000,935
109100,732,131,1.5,132.0,151.0,255.0,D:\AprPanama2025_fixed\041525_experimental\041525PA_experimental_part07.mp4,1900-01-01 20:33:50.000,1032
109103,990,66,8.5,112.0,179.0,240.7333333333333,D:\AprPanama2025_fixed\041525_experimental\041525PA_experimental_part07.mp4,1900-01-01 20:33:50.300,1290
109099,635,103,6.0,111.0,177.0,245.5,D:\AprPanama2025_fixed\041525_experimental\041525PA_experimental_part07.mp4,1900-01-01 20:33:49.900,935
109099,732,131,1.5,122.0,173.0,231.8,D:\AprPanama2025_fixed\041525_experimental\041525PA_experimental_part07.mp4,1900-01-01 20:33:49.900,1032
109099,755,147,2.0,135.0,180.0,171.16666666666666,D:\AprPanama2025_fixed\041525_experimental\041525PA_experimental_part07.mp4,1900-01-01 20:33:49.900,1055
109111,988,55,12.5,130.0,178.0,251.4,D:\AprPanama2025_fixed\041525_experimental\041525PA_experimental_part07.mp4,1900-01-01 20:33:51.100,1288
109109,989,57,10.5,119.0,179.0,247.7058823529412,D:\AprPanama2025_fixed\041525_experimental\041525PA_experimental_part07.mp4,1900-01-01 20:33:50.900,1289
109112,988,54,11.5,124.0,179.0,248.0,D:\AprPanama2025_fixed\041525_experimental\041525PA_experimental_part07.mp4,1900-01-01 20:33:51.200,1288
109114,987,51,9.5,117.0,179.0,250.35294117647055,D:\AprPanama2025_fixed\041525_experimental\041525PA_experimental_part07.mp4,1900-01-01 20:33:51.400,1287
109108,989,59,12.5,112.0,179.0,252.35,D:\AprPanama2025_fixed\041525_experimental\041525PA_experimental_part07.mp4,1900-01-01 20:33:50.800,1289
109110,988,56,13.5,116.0,179.0,248.47619047619045,D:\AprPanama2025_fixed\041525_experimental\041525PA_experimental_part07.mp4,1900-01-01 20:33:51.000,1288
109107,989,60,13.5,112.0,179.0,245.95454545454547,D:\AprPanama2025_fixed\041525_experimental\041525PA_experimental_part07.mp4,1900-01-01 20:33:50.700,1289
109113,988,52,9.5,121.0,179.0,249.05882352941177,D:\AprPanama2025_fixed\041525_experimental\041525PA_experimental_part07.mp4,1900-01-01 20:33:51.300,1288
109120,985,46,3.5,137.0,179.0,254.77777777777777,D:\AprPanama2025_fixed\041525_experimental\041525PA_experimental_part07.mp4,1900-01-01 20:33:52.000,1285
109121,985,45,4.5,121.0,160.0,254.3,D:\AprPanama2025_fixed\041525_experimental\041525PA_experimental_part07.mp4,1900-01-01 20:33:52.100,1285
109117,986,48,7.0,120.0,179.0,238.7142857142857,D:\AprPanama2025_fixed\041525_experimental\041525PA_experimental_part07.mp4,1900-01-01 20:33:51.700,1286
109116,986,49,9.5,125.0,177.0,240.8235294117647,D:\AprPanama2025_fixed\041525_experimental\041525PA_experimental_part07.mp4,1900-01-01 20:33:51.600,1286
109115,986,50,9.0,111.0,179.0,252.8125,D:\AprPanama2025_fixed\041525_experimental\041525PA_experimental_part07.mp4,1900-01-01 20:33:51.500,1286
109119,986,46,6.0,112.0,179.0,248.0,D:\AprPanama2025_fixed\041525_experimental\041525PA_experimental_part07.mp4,1900-01-01 20:33:51.900,1286
109118,986,47,8.5,116.0,176.0,252.66666666666663,D:\AprPanama2025_fixed\041525_experimental\041525PA_experimental_part07.mp4,1900-01-01 20:33:51.800,1286
112794,266,40,1.5,128.0,163.0,224.8,D:\AprPanama2025_fixed\041525_experimental\041525PA_experimental_part07.mp4,1900-01-01 20:39:59.400,566
112791,265,39,3.5,118.0,176.0,255.0,D:\AprPanama2025_fixed\041525_experimental\041525PA_experimental_part07.mp4,1900-01-01 20:39:59.100,565
112789,266,38,1.5,140.0,173.0,219.8,D:\AprPanama2025_fixed\041525_experimental\041525PA_experimental_part07.mp4,1900-01-01 20:39:58.900,566
112790,266,38,1.5,141.0,170.0,243.6,D:\AprPanama2025_fixed\041525_experimental\041525PA_experimental_part07.mp4,1900-01-01 20:39:59.000,566
112793,265,39,3.5,127.0,168.0,252.75,D:\AprPanama2025_fixed\041525_experimental\041525PA_experimental_part07.mp4,1900-01-01 20:39:59.300,565
112792,265,39,2.0,124.0,154.0,254.66666666666663,D:\AprPanama2025_fixed\041525_experimental\041525PA_experimental_part07.mp4,1900-01-01 20:39:59.200,565
112799,266,41,1.5,133.0,160.0,199.66666666666663,D:\AprPanama2025_fixed\041525_experimental\041525PA_experimental_part07.mp4,1900-01-01 20:39:59.900,566
112798,266,40,1.5,128.0,163.0,224.8,D:\AprPanama2025_fixed\041525_experimental\041525PA_experimental_part07.mp4,1900-01-01 20:39:59.800,566
112800,266,40,3.5,116.0,167.0,174.25,D:\AprPanama2025_fixed\041525_experimental\041525PA_experimental_part07.mp4,1900-01-01 20:40:00.000,566
112797,266,40,1.5,128.0,163.0,224.8,D:\AprPanama2025_fixed\041525_experimental\041525PA_experimental_part07.mp4,1900-01-01 20:39:59.700,566
112795,266,40,1.5,128.0,163.0,224.8,D:\AprPanama2025_fixed\041525_experimental\041525PA_experimental_part07.mp4,1900-01-01 20:39:59.500,566
112802,266,40,3.5,116.0,164.0,155.75,D:\AprPanama2025_fixed\041525_experimental\041525PA_experimental_part07.mp4,1900-01-01 20:40:00.200,566
112801,266,40,3.5,116.0,164.0,155.75,D:\AprPanama2025_fixed\041525_experimental\041525PA_experimental_part07.mp4,1900-01-01 20:40:00.100,566
112796,266,40,1.5,128.0,163.0,224.8,D:\AprPanama2025_fixed\041525_experimental\041525PA_experimental_part07.mp4,1900-01-01 20:39:59.600,566
113230,451,25,4.0,116.0,168.0,227.2222222222222,D:\AprPanama2025_fixed\041525_experimental\041525PA_experimental_part07.mp4,1900-01-01 20:40:43.000,751
113231,452,26,8.5,120.0,176.0,229.875,D:\AprPanama2025_fixed\041525_experimental\041525PA_experimental_part07.mp4,1900-01-01 20:40:43.100,752
113233,452,26,8.5,120.0,178.0,239.5625,D:\AprPanama2025_fixed\041525_experimental\041525PA_experimental_part07.mp4,1900-01-01 20:40:43.300,752
113234,452,26,8.5,120.0,179.0,241.5,D:\AprPanama2025_fixed\041525_experimental\041525PA_experimental_part07.mp4,1900-01-01 20:40:43.400,752
113232,452,26,8.5,120.0,177.0,236.75,D:\AprPanama2025_fixed\041525_experimental\041525PA_experimental_part07.mp4,1900-01-01 20:40:43.200,752
113235,452,26,8.0,119.0,179.0,254.46666666666667,D:\AprPanama2025_fixed\041525_experimental\041525PA_experimental_part07.mp4,1900-01-01 20:40:43.500,752
113236,452,26,6.0,115.0,179.0,251.0,D:\AprPanama2025_fixed\041525_experimental\041525PA_experimental_part07.mp4,1900-01-01 20:40:43.600,752
113240,452,24,4.5,117.0,179.0,246.75,D:\AprPanama2025_fixed\041525_experimental\041525PA_experimental_part07.mp4,1900-01-01 20:40:44.000,752
113239,452,25,7.5,112.0,179.0,250.6,D:\AprPanama2025_fixed\041525_experimental\041525PA_experimental_part07.mp4,1900-01-01 20:40:43.900,752
113237,452,25,7.0,117.0,179.0,249.0,D:\AprPanama2025_fixed\041525_experimental\041525PA_experimental_part07.mp4,1900-01-01 20:40:43.700,752
113242,452,24,4.0,112.0,176.0,238.3333333333333,D:\AprPanama2025_fixed\041525_experimental\041525PA_experimental_part07.mp4,1900-01-01 20:40:44.200,752
113242,750,65,3.5,123.0,179.0,243.125,D:\AprPanama2025_fixed\041525_experimental\041525PA_experimental_part07.mp4,1900-01-01 20:40:44.200,1050
113241,452,24,4.5,117.0,179.0,246.75,D:\AprPanama2025_fixed\041525_experimental\041525PA_experimental_part07.mp4,1900-01-01 20:40:44.100,752
113241,750,64,2.5,128.0,174.0,238.8333333333333,D:\AprPanama2025_fixed\041525_experimental\041525PA_experimental_part07.mp4,1900-01-01 20:40:44.100,1050
113238,452,25,8.0,114.0,179.0,245.8125,D:\AprPanama2025_fixed\041525_experimental\041525PA_experimental_part07.mp4,1900-01-01 20:40:43.800,752
113249,688,23,17.0,116.0,178.0,244.23076923076923,D:\AprPanama2025_fixed\041525_experimental\041525PA_experimental_part07.mp4,1900-01-01 20:40:44.900,988
113249,750,66,2.5,114.0,176.0,233.57142857142856,D:\AprPanama2025_fixed\041525_experimental\041525PA_experimental_part07.mp4,1900-01-01 20:40:44.900,1050
113248,688,23,14.5,113.0,178.0,247.8260869565217,D:\AprPanama2025_fixed\041525_experimental\041525PA_experimental_part07.mp4,1900-01-01 20:40:44.800,988
113248,750,66,2.5,118.0,172.0,235.0,D:\AprPanama2025_fixed\041525_experimental\041525PA_experimental_part07.mp4,1900-01-01 20:40:44.800,1050
113245,689,23,5.5,113.0,168.0,233.66666666666663,D:\AprPanama2025_fixed\041525_experimental\041525PA_experimental_part07.mp4,1900-01-01 20:40:44.500,989
113245,451,24,2.5,117.0,156.0,177.16666666666666,D:\AprPanama2025_fixed\041525_experimental\041525PA_experimental_part07.mp4,1900-01-01 20:40:44.500,751
113245,750,65,5.5,113.0,178.0,224.54545454545456,D:\AprPanama2025_fixed\041525_experimental\041525PA_experimental_part07.mp4,1900-01-01 20:40:44.500,1050
113246,688,23,13.5,111.0,179.0,246.13636363636363,D:\AprPanama2025_fixed\041525_experimental\041525PA_experimental_part07.mp4,1900-01-01 20:40:44.600,988
113246,750,65,4.0,113.0,172.0,231.66666666666663,D:\AprPanama2025_fixed\041525_experimental\041525PA_experimental_part07.mp4,1900-01-01 20:40:44.600,1050
113247,688,23,14.5,113.0,178.0,247.8260869565217,D:\AprPanama2025_fixed\041525_experimental\041525PA_experimental_part07.mp4,1900-01-01 20:40:44.700,988
113247,750,66,5.0,112.0,168.0,217.1,D:\AprPanama2025_fixed\041525_experimental\041525PA_experimental_part07.mp4,1900-01-01 20:40:44.700,1050
113250,688,23,17.0,116.0,178.0,244.23076923076923,D:\AprPanama2025_fixed\041525_experimental\041525PA_experimental_part07.mp4,1900-01-01 20:40:45.000,988
113250,750,66,2.5,117.0,177.0,243.57142857142856,D:\AprPanama2025_fixed\041525_experimental\041525PA_experimental_part07.mp4,1900-01-01 20:40:45.000,1050
113250,664,66,2.0,124.0,168.0,219.3333333333333,D:\AprPanama2025_fixed\041525_experimental\041525PA_experimental_part07.mp4,1900-01-01 20:40:45.000,964
113244,452,24,3.5,130.0,168.0,184.25,D:\AprPanama2025_fixed\041525_experimental\041525PA_experimental_part07.mp4,1900-01-01 20:40:44.400,752
113244,749,65,4.0,112.0,178.0,236.3333333333333,D:\AprPanama2025_fixed\041525_experimental\041525PA_experimental_part07.mp4,1900-01-01 20:40:44.400,1049
113243,452,24,5.0,112.0,173.0,206.0,D:\AprPanama2025_fixed\041525_experimental\041525PA_experimental_part07.mp4,1900-01-01 20:40:44.300,752
113243,749,65,4.0,111.0,179.0,245.44444444444443,D:\AprPanama2025_fixed\041525_experimental\041525PA_experimental_part07.mp4,1900-01-01 20:40:44.300,1049
113254,688,22,11.5,113.0,178.0,252.3684210526316,D:\AprPanama2025_fixed\041525_experimental\041525PA_experimental_part07.mp4,1900-01-01 20:40:45.400,988
113254,750,66,2.5,115.0,169.0,233.42857142857144,D:\AprPanama2025_fixed\041525_experimental\041525PA_experimental_part07.mp4,1900-01-01 20:40:45.400,1050
113254,664,68,7.0,115.0,179.0,231.61538461538464,D:\AprPanama2025_fixed\041525_experimental\041525PA_experimental_part07.mp4,1900-01-01 20:40:45.400,964
113252,688,22,12.5,115.0,179.0,248.1,D:\AprPanama2025_fixed\041525_experimental\041525PA_experimental_part07.mp4,1900-01-01 20:40:45.200,988
113252,750,66,2.5,111.0,179.0,245.85714285714283,D:\AprPanama2025_fixed\041525_experimental\041525PA_experimental_part07.mp4,1900-01-01 20:40:45.200,1050
113252,664,67,5.5,122.0,173.0,251.1818181818182,D:\AprPanama2025_fixed\041525_experimental\041525PA_experimental_part07.mp4,1900-01-01 20:40:45.200,964
113255,689,22,6.5,138.0,177.0,249.35714285714283,D:\AprPanama2025_fixed\041525_experimental\041525PA_experimental_part07.mp4,1900-01-01 20:40:45.500,989
113255,663,68,4.0,115.0,173.0,249.77777777777777,D:\AprPanama2025_fixed\041525_experimental\041525PA_experimental_part07.mp4,1900-01-01 20:40:45.500,963
113257,689,21,4.5,126.0,175.0,248.9,D:\AprPanama2025_fixed\041525_experimental\041525PA_experimental_part07.mp4,1900-01-01 20:40:45.700,989
113257,664,68,2.0,125.0,176.0,245.8333333333333,D:\AprPanama2025_fixed\041525_experimental\041525PA_experimental_part07.mp4,1900-01-01 20:40:45.700,964
113257,563,75,3.5,118.0,155.0,171.5,D:\AprPanama2025_fixed\041525_experimental\041525PA_experimental_part07.mp4,1900-01-01 20:40:45.700,863
113257,459,79,5.0,112.0,179.0,242.1818181818182,D:\AprPanama2025_fixed\041525_experimental\041525PA_experimental_part07.mp4,1900-01-01 20:40:45.700,759
113256,689,22,6.5,138.0,175.0,250.07142857142856,D:\AprPanama2025_fixed\041525_experimental\041525PA_experimental_part07.mp4,1900-01-01 20:40:45.600,989
113256,664,68,2.5,122.0,176.0,249.0,D:\AprPanama2025_fixed\041525_experimental\041525PA_experimental_part07.mp4,1900-01-01 20:40:45.600,964
113258,688,21,2.5,118.0,173.0,255.0,D:\AprPanama2025_fixed\041525_experimental\041525PA_experimental_part07.mp4,1900-01-01 20:40:45.800,988
113258,664,68,2.0,125.0,178.0,237.0,D:\AprPanama2025_fixed\041525_experimental\041525PA_experimental_part07.mp4,1900-01-01 20:40:45.800,964
113258,563,75,3.5,118.0,155.0,171.0,D:\AprPanama2025_fixed\041525_experimental\041525PA_experimental_part07.mp4,1900-01-01 20:40:45.800,863
113258,459,79,8.5,120.0,179.0,237.2,D:\AprPanama2025_fixed\041525_experimental\041525PA_experimental_part07.mp4,1900-01-01 20:40:45.800,759
113251,688,23,17.0,111.0,177.0,247.53846153846155,D:\AprPanama2025_fixed\041525_experimental\041525PA_experimental_part07.mp4,1900-01-01 20:40:45.100,988
113251,750,66,2.0,143.0,178.0,237.16666666666663,D:\AprPanama2025_fixed\041525_experimental\041525PA_experimental_part07.mp4,1900-01-01 20:40:45.100,1050
113251,664,67,4.5,120.0,179.0,241.66666666666663,D:\AprPanama2025_fixed\041525_experimental\041525PA_experimental_part07.mp4,1900-01-01 20:40:45.100,964
113253,688,22,11.5,113.0,178.0,252.3684210526316,D:\AprPanama2025_fixed\041525_experimental\041525PA_experimental_part07.mp4,1900-01-01 20:40:45.300,988
113253,750,66,2.5,115.0,169.0,233.42857142857144,D:\AprPanama2025_fixed\041525_experimental\041525PA_experimental_part07.mp4,1900-01-01 20:40:45.300,1050
113253,664,67,6.0,136.0,179.0,246.3333333333333,D:\AprPanama2025_fixed\041525_experimental\041525PA_experimental_part07.mp4,1900-01-01 20:40:45.300,964
113265,662,70,1.5,114.0,131.0,37.6,D:\AprPanama2025_fixed\041525_experimental\041525PA_experimental_part07.mp4,1900-01-01 20:40:46.500,962
113265,459,77,7.5,114.0,175.0,252.78571428571428,D:\AprPanama2025_fixed\041525_experimental\041525PA_experimental_part07.mp4,1900-01-01 20:40:46.500,759
113264,738,43,1.5,118.0,170.0,228.5,D:\AprPanama2025_fixed\041525_experimental\041525PA_experimental_part07.mp4,1900-01-01 20:40:46.400,1038
113264,460,78,7.5,112.0,177.0,249.7142857142857,D:\AprPanama2025_fixed\041525_experimental\041525PA_experimental_part07.mp4,1900-01-01 20:40:46.400,760
113262,738,43,2.0,129.0,179.0,242.7142857142857,D:\AprPanama2025_fixed\041525_experimental\041525PA_experimental_part07.mp4,1900-01-01 20:40:46.200,1038
113262,663,69,3.0,116.0,144.0,83.85714285714285,D:\AprPanama2025_fixed\041525_experimental\041525PA_experimental_part07.mp4,1900-01-01 20:40:46.200,963
113262,460,78,9.5,112.0,181.0,253.0,D:\AprPanama2025_fixed\041525_experimental\041525PA_experimental_part07.mp4,1900-01-01 20:40:46.200,760
113260,738,43,5.0,112.0,178.0,242.2,D:\AprPanama2025_fixed\041525_experimental\041525PA_experimental_part07.mp4,1900-01-01 20:40:46.000,1038
113260,459,79,10.0,128.0,212.0,245.4705882352941,D:\AprPanama2025_fixed\041525_experimental\041525PA_experimental_part07.mp4,1900-01-01 20:40:46.000,759
113263,738,43,2.0,129.0,173.0,237.85714285714283,D:\AprPanama2025_fixed\041525_experimental\041525PA_experimental_part07.mp4,1900-01-01 20:40:46.300,1038
113263,460,78,7.0,116.0,177.0,247.84615384615387,D:\AprPanama2025_fixed\041525_experimental\041525PA_experimental_part07.mp4,1900-01-01 20:40:46.300,760
113266,662,70,1.5,114.0,131.0,37.6,D:\AprPanama2025_fixed\041525_experimental\041525PA_experimental_part07.mp4,1900-01-01 20:40:46.600,962
113266,459,77,7.5,115.0,179.0,251.28571428571428,D:\AprPanama2025_fixed\041525_experimental\041525PA_experimental_part07.mp4,1900-01-01 20:40:46.600,759
113259,690,21,1.5,121.0,166.0,254.3333333333333,D:\AprPanama2025_fixed\041525_experimental\041525PA_experimental_part07.mp4,1900-01-01 20:40:45.900,990
113259,738,42,1.5,162.0,171.0,254.0,D:\AprPanama2025_fixed\041525_experimental\041525PA_experimental_part07.mp4,1900-01-01 20:40:45.900,1038
113259,563,75,1.5,121.0,153.0,154.0,D:\AprPanama2025_fixed\041525_experimental\041525PA_experimental_part07.mp4,1900-01-01 20:40:45.900,863
113259,459,79,10.0,128.0,177.0,243.2941176470588,D:\AprPanama2025_fixed\041525_experimental\041525PA_experimental_part07.mp4,1900-01-01 20:40:45.900,759
113261,738,42,4.5,114.0,179.0,252.1111111111111,D:\AprPanama2025_fixed\041525_experimental\041525PA_experimental_part07.mp4,1900-01-01 20:40:46.100,1038
113261,663,69,3.5,112.0,145.0,62.625,D:\AprPanama2025_fixed\041525_experimental\041525PA_experimental_part07.mp4,1900-01-01 20:40:46.100,963
113261,459,79,10.0,111.0,179.0,246.1764705882353,D:\AprPanama2025_fixed\041525_experimental\041525PA_experimental_part07.mp4,1900-01-01 20:40:46.100,759
113271,460,76,2.0,127.0,171.0,230.66666666666663,D:\AprPanama2025_fixed\041525_experimental\041525PA_experimental_part07.mp4,1900-01-01 20:40:47.100,760
113272,460,76,1.5,118.0,152.0,249.8,D:\AprPanama2025_fixed\041525_experimental\041525PA_experimental_part07.mp4,1900-01-01 20:40:47.200,760
113269,460,76,2.0,125.0,175.0,209.3333333333333,D:\AprPanama2025_fixed\041525_experimental\041525PA_experimental_part07.mp4,1900-01-01 20:40:46.900,760
113270,460,76,2.0,125.0,175.0,209.3333333333333,D:\AprPanama2025_fixed\041525_experimental\041525PA_experimental_part07.mp4,1900-01-01 20:40:47.000,760
113268,459,77,5.0,128.0,173.0,218.1,D:\AprPanama2025_fixed\041525_experimental\041525PA_experimental_part07.mp4,1900-01-01 20:40:46.800,759
113267,459,77,6.0,111.0,176.0,242.16666666666663,D:\AprPanama2025_fixed\041525_experimental\041525PA_experimental_part07.mp4,1900-01-01 20:40:46.700,759
113789,357,45,1.5,120.0,140.0,176.60000000000002,D:\AprPanama2025_fixed\041525_experimental\041525PA_experimental_part07.mp4,1900-01-01 20:41:38.900,657
115364,243,115,1.5,112.0,152.0,88.4,D:\AprPanama2025_fixed\041525_experimental\041525PA_experimental_part07.mp4,1900-01-01 20:44:16.400,543
115365,243,115,1.5,112.0,152.0,88.4,D:\AprPanama2025_fixed\041525_experimental\041525PA_experimental_part07.mp4,1900-01-01 20:44:16.500,543
115369,243,115,1.5,112.0,152.0,88.4,D:\AprPanama2025_fixed\041525_experimental\041525PA_experimental_part07.mp4,1900-01-01 20:44:16.900,543
115368,243,115,1.5,112.0,152.0,88.4,D:\AprPanama2025_fixed\041525_experimental\041525PA_experimental_part07.mp4,1900-01-01 20:44:16.800,543
115367,243,115,1.5,112.0,152.0,88.4,D:\AprPanama2025_fixed\041525_experimental\041525PA_experimental_part07.mp4,1900-01-01 20:44:16.700,543
115366,243,115,1.5,112.0,152.0,88.4,D:\AprPanama2025_fixed\041525_experimental\041525PA_experimental_part07.mp4,1900-01-01 20:44:16.600,543
117464,235,25,3.0,114.0,165.0,237.44444444444443,D:\AprPanama2025_fixed\041525_experimental\041525PA_experimental_part07.mp4,1900-01-01 20:47:46.400,535
117466,234,25,9.5,113.0,179.0,235.23529411764704,D:\AprPanama2025_fixed\041525_experimental\041525PA_experimental_part07.mp4,1900-01-01 20:47:46.600,534
117465,234,25,9.5,113.0,179.0,235.23529411764704,D:\AprPanama2025_fixed\041525_experimental\041525PA_experimental_part07.mp4,1900-01-01 20:47:46.500,534
117470,233,26,4.0,134.0,179.0,251.66666666666663,D:\AprPanama2025_fixed\041525_experimental\041525PA_experimental_part07.mp4,1900-01-01 20:47:47.000,533
117470,752,142,9.5,118.0,186.0,253.875,D:\AprPanama2025_fixed\041525_experimental\041525PA_experimental_part07.mp4,1900-01-01 20:47:47.000,1052
117472,233,26,2.5,127.0,174.0,249.42857142857144,D:\AprPanama2025_fixed\041525_experimental\041525PA_experimental_part07.mp4,1900-01-01 20:47:47.200,533
117472,751,141,11.5,140.0,179.0,249.21052631578945,D:\AprPanama2025_fixed\041525_experimental\041525PA_experimental_part07.mp4,1900-01-01 20:47:47.200,1051
117474,233,26,3.5,113.0,169.0,254.5,D:\AprPanama2025_fixed\041525_experimental\041525PA_experimental_part07.mp4,1900-01-01 20:47:47.400,533
117474,752,140,14.0,123.0,178.0,243.0909090909091,D:\AprPanama2025_fixed\041525_experimental\041525PA_experimental_part07.mp4,1900-01-01 20:47:47.400,1052
117467,233,26,7.5,114.0,179.0,244.64285714285717,D:\AprPanama2025_fixed\041525_experimental\041525PA_experimental_part07.mp4,1900-01-01 20:47:46.700,533
117468,233,26,7.0,115.0,176.0,250.15384615384616,D:\AprPanama2025_fixed\041525_experimental\041525PA_experimental_part07.mp4,1900-01-01 20:47:46.800,533
117471,233,26,4.0,120.0,174.0,251.0,D:\AprPanama2025_fixed\041525_experimental\041525PA_experimental_part07.mp4,1900-01-01 20:47:47.100,533
117471,752,141,12.5,116.0,177.0,241.3,D:\AprPanama2025_fixed\041525_experimental\041525PA_experimental_part07.mp4,1900-01-01 20:47:47.100,1052
117473,233,26,4.0,111.0,168.0,249.2222222222222,D:\AprPanama2025_fixed\041525_experimental\041525PA_experimental_part07.mp4,1900-01-01 20:47:47.300,533
117473,752,141,16.0,113.0,179.0,247.41666666666663,D:\AprPanama2025_fixed\041525_experimental\041525PA_experimental_part07.mp4,1900-01-01 20:47:47.300,1052
117469,233,26,4.0,138.0,176.0,247.44444444444443,D:\AprPanama2025_fixed\041525_experimental\041525PA_experimental_part07.mp4,1900-01-01 20:47:46.900,533
117469,751,142,8.5,111.0,177.0,238.26666666666665,D:\AprPanama2025_fixed\041525_experimental\041525PA_experimental_part07.mp4,1900-01-01 20:47:46.900,1051
117481,751,139,8.5,115.0,179.0,250.9333333333333,D:\AprPanama2025_fixed\041525_experimental\041525PA_experimental_part07.mp4,1900-01-01 20:47:48.100,1051
117478,752,139,12.0,117.0,179.0,244.8947368421053,D:\AprPanama2025_fixed\041525_experimental\041525PA_experimental_part07.mp4,1900-01-01 20:47:47.800,1052
117479,751,139,11.0,117.0,178.0,246.94444444444443,D:\AprPanama2025_fixed\041525_experimental\041525PA_experimental_part07.mp4,1900-01-01 20:47:47.900,1051
117476,752,140,11.5,130.0,179.0,245.42105263157893,D:\AprPanama2025_fixed\041525_experimental\041525PA_experimental_part07.mp4,1900-01-01 20:47:47.600,1052
117477,752,140,12.5,113.0,179.0,242.9,D:\AprPanama2025_fixed\041525_experimental\041525PA_experimental_part07.mp4,1900-01-01 20:47:47.700,1052
117482,751,138,10.0,130.0,179.0,252.23529411764704,D:\AprPanama2025_fixed\041525_experimental\041525PA_experimental_part07.mp4,1900-01-01 20:47:48.200,1051
117480,751,139,9.5,115.0,179.0,252.0625,D:\AprPanama2025_fixed\041525_experimental\041525PA_experimental_part07.mp4,1900-01-01 20:47:48.000,1051
117475,752,140,11.5,130.0,186.0,242.8947368421053,D:\AprPanama2025_fixed\041525_experimental\041525PA_experimental_part07.mp4,1900-01-01 20:47:47.500,1052
117489,682,72,19.0,111.0,179.0,249.57142857142856,D:\AprPanama2025_fixed\041525_experimental\041525PA_experimental_part07.mp4,1900-01-01 20:47:48.900,982
117489,751,136,6.5,133.0,178.0,250.8333333333333,D:\AprPanama2025_fixed\041525_experimental\041525PA_experimental_part07.mp4,1900-01-01 20:47:48.900,1051
117485,752,137,6.0,118.0,178.0,247.0833333333333,D:\AprPanama2025_fixed\041525_experimental\041525PA_experimental_part07.mp4,1900-01-01 20:47:48.500,1052
117488,682,72,11.5,123.0,179.0,251.42105263157893,D:\AprPanama2025_fixed\041525_experimental\041525PA_experimental_part07.mp4,1900-01-01 20:47:48.800,982
117488,751,136,7.0,115.0,179.0,251.53846153846155,D:\AprPanama2025_fixed\041525_experimental\041525PA_experimental_part07.mp4,1900-01-01 20:47:48.800,1051
117483,544,44,1.5,136.0,165.0,245.6,D:\AprPanama2025_fixed\041525_experimental\041525PA_experimental_part07.mp4,1900-01-01 20:47:48.300,844
117483,751,138,8.5,114.0,178.0,247.13333333333333,D:\AprPanama2025_fixed\041525_experimental\041525PA_experimental_part07.mp4,1900-01-01 20:47:48.300,1051
117484,544,44,1.5,129.0,179.0,224.0,D:\AprPanama2025_fixed\041525_experimental\041525PA_experimental_part07.mp4,1900-01-01 20:47:48.400,844
117484,751,137,7.0,141.0,177.0,242.23076923076923,D:\AprPanama2025_fixed\041525_experimental\041525PA_experimental_part07.mp4,1900-01-01 20:47:48.400,1051
117486,544,45,2.0,122.0,165.0,213.5,D:\AprPanama2025_fixed\041525_experimental\041525PA_experimental_part07.mp4,1900-01-01 20:47:48.600,844
117486,751,137,6.0,123.0,179.0,248.5833333333333,D:\AprPanama2025_fixed\041525_experimental\041525PA_experimental_part07.mp4,1900-01-01 20:47:48.600,1051
117487,544,45,3.0,112.0,165.0,205.0,D:\AprPanama2025_fixed\041525_experimental\041525PA_experimental_part07.mp4,1900-01-01 20:47:48.700,844
117487,681,71,8.0,115.0,179.0,245.2,D:\AprPanama2025_fixed\041525_experimental\041525PA_experimental_part07.mp4,1900-01-01 20:47:48.700,981
117487,751,136,6.0,119.0,179.0,246.8333333333333,D:\AprPanama2025_fixed\041525_experimental\041525PA_experimental_part07.mp4,1900-01-01 20:47:48.700,1051
117490,682,72,21.0,116.0,179.0,247.0,D:\AprPanama2025_fixed\041525_experimental\041525PA_experimental_part07.mp4,1900-01-01 20:47:49.000,982
117490,751,136,6.5,127.0,178.0,247.25,D:\AprPanama2025_fixed\041525_experimental\041525PA_experimental_part07.mp4,1900-01-01 20:47:49.000,1051
117493,683,72,12.0,119.0,178.0,247.7,D:\AprPanama2025_fixed\041525_experimental\041525PA_experimental_part07.mp4,1900-01-01 20:47:49.300,983
117493,750,135,2.0,152.0,176.0,250.66666666666663,D:\AprPanama2025_fixed\041525_experimental\041525PA_experimental_part07.mp4,1900-01-01 20:47:49.300,1050
117495,683,73,9.0,117.0,173.0,239.41176470588235,D:\AprPanama2025_fixed\041525_experimental\041525PA_experimental_part07.mp4,1900-01-01 20:47:49.500,983
117498,684,73,5.0,118.0,179.0,252.1818181818182,D:\AprPanama2025_fixed\041525_experimental\041525PA_experimental_part07.mp4,1900-01-01 20:47:49.800,984
117496,683,72,11.0,118.0,179.0,238.4736842105263,D:\AprPanama2025_fixed\041525_experimental\041525PA_experimental_part07.mp4,1900-01-01 20:47:49.600,983
117492,683,72,15.5,112.0,179.0,247.5,D:\AprPanama2025_fixed\041525_experimental\041525PA_experimental_part07.mp4,1900-01-01 20:47:49.200,983
117492,751,136,5.5,115.0,177.0,232.1818181818182,D:\AprPanama2025_fixed\041525_experimental\041525PA_experimental_part07.mp4,1900-01-01 20:47:49.200,1051
117494,683,72,13.0,113.0,179.0,241.2380952380952,D:\AprPanama2025_fixed\041525_experimental\041525PA_experimental_part07.mp4,1900-01-01 20:47:49.400,983
117494,750,135,2.0,144.0,172.0,249.66666666666663,D:\AprPanama2025_fixed\041525_experimental\041525PA_experimental_part07.mp4,1900-01-01 20:47:49.400,1050
117497,684,72,8.0,111.0,179.0,239.06666666666663,D:\AprPanama2025_fixed\041525_experimental\041525PA_experimental_part07.mp4,1900-01-01 20:47:49.700,984
117491,683,71,16.0,113.0,179.0,247.4,D:\AprPanama2025_fixed\041525_experimental\041525PA_experimental_part07.mp4,1900-01-01 20:47:49.100,983
117491,751,136,4.5,112.0,176.0,239.7,D:\AprPanama2025_fixed\041525_experimental\041525PA_experimental_part07.mp4,1900-01-01 20:47:49.100,1051
117506,707,80,7.0,112.0,178.0,239.53846153846155,D:\AprPanama2025_fixed\041525_experimental\041525PA_experimental_part07.mp4,1900-01-01 20:47:50.600,1007
117503,814,53,3.0,121.0,176.0,221.125,D:\AprPanama2025_fixed\041525_experimental\041525PA_experimental_part07.mp4,1900-01-01 20:47:50.300,1114
117505,707,80,5.5,121.0,179.0,243.54545454545456,D:\AprPanama2025_fixed\041525_experimental\041525PA_experimental_part07.mp4,1900-01-01 20:47:50.500,1007
117504,814,53,5.0,129.0,170.0,224.5,D:\AprPanama2025_fixed\041525_experimental\041525PA_experimental_part07.mp4,1900-01-01 20:47:50.400,1114
117504,706,80,2.5,117.0,166.0,246.28571428571428,D:\AprPanama2025_fixed\041525_experimental\041525PA_experimental_part07.mp4,1900-01-01 20:47:50.400,1006
117499,813,52,3.0,125.0,167.0,200.375,D:\AprPanama2025_fixed\041525_experimental\041525PA_experimental_part07.mp4,1900-01-01 20:47:49.900,1113
117499,684,73,3.0,124.0,165.0,251.75,D:\AprPanama2025_fixed\041525_experimental\041525PA_experimental_part07.mp4,1900-01-01 20:47:49.900,984
117499,750,134,2.0,141.0,182.0,246.66666666666663,D:\AprPanama2025_fixed\041525_experimental\041525PA_experimental_part07.mp4,1900-01-01 20:47:49.900,1050
117500,813,52,4.0,154.0,176.0,252.44444444444443,D:\AprPanama2025_fixed\041525_experimental\041525PA_experimental_part07.mp4,1900-01-01 20:47:50.000,1113
117500,684,73,3.0,124.0,165.0,251.75,D:\AprPanama2025_fixed\041525_experimental\041525PA_experimental_part07.mp4,1900-01-01 20:47:50.000,984
117500,750,134,2.0,141.0,182.0,246.66666666666663,D:\AprPanama2025_fixed\041525_experimental\041525PA_experimental_part07.mp4,1900-01-01 20:47:50.000,1050
117501,814,52,2.0,120.0,175.0,247.0,D:\AprPanama2025_fixed\041525_experimental\041525PA_experimental_part07.mp4,1900-01-01 20:47:50.100,1114
117501,750,134,1.5,130.0,161.0,253.6,D:\AprPanama2025_fixed\041525_experimental\041525PA_experimental_part07.mp4,1900-01-01 20:47:50.100,1050
117502,814,53,2.5,142.0,177.0,246.375,D:\AprPanama2025_fixed\041525_experimental\041525PA_experimental_part07.mp4,1900-01-01 20:47:50.200,1114
117510,705,81,6.5,124.0,179.0,252.3846153846154,D:\AprPanama2025_fixed\041525_experimental\041525PA_experimental_part07.mp4,1900-01-01 20:47:51.000,1005
117510,1199,93,7.5,111.0,174.0,228.28571428571428,D:\AprPanama2025_fixed\041525_experimental\041525PA_experimental_part07.mp4,1900-01-01 20:47:51.000,1499
117512,704,80,4.0,120.0,172.0,249.75,D:\AprPanama2025_fixed\041525_experimental\041525PA_experimental_part07.mp4,1900-01-01 20:47:51.200,1004
117514,704,80,2.0,118.0,179.0,223.5,D:\AprPanama2025_fixed\041525_experimental\041525PA_experimental_part07.mp4,1900-01-01 20:47:51.400,1004
117514,1136,133,1.5,116.0,160.0,125.2,D:\AprPanama2025_fixed\041525_experimental\041525PA_experimental_part07.mp4,1900-01-01 20:47:51.400,1436
117509,705,81,10.0,111.0,178.0,247.52941176470588,D:\AprPanama2025_fixed\041525_experimental\041525PA_experimental_part07.mp4,1900-01-01 20:47:50.900,1005
117509,1199,93,5.5,114.0,174.0,242.3636363636364,D:\AprPanama2025_fixed\041525_experimental\041525PA_experimental_part07.mp4,1900-01-01 20:47:50.900,1499
117508,691,37,3.5,123.0,173.0,172.375,D:\AprPanama2025_fixed\041525_experimental\041525PA_experimental_part07.mp4,1900-01-01 20:47:50.800,991
117508,705,81,10.0,111.0,178.0,244.52941176470588,D:\AprPanama2025_fixed\041525_experimental\041525PA_experimental_part07.mp4,1900-01-01 20:47:50.800,1005
117508,1198,92,2.5,125.0,169.0,252.0,D:\AprPanama2025_fixed\041525_experimental\041525PA_experimental_part07.mp4,1900-01-01 20:47:50.800,1498
117511,705,80,6.0,121.0,179.0,237.41666666666663,D:\AprPanama2025_fixed\041525_experimental\041525PA_experimental_part07.mp4,1900-01-01 20:47:51.100,1005
117511,1199,94,5.0,126.0,176.0,194.0909090909091,D:\AprPanama2025_fixed\041525_experimental\041525PA_experimental_part07.mp4,1900-01-01 20:47:51.100,1499
117513,704,80,2.0,112.0,171.0,206.5,D:\AprPanama2025_fixed\041525_experimental\041525PA_experimental_part07.mp4,1900-01-01 20:47:51.300,1004
117507,691,37,3.0,123.0,173.0,179.0,D:\AprPanama2025_fixed\041525_experimental\041525PA_experimental_part07.mp4,1900-01-01 20:47:50.700,991
117507,706,81,9.5,111.0,178.0,246.1875,D:\AprPanama2025_fixed\041525_experimental\041525PA_experimental_part07.mp4,1900-01-01 20:47:50.700,1006
117522,647,62,6.5,126.0,179.0,242.66666666666663,D:\AprPanama2025_fixed\041525_experimental\041525PA_experimental_part07.mp4,1900-01-01 20:47:52.200,947
117522,1133,135,6.0,119.0,178.0,251.5,D:\AprPanama2025_fixed\041525_experimental\041525PA_experimental_part07.mp4,1900-01-01 20:47:52.200,1433
117517,702,81,1.5,111.0,172.0,227.5,D:\AprPanama2025_fixed\041525_experimental\041525PA_experimental_part07.mp4,1900-01-01 20:47:51.700,1002
117517,1134,134,14.5,116.0,179.0,243.4090909090909,D:\AprPanama2025_fixed\041525_experimental\041525PA_experimental_part07.mp4,1900-01-01 20:47:51.700,1434
117518,702,81,1.5,111.0,172.0,227.5,D:\AprPanama2025_fixed\041525_experimental\041525PA_experimental_part07.mp4,1900-01-01 20:47:51.800,1002
117518,1134,134,14.5,116.0,179.0,243.4090909090909,D:\AprPanama2025_fixed\041525_experimental\041525PA_experimental_part07.mp4,1900-01-01 20:47:51.800,1434
117520,1134,135,12.5,113.0,179.0,251.0,D:\AprPanama2025_fixed\041525_experimental\041525PA_experimental_part07.mp4,1900-01-01 20:47:52.000,1434
117515,1135,134,7.5,117.0,178.0,252.85714285714283,D:\AprPanama2025_fixed\041525_experimental\041525PA_experimental_part07.mp4,1900-01-01 20:47:51.500,1435
117521,647,62,6.5,113.0,176.0,233.8333333333333,D:\AprPanama2025_fixed\041525_experimental\041525PA_experimental_part07.mp4,1900-01-01 20:47:52.100,947
117521,1133,135,5.5,120.0,179.0,242.6923076923077,D:\AprPanama2025_fixed\041525_experimental\041525PA_experimental_part07.mp4,1900-01-01 20:47:52.100,1433
117516,1134,134,9.0,126.0,179.0,221.75,D:\AprPanama2025_fixed\041525_experimental\041525PA_experimental_part07.mp4,1900-01-01 20:47:51.600,1434
117519,1134,135,12.5,127.0,179.0,252.75,D:\AprPanama2025_fixed\041525_experimental\041525PA_experimental_part07.mp4,1900-01-01 20:47:51.900,1434
117529,1175,19,7.5,118.0,178.0,217.9333333333333,D:\AprPanama2025_fixed\041525_experimental\041525PA_experimental_part07.mp4,1900-01-01 20:47:52.900,1475
117529,646,63,1.5,145.0,176.0,250.6,D:\AprPanama2025_fixed\041525_experimental\041525PA_experimental_part07.mp4,1900-01-01 20:47:52.900,946
117527,646,62,3.5,112.0,171.0,253.77777777777777,D:\AprPanama2025_fixed\041525_experimental\041525PA_experimental_part07.mp4,1900-01-01 20:47:52.700,946
117527,1132,137,4.5,112.0,174.0,241.55555555555557,D:\AprPanama2025_fixed\041525_experimental\041525PA_experimental_part07.mp4,1900-01-01 20:47:52.700,1432
117525,646,62,5.5,114.0,176.0,245.45454545454547,D:\AprPanama2025_fixed\041525_experimental\041525PA_experimental_part07.mp4,1900-01-01 20:47:52.500,946
117525,1132,136,6.0,126.0,179.0,247.91666666666663,D:\AprPanama2025_fixed\041525_experimental\041525PA_experimental_part07.mp4,1900-01-01 20:47:52.500,1432
117528,1176,19,2.5,123.0,169.0,244.28571428571428,D:\AprPanama2025_fixed\041525_experimental\041525PA_experimental_part07.mp4,1900-01-01 20:47:52.800,1476
117528,646,62,3.5,112.0,171.0,253.77777777777777,D:\AprPanama2025_fixed\041525_experimental\041525PA_experimental_part07.mp4,1900-01-01 20:47:52.800,946
117528,1132,137,4.5,123.0,178.0,242.0,D:\AprPanama2025_fixed\041525_experimental\041525PA_experimental_part07.mp4,1900-01-01 20:47:52.800,1432
117526,647,61,4.0,114.0,163.0,242.77777777777777,D:\AprPanama2025_fixed\041525_experimental\041525PA_experimental_part07.mp4,1900-01-01 20:47:52.600,947
117526,1132,136,6.0,114.0,178.0,245.25,D:\AprPanama2025_fixed\041525_experimental\041525PA_experimental_part07.mp4,1900-01-01 20:47:52.600,1432
117530,1176,19,12.5,122.0,179.0,214.7,D:\AprPanama2025_fixed\041525_experimental\041525PA_experimental_part07.mp4,1900-01-01 20:47:53.000,1476
117530,646,62,2.0,122.0,179.0,232.3333333333333,D:\AprPanama2025_fixed\041525_experimental\041525PA_experimental_part07.mp4,1900-01-01 20:47:53.000,946
117530,1132,138,3.0,135.0,179.0,239.0,D:\AprPanama2025_fixed\041525_experimental\041525PA_experimental_part07.mp4,1900-01-01 20:47:53.000,1432
117524,647,62,6.0,120.0,176.0,248.16666666666663,D:\AprPanama2025_fixed\041525_experimental\041525PA_experimental_part07.mp4,1900-01-01 20:47:52.400,947
117524,1133,136,7.0,120.0,181.0,248.30769230769232,D:\AprPanama2025_fixed\041525_experimental\041525PA_experimental_part07.mp4,1900-01-01 20:47:52.400,1433
117523,647,62,5.5,117.0,168.0,240.72727272727275,D:\AprPanama2025_fixed\041525_experimental\041525PA_experimental_part07.mp4,1900-01-01 20:47:52.300,947
117523,1133,135,6.0,117.0,176.0,250.25,D:\AprPanama2025_fixed\041525_experimental\041525PA_experimental_part07.mp4,1900-01-01 20:47:52.300,1433
117531,1176,19,12.5,121.0,178.0,221.65,D:\AprPanama2025_fixed\041525_experimental\041525PA_experimental_part07.mp4,1900-01-01 20:47:53.100,1476
117531,1132,138,1.5,113.0,158.0,246.2,D:\AprPanama2025_fixed\041525_experimental\041525PA_experimental_part07.mp4,1900-01-01 20:47:53.100,1432
117536,1175,19,3.5,133.0,179.0,254.66666666666663,D:\AprPanama2025_fixed\041525_experimental\041525PA_experimental_part07.mp4,1900-01-01 20:47:53.600,1475
117534,1175,19,11.0,111.0,177.0,238.2222222222222,D:\AprPanama2025_fixed\041525_experimental\041525PA_experimental_part07.mp4,1900-01-01 20:47:53.400,1475
117538,1175,19,2.0,115.0,148.0,252.16666666666663,D:\AprPanama2025_fixed\041525_experimental\041525PA_experimental_part07.mp4,1900-01-01 20:47:53.800,1475
117537,1175,19,3.0,112.0,176.0,248.375,D:\AprPanama2025_fixed\041525_experimental\041525PA_experimental_part07.mp4,1900-01-01 20:47:53.700,1475
117532,1176,19,12.5,115.0,176.0,225.85,D:\AprPanama2025_fixed\041525_experimental\041525PA_experimental_part07.mp4,1900-01-01 20:47:53.200,1476
117532,646,62,1.5,117.0,175.0,226.8,D:\AprPanama2025_fixed\041525_experimental\041525PA_experimental_part07.mp4,1900-01-01 20:47:53.200,946
117532,1131,138,2.5,113.0,157.0,252.28571428571428,D:\AprPanama2025_fixed\041525_experimental\041525PA_experimental_part07.mp4,1900-01-01 20:47:53.200,1431
117533,1175,19,11.0,116.0,175.0,242.16666666666663,D:\AprPanama2025_fixed\041525_experimental\041525PA_experimental_part07.mp4,1900-01-01 20:47:53.300,1475
117535,1175,19,5.0,117.0,179.0,253.9090909090909,D:\AprPanama2025_fixed\041525_experimental\041525PA_experimental_part07.mp4,1900-01-01 20:47:53.500,1475
119274,65,114,1.5,114.0,150.0,36.8,D:\AprPanama2025_fixed\041525_experimental\041525PA_experimental_part07.mp4,1900-01-01 20:50:47.400,365
119282,85,114,1.5,113.0,142.0,76.60000000000001,D:\AprPanama2025_fixed\041525_experimental\041525PA_experimental_part07.mp4,1900-01-01 20:50:48.200,385
120050,561,57,2.5,129.0,177.0,242.875,D:\AprPanama2025_fixed\041525_experimental\041525PA_experimental_part07.mp4,1900-01-01 20:52:05.000,861
120049,561,57,2.5,129.0,177.0,242.875,D:\AprPanama2025_fixed\041525_experimental\041525PA_experimental_part07.mp4,1900-01-01 20:52:04.900,861
120047,560,57,4.5,114.0,177.0,230.0,D:\AprPanama2025_fixed\041525_experimental\041525PA_experimental_part07.mp4,1900-01-01 20:52:04.700,860
120046,560,56,2.5,124.0,175.0,239.3333333333333,D:\AprPanama2025_fixed\041525_experimental\041525PA_experimental_part07.mp4,1900-01-01 20:52:04.600,860
120048,561,57,3.0,134.0,178.0,245.125,D:\AprPanama2025_fixed\041525_experimental\041525PA_experimental_part07.mp4,1900-01-01 20:52:04.800,861
120055,561,58,3.0,126.0,150.0,43.25,D:\AprPanama2025_fixed\041525_experimental\041525PA_experimental_part07.mp4,1900-01-01 20:52:05.500,861
120058,561,58,2.5,122.0,150.0,73.14285714285714,D:\AprPanama2025_fixed\041525_experimental\041525PA_experimental_part07.mp4,1900-01-01 20:52:05.800,861
120052,561,57,1.5,120.0,175.0,209.2,D:\AprPanama2025_fixed\041525_experimental\041525PA_experimental_part07.mp4,1900-01-01 20:52:05.200,861
120056,561,58,3.0,126.0,150.0,43.25,D:\AprPanama2025_fixed\041525_experimental\041525PA_experimental_part07.mp4,1900-01-01 20:52:05.600,861
120054,561,58,5.5,124.0,165.0,121.36363636363636,D:\AprPanama2025_fixed\041525_experimental\041525PA_experimental_part07.mp4,1900-01-01 20:52:05.400,861
120051,561,57,1.5,120.0,175.0,209.2,D:\AprPanama2025_fixed\041525_experimental\041525PA_experimental_part07.mp4,1900-01-01 20:52:05.100,861
120053,561,58,5.5,124.0,165.0,121.36363636363636,D:\AprPanama2025_fixed\041525_experimental\041525PA_experimental_part07.mp4,1900-01-01 20:52:05.300,861
120057,560,58,1.5,111.0,169.0,88.5,D:\AprPanama2025_fixed\041525_experimental\041525PA_experimental_part07.mp4,1900-01-01 20:52:05.700,860
120060,562,58,2.0,121.0,173.0,195.8333333333333,D:\AprPanama2025_fixed\041525_experimental\041525PA_experimental_part07.mp4,1900-01-01 20:52:06.000,862
120061,562,58,1.5,138.0,160.0,171.4,D:\AprPanama2025_fixed\041525_experimental\041525PA_experimental_part07.mp4,1900-01-01 20:52:06.100,862
120066,702,65,3.5,122.0,176.0,208.875,D:\AprPanama2025_fixed\041525_experimental\041525PA_experimental_part07.mp4,1900-01-01 20:52:06.600,1002
120059,562,58,2.0,121.0,173.0,195.8333333333333,D:\AprPanama2025_fixed\041525_experimental\041525PA_experimental_part07.mp4,1900-01-01 20:52:05.900,862
120069,703,65,7.0,115.0,179.0,236.7692307692308,D:\AprPanama2025_fixed\041525_experimental\041525PA_experimental_part07.mp4,1900-01-01 20:52:06.900,1003
120068,703,65,7.0,115.0,179.0,236.7692307692308,D:\AprPanama2025_fixed\041525_experimental\041525PA_experimental_part07.mp4,1900-01-01 20:52:06.800,1003
120070,703,65,7.0,115.0,179.0,236.7692307692308,D:\AprPanama2025_fixed\041525_experimental\041525PA_experimental_part07.mp4,1900-01-01 20:52:07.000,1003
120072,703,65,7.5,122.0,179.0,240.85714285714283,D:\AprPanama2025_fixed\041525_experimental\041525PA_experimental_part07.mp4,1900-01-01 20:52:07.200,1003
120067,703,65,6.0,113.0,175.0,240.25,D:\AprPanama2025_fixed\041525_experimental\041525PA_experimental_part07.mp4,1900-01-01 20:52:06.700,1003
120074,703,65,6.5,115.0,176.0,234.5833333333333,D:\AprPanama2025_fixed\041525_experimental\041525PA_experimental_part07.mp4,1900-01-01 20:52:07.400,1003
120071,703,65,7.0,119.0,179.0,233.61538461538464,D:\AprPanama2025_fixed\041525_experimental\041525PA_experimental_part07.mp4,1900-01-01 20:52:07.100,1003
120073,703,65,6.5,111.0,171.0,232.66666666666663,D:\AprPanama2025_fixed\041525_experimental\041525PA_experimental_part07.mp4,1900-01-01 20:52:07.300,1003
120077,703,65,2.5,144.0,162.0,245.7142857142857,D:\AprPanama2025_fixed\041525_experimental\041525PA_experimental_part07.mp4,1900-01-01 20:52:07.700,1003
120078,664,50,2.0,132.0,173.0,222.6,D:\AprPanama2025_fixed\041525_experimental\041525PA_experimental_part07.mp4,1900-01-01 20:52:07.800,964
120076,703,65,2.0,144.0,161.0,249.16666666666663,D:\AprPanama2025_fixed\041525_experimental\041525PA_experimental_part07.mp4,1900-01-01 20:52:07.600,1003
120081,737,24,2.5,124.0,178.0,222.75,D:\AprPanama2025_fixed\041525_experimental\041525PA_experimental_part07.mp4,1900-01-01 20:52:08.100,1037
120075,703,65,3.0,115.0,161.0,238.375,D:\AprPanama2025_fixed\041525_experimental\041525PA_experimental_part07.mp4,1900-01-01 20:52:07.500,1003
120088,737,24,7.5,115.0,176.0,248.7142857142857,D:\AprPanama2025_fixed\041525_experimental\041525PA_experimental_part07.mp4,1900-01-01 20:52:08.800,1037
120084,737,24,7.5,118.0,187.0,248.0,D:\AprPanama2025_fixed\041525_experimental\041525PA_experimental_part07.mp4,1900-01-01 20:52:08.400,1037
120083,737,24,7.5,118.0,187.0,248.0,D:\AprPanama2025_fixed\041525_experimental\041525PA_experimental_part07.mp4,1900-01-01 20:52:08.300,1037
120085,736,24,5.5,127.0,184.0,248.54545454545456,D:\AprPanama2025_fixed\041525_experimental\041525PA_experimental_part07.mp4,1900-01-01 20:52:08.500,1036
120089,737,24,7.5,113.0,176.0,248.42857142857144,D:\AprPanama2025_fixed\041525_experimental\041525PA_experimental_part07.mp4,1900-01-01 20:52:08.900,1037
120090,738,24,7.0,119.0,179.0,248.6923076923077,D:\AprPanama2025_fixed\041525_experimental\041525PA_experimental_part07.mp4,1900-01-01 20:52:09.000,1038
120086,736,24,6.5,121.0,178.0,241.0769230769231,D:\AprPanama2025_fixed\041525_experimental\041525PA_experimental_part07.mp4,1900-01-01 20:52:08.600,1036
120087,736,24,6.0,119.0,179.0,254.91666666666663,D:\AprPanama2025_fixed\041525_experimental\041525PA_experimental_part07.mp4,1900-01-01 20:52:08.700,1036
120095,738,24,2.0,139.0,175.0,191.66666666666663,D:\AprPanama2025_fixed\041525_experimental\041525PA_experimental_part07.mp4,1900-01-01 20:52:09.500,1038
120093,738,24,3.5,119.0,174.0,242.44444444444443,D:\AprPanama2025_fixed\041525_experimental\041525PA_experimental_part07.mp4,1900-01-01 20:52:09.300,1038
120094,738,24,4.0,117.0,174.0,176.0,D:\AprPanama2025_fixed\041525_experimental\041525PA_experimental_part07.mp4,1900-01-01 20:52:09.400,1038
120096,738,24,1.5,119.0,159.0,201.0,D:\AprPanama2025_fixed\041525_experimental\041525PA_experimental_part07.mp4,1900-01-01 20:52:09.600,1038
120092,738,24,4.0,121.0,177.0,243.9,D:\AprPanama2025_fixed\041525_experimental\041525PA_experimental_part07.mp4,1900-01-01 20:52:09.200,1038
120091,738,24,7.0,119.0,179.0,248.6923076923077,D:\AprPanama2025_fixed\041525_experimental\041525PA_experimental_part07.mp4,1900-01-01 20:52:09.100,1038
122641,628,61,5.0,128.0,181.0,246.5,D:\AprPanama2025_fixed\041525_experimental\041525PA_experimental_part07.mp4,1900-01-01 20:56:24.100,928
122642,628,61,6.5,120.0,181.0,243.84615384615387,D:\AprPanama2025_fixed\041525_experimental\041525PA_experimental_part07.mp4,1900-01-01 20:56:24.200,928
122646,628,61,1.5,129.0,173.0,255.0,D:\AprPanama2025_fixed\041525_experimental\041525PA_experimental_part07.mp4,1900-01-01 20:56:24.600,928
122645,628,61,2.0,129.0,176.0,254.57142857142856,D:\AprPanama2025_fixed\041525_experimental\041525PA_experimental_part07.mp4,1900-01-01 20:56:24.500,928
122644,628,61,4.5,112.0,181.0,229.0,D:\AprPanama2025_fixed\041525_experimental\041525PA_experimental_part07.mp4,1900-01-01 20:56:24.400,928
122647,628,61,1.5,144.0,173.0,255.0,D:\AprPanama2025_fixed\041525_experimental\041525PA_experimental_part07.mp4,1900-01-01 20:56:24.700,928
122643,628,61,6.5,112.0,181.0,234.0769230769231,D:\AprPanama2025_fixed\041525_experimental\041525PA_experimental_part07.mp4,1900-01-01 20:56:24.300,928
122657,498,52,8.5,116.0,179.0,250.0,D:\AprPanama2025_fixed\041525_experimental\041525PA_experimental_part07.mp4,1900-01-01 20:56:25.700,798
122657,467,65,2.0,114.0,153.0,184.16666666666663,D:\AprPanama2025_fixed\041525_experimental\041525PA_experimental_part07.mp4,1900-01-01 20:56:25.700,767
122654,498,52,3.5,114.0,179.0,242.375,D:\AprPanama2025_fixed\041525_experimental\041525PA_experimental_part07.mp4,1900-01-01 20:56:25.400,798
122654,628,59,3.0,114.0,144.0,73.71428571428571,D:\AprPanama2025_fixed\041525_experimental\041525PA_experimental_part07.mp4,1900-01-01 20:56:25.400,928
122654,467,65,5.0,116.0,167.0,237.8,D:\AprPanama2025_fixed\041525_experimental\041525PA_experimental_part07.mp4,1900-01-01 20:56:25.400,767
122651,628,60,2.5,122.0,161.0,141.14285714285714,D:\AprPanama2025_fixed\041525_experimental\041525PA_experimental_part07.mp4,1900-01-01 20:56:25.100,928
122651,467,65,2.5,112.0,149.0,147.14285714285714,D:\AprPanama2025_fixed\041525_experimental\041525PA_experimental_part07.mp4,1900-01-01 20:56:25.100,767
122653,628,59,3.0,114.0,144.0,73.71428571428571,D:\AprPanama2025_fixed\041525_experimental\041525PA_experimental_part07.mp4,1900-01-01 20:56:25.300,928
122653,467,65,6.0,118.0,176.0,233.72727272727275,D:\AprPanama2025_fixed\041525_experimental\041525PA_experimental_part07.mp4,1900-01-01 20:56:25.300,767
122655,498,52,8.0,120.0,179.0,252.85714285714283,D:\AprPanama2025_fixed\041525_experimental\041525PA_experimental_part07.mp4,1900-01-01 20:56:25.500,798
122655,467,65,5.0,111.0,167.0,232.3,D:\AprPanama2025_fixed\041525_experimental\041525PA_experimental_part07.mp4,1900-01-01 20:56:25.500,767
122658,498,52,9.5,114.0,179.0,249.4375,D:\AprPanama2025_fixed\041525_experimental\041525PA_experimental_part07.mp4,1900-01-01 20:56:25.800,798
122658,467,65,2.0,114.0,153.0,184.16666666666663,D:\AprPanama2025_fixed\041525_experimental\041525PA_experimental_part07.mp4,1900-01-01 20:56:25.800,767
122656,498,52,8.0,112.0,178.0,248.7142857142857,D:\AprPanama2025_fixed\041525_experimental\041525PA_experimental_part07.mp4,1900-01-01 20:56:25.600,798
122656,629,60,1.5,111.0,136.0,56.6,D:\AprPanama2025_fixed\041525_experimental\041525PA_experimental_part07.mp4,1900-01-01 20:56:25.600,929
122656,467,65,4.0,113.0,154.0,166.77777777777777,D:\AprPanama2025_fixed\041525_experimental\041525PA_experimental_part07.mp4,1900-01-01 20:56:25.600,767
122652,467,65,6.5,119.0,179.0,211.0,D:\AprPanama2025_fixed\041525_experimental\041525PA_experimental_part07.mp4,1900-01-01 20:56:25.200,767
122660,498,52,9.5,114.0,179.0,249.375,D:\AprPanama2025_fixed\041525_experimental\041525PA_experimental_part07.mp4,1900-01-01 20:56:26.000,798
122661,498,52,7.5,114.0,179.0,246.7142857142857,D:\AprPanama2025_fixed\041525_experimental\041525PA_experimental_part07.mp4,1900-01-01 20:56:26.100,798
122665,498,51,5.5,122.0,171.0,235.9090909090909,D:\AprPanama2025_fixed\041525_experimental\041525PA_experimental_part07.mp4,1900-01-01 20:56:26.500,798
122662,498,52,7.5,114.0,179.0,245.78571428571428,D:\AprPanama2025_fixed\041525_experimental\041525PA_experimental_part07.mp4,1900-01-01 20:56:26.200,798
122663,498,52,7.5,118.0,179.0,230.14285714285717,D:\AprPanama2025_fixed\041525_experimental\041525PA_experimental_part07.mp4,1900-01-01 20:56:26.300,798
122666,498,51,5.5,122.0,171.0,235.9090909090909,D:\AprPanama2025_fixed\041525_experimental\041525PA_experimental_part07.mp4,1900-01-01 20:56:26.600,798
122664,498,51,7.0,118.0,175.0,215.7692307692308,D:\AprPanama2025_fixed\041525_experimental\041525PA_experimental_part07.mp4,1900-01-01 20:56:26.400,798
122659,498,52,9.5,114.0,179.0,249.375,D:\AprPanama2025_fixed\041525_experimental\041525PA_experimental_part07.mp4,1900-01-01 20:56:25.900,798
122671,498,51,2.0,121.0,165.0,128.83333333333331,D:\AprPanama2025_fixed\041525_experimental\041525PA_experimental_part07.mp4,1900-01-01 20:56:27.100,798
122673,671,63,6.5,117.0,173.0,242.3333333333333,D:\AprPanama2025_fixed\041525_experimental\041525PA_experimental_part07.mp4,1900-01-01 20:56:27.300,971
122670,633,93,1.5,115.0,170.0,234.7142857142857,D:\AprPanama2025_fixed\041525_experimental\041525PA_experimental_part07.mp4,1900-01-01 20:56:27.000,933
122669,634,93,2.5,115.0,170.0,223.625,D:\AprPanama2025_fixed\041525_experimental\041525PA_experimental_part07.mp4,1900-01-01 20:56:26.900,934
122672,498,51,1.5,115.0,182.0,235.0,D:\AprPanama2025_fixed\041525_experimental\041525PA_experimental_part07.mp4,1900-01-01 20:56:27.200,798
122672,670,62,1.5,117.0,145.0,233.0,D:\AprPanama2025_fixed\041525_experimental\041525PA_experimental_part07.mp4,1900-01-01 20:56:27.200,970
122668,634,92,2.0,112.0,171.0,210.0,D:\AprPanama2025_fixed\041525_experimental\041525PA_experimental_part07.mp4,1900-01-01 20:56:26.800,934
122674,672,64,5.5,134.0,178.0,241.41666666666663,D:\AprPanama2025_fixed\041525_experimental\041525PA_experimental_part07.mp4,1900-01-01 20:56:27.400,972
122667,634,92,2.0,112.0,171.0,210.0,D:\AprPanama2025_fixed\041525_experimental\041525PA_experimental_part07.mp4,1900-01-01 20:56:26.700,934
122681,674,65,3.5,112.0,172.0,232.77777777777777,D:\AprPanama2025_fixed\041525_experimental\041525PA_experimental_part07.mp4,1900-01-01 20:56:28.100,974
122677,673,63,6.5,112.0,173.0,246.5,D:\AprPanama2025_fixed\041525_experimental\041525PA_experimental_part07.mp4,1900-01-01 20:56:27.700,973
122676,673,63,9.0,113.0,179.0,238.8,D:\AprPanama2025_fixed\041525_experimental\041525PA_experimental_part07.mp4,1900-01-01 20:56:27.600,973
122679,674,64,4.0,118.0,179.0,243.5,D:\AprPanama2025_fixed\041525_experimental\041525PA_experimental_part07.mp4,1900-01-01 20:56:27.900,974
122678,673,64,7.0,120.0,179.0,248.6923076923077,D:\AprPanama2025_fixed\041525_experimental\041525PA_experimental_part07.mp4,1900-01-01 20:56:27.800,973
122680,674,65,4.0,111.0,179.0,250.55555555555557,D:\AprPanama2025_fixed\041525_experimental\041525PA_experimental_part07.mp4,1900-01-01 20:56:28.000,974
122675,672,63,6.0,115.0,180.0,245.91666666666663,D:\AprPanama2025_fixed\041525_experimental\041525PA_experimental_part07.mp4,1900-01-01 20:56:27.500,972
123161,1112,95,1.5,120.0,161.0,245.0,D:\AprPanama2025_fixed\041525_experimental\041525PA_experimental_part07.mp4,1900-01-01 20:57:16.100,1412
123164,1112,95,2.5,120.0,163.0,186.8333333333333,D:\AprPanama2025_fixed\041525_experimental\041525PA_experimental_part07.mp4,1900-01-01 20:57:16.400,1412
123163,1112,95,2.5,118.0,177.0,242.66666666666663,D:\AprPanama2025_fixed\041525_experimental\041525PA_experimental_part07.mp4,1900-01-01 20:57:16.300,1412
123178,1161,67,1.5,116.0,169.0,255.0,D:\AprPanama2025_fixed\041525_experimental\041525PA_experimental_part07.mp4,1900-01-01 20:57:17.800,1461
123177,1161,66,3.0,117.0,158.0,248.14285714285717,D:\AprPanama2025_fixed\041525_experimental\041525PA_experimental_part07.mp4,1900-01-01 20:57:17.700,1461
123180,1161,67,1.5,129.0,158.0,255.0,D:\AprPanama2025_fixed\041525_experimental\041525PA_experimental_part07.mp4,1900-01-01 20:57:18.000,1461
123181,1161,67,2.5,111.0,155.0,253.14285714285717,D:\AprPanama2025_fixed\041525_experimental\041525PA_experimental_part07.mp4,1900-01-01 20:57:18.100,1461
124045,123,161,2.0,112.0,134.0,81.83333333333333,D:\AprPanama2025_fixed\041525_experimental\041525PA_experimental_part07.mp4,1900-01-01 20:58:44.500,423
124060,156,278,2.0,118.0,166.0,163.66666666666666,D:\AprPanama2025_fixed\041525_experimental\041525PA_experimental_part07.mp4,1900-01-01 20:58:46.000,456
124059,156,278,2.0,118.0,166.0,163.66666666666666,D:\AprPanama2025_fixed\041525_experimental\041525PA_experimental_part07.mp4,1900-01-01 20:58:45.900,456
124065,339,131,2.0,112.0,145.0,194.16666666666663,D:\AprPanama2025_fixed\041525_experimental\041525PA_experimental_part07.mp4,1900-01-01 20:58:46.500,639
124065,156,278,3.0,119.0,175.0,232.57142857142856,D:\AprPanama2025_fixed\041525_experimental\041525PA_experimental_part07.mp4,1900-01-01 20:58:46.500,456
124066,156,278,3.0,119.0,175.0,232.57142857142856,D:\AprPanama2025_fixed\041525_experimental\041525PA_experimental_part07.mp4,1900-01-01 20:58:46.600,456
124063,338,131,5.5,128.0,168.0,225.54545454545456,D:\AprPanama2025_fixed\041525_experimental\041525PA_experimental_part07.mp4,1900-01-01 20:58:46.300,638
124063,156,278,2.0,119.0,176.0,242.16666666666663,D:\AprPanama2025_fixed\041525_experimental\041525PA_experimental_part07.mp4,1900-01-01 20:58:46.300,456
124064,338,131,4.0,126.0,165.0,184.11111111111111,D:\AprPanama2025_fixed\041525_experimental\041525PA_experimental_part07.mp4,1900-01-01 20:58:46.400,638
124064,156,278,3.0,119.0,175.0,232.57142857142856,D:\AprPanama2025_fixed\041525_experimental\041525PA_experimental_part07.mp4,1900-01-01 20:58:46.400,456
124062,339,129,3.5,114.0,165.0,216.66666666666663,D:\AprPanama2025_fixed\041525_experimental\041525PA_experimental_part07.mp4,1900-01-01 20:58:46.200,639
124062,156,278,2.0,119.0,176.0,242.16666666666663,D:\AprPanama2025_fixed\041525_experimental\041525PA_experimental_part07.mp4,1900-01-01 20:58:46.200,456
124061,339,129,3.5,114.0,165.0,216.66666666666663,D:\AprPanama2025_fixed\041525_experimental\041525PA_experimental_part07.mp4,1900-01-01 20:58:46.100,639
124061,156,278,2.0,119.0,176.0,242.16666666666663,D:\AprPanama2025_fixed\041525_experimental\041525PA_experimental_part07.mp4,1900-01-01 20:58:46.100,456
124075,153,226,4.5,113.0,157.0,118.44444444444444,D:\AprPanama2025_fixed\041525_experimental\041525PA_experimental_part07.mp4,1900-01-01 20:58:47.500,453
124078,153,225,2.5,122.0,175.0,188.16666666666663,D:\AprPanama2025_fixed\041525_experimental\041525PA_experimental_part07.mp4,1900-01-01 20:58:47.800,453
124079,154,224,2.5,127.0,170.0,245.8333333333333,D:\AprPanama2025_fixed\041525_experimental\041525PA_experimental_part07.mp4,1900-01-01 20:58:47.900,454
124082,123,79,2.5,112.0,144.0,50.16666666666666,D:\AprPanama2025_fixed\041525_experimental\041525PA_experimental_part07.mp4,1900-01-01 20:58:48.200,423
124083,154,224,2.5,113.0,141.0,66.16666666666666,D:\AprPanama2025_fixed\041525_experimental\041525PA_experimental_part07.mp4,1900-01-01 20:58:48.300,454
125317,245,140,2.0,120.0,172.0,235.3333333333333,D:\AprPanama2025_fixed\041525_experimental\041525PA_experimental_part07.mp4,1900-01-01 21:00:51.700,545
125320,245,140,2.5,136.0,171.0,221.42857142857144,D:\AprPanama2025_fixed\041525_experimental\041525PA_experimental_part07.mp4,1900-01-01 21:00:52.000,545
125318,245,140,3.5,115.0,169.0,222.125,D:\AprPanama2025_fixed\041525_experimental\041525PA_experimental_part07.mp4,1900-01-01 21:00:51.800,545
125316,244,140,1.5,120.0,172.0,238.6,D:\AprPanama2025_fixed\041525_experimental\041525PA_experimental_part07.mp4,1900-01-01 21:00:51.600,544
127449,591,64,8.0,113.0,178.0,253.07142857142856,D:\AprPanama2025_fixed\041525_experimental\041525PA_experimental_part08.mp4,1900-01-01 21:04:24.900,891
127448,591,64,8.0,113.0,178.0,253.07142857142856,D:\AprPanama2025_fixed\041525_experimental\041525PA_experimental_part08.mp4,1900-01-01 21:04:24.800,891
127447,591,64,5.0,112.0,177.0,229.8,D:\AprPanama2025_fixed\041525_experimental\041525PA_experimental_part08.mp4,1900-01-01 21:04:24.700,891
127451,591,64,7.0,128.0,178.0,245.84615384615387,D:\AprPanama2025_fixed\041525_experimental\041525PA_experimental_part08.mp4,1900-01-01 21:04:25.100,891
127456,591,64,3.0,118.0,171.0,225.5,D:\AprPanama2025_fixed\041525_experimental\041525PA_experimental_part08.mp4,1900-01-01 21:04:25.600,891
127453,591,64,5.0,116.0,175.0,243.3,D:\AprPanama2025_fixed\041525_experimental\041525PA_experimental_part08.mp4,1900-01-01 21:04:25.300,891
127455,591,64,4.0,111.0,178.0,230.1111111111111,D:\AprPanama2025_fixed\041525_experimental\041525PA_experimental_part08.mp4,1900-01-01 21:04:25.500,891
127450,591,64,7.5,121.0,176.0,252.5,D:\AprPanama2025_fixed\041525_experimental\041525PA_experimental_part08.mp4,1900-01-01 21:04:25.000,891
127457,591,64,2.5,112.0,165.0,215.14285714285717,D:\AprPanama2025_fixed\041525_experimental\041525PA_experimental_part08.mp4,1900-01-01 21:04:25.700,891
127452,591,64,7.5,111.0,178.0,234.07142857142856,D:\AprPanama2025_fixed\041525_experimental\041525PA_experimental_part08.mp4,1900-01-01 21:04:25.200,891
127454,591,64,5.0,111.0,176.0,240.1,D:\AprPanama2025_fixed\041525_experimental\041525PA_experimental_part08.mp4,1900-01-01 21:04:25.400,891
127464,687,82,7.5,119.0,176.0,247.46666666666667,D:\AprPanama2025_fixed\041525_experimental\041525PA_experimental_part08.mp4,1900-01-01 21:04:26.400,987
127465,688,82,6.5,112.0,177.0,243.14285714285717,D:\AprPanama2025_fixed\041525_experimental\041525PA_experimental_part08.mp4,1900-01-01 21:04:26.500,988
127458,590,64,1.5,126.0,155.0,175.60000000000002,D:\AprPanama2025_fixed\041525_experimental\041525PA_experimental_part08.mp4,1900-01-01 21:04:25.800,890
127460,590,64,1.5,125.0,156.0,239.6,D:\AprPanama2025_fixed\041525_experimental\041525PA_experimental_part08.mp4,1900-01-01 21:04:26.000,890
127459,590,64,1.5,126.0,155.0,175.60000000000002,D:\AprPanama2025_fixed\041525_experimental\041525PA_experimental_part08.mp4,1900-01-01 21:04:25.900,890
127463,688,82,7.5,121.0,178.0,236.07142857142856,D:\AprPanama2025_fixed\041525_experimental\041525PA_experimental_part08.mp4,1900-01-01 21:04:26.300,988
127461,590,63,2.0,113.0,168.0,245.3333333333333,D:\AprPanama2025_fixed\041525_experimental\041525PA_experimental_part08.mp4,1900-01-01 21:04:26.100,890
127462,688,82,7.0,116.0,179.0,232.0769230769231,D:\AprPanama2025_fixed\041525_experimental\041525PA_experimental_part08.mp4,1900-01-01 21:04:26.200,988
127471,630,177,4.0,132.0,177.0,222.66666666666663,D:\AprPanama2025_fixed\041525_experimental\041525PA_experimental_part08.mp4,1900-01-01 21:04:27.100,930
127469,687,82,4.5,116.0,168.0,234.55555555555557,D:\AprPanama2025_fixed\041525_experimental\041525PA_experimental_part08.mp4,1900-01-01 21:04:26.900,987
127469,629,177,1.5,133.0,151.0,139.4,D:\AprPanama2025_fixed\041525_experimental\041525PA_experimental_part08.mp4,1900-01-01 21:04:26.900,929
127468,687,81,1.5,124.0,179.0,252.8333333333333,D:\AprPanama2025_fixed\041525_experimental\041525PA_experimental_part08.mp4,1900-01-01 21:04:26.800,987
127470,687,82,2.0,111.0,148.0,249.5,D:\AprPanama2025_fixed\041525_experimental\041525PA_experimental_part08.mp4,1900-01-01 21:04:27.000,987
127470,630,177,4.0,132.0,177.0,222.66666666666663,D:\AprPanama2025_fixed\041525_experimental\041525PA_experimental_part08.mp4,1900-01-01 21:04:27.000,930
127466,688,82,5.0,135.0,178.0,250.5,D:\AprPanama2025_fixed\041525_experimental\041525PA_experimental_part08.mp4,1900-01-01 21:04:26.600,988
127473,575,67,4.0,132.0,171.0,216.77777777777777,D:\AprPanama2025_fixed\041525_experimental\041525PA_experimental_part08.mp4,1900-01-01 21:04:27.300,875
127473,629,178,2.0,117.0,173.0,226.7142857142857,D:\AprPanama2025_fixed\041525_experimental\041525PA_experimental_part08.mp4,1900-01-01 21:04:27.300,929
127472,574,67,3.5,117.0,171.0,166.75,D:\AprPanama2025_fixed\041525_experimental\041525PA_experimental_part08.mp4,1900-01-01 21:04:27.200,874
127472,629,178,2.5,113.0,172.0,235.125,D:\AprPanama2025_fixed\041525_experimental\041525PA_experimental_part08.mp4,1900-01-01 21:04:27.200,929
127467,688,82,5.0,129.0,172.0,240.3,D:\AprPanama2025_fixed\041525_experimental\041525PA_experimental_part08.mp4,1900-01-01 21:04:26.700,988
127477,575,67,6.0,119.0,169.0,235.66666666666663,D:\AprPanama2025_fixed\041525_experimental\041525PA_experimental_part08.mp4,1900-01-01 21:04:27.700,875
127477,628,178,2.0,114.0,175.0,233.16666666666663,D:\AprPanama2025_fixed\041525_experimental\041525PA_experimental_part08.mp4,1900-01-01 21:04:27.700,928
127480,575,66,2.0,111.0,148.0,243.28571428571428,D:\AprPanama2025_fixed\041525_experimental\041525PA_experimental_part08.mp4,1900-01-01 21:04:28.000,875
127479,575,66,3.0,132.0,164.0,250.5,D:\AprPanama2025_fixed\041525_experimental\041525PA_experimental_part08.mp4,1900-01-01 21:04:27.900,875
127479,580,102,2.0,118.0,168.0,209.66666666666663,D:\AprPanama2025_fixed\041525_experimental\041525PA_experimental_part08.mp4,1900-01-01 21:04:27.900,880
127474,575,67,4.0,145.0,172.0,246.3333333333333,D:\AprPanama2025_fixed\041525_experimental\041525PA_experimental_part08.mp4,1900-01-01 21:04:27.400,875
127474,628,178,3.5,140.0,173.0,242.125,D:\AprPanama2025_fixed\041525_experimental\041525PA_experimental_part08.mp4,1900-01-01 21:04:27.400,928
127476,575,67,4.0,144.0,171.0,250.44444444444443,D:\AprPanama2025_fixed\041525_experimental\041525PA_experimental_part08.mp4,1900-01-01 21:04:27.600,875
127476,628,178,2.0,114.0,176.0,233.3333333333333,D:\AprPanama2025_fixed\041525_experimental\041525PA_experimental_part08.mp4,1900-01-01 21:04:27.600,928
127478,575,67,4.5,115.0,160.0,239.6,D:\AprPanama2025_fixed\041525_experimental\041525PA_experimental_part08.mp4,1900-01-01 21:04:27.800,875
127478,580,102,3.5,118.0,168.0,198.75,D:\AprPanama2025_fixed\041525_experimental\041525PA_experimental_part08.mp4,1900-01-01 21:04:27.800,880
127478,628,178,2.0,112.0,170.0,234.0,D:\AprPanama2025_fixed\041525_experimental\041525PA_experimental_part08.mp4,1900-01-01 21:04:27.800,928
127475,575,67,5.0,120.0,172.0,244.7,D:\AprPanama2025_fixed\041525_experimental\041525PA_experimental_part08.mp4,1900-01-01 21:04:27.500,875
127475,581,101,4.0,130.0,167.0,146.77777777777777,D:\AprPanama2025_fixed\041525_experimental\041525PA_experimental_part08.mp4,1900-01-01 21:04:27.500,881
127475,628,178,4.5,113.0,176.0,227.88888888888889,D:\AprPanama2025_fixed\041525_experimental\041525PA_experimental_part08.mp4,1900-01-01 21:04:27.500,928
127485,574,66,1.5,151.0,172.0,225.4,D:\AprPanama2025_fixed\041525_experimental\041525PA_experimental_part08.mp4,1900-01-01 21:04:28.500,874
127483,574,66,3.0,116.0,179.0,239.625,D:\AprPanama2025_fixed\041525_experimental\041525PA_experimental_part08.mp4,1900-01-01 21:04:28.300,874
127483,626,179,1.5,112.0,171.0,248.8,D:\AprPanama2025_fixed\041525_experimental\041525PA_experimental_part08.mp4,1900-01-01 21:04:28.300,926
127482,574,66,3.0,116.0,178.0,245.75,D:\AprPanama2025_fixed\041525_experimental\041525PA_experimental_part08.mp4,1900-01-01 21:04:28.200,874
127482,578,103,1.5,120.0,136.0,60.6,D:\AprPanama2025_fixed\041525_experimental\041525PA_experimental_part08.mp4,1900-01-01 21:04:28.200,878
129343,929,90,2.0,118.0,154.0,251.66666666666663,D:\AprPanama2025_fixed\041525_experimental\041525PA_experimental_part08.mp4,1900-01-01 21:07:34.300,1229
129342,928,90,2.0,135.0,172.0,249.16666666666663,D:\AprPanama2025_fixed\041525_experimental\041525PA_experimental_part08.mp4,1900-01-01 21:07:34.200,1228
129341,928,90,1.5,118.0,155.0,251.8,D:\AprPanama2025_fixed\041525_experimental\041525PA_experimental_part08.mp4,1900-01-01 21:07:34.100,1228
129346,928,90,2.0,133.0,166.0,249.5,D:\AprPanama2025_fixed\041525_experimental\041525PA_experimental_part08.mp4,1900-01-01 21:07:34.600,1228
131743,226,138,5.5,133.0,179.0,251.45454545454547,D:\AprPanama2025_fixed\041525_experimental\041525PA_experimental_part08.mp4,1900-01-01 21:11:34.300,526
131739,225,138,7.0,114.0,179.0,220.0769230769231,D:\AprPanama2025_fixed\041525_experimental\041525PA_experimental_part08.mp4,1900-01-01 21:11:33.900,525
131742,226,138,5.5,133.0,175.0,250.1818181818182,D:\AprPanama2025_fixed\041525_experimental\041525PA_experimental_part08.mp4,1900-01-01 21:11:34.200,526
131741,225,138,7.0,114.0,179.0,220.0769230769231,D:\AprPanama2025_fixed\041525_experimental\041525PA_experimental_part08.mp4,1900-01-01 21:11:34.100,525
131744,226,138,5.5,133.0,179.0,251.45454545454547,D:\AprPanama2025_fixed\041525_experimental\041525PA_experimental_part08.mp4,1900-01-01 21:11:34.400,526
131745,226,138,5.5,133.0,179.0,251.45454545454547,D:\AprPanama2025_fixed\041525_experimental\041525PA_experimental_part08.mp4,1900-01-01 21:11:34.500,526
131740,225,138,7.0,114.0,179.0,220.0769230769231,D:\AprPanama2025_fixed\041525_experimental\041525PA_experimental_part08.mp4,1900-01-01 21:11:34.000,525
131748,226,138,5.0,128.0,175.0,224.7,D:\AprPanama2025_fixed\041525_experimental\041525PA_experimental_part08.mp4,1900-01-01 21:11:34.800,526
131746,226,138,5.5,133.0,179.0,251.45454545454547,D:\AprPanama2025_fixed\041525_experimental\041525PA_experimental_part08.mp4,1900-01-01 21:11:34.600,526
131749,225,138,3.5,116.0,167.0,193.625,D:\AprPanama2025_fixed\041525_experimental\041525PA_experimental_part08.mp4,1900-01-01 21:11:34.900,525
131747,226,138,5.0,128.0,175.0,224.7,D:\AprPanama2025_fixed\041525_experimental\041525PA_experimental_part08.mp4,1900-01-01 21:11:34.700,526
133568,190,135,4.0,115.0,172.0,208.66666666666663,D:\AprPanama2025_fixed\041525_experimental\041525PA_experimental_part08.mp4,1900-01-01 21:14:36.800,490
133569,189,136,9.5,117.0,227.0,237.76470588235293,D:\AprPanama2025_fixed\041525_experimental\041525PA_experimental_part08.mp4,1900-01-01 21:14:36.900,489
133570,189,136,10.5,117.0,223.0,233.1111111111111,D:\AprPanama2025_fixed\041525_experimental\041525PA_experimental_part08.mp4,1900-01-01 21:14:37.000,489
133571,189,136,9.5,121.0,219.0,232.8823529411765,D:\AprPanama2025_fixed\041525_experimental\041525PA_experimental_part08.mp4,1900-01-01 21:14:37.100,489
133577,189,136,7.5,124.0,173.0,222.85714285714283,D:\AprPanama2025_fixed\041525_experimental\041525PA_experimental_part08.mp4,1900-01-01 21:14:37.700,489
133575,189,136,8.5,121.0,176.0,226.7333333333333,D:\AprPanama2025_fixed\041525_experimental\041525PA_experimental_part08.mp4,1900-01-01 21:14:37.500,489
133573,189,136,10.0,111.0,179.0,232.0,D:\AprPanama2025_fixed\041525_experimental\041525PA_experimental_part08.mp4,1900-01-01 21:14:37.300,489
133576,189,136,7.5,124.0,172.0,213.85714285714283,D:\AprPanama2025_fixed\041525_experimental\041525PA_experimental_part08.mp4,1900-01-01 21:14:37.600,489
133572,189,136,9.5,121.0,219.0,232.8823529411765,D:\AprPanama2025_fixed\041525_experimental\041525PA_experimental_part08.mp4,1900-01-01 21:14:37.200,489
133574,189,136,9.0,122.0,178.0,231.5625,D:\AprPanama2025_fixed\041525_experimental\041525PA_experimental_part08.mp4,1900-01-01 21:14:37.400,489
133580,188,136,4.5,115.0,151.0,231.2,D:\AprPanama2025_fixed\041525_experimental\041525PA_experimental_part08.mp4,1900-01-01 21:14:38.000,488
133579,189,136,6.5,115.0,158.0,210.7692307692308,D:\AprPanama2025_fixed\041525_experimental\041525PA_experimental_part08.mp4,1900-01-01 21:14:37.900,489
133578,189,136,6.5,125.0,166.0,212.15384615384616,D:\AprPanama2025_fixed\041525_experimental\041525PA_experimental_part08.mp4,1900-01-01 21:14:37.800,489
133581,188,135,1.5,114.0,149.0,228.6,D:\AprPanama2025_fixed\041525_experimental\041525PA_experimental_part08.mp4,1900-01-01 21:14:38.100,488
133592,193,82,2.5,122.0,156.0,111.42857142857142,D:\AprPanama2025_fixed\041525_experimental\041525PA_experimental_part08.mp4,1900-01-01 21:14:39.200,493
134255,478,90,1.5,118.0,157.0,235.6,D:\AprPanama2025_fixed\041525_experimental\041525PA_experimental_part08.mp4,1900-01-01 21:15:45.500,778
134271,648,2,1.5,138.0,166.0,215.4,D:\AprPanama2025_fixed\041525_experimental\041525PA_experimental_part08.mp4,1900-01-01 21:15:47.100,948
134272,648,2,1.5,138.0,166.0,215.4,D:\AprPanama2025_fixed\041525_experimental\041525PA_experimental_part08.mp4,1900-01-01 21:15:47.200,948
134273,649,2,2.5,124.0,155.0,251.85714285714283,D:\AprPanama2025_fixed\041525_experimental\041525PA_experimental_part08.mp4,1900-01-01 21:15:47.300,949
134275,649,2,2.5,144.0,166.0,249.42857142857144,D:\AprPanama2025_fixed\041525_experimental\041525PA_experimental_part08.mp4,1900-01-01 21:15:47.500,949
134274,649,2,2.5,125.0,154.0,254.85714285714283,D:\AprPanama2025_fixed\041525_experimental\041525PA_experimental_part08.mp4,1900-01-01 21:15:47.400,949
134277,649,2,3.0,121.0,166.0,212.0,D:\AprPanama2025_fixed\041525_experimental\041525PA_experimental_part08.mp4,1900-01-01 21:15:47.700,949
134278,650,2,2.5,122.0,168.0,207.7142857142857,D:\AprPanama2025_fixed\041525_experimental\041525PA_experimental_part08.mp4,1900-01-01 21:15:47.800,950
134281,660,98,3.0,118.0,175.0,224.85714285714283,D:\AprPanama2025_fixed\041525_experimental\041525PA_experimental_part08.mp4,1900-01-01 21:15:48.100,960
134276,649,2,3.0,143.0,172.0,228.25,D:\AprPanama2025_fixed\041525_experimental\041525PA_experimental_part08.mp4,1900-01-01 21:15:47.600,949
134284,660,98,2.0,134.0,172.0,225.0,D:\AprPanama2025_fixed\041525_experimental\041525PA_experimental_part08.mp4,1900-01-01 21:15:48.400,960
134282,651,2,2.0,115.0,158.0,255.0,D:\AprPanama2025_fixed\041525_experimental\041525PA_experimental_part08.mp4,1900-01-01 21:15:48.200,951
134282,660,98,3.0,118.0,175.0,224.85714285714283,D:\AprPanama2025_fixed\041525_experimental\041525PA_experimental_part08.mp4,1900-01-01 21:15:48.200,960
134728,1116,60,11.0,112.0,179.0,241.7222222222222,D:\AprPanama2025_fixed\041525_experimental\041525PA_experimental_part08.mp4,1900-01-01 21:16:32.800,1416
134727,1116,60,9.5,121.0,179.0,248.8235294117647,D:\AprPanama2025_fixed\041525_experimental\041525PA_experimental_part08.mp4,1900-01-01 21:16:32.700,1416
134729,1116,61,12.0,112.0,179.0,238.85,D:\AprPanama2025_fixed\041525_experimental\041525PA_experimental_part08.mp4,1900-01-01 21:16:32.900,1416
134726,1115,58,6.5,117.0,175.0,247.0769230769231,D:\AprPanama2025_fixed\041525_experimental\041525PA_experimental_part08.mp4,1900-01-01 21:16:32.600,1415
134723,1114,56,2.0,116.0,172.0,222.8333333333333,D:\AprPanama2025_fixed\041525_experimental\041525PA_experimental_part08.mp4,1900-01-01 21:16:32.300,1414
134725,1115,58,4.5,122.0,179.0,250.27272727272728,D:\AprPanama2025_fixed\041525_experimental\041525PA_experimental_part08.mp4,1900-01-01 21:16:32.500,1415
134724,1114,57,1.5,115.0,153.0,255.0,D:\AprPanama2025_fixed\041525_experimental\041525PA_experimental_part08.mp4,1900-01-01 21:16:32.400,1414
134732,1115,63,9.0,113.0,179.0,241.3125,D:\AprPanama2025_fixed\041525_experimental\041525PA_experimental_part08.mp4,1900-01-01 21:16:33.200,1415
134732,1138,96,2.5,119.0,160.0,126.83333333333331,D:\AprPanama2025_fixed\041525_experimental\041525PA_experimental_part08.mp4,1900-01-01 21:16:33.200,1438
134736,1116,65,4.0,137.0,187.0,253.77777777777777,D:\AprPanama2025_fixed\041525_experimental\041525PA_experimental_part08.mp4,1900-01-01 21:16:33.600,1416
134734,1116,64,8.0,120.0,178.0,240.26666666666665,D:\AprPanama2025_fixed\041525_experimental\041525PA_experimental_part08.mp4,1900-01-01 21:16:33.400,1416
134731,1116,62,8.5,111.0,179.0,229.7333333333333,D:\AprPanama2025_fixed\041525_experimental\041525PA_experimental_part08.mp4,1900-01-01 21:16:33.100,1416
134735,1116,65,5.5,116.0,179.0,242.27272727272728,D:\AprPanama2025_fixed\041525_experimental\041525PA_experimental_part08.mp4,1900-01-01 21:16:33.500,1416
134737,1116,66,2.0,134.0,174.0,223.5,D:\AprPanama2025_fixed\041525_experimental\041525PA_experimental_part08.mp4,1900-01-01 21:16:33.700,1416
134730,1116,61,11.5,123.0,179.0,233.15789473684208,D:\AprPanama2025_fixed\041525_experimental\041525PA_experimental_part08.mp4,1900-01-01 21:16:33.000,1416
134733,1116,64,9.0,112.0,178.0,236.8125,D:\AprPanama2025_fixed\041525_experimental\041525PA_experimental_part08.mp4,1900-01-01 21:16:33.300,1416
134738,1116,66,2.5,122.0,175.0,228.42857142857144,D:\AprPanama2025_fixed\041525_experimental\041525PA_experimental_part08.mp4,1900-01-01 21:16:33.800,1416
134740,1116,68,1.5,114.0,171.0,251.4,D:\AprPanama2025_fixed\041525_experimental\041525PA_experimental_part08.mp4,1900-01-01 21:16:34.000,1416
135409,132,229,2.5,129.0,177.0,225.7142857142857,D:\AprPanama2025_fixed\041525_experimental\041525PA_experimental_part08.mp4,1900-01-01 21:17:40.900,432
135413,132,229,4.0,125.0,177.0,252.55555555555557,D:\AprPanama2025_fixed\041525_experimental\041525PA_experimental_part08.mp4,1900-01-01 21:17:41.300,432
135411,132,228,1.5,115.0,176.0,251.3333333333333,D:\AprPanama2025_fixed\041525_experimental\041525PA_experimental_part08.mp4,1900-01-01 21:17:41.100,432
135417,132,229,4.0,112.0,169.0,223.44444444444443,D:\AprPanama2025_fixed\041525_experimental\041525PA_experimental_part08.mp4,1900-01-01 21:17:41.700,432
135414,132,228,2.0,114.0,175.0,252.28571428571428,D:\AprPanama2025_fixed\041525_experimental\041525PA_experimental_part08.mp4,1900-01-01 21:17:41.400,432
135416,132,228,2.0,125.0,176.0,189.8333333333333,D:\AprPanama2025_fixed\041525_experimental\041525PA_experimental_part08.mp4,1900-01-01 21:17:41.600,432
135412,132,228,1.5,115.0,176.0,251.3333333333333,D:\AprPanama2025_fixed\041525_experimental\041525PA_experimental_part08.mp4,1900-01-01 21:17:41.200,432
135415,132,228,1.5,158.0,176.0,250.0,D:\AprPanama2025_fixed\041525_experimental\041525PA_experimental_part08.mp4,1900-01-01 21:17:41.500,432
135420,132,228,3.5,111.0,148.0,129.0,D:\AprPanama2025_fixed\041525_experimental\041525PA_experimental_part08.mp4,1900-01-01 21:17:42.000,432
135419,132,228,3.5,111.0,148.0,129.0,D:\AprPanama2025_fixed\041525_experimental\041525PA_experimental_part08.mp4,1900-01-01 21:17:41.900,432
135418,132,228,2.0,111.0,164.0,217.16666666666663,D:\AprPanama2025_fixed\041525_experimental\041525PA_experimental_part08.mp4,1900-01-01 21:17:41.800,432
139159,546,21,4.0,121.0,165.0,236.0,D:\AprPanama2025_fixed\041525_experimental\041525PA_experimental_part08.mp4,1900-01-01 21:23:55.900,846
139158,545,21,3.5,129.0,171.0,179.5,D:\AprPanama2025_fixed\041525_experimental\041525PA_experimental_part08.mp4,1900-01-01 21:23:55.800,845
139161,545,22,5.5,113.0,178.0,228.45454545454547,D:\AprPanama2025_fixed\041525_experimental\041525PA_experimental_part08.mp4,1900-01-01 21:23:56.100,845
139160,545,21,7.0,117.0,178.0,228.3846153846154,D:\AprPanama2025_fixed\041525_experimental\041525PA_experimental_part08.mp4,1900-01-01 21:23:56.000,845
139168,544,22,3.0,113.0,173.0,241.375,D:\AprPanama2025_fixed\041525_experimental\041525PA_experimental_part08.mp4,1900-01-01 21:23:56.800,844
139165,545,22,3.0,120.0,165.0,253.0,D:\AprPanama2025_fixed\041525_experimental\041525PA_experimental_part08.mp4,1900-01-01 21:23:56.500,845
139164,545,22,4.5,121.0,173.0,244.0,D:\AprPanama2025_fixed\041525_experimental\041525PA_experimental_part08.mp4,1900-01-01 21:23:56.400,845
139169,545,22,1.5,119.0,178.0,239.16666666666663,D:\AprPanama2025_fixed\041525_experimental\041525PA_experimental_part08.mp4,1900-01-01 21:23:56.900,845
139163,545,22,4.5,129.0,177.0,240.2222222222222,D:\AprPanama2025_fixed\041525_experimental\041525PA_experimental_part08.mp4,1900-01-01 21:23:56.300,845
139166,545,22,3.0,120.0,165.0,253.0,D:\AprPanama2025_fixed\041525_experimental\041525PA_experimental_part08.mp4,1900-01-01 21:23:56.600,845
139167,545,22,2.5,118.0,166.0,251.42857142857144,D:\AprPanama2025_fixed\041525_experimental\041525PA_experimental_part08.mp4,1900-01-01 21:23:56.700,845
139162,545,21,6.0,115.0,178.0,234.8333333333333,D:\AprPanama2025_fixed\041525_experimental\041525PA_experimental_part08.mp4,1900-01-01 21:23:56.200,845
139173,544,22,1.5,153.0,175.0,236.0,D:\AprPanama2025_fixed\041525_experimental\041525PA_experimental_part08.mp4,1900-01-01 21:23:57.300,844
139172,544,22,3.0,124.0,177.0,210.28571428571428,D:\AprPanama2025_fixed\041525_experimental\041525PA_experimental_part08.mp4,1900-01-01 21:23:57.200,844
139171,544,22,3.0,124.0,177.0,210.28571428571428,D:\AprPanama2025_fixed\041525_experimental\041525PA_experimental_part08.mp4,1900-01-01 21:23:57.100,844
139174,544,22,1.5,153.0,175.0,236.0,D:\AprPanama2025_fixed\041525_experimental\041525PA_experimental_part08.mp4,1900-01-01 21:23:57.400,844
139170,544,23,1.5,125.0,179.0,232.6,D:\AprPanama2025_fixed\041525_experimental\041525PA_experimental_part08.mp4,1900-01-01 21:23:57.000,844
139182,711,76,1.5,120.0,161.0,119.6,D:\AprPanama2025_fixed\041525_experimental\041525PA_experimental_part08.mp4,1900-01-01 21:23:58.200,1011
139184,712,76,8.0,113.0,178.0,246.78571428571428,D:\AprPanama2025_fixed\041525_experimental\041525PA_experimental_part08.mp4,1900-01-01 21:23:58.400,1012
139183,712,75,5.0,132.0,178.0,252.1,D:\AprPanama2025_fixed\041525_experimental\041525PA_experimental_part08.mp4,1900-01-01 21:23:58.300,1012
139185,712,76,5.5,136.0,178.0,250.9090909090909,D:\AprPanama2025_fixed\041525_experimental\041525PA_experimental_part08.mp4,1900-01-01 21:23:58.500,1012
139189,714,75,5.5,119.0,179.0,236.0909090909091,D:\AprPanama2025_fixed\041525_experimental\041525PA_experimental_part08.mp4,1900-01-01 21:23:58.900,1014
139193,714,75,2.0,114.0,144.0,255.0,D:\AprPanama2025_fixed\041525_experimental\041525PA_experimental_part08.mp4,1900-01-01 21:23:59.300,1014
139192,714,75,5.5,131.0,179.0,243.1818181818182,D:\AprPanama2025_fixed\041525_experimental\041525PA_experimental_part08.mp4,1900-01-01 21:23:59.200,1014
139187,713,75,9.0,129.0,179.0,241.9375,D:\AprPanama2025_fixed\041525_experimental\041525PA_experimental_part08.mp4,1900-01-01 21:23:58.700,1013
139188,713,75,8.0,129.0,179.0,241.06666666666663,D:\AprPanama2025_fixed\041525_experimental\041525PA_experimental_part08.mp4,1900-01-01 21:23:58.800,1013
139191,714,75,5.5,131.0,179.0,243.1818181818182,D:\AprPanama2025_fixed\041525_experimental\041525PA_experimental_part08.mp4,1900-01-01 21:23:59.100,1014
139190,714,75,5.5,125.0,179.0,241.3636363636364,D:\AprPanama2025_fixed\041525_experimental\041525PA_experimental_part08.mp4,1900-01-01 21:23:59.000,1014
139186,713,76,8.0,112.0,179.0,237.14285714285717,D:\AprPanama2025_fixed\041525_experimental\041525PA_experimental_part08.mp4,1900-01-01 21:23:58.600,1013
139200,711,44,1.5,113.0,143.0,56.8,D:\AprPanama2025_fixed\041525_experimental\041525PA_experimental_part08.mp4,1900-01-01 21:24:00.000,1011
139195,714,75,2.5,116.0,168.0,246.42857142857144,D:\AprPanama2025_fixed\041525_experimental\041525PA_experimental_part08.mp4,1900-01-01 21:23:59.500,1014
139198,711,44,1.5,115.0,149.0,64.0,D:\AprPanama2025_fixed\041525_experimental\041525PA_experimental_part08.mp4,1900-01-01 21:23:59.800,1011
139199,711,44,1.5,113.0,143.0,56.8,D:\AprPanama2025_fixed\041525_experimental\041525PA_experimental_part08.mp4,1900-01-01 21:23:59.900,1011
139212,848,16,1.5,118.0,173.0,252.0,D:\AprPanama2025_fixed\041525_experimental\041525PA_experimental_part08.mp4,1900-01-01 21:24:01.200,1148
139214,848,16,1.5,148.0,173.0,209.4,D:\AprPanama2025_fixed\041525_experimental\041525PA_experimental_part08.mp4,1900-01-01 21:24:01.400,1148
139213,848,16,1.5,148.0,173.0,209.4,D:\AprPanama2025_fixed\041525_experimental\041525PA_experimental_part08.mp4,1900-01-01 21:24:01.300,1148
139217,848,16,1.5,123.0,158.0,162.60000000000002,D:\AprPanama2025_fixed\041525_experimental\041525PA_experimental_part08.mp4,1900-01-01 21:24:01.700,1148
139211,847,16,3.5,133.0,179.0,248.88888888888889,D:\AprPanama2025_fixed\041525_experimental\041525PA_experimental_part08.mp4,1900-01-01 21:24:01.100,1147
139210,847,16,3.5,113.0,179.0,238.77777777777777,D:\AprPanama2025_fixed\041525_experimental\041525PA_experimental_part08.mp4,1900-01-01 21:24:01.000,1147
140596,192,113,4.5,121.0,205.0,246.27272727272728,D:\AprPanama2025_fixed\041525_experimental\041525PA_experimental_part08.mp4,1900-01-01 21:26:19.600,492
140598,192,113,8.5,128.0,178.0,242.375,D:\AprPanama2025_fixed\041525_experimental\041525PA_experimental_part08.mp4,1900-01-01 21:26:19.800,492
140597,192,113,4.5,121.0,205.0,246.27272727272728,D:\AprPanama2025_fixed\041525_experimental\041525PA_experimental_part08.mp4,1900-01-01 21:26:19.700,492
140595,192,112,1.5,142.0,169.0,183.0,D:\AprPanama2025_fixed\041525_experimental\041525PA_experimental_part08.mp4,1900-01-01 21:26:19.500,492
140600,192,113,8.5,131.0,179.0,240.0,D:\AprPanama2025_fixed\041525_experimental\041525PA_experimental_part08.mp4,1900-01-01 21:26:20.000,492
140601,192,113,8.5,118.0,179.0,231.375,D:\AprPanama2025_fixed\041525_experimental\041525PA_experimental_part08.mp4,1900-01-01 21:26:20.100,492
140599,192,113,8.5,128.0,178.0,242.375,D:\AprPanama2025_fixed\041525_experimental\041525PA_experimental_part08.mp4,1900-01-01 21:26:19.900,492
140605,191,114,4.0,118.0,163.0,241.44444444444443,D:\AprPanama2025_fixed\041525_experimental\041525PA_experimental_part08.mp4,1900-01-01 21:26:20.500,491
140606,191,114,3.5,111.0,158.0,224.75,D:\AprPanama2025_fixed\041525_experimental\041525PA_experimental_part08.mp4,1900-01-01 21:26:20.600,491
140603,192,113,5.0,132.0,173.0,240.27272727272728,D:\AprPanama2025_fixed\041525_experimental\041525PA_experimental_part08.mp4,1900-01-01 21:26:20.300,492
140604,191,114,4.0,125.0,166.0,240.2222222222222,D:\AprPanama2025_fixed\041525_experimental\041525PA_experimental_part08.mp4,1900-01-01 21:26:20.400,491
140602,192,113,5.0,132.0,173.0,240.27272727272728,D:\AprPanama2025_fixed\041525_experimental\041525PA_experimental_part08.mp4,1900-01-01 21:26:20.200,492
144327,1134,22,14.0,118.0,179.0,246.9090909090909,D:\AprPanama2025_fixed\041525_experimental\041525PA_experimental_part09.mp4,1900-01-01 21:32:32.700,1434
144324,1133,22,6.5,117.0,174.0,244.5,D:\AprPanama2025_fixed\041525_experimental\041525PA_experimental_part09.mp4,1900-01-01 21:32:32.400,1433
144328,1135,23,13.5,117.0,179.0,252.0,D:\AprPanama2025_fixed\041525_experimental\041525PA_experimental_part09.mp4,1900-01-01 21:32:32.800,1435
144325,1133,23,13.5,119.0,179.0,239.8095238095238,D:\AprPanama2025_fixed\041525_experimental\041525PA_experimental_part09.mp4,1900-01-01 21:32:32.500,1433
144326,1134,23,15.0,112.0,181.0,245.5217391304348,D:\AprPanama2025_fixed\041525_experimental\041525PA_experimental_part09.mp4,1900-01-01 21:32:32.600,1434
144331,1137,23,9.0,122.0,179.0,245.875,D:\AprPanama2025_fixed\041525_experimental\041525PA_experimental_part09.mp4,1900-01-01 21:32:33.100,1437
144333,1136,23,1.5,123.0,152.0,237.0,D:\AprPanama2025_fixed\041525_experimental\041525PA_experimental_part09.mp4,1900-01-01 21:32:33.300,1436
144332,1137,23,10.5,121.0,179.0,248.8333333333333,D:\AprPanama2025_fixed\041525_experimental\041525PA_experimental_part09.mp4,1900-01-01 21:32:33.200,1437
144334,1138,22,1.5,116.0,154.0,253.14285714285717,D:\AprPanama2025_fixed\041525_experimental\041525PA_experimental_part09.mp4,1900-01-01 21:32:33.400,1438
144330,1136,23,11.5,115.0,179.0,247.0,D:\AprPanama2025_fixed\041525_experimental\041525PA_experimental_part09.mp4,1900-01-01 21:32:33.000,1436
144329,1135,23,14.0,117.0,179.0,238.04545454545456,D:\AprPanama2025_fixed\041525_experimental\041525PA_experimental_part09.mp4,1900-01-01 21:32:32.900,1435
144343,266,242,2.0,135.0,177.0,245.5,D:\AprPanama2025_fixed\041525_experimental\041525PA_experimental_part09.mp4,1900-01-01 21:32:34.300,566
144356,1230,74,4.5,113.0,175.0,230.8181818181818,D:\AprPanama2025_fixed\041525_experimental\041525PA_experimental_part09.mp4,1900-01-01 21:32:35.600,1530
144356,264,243,2.0,116.0,144.0,18.83333333333333,D:\AprPanama2025_fixed\041525_experimental\041525PA_experimental_part09.mp4,1900-01-01 21:32:35.600,564
144354,1230,74,4.0,134.0,179.0,216.5,D:\AprPanama2025_fixed\041525_experimental\041525PA_experimental_part09.mp4,1900-01-01 21:32:35.400,1530
144354,265,243,2.0,122.0,143.0,40.83333333333333,D:\AprPanama2025_fixed\041525_experimental\041525PA_experimental_part09.mp4,1900-01-01 21:32:35.400,565
144355,1230,74,5.5,120.0,177.0,198.0833333333333,D:\AprPanama2025_fixed\041525_experimental\041525PA_experimental_part09.mp4,1900-01-01 21:32:35.500,1530
144355,264,243,2.0,116.0,144.0,18.83333333333333,D:\AprPanama2025_fixed\041525_experimental\041525PA_experimental_part09.mp4,1900-01-01 21:32:35.500,564
144358,1230,74,1.5,118.0,155.0,254.2,D:\AprPanama2025_fixed\041525_experimental\041525PA_experimental_part09.mp4,1900-01-01 21:32:35.800,1530
144358,65,176,3.0,135.0,173.0,233.85714285714283,D:\AprPanama2025_fixed\041525_experimental\041525PA_experimental_part09.mp4,1900-01-01 21:32:35.800,365
144357,1230,74,3.5,123.0,177.0,215.55555555555557,D:\AprPanama2025_fixed\041525_experimental\041525PA_experimental_part09.mp4,1900-01-01 21:32:35.700,1530
144357,65,176,2.0,112.0,162.0,199.66666666666663,D:\AprPanama2025_fixed\041525_experimental\041525PA_experimental_part09.mp4,1900-01-01 21:32:35.700,365
144359,65,175,6.0,113.0,163.0,232.16666666666663,D:\AprPanama2025_fixed\041525_experimental\041525PA_experimental_part09.mp4,1900-01-01 21:32:35.900,365
144360,1230,74,2.0,124.0,173.0,232.57142857142856,D:\AprPanama2025_fixed\041525_experimental\041525PA_experimental_part09.mp4,1900-01-01 21:32:36.000,1530
144360,65,175,4.5,117.0,172.0,243.1,D:\AprPanama2025_fixed\041525_experimental\041525PA_experimental_part09.mp4,1900-01-01 21:32:36.000,365
144353,1230,74,4.0,131.0,178.0,206.3,D:\AprPanama2025_fixed\041525_experimental\041525PA_experimental_part09.mp4,1900-01-01 21:32:35.300,1530
144353,265,243,2.0,122.0,143.0,40.83333333333333,D:\AprPanama2025_fixed\041525_experimental\041525PA_experimental_part09.mp4,1900-01-01 21:32:35.300,565
144364,66,175,1.5,136.0,176.0,215.6,D:\AprPanama2025_fixed\041525_experimental\041525PA_experimental_part09.mp4,1900-01-01 21:32:36.400,366
144361,1230,74,2.0,124.0,173.0,232.57142857142856,D:\AprPanama2025_fixed\041525_experimental\041525PA_experimental_part09.mp4,1900-01-01 21:32:36.100,1530
144361,65,175,2.0,112.0,175.0,239.25,D:\AprPanama2025_fixed\041525_experimental\041525PA_experimental_part09.mp4,1900-01-01 21:32:36.100,365
145903,640,55,7.5,117.0,179.0,250.6923076923077,D:\AprPanama2025_fixed\041525_experimental\041525PA_experimental_part09.mp4,1900-01-01 21:35:10.300,940
145904,640,55,6.5,132.0,179.0,250.66666666666663,D:\AprPanama2025_fixed\041525_experimental\041525PA_experimental_part09.mp4,1900-01-01 21:35:10.400,940
145901,640,56,6.5,114.0,179.0,248.8333333333333,D:\AprPanama2025_fixed\041525_experimental\041525PA_experimental_part09.mp4,1900-01-01 21:35:10.100,940
145900,640,55,3.5,137.0,179.0,240.55555555555557,D:\AprPanama2025_fixed\041525_experimental\041525PA_experimental_part09.mp4,1900-01-01 21:35:10.000,940
145902,640,56,6.5,114.0,179.0,248.8333333333333,D:\AprPanama2025_fixed\041525_experimental\041525PA_experimental_part09.mp4,1900-01-01 21:35:10.200,940
145899,640,55,2.5,119.0,173.0,212.85714285714283,D:\AprPanama2025_fixed\041525_experimental\041525PA_experimental_part09.mp4,1900-01-01 21:35:09.900,940
145906,640,55,5.0,138.0,178.0,245.8,D:\AprPanama2025_fixed\041525_experimental\041525PA_experimental_part09.mp4,1900-01-01 21:35:10.600,940
145912,640,54,3.0,124.0,176.0,244.42857142857144,D:\AprPanama2025_fixed\041525_experimental\041525PA_experimental_part09.mp4,1900-01-01 21:35:11.200,940
145911,640,54,1.5,144.0,176.0,250.2,D:\AprPanama2025_fixed\041525_experimental\041525PA_experimental_part09.mp4,1900-01-01 21:35:11.100,940
145905,640,55,5.5,118.0,179.0,249.54545454545456,D:\AprPanama2025_fixed\041525_experimental\041525PA_experimental_part09.mp4,1900-01-01 21:35:10.500,940
145908,640,55,5.0,115.0,179.0,248.8,D:\AprPanama2025_fixed\041525_experimental\041525PA_experimental_part09.mp4,1900-01-01 21:35:10.800,940
145909,640,54,3.0,124.0,179.0,248.57142857142856,D:\AprPanama2025_fixed\041525_experimental\041525PA_experimental_part09.mp4,1900-01-01 21:35:10.900,940
145910,640,54,1.5,164.0,179.0,251.2,D:\AprPanama2025_fixed\041525_experimental\041525PA_experimental_part09.mp4,1900-01-01 21:35:11.000,940
145907,640,55,5.0,115.0,179.0,248.8,D:\AprPanama2025_fixed\041525_experimental\041525PA_experimental_part09.mp4,1900-01-01 21:35:10.700,940
145918,671,70,6.0,118.0,173.0,253.75,D:\AprPanama2025_fixed\041525_experimental\041525PA_experimental_part09.mp4,1900-01-01 21:35:11.800,971
145920,671,71,5.5,120.0,179.0,253.63636363636363,D:\AprPanama2025_fixed\041525_experimental\041525PA_experimental_part09.mp4,1900-01-01 21:35:12.000,971
145916,640,55,1.5,118.0,162.0,193.6,D:\AprPanama2025_fixed\041525_experimental\041525PA_experimental_part09.mp4,1900-01-01 21:35:11.600,940
145916,671,70,6.0,119.0,174.0,249.0833333333333,D:\AprPanama2025_fixed\041525_experimental\041525PA_experimental_part09.mp4,1900-01-01 21:35:11.600,971
145917,671,70,6.0,123.0,174.0,251.66666666666663,D:\AprPanama2025_fixed\041525_experimental\041525PA_experimental_part09.mp4,1900-01-01 21:35:11.700,971
145915,640,55,1.5,118.0,162.0,193.6,D:\AprPanama2025_fixed\041525_experimental\041525PA_experimental_part09.mp4,1900-01-01 21:35:11.500,940
145915,671,70,4.5,116.0,172.0,198.8,D:\AprPanama2025_fixed\041525_experimental\041525PA_experimental_part09.mp4,1900-01-01 21:35:11.500,971
145919,671,70,6.0,130.0,179.0,251.5833333333333,D:\AprPanama2025_fixed\041525_experimental\041525PA_experimental_part09.mp4,1900-01-01 21:35:11.900,971
145914,640,54,3.5,112.0,170.0,159.625,D:\AprPanama2025_fixed\041525_experimental\041525PA_experimental_part09.mp4,1900-01-01 21:35:11.400,940
145913,640,54,3.0,124.0,176.0,244.42857142857144,D:\AprPanama2025_fixed\041525_experimental\041525PA_experimental_part09.mp4,1900-01-01 21:35:11.300,940
145923,543,43,7.0,121.0,178.0,237.61538461538464,D:\AprPanama2025_fixed\041525_experimental\041525PA_experimental_part09.mp4,1900-01-01 21:35:12.300,843
145923,672,70,3.0,135.0,179.0,251.7142857142857,D:\AprPanama2025_fixed\041525_experimental\041525PA_experimental_part09.mp4,1900-01-01 21:35:12.300,972
145923,473,161,2.0,118.0,169.0,206.16666666666663,D:\AprPanama2025_fixed\041525_experimental\041525PA_experimental_part09.mp4,1900-01-01 21:35:12.300,773
145924,543,44,8.0,123.0,178.0,247.07142857142856,D:\AprPanama2025_fixed\041525_experimental\041525PA_experimental_part09.mp4,1900-01-01 21:35:12.400,843
145924,672,70,4.0,115.0,179.0,255.0,D:\AprPanama2025_fixed\041525_experimental\041525PA_experimental_part09.mp4,1900-01-01 21:35:12.400,972
145924,473,161,4.5,119.0,177.0,189.5,D:\AprPanama2025_fixed\041525_experimental\041525PA_experimental_part09.mp4,1900-01-01 21:35:12.400,773
145928,543,44,6.5,123.0,172.0,238.5833333333333,D:\AprPanama2025_fixed\041525_experimental\041525PA_experimental_part09.mp4,1900-01-01 21:35:12.800,843
145928,672,70,2.0,132.0,178.0,237.5,D:\AprPanama2025_fixed\041525_experimental\041525PA_experimental_part09.mp4,1900-01-01 21:35:12.800,972
145928,474,160,3.5,114.0,176.0,248.75,D:\AprPanama2025_fixed\041525_experimental\041525PA_experimental_part09.mp4,1900-01-01 21:35:12.800,774
145925,543,44,7.0,150.0,176.0,253.23076923076923,D:\AprPanama2025_fixed\041525_experimental\041525PA_experimental_part09.mp4,1900-01-01 21:35:12.500,843
145925,672,70,4.0,116.0,179.0,254.3333333333333,D:\AprPanama2025_fixed\041525_experimental\041525PA_experimental_part09.mp4,1900-01-01 21:35:12.500,972
145925,473,161,3.0,112.0,175.0,220.625,D:\AprPanama2025_fixed\041525_experimental\041525PA_experimental_part09.mp4,1900-01-01 21:35:12.500,773
145927,543,44,6.5,123.0,172.0,238.5833333333333,D:\AprPanama2025_fixed\041525_experimental\041525PA_experimental_part09.mp4,1900-01-01 21:35:12.700,843
145927,672,70,3.5,118.0,179.0,251.125,D:\AprPanama2025_fixed\041525_experimental\041525PA_experimental_part09.mp4,1900-01-01 21:35:12.700,972
145927,474,160,3.5,119.0,173.0,252.375,D:\AprPanama2025_fixed\041525_experimental\041525PA_experimental_part09.mp4,1900-01-01 21:35:12.700,774
145922,543,43,7.0,120.0,178.0,227.15384615384616,D:\AprPanama2025_fixed\041525_experimental\041525PA_experimental_part09.mp4,1900-01-01 21:35:12.200,843
145922,672,70,3.0,135.0,179.0,251.7142857142857,D:\AprPanama2025_fixed\041525_experimental\041525PA_experimental_part09.mp4,1900-01-01 21:35:12.200,972
145921,543,43,7.0,120.0,178.0,227.15384615384616,D:\AprPanama2025_fixed\041525_experimental\041525PA_experimental_part09.mp4,1900-01-01 21:35:12.100,843
145921,672,70,4.0,115.0,177.0,253.875,D:\AprPanama2025_fixed\041525_experimental\041525PA_experimental_part09.mp4,1900-01-01 21:35:12.100,972
145926,543,43,6.0,150.0,177.0,250.0,D:\AprPanama2025_fixed\041525_experimental\041525PA_experimental_part09.mp4,1900-01-01 21:35:12.600,843
145926,672,70,3.5,118.0,179.0,251.125,D:\AprPanama2025_fixed\041525_experimental\041525PA_experimental_part09.mp4,1900-01-01 21:35:12.600,972
145926,473,161,3.0,112.0,175.0,220.625,D:\AprPanama2025_fixed\041525_experimental\041525PA_experimental_part09.mp4,1900-01-01 21:35:12.600,773
145934,663,112,8.0,133.0,179.0,250.0,D:\AprPanama2025_fixed\041525_experimental\041525PA_experimental_part09.mp4,1900-01-01 21:35:13.400,963
145934,475,160,2.0,114.0,175.0,244.16666666666663,D:\AprPanama2025_fixed\041525_experimental\041525PA_experimental_part09.mp4,1900-01-01 21:35:13.400,775
145932,543,43,3.0,112.0,157.0,125.71428571428572,D:\AprPanama2025_fixed\041525_experimental\041525PA_experimental_part09.mp4,1900-01-01 21:35:13.200,843
145932,663,111,9.5,139.0,179.0,249.6875,D:\AprPanama2025_fixed\041525_experimental\041525PA_experimental_part09.mp4,1900-01-01 21:35:13.200,963
145932,474,160,3.5,117.0,178.0,248.875,D:\AprPanama2025_fixed\041525_experimental\041525PA_experimental_part09.mp4,1900-01-01 21:35:13.200,774
145930,544,43,3.0,121.0,169.0,205.14285714285717,D:\AprPanama2025_fixed\041525_experimental\041525PA_experimental_part09.mp4,1900-01-01 21:35:13.000,844
145930,663,111,6.5,112.0,178.0,241.16666666666663,D:\AprPanama2025_fixed\041525_experimental\041525PA_experimental_part09.mp4,1900-01-01 21:35:13.000,963
145930,474,160,4.5,116.0,178.0,252.77777777777777,D:\AprPanama2025_fixed\041525_experimental\041525PA_experimental_part09.mp4,1900-01-01 21:35:13.000,774
145935,663,112,9.0,116.0,176.0,244.6875,D:\AprPanama2025_fixed\041525_experimental\041525PA_experimental_part09.mp4,1900-01-01 21:35:13.500,963
145935,474,160,1.5,136.0,158.0,139.4,D:\AprPanama2025_fixed\041525_experimental\041525PA_experimental_part09.mp4,1900-01-01 21:35:13.500,774
145931,543,43,3.0,112.0,157.0,125.71428571428572,D:\AprPanama2025_fixed\041525_experimental\041525PA_experimental_part09.mp4,1900-01-01 21:35:13.100,843
145931,663,111,8.5,146.0,178.0,243.26666666666665,D:\AprPanama2025_fixed\041525_experimental\041525PA_experimental_part09.mp4,1900-01-01 21:35:13.100,963
145931,474,160,3.5,120.0,178.0,254.125,D:\AprPanama2025_fixed\041525_experimental\041525PA_experimental_part09.mp4,1900-01-01 21:35:13.100,774
145929,544,44,4.0,124.0,171.0,199.3333333333333,D:\AprPanama2025_fixed\041525_experimental\041525PA_experimental_part09.mp4,1900-01-01 21:35:12.900,844
145929,672,70,2.0,125.0,171.0,218.5,D:\AprPanama2025_fixed\041525_experimental\041525PA_experimental_part09.mp4,1900-01-01 21:35:12.900,972
145929,662,110,4.5,114.0,170.0,204.77777777777777,D:\AprPanama2025_fixed\041525_experimental\041525PA_experimental_part09.mp4,1900-01-01 21:35:12.900,962
145929,474,160,3.5,114.0,176.0,248.75,D:\AprPanama2025_fixed\041525_experimental\041525PA_experimental_part09.mp4,1900-01-01 21:35:12.900,774
145933,663,111,10.0,111.0,181.0,245.75,D:\AprPanama2025_fixed\041525_experimental\041525PA_experimental_part09.mp4,1900-01-01 21:35:13.300,963
145933,475,160,2.0,114.0,175.0,244.66666666666663,D:\AprPanama2025_fixed\041525_experimental\041525PA_experimental_part09.mp4,1900-01-01 21:35:13.300,775
145936,672,69,1.5,111.0,141.0,102.0,D:\AprPanama2025_fixed\041525_experimental\041525PA_experimental_part09.mp4,1900-01-01 21:35:13.600,972
145936,663,112,9.0,116.0,176.0,244.6875,D:\AprPanama2025_fixed\041525_experimental\041525PA_experimental_part09.mp4,1900-01-01 21:35:13.600,963
145936,474,160,1.5,136.0,158.0,139.4,D:\AprPanama2025_fixed\041525_experimental\041525PA_experimental_part09.mp4,1900-01-01 21:35:13.600,774
145937,663,113,8.5,114.0,178.0,247.8,D:\AprPanama2025_fixed\041525_experimental\041525PA_experimental_part09.mp4,1900-01-01 21:35:13.700,963
145937,474,160,1.5,124.0,151.0,110.6,D:\AprPanama2025_fixed\041525_experimental\041525PA_experimental_part09.mp4,1900-01-01 21:35:13.700,774
145942,663,114,4.0,111.0,176.0,241.55555555555557,D:\AprPanama2025_fixed\041525_experimental\041525PA_experimental_part09.mp4,1900-01-01 21:35:14.200,963
145939,663,113,4.0,120.0,176.0,249.3333333333333,D:\AprPanama2025_fixed\041525_experimental\041525PA_experimental_part09.mp4,1900-01-01 21:35:13.900,963
145944,663,114,4.0,122.0,176.0,238.3333333333333,D:\AprPanama2025_fixed\041525_experimental\041525PA_experimental_part09.mp4,1900-01-01 21:35:14.400,963
145943,663,114,4.0,122.0,176.0,238.3333333333333,D:\AprPanama2025_fixed\041525_experimental\041525PA_experimental_part09.mp4,1900-01-01 21:35:14.300,963
145941,663,113,3.0,113.0,169.0,246.28571428571428,D:\AprPanama2025_fixed\041525_experimental\041525PA_experimental_part09.mp4,1900-01-01 21:35:14.100,963
145940,663,113,4.0,120.0,176.0,249.3333333333333,D:\AprPanama2025_fixed\041525_experimental\041525PA_experimental_part09.mp4,1900-01-01 21:35:14.000,963
145938,658,28,1.5,113.0,144.0,214.8,D:\AprPanama2025_fixed\041525_experimental\041525PA_experimental_part09.mp4,1900-01-01 21:35:13.800,958
145938,662,113,4.0,118.0,174.0,246.0,D:\AprPanama2025_fixed\041525_experimental\041525PA_experimental_part09.mp4,1900-01-01 21:35:13.800,962
145938,475,160,2.0,112.0,136.0,72.33333333333333,D:\AprPanama2025_fixed\041525_experimental\041525PA_experimental_part09.mp4,1900-01-01 21:35:13.800,775
145945,663,114,2.0,139.0,169.0,235.5,D:\AprPanama2025_fixed\041525_experimental\041525PA_experimental_part09.mp4,1900-01-01 21:35:14.500,963
149127,846,50,4.5,111.0,174.0,239.7,D:\AprPanama2025_fixed\041525_experimental\041525PA_experimental_part09.mp4,1900-01-01 21:40:32.700,1146
149125,847,50,3.5,138.0,176.0,231.2222222222222,D:\AprPanama2025_fixed\041525_experimental\041525PA_experimental_part09.mp4,1900-01-01 21:40:32.500,1147
149128,848,50,2.0,118.0,163.0,238.16666666666663,D:\AprPanama2025_fixed\041525_experimental\041525PA_experimental_part09.mp4,1900-01-01 21:40:32.800,1148
149126,847,50,4.5,128.0,176.0,232.4,D:\AprPanama2025_fixed\041525_experimental\041525PA_experimental_part09.mp4,1900-01-01 21:40:32.600,1147
149130,846,49,1.5,123.0,161.0,238.6,D:\AprPanama2025_fixed\041525_experimental\041525PA_experimental_part09.mp4,1900-01-01 21:40:33.000,1146
149132,846,49,2.5,113.0,148.0,104.33333333333331,D:\AprPanama2025_fixed\041525_experimental\041525PA_experimental_part09.mp4,1900-01-01 21:40:33.200,1146
149133,846,49,2.5,115.0,153.0,202.3333333333333,D:\AprPanama2025_fixed\041525_experimental\041525PA_experimental_part09.mp4,1900-01-01 21:40:33.300,1146
149131,847,49,2.0,112.0,162.0,244.5,D:\AprPanama2025_fixed\041525_experimental\041525PA_experimental_part09.mp4,1900-01-01 21:40:33.100,1147
149129,847,49,2.0,137.0,147.0,248.2,D:\AprPanama2025_fixed\041525_experimental\041525PA_experimental_part09.mp4,1900-01-01 21:40:32.900,1147
149143,549,96,2.0,122.0,161.0,192.16666666666663,D:\AprPanama2025_fixed\041525_experimental\041525PA_experimental_part09.mp4,1900-01-01 21:40:34.300,849
149144,550,95,3.0,111.0,166.0,202.57142857142856,D:\AprPanama2025_fixed\041525_experimental\041525PA_experimental_part09.mp4,1900-01-01 21:40:34.400,850
149147,550,95,5.0,112.0,175.0,241.1,D:\AprPanama2025_fixed\041525_experimental\041525PA_experimental_part09.mp4,1900-01-01 21:40:34.700,850
149149,550,95,5.5,117.0,177.0,246.0909090909091,D:\AprPanama2025_fixed\041525_experimental\041525PA_experimental_part09.mp4,1900-01-01 21:40:34.900,850
149148,550,95,4.5,112.0,174.0,243.8,D:\AprPanama2025_fixed\041525_experimental\041525PA_experimental_part09.mp4,1900-01-01 21:40:34.800,850
149146,550,95,4.5,128.0,178.0,244.6,D:\AprPanama2025_fixed\041525_experimental\041525PA_experimental_part09.mp4,1900-01-01 21:40:34.600,850
149150,550,95,5.5,117.0,177.0,246.0909090909091,D:\AprPanama2025_fixed\041525_experimental\041525PA_experimental_part09.mp4,1900-01-01 21:40:35.000,850
149151,552,96,3.0,119.0,167.0,198.14285714285717,D:\AprPanama2025_fixed\041525_experimental\041525PA_experimental_part09.mp4,1900-01-01 21:40:35.100,852
149145,550,95,3.5,141.0,176.0,222.1111111111111,D:\AprPanama2025_fixed\041525_experimental\041525PA_experimental_part09.mp4,1900-01-01 21:40:34.500,850
149152,552,96,3.0,119.0,167.0,198.14285714285717,D:\AprPanama2025_fixed\041525_experimental\041525PA_experimental_part09.mp4,1900-01-01 21:40:35.200,852
149157,552,94,2.5,111.0,168.0,186.28571428571428,D:\AprPanama2025_fixed\041525_experimental\041525PA_experimental_part09.mp4,1900-01-01 21:40:35.700,852
149156,552,95,3.0,113.0,170.0,222.85714285714283,D:\AprPanama2025_fixed\041525_experimental\041525PA_experimental_part09.mp4,1900-01-01 21:40:35.600,852
149155,552,95,3.0,122.0,167.0,248.375,D:\AprPanama2025_fixed\041525_experimental\041525PA_experimental_part09.mp4,1900-01-01 21:40:35.500,852
149158,553,94,3.0,131.0,173.0,178.7142857142857,D:\AprPanama2025_fixed\041525_experimental\041525PA_experimental_part09.mp4,1900-01-01 21:40:35.800,853
149154,552,94,1.5,132.0,172.0,242.2,D:\AprPanama2025_fixed\041525_experimental\041525PA_experimental_part09.mp4,1900-01-01 21:40:35.400,852
149162,554,94,2.0,112.0,134.0,96.33333333333331,D:\AprPanama2025_fixed\041525_experimental\041525PA_experimental_part09.mp4,1900-01-01 21:40:36.200,854
149688,288,207,7.0,124.0,178.0,233.84615384615387,D:\AprPanama2025_fixed\041525_experimental\041525PA_experimental_part09.mp4,1900-01-01 21:41:28.800,588
149684,288,207,6.5,129.0,178.0,234.75,D:\AprPanama2025_fixed\041525_experimental\041525PA_experimental_part09.mp4,1900-01-01 21:41:28.400,588
149685,288,207,7.5,112.0,178.0,226.84615384615387,D:\AprPanama2025_fixed\041525_experimental\041525PA_experimental_part09.mp4,1900-01-01 21:41:28.500,588
149683,288,207,6.5,112.0,176.0,226.25,D:\AprPanama2025_fixed\041525_experimental\041525PA_experimental_part09.mp4,1900-01-01 21:41:28.300,588
149687,288,207,7.0,129.0,177.0,228.0,D:\AprPanama2025_fixed\041525_experimental\041525PA_experimental_part09.mp4,1900-01-01 21:41:28.700,588
149686,288,207,7.0,133.0,177.0,220.92307692307693,D:\AprPanama2025_fixed\041525_experimental\041525PA_experimental_part09.mp4,1900-01-01 21:41:28.600,588
149694,288,206,6.0,119.0,179.0,248.41666666666663,D:\AprPanama2025_fixed\041525_experimental\041525PA_experimental_part09.mp4,1900-01-01 21:41:29.400,588
149693,288,206,6.0,118.0,179.0,252.0833333333333,D:\AprPanama2025_fixed\041525_experimental\041525PA_experimental_part09.mp4,1900-01-01 21:41:29.300,588
149690,288,207,8.5,112.0,176.0,241.0,D:\AprPanama2025_fixed\041525_experimental\041525PA_experimental_part09.mp4,1900-01-01 21:41:29.000,588
149696,288,206,5.0,120.0,178.0,248.5,D:\AprPanama2025_fixed\041525_experimental\041525PA_experimental_part09.mp4,1900-01-01 21:41:29.600,588
149695,288,206,6.0,120.0,179.0,247.5,D:\AprPanama2025_fixed\041525_experimental\041525PA_experimental_part09.mp4,1900-01-01 21:41:29.500,588
149691,288,206,9.0,112.0,176.0,242.625,D:\AprPanama2025_fixed\041525_experimental\041525PA_experimental_part09.mp4,1900-01-01 21:41:29.100,588
149689,288,207,6.5,135.0,178.0,241.5,D:\AprPanama2025_fixed\041525_experimental\041525PA_experimental_part09.mp4,1900-01-01 21:41:28.900,588
149692,288,206,9.0,112.0,176.0,242.625,D:\AprPanama2025_fixed\041525_experimental\041525PA_experimental_part09.mp4,1900-01-01 21:41:29.200,588
149697,287,206,4.0,111.0,170.0,244.44444444444443,D:\AprPanama2025_fixed\041525_experimental\041525PA_experimental_part09.mp4,1900-01-01 21:41:29.700,587
149699,288,206,5.0,115.0,172.0,211.5,D:\AprPanama2025_fixed\041525_experimental\041525PA_experimental_part09.mp4,1900-01-01 21:41:29.900,588
149704,287,205,3.0,120.0,157.0,80.85714285714285,D:\AprPanama2025_fixed\041525_experimental\041525PA_experimental_part09.mp4,1900-01-01 21:41:30.400,587
149700,287,206,4.0,112.0,170.0,211.2222222222222,D:\AprPanama2025_fixed\041525_experimental\041525PA_experimental_part09.mp4,1900-01-01 21:41:30.000,587
149702,287,206,2.0,120.0,173.0,195.14285714285717,D:\AprPanama2025_fixed\041525_experimental\041525PA_experimental_part09.mp4,1900-01-01 21:41:30.200,587
149703,287,205,2.0,120.0,165.0,140.66666666666666,D:\AprPanama2025_fixed\041525_experimental\041525PA_experimental_part09.mp4,1900-01-01 21:41:30.300,587
149701,287,206,4.0,114.0,170.0,199.2222222222222,D:\AprPanama2025_fixed\041525_experimental\041525PA_experimental_part09.mp4,1900-01-01 21:41:30.100,587
149698,288,206,5.0,117.0,174.0,239.2,D:\AprPanama2025_fixed\041525_experimental\041525PA_experimental_part09.mp4,1900-01-01 21:41:29.800,588
149711,56,204,1.5,131.0,150.0,70.8,D:\AprPanama2025_fixed\041525_experimental\041525PA_experimental_part09.mp4,1900-01-01 21:41:31.100,356
149711,82,204,5.5,111.0,179.0,208.9090909090909,D:\AprPanama2025_fixed\041525_experimental\041525PA_experimental_part09.mp4,1900-01-01 21:41:31.100,382
149712,56,204,1.5,131.0,150.0,70.8,D:\AprPanama2025_fixed\041525_experimental\041525PA_experimental_part09.mp4,1900-01-01 21:41:31.200,356
149712,83,204,6.0,111.0,162.0,221.5833333333333,D:\AprPanama2025_fixed\041525_experimental\041525PA_experimental_part09.mp4,1900-01-01 21:41:31.200,383
149709,82,204,4.5,123.0,179.0,206.55555555555557,D:\AprPanama2025_fixed\041525_experimental\041525PA_experimental_part09.mp4,1900-01-01 21:41:30.900,382
149709,56,204,2.0,131.0,150.0,87.33333333333333,D:\AprPanama2025_fixed\041525_experimental\041525PA_experimental_part09.mp4,1900-01-01 21:41:30.900,356
149710,56,204,1.5,131.0,150.0,70.8,D:\AprPanama2025_fixed\041525_experimental\041525PA_experimental_part09.mp4,1900-01-01 21:41:31.000,356
149710,82,204,5.0,117.0,179.0,205.7,D:\AprPanama2025_fixed\041525_experimental\041525PA_experimental_part09.mp4,1900-01-01 21:41:31.000,382
149714,56,204,1.5,131.0,150.0,70.8,D:\AprPanama2025_fixed\041525_experimental\041525PA_experimental_part09.mp4,1900-01-01 21:41:31.400,356
149714,83,204,4.0,111.0,147.0,167.4,D:\AprPanama2025_fixed\041525_experimental\041525PA_experimental_part09.mp4,1900-01-01 21:41:31.400,383
149716,84,203,1.5,111.0,140.0,132.20000000000002,D:\AprPanama2025_fixed\041525_experimental\041525PA_experimental_part09.mp4,1900-01-01 21:41:31.600,384
149718,56,204,1.5,124.0,169.0,177.0,D:\AprPanama2025_fixed\041525_experimental\041525PA_experimental_part09.mp4,1900-01-01 21:41:31.800,356
149715,56,204,1.5,131.0,150.0,70.8,D:\AprPanama2025_fixed\041525_experimental\041525PA_experimental_part09.mp4,1900-01-01 21:41:31.500,356
149715,83,204,3.0,111.0,170.0,159.0,D:\AprPanama2025_fixed\041525_experimental\041525PA_experimental_part09.mp4,1900-01-01 21:41:31.500,383
149717,56,204,1.5,124.0,159.0,214.4,D:\AprPanama2025_fixed\041525_experimental\041525PA_experimental_part09.mp4,1900-01-01 21:41:31.700,356
149713,56,204,1.5,131.0,150.0,70.8,D:\AprPanama2025_fixed\041525_experimental\041525PA_experimental_part09.mp4,1900-01-01 21:41:31.300,356
149713,83,204,4.0,121.0,161.0,210.2222222222222,D:\AprPanama2025_fixed\041525_experimental\041525PA_experimental_part09.mp4,1900-01-01 21:41:31.300,383
149720,83,204,1.5,126.0,142.0,54.2,D:\AprPanama2025_fixed\041525_experimental\041525PA_experimental_part09.mp4,1900-01-01 21:41:32.000,383
149721,83,204,1.5,114.0,136.0,60.0,D:\AprPanama2025_fixed\041525_experimental\041525PA_experimental_part09.mp4,1900-01-01 21:41:32.100,383
151286,897,73,1.5,118.0,141.0,219.6,D:\AprPanama2025_fixed\041525_experimental\041525PA_experimental_part09.mp4,1900-01-01 21:44:08.600,1197
151286,889,72,22.0,111.0,186.0,248.78125,D:\AprPanama2025_fixed\041525_experimental\041525PA_experimental_part09.mp4,1900-01-01 21:44:08.600,1189
151284,888,72,17.0,113.0,179.0,247.75,D:\AprPanama2025_fixed\041525_experimental\041525PA_experimental_part09.mp4,1900-01-01 21:44:08.400,1188
151285,889,72,22.0,117.0,186.0,250.8125,D:\AprPanama2025_fixed\041525_experimental\041525PA_experimental_part09.mp4,1900-01-01 21:44:08.500,1189
151288,895,74,23.0,113.0,179.0,249.1764705882353,D:\AprPanama2025_fixed\041525_experimental\041525PA_experimental_part09.mp4,1900-01-01 21:44:08.800,1195
151287,895,74,15.0,20.0,179.0,245.9583333333333,D:\AprPanama2025_fixed\041525_experimental\041525PA_experimental_part09.mp4,1900-01-01 21:44:08.700,1195
151287,894,73,2.0,20.0,143.0,238.8,D:\AprPanama2025_fixed\041525_experimental\041525PA_experimental_part09.mp4,1900-01-01 21:44:08.700,1194
151296,1001,58,2.5,125.0,163.0,253.85714285714283,D:\AprPanama2025_fixed\041525_experimental\041525PA_experimental_part09.mp4,1900-01-01 21:44:09.600,1301
151291,896,76,31.5,119.0,179.0,250.6190476190476,D:\AprPanama2025_fixed\041525_experimental\041525PA_experimental_part09.mp4,1900-01-01 21:44:09.100,1196
151293,896,75,19.0,115.0,179.0,249.4642857142857,D:\AprPanama2025_fixed\041525_experimental\041525PA_experimental_part09.mp4,1900-01-01 21:44:09.300,1196
151295,894,75,2.0,129.0,175.0,251.8333333333333,D:\AprPanama2025_fixed\041525_experimental\041525PA_experimental_part09.mp4,1900-01-01 21:44:09.500,1194
151289,896,75,31.5,114.0,179.0,246.7619047619048,D:\AprPanama2025_fixed\041525_experimental\041525PA_experimental_part09.mp4,1900-01-01 21:44:08.900,1196
151290,896,75,29.5,111.0,179.0,248.05,D:\AprPanama2025_fixed\041525_experimental\041525PA_experimental_part09.mp4,1900-01-01 21:44:09.000,1196
151294,896,76,15.5,114.0,225.0,244.54166666666663,D:\AprPanama2025_fixed\041525_experimental\041525PA_experimental_part09.mp4,1900-01-01 21:44:09.400,1196
151292,896,76,29.0,112.0,244.0,247.4102564102564,D:\AprPanama2025_fixed\041525_experimental\041525PA_experimental_part09.mp4,1900-01-01 21:44:09.200,1196
151300,1002,58,6.5,112.0,179.0,247.0833333333333,D:\AprPanama2025_fixed\041525_experimental\041525PA_experimental_part09.mp4,1900-01-01 21:44:10.000,1302
151302,1002,58,7.0,120.0,179.0,245.0769230769231,D:\AprPanama2025_fixed\041525_experimental\041525PA_experimental_part09.mp4,1900-01-01 21:44:10.200,1302
151301,1002,58,8.0,114.0,179.0,243.85714285714283,D:\AprPanama2025_fixed\041525_experimental\041525PA_experimental_part09.mp4,1900-01-01 21:44:10.100,1302
151297,1001,58,5.5,119.0,177.0,242.0909090909091,D:\AprPanama2025_fixed\041525_experimental\041525PA_experimental_part09.mp4,1900-01-01 21:44:09.700,1301
151298,1001,58,6.5,112.0,179.0,248.15384615384616,D:\AprPanama2025_fixed\041525_experimental\041525PA_experimental_part09.mp4,1900-01-01 21:44:09.800,1301
151299,1002,58,7.0,128.0,179.0,247.0,D:\AprPanama2025_fixed\041525_experimental\041525PA_experimental_part09.mp4,1900-01-01 21:44:09.900,1302
151304,1003,58,4.5,114.0,173.0,183.6,D:\AprPanama2025_fixed\041525_experimental\041525PA_experimental_part09.mp4,1900-01-01 21:44:10.400,1303
151303,1002,58,7.5,112.0,164.0,216.23076923076923,D:\AprPanama2025_fixed\041525_experimental\041525PA_experimental_part09.mp4,1900-01-01 21:44:10.300,1302
151306,1002,58,1.5,117.0,162.0,218.4,D:\AprPanama2025_fixed\041525_experimental\041525PA_experimental_part09.mp4,1900-01-01 21:44:10.600,1302
151315,885,90,2.0,157.0,179.0,223.5,D:\AprPanama2025_fixed\041525_experimental\041525PA_experimental_part09.mp4,1900-01-01 21:44:11.500,1185
151316,884,90,22.0,111.0,179.0,245.74193548387095,D:\AprPanama2025_fixed\041525_experimental\041525PA_experimental_part09.mp4,1900-01-01 21:44:11.600,1184
151320,884,91,34.5,112.0,179.0,240.46,D:\AprPanama2025_fixed\041525_experimental\041525PA_experimental_part09.mp4,1900-01-01 21:44:12.000,1184
151317,885,90,39.5,113.0,215.0,245.58823529411765,D:\AprPanama2025_fixed\041525_experimental\041525PA_experimental_part09.mp4,1900-01-01 21:44:11.700,1185
151319,884,91,37.5,111.0,179.0,244.9056603773585,D:\AprPanama2025_fixed\041525_experimental\041525PA_experimental_part09.mp4,1900-01-01 21:44:11.900,1184
151318,884,90,46.5,119.0,247.0,243.72131147540983,D:\AprPanama2025_fixed\041525_experimental\041525PA_experimental_part09.mp4,1900-01-01 21:44:11.800,1184
151322,878,92,3.0,130.0,180.0,240.0,D:\AprPanama2025_fixed\041525_experimental\041525PA_experimental_part09.mp4,1900-01-01 21:44:12.200,1178
151327,1010,61,2.0,118.0,159.0,251.0,D:\AprPanama2025_fixed\041525_experimental\041525PA_experimental_part09.mp4,1900-01-01 21:44:12.700,1310
151327,938,97,2.0,119.0,158.0,225.7142857142857,D:\AprPanama2025_fixed\041525_experimental\041525PA_experimental_part09.mp4,1900-01-01 21:44:12.700,1238
151328,938,97,2.5,127.0,169.0,213.8333333333333,D:\AprPanama2025_fixed\041525_experimental\041525PA_experimental_part09.mp4,1900-01-01 21:44:12.800,1238
151321,879,92,4.0,123.0,171.0,237.3,D:\AprPanama2025_fixed\041525_experimental\041525PA_experimental_part09.mp4,1900-01-01 21:44:12.100,1179
151330,938,96,8.5,120.0,179.0,206.2,D:\AprPanama2025_fixed\041525_experimental\041525PA_experimental_part09.mp4,1900-01-01 21:44:13.000,1238
151332,937,95,12.0,122.0,179.0,243.15789473684208,D:\AprPanama2025_fixed\041525_experimental\041525PA_experimental_part09.mp4,1900-01-01 21:44:13.200,1237
151334,936,94,9.0,115.0,177.0,217.5,D:\AprPanama2025_fixed\041525_experimental\041525PA_experimental_part09.mp4,1900-01-01 21:44:13.400,1236
151335,935,93,7.5,127.0,179.0,232.57142857142856,D:\AprPanama2025_fixed\041525_experimental\041525PA_experimental_part09.mp4,1900-01-01 21:44:13.500,1235
151331,938,95,12.5,112.0,179.0,224.1,D:\AprPanama2025_fixed\041525_experimental\041525PA_experimental_part09.mp4,1900-01-01 21:44:13.100,1238
151336,935,92,5.0,120.0,175.0,179.8181818181818,D:\AprPanama2025_fixed\041525_experimental\041525PA_experimental_part09.mp4,1900-01-01 21:44:13.600,1235
151329,939,96,7.0,114.0,175.0,206.7692307692308,D:\AprPanama2025_fixed\041525_experimental\041525PA_experimental_part09.mp4,1900-01-01 21:44:12.900,1239
151333,937,94,9.5,116.0,179.0,250.5,D:\AprPanama2025_fixed\041525_experimental\041525PA_experimental_part09.mp4,1900-01-01 21:44:13.300,1237
151339,934,92,4.5,129.0,163.0,201.8,D:\AprPanama2025_fixed\041525_experimental\041525PA_experimental_part09.mp4,1900-01-01 21:44:13.900,1234
151341,932,91,3.5,114.0,171.0,147.5,D:\AprPanama2025_fixed\041525_experimental\041525PA_experimental_part09.mp4,1900-01-01 21:44:14.100,1232
151340,933,91,6.0,19.0,172.0,217.3333333333333,D:\AprPanama2025_fixed\041525_experimental\041525PA_experimental_part09.mp4,1900-01-01 21:44:14.000,1233
151340,934,91,2.0,19.0,161.0,213.0,D:\AprPanama2025_fixed\041525_experimental\041525PA_experimental_part09.mp4,1900-01-01 21:44:14.000,1234
151338,934,92,7.0,113.0,176.0,204.78571428571428,D:\AprPanama2025_fixed\041525_experimental\041525PA_experimental_part09.mp4,1900-01-01 21:44:13.800,1234
151337,934,92,2.0,117.0,174.0,240.66666666666663,D:\AprPanama2025_fixed\041525_experimental\041525PA_experimental_part09.mp4,1900-01-01 21:44:13.700,1234
151342,932,91,3.5,114.0,171.0,147.5,D:\AprPanama2025_fixed\041525_experimental\041525PA_experimental_part09.mp4,1900-01-01 21:44:14.200,1232
151343,931,90,2.5,117.0,172.0,229.0,D:\AprPanama2025_fixed\041525_experimental\041525PA_experimental_part09.mp4,1900-01-01 21:44:14.300,1231
155311,298,174,3.0,139.0,174.0,223.85714285714283,D:\AprPanama2025_fixed\041525_experimental\041525PA_experimental_part09.mp4,1900-01-01 21:50:51.100,598
155312,298,174,3.5,119.0,174.0,227.75,D:\AprPanama2025_fixed\041525_experimental\041525PA_experimental_part09.mp4,1900-01-01 21:50:51.200,598
155315,297,173,1.5,111.0,152.0,189.66666666666663,D:\AprPanama2025_fixed\041525_experimental\041525PA_experimental_part09.mp4,1900-01-01 21:50:51.500,597
155314,297,173,2.5,127.0,164.0,200.85714285714283,D:\AprPanama2025_fixed\041525_experimental\041525PA_experimental_part09.mp4,1900-01-01 21:50:51.400,597
155313,298,173,1.5,119.0,166.0,200.0,D:\AprPanama2025_fixed\041525_experimental\041525PA_experimental_part09.mp4,1900-01-01 21:50:51.300,598
156979,1118,52,2.5,120.0,170.0,250.14285714285717,D:\AprPanama2025_fixed\041525_experimental\041525PA_experimental_part09.mp4,1900-01-01 21:53:37.900,1418
156980,1117,51,3.0,117.0,166.0,191.7142857142857,D:\AprPanama2025_fixed\041525_experimental\041525PA_experimental_part09.mp4,1900-01-01 21:53:38.000,1417
156981,1118,52,1.5,122.0,183.0,242.0,D:\AprPanama2025_fixed\041525_experimental\041525PA_experimental_part09.mp4,1900-01-01 21:53:38.100,1418
159784,630,64,2.5,114.0,141.0,112.57142857142856,D:\AprPanama2025_fixed\041525_experimental\041525PA_experimental_part09.mp4,1900-01-01 21:58:18.400,930
159781,630,64,3.0,113.0,172.0,251.0,D:\AprPanama2025_fixed\041525_experimental\041525PA_experimental_part09.mp4,1900-01-01 21:58:18.100,930
159782,630,64,3.0,113.0,172.0,251.0,D:\AprPanama2025_fixed\041525_experimental\041525PA_experimental_part09.mp4,1900-01-01 21:58:18.200,930
159798,463,42,6.5,116.0,179.0,242.0,D:\AprPanama2025_fixed\041525_experimental\041525PA_experimental_part09.mp4,1900-01-01 21:58:19.800,763
159797,463,42,8.0,133.0,178.0,238.7142857142857,D:\AprPanama2025_fixed\041525_experimental\041525PA_experimental_part09.mp4,1900-01-01 21:58:19.700,763
159793,463,42,2.5,115.0,155.0,219.85714285714283,D:\AprPanama2025_fixed\041525_experimental\041525PA_experimental_part09.mp4,1900-01-01 21:58:19.300,763
159794,463,42,4.0,119.0,166.0,231.66666666666663,D:\AprPanama2025_fixed\041525_experimental\041525PA_experimental_part09.mp4,1900-01-01 21:58:19.400,763
159796,463,42,8.0,133.0,178.0,238.7142857142857,D:\AprPanama2025_fixed\041525_experimental\041525PA_experimental_part09.mp4,1900-01-01 21:58:19.600,763
159795,463,42,8.0,133.0,179.0,233.2142857142857,D:\AprPanama2025_fixed\041525_experimental\041525PA_experimental_part09.mp4,1900-01-01 21:58:19.500,763
159800,464,42,4.5,116.0,179.0,236.7,D:\AprPanama2025_fixed\041525_experimental\041525PA_experimental_part09.mp4,1900-01-01 21:58:20.000,764
159800,755,69,12.5,125.0,179.0,246.95,D:\AprPanama2025_fixed\041525_experimental\041525PA_experimental_part09.mp4,1900-01-01 21:58:20.000,1055
159799,464,42,5.5,116.0,179.0,240.3636363636364,D:\AprPanama2025_fixed\041525_experimental\041525PA_experimental_part09.mp4,1900-01-01 21:58:19.900,764
159799,755,69,11.0,127.0,178.0,244.2222222222222,D:\AprPanama2025_fixed\041525_experimental\041525PA_experimental_part09.mp4,1900-01-01 21:58:19.900,1055
159808,757,70,6.5,118.0,182.0,252.25,D:\AprPanama2025_fixed\041525_experimental\041525PA_experimental_part09.mp4,1900-01-01 21:58:20.800,1057
159808,625,87,2.5,133.0,173.0,208.8333333333333,D:\AprPanama2025_fixed\041525_experimental\041525PA_experimental_part09.mp4,1900-01-01 21:58:20.800,925
159801,464,42,4.0,112.0,174.0,215.55555555555557,D:\AprPanama2025_fixed\041525_experimental\041525PA_experimental_part09.mp4,1900-01-01 21:58:20.100,764
159801,756,69,14.5,114.0,179.0,245.04545454545456,D:\AprPanama2025_fixed\041525_experimental\041525PA_experimental_part09.mp4,1900-01-01 21:58:20.100,1056
159802,464,42,4.0,116.0,179.0,235.1111111111111,D:\AprPanama2025_fixed\041525_experimental\041525PA_experimental_part09.mp4,1900-01-01 21:58:20.200,764
159802,756,69,14.5,114.0,179.0,245.04545454545456,D:\AprPanama2025_fixed\041525_experimental\041525PA_experimental_part09.mp4,1900-01-01 21:58:20.200,1056
159805,464,42,2.0,122.0,173.0,188.5,D:\AprPanama2025_fixed\041525_experimental\041525PA_experimental_part09.mp4,1900-01-01 21:58:20.500,764
159805,756,70,10.0,119.0,179.0,249.35294117647055,D:\AprPanama2025_fixed\041525_experimental\041525PA_experimental_part09.mp4,1900-01-01 21:58:20.500,1056
159804,464,42,2.0,122.0,173.0,188.5,D:\AprPanama2025_fixed\041525_experimental\041525PA_experimental_part09.mp4,1900-01-01 21:58:20.400,764
159804,500,58,1.5,111.0,141.0,91.33333333333331,D:\AprPanama2025_fixed\041525_experimental\041525PA_experimental_part09.mp4,1900-01-01 21:58:20.400,800
159804,756,70,13.0,113.0,178.0,240.8,D:\AprPanama2025_fixed\041525_experimental\041525PA_experimental_part09.mp4,1900-01-01 21:58:20.400,1056
159806,756,70,10.0,119.0,179.0,249.35294117647055,D:\AprPanama2025_fixed\041525_experimental\041525PA_experimental_part09.mp4,1900-01-01 21:58:20.600,1056
159807,757,70,7.5,111.0,179.0,250.57142857142856,D:\AprPanama2025_fixed\041525_experimental\041525PA_experimental_part09.mp4,1900-01-01 21:58:20.700,1057
159807,626,87,2.0,112.0,165.0,119.0,D:\AprPanama2025_fixed\041525_experimental\041525PA_experimental_part09.mp4,1900-01-01 21:58:20.700,926
159803,464,42,4.0,113.0,173.0,204.1111111111111,D:\AprPanama2025_fixed\041525_experimental\041525PA_experimental_part09.mp4,1900-01-01 21:58:20.300,764
159803,756,70,14.5,113.0,178.0,246.5,D:\AprPanama2025_fixed\041525_experimental\041525PA_experimental_part09.mp4,1900-01-01 21:58:20.300,1056
159812,757,70,6.0,142.0,176.0,244.91666666666663,D:\AprPanama2025_fixed\041525_experimental\041525PA_experimental_part09.mp4,1900-01-01 21:58:21.200,1057
159812,625,85,5.0,114.0,153.0,57.0,D:\AprPanama2025_fixed\041525_experimental\041525PA_experimental_part09.mp4,1900-01-01 21:58:21.200,925
159816,625,84,2.0,141.0,168.0,240.16666666666663,D:\AprPanama2025_fixed\041525_experimental\041525PA_experimental_part09.mp4,1900-01-01 21:58:21.600,925
159816,696,98,4.5,114.0,179.0,239.6,D:\AprPanama2025_fixed\041525_experimental\041525PA_experimental_part09.mp4,1900-01-01 21:58:21.600,996
159814,757,70,5.5,118.0,174.0,196.3636363636364,D:\AprPanama2025_fixed\041525_experimental\041525PA_experimental_part09.mp4,1900-01-01 21:58:21.400,1057
159814,696,96,2.0,150.0,177.0,221.16666666666663,D:\AprPanama2025_fixed\041525_experimental\041525PA_experimental_part09.mp4,1900-01-01 21:58:21.400,996
159810,757,70,6.0,125.0,179.0,247.91666666666663,D:\AprPanama2025_fixed\041525_experimental\041525PA_experimental_part09.mp4,1900-01-01 21:58:21.000,1057
159810,626,86,2.0,125.0,178.0,244.5,D:\AprPanama2025_fixed\041525_experimental\041525PA_experimental_part09.mp4,1900-01-01 21:58:21.000,926
159815,758,71,2.0,132.0,173.0,173.66666666666666,D:\AprPanama2025_fixed\041525_experimental\041525PA_experimental_part09.mp4,1900-01-01 21:58:21.500,1058
159815,625,84,2.0,141.0,168.0,240.16666666666663,D:\AprPanama2025_fixed\041525_experimental\041525PA_experimental_part09.mp4,1900-01-01 21:58:21.500,925
159815,696,97,9.5,111.0,178.0,213.125,D:\AprPanama2025_fixed\041525_experimental\041525PA_experimental_part09.mp4,1900-01-01 21:58:21.500,996
159809,757,70,6.5,124.0,178.0,253.8333333333333,D:\AprPanama2025_fixed\041525_experimental\041525PA_experimental_part09.mp4,1900-01-01 21:58:20.900,1057
159809,626,86,2.0,125.0,178.0,244.5,D:\AprPanama2025_fixed\041525_experimental\041525PA_experimental_part09.mp4,1900-01-01 21:58:20.900,926
159811,757,70,6.0,127.0,179.0,249.16666666666663,D:\AprPanama2025_fixed\041525_experimental\041525PA_experimental_part09.mp4,1900-01-01 21:58:21.100,1057
159811,625,86,4.0,113.0,147.0,73.77777777777777,D:\AprPanama2025_fixed\041525_experimental\041525PA_experimental_part09.mp4,1900-01-01 21:58:21.100,925
159813,758,70,2.0,132.0,179.0,224.5,D:\AprPanama2025_fixed\041525_experimental\041525PA_experimental_part09.mp4,1900-01-01 21:58:21.300,1058
159813,696,96,2.0,116.0,169.0,229.3333333333333,D:\AprPanama2025_fixed\041525_experimental\041525PA_experimental_part09.mp4,1900-01-01 21:58:21.300,996
159817,758,71,1.5,129.0,163.0,208.4,D:\AprPanama2025_fixed\041525_experimental\041525PA_experimental_part09.mp4,1900-01-01 21:58:21.700,1058
159817,696,97,4.0,137.0,178.0,246.88888888888889,D:\AprPanama2025_fixed\041525_experimental\041525PA_experimental_part09.mp4,1900-01-01 21:58:21.700,996
159823,697,97,3.5,111.0,162.0,238.125,D:\AprPanama2025_fixed\041525_experimental\041525PA_experimental_part09.mp4,1900-01-01 21:58:22.300,997
159822,697,97,3.0,119.0,165.0,245.7142857142857,D:\AprPanama2025_fixed\041525_experimental\041525PA_experimental_part09.mp4,1900-01-01 21:58:22.200,997
159818,696,97,4.0,135.0,181.0,240.2222222222222,D:\AprPanama2025_fixed\041525_experimental\041525PA_experimental_part09.mp4,1900-01-01 21:58:21.800,996
159821,697,97,3.0,117.0,149.0,245.14285714285717,D:\AprPanama2025_fixed\041525_experimental\041525PA_experimental_part09.mp4,1900-01-01 21:58:22.100,997
159824,697,98,5.0,113.0,164.0,142.5,D:\AprPanama2025_fixed\041525_experimental\041525PA_experimental_part09.mp4,1900-01-01 21:58:22.400,997
159819,697,97,4.0,113.0,172.0,254.0,D:\AprPanama2025_fixed\041525_experimental\041525PA_experimental_part09.mp4,1900-01-01 21:58:21.900,997
159820,696,97,2.0,114.0,169.0,248.8333333333333,D:\AprPanama2025_fixed\041525_experimental\041525PA_experimental_part09.mp4,1900-01-01 21:58:22.000,996
159828,697,98,1.5,119.0,166.0,133.4,D:\AprPanama2025_fixed\041525_experimental\041525PA_experimental_part09.mp4,1900-01-01 21:58:22.800,997
159826,697,98,1.5,128.0,158.0,129.6,D:\AprPanama2025_fixed\041525_experimental\041525PA_experimental_part09.mp4,1900-01-01 21:58:22.600,997
159827,697,98,1.5,119.0,166.0,133.4,D:\AprPanama2025_fixed\041525_experimental\041525PA_experimental_part09.mp4,1900-01-01 21:58:22.700,997
159835,698,72,1.5,142.0,168.0,230.2,D:\AprPanama2025_fixed\041525_experimental\041525PA_experimental_part09.mp4,1900-01-01 21:58:23.500,998
159836,698,72,1.5,142.0,168.0,230.2,D:\AprPanama2025_fixed\041525_experimental\041525PA_experimental_part09.mp4,1900-01-01 21:58:23.600,998
159842,699,72,1.5,113.0,141.0,54.400000000000006,D:\AprPanama2025_fixed\041525_experimental\041525PA_experimental_part09.mp4,1900-01-01 21:58:24.200,999
159843,699,72,1.5,113.0,141.0,54.400000000000006,D:\AprPanama2025_fixed\041525_experimental\041525PA_experimental_part09.mp4,1900-01-01 21:58:24.300,999
159850,166,98,1.5,114.0,177.0,158.20000000000002,D:\AprPanama2025_fixed\041525_experimental\041525PA_experimental_part09.mp4,1900-01-01 21:58:25.000,466
159850,357,143,1.5,131.0,164.0,151.0,D:\AprPanama2025_fixed\041525_experimental\041525PA_experimental_part09.mp4,1900-01-01 21:58:25.000,657
159849,358,143,2.0,120.0,165.0,207.0,D:\AprPanama2025_fixed\041525_experimental\041525PA_experimental_part09.mp4,1900-01-01 21:58:24.900,658
159876,349,102,1.5,117.0,140.0,61.2,D:\AprPanama2025_fixed\041525_experimental\041525PA_experimental_part09.mp4,1900-01-01 21:58:27.600,649
166119,242,231,2.0,126.0,171.0,200.3333333333333,D:\AprPanama2025_fixed\041525_experimental\041525PA_experimental_part10.mp4,1900-01-01 22:08:51.900,542
166119,35,233,1.5,112.0,146.0,67.2,D:\AprPanama2025_fixed\041525_experimental\041525PA_experimental_part10.mp4,1900-01-01 22:08:51.900,335
166118,242,230,3.0,115.0,178.0,235.57142857142856,D:\AprPanama2025_fixed\041525_experimental\041525PA_experimental_part10.mp4,1900-01-01 22:08:51.800,542
166118,35,233,1.5,112.0,146.0,67.2,D:\AprPanama2025_fixed\041525_experimental\041525PA_experimental_part10.mp4,1900-01-01 22:08:51.800,335
166116,242,230,2.0,122.0,166.0,139.16666666666666,D:\AprPanama2025_fixed\041525_experimental\041525PA_experimental_part10.mp4,1900-01-01 22:08:51.600,542
166117,242,230,2.0,122.0,166.0,139.16666666666666,D:\AprPanama2025_fixed\041525_experimental\041525PA_experimental_part10.mp4,1900-01-01 22:08:51.700,542
166120,241,231,1.5,127.0,163.0,125.6,D:\AprPanama2025_fixed\041525_experimental\041525PA_experimental_part10.mp4,1900-01-01 22:08:52.000,541
166143,111,38,3.0,125.0,171.0,124.625,D:\AprPanama2025_fixed\041525_experimental\041525PA_experimental_part10.mp4,1900-01-01 22:08:54.300,411
166138,111,38,2.5,125.0,161.0,63.14285714285714,D:\AprPanama2025_fixed\041525_experimental\041525PA_experimental_part10.mp4,1900-01-01 22:08:53.800,411
166142,111,38,3.0,125.0,171.0,124.625,D:\AprPanama2025_fixed\041525_experimental\041525PA_experimental_part10.mp4,1900-01-01 22:08:54.200,411
166139,111,38,3.0,124.0,179.0,74.25,D:\AprPanama2025_fixed\041525_experimental\041525PA_experimental_part10.mp4,1900-01-01 22:08:53.900,411
166141,111,38,3.0,124.0,179.0,74.25,D:\AprPanama2025_fixed\041525_experimental\041525PA_experimental_part10.mp4,1900-01-01 22:08:54.100,411
166140,111,38,3.0,124.0,179.0,74.25,D:\AprPanama2025_fixed\041525_experimental\041525PA_experimental_part10.mp4,1900-01-01 22:08:54.000,411
166146,111,38,3.0,113.0,168.0,111.75,D:\AprPanama2025_fixed\041525_experimental\041525PA_experimental_part10.mp4,1900-01-01 22:08:54.600,411
166147,110,38,3.0,111.0,165.0,129.25,D:\AprPanama2025_fixed\041525_experimental\041525PA_experimental_part10.mp4,1900-01-01 22:08:54.700,410
166145,111,38,3.0,125.0,171.0,124.625,D:\AprPanama2025_fixed\041525_experimental\041525PA_experimental_part10.mp4,1900-01-01 22:08:54.500,411
166148,110,38,2.5,115.0,161.0,108.57142857142856,D:\AprPanama2025_fixed\041525_experimental\041525PA_experimental_part10.mp4,1900-01-01 22:08:54.800,410
166144,111,38,3.0,125.0,171.0,124.625,D:\AprPanama2025_fixed\041525_experimental\041525PA_experimental_part10.mp4,1900-01-01 22:08:54.400,411
167526,815,256,1.5,115.0,144.0,138.8,D:\AprPanama2025_fixed\041525_experimental\041525PA_experimental_part10.mp4,1900-01-01 22:11:12.600,1115
167524,815,256,2.5,115.0,143.0,145.5,D:\AprPanama2025_fixed\041525_experimental\041525PA_experimental_part10.mp4,1900-01-01 22:11:12.400,1115
167525,815,256,3.0,116.0,153.0,131.0,D:\AprPanama2025_fixed\041525_experimental\041525PA_experimental_part10.mp4,1900-01-01 22:11:12.500,1115
167533,493,62,1.5,115.0,141.0,43.0,D:\AprPanama2025_fixed\041525_experimental\041525PA_experimental_part10.mp4,1900-01-01 22:11:13.300,793
167540,449,82,4.0,125.0,164.0,184.0,D:\AprPanama2025_fixed\041525_experimental\041525PA_experimental_part10.mp4,1900-01-01 22:11:14.000,749
167541,449,81,5.5,111.0,165.0,239.0,D:\AprPanama2025_fixed\041525_experimental\041525PA_experimental_part10.mp4,1900-01-01 22:11:14.100,749
167542,449,81,5.5,139.0,176.0,244.27272727272728,D:\AprPanama2025_fixed\041525_experimental\041525PA_experimental_part10.mp4,1900-01-01 22:11:14.200,749
167539,494,60,1.5,128.0,174.0,184.4,D:\AprPanama2025_fixed\041525_experimental\041525PA_experimental_part10.mp4,1900-01-01 22:11:13.900,794
167543,494,59,1.5,123.0,178.0,206.2,D:\AprPanama2025_fixed\041525_experimental\041525PA_experimental_part10.mp4,1900-01-01 22:11:14.300,794
167543,449,81,6.0,130.0,178.0,246.5833333333333,D:\AprPanama2025_fixed\041525_experimental\041525PA_experimental_part10.mp4,1900-01-01 22:11:14.300,749
167538,494,60,1.5,128.0,174.0,184.4,D:\AprPanama2025_fixed\041525_experimental\041525PA_experimental_part10.mp4,1900-01-01 22:11:13.800,794
167546,645,2,3.5,114.0,169.0,206.66666666666663,D:\AprPanama2025_fixed\041525_experimental\041525PA_experimental_part10.mp4,1900-01-01 22:11:14.600,945
167546,449,81,5.0,112.0,167.0,229.2,D:\AprPanama2025_fixed\041525_experimental\041525PA_experimental_part10.mp4,1900-01-01 22:11:14.600,749
167546,596,99,9.5,115.0,179.0,240.3125,D:\AprPanama2025_fixed\041525_experimental\041525PA_experimental_part10.mp4,1900-01-01 22:11:14.600,896
167548,645,2,3.5,117.0,172.0,184.3333333333333,D:\AprPanama2025_fixed\041525_experimental\041525PA_experimental_part10.mp4,1900-01-01 22:11:14.800,945
167548,450,58,1.5,122.0,168.0,231.2,D:\AprPanama2025_fixed\041525_experimental\041525PA_experimental_part10.mp4,1900-01-01 22:11:14.800,750
167548,595,99,11.0,118.0,179.0,249.1111111111111,D:\AprPanama2025_fixed\041525_experimental\041525PA_experimental_part10.mp4,1900-01-01 22:11:14.800,895
167544,645,2,2.5,113.0,158.0,235.42857142857144,D:\AprPanama2025_fixed\041525_experimental\041525PA_experimental_part10.mp4,1900-01-01 22:11:14.400,945
167544,449,81,6.0,121.0,168.0,240.91666666666663,D:\AprPanama2025_fixed\041525_experimental\041525PA_experimental_part10.mp4,1900-01-01 22:11:14.400,749
167550,645,2,1.5,118.0,175.0,163.4,D:\AprPanama2025_fixed\041525_experimental\041525PA_experimental_part10.mp4,1900-01-01 22:11:15.000,945
167550,450,58,2.0,119.0,163.0,229.5,D:\AprPanama2025_fixed\041525_experimental\041525PA_experimental_part10.mp4,1900-01-01 22:11:15.000,750
167550,595,99,11.5,131.0,179.0,247.21052631578945,D:\AprPanama2025_fixed\041525_experimental\041525PA_experimental_part10.mp4,1900-01-01 22:11:15.000,895
167545,645,2,3.5,111.0,164.0,221.0,D:\AprPanama2025_fixed\041525_experimental\041525PA_experimental_part10.mp4,1900-01-01 22:11:14.500,945
167545,449,81,6.0,111.0,159.0,232.41666666666663,D:\AprPanama2025_fixed\041525_experimental\041525PA_experimental_part10.mp4,1900-01-01 22:11:14.500,749
167545,596,99,1.5,143.0,179.0,255.0,D:\AprPanama2025_fixed\041525_experimental\041525PA_experimental_part10.mp4,1900-01-01 22:11:14.500,896
167547,645,2,3.5,116.0,173.0,191.3333333333333,D:\AprPanama2025_fixed\041525_experimental\041525PA_experimental_part10.mp4,1900-01-01 22:11:14.700,945
167547,449,58,3.0,121.0,176.0,237.57142857142856,D:\AprPanama2025_fixed\041525_experimental\041525PA_experimental_part10.mp4,1900-01-01 22:11:14.700,749
167547,449,81,2.0,126.0,149.0,240.16666666666663,D:\AprPanama2025_fixed\041525_experimental\041525PA_experimental_part10.mp4,1900-01-01 22:11:14.700,749
167547,596,99,12.5,127.0,179.0,240.65,D:\AprPanama2025_fixed\041525_experimental\041525PA_experimental_part10.mp4,1900-01-01 22:11:14.700,896
167551,450,58,2.0,119.0,163.0,229.5,D:\AprPanama2025_fixed\041525_experimental\041525PA_experimental_part10.mp4,1900-01-01 22:11:15.100,750
167551,596,99,13.0,125.0,179.0,243.7142857142857,D:\AprPanama2025_fixed\041525_experimental\041525PA_experimental_part10.mp4,1900-01-01 22:11:15.100,896
167549,646,2,2.5,124.0,165.0,152.85714285714286,D:\AprPanama2025_fixed\041525_experimental\041525PA_experimental_part10.mp4,1900-01-01 22:11:14.900,946
167549,449,58,3.5,115.0,178.0,234.0,D:\AprPanama2025_fixed\041525_experimental\041525PA_experimental_part10.mp4,1900-01-01 22:11:14.900,749
167549,449,81,3.5,132.0,161.0,186.0,D:\AprPanama2025_fixed\041525_experimental\041525PA_experimental_part10.mp4,1900-01-01 22:11:14.900,749
167549,595,99,11.5,118.0,179.0,248.15789473684208,D:\AprPanama2025_fixed\041525_experimental\041525PA_experimental_part10.mp4,1900-01-01 22:11:14.900,895
167555,449,81,2.5,117.0,141.0,68.5,D:\AprPanama2025_fixed\041525_experimental\041525PA_experimental_part10.mp4,1900-01-01 22:11:15.500,749
167555,596,100,9.0,111.0,179.0,243.1875,D:\AprPanama2025_fixed\041525_experimental\041525PA_experimental_part10.mp4,1900-01-01 22:11:15.500,896
167554,449,81,3.0,113.0,139.0,89.71428571428571,D:\AprPanama2025_fixed\041525_experimental\041525PA_experimental_part10.mp4,1900-01-01 22:11:15.400,749
167554,596,100,10.5,111.0,179.0,247.1111111111111,D:\AprPanama2025_fixed\041525_experimental\041525PA_experimental_part10.mp4,1900-01-01 22:11:15.400,896
167556,596,100,6.5,115.0,179.0,244.23076923076923,D:\AprPanama2025_fixed\041525_experimental\041525PA_experimental_part10.mp4,1900-01-01 22:11:15.600,896
167558,597,100,5.0,112.0,179.0,240.1818181818182,D:\AprPanama2025_fixed\041525_experimental\041525PA_experimental_part10.mp4,1900-01-01 22:11:15.800,897
167559,597,100,4.5,114.0,178.0,235.3,D:\AprPanama2025_fixed\041525_experimental\041525PA_experimental_part10.mp4,1900-01-01 22:11:15.900,897
167557,596,100,5.5,131.0,177.0,248.8333333333333,D:\AprPanama2025_fixed\041525_experimental\041525PA_experimental_part10.mp4,1900-01-01 22:11:15.700,896
167553,450,58,2.0,114.0,146.0,234.0,D:\AprPanama2025_fixed\041525_experimental\041525PA_experimental_part10.mp4,1900-01-01 22:11:15.300,750
167553,449,81,2.0,117.0,139.0,112.33333333333331,D:\AprPanama2025_fixed\041525_experimental\041525PA_experimental_part10.mp4,1900-01-01 22:11:15.300,749
167553,596,100,9.5,128.0,176.0,243.94117647058823,D:\AprPanama2025_fixed\041525_experimental\041525PA_experimental_part10.mp4,1900-01-01 22:11:15.300,896
167552,449,81,2.0,117.0,139.0,112.33333333333331,D:\AprPanama2025_fixed\041525_experimental\041525PA_experimental_part10.mp4,1900-01-01 22:11:15.200,749
167552,596,100,10.5,112.0,177.0,249.16666666666663,D:\AprPanama2025_fixed\041525_experimental\041525PA_experimental_part10.mp4,1900-01-01 22:11:15.200,896
167561,596,101,5.0,112.0,165.0,233.9,D:\AprPanama2025_fixed\041525_experimental\041525PA_experimental_part10.mp4,1900-01-01 22:11:16.100,896
167563,597,101,2.5,111.0,177.0,245.85714285714283,D:\AprPanama2025_fixed\041525_experimental\041525PA_experimental_part10.mp4,1900-01-01 22:11:16.300,897
167560,597,100,4.0,115.0,168.0,227.66666666666663,D:\AprPanama2025_fixed\041525_experimental\041525PA_experimental_part10.mp4,1900-01-01 22:11:16.000,897
167566,597,101,1.5,111.0,143.0,131.8,D:\AprPanama2025_fixed\041525_experimental\041525PA_experimental_part10.mp4,1900-01-01 22:11:16.600,897
167567,597,101,1.5,111.0,143.0,131.8,D:\AprPanama2025_fixed\041525_experimental\041525PA_experimental_part10.mp4,1900-01-01 22:11:16.700,897
167564,597,101,2.5,120.0,164.0,155.7142857142857,D:\AprPanama2025_fixed\041525_experimental\041525PA_experimental_part10.mp4,1900-01-01 22:11:16.400,897
167565,597,101,2.5,120.0,164.0,155.7142857142857,D:\AprPanama2025_fixed\041525_experimental\041525PA_experimental_part10.mp4,1900-01-01 22:11:16.500,897
167574,600,57,4.0,120.0,154.0,221.55555555555557,D:\AprPanama2025_fixed\041525_experimental\041525PA_experimental_part10.mp4,1900-01-01 22:11:17.400,900
167575,600,57,4.0,120.0,154.0,221.55555555555557,D:\AprPanama2025_fixed\041525_experimental\041525PA_experimental_part10.mp4,1900-01-01 22:11:17.500,900
167579,599,58,3.5,113.0,158.0,90.375,D:\AprPanama2025_fixed\041525_experimental\041525PA_experimental_part10.mp4,1900-01-01 22:11:17.900,899
167576,599,57,2.0,119.0,146.0,178.83333333333331,D:\AprPanama2025_fixed\041525_experimental\041525PA_experimental_part10.mp4,1900-01-01 22:11:17.600,899
167580,599,57,3.0,123.0,145.0,93.71428571428572,D:\AprPanama2025_fixed\041525_experimental\041525PA_experimental_part10.mp4,1900-01-01 22:11:18.000,899
167577,599,58,3.5,132.0,164.0,168.125,D:\AprPanama2025_fixed\041525_experimental\041525PA_experimental_part10.mp4,1900-01-01 22:11:17.700,899
167581,599,57,3.0,119.0,144.0,84.0,D:\AprPanama2025_fixed\041525_experimental\041525PA_experimental_part10.mp4,1900-01-01 22:11:18.100,899
167583,599,57,3.0,119.0,144.0,88.0,D:\AprPanama2025_fixed\041525_experimental\041525PA_experimental_part10.mp4,1900-01-01 22:11:18.300,899
167582,599,57,3.0,119.0,144.0,86.0,D:\AprPanama2025_fixed\041525_experimental\041525PA_experimental_part10.mp4,1900-01-01 22:11:18.200,899
172415,926,7,12.5,112.0,179.0,251.0,D:\AprPanama2025_fixed\041525_experimental\041525PA_experimental_part10.mp4,1900-01-01 22:19:21.500,1226
172414,925,7,7.0,133.0,179.0,254.0769230769231,D:\AprPanama2025_fixed\041525_experimental\041525PA_experimental_part10.mp4,1900-01-01 22:19:21.400,1225
172419,926,7,22.5,132.0,179.0,252.375,D:\AprPanama2025_fixed\041525_experimental\041525PA_experimental_part10.mp4,1900-01-01 22:19:21.900,1226
172422,926,7,24.5,125.0,179.0,250.02941176470588,D:\AprPanama2025_fixed\041525_experimental\041525PA_experimental_part10.mp4,1900-01-01 22:19:22.200,1226
172417,926,7,22.5,116.0,179.0,249.75,D:\AprPanama2025_fixed\041525_experimental\041525PA_experimental_part10.mp4,1900-01-01 22:19:21.700,1226
172416,926,7,18.0,115.0,179.0,248.3333333333333,D:\AprPanama2025_fixed\041525_experimental\041525PA_experimental_part10.mp4,1900-01-01 22:19:21.600,1226
172418,926,7,22.5,124.0,179.0,251.96875,D:\AprPanama2025_fixed\041525_experimental\041525PA_experimental_part10.mp4,1900-01-01 22:19:21.800,1226
172421,926,7,25.0,114.0,219.0,242.4,D:\AprPanama2025_fixed\041525_experimental\041525PA_experimental_part10.mp4,1900-01-01 22:19:22.100,1226
172423,927,7,27.0,114.0,179.0,248.51351351351352,D:\AprPanama2025_fixed\041525_experimental\041525PA_experimental_part10.mp4,1900-01-01 22:19:22.300,1227
172420,926,7,23.0,117.0,179.0,251.12121212121207,D:\AprPanama2025_fixed\041525_experimental\041525PA_experimental_part10.mp4,1900-01-01 22:19:22.000,1226
172425,927,7,23.5,123.0,179.0,247.3030303030303,D:\AprPanama2025_fixed\041525_experimental\041525PA_experimental_part10.mp4,1900-01-01 22:19:22.500,1227
172431,928,7,16.0,114.0,179.0,248.54166666666663,D:\AprPanama2025_fixed\041525_experimental\041525PA_experimental_part10.mp4,1900-01-01 22:19:23.100,1228
172427,927,7,21.0,113.0,183.0,245.2,D:\AprPanama2025_fixed\041525_experimental\041525PA_experimental_part10.mp4,1900-01-01 22:19:22.700,1227
172429,928,7,17.5,115.0,178.0,245.34615384615387,D:\AprPanama2025_fixed\041525_experimental\041525PA_experimental_part10.mp4,1900-01-01 22:19:22.900,1228
172428,928,7,18.5,115.0,179.0,245.3333333333333,D:\AprPanama2025_fixed\041525_experimental\041525PA_experimental_part10.mp4,1900-01-01 22:19:22.800,1228
172430,928,7,17.0,114.0,179.0,247.44,D:\AprPanama2025_fixed\041525_experimental\041525PA_experimental_part10.mp4,1900-01-01 22:19:23.000,1228
172426,927,7,22.5,112.0,179.0,251.54838709677415,D:\AprPanama2025_fixed\041525_experimental\041525PA_experimental_part10.mp4,1900-01-01 22:19:22.600,1227
172424,927,7,24.0,117.0,179.0,248.5757575757576,D:\AprPanama2025_fixed\041525_experimental\041525PA_experimental_part10.mp4,1900-01-01 22:19:22.400,1227
172433,928,7,15.0,113.0,179.0,249.95652173913044,D:\AprPanama2025_fixed\041525_experimental\041525PA_experimental_part10.mp4,1900-01-01 22:19:23.300,1228
172439,929,7,5.0,119.0,172.0,245.0,D:\AprPanama2025_fixed\041525_experimental\041525PA_experimental_part10.mp4,1900-01-01 22:19:23.900,1229
172435,928,7,13.0,117.0,178.0,246.45,D:\AprPanama2025_fixed\041525_experimental\041525PA_experimental_part10.mp4,1900-01-01 22:19:23.500,1228
172434,928,7,13.0,117.0,178.0,246.45,D:\AprPanama2025_fixed\041525_experimental\041525PA_experimental_part10.mp4,1900-01-01 22:19:23.400,1228
172438,928,8,9.0,121.0,179.0,229.1875,D:\AprPanama2025_fixed\041525_experimental\041525PA_experimental_part10.mp4,1900-01-01 22:19:23.800,1228
172436,928,7,11.0,113.0,179.0,235.66666666666663,D:\AprPanama2025_fixed\041525_experimental\041525PA_experimental_part10.mp4,1900-01-01 22:19:23.600,1228
172432,928,7,15.0,115.0,179.0,249.65217391304347,D:\AprPanama2025_fixed\041525_experimental\041525PA_experimental_part10.mp4,1900-01-01 22:19:23.200,1228
172437,928,8,9.5,118.0,179.0,236.875,D:\AprPanama2025_fixed\041525_experimental\041525PA_experimental_part10.mp4,1900-01-01 22:19:23.700,1228
172446,1165,100,3.5,128.0,175.0,235.3636363636364,D:\AprPanama2025_fixed\041525_experimental\041525PA_experimental_part10.mp4,1900-01-01 22:19:24.600,1465
172445,929,8,3.0,114.0,166.0,207.57142857142856,D:\AprPanama2025_fixed\041525_experimental\041525PA_experimental_part10.mp4,1900-01-01 22:19:24.500,1229
172445,1166,100,3.0,115.0,174.0,245.5,D:\AprPanama2025_fixed\041525_experimental\041525PA_experimental_part10.mp4,1900-01-01 22:19:24.500,1466
172447,1165,100,3.5,128.0,175.0,235.3636363636364,D:\AprPanama2025_fixed\041525_experimental\041525PA_experimental_part10.mp4,1900-01-01 22:19:24.700,1465
172451,1164,100,3.0,113.0,174.0,190.28571428571428,D:\AprPanama2025_fixed\041525_experimental\041525PA_experimental_part10.mp4,1900-01-01 22:19:25.100,1464
172452,1164,100,2.0,116.0,174.0,157.4,D:\AprPanama2025_fixed\041525_experimental\041525PA_experimental_part10.mp4,1900-01-01 22:19:25.200,1464
172450,1164,100,3.0,117.0,173.0,208.7142857142857,D:\AprPanama2025_fixed\041525_experimental\041525PA_experimental_part10.mp4,1900-01-01 22:19:25.000,1464
172448,1165,100,3.5,125.0,179.0,213.1,D:\AprPanama2025_fixed\041525_experimental\041525PA_experimental_part10.mp4,1900-01-01 22:19:24.800,1465
173415,614,228,3.0,112.0,176.0,238.85714285714283,D:\AprPanama2025_fixed\041525_experimental\041525PA_experimental_part10.mp4,1900-01-01 22:21:01.500,914
173422,615,227,3.0,113.0,158.0,176.57142857142856,D:\AprPanama2025_fixed\041525_experimental\041525PA_experimental_part10.mp4,1900-01-01 22:21:02.200,915
173421,615,227,3.0,113.0,158.0,176.57142857142856,D:\AprPanama2025_fixed\041525_experimental\041525PA_experimental_part10.mp4,1900-01-01 22:21:02.100,915
173420,614,227,1.5,125.0,155.0,226.8,D:\AprPanama2025_fixed\041525_experimental\041525PA_experimental_part10.mp4,1900-01-01 22:21:02.000,914
173418,614,229,1.5,111.0,169.0,252.0,D:\AprPanama2025_fixed\041525_experimental\041525PA_experimental_part10.mp4,1900-01-01 22:21:01.800,914
173419,614,228,3.5,116.0,173.0,248.375,D:\AprPanama2025_fixed\041525_experimental\041525PA_experimental_part10.mp4,1900-01-01 22:21:01.900,914
173416,614,228,3.5,113.0,181.0,194.5,D:\AprPanama2025_fixed\041525_experimental\041525PA_experimental_part10.mp4,1900-01-01 22:21:01.600,914
173439,834,71,2.0,116.0,169.0,196.16666666666663,D:\AprPanama2025_fixed\041525_experimental\041525PA_experimental_part10.mp4,1900-01-01 22:21:03.900,1134
173434,834,72,2.0,117.0,168.0,196.8333333333333,D:\AprPanama2025_fixed\041525_experimental\041525PA_experimental_part10.mp4,1900-01-01 22:21:03.400,1134
173437,834,71,2.0,120.0,172.0,224.16666666666663,D:\AprPanama2025_fixed\041525_experimental\041525PA_experimental_part10.mp4,1900-01-01 22:21:03.700,1134
173433,834,72,1.5,124.0,167.0,168.0,D:\AprPanama2025_fixed\041525_experimental\041525PA_experimental_part10.mp4,1900-01-01 22:21:03.300,1134
173438,834,71,2.0,117.0,170.0,210.3333333333333,D:\AprPanama2025_fixed\041525_experimental\041525PA_experimental_part10.mp4,1900-01-01 22:21:03.800,1134
173441,834,71,2.0,111.0,165.0,165.5,D:\AprPanama2025_fixed\041525_experimental\041525PA_experimental_part10.mp4,1900-01-01 22:21:04.100,1134
173447,638,115,5.5,117.0,179.0,244.2,D:\AprPanama2025_fixed\041525_experimental\041525PA_experimental_part10.mp4,1900-01-01 22:21:04.700,938
173440,834,71,2.0,113.0,167.0,182.16666666666663,D:\AprPanama2025_fixed\041525_experimental\041525PA_experimental_part10.mp4,1900-01-01 22:21:04.000,1134
173450,636,113,16.5,117.0,179.0,242.03846153846155,D:\AprPanama2025_fixed\041525_experimental\041525PA_experimental_part10.mp4,1900-01-01 22:21:05.000,936
173454,634,112,7.5,139.0,178.0,246.92307692307693,D:\AprPanama2025_fixed\041525_experimental\041525PA_experimental_part10.mp4,1900-01-01 22:21:05.400,934
173452,635,112,11.0,129.0,178.0,252.2222222222222,D:\AprPanama2025_fixed\041525_experimental\041525PA_experimental_part10.mp4,1900-01-01 22:21:05.200,935
173451,636,112,10.5,124.0,179.0,244.42105263157893,D:\AprPanama2025_fixed\041525_experimental\041525PA_experimental_part10.mp4,1900-01-01 22:21:05.100,936
173453,635,112,11.0,122.0,178.0,249.77777777777777,D:\AprPanama2025_fixed\041525_experimental\041525PA_experimental_part10.mp4,1900-01-01 22:21:05.300,935
173455,634,112,8.5,115.0,180.0,250.85714285714283,D:\AprPanama2025_fixed\041525_experimental\041525PA_experimental_part10.mp4,1900-01-01 22:21:05.500,934
173449,637,113,12.5,114.0,179.0,250.42857142857144,D:\AprPanama2025_fixed\041525_experimental\041525PA_experimental_part10.mp4,1900-01-01 22:21:04.900,937
173448,637,114,12.5,121.0,179.0,249.2,D:\AprPanama2025_fixed\041525_experimental\041525PA_experimental_part10.mp4,1900-01-01 22:21:04.800,937
173461,632,113,1.5,112.0,165.0,177.60000000000002,D:\AprPanama2025_fixed\041525_experimental\041525PA_experimental_part10.mp4,1900-01-01 22:21:06.100,932
173456,634,112,3.5,111.0,177.0,244.88888888888889,D:\AprPanama2025_fixed\041525_experimental\041525PA_experimental_part10.mp4,1900-01-01 22:21:05.600,934
173457,634,112,3.5,111.0,177.0,244.88888888888889,D:\AprPanama2025_fixed\041525_experimental\041525PA_experimental_part10.mp4,1900-01-01 22:21:05.700,934
173458,634,112,2.0,121.0,167.0,235.57142857142856,D:\AprPanama2025_fixed\041525_experimental\041525PA_experimental_part10.mp4,1900-01-01 22:21:05.800,934
175606,681,184,9.5,120.0,179.0,245.3125,D:\AprPanama2025_fixed\041525_experimental\041525PA_experimental_part10.mp4,1900-01-01 22:24:40.600,981
175605,681,184,9.5,114.0,179.0,246.25,D:\AprPanama2025_fixed\041525_experimental\041525PA_experimental_part10.mp4,1900-01-01 22:24:40.500,981
175603,681,183,2.0,111.0,171.0,246.0,D:\AprPanama2025_fixed\041525_experimental\041525PA_experimental_part10.mp4,1900-01-01 22:24:40.300,981
175607,681,184,9.0,120.0,177.0,241.7333333333333,D:\AprPanama2025_fixed\041525_experimental\041525PA_experimental_part10.mp4,1900-01-01 22:24:40.700,981
175604,681,184,9.5,114.0,178.0,236.1875,D:\AprPanama2025_fixed\041525_experimental\041525PA_experimental_part10.mp4,1900-01-01 22:24:40.400,981
175614,681,184,5.0,132.0,171.0,232.7,D:\AprPanama2025_fixed\041525_experimental\041525PA_experimental_part10.mp4,1900-01-01 22:24:41.400,981
175612,681,184,2.5,112.0,168.0,236.85714285714283,D:\AprPanama2025_fixed\041525_experimental\041525PA_experimental_part10.mp4,1900-01-01 22:24:41.200,981
175610,681,185,4.0,111.0,174.0,250.0,D:\AprPanama2025_fixed\041525_experimental\041525PA_experimental_part10.mp4,1900-01-01 22:24:41.000,981
175613,681,185,3.5,121.0,173.0,247.375,D:\AprPanama2025_fixed\041525_experimental\041525PA_experimental_part10.mp4,1900-01-01 22:24:41.300,981
175608,681,184,6.5,111.0,175.0,248.3333333333333,D:\AprPanama2025_fixed\041525_experimental\041525PA_experimental_part10.mp4,1900-01-01 22:24:40.800,981
175609,681,184,6.5,111.0,175.0,248.3333333333333,D:\AprPanama2025_fixed\041525_experimental\041525PA_experimental_part10.mp4,1900-01-01 22:24:40.900,981
175611,681,185,4.0,112.0,174.0,248.2222222222222,D:\AprPanama2025_fixed\041525_experimental\041525PA_experimental_part10.mp4,1900-01-01 22:24:41.100,981
175615,681,184,5.0,118.0,174.0,248.2,D:\AprPanama2025_fixed\041525_experimental\041525PA_experimental_part10.mp4,1900-01-01 22:24:41.500,981
175617,807,32,3.0,118.0,163.0,253.42857142857144,D:\AprPanama2025_fixed\041525_experimental\041525PA_experimental_part10.mp4,1900-01-01 22:24:41.700,1107
175617,682,184,2.5,138.0,176.0,235.8333333333333,D:\AprPanama2025_fixed\041525_experimental\041525PA_experimental_part10.mp4,1900-01-01 22:24:41.700,982
175620,807,32,7.0,121.0,178.0,242.0769230769231,D:\AprPanama2025_fixed\041525_experimental\041525PA_experimental_part10.mp4,1900-01-01 22:24:42.000,1107
175620,511,94,2.0,127.0,163.0,128.33333333333331,D:\AprPanama2025_fixed\041525_experimental\041525PA_experimental_part10.mp4,1900-01-01 22:24:42.000,811
175621,806,32,7.5,127.0,178.0,246.42857142857144,D:\AprPanama2025_fixed\041525_experimental\041525PA_experimental_part10.mp4,1900-01-01 22:24:42.100,1106
175621,511,94,2.0,127.0,163.0,128.33333333333331,D:\AprPanama2025_fixed\041525_experimental\041525PA_experimental_part10.mp4,1900-01-01 22:24:42.100,811
175622,806,32,7.5,127.0,179.0,247.7142857142857,D:\AprPanama2025_fixed\041525_experimental\041525PA_experimental_part10.mp4,1900-01-01 22:24:42.200,1106
175623,806,32,7.5,127.0,179.0,248.57142857142856,D:\AprPanama2025_fixed\041525_experimental\041525PA_experimental_part10.mp4,1900-01-01 22:24:42.300,1106
175619,807,32,6.5,135.0,178.0,244.16666666666663,D:\AprPanama2025_fixed\041525_experimental\041525PA_experimental_part10.mp4,1900-01-01 22:24:41.900,1107
175619,511,94,2.0,145.0,170.0,216.16666666666663,D:\AprPanama2025_fixed\041525_experimental\041525PA_experimental_part10.mp4,1900-01-01 22:24:41.900,811
175619,682,184,2.5,138.0,175.0,235.8333333333333,D:\AprPanama2025_fixed\041525_experimental\041525PA_experimental_part10.mp4,1900-01-01 22:24:41.900,982
175618,807,32,6.5,135.0,178.0,244.16666666666663,D:\AprPanama2025_fixed\041525_experimental\041525PA_experimental_part10.mp4,1900-01-01 22:24:41.800,1107
175616,681,184,4.5,111.0,179.0,249.2222222222222,D:\AprPanama2025_fixed\041525_experimental\041525PA_experimental_part10.mp4,1900-01-01 22:24:41.600,981
175627,806,31,4.5,123.0,178.0,251.44444444444443,D:\AprPanama2025_fixed\041525_experimental\041525PA_experimental_part10.mp4,1900-01-01 22:24:42.700,1106
175629,706,74,5.0,115.0,173.0,240.9,D:\AprPanama2025_fixed\041525_experimental\041525PA_experimental_part10.mp4,1900-01-01 22:24:42.900,1006
175628,806,31,2.5,122.0,178.0,215.7142857142857,D:\AprPanama2025_fixed\041525_experimental\041525PA_experimental_part10.mp4,1900-01-01 22:24:42.800,1106
175628,706,74,5.0,115.0,173.0,240.9,D:\AprPanama2025_fixed\041525_experimental\041525PA_experimental_part10.mp4,1900-01-01 22:24:42.800,1006
175630,806,31,1.5,137.0,175.0,214.6,D:\AprPanama2025_fixed\041525_experimental\041525PA_experimental_part10.mp4,1900-01-01 22:24:43.000,1106
175630,707,74,4.5,122.0,170.0,213.0,D:\AprPanama2025_fixed\041525_experimental\041525PA_experimental_part10.mp4,1900-01-01 22:24:43.000,1007
175631,707,74,4.5,125.0,170.0,217.1,D:\AprPanama2025_fixed\041525_experimental\041525PA_experimental_part10.mp4,1900-01-01 22:24:43.100,1007
175626,806,32,5.5,124.0,172.0,211.3636363636364,D:\AprPanama2025_fixed\041525_experimental\041525PA_experimental_part10.mp4,1900-01-01 22:24:42.600,1106
175625,807,31,7.0,134.0,179.0,238.84615384615387,D:\AprPanama2025_fixed\041525_experimental\041525PA_experimental_part10.mp4,1900-01-01 22:24:42.500,1107
175624,806,31,7.0,126.0,178.0,244.84615384615387,D:\AprPanama2025_fixed\041525_experimental\041525PA_experimental_part10.mp4,1900-01-01 22:24:42.400,1106
175632,707,74,4.5,125.0,173.0,223.0,D:\AprPanama2025_fixed\041525_experimental\041525PA_experimental_part10.mp4,1900-01-01 22:24:43.200,1007
175646,830,36,2.0,111.0,159.0,254.5,D:\AprPanama2025_fixed\041525_experimental\041525PA_experimental_part10.mp4,1900-01-01 22:24:44.600,1130
175647,830,36,1.5,148.0,176.0,249.2,D:\AprPanama2025_fixed\041525_experimental\041525PA_experimental_part10.mp4,1900-01-01 22:24:44.700,1130
175650,830,36,3.0,114.0,166.0,247.125,D:\AprPanama2025_fixed\041525_experimental\041525PA_experimental_part10.mp4,1900-01-01 22:24:45.000,1130
175648,830,36,2.0,126.0,175.0,251.3333333333333,D:\AprPanama2025_fixed\041525_experimental\041525PA_experimental_part10.mp4,1900-01-01 22:24:44.800,1130
175652,830,36,3.0,117.0,156.0,225.875,D:\AprPanama2025_fixed\041525_experimental\041525PA_experimental_part10.mp4,1900-01-01 22:24:45.200,1130
175651,829,36,3.5,128.0,170.0,224.88888888888889,D:\AprPanama2025_fixed\041525_experimental\041525PA_experimental_part10.mp4,1900-01-01 22:24:45.100,1129
175649,829,36,3.5,118.0,166.0,244.55555555555557,D:\AprPanama2025_fixed\041525_experimental\041525PA_experimental_part10.mp4,1900-01-01 22:24:44.900,1129
181204,146,240,2.5,126.0,179.0,193.3333333333333,D:\AprPanama2025_fixed\041525_experimental\041525PA_experimental_part11.mp4,1900-01-01 22:34:00.400,446
181205,146,240,3.0,115.0,177.0,210.42857142857144,D:\AprPanama2025_fixed\041525_experimental\041525PA_experimental_part11.mp4,1900-01-01 22:34:00.500,446
181206,146,240,3.0,122.0,176.0,230.28571428571428,D:\AprPanama2025_fixed\041525_experimental\041525PA_experimental_part11.mp4,1900-01-01 22:34:00.600,446
181203,146,240,2.5,126.0,179.0,193.3333333333333,D:\AprPanama2025_fixed\041525_experimental\041525PA_experimental_part11.mp4,1900-01-01 22:34:00.300,446
181207,146,240,3.0,122.0,169.0,107.85714285714285,D:\AprPanama2025_fixed\041525_experimental\041525PA_experimental_part11.mp4,1900-01-01 22:34:00.700,446
181626,505,347,4.0,112.0,173.0,240.2222222222222,D:\AprPanama2025_fixed\041525_experimental\041525PA_experimental_part11.mp4,1900-01-01 22:34:42.600,805
181625,504,347,3.0,130.0,178.0,240.28571428571428,D:\AprPanama2025_fixed\041525_experimental\041525PA_experimental_part11.mp4,1900-01-01 22:34:42.500,804
181630,508,346,2.0,113.0,174.0,232.0,D:\AprPanama2025_fixed\041525_experimental\041525PA_experimental_part11.mp4,1900-01-01 22:34:43.000,808
181628,506,347,2.5,130.0,175.0,253.0,D:\AprPanama2025_fixed\041525_experimental\041525PA_experimental_part11.mp4,1900-01-01 22:34:42.800,806
181627,506,348,3.5,123.0,182.0,240.125,D:\AprPanama2025_fixed\041525_experimental\041525PA_experimental_part11.mp4,1900-01-01 22:34:42.700,806
181634,510,345,1.5,130.0,162.0,244.2,D:\AprPanama2025_fixed\041525_experimental\041525PA_experimental_part11.mp4,1900-01-01 22:34:43.400,810
181632,509,345,2.0,132.0,156.0,255.0,D:\AprPanama2025_fixed\041525_experimental\041525PA_experimental_part11.mp4,1900-01-01 22:34:43.200,809
181631,508,346,2.5,124.0,159.0,252.57142857142856,D:\AprPanama2025_fixed\041525_experimental\041525PA_experimental_part11.mp4,1900-01-01 22:34:43.100,808
182621,1088,51,6.5,116.0,173.0,248.23076923076923,D:\AprPanama2025_fixed\041525_experimental\041525PA_experimental_part11.mp4,1900-01-01 22:36:22.100,1388
182622,1088,51,11.5,115.0,178.0,238.3684210526316,D:\AprPanama2025_fixed\041525_experimental\041525PA_experimental_part11.mp4,1900-01-01 22:36:22.200,1388
182619,1088,51,7.0,114.0,183.0,234.0833333333333,D:\AprPanama2025_fixed\041525_experimental\041525PA_experimental_part11.mp4,1900-01-01 22:36:21.900,1388
182618,1088,51,1.5,121.0,171.0,226.2,D:\AprPanama2025_fixed\041525_experimental\041525PA_experimental_part11.mp4,1900-01-01 22:36:21.800,1388
182620,1088,51,9.0,118.0,177.0,225.25,D:\AprPanama2025_fixed\041525_experimental\041525PA_experimental_part11.mp4,1900-01-01 22:36:22.000,1388
182627,1087,50,4.5,119.0,173.0,173.9,D:\AprPanama2025_fixed\041525_experimental\041525PA_experimental_part11.mp4,1900-01-01 22:36:22.700,1387
182626,1087,51,7.5,117.0,178.0,232.85714285714283,D:\AprPanama2025_fixed\041525_experimental\041525PA_experimental_part11.mp4,1900-01-01 22:36:22.600,1387
182625,1087,51,7.5,117.0,178.0,232.85714285714283,D:\AprPanama2025_fixed\041525_experimental\041525PA_experimental_part11.mp4,1900-01-01 22:36:22.500,1387
182629,1087,50,4.0,113.0,173.0,180.44444444444443,D:\AprPanama2025_fixed\041525_experimental\041525PA_experimental_part11.mp4,1900-01-01 22:36:22.900,1387
182624,1088,51,10.0,115.0,179.0,246.0,D:\AprPanama2025_fixed\041525_experimental\041525PA_experimental_part11.mp4,1900-01-01 22:36:22.400,1388
182630,1087,50,3.0,113.0,176.0,193.125,D:\AprPanama2025_fixed\041525_experimental\041525PA_experimental_part11.mp4,1900-01-01 22:36:23.000,1387
182623,1088,51,12.0,112.0,179.0,240.65,D:\AprPanama2025_fixed\041525_experimental\041525PA_experimental_part11.mp4,1900-01-01 22:36:22.300,1388
182628,1087,50,5.5,111.0,175.0,188.72727272727272,D:\AprPanama2025_fixed\041525_experimental\041525PA_experimental_part11.mp4,1900-01-01 22:36:22.800,1387
182632,1087,50,2.5,132.0,168.0,237.0,D:\AprPanama2025_fixed\041525_experimental\041525PA_experimental_part11.mp4,1900-01-01 22:36:23.200,1387
182631,1088,50,1.5,126.0,159.0,233.5,D:\AprPanama2025_fixed\041525_experimental\041525PA_experimental_part11.mp4,1900-01-01 22:36:23.100,1388
184966,1019,67,15.0,115.0,178.0,241.0434782608696,D:\AprPanama2025_fixed\041525_experimental\041525PA_experimental_part11.mp4,1900-01-01 22:40:16.600,1319
184961,1018,67,14.5,111.0,179.0,236.91304347826087,D:\AprPanama2025_fixed\041525_experimental\041525PA_experimental_part11.mp4,1900-01-01 22:40:16.100,1318
184962,1018,67,19.0,111.0,179.0,246.07142857142856,D:\AprPanama2025_fixed\041525_experimental\041525PA_experimental_part11.mp4,1900-01-01 22:40:16.200,1318
184960,1018,67,7.0,128.0,175.0,225.53846153846155,D:\AprPanama2025_fixed\041525_experimental\041525PA_experimental_part11.mp4,1900-01-01 22:40:16.000,1318
184963,1019,67,14.5,111.0,179.0,250.26086956521735,D:\AprPanama2025_fixed\041525_experimental\041525PA_experimental_part11.mp4,1900-01-01 22:40:16.300,1319
184964,1019,67,16.5,111.0,179.0,246.68,D:\AprPanama2025_fixed\041525_experimental\041525PA_experimental_part11.mp4,1900-01-01 22:40:16.400,1319
184965,1019,67,16.0,115.0,179.0,245.66666666666663,D:\AprPanama2025_fixed\041525_experimental\041525PA_experimental_part11.mp4,1900-01-01 22:40:16.500,1319
184959,1016,67,1.5,130.0,173.0,208.6,D:\AprPanama2025_fixed\041525_experimental\041525PA_experimental_part11.mp4,1900-01-01 22:40:15.900,1316
184969,1019,68,9.0,122.0,178.0,244.5625,D:\AprPanama2025_fixed\041525_experimental\041525PA_experimental_part11.mp4,1900-01-01 22:40:16.900,1319
184971,1019,67,7.0,125.0,179.0,250.53846153846155,D:\AprPanama2025_fixed\041525_experimental\041525PA_experimental_part11.mp4,1900-01-01 22:40:17.100,1319
184967,1019,67,13.5,115.0,179.0,243.85714285714283,D:\AprPanama2025_fixed\041525_experimental\041525PA_experimental_part11.mp4,1900-01-01 22:40:16.700,1319
184973,1019,68,4.0,114.0,171.0,238.3,D:\AprPanama2025_fixed\041525_experimental\041525PA_experimental_part11.mp4,1900-01-01 22:40:17.300,1319
184972,1019,68,4.5,114.0,177.0,244.0909090909091,D:\AprPanama2025_fixed\041525_experimental\041525PA_experimental_part11.mp4,1900-01-01 22:40:17.200,1319
184970,1019,68,7.5,130.0,177.0,246.5,D:\AprPanama2025_fixed\041525_experimental\041525PA_experimental_part11.mp4,1900-01-01 22:40:17.000,1319
184968,1019,67,10.5,130.0,179.0,241.38888888888889,D:\AprPanama2025_fixed\041525_experimental\041525PA_experimental_part11.mp4,1900-01-01 22:40:16.800,1319
184976,1020,68,1.5,138.0,173.0,242.16666666666663,D:\AprPanama2025_fixed\041525_experimental\041525PA_experimental_part11.mp4,1900-01-01 22:40:17.600,1320
184977,1020,68,1.5,138.0,173.0,242.16666666666663,D:\AprPanama2025_fixed\041525_experimental\041525PA_experimental_part11.mp4,1900-01-01 22:40:17.700,1320
185571,557,66,6.0,139.0,179.0,247.6923076923077,D:\AprPanama2025_fixed\041525_experimental\041525PA_experimental_part11.mp4,1900-01-01 22:41:17.100,857
185570,557,66,5.0,132.0,178.0,248.8333333333333,D:\AprPanama2025_fixed\041525_experimental\041525PA_experimental_part11.mp4,1900-01-01 22:41:17.000,857
185569,557,67,6.5,128.0,179.0,250.92857142857144,D:\AprPanama2025_fixed\041525_experimental\041525PA_experimental_part11.mp4,1900-01-01 22:41:16.900,857
185574,557,66,5.0,121.0,178.0,246.5,D:\AprPanama2025_fixed\041525_experimental\041525PA_experimental_part11.mp4,1900-01-01 22:41:17.400,857
185568,556,67,8.5,114.0,176.0,238.33333333333331,D:\AprPanama2025_fixed\041525_experimental\041525PA_experimental_part11.mp4,1900-01-01 22:41:16.800,856
185572,557,66,4.5,128.0,177.0,241.4,D:\AprPanama2025_fixed\041525_experimental\041525PA_experimental_part11.mp4,1900-01-01 22:41:17.200,857
185573,557,66,4.5,125.0,178.0,243.7,D:\AprPanama2025_fixed\041525_experimental\041525PA_experimental_part11.mp4,1900-01-01 22:41:17.300,857
185567,553,67,3.0,132.0,151.0,109.375,D:\AprPanama2025_fixed\041525_experimental\041525PA_experimental_part11.mp4,1900-01-01 22:41:16.700,853
185577,556,66,1.5,162.0,178.0,250.6,D:\AprPanama2025_fixed\041525_experimental\041525PA_experimental_part11.mp4,1900-01-01 22:41:17.700,856
185580,555,66,3.5,112.0,174.0,241.0,D:\AprPanama2025_fixed\041525_experimental\041525PA_experimental_part11.mp4,1900-01-01 22:41:18.000,855
185576,556,66,2.5,113.0,179.0,251.875,D:\AprPanama2025_fixed\041525_experimental\041525PA_experimental_part11.mp4,1900-01-01 22:41:17.600,856
185582,555,66,4.0,114.0,177.0,160.55555555555554,D:\AprPanama2025_fixed\041525_experimental\041525PA_experimental_part11.mp4,1900-01-01 22:41:18.200,855
185578,556,66,1.5,155.0,177.0,249.0,D:\AprPanama2025_fixed\041525_experimental\041525PA_experimental_part11.mp4,1900-01-01 22:41:17.800,856
185575,556,66,2.5,127.0,179.0,252.85714285714283,D:\AprPanama2025_fixed\041525_experimental\041525PA_experimental_part11.mp4,1900-01-01 22:41:17.500,856
185584,554,66,3.5,111.0,169.0,208.0,D:\AprPanama2025_fixed\041525_experimental\041525PA_experimental_part11.mp4,1900-01-01 22:41:18.400,854
185586,554,66,2.0,114.0,172.0,219.16666666666663,D:\AprPanama2025_fixed\041525_experimental\041525PA_experimental_part11.mp4,1900-01-01 22:41:18.600,854
185585,554,66,3.5,111.0,169.0,208.0,D:\AprPanama2025_fixed\041525_experimental\041525PA_experimental_part11.mp4,1900-01-01 22:41:18.500,854
188142,660,103,10.5,124.0,179.0,244.35294117647055,D:\AprPanama2025_fixed\041525_experimental\041525PA_experimental_part11.mp4,1900-01-01 22:45:34.200,960
188140,660,103,7.5,118.0,176.0,251.3846153846154,D:\AprPanama2025_fixed\041525_experimental\041525PA_experimental_part11.mp4,1900-01-01 22:45:34.000,960
188141,660,103,9.5,117.0,177.0,244.9375,D:\AprPanama2025_fixed\041525_experimental\041525PA_experimental_part11.mp4,1900-01-01 22:45:34.100,960
188146,660,104,4.5,119.0,179.0,250.5,D:\AprPanama2025_fixed\041525_experimental\041525PA_experimental_part11.mp4,1900-01-01 22:45:34.600,960
188147,661,104,4.0,127.0,169.0,251.1111111111111,D:\AprPanama2025_fixed\041525_experimental\041525PA_experimental_part11.mp4,1900-01-01 22:45:34.700,961
188144,660,103,8.0,115.0,179.0,245.35714285714283,D:\AprPanama2025_fixed\041525_experimental\041525PA_experimental_part11.mp4,1900-01-01 22:45:34.400,960
188148,661,104,4.0,114.0,168.0,250.88888888888889,D:\AprPanama2025_fixed\041525_experimental\041525PA_experimental_part11.mp4,1900-01-01 22:45:34.800,961
188149,660,104,2.0,123.0,163.0,247.3333333333333,D:\AprPanama2025_fixed\041525_experimental\041525PA_experimental_part11.mp4,1900-01-01 22:45:34.900,960
188143,660,103,10.5,114.0,179.0,242.76470588235293,D:\AprPanama2025_fixed\041525_experimental\041525PA_experimental_part11.mp4,1900-01-01 22:45:34.300,960
188145,660,103,7.0,131.0,179.0,250.6923076923077,D:\AprPanama2025_fixed\041525_experimental\041525PA_experimental_part11.mp4,1900-01-01 22:45:34.500,960
188170,666,51,1.5,114.0,171.0,230.2,D:\AprPanama2025_fixed\041525_experimental\041525PA_experimental_part11.mp4,1900-01-01 22:45:37.000,966
188171,666,51,1.5,114.0,171.0,230.2,D:\AprPanama2025_fixed\041525_experimental\041525PA_experimental_part11.mp4,1900-01-01 22:45:37.100,966
192003,1192,85,1.5,113.0,162.0,255.0,D:\AprPanama2025_fixed\041525_experimental\041525PA_experimental_part11.mp4,1900-01-01 22:52:00.300,1492
192006,1193,84,6.0,126.0,173.0,240.84615384615387,D:\AprPanama2025_fixed\041525_experimental\041525PA_experimental_part11.mp4,1900-01-01 22:52:00.600,1493
192004,1192,85,2.0,117.0,161.0,252.42857142857144,D:\AprPanama2025_fixed\041525_experimental\041525PA_experimental_part11.mp4,1900-01-01 22:52:00.400,1492
192005,1192,84,2.0,120.0,171.0,237.66666666666663,D:\AprPanama2025_fixed\041525_experimental\041525PA_experimental_part11.mp4,1900-01-01 22:52:00.500,1492
192007,1193,84,2.5,112.0,162.0,247.375,D:\AprPanama2025_fixed\041525_experimental\041525PA_experimental_part11.mp4,1900-01-01 22:52:00.700,1493
192008,1193,85,1.5,118.0,161.0,252.7142857142857,D:\AprPanama2025_fixed\041525_experimental\041525PA_experimental_part11.mp4,1900-01-01 22:52:00.800,1493
192009,1192,84,1.5,122.0,152.0,255.0,D:\AprPanama2025_fixed\041525_experimental\041525PA_experimental_part11.mp4,1900-01-01 22:52:00.900,1492
192037,1010,48,9.0,135.0,178.0,247.0625,D:\AprPanama2025_fixed\041525_experimental\041525PA_experimental_part11.mp4,1900-01-01 22:52:03.700,1310
192033,1009,54,8.5,119.0,179.0,247.64285714285717,D:\AprPanama2025_fixed\041525_experimental\041525PA_experimental_part11.mp4,1900-01-01 22:52:03.300,1309
192035,1009,51,10.5,113.0,179.0,241.77777777777777,D:\AprPanama2025_fixed\041525_experimental\041525PA_experimental_part11.mp4,1900-01-01 22:52:03.500,1309
192032,1009,55,2.5,121.0,166.0,252.625,D:\AprPanama2025_fixed\041525_experimental\041525PA_experimental_part11.mp4,1900-01-01 22:52:03.200,1309
192034,1009,52,10.0,117.0,177.0,249.35294117647055,D:\AprPanama2025_fixed\041525_experimental\041525PA_experimental_part11.mp4,1900-01-01 22:52:03.400,1309
192036,1010,49,10.5,113.0,179.0,241.55555555555557,D:\AprPanama2025_fixed\041525_experimental\041525PA_experimental_part11.mp4,1900-01-01 22:52:03.600,1310
192038,1011,46,7.0,111.0,183.0,253.23076923076923,D:\AprPanama2025_fixed\041525_experimental\041525PA_experimental_part11.mp4,1900-01-01 22:52:03.800,1311
192031,1010,56,3.0,127.0,175.0,218.0,D:\AprPanama2025_fixed\041525_experimental\041525PA_experimental_part11.mp4,1900-01-01 22:52:03.100,1310
192044,1014,39,6.0,125.0,191.0,244.66666666666663,D:\AprPanama2025_fixed\041525_experimental\041525PA_experimental_part11.mp4,1900-01-01 22:52:04.400,1314
192045,1015,39,8.5,112.0,179.0,235.06666666666663,D:\AprPanama2025_fixed\041525_experimental\041525PA_experimental_part11.mp4,1900-01-01 22:52:04.500,1315
192039,1011,45,7.5,113.0,179.0,251.85714285714283,D:\AprPanama2025_fixed\041525_experimental\041525PA_experimental_part11.mp4,1900-01-01 22:52:03.900,1311
192041,1012,43,6.5,138.0,181.0,243.16666666666663,D:\AprPanama2025_fixed\041525_experimental\041525PA_experimental_part11.mp4,1900-01-01 22:52:04.100,1312
192042,1013,41,8.0,131.0,179.0,253.53333333333333,D:\AprPanama2025_fixed\041525_experimental\041525PA_experimental_part11.mp4,1900-01-01 22:52:04.200,1313
192040,1012,43,9.0,125.0,179.0,247.5625,D:\AprPanama2025_fixed\041525_experimental\041525PA_experimental_part11.mp4,1900-01-01 22:52:04.000,1312
192043,1013,41,11.0,121.0,179.0,250.44444444444443,D:\AprPanama2025_fixed\041525_experimental\041525PA_experimental_part11.mp4,1900-01-01 22:52:04.300,1313
192046,1015,37,7.5,112.0,176.0,239.35714285714283,D:\AprPanama2025_fixed\041525_experimental\041525PA_experimental_part11.mp4,1900-01-01 22:52:04.600,1315
192054,1022,33,1.5,117.0,155.0,252.4,D:\AprPanama2025_fixed\041525_experimental\041525PA_experimental_part11.mp4,1900-01-01 22:52:05.400,1322
192052,1021,34,3.0,111.0,169.0,238.125,D:\AprPanama2025_fixed\041525_experimental\041525PA_experimental_part11.mp4,1900-01-01 22:52:05.200,1321
192050,1019,35,4.0,111.0,176.0,251.0,D:\AprPanama2025_fixed\041525_experimental\041525PA_experimental_part11.mp4,1900-01-01 22:52:05.000,1319
192049,1017,36,8.0,116.0,160.0,248.57142857142856,D:\AprPanama2025_fixed\041525_experimental\041525PA_experimental_part11.mp4,1900-01-01 22:52:04.900,1317
192051,1019,34,4.5,115.0,169.0,247.6,D:\AprPanama2025_fixed\041525_experimental\041525PA_experimental_part11.mp4,1900-01-01 22:52:05.100,1319
192048,1017,36,3.5,150.0,179.0,242.55555555555557,D:\AprPanama2025_fixed\041525_experimental\041525PA_experimental_part11.mp4,1900-01-01 22:52:04.800,1317
192047,1016,37,5.0,139.0,178.0,252.4,D:\AprPanama2025_fixed\041525_experimental\041525PA_experimental_part11.mp4,1900-01-01 22:52:04.700,1316
192057,1024,32,1.5,111.0,139.0,254.4,D:\AprPanama2025_fixed\041525_experimental\041525PA_experimental_part11.mp4,1900-01-01 22:52:05.700,1324
196517,1036,17,1.5,116.0,162.0,248.0,D:\AprPanama2025_fixed\041525_experimental\041525PA_experimental_part11.mp4,1900-01-01 22:59:31.700,1336
198588,932,23,2.0,116.0,161.0,123.5,D:\AprPanama2025_fixed\041525_experimental\041525PA_experimental_part12.mp4,1900-01-01 23:02:58.800,1232
198585,933,24,2.5,120.0,166.0,238.42857142857144,D:\AprPanama2025_fixed\041525_experimental\041525PA_experimental_part12.mp4,1900-01-01 23:02:58.500,1233
201515,640,117,5.5,136.0,177.0,245.72727272727275,D:\AprPanama2025_fixed\041525_experimental\041525PA_experimental_part12.mp4,1900-01-01 23:07:51.500,940
201513,640,117,4.5,124.0,177.0,236.9,D:\AprPanama2025_fixed\041525_experimental\041525PA_experimental_part12.mp4,1900-01-01 23:07:51.300,940
201517,640,117,5.0,146.0,174.0,249.9,D:\AprPanama2025_fixed\041525_experimental\041525PA_experimental_part12.mp4,1900-01-01 23:07:51.700,940
201512,640,118,4.5,134.0,179.0,239.3,D:\AprPanama2025_fixed\041525_experimental\041525PA_experimental_part12.mp4,1900-01-01 23:07:51.200,940
201514,640,117,6.5,136.0,178.0,243.75,D:\AprPanama2025_fixed\041525_experimental\041525PA_experimental_part12.mp4,1900-01-01 23:07:51.400,940
201516,640,117,5.5,128.0,176.0,240.1818181818182,D:\AprPanama2025_fixed\041525_experimental\041525PA_experimental_part12.mp4,1900-01-01 23:07:51.600,940
201520,640,116,1.5,135.0,171.0,237.5,D:\AprPanama2025_fixed\041525_experimental\041525PA_experimental_part12.mp4,1900-01-01 23:07:52.000,940
201521,640,116,3.0,124.0,163.0,186.0,D:\AprPanama2025_fixed\041525_experimental\041525PA_experimental_part12.mp4,1900-01-01 23:07:52.100,940
201519,640,117,5.0,127.0,174.0,219.2,D:\AprPanama2025_fixed\041525_experimental\041525PA_experimental_part12.mp4,1900-01-01 23:07:51.900,940
201518,640,117,4.0,115.0,171.0,252.77777777777777,D:\AprPanama2025_fixed\041525_experimental\041525PA_experimental_part12.mp4,1900-01-01 23:07:51.800,940
201523,639,115,3.0,113.0,158.0,99.0,D:\AprPanama2025_fixed\041525_experimental\041525PA_experimental_part12.mp4,1900-01-01 23:07:52.300,939
201524,639,115,3.0,113.0,158.0,99.0,D:\AprPanama2025_fixed\041525_experimental\041525PA_experimental_part12.mp4,1900-01-01 23:07:52.400,939
201532,521,77,10.0,119.0,178.0,243.8823529411765,D:\AprPanama2025_fixed\041525_experimental\041525PA_experimental_part12.mp4,1900-01-01 23:07:53.200,821
201530,521,77,10.0,140.0,179.0,248.41176470588235,D:\AprPanama2025_fixed\041525_experimental\041525PA_experimental_part12.mp4,1900-01-01 23:07:53.000,821
201533,521,77,9.0,113.0,178.0,245.06666666666663,D:\AprPanama2025_fixed\041525_experimental\041525PA_experimental_part12.mp4,1900-01-01 23:07:53.300,821
201529,521,77,9.0,140.0,179.0,250.625,D:\AprPanama2025_fixed\041525_experimental\041525PA_experimental_part12.mp4,1900-01-01 23:07:52.900,821
201528,521,77,8.5,111.0,176.0,241.06666666666663,D:\AprPanama2025_fixed\041525_experimental\041525PA_experimental_part12.mp4,1900-01-01 23:07:52.800,821
201531,521,77,10.0,119.0,178.0,243.8823529411765,D:\AprPanama2025_fixed\041525_experimental\041525PA_experimental_part12.mp4,1900-01-01 23:07:53.100,821
201534,521,77,8.0,114.0,178.0,244.78571428571428,D:\AprPanama2025_fixed\041525_experimental\041525PA_experimental_part12.mp4,1900-01-01 23:07:53.400,821
201537,521,77,5.5,120.0,175.0,243.0909090909091,D:\AprPanama2025_fixed\041525_experimental\041525PA_experimental_part12.mp4,1900-01-01 23:07:53.700,821
201537,749,86,18.0,118.0,179.0,248.74074074074076,D:\AprPanama2025_fixed\041525_experimental\041525PA_experimental_part12.mp4,1900-01-01 23:07:53.700,1049
201541,716,54,2.0,119.0,174.0,236.16666666666663,D:\AprPanama2025_fixed\041525_experimental\041525PA_experimental_part12.mp4,1900-01-01 23:07:54.100,1016
201541,520,76,3.0,136.0,179.0,252.14285714285717,D:\AprPanama2025_fixed\041525_experimental\041525PA_experimental_part12.mp4,1900-01-01 23:07:54.100,820
201541,748,86,16.0,117.0,189.0,247.80769230769232,D:\AprPanama2025_fixed\041525_experimental\041525PA_experimental_part12.mp4,1900-01-01 23:07:54.100,1048
201539,521,76,5.0,121.0,178.0,239.6,D:\AprPanama2025_fixed\041525_experimental\041525PA_experimental_part12.mp4,1900-01-01 23:07:53.900,821
201539,748,86,19.5,111.0,182.0,247.8,D:\AprPanama2025_fixed\041525_experimental\041525PA_experimental_part12.mp4,1900-01-01 23:07:53.900,1048
201536,521,76,6.0,116.0,176.0,238.0833333333333,D:\AprPanama2025_fixed\041525_experimental\041525PA_experimental_part12.mp4,1900-01-01 23:07:53.600,821
201536,749,87,11.0,137.0,178.0,248.88888888888889,D:\AprPanama2025_fixed\041525_experimental\041525PA_experimental_part12.mp4,1900-01-01 23:07:53.600,1049
201540,716,54,2.0,119.0,174.0,236.16666666666663,D:\AprPanama2025_fixed\041525_experimental\041525PA_experimental_part12.mp4,1900-01-01 23:07:54.000,1016
201540,521,76,5.0,121.0,173.0,244.9,D:\AprPanama2025_fixed\041525_experimental\041525PA_experimental_part12.mp4,1900-01-01 23:07:54.000,821
201540,748,86,19.5,111.0,182.0,247.8,D:\AprPanama2025_fixed\041525_experimental\041525PA_experimental_part12.mp4,1900-01-01 23:07:54.000,1048
201538,521,77,4.0,124.0,177.0,243.44444444444443,D:\AprPanama2025_fixed\041525_experimental\041525PA_experimental_part12.mp4,1900-01-01 23:07:53.800,821
201538,749,86,19.0,115.0,178.0,246.14285714285717,D:\AprPanama2025_fixed\041525_experimental\041525PA_experimental_part12.mp4,1900-01-01 23:07:53.800,1049
201535,521,76,6.0,124.0,177.0,241.25,D:\AprPanama2025_fixed\041525_experimental\041525PA_experimental_part12.mp4,1900-01-01 23:07:53.500,821
201546,749,87,7.0,114.0,176.0,237.0769230769231,D:\AprPanama2025_fixed\041525_experimental\041525PA_experimental_part12.mp4,1900-01-01 23:07:54.600,1049
201543,716,54,3.0,111.0,167.0,217.85714285714283,D:\AprPanama2025_fixed\041525_experimental\041525PA_experimental_part12.mp4,1900-01-01 23:07:54.300,1016
201543,520,76,3.0,136.0,179.0,252.14285714285717,D:\AprPanama2025_fixed\041525_experimental\041525PA_experimental_part12.mp4,1900-01-01 23:07:54.300,820
201543,749,86,12.0,111.0,179.0,244.3157894736842,D:\AprPanama2025_fixed\041525_experimental\041525PA_experimental_part12.mp4,1900-01-01 23:07:54.300,1049
201544,717,54,3.0,112.0,143.0,252.57142857142856,D:\AprPanama2025_fixed\041525_experimental\041525PA_experimental_part12.mp4,1900-01-01 23:07:54.400,1017
201544,520,76,2.0,124.0,176.0,247.8333333333333,D:\AprPanama2025_fixed\041525_experimental\041525PA_experimental_part12.mp4,1900-01-01 23:07:54.400,820
201544,749,86,9.5,124.0,179.0,227.6875,D:\AprPanama2025_fixed\041525_experimental\041525PA_experimental_part12.mp4,1900-01-01 23:07:54.400,1049
201545,520,76,1.5,152.0,171.0,239.8,D:\AprPanama2025_fixed\041525_experimental\041525PA_experimental_part12.mp4,1900-01-01 23:07:54.500,820
201545,749,87,10.5,121.0,179.0,230.2941176470588,D:\AprPanama2025_fixed\041525_experimental\041525PA_experimental_part12.mp4,1900-01-01 23:07:54.500,1049
201547,749,87,4.5,127.0,179.0,234.9,D:\AprPanama2025_fixed\041525_experimental\041525PA_experimental_part12.mp4,1900-01-01 23:07:54.700,1049
201542,716,54,1.5,120.0,164.0,237.2,D:\AprPanama2025_fixed\041525_experimental\041525PA_experimental_part12.mp4,1900-01-01 23:07:54.200,1016
201542,520,76,3.0,136.0,179.0,252.14285714285717,D:\AprPanama2025_fixed\041525_experimental\041525PA_experimental_part12.mp4,1900-01-01 23:07:54.200,820
201542,749,86,13.5,114.0,178.0,225.2380952380952,D:\AprPanama2025_fixed\041525_experimental\041525PA_experimental_part12.mp4,1900-01-01 23:07:54.200,1049
201554,521,41,1.5,113.0,164.0,158.8,D:\AprPanama2025_fixed\041525_experimental\041525PA_experimental_part12.mp4,1900-01-01 23:07:55.400,821
201580,611,91,1.5,113.0,150.0,253.66666666666663,D:\AprPanama2025_fixed\041525_experimental\041525PA_experimental_part12.mp4,1900-01-01 23:07:58.000,911
201581,611,91,1.5,113.0,150.0,253.66666666666663,D:\AprPanama2025_fixed\041525_experimental\041525PA_experimental_part12.mp4,1900-01-01 23:07:58.100,911
201589,611,93,1.5,128.0,163.0,165.8,D:\AprPanama2025_fixed\041525_experimental\041525PA_experimental_part12.mp4,1900-01-01 23:07:58.900,911
201583,610,91,2.0,113.0,164.0,249.8333333333333,D:\AprPanama2025_fixed\041525_experimental\041525PA_experimental_part12.mp4,1900-01-01 23:07:58.300,910
201582,610,91,2.0,113.0,164.0,249.8333333333333,D:\AprPanama2025_fixed\041525_experimental\041525PA_experimental_part12.mp4,1900-01-01 23:07:58.200,910
226810,912,5,4.0,115.0,177.0,253.88888888888889,D:\AprPanama2025_fixed\041525_experimental\041525PA_experimental_part13.mp4,1900-01-01 23:50:01.000,1212
226811,911,6,10.5,115.0,179.0,242.7058823529412,D:\AprPanama2025_fixed\041525_experimental\041525PA_experimental_part13.mp4,1900-01-01 23:50:01.100,1211
226807,912,6,6.0,114.0,175.0,247.54545454545456,D:\AprPanama2025_fixed\041525_experimental\041525PA_experimental_part13.mp4,1900-01-01 23:50:00.700,1212
226812,911,6,10.5,111.0,179.0,246.11764705882356,D:\AprPanama2025_fixed\041525_experimental\041525PA_experimental_part13.mp4,1900-01-01 23:50:01.200,1211
226808,912,6,5.0,115.0,176.0,252.54545454545456,D:\AprPanama2025_fixed\041525_experimental\041525PA_experimental_part13.mp4,1900-01-01 23:50:00.800,1212
226809,912,6,6.5,114.0,174.0,251.8333333333333,D:\AprPanama2025_fixed\041525_experimental\041525PA_experimental_part13.mp4,1900-01-01 23:50:00.900,1212
226806,912,6,2.5,114.0,162.0,250.7142857142857,D:\AprPanama2025_fixed\041525_experimental\041525PA_experimental_part13.mp4,1900-01-01 23:50:00.600,1212
226814,911,5,5.5,117.0,176.0,244.66666666666663,D:\AprPanama2025_fixed\041525_experimental\041525PA_experimental_part13.mp4,1900-01-01 23:50:01.400,1211
226813,911,6,5.0,112.0,178.0,250.27272727272728,D:\AprPanama2025_fixed\041525_experimental\041525PA_experimental_part13.mp4,1900-01-01 23:50:01.300,1211
226817,911,5,5.0,117.0,166.0,248.3,D:\AprPanama2025_fixed\041525_experimental\041525PA_experimental_part13.mp4,1900-01-01 23:50:01.700,1211
226815,911,6,5.0,121.0,168.0,245.1818181818182,D:\AprPanama2025_fixed\041525_experimental\041525PA_experimental_part13.mp4,1900-01-01 23:50:01.500,1211
226819,911,4,3.0,115.0,169.0,239.0,D:\AprPanama2025_fixed\041525_experimental\041525PA_experimental_part13.mp4,1900-01-01 23:50:01.900,1211
226818,911,4,3.0,116.0,169.0,240.5,D:\AprPanama2025_fixed\041525_experimental\041525PA_experimental_part13.mp4,1900-01-01 23:50:01.800,1211
226816,911,5,4.5,127.0,167.0,251.7,D:\AprPanama2025_fixed\041525_experimental\041525PA_experimental_part13.mp4,1900-01-01 23:50:01.600,1211
226820,911,5,2.5,116.0,171.0,242.42857142857144,D:\AprPanama2025_fixed\041525_experimental\041525PA_experimental_part13.mp4,1900-01-01 23:50:02.000,1211
226822,911,4,2.0,114.0,165.0,249.3333333333333,D:\AprPanama2025_fixed\041525_experimental\041525PA_experimental_part13.mp4,1900-01-01 23:50:02.200,1211
226821,911,4,2.0,114.0,165.0,249.3333333333333,D:\AprPanama2025_fixed\041525_experimental\041525PA_experimental_part13.mp4,1900-01-01 23:50:02.100,1211
226830,1195,68,6.5,111.0,179.0,244.53846153846155,D:\AprPanama2025_fixed\041525_experimental\041525PA_experimental_part13.mp4,1900-01-01 23:50:03.000,1495
226832,1194,70,12.5,117.0,184.0,248.45,D:\AprPanama2025_fixed\041525_experimental\041525PA_experimental_part13.mp4,1900-01-01 23:50:03.200,1494
226834,1195,71,12.5,126.0,179.0,248.65,D:\AprPanama2025_fixed\041525_experimental\041525PA_experimental_part13.mp4,1900-01-01 23:50:03.400,1495
226835,1195,71,12.5,116.0,179.0,234.35,D:\AprPanama2025_fixed\041525_experimental\041525PA_experimental_part13.mp4,1900-01-01 23:50:03.500,1495
226833,1195,70,14.0,115.0,179.0,246.95454545454547,D:\AprPanama2025_fixed\041525_experimental\041525PA_experimental_part13.mp4,1900-01-01 23:50:03.300,1495
226829,1194,68,4.5,111.0,171.0,234.1818181818182,D:\AprPanama2025_fixed\041525_experimental\041525PA_experimental_part13.mp4,1900-01-01 23:50:02.900,1494
226836,1196,71,13.0,120.0,179.0,235.28571428571428,D:\AprPanama2025_fixed\041525_experimental\041525PA_experimental_part13.mp4,1900-01-01 23:50:03.600,1496
226831,1194,69,13.5,114.0,175.0,246.3809523809524,D:\AprPanama2025_fixed\041525_experimental\041525PA_experimental_part13.mp4,1900-01-01 23:50:03.100,1494
226840,1197,72,3.0,114.0,151.0,206.5,D:\AprPanama2025_fixed\041525_experimental\041525PA_experimental_part13.mp4,1900-01-01 23:50:04.000,1497
226839,1196,72,6.0,112.0,170.0,247.8333333333333,D:\AprPanama2025_fixed\041525_experimental\041525PA_experimental_part13.mp4,1900-01-01 23:50:03.900,1496
226838,1196,72,7.5,112.0,179.0,250.07142857142856,D:\AprPanama2025_fixed\041525_experimental\041525PA_experimental_part13.mp4,1900-01-01 23:50:03.800,1496
226837,1196,71,12.5,125.0,179.0,214.2,D:\AprPanama2025_fixed\041525_experimental\041525PA_experimental_part13.mp4,1900-01-01 23:50:03.700,1496
226907,1046,19,10.0,112.0,174.0,237.76470588235293,D:\AprPanama2025_fixed\041525_experimental\041525PA_experimental_part13.mp4,1900-01-01 23:50:10.700,1346
226904,1046,18,10.5,117.0,178.0,245.16666666666663,D:\AprPanama2025_fixed\041525_experimental\041525PA_experimental_part13.mp4,1900-01-01 23:50:10.400,1346
226905,1047,19,12.0,115.0,179.0,245.65,D:\AprPanama2025_fixed\041525_experimental\041525PA_experimental_part13.mp4,1900-01-01 23:50:10.500,1347
226902,1046,18,5.0,118.0,164.0,248.3636363636364,D:\AprPanama2025_fixed\041525_experimental\041525PA_experimental_part13.mp4,1900-01-01 23:50:10.200,1346
226901,1045,18,2.0,119.0,164.0,201.5,D:\AprPanama2025_fixed\041525_experimental\041525PA_experimental_part13.mp4,1900-01-01 23:50:10.100,1345
226903,1046,18,8.5,115.0,178.0,252.13333333333333,D:\AprPanama2025_fixed\041525_experimental\041525PA_experimental_part13.mp4,1900-01-01 23:50:10.300,1346
226908,1047,19,10.5,116.0,173.0,235.7222222222222,D:\AprPanama2025_fixed\041525_experimental\041525PA_experimental_part13.mp4,1900-01-01 23:50:10.800,1347
226906,1046,19,9.5,117.0,179.0,251.8823529411765,D:\AprPanama2025_fixed\041525_experimental\041525PA_experimental_part13.mp4,1900-01-01 23:50:10.600,1346
226911,1047,20,4.0,113.0,170.0,242.3,D:\AprPanama2025_fixed\041525_experimental\041525PA_experimental_part13.mp4,1900-01-01 23:50:11.100,1347
226909,1048,19,5.0,118.0,188.0,250.8333333333333,D:\AprPanama2025_fixed\041525_experimental\041525PA_experimental_part13.mp4,1900-01-01 23:50:10.900,1348
226910,1047,20,6.5,112.0,162.0,250.23076923076923,D:\AprPanama2025_fixed\041525_experimental\041525PA_experimental_part13.mp4,1900-01-01 23:50:11.000,1347
241146,437,34,7.5,124.0,179.0,247.28571428571428,D:\AprPanama2025_fixed\041525_experimental\041525PA_experimental_part14.mp4,1900-01-02 00:13:54.600,737
241143,438,33,6.5,118.0,179.0,247.5,D:\AprPanama2025_fixed\041525_experimental\041525PA_experimental_part14.mp4,1900-01-02 00:13:54.300,738
241142,438,33,4.0,114.0,173.0,229.88888888888889,D:\AprPanama2025_fixed\041525_experimental\041525PA_experimental_part14.mp4,1900-01-02 00:13:54.200,738
241141,437,32,1.5,126.0,164.0,159.0,D:\AprPanama2025_fixed\041525_experimental\041525PA_experimental_part14.mp4,1900-01-02 00:13:54.100,737
241144,437,34,7.5,118.0,179.0,248.7142857142857,D:\AprPanama2025_fixed\041525_experimental\041525PA_experimental_part14.mp4,1900-01-02 00:13:54.400,737
241145,437,34,7.5,118.0,179.0,248.7142857142857,D:\AprPanama2025_fixed\041525_experimental\041525PA_experimental_part14.mp4,1900-01-02 00:13:54.500,737
241147,437,34,7.5,124.0,179.0,244.2142857142857,D:\AprPanama2025_fixed\041525_experimental\041525PA_experimental_part14.mp4,1900-01-02 00:13:54.700,737
241154,438,33,4.0,131.0,177.0,247.66666666666663,D:\AprPanama2025_fixed\041525_experimental\041525PA_experimental_part14.mp4,1900-01-02 00:13:55.400,738
241151,438,33,5.0,115.0,177.0,245.4,D:\AprPanama2025_fixed\041525_experimental\041525PA_experimental_part14.mp4,1900-01-02 00:13:55.100,738
241152,438,33,4.0,131.0,177.0,246.88888888888889,D:\AprPanama2025_fixed\041525_experimental\041525PA_experimental_part14.mp4,1900-01-02 00:13:55.200,738
241155,438,33,4.0,131.0,177.0,241.1111111111111,D:\AprPanama2025_fixed\041525_experimental\041525PA_experimental_part14.mp4,1900-01-02 00:13:55.500,738
241149,437,34,7.5,124.0,179.0,244.2142857142857,D:\AprPanama2025_fixed\041525_experimental\041525PA_experimental_part14.mp4,1900-01-02 00:13:54.900,737
241150,438,33,6.5,112.0,179.0,243.66666666666663,D:\AprPanama2025_fixed\041525_experimental\041525PA_experimental_part14.mp4,1900-01-02 00:13:55.000,738
241153,438,33,4.0,131.0,177.0,247.66666666666663,D:\AprPanama2025_fixed\041525_experimental\041525PA_experimental_part14.mp4,1900-01-02 00:13:55.300,738
241148,437,34,7.5,124.0,179.0,244.2142857142857,D:\AprPanama2025_fixed\041525_experimental\041525PA_experimental_part14.mp4,1900-01-02 00:13:54.800,737
241160,437,33,5.5,118.0,169.0,188.72727272727272,D:\AprPanama2025_fixed\041525_experimental\041525PA_experimental_part14.mp4,1900-01-02 00:13:56.000,737
241163,767,143,5.5,111.0,177.0,249.9090909090909,D:\AprPanama2025_fixed\041525_experimental\041525PA_experimental_part14.mp4,1900-01-02 00:13:56.300,1067
241162,438,32,4.0,113.0,177.0,228.88888888888889,D:\AprPanama2025_fixed\041525_experimental\041525PA_experimental_part14.mp4,1900-01-02 00:13:56.200,738
241162,768,142,1.5,122.0,173.0,242.0,D:\AprPanama2025_fixed\041525_experimental\041525PA_experimental_part14.mp4,1900-01-02 00:13:56.200,1068
241157,438,33,5.0,139.0,176.0,224.9,D:\AprPanama2025_fixed\041525_experimental\041525PA_experimental_part14.mp4,1900-01-02 00:13:55.700,738
241159,437,33,5.5,118.0,169.0,188.72727272727272,D:\AprPanama2025_fixed\041525_experimental\041525PA_experimental_part14.mp4,1900-01-02 00:13:55.900,737
241158,438,33,4.0,129.0,173.0,234.1111111111111,D:\AprPanama2025_fixed\041525_experimental\041525PA_experimental_part14.mp4,1900-01-02 00:13:55.800,738
241161,438,33,2.0,112.0,162.0,196.8333333333333,D:\AprPanama2025_fixed\041525_experimental\041525PA_experimental_part14.mp4,1900-01-02 00:13:56.100,738
241161,768,142,1.5,139.0,176.0,240.2,D:\AprPanama2025_fixed\041525_experimental\041525PA_experimental_part14.mp4,1900-01-02 00:13:56.100,1068
241156,438,33,4.0,131.0,177.0,241.1111111111111,D:\AprPanama2025_fixed\041525_experimental\041525PA_experimental_part14.mp4,1900-01-02 00:13:55.600,738
241170,768,142,2.0,122.0,173.0,183.5,D:\AprPanama2025_fixed\041525_experimental\041525PA_experimental_part14.mp4,1900-01-02 00:13:57.000,1068
241168,767,142,3.5,127.0,176.0,237.25,D:\AprPanama2025_fixed\041525_experimental\041525PA_experimental_part14.mp4,1900-01-02 00:13:56.800,1067
241169,767,143,4.5,111.0,173.0,221.5,D:\AprPanama2025_fixed\041525_experimental\041525PA_experimental_part14.mp4,1900-01-02 00:13:56.900,1067
241167,767,142,3.5,115.0,176.0,253.375,D:\AprPanama2025_fixed\041525_experimental\041525PA_experimental_part14.mp4,1900-01-02 00:13:56.700,1067
241171,768,142,1.5,133.0,179.0,245.4,D:\AprPanama2025_fixed\041525_experimental\041525PA_experimental_part14.mp4,1900-01-02 00:13:57.100,1068
241166,767,142,5.0,131.0,179.0,227.2,D:\AprPanama2025_fixed\041525_experimental\041525PA_experimental_part14.mp4,1900-01-02 00:13:56.600,1067
241165,768,142,2.0,118.0,175.0,254.66666666666663,D:\AprPanama2025_fixed\041525_experimental\041525PA_experimental_part14.mp4,1900-01-02 00:13:56.500,1068
241164,437,32,1.5,123.0,165.0,112.6,D:\AprPanama2025_fixed\041525_experimental\041525PA_experimental_part14.mp4,1900-01-02 00:13:56.400,737
241164,768,142,3.0,111.0,174.0,253.42857142857144,D:\AprPanama2025_fixed\041525_experimental\041525PA_experimental_part14.mp4,1900-01-02 00:13:56.400,1068
241174,768,142,1.5,143.0,179.0,236.6,D:\AprPanama2025_fixed\041525_experimental\041525PA_experimental_part14.mp4,1900-01-02 00:13:57.400,1068
241178,448,67,6.0,132.0,179.0,249.41666666666663,D:\AprPanama2025_fixed\041525_experimental\041525PA_experimental_part14.mp4,1900-01-02 00:13:57.800,748
241173,768,142,1.5,143.0,179.0,236.6,D:\AprPanama2025_fixed\041525_experimental\041525PA_experimental_part14.mp4,1900-01-02 00:13:57.300,1068
241177,447,67,4.5,125.0,177.0,248.5,D:\AprPanama2025_fixed\041525_experimental\041525PA_experimental_part14.mp4,1900-01-02 00:13:57.700,747
241175,448,66,1.5,126.0,172.0,212.4,D:\AprPanama2025_fixed\041525_experimental\041525PA_experimental_part14.mp4,1900-01-02 00:13:57.500,748
241175,768,142,1.5,143.0,179.0,236.6,D:\AprPanama2025_fixed\041525_experimental\041525PA_experimental_part14.mp4,1900-01-02 00:13:57.500,1068
241176,448,66,3.0,113.0,170.0,233.14285714285717,D:\AprPanama2025_fixed\041525_experimental\041525PA_experimental_part14.mp4,1900-01-02 00:13:57.600,748
241179,448,67,10.0,115.0,175.0,230.58823529411765,D:\AprPanama2025_fixed\041525_experimental\041525PA_experimental_part14.mp4,1900-01-02 00:13:57.900,748
241181,448,67,5.5,116.0,159.0,254.5,D:\AprPanama2025_fixed\041525_experimental\041525PA_experimental_part14.mp4,1900-01-02 00:13:58.100,748
241185,449,67,2.0,141.0,163.0,245.3333333333333,D:\AprPanama2025_fixed\041525_experimental\041525PA_experimental_part14.mp4,1900-01-02 00:13:58.500,749
241182,447,67,4.5,123.0,155.0,250.1,D:\AprPanama2025_fixed\041525_experimental\041525PA_experimental_part14.mp4,1900-01-02 00:13:58.200,747
241180,448,67,5.5,116.0,159.0,254.5,D:\AprPanama2025_fixed\041525_experimental\041525PA_experimental_part14.mp4,1900-01-02 00:13:58.000,748
241183,448,67,3.5,115.0,161.0,246.77777777777777,D:\AprPanama2025_fixed\041525_experimental\041525PA_experimental_part14.mp4,1900-01-02 00:13:58.300,748
241216,771,73,6.0,118.0,178.0,206.0833333333333,D:\AprPanama2025_fixed\041525_experimental\041525PA_experimental_part14.mp4,1900-01-02 00:14:01.600,1071
241213,771,73,3.5,122.0,176.0,191.0,D:\AprPanama2025_fixed\041525_experimental\041525PA_experimental_part14.mp4,1900-01-02 00:14:01.300,1071
241217,771,73,4.5,113.0,179.0,222.44444444444443,D:\AprPanama2025_fixed\041525_experimental\041525PA_experimental_part14.mp4,1900-01-02 00:14:01.700,1071
241214,771,73,6.0,113.0,178.0,221.0,D:\AprPanama2025_fixed\041525_experimental\041525PA_experimental_part14.mp4,1900-01-02 00:14:01.400,1071
241215,771,73,5.5,121.0,178.0,216.8181818181818,D:\AprPanama2025_fixed\041525_experimental\041525PA_experimental_part14.mp4,1900-01-02 00:14:01.500,1071
241219,771,73,4.0,122.0,178.0,181.4,D:\AprPanama2025_fixed\041525_experimental\041525PA_experimental_part14.mp4,1900-01-02 00:14:01.900,1071
241218,771,73,5.5,122.0,173.0,179.9090909090909,D:\AprPanama2025_fixed\041525_experimental\041525PA_experimental_part14.mp4,1900-01-02 00:14:01.800,1071
241222,772,73,2.0,121.0,162.0,210.16666666666663,D:\AprPanama2025_fixed\041525_experimental\041525PA_experimental_part14.mp4,1900-01-02 00:14:02.200,1072
252935,428,173,6.5,116.0,178.0,245.5833333333333,D:\AprPanama2025_fixed\041525_experimental\041525PA_experimental_part15.mp4,1900-01-02 00:33:33.500,728
252936,428,173,7.0,127.0,178.0,249.0,D:\AprPanama2025_fixed\041525_experimental\041525PA_experimental_part15.mp4,1900-01-02 00:33:33.600,728
252938,428,173,6.5,131.0,179.0,253.5833333333333,D:\AprPanama2025_fixed\041525_experimental\041525PA_experimental_part15.mp4,1900-01-02 00:33:33.800,728
252937,428,173,6.5,131.0,179.0,254.16666666666663,D:\AprPanama2025_fixed\041525_experimental\041525PA_experimental_part15.mp4,1900-01-02 00:33:33.700,728
252942,428,172,6.5,126.0,179.0,252.7692307692308,D:\AprPanama2025_fixed\041525_experimental\041525PA_experimental_part15.mp4,1900-01-02 00:33:34.200,728
252941,428,172,6.5,128.0,179.0,253.61538461538464,D:\AprPanama2025_fixed\041525_experimental\041525PA_experimental_part15.mp4,1900-01-02 00:33:34.100,728
252944,428,172,2.0,118.0,169.0,225.8333333333333,D:\AprPanama2025_fixed\041525_experimental\041525PA_experimental_part15.mp4,1900-01-02 00:33:34.400,728
252946,428,172,2.5,138.0,175.0,219.3333333333333,D:\AprPanama2025_fixed\041525_experimental\041525PA_experimental_part15.mp4,1900-01-02 00:33:34.600,728
252939,428,172,9.0,112.0,179.0,242.6875,D:\AprPanama2025_fixed\041525_experimental\041525PA_experimental_part15.mp4,1900-01-02 00:33:33.900,728
252940,428,172,6.5,129.0,179.0,252.0,D:\AprPanama2025_fixed\041525_experimental\041525PA_experimental_part15.mp4,1900-01-02 00:33:34.000,728
252945,428,172,3.0,120.0,175.0,211.0,D:\AprPanama2025_fixed\041525_experimental\041525PA_experimental_part15.mp4,1900-01-02 00:33:34.500,728
252943,428,172,5.5,118.0,178.0,241.3636363636364,D:\AprPanama2025_fixed\041525_experimental\041525PA_experimental_part15.mp4,1900-01-02 00:33:34.300,728
252947,427,172,1.5,113.0,167.0,173.4,D:\AprPanama2025_fixed\041525_experimental\041525PA_experimental_part15.mp4,1900-01-02 00:33:34.700,727
252973,639,150,3.0,113.0,173.0,138.0,D:\AprPanama2025_fixed\041525_experimental\041525PA_experimental_part15.mp4,1900-01-02 00:33:37.300,939
252973,551,154,10.5,113.0,178.0,241.2222222222222,D:\AprPanama2025_fixed\041525_experimental\041525PA_experimental_part15.mp4,1900-01-02 00:33:37.300,851
252974,639,150,4.5,116.0,169.0,177.55555555555554,D:\AprPanama2025_fixed\041525_experimental\041525PA_experimental_part15.mp4,1900-01-02 00:33:37.400,939
252974,551,154,10.5,113.0,178.0,241.2222222222222,D:\AprPanama2025_fixed\041525_experimental\041525PA_experimental_part15.mp4,1900-01-02 00:33:37.400,851
252978,640,151,3.5,121.0,168.0,180.125,D:\AprPanama2025_fixed\041525_experimental\041525PA_experimental_part15.mp4,1900-01-02 00:33:37.800,940
252978,551,155,7.5,121.0,171.0,237.15384615384616,D:\AprPanama2025_fixed\041525_experimental\041525PA_experimental_part15.mp4,1900-01-02 00:33:37.800,851
252977,640,151,3.5,125.0,179.0,248.375,D:\AprPanama2025_fixed\041525_experimental\041525PA_experimental_part15.mp4,1900-01-02 00:33:37.700,940
252977,551,155,9.5,117.0,173.0,244.58823529411765,D:\AprPanama2025_fixed\041525_experimental\041525PA_experimental_part15.mp4,1900-01-02 00:33:37.700,851
252975,639,150,5.0,117.0,177.0,206.2,D:\AprPanama2025_fixed\041525_experimental\041525PA_experimental_part15.mp4,1900-01-02 00:33:37.500,939
252975,551,155,11.0,118.0,175.0,241.15789473684208,D:\AprPanama2025_fixed\041525_experimental\041525PA_experimental_part15.mp4,1900-01-02 00:33:37.500,851
252972,551,154,10.5,113.0,178.0,241.2222222222222,D:\AprPanama2025_fixed\041525_experimental\041525PA_experimental_part15.mp4,1900-01-02 00:33:37.200,851
252976,640,150,4.0,117.0,178.0,224.2222222222222,D:\AprPanama2025_fixed\041525_experimental\041525PA_experimental_part15.mp4,1900-01-02 00:33:37.600,940
252976,551,155,8.5,120.0,178.0,248.4375,D:\AprPanama2025_fixed\041525_experimental\041525PA_experimental_part15.mp4,1900-01-02 00:33:37.600,851
252971,550,154,8.5,122.0,179.0,223.5,D:\AprPanama2025_fixed\041525_experimental\041525PA_experimental_part15.mp4,1900-01-02 00:33:37.100,850
252981,640,151,2.0,112.0,147.0,224.0,D:\AprPanama2025_fixed\041525_experimental\041525PA_experimental_part15.mp4,1900-01-02 00:33:38.100,940
252981,552,156,1.5,116.0,166.0,230.16666666666663,D:\AprPanama2025_fixed\041525_experimental\041525PA_experimental_part15.mp4,1900-01-02 00:33:38.100,852
252979,640,151,3.5,117.0,168.0,175.875,D:\AprPanama2025_fixed\041525_experimental\041525PA_experimental_part15.mp4,1900-01-02 00:33:37.900,940
252979,551,156,4.5,126.0,171.0,234.9,D:\AprPanama2025_fixed\041525_experimental\041525PA_experimental_part15.mp4,1900-01-02 00:33:37.900,851
252983,552,156,2.0,111.0,176.0,234.6,D:\AprPanama2025_fixed\041525_experimental\041525PA_experimental_part15.mp4,1900-01-02 00:33:38.300,852
252980,640,151,3.5,127.0,173.0,205.625,D:\AprPanama2025_fixed\041525_experimental\041525PA_experimental_part15.mp4,1900-01-02 00:33:38.000,940
252980,551,156,4.5,113.0,173.0,229.7,D:\AprPanama2025_fixed\041525_experimental\041525PA_experimental_part15.mp4,1900-01-02 00:33:38.000,851
252982,640,151,2.0,126.0,162.0,149.5,D:\AprPanama2025_fixed\041525_experimental\041525PA_experimental_part15.mp4,1900-01-02 00:33:38.200,940
252994,482,154,2.5,113.0,185.0,217.7142857142857,D:\AprPanama2025_fixed\041525_experimental\041525PA_experimental_part15.mp4,1900-01-02 00:33:39.400,782
252997,482,153,2.0,113.0,174.0,207.5,D:\AprPanama2025_fixed\041525_experimental\041525PA_experimental_part15.mp4,1900-01-02 00:33:39.700,782
252998,482,153,2.0,113.0,174.0,207.5,D:\AprPanama2025_fixed\041525_experimental\041525PA_experimental_part15.mp4,1900-01-02 00:33:39.800,782
252995,482,154,2.5,113.0,186.0,216.14285714285717,D:\AprPanama2025_fixed\041525_experimental\041525PA_experimental_part15.mp4,1900-01-02 00:33:39.500,782
252996,482,153,2.0,113.0,174.0,207.5,D:\AprPanama2025_fixed\041525_experimental\041525PA_experimental_part15.mp4,1900-01-02 00:33:39.600,782
253734,765,94,5.0,123.0,178.0,234.4,D:\AprPanama2025_fixed\041525_experimental\041525PA_experimental_part15.mp4,1900-01-02 00:34:53.400,1065
253737,765,94,2.0,146.0,172.0,197.5,D:\AprPanama2025_fixed\041525_experimental\041525PA_experimental_part15.mp4,1900-01-02 00:34:53.700,1065
253735,765,94,4.0,117.0,178.0,235.77777777777777,D:\AprPanama2025_fixed\041525_experimental\041525PA_experimental_part15.mp4,1900-01-02 00:34:53.500,1065
253731,764,94,2.5,115.0,171.0,241.7142857142857,D:\AprPanama2025_fixed\041525_experimental\041525PA_experimental_part15.mp4,1900-01-02 00:34:53.100,1064
253732,765,94,5.0,115.0,171.0,238.2,D:\AprPanama2025_fixed\041525_experimental\041525PA_experimental_part15.mp4,1900-01-02 00:34:53.200,1065
253736,765,94,3.5,140.0,178.0,241.5,D:\AprPanama2025_fixed\041525_experimental\041525PA_experimental_part15.mp4,1900-01-02 00:34:53.600,1065
253738,765,94,2.0,132.0,174.0,225.8333333333333,D:\AprPanama2025_fixed\041525_experimental\041525PA_experimental_part15.mp4,1900-01-02 00:34:53.800,1065
253733,765,94,4.0,111.0,172.0,249.2,D:\AprPanama2025_fixed\041525_experimental\041525PA_experimental_part15.mp4,1900-01-02 00:34:53.300,1065
253740,764,94,1.5,128.0,169.0,210.8,D:\AprPanama2025_fixed\041525_experimental\041525PA_experimental_part15.mp4,1900-01-02 00:34:54.000,1064
253739,765,94,2.0,130.0,172.0,222.3333333333333,D:\AprPanama2025_fixed\041525_experimental\041525PA_experimental_part15.mp4,1900-01-02 00:34:53.900,1065
278659,747,186,1.5,114.0,156.0,244.28571428571428,D:\AprPanama2025_fixed\041525_experimental\041525PA_experimental_part16.mp4,1900-01-02 01:16:25.900,1047
278658,747,186,1.5,121.0,160.0,218.28571428571428,D:\AprPanama2025_fixed\041525_experimental\041525PA_experimental_part16.mp4,1900-01-02 01:16:25.800,1047
279296,156,353,1.5,117.0,177.0,223.2,D:\AprPanama2025_fixed\041525_experimental\041525PA_experimental_part16.mp4,1900-01-02 01:17:29.600,456
279295,105,352,1.5,114.0,150.0,36.6,D:\AprPanama2025_fixed\041525_experimental\041525PA_experimental_part16.mp4,1900-01-02 01:17:29.500,405
279297,156,353,2.0,117.0,175.0,138.16666666666666,D:\AprPanama2025_fixed\041525_experimental\041525PA_experimental_part16.mp4,1900-01-02 01:17:29.700,456
279298,156,353,2.0,117.0,175.0,138.16666666666666,D:\AprPanama2025_fixed\041525_experimental\041525PA_experimental_part16.mp4,1900-01-02 01:17:29.800,456
281345,79,313,2.5,122.0,150.0,189.57142857142856,D:\AprPanama2025_fixed\041525_experimental\041525PA_experimental_part16.mp4,1900-01-02 01:20:54.500,379
281345,71,313,2.0,118.0,151.0,138.66666666666666,D:\AprPanama2025_fixed\041525_experimental\041525PA_experimental_part16.mp4,1900-01-02 01:20:54.500,371
281343,79,313,5.0,120.0,168.0,150.9,D:\AprPanama2025_fixed\041525_experimental\041525PA_experimental_part16.mp4,1900-01-02 01:20:54.300,379
281342,79,313,2.0,132.0,146.0,173.33333333333331,D:\AprPanama2025_fixed\041525_experimental\041525PA_experimental_part16.mp4,1900-01-02 01:20:54.200,379
281344,71,313,2.0,125.0,151.0,154.33333333333331,D:\AprPanama2025_fixed\041525_experimental\041525PA_experimental_part16.mp4,1900-01-02 01:20:54.400,371
281344,79,313,5.0,124.0,171.0,140.70000000000002,D:\AprPanama2025_fixed\041525_experimental\041525PA_experimental_part16.mp4,1900-01-02 01:20:54.400,379
281347,80,312,2.0,121.0,162.0,207.0,D:\AprPanama2025_fixed\041525_experimental\041525PA_experimental_part16.mp4,1900-01-02 01:20:54.700,380
281346,79,312,5.0,115.0,174.0,206.8,D:\AprPanama2025_fixed\041525_experimental\041525PA_experimental_part16.mp4,1900-01-02 01:20:54.600,379
281357,229,266,1.5,117.0,165.0,201.6,D:\AprPanama2025_fixed\041525_experimental\041525PA_experimental_part16.mp4,1900-01-02 01:20:55.700,529
281358,230,266,3.0,125.0,179.0,246.0,D:\AprPanama2025_fixed\041525_experimental\041525PA_experimental_part16.mp4,1900-01-02 01:20:55.800,530
281359,230,266,3.0,125.0,179.0,246.0,D:\AprPanama2025_fixed\041525_experimental\041525PA_experimental_part16.mp4,1900-01-02 01:20:55.900,530
281360,230,267,3.5,118.0,179.0,234.875,D:\AprPanama2025_fixed\041525_experimental\041525PA_experimental_part16.mp4,1900-01-02 01:20:56.000,530
281380,288,290,2.0,114.0,172.0,198.16666666666663,D:\AprPanama2025_fixed\041525_experimental\041525PA_experimental_part16.mp4,1900-01-02 01:20:58.000,588
281381,288,290,2.0,111.0,173.0,193.3333333333333,D:\AprPanama2025_fixed\041525_experimental\041525PA_experimental_part16.mp4,1900-01-02 01:20:58.100,588
281379,288,290,2.0,116.0,171.0,197.8333333333333,D:\AprPanama2025_fixed\041525_experimental\041525PA_experimental_part16.mp4,1900-01-02 01:20:57.900,588
281382,287,292,1.5,125.0,144.0,142.33333333333331,D:\AprPanama2025_fixed\041525_experimental\041525PA_experimental_part16.mp4,1900-01-02 01:20:58.200,587
281386,286,292,2.0,131.0,169.0,233.66666666666663,D:\AprPanama2025_fixed\041525_experimental\041525PA_experimental_part16.mp4,1900-01-02 01:20:58.600,586
284217,919,30,1.5,111.0,171.0,238.6,D:\AprPanama2025_fixed\041525_experimental\041525PA_experimental_part16.mp4,1900-01-02 01:25:41.700,1219
284218,919,30,4.0,127.0,177.0,235.0,D:\AprPanama2025_fixed\041525_experimental\041525PA_experimental_part16.mp4,1900-01-02 01:25:41.800,1219
284220,920,30,1.5,120.0,145.0,194.4,D:\AprPanama2025_fixed\041525_experimental\041525PA_experimental_part16.mp4,1900-01-02 01:25:42.000,1220
284219,919,30,4.0,111.0,175.0,240.77777777777777,D:\AprPanama2025_fixed\041525_experimental\041525PA_experimental_part16.mp4,1900-01-02 01:25:41.900,1219
290197,500,149,2.0,113.0,152.0,229.8333333333333,D:\AprPanama2025_fixed\041525_experimental\041525PA_experimental_part17.mp4,1900-01-02 01:35:39.700,800
290202,500,148,2.5,113.0,138.0,114.33333333333331,D:\AprPanama2025_fixed\041525_experimental\041525PA_experimental_part17.mp4,1900-01-02 01:35:40.200,800
290201,500,148,1.5,113.0,147.0,196.0,D:\AprPanama2025_fixed\041525_experimental\041525PA_experimental_part17.mp4,1900-01-02 01:35:40.100,800
290215,534,170,3.0,125.0,173.0,245.57142857142856,D:\AprPanama2025_fixed\041525_experimental\041525PA_experimental_part17.mp4,1900-01-02 01:35:41.500,834
290216,534,170,3.0,144.0,177.0,251.0,D:\AprPanama2025_fixed\041525_experimental\041525PA_experimental_part17.mp4,1900-01-02 01:35:41.600,834
290218,534,170,6.5,115.0,180.0,246.25,D:\AprPanama2025_fixed\041525_experimental\041525PA_experimental_part17.mp4,1900-01-02 01:35:41.800,834
290223,535,169,3.5,124.0,155.0,247.75,D:\AprPanama2025_fixed\041525_experimental\041525PA_experimental_part17.mp4,1900-01-02 01:35:42.300,835
290219,535,170,1.5,112.0,153.0,255.0,D:\AprPanama2025_fixed\041525_experimental\041525PA_experimental_part17.mp4,1900-01-02 01:35:41.900,835
290220,535,170,4.0,113.0,175.0,239.5,D:\AprPanama2025_fixed\041525_experimental\041525PA_experimental_part17.mp4,1900-01-02 01:35:42.000,835
290217,534,170,5.5,119.0,183.0,251.1,D:\AprPanama2025_fixed\041525_experimental\041525PA_experimental_part17.mp4,1900-01-02 01:35:41.700,834
290221,535,169,4.0,116.0,154.0,251.77777777777777,D:\AprPanama2025_fixed\041525_experimental\041525PA_experimental_part17.mp4,1900-01-02 01:35:42.100,835
290224,534,169,4.5,132.0,173.0,224.1111111111111,D:\AprPanama2025_fixed\041525_experimental\041525PA_experimental_part17.mp4,1900-01-02 01:35:42.400,834
290222,535,169,3.5,124.0,155.0,247.75,D:\AprPanama2025_fixed\041525_experimental\041525PA_experimental_part17.mp4,1900-01-02 01:35:42.200,835
290228,475,71,1.5,118.0,179.0,242.66666666666663,D:\AprPanama2025_fixed\041525_experimental\041525PA_experimental_part17.mp4,1900-01-02 01:35:42.800,775
290229,475,71,1.5,113.0,180.0,236.0,D:\AprPanama2025_fixed\041525_experimental\041525PA_experimental_part17.mp4,1900-01-02 01:35:42.900,775
290225,534,168,2.0,136.0,171.0,231.8333333333333,D:\AprPanama2025_fixed\041525_experimental\041525PA_experimental_part17.mp4,1900-01-02 01:35:42.500,834
290227,475,71,1.5,118.0,179.0,242.66666666666663,D:\AprPanama2025_fixed\041525_experimental\041525PA_experimental_part17.mp4,1900-01-02 01:35:42.700,775
290230,475,71,1.5,118.0,179.0,248.5,D:\AprPanama2025_fixed\041525_experimental\041525PA_experimental_part17.mp4,1900-01-02 01:35:43.000,775
290240,646,57,5.5,124.0,179.0,207.45454545454547,D:\AprPanama2025_fixed\041525_experimental\041525PA_experimental_part17.mp4,1900-01-02 01:35:44.000,946
290240,524,104,1.5,138.0,172.0,245.4,D:\AprPanama2025_fixed\041525_experimental\041525PA_experimental_part17.mp4,1900-01-02 01:35:44.000,824
290239,645,57,4.5,118.0,178.0,176.3,D:\AprPanama2025_fixed\041525_experimental\041525PA_experimental_part17.mp4,1900-01-02 01:35:43.900,945
290245,645,58,3.5,116.0,169.0,110.375,D:\AprPanama2025_fixed\041525_experimental\041525PA_experimental_part17.mp4,1900-01-02 01:35:44.500,945
290247,645,57,3.0,117.0,164.0,104.71428571428572,D:\AprPanama2025_fixed\041525_experimental\041525PA_experimental_part17.mp4,1900-01-02 01:35:44.700,945
290242,646,57,5.5,121.0,179.0,204.0,D:\AprPanama2025_fixed\041525_experimental\041525PA_experimental_part17.mp4,1900-01-02 01:35:44.200,946
290246,645,57,3.0,117.0,164.0,104.71428571428572,D:\AprPanama2025_fixed\041525_experimental\041525PA_experimental_part17.mp4,1900-01-02 01:35:44.600,945
290243,645,58,3.5,128.0,172.0,129.625,D:\AprPanama2025_fixed\041525_experimental\041525PA_experimental_part17.mp4,1900-01-02 01:35:44.300,945
290248,645,57,3.0,117.0,164.0,104.71428571428572,D:\AprPanama2025_fixed\041525_experimental\041525PA_experimental_part17.mp4,1900-01-02 01:35:44.800,945
290241,646,57,4.0,127.0,187.0,215.55555555555557,D:\AprPanama2025_fixed\041525_experimental\041525PA_experimental_part17.mp4,1900-01-02 01:35:44.100,946
290244,645,58,3.5,128.0,172.0,129.625,D:\AprPanama2025_fixed\041525_experimental\041525PA_experimental_part17.mp4,1900-01-02 01:35:44.400,945
290249,645,57,2.0,119.0,143.0,118.33333333333331,D:\AprPanama2025_fixed\041525_experimental\041525PA_experimental_part17.mp4,1900-01-02 01:35:44.900,945
291202,526,92,2.0,134.0,171.0,253.3333333333333,D:\AprPanama2025_fixed\041525_experimental\041525PA_experimental_part17.mp4,1900-01-02 01:37:20.200,826
291204,526,92,2.0,121.0,175.0,236.16666666666663,D:\AprPanama2025_fixed\041525_experimental\041525PA_experimental_part17.mp4,1900-01-02 01:37:20.400,826
291203,526,92,2.0,134.0,171.0,253.3333333333333,D:\AprPanama2025_fixed\041525_experimental\041525PA_experimental_part17.mp4,1900-01-02 01:37:20.300,826
292045,993,10,6.5,134.0,179.0,247.66666666666663,D:\AprPanama2025_fixed\041525_experimental\041525PA_experimental_part17.mp4,1900-01-02 01:38:44.500,1293
292043,992,10,2.0,120.0,169.0,246.16666666666663,D:\AprPanama2025_fixed\041525_experimental\041525PA_experimental_part17.mp4,1900-01-02 01:38:44.300,1292
292044,992,11,1.5,117.0,174.0,243.16666666666663,D:\AprPanama2025_fixed\041525_experimental\041525PA_experimental_part17.mp4,1900-01-02 01:38:44.400,1292
292047,993,10,14.5,128.0,179.0,252.27272727272728,D:\AprPanama2025_fixed\041525_experimental\041525PA_experimental_part17.mp4,1900-01-02 01:38:44.700,1293
292048,993,10,15.5,121.0,179.0,244.875,D:\AprPanama2025_fixed\041525_experimental\041525PA_experimental_part17.mp4,1900-01-02 01:38:44.800,1293
292046,993,11,8.0,114.0,176.0,248.92857142857144,D:\AprPanama2025_fixed\041525_experimental\041525PA_experimental_part17.mp4,1900-01-02 01:38:44.600,1293
292050,994,10,19.0,113.0,178.0,249.32142857142856,D:\AprPanama2025_fixed\041525_experimental\041525PA_experimental_part17.mp4,1900-01-02 01:38:45.000,1294
292055,994,11,15.0,111.0,179.0,248.2173913043478,D:\AprPanama2025_fixed\041525_experimental\041525PA_experimental_part17.mp4,1900-01-02 01:38:45.500,1294
292056,995,11,12.0,121.0,179.0,252.6315789473684,D:\AprPanama2025_fixed\041525_experimental\041525PA_experimental_part17.mp4,1900-01-02 01:38:45.600,1295
292052,994,10,16.0,115.0,179.0,246.79166666666663,D:\AprPanama2025_fixed\041525_experimental\041525PA_experimental_part17.mp4,1900-01-02 01:38:45.200,1294
292053,994,11,13.0,111.0,177.0,249.0,D:\AprPanama2025_fixed\041525_experimental\041525PA_experimental_part17.mp4,1900-01-02 01:38:45.300,1294
292051,994,11,17.0,115.0,179.0,248.28,D:\AprPanama2025_fixed\041525_experimental\041525PA_experimental_part17.mp4,1900-01-02 01:38:45.100,1294
292054,994,11,16.0,114.0,178.0,245.8333333333333,D:\AprPanama2025_fixed\041525_experimental\041525PA_experimental_part17.mp4,1900-01-02 01:38:45.400,1294
292049,993,10,16.5,121.0,178.0,246.6,D:\AprPanama2025_fixed\041525_experimental\041525PA_experimental_part17.mp4,1900-01-02 01:38:44.900,1293
292063,997,11,10.5,115.0,178.0,241.0,D:\AprPanama2025_fixed\041525_experimental\041525PA_experimental_part17.mp4,1900-01-02 01:38:46.300,1297
292059,995,11,11.5,114.0,176.0,241.6315789473684,D:\AprPanama2025_fixed\041525_experimental\041525PA_experimental_part17.mp4,1900-01-02 01:38:45.900,1295
292058,995,11,13.0,134.0,178.0,249.65,D:\AprPanama2025_fixed\041525_experimental\041525PA_experimental_part17.mp4,1900-01-02 01:38:45.800,1295
292064,996,11,9.5,111.0,178.0,240.52941176470588,D:\AprPanama2025_fixed\041525_experimental\041525PA_experimental_part17.mp4,1900-01-02 01:38:46.400,1296
292060,995,11,11.5,115.0,177.0,246.57894736842104,D:\AprPanama2025_fixed\041525_experimental\041525PA_experimental_part17.mp4,1900-01-02 01:38:46.000,1295
292062,996,11,12.5,111.0,179.0,245.5,D:\AprPanama2025_fixed\041525_experimental\041525PA_experimental_part17.mp4,1900-01-02 01:38:46.200,1296
292061,996,11,12.5,111.0,179.0,245.5,D:\AprPanama2025_fixed\041525_experimental\041525PA_experimental_part17.mp4,1900-01-02 01:38:46.100,1296
292057,995,11,11.0,127.0,178.0,250.5,D:\AprPanama2025_fixed\041525_experimental\041525PA_experimental_part17.mp4,1900-01-02 01:38:45.700,1295
292069,998,11,1.5,116.0,142.0,255.0,D:\AprPanama2025_fixed\041525_experimental\041525PA_experimental_part17.mp4,1900-01-02 01:38:46.900,1298
292072,997,11,5.0,119.0,159.0,167.3,D:\AprPanama2025_fixed\041525_experimental\041525PA_experimental_part17.mp4,1900-01-02 01:38:47.200,1297
292068,997,10,4.0,123.0,178.0,232.55555555555557,D:\AprPanama2025_fixed\041525_experimental\041525PA_experimental_part17.mp4,1900-01-02 01:38:46.800,1297
292070,997,11,2.5,139.0,172.0,243.28571428571428,D:\AprPanama2025_fixed\041525_experimental\041525PA_experimental_part17.mp4,1900-01-02 01:38:47.000,1297
292067,997,10,4.0,123.0,178.0,232.55555555555557,D:\AprPanama2025_fixed\041525_experimental\041525PA_experimental_part17.mp4,1900-01-02 01:38:46.700,1297
292066,997,10,4.0,111.0,175.0,237.2222222222222,D:\AprPanama2025_fixed\041525_experimental\041525PA_experimental_part17.mp4,1900-01-02 01:38:46.600,1297
292071,997,12,3.5,127.0,154.0,241.75,D:\AprPanama2025_fixed\041525_experimental\041525PA_experimental_part17.mp4,1900-01-02 01:38:47.100,1297
292065,996,11,7.5,116.0,179.0,244.42857142857144,D:\AprPanama2025_fixed\041525_experimental\041525PA_experimental_part17.mp4,1900-01-02 01:38:46.500,1296
292094,1108,203,4.5,133.0,166.0,171.0,D:\AprPanama2025_fixed\041525_experimental\041525PA_experimental_part17.mp4,1900-01-02 01:38:49.400,1408
293288,375,209,5.0,119.0,169.0,237.1,D:\AprPanama2025_fixed\041525_experimental\041525PA_experimental_part17.mp4,1900-01-02 01:40:48.800,675
293286,375,209,5.0,119.0,169.0,237.1,D:\AprPanama2025_fixed\041525_experimental\041525PA_experimental_part17.mp4,1900-01-02 01:40:48.600,675
293287,375,209,5.0,119.0,169.0,237.1,D:\AprPanama2025_fixed\041525_experimental\041525PA_experimental_part17.mp4,1900-01-02 01:40:48.700,675
293284,375,209,2.5,115.0,162.0,130.28571428571428,D:\AprPanama2025_fixed\041525_experimental\041525PA_experimental_part17.mp4,1900-01-02 01:40:48.400,675
293285,375,210,4.5,119.0,169.0,222.55555555555557,D:\AprPanama2025_fixed\041525_experimental\041525PA_experimental_part17.mp4,1900-01-02 01:40:48.500,675
293295,376,210,2.0,126.0,172.0,253.8333333333333,D:\AprPanama2025_fixed\041525_experimental\041525PA_experimental_part17.mp4,1900-01-02 01:40:49.500,676
293292,376,211,1.5,118.0,176.0,224.8,D:\AprPanama2025_fixed\041525_experimental\041525PA_experimental_part17.mp4,1900-01-02 01:40:49.200,676
293294,376,211,1.5,125.0,177.0,230.6,D:\AprPanama2025_fixed\041525_experimental\041525PA_experimental_part17.mp4,1900-01-02 01:40:49.400,676
293293,376,211,1.5,121.0,176.0,228.8,D:\AprPanama2025_fixed\041525_experimental\041525PA_experimental_part17.mp4,1900-01-02 01:40:49.300,676
293289,375,209,4.5,120.0,166.0,236.2222222222222,D:\AprPanama2025_fixed\041525_experimental\041525PA_experimental_part17.mp4,1900-01-02 01:40:48.900,675
293303,377,212,1.5,113.0,135.0,88.60000000000001,D:\AprPanama2025_fixed\041525_experimental\041525PA_experimental_part17.mp4,1900-01-02 01:40:50.300,677
293301,377,211,3.0,116.0,146.0,81.0,D:\AprPanama2025_fixed\041525_experimental\041525PA_experimental_part17.mp4,1900-01-02 01:40:50.100,677
293297,376,211,2.0,122.0,168.0,244.66666666666663,D:\AprPanama2025_fixed\041525_experimental\041525PA_experimental_part17.mp4,1900-01-02 01:40:49.700,676
293302,377,212,1.5,116.0,146.0,67.4,D:\AprPanama2025_fixed\041525_experimental\041525PA_experimental_part17.mp4,1900-01-02 01:40:50.200,677
293307,378,212,2.0,115.0,174.0,244.8333333333333,D:\AprPanama2025_fixed\041525_experimental\041525PA_experimental_part17.mp4,1900-01-02 01:40:50.700,678
294132,459,271,5.0,123.0,158.0,63.5,D:\AprPanama2025_fixed\041525_experimental\041525PA_experimental_part17.mp4,1900-01-02 01:42:13.200,759
294136,460,271,1.5,112.0,142.0,143.6,D:\AprPanama2025_fixed\041525_experimental\041525PA_experimental_part17.mp4,1900-01-02 01:42:13.600,760
294138,460,270,1.5,114.0,171.0,153.0,D:\AprPanama2025_fixed\041525_experimental\041525PA_experimental_part17.mp4,1900-01-02 01:42:13.800,760
294139,460,270,1.5,114.0,171.0,153.0,D:\AprPanama2025_fixed\041525_experimental\041525PA_experimental_part17.mp4,1900-01-02 01:42:13.900,760
294140,460,270,1.5,114.0,171.0,153.0,D:\AprPanama2025_fixed\041525_experimental\041525PA_experimental_part17.mp4,1900-01-02 01:42:14.000,760
294143,460,270,1.5,127.0,170.0,175.0,D:\AprPanama2025_fixed\041525_experimental\041525PA_experimental_part17.mp4,1900-01-02 01:42:14.300,760
294161,565,174,2.0,126.0,173.0,235.3333333333333,D:\AprPanama2025_fixed\041525_experimental\041525PA_experimental_part17.mp4,1900-01-02 01:42:16.100,865
295904,674,103,2.0,128.0,174.0,234.16666666666663,D:\AprPanama2025_fixed\041525_experimental\041525PA_experimental_part17.mp4,1900-01-02 01:45:10.400,974
295901,674,104,2.0,116.0,165.0,147.5,D:\AprPanama2025_fixed\041525_experimental\041525PA_experimental_part17.mp4,1900-01-02 01:45:10.100,974
295906,674,103,3.0,117.0,159.0,114.14285714285714,D:\AprPanama2025_fixed\041525_experimental\041525PA_experimental_part17.mp4,1900-01-02 01:45:10.600,974
295909,674,103,3.0,116.0,153.0,90.28571428571428,D:\AprPanama2025_fixed\041525_experimental\041525PA_experimental_part17.mp4,1900-01-02 01:45:10.900,974
295920,623,116,1.5,116.0,142.0,41.400000000000006,D:\AprPanama2025_fixed\041525_experimental\041525PA_experimental_part17.mp4,1900-01-02 01:45:12.000,923
304812,732,12,12.0,143.0,178.0,249.8,D:\AprPanama2025_fixed\041525_experimental\041525PA_experimental_part17.mp4,1900-01-02 02:00:01.200,1032
304813,732,12,15.0,115.0,179.0,243.2173913043478,D:\AprPanama2025_fixed\041525_experimental\041525PA_experimental_part17.mp4,1900-01-02 02:00:01.300,1032
304811,732,12,11.5,112.0,179.0,247.8947368421053,D:\AprPanama2025_fixed\041525_experimental\041525PA_experimental_part17.mp4,1900-01-02 02:00:01.100,1032
304810,730,11,4.5,115.0,178.0,215.2,D:\AprPanama2025_fixed\041525_experimental\041525PA_experimental_part17.mp4,1900-01-02 02:00:01.000,1030
304815,732,12,14.5,118.0,179.0,244.2173913043478,D:\AprPanama2025_fixed\041525_experimental\041525PA_experimental_part17.mp4,1900-01-02 02:00:01.500,1032
304816,732,12,14.5,118.0,179.0,247.0,D:\AprPanama2025_fixed\041525_experimental\041525PA_experimental_part17.mp4,1900-01-02 02:00:01.600,1032
304814,732,12,14.5,115.0,179.0,243.6086956521739,D:\AprPanama2025_fixed\041525_experimental\041525PA_experimental_part17.mp4,1900-01-02 02:00:01.400,1032
304818,732,12,13.5,114.0,178.0,246.8636363636364,D:\AprPanama2025_fixed\041525_experimental\041525PA_experimental_part17.mp4,1900-01-02 02:00:01.800,1032
304823,731,11,8.5,122.0,179.0,237.66666666666663,D:\AprPanama2025_fixed\041525_experimental\041525PA_experimental_part17.mp4,1900-01-02 02:00:02.300,1031
304820,732,12,11.0,116.0,178.0,246.7222222222222,D:\AprPanama2025_fixed\041525_experimental\041525PA_experimental_part17.mp4,1900-01-02 02:00:02.000,1032
304819,732,12,11.5,115.0,178.0,247.8947368421053,D:\AprPanama2025_fixed\041525_experimental\041525PA_experimental_part17.mp4,1900-01-02 02:00:01.900,1032
304821,731,11,9.5,113.0,179.0,223.625,D:\AprPanama2025_fixed\041525_experimental\041525PA_experimental_part17.mp4,1900-01-02 02:00:02.100,1031
304822,731,11,10.5,114.0,178.0,237.05882352941177,D:\AprPanama2025_fixed\041525_experimental\041525PA_experimental_part17.mp4,1900-01-02 02:00:02.200,1031
304817,732,12,13.5,112.0,178.0,245.1818181818182,D:\AprPanama2025_fixed\041525_experimental\041525PA_experimental_part17.mp4,1900-01-02 02:00:01.700,1032
304824,731,11,7.5,123.0,179.0,242.57142857142856,D:\AprPanama2025_fixed\041525_experimental\041525PA_experimental_part17.mp4,1900-01-02 02:00:02.400,1031
304832,453,111,7.5,111.0,171.0,246.28571428571428,D:\AprPanama2025_fixed\041525_experimental\041525PA_experimental_part17.mp4,1900-01-02 02:00:03.200,753
304825,731,11,7.0,122.0,176.0,242.53846153846155,D:\AprPanama2025_fixed\041525_experimental\041525PA_experimental_part17.mp4,1900-01-02 02:00:02.500,1031
304828,731,10,2.0,113.0,143.0,251.3333333333333,D:\AprPanama2025_fixed\041525_experimental\041525PA_experimental_part17.mp4,1900-01-02 02:00:02.800,1031
304828,453,111,4.0,113.0,176.0,239.55555555555557,D:\AprPanama2025_fixed\041525_experimental\041525PA_experimental_part17.mp4,1900-01-02 02:00:02.800,753
304826,731,11,6.5,113.0,175.0,242.25,D:\AprPanama2025_fixed\041525_experimental\041525PA_experimental_part17.mp4,1900-01-02 02:00:02.600,1031
304829,454,111,6.5,111.0,178.0,227.41666666666663,D:\AprPanama2025_fixed\041525_experimental\041525PA_experimental_part17.mp4,1900-01-02 02:00:02.900,754
304830,453,111,7.5,116.0,179.0,239.61538461538464,D:\AprPanama2025_fixed\041525_experimental\041525PA_experimental_part17.mp4,1900-01-02 02:00:03.000,753
304831,453,111,7.5,111.0,171.0,246.28571428571428,D:\AprPanama2025_fixed\041525_experimental\041525PA_experimental_part17.mp4,1900-01-02 02:00:03.100,753
304827,731,10,3.5,127.0,159.0,247.625,D:\AprPanama2025_fixed\041525_experimental\041525PA_experimental_part17.mp4,1900-01-02 02:00:02.700,1031
304827,453,111,4.0,113.0,176.0,239.55555555555557,D:\AprPanama2025_fixed\041525_experimental\041525PA_experimental_part17.mp4,1900-01-02 02:00:02.700,753
304840,792,69,8.0,122.0,175.0,251.53333333333333,D:\AprPanama2025_fixed\041525_experimental\041525PA_experimental_part17.mp4,1900-01-02 02:00:04.000,1092
304840,454,111,3.5,114.0,173.0,227.88888888888889,D:\AprPanama2025_fixed\041525_experimental\041525PA_experimental_part17.mp4,1900-01-02 02:00:04.000,754
304836,454,111,5.5,116.0,179.0,236.9090909090909,D:\AprPanama2025_fixed\041525_experimental\041525PA_experimental_part17.mp4,1900-01-02 02:00:03.600,754
304835,453,111,6.5,121.0,179.0,241.16666666666663,D:\AprPanama2025_fixed\041525_experimental\041525PA_experimental_part17.mp4,1900-01-02 02:00:03.500,753
304833,454,111,5.5,131.0,179.0,240.3636363636364,D:\AprPanama2025_fixed\041525_experimental\041525PA_experimental_part17.mp4,1900-01-02 02:00:03.300,754
304837,454,111,4.5,114.0,179.0,227.6,D:\AprPanama2025_fixed\041525_experimental\041525PA_experimental_part17.mp4,1900-01-02 02:00:03.700,754
304838,791,68,1.5,112.0,156.0,253.0,D:\AprPanama2025_fixed\041525_experimental\041525PA_experimental_part17.mp4,1900-01-02 02:00:03.800,1091
304838,454,111,3.5,114.0,178.0,238.2222222222222,D:\AprPanama2025_fixed\041525_experimental\041525PA_experimental_part17.mp4,1900-01-02 02:00:03.800,754
304839,792,70,6.5,112.0,166.0,247.0,D:\AprPanama2025_fixed\041525_experimental\041525PA_experimental_part17.mp4,1900-01-02 02:00:03.900,1092
304839,454,111,3.5,114.0,173.0,227.88888888888889,D:\AprPanama2025_fixed\041525_experimental\041525PA_experimental_part17.mp4,1900-01-02 02:00:03.900,754
304834,454,111,5.5,131.0,179.0,240.3636363636364,D:\AprPanama2025_fixed\041525_experimental\041525PA_experimental_part17.mp4,1900-01-02 02:00:03.400,754
304842,792,70,10.5,117.0,179.0,243.05555555555557,D:\AprPanama2025_fixed\041525_experimental\041525PA_experimental_part17.mp4,1900-01-02 02:00:04.200,1092
304842,453,112,2.5,129.0,169.0,214.85714285714283,D:\AprPanama2025_fixed\041525_experimental\041525PA_experimental_part17.mp4,1900-01-02 02:00:04.200,753
304845,791,70,7.0,114.0,179.0,250.0769230769231,D:\AprPanama2025_fixed\041525_experimental\041525PA_experimental_part17.mp4,1900-01-02 02:00:04.500,1091
304844,791,70,9.5,111.0,179.0,246.94117647058823,D:\AprPanama2025_fixed\041525_experimental\041525PA_experimental_part17.mp4,1900-01-02 02:00:04.400,1091
304843,791,70,9.0,111.0,178.0,250.625,D:\AprPanama2025_fixed\041525_experimental\041525PA_experimental_part17.mp4,1900-01-02 02:00:04.300,1091
304846,791,70,5.0,112.0,176.0,249.27272727272728,D:\AprPanama2025_fixed\041525_experimental\041525PA_experimental_part17.mp4,1900-01-02 02:00:04.600,1091
304846,453,111,2.0,116.0,178.0,223.66666666666663,D:\AprPanama2025_fixed\041525_experimental\041525PA_experimental_part17.mp4,1900-01-02 02:00:04.600,753
304848,790,70,6.0,111.0,179.0,243.5,D:\AprPanama2025_fixed\041525_experimental\041525PA_experimental_part17.mp4,1900-01-02 02:00:04.800,1090
304847,791,70,7.0,112.0,179.0,245.7692307692308,D:\AprPanama2025_fixed\041525_experimental\041525PA_experimental_part17.mp4,1900-01-02 02:00:04.700,1091
304841,792,70,10.5,117.0,179.0,243.05555555555557,D:\AprPanama2025_fixed\041525_experimental\041525PA_experimental_part17.mp4,1900-01-02 02:00:04.100,1092
304841,454,112,3.0,121.0,171.0,219.25,D:\AprPanama2025_fixed\041525_experimental\041525PA_experimental_part17.mp4,1900-01-02 02:00:04.100,754
304849,790,70,4.5,136.0,177.0,240.7,D:\AprPanama2025_fixed\041525_experimental\041525PA_experimental_part17.mp4,1900-01-02 02:00:04.900,1090
304850,790,70,4.5,136.0,177.0,240.7,D:\AprPanama2025_fixed\041525_experimental\041525PA_experimental_part17.mp4,1900-01-02 02:00:05.000,1090
306762,862,14,6.0,116.0,178.0,247.16666666666663,D:\AprPanama2025_fixed\041525_experimental\041525PA_experimental_part18.mp4,1900-01-02 02:03:16.200,1162
306765,862,13,5.0,120.0,181.0,248.8181818181818,D:\AprPanama2025_fixed\041525_experimental\041525PA_experimental_part18.mp4,1900-01-02 02:03:16.500,1162
306764,862,13,5.0,120.0,181.0,248.8181818181818,D:\AprPanama2025_fixed\041525_experimental\041525PA_experimental_part18.mp4,1900-01-02 02:03:16.400,1162
306766,862,13,6.0,112.0,176.0,250.0,D:\AprPanama2025_fixed\041525_experimental\041525PA_experimental_part18.mp4,1900-01-02 02:03:16.600,1162
306767,862,12,2.0,121.0,176.0,247.5,D:\AprPanama2025_fixed\041525_experimental\041525PA_experimental_part18.mp4,1900-01-02 02:03:16.700,1162
306763,862,14,6.0,116.0,178.0,247.16666666666663,D:\AprPanama2025_fixed\041525_experimental\041525PA_experimental_part18.mp4,1900-01-02 02:03:16.300,1162
306773,862,12,1.5,120.0,165.0,242.0,D:\AprPanama2025_fixed\041525_experimental\041525PA_experimental_part18.mp4,1900-01-02 02:03:17.300,1162
306771,862,12,1.5,119.0,155.0,237.8,D:\AprPanama2025_fixed\041525_experimental\041525PA_experimental_part18.mp4,1900-01-02 02:03:17.100,1162
306768,862,12,5.0,113.0,175.0,251.0,D:\AprPanama2025_fixed\041525_experimental\041525PA_experimental_part18.mp4,1900-01-02 02:03:16.800,1162
306772,862,12,1.5,136.0,168.0,251.8,D:\AprPanama2025_fixed\041525_experimental\041525PA_experimental_part18.mp4,1900-01-02 02:03:17.200,1162
306769,862,12,2.0,113.0,175.0,251.0,D:\AprPanama2025_fixed\041525_experimental\041525PA_experimental_part18.mp4,1900-01-02 02:03:16.900,1162
306782,773,142,3.5,111.0,176.0,233.125,D:\AprPanama2025_fixed\041525_experimental\041525PA_experimental_part18.mp4,1900-01-02 02:03:18.200,1073
306781,773,142,2.0,113.0,171.0,206.5,D:\AprPanama2025_fixed\041525_experimental\041525PA_experimental_part18.mp4,1900-01-02 02:03:18.100,1073
306783,773,142,1.5,119.0,170.0,233.4,D:\AprPanama2025_fixed\041525_experimental\041525PA_experimental_part18.mp4,1900-01-02 02:03:18.300,1073
306790,512,129,4.5,121.0,182.0,235.0,D:\AprPanama2025_fixed\041525_experimental\041525PA_experimental_part18.mp4,1900-01-02 02:03:19.000,812
306791,512,129,4.5,121.0,182.0,235.0,D:\AprPanama2025_fixed\041525_experimental\041525PA_experimental_part18.mp4,1900-01-02 02:03:19.100,812
306786,774,142,2.0,113.0,169.0,232.8333333333333,D:\AprPanama2025_fixed\041525_experimental\041525PA_experimental_part18.mp4,1900-01-02 02:03:18.600,1074
306787,773,142,1.5,111.0,149.0,57.8,D:\AprPanama2025_fixed\041525_experimental\041525PA_experimental_part18.mp4,1900-01-02 02:03:18.700,1073
306785,773,142,2.0,116.0,170.0,225.3333333333333,D:\AprPanama2025_fixed\041525_experimental\041525PA_experimental_part18.mp4,1900-01-02 02:03:18.500,1073
306788,512,128,1.5,139.0,172.0,242.2,D:\AprPanama2025_fixed\041525_experimental\041525PA_experimental_part18.mp4,1900-01-02 02:03:18.800,812
306789,512,129,2.0,112.0,185.0,244.0,D:\AprPanama2025_fixed\041525_experimental\041525PA_experimental_part18.mp4,1900-01-02 02:03:18.900,812
306784,773,142,2.0,116.0,170.0,225.3333333333333,D:\AprPanama2025_fixed\041525_experimental\041525PA_experimental_part18.mp4,1900-01-02 02:03:18.400,1073
306793,512,130,5.5,111.0,181.0,231.27272727272728,D:\AprPanama2025_fixed\041525_experimental\041525PA_experimental_part18.mp4,1900-01-02 02:03:19.300,812
306795,512,131,1.5,112.0,171.0,239.6,D:\AprPanama2025_fixed\041525_experimental\041525PA_experimental_part18.mp4,1900-01-02 02:03:19.500,812
306792,512,130,5.5,115.0,173.0,244.0909090909091,D:\AprPanama2025_fixed\041525_experimental\041525PA_experimental_part18.mp4,1900-01-02 02:03:19.200,812
306797,512,131,1.5,113.0,171.0,219.4,D:\AprPanama2025_fixed\041525_experimental\041525PA_experimental_part18.mp4,1900-01-02 02:03:19.700,812
306796,512,131,1.5,113.0,172.0,198.8,D:\AprPanama2025_fixed\041525_experimental\041525PA_experimental_part18.mp4,1900-01-02 02:03:19.600,812
324150,654,75,3.0,150.0,179.0,232.875,D:\AprPanama2025_fixed\041525_experimental\041525PA_experimental_part19.mp4,1900-01-02 02:32:15.000,954
324149,654,75,3.0,151.0,178.0,243.5,D:\AprPanama2025_fixed\041525_experimental\041525PA_experimental_part19.mp4,1900-01-02 02:32:14.900,954
324155,654,75,2.5,122.0,175.0,247.42857142857144,D:\AprPanama2025_fixed\041525_experimental\041525PA_experimental_part19.mp4,1900-01-02 02:32:15.500,954
324153,654,75,3.0,145.0,178.0,227.125,D:\AprPanama2025_fixed\041525_experimental\041525PA_experimental_part19.mp4,1900-01-02 02:32:15.300,954
324157,654,74,2.0,115.0,172.0,221.8333333333333,D:\AprPanama2025_fixed\041525_experimental\041525PA_experimental_part19.mp4,1900-01-02 02:32:15.700,954
324156,654,74,2.0,115.0,172.0,221.8333333333333,D:\AprPanama2025_fixed\041525_experimental\041525PA_experimental_part19.mp4,1900-01-02 02:32:15.600,954
324152,654,75,3.0,150.0,179.0,232.875,D:\AprPanama2025_fixed\041525_experimental\041525PA_experimental_part19.mp4,1900-01-02 02:32:15.200,954
324154,654,75,3.0,141.0,178.0,220.25,D:\AprPanama2025_fixed\041525_experimental\041525PA_experimental_part19.mp4,1900-01-02 02:32:15.400,954
324151,654,75,3.0,150.0,179.0,232.875,D:\AprPanama2025_fixed\041525_experimental\041525PA_experimental_part19.mp4,1900-01-02 02:32:15.100,954
324183,661,110,2.0,118.0,173.0,233.0,D:\AprPanama2025_fixed\041525_experimental\041525PA_experimental_part19.mp4,1900-01-02 02:32:18.300,961
324184,661,110,2.0,118.0,173.0,233.0,D:\AprPanama2025_fixed\041525_experimental\041525PA_experimental_part19.mp4,1900-01-02 02:32:18.400,961
324195,535,131,12.5,113.0,179.0,239.6190476190476,D:\AprPanama2025_fixed\041525_experimental\041525PA_experimental_part19.mp4,1900-01-02 02:32:19.500,835
324194,534,132,1.5,124.0,160.0,231.8,D:\AprPanama2025_fixed\041525_experimental\041525PA_experimental_part19.mp4,1900-01-02 02:32:19.400,834
324196,535,131,14.0,117.0,179.0,240.6086956521739,D:\AprPanama2025_fixed\041525_experimental\041525PA_experimental_part19.mp4,1900-01-02 02:32:19.600,835
324197,535,131,14.0,111.0,179.0,241.4782608695652,D:\AprPanama2025_fixed\041525_experimental\041525PA_experimental_part19.mp4,1900-01-02 02:32:19.700,835
324198,535,131,14.0,111.0,179.0,241.4782608695652,D:\AprPanama2025_fixed\041525_experimental\041525PA_experimental_part19.mp4,1900-01-02 02:32:19.800,835
324206,535,132,2.0,111.0,176.0,249.57142857142856,D:\AprPanama2025_fixed\041525_experimental\041525PA_experimental_part19.mp4,1900-01-02 02:32:20.600,835
324200,535,131,12.0,127.0,179.0,244.9,D:\AprPanama2025_fixed\041525_experimental\041525PA_experimental_part19.mp4,1900-01-02 02:32:20.000,835
324202,535,131,12.5,114.0,177.0,241.85714285714283,D:\AprPanama2025_fixed\041525_experimental\041525PA_experimental_part19.mp4,1900-01-02 02:32:20.200,835
324205,534,132,2.5,124.0,178.0,235.0,D:\AprPanama2025_fixed\041525_experimental\041525PA_experimental_part19.mp4,1900-01-02 02:32:20.500,834
324203,535,131,7.0,113.0,173.0,246.0,D:\AprPanama2025_fixed\041525_experimental\041525PA_experimental_part19.mp4,1900-01-02 02:32:20.300,835
324204,535,132,7.5,112.0,174.0,247.57142857142856,D:\AprPanama2025_fixed\041525_experimental\041525PA_experimental_part19.mp4,1900-01-02 02:32:20.400,835
324199,535,131,13.0,124.0,177.0,238.13636363636363,D:\AprPanama2025_fixed\041525_experimental\041525PA_experimental_part19.mp4,1900-01-02 02:32:19.900,835
324201,535,131,11.0,123.0,177.0,244.8333333333333,D:\AprPanama2025_fixed\041525_experimental\041525PA_experimental_part19.mp4,1900-01-02 02:32:20.100,835
324209,534,131,2.0,136.0,162.0,254.8333333333333,D:\AprPanama2025_fixed\041525_experimental\041525PA_experimental_part19.mp4,1900-01-02 02:32:20.900,834
324210,534,131,2.0,136.0,162.0,254.8333333333333,D:\AprPanama2025_fixed\041525_experimental\041525PA_experimental_part19.mp4,1900-01-02 02:32:21.000,834
329683,1230,76,6.0,111.0,169.0,215.41666666666663,D:\AprPanama2025_fixed\041525_experimental\041525PA_experimental_part19.mp4,1900-01-02 02:41:28.300,1530
329686,1231,76,3.0,111.0,159.0,230.125,D:\AprPanama2025_fixed\041525_experimental\041525PA_experimental_part19.mp4,1900-01-02 02:41:28.600,1531
329685,1231,76,3.0,111.0,159.0,230.125,D:\AprPanama2025_fixed\041525_experimental\041525PA_experimental_part19.mp4,1900-01-02 02:41:28.500,1531
329684,1230,76,4.5,135.0,173.0,182.1,D:\AprPanama2025_fixed\041525_experimental\041525PA_experimental_part19.mp4,1900-01-02 02:41:28.400,1530
329682,1231,76,7.0,120.0,189.0,241.23076923076923,D:\AprPanama2025_fixed\041525_experimental\041525PA_experimental_part19.mp4,1900-01-02 02:41:28.200,1531
329681,1230,75,4.0,129.0,162.0,245.88888888888889,D:\AprPanama2025_fixed\041525_experimental\041525PA_experimental_part19.mp4,1900-01-02 02:41:28.100,1530
333470,369,264,2.5,127.0,175.0,183.0,D:\AprPanama2025_fixed\041525_experimental\041525PA_experimental_part19.mp4,1900-01-02 02:47:47.000,669
333500,329,191,10.0,118.0,178.0,245.4705882352941,D:\AprPanama2025_fixed\041525_experimental\041525PA_experimental_part19.mp4,1900-01-02 02:47:50.000,629
333501,329,191,10.0,118.0,178.0,245.4705882352941,D:\AprPanama2025_fixed\041525_experimental\041525PA_experimental_part19.mp4,1900-01-02 02:47:50.100,629
333502,329,191,10.0,111.0,178.0,246.94117647058823,D:\AprPanama2025_fixed\041525_experimental\041525PA_experimental_part19.mp4,1900-01-02 02:47:50.200,629
333499,330,191,5.5,148.0,179.0,251.3636363636364,D:\AprPanama2025_fixed\041525_experimental\041525PA_experimental_part19.mp4,1900-01-02 02:47:49.900,630
333507,329,191,5.5,124.0,173.0,224.1818181818182,D:\AprPanama2025_fixed\041525_experimental\041525PA_experimental_part19.mp4,1900-01-02 02:47:50.700,629
333505,329,191,8.0,140.0,173.0,241.35714285714283,D:\AprPanama2025_fixed\041525_experimental\041525PA_experimental_part19.mp4,1900-01-02 02:47:50.500,629
333508,329,192,6.0,120.0,179.0,240.91666666666663,D:\AprPanama2025_fixed\041525_experimental\041525PA_experimental_part19.mp4,1900-01-02 02:47:50.800,629
333506,329,192,6.0,145.0,178.0,245.16666666666663,D:\AprPanama2025_fixed\041525_experimental\041525PA_experimental_part19.mp4,1900-01-02 02:47:50.600,629
333503,329,191,10.0,118.0,178.0,246.58823529411765,D:\AprPanama2025_fixed\041525_experimental\041525PA_experimental_part19.mp4,1900-01-02 02:47:50.300,629
333509,329,191,5.0,121.0,166.0,200.8,D:\AprPanama2025_fixed\041525_experimental\041525PA_experimental_part19.mp4,1900-01-02 02:47:50.900,629
333504,329,191,10.0,118.0,178.0,244.76470588235293,D:\AprPanama2025_fixed\041525_experimental\041525PA_experimental_part19.mp4,1900-01-02 02:47:50.400,629
333510,329,191,5.0,111.0,166.0,157.60000000000002,D:\AprPanama2025_fixed\041525_experimental\041525PA_experimental_part19.mp4,1900-01-02 02:47:51.000,629
333511,329,191,4.0,114.0,162.0,148.55555555555554,D:\AprPanama2025_fixed\041525_experimental\041525PA_experimental_part19.mp4,1900-01-02 02:47:51.100,629
333524,329,132,5.0,117.0,171.0,221.4,D:\AprPanama2025_fixed\041525_experimental\041525PA_experimental_part19.mp4,1900-01-02 02:47:52.400,629
333523,329,132,5.0,117.0,171.0,221.4,D:\AprPanama2025_fixed\041525_experimental\041525PA_experimental_part19.mp4,1900-01-02 02:47:52.300,629
333530,329,132,1.5,113.0,157.0,193.0,D:\AprPanama2025_fixed\041525_experimental\041525PA_experimental_part19.mp4,1900-01-02 02:47:53.000,629
333529,329,132,1.5,113.0,157.0,193.0,D:\AprPanama2025_fixed\041525_experimental\041525PA_experimental_part19.mp4,1900-01-02 02:47:52.900,629
333528,329,132,1.5,113.0,157.0,193.0,D:\AprPanama2025_fixed\041525_experimental\041525PA_experimental_part19.mp4,1900-01-02 02:47:52.800,629
333531,329,132,1.5,113.0,157.0,193.0,D:\AprPanama2025_fixed\041525_experimental\041525PA_experimental_part19.mp4,1900-01-02 02:47:53.100,629
365241,760,218,3.0,119.0,177.0,226.85714285714283,D:\AprPanama2025_fixed\041525_experimental\041525PA_experimental_part21.mp4,1900-01-02 03:40:44.100,1060
365244,759,218,5.0,135.0,168.0,159.5,D:\AprPanama2025_fixed\041525_experimental\041525PA_experimental_part21.mp4,1900-01-02 03:40:44.400,1059
365240,760,218,2.0,119.0,175.0,213.3333333333333,D:\AprPanama2025_fixed\041525_experimental\041525PA_experimental_part21.mp4,1900-01-02 03:40:44.000,1060
365243,759,218,5.0,135.0,168.0,159.5,D:\AprPanama2025_fixed\041525_experimental\041525PA_experimental_part21.mp4,1900-01-02 03:40:44.300,1059
365249,758,217,2.0,124.0,174.0,237.3333333333333,D:\AprPanama2025_fixed\041525_experimental\041525PA_experimental_part21.mp4,1900-01-02 03:40:44.900,1058
365250,758,217,1.5,128.0,153.0,244.4,D:\AprPanama2025_fixed\041525_experimental\041525PA_experimental_part21.mp4,1900-01-02 03:40:45.000,1058
365252,758,216,2.5,132.0,175.0,247.5,D:\AprPanama2025_fixed\041525_experimental\041525PA_experimental_part21.mp4,1900-01-02 03:40:45.200,1058
365245,759,217,4.0,129.0,166.0,167.2222222222222,D:\AprPanama2025_fixed\041525_experimental\041525PA_experimental_part21.mp4,1900-01-02 03:40:44.500,1059
365246,759,217,4.0,129.0,166.0,167.2222222222222,D:\AprPanama2025_fixed\041525_experimental\041525PA_experimental_part21.mp4,1900-01-02 03:40:44.600,1059
365251,758,216,2.5,132.0,175.0,247.5,D:\AprPanama2025_fixed\041525_experimental\041525PA_experimental_part21.mp4,1900-01-02 03:40:45.100,1058
365264,516,242,4.0,116.0,166.0,175.625,D:\AprPanama2025_fixed\041525_experimental\041525PA_experimental_part21.mp4,1900-01-02 03:40:46.400,816
365261,516,243,1.5,122.0,173.0,219.6,D:\AprPanama2025_fixed\041525_experimental\041525PA_experimental_part21.mp4,1900-01-02 03:40:46.100,816
365267,514,241,3.0,112.0,171.0,215.28571428571428,D:\AprPanama2025_fixed\041525_experimental\041525PA_experimental_part21.mp4,1900-01-02 03:40:46.700,814
365262,516,243,1.5,122.0,173.0,219.6,D:\AprPanama2025_fixed\041525_experimental\041525PA_experimental_part21.mp4,1900-01-02 03:40:46.200,816
365281,733,45,7.0,125.0,175.0,245.46153846153848,D:\AprPanama2025_fixed\041525_experimental\041525PA_experimental_part21.mp4,1900-01-02 03:40:48.100,1033
365281,494,126,17.0,115.0,179.0,247.73076923076923,D:\AprPanama2025_fixed\041525_experimental\041525PA_experimental_part21.mp4,1900-01-02 03:40:48.100,794
365280,733,45,8.5,122.0,175.0,246.13333333333333,D:\AprPanama2025_fixed\041525_experimental\041525PA_experimental_part21.mp4,1900-01-02 03:40:48.000,1033
365280,494,126,17.0,122.0,179.0,245.96153846153848,D:\AprPanama2025_fixed\041525_experimental\041525PA_experimental_part21.mp4,1900-01-02 03:40:48.000,794
365282,733,45,6.5,118.0,179.0,244.66666666666663,D:\AprPanama2025_fixed\041525_experimental\041525PA_experimental_part21.mp4,1900-01-02 03:40:48.200,1033
365282,494,126,15.5,118.0,179.0,243.12,D:\AprPanama2025_fixed\041525_experimental\041525PA_experimental_part21.mp4,1900-01-02 03:40:48.200,794
365277,733,44,3.0,124.0,175.0,253.875,D:\AprPanama2025_fixed\041525_experimental\041525PA_experimental_part21.mp4,1900-01-02 03:40:47.700,1033
365277,494,125,2.0,113.0,150.0,251.3333333333333,D:\AprPanama2025_fixed\041525_experimental\041525PA_experimental_part21.mp4,1900-01-02 03:40:47.700,794
365278,733,44,3.5,129.0,175.0,253.875,D:\AprPanama2025_fixed\041525_experimental\041525PA_experimental_part21.mp4,1900-01-02 03:40:47.800,1033
365278,494,126,9.0,120.0,178.0,246.1875,D:\AprPanama2025_fixed\041525_experimental\041525PA_experimental_part21.mp4,1900-01-02 03:40:47.800,794
365279,733,45,8.5,120.0,175.0,246.26666666666665,D:\AprPanama2025_fixed\041525_experimental\041525PA_experimental_part21.mp4,1900-01-02 03:40:47.900,1033
365279,494,126,16.5,122.0,179.0,245.2,D:\AprPanama2025_fixed\041525_experimental\041525PA_experimental_part21.mp4,1900-01-02 03:40:47.900,794
365284,733,45,5.0,126.0,179.0,242.3636363636364,D:\AprPanama2025_fixed\041525_experimental\041525PA_experimental_part21.mp4,1900-01-02 03:40:48.400,1033
365284,494,126,13.5,122.0,178.0,245.72727272727275,D:\AprPanama2025_fixed\041525_experimental\041525PA_experimental_part21.mp4,1900-01-02 03:40:48.400,794
365283,733,45,5.0,126.0,179.0,243.0909090909091,D:\AprPanama2025_fixed\041525_experimental\041525PA_experimental_part21.mp4,1900-01-02 03:40:48.300,1033
365283,494,126,15.0,112.0,178.0,247.29166666666663,D:\AprPanama2025_fixed\041525_experimental\041525PA_experimental_part21.mp4,1900-01-02 03:40:48.300,794
365288,734,45,5.0,121.0,171.0,190.9,D:\AprPanama2025_fixed\041525_experimental\041525PA_experimental_part21.mp4,1900-01-02 03:40:48.800,1034
365288,493,127,6.5,112.0,174.0,208.0,D:\AprPanama2025_fixed\041525_experimental\041525PA_experimental_part21.mp4,1900-01-02 03:40:48.800,793
365286,734,45,4.0,134.0,179.0,238.1111111111111,D:\AprPanama2025_fixed\041525_experimental\041525PA_experimental_part21.mp4,1900-01-02 03:40:48.600,1034
365286,494,126,9.5,118.0,178.0,242.8333333333333,D:\AprPanama2025_fixed\041525_experimental\041525PA_experimental_part21.mp4,1900-01-02 03:40:48.600,794
365289,734,45,5.0,112.0,170.0,150.4,D:\AprPanama2025_fixed\041525_experimental\041525PA_experimental_part21.mp4,1900-01-02 03:40:48.900,1034
365290,733,45,4.5,116.0,170.0,112.44444444444444,D:\AprPanama2025_fixed\041525_experimental\041525PA_experimental_part21.mp4,1900-01-02 03:40:49.000,1033
365292,733,45,3.5,121.0,170.0,213.375,D:\AprPanama2025_fixed\041525_experimental\041525PA_experimental_part21.mp4,1900-01-02 03:40:49.200,1033
365287,734,45,5.0,121.0,171.0,211.0,D:\AprPanama2025_fixed\041525_experimental\041525PA_experimental_part21.mp4,1900-01-02 03:40:48.700,1034
365287,494,126,12.0,111.0,175.0,234.9,D:\AprPanama2025_fixed\041525_experimental\041525PA_experimental_part21.mp4,1900-01-02 03:40:48.700,794
365291,734,45,5.0,114.0,168.0,159.8,D:\AprPanama2025_fixed\041525_experimental\041525PA_experimental_part21.mp4,1900-01-02 03:40:49.100,1034
365285,734,45,4.0,133.0,179.0,238.1111111111111,D:\AprPanama2025_fixed\041525_experimental\041525PA_experimental_part21.mp4,1900-01-02 03:40:48.500,1034
365285,493,127,9.5,121.0,179.0,247.4375,D:\AprPanama2025_fixed\041525_experimental\041525PA_experimental_part21.mp4,1900-01-02 03:40:48.500,793
365295,734,44,3.0,116.0,182.0,241.14285714285717,D:\AprPanama2025_fixed\041525_experimental\041525PA_experimental_part21.mp4,1900-01-02 03:40:49.500,1034
365295,659,65,6.5,124.0,179.0,245.0833333333333,D:\AprPanama2025_fixed\041525_experimental\041525PA_experimental_part21.mp4,1900-01-02 03:40:49.500,959
365297,734,44,2.5,129.0,171.0,244.66666666666663,D:\AprPanama2025_fixed\041525_experimental\041525PA_experimental_part21.mp4,1900-01-02 03:40:49.700,1034
365297,659,65,6.5,124.0,179.0,239.3333333333333,D:\AprPanama2025_fixed\041525_experimental\041525PA_experimental_part21.mp4,1900-01-02 03:40:49.700,959
365296,659,65,5.5,132.0,179.0,244.0,D:\AprPanama2025_fixed\041525_experimental\041525PA_experimental_part21.mp4,1900-01-02 03:40:49.600,959
365294,659,64,6.5,117.0,177.0,232.5,D:\AprPanama2025_fixed\041525_experimental\041525PA_experimental_part21.mp4,1900-01-02 03:40:49.400,959
365299,734,44,1.5,114.0,165.0,224.4,D:\AprPanama2025_fixed\041525_experimental\041525PA_experimental_part21.mp4,1900-01-02 03:40:49.900,1034
365299,659,65,5.0,111.0,171.0,244.3,D:\AprPanama2025_fixed\041525_experimental\041525PA_experimental_part21.mp4,1900-01-02 03:40:49.900,959
365300,659,65,4.0,111.0,171.0,246.88888888888889,D:\AprPanama2025_fixed\041525_experimental\041525PA_experimental_part21.mp4,1900-01-02 03:40:50.000,959
365298,659,65,6.5,124.0,179.0,240.0833333333333,D:\AprPanama2025_fixed\041525_experimental\041525PA_experimental_part21.mp4,1900-01-02 03:40:49.800,959
365293,733,45,1.5,130.0,170.0,180.0,D:\AprPanama2025_fixed\041525_experimental\041525PA_experimental_part21.mp4,1900-01-02 03:40:49.300,1033
365301,659,65,3.0,112.0,169.0,241.75,D:\AprPanama2025_fixed\041525_experimental\041525PA_experimental_part21.mp4,1900-01-02 03:40:50.100,959
365301,498,66,3.5,129.0,178.0,245.25,D:\AprPanama2025_fixed\041525_experimental\041525PA_experimental_part21.mp4,1900-01-02 03:40:50.100,798
365303,658,65,1.5,122.0,154.0,253.16666666666663,D:\AprPanama2025_fixed\041525_experimental\041525PA_experimental_part21.mp4,1900-01-02 03:40:50.300,958
365303,498,66,2.0,134.0,175.0,246.16666666666663,D:\AprPanama2025_fixed\041525_experimental\041525PA_experimental_part21.mp4,1900-01-02 03:40:50.300,798
365302,734,44,1.5,123.0,162.0,228.4,D:\AprPanama2025_fixed\041525_experimental\041525PA_experimental_part21.mp4,1900-01-02 03:40:50.200,1034
365302,658,65,1.5,122.0,152.0,255.0,D:\AprPanama2025_fixed\041525_experimental\041525PA_experimental_part21.mp4,1900-01-02 03:40:50.200,958
365302,498,66,3.5,129.0,178.0,245.25,D:\AprPanama2025_fixed\041525_experimental\041525PA_experimental_part21.mp4,1900-01-02 03:40:50.200,798
365304,658,65,1.5,122.0,156.0,242.0,D:\AprPanama2025_fixed\041525_experimental\041525PA_experimental_part21.mp4,1900-01-02 03:40:50.400,958
365304,498,66,2.0,134.0,175.0,246.16666666666663,D:\AprPanama2025_fixed\041525_experimental\041525PA_experimental_part21.mp4,1900-01-02 03:40:50.400,798
365305,498,66,2.0,127.0,176.0,236.5,D:\AprPanama2025_fixed\041525_experimental\041525PA_experimental_part21.mp4,1900-01-02 03:40:50.500,798
365427,600,246,2.5,131.0,168.0,177.5,D:\AprPanama2025_fixed\041525_experimental\041525PA_experimental_part21.mp4,1900-01-02 03:41:02.700,900
365428,600,246,3.0,125.0,168.0,174.85714285714286,D:\AprPanama2025_fixed\041525_experimental\041525PA_experimental_part21.mp4,1900-01-02 03:41:02.800,900
365430,600,246,1.5,116.0,167.0,245.2,D:\AprPanama2025_fixed\041525_experimental\041525PA_experimental_part21.mp4,1900-01-02 03:41:03.000,900
365429,600,246,1.5,116.0,167.0,245.2,D:\AprPanama2025_fixed\041525_experimental\041525PA_experimental_part21.mp4,1900-01-02 03:41:02.900,900
365448,928,65,1.5,114.0,163.0,239.6,D:\AprPanama2025_fixed\041525_experimental\041525PA_experimental_part21.mp4,1900-01-02 03:41:04.800,1228
371009,647,62,7.0,121.0,177.0,236.6923076923077,D:\AprPanama2025_fixed\041525_experimental\041525PA_experimental_part21.mp4,1900-01-02 03:50:20.900,947
371006,646,62,10.0,117.0,179.0,243.44444444444443,D:\AprPanama2025_fixed\041525_experimental\041525PA_experimental_part21.mp4,1900-01-02 03:50:20.600,946
371005,646,63,8.0,125.0,176.0,242.46666666666667,D:\AprPanama2025_fixed\041525_experimental\041525PA_experimental_part21.mp4,1900-01-02 03:50:20.500,946
371011,646,62,8.0,125.0,179.0,249.86666666666667,D:\AprPanama2025_fixed\041525_experimental\041525PA_experimental_part21.mp4,1900-01-02 03:50:21.100,946
371008,646,62,9.5,134.0,179.0,245.7058823529412,D:\AprPanama2025_fixed\041525_experimental\041525PA_experimental_part21.mp4,1900-01-02 03:50:20.800,946
371012,646,62,4.0,115.0,153.0,241.66666666666663,D:\AprPanama2025_fixed\041525_experimental\041525PA_experimental_part21.mp4,1900-01-02 03:50:21.200,946
371007,646,62,10.0,111.0,178.0,243.88888888888889,D:\AprPanama2025_fixed\041525_experimental\041525PA_experimental_part21.mp4,1900-01-02 03:50:20.700,946
371010,646,62,8.5,121.0,175.0,242.625,D:\AprPanama2025_fixed\041525_experimental\041525PA_experimental_part21.mp4,1900-01-02 03:50:21.000,946
371014,644,62,1.5,117.0,171.0,251.66666666666663,D:\AprPanama2025_fixed\041525_experimental\041525PA_experimental_part21.mp4,1900-01-02 03:50:21.400,944
376186,570,121,12.5,112.0,179.0,242.7619047619048,D:\AprPanama2025_fixed\041525_experimental\041525PA_experimental_part21.mp4,1900-01-02 03:58:58.600,870
376185,570,121,10.5,126.0,179.0,247.3333333333333,D:\AprPanama2025_fixed\041525_experimental\041525PA_experimental_part21.mp4,1900-01-02 03:58:58.500,870
376183,569,120,3.5,117.0,159.0,222.88888888888889,D:\AprPanama2025_fixed\041525_experimental\041525PA_experimental_part21.mp4,1900-01-02 03:58:58.300,869
376184,570,121,4.0,113.0,176.0,244.4,D:\AprPanama2025_fixed\041525_experimental\041525PA_experimental_part21.mp4,1900-01-02 03:58:58.400,870
376187,570,121,10.0,120.0,177.0,245.1111111111111,D:\AprPanama2025_fixed\041525_experimental\041525PA_experimental_part21.mp4,1900-01-02 03:58:58.700,870
376188,570,121,9.5,114.0,178.0,250.38888888888889,D:\AprPanama2025_fixed\041525_experimental\041525PA_experimental_part21.mp4,1900-01-02 03:58:58.800,870
376189,570,120,6.0,121.0,179.0,250.66666666666663,D:\AprPanama2025_fixed\041525_experimental\041525PA_experimental_part21.mp4,1900-01-02 03:58:58.900,870
376190,570,120,6.0,121.0,179.0,250.66666666666663,D:\AprPanama2025_fixed\041525_experimental\041525PA_experimental_part21.mp4,1900-01-02 03:58:59.000,870
376196,569,118,4.0,112.0,175.0,213.9,D:\AprPanama2025_fixed\041525_experimental\041525PA_experimental_part21.mp4,1900-01-02 03:58:59.600,869
376195,570,119,3.5,113.0,176.0,238.7,D:\AprPanama2025_fixed\041525_experimental\041525PA_experimental_part21.mp4,1900-01-02 03:58:59.500,870
376194,570,119,3.5,132.0,179.0,248.5,D:\AprPanama2025_fixed\041525_experimental\041525PA_experimental_part21.mp4,1900-01-02 03:58:59.400,870
376191,570,120,6.5,118.0,179.0,241.33333333333331,D:\AprPanama2025_fixed\041525_experimental\041525PA_experimental_part21.mp4,1900-01-02 03:58:59.100,870
376192,570,120,5.5,114.0,179.0,243.0,D:\AprPanama2025_fixed\041525_experimental\041525PA_experimental_part21.mp4,1900-01-02 03:58:59.200,870
376193,570,120,4.5,128.0,175.0,247.41666666666663,D:\AprPanama2025_fixed\041525_experimental\041525PA_experimental_part21.mp4,1900-01-02 03:58:59.300,870
376202,569,116,1.5,115.0,155.0,156.4,D:\AprPanama2025_fixed\041525_experimental\041525PA_experimental_part21.mp4,1900-01-02 03:59:00.200,869
376199,569,118,3.0,130.0,169.0,206.7142857142857,D:\AprPanama2025_fixed\041525_experimental\041525PA_experimental_part21.mp4,1900-01-02 03:58:59.900,869
376200,569,118,2.0,137.0,171.0,207.0,D:\AprPanama2025_fixed\041525_experimental\041525PA_experimental_part21.mp4,1900-01-02 03:59:00.000,869
376198,569,117,1.5,127.0,161.0,234.16666666666663,D:\AprPanama2025_fixed\041525_experimental\041525PA_experimental_part21.mp4,1900-01-02 03:58:59.800,869
376197,569,118,2.0,111.0,163.0,234.14285714285717,D:\AprPanama2025_fixed\041525_experimental\041525PA_experimental_part21.mp4,1900-01-02 03:58:59.700,869
376228,573,181,10.0,112.0,178.0,224.7058823529412,D:\AprPanama2025_fixed\041525_experimental\041525PA_experimental_part21.mp4,1900-01-02 03:59:02.800,873
376227,573,181,10.0,112.0,178.0,224.7058823529412,D:\AprPanama2025_fixed\041525_experimental\041525PA_experimental_part21.mp4,1900-01-02 03:59:02.700,873
376226,573,180,3.5,122.0,166.0,253.375,D:\AprPanama2025_fixed\041525_experimental\041525PA_experimental_part21.mp4,1900-01-02 03:59:02.600,873
376225,573,180,2.0,121.0,160.0,244.8333333333333,D:\AprPanama2025_fixed\041525_experimental\041525PA_experimental_part21.mp4,1900-01-02 03:59:02.500,873
376235,574,180,3.0,124.0,165.0,190.42857142857144,D:\AprPanama2025_fixed\041525_experimental\041525PA_experimental_part21.mp4,1900-01-02 03:59:03.500,874
376236,574,180,3.0,124.0,165.0,190.42857142857144,D:\AprPanama2025_fixed\041525_experimental\041525PA_experimental_part21.mp4,1900-01-02 03:59:03.600,874
376232,574,180,2.0,121.0,179.0,235.3333333333333,D:\AprPanama2025_fixed\041525_experimental\041525PA_experimental_part21.mp4,1900-01-02 03:59:03.200,874
376234,574,180,2.0,124.0,178.0,243.5,D:\AprPanama2025_fixed\041525_experimental\041525PA_experimental_part21.mp4,1900-01-02 03:59:03.400,874
376233,574,180,2.0,124.0,178.0,243.5,D:\AprPanama2025_fixed\041525_experimental\041525PA_experimental_part21.mp4,1900-01-02 03:59:03.300,874
376231,574,181,3.0,111.0,174.0,227.75,D:\AprPanama2025_fixed\041525_experimental\041525PA_experimental_part21.mp4,1900-01-02 03:59:03.100,874
376230,574,181,5.0,113.0,177.0,238.45454545454547,D:\AprPanama2025_fixed\041525_experimental\041525PA_experimental_part21.mp4,1900-01-02 03:59:03.000,874
376229,573,181,8.5,120.0,179.0,233.86666666666667,D:\AprPanama2025_fixed\041525_experimental\041525PA_experimental_part21.mp4,1900-01-02 03:59:02.900,873
376367,578,170,4.0,122.0,168.0,189.3333333333333,D:\AprPanama2025_fixed\041525_experimental\041525PA_experimental_part21.mp4,1900-01-02 03:59:16.700,878
376370,578,171,3.5,124.0,172.0,232.375,D:\AprPanama2025_fixed\041525_experimental\041525PA_experimental_part21.mp4,1900-01-02 03:59:17.000,878
376368,578,170,3.0,149.0,176.0,228.14285714285717,D:\AprPanama2025_fixed\041525_experimental\041525PA_experimental_part21.mp4,1900-01-02 03:59:16.800,878
376369,578,171,1.5,114.0,155.0,242.4,D:\AprPanama2025_fixed\041525_experimental\041525PA_experimental_part21.mp4,1900-01-02 03:59:16.900,878
376365,578,170,2.0,111.0,158.0,180.0,D:\AprPanama2025_fixed\041525_experimental\041525PA_experimental_part21.mp4,1900-01-02 03:59:16.500,878
376366,578,170,4.0,122.0,168.0,189.3333333333333,D:\AprPanama2025_fixed\041525_experimental\041525PA_experimental_part21.mp4,1900-01-02 03:59:16.600,878
376378,580,170,1.5,114.0,164.0,100.2,D:\AprPanama2025_fixed\041525_experimental\041525PA_experimental_part21.mp4,1900-01-02 03:59:17.800,880
413738,973,40,3.0,119.0,168.0,249.25,D:\AprPanama2025_fixed\041525_experimental\041525PA_experimental_part23.mp4,1900-01-02 05:01:33.800,1273
413741,972,40,2.0,114.0,176.0,249.16666666666663,D:\AprPanama2025_fixed\041525_experimental\041525PA_experimental_part23.mp4,1900-01-02 05:01:34.100,1272
413742,972,40,2.0,114.0,176.0,249.16666666666663,D:\AprPanama2025_fixed\041525_experimental\041525PA_experimental_part23.mp4,1900-01-02 05:01:34.200,1272
413739,972,40,3.5,120.0,179.0,248.75,D:\AprPanama2025_fixed\041525_experimental\041525PA_experimental_part23.mp4,1900-01-02 05:01:33.900,1272
413777,1132,12,24.5,117.0,188.0,251.2941176470588,D:\AprPanama2025_fixed\041525_experimental\041525PA_experimental_part23.mp4,1900-01-02 05:01:37.700,1432
413773,1133,12,15.0,112.0,179.0,251.3478260869565,D:\AprPanama2025_fixed\041525_experimental\041525PA_experimental_part23.mp4,1900-01-02 05:01:37.300,1433
413771,1132,12,8.5,122.0,179.0,249.2,D:\AprPanama2025_fixed\041525_experimental\041525PA_experimental_part23.mp4,1900-01-02 05:01:37.100,1432
413776,1132,12,22.5,153.0,179.0,249.75,D:\AprPanama2025_fixed\041525_experimental\041525PA_experimental_part23.mp4,1900-01-02 05:01:37.600,1432
413775,1132,12,21.0,121.0,179.0,250.4,D:\AprPanama2025_fixed\041525_experimental\041525PA_experimental_part23.mp4,1900-01-02 05:01:37.500,1432
413774,1132,12,17.0,120.0,179.0,247.44,D:\AprPanama2025_fixed\041525_experimental\041525PA_experimental_part23.mp4,1900-01-02 05:01:37.400,1432
413778,1132,12,23.0,113.0,188.0,246.1818181818182,D:\AprPanama2025_fixed\041525_experimental\041525PA_experimental_part23.mp4,1900-01-02 05:01:37.800,1432
413772,1133,12,11.5,114.0,179.0,248.0,D:\AprPanama2025_fixed\041525_experimental\041525PA_experimental_part23.mp4,1900-01-02 05:01:37.200,1433
413784,1132,12,22.0,112.0,179.0,245.46875,D:\AprPanama2025_fixed\041525_experimental\041525PA_experimental_part23.mp4,1900-01-02 05:01:38.400,1432
413782,1132,12,21.5,113.0,179.0,245.03225806451613,D:\AprPanama2025_fixed\041525_experimental\041525PA_experimental_part23.mp4,1900-01-02 05:01:38.200,1432
413779,1132,12,22.0,113.0,188.0,249.0,D:\AprPanama2025_fixed\041525_experimental\041525PA_experimental_part23.mp4,1900-01-02 05:01:37.900,1432
413781,1132,12,22.0,112.0,193.0,244.9375,D:\AprPanama2025_fixed\041525_experimental\041525PA_experimental_part23.mp4,1900-01-02 05:01:38.100,1432
413783,1132,12,22.5,114.0,179.0,245.59375,D:\AprPanama2025_fixed\041525_experimental\041525PA_experimental_part23.mp4,1900-01-02 05:01:38.300,1432
413785,1132,12,21.0,128.0,179.0,246.6,D:\AprPanama2025_fixed\041525_experimental\041525PA_experimental_part23.mp4,1900-01-02 05:01:38.500,1432
413786,1132,12,18.5,111.0,179.0,244.88888888888889,D:\AprPanama2025_fixed\041525_experimental\041525PA_experimental_part23.mp4,1900-01-02 05:01:38.600,1432
413780,1132,12,23.0,144.0,188.0,249.5757575757576,D:\AprPanama2025_fixed\041525_experimental\041525PA_experimental_part23.mp4,1900-01-02 05:01:38.000,1432
413788,1132,11,15.0,114.0,179.0,244.2173913043478,D:\AprPanama2025_fixed\041525_experimental\041525PA_experimental_part23.mp4,1900-01-02 05:01:38.800,1432
413791,1131,11,11.5,124.0,179.0,251.0,D:\AprPanama2025_fixed\041525_experimental\041525PA_experimental_part23.mp4,1900-01-02 05:01:39.100,1431
413790,1132,11,13.0,112.0,179.0,251.47619047619045,D:\AprPanama2025_fixed\041525_experimental\041525PA_experimental_part23.mp4,1900-01-02 05:01:39.000,1432
413789,1132,11,14.0,111.0,179.0,251.27272727272728,D:\AprPanama2025_fixed\041525_experimental\041525PA_experimental_part23.mp4,1900-01-02 05:01:38.900,1432
413792,1131,11,11.5,118.0,179.0,249.68421052631575,D:\AprPanama2025_fixed\041525_experimental\041525PA_experimental_part23.mp4,1900-01-02 05:01:39.200,1431
413794,1131,11,7.5,119.0,167.0,250.78571428571428,D:\AprPanama2025_fixed\041525_experimental\041525PA_experimental_part23.mp4,1900-01-02 05:01:39.400,1431
413793,1131,11,8.5,121.0,171.0,251.2,D:\AprPanama2025_fixed\041525_experimental\041525PA_experimental_part23.mp4,1900-01-02 05:01:39.300,1431
413787,1132,12,17.0,122.0,178.0,242.8,D:\AprPanama2025_fixed\041525_experimental\041525PA_experimental_part23.mp4,1900-01-02 05:01:38.700,1432
413795,1130,10,2.5,118.0,159.0,252.42857142857144,D:\AprPanama2025_fixed\041525_experimental\041525PA_experimental_part23.mp4,1900-01-02 05:01:39.500,1430
446142,49,22,4.0,113.0,171.0,144.2222222222222,D:\AprPanama2025_fixed\041525_experimental\041525PA_experimental_part25.mp4,1900-01-02 05:55:34.200,349
446141,48,22,2.5,127.0,175.0,151.85714285714286,D:\AprPanama2025_fixed\041525_experimental\041525PA_experimental_part25.mp4,1900-01-02 05:55:34.100,348
446144,48,22,5.5,111.0,169.0,149.0,D:\AprPanama2025_fixed\041525_experimental\041525PA_experimental_part25.mp4,1900-01-02 05:55:34.400,348
446143,48,22,3.0,125.0,172.0,199.14285714285717,D:\AprPanama2025_fixed\041525_experimental\041525PA_experimental_part25.mp4,1900-01-02 05:55:34.300,348
446168,392,30,1.5,136.0,176.0,218.66666666666663,D:\AprPanama2025_fixed\041525_experimental\041525PA_experimental_part25.mp4,1900-01-02 05:55:36.800,692
446167,392,30,1.5,136.0,176.0,218.66666666666663,D:\AprPanama2025_fixed\041525_experimental\041525PA_experimental_part25.mp4,1900-01-02 05:55:36.700,692
446170,392,30,1.5,142.0,172.0,199.0,D:\AprPanama2025_fixed\041525_experimental\041525PA_experimental_part25.mp4,1900-01-02 05:55:37.000,692
446172,391,30,3.5,120.0,167.0,182.625,D:\AprPanama2025_fixed\041525_experimental\041525PA_experimental_part25.mp4,1900-01-02 05:55:37.200,691
446171,391,30,3.5,120.0,167.0,182.625,D:\AprPanama2025_fixed\041525_experimental\041525PA_experimental_part25.mp4,1900-01-02 05:55:37.100,691
446169,392,30,1.5,142.0,172.0,199.0,D:\AprPanama2025_fixed\041525_experimental\041525PA_experimental_part25.mp4,1900-01-02 05:55:36.900,692
