frame,cX,cY,area,minI,maxI,meanI,video,time,cX_original
33625,367,255,129.0,111.0,158.0,10.238993710691824,D:\AprPanama2025_fixed\041025_experimental\041025PA_experimental_part02.mp4,1900-01-01 18:49:02.500,387
33625,379,275,354.0,112.0,164.0,52.8954081632653,D:\AprPanama2025_fixed\041025_experimental\041025PA_experimental_part02.mp4,1900-01-01 18:49:02.500,399
33625,364,311,8.5,112.0,149.0,26.73684210526316,D:\AprPanama2025_fixed\041025_experimental\041025PA_experimental_part02.mp4,1900-01-01 18:49:02.500,384
42516,570,30,3.5,125.0,180.0,250.0,D:\AprPanama2025_fixed\041025_experimental\041025PA_experimental_part03.mp4,1900-01-01 19:03:51.600,590
42517,570,30,3.5,125.0,180.0,250.0,D:\AprPanama2025_fixed\041025_experimental\041025PA_experimental_part03.mp4,1900-01-01 19:03:51.700,590
42515,570,29,1.5,134.0,173.0,248.5,D:\AprPanama2025_fixed\041025_experimental\041025PA_experimental_part03.mp4,1900-01-01 19:03:51.500,590
42518,570,30,3.5,125.0,180.0,250.0,D:\AprPanama2025_fixed\041025_experimental\041025PA_experimental_part03.mp4,1900-01-01 19:03:51.800,590
42520,570,29,2.0,114.0,149.0,249.14285714285717,D:\AprPanama2025_fixed\041025_experimental\041025PA_experimental_part03.mp4,1900-01-01 19:03:52.000,590
42519,570,30,3.5,112.0,166.0,249.875,D:\AprPanama2025_fixed\041025_experimental\041025PA_experimental_part03.mp4,1900-01-01 19:03:51.900,590
42548,570,31,1.5,122.0,163.0,145.0,D:\AprPanama2025_fixed\041025_experimental\041025PA_experimental_part03.mp4,1900-01-01 19:03:54.800,590
42549,570,31,1.5,117.0,160.0,134.4,D:\AprPanama2025_fixed\041025_experimental\041025PA_experimental_part03.mp4,1900-01-01 19:03:54.900,590
42555,568,11,3.0,115.0,157.0,56.14285714285714,D:\AprPanama2025_fixed\041025_experimental\041025PA_experimental_part03.mp4,1900-01-01 19:03:55.500,588
42554,568,11,2.5,128.0,164.0,178.33333333333331,D:\AprPanama2025_fixed\041025_experimental\041025PA_experimental_part03.mp4,1900-01-01 19:03:55.400,588
42554,570,31,1.5,117.0,143.0,54.8,D:\AprPanama2025_fixed\041025_experimental\041025PA_experimental_part03.mp4,1900-01-01 19:03:55.400,590
42551,570,31,1.5,116.0,141.0,68.8,D:\AprPanama2025_fixed\041025_experimental\041025PA_experimental_part03.mp4,1900-01-01 19:03:55.100,590
42966,543,29,10.0,114.0,176.0,226.58823529411765,D:\AprPanama2025_fixed\041025_experimental\041025PA_experimental_part03.mp4,1900-01-01 19:04:36.600,563
42962,543,29,7.5,119.0,178.0,233.64285714285717,D:\AprPanama2025_fixed\041025_experimental\041025PA_experimental_part03.mp4,1900-01-01 19:04:36.200,563
42961,543,29,7.5,121.0,178.0,239.42857142857144,D:\AprPanama2025_fixed\041025_experimental\041025PA_experimental_part03.mp4,1900-01-01 19:04:36.100,563
42959,543,29,3.5,112.0,151.0,129.875,D:\AprPanama2025_fixed\041025_experimental\041025PA_experimental_part03.mp4,1900-01-01 19:04:35.900,563
42963,543,29,7.5,119.0,178.0,233.64285714285717,D:\AprPanama2025_fixed\041025_experimental\041025PA_experimental_part03.mp4,1900-01-01 19:04:36.300,563
42964,543,29,7.5,119.0,178.0,233.64285714285717,D:\AprPanama2025_fixed\041025_experimental\041025PA_experimental_part03.mp4,1900-01-01 19:04:36.400,563
42960,543,28,2.5,122.0,174.0,213.0,D:\AprPanama2025_fixed\041025_experimental\041025PA_experimental_part03.mp4,1900-01-01 19:04:36.000,563
42965,543,29,10.0,114.0,176.0,226.58823529411765,D:\AprPanama2025_fixed\041025_experimental\041025PA_experimental_part03.mp4,1900-01-01 19:04:36.500,563
42973,542,30,3.5,118.0,179.0,251.1111111111111,D:\AprPanama2025_fixed\041025_experimental\041025PA_experimental_part03.mp4,1900-01-01 19:04:37.300,562
42971,542,29,4.0,120.0,177.0,252.0,D:\AprPanama2025_fixed\041025_experimental\041025PA_experimental_part03.mp4,1900-01-01 19:04:37.100,562
42970,542,30,2.5,135.0,177.0,250.375,D:\AprPanama2025_fixed\041025_experimental\041025PA_experimental_part03.mp4,1900-01-01 19:04:37.000,562
42969,542,29,5.0,114.0,176.0,248.0,D:\AprPanama2025_fixed\041025_experimental\041025PA_experimental_part03.mp4,1900-01-01 19:04:36.900,562
42968,542,30,6.5,128.0,179.0,230.46153846153848,D:\AprPanama2025_fixed\041025_experimental\041025PA_experimental_part03.mp4,1900-01-01 19:04:36.800,562
42972,542,30,3.5,118.0,179.0,251.1111111111111,D:\AprPanama2025_fixed\041025_experimental\041025PA_experimental_part03.mp4,1900-01-01 19:04:37.200,562
42967,542,30,7.5,128.0,177.0,215.85714285714283,D:\AprPanama2025_fixed\041025_experimental\041025PA_experimental_part03.mp4,1900-01-01 19:04:36.700,562
42975,542,29,2.0,122.0,177.0,250.5,D:\AprPanama2025_fixed\041025_experimental\041025PA_experimental_part03.mp4,1900-01-01 19:04:37.500,562
42978,542,29,2.0,123.0,176.0,225.8333333333333,D:\AprPanama2025_fixed\041025_experimental\041025PA_experimental_part03.mp4,1900-01-01 19:04:37.800,562
42979,542,29,1.5,134.0,177.0,220.6,D:\AprPanama2025_fixed\041025_experimental\041025PA_experimental_part03.mp4,1900-01-01 19:04:37.900,562
42976,542,29,2.0,122.0,177.0,250.5,D:\AprPanama2025_fixed\041025_experimental\041025PA_experimental_part03.mp4,1900-01-01 19:04:37.600,562
42977,542,29,2.0,123.0,176.0,225.8333333333333,D:\AprPanama2025_fixed\041025_experimental\041025PA_experimental_part03.mp4,1900-01-01 19:04:37.700,562
43234,512,25,4.0,117.0,178.0,252.7,D:\AprPanama2025_fixed\041025_experimental\041025PA_experimental_part03.mp4,1900-01-01 19:05:03.400,532
43235,512,26,6.5,111.0,172.0,236.7692307692308,D:\AprPanama2025_fixed\041025_experimental\041025PA_experimental_part03.mp4,1900-01-01 19:05:03.500,532
43233,512,25,4.0,117.0,177.0,240.8,D:\AprPanama2025_fixed\041025_experimental\041025PA_experimental_part03.mp4,1900-01-01 19:05:03.300,532
43238,512,26,6.5,111.0,172.0,236.7692307692308,D:\AprPanama2025_fixed\041025_experimental\041025PA_experimental_part03.mp4,1900-01-01 19:05:03.800,532
43237,512,26,6.5,111.0,172.0,236.7692307692308,D:\AprPanama2025_fixed\041025_experimental\041025PA_experimental_part03.mp4,1900-01-01 19:05:03.700,532
43236,512,26,6.5,111.0,172.0,236.7692307692308,D:\AprPanama2025_fixed\041025_experimental\041025PA_experimental_part03.mp4,1900-01-01 19:05:03.600,532
43239,512,26,6.5,123.0,177.0,233.7692307692308,D:\AprPanama2025_fixed\041025_experimental\041025PA_experimental_part03.mp4,1900-01-01 19:05:03.900,532
43242,512,25,5.5,112.0,175.0,238.0,D:\AprPanama2025_fixed\041025_experimental\041025PA_experimental_part03.mp4,1900-01-01 19:05:04.200,532
43240,512,26,6.5,123.0,177.0,233.7692307692308,D:\AprPanama2025_fixed\041025_experimental\041025PA_experimental_part03.mp4,1900-01-01 19:05:04.000,532
43241,512,25,6.5,119.0,174.0,232.0,D:\AprPanama2025_fixed\041025_experimental\041025PA_experimental_part03.mp4,1900-01-01 19:05:04.100,532
43243,512,25,5.5,112.0,171.0,233.23076923076923,D:\AprPanama2025_fixed\041025_experimental\041025PA_experimental_part03.mp4,1900-01-01 19:05:04.300,532
43246,512,25,4.0,122.0,169.0,239.9090909090909,D:\AprPanama2025_fixed\041025_experimental\041025PA_experimental_part03.mp4,1900-01-01 19:05:04.600,532
43244,512,25,5.5,112.0,174.0,227.92307692307693,D:\AprPanama2025_fixed\041025_experimental\041025PA_experimental_part03.mp4,1900-01-01 19:05:04.400,532
43245,512,25,4.0,117.0,172.0,241.27272727272728,D:\AprPanama2025_fixed\041025_experimental\041025PA_experimental_part03.mp4,1900-01-01 19:05:04.500,532
43248,512,25,5.0,115.0,179.0,231.25,D:\AprPanama2025_fixed\041025_experimental\041025PA_experimental_part03.mp4,1900-01-01 19:05:04.800,532
43249,512,25,3.5,118.0,168.0,235.6,D:\AprPanama2025_fixed\041025_experimental\041025PA_experimental_part03.mp4,1900-01-01 19:05:04.900,532
43247,512,26,2.0,127.0,169.0,247.8333333333333,D:\AprPanama2025_fixed\041025_experimental\041025PA_experimental_part03.mp4,1900-01-01 19:05:04.700,532
43250,512,26,1.5,144.0,158.0,234.4,D:\AprPanama2025_fixed\041025_experimental\041025PA_experimental_part03.mp4,1900-01-01 19:05:05.000,532
43260,512,24,2.5,135.0,158.0,254.85714285714283,D:\AprPanama2025_fixed\041025_experimental\041025PA_experimental_part03.mp4,1900-01-01 19:05:06.000,532
44396,36,200,3.0,121.0,162.0,128.75,D:\AprPanama2025_fixed\041025_experimental\041025PA_experimental_part03.mp4,1900-01-01 19:06:59.600,56
44397,36,200,3.0,117.0,148.0,148.42857142857142,D:\AprPanama2025_fixed\041025_experimental\041025PA_experimental_part03.mp4,1900-01-01 19:06:59.700,56
44397,27,200,14.0,125.0,179.0,237.2173913043478,D:\AprPanama2025_fixed\041025_experimental\041025PA_experimental_part03.mp4,1900-01-01 19:06:59.700,47
44398,36,200,2.0,122.0,146.0,145.0,D:\AprPanama2025_fixed\041025_experimental\041025PA_experimental_part03.mp4,1900-01-01 19:06:59.800,56
44398,26,200,15.0,112.0,179.0,243.0833333333333,D:\AprPanama2025_fixed\041025_experimental\041025PA_experimental_part03.mp4,1900-01-01 19:06:59.800,46
44404,27,199,7.0,128.0,179.0,235.0769230769231,D:\AprPanama2025_fixed\041025_experimental\041025PA_experimental_part03.mp4,1900-01-01 19:07:00.400,47
44402,27,199,7.5,121.0,179.0,235.14285714285717,D:\AprPanama2025_fixed\041025_experimental\041025PA_experimental_part03.mp4,1900-01-01 19:07:00.200,47
44403,27,199,7.0,113.0,176.0,230.53846153846155,D:\AprPanama2025_fixed\041025_experimental\041025PA_experimental_part03.mp4,1900-01-01 19:07:00.300,47
44406,26,199,3.0,135.0,179.0,220.875,D:\AprPanama2025_fixed\041025_experimental\041025PA_experimental_part03.mp4,1900-01-01 19:07:00.600,46
44399,36,200,3.0,112.0,139.0,132.7142857142857,D:\AprPanama2025_fixed\041025_experimental\041025PA_experimental_part03.mp4,1900-01-01 19:06:59.900,56
44399,26,199,15.0,111.0,179.0,238.2173913043478,D:\AprPanama2025_fixed\041025_experimental\041025PA_experimental_part03.mp4,1900-01-01 19:06:59.900,46
44400,35,200,2.5,113.0,143.0,151.5,D:\AprPanama2025_fixed\041025_experimental\041025PA_experimental_part03.mp4,1900-01-01 19:07:00.000,55
44400,26,199,14.0,111.0,179.0,240.0909090909091,D:\AprPanama2025_fixed\041025_experimental\041025PA_experimental_part03.mp4,1900-01-01 19:07:00.000,46
44401,26,199,8.5,122.0,177.0,242.9375,D:\AprPanama2025_fixed\041025_experimental\041025PA_experimental_part03.mp4,1900-01-01 19:07:00.100,46
44405,26,199,4.5,122.0,178.0,233.4,D:\AprPanama2025_fixed\041025_experimental\041025PA_experimental_part03.mp4,1900-01-01 19:07:00.500,46
44407,26,199,1.5,139.0,160.0,176.20000000000002,D:\AprPanama2025_fixed\041025_experimental\041025PA_experimental_part03.mp4,1900-01-01 19:07:00.700,46
44598,551,64,12.5,122.0,179.0,237.57142857142856,D:\AprPanama2025_fixed\041025_experimental\041025PA_experimental_part03.mp4,1900-01-01 19:07:19.800,571
44594,550,61,3.0,132.0,156.0,214.44444444444443,D:\AprPanama2025_fixed\041025_experimental\041025PA_experimental_part03.mp4,1900-01-01 19:07:19.400,570
44595,551,63,12.0,118.0,179.0,240.35,D:\AprPanama2025_fixed\041025_experimental\041025PA_experimental_part03.mp4,1900-01-01 19:07:19.500,571
44596,551,63,11.5,114.0,179.0,244.05,D:\AprPanama2025_fixed\041025_experimental\041025PA_experimental_part03.mp4,1900-01-01 19:07:19.600,571
44597,551,63,13.5,115.0,179.0,247.5217391304348,D:\AprPanama2025_fixed\041025_experimental\041025PA_experimental_part03.mp4,1900-01-01 19:07:19.700,571
44605,550,64,5.5,118.0,179.0,250.25,D:\AprPanama2025_fixed\041025_experimental\041025PA_experimental_part03.mp4,1900-01-01 19:07:20.500,570
44603,550,63,5.5,134.0,179.0,253.92307692307693,D:\AprPanama2025_fixed\041025_experimental\041025PA_experimental_part03.mp4,1900-01-01 19:07:20.300,570
44602,550,63,6.0,131.0,179.0,251.28571428571428,D:\AprPanama2025_fixed\041025_experimental\041025PA_experimental_part03.mp4,1900-01-01 19:07:20.200,570
44601,550,63,6.0,131.0,178.0,254.14285714285717,D:\AprPanama2025_fixed\041025_experimental\041025PA_experimental_part03.mp4,1900-01-01 19:07:20.100,570
44606,550,64,5.5,118.0,179.0,250.25,D:\AprPanama2025_fixed\041025_experimental\041025PA_experimental_part03.mp4,1900-01-01 19:07:20.600,570
44600,550,63,9.0,112.0,175.0,242.41176470588235,D:\AprPanama2025_fixed\041025_experimental\041025PA_experimental_part03.mp4,1900-01-01 19:07:20.000,570
44604,550,63,5.5,134.0,179.0,253.92307692307693,D:\AprPanama2025_fixed\041025_experimental\041025PA_experimental_part03.mp4,1900-01-01 19:07:20.400,570
44599,550,63,9.0,112.0,175.0,242.41176470588235,D:\AprPanama2025_fixed\041025_experimental\041025PA_experimental_part03.mp4,1900-01-01 19:07:19.900,570
44613,549,62,3.5,130.0,178.0,239.5,D:\AprPanama2025_fixed\041025_experimental\041025PA_experimental_part03.mp4,1900-01-01 19:07:21.300,569
44611,549,62,3.5,141.0,179.0,247.875,D:\AprPanama2025_fixed\041025_experimental\041025PA_experimental_part03.mp4,1900-01-01 19:07:21.100,569
44612,549,62,3.5,130.0,178.0,239.5,D:\AprPanama2025_fixed\041025_experimental\041025PA_experimental_part03.mp4,1900-01-01 19:07:21.200,569
44614,549,62,3.5,130.0,178.0,239.5,D:\AprPanama2025_fixed\041025_experimental\041025PA_experimental_part03.mp4,1900-01-01 19:07:21.400,569
44608,550,63,5.0,119.0,179.0,250.9,D:\AprPanama2025_fixed\041025_experimental\041025PA_experimental_part03.mp4,1900-01-01 19:07:20.800,570
44609,550,63,5.0,112.0,179.0,244.3,D:\AprPanama2025_fixed\041025_experimental\041025PA_experimental_part03.mp4,1900-01-01 19:07:20.900,570
44607,550,63,5.5,111.0,179.0,254.0,D:\AprPanama2025_fixed\041025_experimental\041025PA_experimental_part03.mp4,1900-01-01 19:07:20.700,570
44610,550,63,5.0,112.0,179.0,244.3,D:\AprPanama2025_fixed\041025_experimental\041025PA_experimental_part03.mp4,1900-01-01 19:07:21.000,570
44622,553,42,5.0,116.0,167.0,120.6,D:\AprPanama2025_fixed\041025_experimental\041025PA_experimental_part03.mp4,1900-01-01 19:07:22.200,573
44622,549,61,1.5,114.0,164.0,134.6,D:\AprPanama2025_fixed\041025_experimental\041025PA_experimental_part03.mp4,1900-01-01 19:07:22.200,569
44621,549,61,2.0,113.0,173.0,154.14285714285714,D:\AprPanama2025_fixed\041025_experimental\041025PA_experimental_part03.mp4,1900-01-01 19:07:22.100,569
44620,549,61,1.5,117.0,170.0,205.3333333333333,D:\AprPanama2025_fixed\041025_experimental\041025PA_experimental_part03.mp4,1900-01-01 19:07:22.000,569
44615,549,62,1.5,114.0,169.0,248.3333333333333,D:\AprPanama2025_fixed\041025_experimental\041025PA_experimental_part03.mp4,1900-01-01 19:07:21.500,569
44616,549,62,1.5,114.0,169.0,248.3333333333333,D:\AprPanama2025_fixed\041025_experimental\041025PA_experimental_part03.mp4,1900-01-01 19:07:21.600,569
44619,549,61,1.5,117.0,170.0,205.3333333333333,D:\AprPanama2025_fixed\041025_experimental\041025PA_experimental_part03.mp4,1900-01-01 19:07:21.900,569
44617,549,62,3.5,118.0,179.0,238.125,D:\AprPanama2025_fixed\041025_experimental\041025PA_experimental_part03.mp4,1900-01-01 19:07:21.700,569
44630,553,42,3.0,116.0,150.0,130.85714285714286,D:\AprPanama2025_fixed\041025_experimental\041025PA_experimental_part03.mp4,1900-01-01 19:07:23.000,573
44626,553,42,2.0,143.0,163.0,199.3333333333333,D:\AprPanama2025_fixed\041025_experimental\041025PA_experimental_part03.mp4,1900-01-01 19:07:22.600,573
44624,553,42,4.0,130.0,155.0,220.66666666666663,D:\AprPanama2025_fixed\041025_experimental\041025PA_experimental_part03.mp4,1900-01-01 19:07:22.400,573
44628,553,42,2.0,132.0,158.0,191.8333333333333,D:\AprPanama2025_fixed\041025_experimental\041025PA_experimental_part03.mp4,1900-01-01 19:07:22.800,573
44625,553,42,4.0,118.0,158.0,219.77777777777777,D:\AprPanama2025_fixed\041025_experimental\041025PA_experimental_part03.mp4,1900-01-01 19:07:22.500,573
44627,553,42,2.0,138.0,159.0,196.0,D:\AprPanama2025_fixed\041025_experimental\041025PA_experimental_part03.mp4,1900-01-01 19:07:22.700,573
44623,553,42,4.0,130.0,155.0,220.66666666666663,D:\AprPanama2025_fixed\041025_experimental\041025PA_experimental_part03.mp4,1900-01-01 19:07:22.300,573
44629,553,42,2.0,132.0,158.0,191.8333333333333,D:\AprPanama2025_fixed\041025_experimental\041025PA_experimental_part03.mp4,1900-01-01 19:07:22.900,573
44634,553,42,1.5,115.0,135.0,177.0,D:\AprPanama2025_fixed\041025_experimental\041025PA_experimental_part03.mp4,1900-01-01 19:07:23.400,573
44632,553,42,2.0,121.0,142.0,152.66666666666666,D:\AprPanama2025_fixed\041025_experimental\041025PA_experimental_part03.mp4,1900-01-01 19:07:23.200,573
44633,553,42,2.0,116.0,137.0,153.66666666666666,D:\AprPanama2025_fixed\041025_experimental\041025PA_experimental_part03.mp4,1900-01-01 19:07:23.300,573
44635,553,42,1.5,118.0,132.0,113.8,D:\AprPanama2025_fixed\041025_experimental\041025PA_experimental_part03.mp4,1900-01-01 19:07:23.500,573
44636,553,42,1.5,118.0,132.0,113.8,D:\AprPanama2025_fixed\041025_experimental\041025PA_experimental_part03.mp4,1900-01-01 19:07:23.600,573
44631,553,42,3.0,112.0,147.0,132.42857142857142,D:\AprPanama2025_fixed\041025_experimental\041025PA_experimental_part03.mp4,1900-01-01 19:07:23.100,573
44974,588,152,4.5,124.0,171.0,233.1,D:\AprPanama2025_fixed\041025_experimental\041025PA_experimental_part03.mp4,1900-01-01 19:07:57.400,608
44982,589,157,16.5,114.0,179.0,236.11538461538464,D:\AprPanama2025_fixed\041025_experimental\041025PA_experimental_part03.mp4,1900-01-01 19:07:58.200,609
44976,589,156,14.0,120.0,180.0,242.65217391304347,D:\AprPanama2025_fixed\041025_experimental\041025PA_experimental_part03.mp4,1900-01-01 19:07:57.600,609
44981,589,157,18.5,111.0,179.0,243.53571428571428,D:\AprPanama2025_fixed\041025_experimental\041025PA_experimental_part03.mp4,1900-01-01 19:07:58.100,609
44979,589,157,17.5,111.0,179.0,239.6296296296296,D:\AprPanama2025_fixed\041025_experimental\041025PA_experimental_part03.mp4,1900-01-01 19:07:57.900,609
44980,589,157,18.0,111.0,179.0,239.4642857142857,D:\AprPanama2025_fixed\041025_experimental\041025PA_experimental_part03.mp4,1900-01-01 19:07:58.000,609
44978,589,157,16.5,126.0,179.0,241.92307692307693,D:\AprPanama2025_fixed\041025_experimental\041025PA_experimental_part03.mp4,1900-01-01 19:07:57.800,609
44975,588,155,11.0,118.0,179.0,242.8947368421053,D:\AprPanama2025_fixed\041025_experimental\041025PA_experimental_part03.mp4,1900-01-01 19:07:57.500,608
44977,589,156,18.0,119.0,201.0,238.2142857142857,D:\AprPanama2025_fixed\041025_experimental\041025PA_experimental_part03.mp4,1900-01-01 19:07:57.700,609
44989,590,158,8.0,119.0,179.0,248.4375,D:\AprPanama2025_fixed\041025_experimental\041025PA_experimental_part03.mp4,1900-01-01 19:07:58.900,610
44986,590,158,8.5,117.0,179.0,246.6875,D:\AprPanama2025_fixed\041025_experimental\041025PA_experimental_part03.mp4,1900-01-01 19:07:58.600,610
44984,589,158,14.0,122.0,179.0,248.1304347826087,D:\AprPanama2025_fixed\041025_experimental\041025PA_experimental_part03.mp4,1900-01-01 19:07:58.400,609
44987,590,158,8.5,128.0,179.0,250.0,D:\AprPanama2025_fixed\041025_experimental\041025PA_experimental_part03.mp4,1900-01-01 19:07:58.700,610
44988,590,158,9.0,127.0,179.0,252.0,D:\AprPanama2025_fixed\041025_experimental\041025PA_experimental_part03.mp4,1900-01-01 19:07:58.800,610
44985,590,157,10.5,115.0,179.0,247.5,D:\AprPanama2025_fixed\041025_experimental\041025PA_experimental_part03.mp4,1900-01-01 19:07:58.500,610
44990,590,158,9.0,115.0,179.0,245.0,D:\AprPanama2025_fixed\041025_experimental\041025PA_experimental_part03.mp4,1900-01-01 19:07:59.000,610
44983,589,157,16.5,113.0,179.0,245.7692307692308,D:\AprPanama2025_fixed\041025_experimental\041025PA_experimental_part03.mp4,1900-01-01 19:07:58.300,609
44998,592,156,3.5,134.0,177.0,229.77777777777777,D:\AprPanama2025_fixed\041025_experimental\041025PA_experimental_part03.mp4,1900-01-01 19:07:59.800,612
44994,591,157,8.0,113.0,171.0,237.4375,D:\AprPanama2025_fixed\041025_experimental\041025PA_experimental_part03.mp4,1900-01-01 19:07:59.400,611
44996,591,158,8.0,117.0,177.0,238.7058823529412,D:\AprPanama2025_fixed\041025_experimental\041025PA_experimental_part03.mp4,1900-01-01 19:07:59.600,611
44993,591,157,9.0,114.0,176.0,245.77777777777777,D:\AprPanama2025_fixed\041025_experimental\041025PA_experimental_part03.mp4,1900-01-01 19:07:59.300,611
44997,591,158,8.0,115.0,179.0,226.9375,D:\AprPanama2025_fixed\041025_experimental\041025PA_experimental_part03.mp4,1900-01-01 19:07:59.700,611
44992,590,158,6.5,117.0,173.0,250.33333333333331,D:\AprPanama2025_fixed\041025_experimental\041025PA_experimental_part03.mp4,1900-01-01 19:07:59.200,610
44995,591,157,7.0,116.0,179.0,247.1875,D:\AprPanama2025_fixed\041025_experimental\041025PA_experimental_part03.mp4,1900-01-01 19:07:59.500,611
44991,590,158,8.5,111.0,179.0,244.8235294117647,D:\AprPanama2025_fixed\041025_experimental\041025PA_experimental_part03.mp4,1900-01-01 19:07:59.100,610
45002,592,159,1.5,113.0,169.0,160.5,D:\AprPanama2025_fixed\041025_experimental\041025PA_experimental_part03.mp4,1900-01-01 19:08:00.200,612
45004,592,159,2.0,119.0,162.0,245.42857142857144,D:\AprPanama2025_fixed\041025_experimental\041025PA_experimental_part03.mp4,1900-01-01 19:08:00.400,612
44999,592,157,4.5,120.0,177.0,242.16666666666663,D:\AprPanama2025_fixed\041025_experimental\041025PA_experimental_part03.mp4,1900-01-01 19:07:59.900,612
45000,592,157,4.5,120.0,177.0,242.16666666666663,D:\AprPanama2025_fixed\041025_experimental\041025PA_experimental_part03.mp4,1900-01-01 19:08:00.000,612
45001,592,157,5.0,128.0,176.0,228.75,D:\AprPanama2025_fixed\041025_experimental\041025PA_experimental_part03.mp4,1900-01-01 19:08:00.100,612
45003,592,159,2.0,111.0,156.0,166.85714285714286,D:\AprPanama2025_fixed\041025_experimental\041025PA_experimental_part03.mp4,1900-01-01 19:08:00.300,612
45011,593,142,5.0,113.0,165.0,159.10000000000002,D:\AprPanama2025_fixed\041025_experimental\041025PA_experimental_part03.mp4,1900-01-01 19:08:01.100,613
45009,593,142,2.5,115.0,148.0,186.42857142857144,D:\AprPanama2025_fixed\041025_experimental\041025PA_experimental_part03.mp4,1900-01-01 19:08:00.900,613
45012,593,142,4.0,114.0,149.0,101.0,D:\AprPanama2025_fixed\041025_experimental\041025PA_experimental_part03.mp4,1900-01-01 19:08:01.200,613
45010,592,142,1.5,136.0,149.0,219.2,D:\AprPanama2025_fixed\041025_experimental\041025PA_experimental_part03.mp4,1900-01-01 19:08:01.000,612
45013,593,143,2.5,113.0,153.0,101.14285714285714,D:\AprPanama2025_fixed\041025_experimental\041025PA_experimental_part03.mp4,1900-01-01 19:08:01.300,613
45017,588,118,4.5,113.0,176.0,237.0909090909091,D:\AprPanama2025_fixed\041025_experimental\041025PA_experimental_part03.mp4,1900-01-01 19:08:01.700,608
45019,588,117,1.5,137.0,175.0,242.2,D:\AprPanama2025_fixed\041025_experimental\041025PA_experimental_part03.mp4,1900-01-01 19:08:01.900,608
45020,588,117,1.5,137.0,175.0,242.2,D:\AprPanama2025_fixed\041025_experimental\041025PA_experimental_part03.mp4,1900-01-01 19:08:02.000,608
45018,588,117,2.0,122.0,179.0,247.14285714285717,D:\AprPanama2025_fixed\041025_experimental\041025PA_experimental_part03.mp4,1900-01-01 19:08:01.800,608
45016,588,117,3.5,118.0,178.0,252.1111111111111,D:\AprPanama2025_fixed\041025_experimental\041025PA_experimental_part03.mp4,1900-01-01 19:08:01.600,608
45021,588,117,1.5,115.0,174.0,241.2,D:\AprPanama2025_fixed\041025_experimental\041025PA_experimental_part03.mp4,1900-01-01 19:08:02.100,608
45030,585,89,1.5,116.0,150.0,46.6,D:\AprPanama2025_fixed\041025_experimental\041025PA_experimental_part03.mp4,1900-01-01 19:08:03.000,605
45031,585,89,1.5,116.0,150.0,46.6,D:\AprPanama2025_fixed\041025_experimental\041025PA_experimental_part03.mp4,1900-01-01 19:08:03.100,605
45478,275,150,3.0,116.0,139.0,66.28571428571428,D:\AprPanama2025_fixed\041025_experimental\041025PA_experimental_part03.mp4,1900-01-01 19:08:47.800,295
45480,275,151,5.0,113.0,173.0,193.4,D:\AprPanama2025_fixed\041025_experimental\041025PA_experimental_part03.mp4,1900-01-01 19:08:48.000,295
45486,276,150,3.0,151.0,175.0,246.875,D:\AprPanama2025_fixed\041025_experimental\041025PA_experimental_part03.mp4,1900-01-01 19:08:48.600,296
45484,276,150,4.0,127.0,209.0,223.88888888888889,D:\AprPanama2025_fixed\041025_experimental\041025PA_experimental_part03.mp4,1900-01-01 19:08:48.400,296
45483,276,150,4.0,128.0,171.0,208.3333333333333,D:\AprPanama2025_fixed\041025_experimental\041025PA_experimental_part03.mp4,1900-01-01 19:08:48.300,296
45482,276,150,3.0,138.0,194.0,209.5,D:\AprPanama2025_fixed\041025_experimental\041025PA_experimental_part03.mp4,1900-01-01 19:08:48.200,296
45485,276,150,4.0,126.0,177.0,244.2222222222222,D:\AprPanama2025_fixed\041025_experimental\041025PA_experimental_part03.mp4,1900-01-01 19:08:48.500,296
45481,276,150,6.5,117.0,169.0,157.5,D:\AprPanama2025_fixed\041025_experimental\041025PA_experimental_part03.mp4,1900-01-01 19:08:48.100,296
45479,275,151,4.5,118.0,150.0,153.88888888888889,D:\AprPanama2025_fixed\041025_experimental\041025PA_experimental_part03.mp4,1900-01-01 19:08:47.900,295
45489,276,150,4.0,119.0,179.0,241.0,D:\AprPanama2025_fixed\041025_experimental\041025PA_experimental_part03.mp4,1900-01-01 19:08:48.900,296
45490,276,150,4.0,119.0,179.0,241.0,D:\AprPanama2025_fixed\041025_experimental\041025PA_experimental_part03.mp4,1900-01-01 19:08:49.000,296
45492,277,148,1.5,118.0,145.0,218.66666666666663,D:\AprPanama2025_fixed\041025_experimental\041025PA_experimental_part03.mp4,1900-01-01 19:08:49.200,297
45488,276,150,3.0,141.0,175.0,250.875,D:\AprPanama2025_fixed\041025_experimental\041025PA_experimental_part03.mp4,1900-01-01 19:08:48.800,296
45491,277,148,1.5,118.0,145.0,218.66666666666663,D:\AprPanama2025_fixed\041025_experimental\041025PA_experimental_part03.mp4,1900-01-01 19:08:49.100,297
45487,276,150,3.0,147.0,175.0,249.875,D:\AprPanama2025_fixed\041025_experimental\041025PA_experimental_part03.mp4,1900-01-01 19:08:48.700,296
45496,277,150,1.5,123.0,145.0,154.60000000000002,D:\AprPanama2025_fixed\041025_experimental\041025PA_experimental_part03.mp4,1900-01-01 19:08:49.600,297
45495,277,149,2.0,122.0,171.0,117.16666666666666,D:\AprPanama2025_fixed\041025_experimental\041025PA_experimental_part03.mp4,1900-01-01 19:08:49.500,297
45504,278,148,2.0,116.0,171.0,220.5,D:\AprPanama2025_fixed\041025_experimental\041025PA_experimental_part03.mp4,1900-01-01 19:08:50.400,298
45503,278,148,2.0,116.0,171.0,220.5,D:\AprPanama2025_fixed\041025_experimental\041025PA_experimental_part03.mp4,1900-01-01 19:08:50.300,298
45832,631,57,6.0,114.0,173.0,236.5833333333333,D:\AprPanama2025_fixed\041025_experimental\041025PA_experimental_part03.mp4,1900-01-01 19:09:23.200,651
45837,631,59,11.5,113.0,178.0,238.4,D:\AprPanama2025_fixed\041025_experimental\041025PA_experimental_part03.mp4,1900-01-01 19:09:23.700,651
45833,631,58,11.5,112.0,179.0,242.75,D:\AprPanama2025_fixed\041025_experimental\041025PA_experimental_part03.mp4,1900-01-01 19:09:23.300,651
45838,631,58,11.0,120.0,179.0,241.94736842105263,D:\AprPanama2025_fixed\041025_experimental\041025PA_experimental_part03.mp4,1900-01-01 19:09:23.800,651
45831,631,56,3.0,111.0,165.0,166.42857142857142,D:\AprPanama2025_fixed\041025_experimental\041025PA_experimental_part03.mp4,1900-01-01 19:09:23.100,651
45836,631,59,11.5,117.0,178.0,238.4,D:\AprPanama2025_fixed\041025_experimental\041025PA_experimental_part03.mp4,1900-01-01 19:09:23.600,651
45834,631,58,13.5,111.0,179.0,245.13636363636363,D:\AprPanama2025_fixed\041025_experimental\041025PA_experimental_part03.mp4,1900-01-01 19:09:23.400,651
45835,631,58,12.0,116.0,178.0,244.0,D:\AprPanama2025_fixed\041025_experimental\041025PA_experimental_part03.mp4,1900-01-01 19:09:23.500,651
45845,632,58,5.5,120.0,179.0,227.3333333333333,D:\AprPanama2025_fixed\041025_experimental\041025PA_experimental_part03.mp4,1900-01-01 19:09:24.500,652
45840,631,59,10.0,125.0,178.0,244.1111111111111,D:\AprPanama2025_fixed\041025_experimental\041025PA_experimental_part03.mp4,1900-01-01 19:09:24.000,651
45841,631,59,10.0,125.0,178.0,242.1111111111111,D:\AprPanama2025_fixed\041025_experimental\041025PA_experimental_part03.mp4,1900-01-01 19:09:24.100,651
45843,631,59,7.0,117.0,181.0,241.33333333333331,D:\AprPanama2025_fixed\041025_experimental\041025PA_experimental_part03.mp4,1900-01-01 19:09:24.300,651
45846,632,58,5.5,114.0,179.0,225.91666666666663,D:\AprPanama2025_fixed\041025_experimental\041025PA_experimental_part03.mp4,1900-01-01 19:09:24.600,652
45839,631,58,11.0,115.0,178.0,241.3684210526316,D:\AprPanama2025_fixed\041025_experimental\041025PA_experimental_part03.mp4,1900-01-01 19:09:23.900,651
45844,631,59,7.0,117.0,181.0,241.33333333333331,D:\AprPanama2025_fixed\041025_experimental\041025PA_experimental_part03.mp4,1900-01-01 19:09:24.400,651
45842,631,59,10.0,123.0,177.0,245.8333333333333,D:\AprPanama2025_fixed\041025_experimental\041025PA_experimental_part03.mp4,1900-01-01 19:09:24.200,651
45850,631,58,2.5,117.0,181.0,232.77777777777777,D:\AprPanama2025_fixed\041025_experimental\041025PA_experimental_part03.mp4,1900-01-01 19:09:25.000,651
45848,631,58,2.5,125.0,181.0,236.77777777777777,D:\AprPanama2025_fixed\041025_experimental\041025PA_experimental_part03.mp4,1900-01-01 19:09:24.800,651
45849,631,58,2.5,125.0,181.0,236.77777777777777,D:\AprPanama2025_fixed\041025_experimental\041025PA_experimental_part03.mp4,1900-01-01 19:09:24.900,651
45854,631,57,2.5,118.0,159.0,232.28571428571428,D:\AprPanama2025_fixed\041025_experimental\041025PA_experimental_part03.mp4,1900-01-01 19:09:25.400,651
45852,631,58,4.5,111.0,165.0,232.0,D:\AprPanama2025_fixed\041025_experimental\041025PA_experimental_part03.mp4,1900-01-01 19:09:25.200,651
45847,632,58,4.5,113.0,179.0,223.9090909090909,D:\AprPanama2025_fixed\041025_experimental\041025PA_experimental_part03.mp4,1900-01-01 19:09:24.700,652
45851,631,58,4.5,111.0,165.0,232.0,D:\AprPanama2025_fixed\041025_experimental\041025PA_experimental_part03.mp4,1900-01-01 19:09:25.100,651
45856,631,57,2.5,118.0,159.0,232.28571428571428,D:\AprPanama2025_fixed\041025_experimental\041025PA_experimental_part03.mp4,1900-01-01 19:09:25.600,651
45858,631,57,2.0,115.0,176.0,241.0,D:\AprPanama2025_fixed\041025_experimental\041025PA_experimental_part03.mp4,1900-01-01 19:09:25.800,651
45857,631,57,2.0,125.0,179.0,236.8333333333333,D:\AprPanama2025_fixed\041025_experimental\041025PA_experimental_part03.mp4,1900-01-01 19:09:25.700,651
48004,616,37,2.0,144.0,178.0,250.5,D:\AprPanama2025_fixed\041025_experimental\041025PA_experimental_part03.mp4,1900-01-01 19:13:00.400,636
48006,617,38,6.0,129.0,179.0,248.66666666666663,D:\AprPanama2025_fixed\041025_experimental\041025PA_experimental_part03.mp4,1900-01-01 19:13:00.600,637
48005,617,38,7.0,118.0,179.0,229.61538461538464,D:\AprPanama2025_fixed\041025_experimental\041025PA_experimental_part03.mp4,1900-01-01 19:13:00.500,637
48008,617,38,6.0,129.0,179.0,248.66666666666663,D:\AprPanama2025_fixed\041025_experimental\041025PA_experimental_part03.mp4,1900-01-01 19:13:00.800,637
48012,616,39,2.5,121.0,179.0,245.42857142857144,D:\AprPanama2025_fixed\041025_experimental\041025PA_experimental_part03.mp4,1900-01-01 19:13:01.200,636
48013,616,39,2.5,117.0,178.0,242.42857142857144,D:\AprPanama2025_fixed\041025_experimental\041025PA_experimental_part03.mp4,1900-01-01 19:13:01.300,636
48011,617,38,4.5,125.0,179.0,244.8,D:\AprPanama2025_fixed\041025_experimental\041025PA_experimental_part03.mp4,1900-01-01 19:13:01.100,637
48014,616,39,2.5,124.0,175.0,248.125,D:\AprPanama2025_fixed\041025_experimental\041025PA_experimental_part03.mp4,1900-01-01 19:13:01.400,636
48007,617,38,6.0,129.0,179.0,248.66666666666663,D:\AprPanama2025_fixed\041025_experimental\041025PA_experimental_part03.mp4,1900-01-01 19:13:00.700,637
48009,617,38,7.5,120.0,177.0,241.42857142857144,D:\AprPanama2025_fixed\041025_experimental\041025PA_experimental_part03.mp4,1900-01-01 19:13:00.900,637
48010,617,38,7.5,121.0,177.0,247.14285714285717,D:\AprPanama2025_fixed\041025_experimental\041025PA_experimental_part03.mp4,1900-01-01 19:13:01.000,637
48017,616,39,1.5,113.0,177.0,225.6,D:\AprPanama2025_fixed\041025_experimental\041025PA_experimental_part03.mp4,1900-01-01 19:13:01.700,636
48016,616,39,2.0,140.0,178.0,244.66666666666663,D:\AprPanama2025_fixed\041025_experimental\041025PA_experimental_part03.mp4,1900-01-01 19:13:01.600,636
48018,616,39,1.5,113.0,177.0,225.6,D:\AprPanama2025_fixed\041025_experimental\041025PA_experimental_part03.mp4,1900-01-01 19:13:01.800,636
48015,616,39,2.0,140.0,178.0,244.66666666666663,D:\AprPanama2025_fixed\041025_experimental\041025PA_experimental_part03.mp4,1900-01-01 19:13:01.500,636
61359,109,35,1.5,119.0,145.0,112.8,D:\AprPanama2025_fixed\041025_experimental\041025PA_experimental_part04.mp4,1900-01-01 19:35:15.900,129
61358,109,35,1.5,119.0,145.0,112.8,D:\AprPanama2025_fixed\041025_experimental\041025PA_experimental_part04.mp4,1900-01-01 19:35:15.800,129
89473,619,97,4.0,113.0,179.0,222.3333333333333,D:\AprPanama2025_fixed\041025_experimental\041025PA_experimental_part05.mp4,1900-01-01 20:22:07.300,639
89474,619,97,4.0,113.0,179.0,227.2222222222222,D:\AprPanama2025_fixed\041025_experimental\041025PA_experimental_part05.mp4,1900-01-01 20:22:07.400,639
89476,619,96,7.0,120.0,171.0,236.0769230769231,D:\AprPanama2025_fixed\041025_experimental\041025PA_experimental_part05.mp4,1900-01-01 20:22:07.600,639
89475,619,97,5.0,120.0,172.0,232.9,D:\AprPanama2025_fixed\041025_experimental\041025PA_experimental_part05.mp4,1900-01-01 20:22:07.500,639
89472,619,96,6.5,112.0,170.0,199.5833333333333,D:\AprPanama2025_fixed\041025_experimental\041025PA_experimental_part05.mp4,1900-01-01 20:22:07.200,639
89482,618,95,2.0,127.0,175.0,246.14285714285717,D:\AprPanama2025_fixed\041025_experimental\041025PA_experimental_part05.mp4,1900-01-01 20:22:08.200,638
89477,619,97,5.0,113.0,172.0,231.1,D:\AprPanama2025_fixed\041025_experimental\041025PA_experimental_part05.mp4,1900-01-01 20:22:07.700,639
89481,618,96,2.0,111.0,176.0,237.14285714285717,D:\AprPanama2025_fixed\041025_experimental\041025PA_experimental_part05.mp4,1900-01-01 20:22:08.100,638
89483,618,95,2.0,127.0,175.0,246.14285714285717,D:\AprPanama2025_fixed\041025_experimental\041025PA_experimental_part05.mp4,1900-01-01 20:22:08.300,638
89480,619,96,7.0,114.0,176.0,224.53846153846155,D:\AprPanama2025_fixed\041025_experimental\041025PA_experimental_part05.mp4,1900-01-01 20:22:08.000,639
89484,618,95,2.0,127.0,175.0,246.14285714285717,D:\AprPanama2025_fixed\041025_experimental\041025PA_experimental_part05.mp4,1900-01-01 20:22:08.400,638
89478,619,96,7.0,114.0,176.0,224.53846153846155,D:\AprPanama2025_fixed\041025_experimental\041025PA_experimental_part05.mp4,1900-01-01 20:22:07.800,639
89479,619,96,7.0,114.0,176.0,224.53846153846155,D:\AprPanama2025_fixed\041025_experimental\041025PA_experimental_part05.mp4,1900-01-01 20:22:07.900,639
89485,618,95,1.5,124.0,175.0,229.0,D:\AprPanama2025_fixed\041025_experimental\041025PA_experimental_part05.mp4,1900-01-01 20:22:08.500,638
90092,474,123,2.0,138.0,173.0,253.3333333333333,D:\AprPanama2025_fixed\041025_experimental\041025PA_experimental_part06.mp4,1900-01-01 20:23:09.200,494
90095,474,124,3.5,143.0,172.0,254.0,D:\AprPanama2025_fixed\041025_experimental\041025PA_experimental_part06.mp4,1900-01-01 20:23:09.500,494
90098,474,124,5.0,136.0,178.0,251.8181818181818,D:\AprPanama2025_fixed\041025_experimental\041025PA_experimental_part06.mp4,1900-01-01 20:23:09.800,494
90094,474,123,2.0,138.0,175.0,255.0,D:\AprPanama2025_fixed\041025_experimental\041025PA_experimental_part06.mp4,1900-01-01 20:23:09.400,494
90097,474,124,4.5,118.0,175.0,246.54545454545456,D:\AprPanama2025_fixed\041025_experimental\041025PA_experimental_part06.mp4,1900-01-01 20:23:09.700,494
90099,474,124,3.5,117.0,175.0,239.66666666666663,D:\AprPanama2025_fixed\041025_experimental\041025PA_experimental_part06.mp4,1900-01-01 20:23:09.900,494
90096,474,124,3.5,149.0,174.0,253.66666666666663,D:\AprPanama2025_fixed\041025_experimental\041025PA_experimental_part06.mp4,1900-01-01 20:23:09.600,494
90101,474,124,2.0,127.0,179.0,242.28571428571428,D:\AprPanama2025_fixed\041025_experimental\041025PA_experimental_part06.mp4,1900-01-01 20:23:10.100,494
90106,474,124,1.5,113.0,176.0,239.8333333333333,D:\AprPanama2025_fixed\041025_experimental\041025PA_experimental_part06.mp4,1900-01-01 20:23:10.600,494
90105,474,124,1.5,113.0,176.0,239.8333333333333,D:\AprPanama2025_fixed\041025_experimental\041025PA_experimental_part06.mp4,1900-01-01 20:23:10.500,494
90103,474,124,2.5,131.0,184.0,232.375,D:\AprPanama2025_fixed\041025_experimental\041025PA_experimental_part06.mp4,1900-01-01 20:23:10.300,494
90104,474,124,2.5,120.0,178.0,235.5,D:\AprPanama2025_fixed\041025_experimental\041025PA_experimental_part06.mp4,1900-01-01 20:23:10.400,494
90100,474,124,2.5,119.0,176.0,242.625,D:\AprPanama2025_fixed\041025_experimental\041025PA_experimental_part06.mp4,1900-01-01 20:23:10.000,494
90102,474,124,1.5,125.0,179.0,243.16666666666663,D:\AprPanama2025_fixed\041025_experimental\041025PA_experimental_part06.mp4,1900-01-01 20:23:10.200,494
90110,474,122,3.5,117.0,167.0,226.0,D:\AprPanama2025_fixed\041025_experimental\041025PA_experimental_part06.mp4,1900-01-01 20:23:11.000,494
90111,474,122,4.0,126.0,167.0,165.44444444444443,D:\AprPanama2025_fixed\041025_experimental\041025PA_experimental_part06.mp4,1900-01-01 20:23:11.100,494
90115,474,121,2.0,114.0,157.0,109.28571428571428,D:\AprPanama2025_fixed\041025_experimental\041025PA_experimental_part06.mp4,1900-01-01 20:23:11.500,494
90114,474,122,3.0,114.0,158.0,118.75,D:\AprPanama2025_fixed\041025_experimental\041025PA_experimental_part06.mp4,1900-01-01 20:23:11.400,494
90112,474,122,3.5,123.0,162.0,154.625,D:\AprPanama2025_fixed\041025_experimental\041025PA_experimental_part06.mp4,1900-01-01 20:23:11.200,494
90117,474,121,1.5,142.0,175.0,245.4,D:\AprPanama2025_fixed\041025_experimental\041025PA_experimental_part06.mp4,1900-01-01 20:23:11.700,494
91371,536,122,5.0,130.0,178.0,214.1,D:\AprPanama2025_fixed\041025_experimental\041025PA_experimental_part06.mp4,1900-01-01 20:25:17.100,556
91376,535,124,8.5,115.0,173.0,231.2,D:\AprPanama2025_fixed\041025_experimental\041025PA_experimental_part06.mp4,1900-01-01 20:25:17.600,555
91379,535,124,6.0,114.0,171.0,221.5833333333333,D:\AprPanama2025_fixed\041025_experimental\041025PA_experimental_part06.mp4,1900-01-01 20:25:17.900,555
91374,535,123,8.5,113.0,173.0,220.06666666666663,D:\AprPanama2025_fixed\041025_experimental\041025PA_experimental_part06.mp4,1900-01-01 20:25:17.400,555
91375,535,124,10.0,114.0,176.0,229.8823529411765,D:\AprPanama2025_fixed\041025_experimental\041025PA_experimental_part06.mp4,1900-01-01 20:25:17.500,555
91378,535,124,8.5,115.0,173.0,231.2,D:\AprPanama2025_fixed\041025_experimental\041025PA_experimental_part06.mp4,1900-01-01 20:25:17.800,555
91377,535,124,8.5,115.0,173.0,231.2,D:\AprPanama2025_fixed\041025_experimental\041025PA_experimental_part06.mp4,1900-01-01 20:25:17.700,555
91373,536,122,6.5,121.0,177.0,230.91666666666663,D:\AprPanama2025_fixed\041025_experimental\041025PA_experimental_part06.mp4,1900-01-01 20:25:17.300,556
91372,536,122,6.5,112.0,176.0,236.5,D:\AprPanama2025_fixed\041025_experimental\041025PA_experimental_part06.mp4,1900-01-01 20:25:17.200,556
91382,535,125,3.0,138.0,176.0,225.2222222222222,D:\AprPanama2025_fixed\041025_experimental\041025PA_experimental_part06.mp4,1900-01-01 20:25:18.200,555
91381,535,125,3.0,138.0,176.0,225.2222222222222,D:\AprPanama2025_fixed\041025_experimental\041025PA_experimental_part06.mp4,1900-01-01 20:25:18.100,555
91380,535,124,4.0,111.0,171.0,236.0,D:\AprPanama2025_fixed\041025_experimental\041025PA_experimental_part06.mp4,1900-01-01 20:25:18.000,555
91384,534,125,3.5,116.0,178.0,229.25,D:\AprPanama2025_fixed\041025_experimental\041025PA_experimental_part06.mp4,1900-01-01 20:25:18.400,554
91385,534,125,3.5,116.0,178.0,229.25,D:\AprPanama2025_fixed\041025_experimental\041025PA_experimental_part06.mp4,1900-01-01 20:25:18.500,554
91387,534,125,2.5,149.0,169.0,196.0,D:\AprPanama2025_fixed\041025_experimental\041025PA_experimental_part06.mp4,1900-01-01 20:25:18.700,554
91383,535,125,3.0,138.0,176.0,225.2222222222222,D:\AprPanama2025_fixed\041025_experimental\041025PA_experimental_part06.mp4,1900-01-01 20:25:18.300,555
91386,534,125,2.0,131.0,178.0,225.16666666666663,D:\AprPanama2025_fixed\041025_experimental\041025PA_experimental_part06.mp4,1900-01-01 20:25:18.600,554
91388,534,125,2.5,149.0,169.0,181.7142857142857,D:\AprPanama2025_fixed\041025_experimental\041025PA_experimental_part06.mp4,1900-01-01 20:25:18.800,554
91389,534,125,2.5,137.0,170.0,166.28571428571428,D:\AprPanama2025_fixed\041025_experimental\041025PA_experimental_part06.mp4,1900-01-01 20:25:18.900,554
91394,534,125,2.0,119.0,174.0,241.66666666666663,D:\AprPanama2025_fixed\041025_experimental\041025PA_experimental_part06.mp4,1900-01-01 20:25:19.400,554
91390,534,125,2.5,129.0,172.0,121.42857142857142,D:\AprPanama2025_fixed\041025_experimental\041025PA_experimental_part06.mp4,1900-01-01 20:25:19.000,554
91391,534,125,2.5,129.0,172.0,121.42857142857142,D:\AprPanama2025_fixed\041025_experimental\041025PA_experimental_part06.mp4,1900-01-01 20:25:19.100,554
91392,534,125,2.0,117.0,175.0,239.66666666666663,D:\AprPanama2025_fixed\041025_experimental\041025PA_experimental_part06.mp4,1900-01-01 20:25:19.200,554
92879,737,208,3.0,111.0,165.0,155.5,D:\AprPanama2025_fixed\041025_experimental\041025PA_experimental_part06.mp4,1900-01-01 20:27:47.900,757
92882,737,209,10.0,115.0,179.0,243.1764705882353,D:\AprPanama2025_fixed\041025_experimental\041025PA_experimental_part06.mp4,1900-01-01 20:27:48.200,757
92881,737,209,9.0,112.0,179.0,235.1875,D:\AprPanama2025_fixed\041025_experimental\041025PA_experimental_part06.mp4,1900-01-01 20:27:48.100,757
92883,737,209,12.0,122.0,178.0,242.57894736842104,D:\AprPanama2025_fixed\041025_experimental\041025PA_experimental_part06.mp4,1900-01-01 20:27:48.300,757
92880,737,208,6.5,115.0,172.0,238.16666666666663,D:\AprPanama2025_fixed\041025_experimental\041025PA_experimental_part06.mp4,1900-01-01 20:27:48.000,757
92888,736,209,6.5,128.0,179.0,246.3846153846154,D:\AprPanama2025_fixed\041025_experimental\041025PA_experimental_part06.mp4,1900-01-01 20:27:48.800,756
92884,737,209,12.5,112.0,178.0,244.15,D:\AprPanama2025_fixed\041025_experimental\041025PA_experimental_part06.mp4,1900-01-01 20:27:48.400,757
92890,736,209,3.5,121.0,174.0,230.875,D:\AprPanama2025_fixed\041025_experimental\041025PA_experimental_part06.mp4,1900-01-01 20:27:49.000,756
92887,736,209,8.0,111.0,175.0,246.0,D:\AprPanama2025_fixed\041025_experimental\041025PA_experimental_part06.mp4,1900-01-01 20:27:48.700,756
92886,736,209,9.0,117.0,175.0,247.6875,D:\AprPanama2025_fixed\041025_experimental\041025PA_experimental_part06.mp4,1900-01-01 20:27:48.600,756
92889,736,209,3.5,117.0,176.0,241.77777777777777,D:\AprPanama2025_fixed\041025_experimental\041025PA_experimental_part06.mp4,1900-01-01 20:27:48.900,756
92885,737,209,12.5,121.0,179.0,242.8,D:\AprPanama2025_fixed\041025_experimental\041025PA_experimental_part06.mp4,1900-01-01 20:27:48.500,757
92896,735,209,3.5,135.0,173.0,238.25,D:\AprPanama2025_fixed\041025_experimental\041025PA_experimental_part06.mp4,1900-01-01 20:27:49.600,755
92897,735,209,3.5,135.0,173.0,238.25,D:\AprPanama2025_fixed\041025_experimental\041025PA_experimental_part06.mp4,1900-01-01 20:27:49.700,755
92899,735,208,3.0,112.0,145.0,125.28571428571428,D:\AprPanama2025_fixed\041025_experimental\041025PA_experimental_part06.mp4,1900-01-01 20:27:49.900,755
92894,736,209,4.0,114.0,176.0,232.1111111111111,D:\AprPanama2025_fixed\041025_experimental\041025PA_experimental_part06.mp4,1900-01-01 20:27:49.400,756
92895,736,209,4.0,114.0,178.0,230.44444444444443,D:\AprPanama2025_fixed\041025_experimental\041025PA_experimental_part06.mp4,1900-01-01 20:27:49.500,756
92898,735,209,1.5,112.0,169.0,162.4,D:\AprPanama2025_fixed\041025_experimental\041025PA_experimental_part06.mp4,1900-01-01 20:27:49.800,755
92893,736,208,4.5,111.0,174.0,228.8,D:\AprPanama2025_fixed\041025_experimental\041025PA_experimental_part06.mp4,1900-01-01 20:27:49.300,756
92892,736,208,4.5,111.0,174.0,228.8,D:\AprPanama2025_fixed\041025_experimental\041025PA_experimental_part06.mp4,1900-01-01 20:27:49.200,756
92901,735,209,1.5,127.0,143.0,150.8,D:\AprPanama2025_fixed\041025_experimental\041025PA_experimental_part06.mp4,1900-01-01 20:27:50.100,755
92900,735,208,2.0,116.0,148.0,139.33333333333331,D:\AprPanama2025_fixed\041025_experimental\041025PA_experimental_part06.mp4,1900-01-01 20:27:50.000,755
93467,708,79,9.0,120.0,178.0,237.0625,D:\AprPanama2025_fixed\041025_experimental\041025PA_experimental_part06.mp4,1900-01-01 20:28:46.700,728
93465,707,76,2.0,130.0,144.0,116.0,D:\AprPanama2025_fixed\041025_experimental\041025PA_experimental_part06.mp4,1900-01-01 20:28:46.500,727
93466,708,78,6.0,121.0,175.0,235.75,D:\AprPanama2025_fixed\041025_experimental\041025PA_experimental_part06.mp4,1900-01-01 20:28:46.600,728
93475,708,80,8.0,129.0,179.0,250.6,D:\AprPanama2025_fixed\041025_experimental\041025PA_experimental_part06.mp4,1900-01-01 20:28:47.500,728
93474,708,80,8.5,112.0,181.0,248.1875,D:\AprPanama2025_fixed\041025_experimental\041025PA_experimental_part06.mp4,1900-01-01 20:28:47.400,728
93473,708,80,9.0,112.0,181.0,249.25,D:\AprPanama2025_fixed\041025_experimental\041025PA_experimental_part06.mp4,1900-01-01 20:28:47.300,728
93471,708,79,9.0,132.0,177.0,248.6875,D:\AprPanama2025_fixed\041025_experimental\041025PA_experimental_part06.mp4,1900-01-01 20:28:47.100,728
93470,708,80,9.5,120.0,178.0,251.58823529411765,D:\AprPanama2025_fixed\041025_experimental\041025PA_experimental_part06.mp4,1900-01-01 20:28:47.000,728
93472,708,80,10.5,133.0,179.0,247.38888888888889,D:\AprPanama2025_fixed\041025_experimental\041025PA_experimental_part06.mp4,1900-01-01 20:28:47.200,728
93469,708,79,11.5,116.0,178.0,243.1052631578947,D:\AprPanama2025_fixed\041025_experimental\041025PA_experimental_part06.mp4,1900-01-01 20:28:46.900,728
93468,708,79,10.0,116.0,178.0,246.1764705882353,D:\AprPanama2025_fixed\041025_experimental\041025PA_experimental_part06.mp4,1900-01-01 20:28:46.800,728
93481,708,80,5.5,116.0,181.0,243.75,D:\AprPanama2025_fixed\041025_experimental\041025PA_experimental_part06.mp4,1900-01-01 20:28:48.100,728
93482,708,80,5.5,116.0,181.0,243.75,D:\AprPanama2025_fixed\041025_experimental\041025PA_experimental_part06.mp4,1900-01-01 20:28:48.200,728
93480,708,80,5.5,116.0,181.0,246.0,D:\AprPanama2025_fixed\041025_experimental\041025PA_experimental_part06.mp4,1900-01-01 20:28:48.000,728
93483,708,80,5.0,113.0,173.0,247.3636363636364,D:\AprPanama2025_fixed\041025_experimental\041025PA_experimental_part06.mp4,1900-01-01 20:28:48.300,728
93479,708,80,6.0,111.0,181.0,242.0,D:\AprPanama2025_fixed\041025_experimental\041025PA_experimental_part06.mp4,1900-01-01 20:28:47.900,728
93476,708,81,7.0,120.0,179.0,243.0,D:\AprPanama2025_fixed\041025_experimental\041025PA_experimental_part06.mp4,1900-01-01 20:28:47.600,728
93477,708,80,8.0,114.0,179.0,245.46666666666667,D:\AprPanama2025_fixed\041025_experimental\041025PA_experimental_part06.mp4,1900-01-01 20:28:47.700,728
93478,708,81,7.0,111.0,179.0,242.85714285714283,D:\AprPanama2025_fixed\041025_experimental\041025PA_experimental_part06.mp4,1900-01-01 20:28:47.800,728
93487,708,79,1.5,139.0,171.0,238.8,D:\AprPanama2025_fixed\041025_experimental\041025PA_experimental_part06.mp4,1900-01-01 20:28:48.700,728
93488,708,80,4.5,111.0,172.0,234.9,D:\AprPanama2025_fixed\041025_experimental\041025PA_experimental_part06.mp4,1900-01-01 20:28:48.800,728
93491,708,79,1.5,115.0,157.0,237.8,D:\AprPanama2025_fixed\041025_experimental\041025PA_experimental_part06.mp4,1900-01-01 20:28:49.100,728
93486,708,79,1.5,141.0,171.0,243.8,D:\AprPanama2025_fixed\041025_experimental\041025PA_experimental_part06.mp4,1900-01-01 20:28:48.600,728
93489,708,79,1.5,129.0,173.0,224.6,D:\AprPanama2025_fixed\041025_experimental\041025PA_experimental_part06.mp4,1900-01-01 20:28:48.900,728
93485,708,80,4.5,125.0,173.0,245.3,D:\AprPanama2025_fixed\041025_experimental\041025PA_experimental_part06.mp4,1900-01-01 20:28:48.500,728
93490,708,79,1.5,129.0,179.0,228.4,D:\AprPanama2025_fixed\041025_experimental\041025PA_experimental_part06.mp4,1900-01-01 20:28:49.000,728
93484,708,80,5.0,118.0,173.0,248.3636363636364,D:\AprPanama2025_fixed\041025_experimental\041025PA_experimental_part06.mp4,1900-01-01 20:28:48.400,728
95294,606,86,1.5,111.0,183.0,237.4,D:\AprPanama2025_fixed\041025_experimental\041025PA_experimental_part06.mp4,1900-01-01 20:31:49.400,626
97918,728,212,5.5,118.0,175.0,222.8181818181818,D:\AprPanama2025_fixed\041025_experimental\041025PA_experimental_part06.mp4,1900-01-01 20:36:11.800,748
97922,728,212,1.5,115.0,168.0,231.8,D:\AprPanama2025_fixed\041025_experimental\041025PA_experimental_part06.mp4,1900-01-01 20:36:12.200,748
97917,728,212,3.5,125.0,185.0,243.1111111111111,D:\AprPanama2025_fixed\041025_experimental\041025PA_experimental_part06.mp4,1900-01-01 20:36:11.700,748
97916,728,212,3.5,125.0,185.0,243.1111111111111,D:\AprPanama2025_fixed\041025_experimental\041025PA_experimental_part06.mp4,1900-01-01 20:36:11.600,748
97920,728,212,4.5,121.0,176.0,241.77777777777777,D:\AprPanama2025_fixed\041025_experimental\041025PA_experimental_part06.mp4,1900-01-01 20:36:12.000,748
97921,728,212,1.5,125.0,164.0,250.2,D:\AprPanama2025_fixed\041025_experimental\041025PA_experimental_part06.mp4,1900-01-01 20:36:12.100,748
97919,728,212,5.5,118.0,175.0,222.8181818181818,D:\AprPanama2025_fixed\041025_experimental\041025PA_experimental_part06.mp4,1900-01-01 20:36:11.900,748
97925,727,211,1.5,123.0,161.0,152.8,D:\AprPanama2025_fixed\041025_experimental\041025PA_experimental_part06.mp4,1900-01-01 20:36:12.500,747
97945,635,74,1.5,127.0,176.0,204.3333333333333,D:\AprPanama2025_fixed\041025_experimental\041025PA_experimental_part06.mp4,1900-01-01 20:36:14.500,655
97946,635,75,2.0,123.0,149.0,234.5,D:\AprPanama2025_fixed\041025_experimental\041025PA_experimental_part06.mp4,1900-01-01 20:36:14.600,655
97951,634,75,3.0,121.0,177.0,153.7142857142857,D:\AprPanama2025_fixed\041025_experimental\041025PA_experimental_part06.mp4,1900-01-01 20:36:15.100,654
97950,634,75,3.0,121.0,177.0,153.7142857142857,D:\AprPanama2025_fixed\041025_experimental\041025PA_experimental_part06.mp4,1900-01-01 20:36:15.000,654
180005,498,130,2.5,118.0,169.0,253.7142857142857,D:\AprPanama2025_fixed\041025_experimental\041025PA_experimental_part11.mp4,1900-01-01 22:53:00.500,518
180006,498,129,1.5,116.0,176.0,227.4,D:\AprPanama2025_fixed\041025_experimental\041025PA_experimental_part11.mp4,1900-01-01 22:53:00.600,518
180010,499,127,1.5,112.0,144.0,70.4,D:\AprPanama2025_fixed\041025_experimental\041025PA_experimental_part11.mp4,1900-01-01 22:53:01.000,519
180137,484,256,2.0,114.0,173.0,205.8333333333333,D:\AprPanama2025_fixed\041025_experimental\041025PA_experimental_part11.mp4,1900-01-01 22:53:13.700,504
180149,480,253,1.5,135.0,166.0,176.0,D:\AprPanama2025_fixed\041025_experimental\041025PA_experimental_part11.mp4,1900-01-01 22:53:14.900,500
180144,484,257,1.5,121.0,166.0,167.20000000000002,D:\AprPanama2025_fixed\041025_experimental\041025PA_experimental_part11.mp4,1900-01-01 22:53:14.400,504
180146,481,252,3.0,111.0,146.0,122.85714285714285,D:\AprPanama2025_fixed\041025_experimental\041025PA_experimental_part11.mp4,1900-01-01 22:53:14.600,501
180150,480,253,1.5,137.0,170.0,181.2,D:\AprPanama2025_fixed\041025_experimental\041025PA_experimental_part11.mp4,1900-01-01 22:53:15.000,500
180151,480,253,1.5,117.0,171.0,164.60000000000002,D:\AprPanama2025_fixed\041025_experimental\041025PA_experimental_part11.mp4,1900-01-01 22:53:15.100,500
182893,109,169,2.0,119.0,148.0,177.16666666666666,D:\AprPanama2025_fixed\041025_experimental\041025PA_experimental_part11.mp4,1900-01-01 22:57:49.300,129
182891,109,169,1.5,117.0,149.0,185.2,D:\AprPanama2025_fixed\041025_experimental\041025PA_experimental_part11.mp4,1900-01-01 22:57:49.100,129
182894,109,168,5.5,113.0,154.0,184.9090909090909,D:\AprPanama2025_fixed\041025_experimental\041025PA_experimental_part11.mp4,1900-01-01 22:57:49.400,129
182892,109,169,1.5,117.0,149.0,185.2,D:\AprPanama2025_fixed\041025_experimental\041025PA_experimental_part11.mp4,1900-01-01 22:57:49.200,129
182900,110,169,1.5,138.0,160.0,160.5,D:\AprPanama2025_fixed\041025_experimental\041025PA_experimental_part11.mp4,1900-01-01 22:57:50.000,130
182901,110,168,4.5,120.0,161.0,167.11111111111111,D:\AprPanama2025_fixed\041025_experimental\041025PA_experimental_part11.mp4,1900-01-01 22:57:50.100,130
182895,109,167,2.0,111.0,154.0,194.85714285714283,D:\AprPanama2025_fixed\041025_experimental\041025PA_experimental_part11.mp4,1900-01-01 22:57:49.500,129
182898,110,169,1.5,131.0,160.0,155.66666666666666,D:\AprPanama2025_fixed\041025_experimental\041025PA_experimental_part11.mp4,1900-01-01 22:57:49.800,130
182897,110,169,1.5,131.0,160.0,155.66666666666666,D:\AprPanama2025_fixed\041025_experimental\041025PA_experimental_part11.mp4,1900-01-01 22:57:49.700,130
182896,110,169,1.5,116.0,161.0,185.66666666666663,D:\AprPanama2025_fixed\041025_experimental\041025PA_experimental_part11.mp4,1900-01-01 22:57:49.600,130
185269,332,11,4.0,125.0,178.0,233.8,D:\AprPanama2025_fixed\041025_experimental\041025PA_experimental_part11.mp4,1900-01-01 23:01:46.900,352
185266,332,11,4.0,116.0,179.0,225.5,D:\AprPanama2025_fixed\041025_experimental\041025PA_experimental_part11.mp4,1900-01-01 23:01:46.600,352
185268,332,11,4.0,116.0,179.0,237.5,D:\AprPanama2025_fixed\041025_experimental\041025PA_experimental_part11.mp4,1900-01-01 23:01:46.800,352
185265,332,11,1.5,119.0,163.0,243.0,D:\AprPanama2025_fixed\041025_experimental\041025PA_experimental_part11.mp4,1900-01-01 23:01:46.500,352
185270,332,12,2.5,134.0,174.0,239.375,D:\AprPanama2025_fixed\041025_experimental\041025PA_experimental_part11.mp4,1900-01-01 23:01:47.000,352
185267,332,11,4.0,116.0,179.0,232.1,D:\AprPanama2025_fixed\041025_experimental\041025PA_experimental_part11.mp4,1900-01-01 23:01:46.700,352
185274,332,11,4.0,117.0,176.0,233.9,D:\AprPanama2025_fixed\041025_experimental\041025PA_experimental_part11.mp4,1900-01-01 23:01:47.400,352
185273,332,11,4.0,120.0,176.0,238.8,D:\AprPanama2025_fixed\041025_experimental\041025PA_experimental_part11.mp4,1900-01-01 23:01:47.300,352
185272,332,11,4.0,124.0,178.0,242.0,D:\AprPanama2025_fixed\041025_experimental\041025PA_experimental_part11.mp4,1900-01-01 23:01:47.200,352
185278,332,11,4.0,113.0,170.0,174.60000000000002,D:\AprPanama2025_fixed\041025_experimental\041025PA_experimental_part11.mp4,1900-01-01 23:01:47.800,352
185277,332,11,3.0,115.0,174.0,245.0,D:\AprPanama2025_fixed\041025_experimental\041025PA_experimental_part11.mp4,1900-01-01 23:01:47.700,352
185275,332,11,2.0,114.0,175.0,244.0,D:\AprPanama2025_fixed\041025_experimental\041025PA_experimental_part11.mp4,1900-01-01 23:01:47.500,352
185271,332,11,4.0,124.0,178.0,242.0,D:\AprPanama2025_fixed\041025_experimental\041025PA_experimental_part11.mp4,1900-01-01 23:01:47.100,352
185276,332,10,3.5,132.0,174.0,219.77777777777777,D:\AprPanama2025_fixed\041025_experimental\041025PA_experimental_part11.mp4,1900-01-01 23:01:47.600,352
185279,333,10,1.5,113.0,155.0,227.16666666666663,D:\AprPanama2025_fixed\041025_experimental\041025PA_experimental_part11.mp4,1900-01-01 23:01:47.900,353
190278,316,33,1.5,136.0,168.0,174.60000000000002,D:\AprPanama2025_fixed\041025_experimental\041025PA_experimental_part11.mp4,1900-01-01 23:10:07.800,336
190277,316,33,1.5,136.0,168.0,174.60000000000002,D:\AprPanama2025_fixed\041025_experimental\041025PA_experimental_part11.mp4,1900-01-01 23:10:07.700,336
190283,316,34,3.0,125.0,178.0,248.5,D:\AprPanama2025_fixed\041025_experimental\041025PA_experimental_part11.mp4,1900-01-01 23:10:08.300,336
190286,316,34,3.0,124.0,173.0,246.125,D:\AprPanama2025_fixed\041025_experimental\041025PA_experimental_part11.mp4,1900-01-01 23:10:08.600,336
190280,316,33,2.0,114.0,178.0,231.28571428571428,D:\AprPanama2025_fixed\041025_experimental\041025PA_experimental_part11.mp4,1900-01-01 23:10:08.000,336
190281,316,34,3.0,125.0,178.0,248.5,D:\AprPanama2025_fixed\041025_experimental\041025PA_experimental_part11.mp4,1900-01-01 23:10:08.100,336
190282,316,34,3.0,125.0,178.0,248.5,D:\AprPanama2025_fixed\041025_experimental\041025PA_experimental_part11.mp4,1900-01-01 23:10:08.200,336
190285,316,34,3.0,124.0,173.0,246.125,D:\AprPanama2025_fixed\041025_experimental\041025PA_experimental_part11.mp4,1900-01-01 23:10:08.500,336
190284,316,34,2.0,125.0,168.0,253.8333333333333,D:\AprPanama2025_fixed\041025_experimental\041025PA_experimental_part11.mp4,1900-01-01 23:10:08.400,336
190279,316,33,2.0,114.0,172.0,214.57142857142856,D:\AprPanama2025_fixed\041025_experimental\041025PA_experimental_part11.mp4,1900-01-01 23:10:07.900,336
190287,316,34,3.0,124.0,173.0,246.125,D:\AprPanama2025_fixed\041025_experimental\041025PA_experimental_part11.mp4,1900-01-01 23:10:08.700,336
190289,316,34,2.0,125.0,162.0,254.8333333333333,D:\AprPanama2025_fixed\041025_experimental\041025PA_experimental_part11.mp4,1900-01-01 23:10:08.900,336
190290,316,34,2.0,125.0,166.0,254.5,D:\AprPanama2025_fixed\041025_experimental\041025PA_experimental_part11.mp4,1900-01-01 23:10:09.000,336
190293,316,34,1.5,111.0,158.0,252.8,D:\AprPanama2025_fixed\041025_experimental\041025PA_experimental_part11.mp4,1900-01-01 23:10:09.300,336
190291,316,34,2.0,111.0,176.0,247.85714285714283,D:\AprPanama2025_fixed\041025_experimental\041025PA_experimental_part11.mp4,1900-01-01 23:10:09.100,336
190294,316,34,1.5,111.0,158.0,252.8,D:\AprPanama2025_fixed\041025_experimental\041025PA_experimental_part11.mp4,1900-01-01 23:10:09.400,336
190288,316,34,2.0,125.0,158.0,254.8333333333333,D:\AprPanama2025_fixed\041025_experimental\041025PA_experimental_part11.mp4,1900-01-01 23:10:08.800,336
190292,316,34,1.5,111.0,174.0,254.2,D:\AprPanama2025_fixed\041025_experimental\041025PA_experimental_part11.mp4,1900-01-01 23:10:09.200,336
190297,316,34,1.5,111.0,163.0,254.0,D:\AprPanama2025_fixed\041025_experimental\041025PA_experimental_part11.mp4,1900-01-01 23:10:09.700,336
190296,316,34,1.5,111.0,169.0,254.2,D:\AprPanama2025_fixed\041025_experimental\041025PA_experimental_part11.mp4,1900-01-01 23:10:09.600,336
190301,316,33,1.5,118.0,172.0,255.0,D:\AprPanama2025_fixed\041025_experimental\041025PA_experimental_part11.mp4,1900-01-01 23:10:10.100,336
190295,316,34,1.5,111.0,163.0,253.8,D:\AprPanama2025_fixed\041025_experimental\041025PA_experimental_part11.mp4,1900-01-01 23:10:09.500,336
196372,111,42,1.5,112.0,144.0,73.0,D:\AprPanama2025_fixed\041025_experimental\041025PA_experimental_part11.mp4,1900-01-01 23:20:17.200,131
196501,713,86,2.0,125.0,159.0,244.16666666666663,D:\AprPanama2025_fixed\041025_experimental\041025PA_experimental_part11.mp4,1900-01-01 23:20:30.100,733
196502,713,86,2.0,125.0,159.0,244.16666666666663,D:\AprPanama2025_fixed\041025_experimental\041025PA_experimental_part11.mp4,1900-01-01 23:20:30.200,733
196505,713,86,2.0,125.0,159.0,244.16666666666663,D:\AprPanama2025_fixed\041025_experimental\041025PA_experimental_part11.mp4,1900-01-01 23:20:30.500,733
196506,712,86,3.0,116.0,163.0,95.5,D:\AprPanama2025_fixed\041025_experimental\041025PA_experimental_part11.mp4,1900-01-01 23:20:30.600,732
196503,713,86,2.0,115.0,141.0,230.66666666666663,D:\AprPanama2025_fixed\041025_experimental\041025PA_experimental_part11.mp4,1900-01-01 23:20:30.300,733
196509,712,86,3.0,118.0,158.0,85.875,D:\AprPanama2025_fixed\041025_experimental\041025PA_experimental_part11.mp4,1900-01-01 23:20:30.900,732
196507,712,86,3.0,132.0,167.0,205.625,D:\AprPanama2025_fixed\041025_experimental\041025PA_experimental_part11.mp4,1900-01-01 23:20:30.700,732
196510,712,86,3.0,118.0,158.0,85.875,D:\AprPanama2025_fixed\041025_experimental\041025PA_experimental_part11.mp4,1900-01-01 23:20:31.000,732
196508,712,86,3.0,118.0,158.0,85.875,D:\AprPanama2025_fixed\041025_experimental\041025PA_experimental_part11.mp4,1900-01-01 23:20:30.800,732
196511,712,86,2.5,124.0,155.0,157.57142857142856,D:\AprPanama2025_fixed\041025_experimental\041025PA_experimental_part11.mp4,1900-01-01 23:20:31.100,732
196512,712,86,2.5,113.0,147.0,43.71428571428572,D:\AprPanama2025_fixed\041025_experimental\041025PA_experimental_part11.mp4,1900-01-01 23:20:31.200,732
205026,556,243,3.0,122.0,172.0,189.7142857142857,D:\AprPanama2025_fixed\041025_experimental\041025PA_experimental_part12.mp4,1900-01-01 23:34:42.600,576
205025,556,243,3.0,122.0,172.0,189.7142857142857,D:\AprPanama2025_fixed\041025_experimental\041025PA_experimental_part12.mp4,1900-01-01 23:34:42.500,576
205030,554,243,2.0,127.0,171.0,252.8333333333333,D:\AprPanama2025_fixed\041025_experimental\041025PA_experimental_part12.mp4,1900-01-01 23:34:43.000,574
205041,551,247,1.5,116.0,134.0,104.8,D:\AprPanama2025_fixed\041025_experimental\041025PA_experimental_part12.mp4,1900-01-01 23:34:44.100,571
213204,610,154,1.5,113.0,162.0,217.8333333333333,D:\AprPanama2025_fixed\041025_experimental\041025PA_experimental_part12.mp4,1900-01-01 23:48:20.400,630
213209,615,156,8.0,116.0,179.0,235.64285714285717,D:\AprPanama2025_fixed\041025_experimental\041025PA_experimental_part12.mp4,1900-01-01 23:48:20.900,635
213210,617,156,6.5,121.0,177.0,234.66666666666663,D:\AprPanama2025_fixed\041025_experimental\041025PA_experimental_part12.mp4,1900-01-01 23:48:21.000,637
213207,613,156,7.0,114.0,179.0,244.23076923076923,D:\AprPanama2025_fixed\041025_experimental\041025PA_experimental_part12.mp4,1900-01-01 23:48:20.700,633
213212,619,157,6.5,113.0,179.0,243.23076923076923,D:\AprPanama2025_fixed\041025_experimental\041025PA_experimental_part12.mp4,1900-01-01 23:48:21.200,639
213211,618,156,7.0,123.0,179.0,239.7692307692308,D:\AprPanama2025_fixed\041025_experimental\041025PA_experimental_part12.mp4,1900-01-01 23:48:21.100,638
213213,620,157,3.0,114.0,172.0,237.125,D:\AprPanama2025_fixed\041025_experimental\041025PA_experimental_part12.mp4,1900-01-01 23:48:21.300,640
213208,614,156,7.0,115.0,179.0,245.46153846153848,D:\AprPanama2025_fixed\041025_experimental\041025PA_experimental_part12.mp4,1900-01-01 23:48:20.800,634
213206,612,156,4.0,142.0,174.0,240.77777777777777,D:\AprPanama2025_fixed\041025_experimental\041025PA_experimental_part12.mp4,1900-01-01 23:48:20.600,632
213217,625,156,1.5,129.0,148.0,249.3333333333333,D:\AprPanama2025_fixed\041025_experimental\041025PA_experimental_part12.mp4,1900-01-01 23:48:21.700,645
213218,626,158,2.5,114.0,168.0,247.14285714285717,D:\AprPanama2025_fixed\041025_experimental\041025PA_experimental_part12.mp4,1900-01-01 23:48:21.800,646
213221,630,157,1.5,121.0,159.0,177.60000000000002,D:\AprPanama2025_fixed\041025_experimental\041025PA_experimental_part12.mp4,1900-01-01 23:48:22.100,650
213214,621,157,4.0,118.0,176.0,236.88888888888889,D:\AprPanama2025_fixed\041025_experimental\041025PA_experimental_part12.mp4,1900-01-01 23:48:21.400,641
213215,623,158,3.0,121.0,180.0,251.0,D:\AprPanama2025_fixed\041025_experimental\041025PA_experimental_part12.mp4,1900-01-01 23:48:21.500,643
213219,628,157,1.5,122.0,167.0,236.2,D:\AprPanama2025_fixed\041025_experimental\041025PA_experimental_part12.mp4,1900-01-01 23:48:21.900,648
213216,624,158,1.5,112.0,168.0,252.2,D:\AprPanama2025_fixed\041025_experimental\041025PA_experimental_part12.mp4,1900-01-01 23:48:21.600,644
213225,635,159,1.5,112.0,139.0,116.8,D:\AprPanama2025_fixed\041025_experimental\041025PA_experimental_part12.mp4,1900-01-01 23:48:22.500,655
213222,631,158,1.5,136.0,162.0,176.20000000000002,D:\AprPanama2025_fixed\041025_experimental\041025PA_experimental_part12.mp4,1900-01-01 23:48:22.200,651
213231,641,159,1.5,128.0,171.0,238.8,D:\AprPanama2025_fixed\041025_experimental\041025PA_experimental_part12.mp4,1900-01-01 23:48:23.100,661
233585,502,352,2.0,125.0,150.0,55.16666666666666,D:\AprPanama2025_fixed\041025_experimental\041025PA_experimental_part13.mp4,1900-01-02 00:22:18.500,522
234111,130,156,1.5,119.0,151.0,255.0,D:\AprPanama2025_fixed\041025_experimental\041025PA_experimental_part14.mp4,1900-01-02 00:23:11.100,150
234108,131,157,1.5,114.0,145.0,229.8333333333333,D:\AprPanama2025_fixed\041025_experimental\041025PA_experimental_part14.mp4,1900-01-02 00:23:10.800,151
234115,130,155,2.0,111.0,172.0,254.16666666666663,D:\AprPanama2025_fixed\041025_experimental\041025PA_experimental_part14.mp4,1900-01-02 00:23:11.500,150
234121,130,155,1.5,135.0,166.0,209.6,D:\AprPanama2025_fixed\041025_experimental\041025PA_experimental_part14.mp4,1900-01-02 00:23:12.100,150
234116,130,155,2.0,111.0,172.0,254.16666666666663,D:\AprPanama2025_fixed\041025_experimental\041025PA_experimental_part14.mp4,1900-01-02 00:23:11.600,150
234120,130,155,1.5,135.0,166.0,209.6,D:\AprPanama2025_fixed\041025_experimental\041025PA_experimental_part14.mp4,1900-01-02 00:23:12.000,150
234147,323,59,3.0,133.0,162.0,118.125,D:\AprPanama2025_fixed\041025_experimental\041025PA_experimental_part14.mp4,1900-01-02 00:23:14.700,343
234145,324,59,2.0,125.0,162.0,169.83333333333331,D:\AprPanama2025_fixed\041025_experimental\041025PA_experimental_part14.mp4,1900-01-02 00:23:14.500,344
234142,323,59,2.5,122.0,162.0,120.28571428571428,D:\AprPanama2025_fixed\041025_experimental\041025PA_experimental_part14.mp4,1900-01-02 00:23:14.200,343
234143,323,59,2.5,122.0,162.0,120.28571428571428,D:\AprPanama2025_fixed\041025_experimental\041025PA_experimental_part14.mp4,1900-01-02 00:23:14.300,343
234144,323,59,3.0,133.0,162.0,118.125,D:\AprPanama2025_fixed\041025_experimental\041025PA_experimental_part14.mp4,1900-01-02 00:23:14.400,343
234146,323,59,3.0,133.0,162.0,118.125,D:\AprPanama2025_fixed\041025_experimental\041025PA_experimental_part14.mp4,1900-01-02 00:23:14.600,343
234149,324,59,1.5,122.0,169.0,218.0,D:\AprPanama2025_fixed\041025_experimental\041025PA_experimental_part14.mp4,1900-01-02 00:23:14.900,344
234151,323,59,3.0,138.0,168.0,200.625,D:\AprPanama2025_fixed\041025_experimental\041025PA_experimental_part14.mp4,1900-01-02 00:23:15.100,343
234153,323,59,2.5,124.0,169.0,211.28571428571428,D:\AprPanama2025_fixed\041025_experimental\041025PA_experimental_part14.mp4,1900-01-02 00:23:15.300,343
234150,324,59,1.5,122.0,167.0,230.2,D:\AprPanama2025_fixed\041025_experimental\041025PA_experimental_part14.mp4,1900-01-02 00:23:15.000,344
234155,322,59,1.5,114.0,171.0,225.4,D:\AprPanama2025_fixed\041025_experimental\041025PA_experimental_part14.mp4,1900-01-02 00:23:15.500,342
234152,322,59,1.5,135.0,171.0,220.0,D:\AprPanama2025_fixed\041025_experimental\041025PA_experimental_part14.mp4,1900-01-02 00:23:15.200,342
234148,324,59,1.5,122.0,169.0,218.0,D:\AprPanama2025_fixed\041025_experimental\041025PA_experimental_part14.mp4,1900-01-02 00:23:14.800,344
234158,322,59,1.5,114.0,172.0,214.2,D:\AprPanama2025_fixed\041025_experimental\041025PA_experimental_part14.mp4,1900-01-02 00:23:15.800,342
234159,322,59,1.5,114.0,172.0,214.2,D:\AprPanama2025_fixed\041025_experimental\041025PA_experimental_part14.mp4,1900-01-02 00:23:15.900,342
234156,322,59,1.5,114.0,171.0,206.8333333333333,D:\AprPanama2025_fixed\041025_experimental\041025PA_experimental_part14.mp4,1900-01-02 00:23:15.600,342
236443,666,266,1.5,114.0,166.0,199.3333333333333,D:\AprPanama2025_fixed\041025_experimental\041025PA_experimental_part14.mp4,1900-01-02 00:27:04.300,686
236444,665,267,4.5,112.0,177.0,189.88888888888889,D:\AprPanama2025_fixed\041025_experimental\041025PA_experimental_part14.mp4,1900-01-02 00:27:04.400,685
240664,504,371,1.5,111.0,150.0,169.60000000000002,D:\AprPanama2025_fixed\041025_experimental\041025PA_experimental_part14.mp4,1900-01-02 00:34:06.400,524
240665,504,371,1.5,111.0,150.0,169.60000000000002,D:\AprPanama2025_fixed\041025_experimental\041025PA_experimental_part14.mp4,1900-01-02 00:34:06.500,524
241203,493,166,6.5,122.0,178.0,251.16666666666663,D:\AprPanama2025_fixed\041025_experimental\041025PA_experimental_part14.mp4,1900-01-02 00:35:00.300,513
241196,494,165,1.5,112.0,147.0,200.2,D:\AprPanama2025_fixed\041025_experimental\041025PA_experimental_part14.mp4,1900-01-02 00:34:59.600,514
241202,493,166,6.5,125.0,177.0,251.25,D:\AprPanama2025_fixed\041025_experimental\041025PA_experimental_part14.mp4,1900-01-02 00:35:00.200,513
241198,494,166,3.5,131.0,182.0,241.88888888888889,D:\AprPanama2025_fixed\041025_experimental\041025PA_experimental_part14.mp4,1900-01-02 00:34:59.800,514
241199,494,166,3.5,131.0,182.0,241.88888888888889,D:\AprPanama2025_fixed\041025_experimental\041025PA_experimental_part14.mp4,1900-01-02 00:34:59.900,514
241201,493,166,6.5,112.0,178.0,244.25,D:\AprPanama2025_fixed\041025_experimental\041025PA_experimental_part14.mp4,1900-01-02 00:35:00.100,513
241200,493,166,6.5,112.0,178.0,244.25,D:\AprPanama2025_fixed\041025_experimental\041025PA_experimental_part14.mp4,1900-01-02 00:35:00.000,513
241205,493,166,5.5,114.0,173.0,244.8181818181818,D:\AprPanama2025_fixed\041025_experimental\041025PA_experimental_part14.mp4,1900-01-02 00:35:00.500,513
241210,492,165,1.5,126.0,169.0,248.5,D:\AprPanama2025_fixed\041025_experimental\041025PA_experimental_part14.mp4,1900-01-02 00:35:01.000,512
241206,492,166,6.5,114.0,174.0,238.75,D:\AprPanama2025_fixed\041025_experimental\041025PA_experimental_part14.mp4,1900-01-02 00:35:00.600,512
241204,493,166,7.5,111.0,171.0,237.92857142857144,D:\AprPanama2025_fixed\041025_experimental\041025PA_experimental_part14.mp4,1900-01-02 00:35:00.400,513
241207,492,166,6.0,118.0,178.0,238.9090909090909,D:\AprPanama2025_fixed\041025_experimental\041025PA_experimental_part14.mp4,1900-01-02 00:35:00.700,512
241208,492,166,4.0,114.0,177.0,239.44444444444443,D:\AprPanama2025_fixed\041025_experimental\041025PA_experimental_part14.mp4,1900-01-02 00:35:00.800,512
241209,492,166,3.0,115.0,177.0,239.875,D:\AprPanama2025_fixed\041025_experimental\041025PA_experimental_part14.mp4,1900-01-02 00:35:00.900,512
241213,490,166,4.0,119.0,173.0,251.44444444444443,D:\AprPanama2025_fixed\041025_experimental\041025PA_experimental_part14.mp4,1900-01-02 00:35:01.300,510
241217,490,165,2.0,117.0,170.0,231.8333333333333,D:\AprPanama2025_fixed\041025_experimental\041025PA_experimental_part14.mp4,1900-01-02 00:35:01.700,510
241212,490,166,3.5,115.0,172.0,248.875,D:\AprPanama2025_fixed\041025_experimental\041025PA_experimental_part14.mp4,1900-01-02 00:35:01.200,510
241214,490,166,4.0,112.0,173.0,251.77777777777777,D:\AprPanama2025_fixed\041025_experimental\041025PA_experimental_part14.mp4,1900-01-02 00:35:01.400,510
241216,490,165,2.0,117.0,170.0,231.8333333333333,D:\AprPanama2025_fixed\041025_experimental\041025PA_experimental_part14.mp4,1900-01-02 00:35:01.600,510
241215,490,166,2.5,122.0,172.0,251.57142857142856,D:\AprPanama2025_fixed\041025_experimental\041025PA_experimental_part14.mp4,1900-01-02 00:35:01.500,510
241298,477,127,1.5,122.0,169.0,222.8,D:\AprPanama2025_fixed\041025_experimental\041025PA_experimental_part14.mp4,1900-01-02 00:35:09.800,497
241293,475,124,3.0,129.0,153.0,101.42857142857142,D:\AprPanama2025_fixed\041025_experimental\041025PA_experimental_part14.mp4,1900-01-02 00:35:09.300,495
241296,476,126,4.0,113.0,177.0,247.1111111111111,D:\AprPanama2025_fixed\041025_experimental\041025PA_experimental_part14.mp4,1900-01-02 00:35:09.600,496
241294,476,125,2.0,118.0,179.0,244.8333333333333,D:\AprPanama2025_fixed\041025_experimental\041025PA_experimental_part14.mp4,1900-01-02 00:35:09.400,496
241299,477,126,3.0,121.0,172.0,169.0,D:\AprPanama2025_fixed\041025_experimental\041025PA_experimental_part14.mp4,1900-01-02 00:35:09.900,497
241295,476,126,2.5,117.0,173.0,252.0,D:\AprPanama2025_fixed\041025_experimental\041025PA_experimental_part14.mp4,1900-01-02 00:35:09.500,496
241305,478,129,1.5,124.0,154.0,187.2,D:\AprPanama2025_fixed\041025_experimental\041025PA_experimental_part14.mp4,1900-01-02 00:35:10.500,498
249474,540,135,12.5,112.0,225.0,242.05,D:\AprPanama2025_fixed\041025_experimental\041025PA_experimental_part14.mp4,1900-01-02 00:48:47.400,560
249470,537,135,10.5,114.0,179.0,237.38888888888889,D:\AprPanama2025_fixed\041025_experimental\041025PA_experimental_part14.mp4,1900-01-02 00:48:47.000,557
249472,539,135,14.5,123.0,179.0,240.56521739130437,D:\AprPanama2025_fixed\041025_experimental\041025PA_experimental_part14.mp4,1900-01-02 00:48:47.200,559
249469,535,134,7.0,112.0,172.0,230.92307692307693,D:\AprPanama2025_fixed\041025_experimental\041025PA_experimental_part14.mp4,1900-01-02 00:48:46.900,555
249468,533,133,4.5,117.0,165.0,97.0,D:\AprPanama2025_fixed\041025_experimental\041025PA_experimental_part14.mp4,1900-01-02 00:48:46.800,553
249475,541,135,8.5,136.0,182.0,246.1875,D:\AprPanama2025_fixed\041025_experimental\041025PA_experimental_part14.mp4,1900-01-02 00:48:47.500,561
249473,540,136,11.5,126.0,179.0,246.7894736842105,D:\AprPanama2025_fixed\041025_experimental\041025PA_experimental_part14.mp4,1900-01-02 00:48:47.300,560
249471,538,136,12.5,112.0,182.0,237.55,D:\AprPanama2025_fixed\041025_experimental\041025PA_experimental_part14.mp4,1900-01-02 00:48:47.100,558
249483,548,134,5.0,123.0,179.0,241.72727272727275,D:\AprPanama2025_fixed\041025_experimental\041025PA_experimental_part14.mp4,1900-01-02 00:48:48.300,568
249476,542,135,11.5,111.0,179.0,247.7894736842105,D:\AprPanama2025_fixed\041025_experimental\041025PA_experimental_part14.mp4,1900-01-02 00:48:47.600,562
249480,545,134,10.0,126.0,179.0,245.88888888888889,D:\AprPanama2025_fixed\041025_experimental\041025PA_experimental_part14.mp4,1900-01-02 00:48:48.000,565
249479,545,135,8.5,121.0,178.0,248.4375,D:\AprPanama2025_fixed\041025_experimental\041025PA_experimental_part14.mp4,1900-01-02 00:48:47.900,565
249481,546,133,8.0,113.0,179.0,251.0,D:\AprPanama2025_fixed\041025_experimental\041025PA_experimental_part14.mp4,1900-01-02 00:48:48.100,566
249477,543,135,10.5,114.0,179.0,243.44444444444443,D:\AprPanama2025_fixed\041025_experimental\041025PA_experimental_part14.mp4,1900-01-02 00:48:47.700,563
249482,547,134,8.0,114.0,179.0,246.33333333333331,D:\AprPanama2025_fixed\041025_experimental\041025PA_experimental_part14.mp4,1900-01-02 00:48:48.200,567
249478,543,135,13.5,115.0,179.0,243.66666666666663,D:\AprPanama2025_fixed\041025_experimental\041025PA_experimental_part14.mp4,1900-01-02 00:48:47.800,563
249485,549,133,4.0,115.0,163.0,251.3333333333333,D:\AprPanama2025_fixed\041025_experimental\041025PA_experimental_part14.mp4,1900-01-02 00:48:48.500,569
249490,553,132,3.5,128.0,177.0,199.55555555555557,D:\AprPanama2025_fixed\041025_experimental\041025PA_experimental_part14.mp4,1900-01-02 00:48:49.000,573
249486,550,133,6.0,130.0,177.0,238.66666666666663,D:\AprPanama2025_fixed\041025_experimental\041025PA_experimental_part14.mp4,1900-01-02 00:48:48.600,570
249488,552,133,4.0,139.0,179.0,231.88888888888889,D:\AprPanama2025_fixed\041025_experimental\041025PA_experimental_part14.mp4,1900-01-02 00:48:48.800,572
249487,551,134,2.5,118.0,161.0,247.3333333333333,D:\AprPanama2025_fixed\041025_experimental\041025PA_experimental_part14.mp4,1900-01-02 00:48:48.700,571
249491,553,133,3.5,116.0,176.0,224.75,D:\AprPanama2025_fixed\041025_experimental\041025PA_experimental_part14.mp4,1900-01-02 00:48:49.100,573
249484,548,134,4.5,123.0,177.0,239.7,D:\AprPanama2025_fixed\041025_experimental\041025PA_experimental_part14.mp4,1900-01-02 00:48:48.400,568
249493,555,133,4.5,133.0,171.0,187.66666666666663,D:\AprPanama2025_fixed\041025_experimental\041025PA_experimental_part14.mp4,1900-01-02 00:48:49.300,575
249495,557,133,4.0,131.0,167.0,152.2222222222222,D:\AprPanama2025_fixed\041025_experimental\041025PA_experimental_part14.mp4,1900-01-02 00:48:49.500,577
249492,555,133,4.5,111.0,171.0,226.2,D:\AprPanama2025_fixed\041025_experimental\041025PA_experimental_part14.mp4,1900-01-02 00:48:49.200,575
249522,493,237,8.0,117.0,178.0,244.0,D:\AprPanama2025_fixed\041025_experimental\041025PA_experimental_part14.mp4,1900-01-02 00:48:52.200,513
249523,493,237,7.5,113.0,177.0,245.7142857142857,D:\AprPanama2025_fixed\041025_experimental\041025PA_experimental_part14.mp4,1900-01-02 00:48:52.300,513
249521,494,238,2.0,117.0,161.0,241.7142857142857,D:\AprPanama2025_fixed\041025_experimental\041025PA_experimental_part14.mp4,1900-01-02 00:48:52.100,514
249529,490,232,4.5,127.0,167.0,248.3,D:\AprPanama2025_fixed\041025_experimental\041025PA_experimental_part14.mp4,1900-01-02 00:48:52.900,510
249528,491,233,9.0,114.0,173.0,233.875,D:\AprPanama2025_fixed\041025_experimental\041025PA_experimental_part14.mp4,1900-01-02 00:48:52.800,511
249524,493,235,3.5,116.0,170.0,246.1111111111111,D:\AprPanama2025_fixed\041025_experimental\041025PA_experimental_part14.mp4,1900-01-02 00:48:52.400,513
249526,492,234,6.0,129.0,171.0,245.0769230769231,D:\AprPanama2025_fixed\041025_experimental\041025PA_experimental_part14.mp4,1900-01-02 00:48:52.600,512
249527,492,234,7.0,124.0,171.0,238.5,D:\AprPanama2025_fixed\041025_experimental\041025PA_experimental_part14.mp4,1900-01-02 00:48:52.700,512
249535,487,228,5.5,111.0,172.0,239.0,D:\AprPanama2025_fixed\041025_experimental\041025PA_experimental_part14.mp4,1900-01-02 00:48:53.500,507
249536,487,226,4.0,114.0,166.0,166.0,D:\AprPanama2025_fixed\041025_experimental\041025PA_experimental_part14.mp4,1900-01-02 00:48:53.600,507
249534,488,227,2.0,124.0,168.0,250.14285714285717,D:\AprPanama2025_fixed\041025_experimental\041025PA_experimental_part14.mp4,1900-01-02 00:48:53.400,508
249533,488,229,3.0,119.0,163.0,214.125,D:\AprPanama2025_fixed\041025_experimental\041025PA_experimental_part14.mp4,1900-01-02 00:48:53.300,508
249540,485,224,1.5,111.0,151.0,205.2,D:\AprPanama2025_fixed\041025_experimental\041025PA_experimental_part14.mp4,1900-01-02 00:48:54.000,505
249544,484,221,2.0,135.0,153.0,131.83333333333331,D:\AprPanama2025_fixed\041025_experimental\041025PA_experimental_part14.mp4,1900-01-02 00:48:54.400,504
254441,540,294,2.0,125.0,150.0,25.5,D:\AprPanama2025_fixed\041025_experimental\041025PA_experimental_part15.mp4,1900-01-02 00:57:04.100,560
254442,540,294,2.0,134.0,158.0,101.66666666666666,D:\AprPanama2025_fixed\041025_experimental\041025PA_experimental_part15.mp4,1900-01-02 00:57:04.200,560
254444,541,295,3.5,129.0,176.0,205.625,D:\AprPanama2025_fixed\041025_experimental\041025PA_experimental_part15.mp4,1900-01-02 00:57:04.400,561
254443,541,295,3.5,115.0,160.0,144.5,D:\AprPanama2025_fixed\041025_experimental\041025PA_experimental_part15.mp4,1900-01-02 00:57:04.300,561
254451,543,295,1.5,120.0,166.0,172.0,D:\AprPanama2025_fixed\041025_experimental\041025PA_experimental_part15.mp4,1900-01-02 00:57:05.100,563
254842,561,37,6.5,134.0,179.0,252.66666666666663,D:\AprPanama2025_fixed\041025_experimental\041025PA_experimental_part15.mp4,1900-01-02 00:57:44.200,581
254835,561,38,8.0,115.0,177.0,248.2142857142857,D:\AprPanama2025_fixed\041025_experimental\041025PA_experimental_part15.mp4,1900-01-02 00:57:43.500,581
254837,561,38,7.0,118.0,177.0,246.7692307692308,D:\AprPanama2025_fixed\041025_experimental\041025PA_experimental_part15.mp4,1900-01-02 00:57:43.700,581
254839,561,38,7.0,127.0,179.0,249.35714285714283,D:\AprPanama2025_fixed\041025_experimental\041025PA_experimental_part15.mp4,1900-01-02 00:57:43.900,581
254841,561,37,6.5,113.0,179.0,254.84615384615387,D:\AprPanama2025_fixed\041025_experimental\041025PA_experimental_part15.mp4,1900-01-02 00:57:44.100,581
254840,561,38,7.0,127.0,179.0,249.35714285714283,D:\AprPanama2025_fixed\041025_experimental\041025PA_experimental_part15.mp4,1900-01-02 00:57:44.000,581
254836,561,38,8.0,120.0,178.0,240.92857142857144,D:\AprPanama2025_fixed\041025_experimental\041025PA_experimental_part15.mp4,1900-01-02 00:57:43.600,581
254838,561,38,7.0,118.0,177.0,246.7692307692308,D:\AprPanama2025_fixed\041025_experimental\041025PA_experimental_part15.mp4,1900-01-02 00:57:43.800,581
254850,562,36,2.5,117.0,171.0,252.125,D:\AprPanama2025_fixed\041025_experimental\041025PA_experimental_part15.mp4,1900-01-02 00:57:45.000,582
254849,561,36,6.0,114.0,170.0,241.66666666666663,D:\AprPanama2025_fixed\041025_experimental\041025PA_experimental_part15.mp4,1900-01-02 00:57:44.900,581
254848,561,36,9.5,111.0,179.0,237.8125,D:\AprPanama2025_fixed\041025_experimental\041025PA_experimental_part15.mp4,1900-01-02 00:57:44.800,581
254845,561,36,7.0,112.0,177.0,237.53846153846155,D:\AprPanama2025_fixed\041025_experimental\041025PA_experimental_part15.mp4,1900-01-02 00:57:44.500,581
254844,561,36,6.0,121.0,179.0,243.3333333333333,D:\AprPanama2025_fixed\041025_experimental\041025PA_experimental_part15.mp4,1900-01-02 00:57:44.400,581
254843,561,36,6.0,131.0,179.0,250.8333333333333,D:\AprPanama2025_fixed\041025_experimental\041025PA_experimental_part15.mp4,1900-01-02 00:57:44.300,581
254846,561,36,7.0,137.0,175.0,242.6923076923077,D:\AprPanama2025_fixed\041025_experimental\041025PA_experimental_part15.mp4,1900-01-02 00:57:44.600,581
254847,561,36,7.0,137.0,175.0,242.6923076923077,D:\AprPanama2025_fixed\041025_experimental\041025PA_experimental_part15.mp4,1900-01-02 00:57:44.700,581
254852,562,35,2.0,127.0,165.0,250.14285714285717,D:\AprPanama2025_fixed\041025_experimental\041025PA_experimental_part15.mp4,1900-01-02 00:57:45.200,582
254851,562,35,2.0,127.0,165.0,250.14285714285717,D:\AprPanama2025_fixed\041025_experimental\041025PA_experimental_part15.mp4,1900-01-02 00:57:45.100,582
257351,324,79,2.0,119.0,174.0,187.28571428571428,D:\AprPanama2025_fixed\041025_experimental\041025PA_experimental_part15.mp4,1900-01-02 01:01:55.100,344
257349,324,80,4.5,124.0,163.0,141.0,D:\AprPanama2025_fixed\041025_experimental\041025PA_experimental_part15.mp4,1900-01-02 01:01:54.900,344
257350,324,80,4.5,133.0,170.0,183.2,D:\AprPanama2025_fixed\041025_experimental\041025PA_experimental_part15.mp4,1900-01-02 01:01:55.000,344
257348,324,80,4.5,128.0,166.0,196.7,D:\AprPanama2025_fixed\041025_experimental\041025PA_experimental_part15.mp4,1900-01-02 01:01:54.800,344
257352,324,79,1.5,134.0,167.0,151.4,D:\AprPanama2025_fixed\041025_experimental\041025PA_experimental_part15.mp4,1900-01-02 01:01:55.200,344
257371,309,43,1.5,113.0,144.0,33.0,D:\AprPanama2025_fixed\041025_experimental\041025PA_experimental_part15.mp4,1900-01-02 01:01:57.100,329
263511,354,192,2.0,136.0,159.0,81.16666666666666,D:\AprPanama2025_fixed\041025_experimental\041025PA_experimental_part15.mp4,1900-01-02 01:12:11.100,374
263510,354,192,2.0,139.0,149.0,55.33333333333333,D:\AprPanama2025_fixed\041025_experimental\041025PA_experimental_part15.mp4,1900-01-02 01:12:11.000,374
263526,354,189,1.5,120.0,163.0,142.4,D:\AprPanama2025_fixed\041025_experimental\041025PA_experimental_part15.mp4,1900-01-02 01:12:12.600,374
270552,627,37,8.0,111.0,176.0,221.0,D:\AprPanama2025_fixed\041025_experimental\041025PA_experimental_part16.mp4,1900-01-02 01:23:55.200,647
270553,627,37,6.5,120.0,176.0,239.25,D:\AprPanama2025_fixed\041025_experimental\041025PA_experimental_part16.mp4,1900-01-02 01:23:55.300,647
270556,627,37,4.0,122.0,176.0,246.88888888888889,D:\AprPanama2025_fixed\041025_experimental\041025PA_experimental_part16.mp4,1900-01-02 01:23:55.600,647
270557,627,37,4.0,122.0,176.0,246.88888888888889,D:\AprPanama2025_fixed\041025_experimental\041025PA_experimental_part16.mp4,1900-01-02 01:23:55.700,647
270555,626,37,3.5,116.0,155.0,255.0,D:\AprPanama2025_fixed\041025_experimental\041025PA_experimental_part16.mp4,1900-01-02 01:23:55.500,646
270554,627,37,4.0,112.0,178.0,242.55555555555557,D:\AprPanama2025_fixed\041025_experimental\041025PA_experimental_part16.mp4,1900-01-02 01:23:55.400,647
270575,784,333,3.0,113.0,174.0,224.28571428571428,D:\AprPanama2025_fixed\041025_experimental\041025PA_experimental_part16.mp4,1900-01-02 01:23:57.500,804
270578,785,332,2.0,112.0,153.0,208.57142857142856,D:\AprPanama2025_fixed\041025_experimental\041025PA_experimental_part16.mp4,1900-01-02 01:23:57.800,805
270579,785,333,3.5,116.0,167.0,173.25,D:\AprPanama2025_fixed\041025_experimental\041025PA_experimental_part16.mp4,1900-01-02 01:23:57.900,805
270581,786,332,2.5,154.0,183.0,227.85714285714283,D:\AprPanama2025_fixed\041025_experimental\041025PA_experimental_part16.mp4,1900-01-02 01:23:58.100,806
270584,787,331,1.5,114.0,186.0,188.4,D:\AprPanama2025_fixed\041025_experimental\041025PA_experimental_part16.mp4,1900-01-02 01:23:58.400,807
271718,605,39,3.5,113.0,179.0,239.9,D:\AprPanama2025_fixed\041025_experimental\041025PA_experimental_part16.mp4,1900-01-02 01:25:51.800,625
271719,605,38,11.0,117.0,178.0,240.57894736842104,D:\AprPanama2025_fixed\041025_experimental\041025PA_experimental_part16.mp4,1900-01-02 01:25:51.900,625
271720,605,39,12.0,125.0,179.0,238.95454545454547,D:\AprPanama2025_fixed\041025_experimental\041025PA_experimental_part16.mp4,1900-01-02 01:25:52.000,625
271721,605,39,12.0,125.0,179.0,238.95454545454547,D:\AprPanama2025_fixed\041025_experimental\041025PA_experimental_part16.mp4,1900-01-02 01:25:52.100,625
271725,605,38,8.0,114.0,178.0,238.75,D:\AprPanama2025_fixed\041025_experimental\041025PA_experimental_part16.mp4,1900-01-02 01:25:52.500,625
271722,605,39,13.5,116.0,190.0,238.4583333333333,D:\AprPanama2025_fixed\041025_experimental\041025PA_experimental_part16.mp4,1900-01-02 01:25:52.200,625
271723,605,39,11.0,112.0,178.0,238.9523809523809,D:\AprPanama2025_fixed\041025_experimental\041025PA_experimental_part16.mp4,1900-01-02 01:25:52.300,625
271724,605,39,11.0,112.0,178.0,238.9523809523809,D:\AprPanama2025_fixed\041025_experimental\041025PA_experimental_part16.mp4,1900-01-02 01:25:52.400,625
271727,605,39,2.5,113.0,168.0,243.375,D:\AprPanama2025_fixed\041025_experimental\041025PA_experimental_part16.mp4,1900-01-02 01:25:52.700,625
271726,605,39,4.0,113.0,178.0,244.3636363636364,D:\AprPanama2025_fixed\041025_experimental\041025PA_experimental_part16.mp4,1900-01-02 01:25:52.600,625
271728,605,39,1.5,115.0,158.0,254.85714285714283,D:\AprPanama2025_fixed\041025_experimental\041025PA_experimental_part16.mp4,1900-01-02 01:25:52.800,625
292820,803,277,10.0,122.0,174.0,244.52941176470588,D:\AprPanama2025_fixed\041025_experimental\041025PA_experimental_part17.mp4,1900-01-02 02:01:02.000,823
292821,802,276,11.5,124.0,178.0,244.25,D:\AprPanama2025_fixed\041025_experimental\041025PA_experimental_part17.mp4,1900-01-02 02:01:02.100,822
292822,802,276,8.0,125.0,178.0,247.46666666666667,D:\AprPanama2025_fixed\041025_experimental\041025PA_experimental_part17.mp4,1900-01-02 02:01:02.200,822
292817,802,278,3.0,113.0,179.0,246.1111111111111,D:\AprPanama2025_fixed\041025_experimental\041025PA_experimental_part17.mp4,1900-01-02 02:01:01.700,822
292823,802,276,3.5,115.0,173.0,244.3,D:\AprPanama2025_fixed\041025_experimental\041025PA_experimental_part17.mp4,1900-01-02 02:01:02.300,822
292824,801,275,6.5,125.0,173.0,244.26666666666665,D:\AprPanama2025_fixed\041025_experimental\041025PA_experimental_part17.mp4,1900-01-02 02:01:02.400,821
292819,803,278,8.5,122.0,176.0,247.53333333333333,D:\AprPanama2025_fixed\041025_experimental\041025PA_experimental_part17.mp4,1900-01-02 02:01:01.900,823
292818,803,278,7.5,111.0,179.0,234.84615384615387,D:\AprPanama2025_fixed\041025_experimental\041025PA_experimental_part17.mp4,1900-01-02 02:01:01.800,823
292829,799,273,3.5,117.0,174.0,247.1,D:\AprPanama2025_fixed\041025_experimental\041025PA_experimental_part17.mp4,1900-01-02 02:01:02.900,819
292827,801,275,8.0,113.0,175.0,244.7058823529412,D:\AprPanama2025_fixed\041025_experimental\041025PA_experimental_part17.mp4,1900-01-02 02:01:02.700,821
292828,800,274,7.0,112.0,172.0,249.26666666666665,D:\AprPanama2025_fixed\041025_experimental\041025PA_experimental_part17.mp4,1900-01-02 02:01:02.800,820
292826,801,275,11.0,117.0,175.0,246.52380952380952,D:\AprPanama2025_fixed\041025_experimental\041025PA_experimental_part17.mp4,1900-01-02 02:01:02.600,821
292825,801,276,9.5,121.0,173.0,243.38888888888889,D:\AprPanama2025_fixed\041025_experimental\041025PA_experimental_part17.mp4,1900-01-02 02:01:02.500,821
292876,726,193,3.5,113.0,178.0,213.5,D:\AprPanama2025_fixed\041025_experimental\041025PA_experimental_part17.mp4,1900-01-02 02:01:07.600,746
292878,726,193,3.0,115.0,182.0,227.0,D:\AprPanama2025_fixed\041025_experimental\041025PA_experimental_part17.mp4,1900-01-02 02:01:07.800,746
292875,726,193,3.5,113.0,179.0,200.5,D:\AprPanama2025_fixed\041025_experimental\041025PA_experimental_part17.mp4,1900-01-02 02:01:07.500,746
292877,726,193,3.0,115.0,180.0,222.42857142857144,D:\AprPanama2025_fixed\041025_experimental\041025PA_experimental_part17.mp4,1900-01-02 02:01:07.700,746
292879,726,193,2.5,114.0,179.0,195.5,D:\AprPanama2025_fixed\041025_experimental\041025PA_experimental_part17.mp4,1900-01-02 02:01:07.900,746
292874,726,193,5.0,129.0,169.0,178.60000000000002,D:\AprPanama2025_fixed\041025_experimental\041025PA_experimental_part17.mp4,1900-01-02 02:01:07.400,746
292873,725,193,4.5,113.0,165.0,150.55555555555554,D:\AprPanama2025_fixed\041025_experimental\041025PA_experimental_part17.mp4,1900-01-02 02:01:07.300,745
293111,724,27,2.0,119.0,171.0,227.5,D:\AprPanama2025_fixed\041025_experimental\041025PA_experimental_part17.mp4,1900-01-02 02:01:31.100,744
293116,724,27,3.0,129.0,178.0,255.0,D:\AprPanama2025_fixed\041025_experimental\041025PA_experimental_part17.mp4,1900-01-02 02:01:31.600,744
293115,724,27,2.0,139.0,175.0,253.8333333333333,D:\AprPanama2025_fixed\041025_experimental\041025PA_experimental_part17.mp4,1900-01-02 02:01:31.500,744
293114,724,27,2.0,134.0,174.0,248.8333333333333,D:\AprPanama2025_fixed\041025_experimental\041025PA_experimental_part17.mp4,1900-01-02 02:01:31.400,744
293113,724,27,2.0,122.0,173.0,249.16666666666663,D:\AprPanama2025_fixed\041025_experimental\041025PA_experimental_part17.mp4,1900-01-02 02:01:31.300,744
300558,503,160,6.0,125.0,179.0,239.3333333333333,D:\AprPanama2025_fixed\041025_experimental\041025PA_experimental_part17.mp4,1900-01-02 02:13:55.800,523
300557,503,160,5.0,120.0,169.0,240.8,D:\AprPanama2025_fixed\041025_experimental\041025PA_experimental_part17.mp4,1900-01-02 02:13:55.700,523
300560,503,160,8.5,127.0,179.0,243.06666666666663,D:\AprPanama2025_fixed\041025_experimental\041025PA_experimental_part17.mp4,1900-01-02 02:13:56.000,523
300559,503,160,8.5,127.0,179.0,243.06666666666663,D:\AprPanama2025_fixed\041025_experimental\041025PA_experimental_part17.mp4,1900-01-02 02:13:55.900,523
300563,504,161,3.5,132.0,178.0,247.625,D:\AprPanama2025_fixed\041025_experimental\041025PA_experimental_part17.mp4,1900-01-02 02:13:56.300,524
300565,504,161,4.5,128.0,176.0,222.9,D:\AprPanama2025_fixed\041025_experimental\041025PA_experimental_part17.mp4,1900-01-02 02:13:56.500,524
300564,504,161,5.5,128.0,176.0,225.8181818181818,D:\AprPanama2025_fixed\041025_experimental\041025PA_experimental_part17.mp4,1900-01-02 02:13:56.400,524
300562,504,161,3.5,135.0,178.0,247.625,D:\AprPanama2025_fixed\041025_experimental\041025PA_experimental_part17.mp4,1900-01-02 02:13:56.200,524
300566,504,161,5.0,113.0,171.0,231.1,D:\AprPanama2025_fixed\041025_experimental\041025PA_experimental_part17.mp4,1900-01-02 02:13:56.600,524
300561,504,161,4.5,118.0,176.0,242.9,D:\AprPanama2025_fixed\041025_experimental\041025PA_experimental_part17.mp4,1900-01-02 02:13:56.100,524
300569,506,161,2.0,111.0,169.0,195.57142857142856,D:\AprPanama2025_fixed\041025_experimental\041025PA_experimental_part17.mp4,1900-01-02 02:13:56.900,526
300570,506,161,2.0,111.0,169.0,195.57142857142856,D:\AprPanama2025_fixed\041025_experimental\041025PA_experimental_part17.mp4,1900-01-02 02:13:57.000,526
310243,497,251,5.5,124.0,175.0,251.8181818181818,D:\AprPanama2025_fixed\041025_experimental\041025PA_experimental_part18.mp4,1900-01-02 02:30:04.300,517
310246,497,250,11.5,115.0,179.0,244.1052631578947,D:\AprPanama2025_fixed\041025_experimental\041025PA_experimental_part18.mp4,1900-01-02 02:30:04.600,517
310241,497,248,2.5,117.0,169.0,143.85714285714286,D:\AprPanama2025_fixed\041025_experimental\041025PA_experimental_part18.mp4,1900-01-02 02:30:04.100,517
310244,497,250,8.5,124.0,181.0,245.875,D:\AprPanama2025_fixed\041025_experimental\041025PA_experimental_part18.mp4,1900-01-02 02:30:04.400,517
310242,498,251,4.0,120.0,175.0,249.0,D:\AprPanama2025_fixed\041025_experimental\041025PA_experimental_part18.mp4,1900-01-02 02:30:04.200,518
310245,497,250,9.0,114.0,179.0,241.2941176470588,D:\AprPanama2025_fixed\041025_experimental\041025PA_experimental_part18.mp4,1900-01-02 02:30:04.500,517
310247,497,250,8.5,112.0,187.0,243.7333333333333,D:\AprPanama2025_fixed\041025_experimental\041025PA_experimental_part18.mp4,1900-01-02 02:30:04.700,517
310255,496,249,3.5,123.0,173.0,244.7,D:\AprPanama2025_fixed\041025_experimental\041025PA_experimental_part18.mp4,1900-01-02 02:30:05.500,516
310249,497,250,7.5,126.0,179.0,241.64285714285717,D:\AprPanama2025_fixed\041025_experimental\041025PA_experimental_part18.mp4,1900-01-02 02:30:04.900,517
310251,497,250,6.5,119.0,177.0,239.5833333333333,D:\AprPanama2025_fixed\041025_experimental\041025PA_experimental_part18.mp4,1900-01-02 02:30:05.100,517
310250,497,250,6.5,119.0,177.0,239.5833333333333,D:\AprPanama2025_fixed\041025_experimental\041025PA_experimental_part18.mp4,1900-01-02 02:30:05.000,517
310252,496,250,7.5,131.0,179.0,247.42857142857144,D:\AprPanama2025_fixed\041025_experimental\041025PA_experimental_part18.mp4,1900-01-02 02:30:05.200,516
310248,497,250,9.5,114.0,179.0,241.76470588235293,D:\AprPanama2025_fixed\041025_experimental\041025PA_experimental_part18.mp4,1900-01-02 02:30:04.800,517
310253,497,250,7.5,114.0,176.0,239.7142857142857,D:\AprPanama2025_fixed\041025_experimental\041025PA_experimental_part18.mp4,1900-01-02 02:30:05.300,517
310254,496,250,6.5,119.0,172.0,242.0769230769231,D:\AprPanama2025_fixed\041025_experimental\041025PA_experimental_part18.mp4,1900-01-02 02:30:05.400,516
310256,496,249,5.0,119.0,178.0,244.5,D:\AprPanama2025_fixed\041025_experimental\041025PA_experimental_part18.mp4,1900-01-02 02:30:05.600,516
310262,494,248,3.0,112.0,162.0,229.44444444444443,D:\AprPanama2025_fixed\041025_experimental\041025PA_experimental_part18.mp4,1900-01-02 02:30:06.200,514
310258,495,249,4.5,119.0,176.0,236.2222222222222,D:\AprPanama2025_fixed\041025_experimental\041025PA_experimental_part18.mp4,1900-01-02 02:30:05.800,515
310259,495,249,3.0,125.0,176.0,242.5,D:\AprPanama2025_fixed\041025_experimental\041025PA_experimental_part18.mp4,1900-01-02 02:30:05.900,515
310257,496,249,5.0,119.0,178.0,244.5,D:\AprPanama2025_fixed\041025_experimental\041025PA_experimental_part18.mp4,1900-01-02 02:30:05.700,516
310263,494,249,2.5,125.0,161.0,242.125,D:\AprPanama2025_fixed\041025_experimental\041025PA_experimental_part18.mp4,1900-01-02 02:30:06.300,514
310260,495,249,3.0,124.0,170.0,245.875,D:\AprPanama2025_fixed\041025_experimental\041025PA_experimental_part18.mp4,1900-01-02 02:30:06.000,515
310261,494,248,5.0,116.0,169.0,217.9090909090909,D:\AprPanama2025_fixed\041025_experimental\041025PA_experimental_part18.mp4,1900-01-02 02:30:06.100,514
310266,494,248,1.5,119.0,172.0,236.6,D:\AprPanama2025_fixed\041025_experimental\041025PA_experimental_part18.mp4,1900-01-02 02:30:06.600,514
310264,494,248,2.5,131.0,165.0,253.0,D:\AprPanama2025_fixed\041025_experimental\041025PA_experimental_part18.mp4,1900-01-02 02:30:06.400,514
319021,257,77,1.5,124.0,147.0,63.0,D:\AprPanama2025_fixed\041025_experimental\041025PA_experimental_part18.mp4,1900-01-02 02:44:42.100,277
319020,257,77,1.5,124.0,147.0,63.0,D:\AprPanama2025_fixed\041025_experimental\041025PA_experimental_part18.mp4,1900-01-02 02:44:42.000,277
319022,257,77,1.5,124.0,147.0,63.0,D:\AprPanama2025_fixed\041025_experimental\041025PA_experimental_part18.mp4,1900-01-02 02:44:42.200,277
319023,257,77,1.5,124.0,147.0,63.0,D:\AprPanama2025_fixed\041025_experimental\041025PA_experimental_part18.mp4,1900-01-02 02:44:42.300,277
319024,257,77,1.5,124.0,147.0,63.0,D:\AprPanama2025_fixed\041025_experimental\041025PA_experimental_part18.mp4,1900-01-02 02:44:42.400,277
324460,684,268,4.5,143.0,178.0,252.5,D:\AprPanama2025_fixed\041025_experimental\041025PA_experimental_part19.mp4,1900-01-02 02:53:46.000,704
324456,684,267,1.5,138.0,177.0,230.2,D:\AprPanama2025_fixed\041025_experimental\041025PA_experimental_part19.mp4,1900-01-02 02:53:45.600,704
324457,684,268,4.5,142.0,178.0,253.1,D:\AprPanama2025_fixed\041025_experimental\041025PA_experimental_part19.mp4,1900-01-02 02:53:45.700,704
324455,684,267,4.0,112.0,175.0,213.44444444444443,D:\AprPanama2025_fixed\041025_experimental\041025PA_experimental_part19.mp4,1900-01-02 02:53:45.500,704
324461,684,268,4.5,132.0,176.0,251.6,D:\AprPanama2025_fixed\041025_experimental\041025PA_experimental_part19.mp4,1900-01-02 02:53:46.100,704
324458,684,268,4.5,142.0,178.0,253.1,D:\AprPanama2025_fixed\041025_experimental\041025PA_experimental_part19.mp4,1900-01-02 02:53:45.800,704
324462,684,268,5.0,115.0,175.0,249.8,D:\AprPanama2025_fixed\041025_experimental\041025PA_experimental_part19.mp4,1900-01-02 02:53:46.200,704
324459,684,268,4.5,115.0,178.0,253.1,D:\AprPanama2025_fixed\041025_experimental\041025PA_experimental_part19.mp4,1900-01-02 02:53:45.900,704
324468,684,269,3.5,135.0,172.0,205.75,D:\AprPanama2025_fixed\041025_experimental\041025PA_experimental_part19.mp4,1900-01-02 02:53:46.800,704
324464,682,270,2.5,119.0,180.0,248.625,D:\AprPanama2025_fixed\041025_experimental\041025PA_experimental_part19.mp4,1900-01-02 02:53:46.400,702
324467,684,269,3.5,125.0,173.0,211.75,D:\AprPanama2025_fixed\041025_experimental\041025PA_experimental_part19.mp4,1900-01-02 02:53:46.700,704
324466,683,269,4.5,115.0,178.0,222.3333333333333,D:\AprPanama2025_fixed\041025_experimental\041025PA_experimental_part19.mp4,1900-01-02 02:53:46.600,703
324465,683,269,3.5,111.0,179.0,242.875,D:\AprPanama2025_fixed\041025_experimental\041025PA_experimental_part19.mp4,1900-01-02 02:53:46.500,703
324469,683,268,1.5,133.0,165.0,201.8333333333333,D:\AprPanama2025_fixed\041025_experimental\041025PA_experimental_part19.mp4,1900-01-02 02:53:46.900,703
324478,682,270,2.5,111.0,142.0,67.57142857142857,D:\AprPanama2025_fixed\041025_experimental\041025PA_experimental_part19.mp4,1900-01-02 02:53:47.800,702
324477,682,270,2.0,113.0,157.0,102.33333333333331,D:\AprPanama2025_fixed\041025_experimental\041025PA_experimental_part19.mp4,1900-01-02 02:53:47.700,702
325461,63,25,2.0,115.0,158.0,96.5,D:\AprPanama2025_fixed\041025_experimental\041025PA_experimental_part19.mp4,1900-01-02 02:55:26.100,83
325459,62,25,1.5,131.0,164.0,216.8,D:\AprPanama2025_fixed\041025_experimental\041025PA_experimental_part19.mp4,1900-01-02 02:55:25.900,82
325462,63,25,2.0,115.0,158.0,96.5,D:\AprPanama2025_fixed\041025_experimental\041025PA_experimental_part19.mp4,1900-01-02 02:55:26.200,83
325464,63,25,2.0,116.0,158.0,92.5,D:\AprPanama2025_fixed\041025_experimental\041025PA_experimental_part19.mp4,1900-01-02 02:55:26.400,83
325468,63,25,2.0,116.0,147.0,71.83333333333333,D:\AprPanama2025_fixed\041025_experimental\041025PA_experimental_part19.mp4,1900-01-02 02:55:26.800,83
325463,63,25,2.0,116.0,158.0,94.5,D:\AprPanama2025_fixed\041025_experimental\041025PA_experimental_part19.mp4,1900-01-02 02:55:26.300,83
325467,62,25,1.5,140.0,158.0,214.6,D:\AprPanama2025_fixed\041025_experimental\041025PA_experimental_part19.mp4,1900-01-02 02:55:26.700,82
325465,62,25,1.5,140.0,173.0,216.0,D:\AprPanama2025_fixed\041025_experimental\041025PA_experimental_part19.mp4,1900-01-02 02:55:26.500,82
325472,73,29,1.5,123.0,147.0,66.2,D:\AprPanama2025_fixed\041025_experimental\041025PA_experimental_part19.mp4,1900-01-02 02:55:27.200,93
325471,73,29,1.5,123.0,147.0,68.8,D:\AprPanama2025_fixed\041025_experimental\041025PA_experimental_part19.mp4,1900-01-02 02:55:27.100,93
329541,322,55,1.5,118.0,168.0,225.0,D:\AprPanama2025_fixed\041025_experimental\041025PA_experimental_part19.mp4,1900-01-02 03:02:14.100,342
329542,322,55,2.5,160.0,178.0,248.8333333333333,D:\AprPanama2025_fixed\041025_experimental\041025PA_experimental_part19.mp4,1900-01-02 03:02:14.200,342
329549,322,55,2.0,133.0,173.0,209.8333333333333,D:\AprPanama2025_fixed\041025_experimental\041025PA_experimental_part19.mp4,1900-01-02 03:02:14.900,342
329548,322,55,2.0,133.0,173.0,209.8333333333333,D:\AprPanama2025_fixed\041025_experimental\041025PA_experimental_part19.mp4,1900-01-02 03:02:14.800,342
329546,322,55,5.0,112.0,179.0,239.4,D:\AprPanama2025_fixed\041025_experimental\041025PA_experimental_part19.mp4,1900-01-02 03:02:14.600,342
329550,322,55,2.0,133.0,173.0,209.8333333333333,D:\AprPanama2025_fixed\041025_experimental\041025PA_experimental_part19.mp4,1900-01-02 03:02:15.000,342
329545,322,55,5.0,112.0,177.0,226.2,D:\AprPanama2025_fixed\041025_experimental\041025PA_experimental_part19.mp4,1900-01-02 03:02:14.500,342
329547,322,55,2.5,138.0,171.0,220.7142857142857,D:\AprPanama2025_fixed\041025_experimental\041025PA_experimental_part19.mp4,1900-01-02 03:02:14.700,342
329543,322,55,5.0,112.0,179.0,237.0,D:\AprPanama2025_fixed\041025_experimental\041025PA_experimental_part19.mp4,1900-01-02 03:02:14.300,342
329544,322,55,5.0,112.0,179.0,237.0,D:\AprPanama2025_fixed\041025_experimental\041025PA_experimental_part19.mp4,1900-01-02 03:02:14.400,342
329553,322,55,2.0,114.0,178.0,202.16666666666663,D:\AprPanama2025_fixed\041025_experimental\041025PA_experimental_part19.mp4,1900-01-02 03:02:15.300,342
329555,322,55,1.5,127.0,153.0,138.8,D:\AprPanama2025_fixed\041025_experimental\041025PA_experimental_part19.mp4,1900-01-02 03:02:15.500,342
329556,322,55,1.5,122.0,153.0,132.0,D:\AprPanama2025_fixed\041025_experimental\041025PA_experimental_part19.mp4,1900-01-02 03:02:15.600,342
329554,322,55,2.0,114.0,178.0,202.16666666666663,D:\AprPanama2025_fixed\041025_experimental\041025PA_experimental_part19.mp4,1900-01-02 03:02:15.400,342
329557,322,55,1.5,121.0,146.0,137.4,D:\AprPanama2025_fixed\041025_experimental\041025PA_experimental_part19.mp4,1900-01-02 03:02:15.700,342
329551,322,55,2.0,139.0,177.0,208.3333333333333,D:\AprPanama2025_fixed\041025_experimental\041025PA_experimental_part19.mp4,1900-01-02 03:02:15.100,342
329552,322,55,2.0,114.0,178.0,202.16666666666663,D:\AprPanama2025_fixed\041025_experimental\041025PA_experimental_part19.mp4,1900-01-02 03:02:15.200,342
329833,71,28,1.5,117.0,150.0,90.6,D:\AprPanama2025_fixed\041025_experimental\041025PA_experimental_part19.mp4,1900-01-02 03:02:43.300,91
329834,71,28,1.5,117.0,150.0,90.6,D:\AprPanama2025_fixed\041025_experimental\041025PA_experimental_part19.mp4,1900-01-02 03:02:43.400,91
331574,632,197,6.0,114.0,179.0,244.25,D:\AprPanama2025_fixed\041025_experimental\041025PA_experimental_part19.mp4,1900-01-02 03:05:37.400,652
331573,632,196,3.0,112.0,169.0,230.625,D:\AprPanama2025_fixed\041025_experimental\041025PA_experimental_part19.mp4,1900-01-02 03:05:37.300,652
331577,633,196,8.0,119.0,179.0,246.7142857142857,D:\AprPanama2025_fixed\041025_experimental\041025PA_experimental_part19.mp4,1900-01-02 03:05:37.700,653
331582,632,196,7.0,125.0,177.0,248.84615384615387,D:\AprPanama2025_fixed\041025_experimental\041025PA_experimental_part19.mp4,1900-01-02 03:05:38.200,652
331579,633,196,8.0,123.0,179.0,247.92857142857144,D:\AprPanama2025_fixed\041025_experimental\041025PA_experimental_part19.mp4,1900-01-02 03:05:37.900,653
331580,633,196,8.0,117.0,179.0,248.64285714285717,D:\AprPanama2025_fixed\041025_experimental\041025PA_experimental_part19.mp4,1900-01-02 03:05:38.000,653
331575,633,197,8.5,112.0,179.0,248.6,D:\AprPanama2025_fixed\041025_experimental\041025PA_experimental_part19.mp4,1900-01-02 03:05:37.500,653
331578,633,197,8.5,115.0,179.0,246.26666666666665,D:\AprPanama2025_fixed\041025_experimental\041025PA_experimental_part19.mp4,1900-01-02 03:05:37.800,653
331581,632,196,7.0,132.0,179.0,251.15384615384616,D:\AprPanama2025_fixed\041025_experimental\041025PA_experimental_part19.mp4,1900-01-02 03:05:38.100,652
331576,633,197,8.5,112.0,179.0,248.6,D:\AprPanama2025_fixed\041025_experimental\041025PA_experimental_part19.mp4,1900-01-02 03:05:37.600,653
331590,632,197,4.5,113.0,173.0,242.7,D:\AprPanama2025_fixed\041025_experimental\041025PA_experimental_part19.mp4,1900-01-02 03:05:39.000,652
331588,632,197,5.0,118.0,173.0,246.1818181818182,D:\AprPanama2025_fixed\041025_experimental\041025PA_experimental_part19.mp4,1900-01-02 03:05:38.800,652
331584,632,196,7.0,113.0,178.0,244.53846153846155,D:\AprPanama2025_fixed\041025_experimental\041025PA_experimental_part19.mp4,1900-01-02 03:05:38.400,652
331589,632,197,5.0,113.0,173.0,245.72727272727275,D:\AprPanama2025_fixed\041025_experimental\041025PA_experimental_part19.mp4,1900-01-02 03:05:38.900,652
331586,632,197,7.0,121.0,179.0,251.15384615384616,D:\AprPanama2025_fixed\041025_experimental\041025PA_experimental_part19.mp4,1900-01-02 03:05:38.600,652
331583,632,196,7.0,119.0,179.0,248.3846153846154,D:\AprPanama2025_fixed\041025_experimental\041025PA_experimental_part19.mp4,1900-01-02 03:05:38.300,652
331585,632,197,6.0,115.0,179.0,247.0,D:\AprPanama2025_fixed\041025_experimental\041025PA_experimental_part19.mp4,1900-01-02 03:05:38.500,652
331587,632,196,4.0,122.0,177.0,249.3,D:\AprPanama2025_fixed\041025_experimental\041025PA_experimental_part19.mp4,1900-01-02 03:05:38.700,652
331591,632,197,4.5,113.0,173.0,242.7,D:\AprPanama2025_fixed\041025_experimental\041025PA_experimental_part19.mp4,1900-01-02 03:05:39.100,652
337043,122,268,4.0,112.0,174.0,204.77777777777777,D:\AprPanama2025_fixed\041025_experimental\041025PA_experimental_part19.mp4,1900-01-02 03:14:44.300,142
337046,124,269,1.5,112.0,148.0,185.42857142857144,D:\AprPanama2025_fixed\041025_experimental\041025PA_experimental_part19.mp4,1900-01-02 03:14:44.600,144
337039,118,267,2.0,115.0,178.0,255.0,D:\AprPanama2025_fixed\041025_experimental\041025PA_experimental_part19.mp4,1900-01-02 03:14:43.900,138
337041,120,266,2.0,116.0,154.0,223.16666666666663,D:\AprPanama2025_fixed\041025_experimental\041025PA_experimental_part19.mp4,1900-01-02 03:14:44.100,140
337044,122,269,4.0,117.0,170.0,225.3,D:\AprPanama2025_fixed\041025_experimental\041025PA_experimental_part19.mp4,1900-01-02 03:14:44.400,142
337042,120,268,3.0,125.0,179.0,248.0,D:\AprPanama2025_fixed\041025_experimental\041025PA_experimental_part19.mp4,1900-01-02 03:14:44.200,140
339798,713,25,7.5,116.0,178.0,250.64285714285717,D:\AprPanama2025_fixed\041025_experimental\041025PA_experimental_part19.mp4,1900-01-02 03:19:19.800,733
339792,714,26,1.5,118.0,150.0,243.0,D:\AprPanama2025_fixed\041025_experimental\041025PA_experimental_part19.mp4,1900-01-02 03:19:19.200,734
339795,713,26,5.5,138.0,178.0,252.91666666666663,D:\AprPanama2025_fixed\041025_experimental\041025PA_experimental_part19.mp4,1900-01-02 03:19:19.500,733
339793,714,26,5.0,134.0,176.0,243.54545454545456,D:\AprPanama2025_fixed\041025_experimental\041025PA_experimental_part19.mp4,1900-01-02 03:19:19.300,734
339796,713,26,5.5,138.0,179.0,252.41666666666663,D:\AprPanama2025_fixed\041025_experimental\041025PA_experimental_part19.mp4,1900-01-02 03:19:19.600,733
339794,713,26,5.5,138.0,178.0,252.91666666666663,D:\AprPanama2025_fixed\041025_experimental\041025PA_experimental_part19.mp4,1900-01-02 03:19:19.400,733
339797,713,26,5.5,131.0,179.0,252.16666666666663,D:\AprPanama2025_fixed\041025_experimental\041025PA_experimental_part19.mp4,1900-01-02 03:19:19.700,733
339800,714,25,8.5,117.0,176.0,250.33333333333331,D:\AprPanama2025_fixed\041025_experimental\041025PA_experimental_part19.mp4,1900-01-02 03:19:20.000,734
339800,728,49,2.0,111.0,166.0,192.5,D:\AprPanama2025_fixed\041025_experimental\041025PA_experimental_part19.mp4,1900-01-02 03:19:20.000,748
339804,714,25,4.5,119.0,178.0,239.7,D:\AprPanama2025_fixed\041025_experimental\041025PA_experimental_part19.mp4,1900-01-02 03:19:20.400,734
339804,727,50,9.5,119.0,178.0,247.375,D:\AprPanama2025_fixed\041025_experimental\041025PA_experimental_part19.mp4,1900-01-02 03:19:20.400,747
339806,714,25,4.5,118.0,176.0,247.2,D:\AprPanama2025_fixed\041025_experimental\041025PA_experimental_part19.mp4,1900-01-02 03:19:20.600,734
339806,727,50,8.5,114.0,178.0,246.13333333333333,D:\AprPanama2025_fixed\041025_experimental\041025PA_experimental_part19.mp4,1900-01-02 03:19:20.600,747
339802,714,25,5.5,112.0,178.0,253.72727272727275,D:\AprPanama2025_fixed\041025_experimental\041025PA_experimental_part19.mp4,1900-01-02 03:19:20.200,734
339802,728,50,4.5,132.0,179.0,250.3,D:\AprPanama2025_fixed\041025_experimental\041025PA_experimental_part19.mp4,1900-01-02 03:19:20.200,748
339799,713,25,7.5,115.0,176.0,249.2142857142857,D:\AprPanama2025_fixed\041025_experimental\041025PA_experimental_part19.mp4,1900-01-02 03:19:19.900,733
339799,728,49,1.5,111.0,166.0,182.8,D:\AprPanama2025_fixed\041025_experimental\041025PA_experimental_part19.mp4,1900-01-02 03:19:19.900,748
339803,714,25,3.5,131.0,179.0,250.44444444444443,D:\AprPanama2025_fixed\041025_experimental\041025PA_experimental_part19.mp4,1900-01-02 03:19:20.300,734
339803,727,50,5.5,118.0,179.0,250.3333333333333,D:\AprPanama2025_fixed\041025_experimental\041025PA_experimental_part19.mp4,1900-01-02 03:19:20.300,747
339801,714,25,7.0,114.0,173.0,247.23076923076923,D:\AprPanama2025_fixed\041025_experimental\041025PA_experimental_part19.mp4,1900-01-02 03:19:20.100,734
339801,728,50,3.0,135.0,171.0,241.0,D:\AprPanama2025_fixed\041025_experimental\041025PA_experimental_part19.mp4,1900-01-02 03:19:20.100,748
339805,714,25,4.5,118.0,176.0,245.8,D:\AprPanama2025_fixed\041025_experimental\041025PA_experimental_part19.mp4,1900-01-02 03:19:20.500,734
339805,727,50,8.5,127.0,178.0,247.9333333333333,D:\AprPanama2025_fixed\041025_experimental\041025PA_experimental_part19.mp4,1900-01-02 03:19:20.500,747
339814,727,51,4.5,121.0,172.0,247.2222222222222,D:\AprPanama2025_fixed\041025_experimental\041025PA_experimental_part19.mp4,1900-01-02 03:19:21.400,747
339813,714,25,1.5,114.0,154.0,232.42857142857144,D:\AprPanama2025_fixed\041025_experimental\041025PA_experimental_part19.mp4,1900-01-02 03:19:21.300,734
339813,727,51,6.0,112.0,178.0,239.54545454545456,D:\AprPanama2025_fixed\041025_experimental\041025PA_experimental_part19.mp4,1900-01-02 03:19:21.300,747
339810,714,24,3.0,118.0,177.0,238.625,D:\AprPanama2025_fixed\041025_experimental\041025PA_experimental_part19.mp4,1900-01-02 03:19:21.000,734
339810,727,51,7.0,115.0,178.0,247.61538461538464,D:\AprPanama2025_fixed\041025_experimental\041025PA_experimental_part19.mp4,1900-01-02 03:19:21.000,747
339808,714,24,3.0,118.0,177.0,238.625,D:\AprPanama2025_fixed\041025_experimental\041025PA_experimental_part19.mp4,1900-01-02 03:19:20.800,734
339808,727,51,7.0,115.0,178.0,247.30769230769232,D:\AprPanama2025_fixed\041025_experimental\041025PA_experimental_part19.mp4,1900-01-02 03:19:20.800,747
339807,714,24,3.0,128.0,177.0,232.375,D:\AprPanama2025_fixed\041025_experimental\041025PA_experimental_part19.mp4,1900-01-02 03:19:20.700,734
339807,727,51,8.5,113.0,178.0,241.66666666666663,D:\AprPanama2025_fixed\041025_experimental\041025PA_experimental_part19.mp4,1900-01-02 03:19:20.700,747
339811,714,24,2.5,127.0,172.0,244.14285714285717,D:\AprPanama2025_fixed\041025_experimental\041025PA_experimental_part19.mp4,1900-01-02 03:19:21.100,734
339811,727,51,6.5,111.0,179.0,239.91666666666663,D:\AprPanama2025_fixed\041025_experimental\041025PA_experimental_part19.mp4,1900-01-02 03:19:21.100,747
339809,714,24,3.0,118.0,177.0,238.625,D:\AprPanama2025_fixed\041025_experimental\041025PA_experimental_part19.mp4,1900-01-02 03:19:20.900,734
339809,727,51,7.0,115.0,178.0,247.53846153846155,D:\AprPanama2025_fixed\041025_experimental\041025PA_experimental_part19.mp4,1900-01-02 03:19:20.900,747
339812,714,24,4.0,119.0,162.0,231.3333333333333,D:\AprPanama2025_fixed\041025_experimental\041025PA_experimental_part19.mp4,1900-01-02 03:19:21.200,734
339812,727,51,6.0,117.0,179.0,239.63636363636363,D:\AprPanama2025_fixed\041025_experimental\041025PA_experimental_part19.mp4,1900-01-02 03:19:21.200,747
339816,727,51,4.5,121.0,172.0,247.2222222222222,D:\AprPanama2025_fixed\041025_experimental\041025PA_experimental_part19.mp4,1900-01-02 03:19:21.600,747
339821,727,51,1.5,127.0,154.0,250.8,D:\AprPanama2025_fixed\041025_experimental\041025PA_experimental_part19.mp4,1900-01-02 03:19:22.100,747
339818,727,50,2.0,128.0,165.0,248.8333333333333,D:\AprPanama2025_fixed\041025_experimental\041025PA_experimental_part19.mp4,1900-01-02 03:19:21.800,747
339817,727,50,4.0,114.0,169.0,244.5,D:\AprPanama2025_fixed\041025_experimental\041025PA_experimental_part19.mp4,1900-01-02 03:19:21.700,747
339815,727,51,4.5,121.0,172.0,247.2222222222222,D:\AprPanama2025_fixed\041025_experimental\041025PA_experimental_part19.mp4,1900-01-02 03:19:21.500,747
339819,727,50,2.0,128.0,157.0,238.0,D:\AprPanama2025_fixed\041025_experimental\041025PA_experimental_part19.mp4,1900-01-02 03:19:21.900,747
339820,727,50,2.0,128.0,154.0,245.3333333333333,D:\AprPanama2025_fixed\041025_experimental\041025PA_experimental_part19.mp4,1900-01-02 03:19:22.000,747
339822,727,51,1.5,127.0,154.0,250.8,D:\AprPanama2025_fixed\041025_experimental\041025PA_experimental_part19.mp4,1900-01-02 03:19:22.200,747
339834,714,25,3.5,119.0,170.0,209.25,D:\AprPanama2025_fixed\041025_experimental\041025PA_experimental_part19.mp4,1900-01-02 03:19:23.400,734
339838,714,25,4.5,111.0,162.0,164.3,D:\AprPanama2025_fixed\041025_experimental\041025PA_experimental_part19.mp4,1900-01-02 03:19:23.800,734
339837,714,25,4.5,111.0,162.0,164.3,D:\AprPanama2025_fixed\041025_experimental\041025PA_experimental_part19.mp4,1900-01-02 03:19:23.700,734
339832,714,25,3.5,125.0,169.0,199.25,D:\AprPanama2025_fixed\041025_experimental\041025PA_experimental_part19.mp4,1900-01-02 03:19:23.200,734
339835,714,25,1.5,130.0,176.0,248.2,D:\AprPanama2025_fixed\041025_experimental\041025PA_experimental_part19.mp4,1900-01-02 03:19:23.500,734
339833,714,25,3.5,122.0,170.0,204.5,D:\AprPanama2025_fixed\041025_experimental\041025PA_experimental_part19.mp4,1900-01-02 03:19:23.300,734
339831,714,25,2.5,115.0,167.0,203.125,D:\AprPanama2025_fixed\041025_experimental\041025PA_experimental_part19.mp4,1900-01-02 03:19:23.100,734
339836,714,25,3.5,113.0,178.0,217.0,D:\AprPanama2025_fixed\041025_experimental\041025PA_experimental_part19.mp4,1900-01-02 03:19:23.600,734
339840,714,25,2.0,113.0,174.0,224.0,D:\AprPanama2025_fixed\041025_experimental\041025PA_experimental_part19.mp4,1900-01-02 03:19:24.000,734
339846,714,26,2.0,121.0,158.0,208.16666666666663,D:\AprPanama2025_fixed\041025_experimental\041025PA_experimental_part19.mp4,1900-01-02 03:19:24.600,734
339846,314,26,2.5,149.0,176.0,251.85714285714283,D:\AprPanama2025_fixed\041025_experimental\041025PA_experimental_part19.mp4,1900-01-02 03:19:24.600,334
339845,314,25,2.0,129.0,175.0,244.66666666666663,D:\AprPanama2025_fixed\041025_experimental\041025PA_experimental_part19.mp4,1900-01-02 03:19:24.500,334
339845,714,26,2.0,121.0,158.0,208.16666666666663,D:\AprPanama2025_fixed\041025_experimental\041025PA_experimental_part19.mp4,1900-01-02 03:19:24.500,734
339841,714,25,3.5,113.0,174.0,231.75,D:\AprPanama2025_fixed\041025_experimental\041025PA_experimental_part19.mp4,1900-01-02 03:19:24.100,734
339839,714,25,3.5,116.0,175.0,240.25,D:\AprPanama2025_fixed\041025_experimental\041025PA_experimental_part19.mp4,1900-01-02 03:19:23.900,734
339852,314,25,1.5,139.0,179.0,176.8,D:\AprPanama2025_fixed\041025_experimental\041025PA_experimental_part19.mp4,1900-01-02 03:19:25.200,334
339849,314,25,1.5,152.0,174.0,209.8,D:\AprPanama2025_fixed\041025_experimental\041025PA_experimental_part19.mp4,1900-01-02 03:19:24.900,334
339849,714,26,2.0,112.0,158.0,150.5,D:\AprPanama2025_fixed\041025_experimental\041025PA_experimental_part19.mp4,1900-01-02 03:19:24.900,734
339848,314,25,1.5,150.0,175.0,243.4,D:\AprPanama2025_fixed\041025_experimental\041025PA_experimental_part19.mp4,1900-01-02 03:19:24.800,334
339850,314,25,1.5,152.0,174.0,209.8,D:\AprPanama2025_fixed\041025_experimental\041025PA_experimental_part19.mp4,1900-01-02 03:19:25.000,334
339850,714,26,2.0,112.0,158.0,150.5,D:\AprPanama2025_fixed\041025_experimental\041025PA_experimental_part19.mp4,1900-01-02 03:19:25.000,734
339851,314,25,1.5,131.0,170.0,221.8,D:\AprPanama2025_fixed\041025_experimental\041025PA_experimental_part19.mp4,1900-01-02 03:19:25.100,334
339851,714,26,2.0,112.0,158.0,150.5,D:\AprPanama2025_fixed\041025_experimental\041025PA_experimental_part19.mp4,1900-01-02 03:19:25.100,734
341125,314,249,3.0,128.0,176.0,251.44444444444443,D:\AprPanama2025_fixed\041025_experimental\041025PA_experimental_part19.mp4,1900-01-02 03:21:32.500,334
341126,314,249,3.0,128.0,176.0,251.44444444444443,D:\AprPanama2025_fixed\041025_experimental\041025PA_experimental_part19.mp4,1900-01-02 03:21:32.600,334
341124,314,249,2.0,113.0,160.0,210.8333333333333,D:\AprPanama2025_fixed\041025_experimental\041025PA_experimental_part19.mp4,1900-01-02 03:21:32.400,334
341131,313,248,8.5,117.0,177.0,223.7333333333333,D:\AprPanama2025_fixed\041025_experimental\041025PA_experimental_part19.mp4,1900-01-02 03:21:33.100,333
341132,314,248,6.5,115.0,179.0,230.0769230769231,D:\AprPanama2025_fixed\041025_experimental\041025PA_experimental_part19.mp4,1900-01-02 03:21:33.200,334
341127,314,248,7.0,124.0,179.0,234.0,D:\AprPanama2025_fixed\041025_experimental\041025PA_experimental_part19.mp4,1900-01-02 03:21:32.700,334
341128,314,248,7.0,124.0,179.0,234.0,D:\AprPanama2025_fixed\041025_experimental\041025PA_experimental_part19.mp4,1900-01-02 03:21:32.800,334
341134,314,247,2.5,120.0,171.0,216.0,D:\AprPanama2025_fixed\041025_experimental\041025PA_experimental_part19.mp4,1900-01-02 03:21:33.400,334
341130,314,248,7.5,117.0,179.0,241.07142857142856,D:\AprPanama2025_fixed\041025_experimental\041025PA_experimental_part19.mp4,1900-01-02 03:21:33.000,334
341133,314,247,2.5,120.0,171.0,216.0,D:\AprPanama2025_fixed\041025_experimental\041025PA_experimental_part19.mp4,1900-01-02 03:21:33.300,334
341129,314,248,7.0,124.0,179.0,237.84615384615387,D:\AprPanama2025_fixed\041025_experimental\041025PA_experimental_part19.mp4,1900-01-02 03:21:32.900,334
341136,313,247,4.0,117.0,165.0,184.66666666666663,D:\AprPanama2025_fixed\041025_experimental\041025PA_experimental_part19.mp4,1900-01-02 03:21:33.600,333
341140,312,245,2.0,117.0,165.0,164.5,D:\AprPanama2025_fixed\041025_experimental\041025PA_experimental_part19.mp4,1900-01-02 03:21:34.000,332
341135,313,247,4.0,117.0,165.0,184.66666666666663,D:\AprPanama2025_fixed\041025_experimental\041025PA_experimental_part19.mp4,1900-01-02 03:21:33.500,333
341141,312,246,2.5,113.0,141.0,103.28571428571428,D:\AprPanama2025_fixed\041025_experimental\041025PA_experimental_part19.mp4,1900-01-02 03:21:34.100,332
341139,312,246,3.0,126.0,174.0,218.25,D:\AprPanama2025_fixed\041025_experimental\041025PA_experimental_part19.mp4,1900-01-02 03:21:33.900,332
341142,312,245,2.0,115.0,167.0,200.3333333333333,D:\AprPanama2025_fixed\041025_experimental\041025PA_experimental_part19.mp4,1900-01-02 03:21:34.200,332
341144,312,245,2.0,115.0,167.0,200.3333333333333,D:\AprPanama2025_fixed\041025_experimental\041025PA_experimental_part19.mp4,1900-01-02 03:21:34.400,332
341143,312,245,2.0,115.0,167.0,200.3333333333333,D:\AprPanama2025_fixed\041025_experimental\041025PA_experimental_part19.mp4,1900-01-02 03:21:34.300,332
341429,98,332,3.0,113.0,156.0,131.25,D:\AprPanama2025_fixed\041025_experimental\041025PA_experimental_part19.mp4,1900-01-02 03:22:02.900,118
341430,98,332,5.5,129.0,178.0,220.45454545454547,D:\AprPanama2025_fixed\041025_experimental\041025PA_experimental_part19.mp4,1900-01-02 03:22:03.000,118
341428,96,330,2.0,121.0,166.0,238.66666666666663,D:\AprPanama2025_fixed\041025_experimental\041025PA_experimental_part19.mp4,1900-01-02 03:22:02.800,116
341433,100,334,6.5,113.0,176.0,225.41666666666663,D:\AprPanama2025_fixed\041025_experimental\041025PA_experimental_part19.mp4,1900-01-02 03:22:03.300,120
341437,102,337,2.5,118.0,166.0,206.0,D:\AprPanama2025_fixed\041025_experimental\041025PA_experimental_part19.mp4,1900-01-02 03:22:03.700,122
341434,100,335,4.0,118.0,178.0,241.0,D:\AprPanama2025_fixed\041025_experimental\041025PA_experimental_part19.mp4,1900-01-02 03:22:03.400,120
341438,102,338,2.0,118.0,176.0,247.7142857142857,D:\AprPanama2025_fixed\041025_experimental\041025PA_experimental_part19.mp4,1900-01-02 03:22:03.800,122
341435,101,335,5.0,119.0,177.0,220.2,D:\AprPanama2025_fixed\041025_experimental\041025PA_experimental_part19.mp4,1900-01-02 03:22:03.500,121
341436,101,337,3.5,114.0,165.0,172.77777777777777,D:\AprPanama2025_fixed\041025_experimental\041025PA_experimental_part19.mp4,1900-01-02 03:22:03.600,121
341432,98,333,6.5,117.0,178.0,222.5,D:\AprPanama2025_fixed\041025_experimental\041025PA_experimental_part19.mp4,1900-01-02 03:22:03.200,118
341431,99,333,6.0,117.0,179.0,220.63636363636363,D:\AprPanama2025_fixed\041025_experimental\041025PA_experimental_part19.mp4,1900-01-02 03:22:03.100,119
341440,104,338,4.0,114.0,147.0,98.33333333333331,D:\AprPanama2025_fixed\041025_experimental\041025PA_experimental_part19.mp4,1900-01-02 03:22:04.000,124
341442,104,339,1.5,141.0,173.0,254.4,D:\AprPanama2025_fixed\041025_experimental\041025PA_experimental_part19.mp4,1900-01-02 03:22:04.200,124
341823,78,327,1.5,146.0,168.0,179.60000000000002,D:\AprPanama2025_fixed\041025_experimental\041025PA_experimental_part19.mp4,1900-01-02 03:22:42.300,98
342636,524,70,4.5,114.0,177.0,230.3333333333333,D:\AprPanama2025_fixed\041025_experimental\041025PA_experimental_part20.mp4,1900-01-02 03:24:03.600,544
342634,524,70,3.5,130.0,179.0,226.77777777777777,D:\AprPanama2025_fixed\041025_experimental\041025PA_experimental_part20.mp4,1900-01-02 03:24:03.400,544
342632,524,70,3.5,130.0,179.0,226.77777777777777,D:\AprPanama2025_fixed\041025_experimental\041025PA_experimental_part20.mp4,1900-01-02 03:24:03.200,544
342633,524,70,3.5,130.0,179.0,226.77777777777777,D:\AprPanama2025_fixed\041025_experimental\041025PA_experimental_part20.mp4,1900-01-02 03:24:03.300,544
342635,524,70,3.5,130.0,179.0,226.77777777777777,D:\AprPanama2025_fixed\041025_experimental\041025PA_experimental_part20.mp4,1900-01-02 03:24:03.500,544
342630,524,69,1.5,112.0,162.0,189.2,D:\AprPanama2025_fixed\041025_experimental\041025PA_experimental_part20.mp4,1900-01-02 03:24:03.000,544
342637,524,70,4.5,120.0,177.0,236.0,D:\AprPanama2025_fixed\041025_experimental\041025PA_experimental_part20.mp4,1900-01-02 03:24:03.700,544
342747,78,210,2.0,120.0,161.0,250.14285714285717,D:\AprPanama2025_fixed\041025_experimental\041025PA_experimental_part20.mp4,1900-01-02 03:24:14.700,98
342746,78,210,2.5,132.0,167.0,249.7142857142857,D:\AprPanama2025_fixed\041025_experimental\041025PA_experimental_part20.mp4,1900-01-02 03:24:14.600,98
342749,79,211,2.0,130.0,172.0,189.5,D:\AprPanama2025_fixed\041025_experimental\041025PA_experimental_part20.mp4,1900-01-02 03:24:14.900,99
342748,79,211,2.0,130.0,172.0,189.5,D:\AprPanama2025_fixed\041025_experimental\041025PA_experimental_part20.mp4,1900-01-02 03:24:14.800,99
342756,81,212,1.5,111.0,147.0,97.2,D:\AprPanama2025_fixed\041025_experimental\041025PA_experimental_part20.mp4,1900-01-02 03:24:15.600,101
342759,82,213,1.5,123.0,149.0,247.6,D:\AprPanama2025_fixed\041025_experimental\041025PA_experimental_part20.mp4,1900-01-02 03:24:15.900,102
342796,368,131,1.5,125.0,162.0,130.4,D:\AprPanama2025_fixed\041025_experimental\041025PA_experimental_part20.mp4,1900-01-02 03:24:19.600,388
342797,368,131,1.5,125.0,162.0,130.4,D:\AprPanama2025_fixed\041025_experimental\041025PA_experimental_part20.mp4,1900-01-02 03:24:19.700,388
342798,368,131,2.0,111.0,162.0,165.14285714285714,D:\AprPanama2025_fixed\041025_experimental\041025PA_experimental_part20.mp4,1900-01-02 03:24:19.800,388
342800,368,131,1.5,113.0,157.0,138.0,D:\AprPanama2025_fixed\041025_experimental\041025PA_experimental_part20.mp4,1900-01-02 03:24:20.000,388
342799,368,131,2.0,113.0,162.0,164.7142857142857,D:\AprPanama2025_fixed\041025_experimental\041025PA_experimental_part20.mp4,1900-01-02 03:24:19.900,388
344205,536,171,3.0,123.0,179.0,235.625,D:\AprPanama2025_fixed\041025_experimental\041025PA_experimental_part20.mp4,1900-01-02 03:26:40.500,556
344201,535,171,5.5,113.0,177.0,241.0,D:\AprPanama2025_fixed\041025_experimental\041025PA_experimental_part20.mp4,1900-01-02 03:26:40.100,555
344204,535,171,5.0,120.0,176.0,238.4,D:\AprPanama2025_fixed\041025_experimental\041025PA_experimental_part20.mp4,1900-01-02 03:26:40.400,555
344203,535,171,6.5,123.0,170.0,240.16666666666663,D:\AprPanama2025_fixed\041025_experimental\041025PA_experimental_part20.mp4,1900-01-02 03:26:40.300,555
344199,535,170,6.0,112.0,173.0,242.8333333333333,D:\AprPanama2025_fixed\041025_experimental\041025PA_experimental_part20.mp4,1900-01-02 03:26:39.900,555
344198,534,170,6.0,112.0,175.0,239.0,D:\AprPanama2025_fixed\041025_experimental\041025PA_experimental_part20.mp4,1900-01-02 03:26:39.800,554
344200,535,170,7.0,123.0,177.0,239.30769230769232,D:\AprPanama2025_fixed\041025_experimental\041025PA_experimental_part20.mp4,1900-01-02 03:26:40.000,555
344202,535,171,5.5,113.0,177.0,241.0,D:\AprPanama2025_fixed\041025_experimental\041025PA_experimental_part20.mp4,1900-01-02 03:26:40.200,555
344207,536,170,6.5,115.0,179.0,231.3333333333333,D:\AprPanama2025_fixed\041025_experimental\041025PA_experimental_part20.mp4,1900-01-02 03:26:40.700,556
344208,536,170,6.0,128.0,178.0,227.54545454545456,D:\AprPanama2025_fixed\041025_experimental\041025PA_experimental_part20.mp4,1900-01-02 03:26:40.800,556
344209,536,170,6.0,118.0,174.0,213.54545454545456,D:\AprPanama2025_fixed\041025_experimental\041025PA_experimental_part20.mp4,1900-01-02 03:26:40.900,556
344206,536,171,4.0,133.0,179.0,245.88888888888889,D:\AprPanama2025_fixed\041025_experimental\041025PA_experimental_part20.mp4,1900-01-02 03:26:40.600,556
344210,536,171,2.0,117.0,174.0,227.0,D:\AprPanama2025_fixed\041025_experimental\041025PA_experimental_part20.mp4,1900-01-02 03:26:41.000,556
344215,536,171,4.5,113.0,178.0,230.2,D:\AprPanama2025_fixed\041025_experimental\041025PA_experimental_part20.mp4,1900-01-02 03:26:41.500,556
344227,521,299,4.0,125.0,167.0,234.8,D:\AprPanama2025_fixed\041025_experimental\041025PA_experimental_part20.mp4,1900-01-02 03:26:42.700,541
344228,521,299,4.0,125.0,167.0,234.8,D:\AprPanama2025_fixed\041025_experimental\041025PA_experimental_part20.mp4,1900-01-02 03:26:42.800,541
344229,520,299,3.5,129.0,176.0,207.55555555555557,D:\AprPanama2025_fixed\041025_experimental\041025PA_experimental_part20.mp4,1900-01-02 03:26:42.900,540
344226,521,299,3.5,117.0,165.0,174.55555555555554,D:\AprPanama2025_fixed\041025_experimental\041025PA_experimental_part20.mp4,1900-01-02 03:26:42.600,541
344233,518,299,1.5,131.0,161.0,248.5,D:\AprPanama2025_fixed\041025_experimental\041025PA_experimental_part20.mp4,1900-01-02 03:26:43.300,538
344230,520,299,4.0,113.0,173.0,193.2,D:\AprPanama2025_fixed\041025_experimental\041025PA_experimental_part20.mp4,1900-01-02 03:26:43.000,540
344237,518,299,2.0,122.0,180.0,209.6,D:\AprPanama2025_fixed\041025_experimental\041025PA_experimental_part20.mp4,1900-01-02 03:26:43.700,538
344234,518,299,1.5,134.0,161.0,247.2,D:\AprPanama2025_fixed\041025_experimental\041025PA_experimental_part20.mp4,1900-01-02 03:26:43.400,538
344231,519,299,4.0,111.0,171.0,164.55555555555554,D:\AprPanama2025_fixed\041025_experimental\041025PA_experimental_part20.mp4,1900-01-02 03:26:43.100,539
344236,518,299,1.5,124.0,157.0,156.20000000000002,D:\AprPanama2025_fixed\041025_experimental\041025PA_experimental_part20.mp4,1900-01-02 03:26:43.600,538
344469,625,147,5.0,116.0,179.0,224.9090909090909,D:\AprPanama2025_fixed\041025_experimental\041025PA_experimental_part20.mp4,1900-01-02 03:27:06.900,645
344468,624,147,4.5,126.0,175.0,230.6,D:\AprPanama2025_fixed\041025_experimental\041025PA_experimental_part20.mp4,1900-01-02 03:27:06.800,644
344467,625,147,5.0,112.0,173.0,219.0909090909091,D:\AprPanama2025_fixed\041025_experimental\041025PA_experimental_part20.mp4,1900-01-02 03:27:06.700,645
344466,624,147,3.5,119.0,169.0,208.77777777777777,D:\AprPanama2025_fixed\041025_experimental\041025PA_experimental_part20.mp4,1900-01-02 03:27:06.600,644
344471,623,146,1.5,111.0,157.0,230.8,D:\AprPanama2025_fixed\041025_experimental\041025PA_experimental_part20.mp4,1900-01-02 03:27:07.100,643
344472,623,146,2.0,113.0,166.0,230.5,D:\AprPanama2025_fixed\041025_experimental\041025PA_experimental_part20.mp4,1900-01-02 03:27:07.200,643
344470,624,147,3.0,119.0,176.0,237.44444444444443,D:\AprPanama2025_fixed\041025_experimental\041025PA_experimental_part20.mp4,1900-01-02 03:27:07.000,644
344473,623,146,2.0,113.0,166.0,230.5,D:\AprPanama2025_fixed\041025_experimental\041025PA_experimental_part20.mp4,1900-01-02 03:27:07.300,643
346877,115,9,2.0,116.0,162.0,154.14285714285714,D:\AprPanama2025_fixed\041025_experimental\041025PA_experimental_part20.mp4,1900-01-02 03:31:07.700,135
346874,115,9,2.0,113.0,173.0,152.14285714285714,D:\AprPanama2025_fixed\041025_experimental\041025PA_experimental_part20.mp4,1900-01-02 03:31:07.400,135
346885,115,8,1.5,116.0,161.0,155.4,D:\AprPanama2025_fixed\041025_experimental\041025PA_experimental_part20.mp4,1900-01-02 03:31:08.500,135
346883,115,8,3.0,120.0,152.0,112.14285714285714,D:\AprPanama2025_fixed\041025_experimental\041025PA_experimental_part20.mp4,1900-01-02 03:31:08.300,135
346881,115,9,2.0,120.0,152.0,124.83333333333331,D:\AprPanama2025_fixed\041025_experimental\041025PA_experimental_part20.mp4,1900-01-02 03:31:08.100,135
346884,115,8,2.0,119.0,132.0,136.83333333333331,D:\AprPanama2025_fixed\041025_experimental\041025PA_experimental_part20.mp4,1900-01-02 03:31:08.400,135
346879,115,9,1.5,118.0,141.0,105.4,D:\AprPanama2025_fixed\041025_experimental\041025PA_experimental_part20.mp4,1900-01-02 03:31:07.900,135
346882,115,8,3.0,120.0,153.0,110.42857142857142,D:\AprPanama2025_fixed\041025_experimental\041025PA_experimental_part20.mp4,1900-01-02 03:31:08.200,135
346878,115,9,1.5,118.0,141.0,105.4,D:\AprPanama2025_fixed\041025_experimental\041025PA_experimental_part20.mp4,1900-01-02 03:31:07.800,135
346880,115,8,1.5,112.0,153.0,107.0,D:\AprPanama2025_fixed\041025_experimental\041025PA_experimental_part20.mp4,1900-01-02 03:31:08.000,135
346886,115,8,1.5,116.0,162.0,153.0,D:\AprPanama2025_fixed\041025_experimental\041025PA_experimental_part20.mp4,1900-01-02 03:31:08.600,135
347576,60,148,1.5,112.0,165.0,241.6,D:\AprPanama2025_fixed\041025_experimental\041025PA_experimental_part20.mp4,1900-01-02 03:32:17.600,80
347579,60,148,3.0,149.0,173.0,214.625,D:\AprPanama2025_fixed\041025_experimental\041025PA_experimental_part20.mp4,1900-01-02 03:32:17.900,80
347577,60,148,2.0,129.0,173.0,225.66666666666663,D:\AprPanama2025_fixed\041025_experimental\041025PA_experimental_part20.mp4,1900-01-02 03:32:17.700,80
347578,60,148,3.0,149.0,173.0,214.625,D:\AprPanama2025_fixed\041025_experimental\041025PA_experimental_part20.mp4,1900-01-02 03:32:17.800,80
347583,61,149,3.0,143.0,165.0,226.28571428571428,D:\AprPanama2025_fixed\041025_experimental\041025PA_experimental_part20.mp4,1900-01-02 03:32:18.300,81
347582,61,149,3.0,143.0,165.0,226.28571428571428,D:\AprPanama2025_fixed\041025_experimental\041025PA_experimental_part20.mp4,1900-01-02 03:32:18.200,81
347585,61,151,3.0,119.0,155.0,161.875,D:\AprPanama2025_fixed\041025_experimental\041025PA_experimental_part20.mp4,1900-01-02 03:32:18.500,81
347587,61,150,1.5,120.0,129.0,180.0,D:\AprPanama2025_fixed\041025_experimental\041025PA_experimental_part20.mp4,1900-01-02 03:32:18.700,81
347584,61,151,1.5,130.0,146.0,166.0,D:\AprPanama2025_fixed\041025_experimental\041025PA_experimental_part20.mp4,1900-01-02 03:32:18.400,81
347589,61,151,3.0,127.0,164.0,155.57142857142856,D:\AprPanama2025_fixed\041025_experimental\041025PA_experimental_part20.mp4,1900-01-02 03:32:18.900,81
347588,61,151,3.0,116.0,158.0,154.7142857142857,D:\AprPanama2025_fixed\041025_experimental\041025PA_experimental_part20.mp4,1900-01-02 03:32:18.800,81
347586,61,150,1.5,120.0,129.0,180.0,D:\AprPanama2025_fixed\041025_experimental\041025PA_experimental_part20.mp4,1900-01-02 03:32:18.600,81
347590,62,152,3.0,122.0,155.0,69.28571428571428,D:\AprPanama2025_fixed\041025_experimental\041025PA_experimental_part20.mp4,1900-01-02 03:32:19.000,82
347591,62,152,2.0,113.0,150.0,72.16666666666666,D:\AprPanama2025_fixed\041025_experimental\041025PA_experimental_part20.mp4,1900-01-02 03:32:19.100,82
347602,303,51,3.0,118.0,150.0,69.0,D:\AprPanama2025_fixed\041025_experimental\041025PA_experimental_part20.mp4,1900-01-02 03:32:20.200,323
347605,303,51,3.0,116.0,167.0,141.28571428571428,D:\AprPanama2025_fixed\041025_experimental\041025PA_experimental_part20.mp4,1900-01-02 03:32:20.500,323
347610,303,51,3.0,116.0,167.0,141.28571428571428,D:\AprPanama2025_fixed\041025_experimental\041025PA_experimental_part20.mp4,1900-01-02 03:32:21.000,323
347612,302,51,2.5,144.0,167.0,149.5,D:\AprPanama2025_fixed\041025_experimental\041025PA_experimental_part20.mp4,1900-01-02 03:32:21.200,322
347608,303,51,3.0,116.0,167.0,141.28571428571428,D:\AprPanama2025_fixed\041025_experimental\041025PA_experimental_part20.mp4,1900-01-02 03:32:20.800,323
347607,303,51,3.0,116.0,167.0,141.28571428571428,D:\AprPanama2025_fixed\041025_experimental\041025PA_experimental_part20.mp4,1900-01-02 03:32:20.700,323
347609,303,51,3.0,116.0,167.0,141.28571428571428,D:\AprPanama2025_fixed\041025_experimental\041025PA_experimental_part20.mp4,1900-01-02 03:32:20.900,323
348781,341,57,3.5,130.0,170.0,111.0,D:\AprPanama2025_fixed\041025_experimental\041025PA_experimental_part20.mp4,1900-01-02 03:34:18.100,361
348778,341,56,2.5,126.0,174.0,117.14285714285714,D:\AprPanama2025_fixed\041025_experimental\041025PA_experimental_part20.mp4,1900-01-02 03:34:17.800,361
348779,341,56,2.5,122.0,173.0,154.5,D:\AprPanama2025_fixed\041025_experimental\041025PA_experimental_part20.mp4,1900-01-02 03:34:17.900,361
348780,341,57,3.5,130.0,170.0,125.1111111111111,D:\AprPanama2025_fixed\041025_experimental\041025PA_experimental_part20.mp4,1900-01-02 03:34:18.000,361
348789,341,57,1.5,125.0,150.0,88.2,D:\AprPanama2025_fixed\041025_experimental\041025PA_experimental_part20.mp4,1900-01-02 03:34:18.900,361
348784,341,57,3.5,115.0,150.0,134.375,D:\AprPanama2025_fixed\041025_experimental\041025PA_experimental_part20.mp4,1900-01-02 03:34:18.400,361
348787,341,57,1.5,126.0,150.0,98.2,D:\AprPanama2025_fixed\041025_experimental\041025PA_experimental_part20.mp4,1900-01-02 03:34:18.700,361
348783,341,57,2.0,125.0,173.0,119.0,D:\AprPanama2025_fixed\041025_experimental\041025PA_experimental_part20.mp4,1900-01-02 03:34:18.300,361
348782,341,56,3.0,130.0,170.0,93.85714285714285,D:\AprPanama2025_fixed\041025_experimental\041025PA_experimental_part20.mp4,1900-01-02 03:34:18.200,361
348788,341,57,1.5,125.0,150.0,88.2,D:\AprPanama2025_fixed\041025_experimental\041025PA_experimental_part20.mp4,1900-01-02 03:34:18.800,361
348785,341,57,2.0,113.0,150.0,110.5,D:\AprPanama2025_fixed\041025_experimental\041025PA_experimental_part20.mp4,1900-01-02 03:34:18.500,361
348786,341,57,1.5,126.0,150.0,95.0,D:\AprPanama2025_fixed\041025_experimental\041025PA_experimental_part20.mp4,1900-01-02 03:34:18.600,361
348793,341,57,1.5,125.0,150.0,88.2,D:\AprPanama2025_fixed\041025_experimental\041025PA_experimental_part20.mp4,1900-01-02 03:34:19.300,361
348790,341,57,1.5,125.0,150.0,88.2,D:\AprPanama2025_fixed\041025_experimental\041025PA_experimental_part20.mp4,1900-01-02 03:34:19.000,361
348791,341,57,1.5,125.0,150.0,88.2,D:\AprPanama2025_fixed\041025_experimental\041025PA_experimental_part20.mp4,1900-01-02 03:34:19.100,361
348792,341,57,1.5,125.0,150.0,88.2,D:\AprPanama2025_fixed\041025_experimental\041025PA_experimental_part20.mp4,1900-01-02 03:34:19.200,361
348803,162,310,4.5,119.0,166.0,226.6,D:\AprPanama2025_fixed\041025_experimental\041025PA_experimental_part20.mp4,1900-01-02 03:34:20.300,182
348805,162,308,3.5,131.0,172.0,238.6,D:\AprPanama2025_fixed\041025_experimental\041025PA_experimental_part20.mp4,1900-01-02 03:34:20.500,182
348804,162,310,4.5,113.0,167.0,233.5,D:\AprPanama2025_fixed\041025_experimental\041025PA_experimental_part20.mp4,1900-01-02 03:34:20.400,182
348808,162,308,4.0,122.0,173.0,241.0,D:\AprPanama2025_fixed\041025_experimental\041025PA_experimental_part20.mp4,1900-01-02 03:34:20.800,182
348809,162,308,3.0,138.0,172.0,239.25,D:\AprPanama2025_fixed\041025_experimental\041025PA_experimental_part20.mp4,1900-01-02 03:34:20.900,182
348807,162,308,4.0,122.0,173.0,241.0,D:\AprPanama2025_fixed\041025_experimental\041025PA_experimental_part20.mp4,1900-01-02 03:34:20.700,182
348806,162,309,4.5,115.0,172.0,242.63636363636363,D:\AprPanama2025_fixed\041025_experimental\041025PA_experimental_part20.mp4,1900-01-02 03:34:20.600,182
350232,326,18,2.0,152.0,161.0,165.66666666666666,D:\AprPanama2025_fixed\041025_experimental\041025PA_experimental_part20.mp4,1900-01-02 03:36:43.200,346
350236,326,18,2.0,152.0,161.0,163.83333333333331,D:\AprPanama2025_fixed\041025_experimental\041025PA_experimental_part20.mp4,1900-01-02 03:36:43.600,346
350235,326,18,2.0,152.0,161.0,165.66666666666666,D:\AprPanama2025_fixed\041025_experimental\041025PA_experimental_part20.mp4,1900-01-02 03:36:43.500,346
350234,326,18,2.0,152.0,161.0,165.66666666666666,D:\AprPanama2025_fixed\041025_experimental\041025PA_experimental_part20.mp4,1900-01-02 03:36:43.400,346
350237,326,18,2.0,152.0,162.0,161.5,D:\AprPanama2025_fixed\041025_experimental\041025PA_experimental_part20.mp4,1900-01-02 03:36:43.700,346
350230,326,19,3.5,119.0,160.0,157.875,D:\AprPanama2025_fixed\041025_experimental\041025PA_experimental_part20.mp4,1900-01-02 03:36:43.000,346
350239,326,18,3.0,149.0,166.0,150.75,D:\AprPanama2025_fixed\041025_experimental\041025PA_experimental_part20.mp4,1900-01-02 03:36:43.900,346
350238,326,18,3.0,122.0,163.0,147.5,D:\AprPanama2025_fixed\041025_experimental\041025PA_experimental_part20.mp4,1900-01-02 03:36:43.800,346
350241,326,18,3.0,138.0,167.0,173.25,D:\AprPanama2025_fixed\041025_experimental\041025PA_experimental_part20.mp4,1900-01-02 03:36:44.100,346
350242,326,18,3.0,122.0,167.0,171.25,D:\AprPanama2025_fixed\041025_experimental\041025PA_experimental_part20.mp4,1900-01-02 03:36:44.200,346
350243,326,18,2.5,150.0,167.0,171.0,D:\AprPanama2025_fixed\041025_experimental\041025PA_experimental_part20.mp4,1900-01-02 03:36:44.300,346
350240,326,18,3.0,138.0,167.0,173.25,D:\AprPanama2025_fixed\041025_experimental\041025PA_experimental_part20.mp4,1900-01-02 03:36:44.000,346
350701,349,173,7.0,121.0,175.0,200.7692307692308,D:\AprPanama2025_fixed\041025_experimental\041025PA_experimental_part20.mp4,1900-01-02 03:37:30.100,369
350697,349,173,5.5,133.0,176.0,239.1818181818182,D:\AprPanama2025_fixed\041025_experimental\041025PA_experimental_part20.mp4,1900-01-02 03:37:29.700,369
350700,349,173,6.0,122.0,169.0,220.91666666666663,D:\AprPanama2025_fixed\041025_experimental\041025PA_experimental_part20.mp4,1900-01-02 03:37:30.000,369
350696,350,174,3.5,131.0,182.0,242.25,D:\AprPanama2025_fixed\041025_experimental\041025PA_experimental_part20.mp4,1900-01-02 03:37:29.600,370
350695,350,174,1.5,127.0,151.0,254.6,D:\AprPanama2025_fixed\041025_experimental\041025PA_experimental_part20.mp4,1900-01-02 03:37:29.500,370
350698,349,173,5.5,120.0,174.0,226.1818181818182,D:\AprPanama2025_fixed\041025_experimental\041025PA_experimental_part20.mp4,1900-01-02 03:37:29.800,369
350699,349,173,8.0,125.0,169.0,212.07142857142856,D:\AprPanama2025_fixed\041025_experimental\041025PA_experimental_part20.mp4,1900-01-02 03:37:29.900,369
350705,348,173,2.5,115.0,177.0,225.0,D:\AprPanama2025_fixed\041025_experimental\041025PA_experimental_part20.mp4,1900-01-02 03:37:30.500,368
350706,347,172,4.0,111.0,170.0,206.0,D:\AprPanama2025_fixed\041025_experimental\041025PA_experimental_part20.mp4,1900-01-02 03:37:30.600,367
350704,348,173,2.5,115.0,177.0,225.0,D:\AprPanama2025_fixed\041025_experimental\041025PA_experimental_part20.mp4,1900-01-02 03:37:30.400,368
350707,347,173,2.5,130.0,173.0,213.57142857142856,D:\AprPanama2025_fixed\041025_experimental\041025PA_experimental_part20.mp4,1900-01-02 03:37:30.700,367
350710,347,173,2.0,134.0,163.0,195.16666666666663,D:\AprPanama2025_fixed\041025_experimental\041025PA_experimental_part20.mp4,1900-01-02 03:37:31.000,367
350711,346,172,2.0,154.0,163.0,221.5,D:\AprPanama2025_fixed\041025_experimental\041025PA_experimental_part20.mp4,1900-01-02 03:37:31.100,366
350717,345,173,3.5,119.0,150.0,38.375,D:\AprPanama2025_fixed\041025_experimental\041025PA_experimental_part20.mp4,1900-01-02 03:37:31.700,365
350721,344,172,2.0,131.0,160.0,143.16666666666666,D:\AprPanama2025_fixed\041025_experimental\041025PA_experimental_part20.mp4,1900-01-02 03:37:32.100,364
352547,64,341,3.5,115.0,160.0,122.625,D:\AprPanama2025_fixed\041025_experimental\041025PA_experimental_part20.mp4,1900-01-02 03:40:34.700,84
352544,64,342,1.5,119.0,155.0,238.0,D:\AprPanama2025_fixed\041025_experimental\041025PA_experimental_part20.mp4,1900-01-02 03:40:34.400,84
352548,63,340,2.5,113.0,144.0,100.66666666666666,D:\AprPanama2025_fixed\041025_experimental\041025PA_experimental_part20.mp4,1900-01-02 03:40:34.800,83
352549,63,340,2.5,113.0,144.0,100.66666666666666,D:\AprPanama2025_fixed\041025_experimental\041025PA_experimental_part20.mp4,1900-01-02 03:40:34.900,83
352550,63,340,1.5,124.0,165.0,164.33333333333331,D:\AprPanama2025_fixed\041025_experimental\041025PA_experimental_part20.mp4,1900-01-02 03:40:35.000,83
352557,41,338,7.0,115.0,178.0,228.2142857142857,D:\AprPanama2025_fixed\041025_experimental\041025PA_experimental_part20.mp4,1900-01-02 03:40:35.700,61
352551,63,340,1.5,124.0,165.0,164.33333333333331,D:\AprPanama2025_fixed\041025_experimental\041025PA_experimental_part20.mp4,1900-01-02 03:40:35.100,83
352556,40,338,2.0,123.0,176.0,223.8333333333333,D:\AprPanama2025_fixed\041025_experimental\041025PA_experimental_part20.mp4,1900-01-02 03:40:35.600,60
352558,40,339,5.5,130.0,178.0,242.66666666666663,D:\AprPanama2025_fixed\041025_experimental\041025PA_experimental_part20.mp4,1900-01-02 03:40:35.800,60
352559,41,340,2.5,130.0,174.0,236.0,D:\AprPanama2025_fixed\041025_experimental\041025PA_experimental_part20.mp4,1900-01-02 03:40:35.900,61
354003,199,118,6.0,118.0,179.0,202.0,D:\AprPanama2025_fixed\041025_experimental\041025PA_experimental_part20.mp4,1900-01-02 03:43:00.300,219
354004,199,118,6.0,116.0,177.0,203.41666666666663,D:\AprPanama2025_fixed\041025_experimental\041025PA_experimental_part20.mp4,1900-01-02 03:43:00.400,219
354002,199,118,6.0,118.0,176.0,201.3333333333333,D:\AprPanama2025_fixed\041025_experimental\041025PA_experimental_part20.mp4,1900-01-02 03:43:00.200,219
353999,198,118,3.0,113.0,166.0,227.0,D:\AprPanama2025_fixed\041025_experimental\041025PA_experimental_part20.mp4,1900-01-02 03:42:59.900,218
354005,199,118,6.0,113.0,176.0,204.0,D:\AprPanama2025_fixed\041025_experimental\041025PA_experimental_part20.mp4,1900-01-02 03:43:00.500,219
354001,199,118,6.5,113.0,174.0,195.3846153846154,D:\AprPanama2025_fixed\041025_experimental\041025PA_experimental_part20.mp4,1900-01-02 03:43:00.100,219
354000,199,118,6.0,113.0,177.0,175.83333333333331,D:\AprPanama2025_fixed\041025_experimental\041025PA_experimental_part20.mp4,1900-01-02 03:43:00.000,219
354010,198,119,2.0,111.0,173.0,215.0,D:\AprPanama2025_fixed\041025_experimental\041025PA_experimental_part20.mp4,1900-01-02 03:43:01.000,218
354013,199,119,3.0,112.0,171.0,183.11111111111111,D:\AprPanama2025_fixed\041025_experimental\041025PA_experimental_part20.mp4,1900-01-02 03:43:01.300,219
354008,199,118,3.5,113.0,175.0,193.77777777777777,D:\AprPanama2025_fixed\041025_experimental\041025PA_experimental_part20.mp4,1900-01-02 03:43:00.800,219
354011,198,118,5.5,111.0,177.0,197.5,D:\AprPanama2025_fixed\041025_experimental\041025PA_experimental_part20.mp4,1900-01-02 03:43:01.100,218
354007,199,118,3.5,113.0,175.0,193.77777777777777,D:\AprPanama2025_fixed\041025_experimental\041025PA_experimental_part20.mp4,1900-01-02 03:43:00.700,219
354012,198,118,5.0,117.0,159.0,193.63636363636363,D:\AprPanama2025_fixed\041025_experimental\041025PA_experimental_part20.mp4,1900-01-02 03:43:01.200,218
354009,199,118,3.5,113.0,175.0,193.77777777777777,D:\AprPanama2025_fixed\041025_experimental\041025PA_experimental_part20.mp4,1900-01-02 03:43:00.900,219
354006,199,118,6.5,113.0,176.0,208.0,D:\AprPanama2025_fixed\041025_experimental\041025PA_experimental_part20.mp4,1900-01-02 03:43:00.600,219
354016,199,117,1.5,122.0,150.0,100.4,D:\AprPanama2025_fixed\041025_experimental\041025PA_experimental_part20.mp4,1900-01-02 03:43:01.600,219
354014,198,118,5.0,113.0,154.0,177.36363636363637,D:\AprPanama2025_fixed\041025_experimental\041025PA_experimental_part20.mp4,1900-01-02 03:43:01.400,218
354019,199,117,1.5,122.0,144.0,106.6,D:\AprPanama2025_fixed\041025_experimental\041025PA_experimental_part20.mp4,1900-01-02 03:43:01.900,219
354015,199,118,4.5,112.0,152.0,160.4,D:\AprPanama2025_fixed\041025_experimental\041025PA_experimental_part20.mp4,1900-01-02 03:43:01.500,219
354020,199,117,1.5,124.0,146.0,100.2,D:\AprPanama2025_fixed\041025_experimental\041025PA_experimental_part20.mp4,1900-01-02 03:43:02.000,219
354065,337,200,2.0,112.0,169.0,239.8333333333333,D:\AprPanama2025_fixed\041025_experimental\041025PA_experimental_part20.mp4,1900-01-02 03:43:06.500,357
354067,336,199,4.0,121.0,179.0,229.77777777777777,D:\AprPanama2025_fixed\041025_experimental\041025PA_experimental_part20.mp4,1900-01-02 03:43:06.700,356
354069,336,199,5.0,128.0,178.0,240.7,D:\AprPanama2025_fixed\041025_experimental\041025PA_experimental_part20.mp4,1900-01-02 03:43:06.900,356
354068,336,199,5.0,128.0,178.0,240.7,D:\AprPanama2025_fixed\041025_experimental\041025PA_experimental_part20.mp4,1900-01-02 03:43:06.800,356
354066,336,199,4.0,121.0,179.0,229.77777777777777,D:\AprPanama2025_fixed\041025_experimental\041025PA_experimental_part20.mp4,1900-01-02 03:43:06.600,356
354070,336,199,5.0,114.0,179.0,236.0,D:\AprPanama2025_fixed\041025_experimental\041025PA_experimental_part20.mp4,1900-01-02 03:43:07.000,356
354074,336,198,3.0,118.0,175.0,235.5,D:\AprPanama2025_fixed\041025_experimental\041025PA_experimental_part20.mp4,1900-01-02 03:43:07.400,356
354072,336,199,3.5,117.0,178.0,248.375,D:\AprPanama2025_fixed\041025_experimental\041025PA_experimental_part20.mp4,1900-01-02 03:43:07.200,356
354076,335,199,3.5,127.0,175.0,235.0,D:\AprPanama2025_fixed\041025_experimental\041025PA_experimental_part20.mp4,1900-01-02 03:43:07.600,355
354073,336,199,4.5,111.0,176.0,244.3,D:\AprPanama2025_fixed\041025_experimental\041025PA_experimental_part20.mp4,1900-01-02 03:43:07.300,356
354071,336,199,3.5,117.0,178.0,248.375,D:\AprPanama2025_fixed\041025_experimental\041025PA_experimental_part20.mp4,1900-01-02 03:43:07.100,356
354077,335,198,4.0,111.0,169.0,218.0,D:\AprPanama2025_fixed\041025_experimental\041025PA_experimental_part20.mp4,1900-01-02 03:43:07.700,355
354075,336,199,3.5,115.0,175.0,229.875,D:\AprPanama2025_fixed\041025_experimental\041025PA_experimental_part20.mp4,1900-01-02 03:43:07.500,356
354085,334,199,2.0,122.0,165.0,166.33333333333331,D:\AprPanama2025_fixed\041025_experimental\041025PA_experimental_part20.mp4,1900-01-02 03:43:08.500,354
354081,336,199,2.0,118.0,164.0,133.85714285714286,D:\AprPanama2025_fixed\041025_experimental\041025PA_experimental_part20.mp4,1900-01-02 03:43:08.100,356
354080,336,199,2.0,118.0,164.0,133.85714285714286,D:\AprPanama2025_fixed\041025_experimental\041025PA_experimental_part20.mp4,1900-01-02 03:43:08.000,356
354078,335,199,3.5,123.0,169.0,203.0,D:\AprPanama2025_fixed\041025_experimental\041025PA_experimental_part20.mp4,1900-01-02 03:43:07.800,355
354082,335,199,2.0,117.0,164.0,160.66666666666666,D:\AprPanama2025_fixed\041025_experimental\041025PA_experimental_part20.mp4,1900-01-02 03:43:08.200,355
354079,335,199,3.5,129.0,163.0,177.0,D:\AprPanama2025_fixed\041025_experimental\041025PA_experimental_part20.mp4,1900-01-02 03:43:07.900,355
354084,334,200,1.5,114.0,171.0,201.2,D:\AprPanama2025_fixed\041025_experimental\041025PA_experimental_part20.mp4,1900-01-02 03:43:08.400,354
354083,335,199,2.0,117.0,164.0,160.66666666666666,D:\AprPanama2025_fixed\041025_experimental\041025PA_experimental_part20.mp4,1900-01-02 03:43:08.300,355
354087,334,199,2.5,131.0,161.0,104.14285714285714,D:\AprPanama2025_fixed\041025_experimental\041025PA_experimental_part20.mp4,1900-01-02 03:43:08.700,354
354086,334,199,2.5,130.0,169.0,129.42857142857142,D:\AprPanama2025_fixed\041025_experimental\041025PA_experimental_part20.mp4,1900-01-02 03:43:08.600,354
354097,333,199,1.5,113.0,163.0,104.6,D:\AprPanama2025_fixed\041025_experimental\041025PA_experimental_part20.mp4,1900-01-02 03:43:09.700,353
354096,333,199,1.5,113.0,163.0,104.6,D:\AprPanama2025_fixed\041025_experimental\041025PA_experimental_part20.mp4,1900-01-02 03:43:09.600,353
355477,319,121,1.5,122.0,147.0,49.8,D:\AprPanama2025_fixed\041025_experimental\041025PA_experimental_part20.mp4,1900-01-02 03:45:27.700,339
355478,319,121,2.0,124.0,148.0,99.16666666666666,D:\AprPanama2025_fixed\041025_experimental\041025PA_experimental_part20.mp4,1900-01-02 03:45:27.800,339
355479,319,121,2.0,127.0,157.0,127.83333333333331,D:\AprPanama2025_fixed\041025_experimental\041025PA_experimental_part20.mp4,1900-01-02 03:45:27.900,339
355480,319,121,2.0,127.0,157.0,127.83333333333331,D:\AprPanama2025_fixed\041025_experimental\041025PA_experimental_part20.mp4,1900-01-02 03:45:28.000,339
355481,319,121,1.5,123.0,150.0,133.4,D:\AprPanama2025_fixed\041025_experimental\041025PA_experimental_part20.mp4,1900-01-02 03:45:28.100,339
355483,319,121,2.5,114.0,159.0,151.42857142857142,D:\AprPanama2025_fixed\041025_experimental\041025PA_experimental_part20.mp4,1900-01-02 03:45:28.300,339
355482,319,121,3.0,117.0,147.0,122.125,D:\AprPanama2025_fixed\041025_experimental\041025PA_experimental_part20.mp4,1900-01-02 03:45:28.200,339
355493,319,119,1.5,122.0,147.0,87.4,D:\AprPanama2025_fixed\041025_experimental\041025PA_experimental_part20.mp4,1900-01-02 03:45:29.300,339
355492,319,119,2.0,125.0,147.0,109.66666666666666,D:\AprPanama2025_fixed\041025_experimental\041025PA_experimental_part20.mp4,1900-01-02 03:45:29.200,339
355491,319,119,2.5,117.0,150.0,154.42857142857142,D:\AprPanama2025_fixed\041025_experimental\041025PA_experimental_part20.mp4,1900-01-02 03:45:29.100,339
355500,319,116,2.0,124.0,141.0,100.83333333333331,D:\AprPanama2025_fixed\041025_experimental\041025PA_experimental_part20.mp4,1900-01-02 03:45:30.000,339
355501,319,116,2.0,112.0,137.0,88.83333333333333,D:\AprPanama2025_fixed\041025_experimental\041025PA_experimental_part20.mp4,1900-01-02 03:45:30.100,339
367275,538,83,1.5,140.0,175.0,241.4,D:\AprPanama2025_fixed\041025_experimental\041025PA_experimental_part21.mp4,1900-01-02 04:05:07.500,558
367274,538,83,1.5,140.0,175.0,241.4,D:\AprPanama2025_fixed\041025_experimental\041025PA_experimental_part21.mp4,1900-01-02 04:05:07.400,558
367270,538,84,2.0,154.0,164.0,139.5,D:\AprPanama2025_fixed\041025_experimental\041025PA_experimental_part21.mp4,1900-01-02 04:05:07.000,558
367271,538,84,2.5,122.0,174.0,226.57142857142856,D:\AprPanama2025_fixed\041025_experimental\041025PA_experimental_part21.mp4,1900-01-02 04:05:07.100,558
367273,538,83,1.5,124.0,161.0,246.8,D:\AprPanama2025_fixed\041025_experimental\041025PA_experimental_part21.mp4,1900-01-02 04:05:07.300,558
367276,538,84,4.0,112.0,175.0,243.0,D:\AprPanama2025_fixed\041025_experimental\041025PA_experimental_part21.mp4,1900-01-02 04:05:07.600,558
367279,537,83,1.5,112.0,173.0,227.6,D:\AprPanama2025_fixed\041025_experimental\041025PA_experimental_part21.mp4,1900-01-02 04:05:07.900,557
367277,538,84,4.0,112.0,175.0,243.0,D:\AprPanama2025_fixed\041025_experimental\041025PA_experimental_part21.mp4,1900-01-02 04:05:07.700,558
367278,538,83,1.5,122.0,176.0,238.8,D:\AprPanama2025_fixed\041025_experimental\041025PA_experimental_part21.mp4,1900-01-02 04:05:07.800,558
367287,610,72,2.5,147.0,172.0,224.7142857142857,D:\AprPanama2025_fixed\041025_experimental\041025PA_experimental_part21.mp4,1900-01-02 04:05:08.700,630
367288,610,72,5.0,139.0,172.0,237.27272727272728,D:\AprPanama2025_fixed\041025_experimental\041025PA_experimental_part21.mp4,1900-01-02 04:05:08.800,630
367292,610,72,5.5,116.0,177.0,240.0833333333333,D:\AprPanama2025_fixed\041025_experimental\041025PA_experimental_part21.mp4,1900-01-02 04:05:09.200,630
367291,610,72,7.0,123.0,178.0,237.92307692307693,D:\AprPanama2025_fixed\041025_experimental\041025PA_experimental_part21.mp4,1900-01-02 04:05:09.100,630
367289,611,73,5.0,111.0,177.0,234.0,D:\AprPanama2025_fixed\041025_experimental\041025PA_experimental_part21.mp4,1900-01-02 04:05:08.900,631
367290,610,72,7.0,117.0,178.0,241.3846153846154,D:\AprPanama2025_fixed\041025_experimental\041025PA_experimental_part21.mp4,1900-01-02 04:05:09.000,630
367300,610,72,6.0,115.0,176.0,242.30769230769232,D:\AprPanama2025_fixed\041025_experimental\041025PA_experimental_part21.mp4,1900-01-02 04:05:10.000,630
367298,610,72,5.0,128.0,177.0,234.8333333333333,D:\AprPanama2025_fixed\041025_experimental\041025PA_experimental_part21.mp4,1900-01-02 04:05:09.800,630
367299,610,72,7.0,111.0,177.0,233.57142857142856,D:\AprPanama2025_fixed\041025_experimental\041025PA_experimental_part21.mp4,1900-01-02 04:05:09.900,630
367297,610,72,9.0,112.0,179.0,234.9375,D:\AprPanama2025_fixed\041025_experimental\041025PA_experimental_part21.mp4,1900-01-02 04:05:09.700,630
367294,610,72,7.5,113.0,178.0,240.64285714285717,D:\AprPanama2025_fixed\041025_experimental\041025PA_experimental_part21.mp4,1900-01-02 04:05:09.400,630
367295,610,72,7.5,114.0,176.0,235.42857142857144,D:\AprPanama2025_fixed\041025_experimental\041025PA_experimental_part21.mp4,1900-01-02 04:05:09.500,630
367293,610,72,7.0,116.0,177.0,237.15384615384616,D:\AprPanama2025_fixed\041025_experimental\041025PA_experimental_part21.mp4,1900-01-02 04:05:09.300,630
367296,610,72,9.0,112.0,179.0,234.9375,D:\AprPanama2025_fixed\041025_experimental\041025PA_experimental_part21.mp4,1900-01-02 04:05:09.600,630
367307,610,72,2.0,119.0,171.0,237.25,D:\AprPanama2025_fixed\041025_experimental\041025PA_experimental_part21.mp4,1900-01-02 04:05:10.700,630
367305,609,72,3.5,142.0,179.0,253.88888888888889,D:\AprPanama2025_fixed\041025_experimental\041025PA_experimental_part21.mp4,1900-01-02 04:05:10.500,629
367303,610,72,4.5,111.0,174.0,240.45454545454547,D:\AprPanama2025_fixed\041025_experimental\041025PA_experimental_part21.mp4,1900-01-02 04:05:10.300,630
367306,609,72,4.5,123.0,172.0,240.0,D:\AprPanama2025_fixed\041025_experimental\041025PA_experimental_part21.mp4,1900-01-02 04:05:10.600,629
367302,610,72,3.5,112.0,181.0,230.3,D:\AprPanama2025_fixed\041025_experimental\041025PA_experimental_part21.mp4,1900-01-02 04:05:10.200,630
367308,609,71,4.5,123.0,176.0,229.6,D:\AprPanama2025_fixed\041025_experimental\041025PA_experimental_part21.mp4,1900-01-02 04:05:10.800,629
367304,609,71,4.0,111.0,174.0,247.0,D:\AprPanama2025_fixed\041025_experimental\041025PA_experimental_part21.mp4,1900-01-02 04:05:10.400,629
367301,609,72,6.0,111.0,176.0,241.8333333333333,D:\AprPanama2025_fixed\041025_experimental\041025PA_experimental_part21.mp4,1900-01-02 04:05:10.100,629
367309,609,71,4.5,115.0,178.0,233.2,D:\AprPanama2025_fixed\041025_experimental\041025PA_experimental_part21.mp4,1900-01-02 04:05:10.900,629
367313,608,71,3.0,112.0,165.0,218.375,D:\AprPanama2025_fixed\041025_experimental\041025PA_experimental_part21.mp4,1900-01-02 04:05:11.300,628
367312,608,71,3.0,112.0,165.0,218.375,D:\AprPanama2025_fixed\041025_experimental\041025PA_experimental_part21.mp4,1900-01-02 04:05:11.200,628
367310,609,72,3.5,118.0,179.0,238.3333333333333,D:\AprPanama2025_fixed\041025_experimental\041025PA_experimental_part21.mp4,1900-01-02 04:05:11.000,629
367487,475,60,2.5,117.0,163.0,213.625,D:\AprPanama2025_fixed\041025_experimental\041025PA_experimental_part21.mp4,1900-01-02 04:05:28.700,495
367486,475,60,2.5,117.0,164.0,222.125,D:\AprPanama2025_fixed\041025_experimental\041025PA_experimental_part21.mp4,1900-01-02 04:05:28.600,495
368356,462,91,5.5,112.0,176.0,231.84615384615387,D:\AprPanama2025_fixed\041025_experimental\041025PA_experimental_part21.mp4,1900-01-02 04:06:55.600,482
368363,461,91,6.5,116.0,178.0,243.6875,D:\AprPanama2025_fixed\041025_experimental\041025PA_experimental_part21.mp4,1900-01-02 04:06:56.300,481
368364,461,91,7.0,116.0,176.0,239.58823529411765,D:\AprPanama2025_fixed\041025_experimental\041025PA_experimental_part21.mp4,1900-01-02 04:06:56.400,481
368362,461,91,5.0,146.0,179.0,248.57142857142856,D:\AprPanama2025_fixed\041025_experimental\041025PA_experimental_part21.mp4,1900-01-02 04:06:56.200,481
368361,462,91,7.0,115.0,178.0,250.0625,D:\AprPanama2025_fixed\041025_experimental\041025PA_experimental_part21.mp4,1900-01-02 04:06:56.100,482
368358,462,91,9.5,114.0,179.0,247.6315789473684,D:\AprPanama2025_fixed\041025_experimental\041025PA_experimental_part21.mp4,1900-01-02 04:06:55.800,482
368359,462,91,9.0,114.0,178.0,248.94444444444443,D:\AprPanama2025_fixed\041025_experimental\041025PA_experimental_part21.mp4,1900-01-02 04:06:55.900,482
368360,461,91,9.5,114.0,179.0,249.21052631578945,D:\AprPanama2025_fixed\041025_experimental\041025PA_experimental_part21.mp4,1900-01-02 04:06:56.000,481
368357,462,91,5.5,123.0,177.0,240.84615384615387,D:\AprPanama2025_fixed\041025_experimental\041025PA_experimental_part21.mp4,1900-01-02 04:06:55.700,482
368368,463,91,3.5,134.0,165.0,146.0,D:\AprPanama2025_fixed\041025_experimental\041025PA_experimental_part21.mp4,1900-01-02 04:06:56.800,483
368368,457,91,2.5,126.0,174.0,218.28571428571428,D:\AprPanama2025_fixed\041025_experimental\041025PA_experimental_part21.mp4,1900-01-02 04:06:56.800,477
368369,463,91,3.5,118.0,159.0,135.33333333333331,D:\AprPanama2025_fixed\041025_experimental\041025PA_experimental_part21.mp4,1900-01-02 04:06:56.900,483
368369,457,91,3.5,130.0,165.0,236.4,D:\AprPanama2025_fixed\041025_experimental\041025PA_experimental_part21.mp4,1900-01-02 04:06:56.900,477
368366,460,91,7.5,127.0,175.0,226.88888888888889,D:\AprPanama2025_fixed\041025_experimental\041025PA_experimental_part21.mp4,1900-01-02 04:06:56.600,480
368367,460,91,7.5,115.0,172.0,205.2222222222222,D:\AprPanama2025_fixed\041025_experimental\041025PA_experimental_part21.mp4,1900-01-02 04:06:56.700,480
368372,456,90,4.0,118.0,175.0,212.0,D:\AprPanama2025_fixed\041025_experimental\041025PA_experimental_part21.mp4,1900-01-02 04:06:57.200,476
368365,460,91,5.5,128.0,179.0,230.0625,D:\AprPanama2025_fixed\041025_experimental\041025PA_experimental_part21.mp4,1900-01-02 04:06:56.500,480
368370,463,91,2.0,125.0,154.0,110.42857142857142,D:\AprPanama2025_fixed\041025_experimental\041025PA_experimental_part21.mp4,1900-01-02 04:06:57.000,483
368370,456,91,2.5,138.0,158.0,198.0,D:\AprPanama2025_fixed\041025_experimental\041025PA_experimental_part21.mp4,1900-01-02 04:06:57.000,476
368371,456,90,3.0,118.0,175.0,208.125,D:\AprPanama2025_fixed\041025_experimental\041025PA_experimental_part21.mp4,1900-01-02 04:06:57.100,476
368374,456,90,3.0,118.0,175.0,210.375,D:\AprPanama2025_fixed\041025_experimental\041025PA_experimental_part21.mp4,1900-01-02 04:06:57.400,476
368375,456,90,3.0,118.0,175.0,210.375,D:\AprPanama2025_fixed\041025_experimental\041025PA_experimental_part21.mp4,1900-01-02 04:06:57.500,476
368376,598,77,1.5,127.0,169.0,243.3333333333333,D:\AprPanama2025_fixed\041025_experimental\041025PA_experimental_part21.mp4,1900-01-02 04:06:57.600,618
368376,456,90,2.0,111.0,172.0,193.57142857142856,D:\AprPanama2025_fixed\041025_experimental\041025PA_experimental_part21.mp4,1900-01-02 04:06:57.600,476
368377,599,77,3.0,156.0,179.0,249.25,D:\AprPanama2025_fixed\041025_experimental\041025PA_experimental_part21.mp4,1900-01-02 04:06:57.700,619
368380,599,77,3.0,156.0,179.0,250.875,D:\AprPanama2025_fixed\041025_experimental\041025PA_experimental_part21.mp4,1900-01-02 04:06:58.000,619
368378,599,77,3.0,156.0,179.0,249.25,D:\AprPanama2025_fixed\041025_experimental\041025PA_experimental_part21.mp4,1900-01-02 04:06:57.800,619
368379,599,77,3.0,158.0,179.0,250.5,D:\AprPanama2025_fixed\041025_experimental\041025PA_experimental_part21.mp4,1900-01-02 04:06:57.900,619
368388,600,77,5.0,114.0,179.0,244.9090909090909,D:\AprPanama2025_fixed\041025_experimental\041025PA_experimental_part21.mp4,1900-01-02 04:06:58.800,620
368388,476,190,1.5,129.0,170.0,245.8,D:\AprPanama2025_fixed\041025_experimental\041025PA_experimental_part21.mp4,1900-01-02 04:06:58.800,496
368385,599,77,3.5,127.0,176.0,252.55555555555557,D:\AprPanama2025_fixed\041025_experimental\041025PA_experimental_part21.mp4,1900-01-02 04:06:58.500,619
368384,599,77,3.5,127.0,176.0,252.55555555555557,D:\AprPanama2025_fixed\041025_experimental\041025PA_experimental_part21.mp4,1900-01-02 04:06:58.400,619
368382,599,77,3.0,151.0,179.0,252.125,D:\AprPanama2025_fixed\041025_experimental\041025PA_experimental_part21.mp4,1900-01-02 04:06:58.200,619
368386,600,77,5.0,114.0,179.0,244.9090909090909,D:\AprPanama2025_fixed\041025_experimental\041025PA_experimental_part21.mp4,1900-01-02 04:06:58.600,620
368387,600,77,5.0,114.0,179.0,244.9090909090909,D:\AprPanama2025_fixed\041025_experimental\041025PA_experimental_part21.mp4,1900-01-02 04:06:58.700,620
368387,476,189,2.0,131.0,174.0,245.8333333333333,D:\AprPanama2025_fixed\041025_experimental\041025PA_experimental_part21.mp4,1900-01-02 04:06:58.700,496
368381,599,77,3.0,154.0,179.0,252.0,D:\AprPanama2025_fixed\041025_experimental\041025PA_experimental_part21.mp4,1900-01-02 04:06:58.100,619
368383,599,77,3.0,155.0,174.0,253.125,D:\AprPanama2025_fixed\041025_experimental\041025PA_experimental_part21.mp4,1900-01-02 04:06:58.300,619
368390,600,77,5.0,114.0,179.0,244.9090909090909,D:\AprPanama2025_fixed\041025_experimental\041025PA_experimental_part21.mp4,1900-01-02 04:06:59.000,620
368396,600,77,5.5,114.0,158.0,236.0833333333333,D:\AprPanama2025_fixed\041025_experimental\041025PA_experimental_part21.mp4,1900-01-02 04:06:59.600,620
368394,600,77,5.5,114.0,176.0,236.5833333333333,D:\AprPanama2025_fixed\041025_experimental\041025PA_experimental_part21.mp4,1900-01-02 04:06:59.400,620
368392,600,77,6.5,111.0,173.0,239.23076923076923,D:\AprPanama2025_fixed\041025_experimental\041025PA_experimental_part21.mp4,1900-01-02 04:06:59.200,620
368391,600,77,5.0,121.0,179.0,240.0909090909091,D:\AprPanama2025_fixed\041025_experimental\041025PA_experimental_part21.mp4,1900-01-02 04:06:59.100,620
368391,476,190,1.5,123.0,160.0,223.8333333333333,D:\AprPanama2025_fixed\041025_experimental\041025PA_experimental_part21.mp4,1900-01-02 04:06:59.100,496
368393,600,77,5.5,115.0,175.0,237.41666666666663,D:\AprPanama2025_fixed\041025_experimental\041025PA_experimental_part21.mp4,1900-01-02 04:06:59.300,620
368393,468,215,1.5,128.0,158.0,239.5,D:\AprPanama2025_fixed\041025_experimental\041025PA_experimental_part21.mp4,1900-01-02 04:06:59.300,488
368395,600,77,5.5,114.0,167.0,236.66666666666663,D:\AprPanama2025_fixed\041025_experimental\041025PA_experimental_part21.mp4,1900-01-02 04:06:59.500,620
368389,600,77,5.0,114.0,179.0,244.9090909090909,D:\AprPanama2025_fixed\041025_experimental\041025PA_experimental_part21.mp4,1900-01-02 04:06:58.900,620
368389,476,190,1.5,115.0,169.0,229.8,D:\AprPanama2025_fixed\041025_experimental\041025PA_experimental_part21.mp4,1900-01-02 04:06:58.900,496
368404,469,217,4.5,113.0,175.0,221.0,D:\AprPanama2025_fixed\041025_experimental\041025PA_experimental_part21.mp4,1900-01-02 04:07:00.400,489
368398,601,76,1.5,123.0,142.0,226.2,D:\AprPanama2025_fixed\041025_experimental\041025PA_experimental_part21.mp4,1900-01-02 04:06:59.800,621
368399,601,76,1.5,121.0,144.0,223.0,D:\AprPanama2025_fixed\041025_experimental\041025PA_experimental_part21.mp4,1900-01-02 04:06:59.900,621
368397,600,77,5.5,114.0,158.0,236.0833333333333,D:\AprPanama2025_fixed\041025_experimental\041025PA_experimental_part21.mp4,1900-01-02 04:06:59.700,620
368410,469,217,2.5,118.0,176.0,240.5,D:\AprPanama2025_fixed\041025_experimental\041025PA_experimental_part21.mp4,1900-01-02 04:07:01.000,489
368407,469,217,3.5,112.0,179.0,217.4,D:\AprPanama2025_fixed\041025_experimental\041025PA_experimental_part21.mp4,1900-01-02 04:07:00.700,489
368406,469,217,3.5,126.0,177.0,207.4,D:\AprPanama2025_fixed\041025_experimental\041025PA_experimental_part21.mp4,1900-01-02 04:07:00.600,489
368408,469,217,5.0,119.0,179.0,226.3333333333333,D:\AprPanama2025_fixed\041025_experimental\041025PA_experimental_part21.mp4,1900-01-02 04:07:00.800,489
368409,469,217,4.5,114.0,177.0,231.27272727272728,D:\AprPanama2025_fixed\041025_experimental\041025PA_experimental_part21.mp4,1900-01-02 04:07:00.900,489
368405,469,217,4.5,113.0,175.0,221.0,D:\AprPanama2025_fixed\041025_experimental\041025PA_experimental_part21.mp4,1900-01-02 04:07:00.500,489
369249,594,203,1.5,118.0,157.0,182.6,D:\AprPanama2025_fixed\041025_experimental\041025PA_experimental_part21.mp4,1900-01-02 04:08:24.900,614
369250,594,202,2.0,134.0,172.0,229.8333333333333,D:\AprPanama2025_fixed\041025_experimental\041025PA_experimental_part21.mp4,1900-01-02 04:08:25.000,614
369254,594,201,1.5,122.0,177.0,235.0,D:\AprPanama2025_fixed\041025_experimental\041025PA_experimental_part21.mp4,1900-01-02 04:08:25.400,614
369256,594,203,2.5,117.0,173.0,249.85714285714283,D:\AprPanama2025_fixed\041025_experimental\041025PA_experimental_part21.mp4,1900-01-02 04:08:25.600,614
369255,594,202,3.0,116.0,169.0,241.7142857142857,D:\AprPanama2025_fixed\041025_experimental\041025PA_experimental_part21.mp4,1900-01-02 04:08:25.500,614
369260,594,203,3.0,113.0,167.0,220.14285714285717,D:\AprPanama2025_fixed\041025_experimental\041025PA_experimental_part21.mp4,1900-01-02 04:08:26.000,614
369258,594,203,2.0,134.0,176.0,233.66666666666663,D:\AprPanama2025_fixed\041025_experimental\041025PA_experimental_part21.mp4,1900-01-02 04:08:25.800,614
369257,594,203,2.5,117.0,173.0,249.85714285714283,D:\AprPanama2025_fixed\041025_experimental\041025PA_experimental_part21.mp4,1900-01-02 04:08:25.700,614
369259,594,203,3.0,113.0,167.0,220.14285714285717,D:\AprPanama2025_fixed\041025_experimental\041025PA_experimental_part21.mp4,1900-01-02 04:08:25.900,614
369262,593,202,5.0,118.0,174.0,239.9090909090909,D:\AprPanama2025_fixed\041025_experimental\041025PA_experimental_part21.mp4,1900-01-02 04:08:26.200,613
369264,593,202,3.5,116.0,168.0,247.44444444444443,D:\AprPanama2025_fixed\041025_experimental\041025PA_experimental_part21.mp4,1900-01-02 04:08:26.400,613
369268,592,202,3.0,136.0,163.0,233.14285714285717,D:\AprPanama2025_fixed\041025_experimental\041025PA_experimental_part21.mp4,1900-01-02 04:08:26.800,612
369263,593,202,5.0,118.0,174.0,239.9090909090909,D:\AprPanama2025_fixed\041025_experimental\041025PA_experimental_part21.mp4,1900-01-02 04:08:26.300,613
369261,594,203,3.5,111.0,176.0,222.125,D:\AprPanama2025_fixed\041025_experimental\041025PA_experimental_part21.mp4,1900-01-02 04:08:26.100,614
369270,592,203,1.5,125.0,164.0,147.0,D:\AprPanama2025_fixed\041025_experimental\041025PA_experimental_part21.mp4,1900-01-02 04:08:27.000,612
369275,590,203,2.0,113.0,163.0,228.8333333333333,D:\AprPanama2025_fixed\041025_experimental\041025PA_experimental_part21.mp4,1900-01-02 04:08:27.500,610
369271,592,203,1.5,125.0,164.0,147.0,D:\AprPanama2025_fixed\041025_experimental\041025PA_experimental_part21.mp4,1900-01-02 04:08:27.100,612
399993,646,41,2.0,111.0,173.0,243.66666666666663,D:\AprPanama2025_fixed\041025_experimental\041025PA_experimental_part23.mp4,1900-01-02 04:59:39.300,666
399991,646,41,1.5,112.0,144.0,178.0,D:\AprPanama2025_fixed\041025_experimental\041025PA_experimental_part23.mp4,1900-01-02 04:59:39.100,666
399994,646,41,2.0,139.0,173.0,243.66666666666663,D:\AprPanama2025_fixed\041025_experimental\041025PA_experimental_part23.mp4,1900-01-02 04:59:39.400,666
399992,646,41,2.0,115.0,173.0,243.66666666666663,D:\AprPanama2025_fixed\041025_experimental\041025PA_experimental_part23.mp4,1900-01-02 04:59:39.200,666
404177,693,222,1.5,117.0,160.0,241.4,D:\AprPanama2025_fixed\041025_experimental\041025PA_experimental_part23.mp4,1900-01-02 05:06:37.700,713
404181,692,222,1.5,120.0,167.0,237.2,D:\AprPanama2025_fixed\041025_experimental\041025PA_experimental_part23.mp4,1900-01-02 05:06:38.100,712
404182,692,222,1.5,114.0,169.0,224.2,D:\AprPanama2025_fixed\041025_experimental\041025PA_experimental_part23.mp4,1900-01-02 05:06:38.200,712
404183,692,222,1.5,114.0,169.0,224.2,D:\AprPanama2025_fixed\041025_experimental\041025PA_experimental_part23.mp4,1900-01-02 05:06:38.300,712
404184,692,221,1.5,122.0,161.0,235.2,D:\AprPanama2025_fixed\041025_experimental\041025PA_experimental_part23.mp4,1900-01-02 05:06:38.400,712
404198,690,221,2.0,111.0,158.0,130.66666666666666,D:\AprPanama2025_fixed\041025_experimental\041025PA_experimental_part23.mp4,1900-01-02 05:06:39.800,710
404199,690,221,2.0,111.0,158.0,130.66666666666666,D:\AprPanama2025_fixed\041025_experimental\041025PA_experimental_part23.mp4,1900-01-02 05:06:39.900,710
404197,690,221,2.0,111.0,158.0,130.66666666666666,D:\AprPanama2025_fixed\041025_experimental\041025PA_experimental_part23.mp4,1900-01-02 05:06:39.700,710
404200,690,221,2.0,111.0,158.0,130.66666666666666,D:\AprPanama2025_fixed\041025_experimental\041025PA_experimental_part23.mp4,1900-01-02 05:06:40.000,710
404201,690,221,2.0,111.0,158.0,130.66666666666666,D:\AprPanama2025_fixed\041025_experimental\041025PA_experimental_part23.mp4,1900-01-02 05:06:40.100,710
416447,589,282,2.0,139.0,169.0,247.3333333333333,D:\AprPanama2025_fixed\041025_experimental\041025PA_experimental_part24.mp4,1900-01-02 05:27:04.700,609
416446,589,282,4.0,122.0,162.0,236.77777777777777,D:\AprPanama2025_fixed\041025_experimental\041025PA_experimental_part24.mp4,1900-01-02 05:27:04.600,609
416449,588,282,8.5,116.0,179.0,250.4,D:\AprPanama2025_fixed\041025_experimental\041025PA_experimental_part24.mp4,1900-01-02 05:27:04.900,608
416448,588,282,7.5,116.0,185.0,250.07142857142856,D:\AprPanama2025_fixed\041025_experimental\041025PA_experimental_part24.mp4,1900-01-02 05:27:04.800,608
416454,586,281,7.0,121.0,178.0,248.7142857142857,D:\AprPanama2025_fixed\041025_experimental\041025PA_experimental_part24.mp4,1900-01-02 05:27:05.400,606
416456,586,280,6.0,112.0,173.0,248.41666666666663,D:\AprPanama2025_fixed\041025_experimental\041025PA_experimental_part24.mp4,1900-01-02 05:27:05.600,606
416451,587,282,7.5,136.0,179.0,251.35714285714283,D:\AprPanama2025_fixed\041025_experimental\041025PA_experimental_part24.mp4,1900-01-02 05:27:05.100,607
416453,587,281,9.0,115.0,179.0,239.9375,D:\AprPanama2025_fixed\041025_experimental\041025PA_experimental_part24.mp4,1900-01-02 05:27:05.300,607
416452,587,281,10.0,113.0,177.0,238.4705882352941,D:\AprPanama2025_fixed\041025_experimental\041025PA_experimental_part24.mp4,1900-01-02 05:27:05.200,607
416457,586,280,7.5,115.0,178.0,242.0,D:\AprPanama2025_fixed\041025_experimental\041025PA_experimental_part24.mp4,1900-01-02 05:27:05.700,606
416455,586,281,5.5,117.0,179.0,246.25,D:\AprPanama2025_fixed\041025_experimental\041025PA_experimental_part24.mp4,1900-01-02 05:27:05.500,606
416450,588,281,6.0,139.0,179.0,251.66666666666663,D:\AprPanama2025_fixed\041025_experimental\041025PA_experimental_part24.mp4,1900-01-02 05:27:05.000,608
416460,584,280,5.5,117.0,169.0,241.3333333333333,D:\AprPanama2025_fixed\041025_experimental\041025PA_experimental_part24.mp4,1900-01-02 05:27:06.000,604
416461,584,280,3.5,128.0,176.0,246.3333333333333,D:\AprPanama2025_fixed\041025_experimental\041025PA_experimental_part24.mp4,1900-01-02 05:27:06.100,604
416458,585,281,2.5,114.0,179.0,241.25,D:\AprPanama2025_fixed\041025_experimental\041025PA_experimental_part24.mp4,1900-01-02 05:27:05.800,605
416459,585,280,4.0,117.0,175.0,236.0,D:\AprPanama2025_fixed\041025_experimental\041025PA_experimental_part24.mp4,1900-01-02 05:27:05.900,605
416463,583,280,3.5,127.0,174.0,239.625,D:\AprPanama2025_fixed\041025_experimental\041025PA_experimental_part24.mp4,1900-01-02 05:27:06.300,603
416465,583,279,3.0,117.0,170.0,241.5,D:\AprPanama2025_fixed\041025_experimental\041025PA_experimental_part24.mp4,1900-01-02 05:27:06.500,603
416464,583,279,2.5,147.0,176.0,247.28571428571428,D:\AprPanama2025_fixed\041025_experimental\041025PA_experimental_part24.mp4,1900-01-02 05:27:06.400,603
416469,582,278,4.0,119.0,168.0,207.44444444444443,D:\AprPanama2025_fixed\041025_experimental\041025PA_experimental_part24.mp4,1900-01-02 05:27:06.900,602
416470,581,278,2.0,111.0,172.0,220.0,D:\AprPanama2025_fixed\041025_experimental\041025PA_experimental_part24.mp4,1900-01-02 05:27:07.000,601
416467,582,279,3.0,125.0,179.0,253.25,D:\AprPanama2025_fixed\041025_experimental\041025PA_experimental_part24.mp4,1900-01-02 05:27:06.700,602
425735,493,40,2.0,123.0,160.0,225.85714285714283,D:\AprPanama2025_fixed\041025_experimental\041025PA_experimental_part24.mp4,1900-01-02 05:42:33.500,513
425758,768,147,2.0,116.0,152.0,181.42857142857144,D:\AprPanama2025_fixed\041025_experimental\041025PA_experimental_part24.mp4,1900-01-02 05:42:35.800,788
425761,770,146,3.0,136.0,174.0,248.375,D:\AprPanama2025_fixed\041025_experimental\041025PA_experimental_part24.mp4,1900-01-02 05:42:36.100,790
425760,770,146,3.0,127.0,169.0,247.375,D:\AprPanama2025_fixed\041025_experimental\041025PA_experimental_part24.mp4,1900-01-02 05:42:36.000,790
425759,769,147,2.5,118.0,164.0,149.0,D:\AprPanama2025_fixed\041025_experimental\041025PA_experimental_part24.mp4,1900-01-02 05:42:35.900,789
425768,772,147,8.5,112.0,176.0,244.33333333333331,D:\AprPanama2025_fixed\041025_experimental\041025PA_experimental_part24.mp4,1900-01-02 05:42:36.800,792
425764,771,147,8.5,122.0,173.0,251.8,D:\AprPanama2025_fixed\041025_experimental\041025PA_experimental_part24.mp4,1900-01-02 05:42:36.400,791
425763,770,146,6.5,123.0,179.0,244.3846153846154,D:\AprPanama2025_fixed\041025_experimental\041025PA_experimental_part24.mp4,1900-01-02 05:42:36.300,790
425767,772,147,7.5,112.0,179.0,245.0,D:\AprPanama2025_fixed\041025_experimental\041025PA_experimental_part24.mp4,1900-01-02 05:42:36.700,792
425766,771,147,9.0,113.0,179.0,252.875,D:\AprPanama2025_fixed\041025_experimental\041025PA_experimental_part24.mp4,1900-01-02 05:42:36.600,791
425769,772,146,9.5,113.0,179.0,235.125,D:\AprPanama2025_fixed\041025_experimental\041025PA_experimental_part24.mp4,1900-01-02 05:42:36.900,792
425765,771,147,8.5,122.0,173.0,251.8,D:\AprPanama2025_fixed\041025_experimental\041025PA_experimental_part24.mp4,1900-01-02 05:42:36.500,791
425762,770,146,6.5,113.0,179.0,242.46153846153848,D:\AprPanama2025_fixed\041025_experimental\041025PA_experimental_part24.mp4,1900-01-02 05:42:36.200,790
425774,774,147,6.0,114.0,179.0,250.25,D:\AprPanama2025_fixed\041025_experimental\041025PA_experimental_part24.mp4,1900-01-02 05:42:37.400,794
425777,774,148,5.0,121.0,178.0,245.2,D:\AprPanama2025_fixed\041025_experimental\041025PA_experimental_part24.mp4,1900-01-02 05:42:37.700,794
425776,774,148,5.0,115.0,178.0,240.2,D:\AprPanama2025_fixed\041025_experimental\041025PA_experimental_part24.mp4,1900-01-02 05:42:37.600,794
425770,773,147,7.5,115.0,179.0,244.5,D:\AprPanama2025_fixed\041025_experimental\041025PA_experimental_part24.mp4,1900-01-02 05:42:37.000,793
425773,773,147,8.0,120.0,179.0,248.66666666666663,D:\AprPanama2025_fixed\041025_experimental\041025PA_experimental_part24.mp4,1900-01-02 05:42:37.300,793
425771,773,147,7.0,116.0,179.0,248.0,D:\AprPanama2025_fixed\041025_experimental\041025PA_experimental_part24.mp4,1900-01-02 05:42:37.100,793
425775,774,147,6.0,138.0,178.0,244.16666666666663,D:\AprPanama2025_fixed\041025_experimental\041025PA_experimental_part24.mp4,1900-01-02 05:42:37.500,794
425772,773,147,7.0,116.0,177.0,241.61538461538464,D:\AprPanama2025_fixed\041025_experimental\041025PA_experimental_part24.mp4,1900-01-02 05:42:37.200,793
425782,776,148,2.5,128.0,164.0,238.57142857142856,D:\AprPanama2025_fixed\041025_experimental\041025PA_experimental_part24.mp4,1900-01-02 05:42:38.200,796
425783,776,148,5.0,112.0,175.0,209.5,D:\AprPanama2025_fixed\041025_experimental\041025PA_experimental_part24.mp4,1900-01-02 05:42:38.300,796
425779,774,148,3.5,127.0,178.0,249.5,D:\AprPanama2025_fixed\041025_experimental\041025PA_experimental_part24.mp4,1900-01-02 05:42:37.900,794
425780,776,147,2.0,117.0,165.0,202.28571428571428,D:\AprPanama2025_fixed\041025_experimental\041025PA_experimental_part24.mp4,1900-01-02 05:42:38.000,796
425785,776,147,2.0,123.0,178.0,247.42857142857144,D:\AprPanama2025_fixed\041025_experimental\041025PA_experimental_part24.mp4,1900-01-02 05:42:38.500,796
425781,776,147,2.0,117.0,165.0,202.28571428571428,D:\AprPanama2025_fixed\041025_experimental\041025PA_experimental_part24.mp4,1900-01-02 05:42:38.100,796
425778,775,148,3.5,117.0,165.0,237.375,D:\AprPanama2025_fixed\041025_experimental\041025PA_experimental_part24.mp4,1900-01-02 05:42:37.800,795
425791,777,148,1.5,117.0,130.0,60.8,D:\AprPanama2025_fixed\041025_experimental\041025PA_experimental_part24.mp4,1900-01-02 05:42:39.100,797
425787,776,148,3.0,114.0,159.0,133.28571428571428,D:\AprPanama2025_fixed\041025_experimental\041025PA_experimental_part24.mp4,1900-01-02 05:42:38.700,796
425788,776,148,3.0,114.0,159.0,133.28571428571428,D:\AprPanama2025_fixed\041025_experimental\041025PA_experimental_part24.mp4,1900-01-02 05:42:38.800,796
425790,777,148,1.5,117.0,130.0,60.8,D:\AprPanama2025_fixed\041025_experimental\041025PA_experimental_part24.mp4,1900-01-02 05:42:39.000,797
425789,776,148,2.5,114.0,137.0,75.0,D:\AprPanama2025_fixed\041025_experimental\041025PA_experimental_part24.mp4,1900-01-02 05:42:38.900,796
425793,649,47,2.0,112.0,142.0,14.833333333333332,D:\AprPanama2025_fixed\041025_experimental\041025PA_experimental_part24.mp4,1900-01-02 05:42:39.300,669
425798,648,46,4.5,111.0,173.0,231.4,D:\AprPanama2025_fixed\041025_experimental\041025PA_experimental_part24.mp4,1900-01-02 05:42:39.800,668
425799,649,46,2.5,112.0,169.0,236.875,D:\AprPanama2025_fixed\041025_experimental\041025PA_experimental_part24.mp4,1900-01-02 05:42:39.900,669
425795,649,46,2.0,127.0,146.0,148.83333333333331,D:\AprPanama2025_fixed\041025_experimental\041025PA_experimental_part24.mp4,1900-01-02 05:42:39.500,669
425797,649,46,2.5,111.0,156.0,214.85714285714283,D:\AprPanama2025_fixed\041025_experimental\041025PA_experimental_part24.mp4,1900-01-02 05:42:39.700,669
425796,649,46,2.5,111.0,156.0,214.85714285714283,D:\AprPanama2025_fixed\041025_experimental\041025PA_experimental_part24.mp4,1900-01-02 05:42:39.600,669
425794,649,46,2.0,127.0,146.0,148.83333333333331,D:\AprPanama2025_fixed\041025_experimental\041025PA_experimental_part24.mp4,1900-01-02 05:42:39.400,669
426439,644,255,5.5,128.0,179.0,249.3636363636364,D:\AprPanama2025_fixed\041025_experimental\041025PA_experimental_part24.mp4,1900-01-02 05:43:43.900,664
426440,643,255,11.0,111.0,179.0,243.0,D:\AprPanama2025_fixed\041025_experimental\041025PA_experimental_part24.mp4,1900-01-02 05:43:44.000,663
426441,643,255,11.5,118.0,179.0,246.15789473684208,D:\AprPanama2025_fixed\041025_experimental\041025PA_experimental_part24.mp4,1900-01-02 05:43:44.100,663
426438,644,254,3.5,114.0,177.0,235.25,D:\AprPanama2025_fixed\041025_experimental\041025PA_experimental_part24.mp4,1900-01-02 05:43:43.800,664
426445,643,254,9.5,124.0,179.0,247.7058823529412,D:\AprPanama2025_fixed\041025_experimental\041025PA_experimental_part24.mp4,1900-01-02 05:43:44.500,663
426447,643,254,9.5,115.0,179.0,239.41176470588235,D:\AprPanama2025_fixed\041025_experimental\041025PA_experimental_part24.mp4,1900-01-02 05:43:44.700,663
426443,643,255,11.5,119.0,179.0,249.3157894736842,D:\AprPanama2025_fixed\041025_experimental\041025PA_experimental_part24.mp4,1900-01-02 05:43:44.300,663
426444,643,255,12.5,116.0,179.0,249.0,D:\AprPanama2025_fixed\041025_experimental\041025PA_experimental_part24.mp4,1900-01-02 05:43:44.400,663
426449,642,254,7.5,112.0,179.0,247.5,D:\AprPanama2025_fixed\041025_experimental\041025PA_experimental_part24.mp4,1900-01-02 05:43:44.900,662
426446,643,254,11.0,111.0,179.0,240.68421052631575,D:\AprPanama2025_fixed\041025_experimental\041025PA_experimental_part24.mp4,1900-01-02 05:43:44.600,663
426448,642,254,7.5,115.0,179.0,250.5,D:\AprPanama2025_fixed\041025_experimental\041025PA_experimental_part24.mp4,1900-01-02 05:43:44.800,662
426442,643,255,11.5,115.0,179.0,248.21052631578945,D:\AprPanama2025_fixed\041025_experimental\041025PA_experimental_part24.mp4,1900-01-02 05:43:44.200,663
426457,641,253,8.0,116.0,168.0,216.7142857142857,D:\AprPanama2025_fixed\041025_experimental\041025PA_experimental_part24.mp4,1900-01-02 05:43:45.700,661
426452,641,253,5.5,122.0,179.0,246.3636363636364,D:\AprPanama2025_fixed\041025_experimental\041025PA_experimental_part24.mp4,1900-01-02 05:43:45.200,661
426454,641,253,7.0,119.0,177.0,250.61538461538464,D:\AprPanama2025_fixed\041025_experimental\041025PA_experimental_part24.mp4,1900-01-02 05:43:45.400,661
426453,641,253,7.0,119.0,177.0,246.7692307692308,D:\AprPanama2025_fixed\041025_experimental\041025PA_experimental_part24.mp4,1900-01-02 05:43:45.300,661
426455,641,253,7.0,119.0,177.0,252.15384615384616,D:\AprPanama2025_fixed\041025_experimental\041025PA_experimental_part24.mp4,1900-01-02 05:43:45.500,661
426456,641,253,6.0,112.0,175.0,242.5,D:\AprPanama2025_fixed\041025_experimental\041025PA_experimental_part24.mp4,1900-01-02 05:43:45.600,661
426451,642,254,7.0,125.0,179.0,249.5833333333333,D:\AprPanama2025_fixed\041025_experimental\041025PA_experimental_part24.mp4,1900-01-02 05:43:45.100,662
426450,642,254,8.0,114.0,179.0,251.07142857142856,D:\AprPanama2025_fixed\041025_experimental\041025PA_experimental_part24.mp4,1900-01-02 05:43:45.000,662
426464,639,252,2.5,119.0,172.0,227.8333333333333,D:\AprPanama2025_fixed\041025_experimental\041025PA_experimental_part24.mp4,1900-01-02 05:43:46.400,659
426459,640,253,3.5,141.0,171.0,227.75,D:\AprPanama2025_fixed\041025_experimental\041025PA_experimental_part24.mp4,1900-01-02 05:43:45.900,660
426463,639,253,3.5,136.0,179.0,238.375,D:\AprPanama2025_fixed\041025_experimental\041025PA_experimental_part24.mp4,1900-01-02 05:43:46.300,659
426465,639,252,2.5,119.0,172.0,227.8333333333333,D:\AprPanama2025_fixed\041025_experimental\041025PA_experimental_part24.mp4,1900-01-02 05:43:46.500,659
426458,640,253,4.5,129.0,167.0,234.9,D:\AprPanama2025_fixed\041025_experimental\041025PA_experimental_part24.mp4,1900-01-02 05:43:45.800,660
426468,638,252,2.0,125.0,154.0,84.0,D:\AprPanama2025_fixed\041025_experimental\041025PA_experimental_part24.mp4,1900-01-02 05:43:46.800,658
426477,775,37,1.5,118.0,147.0,36.2,D:\AprPanama2025_fixed\041025_experimental\041025PA_experimental_part24.mp4,1900-01-02 05:43:47.700,795
426479,776,37,3.0,111.0,155.0,100.57142857142856,D:\AprPanama2025_fixed\041025_experimental\041025PA_experimental_part24.mp4,1900-01-02 05:43:47.900,796
426480,776,37,1.5,144.0,177.0,178.20000000000002,D:\AprPanama2025_fixed\041025_experimental\041025PA_experimental_part24.mp4,1900-01-02 05:43:48.000,796
426481,776,37,1.5,144.0,177.0,178.20000000000002,D:\AprPanama2025_fixed\041025_experimental\041025PA_experimental_part24.mp4,1900-01-02 05:43:48.100,796
426478,776,37,1.5,125.0,159.0,116.0,D:\AprPanama2025_fixed\041025_experimental\041025PA_experimental_part24.mp4,1900-01-02 05:43:47.800,796
426486,776,37,1.5,112.0,150.0,169.8,D:\AprPanama2025_fixed\041025_experimental\041025PA_experimental_part24.mp4,1900-01-02 05:43:48.600,796
426485,776,37,2.0,112.0,181.0,211.16666666666663,D:\AprPanama2025_fixed\041025_experimental\041025PA_experimental_part24.mp4,1900-01-02 05:43:48.500,796
426487,776,37,1.5,112.0,150.0,169.8,D:\AprPanama2025_fixed\041025_experimental\041025PA_experimental_part24.mp4,1900-01-02 05:43:48.700,796
426483,776,37,1.5,137.0,177.0,171.20000000000002,D:\AprPanama2025_fixed\041025_experimental\041025PA_experimental_part24.mp4,1900-01-02 05:43:48.300,796
426484,776,37,1.5,142.0,180.0,192.0,D:\AprPanama2025_fixed\041025_experimental\041025PA_experimental_part24.mp4,1900-01-02 05:43:48.400,796
426488,776,37,1.5,122.0,164.0,180.8,D:\AprPanama2025_fixed\041025_experimental\041025PA_experimental_part24.mp4,1900-01-02 05:43:48.800,796
426489,776,37,1.5,131.0,162.0,189.0,D:\AprPanama2025_fixed\041025_experimental\041025PA_experimental_part24.mp4,1900-01-02 05:43:48.900,796
426482,776,37,1.5,141.0,177.0,174.60000000000002,D:\AprPanama2025_fixed\041025_experimental\041025PA_experimental_part24.mp4,1900-01-02 05:43:48.200,796
