date,time,illuminance_lux,light_regime,sun_altitude_deg,sun_azimuth_deg,moon_altitude_deg,moon_azimuth_deg,phase_angle_deg,pct_darkness,moon_phase_fraction,moon_phase_name,datetime
2003-01-26,17:00:00,29224.0166,Daylit,9.267,247.2039,-59.4251,261.4008,110.8488,92.13,0.322,Waxing Gibbous,
2003-01-26,17:01:00,28648.2665,Daylit,9.0464,247.2913,-59.6499,261.4071,110.8577,92.14,0.322,Waxing Gibbous,
2003-01-26,17:02:00,28069.4618,Daylit,8.8257,247.3783,-59.8747,261.413,110.8667,92.14,0.3219,Waxing Gibbous,
2003-01-26,17:03:00,27487.5369,Daylit,8.6048,247.4648,-60.0994,261.4183,110.8757,92.14,0.3218,Waxing Gibbous,
2003-01-26,17:04:00,26902.4224,Daylit,8.3838,247.551,-60.3242,261.423,110.8847,92.15,0.3218,Waxing Gibbous,
2003-01-26,17:05:00,26314.044,Daylit,8.1626,247.6367,-60.549,261.4272,110.8937,92.15,0.3217,Waxing Gibbous,
2003-01-26,17:06:00,25722.3229,Daylit,7.9413,247.722,-60.7737,261.4309,110.9027,92.16,0.3216,Waxing Gibbous,
2003-01-26,17:07:00,25127.1749,Daylit,7.7199,247.8069,-60.9984,261.434,110.9117,92.16,0.3215,Waxing Gibbous,
2003-01-26,17:08:00,24528.5103,Daylit,7.4983,247.8915,-61.2232,261.4364,110.9207,92.16,0.3215,Waxing Gibbous,
2003-01-26,17:09:00,23926.2328,Daylit,7.2766,247.9756,-61.4479,261.4383,110.9297,92.17,0.3214,Waxing Gibbous,
2003-01-26,17:10:00,23320.2394,Daylit,7.0548,248.0593,-61.6726,261.4396,110.9387,92.17,0.3213,Waxing Gibbous,
2003-01-26,17:11:00,22710.4195,Daylit,6.8329,248.1427,-61.8973,261.4402,110.9477,92.18,0.3212,Waxing Gibbous,
2003-01-26,17:12:00,22096.654,Daylit,6.6108,248.2256,-62.122,261.4402,110.9567,92.18,0.3212,Waxing Gibbous,
2003-01-26,17:13:00,21478.8147,Daylit,6.3886,248.3082,-62.3466,261.4396,110.9657,92.18,0.3211,Waxing Gibbous,
2003-01-26,17:14:00,20856.7629,Daylit,6.1662,248.3904,-62.5713,261.4383,110.9746,92.19,0.321,Waxing Gibbous,
2003-01-26,17:15:00,20230.3484,Daylit,5.9438,248.4722,-62.7959,261.4363,110.9836,92.19,0.3209,Waxing Gibbous,
2003-01-26,17:16:00,19599.4082,Daylit,5.7212,248.5536,-63.0206,261.4336,110.9926,92.2,0.3209,Waxing Gibbous,
2003-01-26,17:17:00,18963.7647,Daylit,5.4985,248.6346,-63.2452,261.4301,111.0016,92.2,0.3208,Waxing Gibbous,
2003-01-26,17:18:00,18323.2239,Daylit,5.2756,248.7153,-63.4698,261.426,111.0106,92.2,0.3207,Waxing Gibbous,
2003-01-26,17:19:00,17677.5732,Daylit,5.0527,248.7956,-63.6944,261.4211,111.0196,92.21,0.3207,Waxing Gibbous,
2003-01-26,17:20:00,17026.5787,Daylit,4.8296,248.8756,-63.919,261.4154,111.0286,92.21,0.3206,Waxing Gibbous,
2003-01-26,17:21:00,16369.982,Daylit,4.6064,248.9551,-64.1435,261.4089,111.0376,92.22,0.3205,Waxing Gibbous,
2003-01-26,17:22:00,15707.4968,Daylit,4.3831,249.0343,-64.3681,261.4016,111.0466,92.22,0.3204,Waxing Gibbous,
2003-01-26,17:23:00,15038.8037,Daylit,4.1596,249.1132,-64.5926,261.3935,111.0556,92.22,0.3204,Waxing Gibbous,
2003-01-26,17:24:00,14363.545,Daylit,3.9361,249.1917,-64.8171,261.3846,111.0646,92.23,0.3203,Waxing Gibbous,
2003-01-26,17:25:00,13681.3174,Daylit,3.7124,249.2698,-65.0416,261.3747,111.0736,92.23,0.3202,Waxing Gibbous,
2003-01-26,17:26:00,12991.6636,Daylit,3.4886,249.3476,-65.2661,261.364,111.0826,92.24,0.3201,Waxing Gibbous,
2003-01-26,17:27:00,12294.0608,Daylit,3.2647,249.4251,-65.4906,261.3524,111.0915,92.24,0.3201,Waxing Gibbous,
2003-01-26,17:28:00,11587.9065,Daylit,3.0407,249.5022,-65.715,261.3398,111.1005,92.24,0.32,Waxing Gibbous,
2003-01-26,17:29:00,10872.4994,Daylit,2.8166,249.5789,-65.9395,261.3263,111.1095,92.25,0.3199,Waxing Gibbous,
2003-01-26,17:30:00,10147.0147,Daylit,2.5923,249.6553,-66.1639,261.3117,111.1185,92.25,0.3199,Waxing Gibbous,
2003-01-26,17:31:00,9410.4693,Daylit,2.368,249.7314,-66.3883,261.2962,111.1275,92.26,0.3198,Waxing Gibbous,
2003-01-26,17:32:00,8661.6734,Daylit,2.1435,249.8071,-66.6126,261.2796,111.1365,92.26,0.3197,Waxing Gibbous,
2003-01-26,17:33:00,7899.1616,Daylit,1.9189,249.8825,-66.837,261.2619,111.1455,92.26,0.3196,Waxing Gibbous,
2003-01-26,17:34:00,7121.0877,Daylit,1.6943,249.9576,-67.0613,261.2431,111.1545,92.27,0.3196,Waxing Gibbous,
2003-01-26,17:35:00,6325.0616,Daylit,1.4695,250.0323,-67.2856,261.2232,111.1635,92.27,0.3195,Waxing Gibbous,
2003-01-26,17:36:00,5507.8789,Daylit,1.2446,250.1067,-67.5099,261.2021,111.1725,92.28,0.3194,Waxing Gibbous,
2003-01-26,17:37:00,4665.0379,Daylit,1.0196,250.1808,-67.7342,261.1798,111.1815,92.28,0.3193,Waxing Gibbous,
2003-01-26,17:38:00,3789.7922,Daylit,0.7945,250.2545,-67.9584,261.1563,111.1904,92.28,0.3193,Waxing Gibbous,
2003-01-26,17:39:00,2871.0006,Daylit,0.5693,250.328,-68.1826,261.1315,111.1994,92.29,0.3192,Waxing Gibbous,
2003-01-26,17:40:00,1886.9807,Daylit,0.344,250.4011,-68.4068,261.1053,111.2084,92.29,0.3191,Waxing Gibbous,
2003-01-26,17:41:00,776.9771,Daylit,0.1185,250.4739,-68.6309,261.0779,111.2174,92.3,0.319,Waxing Gibbous,
2003-01-26,17:42:00,20.0363,Civil Twilight,-0.107,250.5464,-68.855,261.049,111.2264,92.3,0.319,Waxing Gibbous,
2003-01-26,17:43:00,19.2692,Civil Twilight,-0.3326,250.6185,-69.0791,261.0186,111.2354,92.3,0.3189,Waxing Gibbous,
2003-01-26,17:44:00,18.5018,Civil Twilight,-0.5583,250.6904,-69.3032,260.9868,111.2444,92.31,0.3188,Waxing Gibbous,
2003-01-26,17:45:00,17.734,Civil Twilight,-0.7841,250.7619,-69.5272,260.9535,111.2534,92.31,0.3188,Waxing Gibbous,
2003-01-26,17:46:00,16.9659,Civil Twilight,-1.01,250.8332,-69.7512,260.9186,111.2624,92.32,0.3187,Waxing Gibbous,
2003-01-26,17:47:00,16.1975,Civil Twilight,-1.236,250.9041,-69.9752,260.882,111.2714,92.32,0.3186,Waxing Gibbous,
2003-01-26,17:48:00,15.4287,Civil Twilight,-1.4621,250.9747,-70.1991,260.8438,111.2804,92.32,0.3185,Waxing Gibbous,
2003-01-26,17:49:00,14.6596,Civil Twilight,-1.6883,251.0451,-70.423,260.8038,111.2894,92.33,0.3185,Waxing Gibbous,
2003-01-26,17:50:00,13.8902,Civil Twilight,-1.9146,251.1151,-70.6469,260.762,111.2983,92.33,0.3184,Waxing Gibbous,
2003-01-26,17:51:00,13.1205,Civil Twilight,-2.141,251.1848,-70.8707,260.7183,111.3073,92.33,0.3183,Waxing Gibbous,
2003-01-26,17:52:00,12.3504,Civil Twilight,-2.3675,251.2543,-71.0945,260.6727,111.3163,92.34,0.3182,Waxing Gibbous,
2003-01-26,17:53:00,11.58,Civil Twilight,-2.5941,251.3234,-71.3182,260.6251,111.3253,92.34,0.3182,Waxing Gibbous,
2003-01-26,17:54:00,10.8093,Civil Twilight,-2.8208,251.3923,-71.5419,260.5754,111.3343,92.35,0.3181,Waxing Gibbous,
2003-01-26,17:55:00,10.0383,Civil Twilight,-3.0475,251.4608,-71.7656,260.5236,111.3433,92.35,0.318,Waxing Gibbous,
2003-01-26,17:56:00,9.267,Civil Twilight,-3.2744,251.5291,-71.9892,260.4695,111.3523,92.35,0.3179,Waxing Gibbous,
2003-01-26,17:57:00,8.4954,Civil Twilight,-3.5014,251.5971,-72.2128,260.4132,111.3613,92.36,0.3179,Waxing Gibbous,
2003-01-26,17:58:00,7.7235,Civil Twilight,-3.7284,251.6648,-72.4363,260.3545,111.3703,92.36,0.3178,Waxing Gibbous,
2003-01-26,17:59:00,6.9513,Civil Twilight,-3.9555,251.7323,-72.6597,260.2932,111.3793,92.37,0.3177,Waxing Gibbous,
2003-01-26,18:00:00,6.1787,Civil Twilight,-4.1827,251.7994,-72.8831,260.2294,111.3882,92.37,0.3177,Waxing Gibbous,
2003-01-26,18:01:00,5.4059,Civil Twilight,-4.41,251.8663,-73.1065,260.1629,111.3972,92.37,0.3176,Waxing Gibbous,
2003-01-26,18:02:00,4.6328,Civil Twilight,-4.6374,251.9329,-73.3298,260.0937,111.4062,92.38,0.3175,Waxing Gibbous,
2003-01-26,18:03:00,3.8594,Civil Twilight,-4.8649,251.9992,-73.553,260.0215,111.4152,92.38,0.3174,Waxing Gibbous,
2003-01-26,18:04:00,3.0857,Civil Twilight,-5.0925,252.0652,-73.7762,259.9463,111.4242,92.39,0.3174,Waxing Gibbous,
2003-01-26,18:05:00,2.3117,Civil Twilight,-5.3201,252.131,-73.9993,259.868,111.4332,92.39,0.3173,Waxing Gibbous,
2003-01-26,18:06:00,1.5374,Civil Twilight,-5.5478,252.1965,-74.2223,259.7864,111.4422,92.39,0.3172,Waxing Gibbous,
2003-01-26,18:07:00,0.7628,Civil Twilight,-5.7756,252.2617,-74.4453,259.7014,111.4512,92.4,0.3171,Waxing Gibbous,
2003-01-26,18:08:00,0.5996,Nautical Twilight,-6.0035,252.3267,-74.6682,259.6128,111.4602,92.4,0.3171,Waxing Gibbous,
2003-01-26,18:09:00,0.5768,Nautical Twilight,-6.2315,252.3914,-74.891,259.5206,111.4692,92.41,0.317,Waxing Gibbous,
2003-01-26,18:10:00,0.554,Nautical Twilight,-6.4596,252.4558,-75.1137,259.4244,111.4781,92.41,0.3169,Waxing Gibbous,
2003-01-26,18:11:00,0.5312,Nautical Twilight,-6.6877,252.52,-75.3364,259.3242,111.4871,92.41,0.3169,Waxing Gibbous,
2003-01-26,18:12:00,0.5084,Nautical Twilight,-6.9159,252.5839,-75.5589,259.2198,111.4961,92.42,0.3168,Waxing Gibbous,
2003-01-26,18:13:00,0.4856,Nautical Twilight,-7.1442,252.6476,-75.7814,259.111,111.5051,92.42,0.3167,Waxing Gibbous,
2003-01-26,18:14:00,0.4627,Nautical Twilight,-7.3726,252.711,-76.0038,258.9975,111.5141,92.43,0.3166,Waxing Gibbous,
2003-01-26,18:15:00,0.4399,Nautical Twilight,-7.6011,252.7741,-76.226,258.8791,111.5231,92.43,0.3166,Waxing Gibbous,
2003-01-26,18:16:00,0.417,Nautical Twilight,-7.8296,252.837,-76.4482,258.7557,111.5321,92.43,0.3165,Waxing Gibbous,
2003-01-26,18:17:00,0.3942,Nautical Twilight,-8.0582,252.8997,-76.6703,258.6269,111.5411,92.44,0.3164,Waxing Gibbous,
2003-01-26,18:18:00,0.3713,Nautical Twilight,-8.2869,252.9621,-76.8922,258.4925,111.5501,92.44,0.3163,Waxing Gibbous,
2003-01-26,18:19:00,0.3484,Nautical Twilight,-8.5157,253.0242,-77.114,258.3522,111.559,92.45,0.3163,Waxing Gibbous,
2003-01-26,18:20:00,0.3255,Nautical Twilight,-8.7445,253.0861,-77.3357,258.2057,111.568,92.45,0.3162,Waxing Gibbous,
2003-01-26,18:21:00,0.3027,Nautical Twilight,-8.9735,253.1477,-77.5573,258.0527,111.577,92.45,0.3161,Waxing Gibbous,
2003-01-26,18:22:00,0.2798,Nautical Twilight,-9.2024,253.2091,-77.7787,257.8928,111.586,92.46,0.3161,Waxing Gibbous,
2003-01-26,18:23:00,0.2568,Nautical Twilight,-9.4315,253.2703,-77.9999,257.7256,111.595,92.46,0.316,Waxing Gibbous,
2003-01-26,18:24:00,0.2339,Nautical Twilight,-9.6607,253.3312,-78.221,257.5508,111.604,92.47,0.3159,Waxing Gibbous,
2003-01-26,18:25:00,0.211,Nautical Twilight,-9.8899,253.3919,-78.4419,257.3679,111.613,92.47,0.3158,Waxing Gibbous,
2003-01-26,18:26:00,0.1881,Nautical Twilight,-10.1192,253.4523,-78.6627,257.1764,111.622,92.47,0.3158,Waxing Gibbous,
2003-01-26,18:27:00,0.1651,Nautical Twilight,-10.3485,253.5125,-78.8833,256.9759,111.631,92.48,0.3157,Waxing Gibbous,
2003-01-26,18:28:00,0.1422,Nautical Twilight,-10.5779,253.5725,-79.1036,256.7658,111.64,92.48,0.3156,Waxing Gibbous,
2003-01-26,18:29:00,0.1193,Nautical Twilight,-10.8074,253.6322,-79.3238,256.5455,111.6489,92.48,0.3155,Waxing Gibbous,
2003-01-26,18:30:00,0.0963,Nautical Twilight,-11.037,253.6917,-79.5437,256.3143,111.6579,92.49,0.3155,Waxing Gibbous,
2003-01-26,18:31:00,0.0733,Nautical Twilight,-11.2667,253.7509,-79.7634,256.0717,111.6669,92.49,0.3154,Waxing Gibbous,
2003-01-26,18:32:00,0.0504,Nautical Twilight,-11.4964,253.81,-79.9828,255.8169,111.6759,92.5,0.3153,Waxing Gibbous,
2003-01-26,18:33:00,0.0274,Nautical Twilight,-11.7261,253.8688,-80.202,255.549,111.6849,92.5,0.3152,Waxing Gibbous,
2003-01-26,18:34:00,0.0044,Nautical Twilight,-11.956,253.9273,-80.4208,255.2672,111.6939,92.5,0.3152,Waxing Gibbous,
2003-01-26,18:35:00,0.0058,Astronomical Twilight,-12.1859,253.9857,-80.6394,254.9705,111.7029,92.51,0.3151,Waxing Gibbous,
2003-01-26,18:36:00,0.0056,Astronomical Twilight,-12.4159,254.0438,-80.8576,254.6579,111.7119,92.51,0.315,Waxing Gibbous,
2003-01-26,18:37:00,0.0054,Astronomical Twilight,-12.6459,254.1017,-81.0754,254.3283,111.7208,92.52,0.315,Waxing Gibbous,
2003-01-26,18:38:00,0.0051,Astronomical Twilight,-12.8761,254.1593,-81.2929,253.9803,111.7298,92.52,0.3149,Waxing Gibbous,
2003-01-26,18:39:00,0.0049,Astronomical Twilight,-13.1062,254.2168,-81.51,253.6127,111.7388,92.52,0.3148,Waxing Gibbous,
2003-01-26,18:40:00,0.0047,Astronomical Twilight,-13.3365,254.274,-81.7266,253.2239,111.7478,92.53,0.3147,Waxing Gibbous,
2003-01-26,18:41:00,0.0044,Astronomical Twilight,-13.5668,254.331,-81.9427,252.8123,111.7568,92.53,0.3147,Waxing Gibbous,
2003-01-26,18:42:00,0.0042,Astronomical Twilight,-13.7972,254.3877,-82.1583,252.376,111.7658,92.54,0.3146,Waxing Gibbous,
2003-01-26,18:43:00,0.004,Astronomical Twilight,-14.0276,254.4443,-82.3734,251.913,111.7748,92.54,0.3145,Waxing Gibbous,
2003-01-26,18:44:00,0.0037,Astronomical Twilight,-14.2581,254.5006,-82.5878,251.4211,111.7838,92.54,0.3144,Waxing Gibbous,
2003-01-26,18:45:00,0.0035,Astronomical Twilight,-14.4887,254.5568,-82.8015,250.8978,111.7928,92.55,0.3144,Waxing Gibbous,
2003-01-26,18:46:00,0.0033,Astronomical Twilight,-14.7193,254.6127,-83.0146,250.3403,111.8017,92.55,0.3143,Waxing Gibbous,
2003-01-26,18:47:00,0.003,Astronomical Twilight,-14.95,254.6684,-83.2268,249.7455,111.8107,92.56,0.3142,Waxing Gibbous,
2003-01-26,18:48:00,0.0028,Astronomical Twilight,-15.1808,254.7238,-83.4381,249.11,111.8197,92.56,0.3142,Waxing Gibbous,
2003-01-26,18:49:00,0.0026,Astronomical Twilight,-15.4116,254.7791,-83.6485,248.4299,111.8287,92.56,0.3141,Waxing Gibbous,
2003-01-26,18:50:00,0.0024,Astronomical Twilight,-15.6424,254.8342,-83.8578,247.7008,111.8377,92.57,0.314,Waxing Gibbous,
2003-01-26,18:51:00,0.0021,Astronomical Twilight,-15.8734,254.889,-84.066,246.9179,111.8467,92.57,0.3139,Waxing Gibbous,
2003-01-26,18:52:00,0.0019,Astronomical Twilight,-16.1044,254.9437,-84.2728,246.0756,111.8557,92.57,0.3139,Waxing Gibbous,
2003-01-26,18:53:00,0.0017,Astronomical Twilight,-16.3354,254.9981,-84.4782,245.1678,111.8647,92.58,0.3138,Waxing Gibbous,
2003-01-26,18:54:00,0.0014,Astronomical Twilight,-16.5665,255.0523,-84.682,244.1873,111.8736,92.58,0.3137,Waxing Gibbous,
2003-01-26,18:55:00,0.0012,Astronomical Twilight,-16.7977,255.1063,-84.8839,243.1263,111.8826,92.59,0.3136,Waxing Gibbous,
2003-01-26,18:56:00,0.001,Astronomical Twilight,-17.0289,255.1602,-85.0839,241.9755,111.8916,92.59,0.3136,Waxing Gibbous,
2003-01-26,18:57:00,0.0007,Astronomical Twilight,-17.2602,255.2138,-85.2815,240.7247,111.9006,92.59,0.3135,Waxing Gibbous,
2003-01-26,18:58:00,0.0005,Astronomical Twilight,-17.4916,255.2672,-85.4765,239.3621,111.9096,92.6,0.3134,Waxing Gibbous,
2003-01-26,18:59:00,0.0003,Astronomical Twilight,-17.723,255.3204,-85.6686,237.8746,111.9186,92.6,0.3134,Waxing Gibbous,
2003-01-26,19:00:00,0.0,Astronomical Twilight,-17.9544,255.3734,-85.8574,236.2469,111.9276,92.61,0.3133,Waxing Gibbous,
2003-01-26,19:01:00,0.0,Moonless Night,-18.1859,255.4262,-86.0423,234.4621,111.9366,92.61,0.3132,Waxing Gibbous,
2003-01-26,19:02:00,0.0,Moonless Night,-18.4175,255.4788,-86.2228,232.5011,111.9455,92.61,0.3131,Waxing Gibbous,
2003-01-26,19:03:00,0.0,Moonless Night,-18.6491,255.5312,-86.3983,230.3426,111.9545,92.62,0.3131,Waxing Gibbous,
2003-01-26,19:04:00,0.0,Moonless Night,-18.8808,255.5834,-86.568,227.9633,111.9635,92.62,0.313,Waxing Gibbous,
2003-01-26,19:05:00,0.0,Moonless Night,-19.1125,255.6354,-86.7309,225.3381,111.9725,92.63,0.3129,Waxing Gibbous,
2003-01-26,19:06:00,0.0,Moonless Night,-19.3443,255.6872,-86.8861,222.4409,111.9815,92.63,0.3128,Waxing Gibbous,
2003-01-26,19:07:00,0.0,Moonless Night,-19.5762,255.7389,-87.0322,219.2456,111.9905,92.63,0.3128,Waxing Gibbous,
2003-01-26,19:08:00,0.0,Moonless Night,-19.808,255.7903,-87.168,215.7284,111.9995,92.64,0.3127,Waxing Gibbous,
2003-01-26,19:09:00,0.0,Moonless Night,-20.04,255.8415,-87.2917,211.8702,112.0085,92.64,0.3126,Waxing Gibbous,
2003-01-26,19:10:00,0.0,Moonless Night,-20.272,255.8926,-87.4018,207.6609,112.0174,92.64,0.3126,Waxing Gibbous,
2003-01-26,19:11:00,0.0,Moonless Night,-20.504,255.9434,-87.4965,203.1037,112.0264,92.65,0.3125,Waxing Gibbous,
2003-01-26,19:12:00,0.0,Moonless Night,-20.7361,255.9941,-87.5738,198.2202,112.0354,92.65,0.3124,Waxing Gibbous,
2003-01-26,19:13:00,0.0,Moonless Night,-20.9683,256.0446,-87.6322,193.0541,112.0444,92.66,0.3123,Waxing Gibbous,
2003-01-26,19:14:00,0.0,Moonless Night,-21.2005,256.0948,-87.6702,187.6723,112.0534,92.66,0.3123,Waxing Gibbous,
2003-01-26,19:15:00,0.0,Moonless Night,-21.4327,256.1449,-87.6867,182.1625,112.0624,92.66,0.3122,Waxing Gibbous,
2003-01-26,19:16:00,0.0,Moonless Night,-21.6651,256.1948,-87.6814,176.6258,112.0714,92.67,0.3121,Waxing Gibbous,
2003-01-26,19:17:00,0.0,Moonless Night,-21.8974,256.2445,-87.6544,171.1663,112.0804,92.67,0.312,Waxing Gibbous,
2003-01-26,19:18:00,0.0,Moonless Night,-22.1298,256.2941,-87.6064,165.8796,112.0893,92.68,0.312,Waxing Gibbous,
2003-01-26,19:19:00,0.0,Moonless Night,-22.3623,256.3434,-87.5387,160.844,112.0983,92.68,0.3119,Waxing Gibbous,
2003-01-26,19:20:00,0.0,Moonless Night,-22.5948,256.3926,-87.4527,156.1152,112.1073,92.68,0.3118,Waxing Gibbous,
2003-01-26,19:21:00,0.0,Moonless Night,-22.8273,256.4415,-87.3504,151.7258,112.1163,92.69,0.3118,Waxing Gibbous,
2003-01-26,19:22:00,0.0,Moonless Night,-23.0599,256.4903,-87.2335,147.6878,112.1253,92.69,0.3117,Waxing Gibbous,
2003-01-26,19:23:00,0.0,Moonless Night,-23.2926,256.5389,-87.1037,143.9974,112.1343,92.69,0.3116,Waxing Gibbous,
2003-01-26,19:24:00,0.0,Moonless Night,-23.5252,256.5873,-86.9628,140.6396,112.1433,92.7,0.3115,Waxing Gibbous,
2003-01-26,19:25:00,0.0,Moonless Night,-23.758,256.6356,-86.8122,137.5925,112.1522,92.7,0.3115,Waxing Gibbous,
2003-01-26,19:26:00,0.0,Moonless Night,-23.9908,256.6836,-86.6532,134.831,112.1612,92.71,0.3114,Waxing Gibbous,
2003-01-26,19:27:00,0.0,Moonless Night,-24.2236,256.7315,-86.487,132.3287,112.1702,92.71,0.3113,Waxing Gibbous,
2003-01-26,19:28:00,0.0,Moonless Night,-24.4565,256.7792,-86.3145,130.0599,112.1792,92.71,0.3112,Waxing Gibbous,
2003-01-26,19:29:00,0.0,Moonless Night,-24.6894,256.8267,-86.1366,128.0003,112.1882,92.72,0.3112,Waxing Gibbous,
2003-01-26,19:30:00,0.0,Moonless Night,-24.9224,256.8741,-85.954,126.1276,112.1972,92.72,0.3111,Waxing Gibbous,
2003-01-26,19:31:00,0.0,Moonless Night,-25.1554,256.9212,-85.7673,124.4216,112.2062,92.73,0.311,Waxing Gibbous,
2003-01-26,19:32:00,0.0,Moonless Night,-25.3884,256.9682,-85.577,122.8642,112.2151,92.73,0.311,Waxing Gibbous,
2003-01-26,19:33:00,0.0,Moonless Night,-25.6215,257.015,-85.3835,121.4393,112.2241,92.73,0.3109,Waxing Gibbous,
2003-01-26,19:34:00,0.0,Moonless Night,-25.8547,257.0616,-85.1873,120.1328,112.2331,92.74,0.3108,Waxing Gibbous,
2003-01-26,19:35:00,0.0,Moonless Night,-26.0879,257.1081,-84.9887,118.9322,112.2421,92.74,0.3107,Waxing Gibbous,
2003-01-26,19:36:00,0.0,Moonless Night,-26.3211,257.1543,-84.7879,117.8264,112.2511,92.74,0.3107,Waxing Gibbous,
2003-01-26,19:37:00,0.0,Moonless Night,-26.5544,257.2004,-84.5852,116.8057,112.2601,92.75,0.3106,Waxing Gibbous,
2003-01-26,19:38:00,0.0,Moonless Night,-26.7877,257.2463,-84.3809,115.8617,112.2691,92.75,0.3105,Waxing Gibbous,
2003-01-26,19:39:00,0.0,Moonless Night,-27.0211,257.2921,-84.1749,114.9867,112.278,92.76,0.3104,Waxing Gibbous,
2003-01-26,19:40:00,0.0,Moonless Night,-27.2545,257.3376,-83.9677,114.1743,112.287,92.76,0.3104,Waxing Gibbous,
2003-01-26,19:41:00,0.0,Moonless Night,-27.4879,257.383,-83.7591,113.4184,112.296,92.76,0.3103,Waxing Gibbous,
2003-01-26,19:42:00,0.0,Moonless Night,-27.7214,257.4283,-83.5495,112.7139,112.305,92.77,0.3102,Waxing Gibbous,
2003-01-26,19:43:00,0.0,Moonless Night,-27.9549,257.4733,-83.3389,112.0561,112.314,92.77,0.3102,Waxing Gibbous,
2003-01-26,19:44:00,0.0,Moonless Night,-28.1885,257.5182,-83.1273,111.4411,112.323,92.78,0.3101,Waxing Gibbous,
2003-01-26,19:45:00,0.0,Moonless Night,-28.4221,257.5629,-82.9149,110.8651,112.332,92.78,0.31,Waxing Gibbous,
2003-01-26,19:46:00,0.0,Moonless Night,-28.6558,257.6074,-82.7018,110.3248,112.3409,92.78,0.3099,Waxing Gibbous,
2003-01-26,19:47:00,0.0,Moonless Night,-28.8895,257.6518,-82.488,109.8173,112.3499,92.79,0.3099,Waxing Gibbous,
2003-01-26,19:48:00,0.0,Moonless Night,-29.1232,257.6959,-82.2735,109.34,112.3589,92.79,0.3098,Waxing Gibbous,
2003-01-26,19:49:00,0.0,Moonless Night,-29.357,257.7399,-82.0585,108.8905,112.3679,92.79,0.3097,Waxing Gibbous,
2003-01-26,19:50:00,0.0,Moonless Night,-29.5908,257.7838,-81.8429,108.4667,112.3769,92.8,0.3097,Waxing Gibbous,
2003-01-26,19:51:00,0.0,Moonless Night,-29.8246,257.8274,-81.6268,108.0666,112.3859,92.8,0.3096,Waxing Gibbous,
2003-01-26,19:52:00,0.0,Moonless Night,-30.0585,257.8709,-81.4103,107.6886,112.3949,92.81,0.3095,Waxing Gibbous,
2003-01-26,19:53:00,0.0,Moonless Night,-30.2924,257.9143,-81.1933,107.331,112.4038,92.81,0.3094,Waxing Gibbous,
2003-01-26,19:54:00,0.0,Moonless Night,-30.5264,257.9574,-80.976,106.9924,112.4128,92.81,0.3094,Waxing Gibbous,
2003-01-26,19:55:00,0.0,Moonless Night,-30.7604,258.0004,-80.7583,106.6715,112.4218,92.82,0.3093,Waxing Gibbous,
2003-01-26,19:56:00,0.0,Moonless Night,-30.9944,258.0432,-80.5402,106.3671,112.4308,92.82,0.3092,Waxing Gibbous,
2003-01-26,19:57:00,0.0,Moonless Night,-31.2285,258.0859,-80.3219,106.0781,112.4398,92.83,0.3091,Waxing Gibbous,
2003-01-26,19:58:00,0.0,Moonless Night,-31.4626,258.1283,-80.1032,105.8035,112.4488,92.83,0.3091,Waxing Gibbous,
2003-01-26,19:59:00,0.0,Moonless Night,-31.6968,258.1706,-79.8843,105.5423,112.4577,92.83,0.309,Waxing Gibbous,
2003-01-26,20:00:00,0.0,Moonless Night,-31.9309,258.2128,-79.6651,105.2939,112.4667,92.84,0.3089,Waxing Gibbous,
2003-01-27,17:00:00,29585.6965,Daylit,9.4061,247.4285,-47.1287,254.7521,123.7458,96.75,0.2222,Waxing Crescent,
2003-01-27,17:01:00,29010.6642,Daylit,9.1851,247.516,-47.3481,254.7546,123.7547,96.75,0.2222,Waxing Crescent,
2003-01-27,17:02:00,28432.6108,Daylit,8.964,247.6031,-47.5675,254.7565,123.7636,96.75,0.2221,Waxing Crescent,
2003-01-27,17:03:00,27851.4728,Daylit,8.7428,247.6897,-47.7868,254.7579,123.7726,96.75,0.2221,Waxing Crescent,
2003-01-27,17:04:00,27267.1828,Daylit,8.5214,247.776,-48.0062,254.7588,123.7815,96.75,0.222,Waxing Crescent,
2003-01-27,17:05:00,26679.6691,Daylit,8.2999,247.8618,-48.2255,254.7592,123.7904,96.76,0.2219,Waxing Crescent,
2003-01-27,17:06:00,26088.8554,Daylit,8.0783,247.9472,-48.4449,254.7591,123.7993,96.76,0.2219,Waxing Crescent,
2003-01-27,17:07:00,25494.6605,Daylit,7.8565,248.0323,-48.6642,254.7584,123.8082,96.76,0.2218,Waxing Crescent,
2003-01-27,17:08:00,24896.9976,Daylit,7.6346,248.1169,-48.8835,254.7572,123.8171,96.76,0.2217,Waxing Crescent,
2003-01-27,17:09:00,24295.7741,Daylit,7.4125,248.2011,-49.1028,254.7555,123.826,96.77,0.2217,Waxing Crescent,
2003-01-27,17:10:00,23690.8907,Daylit,7.1903,248.285,-49.3221,254.7531,123.835,96.77,0.2216,Waxing Crescent,
2003-01-27,17:11:00,23082.2408,Daylit,6.968,248.3684,-49.5413,254.7503,123.8439,96.77,0.2215,Waxing Crescent,
2003-01-27,17:12:00,22469.7102,Daylit,6.7456,248.4515,-49.7606,254.7468,123.8528,96.77,0.2215,Waxing Crescent,
2003-01-27,17:13:00,21853.1755,Daylit,6.5231,248.5342,-49.9798,254.7428,123.8617,96.78,0.2214,Waxing Crescent,
2003-01-27,17:14:00,21232.5039,Daylit,6.3004,248.6164,-50.199,254.7382,123.8706,96.78,0.2213,Waxing Crescent,
2003-01-27,17:15:00,20607.5515,Daylit,6.0776,248.6984,-50.4182,254.733,123.8795,96.78,0.2213,Waxing Crescent,
2003-01-27,17:16:00,19978.1623,Daylit,5.8546,248.7799,-50.6374,254.7271,123.8885,96.78,0.2212,Waxing Crescent,
2003-01-27,17:17:00,19344.1669,Daylit,5.6316,248.8611,-50.8565,254.7207,123.8974,96.79,0.2211,Waxing Crescent,
2003-01-27,17:18:00,18705.3804,Daylit,5.4084,248.9419,-51.0757,254.7137,123.9063,96.79,0.2211,Waxing Crescent,
2003-01-27,17:19:00,18061.6004,Daylit,5.1851,249.0223,-51.2948,254.706,123.9152,96.79,0.221,Waxing Crescent,
2003-01-27,17:20:00,17412.6049,Daylit,4.9617,249.1024,-51.5139,254.6977,123.9241,96.79,0.221,Waxing Crescent,
2003-01-27,17:21:00,16758.1492,Daylit,4.7381,249.1821,-51.733,254.6887,123.933,96.8,0.2209,Waxing Crescent,
2003-01-27,17:22:00,16097.9627,Daylit,4.5145,249.2614,-51.952,254.6791,123.9419,96.8,0.2208,Waxing Crescent,
2003-01-27,17:23:00,15431.7444,Daylit,4.2907,249.3404,-52.171,254.6688,123.9509,96.8,0.2208,Waxing Crescent,
2003-01-27,17:24:00,14759.1582,Daylit,4.0668,249.419,-52.39,254.6578,123.9598,96.8,0.2207,Waxing Crescent,
2003-01-27,17:25:00,14079.8264,Daylit,3.8428,249.4973,-52.609,254.6462,123.9687,96.81,0.2206,Waxing Crescent,
2003-01-27,17:26:00,13393.3224,Daylit,3.6187,249.5753,-52.828,254.6338,123.9776,96.81,0.2206,Waxing Crescent,
2003-01-27,17:27:00,12699.1605,Daylit,3.3944,249.6528,-53.0469,254.6208,123.9865,96.81,0.2205,Waxing Crescent,
2003-01-27,17:28:00,11996.7835,Daylit,3.1701,249.7301,-53.2658,254.607,123.9954,96.81,0.2204,Waxing Crescent,
2003-01-27,17:29:00,11285.5466,Daylit,2.9456,249.807,-53.4847,254.5924,124.0043,96.81,0.2204,Waxing Crescent,
2003-01-27,17:30:00,10564.6959,Daylit,2.721,249.8835,-53.7035,254.5772,124.0133,96.82,0.2203,Waxing Crescent,
2003-01-27,17:31:00,9833.3397,Daylit,2.4964,249.9597,-53.9223,254.5612,124.0222,96.82,0.2202,Waxing Crescent,
2003-01-27,17:32:00,9090.4082,Daylit,2.2716,250.0356,-54.1411,254.5444,124.0311,96.82,0.2202,Waxing Crescent,
2003-01-27,17:33:00,8334.597,Daylit,2.0467,250.1112,-54.3599,254.5268,124.04,96.82,0.2201,Waxing Crescent,
2003-01-27,17:34:00,7564.2839,Daylit,1.8217,250.1864,-54.5786,254.5084,124.0489,96.83,0.22,Waxing Crescent,
2003-01-27,17:35:00,6777.4024,Daylit,1.5966,250.2613,-54.7973,254.4893,124.0578,96.83,0.22,Waxing Crescent,
2003-01-27,17:36:00,5971.2373,Daylit,1.3713,250.3359,-55.016,254.4693,124.0667,96.83,0.2199,Waxing Crescent,
2003-01-27,17:37:00,5142.0785,Daylit,1.146,250.4101,-55.2346,254.4485,124.0756,96.83,0.2199,Waxing Crescent,
2003-01-27,17:38:00,4284.5763,Daylit,0.9206,250.484,-55.4532,254.4268,124.0846,96.84,0.2198,Waxing Crescent,
2003-01-27,17:39:00,3390.4022,Daylit,0.6951,250.5576,-55.6717,254.4042,124.0935,96.84,0.2197,Waxing Crescent,
2003-01-27,17:40:00,2444.9319,Daylit,0.4694,250.6309,-55.8902,254.3808,124.1024,96.84,0.2197,Waxing Crescent,
2003-01-27,17:41:00,1416.0888,Daylit,0.2437,250.7039,-56.1087,254.3565,124.1113,96.84,0.2196,Waxing Crescent,
2003-01-27,17:42:00,160.5269,Daylit,0.0179,250.7765,-56.3272,254.3313,124.1202,96.85,0.2195,Waxing Crescent,
2003-01-27,17:43:00,19.6925,Civil Twilight,-0.2081,250.8489,-56.5456,254.3051,124.1291,96.85,0.2195,Waxing Crescent,
2003-01-27,17:44:00,18.924,Civil Twilight,-0.4341,250.9209,-56.7639,254.278,124.138,96.85,0.2194,Waxing Crescent,
2003-01-27,17:45:00,18.1552,Civil Twilight,-0.6602,250.9926,-56.9823,254.25,124.147,96.85,0.2193,Waxing Crescent,
2003-01-27,17:46:00,17.386,Civil Twilight,-0.8865,251.0641,-57.2005,254.221,124.1559,96.86,0.2193,Waxing Crescent,
2003-01-27,17:47:00,16.6165,Civil Twilight,-1.1128,251.1352,-57.4188,254.1909,124.1648,96.86,0.2192,Waxing Crescent,
2003-01-27,17:48:00,15.8466,Civil Twilight,-1.3392,251.206,-57.637,254.1599,124.1737,96.86,0.2191,Waxing Crescent,
2003-01-27,17:49:00,15.0765,Civil Twilight,-1.5657,251.2765,-57.8551,254.1278,124.1826,96.86,0.2191,Waxing Crescent,
2003-01-27,17:50:00,14.306,Civil Twilight,-1.7924,251.3468,-58.0732,254.0947,124.1915,96.86,0.219,Waxing Crescent,
2003-01-27,17:51:00,13.5352,Civil Twilight,-2.0191,251.4167,-58.2912,254.0605,124.2004,96.87,0.219,Waxing Crescent,
2003-01-27,17:52:00,12.7641,Civil Twilight,-2.2459,251.4863,-58.5092,254.0252,124.2093,96.87,0.2189,Waxing Crescent,
2003-01-27,17:53:00,11.9927,Civil Twilight,-2.4727,251.5557,-58.7272,253.9888,124.2183,96.87,0.2188,Waxing Crescent,
2003-01-27,17:54:00,11.2209,Civil Twilight,-2.6997,251.6248,-58.9451,253.9512,124.2272,96.87,0.2188,Waxing Crescent,
2003-01-27,17:55:00,10.4489,Civil Twilight,-2.9268,251.6935,-59.1629,253.9125,124.2361,96.88,0.2187,Waxing Crescent,
2003-01-27,17:56:00,9.6765,Civil Twilight,-3.154,251.762,-59.3807,253.8726,124.245,96.88,0.2186,Waxing Crescent,
2003-01-27,17:57:00,8.9039,Civil Twilight,-3.3812,251.8302,-59.5984,253.8315,124.2539,96.88,0.2186,Waxing Crescent,
2003-01-27,17:58:00,8.1309,Civil Twilight,-3.6086,251.8982,-59.8161,253.7892,124.2628,96.88,0.2185,Waxing Crescent,
2003-01-27,17:59:00,7.3576,Civil Twilight,-3.836,251.9658,-60.0337,253.7456,124.2717,96.89,0.2184,Waxing Crescent,
2003-01-27,18:00:00,6.5841,Civil Twilight,-4.0635,252.0332,-60.2513,253.7008,124.2806,96.89,0.2184,Waxing Crescent,
2003-01-27,18:01:00,5.8102,Civil Twilight,-4.2911,252.1003,-60.4687,253.6546,124.2895,96.89,0.2183,Waxing Crescent,
2003-01-27,18:02:00,5.0361,Civil Twilight,-4.5188,252.1671,-60.6862,253.6071,124.2985,96.89,0.2182,Waxing Crescent,
2003-01-27,18:03:00,4.2616,Civil Twilight,-4.7466,252.2337,-60.9035,253.5582,124.3074,96.9,0.2182,Waxing Crescent,
2003-01-27,18:04:00,3.4869,Civil Twilight,-4.9744,252.2999,-61.1208,253.5079,124.3163,96.9,0.2181,Waxing Crescent,
2003-01-27,18:05:00,2.7119,Civil Twilight,-5.2024,252.366,-61.338,253.4563,124.3252,96.9,0.2181,Waxing Crescent,
2003-01-27,18:06:00,1.9366,Civil Twilight,-5.4304,252.4317,-61.5552,253.4031,124.3341,96.9,0.218,Waxing Crescent,
2003-01-27,18:07:00,1.161,Civil Twilight,-5.6585,252.4972,-61.7723,253.3485,124.343,96.91,0.2179,Waxing Crescent,
2003-01-27,18:08:00,0.3851,Civil Twilight,-5.8867,252.5624,-61.9893,253.2923,124.3519,96.91,0.2179,Waxing Crescent,
2003-01-27,18:09:00,0.5885,Nautical Twilight,-6.115,252.6273,-62.2062,253.2346,124.3608,96.91,0.2178,Waxing Crescent,
2003-01-27,18:10:00,0.5657,Nautical Twilight,-6.3434,252.692,-62.423,253.1753,124.3698,96.91,0.2177,Waxing Crescent,
2003-01-27,18:11:00,0.5428,Nautical Twilight,-6.5718,252.7565,-62.6398,253.1144,124.3787,96.91,0.2177,Waxing Crescent,
2003-01-27,18:12:00,0.52,Nautical Twilight,-6.8003,252.8207,-62.8565,253.0519,124.3876,96.92,0.2176,Waxing Crescent,
2003-01-27,18:13:00,0.4971,Nautical Twilight,-7.0289,252.8846,-63.0731,252.9876,124.3965,96.92,0.2175,Waxing Crescent,
2003-01-27,18:14:00,0.4742,Nautical Twilight,-7.2576,252.9483,-63.2896,252.9216,124.4054,96.92,0.2175,Waxing Crescent,
2003-01-27,18:15:00,0.4514,Nautical Twilight,-7.4863,253.0117,-63.506,252.8538,124.4143,96.92,0.2174,Waxing Crescent,
2003-01-27,18:16:00,0.4285,Nautical Twilight,-7.7152,253.0748,-63.7224,252.7842,124.4232,96.93,0.2173,Waxing Crescent,
2003-01-27,18:17:00,0.4056,Nautical Twilight,-7.9441,253.1378,-63.9386,252.7127,124.4321,96.93,0.2173,Waxing Crescent,
2003-01-27,18:18:00,0.3827,Nautical Twilight,-8.1731,253.2004,-64.1547,252.6394,124.441,96.93,0.2172,Waxing Crescent,
2003-01-27,18:19:00,0.3598,Nautical Twilight,-8.4021,253.2628,-64.3708,252.564,124.45,96.93,0.2172,Waxing Crescent,
2003-01-27,18:20:00,0.3369,Nautical Twilight,-8.6312,253.325,-64.5867,252.4867,124.4589,96.94,0.2171,Waxing Crescent,
2003-01-27,18:21:00,0.314,Nautical Twilight,-8.8605,253.387,-64.8025,252.4073,124.4678,96.94,0.217,Waxing Crescent,
2003-01-27,18:22:00,0.291,Nautical Twilight,-9.0897,253.4487,-65.0183,252.3259,124.4767,96.94,0.217,Waxing Crescent,
2003-01-27,18:23:00,0.2681,Nautical Twilight,-9.3191,253.5101,-65.2339,252.2422,124.4856,96.94,0.2169,Waxing Crescent,
2003-01-27,18:24:00,0.2451,Nautical Twilight,-9.5485,253.5713,-65.4494,252.1564,124.4945,96.94,0.2168,Waxing Crescent,
2003-01-27,18:25:00,0.2222,Nautical Twilight,-9.778,253.6323,-65.6648,252.0683,124.5034,96.95,0.2168,Waxing Crescent,
2003-01-27,18:26:00,0.1992,Nautical Twilight,-10.0076,253.6931,-65.88,251.9778,124.5123,96.95,0.2167,Waxing Crescent,
2003-01-27,18:27:00,0.1763,Nautical Twilight,-10.2372,253.7536,-66.0952,251.885,124.5212,96.95,0.2166,Waxing Crescent,
2003-01-27,18:28:00,0.1533,Nautical Twilight,-10.4669,253.8138,-66.3102,251.7898,124.5301,96.95,0.2166,Waxing Crescent,
2003-01-27,18:29:00,0.1303,Nautical Twilight,-10.6967,253.8739,-66.525,251.692,124.5391,96.96,0.2165,Waxing Crescent,
2003-01-27,18:30:00,0.1073,Nautical Twilight,-10.9266,253.9337,-66.7398,251.5917,124.548,96.96,0.2165,Waxing Crescent,
2003-01-27,18:31:00,0.0843,Nautical Twilight,-11.1565,253.9933,-66.9544,251.4887,124.5569,96.96,0.2164,Waxing Crescent,
2003-01-27,18:32:00,0.0613,Nautical Twilight,-11.3865,254.0526,-67.1689,251.383,124.5658,96.96,0.2163,Waxing Crescent,
2003-01-27,18:33:00,0.0383,Nautical Twilight,-11.6166,254.1118,-67.3832,251.2745,124.5747,96.97,0.2163,Waxing Crescent,
2003-01-27,18:34:00,0.0153,Nautical Twilight,-11.8467,254.1707,-67.5973,251.1631,124.5836,96.97,0.2162,Waxing Crescent,
2003-01-27,18:35:00,0.0059,Astronomical Twilight,-12.0769,254.2293,-67.8113,251.0488,124.5925,96.97,0.2161,Waxing Crescent,
2003-01-27,18:36:00,0.0057,Astronomical Twilight,-12.3072,254.2878,-68.0252,250.9315,124.6014,96.97,0.2161,Waxing Crescent,
2003-01-27,18:37:00,0.0055,Astronomical Twilight,-12.5375,254.346,-68.2389,250.811,124.6103,96.98,0.216,Waxing Crescent,
2003-01-27,18:38:00,0.0052,Astronomical Twilight,-12.7679,254.4041,-68.4524,250.6874,124.6192,96.98,0.2159,Waxing Crescent,
2003-01-27,18:39:00,0.005,Astronomical Twilight,-12.9983,254.4618,-68.6657,250.5604,124.6282,96.98,0.2159,Waxing Crescent,
2003-01-27,18:40:00,0.0048,Astronomical Twilight,-13.2289,254.5194,-68.8788,250.4301,124.6371,96.98,0.2158,Waxing Crescent,
2003-01-27,18:41:00,0.0045,Astronomical Twilight,-13.4594,254.5768,-69.0918,250.2962,124.646,96.98,0.2157,Waxing Crescent,
2003-01-27,18:42:00,0.0043,Astronomical Twilight,-13.6901,254.6339,-69.3046,250.1588,124.6549,96.99,0.2157,Waxing Crescent,
2003-01-27,18:43:00,0.0041,Astronomical Twilight,-13.9208,254.6909,-69.5171,250.0176,124.6638,96.99,0.2156,Waxing Crescent,
2003-01-27,18:44:00,0.0038,Astronomical Twilight,-14.1516,254.7476,-69.7295,249.8727,124.6727,96.99,0.2156,Waxing Crescent,
2003-01-27,18:45:00,0.0036,Astronomical Twilight,-14.3824,254.8041,-69.9416,249.7238,124.6816,96.99,0.2155,Waxing Crescent,
2003-01-27,18:46:00,0.0034,Astronomical Twilight,-14.6133,254.8604,-70.1536,249.5709,124.6905,97.0,0.2154,Waxing Crescent,
2003-01-27,18:47:00,0.0032,Astronomical Twilight,-14.8443,254.9165,-70.3653,249.4137,124.6994,97.0,0.2154,Waxing Crescent,
2003-01-27,18:48:00,0.0029,Astronomical Twilight,-15.0753,254.9724,-70.5768,249.2523,124.7083,97.0,0.2153,Waxing Crescent,
2003-01-27,18:49:00,0.0027,Astronomical Twilight,-15.3064,255.028,-70.788,249.0865,124.7172,97.0,0.2152,Waxing Crescent,
2003-01-27,18:50:00,0.0025,Astronomical Twilight,-15.5375,255.0835,-70.999,248.916,124.7262,97.01,0.2152,Waxing Crescent,
2003-01-27,18:51:00,0.0022,Astronomical Twilight,-15.7688,255.1388,-71.2097,248.7408,124.7351,97.01,0.2151,Waxing Crescent,
2003-01-27,18:52:00,0.002,Astronomical Twilight,-16.0,255.1938,-71.4201,248.5607,124.744,97.01,0.215,Waxing Crescent,
2003-01-27,18:53:00,0.0018,Astronomical Twilight,-16.2313,255.2487,-71.6303,248.3756,124.7529,97.01,0.215,Waxing Crescent,
2003-01-27,18:54:00,0.0015,Astronomical Twilight,-16.4627,255.3033,-71.8402,248.1853,124.7618,97.01,0.2149,Waxing Crescent,
2003-01-27,18:55:00,0.0013,Astronomical Twilight,-16.6942,255.3578,-72.0498,247.9895,124.7707,97.02,0.2149,Waxing Crescent,
2003-01-27,18:56:00,0.0011,Astronomical Twilight,-16.9257,255.412,-72.259,247.7882,124.7796,97.02,0.2148,Waxing Crescent,
2003-01-27,18:57:00,0.0008,Astronomical Twilight,-17.1572,255.466,-72.468,247.5812,124.7885,97.02,0.2147,Waxing Crescent,
2003-01-27,18:58:00,0.0006,Astronomical Twilight,-17.3888,255.5199,-72.6766,247.3682,124.7974,97.02,0.2147,Waxing Crescent,
2003-01-27,18:59:00,0.0004,Astronomical Twilight,-17.6205,255.5736,-72.8849,247.149,124.8063,97.03,0.2146,Waxing Crescent,
2003-01-27,19:00:00,0.0001,Astronomical Twilight,-17.8522,255.627,-73.0929,246.9234,124.8152,97.03,0.2145,Waxing Crescent,
2003-01-27,19:01:00,0.0,Moonless Night,-18.084,255.6803,-73.3004,246.6913,124.8241,97.03,0.2145,Waxing Crescent,
2003-01-27,19:02:00,0.0,Moonless Night,-18.3158,255.7333,-73.5076,246.4522,124.8331,97.03,0.2144,Waxing Crescent,
2003-01-27,19:03:00,0.0,Moonless Night,-18.5477,255.7862,-73.7144,246.2061,124.842,97.04,0.2143,Waxing Crescent,
2003-01-27,19:04:00,0.0,Moonless Night,-18.7796,255.8389,-73.9207,245.9527,124.8509,97.04,0.2143,Waxing Crescent,
2003-01-27,19:05:00,0.0,Moonless Night,-19.0116,255.8914,-74.1267,245.6916,124.8598,97.04,0.2142,Waxing Crescent,
2003-01-27,19:06:00,0.0,Moonless Night,-19.2437,255.9437,-74.3322,245.4226,124.8687,97.04,0.2142,Waxing Crescent,
2003-01-27,19:07:00,0.0,Moonless Night,-19.4758,255.9958,-74.5372,245.1455,124.8776,97.04,0.2141,Waxing Crescent,
2003-01-27,19:08:00,0.0,Moonless Night,-19.708,256.0477,-74.7418,244.8598,124.8865,97.05,0.214,Waxing Crescent,
2003-01-27,19:09:00,0.0,Moonless Night,-19.9402,256.0994,-74.9458,244.5653,124.8954,97.05,0.214,Waxing Crescent,
2003-01-27,19:10:00,0.0,Moonless Night,-20.1724,256.151,-75.1493,244.2616,124.9043,97.05,0.2139,Waxing Crescent,
2003-01-27,19:11:00,0.0,Moonless Night,-20.4047,256.2023,-75.3523,243.9484,124.9132,97.05,0.2138,Waxing Crescent,
2003-01-27,19:12:00,0.0,Moonless Night,-20.6371,256.2535,-75.5547,243.6254,124.9221,97.06,0.2138,Waxing Crescent,
2003-01-27,19:13:00,0.0,Moonless Night,-20.8695,256.3045,-75.7565,243.292,124.931,97.06,0.2137,Waxing Crescent,
2003-01-27,19:14:00,0.0,Moonless Night,-21.102,256.3553,-75.9577,242.9479,124.9399,97.06,0.2136,Waxing Crescent,
2003-01-27,19:15:00,0.0,Moonless Night,-21.3345,256.4059,-76.1583,242.5927,124.9489,97.06,0.2136,Waxing Crescent,
2003-01-27,19:16:00,0.0,Moonless Night,-21.567,256.4563,-76.3581,242.2259,124.9578,97.06,0.2135,Waxing Crescent,
2003-01-27,19:17:00,0.0,Moonless Night,-21.7997,256.5066,-76.5573,241.847,124.9667,97.07,0.2135,Waxing Crescent,
2003-01-27,19:18:00,0.0,Moonless Night,-22.0323,256.5567,-76.7557,241.4556,124.9756,97.07,0.2134,Waxing Crescent,
2003-01-27,19:19:00,0.0,Moonless Night,-22.265,256.6066,-76.9534,241.0511,124.9845,97.07,0.2133,Waxing Crescent,
2003-01-27,19:20:00,0.0,Moonless Night,-22.4978,256.6563,-77.1503,240.633,124.9934,97.07,0.2133,Waxing Crescent,
2003-01-27,19:21:00,0.0,Moonless Night,-22.7306,256.7058,-77.3463,240.2007,125.0023,97.08,0.2132,Waxing Crescent,
2003-01-27,19:22:00,0.0,Moonless Night,-22.9635,256.7552,-77.5414,239.7536,125.0112,97.08,0.2131,Waxing Crescent,
2003-01-27,19:23:00,0.0,Moonless Night,-23.1964,256.8043,-77.7356,239.2911,125.0201,97.08,0.2131,Waxing Crescent,
2003-01-27,19:24:00,0.0,Moonless Night,-23.4293,256.8534,-77.9289,238.8124,125.029,97.08,0.213,Waxing Crescent,
2003-01-27,19:25:00,0.0,Moonless Night,-23.6623,256.9022,-78.1211,238.317,125.0379,97.09,0.2129,Waxing Crescent,
2003-01-27,19:26:00,0.0,Moonless Night,-23.8953,256.9508,-78.3122,237.804,125.0468,97.09,0.2129,Waxing Crescent,
2003-01-27,19:27:00,0.0,Moonless Night,-24.1284,256.9993,-78.5023,237.2727,125.0557,97.09,0.2128,Waxing Crescent,
2003-01-27,19:28:00,0.0,Moonless Night,-24.3616,257.0476,-78.6911,236.7223,125.0646,97.09,0.2127,Waxing Crescent,
2003-01-27,19:29:00,0.0,Moonless Night,-24.5947,257.0957,-78.8787,236.152,125.0735,97.09,0.2127,Waxing Crescent,
2003-01-27,19:30:00,0.0,Moonless Night,-24.828,257.1437,-79.0651,235.5608,125.0825,97.1,0.2126,Waxing Crescent,
2003-01-27,19:31:00,0.0,Moonless Night,-25.0612,257.1915,-79.25,234.9478,125.0914,97.1,0.2126,Waxing Crescent,
2003-01-27,19:32:00,0.0,Moonless Night,-25.2945,257.2391,-79.4335,234.3122,125.1003,97.1,0.2125,Waxing Crescent,
2003-01-27,19:33:00,0.0,Moonless Night,-25.5279,257.2865,-79.6155,233.6528,125.1092,97.1,0.2124,Waxing Crescent,
2003-01-27,19:34:00,0.0,Moonless Night,-25.7613,257.3338,-79.7959,232.9686,125.1181,97.11,0.2124,Waxing Crescent,
2003-01-27,19:35:00,0.0,Moonless Night,-25.9947,257.3809,-79.9747,232.2584,125.127,97.11,0.2123,Waxing Crescent,
2003-01-27,19:36:00,0.0,Moonless Night,-26.2282,257.4278,-80.1516,231.5213,125.1359,97.11,0.2122,Waxing Crescent,
2003-01-27,19:37:00,0.0,Moonless Night,-26.4618,257.4745,-80.3267,230.7559,125.1448,97.11,0.2122,Waxing Crescent,
2003-01-27,19:38:00,0.0,Moonless Night,-26.6953,257.5211,-80.4998,229.961,125.1537,97.11,0.2121,Waxing Crescent,
2003-01-27,19:39:00,0.0,Moonless Night,-26.9289,257.5676,-80.6708,229.1354,125.1626,97.12,0.2121,Waxing Crescent,
2003-01-27,19:40:00,0.0,Moonless Night,-27.1626,257.6138,-80.8396,228.2778,125.1715,97.12,0.212,Waxing Crescent,
2003-01-27,19:41:00,0.0,Moonless Night,-27.3963,257.6599,-81.0061,227.3867,125.1804,97.12,0.2119,Waxing Crescent,
2003-01-27,19:42:00,0.0,Moonless Night,-27.63,257.7058,-81.1701,226.4608,125.1893,97.12,0.2119,Waxing Crescent,
2003-01-27,19:43:00,0.0,Moonless Night,-27.8638,257.7516,-81.3315,225.4987,125.1982,97.13,0.2118,Waxing Crescent,
2003-01-27,19:44:00,0.0,Moonless Night,-28.0976,257.7971,-81.4902,224.499,125.2071,97.13,0.2117,Waxing Crescent,
2003-01-27,19:45:00,0.0,Moonless Night,-28.3315,257.8426,-81.646,223.4601,125.216,97.13,0.2117,Waxing Crescent,
2003-01-27,19:46:00,0.0,Moonless Night,-28.5654,257.8878,-81.7987,222.3808,125.2249,97.13,0.2116,Waxing Crescent,
2003-01-27,19:47:00,0.0,Moonless Night,-28.7993,257.9329,-81.9482,221.2595,125.2338,97.14,0.2115,Waxing Crescent,
2003-01-27,19:48:00,0.0,Moonless Night,-29.0333,257.9778,-82.0942,220.0948,125.2428,97.14,0.2115,Waxing Crescent,
2003-01-27,19:49:00,0.0,Moonless Night,-29.2673,258.0226,-82.2366,218.8854,125.2517,97.14,0.2114,Waxing Crescent,
2003-01-27,19:50:00,0.0,Moonless Night,-29.5014,258.0672,-82.3752,217.6301,125.2606,97.14,0.2114,Waxing Crescent,
2003-01-27,19:51:00,0.0,Moonless Night,-29.7355,258.1116,-82.5098,216.3275,125.2695,97.14,0.2113,Waxing Crescent,
2003-01-27,19:52:00,0.0,Moonless Night,-29.9696,258.1559,-82.6401,214.9767,125.2784,97.15,0.2112,Waxing Crescent,
2003-01-27,19:53:00,0.0,Moonless Night,-30.2038,258.2,-82.766,213.5766,125.2873,97.15,0.2112,Waxing Crescent,
2003-01-27,19:54:00,0.0,Moonless Night,-30.438,258.2439,-82.8871,212.1267,125.2962,97.15,0.2111,Waxing Crescent,
2003-01-27,19:55:00,0.0,Moonless Night,-30.6722,258.2877,-83.0032,210.6262,125.3051,97.15,0.211,Waxing Crescent,
2003-01-27,19:56:00,0.0,Moonless Night,-30.9065,258.3314,-83.1142,209.075,125.314,97.16,0.211,Waxing Crescent,
2003-01-27,19:57:00,0.0,Moonless Night,-31.1408,258.3748,-83.2196,207.4731,125.3229,97.16,0.2109,Waxing Crescent,
2003-01-27,19:58:00,0.0,Moonless Night,-31.3752,258.4181,-83.3194,205.8208,125.3318,97.16,0.2108,Waxing Crescent,
2003-01-27,19:59:00,0.0,Moonless Night,-31.6096,258.4612,-83.4131,204.1188,125.3407,97.16,0.2108,Waxing Crescent,
2003-01-27,20:00:00,0.0,Moonless Night,-31.844,258.5042,-83.5006,202.3683,125.3496,97.16,0.2107,Waxing Crescent,
2003-01-28,17:00:00,29943.9908,Daylit,9.5443,247.6597,-34.635,250.8663,136.512,99.25,0.1372,Waxing Crescent,
2003-01-28,17:01:00,29369.6301,Daylit,9.3229,247.7473,-34.8502,250.8837,136.5208,99.25,0.1372,Waxing Crescent,
2003-01-28,17:02:00,28792.2803,Daylit,9.1015,247.8344,-35.0655,250.9007,136.5296,99.25,0.1371,Waxing Crescent,
2003-01-28,17:03:00,28211.8798,Daylit,8.8799,247.9211,-35.2807,250.9173,136.5384,99.26,0.1371,Waxing Crescent,
2003-01-28,17:04:00,27628.3634,Daylit,8.6581,248.0075,-35.496,250.9336,136.5472,99.26,0.137,Waxing Crescent,
2003-01-28,17:05:00,27041.6617,Daylit,8.4363,248.0934,-35.7113,250.9494,136.556,99.26,0.137,Waxing Crescent,
2003-01-28,17:06:00,26451.7008,Daylit,8.2142,248.1789,-35.9266,250.9649,136.5648,99.26,0.1369,Waxing Crescent,
2003-01-28,17:07:00,25858.4023,Daylit,7.9921,248.264,-36.1419,250.98,136.5737,99.26,0.1369,Waxing Crescent,
2003-01-28,17:08:00,25261.6824,Daylit,7.7698,248.3487,-36.3572,250.9947,136.5825,99.26,0.1368,Waxing Crescent,
2003-01-28,17:09:00,24661.4514,Daylit,7.5474,248.4331,-36.5725,251.009,136.5913,99.26,0.1368,Waxing Crescent,
2003-01-28,17:10:00,24057.6138,Daylit,7.3249,248.517,-36.7878,251.0229,136.6001,99.26,0.1367,Waxing Crescent,
2003-01-28,17:11:00,23450.067,Daylit,7.1022,248.6006,-37.0031,251.0364,136.6089,99.26,0.1367,Waxing Crescent,
2003-01-28,17:12:00,22838.7007,Daylit,6.8794,248.6837,-37.2184,251.0495,136.6177,99.27,0.1366,Waxing Crescent,
2003-01-28,17:13:00,22223.3967,Daylit,6.6565,248.7665,-37.4337,251.0622,136.6265,99.27,0.1366,Waxing Crescent,
2003-01-28,17:14:00,21604.0273,Daylit,6.4335,248.8489,-37.649,251.0745,136.6353,99.27,0.1365,Waxing Crescent,
2003-01-28,17:15:00,20980.4544,Daylit,6.2103,248.9309,-37.8643,251.0864,136.6441,99.27,0.1364,Waxing Crescent,
2003-01-28,17:16:00,20352.5289,Daylit,5.987,249.0126,-38.0797,251.0979,136.6529,99.27,0.1364,Waxing Crescent,
2003-01-28,17:17:00,19720.0886,Daylit,5.7636,249.0939,-38.295,251.1089,136.6617,99.27,0.1363,Waxing Crescent,
2003-01-28,17:18:00,19082.957,Daylit,5.5401,249.1748,-38.5103,251.1196,136.6705,99.27,0.1363,Waxing Crescent,
2003-01-28,17:19:00,18440.9414,Daylit,5.3165,249.2553,-38.7257,251.1298,136.6794,99.27,0.1362,Waxing Crescent,
2003-01-28,17:20:00,17793.8305,Daylit,5.0927,249.3355,-38.941,251.1396,136.6882,99.27,0.1362,Waxing Crescent,
2003-01-28,17:21:00,17141.3921,Daylit,4.8688,249.4154,-39.1563,251.1489,136.697,99.28,0.1361,Waxing Crescent,
2003-01-28,17:22:00,16483.37,Daylit,4.6448,249.4948,-39.3717,251.1578,136.7058,99.28,0.1361,Waxing Crescent,
2003-01-28,17:23:00,15819.4798,Daylit,4.4207,249.5739,-39.587,251.1663,136.7146,99.28,0.136,Waxing Crescent,
2003-01-28,17:24:00,15149.4049,Daylit,4.1964,249.6527,-39.8023,251.1743,136.7234,99.28,0.136,Waxing Crescent,
2003-01-28,17:25:00,14472.7909,Daylit,3.9721,249.7311,-40.0176,251.1819,136.7322,99.28,0.1359,Waxing Crescent,
2003-01-28,17:26:00,13789.2384,Daylit,3.7476,249.8092,-40.233,251.189,136.741,99.28,0.1359,Waxing Crescent,
2003-01-28,17:27:00,13098.2946,Daylit,3.5231,249.8869,-40.4483,251.1957,136.7498,99.28,0.1358,Waxing Crescent,
2003-01-28,17:28:00,12399.4426,Daylit,3.2984,249.9643,-40.6636,251.2019,136.7586,99.28,0.1358,Waxing Crescent,
2003-01-28,17:29:00,11692.0869,Daylit,3.0736,250.0413,-40.8789,251.2077,136.7674,99.28,0.1357,Waxing Crescent,
2003-01-28,17:30:00,10975.5354,Daylit,2.8487,250.118,-41.0942,251.213,136.7762,99.29,0.1357,Waxing Crescent,
2003-01-28,17:31:00,10248.9748,Daylit,2.6236,250.1943,-41.3095,251.2178,136.785,99.29,0.1356,Waxing Crescent,
2003-01-28,17:32:00,9511.4369,Daylit,2.3985,250.2704,-41.5248,251.2221,136.7938,99.29,0.1356,Waxing Crescent,
2003-01-28,17:33:00,8761.7525,Daylit,2.1733,250.3461,-41.7401,251.226,136.8026,99.29,0.1355,Waxing Crescent,
2003-01-28,17:34:00,7998.4834,Daylit,1.948,250.4214,-41.9554,251.2293,136.8115,99.29,0.1354,Waxing Crescent,
2003-01-28,17:35:00,7219.8229,Daylit,1.7225,250.4965,-42.1706,251.2322,136.8203,99.29,0.1354,Waxing Crescent,
2003-01-28,17:36:00,6423.4387,Daylit,1.497,250.5712,-42.3859,251.2346,136.8291,99.29,0.1353,Waxing Crescent,
2003-01-28,17:37:00,5606.2161,Daylit,1.2713,250.6456,-42.6011,251.2365,136.8379,99.29,0.1353,Waxing Crescent,
2003-01-28,17:38:00,4763.8027,Daylit,1.0456,250.7197,-42.8164,251.2378,136.8467,99.29,0.1352,Waxing Crescent,
2003-01-28,17:39:00,3889.7252,Daylit,0.8197,250.7935,-43.0316,251.2387,136.8555,99.3,0.1352,Waxing Crescent,
2003-01-28,17:40:00,2973.4189,Daylit,0.5937,250.8669,-43.2468,251.239,136.8643,99.3,0.1351,Waxing Crescent,
2003-01-28,17:41:00,1994.7601,Daylit,0.3677,250.94,-43.462,251.2389,136.8731,99.3,0.1351,Waxing Crescent,
2003-01-28,17:42:00,900.5076,Daylit,0.1415,251.0129,-43.6772,251.2382,136.8819,99.3,0.135,Waxing Crescent,
2003-01-28,17:43:00,20.1119,Civil Twilight,-0.0847,251.0854,-43.8924,251.2369,136.8907,99.3,0.135,Waxing Crescent,
2003-01-28,17:44:00,19.3423,Civil Twilight,-0.3111,251.1576,-44.1076,251.2352,136.8995,99.3,0.1349,Waxing Crescent,
2003-01-28,17:45:00,18.5723,Civil Twilight,-0.5375,251.2295,-44.3227,251.2329,136.9083,99.3,0.1349,Waxing Crescent,
2003-01-28,17:46:00,17.8021,Civil Twilight,-0.7641,251.3011,-44.5379,251.23,136.9171,99.3,0.1348,Waxing Crescent,
2003-01-28,17:47:00,17.0315,Civil Twilight,-0.9907,251.3724,-44.753,251.2266,136.9259,99.3,0.1348,Waxing Crescent,
2003-01-28,17:48:00,16.2606,Civil Twilight,-1.2175,251.4434,-44.9681,251.2226,136.9347,99.31,0.1347,Waxing Crescent,
2003-01-28,17:49:00,15.4893,Civil Twilight,-1.4443,251.5141,-45.1832,251.218,136.9435,99.31,0.1347,Waxing Crescent,
2003-01-28,17:50:00,14.7178,Civil Twilight,-1.6712,251.5846,-45.3983,251.2129,136.9523,99.31,0.1346,Waxing Crescent,
2003-01-28,17:51:00,13.9459,Civil Twilight,-1.8983,251.6547,-45.6133,251.2072,136.9611,99.31,0.1346,Waxing Crescent,
2003-01-28,17:52:00,13.1737,Civil Twilight,-2.1254,251.7245,-45.8283,251.2009,136.9699,99.31,0.1345,Waxing Crescent,
2003-01-28,17:53:00,12.4012,Civil Twilight,-2.3526,251.7941,-46.0434,251.194,136.9787,99.31,0.1344,Waxing Crescent,
2003-01-28,17:54:00,11.6284,Civil Twilight,-2.5799,251.8634,-46.2583,251.1865,136.9876,99.31,0.1344,Waxing Crescent,
2003-01-28,17:55:00,10.8553,Civil Twilight,-2.8073,251.9323,-46.4733,251.1784,136.9964,99.31,0.1343,Waxing Crescent,
2003-01-28,17:56:00,10.0819,Civil Twilight,-3.0347,252.001,-46.6883,251.1696,137.0052,99.31,0.1343,Waxing Crescent,
2003-01-28,17:57:00,9.3081,Civil Twilight,-3.2623,252.0695,-46.9032,251.1603,137.014,99.31,0.1342,Waxing Crescent,
2003-01-28,17:58:00,8.5341,Civil Twilight,-3.49,252.1376,-47.1181,251.1503,137.0228,99.32,0.1342,Waxing Crescent,
2003-01-28,17:59:00,7.7598,Civil Twilight,-3.7177,252.2055,-47.333,251.1397,137.0316,99.32,0.1341,Waxing Crescent,
2003-01-28,18:00:00,6.9852,Civil Twilight,-3.9455,252.2731,-47.5478,251.1284,137.0404,99.32,0.1341,Waxing Crescent,
2003-01-28,18:01:00,6.2103,Civil Twilight,-4.1734,252.3404,-47.7626,251.1164,137.0492,99.32,0.134,Waxing Crescent,
2003-01-28,18:02:00,5.4351,Civil Twilight,-4.4014,252.4074,-47.9774,251.1038,137.058,99.32,0.134,Waxing Crescent,
2003-01-28,18:03:00,4.6596,Civil Twilight,-4.6295,252.4742,-48.1922,251.0906,137.0668,99.32,0.1339,Waxing Crescent,
2003-01-28,18:04:00,3.8839,Civil Twilight,-4.8577,252.5407,-48.407,251.0766,137.0756,99.32,0.1339,Waxing Crescent,
2003-01-28,18:05:00,3.1078,Civil Twilight,-5.0859,252.607,-48.6217,251.062,137.0844,99.32,0.1338,Waxing Crescent,
2003-01-28,18:06:00,2.3315,Civil Twilight,-5.3143,252.673,-48.8364,251.0466,137.0932,99.32,0.1338,Waxing Crescent,
2003-01-28,18:07:00,1.5549,Civil Twilight,-5.5427,252.7387,-49.051,251.0306,137.102,99.33,0.1337,Waxing Crescent,
2003-01-28,18:08:00,0.778,Civil Twilight,-5.7712,252.8042,-49.2656,251.0138,137.1108,99.33,0.1337,Waxing Crescent,
2003-01-28,18:09:00,0.0008,Civil Twilight,-5.9998,252.8694,-49.4802,250.9963,137.1196,99.33,0.1336,Waxing Crescent,
2003-01-28,18:10:00,0.5772,Nautical Twilight,-6.2284,252.9343,-49.6948,250.978,137.1284,99.33,0.1336,Waxing Crescent,
2003-01-28,18:11:00,0.5543,Nautical Twilight,-6.4571,252.999,-49.9093,250.959,137.1372,99.33,0.1335,Waxing Crescent,
2003-01-28,18:12:00,0.5314,Nautical Twilight,-6.686,253.0634,-50.1238,250.9393,137.146,99.33,0.1335,Waxing Crescent,
2003-01-28,18:13:00,0.5085,Nautical Twilight,-6.9149,253.1276,-50.3382,250.9187,137.1548,99.33,0.1334,Waxing Crescent,
2003-01-28,18:14:00,0.4856,Nautical Twilight,-7.1438,253.1916,-50.5526,250.8974,137.1636,99.33,0.1334,Waxing Crescent,
2003-01-28,18:15:00,0.4627,Nautical Twilight,-7.3729,253.2552,-50.767,250.8753,137.1724,99.33,0.1333,Waxing Crescent,
2003-01-28,18:16:00,0.4398,Nautical Twilight,-7.602,253.3187,-50.9813,250.8524,137.1812,99.34,0.1332,Waxing Crescent,
2003-01-28,18:17:00,0.4169,Nautical Twilight,-7.8312,253.3819,-51.1956,250.8287,137.19,99.34,0.1332,Waxing Crescent,
2003-01-28,18:18:00,0.394,Nautical Twilight,-8.0605,253.4448,-51.4098,250.8041,137.1988,99.34,0.1331,Waxing Crescent,
2003-01-28,18:19:00,0.371,Nautical Twilight,-8.2898,253.5075,-51.624,250.7787,137.2076,99.34,0.1331,Waxing Crescent,
2003-01-28,18:20:00,0.3481,Nautical Twilight,-8.5193,253.57,-51.8382,250.7525,137.2164,99.34,0.133,Waxing Crescent,
2003-01-28,18:21:00,0.3251,Nautical Twilight,-8.7488,253.6322,-52.0523,250.7254,137.2252,99.34,0.133,Waxing Crescent,
2003-01-28,18:22:00,0.3022,Nautical Twilight,-8.9783,253.6942,-52.2664,250.6974,137.234,99.34,0.1329,Waxing Crescent,
2003-01-28,18:23:00,0.2792,Nautical Twilight,-9.208,253.756,-52.4804,250.6685,137.2428,99.34,0.1329,Waxing Crescent,
2003-01-28,18:24:00,0.2562,Nautical Twilight,-9.4377,253.8175,-52.6944,250.6387,137.2516,99.34,0.1328,Waxing Crescent,
2003-01-28,18:25:00,0.2333,Nautical Twilight,-9.6675,253.8788,-52.9083,250.608,137.2604,99.34,0.1328,Waxing Crescent,
2003-01-28,18:26:00,0.2103,Nautical Twilight,-9.8974,253.9398,-53.1221,250.5764,137.2692,99.35,0.1327,Waxing Crescent,
2003-01-28,18:27:00,0.1873,Nautical Twilight,-10.1273,254.0006,-53.336,250.5438,137.278,99.35,0.1327,Waxing Crescent,
2003-01-28,18:28:00,0.1643,Nautical Twilight,-10.3573,254.0612,-53.5497,250.5103,137.2868,99.35,0.1326,Waxing Crescent,
2003-01-28,18:29:00,0.1413,Nautical Twilight,-10.5874,254.1216,-53.7634,250.4758,137.2956,99.35,0.1326,Waxing Crescent,
2003-01-28,18:30:00,0.1183,Nautical Twilight,-10.8175,254.1817,-53.9771,250.4402,137.3044,99.35,0.1325,Waxing Crescent,
2003-01-28,18:31:00,0.0952,Nautical Twilight,-11.0477,254.2416,-54.1907,250.4037,137.3132,99.35,0.1325,Waxing Crescent,
2003-01-28,18:32:00,0.0722,Nautical Twilight,-11.278,254.3013,-54.4042,250.3662,137.3221,99.35,0.1324,Waxing Crescent,
2003-01-28,18:33:00,0.0492,Nautical Twilight,-11.5083,254.3608,-54.6177,250.3276,137.3309,99.35,0.1324,Waxing Crescent,
2003-01-28,18:34:00,0.0261,Nautical Twilight,-11.7387,254.42,-54.8311,250.2879,137.3397,99.35,0.1323,Waxing Crescent,
2003-01-28,18:35:00,0.0031,Nautical Twilight,-11.9692,254.4791,-55.0444,250.2472,137.3485,99.36,0.1323,Waxing Crescent,
2003-01-28,18:36:00,0.0058,Astronomical Twilight,-12.1998,254.5379,-55.2577,250.2054,137.3573,99.36,0.1322,Waxing Crescent,
2003-01-28,18:37:00,0.0056,Astronomical Twilight,-12.4304,254.5964,-55.4709,250.1624,137.3661,99.36,0.1322,Waxing Crescent,
2003-01-28,18:38:00,0.0053,Astronomical Twilight,-12.661,254.6548,-55.684,250.1183,137.3749,99.36,0.1321,Waxing Crescent,
2003-01-28,18:39:00,0.0051,Astronomical Twilight,-12.8918,254.713,-55.8971,250.0731,137.3837,99.36,0.132,Waxing Crescent,
2003-01-28,18:40:00,0.0049,Astronomical Twilight,-13.1226,254.7709,-56.1101,250.0267,137.3925,99.36,0.132,Waxing Crescent,
2003-01-28,18:41:00,0.0046,Astronomical Twilight,-13.3535,254.8286,-56.323,249.9791,137.4013,99.36,0.1319,Waxing Crescent,
2003-01-28,18:42:00,0.0044,Astronomical Twilight,-13.5844,254.8862,-56.5359,249.9303,137.4101,99.36,0.1319,Waxing Crescent,
2003-01-28,18:43:00,0.0042,Astronomical Twilight,-13.8154,254.9435,-56.7487,249.8802,137.4189,99.36,0.1318,Waxing Crescent,
2003-01-28,18:44:00,0.004,Astronomical Twilight,-14.0464,255.0006,-56.9614,249.8289,137.4277,99.36,0.1318,Waxing Crescent,
2003-01-28,18:45:00,0.0037,Astronomical Twilight,-14.2775,255.0575,-57.174,249.7764,137.4365,99.37,0.1317,Waxing Crescent,
2003-01-28,18:46:00,0.0035,Astronomical Twilight,-14.5087,255.1141,-57.3865,249.7225,137.4453,99.37,0.1317,Waxing Crescent,
2003-01-28,18:47:00,0.0033,Astronomical Twilight,-14.74,255.1706,-57.5989,249.6673,137.4541,99.37,0.1316,Waxing Crescent,
2003-01-28,18:48:00,0.003,Astronomical Twilight,-14.9713,255.2269,-57.8113,249.6107,137.4629,99.37,0.1316,Waxing Crescent,
2003-01-28,18:49:00,0.0028,Astronomical Twilight,-15.2026,255.283,-58.0236,249.5528,137.4717,99.37,0.1315,Waxing Crescent,
2003-01-28,18:50:00,0.0026,Astronomical Twilight,-15.434,255.3388,-58.2358,249.4934,137.4805,99.37,0.1315,Waxing Crescent,
2003-01-28,18:51:00,0.0023,Astronomical Twilight,-15.6655,255.3945,-58.4479,249.4326,137.4892,99.37,0.1314,Waxing Crescent,
2003-01-28,18:52:00,0.0021,Astronomical Twilight,-15.8971,255.45,-58.6598,249.3704,137.498,99.37,0.1314,Waxing Crescent,
2003-01-28,18:53:00,0.0019,Astronomical Twilight,-16.1286,255.5053,-58.8717,249.3067,137.5068,99.37,0.1313,Waxing Crescent,
2003-01-28,18:54:00,0.0016,Astronomical Twilight,-16.3603,255.5603,-59.0835,249.2415,137.5156,99.38,0.1313,Waxing Crescent,
2003-01-28,18:55:00,0.0014,Astronomical Twilight,-16.592,255.6152,-59.2952,249.1747,137.5244,99.38,0.1312,Waxing Crescent,
2003-01-28,18:56:00,0.0012,Astronomical Twilight,-16.8238,255.6699,-59.5068,249.1064,137.5332,99.38,0.1312,Waxing Crescent,
2003-01-28,18:57:00,0.0009,Astronomical Twilight,-17.0556,255.7244,-59.7183,249.0365,137.542,99.38,0.1311,Waxing Crescent,
2003-01-28,18:58:00,0.0007,Astronomical Twilight,-17.2875,255.7787,-59.9297,248.9649,137.5508,99.38,0.1311,Waxing Crescent,
2003-01-28,18:59:00,0.0005,Astronomical Twilight,-17.5194,255.8328,-60.1409,248.8917,137.5596,99.38,0.131,Waxing Crescent,
2003-01-28,19:00:00,0.0002,Astronomical Twilight,-17.7514,255.8867,-60.3521,248.8168,137.5684,99.38,0.131,Waxing Crescent,
2003-01-28,19:01:00,0.0,Astronomical Twilight,-17.9835,255.9404,-60.5631,248.7401,137.5772,99.38,0.1309,Waxing Crescent,
2003-01-28,19:02:00,0.0,Moonless Night,-18.2156,255.9939,-60.774,248.6617,137.586,99.38,0.1309,Waxing Crescent,
2003-01-28,19:03:00,0.0,Moonless Night,-18.4477,256.0473,-60.9848,248.5815,137.5948,99.38,0.1308,Waxing Crescent,
2003-01-28,19:04:00,0.0,Moonless Night,-18.6799,256.1004,-61.1955,248.4994,137.6036,99.39,0.1308,Waxing Crescent,
2003-01-28,19:05:00,0.0,Moonless Night,-18.9122,256.1534,-61.406,248.4154,137.6124,99.39,0.1307,Waxing Crescent,
2003-01-28,19:06:00,0.0,Moonless Night,-19.1445,256.2062,-61.6164,248.3296,137.6212,99.39,0.1306,Waxing Crescent,
2003-01-28,19:07:00,0.0,Moonless Night,-19.3769,256.2588,-61.8267,248.2417,137.63,99.39,0.1306,Waxing Crescent,
2003-01-28,19:08:00,0.0,Moonless Night,-19.6093,256.3112,-62.0368,248.1519,137.6388,99.39,0.1305,Waxing Crescent,
2003-01-28,19:09:00,0.0,Moonless Night,-19.8417,256.3634,-62.2467,248.06,137.6476,99.39,0.1305,Waxing Crescent,
2003-01-28,19:10:00,0.0,Moonless Night,-20.0743,256.4155,-62.4566,247.9661,137.6564,99.39,0.1304,Waxing Crescent,
2003-01-28,19:11:00,0.0,Moonless Night,-20.3068,256.4673,-62.6663,247.87,137.6652,99.39,0.1304,Waxing Crescent,
2003-01-28,19:12:00,0.0,Moonless Night,-20.5395,256.519,-62.8758,247.7717,137.674,99.39,0.1303,Waxing Crescent,
2003-01-28,19:13:00,0.0,Moonless Night,-20.7721,256.5705,-63.0852,247.6712,137.6828,99.4,0.1303,Waxing Crescent,
2003-01-28,19:14:00,0.0,Moonless Night,-21.0049,256.6219,-63.2944,247.5685,137.6916,99.4,0.1302,Waxing Crescent,
2003-01-28,19:15:00,0.0,Moonless Night,-21.2376,256.673,-63.5034,247.4634,137.7004,99.4,0.1302,Waxing Crescent,
2003-01-28,19:16:00,0.0,Moonless Night,-21.4705,256.724,-63.7123,247.3559,137.7092,99.4,0.1301,Waxing Crescent,
2003-01-28,19:17:00,0.0,Moonless Night,-21.7033,256.7748,-63.921,247.246,137.718,99.4,0.1301,Waxing Crescent,
2003-01-28,19:18:00,0.0,Moonless Night,-21.9363,256.8254,-64.1295,247.1336,137.7268,99.4,0.13,Waxing Crescent,
2003-01-28,19:19:00,0.0,Moonless Night,-22.1692,256.8759,-64.3378,247.0186,137.7356,99.4,0.13,Waxing Crescent,
2003-01-28,19:20:00,0.0,Moonless Night,-22.4022,256.9261,-64.546,246.9011,137.7444,99.4,0.1299,Waxing Crescent,
2003-01-28,19:21:00,0.0,Moonless Night,-22.6353,256.9762,-64.7539,246.7808,137.7532,99.4,0.1299,Waxing Crescent,
2003-01-28,19:22:00,0.0,Moonless Night,-22.8684,257.0262,-64.9617,246.6579,137.762,99.4,0.1298,Waxing Crescent,
2003-01-28,19:23:00,0.0,Moonless Night,-23.1016,257.0759,-65.1692,246.5322,137.7708,99.41,0.1298,Waxing Crescent,
2003-01-28,19:24:00,0.0,Moonless Night,-23.3348,257.1255,-65.3766,246.4036,137.7796,99.41,0.1297,Waxing Crescent,
2003-01-28,19:25:00,0.0,Moonless Night,-23.568,257.1749,-65.5837,246.272,137.7884,99.41,0.1297,Waxing Crescent,
2003-01-28,19:26:00,0.0,Moonless Night,-23.8013,257.2242,-65.7906,246.1375,137.7972,99.41,0.1296,Waxing Crescent,
2003-01-28,19:27:00,0.0,Moonless Night,-24.0347,257.2732,-65.9973,245.9999,137.806,99.41,0.1296,Waxing Crescent,
2003-01-28,19:28:00,0.0,Moonless Night,-24.2681,257.3222,-66.2037,245.8592,137.8148,99.41,0.1295,Waxing Crescent,
2003-01-28,19:29:00,0.0,Moonless Night,-24.5015,257.3709,-66.4099,245.7152,137.8236,99.41,0.1295,Waxing Crescent,
2003-01-28,19:30:00,0.0,Moonless Night,-24.735,257.4195,-66.6159,245.5679,137.8323,99.41,0.1294,Waxing Crescent,
2003-01-28,19:31:00,0.0,Moonless Night,-24.9685,257.4679,-66.8216,245.4173,137.8411,99.41,0.1294,Waxing Crescent,
2003-01-28,19:32:00,0.0,Moonless Night,-25.2021,257.5161,-67.0271,245.2632,137.8499,99.41,0.1293,Waxing Crescent,
2003-01-28,19:33:00,0.0,Moonless Night,-25.4357,257.5642,-67.2322,245.1055,137.8587,99.42,0.1293,Waxing Crescent,
2003-01-28,19:34:00,0.0,Moonless Night,-25.6693,257.6121,-67.4372,244.9441,137.8675,99.42,0.1292,Waxing Crescent,
2003-01-28,19:35:00,0.0,Moonless Night,-25.903,257.6599,-67.6418,244.779,137.8763,99.42,0.1292,Waxing Crescent,
2003-01-28,19:36:00,0.0,Moonless Night,-26.1368,257.7075,-67.8461,244.6101,137.8851,99.42,0.1291,Waxing Crescent,
2003-01-28,19:37:00,0.0,Moonless Night,-26.3706,257.7549,-68.0502,244.4372,137.8939,99.42,0.129,Waxing Crescent,
2003-01-28,19:38:00,0.0,Moonless Night,-26.6044,257.8022,-68.2539,244.2603,137.9027,99.42,0.129,Waxing Crescent,
2003-01-28,19:39:00,0.0,Moonless Night,-26.8382,257.8493,-68.4573,244.0792,137.9115,99.42,0.1289,Waxing Crescent,
2003-01-28,19:40:00,0.0,Moonless Night,-27.0722,257.8962,-68.6604,243.8939,137.9203,99.42,0.1289,Waxing Crescent,
2003-01-28,19:41:00,0.0,Moonless Night,-27.3061,257.943,-68.8632,243.7041,137.9291,99.42,0.1288,Waxing Crescent,
2003-01-28,19:42:00,0.0,Moonless Night,-27.5401,257.9896,-69.0656,243.5099,137.9379,99.42,0.1288,Waxing Crescent,
2003-01-28,19:43:00,0.0,Moonless Night,-27.7741,258.0361,-69.2676,243.3111,137.9467,99.43,0.1287,Waxing Crescent,
2003-01-28,19:44:00,0.0,Moonless Night,-28.0082,258.0824,-69.4693,243.1075,137.9555,99.43,0.1287,Waxing Crescent,
2003-01-28,19:45:00,0.0,Moonless Night,-28.2423,258.1285,-69.6706,242.899,137.9643,99.43,0.1286,Waxing Crescent,
2003-01-28,19:46:00,0.0,Moonless Night,-28.4764,258.1745,-69.8716,242.6855,137.9731,99.43,0.1286,Waxing Crescent,
2003-01-28,19:47:00,0.0,Moonless Night,-28.7106,258.2204,-70.0721,242.4668,137.9819,99.43,0.1285,Waxing Crescent,
2003-01-28,19:48:00,0.0,Moonless Night,-28.9449,258.266,-70.2722,242.2429,137.9907,99.43,0.1285,Waxing Crescent,
2003-01-28,19:49:00,0.0,Moonless Night,-29.1791,258.3116,-70.4719,242.0135,137.9994,99.43,0.1284,Waxing Crescent,
2003-01-28,19:50:00,0.0,Moonless Night,-29.4134,258.3569,-70.6711,241.7785,138.0082,99.43,0.1284,Waxing Crescent,
2003-01-28,19:51:00,0.0,Moonless Night,-29.6478,258.4021,-70.8699,241.5377,138.017,99.43,0.1283,Waxing Crescent,
2003-01-28,19:52:00,0.0,Moonless Night,-29.8822,258.4472,-71.0682,241.291,138.0258,99.43,0.1283,Waxing Crescent,
2003-01-28,19:53:00,0.0,Moonless Night,-30.1166,258.4921,-71.2661,241.0382,138.0346,99.44,0.1282,Waxing Crescent,
2003-01-28,19:54:00,0.0,Moonless Night,-30.351,258.5368,-71.4634,240.7791,138.0434,99.44,0.1282,Waxing Crescent,
2003-01-28,19:55:00,0.0,Moonless Night,-30.5855,258.5814,-71.6603,240.5135,138.0522,99.44,0.1281,Waxing Crescent,
2003-01-28,19:56:00,0.0,Moonless Night,-30.8201,258.6259,-71.8566,240.2412,138.061,99.44,0.1281,Waxing Crescent,
2003-01-28,19:57:00,0.0,Moonless Night,-31.0546,258.6702,-72.0523,239.9621,138.0698,99.44,0.128,Waxing Crescent,
2003-01-28,19:58:00,0.0,Moonless Night,-31.2892,258.7143,-72.2475,239.6759,138.0786,99.44,0.128,Waxing Crescent,
2003-01-28,19:59:00,0.0,Moonless Night,-31.5239,258.7583,-72.4421,239.3825,138.0874,99.44,0.1279,Waxing Crescent,
2003-01-28,20:00:00,0.0,Moonless Night,-31.7586,258.8021,-72.6361,239.0815,138.0962,99.44,0.1279,Waxing Crescent,
2003-01-29,17:00:00,30298.6944,Daylit,9.6814,247.8973,-22.1177,248.2298,149.0917,100.0,0.071,Waxing Crescent,
2003-01-29,17:01:00,29724.9601,Daylit,9.4597,247.9849,-22.3299,248.2659,149.1004,100.0,0.071,Waxing Crescent,
2003-01-29,17:02:00,29148.2674,Daylit,9.2379,248.0721,-22.5421,248.3017,149.109,100.0,0.0709,Waxing Crescent,
2003-01-29,17:03:00,28568.5567,Daylit,9.0159,248.1589,-22.7544,248.3372,149.1177,100.0,0.0709,Waxing Crescent,
2003-01-29,17:04:00,27985.7645,Daylit,8.7938,248.2453,-22.9667,248.3724,149.1263,100.0,0.0708,Waxing Crescent,
2003-01-29,17:05:00,27399.8237,Daylit,8.5716,248.3313,-23.1791,248.4073,149.135,100.0,0.0708,Waxing Crescent,
2003-01-29,17:06:00,26810.6628,Daylit,8.3492,248.4169,-23.3915,248.4418,149.1436,100.0,0.0708,Waxing Crescent,
2003-01-29,17:07:00,26218.2058,Daylit,8.1267,248.5022,-23.6039,248.4761,149.1523,100.0,0.0707,Waxing Crescent,
2003-01-29,17:08:00,25622.3716,Daylit,7.904,248.587,-23.8163,248.51,149.1609,100.0,0.0707,Waxing Crescent,
2003-01-29,17:09:00,25023.0739,Daylit,7.6813,248.6714,-24.0288,248.5436,149.1696,100.0,0.0707,Waxing Crescent,
2003-01-29,17:10:00,24420.2202,Daylit,7.4584,248.7554,-24.2414,248.5769,149.1782,100.0,0.0706,Waxing Crescent,
2003-01-29,17:11:00,23813.7116,Daylit,7.2354,248.839,-24.4539,248.6099,149.1869,100.0,0.0706,Waxing Crescent,
2003-01-29,17:12:00,23203.442,Daylit,7.0122,248.9223,-24.6665,248.6425,149.1955,100.0,0.0705,Waxing Crescent,
2003-01-29,17:13:00,22589.2974,Daylit,6.7889,249.0052,-24.8792,248.6748,149.2042,100.0,0.0705,Waxing Crescent,
2003-01-29,17:14:00,21971.1551,Daylit,6.5655,249.0877,-25.0919,248.7069,149.2128,100.0,0.0705,Waxing Crescent,
2003-01-29,17:15:00,21348.8827,Daylit,6.342,249.1698,-25.3046,248.7386,149.2215,100.0,0.0704,Waxing Crescent,
2003-01-29,17:16:00,20722.3371,Daylit,6.1184,249.2516,-25.5173,248.7699,149.2301,100.0,0.0704,Waxing Crescent,
2003-01-29,17:17:00,20091.3629,Daylit,5.8946,249.333,-25.7301,248.801,149.2388,100.0,0.0703,Waxing Crescent,
2003-01-29,17:18:00,19455.7915,Daylit,5.6707,249.414,-25.9429,248.8317,149.2474,100.0,0.0703,Waxing Crescent,
2003-01-29,17:19:00,18815.4389,Daylit,5.4467,249.4946,-26.1557,248.8621,149.2561,100.0,0.0703,Waxing Crescent,
2003-01-29,17:20:00,18170.1038,Daylit,5.2226,249.5749,-26.3686,248.8922,149.2647,100.0,0.0702,Waxing Crescent,
2003-01-29,17:21:00,17519.5655,Daylit,4.9984,249.6549,-26.5815,248.9219,149.2734,100.0,0.0702,Waxing Crescent,
2003-01-29,17:22:00,16863.5807,Daylit,4.774,249.7344,-26.7944,248.9514,149.282,100.0,0.0702,Waxing Crescent,
2003-01-29,17:23:00,16201.8804,Daylit,4.5495,249.8137,-27.0074,248.9804,149.2907,100.0,0.0701,Waxing Crescent,
2003-01-29,17:24:00,15534.1657,Daylit,4.325,249.8926,-27.2204,249.0092,149.2993,100.0,0.0701,Waxing Crescent,
2003-01-29,17:25:00,14860.1028,Daylit,4.1003,249.9711,-27.4334,249.0376,149.3079,100.0,0.07,Waxing Crescent,
2003-01-29,17:26:00,14179.317,Daylit,3.8755,250.0493,-27.6465,249.0658,149.3166,100.0,0.07,Waxing Crescent,
2003-01-29,17:27:00,13491.3851,Daylit,3.6505,250.1271,-27.8596,249.0935,149.3252,100.0,0.07,Waxing Crescent,
2003-01-29,17:28:00,12795.8255,Daylit,3.4255,250.2046,-28.0727,249.121,149.3339,100.0,0.0699,Waxing Crescent,
2003-01-29,17:29:00,12092.0864,Daylit,3.2004,250.2818,-28.2858,249.1481,149.3425,100.0,0.0699,Waxing Crescent,
2003-01-29,17:30:00,11379.5295,Daylit,2.9751,250.3586,-28.4989,249.1748,149.3512,100.0,0.0698,Waxing Crescent,
2003-01-29,17:31:00,10657.4095,Daylit,2.7498,250.4351,-28.7121,249.2013,149.3598,100.0,0.0698,Waxing Crescent,
2003-01-29,17:32:00,9924.8453,Daylit,2.5243,250.5113,-28.9253,249.2273,149.3685,100.0,0.0698,Waxing Crescent,
2003-01-29,17:33:00,9180.7815,Daylit,2.2987,250.5871,-29.1386,249.2531,149.3771,100.0,0.0697,Waxing Crescent,
2003-01-29,17:34:00,8423.9333,Daylit,2.073,250.6626,-29.3518,249.2785,149.3858,100.0,0.0697,Waxing Crescent,
2003-01-29,17:35:00,7652.7057,Daylit,1.8473,250.7378,-29.5651,249.3036,149.3944,100.0,0.0697,Waxing Crescent,
2003-01-29,17:36:00,6865.0713,Daylit,1.6214,250.8127,-29.7784,249.3283,149.4031,100.0,0.0696,Waxing Crescent,
2003-01-29,17:37:00,6058.3744,Daylit,1.3954,250.8872,-29.9918,249.3526,149.4117,100.0,0.0696,Waxing Crescent,
2003-01-29,17:38:00,5228.9997,Daylit,1.1693,250.9615,-30.2051,249.3767,149.4203,100.0,0.0695,Waxing Crescent,
2003-01-29,17:39:00,4371.7623,Daylit,0.9431,251.0354,-30.4185,249.4003,149.429,100.0,0.0695,Waxing Crescent,
2003-01-29,17:40:00,3478.6532,Daylit,0.7168,251.109,-30.6319,249.4237,149.4376,100.0,0.0695,Waxing Crescent,
2003-01-29,17:41:00,2535.791,Daylit,0.4904,251.1823,-30.8453,249.4466,149.4463,100.0,0.0694,Waxing Crescent,
2003-01-29,17:42:00,1513.5276,Daylit,0.264,251.2553,-31.0587,249.4693,149.4549,100.0,0.0694,Waxing Crescent,
2003-01-29,17:43:00,296.9987,Daylit,0.0374,251.328,-31.2722,249.4915,149.4636,100.0,0.0693,Waxing Crescent,
2003-01-29,17:44:00,19.7563,Civil Twilight,-0.1893,251.4004,-31.4857,249.5134,149.4722,100.0,0.0693,Waxing Crescent,
2003-01-29,17:45:00,18.9853,Civil Twilight,-0.4161,251.4725,-31.6992,249.535,149.4809,100.0,0.0693,Waxing Crescent,
2003-01-29,17:46:00,18.2139,Civil Twilight,-0.643,251.5442,-31.9127,249.5562,149.4895,100.0,0.0692,Waxing Crescent,
2003-01-29,17:47:00,17.4422,Civil Twilight,-0.8699,251.6157,-32.1262,249.577,149.4981,100.0,0.0692,Waxing Crescent,
2003-01-29,17:48:00,16.6702,Civil Twilight,-1.097,251.6869,-32.3398,249.5974,149.5068,100.0,0.0692,Waxing Crescent,
2003-01-29,17:49:00,15.8979,Civil Twilight,-1.3242,251.7578,-32.5533,249.6175,149.5154,100.0,0.0691,Waxing Crescent,
2003-01-29,17:50:00,15.1252,Civil Twilight,-1.5514,251.8284,-32.7669,249.6372,149.5241,100.0,0.0691,Waxing Crescent,
2003-01-29,17:51:00,14.3522,Civil Twilight,-1.7788,251.8987,-32.9805,249.6566,149.5327,100.0,0.069,Waxing Crescent,
2003-01-29,17:52:00,13.579,Civil Twilight,-2.0062,251.9688,-33.1941,249.6755,149.5414,100.0,0.069,Waxing Crescent,
2003-01-29,17:53:00,12.8054,Civil Twilight,-2.2337,252.0385,-33.4077,249.6941,149.55,100.0,0.069,Waxing Crescent,
2003-01-29,17:54:00,12.0315,Civil Twilight,-2.4613,252.108,-33.6214,249.7124,149.5587,100.0,0.0689,Waxing Crescent,
2003-01-29,17:55:00,11.2573,Civil Twilight,-2.689,252.1772,-33.835,249.7302,149.5673,100.0,0.0689,Waxing Crescent,
2003-01-29,17:56:00,10.4828,Civil Twilight,-2.9168,252.2461,-34.0487,249.7477,149.5759,100.0,0.0688,Waxing Crescent,
2003-01-29,17:57:00,9.708,Civil Twilight,-3.1447,252.3147,-34.2624,249.7647,149.5846,100.0,0.0688,Waxing Crescent,
2003-01-29,17:58:00,8.933,Civil Twilight,-3.3727,252.3831,-34.4761,249.7814,149.5932,100.0,0.0688,Waxing Crescent,
2003-01-29,17:59:00,8.1576,Civil Twilight,-3.6007,252.4511,-34.6898,249.7977,149.6019,100.0,0.0687,Waxing Crescent,
2003-01-29,18:00:00,7.3819,Civil Twilight,-3.8289,252.519,-34.9035,249.8136,149.6105,100.0,0.0687,Waxing Crescent,
2003-01-29,18:01:00,6.6059,Civil Twilight,-4.0571,252.5865,-35.1172,249.8291,149.6192,100.0,0.0687,Waxing Crescent,
2003-01-29,18:02:00,5.8297,Civil Twilight,-4.2854,252.6538,-35.331,249.8442,149.6278,100.0,0.0686,Waxing Crescent,
2003-01-29,18:03:00,5.0532,Civil Twilight,-4.5138,252.7208,-35.5447,249.8589,149.6364,100.0,0.0686,Waxing Crescent,
2003-01-29,18:04:00,4.2764,Civil Twilight,-4.7422,252.7875,-35.7585,249.8732,149.6451,100.0,0.0685,Waxing Crescent,
2003-01-29,18:05:00,3.4993,Civil Twilight,-4.9708,252.854,-35.9722,249.8871,149.6537,100.0,0.0685,Waxing Crescent,
2003-01-29,18:06:00,2.7219,Civil Twilight,-5.1994,252.9202,-36.186,249.9006,149.6624,100.0,0.0685,Waxing Crescent,
2003-01-29,18:07:00,1.9442,Civil Twilight,-5.4282,252.9862,-36.3998,249.9137,149.671,100.0,0.0684,Waxing Crescent,
2003-01-29,18:08:00,1.1663,Civil Twilight,-5.657,253.0519,-36.6136,249.9264,149.6796,100.0,0.0684,Waxing Crescent,
2003-01-29,18:09:00,0.3881,Civil Twilight,-5.8858,253.1173,-36.8274,249.9386,149.6883,100.0,0.0684,Waxing Crescent,
2003-01-29,18:10:00,0.5885,Nautical Twilight,-6.1148,253.1825,-37.0412,249.9504,149.6969,100.0,0.0683,Waxing Crescent,
2003-01-29,18:11:00,0.5656,Nautical Twilight,-6.3438,253.2475,-37.255,249.9618,149.7056,100.0,0.0683,Waxing Crescent,
2003-01-29,18:12:00,0.5427,Nautical Twilight,-6.573,253.3122,-37.4688,249.9728,149.7142,100.0,0.0682,Waxing Crescent,
2003-01-29,18:13:00,0.5198,Nautical Twilight,-6.8022,253.3766,-37.6826,249.9834,149.7228,100.0,0.0682,Waxing Crescent,
2003-01-29,18:14:00,0.4969,Nautical Twilight,-7.0314,253.4408,-37.8964,249.9935,149.7315,100.0,0.0682,Waxing Crescent,
2003-01-29,18:15:00,0.4739,Nautical Twilight,-7.2608,253.5048,-38.1102,250.0031,149.7401,100.0,0.0681,Waxing Crescent,
2003-01-29,18:16:00,0.451,Nautical Twilight,-7.4902,253.5685,-38.3241,250.0124,149.7488,100.0,0.0681,Waxing Crescent,
2003-01-29,18:17:00,0.428,Nautical Twilight,-7.7197,253.632,-38.5379,250.0212,149.7574,100.0,0.068,Waxing Crescent,
2003-01-29,18:18:00,0.4051,Nautical Twilight,-7.9493,253.6952,-38.7517,250.0295,149.766,100.0,0.068,Waxing Crescent,
2003-01-29,18:19:00,0.3821,Nautical Twilight,-8.1789,253.7582,-38.9655,250.0374,149.7747,100.0,0.068,Waxing Crescent,
2003-01-29,18:20:00,0.3591,Nautical Twilight,-8.4086,253.8209,-39.1794,250.0448,149.7833,100.0,0.0679,Waxing Crescent,
2003-01-29,18:21:00,0.3362,Nautical Twilight,-8.6384,253.8834,-39.3932,250.0518,149.792,100.0,0.0679,Waxing Crescent,
2003-01-29,18:22:00,0.3132,Nautical Twilight,-8.8683,253.9457,-39.607,250.0583,149.8006,100.0,0.0679,Waxing Crescent,
2003-01-29,18:23:00,0.2902,Nautical Twilight,-9.0982,254.0078,-39.8208,250.0643,149.8092,100.0,0.0678,Waxing Crescent,
2003-01-29,18:24:00,0.2672,Nautical Twilight,-9.3283,254.0696,-40.0346,250.0699,149.8179,100.0,0.0678,Waxing Crescent,
2003-01-29,18:25:00,0.2442,Nautical Twilight,-9.5583,254.1312,-40.2485,250.075,149.8265,100.0,0.0677,Waxing Crescent,
2003-01-29,18:26:00,0.2212,Nautical Twilight,-9.7885,254.1925,-40.4623,250.0796,149.8352,100.0,0.0677,Waxing Crescent,
2003-01-29,18:27:00,0.1981,Nautical Twilight,-10.0187,254.2537,-40.6761,250.0837,149.8438,100.0,0.0677,Waxing Crescent,
2003-01-29,18:28:00,0.1751,Nautical Twilight,-10.249,254.3146,-40.8899,250.0874,149.8524,100.0,0.0676,Waxing Crescent,
2003-01-29,18:29:00,0.1521,Nautical Twilight,-10.4794,254.3752,-41.1037,250.0905,149.8611,100.0,0.0676,Waxing Crescent,
2003-01-29,18:30:00,0.129,Nautical Twilight,-10.7098,254.4357,-41.3175,250.0931,149.8697,100.0,0.0676,Waxing Crescent,
2003-01-29,18:31:00,0.106,Nautical Twilight,-10.9403,254.4959,-41.5313,250.0953,149.8784,100.0,0.0675,Waxing Crescent,
2003-01-29,18:32:00,0.0829,Nautical Twilight,-11.1709,254.556,-41.7451,250.0969,149.887,100.0,0.0675,Waxing Crescent,
2003-01-29,18:33:00,0.0599,Nautical Twilight,-11.4015,254.6158,-41.9588,250.098,149.8956,100.0,0.0674,Waxing Crescent,
2003-01-29,18:34:00,0.0368,Nautical Twilight,-11.6322,254.6753,-42.1726,250.0986,149.9043,100.0,0.0674,Waxing Crescent,
2003-01-29,18:35:00,0.0137,Nautical Twilight,-11.8629,254.7347,-42.3863,250.0987,149.9129,100.0,0.0674,Waxing Crescent,
2003-01-29,18:36:00,0.0059,Astronomical Twilight,-12.0938,254.7939,-42.6001,250.0983,149.9215,100.0,0.0673,Waxing Crescent,
2003-01-29,18:37:00,0.0057,Astronomical Twilight,-12.3247,254.8528,-42.8138,250.0973,149.9302,100.0,0.0673,Waxing Crescent,
2003-01-29,18:38:00,0.0054,Astronomical Twilight,-12.5556,254.9115,-43.0275,250.0957,149.9388,100.0,0.0673,Waxing Crescent,
2003-01-29,18:39:00,0.0052,Astronomical Twilight,-12.7866,254.97,-43.2413,250.0937,149.9475,100.0,0.0672,Waxing Crescent,
2003-01-29,18:40:00,0.005,Astronomical Twilight,-13.0177,255.0283,-43.4549,250.091,149.9561,100.0,0.0672,Waxing Crescent,
2003-01-29,18:41:00,0.0048,Astronomical Twilight,-13.2489,255.0864,-43.6686,250.0879,149.9647,100.0,0.0671,Waxing Crescent,
2003-01-29,18:42:00,0.0045,Astronomical Twilight,-13.4801,255.1443,-43.8823,250.0841,149.9734,100.0,0.0671,Waxing Crescent,
2003-01-29,18:43:00,0.0043,Astronomical Twilight,-13.7114,255.202,-44.096,250.0798,149.982,100.0,0.0671,Waxing Crescent,
2003-01-29,18:44:00,0.0041,Astronomical Twilight,-13.9427,255.2595,-44.3096,250.0749,149.9906,100.0,0.067,Waxing Crescent,
2003-01-29,18:45:00,0.0038,Astronomical Twilight,-14.1741,255.3168,-44.5232,250.0695,149.9993,100.0,0.067,Waxing Crescent,
2003-01-29,18:46:00,0.0036,Astronomical Twilight,-14.4055,255.3738,-44.7368,250.0634,150.0079,100.0,0.067,Waxing Crescent,
2003-01-29,18:47:00,0.0034,Astronomical Twilight,-14.6371,255.4307,-44.9504,250.0567,150.0165,100.0,0.0669,Waxing Crescent,
2003-01-29,18:48:00,0.0031,Astronomical Twilight,-14.8686,255.4874,-45.164,250.0495,150.0252,100.0,0.0669,Waxing Crescent,
2003-01-29,18:49:00,0.0029,Astronomical Twilight,-15.1003,255.5439,-45.3775,250.0416,150.0338,100.0,0.0668,Waxing Crescent,
2003-01-29,18:50:00,0.0027,Astronomical Twilight,-15.332,255.6001,-45.5911,250.0332,150.0424,100.0,0.0668,Waxing Crescent,
2003-01-29,18:51:00,0.0024,Astronomical Twilight,-15.5637,255.6562,-45.8046,250.0241,150.0511,100.0,0.0668,Waxing Crescent,
2003-01-29,18:52:00,0.0022,Astronomical Twilight,-15.7955,255.7121,-46.0181,250.0143,150.0597,100.0,0.0667,Waxing Crescent,
2003-01-29,18:53:00,0.002,Astronomical Twilight,-16.0274,255.7678,-46.2315,250.004,150.0683,100.0,0.0667,Waxing Crescent,
2003-01-29,18:54:00,0.0017,Astronomical Twilight,-16.2593,255.8233,-46.445,249.993,150.077,100.0,0.0667,Waxing Crescent,
2003-01-29,18:55:00,0.0015,Astronomical Twilight,-16.4913,255.8786,-46.6584,249.9813,150.0856,100.0,0.0666,Waxing Crescent,
2003-01-29,18:56:00,0.0013,Astronomical Twilight,-16.7233,255.9337,-46.8718,249.969,150.0943,100.0,0.0666,Waxing Crescent,
2003-01-29,18:57:00,0.001,Astronomical Twilight,-16.9554,255.9887,-47.0851,249.956,150.1029,100.0,0.0665,Waxing Crescent,
2003-01-29,18:58:00,0.0008,Astronomical Twilight,-17.1876,256.0434,-47.2985,249.9423,150.1115,100.0,0.0665,Waxing Crescent,
2003-01-29,18:59:00,0.0006,Astronomical Twilight,-17.4198,256.0979,-47.5118,249.928,150.1202,100.0,0.0665,Waxing Crescent,
2003-01-29,19:00:00,0.0003,Astronomical Twilight,-17.652,256.1523,-47.7251,249.9129,150.1288,100.0,0.0664,Waxing Crescent,
2003-01-29,19:01:00,0.0001,Astronomical Twilight,-17.8844,256.2065,-47.9383,249.8972,150.1374,100.0,0.0664,Waxing Crescent,
2003-01-29,19:02:00,0.0,Moonless Night,-18.1167,256.2605,-48.1515,249.8807,150.1461,100.0,0.0664,Waxing Crescent,
2003-01-29,19:03:00,0.0,Moonless Night,-18.3492,256.3143,-48.3647,249.8635,150.1547,100.0,0.0663,Waxing Crescent,
2003-01-29,19:04:00,0.0,Moonless Night,-18.5816,256.3679,-48.5779,249.8456,150.1633,100.0,0.0663,Waxing Crescent,
2003-01-29,19:05:00,0.0,Moonless Night,-18.8142,256.4214,-48.791,249.8269,150.172,100.0,0.0662,Waxing Crescent,
2003-01-29,19:06:00,0.0,Moonless Night,-19.0467,256.4746,-49.0041,249.8075,150.1806,100.0,0.0662,Waxing Crescent,
2003-01-29,19:07:00,0.0,Moonless Night,-19.2794,256.5277,-49.2172,249.7874,150.1892,100.0,0.0662,Waxing Crescent,
2003-01-29,19:08:00,0.0,Moonless Night,-19.5121,256.5806,-49.4302,249.7664,150.1979,100.0,0.0661,Waxing Crescent,
2003-01-29,19:09:00,0.0,Moonless Night,-19.7448,256.6334,-49.6432,249.7447,150.2065,100.0,0.0661,Waxing Crescent,
2003-01-29,19:10:00,0.0,Moonless Night,-19.9776,256.6859,-49.8561,249.7222,150.2151,100.0,0.0661,Waxing Crescent,
2003-01-29,19:11:00,0.0,Moonless Night,-20.2104,256.7383,-50.069,249.6989,150.2237,100.0,0.066,Waxing Crescent,
2003-01-29,19:12:00,0.0,Moonless Night,-20.4433,256.7905,-50.2819,249.6748,150.2324,100.0,0.066,Waxing Crescent,
2003-01-29,19:13:00,0.0,Moonless Night,-20.6762,256.8426,-50.4947,249.6498,150.241,100.0,0.0659,Waxing Crescent,
2003-01-29,19:14:00,0.0,Moonless Night,-20.9092,256.8944,-50.7075,249.6241,150.2496,100.0,0.0659,Waxing Crescent,
2003-01-29,19:15:00,0.0,Moonless Night,-21.1423,256.9461,-50.9202,249.5974,150.2583,100.0,0.0659,Waxing Crescent,
2003-01-29,19:16:00,0.0,Moonless Night,-21.3753,256.9976,-51.1329,249.5699,150.2669,100.0,0.0658,Waxing Crescent,
2003-01-29,19:17:00,0.0,Moonless Night,-21.6085,257.049,-51.3455,249.5416,150.2755,100.0,0.0658,Waxing Crescent,
2003-01-29,19:18:00,0.0,Moonless Night,-21.8417,257.1001,-51.5581,249.5123,150.2842,100.0,0.0658,Waxing Crescent,
2003-01-29,19:19:00,0.0,Moonless Night,-22.0749,257.1511,-51.7706,249.4822,150.2928,100.0,0.0657,Waxing Crescent,
2003-01-29,19:20:00,0.0,Moonless Night,-22.3082,257.202,-51.9831,249.4511,150.3014,100.0,0.0657,Waxing Crescent,
2003-01-29,19:21:00,0.0,Moonless Night,-22.5415,257.2527,-52.1956,249.4191,150.3101,100.0,0.0656,Waxing Crescent,
2003-01-29,19:22:00,0.0,Moonless Night,-22.7749,257.3032,-52.408,249.3862,150.3187,100.0,0.0656,Waxing Crescent,
2003-01-29,19:23:00,0.0,Moonless Night,-23.0083,257.3535,-52.6203,249.3523,150.3273,100.0,0.0656,Waxing Crescent,
2003-01-29,19:24:00,0.0,Moonless Night,-23.2417,257.4037,-52.8326,249.3175,150.336,100.0,0.0655,Waxing Crescent,
2003-01-29,19:25:00,0.0,Moonless Night,-23.4753,257.4537,-53.0448,249.2817,150.3446,100.0,0.0655,Waxing Crescent,
2003-01-29,19:26:00,0.0,Moonless Night,-23.7088,257.5035,-53.257,249.2448,150.3532,100.0,0.0655,Waxing Crescent,
2003-01-29,19:27:00,0.0,Moonless Night,-23.9424,257.5532,-53.4691,249.207,150.3618,100.0,0.0654,Waxing Crescent,
2003-01-29,19:28:00,0.0,Moonless Night,-24.1761,257.6028,-53.6811,249.1681,150.3705,100.0,0.0654,Waxing Crescent,
2003-01-29,19:29:00,0.0,Moonless Night,-24.4097,257.6521,-53.8931,249.1282,150.3791,100.0,0.0653,Waxing Crescent,
2003-01-29,19:30:00,0.0,Moonless Night,-24.6435,257.7013,-54.105,249.0872,150.3877,100.0,0.0653,Waxing Crescent,
2003-01-29,19:31:00,0.0,Moonless Night,-24.8773,257.7504,-54.3168,249.0452,150.3964,100.0,0.0653,Waxing Crescent,
2003-01-29,19:32:00,0.0,Moonless Night,-25.1111,257.7993,-54.5286,249.002,150.405,100.0,0.0652,Waxing Crescent,
2003-01-29,19:33:00,0.0,Moonless Night,-25.3449,257.848,-54.7403,248.9577,150.4136,100.0,0.0652,Waxing Crescent,
2003-01-29,19:34:00,0.0,Moonless Night,-25.5788,257.8966,-54.952,248.9123,150.4222,100.0,0.0652,Waxing Crescent,
2003-01-29,19:35:00,0.0,Moonless Night,-25.8128,257.945,-55.1635,248.8658,150.4309,100.0,0.0651,Waxing Crescent,
2003-01-29,19:36:00,0.0,Moonless Night,-26.0468,257.9932,-55.375,248.818,150.4395,100.0,0.0651,Waxing Crescent,
2003-01-29,19:37:00,0.0,Moonless Night,-26.2808,258.0413,-55.5865,248.7691,150.4481,100.0,0.065,Waxing Crescent,
2003-01-29,19:38:00,0.0,Moonless Night,-26.5149,258.0893,-55.7978,248.719,150.4568,100.0,0.065,Waxing Crescent,
2003-01-29,19:39:00,0.0,Moonless Night,-26.749,258.1371,-56.0091,248.6676,150.4654,100.0,0.065,Waxing Crescent,
2003-01-29,19:40:00,0.0,Moonless Night,-26.9832,258.1847,-56.2202,248.615,150.474,100.0,0.0649,Waxing Crescent,
2003-01-29,19:41:00,0.0,Moonless Night,-27.2174,258.2322,-56.4313,248.5611,150.4826,100.0,0.0649,Waxing Crescent,
2003-01-29,19:42:00,0.0,Moonless Night,-27.4516,258.2796,-56.6423,248.5059,150.4913,100.0,0.0649,Waxing Crescent,
2003-01-29,19:43:00,0.0,Moonless Night,-27.6859,258.3268,-56.8533,248.4494,150.4999,100.0,0.0648,Waxing Crescent,
2003-01-29,19:44:00,0.0,Moonless Night,-27.9202,258.3738,-57.0641,248.3915,150.5085,100.0,0.0648,Waxing Crescent,
2003-01-29,19:45:00,0.0,Moonless Night,-28.1546,258.4207,-57.2748,248.3323,150.5172,100.0,0.0647,Waxing Crescent,
2003-01-29,19:46:00,0.0,Moonless Night,-28.389,258.4674,-57.4855,248.2716,150.5258,100.0,0.0647,Waxing Crescent,
2003-01-29,19:47:00,0.0,Moonless Night,-28.6234,258.514,-57.696,248.2096,150.5344,100.0,0.0647,Waxing Crescent,
2003-01-29,19:48:00,0.0,Moonless Night,-28.8579,258.5604,-57.9065,248.1461,150.543,100.0,0.0646,Waxing Crescent,
2003-01-29,19:49:00,0.0,Moonless Night,-29.0924,258.6067,-58.1168,248.0812,150.5517,100.0,0.0646,Waxing Crescent,
2003-01-29,19:50:00,0.0,Moonless Night,-29.3269,258.6529,-58.3271,248.0147,150.5603,100.0,0.0646,Waxing Crescent,
2003-01-29,19:51:00,0.0,Moonless Night,-29.5615,258.6989,-58.5372,247.9467,150.5689,100.0,0.0645,Waxing Crescent,
2003-01-29,19:52:00,0.0,Moonless Night,-29.7962,258.7447,-58.7472,247.8772,150.5775,100.0,0.0645,Waxing Crescent,
2003-01-29,19:53:00,0.0,Moonless Night,-30.0308,258.7904,-58.9571,247.8061,150.5862,100.0,0.0645,Waxing Crescent,
2003-01-29,19:54:00,0.0,Moonless Night,-30.2655,258.836,-59.167,247.7334,150.5948,100.0,0.0644,Waxing Crescent,
2003-01-29,19:55:00,0.0,Moonless Night,-30.5003,258.8814,-59.3766,247.659,150.6034,100.0,0.0644,Waxing Crescent,
2003-01-29,19:56:00,0.0,Moonless Night,-30.735,258.9266,-59.5862,247.583,150.612,100.0,0.0643,Waxing Crescent,
2003-01-29,19:57:00,0.0,Moonless Night,-30.9699,258.9718,-59.7957,247.5052,150.6207,100.0,0.0643,Waxing Crescent,
2003-01-29,19:58:00,0.0,Moonless Night,-31.2047,259.0167,-60.005,247.4257,150.6293,100.0,0.0643,Waxing Crescent,
2003-01-29,19:59:00,0.0,Moonless Night,-31.4396,259.0616,-60.2142,247.3445,150.6379,100.0,0.0642,Waxing Crescent,
2003-01-29,20:00:00,0.0,Moonless Night,-31.6745,259.1063,-60.4233,247.2614,150.6465,100.0,0.0642,Waxing Crescent,
2003-01-30,17:00:00,30649.6023,Daylit,9.8175,248.1412,-9.6665,246.2424,161.3619,100.0,0.0262,Waxing Crescent,
2003-01-30,17:01:00,30076.4506,Daylit,9.5955,248.2289,-9.8763,246.2985,161.3703,100.0,0.0262,Waxing Crescent,
2003-01-30,17:02:00,29500.3699,Daylit,9.3732,248.3162,-10.0863,246.3543,161.3786,100.0,0.0262,Waxing Crescent,
2003-01-30,17:03:00,28921.3024,Daylit,9.1509,248.4031,-10.2963,246.4098,161.387,100.0,0.0262,Waxing Crescent,
2003-01-30,17:04:00,28339.1865,Daylit,8.9284,248.4895,-10.5064,246.465,161.3953,100.0,0.0261,Waxing Crescent,
2003-01-30,17:05:00,27753.9571,Daylit,8.7058,248.5756,-10.7165,246.5199,161.4037,100.0,0.0261,Waxing Crescent,
2003-01-30,17:06:00,27165.5448,Daylit,8.483,248.6613,-10.9268,246.5744,161.412,100.0,0.0261,Waxing Crescent,
2003-01-30,17:07:00,26573.8761,Daylit,8.2601,248.7466,-11.1371,246.6287,161.4204,100.0,0.0261,Waxing Crescent,
2003-01-30,17:08:00,25978.8726,Daylit,8.0371,248.8314,-11.3475,246.6826,161.4287,100.0,0.026,Waxing Crescent,
2003-01-30,17:09:00,25380.4507,Daylit,7.814,248.9159,-11.5579,246.7363,161.437,100.0,0.026,Waxing Crescent,
2003-01-30,17:10:00,24778.521,Daylit,7.5907,249.0,-11.7685,246.7896,161.4454,100.0,0.026,Waxing Crescent,
2003-01-30,17:11:00,24172.9882,Daylit,7.3673,249.0838,-11.9791,246.8426,161.4537,100.0,0.026,Waxing Crescent,
2003-01-30,17:12:00,23563.7498,Daylit,7.1438,249.1671,-12.1898,246.8954,161.4621,100.0,0.0259,Waxing Crescent,
2003-01-30,17:13:00,22950.6961,Daylit,6.9202,249.2501,-12.4005,246.9478,161.4704,100.0,0.0259,Waxing Crescent,
2003-01-30,17:14:00,22333.7089,Daylit,6.6964,249.3327,-12.6114,246.9999,161.4788,100.0,0.0259,Waxing Crescent,
2003-01-30,17:15:00,21712.661,Daylit,6.4725,249.4149,-12.8223,247.0517,161.4871,100.0,0.0259,Waxing Crescent,
2003-01-30,17:16:00,21087.415,Daylit,6.2485,249.4967,-13.0332,247.1032,161.4954,100.0,0.0259,Waxing Crescent,
2003-01-30,17:17:00,20457.8218,Daylit,6.0244,249.5782,-13.2443,247.1544,161.5038,100.0,0.0258,Waxing Crescent,
2003-01-30,17:18:00,19823.7201,Daylit,5.8001,249.6593,-13.4554,247.2053,161.5121,100.0,0.0258,Waxing Crescent,
2003-01-30,17:19:00,19184.9338,Daylit,5.5758,249.7401,-13.6665,247.2558,161.5205,100.0,0.0258,Waxing Crescent,
2003-01-30,17:20:00,18541.2711,Daylit,5.3513,249.8205,-13.8778,247.3061,161.5288,100.0,0.0258,Waxing Crescent,
2003-01-30,17:21:00,17892.5215,Daylit,5.1267,249.9005,-14.0891,247.3561,161.5371,100.0,0.0257,Waxing Crescent,
2003-01-30,17:22:00,17238.4539,Daylit,4.902,249.9802,-14.3004,247.4058,161.5455,100.0,0.0257,Waxing Crescent,
2003-01-30,17:23:00,16578.8131,Daylit,4.6772,250.0596,-14.5119,247.4552,161.5538,100.0,0.0257,Waxing Crescent,
2003-01-30,17:24:00,15913.3162,Daylit,4.4522,250.1385,-14.7234,247.5043,161.5621,100.0,0.0257,Waxing Crescent,
2003-01-30,17:25:00,15241.6483,Daylit,4.2272,250.2172,-14.9349,247.553,161.5705,100.0,0.0256,Waxing Crescent,
2003-01-30,17:26:00,14563.4568,Daylit,4.002,250.2955,-15.1466,247.6015,161.5788,100.0,0.0256,Waxing Crescent,
2003-01-30,17:27:00,13878.3449,Daylit,3.7768,250.3735,-15.3583,247.6497,161.5872,100.0,0.0256,Waxing Crescent,
2003-01-30,17:28:00,13185.8627,Daylit,3.5514,250.4511,-15.57,247.6976,161.5955,100.0,0.0256,Waxing Crescent,
2003-01-30,17:29:00,12485.4969,Daylit,3.3259,250.5284,-15.7818,247.7452,161.6038,100.0,0.0256,Waxing Crescent,
2003-01-30,17:30:00,11776.6566,Daylit,3.1003,250.6053,-15.9937,247.7925,161.6122,100.0,0.0255,Waxing Crescent,
2003-01-30,17:31:00,11058.6555,Daylit,2.8746,250.682,-16.2056,247.8395,161.6205,100.0,0.0255,Waxing Crescent,
2003-01-30,17:32:00,10330.6877,Daylit,2.6488,250.7583,-16.4176,247.8862,161.6288,100.0,0.0255,Waxing Crescent,
2003-01-30,17:33:00,9591.7949,Daylit,2.4229,250.8342,-16.6297,247.9326,161.6372,100.0,0.0255,Waxing Crescent,
2003-01-30,17:34:00,8840.8209,Daylit,2.1969,250.9099,-16.8418,247.9787,161.6455,100.0,0.0254,Waxing Crescent,
2003-01-30,17:35:00,8076.3458,Daylit,1.9707,250.9852,-17.054,248.0245,161.6538,100.0,0.0254,Waxing Crescent,
2003-01-30,17:36:00,7296.5886,Daylit,1.7445,251.0602,-17.2662,248.07,161.6622,100.0,0.0254,Waxing Crescent,
2003-01-30,17:37:00,6499.2551,Daylit,1.5182,251.1349,-17.4785,248.1152,161.6705,100.0,0.0254,Waxing Crescent,
2003-01-30,17:38:00,5681.2898,Daylit,1.2918,251.2093,-17.6908,248.1601,161.6788,100.0,0.0253,Waxing Crescent,
2003-01-30,17:39:00,4838.4391,Daylit,1.0653,251.2834,-17.9032,248.2047,161.6872,100.0,0.0253,Waxing Crescent,
2003-01-30,17:40:00,3964.409,Daylit,0.8386,251.3571,-18.1157,248.2491,161.6955,100.0,0.0253,Waxing Crescent,
2003-01-30,17:41:00,3049.0106,Daylit,0.6119,251.4306,-18.3282,248.2931,161.7038,100.0,0.0253,Waxing Crescent,
2003-01-30,17:42:00,2073.1141,Daylit,0.3851,251.5037,-18.5408,248.3368,161.7122,100.0,0.0253,Waxing Crescent,
2003-01-30,17:43:00,987.9155,Daylit,0.1582,251.5766,-18.7534,248.3803,161.7205,100.0,0.0252,Waxing Crescent,
2003-01-30,17:44:00,20.1659,Civil Twilight,-0.0688,251.6491,-18.966,248.4234,161.7288,100.0,0.0252,Waxing Crescent,
2003-01-30,17:45:00,19.3937,Civil Twilight,-0.296,251.7214,-19.1788,248.4663,161.7372,100.0,0.0252,Waxing Crescent,
2003-01-30,17:46:00,18.6213,Civil Twilight,-0.5232,251.7933,-19.3915,248.5089,161.7455,100.0,0.0252,Waxing Crescent,
2003-01-30,17:47:00,17.8484,Civil Twilight,-0.7505,251.865,-19.6044,248.5511,161.7538,100.0,0.0251,Waxing Crescent,
2003-01-30,17:48:00,17.0753,Civil Twilight,-0.9778,251.9364,-19.8172,248.5931,161.7622,100.0,0.0251,Waxing Crescent,
2003-01-30,17:49:00,16.3019,Civil Twilight,-1.2053,252.0074,-20.0302,248.6348,161.7705,100.0,0.0251,Waxing Crescent,
2003-01-30,17:50:00,15.5281,Civil Twilight,-1.4329,252.0782,-20.2431,248.6761,161.7788,100.0,0.0251,Waxing Crescent,
2003-01-30,17:51:00,14.7541,Civil Twilight,-1.6606,252.1487,-20.4562,248.7172,161.7871,100.0,0.025,Waxing Crescent,
2003-01-30,17:52:00,13.9797,Civil Twilight,-1.8883,252.219,-20.6692,248.758,161.7955,100.0,0.025,Waxing Crescent,
2003-01-30,17:53:00,13.205,Civil Twilight,-2.1162,252.2889,-20.8824,248.7985,161.8038,100.0,0.025,Waxing Crescent,
2003-01-30,17:54:00,12.43,Civil Twilight,-2.3441,252.3586,-21.0955,248.8387,161.8121,100.0,0.025,Waxing Crescent,
2003-01-30,17:55:00,11.6548,Civil Twilight,-2.5721,252.4279,-21.3087,248.8786,161.8204,100.0,0.025,Waxing Crescent,
2003-01-30,17:56:00,10.8792,Civil Twilight,-2.8002,252.4971,-21.522,248.9182,161.8288,100.0,0.0249,Waxing Crescent,
2003-01-30,17:57:00,10.1033,Civil Twilight,-3.0284,252.5659,-21.7353,248.9575,161.8371,100.0,0.0249,Waxing Crescent,
2003-01-30,17:58:00,9.3272,Civil Twilight,-3.2567,252.6344,-21.9487,248.9966,161.8454,100.0,0.0249,Waxing Crescent,
2003-01-30,17:59:00,8.5507,Civil Twilight,-3.4851,252.7027,-22.1621,249.0353,161.8538,100.0,0.0249,Waxing Crescent,
2003-01-30,18:00:00,7.774,Civil Twilight,-3.7135,252.7708,-22.3755,249.0737,161.8621,100.0,0.0248,Waxing Crescent,
2003-01-30,18:01:00,6.9969,Civil Twilight,-3.9421,252.8385,-22.589,249.1118,161.8704,100.0,0.0248,Waxing Crescent,
2003-01-30,18:02:00,6.2196,Civil Twilight,-4.1707,252.906,-22.8025,249.1497,161.8787,100.0,0.0248,Waxing Crescent,
2003-01-30,18:03:00,5.442,Civil Twilight,-4.3994,252.9732,-23.0161,249.1872,161.887,100.0,0.0248,Waxing Crescent,
2003-01-30,18:04:00,4.6642,Civil Twilight,-4.6282,253.0402,-23.2297,249.2244,161.8954,100.0,0.0248,Waxing Crescent,
2003-01-30,18:05:00,3.886,Civil Twilight,-4.8571,253.1069,-23.4434,249.2614,161.9037,100.0,0.0247,Waxing Crescent,
2003-01-30,18:06:00,3.1076,Civil Twilight,-5.086,253.1734,-23.6571,249.298,161.912,100.0,0.0247,Waxing Crescent,
2003-01-30,18:07:00,2.3289,Civil Twilight,-5.315,253.2396,-23.8708,249.3344,161.9203,100.0,0.0247,Waxing Crescent,
2003-01-30,18:08:00,1.5499,Civil Twilight,-5.5441,253.3055,-24.0846,249.3704,161.9287,100.0,0.0247,Waxing Crescent,
2003-01-30,18:09:00,0.7707,Civil Twilight,-5.7733,253.3712,-24.2984,249.4061,161.937,100.0,0.0246,Waxing Crescent,
2003-01-30,18:10:00,0.5997,Nautical Twilight,-6.0026,253.4367,-24.5123,249.4416,161.9453,100.0,0.0246,Waxing Crescent,
2003-01-30,18:11:00,0.5768,Nautical Twilight,-6.2319,253.5018,-24.7262,249.4767,161.9536,100.0,0.0246,Waxing Crescent,
2003-01-30,18:12:00,0.5539,Nautical Twilight,-6.4614,253.5668,-24.9401,249.5115,161.9619,100.0,0.0246,Waxing Crescent,
2003-01-30,18:13:00,0.5309,Nautical Twilight,-6.6909,253.6315,-25.1541,249.5461,161.9703,100.0,0.0246,Waxing Crescent,
2003-01-30,18:14:00,0.508,Nautical Twilight,-6.9204,253.696,-25.3681,249.5803,161.9786,100.0,0.0245,Waxing Crescent,
2003-01-30,18:15:00,0.485,Nautical Twilight,-7.1501,253.7602,-25.5822,249.6142,161.9869,100.0,0.0245,Waxing Crescent,
2003-01-30,18:16:00,0.462,Nautical Twilight,-7.3798,253.8242,-25.7963,249.6479,161.9952,100.0,0.0245,Waxing Crescent,
2003-01-30,18:17:00,0.439,Nautical Twilight,-7.6096,253.8879,-26.0104,249.6812,162.0035,100.0,0.0245,Waxing Crescent,
2003-01-30,18:18:00,0.4161,Nautical Twilight,-7.8395,253.9514,-26.2245,249.7142,162.0119,100.0,0.0244,Waxing Crescent,
2003-01-30,18:19:00,0.3931,Nautical Twilight,-8.0694,254.0147,-26.4387,249.7469,162.0202,100.0,0.0244,Waxing Crescent,
2003-01-30,18:20:00,0.3701,Nautical Twilight,-8.2995,254.0777,-26.653,249.7793,162.0285,100.0,0.0244,Waxing Crescent,
2003-01-30,18:21:00,0.347,Nautical Twilight,-8.5295,254.1405,-26.8672,249.8114,162.0368,100.0,0.0244,Waxing Crescent,
2003-01-30,18:22:00,0.324,Nautical Twilight,-8.7597,254.2031,-27.0815,249.8432,162.0451,100.0,0.0244,Waxing Crescent,
2003-01-30,18:23:00,0.301,Nautical Twilight,-8.9899,254.2654,-27.2959,249.8747,162.0535,100.0,0.0243,Waxing Crescent,
2003-01-30,18:24:00,0.278,Nautical Twilight,-9.2203,254.3275,-27.5102,249.9058,162.0618,100.0,0.0243,Waxing Crescent,
2003-01-30,18:25:00,0.2549,Nautical Twilight,-9.4506,254.3894,-27.7246,249.9367,162.0701,100.0,0.0243,Waxing Crescent,
2003-01-30,18:26:00,0.2319,Nautical Twilight,-9.6811,254.4511,-27.9391,249.9672,162.0784,100.0,0.0243,Waxing Crescent,
2003-01-30,18:27:00,0.2088,Nautical Twilight,-9.9116,254.5125,-28.1535,249.9974,162.0867,100.0,0.0242,Waxing Crescent,
2003-01-30,18:28:00,0.1858,Nautical Twilight,-10.1422,254.5737,-28.368,250.0273,162.095,100.0,0.0242,Waxing Crescent,
2003-01-30,18:29:00,0.1627,Nautical Twilight,-10.3728,254.6347,-28.5825,250.0569,162.1033,100.0,0.0242,Waxing Crescent,
2003-01-30,18:30:00,0.1396,Nautical Twilight,-10.6035,254.6955,-28.7971,250.0862,162.1117,100.0,0.0242,Waxing Crescent,
2003-01-30,18:31:00,0.1166,Nautical Twilight,-10.8343,254.7561,-29.0117,250.1152,162.12,100.0,0.0241,Waxing Crescent,
2003-01-30,18:32:00,0.0935,Nautical Twilight,-11.0652,254.8164,-29.2263,250.1438,162.1283,100.0,0.0241,Waxing Crescent,
2003-01-30,18:33:00,0.0704,Nautical Twilight,-11.2961,254.8765,-29.4409,250.1722,162.1366,100.0,0.0241,Waxing Crescent,
2003-01-30,18:34:00,0.0473,Nautical Twilight,-11.5271,254.9365,-29.6556,250.2002,162.1449,100.0,0.0241,Waxing Crescent,
2003-01-30,18:35:00,0.0242,Nautical Twilight,-11.7581,254.9962,-29.8703,250.2278,162.1532,100.0,0.0241,Waxing Crescent,
2003-01-30,18:36:00,0.0011,Nautical Twilight,-11.9892,255.0557,-30.085,250.2552,162.1615,100.0,0.024,Waxing Crescent,
2003-01-30,18:37:00,0.0058,Astronomical Twilight,-12.2204,255.115,-30.2998,250.2822,162.1698,100.0,0.024,Waxing Crescent,
2003-01-30,18:38:00,0.0055,Astronomical Twilight,-12.4517,255.174,-30.5146,250.3089,162.1782,100.0,0.024,Waxing Crescent,
2003-01-30,18:39:00,0.0053,Astronomical Twilight,-12.683,255.2329,-30.7294,250.3353,162.1865,100.0,0.024,Waxing Crescent,
2003-01-30,18:40:00,0.0051,Astronomical Twilight,-12.9143,255.2916,-30.9442,250.3614,162.1948,100.0,0.0239,Waxing Crescent,
2003-01-30,18:41:00,0.0049,Astronomical Twilight,-13.1458,255.35,-31.159,250.3871,162.2031,100.0,0.0239,Waxing Crescent,
2003-01-30,18:42:00,0.0046,Astronomical Twilight,-13.3773,255.4083,-31.3739,250.4125,162.2114,100.0,0.0239,Waxing Crescent,
2003-01-30,18:43:00,0.0044,Astronomical Twilight,-13.6088,255.4664,-31.5888,250.4375,162.2197,100.0,0.0239,Waxing Crescent,
2003-01-30,18:44:00,0.0042,Astronomical Twilight,-13.8404,255.5242,-31.8038,250.4622,162.228,100.0,0.0239,Waxing Crescent,
2003-01-30,18:45:00,0.0039,Astronomical Twilight,-14.0721,255.5819,-32.0187,250.4866,162.2363,100.0,0.0238,Waxing Crescent,
2003-01-30,18:46:00,0.0037,Astronomical Twilight,-14.3038,255.6393,-32.2337,250.5107,162.2446,100.0,0.0238,Waxing Crescent,
2003-01-30,18:47:00,0.0035,Astronomical Twilight,-14.5356,255.6966,-32.4487,250.5344,162.2529,100.0,0.0238,Waxing Crescent,
2003-01-30,18:48:00,0.0032,Astronomical Twilight,-14.7675,255.7537,-32.6637,250.5577,162.2612,100.0,0.0238,Waxing Crescent,
2003-01-30,18:49:00,0.003,Astronomical Twilight,-14.9994,255.8106,-32.8787,250.5807,162.2696,100.0,0.0238,Waxing Crescent,
2003-01-30,18:50:00,0.0028,Astronomical Twilight,-15.2314,255.8673,-33.0938,250.6034,162.2779,100.0,0.0237,Waxing Crescent,
2003-01-30,18:51:00,0.0025,Astronomical Twilight,-15.4634,255.9237,-33.3089,250.6257,162.2862,100.0,0.0237,Waxing Crescent,
2003-01-30,18:52:00,0.0023,Astronomical Twilight,-15.6955,255.9801,-33.524,250.6477,162.2945,100.0,0.0237,Waxing Crescent,
2003-01-30,18:53:00,0.0021,Astronomical Twilight,-15.9276,256.0362,-33.7391,250.6693,162.3028,100.0,0.0237,Waxing Crescent,
2003-01-30,18:54:00,0.0018,Astronomical Twilight,-16.1598,256.0921,-33.9542,250.6906,162.3111,100.0,0.0236,Waxing Crescent,
2003-01-30,18:55:00,0.0016,Astronomical Twilight,-16.3921,256.1478,-34.1694,250.7115,162.3194,100.0,0.0236,Waxing Crescent,
2003-01-30,18:56:00,0.0014,Astronomical Twilight,-16.6244,256.2034,-34.3845,250.7321,162.3277,100.0,0.0236,Waxing Crescent,
2003-01-30,18:57:00,0.0011,Astronomical Twilight,-16.8568,256.2588,-34.5997,250.7523,162.336,100.0,0.0236,Waxing Crescent,
2003-01-30,18:58:00,0.0009,Astronomical Twilight,-17.0892,256.3139,-34.815,250.7721,162.3443,100.0,0.0236,Waxing Crescent,
2003-01-30,18:59:00,0.0007,Astronomical Twilight,-17.3216,256.369,-35.0302,250.7916,162.3526,100.0,0.0235,Waxing Crescent,
2003-01-30,19:00:00,0.0004,Astronomical Twilight,-17.5542,256.4238,-35.2454,250.8107,162.3609,100.0,0.0235,Waxing Crescent,
2003-01-30,19:01:00,0.0002,Astronomical Twilight,-17.7868,256.4784,-35.4607,250.8294,162.3692,100.0,0.0235,Waxing Crescent,
2003-01-30,19:02:00,0.0,Moonless Night,-18.0194,256.5329,-35.6759,250.8478,162.3775,100.0,0.0235,Waxing Crescent,
2003-01-30,19:03:00,0.0,Moonless Night,-18.2521,256.5872,-35.8912,250.8658,162.3858,100.0,0.0234,Waxing Crescent,
2003-01-30,19:04:00,0.0,Moonless Night,-18.4848,256.6413,-36.1065,250.8834,162.3941,100.0,0.0234,Waxing Crescent,
2003-01-30,19:05:00,0.0,Moonless Night,-18.7176,256.6952,-36.3219,250.9006,162.4024,100.0,0.0234,Waxing Crescent,
2003-01-30,19:06:00,0.0,Moonless Night,-18.9505,256.749,-36.5372,250.9175,162.4107,100.0,0.0234,Waxing Crescent,
2003-01-30,19:07:00,0.0,Moonless Night,-19.1834,256.8026,-36.7525,250.934,162.419,100.0,0.0234,Waxing Crescent,
2003-01-30,19:08:00,0.0,Moonless Night,-19.4163,256.856,-36.9679,250.95,162.4273,100.0,0.0233,Waxing Crescent,
2003-01-30,19:09:00,0.0,Moonless Night,-19.6493,256.9092,-37.1832,250.9657,162.4356,100.0,0.0233,Waxing Crescent,
2003-01-30,19:10:00,0.0,Moonless Night,-19.8824,256.9623,-37.3986,250.981,162.4439,100.0,0.0233,Waxing Crescent,
2003-01-30,19:11:00,0.0,Moonless Night,-20.1155,257.0152,-37.614,250.996,162.4522,100.0,0.0233,Waxing Crescent,
2003-01-30,19:12:00,0.0,Moonless Night,-20.3486,257.0679,-37.8294,251.0105,162.4605,100.0,0.0232,Waxing Crescent,
2003-01-30,19:13:00,0.0,Moonless Night,-20.5818,257.1205,-38.0448,251.0246,162.4688,100.0,0.0232,Waxing Crescent,
2003-01-30,19:14:00,0.0,Moonless Night,-20.8151,257.1729,-38.2602,251.0383,162.4771,100.0,0.0232,Waxing Crescent,
2003-01-30,19:15:00,0.0,Moonless Night,-21.0484,257.2251,-38.4757,251.0516,162.4854,100.0,0.0232,Waxing Crescent,
2003-01-30,19:16:00,0.0,Moonless Night,-21.2817,257.2771,-38.6911,251.0645,162.4937,100.0,0.0232,Waxing Crescent,
2003-01-30,19:17:00,0.0,Moonless Night,-21.5151,257.329,-38.9065,251.077,162.502,100.0,0.0231,Waxing Crescent,
2003-01-30,19:18:00,0.0,Moonless Night,-21.7486,257.3808,-39.122,251.089,162.5103,100.0,0.0231,Waxing Crescent,
2003-01-30,19:19:00,0.0,Moonless Night,-21.982,257.4323,-39.3375,251.1007,162.5186,100.0,0.0231,Waxing Crescent,
2003-01-30,19:20:00,0.0,Moonless Night,-22.2156,257.4838,-39.5529,251.1119,162.5269,100.0,0.0231,Waxing Crescent,
2003-01-30,19:21:00,0.0,Moonless Night,-22.4492,257.535,-39.7684,251.1227,162.5352,100.0,0.023,Waxing Crescent,
2003-01-30,19:22:00,0.0,Moonless Night,-22.6828,257.5861,-39.9839,251.133,162.5435,100.0,0.023,Waxing Crescent,
2003-01-30,19:23:00,0.0,Moonless Night,-22.9165,257.637,-40.1993,251.1429,162.5518,100.0,0.023,Waxing Crescent,
2003-01-30,19:24:00,0.0,Moonless Night,-23.1502,257.6878,-40.4148,251.1524,162.56,100.0,0.023,Waxing Crescent,
2003-01-30,19:25:00,0.0,Moonless Night,-23.384,257.7384,-40.6303,251.1615,162.5683,100.0,0.023,Waxing Crescent,
2003-01-30,19:26:00,0.0,Moonless Night,-23.6178,257.7889,-40.8458,251.1701,162.5766,100.0,0.0229,Waxing Crescent,
2003-01-30,19:27:00,0.0,Moonless Night,-23.8516,257.8392,-41.0613,251.1782,162.5849,100.0,0.0229,Waxing Crescent,
2003-01-30,19:28:00,0.0,Moonless Night,-24.0855,257.8893,-41.2768,251.1859,162.5932,100.0,0.0229,Waxing Crescent,
2003-01-30,19:29:00,0.0,Moonless Night,-24.3195,257.9393,-41.4923,251.1931,162.6015,100.0,0.0229,Waxing Crescent,
2003-01-30,19:30:00,0.0,Moonless Night,-24.5535,257.9891,-41.7078,251.1999,162.6098,100.0,0.0229,Waxing Crescent,
2003-01-30,19:31:00,0.0,Moonless Night,-24.7875,258.0388,-41.9233,251.2062,162.6181,100.0,0.0228,Waxing Crescent,
2003-01-30,19:32:00,0.0,Moonless Night,-25.0216,258.0884,-42.1388,251.212,162.6264,100.0,0.0228,Waxing Crescent,
2003-01-30,19:33:00,0.0,Moonless Night,-25.2557,258.1378,-42.3543,251.2173,162.6347,100.0,0.0228,Waxing Crescent,
2003-01-30,19:34:00,0.0,Moonless Night,-25.4898,258.187,-42.5698,251.2222,162.643,100.0,0.0228,Waxing Crescent,
2003-01-30,19:35:00,0.0,Moonless Night,-25.724,258.2361,-42.7853,251.2266,162.6512,100.0,0.0227,Waxing Crescent,
2003-01-30,19:36:00,0.0,Moonless Night,-25.9583,258.285,-43.0008,251.2305,162.6595,100.0,0.0227,Waxing Crescent,
2003-01-30,19:37:00,0.0,Moonless Night,-26.1926,258.3338,-43.2163,251.2339,162.6678,100.0,0.0227,Waxing Crescent,
2003-01-30,19:38:00,0.0,Moonless Night,-26.4269,258.3824,-43.4318,251.2368,162.6761,100.0,0.0227,Waxing Crescent,
2003-01-30,19:39:00,0.0,Moonless Night,-26.6613,258.4309,-43.6472,251.2391,162.6844,100.0,0.0227,Waxing Crescent,
2003-01-30,19:40:00,0.0,Moonless Night,-26.8957,258.4793,-43.8627,251.241,162.6927,100.0,0.0226,Waxing Crescent,
2003-01-30,19:41:00,0.0,Moonless Night,-27.1301,258.5275,-44.0782,251.2424,162.701,100.0,0.0226,Waxing Crescent,
2003-01-30,19:42:00,0.0,Moonless Night,-27.3646,258.5755,-44.2937,251.2432,162.7093,100.0,0.0226,Waxing Crescent,
2003-01-30,19:43:00,0.0,Moonless Night,-27.5991,258.6235,-44.5091,251.2435,162.7175,100.0,0.0226,Waxing Crescent,
2003-01-30,19:44:00,0.0,Moonless Night,-27.8337,258.6712,-44.7246,251.2433,162.7258,100.0,0.0226,Waxing Crescent,
2003-01-30,19:45:00,0.0,Moonless Night,-28.0683,258.7189,-44.94,251.2425,162.7341,100.0,0.0225,Waxing Crescent,
2003-01-30,19:46:00,0.0,Moonless Night,-28.3029,258.7663,-45.1555,251.2412,162.7424,100.0,0.0225,Waxing Crescent,
2003-01-30,19:47:00,0.0,Moonless Night,-28.5376,258.8137,-45.3709,251.2393,162.7507,100.0,0.0225,Waxing Crescent,
2003-01-30,19:48:00,0.0,Moonless Night,-28.7724,258.8609,-45.5863,251.2369,162.759,100.0,0.0225,Waxing Crescent,
2003-01-30,19:49:00,0.0,Moonless Night,-29.0071,258.908,-45.8017,251.2339,162.7673,100.0,0.0224,Waxing Crescent,
2003-01-30,19:50:00,0.0,Moonless Night,-29.2419,258.9549,-46.0171,251.2303,162.7755,100.0,0.0224,Waxing Crescent,
2003-01-30,19:51:00,0.0,Moonless Night,-29.4768,259.0017,-46.2325,251.2261,162.7838,100.0,0.0224,Waxing Crescent,
2003-01-30,19:52:00,0.0,Moonless Night,-29.7116,259.0483,-46.4479,251.2214,162.7921,100.0,0.0224,Waxing Crescent,
2003-01-30,19:53:00,0.0,Moonless Night,-29.9465,259.0948,-46.6632,251.2161,162.8004,100.0,0.0224,Waxing Crescent,
2003-01-30,19:54:00,0.0,Moonless Night,-30.1815,259.1412,-46.8786,251.2102,162.8087,100.0,0.0223,Waxing Crescent,
2003-01-30,19:55:00,0.0,Moonless Night,-30.4165,259.1875,-47.0939,251.2036,162.8169,100.0,0.0223,Waxing Crescent,
2003-01-30,19:56:00,0.0,Moonless Night,-30.6515,259.2336,-47.3092,251.1965,162.8252,100.0,0.0223,Waxing Crescent,
2003-01-30,19:57:00,0.0,Moonless Night,-30.8865,259.2795,-47.5245,251.1887,162.8335,100.0,0.0223,Waxing Crescent,
2003-01-30,19:58:00,0.0,Moonless Night,-31.1216,259.3254,-47.7398,251.1803,162.8418,100.0,0.0223,Waxing Crescent,
2003-01-30,19:59:00,0.0,Moonless Night,-31.3568,259.3711,-47.955,251.1713,162.8501,100.0,0.0222,Waxing Crescent,
2003-01-30,20:00:00,0.0,Moonless Night,-31.5919,259.4166,-48.1703,251.1616,162.8583,100.0,0.0222,Waxing Crescent,
2003-01-31,17:00:00,30996.5151,Daylit,9.9524,248.3914,2.6556,244.6078,172.6213,100.0,0.0041,New Moon,
2003-01-31,17:01:00,30423.9035,Daylit,9.73,248.4792,2.4477,244.6854,172.6279,100.0,0.0041,New Moon,
2003-01-31,17:02:00,29848.3911,Daylit,9.5074,248.5665,2.2397,244.7625,172.6345,100.0,0.0041,New Moon,
2003-01-31,17:03:00,29269.9217,Daylit,9.2846,248.6534,2.0315,244.8393,172.6411,100.0,0.0041,New Moon,
2003-01-31,17:04:00,28688.4355,Daylit,9.0617,248.74,1.8232,244.9157,172.6477,100.0,0.0041,New Moon,
2003-01-31,17:05:00,28103.8694,Daylit,8.8387,248.8261,1.6148,244.9918,172.6543,100.0,0.0041,New Moon,
2003-01-31,17:06:00,27516.1561,Daylit,8.6156,248.9118,1.4063,245.0674,172.6609,100.0,0.0041,New Moon,
2003-01-31,17:07:00,26925.2243,Daylit,8.3924,248.9972,1.1976,245.1428,172.6675,100.0,0.0041,New Moon,
2003-01-31,17:08:00,26330.998,Daylit,8.169,249.0821,0.9888,245.2177,172.6741,100.0,0.0041,New Moon,
2003-01-31,17:09:00,25733.3964,Daylit,7.9454,249.1667,0.78,245.2923,172.6807,100.0,0.0041,New Moon,
2003-01-31,17:10:00,25132.333,Daylit,7.7218,249.2509,0.571,245.3665,172.6873,100.0,0.0041,New Moon,
2003-01-31,17:11:00,24527.7157,Daylit,7.498,249.3347,0.3618,245.4404,172.6938,100.0,0.0041,New Moon,
2003-01-31,17:12:00,23919.4455,Daylit,7.2742,249.4181,0.1526,245.5139,172.7004,100.0,0.0041,New Moon,
2003-01-31,17:13:00,23307.4167,Daylit,7.0501,249.5011,-0.0567,245.5871,172.707,100.0,0.004,New Moon,
2003-01-31,17:14:00,22691.5154,Daylit,6.826,249.5838,-0.2662,245.6599,172.7135,100.0,0.004,New Moon,
2003-01-31,17:15:00,22071.619,Daylit,6.6018,249.6661,-0.4758,245.7324,172.7201,100.0,0.004,New Moon,
2003-01-31,17:16:00,21447.5955,Daylit,6.3774,249.748,-0.6854,245.8045,172.7267,100.0,0.004,New Moon,
2003-01-31,17:17:00,20819.3019,Daylit,6.1529,249.8296,-0.8952,245.8763,172.7332,100.0,0.004,New Moon,
2003-01-31,17:18:00,20186.5833,Daylit,5.9283,249.9108,-1.1051,245.9477,172.7398,100.0,0.004,New Moon,
2003-01-31,17:19:00,19549.2713,Daylit,5.7036,249.9916,-1.3151,246.0188,172.7463,100.0,0.004,New Moon,
2003-01-31,17:20:00,18907.1825,Daylit,5.4787,250.0721,-1.5252,246.0895,172.7528,100.0,0.004,New Moon,
2003-01-31,17:21:00,18260.116,Daylit,5.2538,250.1523,-1.7354,246.1599,172.7594,100.0,0.004,New Moon,
2003-01-31,17:22:00,17607.8517,Daylit,5.0287,250.232,-1.9458,246.23,172.7659,100.0,0.004,New Moon,
2003-01-31,17:23:00,16950.1471,Daylit,4.8035,250.3115,-2.1562,246.2998,172.7724,100.0,0.004,New Moon,
2003-01-31,17:24:00,16286.734,Daylit,4.5782,250.3906,-2.3667,246.3692,172.779,100.0,0.004,New Moon,
2003-01-31,17:25:00,15617.3145,Daylit,4.3528,250.4693,-2.5773,246.4382,172.7855,100.0,0.004,New Moon,
2003-01-31,17:26:00,14941.5561,Daylit,4.1273,250.5477,-2.7881,246.507,172.792,100.0,0.004,New Moon,
2003-01-31,17:27:00,14259.0856,Daylit,3.9017,250.6258,-2.9989,246.5754,172.7985,100.0,0.0039,New Moon,
2003-01-31,17:28:00,13569.4815,Daylit,3.6759,250.7036,-3.2098,246.6435,172.805,100.0,0.0039,New Moon,
2003-01-31,17:29:00,12872.2647,Daylit,3.4501,250.781,-3.4208,246.7112,172.8115,100.0,0.0039,New Moon,
2003-01-31,17:30:00,12166.886,Daylit,3.2242,250.858,-3.632,246.7787,172.818,100.0,0.0039,New Moon,
2003-01-31,17:31:00,11452.7111,Daylit,2.9981,250.9348,-3.8432,246.8458,172.8245,100.0,0.0039,New Moon,
2003-01-31,17:32:00,10728.999,Daylit,2.772,251.0112,-4.0545,246.9126,172.831,100.0,0.0039,New Moon,
2003-01-31,17:33:00,9994.8751,Daylit,2.5457,251.0873,-4.2659,246.979,172.8375,100.0,0.0039,New Moon,
2003-01-31,17:34:00,9249.292,Daylit,2.3193,251.1631,-4.4774,247.0452,172.844,100.0,0.0039,New Moon,
2003-01-31,17:35:00,8490.9763,Daylit,2.0929,251.2386,-4.689,247.111,172.8504,100.0,0.0039,New Moon,
2003-01-31,17:36:00,7718.3487,Daylit,1.8663,251.3137,-4.9007,247.1765,172.8569,100.0,0.0039,New Moon,
2003-01-31,17:37:00,6929.4048,Daylit,1.6396,251.3885,-5.1125,247.2417,172.8634,100.0,0.0039,New Moon,
2003-01-31,17:38:00,6121.5242,Daylit,1.4129,251.4631,-5.3244,247.3066,172.8698,100.0,0.0039,New Moon,
2003-01-31,17:39:00,5291.1481,Daylit,1.186,251.5373,-5.5363,247.3712,172.8763,100.0,0.0039,New Moon,
2003-01-31,17:40:00,4433.1899,Daylit,0.9591,251.6112,-5.7484,247.4355,172.8828,100.0,0.0039,New Moon,
2003-01-31,17:41:00,3539.8314,Daylit,0.732,251.6848,-5.9605,247.4995,172.8892,100.0,0.0038,New Moon,
2003-01-31,17:42:00,2597.632,Daylit,0.5048,251.7581,-6.1728,247.5631,172.8957,100.0,0.0038,New Moon,
2003-01-31,17:43:00,1578.3487,Daylit,0.2776,251.8311,-6.3851,247.6265,172.9021,100.0,0.0038,New Moon,
2003-01-31,17:44:00,380.011,Daylit,0.0502,251.9038,-6.5975,247.6895,172.9085,100.0,0.0038,New Moon,
2003-01-31,17:45:00,19.7975,Civil Twilight,-0.1772,251.9762,-6.81,247.7522,172.915,100.0,0.0038,New Moon,
2003-01-31,17:46:00,19.0239,Civil Twilight,-0.4047,252.0483,-7.0226,247.8147,172.9214,100.0,0.0038,New Moon,
2003-01-31,17:47:00,18.2499,Civil Twilight,-0.6324,252.1202,-7.2352,247.8768,172.9278,100.0,0.0038,New Moon,
2003-01-31,17:48:00,17.4757,Civil Twilight,-0.8601,252.1917,-7.448,247.9387,172.9342,100.0,0.0038,New Moon,
2003-01-31,17:49:00,16.7011,Civil Twilight,-1.0879,252.2629,-7.6608,248.0002,172.9407,100.0,0.0038,New Moon,
2003-01-31,17:50:00,15.9263,Civil Twilight,-1.3158,252.3339,-7.8737,248.0615,172.9471,100.0,0.0038,New Moon,
2003-01-31,17:51:00,15.1511,Civil Twilight,-1.5438,252.4046,-8.0867,248.1224,172.9535,100.0,0.0038,New Moon,
2003-01-31,17:52:00,14.3756,Civil Twilight,-1.7719,252.475,-8.2998,248.1831,172.9599,100.0,0.0038,New Moon,
2003-01-31,17:53:00,13.5998,Civil Twilight,-2.0001,252.5451,-8.513,248.2434,172.9663,100.0,0.0038,New Moon,
2003-01-31,17:54:00,12.8238,Civil Twilight,-2.2283,252.615,-8.7262,248.3035,172.9727,100.0,0.0038,New Moon,
2003-01-31,17:55:00,12.0474,Civil Twilight,-2.4567,252.6845,-8.9395,248.3633,172.9791,100.0,0.0037,New Moon,
2003-01-31,17:56:00,11.2707,Civil Twilight,-2.6851,252.7539,-9.1529,248.4228,172.9855,100.0,0.0037,New Moon,
2003-01-31,17:57:00,10.4937,Civil Twilight,-2.9136,252.8229,-9.3664,248.482,172.9918,100.0,0.0037,New Moon,
2003-01-31,17:58:00,9.7165,Civil Twilight,-3.1422,252.8916,-9.5799,248.5409,172.9982,100.0,0.0037,New Moon,
2003-01-31,17:59:00,8.939,Civil Twilight,-3.3709,252.9601,-9.7935,248.5995,173.0046,100.0,0.0037,New Moon,
2003-01-31,18:00:00,8.1611,Civil Twilight,-3.5997,253.0284,-10.0072,248.6578,173.011,100.0,0.0037,New Moon,
2003-01-31,18:01:00,7.383,Civil Twilight,-3.8285,253.0963,-10.221,248.7159,173.0173,100.0,0.0037,New Moon,
2003-01-31,18:02:00,6.6046,Civil Twilight,-4.0575,253.1641,-10.4349,248.7737,173.0237,100.0,0.0037,New Moon,
2003-01-31,18:03:00,5.826,Civil Twilight,-4.2865,253.2315,-10.6488,248.8312,173.03,100.0,0.0037,New Moon,
2003-01-31,18:04:00,5.047,Civil Twilight,-4.5156,253.2987,-10.8628,248.8884,173.0364,100.0,0.0037,New Moon,
2003-01-31,18:05:00,4.2678,Civil Twilight,-4.7448,253.3656,-11.0769,248.9453,173.0427,100.0,0.0037,New Moon,
2003-01-31,18:06:00,3.4883,Civil Twilight,-4.974,253.4323,-11.291,249.0019,173.0491,100.0,0.0037,New Moon,
2003-01-31,18:07:00,2.7086,Civil Twilight,-5.2034,253.4987,-11.5052,249.0583,173.0554,100.0,0.0037,New Moon,
2003-01-31,18:08:00,1.9286,Civil Twilight,-5.4328,253.5649,-11.7195,249.1144,173.0617,100.0,0.0037,New Moon,
2003-01-31,18:09:00,1.1483,Civil Twilight,-5.6623,253.6309,-11.9339,249.1702,173.0681,100.0,0.0037,New Moon,
2003-01-31,18:10:00,0.3677,Civil Twilight,-5.8919,253.6965,-12.1483,249.2257,173.0744,100.0,0.0036,New Moon,
2003-01-31,18:11:00,0.5878,Nautical Twilight,-6.1215,253.762,-12.3628,249.281,173.0807,100.0,0.0036,New Moon,
2003-01-31,18:12:00,0.5649,Nautical Twilight,-6.3512,253.8272,-12.5773,249.336,173.087,100.0,0.0036,New Moon,
2003-01-31,18:13:00,0.5419,Nautical Twilight,-6.581,253.8921,-12.792,249.3907,173.0933,100.0,0.0036,New Moon,
2003-01-31,18:14:00,0.5189,Nautical Twilight,-6.8109,253.9569,-13.0067,249.4452,173.0996,100.0,0.0036,New Moon,
2003-01-31,18:15:00,0.4959,Nautical Twilight,-7.0409,254.0213,-13.2214,249.4993,173.1059,100.0,0.0036,New Moon,
2003-01-31,18:16:00,0.4729,Nautical Twilight,-7.2709,254.0856,-13.4362,249.5532,173.1122,100.0,0.0036,New Moon,
2003-01-31,18:17:00,0.4499,Nautical Twilight,-7.501,254.1496,-13.6511,249.6068,173.1185,100.0,0.0036,New Moon,
2003-01-31,18:18:00,0.4269,Nautical Twilight,-7.7312,254.2134,-13.8661,249.6602,173.1248,100.0,0.0036,New Moon,
2003-01-31,18:19:00,0.4039,Nautical Twilight,-7.9614,254.2769,-14.0811,249.7133,173.1311,100.0,0.0036,New Moon,
2003-01-31,18:20:00,0.3808,Nautical Twilight,-8.1917,254.3402,-14.2962,249.7661,173.1374,100.0,0.0036,New Moon,
2003-01-31,18:21:00,0.3578,Nautical Twilight,-8.4221,254.4033,-14.5113,249.8187,173.1436,100.0,0.0036,New Moon,
2003-01-31,18:22:00,0.3347,Nautical Twilight,-8.6526,254.4662,-14.7266,249.871,173.1499,100.0,0.0036,New Moon,
2003-01-31,18:23:00,0.3117,Nautical Twilight,-8.8831,254.5288,-14.9418,249.923,173.1562,100.0,0.0036,New Moon,
2003-01-31,18:24:00,0.2886,Nautical Twilight,-9.1137,254.5912,-15.1572,249.9747,173.1624,100.0,0.0036,New Moon,
2003-01-31,18:25:00,0.2656,Nautical Twilight,-9.3444,254.6534,-15.3726,250.0262,173.1687,100.0,0.0035,New Moon,
2003-01-31,18:26:00,0.2425,Nautical Twilight,-9.5751,254.7153,-15.588,250.0774,173.1749,100.0,0.0035,New Moon,
2003-01-31,18:27:00,0.2194,Nautical Twilight,-9.806,254.7771,-15.8035,250.1284,173.1812,100.0,0.0035,New Moon,
2003-01-31,18:28:00,0.1963,Nautical Twilight,-10.0368,254.8386,-16.0191,250.1791,173.1874,100.0,0.0035,New Moon,
2003-01-31,18:29:00,0.1732,Nautical Twilight,-10.2678,254.8999,-16.2347,250.2295,173.1936,100.0,0.0035,New Moon,
2003-01-31,18:30:00,0.1501,Nautical Twilight,-10.4988,254.961,-16.4504,250.2797,173.1999,100.0,0.0035,New Moon,
2003-01-31,18:31:00,0.127,Nautical Twilight,-10.7299,255.0219,-16.6662,250.3296,173.2061,100.0,0.0035,New Moon,
2003-01-31,18:32:00,0.1039,Nautical Twilight,-10.961,255.0826,-16.882,250.3793,173.2123,100.0,0.0035,New Moon,
2003-01-31,18:33:00,0.0808,Nautical Twilight,-11.1922,255.1431,-17.0978,250.4287,173.2185,100.0,0.0035,New Moon,
2003-01-31,18:34:00,0.0577,Nautical Twilight,-11.4235,255.2033,-17.3138,250.4778,173.2247,100.0,0.0035,New Moon,
2003-01-31,18:35:00,0.0345,Nautical Twilight,-11.6548,255.2634,-17.5297,250.5267,173.2309,100.0,0.0035,New Moon,
2003-01-31,18:36:00,0.0114,Nautical Twilight,-11.8862,255.3232,-17.7458,250.5753,173.2371,100.0,0.0035,New Moon,
2003-01-31,18:37:00,0.0059,Astronomical Twilight,-12.1177,255.3828,-17.9618,250.6237,173.2433,100.0,0.0035,New Moon,
2003-01-31,18:38:00,0.0057,Astronomical Twilight,-12.3492,255.4423,-18.178,250.6718,173.2495,100.0,0.0035,New Moon,
2003-01-31,18:39:00,0.0054,Astronomical Twilight,-12.5808,255.5015,-18.3942,250.7196,173.2557,100.0,0.0035,New Moon,
2003-01-31,18:40:00,0.0052,Astronomical Twilight,-12.8125,255.5605,-18.6104,250.7672,173.2619,100.0,0.0035,New Moon,
2003-01-31,18:41:00,0.005,Astronomical Twilight,-13.0442,255.6194,-18.8267,250.8145,173.2681,100.0,0.0034,New Moon,
2003-01-31,18:42:00,0.0047,Astronomical Twilight,-13.2759,255.678,-19.0431,250.8616,173.2742,100.0,0.0034,New Moon,
2003-01-31,18:43:00,0.0045,Astronomical Twilight,-13.5078,255.7364,-19.2595,250.9084,173.2804,100.0,0.0034,New Moon,
2003-01-31,18:44:00,0.0043,Astronomical Twilight,-13.7397,255.7947,-19.4759,250.955,173.2865,100.0,0.0034,New Moon,
2003-01-31,18:45:00,0.004,Astronomical Twilight,-13.9716,255.8527,-19.6924,251.0013,173.2927,100.0,0.0034,New Moon,
2003-01-31,18:46:00,0.0038,Astronomical Twilight,-14.2036,255.9106,-19.909,251.0474,173.2988,100.0,0.0034,New Moon,
2003-01-31,18:47:00,0.0036,Astronomical Twilight,-14.4357,255.9682,-20.1256,251.0932,173.305,100.0,0.0034,New Moon,
2003-01-31,18:48:00,0.0033,Astronomical Twilight,-14.6678,256.0257,-20.3423,251.1387,173.3111,100.0,0.0034,New Moon,
2003-01-31,18:49:00,0.0031,Astronomical Twilight,-14.9,256.083,-20.559,251.184,173.3173,100.0,0.0034,New Moon,
2003-01-31,18:50:00,0.0029,Astronomical Twilight,-15.1323,256.1401,-20.7757,251.229,173.3234,100.0,0.0034,New Moon,
2003-01-31,18:51:00,0.0026,Astronomical Twilight,-15.3646,256.197,-20.9925,251.2738,173.3295,100.0,0.0034,New Moon,
2003-01-31,18:52:00,0.0024,Astronomical Twilight,-15.5969,256.2537,-21.2094,251.3183,173.3356,100.0,0.0034,New Moon,
2003-01-31,18:53:00,0.0022,Astronomical Twilight,-15.8294,256.3103,-21.4263,251.3626,173.3417,100.0,0.0034,New Moon,
2003-01-31,18:54:00,0.0019,Astronomical Twilight,-16.0618,256.3666,-21.6432,251.4066,173.3479,100.0,0.0034,New Moon,
2003-01-31,18:55:00,0.0017,Astronomical Twilight,-16.2944,256.4228,-21.8602,251.4504,173.354,100.0,0.0034,New Moon,
2003-01-31,18:56:00,0.0015,Astronomical Twilight,-16.527,256.4788,-22.0772,251.4939,173.3601,100.0,0.0034,New Moon,
2003-01-31,18:57:00,0.0012,Astronomical Twilight,-16.7596,256.5346,-22.2943,251.5372,173.3661,100.0,0.0033,New Moon,
2003-01-31,18:58:00,0.001,Astronomical Twilight,-16.9923,256.5902,-22.5114,251.5802,173.3722,100.0,0.0033,New Moon,
2003-01-31,18:59:00,0.0008,Astronomical Twilight,-17.225,256.6457,-22.7286,251.623,173.3783,100.0,0.0033,New Moon,
2003-01-31,19:00:00,0.0005,Astronomical Twilight,-17.4578,256.701,-22.9458,251.6655,173.3844,100.0,0.0033,New Moon,
2003-01-31,19:01:00,0.0003,Astronomical Twilight,-17.6907,256.7561,-23.1631,251.7077,173.3905,100.0,0.0033,New Moon,
2003-01-31,19:02:00,0.0001,Astronomical Twilight,-17.9236,256.811,-23.3804,251.7497,173.3965,100.0,0.0033,New Moon,
2003-01-31,19:03:00,0.0,Moonless Night,-18.1566,256.8658,-23.5977,251.7915,173.4026,100.0,0.0033,New Moon,
2003-01-31,19:04:00,0.0,Moonless Night,-18.3896,256.9204,-23.8151,251.833,173.4086,100.0,0.0033,New Moon,
2003-01-31,19:05:00,0.0,Moonless Night,-18.6226,256.9748,-24.0325,251.8742,173.4147,100.0,0.0033,New Moon,
2003-01-31,19:06:00,0.0,Moonless Night,-18.8557,257.029,-24.25,251.9152,173.4207,100.0,0.0033,New Moon,
2003-01-31,19:07:00,0.0,Moonless Night,-19.0889,257.0831,-24.4675,251.956,173.4268,100.0,0.0033,New Moon,
2003-01-31,19:08:00,0.0,Moonless Night,-19.3221,257.137,-24.6851,251.9965,173.4328,100.0,0.0033,New Moon,
2003-01-31,19:09:00,0.0,Moonless Night,-19.5554,257.1908,-24.9027,252.0367,173.4388,100.0,0.0033,New Moon,
2003-01-31,19:10:00,0.0,Moonless Night,-19.7887,257.2444,-25.1203,252.0767,173.4449,100.0,0.0033,New Moon,
2003-01-31,19:11:00,0.0,Moonless Night,-20.0221,257.2978,-25.338,252.1164,173.4509,100.0,0.0033,New Moon,
2003-01-31,19:12:00,0.0,Moonless Night,-20.2555,257.351,-25.5557,252.1559,173.4569,100.0,0.0033,New Moon,
2003-01-31,19:13:00,0.0,Moonless Night,-20.4889,257.4041,-25.7734,252.1951,173.4629,100.0,0.0033,New Moon,
2003-01-31,19:14:00,0.0,Moonless Night,-20.7225,257.4571,-25.9912,252.2341,173.4689,100.0,0.0032,New Moon,
2003-01-31,19:15:00,0.0,Moonless Night,-20.956,257.5098,-26.209,252.2728,173.4749,100.0,0.0032,New Moon,
2003-01-31,19:16:00,0.0,Moonless Night,-21.1896,257.5624,-26.4269,252.3113,173.4809,100.0,0.0032,New Moon,
2003-01-31,19:17:00,0.0,Moonless Night,-21.4233,257.6149,-26.6448,252.3495,173.4869,100.0,0.0032,New Moon,
2003-01-31,19:18:00,0.0,Moonless Night,-21.657,257.6672,-26.8628,252.3874,173.4929,100.0,0.0032,New Moon,
2003-01-31,19:19:00,0.0,Moonless Night,-21.8907,257.7193,-27.0807,252.4251,173.4988,100.0,0.0032,New Moon,
2003-01-31,19:20:00,0.0,Moonless Night,-22.1245,257.7713,-27.2987,252.4625,173.5048,100.0,0.0032,New Moon,
2003-01-31,19:21:00,0.0,Moonless Night,-22.3584,257.8231,-27.5168,252.4997,173.5108,100.0,0.0032,New Moon,
2003-01-31,19:22:00,0.0,Moonless Night,-22.5922,257.8748,-27.7349,252.5367,173.5167,100.0,0.0032,New Moon,
2003-01-31,19:23:00,0.0,Moonless Night,-22.8262,257.9263,-27.953,252.5733,173.5227,100.0,0.0032,New Moon,
2003-01-31,19:24:00,0.0,Moonless Night,-23.0602,257.9777,-28.1711,252.6097,173.5286,100.0,0.0032,New Moon,
2003-01-31,19:25:00,0.0,Moonless Night,-23.2942,258.0289,-28.3893,252.6459,173.5346,100.0,0.0032,New Moon,
2003-01-31,19:26:00,0.0,Moonless Night,-23.5282,258.08,-28.6075,252.6818,173.5405,100.0,0.0032,New Moon,
2003-01-31,19:27:00,0.0,Moonless Night,-23.7624,258.1309,-28.8258,252.7174,173.5464,100.0,0.0032,New Moon,
2003-01-31,19:28:00,0.0,Moonless Night,-23.9965,258.1817,-29.0441,252.7528,173.5523,100.0,0.0032,New Moon,
2003-01-31,19:29:00,0.0,Moonless Night,-24.2307,258.2323,-29.2624,252.7879,173.5583,100.0,0.0032,New Moon,
2003-01-31,19:30:00,0.0,Moonless Night,-24.4649,258.2828,-29.4808,252.8228,173.5642,100.0,0.0032,New Moon,
2003-01-31,19:31:00,0.0,Moonless Night,-24.6992,258.3331,-29.6991,252.8574,173.5701,100.0,0.0031,New Moon,
2003-01-31,19:32:00,0.0,Moonless Night,-24.9336,258.3833,-29.9176,252.8917,173.576,100.0,0.0031,New Moon,
2003-01-31,19:33:00,0.0,Moonless Night,-25.1679,258.4334,-30.136,252.9258,173.5819,100.0,0.0031,New Moon,
2003-01-31,19:34:00,0.0,Moonless Night,-25.4023,258.4833,-30.3545,252.9596,173.5878,100.0,0.0031,New Moon,
2003-01-31,19:35:00,0.0,Moonless Night,-25.6368,258.533,-30.573,252.9932,173.5936,100.0,0.0031,New Moon,
2003-01-31,19:36:00,0.0,Moonless Night,-25.8713,258.5826,-30.7915,253.0265,173.5995,100.0,0.0031,New Moon,
2003-01-31,19:37:00,0.0,Moonless Night,-26.1058,258.6321,-31.0101,253.0595,173.6054,100.0,0.0031,New Moon,
2003-01-31,19:38:00,0.0,Moonless Night,-26.3404,258.6815,-31.2287,253.0922,173.6113,100.0,0.0031,New Moon,
2003-01-31,19:39:00,0.0,Moonless Night,-26.575,258.7307,-31.4473,253.1247,173.6171,100.0,0.0031,New Moon,
2003-01-31,19:40:00,0.0,Moonless Night,-26.8097,258.7797,-31.666,253.1569,173.623,100.0,0.0031,New Moon,
2003-01-31,19:41:00,0.0,Moonless Night,-27.0444,258.8286,-31.8847,253.1889,173.6288,100.0,0.0031,New Moon,
2003-01-31,19:42:00,0.0,Moonless Night,-27.2791,258.8774,-32.1034,253.2205,173.6347,100.0,0.0031,New Moon,
2003-01-31,19:43:00,0.0,Moonless Night,-27.5139,258.9261,-32.3221,253.252,173.6405,100.0,0.0031,New Moon,
2003-01-31,19:44:00,0.0,Moonless Night,-27.7487,258.9746,-32.5409,253.2831,173.6463,100.0,0.0031,New Moon,
2003-01-31,19:45:00,0.0,Moonless Night,-27.9835,259.023,-32.7597,253.3139,173.6522,100.0,0.0031,New Moon,
2003-01-31,19:46:00,0.0,Moonless Night,-28.2184,259.0712,-32.9785,253.3445,173.658,100.0,0.0031,New Moon,
2003-01-31,19:47:00,0.0,Moonless Night,-28.4534,259.1193,-33.1974,253.3748,173.6638,100.0,0.0031,New Moon,
2003-01-31,19:48:00,0.0,Moonless Night,-28.6883,259.1673,-33.4162,253.4049,173.6696,100.0,0.003,New Moon,
2003-01-31,19:49:00,0.0,Moonless Night,-28.9233,259.2152,-33.6351,253.4346,173.6754,100.0,0.003,New Moon,
2003-01-31,19:50:00,0.0,Moonless Night,-29.1584,259.2629,-33.854,253.4641,173.6812,100.0,0.003,New Moon,
2003-01-31,19:51:00,0.0,Moonless Night,-29.3935,259.3105,-34.073,253.4933,173.687,100.0,0.003,New Moon,
2003-01-31,19:52:00,0.0,Moonless Night,-29.6286,259.3579,-34.292,253.5222,173.6928,100.0,0.003,New Moon,
2003-01-31,19:53:00,0.0,Moonless Night,-29.8637,259.4053,-34.511,253.5509,173.6985,100.0,0.003,New Moon,
2003-01-31,19:54:00,0.0,Moonless Night,-30.0989,259.4525,-34.73,253.5792,173.7043,100.0,0.003,New Moon,
2003-01-31,19:55:00,0.0,Moonless Night,-30.3342,259.4995,-34.949,253.6073,173.7101,100.0,0.003,New Moon,
2003-01-31,19:56:00,0.0,Moonless Night,-30.5694,259.5465,-35.1681,253.6351,173.7158,100.0,0.003,New Moon,
2003-01-31,19:57:00,0.0,Moonless Night,-30.8047,259.5933,-35.3872,253.6626,173.7216,100.0,0.003,New Moon,
2003-01-31,19:58:00,0.0,Moonless Night,-31.04,259.64,-35.6063,253.6898,173.7273,100.0,0.003,New Moon,
2003-01-31,19:59:00,0.0,Moonless Night,-31.2754,259.6866,-35.8254,253.7167,173.7331,100.0,0.003,New Moon,
2003-01-31,20:00:00,0.0,Moonless Night,-31.5108,259.733,-36.0446,253.7433,173.7388,100.0,0.003,New Moon,
2003-02-01,17:00:00,31339.2427,Daylit,10.0861,248.6478,14.7999,243.1441,172.231,100.0,0.0046,New Moon,
2003-02-01,17:01:00,30767.1297,Daylit,9.8632,248.7356,14.5937,243.2455,172.2243,100.0,0.0046,New Moon,
2003-02-01,17:02:00,30192.1432,Daylit,9.6402,248.823,14.3874,243.3465,172.2177,100.0,0.0046,New Moon,
2003-02-01,17:03:00,29614.2282,Daylit,9.4171,248.9099,14.1809,243.447,172.211,100.0,0.0046,New Moon,
2003-02-01,17:04:00,29033.3267,Daylit,9.1938,248.9965,13.9743,243.5469,172.2043,100.0,0.0046,New Moon,
2003-02-01,17:05:00,28449.3774,Daylit,8.9704,249.0827,13.7675,243.6464,172.1976,100.0,0.0046,New Moon,
2003-02-01,17:06:00,27862.3151,Daylit,8.7469,249.1685,13.5605,243.7454,172.1909,100.0,0.0046,New Moon,
2003-02-01,17:07:00,27272.0704,Daylit,8.5233,249.2539,13.3533,243.8439,172.1842,100.0,0.0046,New Moon,
2003-02-01,17:08:00,26678.5699,Daylit,8.2995,249.3389,13.1459,243.942,172.1775,100.0,0.0047,New Moon,
2003-02-01,17:09:00,26081.735,Daylit,8.0756,249.4235,12.9384,244.0395,172.1708,100.0,0.0047,New Moon,
2003-02-01,17:10:00,25481.4822,Daylit,7.8516,249.5077,12.7308,244.1366,172.1641,100.0,0.0047,New Moon,
2003-02-01,17:11:00,24877.7223,Daylit,7.6274,249.5916,12.5229,244.2332,172.1574,100.0,0.0047,New Moon,
2003-02-01,17:12:00,24270.3598,Daylit,7.4032,249.6751,12.3149,244.3293,172.1507,100.0,0.0047,New Moon,
2003-02-01,17:13:00,23659.2923,Daylit,7.1788,249.7582,12.1068,244.425,172.144,100.0,0.0047,New Moon,
2003-02-01,17:14:00,23044.4103,Daylit,6.9543,249.8409,11.8985,244.5202,172.1373,100.0,0.0047,New Moon,
2003-02-01,17:15:00,22425.5955,Daylit,6.7296,249.9233,11.69,244.615,172.1306,100.0,0.0047,New Moon,
2003-02-01,17:16:00,21802.7207,Daylit,6.5049,250.0053,11.4814,244.7093,172.1239,100.0,0.0047,New Moon,
2003-02-01,17:17:00,21175.6487,Daylit,6.28,250.087,11.2726,244.8032,172.1171,100.0,0.0047,New Moon,
2003-02-01,17:18:00,20544.2306,Daylit,6.0551,250.1682,11.0636,244.8966,172.1104,100.0,0.0047,New Moon,
2003-02-01,17:19:00,19908.305,Daylit,5.83,250.2492,10.8545,244.9895,172.1037,100.0,0.0047,New Moon,
2003-02-01,17:20:00,19267.6963,Daylit,5.6048,250.3297,10.6453,245.082,172.097,100.0,0.0047,New Moon,
2003-02-01,17:21:00,18622.2125,Daylit,5.3794,250.41,10.4359,245.1741,172.0902,100.0,0.0048,New Moon,
2003-02-01,17:22:00,17971.6437,Daylit,5.154,250.4898,10.2264,245.2658,172.0835,100.0,0.0048,New Moon,
2003-02-01,17:23:00,17315.7589,Daylit,4.9285,250.5694,10.0167,245.357,172.0767,100.0,0.0048,New Moon,
2003-02-01,17:24:00,16654.3032,Daylit,4.7028,250.6486,9.8069,245.4478,172.07,100.0,0.0048,New Moon,
2003-02-01,17:25:00,15986.9943,Daylit,4.477,250.7274,9.5969,245.5381,172.0633,100.0,0.0048,New Moon,
2003-02-01,17:26:00,15313.5179,Daylit,4.2512,250.8059,9.3868,245.628,172.0565,100.0,0.0048,New Moon,
2003-02-01,17:27:00,14633.5221,Daylit,4.0252,250.8841,9.1765,245.7176,172.0498,100.0,0.0048,New Moon,
2003-02-01,17:28:00,13946.6109,Daylit,3.7991,250.9619,8.9661,245.8067,172.043,100.0,0.0048,New Moon,
2003-02-01,17:29:00,13252.3356,Daylit,3.5729,251.0395,8.7556,245.8953,172.0363,100.0,0.0048,New Moon,
2003-02-01,17:30:00,12550.1843,Daylit,3.3466,251.1167,8.5449,245.9836,172.0295,100.0,0.0048,New Moon,
2003-02-01,17:31:00,11839.568,Daylit,3.1202,251.1935,8.3341,246.0715,172.0227,100.0,0.0048,New Moon,
2003-02-01,17:32:00,11119.8028,Daylit,2.8937,251.2701,8.1231,246.1589,172.016,100.0,0.0048,New Moon,
2003-02-01,17:33:00,10390.0861,Daylit,2.6671,251.3463,7.912,246.246,172.0092,100.0,0.0049,New Moon,
2003-02-01,17:34:00,9649.4638,Daylit,2.4404,251.4222,7.7008,246.3326,172.0024,100.0,0.0049,New Moon,
2003-02-01,17:35:00,8896.7858,Daylit,2.2136,251.4978,7.4895,246.4189,171.9957,100.0,0.0049,New Moon,
2003-02-01,17:36:00,8130.6406,Daylit,1.9867,251.573,7.278,246.5048,171.9889,100.0,0.0049,New Moon,
2003-02-01,17:37:00,7349.2592,Daylit,1.7597,251.648,7.0664,246.5902,171.9821,100.0,0.0049,New Moon,
2003-02-01,17:38:00,6550.3659,Daylit,1.5325,251.7227,6.8546,246.6753,171.9753,100.0,0.0049,New Moon,
2003-02-01,17:39:00,5730.9343,Daylit,1.3053,251.797,6.6428,246.76,171.9686,100.0,0.0049,New Moon,
2003-02-01,17:40:00,4886.7597,Daylit,1.078,251.8711,6.4308,246.8443,171.9618,100.0,0.0049,New Moon,
2003-02-01,17:41:00,4011.6387,Daylit,0.8506,251.9448,6.2187,246.9282,171.955,100.0,0.0049,New Moon,
2003-02-01,17:42:00,3095.5733,Daylit,0.6231,252.0183,6.0064,247.0118,171.9482,100.0,0.0049,New Moon,
2003-02-01,17:43:00,2119.9386,Daylit,0.3955,252.0914,5.7941,247.095,171.9414,100.0,0.0049,New Moon,
2003-02-01,17:44:00,1038.1192,Daylit,0.1679,252.1643,5.5816,247.1778,171.9346,100.0,0.0049,New Moon,
2003-02-01,17:45:00,20.1966,Civil Twilight,-0.0599,252.2368,5.369,247.2602,171.9278,100.0,0.005,New Moon,
2003-02-01,17:46:00,19.4219,Civil Twilight,-0.2878,252.3091,5.1562,247.3423,171.921,100.0,0.005,New Moon,
2003-02-01,17:47:00,18.6468,Civil Twilight,-0.5157,252.3811,4.9434,247.424,171.9142,100.0,0.005,New Moon,
2003-02-01,17:48:00,17.8714,Civil Twilight,-0.7438,252.4528,4.7304,247.5053,171.9074,100.0,0.005,New Moon,
2003-02-01,17:49:00,17.0957,Civil Twilight,-0.9719,252.5242,4.5173,247.5863,171.9006,100.0,0.005,New Moon,
2003-02-01,17:50:00,16.3197,Civil Twilight,-1.2002,252.5954,4.3041,247.6669,171.8938,100.0,0.005,New Moon,
2003-02-01,17:51:00,15.5434,Civil Twilight,-1.4285,252.6662,4.0908,247.7472,171.887,100.0,0.005,New Moon,
2003-02-01,17:52:00,14.7668,Civil Twilight,-1.6569,252.7368,3.8774,247.8271,171.8801,100.0,0.005,New Moon,
2003-02-01,17:53:00,13.9898,Civil Twilight,-1.8854,252.8071,3.6639,247.9066,171.8733,100.0,0.005,New Moon,
2003-02-01,17:54:00,13.2126,Civil Twilight,-2.114,252.8771,3.4502,247.9858,171.8665,100.0,0.005,New Moon,
2003-02-01,17:55:00,12.4352,Civil Twilight,-2.3427,252.9469,3.2365,248.0647,171.8597,100.0,0.005,New Moon,
2003-02-01,17:56:00,11.6574,Civil Twilight,-2.5714,253.0164,3.0226,248.1432,171.8528,100.0,0.005,New Moon,
2003-02-01,17:57:00,10.8793,Civil Twilight,-2.8003,253.0856,2.8086,248.2214,171.846,100.0,0.0051,New Moon,
2003-02-01,17:58:00,10.1009,Civil Twilight,-3.0292,253.1546,2.5945,248.2992,171.8392,100.0,0.0051,New Moon,
2003-02-01,17:59:00,9.3223,Civil Twilight,-3.2582,253.2233,2.3803,248.3767,171.8324,100.0,0.0051,New Moon,
2003-02-01,18:00:00,8.5434,Civil Twilight,-3.4873,253.2917,2.1661,248.4539,171.8255,100.0,0.0051,New Moon,
2003-02-01,18:01:00,7.7642,Civil Twilight,-3.7165,253.3599,1.9516,248.5307,171.8187,100.0,0.0051,New Moon,
2003-02-01,18:02:00,6.9847,Civil Twilight,-3.9457,253.4278,1.7371,248.6072,171.8118,100.0,0.0051,New Moon,
2003-02-01,18:03:00,6.2049,Civil Twilight,-4.175,253.4955,1.5225,248.6834,171.805,100.0,0.0051,New Moon,
2003-02-01,18:04:00,5.4249,Civil Twilight,-4.4045,253.5629,1.3078,248.7592,171.7981,100.0,0.0051,New Moon,
2003-02-01,18:05:00,4.6446,Civil Twilight,-4.634,253.63,1.093,248.8347,171.7913,100.0,0.0051,New Moon,
2003-02-01,18:06:00,3.864,Civil Twilight,-4.8635,253.6969,0.8781,248.9099,171.7844,100.0,0.0051,New Moon,
2003-02-01,18:07:00,3.0832,Civil Twilight,-5.0932,253.7636,0.6631,248.9848,171.7776,100.0,0.0051,New Moon,
2003-02-01,18:08:00,2.3021,Civil Twilight,-5.3229,253.83,0.448,249.0594,171.7707,100.0,0.0051,New Moon,
2003-02-01,18:09:00,1.5207,Civil Twilight,-5.5527,253.8962,0.2328,249.1336,171.7639,100.0,0.0052,New Moon,
2003-02-01,18:10:00,0.7391,Civil Twilight,-5.7826,253.9621,0.0174,249.2076,171.757,100.0,0.0052,New Moon,
2003-02-01,18:11:00,0.5987,Nautical Twilight,-6.0126,254.0278,-0.198,249.2812,171.7501,100.0,0.0052,New Moon,
2003-02-01,18:12:00,0.5757,Nautical Twilight,-6.2426,254.0932,-0.4135,249.3545,171.7433,100.0,0.0052,New Moon,
2003-02-01,18:13:00,0.5527,Nautical Twilight,-6.4727,254.1584,-0.6291,249.4275,171.7364,100.0,0.0052,New Moon,
2003-02-01,18:14:00,0.5297,Nautical Twilight,-6.7029,254.2234,-0.8447,249.5002,171.7295,100.0,0.0052,New Moon,
2003-02-01,18:15:00,0.5067,Nautical Twilight,-6.9332,254.2881,-1.0605,249.5726,171.7227,100.0,0.0052,New Moon,
2003-02-01,18:16:00,0.4836,Nautical Twilight,-7.1635,254.3527,-1.2764,249.6447,171.7158,100.0,0.0052,New Moon,
2003-02-01,18:17:00,0.4606,Nautical Twilight,-7.3939,254.4169,-1.4924,249.7165,171.7089,100.0,0.0052,New Moon,
2003-02-01,18:18:00,0.4376,Nautical Twilight,-7.6244,254.481,-1.7084,249.788,171.702,100.0,0.0052,New Moon,
2003-02-01,18:19:00,0.4145,Nautical Twilight,-7.8549,254.5448,-1.9246,249.8592,171.6951,100.0,0.0052,New Moon,
2003-02-01,18:20:00,0.3914,Nautical Twilight,-8.0856,254.6084,-2.1408,249.9301,171.6882,100.0,0.0053,New Moon,
2003-02-01,18:21:00,0.3684,Nautical Twilight,-8.3163,254.6717,-2.3571,250.0007,171.6814,100.0,0.0053,New Moon,
2003-02-01,18:22:00,0.3453,Nautical Twilight,-8.547,254.7349,-2.5735,250.071,171.6745,100.0,0.0053,New Moon,
2003-02-01,18:23:00,0.3222,Nautical Twilight,-8.7779,254.7978,-2.79,250.141,171.6676,100.0,0.0053,New Moon,
2003-02-01,18:24:00,0.2991,Nautical Twilight,-9.0088,254.8605,-3.0066,250.2108,171.6607,100.0,0.0053,New Moon,
2003-02-01,18:25:00,0.276,Nautical Twilight,-9.2397,254.923,-3.2233,250.2802,171.6538,100.0,0.0053,New Moon,
2003-02-01,18:26:00,0.2529,Nautical Twilight,-9.4708,254.9853,-3.44,250.3494,171.6469,100.0,0.0053,New Moon,
2003-02-01,18:27:00,0.2298,Nautical Twilight,-9.7019,255.0473,-3.6569,250.4183,171.64,100.0,0.0053,New Moon,
2003-02-01,18:28:00,0.2067,Nautical Twilight,-9.933,255.1092,-3.8738,250.4869,171.6331,100.0,0.0053,New Moon,
2003-02-01,18:29:00,0.1836,Nautical Twilight,-10.1643,255.1708,-4.0908,250.5552,171.6262,100.0,0.0053,New Moon,
2003-02-01,18:30:00,0.1604,Nautical Twilight,-10.3956,255.2322,-4.3079,250.6233,171.6193,100.0,0.0053,New Moon,
2003-02-01,18:31:00,0.1373,Nautical Twilight,-10.6269,255.2934,-4.525,250.6911,171.6123,100.0,0.0053,New Moon,
2003-02-01,18:32:00,0.1142,Nautical Twilight,-10.8584,255.3544,-4.7423,250.7586,171.6054,100.0,0.0054,New Moon,
2003-02-01,18:33:00,0.091,Nautical Twilight,-11.0899,255.4152,-4.9596,250.8258,171.5985,100.0,0.0054,New Moon,
2003-02-01,18:34:00,0.0679,Nautical Twilight,-11.3214,255.4758,-5.177,250.8928,171.5916,100.0,0.0054,New Moon,
2003-02-01,18:35:00,0.0447,Nautical Twilight,-11.5531,255.5362,-5.3945,250.9595,171.5847,100.0,0.0054,New Moon,
2003-02-01,18:36:00,0.0215,Nautical Twilight,-11.7848,255.5964,-5.6121,251.0259,171.5777,100.0,0.0054,New Moon,
2003-02-01,18:37:00,0.006,Astronomical Twilight,-12.0165,255.6564,-5.8297,251.0921,171.5708,100.0,0.0054,New Moon,
2003-02-01,18:38:00,0.0058,Astronomical Twilight,-12.2483,255.7161,-6.0474,251.158,171.5639,100.0,0.0054,New Moon,
2003-02-01,18:39:00,0.0055,Astronomical Twilight,-12.4802,255.7757,-6.2652,251.2236,171.557,100.0,0.0054,New Moon,
2003-02-01,18:40:00,0.0053,Astronomical Twilight,-12.7121,255.8351,-6.4831,251.289,171.55,100.0,0.0054,New Moon,
2003-02-01,18:41:00,0.0051,Astronomical Twilight,-12.9441,255.8943,-6.701,251.3542,171.5431,100.0,0.0054,New Moon,
2003-02-01,18:42:00,0.0048,Astronomical Twilight,-13.1762,255.9533,-6.919,251.419,171.5361,100.0,0.0054,New Moon,
2003-02-01,18:43:00,0.0046,Astronomical Twilight,-13.4083,256.0121,-7.1371,251.4836,171.5292,100.0,0.0055,New Moon,
2003-02-01,18:44:00,0.0044,Astronomical Twilight,-13.6405,256.0708,-7.3553,251.548,171.5223,100.0,0.0055,New Moon,
2003-02-01,18:45:00,0.0041,Astronomical Twilight,-13.8727,256.1292,-7.5735,251.6121,171.5153,100.0,0.0055,New Moon,
2003-02-01,18:46:00,0.0039,Astronomical Twilight,-14.105,256.1874,-7.7918,251.676,171.5084,100.0,0.0055,New Moon,
2003-02-01,18:47:00,0.0037,Astronomical Twilight,-14.3374,256.2455,-8.0102,251.7396,171.5014,100.0,0.0055,New Moon,
2003-02-01,18:48:00,0.0034,Astronomical Twilight,-14.5698,256.3034,-8.2286,251.8029,171.4945,100.0,0.0055,New Moon,
2003-02-01,18:49:00,0.0032,Astronomical Twilight,-14.8022,256.361,-8.4471,251.866,171.4875,100.0,0.0055,New Moon,
2003-02-01,18:50:00,0.003,Astronomical Twilight,-15.0348,256.4186,-8.6657,251.9289,171.4806,100.0,0.0055,New Moon,
2003-02-01,18:51:00,0.0027,Astronomical Twilight,-15.2673,256.4759,-8.8844,251.9915,171.4736,100.0,0.0055,New Moon,
2003-02-01,18:52:00,0.0025,Astronomical Twilight,-15.5,256.533,-9.1031,252.0539,171.4666,100.0,0.0055,New Moon,
2003-02-01,18:53:00,0.0023,Astronomical Twilight,-15.7327,256.59,-9.3219,252.116,171.4597,100.0,0.0055,New Moon,
2003-02-01,18:54:00,0.002,Astronomical Twilight,-15.9654,256.6468,-9.5407,252.1779,171.4527,100.0,0.0056,New Moon,
2003-02-01,18:55:00,0.0018,Astronomical Twilight,-16.1982,256.7034,-9.7596,252.2396,171.4458,100.0,0.0056,New Moon,
2003-02-01,18:56:00,0.0016,Astronomical Twilight,-16.4311,256.7598,-9.9786,252.301,171.4388,100.0,0.0056,New Moon,
2003-02-01,18:57:00,0.0013,Astronomical Twilight,-16.664,256.8161,-10.1977,252.3622,171.4318,100.0,0.0056,New Moon,
2003-02-01,18:58:00,0.0011,Astronomical Twilight,-16.897,256.8722,-10.4168,252.4231,171.4248,100.0,0.0056,New Moon,
2003-02-01,18:59:00,0.0009,Astronomical Twilight,-17.13,256.9281,-10.636,252.4839,171.4179,100.0,0.0056,New Moon,
2003-02-01,19:00:00,0.0006,Astronomical Twilight,-17.363,256.9838,-10.8552,252.5443,171.4109,100.0,0.0056,New Moon,
2003-02-01,19:01:00,0.0004,Astronomical Twilight,-17.5962,257.0394,-11.0745,252.6046,171.4039,100.0,0.0056,New Moon,
2003-02-01,19:02:00,0.0002,Astronomical Twilight,-17.8293,257.0948,-11.2939,252.6646,171.3969,100.0,0.0056,New Moon,
2003-02-01,19:03:00,0.0,Moonless Night,-18.0626,257.15,-11.5133,252.7244,171.3899,100.0,0.0056,New Moon,
2003-02-01,19:04:00,0.0,Moonless Night,-18.2958,257.2051,-11.7328,252.784,171.383,100.0,0.0056,New Moon,
2003-02-01,19:05:00,0.0,Moonless Night,-18.5292,257.26,-11.9523,252.8433,171.376,100.0,0.0057,New Moon,
2003-02-01,19:06:00,0.0,Moonless Night,-18.7626,257.3148,-12.1719,252.9025,171.369,100.0,0.0057,New Moon,
2003-02-01,19:07:00,0.0,Moonless Night,-18.996,257.3693,-12.3916,252.9614,171.362,100.0,0.0057,New Moon,
2003-02-01,19:08:00,0.0,Moonless Night,-19.2295,257.4238,-12.6113,253.02,171.355,100.0,0.0057,New Moon,
2003-02-01,19:09:00,0.0,Moonless Night,-19.463,257.478,-12.8311,253.0785,171.348,100.0,0.0057,New Moon,
2003-02-01,19:10:00,0.0,Moonless Night,-19.6966,257.5321,-13.051,253.1367,171.341,100.0,0.0057,New Moon,
2003-02-01,19:11:00,0.0,Moonless Night,-19.9302,257.586,-13.2709,253.1947,171.334,100.0,0.0057,New Moon,
2003-02-01,19:12:00,0.0,Moonless Night,-20.1639,257.6398,-13.4908,253.2525,171.327,100.0,0.0057,New Moon,
2003-02-01,19:13:00,0.0,Moonless Night,-20.3976,257.6935,-13.7109,253.3101,171.32,100.0,0.0057,New Moon,
2003-02-01,19:14:00,0.0,Moonless Night,-20.6314,257.7469,-13.9309,253.3675,171.313,100.0,0.0057,New Moon,
2003-02-01,19:15:00,0.0,Moonless Night,-20.8652,257.8002,-14.1511,253.4246,171.306,100.0,0.0057,New Moon,
2003-02-01,19:16:00,0.0,Moonless Night,-21.0991,257.8534,-14.3713,253.4816,171.299,100.0,0.0058,New Moon,
2003-02-01,19:17:00,0.0,Moonless Night,-21.333,257.9064,-14.5915,253.5383,171.2919,100.0,0.0058,New Moon,
2003-02-01,19:18:00,0.0,Moonless Night,-21.5669,257.9593,-14.8118,253.5948,171.2849,100.0,0.0058,New Moon,
2003-02-01,19:19:00,0.0,Moonless Night,-21.801,258.012,-15.0321,253.6511,171.2779,100.0,0.0058,New Moon,
2003-02-01,19:20:00,0.0,Moonless Night,-22.035,258.0646,-15.2525,253.7072,171.2709,100.0,0.0058,New Moon,
2003-02-01,19:21:00,0.0,Moonless Night,-22.2691,258.117,-15.473,253.7631,171.2639,100.0,0.0058,New Moon,
2003-02-01,19:22:00,0.0,Moonless Night,-22.5032,258.1692,-15.6935,253.8188,171.2568,100.0,0.0058,New Moon,
2003-02-01,19:23:00,0.0,Moonless Night,-22.7374,258.2214,-15.9141,253.8743,171.2498,100.0,0.0058,New Moon,
2003-02-01,19:24:00,0.0,Moonless Night,-22.9717,258.2733,-16.1347,253.9295,171.2428,100.0,0.0058,New Moon,
2003-02-01,19:25:00,0.0,Moonless Night,-23.2059,258.3252,-16.3553,253.9846,171.2358,100.0,0.0058,New Moon,
2003-02-01,19:26:00,0.0,Moonless Night,-23.4403,258.3768,-16.5761,254.0395,171.2287,100.0,0.0058,New Moon,
2003-02-01,19:27:00,0.0,Moonless Night,-23.6746,258.4284,-16.7968,254.0941,171.2217,100.0,0.0059,New Moon,
2003-02-01,19:28:00,0.0,Moonless Night,-23.909,258.4798,-17.0176,254.1486,171.2147,100.0,0.0059,New Moon,
2003-02-01,19:29:00,0.0,Moonless Night,-24.1435,258.5311,-17.2385,254.2029,171.2076,100.0,0.0059,New Moon,
2003-02-01,19:30:00,0.0,Moonless Night,-24.378,258.5822,-17.4594,254.2569,171.2006,100.0,0.0059,New Moon,
2003-02-01,19:31:00,0.0,Moonless Night,-24.6125,258.6332,-17.6804,254.3108,171.1935,100.0,0.0059,New Moon,
2003-02-01,19:32:00,0.0,Moonless Night,-24.8471,258.684,-17.9014,254.3645,171.1865,100.0,0.0059,New Moon,
2003-02-01,19:33:00,0.0,Moonless Night,-25.0817,258.7347,-18.1224,254.418,171.1794,100.0,0.0059,New Moon,
2003-02-01,19:34:00,0.0,Moonless Night,-25.3164,258.7853,-18.3435,254.4712,171.1724,100.0,0.0059,New Moon,
2003-02-01,19:35:00,0.0,Moonless Night,-25.5511,258.8357,-18.5647,254.5243,171.1653,100.0,0.0059,New Moon,
2003-02-01,19:36:00,0.0,Moonless Night,-25.7858,258.886,-18.7859,254.5772,171.1583,100.0,0.0059,New Moon,
2003-02-01,19:37:00,0.0,Moonless Night,-26.0206,258.9362,-19.0072,254.6299,171.1512,100.0,0.006,New Moon,
2003-02-01,19:38:00,0.0,Moonless Night,-26.2554,258.9863,-19.2284,254.6824,171.1442,100.0,0.006,New Moon,
2003-02-01,19:39:00,0.0,Moonless Night,-26.4903,259.0362,-19.4498,254.7347,171.1371,100.0,0.006,New Moon,
2003-02-01,19:40:00,0.0,Moonless Night,-26.7252,259.0859,-19.6712,254.7869,171.1301,100.0,0.006,New Moon,
2003-02-01,19:41:00,0.0,Moonless Night,-26.9601,259.1356,-19.8926,254.8388,171.123,100.0,0.006,New Moon,
2003-02-01,19:42:00,0.0,Moonless Night,-27.1951,259.1851,-20.1141,254.8905,171.1159,100.0,0.006,New Moon,
2003-02-01,19:43:00,0.0,Moonless Night,-27.4301,259.2345,-20.3356,254.9421,171.1089,100.0,0.006,New Moon,
2003-02-01,19:44:00,0.0,Moonless Night,-27.6652,259.2838,-20.5571,254.9935,171.1018,100.0,0.006,New Moon,
2003-02-01,19:45:00,0.0,Moonless Night,-27.9003,259.3329,-20.7788,255.0447,171.0947,100.0,0.006,New Moon,
2003-02-01,19:46:00,0.0,Moonless Night,-28.1354,259.3819,-21.0004,255.0957,171.0877,100.0,0.006,New Moon,
2003-02-01,19:47:00,0.0,Moonless Night,-28.3706,259.4308,-21.2221,255.1465,171.0806,100.0,0.006,New Moon,
2003-02-01,19:48:00,0.0,Moonless Night,-28.6058,259.4796,-21.4438,255.1971,171.0735,100.0,0.0061,New Moon,
2003-02-01,19:49:00,0.0,Moonless Night,-28.8411,259.5282,-21.6656,255.2476,171.0664,100.0,0.0061,New Moon,
2003-02-01,19:50:00,0.0,Moonless Night,-29.0763,259.5767,-21.8874,255.2978,171.0594,100.0,0.0061,New Moon,
2003-02-01,19:51:00,0.0,Moonless Night,-29.3117,259.6251,-22.1093,255.3479,171.0523,100.0,0.0061,New Moon,
2003-02-01,19:52:00,0.0,Moonless Night,-29.547,259.6734,-22.3312,255.3978,171.0452,100.0,0.0061,New Moon,
2003-02-01,19:53:00,0.0,Moonless Night,-29.7824,259.7216,-22.5531,255.4475,171.0381,100.0,0.0061,New Moon,
2003-02-01,19:54:00,0.0,Moonless Night,-30.0179,259.7696,-22.7751,255.4971,171.031,100.0,0.0061,New Moon,
2003-02-01,19:55:00,0.0,Moonless Night,-30.2533,259.8175,-22.9971,255.5464,171.0239,100.0,0.0061,New Moon,
2003-02-01,19:56:00,0.0,Moonless Night,-30.4888,259.8653,-23.2192,255.5956,171.0168,100.0,0.0061,New Moon,
2003-02-01,19:57:00,0.0,Moonless Night,-30.7244,259.913,-23.4413,255.6446,171.0097,100.0,0.0061,New Moon,
2003-02-01,19:58:00,0.0,Moonless Night,-30.9599,259.9606,-23.6634,255.6935,171.0027,100.0,0.0062,New Moon,
2003-02-01,19:59:00,0.0,Moonless Night,-31.1955,260.008,-23.8856,255.7421,170.9956,100.0,0.0062,New Moon,
2003-02-01,20:00:00,0.0,Moonless Night,-31.4312,260.0554,-24.1078,255.7906,170.9885,100.0,0.0062,New Moon,
2003-02-17,17:00:00,36146.2271,Daylit,11.9965,253.5082,-25.7763,68.0491,13.8768,11.77,0.9854,Waning Crescent,
2003-02-17,17:01:00,35577.6316,Daylit,11.767,253.595,-25.5653,68.1626,13.8855,11.78,0.9854,Waning Crescent,
2003-02-17,17:02:00,35006.4761,Daylit,11.5375,253.6815,-25.3542,68.2755,13.8942,11.78,0.9854,Waning Crescent,
2003-02-17,17:03:00,34432.7225,Daylit,11.3078,253.7676,-25.1428,68.3879,13.903,11.79,0.9854,Waning Crescent,
2003-02-17,17:04:00,33856.3304,Daylit,11.078,253.8533,-24.9312,68.4996,13.9117,11.8,0.9853,Waning Crescent,
2003-02-17,17:05:00,33277.2575,Daylit,10.8482,253.9387,-24.7195,68.6108,13.9205,11.8,0.9853,Waning Crescent,
2003-02-17,17:06:00,32695.4591,Daylit,10.6182,254.0238,-24.5076,68.7215,13.9292,11.81,0.9853,Waning Crescent,
2003-02-17,17:07:00,32110.8882,Daylit,10.3882,254.1085,-24.2955,68.8316,13.9379,11.82,0.9853,Waning Crescent,
2003-02-17,17:08:00,31523.495,Daylit,10.158,254.1929,-24.0832,68.9411,13.9467,11.82,0.9853,Waning Crescent,
2003-02-17,17:09:00,30933.227,Daylit,9.9278,254.277,-23.8708,69.0501,13.9554,11.83,0.9852,Waning Crescent,
2003-02-17,17:10:00,30340.0286,Daylit,9.6975,254.3607,-23.6581,69.1585,13.9642,11.84,0.9852,Waning Crescent,
2003-02-17,17:11:00,29743.8409,Daylit,9.467,254.4441,-23.4454,69.2664,13.9729,11.84,0.9852,Waning Crescent,
2003-02-17,17:12:00,29144.6017,Daylit,9.2365,254.5272,-23.2324,69.3738,13.9817,11.85,0.9852,Waning Crescent,
2003-02-17,17:13:00,28542.2446,Daylit,9.0059,254.61,-23.0193,69.4807,13.9904,11.86,0.9852,Waning Crescent,
2003-02-17,17:14:00,27936.6996,Daylit,8.7752,254.6925,-22.806,69.587,13.9992,11.87,0.9851,Waning Crescent,
2003-02-17,17:15:00,27327.8918,Daylit,8.5444,254.7746,-22.5925,69.6928,14.0079,11.87,0.9851,Waning Crescent,
2003-02-17,17:16:00,26715.7416,Daylit,8.3135,254.8565,-22.3789,69.7981,14.0167,11.88,0.9851,Waning Crescent,
2003-02-17,17:17:00,26100.1643,Daylit,8.0825,254.938,-22.1651,69.9029,14.0254,11.89,0.9851,Waning Crescent,
2003-02-17,17:18:00,25481.0692,Daylit,7.8514,255.0192,-21.9511,70.0073,14.0342,11.89,0.9851,Waning Crescent,
2003-02-17,17:19:00,24858.3593,Daylit,7.6203,255.1002,-21.737,70.1111,14.0429,11.9,0.9851,Waning Crescent,
2003-02-17,17:20:00,24231.9308,Daylit,7.389,255.1808,-21.5227,70.2144,14.0517,11.91,0.985,Waning Crescent,
2003-02-17,17:21:00,23601.6723,Daylit,7.1577,255.2611,-21.3083,70.3172,14.0604,11.91,0.985,Waning Crescent,
2003-02-17,17:22:00,22967.4639,Daylit,6.9263,255.3412,-21.0937,70.4196,14.0692,11.92,0.985,Waning Crescent,
2003-02-17,17:23:00,22329.1763,Daylit,6.6948,255.4209,-20.8789,70.5215,14.0779,11.93,0.985,Waning Crescent,
2003-02-17,17:24:00,21686.6701,Daylit,6.4632,255.5004,-20.664,70.6229,14.0867,11.93,0.985,Waning Crescent,
2003-02-17,17:25:00,21039.7941,Daylit,6.2315,255.5796,-20.449,70.7238,14.0954,11.94,0.9849,Waning Crescent,
2003-02-17,17:26:00,20388.3845,Daylit,5.9998,255.6585,-20.2338,70.8243,14.1042,11.95,0.9849,Waning Crescent,
2003-02-17,17:27:00,19732.2628,Daylit,5.7679,255.7372,-20.0184,70.9243,14.113,11.95,0.9849,Waning Crescent,
2003-02-17,17:28:00,19071.2341,Daylit,5.536,255.8155,-19.8029,71.0239,14.1217,11.96,0.9849,Waning Crescent,
2003-02-17,17:29:00,18405.0852,Daylit,5.304,255.8936,-19.5873,71.123,14.1305,11.97,0.9849,Waning Crescent,
2003-02-17,17:30:00,17733.5815,Daylit,5.0719,255.9715,-19.3715,71.2217,14.1392,11.97,0.9849,Waning Crescent,
2003-02-17,17:31:00,17056.4642,Daylit,4.8398,256.049,-19.1555,71.3199,14.148,11.98,0.9848,Waning Crescent,
2003-02-17,17:32:00,16373.4467,Daylit,4.6076,256.1264,-18.9394,71.4177,14.1568,11.99,0.9848,Waning Crescent,
2003-02-17,17:33:00,15684.2097,Daylit,4.3753,256.2034,-18.7232,71.5151,14.1655,11.99,0.9848,Waning Crescent,
2003-02-17,17:34:00,14988.396,Daylit,4.1429,256.2802,-18.5068,71.612,14.1743,12.0,0.9848,Waning Crescent,
2003-02-17,17:35:00,14285.6037,Daylit,3.9104,256.3567,-18.2903,71.7085,14.1831,12.01,0.9848,Waning Crescent,
2003-02-17,17:36:00,13575.3775,Daylit,3.6779,256.433,-18.0737,71.8046,14.1918,12.01,0.9847,Waning Crescent,
2003-02-17,17:37:00,12857.1978,Daylit,3.4453,256.509,-17.8569,71.9003,14.2006,12.02,0.9847,Waning Crescent,
2003-02-17,17:38:00,12130.4671,Daylit,3.2126,256.5848,-17.6399,71.9956,14.2094,12.03,0.9847,Waning Crescent,
2003-02-17,17:39:00,11394.492,Daylit,2.9798,256.6604,-17.4229,72.0904,14.2181,12.03,0.9847,Waning Crescent,
2003-02-17,17:40:00,10648.4586,Daylit,2.747,256.7357,-17.2057,72.1849,14.2269,12.04,0.9847,Waning Crescent,
2003-02-17,17:41:00,9891.4002,Daylit,2.5141,256.8107,-16.9883,72.2789,14.2357,12.05,0.9846,Waning Crescent,
2003-02-17,17:42:00,9122.1519,Daylit,2.2811,256.8856,-16.7709,72.3726,14.2444,12.05,0.9846,Waning Crescent,
2003-02-17,17:43:00,8339.2849,Daylit,2.0481,256.9602,-16.5532,72.4659,14.2532,12.06,0.9846,Waning Crescent,
2003-02-17,17:44:00,7541.0102,Daylit,1.8149,257.0345,-16.3355,72.5588,14.262,12.07,0.9846,Waning Crescent,
2003-02-17,17:45:00,6725.0286,Daylit,1.5817,257.1087,-16.1177,72.6513,14.2708,12.07,0.9846,Waning Crescent,
2003-02-17,17:46:00,5888.2866,Daylit,1.3485,257.1826,-15.8997,72.7434,14.2795,12.08,0.9846,Waning Crescent,
2003-02-17,17:47:00,5026.5496,Daylit,1.1152,257.2563,-15.6815,72.8351,14.2883,12.09,0.9845,Waning Crescent,
2003-02-17,17:48:00,4133.5868,Daylit,0.8818,257.3297,-15.4633,72.9265,14.2971,12.09,0.9845,Waning Crescent,
2003-02-17,17:49:00,3199.3968,Daylit,0.6483,257.403,-15.2449,73.0175,14.3059,12.1,0.9845,Waning Crescent,
2003-02-17,17:50:00,2205.4828,Daylit,0.4148,257.476,-15.0264,73.1081,14.3146,12.11,0.9845,Waning Crescent,
2003-02-17,17:51:00,1106.3457,Daylit,0.1812,257.5488,-14.8078,73.1984,14.3234,12.11,0.9845,Waning Crescent,
2003-02-17,17:52:00,20.2216,Civil Twilight,-0.0525,257.6214,-14.5891,73.2883,14.3322,12.12,0.9844,Waning Crescent,
2003-02-17,17:53:00,19.427,Civil Twilight,-0.2862,257.6938,-14.3702,73.3778,14.341,12.13,0.9844,Waning Crescent,
2003-02-17,17:54:00,18.6321,Civil Twilight,-0.52,257.766,-14.1512,73.4671,14.3498,12.13,0.9844,Waning Crescent,
2003-02-17,17:55:00,17.837,Civil Twilight,-0.7538,257.838,-13.9321,73.5559,14.3586,12.14,0.9844,Waning Crescent,
2003-02-17,17:56:00,17.0417,Civil Twilight,-0.9877,257.9098,-13.7129,73.6444,14.3673,12.15,0.9844,Waning Crescent,
2003-02-17,17:57:00,16.2461,Civil Twilight,-1.2217,257.9814,-13.4935,73.7326,14.3761,12.15,0.9843,Waning Crescent,
2003-02-17,17:58:00,15.4504,Civil Twilight,-1.4558,258.0528,-13.2741,73.8204,14.3849,12.16,0.9843,Waning Crescent,
2003-02-17,17:59:00,14.6544,Civil Twilight,-1.6899,258.124,-13.0545,73.9079,14.3937,12.17,0.9843,Waning Crescent,
2003-02-17,18:00:00,13.8583,Civil Twilight,-1.924,258.195,-12.8348,73.9951,14.4025,12.17,0.9843,Waning Crescent,
2003-02-17,18:01:00,13.0619,Civil Twilight,-2.1583,258.2658,-12.615,74.0819,14.4113,12.18,0.9843,Waning Crescent,
2003-02-17,18:02:00,12.2654,Civil Twilight,-2.3925,258.3364,-12.395,74.1684,14.4201,12.19,0.9842,Waning Crescent,
2003-02-17,18:03:00,11.4686,Civil Twilight,-2.6269,258.4068,-12.175,74.2546,14.4288,12.19,0.9842,Waning Crescent,
2003-02-17,18:04:00,10.6716,Civil Twilight,-2.8613,258.4771,-11.9549,74.3405,14.4376,12.2,0.9842,Waning Crescent,
2003-02-17,18:05:00,9.8744,Civil Twilight,-3.0958,258.5472,-11.7346,74.4261,14.4464,12.21,0.9842,Waning Crescent,
2003-02-17,18:06:00,9.0771,Civil Twilight,-3.3303,258.6171,-11.5142,74.5113,14.4552,12.21,0.9842,Waning Crescent,
2003-02-17,18:07:00,8.2795,Civil Twilight,-3.5649,258.6868,-11.2937,74.5963,14.464,12.22,0.9842,Waning Crescent,
2003-02-17,18:08:00,7.4817,Civil Twilight,-3.7995,258.7563,-11.0732,74.6809,14.4728,12.23,0.9841,Waning Crescent,
2003-02-17,18:09:00,6.6838,Civil Twilight,-4.0342,258.8257,-10.8525,74.7652,14.4816,12.23,0.9841,Waning Crescent,
2003-02-17,18:10:00,5.8856,Civil Twilight,-4.2689,258.8949,-10.6316,74.8493,14.4904,12.24,0.9841,Waning Crescent,
2003-02-17,18:11:00,5.0873,Civil Twilight,-4.5037,258.9639,-10.4107,74.933,14.4992,12.25,0.9841,Waning Crescent,
2003-02-17,18:12:00,4.2888,Civil Twilight,-4.7386,259.0328,-10.1897,75.0164,14.508,12.25,0.9841,Waning Crescent,
2003-02-17,18:13:00,3.4901,Civil Twilight,-4.9735,259.1014,-9.9686,75.0996,14.5168,12.26,0.984,Waning Crescent,
2003-02-17,18:14:00,2.6912,Civil Twilight,-5.2085,259.17,-9.7474,75.1825,14.5256,12.27,0.984,Waning Crescent,
2003-02-17,18:15:00,1.8921,Civil Twilight,-5.4435,259.2384,-9.526,75.265,14.5344,12.27,0.984,Waning Crescent,
2003-02-17,18:16:00,1.0928,Civil Twilight,-5.6786,259.3066,-9.3046,75.3473,14.5432,12.28,0.984,Waning Crescent,
2003-02-17,18:17:00,0.2934,Civil Twilight,-5.9137,259.3746,-9.083,75.4293,14.552,12.29,0.984,Waning Crescent,
2003-02-17,18:18:00,0.5851,Nautical Twilight,-6.1489,259.4425,-8.8614,75.5111,14.5608,12.29,0.9839,Waning Crescent,
2003-02-17,18:19:00,0.5616,Nautical Twilight,-6.3841,259.5103,-8.6397,75.5926,14.5696,12.3,0.9839,Waning Crescent,
2003-02-17,18:20:00,0.5381,Nautical Twilight,-6.6194,259.5779,-8.4178,75.6738,14.5784,12.31,0.9839,Waning Crescent,
2003-02-17,18:21:00,0.5145,Nautical Twilight,-6.8547,259.6453,-8.1959,75.7547,14.5872,12.31,0.9839,Waning Crescent,
2003-02-17,18:22:00,0.491,Nautical Twilight,-7.0901,259.7127,-7.9738,75.8354,14.596,12.32,0.9839,Waning Crescent,
2003-02-17,18:23:00,0.4674,Nautical Twilight,-7.3256,259.7798,-7.7517,75.9158,14.6048,12.33,0.9838,Waning Crescent,
2003-02-17,18:24:00,0.4439,Nautical Twilight,-7.5611,259.8468,-7.5295,75.9959,14.6136,12.33,0.9838,Waning Crescent,
2003-02-17,18:25:00,0.4203,Nautical Twilight,-7.7966,259.9137,-7.3071,76.0758,14.6224,12.34,0.9838,Waning Crescent,
2003-02-17,18:26:00,0.3968,Nautical Twilight,-8.0322,259.9805,-7.0847,76.1555,14.6312,12.35,0.9838,Waning Crescent,
2003-02-17,18:27:00,0.3732,Nautical Twilight,-8.2678,260.0471,-6.8622,76.2349,14.64,12.36,0.9838,Waning Crescent,
2003-02-17,18:28:00,0.3497,Nautical Twilight,-8.5035,260.1136,-6.6396,76.314,14.6488,12.36,0.9837,Waning Crescent,
2003-02-17,18:29:00,0.3261,Nautical Twilight,-8.7392,260.1799,-6.4169,76.3929,14.6576,12.37,0.9837,Waning Crescent,
2003-02-17,18:30:00,0.3025,Nautical Twilight,-8.975,260.2461,-6.1941,76.4715,14.6664,12.38,0.9837,Waning Crescent,
2003-02-17,18:31:00,0.2789,Nautical Twilight,-9.2108,260.3122,-5.9712,76.55,14.6752,12.38,0.9837,Waning Crescent,
2003-02-17,18:32:00,0.2553,Nautical Twilight,-9.4467,260.3782,-5.7482,76.6281,14.6841,12.39,0.9837,Waning Crescent,
2003-02-17,18:33:00,0.2317,Nautical Twilight,-9.6826,260.444,-5.5251,76.7061,14.6929,12.4,0.9836,Waning Crescent,
2003-02-17,18:34:00,0.2081,Nautical Twilight,-9.9186,260.5097,-5.3019,76.7838,14.7017,12.4,0.9836,Waning Crescent,
2003-02-17,18:35:00,0.1845,Nautical Twilight,-10.1546,260.5753,-5.0787,76.8613,14.7105,12.41,0.9836,Waning Crescent,
2003-02-17,18:36:00,0.1609,Nautical Twilight,-10.3906,260.6408,-4.8553,76.9385,14.7193,12.42,0.9836,Waning Crescent,
2003-02-17,18:37:00,0.1373,Nautical Twilight,-10.6267,260.7061,-4.6319,77.0155,14.7281,12.42,0.9836,Waning Crescent,
2003-02-17,18:38:00,0.1137,Nautical Twilight,-10.8629,260.7714,-4.4084,77.0923,14.7369,12.43,0.9836,Waning Crescent,
2003-02-17,18:39:00,0.0901,Nautical Twilight,-11.0991,260.8365,-4.1847,77.1689,14.7458,12.44,0.9835,Waning Crescent,
2003-02-17,18:40:00,0.0665,Nautical Twilight,-11.3353,260.9016,-3.961,77.2453,14.7546,12.44,0.9835,Waning Crescent,
2003-02-17,18:41:00,0.0428,Nautical Twilight,-11.5716,260.9665,-3.7373,77.3215,14.7634,12.45,0.9835,Waning Crescent,
2003-02-17,18:42:00,0.0192,Nautical Twilight,-11.8079,261.0313,-3.5134,77.3974,14.7722,12.46,0.9835,Waning Crescent,
2003-02-17,18:43:00,0.006,Astronomical Twilight,-12.0442,261.096,-3.2894,77.4731,14.781,12.46,0.9835,Waning Crescent,
2003-02-17,18:44:00,0.0057,Astronomical Twilight,-12.2806,261.1606,-3.0654,77.5487,14.7898,12.47,0.9834,Waning Crescent,
2003-02-17,18:45:00,0.0055,Astronomical Twilight,-12.5171,261.2251,-2.8413,77.624,14.7987,12.48,0.9834,Waning Crescent,
2003-02-17,18:46:00,0.0052,Astronomical Twilight,-12.7536,261.2895,-2.617,77.6991,14.8075,12.48,0.9834,Waning Crescent,
2003-02-17,18:47:00,0.005,Astronomical Twilight,-12.9901,261.3538,-2.3927,77.774,14.8163,12.49,0.9834,Waning Crescent,
2003-02-17,18:48:00,0.0048,Astronomical Twilight,-13.2267,261.418,-2.1684,77.8487,14.8251,12.5,0.9834,Waning Crescent,
2003-02-17,18:49:00,0.0045,Astronomical Twilight,-13.4633,261.4821,-1.9439,77.9232,14.834,12.5,0.9833,Waning Crescent,
2003-02-17,18:50:00,0.0043,Astronomical Twilight,-13.6999,261.5462,-1.7194,77.9976,14.8428,12.51,0.9833,Waning Crescent,
2003-02-17,18:51:00,0.0041,Astronomical Twilight,-13.9366,261.6101,-1.4948,78.0717,14.8516,12.52,0.9833,Waning Crescent,
2003-02-17,18:52:00,0.0038,Astronomical Twilight,-14.1733,261.6739,-1.2701,78.1457,14.8604,12.52,0.9833,Waning Crescent,
2003-02-17,18:53:00,0.0036,Astronomical Twilight,-14.4101,261.7377,-1.0453,78.2194,14.8693,12.53,0.9833,Waning Crescent,
2003-02-17,18:54:00,0.0034,Astronomical Twilight,-14.6469,261.8014,-0.8204,78.293,14.8781,12.54,0.9832,Waning Crescent,
2003-02-17,18:55:00,0.0031,Astronomical Twilight,-14.8837,261.865,-0.5955,78.3664,14.8869,12.54,0.9832,Waning Crescent,
2003-02-17,18:56:00,0.0029,Astronomical Twilight,-15.1206,261.9285,-0.3705,78.4396,14.8957,12.55,0.9832,Waning Crescent,
2003-02-17,18:57:00,0.0026,Astronomical Twilight,-15.3575,261.992,-0.1454,78.5127,14.9046,12.56,0.9832,Waning Crescent,
2003-02-17,18:58:00,0.0027,Astronomical Twilight,-15.5944,262.0553,0.0798,78.5855,14.9134,12.56,0.9832,Waning Crescent,
2003-02-17,18:59:00,0.0034,Astronomical Twilight,-15.8314,262.1186,0.3051,78.6582,14.9222,12.57,0.9831,Waning Crescent,
2003-02-17,19:00:00,0.0041,Astronomical Twilight,-16.0684,262.1818,0.5304,78.7307,14.9311,12.58,0.9831,Waning Crescent,
2003-02-17,19:01:00,0.0048,Astronomical Twilight,-16.3055,262.245,0.7558,78.8031,14.9399,12.58,0.9831,Waning Crescent,
2003-02-17,19:02:00,0.0055,Astronomical Twilight,-16.5426,262.3081,0.9813,78.8753,14.9487,12.59,0.9831,Waning Crescent,
2003-02-17,19:03:00,0.0062,Astronomical Twilight,-16.7797,262.3711,1.2068,78.9473,14.9576,12.6,0.9831,Waning Crescent,
2003-02-17,19:04:00,0.0069,Astronomical Twilight,-17.0169,262.434,1.4324,79.0192,14.9664,12.6,0.983,Waning Crescent,
2003-02-17,19:05:00,0.0076,Astronomical Twilight,-17.2541,262.4969,1.6581,79.0909,14.9752,12.61,0.983,Waning Crescent,
2003-02-17,19:06:00,0.0083,Astronomical Twilight,-17.4913,262.5597,1.8839,79.1624,14.9841,12.62,0.983,Waning Crescent,
2003-02-17,19:07:00,0.009,Astronomical Twilight,-17.7286,262.6225,2.1097,79.2338,14.9929,12.62,0.983,Waning Crescent,
2003-02-17,19:08:00,0.0097,Astronomical Twilight,-17.9659,262.6852,2.3357,79.3051,15.0018,12.63,0.983,Waning Crescent,
2003-02-17,19:09:00,0.0106,Moonlit,-18.2032,262.7479,2.5616,79.3761,15.0106,12.64,0.9829,Waning Crescent,
2003-02-17,19:10:00,0.0115,Moonlit,-18.4406,262.8105,2.7877,79.4471,15.0194,12.64,0.9829,Waning Crescent,
2003-02-17,19:11:00,0.0124,Moonlit,-18.678,262.873,3.0138,79.5179,15.0283,12.65,0.9829,Waning Crescent,
2003-02-17,19:12:00,0.0134,Moonlit,-18.9154,262.9355,3.24,79.5885,15.0371,12.66,0.9829,Waning Crescent,
2003-02-17,19:13:00,0.0143,Moonlit,-19.1529,262.998,3.4663,79.659,15.046,12.66,0.9829,Waning Crescent,
2003-02-17,19:14:00,0.0152,Moonlit,-19.3904,263.0604,3.6926,79.7294,15.0548,12.67,0.9828,Waning Crescent,
2003-02-17,19:15:00,0.0161,Moonlit,-19.6279,263.1228,3.919,79.7996,15.0636,12.68,0.9828,Waning Crescent,
2003-02-17,19:16:00,0.0171,Moonlit,-19.8655,263.1851,4.1455,79.8697,15.0725,12.68,0.9828,Waning Crescent,
2003-02-17,19:17:00,0.018,Moonlit,-20.103,263.2474,4.3721,79.9397,15.0813,12.69,0.9828,Waning Crescent,
2003-02-17,19:18:00,0.0189,Moonlit,-20.3407,263.3096,4.5987,80.0095,15.0902,12.7,0.9828,Waning Crescent,
2003-02-17,19:19:00,0.0199,Moonlit,-20.5783,263.3719,4.8254,80.0792,15.099,12.7,0.9827,Waning Crescent,
2003-02-17,19:20:00,0.0208,Moonlit,-20.816,263.434,5.0521,80.1487,15.1079,12.71,0.9827,Waning Crescent,
2003-02-17,19:21:00,0.0217,Moonlit,-21.0537,263.4962,5.2789,80.2182,15.1167,12.72,0.9827,Waning Crescent,
2003-02-17,19:22:00,0.0227,Moonlit,-21.2915,263.5583,5.5058,80.2875,15.1256,12.73,0.9827,Waning Crescent,
2003-02-17,19:23:00,0.0236,Moonlit,-21.5292,263.6204,5.7327,80.3567,15.1344,12.73,0.9827,Waning Crescent,
2003-02-17,19:24:00,0.0245,Moonlit,-21.767,263.6825,5.9597,80.4258,15.1433,12.74,0.9826,Waning Crescent,
2003-02-17,19:25:00,0.0254,Moonlit,-22.0048,263.7445,6.1868,80.4947,15.1521,12.75,0.9826,Waning Crescent,
2003-02-17,19:26:00,0.0264,Moonlit,-22.2427,263.8065,6.414,80.5636,15.161,12.75,0.9826,Waning Crescent,
2003-02-17,19:27:00,0.0273,Moonlit,-22.4806,263.8685,6.6412,80.6323,15.1698,12.76,0.9826,Waning Crescent,
2003-02-17,19:28:00,0.0282,Moonlit,-22.7185,263.9305,6.8684,80.7009,15.1787,12.77,0.9826,Waning Crescent,
2003-02-17,19:29:00,0.0292,Moonlit,-22.9564,263.9925,7.0958,80.7694,15.1875,12.77,0.9825,Waning Crescent,
2003-02-17,19:30:00,0.0301,Moonlit,-23.1944,264.0545,7.3231,80.8378,15.1964,12.78,0.9825,Waning Crescent,
2003-02-17,19:31:00,0.031,Moonlit,-23.4324,264.1164,7.5506,80.9061,15.2052,12.79,0.9825,Waning Crescent,
2003-02-17,19:32:00,0.0319,Moonlit,-23.6704,264.1783,7.7781,80.9743,15.2141,12.79,0.9825,Waning Crescent,
2003-02-17,19:33:00,0.0329,Moonlit,-23.9085,264.2403,8.0057,81.0424,15.2229,12.8,0.9825,Waning Crescent,
2003-02-17,19:34:00,0.0338,Moonlit,-24.1465,264.3022,8.2333,81.1104,15.2318,12.81,0.9824,Waning Crescent,
2003-02-17,19:35:00,0.0347,Moonlit,-24.3846,264.3641,8.461,81.1782,15.2406,12.81,0.9824,Waning Crescent,
2003-02-17,19:36:00,0.0356,Moonlit,-24.6228,264.426,8.6888,81.246,15.2495,12.82,0.9824,Waning Crescent,
2003-02-17,19:37:00,0.0366,Moonlit,-24.8609,264.488,8.9166,81.3137,15.2584,12.83,0.9824,Waning Crescent,
2003-02-17,19:38:00,0.0375,Moonlit,-25.0991,264.5499,9.1445,81.3813,15.2672,12.83,0.9824,Waning Crescent,
2003-02-17,19:39:00,0.0384,Moonlit,-25.3373,264.6118,9.3724,81.4489,15.2761,12.84,0.9823,Waning Crescent,
2003-02-17,19:40:00,0.0393,Moonlit,-25.5755,264.6738,9.6004,81.5163,15.2849,12.85,0.9823,Waning Crescent,
2003-02-17,19:41:00,0.0402,Moonlit,-25.8137,264.7357,9.8285,81.5836,15.2938,12.85,0.9823,Waning Crescent,
2003-02-17,19:42:00,0.0412,Moonlit,-26.052,264.7977,10.0566,81.6509,15.3026,12.86,0.9823,Waning Crescent,
2003-02-17,19:43:00,0.0421,Moonlit,-26.2903,264.8597,10.2847,81.7181,15.3115,12.87,0.9823,Waning Crescent,
2003-02-17,19:44:00,0.043,Moonlit,-26.5286,264.9217,10.513,81.7852,15.3204,12.87,0.9822,Waning Crescent,
2003-02-17,19:45:00,0.0439,Moonlit,-26.767,264.9837,10.7412,81.8522,15.3292,12.88,0.9822,Waning Crescent,
2003-02-17,19:46:00,0.0448,Moonlit,-27.0053,265.0457,10.9696,81.9191,15.3381,12.89,0.9822,Waning Crescent,
2003-02-17,19:47:00,0.0458,Moonlit,-27.2437,265.1078,11.198,81.986,15.347,12.89,0.9822,Waning Crescent,
2003-02-17,19:48:00,0.0467,Moonlit,-27.4821,265.1699,11.4264,82.0528,15.3558,12.9,0.9821,Waning Crescent,
2003-02-17,19:49:00,0.0476,Moonlit,-27.7205,265.232,11.6549,82.1195,15.3647,12.91,0.9821,Waning Crescent,
2003-02-17,19:50:00,0.0485,Moonlit,-27.959,265.2941,11.8835,82.1862,15.3736,12.91,0.9821,Waning Crescent,
2003-02-17,19:51:00,0.0494,Moonlit,-28.1975,265.3563,12.1121,82.2528,15.3824,12.92,0.9821,Waning Crescent,
2003-02-17,19:52:00,0.0504,Moonlit,-28.436,265.4185,12.3408,82.3193,15.3913,12.93,0.9821,Waning Crescent,
2003-02-17,19:53:00,0.0513,Moonlit,-28.6745,265.4808,12.5695,82.3858,15.4002,12.93,0.982,Waning Crescent,
2003-02-17,19:54:00,0.0522,Moonlit,-28.913,265.5431,12.7983,82.4522,15.409,12.94,0.982,Waning Crescent,
2003-02-17,19:55:00,0.0531,Moonlit,-29.1516,265.6054,13.0271,82.5186,15.4179,12.95,0.982,Waning Crescent,
2003-02-17,19:56:00,0.054,Moonlit,-29.3901,265.6678,13.256,82.5849,15.4268,12.95,0.982,Waning Crescent,
2003-02-17,19:57:00,0.0549,Moonlit,-29.6287,265.7302,13.4849,82.6511,15.4356,12.96,0.982,Waning Crescent,
2003-02-17,19:58:00,0.0558,Moonlit,-29.8673,265.7927,13.7139,82.7173,15.4445,12.97,0.9819,Waning Crescent,
2003-02-17,19:59:00,0.0567,Moonlit,-30.106,265.8552,13.9429,82.7834,15.4534,12.97,0.9819,Waning Crescent,
2003-02-17,20:00:00,0.0576,Moonlit,-30.3446,265.9178,14.172,82.8495,15.4623,12.98,0.9819,Waning Crescent,
2003-02-18,17:00:00,36400.8961,Daylit,12.0995,253.8535,-39.342,68.1023,26.9569,21.98,0.9457,Waning Crescent,
2003-02-18,17:01:00,35832.3189,Daylit,11.8697,253.9402,-39.1317,68.2453,26.9662,21.99,0.9456,Waning Crescent,
2003-02-18,17:02:00,35261.196,Daylit,11.6397,254.0265,-38.9211,68.3875,26.9755,22.0,0.9456,Waning Crescent,
2003-02-18,17:03:00,34687.4897,Daylit,11.4097,254.1124,-38.7104,68.5286,26.9847,22.0,0.9456,Waning Crescent,
2003-02-18,17:04:00,34111.1606,Daylit,11.1795,254.198,-38.4994,68.6689,26.994,22.01,0.9455,Waning Crescent,
2003-02-18,17:05:00,33532.167,Daylit,10.9493,254.2833,-38.2882,68.8082,27.0033,22.02,0.9455,Waning Crescent,
2003-02-18,17:06:00,32950.4651,Daylit,10.7189,254.3682,-38.0768,68.9467,27.0126,22.03,0.9455,Waning Crescent,
2003-02-18,17:07:00,32366.0087,Daylit,10.4885,254.4528,-37.8652,69.0842,27.0218,22.04,0.9454,Waning Crescent,
2003-02-18,17:08:00,31778.7489,Daylit,10.2579,254.5371,-37.6533,69.2209,27.0311,22.04,0.9454,Waning Crescent,
2003-02-18,17:09:00,31188.6343,Daylit,10.0273,254.621,-37.4413,69.3567,27.0404,22.05,0.9453,Waning Crescent,
2003-02-18,17:10:00,30595.6102,Daylit,9.7966,254.7046,-37.229,69.4916,27.0497,22.06,0.9453,Waning Crescent,
2003-02-18,17:11:00,29999.6192,Daylit,9.5658,254.7879,-37.0166,69.6257,27.0589,22.07,0.9453,Waning Crescent,
2003-02-18,17:12:00,29400.5999,Daylit,9.3348,254.8709,-36.8039,69.7589,27.0682,22.07,0.9452,Waning Crescent,
2003-02-18,17:13:00,28798.4877,Daylit,9.1038,254.9535,-36.591,69.8913,27.0775,22.08,0.9452,Waning Crescent,
2003-02-18,17:14:00,28193.2137,Daylit,8.8728,255.0359,-36.378,70.0228,27.0867,22.09,0.9452,Waning Crescent,
2003-02-18,17:15:00,27584.7048,Daylit,8.6416,255.1179,-36.1647,70.1536,27.096,22.1,0.9451,Waning Crescent,
2003-02-18,17:16:00,26972.8832,Daylit,8.4103,255.1997,-35.9512,70.2836,27.1053,22.1,0.9451,Waning Crescent,
2003-02-18,17:17:00,26357.6659,Daylit,8.179,255.2811,-35.7376,70.4127,27.1146,22.11,0.945,Waning Crescent,
2003-02-18,17:18:00,25738.9643,Daylit,7.9475,255.3623,-35.5237,70.5411,27.1238,22.12,0.945,Waning Crescent,
2003-02-18,17:19:00,25116.6838,Daylit,7.716,255.4431,-35.3097,70.6687,27.1331,22.13,0.945,Waning Crescent,
2003-02-18,17:20:00,24490.723,Daylit,7.4844,255.5237,-35.0955,70.7955,27.1424,22.14,0.9449,Waning Crescent,
2003-02-18,17:21:00,23860.9732,Daylit,7.2527,255.604,-34.8811,70.9216,27.1517,22.14,0.9449,Waning Crescent,
2003-02-18,17:22:00,23227.3176,Daylit,7.0209,255.6839,-34.6665,71.0469,27.1609,22.15,0.9449,Waning Crescent,
2003-02-18,17:23:00,22589.6302,Daylit,6.7891,255.7636,-34.4517,71.1715,27.1702,22.16,0.9448,Waning Crescent,
2003-02-18,17:24:00,21947.7753,Daylit,6.5571,255.8431,-34.2368,71.2954,27.1795,22.17,0.9448,Waning Crescent,
2003-02-18,17:25:00,21301.6062,Daylit,6.3251,255.9222,-34.0217,71.4185,27.1888,22.17,0.9448,Waning Crescent,
2003-02-18,17:26:00,20650.9633,Daylit,6.093,256.0011,-33.8064,71.5409,27.198,22.18,0.9447,Waning Crescent,
2003-02-18,17:27:00,19995.6737,Daylit,5.8608,256.0797,-33.5909,71.6626,27.2073,22.19,0.9447,Waning Crescent,
2003-02-18,17:28:00,19335.5485,Daylit,5.6285,256.158,-33.3753,71.7837,27.2166,22.2,0.9446,Waning Crescent,
2003-02-18,17:29:00,18670.381,Daylit,5.3962,256.236,-33.1595,71.904,27.2259,22.2,0.9446,Waning Crescent,
2003-02-18,17:30:00,17999.9447,Daylit,5.1638,256.3138,-32.9435,72.0236,27.2351,22.21,0.9446,Waning Crescent,
2003-02-18,17:31:00,17323.9895,Daylit,4.9313,256.3914,-32.7274,72.1426,27.2444,22.22,0.9445,Waning Crescent,
2003-02-18,17:32:00,16642.2392,Daylit,4.6987,256.4687,-32.5111,72.2609,27.2537,22.23,0.9445,Waning Crescent,
2003-02-18,17:33:00,15954.3865,Daylit,4.4661,256.5457,-32.2946,72.3785,27.263,22.23,0.9445,Waning Crescent,
2003-02-18,17:34:00,15260.0884,Daylit,4.2333,256.6225,-32.078,72.4955,27.2722,22.24,0.9444,Waning Crescent,
2003-02-18,17:35:00,14558.9596,Daylit,4.0005,256.699,-31.8612,72.6119,27.2815,22.25,0.9444,Waning Crescent,
2003-02-18,17:36:00,13850.5648,Daylit,3.7677,256.7753,-31.6443,72.7276,27.2908,22.26,0.9443,Waning Crescent,
2003-02-18,17:37:00,13134.4086,Daylit,3.5347,256.8513,-31.4272,72.8427,27.3001,22.27,0.9443,Waning Crescent,
2003-02-18,17:38:00,12409.923,Daylit,3.3017,256.9271,-31.2099,72.9572,27.3094,22.27,0.9443,Waning Crescent,
2003-02-18,17:39:00,11676.451,Daylit,3.0686,257.0027,-30.9925,73.071,27.3186,22.28,0.9442,Waning Crescent,
2003-02-18,17:40:00,10933.2248,Daylit,2.8355,257.078,-30.775,73.1843,27.3279,22.29,0.9442,Waning Crescent,
2003-02-18,17:41:00,10179.3366,Daylit,2.6022,257.1531,-30.5573,73.2969,27.3372,22.3,0.9442,Waning Crescent,
2003-02-18,17:42:00,9413.6983,Daylit,2.3689,257.2279,-30.3395,73.409,27.3465,22.3,0.9441,Waning Crescent,
2003-02-18,17:43:00,8634.9846,Daylit,2.1356,257.3026,-30.1215,73.5205,27.3557,22.31,0.9441,Waning Crescent,
2003-02-18,17:44:00,7841.549,Daylit,1.9021,257.377,-29.9033,73.6314,27.365,22.32,0.944,Waning Crescent,
2003-02-18,17:45:00,7031.2969,Daylit,1.6686,257.4511,-29.6851,73.7417,27.3743,22.33,0.944,Waning Crescent,
2003-02-18,17:46:00,6201.482,Daylit,1.4351,257.5251,-29.4667,73.8514,27.3836,22.33,0.944,Waning Crescent,
2003-02-18,17:47:00,5348.3605,Daylit,1.2014,257.5988,-29.2481,73.9606,27.3929,22.34,0.9439,Waning Crescent,
2003-02-18,17:48:00,4466.5537,Daylit,0.9677,257.6723,-29.0294,74.0693,27.4021,22.35,0.9439,Waning Crescent,
2003-02-18,17:49:00,3547.7323,Daylit,0.734,257.7457,-28.8106,74.1774,27.4114,22.36,0.9439,Waning Crescent,
2003-02-18,17:50:00,2577.3996,Daylit,0.5001,257.8188,-28.5916,74.2849,27.4207,22.37,0.9438,Waning Crescent,
2003-02-18,17:51:00,1524.3362,Daylit,0.2662,257.8916,-28.3725,74.392,27.43,22.37,0.9438,Waning Crescent,
2003-02-18,17:52:00,262.7334,Daylit,0.0323,257.9643,-28.1533,74.4985,27.4392,22.38,0.9437,Waning Crescent,
2003-02-18,17:53:00,19.714,Civil Twilight,-0.2018,258.0368,-27.9339,74.6044,27.4485,22.39,0.9437,Waning Crescent,
2003-02-18,17:54:00,18.9181,Civil Twilight,-0.4359,258.1091,-27.7144,74.7099,27.4578,22.4,0.9437,Waning Crescent,
2003-02-18,17:55:00,18.1219,Civil Twilight,-0.67,258.1812,-27.4948,74.8149,27.4671,22.4,0.9436,Waning Crescent,
2003-02-18,17:56:00,17.3256,Civil Twilight,-0.9042,258.253,-27.2751,74.9193,27.4764,22.41,0.9436,Waning Crescent,
2003-02-18,17:57:00,16.5291,Civil Twilight,-1.1385,258.3247,-27.0552,75.0233,27.4856,22.42,0.9436,Waning Crescent,
2003-02-18,17:58:00,15.7323,Civil Twilight,-1.3728,258.3962,-26.8352,75.1267,27.4949,22.43,0.9435,Waning Crescent,
2003-02-18,17:59:00,14.9354,Civil Twilight,-1.6072,258.4675,-26.6151,75.2297,27.5042,22.43,0.9435,Waning Crescent,
2003-02-18,18:00:00,14.1382,Civil Twilight,-1.8417,258.5386,-26.3948,75.3322,27.5135,22.44,0.9435,Waning Crescent,
2003-02-18,18:01:00,13.3409,Civil Twilight,-2.0762,258.6096,-26.1744,75.4342,27.5228,22.45,0.9434,Waning Crescent,
2003-02-18,18:02:00,12.5433,Civil Twilight,-2.3108,258.6803,-25.954,75.5358,27.532,22.46,0.9434,Waning Crescent,
2003-02-18,18:03:00,11.7456,Civil Twilight,-2.5454,258.7509,-25.7333,75.6368,27.5413,22.47,0.9433,Waning Crescent,
2003-02-18,18:04:00,10.9477,Civil Twilight,-2.7801,258.8213,-25.5126,75.7375,27.5506,22.47,0.9433,Waning Crescent,
2003-02-18,18:05:00,10.1495,Civil Twilight,-3.0148,258.8915,-25.2918,75.8376,27.5599,22.48,0.9433,Waning Crescent,
2003-02-18,18:06:00,9.3512,Civil Twilight,-3.2496,258.9615,-25.0708,75.9374,27.5692,22.49,0.9432,Waning Crescent,
2003-02-18,18:07:00,8.5527,Civil Twilight,-3.4845,259.0314,-24.8497,76.0367,27.5784,22.5,0.9432,Waning Crescent,
2003-02-18,18:08:00,7.754,Civil Twilight,-3.7194,259.1011,-24.6286,76.1355,27.5877,22.5,0.9432,Waning Crescent,
2003-02-18,18:09:00,6.9551,Civil Twilight,-3.9544,259.1706,-24.4073,76.2339,27.597,22.51,0.9431,Waning Crescent,
2003-02-18,18:10:00,6.156,Civil Twilight,-4.1894,259.24,-24.1858,76.3319,27.6063,22.52,0.9431,Waning Crescent,
2003-02-18,18:11:00,5.3567,Civil Twilight,-4.4245,259.3092,-23.9643,76.4295,27.6156,22.53,0.943,Waning Crescent,
2003-02-18,18:12:00,4.5573,Civil Twilight,-4.6596,259.3782,-23.7427,76.5266,27.6248,22.54,0.943,Waning Crescent,
2003-02-18,18:13:00,3.7576,Civil Twilight,-4.8948,259.4471,-23.521,76.6234,27.6341,22.54,0.943,Waning Crescent,
2003-02-18,18:14:00,2.9578,Civil Twilight,-5.13,259.5158,-23.2991,76.7197,27.6434,22.55,0.9429,Waning Crescent,
2003-02-18,18:15:00,2.1578,Civil Twilight,-5.3653,259.5844,-23.0771,76.8156,27.6527,22.56,0.9429,Waning Crescent,
2003-02-18,18:16:00,1.3577,Civil Twilight,-5.6007,259.6528,-22.8551,76.9111,27.662,22.57,0.9429,Waning Crescent,
2003-02-18,18:17:00,0.5573,Civil Twilight,-5.8361,259.7211,-22.6329,77.0063,27.6713,22.57,0.9428,Waning Crescent,
2003-02-18,18:18:00,0.5928,Nautical Twilight,-6.0715,259.7892,-22.4107,77.101,27.6805,22.58,0.9428,Waning Crescent,
2003-02-18,18:19:00,0.5693,Nautical Twilight,-6.307,259.8572,-22.1883,77.1954,27.6898,22.59,0.9427,Waning Crescent,
2003-02-18,18:20:00,0.5457,Nautical Twilight,-6.5426,259.925,-21.9658,77.2894,27.6991,22.6,0.9427,Waning Crescent,
2003-02-18,18:21:00,0.5222,Nautical Twilight,-6.7782,259.9927,-21.7432,77.383,27.7084,22.6,0.9427,Waning Crescent,
2003-02-18,18:22:00,0.4986,Nautical Twilight,-7.0138,260.0602,-21.5206,77.4762,27.7177,22.61,0.9426,Waning Crescent,
2003-02-18,18:23:00,0.4751,Nautical Twilight,-7.2495,260.1276,-21.2978,77.5691,27.7269,22.62,0.9426,Waning Crescent,
2003-02-18,18:24:00,0.4515,Nautical Twilight,-7.4852,260.1949,-21.0749,77.6616,27.7362,22.63,0.9425,Waning Crescent,
2003-02-18,18:25:00,0.4279,Nautical Twilight,-7.721,260.262,-20.852,77.7537,27.7455,22.64,0.9425,Waning Crescent,
2003-02-18,18:26:00,0.4043,Nautical Twilight,-7.9569,260.329,-20.6289,77.8455,27.7548,22.64,0.9425,Waning Crescent,
2003-02-18,18:27:00,0.3807,Nautical Twilight,-8.1927,260.3959,-20.4058,77.937,27.7641,22.65,0.9424,Waning Crescent,
2003-02-18,18:28:00,0.3571,Nautical Twilight,-8.4287,260.4626,-20.1825,78.0281,27.7734,22.66,0.9424,Waning Crescent,
2003-02-18,18:29:00,0.3335,Nautical Twilight,-8.6647,260.5292,-19.9592,78.1188,27.7826,22.67,0.9424,Waning Crescent,
2003-02-18,18:30:00,0.3099,Nautical Twilight,-8.9007,260.5957,-19.7357,78.2093,27.7919,22.67,0.9423,Waning Crescent,
2003-02-18,18:31:00,0.2863,Nautical Twilight,-9.1367,260.6621,-19.5122,78.2994,27.8012,22.68,0.9423,Waning Crescent,
2003-02-18,18:32:00,0.2627,Nautical Twilight,-9.3729,260.7284,-19.2886,78.3891,27.8105,22.69,0.9422,Waning Crescent,
2003-02-18,18:33:00,0.2391,Nautical Twilight,-9.609,260.7945,-19.0649,78.4786,27.8198,22.7,0.9422,Waning Crescent,
2003-02-18,18:34:00,0.2155,Nautical Twilight,-9.8452,260.8605,-18.8411,78.5677,27.8291,22.71,0.9422,Waning Crescent,
2003-02-18,18:35:00,0.1919,Nautical Twilight,-10.0815,260.9264,-18.6172,78.6565,27.8383,22.71,0.9421,Waning Crescent,
2003-02-18,18:36:00,0.1682,Nautical Twilight,-10.3177,260.9922,-18.3932,78.745,27.8476,22.72,0.9421,Waning Crescent,
2003-02-18,18:37:00,0.1446,Nautical Twilight,-10.5541,261.0579,-18.1691,78.8332,27.8569,22.73,0.9421,Waning Crescent,
2003-02-18,18:38:00,0.121,Nautical Twilight,-10.7905,261.1235,-17.945,78.9211,27.8662,22.74,0.942,Waning Crescent,
2003-02-18,18:39:00,0.0973,Nautical Twilight,-11.0269,261.1889,-17.7207,79.0086,27.8755,22.74,0.942,Waning Crescent,
2003-02-18,18:40:00,0.0737,Nautical Twilight,-11.2633,261.2543,-17.4964,79.0959,27.8848,22.75,0.9419,Waning Crescent,
2003-02-18,18:41:00,0.05,Nautical Twilight,-11.4998,261.3196,-17.272,79.1829,27.8941,22.76,0.9419,Waning Crescent,
2003-02-18,18:42:00,0.0264,Nautical Twilight,-11.7364,261.3847,-17.0475,79.2696,27.9033,22.77,0.9419,Waning Crescent,
2003-02-18,18:43:00,0.0027,Nautical Twilight,-11.973,261.4498,-16.8229,79.356,27.9126,22.77,0.9418,Waning Crescent,
2003-02-18,18:44:00,0.0058,Astronomical Twilight,-12.2096,261.5147,-16.5983,79.4421,27.9219,22.78,0.9418,Waning Crescent,
2003-02-18,18:45:00,0.0056,Astronomical Twilight,-12.4462,261.5796,-16.3736,79.528,27.9312,22.79,0.9418,Waning Crescent,
2003-02-18,18:46:00,0.0053,Astronomical Twilight,-12.683,261.6444,-16.1487,79.6136,27.9405,22.8,0.9417,Waning Crescent,
2003-02-18,18:47:00,0.0051,Astronomical Twilight,-12.9197,261.7091,-15.9239,79.6989,27.9498,22.81,0.9417,Waning Crescent,
2003-02-18,18:48:00,0.0048,Astronomical Twilight,-13.1565,261.7737,-15.6989,79.7839,27.959,22.81,0.9416,Waning Crescent,
2003-02-18,18:49:00,0.0046,Astronomical Twilight,-13.3933,261.8382,-15.4738,79.8687,27.9683,22.82,0.9416,Waning Crescent,
2003-02-18,18:50:00,0.0044,Astronomical Twilight,-13.6302,261.9026,-15.2487,79.9532,27.9776,22.83,0.9416,Waning Crescent,
2003-02-18,18:51:00,0.0041,Astronomical Twilight,-13.8671,261.967,-15.0235,80.0374,27.9869,22.84,0.9415,Waning Crescent,
2003-02-18,18:52:00,0.0039,Astronomical Twilight,-14.104,262.0312,-14.7982,80.1214,27.9962,22.84,0.9415,Waning Crescent,
2003-02-18,18:53:00,0.0037,Astronomical Twilight,-14.341,262.0954,-14.5728,80.2052,28.0055,22.85,0.9415,Waning Crescent,
2003-02-18,18:54:00,0.0034,Astronomical Twilight,-14.578,262.1595,-14.3474,80.2887,28.0148,22.86,0.9414,Waning Crescent,
2003-02-18,18:55:00,0.0032,Astronomical Twilight,-14.815,262.2236,-14.1219,80.3719,28.0241,22.87,0.9414,Waning Crescent,
2003-02-18,18:56:00,0.0029,Astronomical Twilight,-15.0521,262.2875,-13.8963,80.4549,28.0333,22.88,0.9413,Waning Crescent,
2003-02-18,18:57:00,0.0027,Astronomical Twilight,-15.2892,262.3514,-13.6707,80.5377,28.0426,22.88,0.9413,Waning Crescent,
2003-02-18,18:58:00,0.0025,Astronomical Twilight,-15.5264,262.4152,-13.4449,80.6203,28.0519,22.89,0.9413,Waning Crescent,
2003-02-18,18:59:00,0.0022,Astronomical Twilight,-15.7636,262.479,-13.2191,80.7026,28.0612,22.9,0.9412,Waning Crescent,
2003-02-18,19:00:00,0.002,Astronomical Twilight,-16.0008,262.5427,-12.9933,80.7846,28.0705,22.91,0.9412,Waning Crescent,
2003-02-18,19:01:00,0.0018,Astronomical Twilight,-16.238,262.6063,-12.7673,80.8665,28.0798,22.91,0.9411,Waning Crescent,
2003-02-18,19:02:00,0.0015,Astronomical Twilight,-16.4753,262.6699,-12.5413,80.9481,28.0891,22.92,0.9411,Waning Crescent,
2003-02-18,19:03:00,0.0013,Astronomical Twilight,-16.7127,262.7334,-12.3152,81.0296,28.0983,22.93,0.9411,Waning Crescent,
2003-02-18,19:04:00,0.001,Astronomical Twilight,-16.95,262.7968,-12.0891,81.1107,28.1076,22.94,0.941,Waning Crescent,
2003-02-18,19:05:00,0.0008,Astronomical Twilight,-17.1874,262.8602,-11.8629,81.1917,28.1169,22.95,0.941,Waning Crescent,
2003-02-18,19:06:00,0.0006,Astronomical Twilight,-17.4248,262.9236,-11.6366,81.2725,28.1262,22.95,0.941,Waning Crescent,
2003-02-18,19:07:00,0.0003,Astronomical Twilight,-17.6623,262.9868,-11.4102,81.3531,28.1355,22.96,0.9409,Waning Crescent,
2003-02-18,19:08:00,0.0001,Astronomical Twilight,-17.8998,263.0501,-11.1838,81.4334,28.1448,22.97,0.9409,Waning Crescent,
2003-02-18,19:09:00,0.0,Moonless Night,-18.1373,263.1133,-10.9573,81.5136,28.1541,22.98,0.9408,Waning Crescent,
2003-02-18,19:10:00,0.0,Moonless Night,-18.3749,263.1764,-10.7308,81.5936,28.1634,22.98,0.9408,Waning Crescent,
2003-02-18,19:11:00,0.0,Moonless Night,-18.6125,263.2395,-10.5041,81.6734,28.1727,22.99,0.9408,Waning Crescent,
2003-02-18,19:12:00,0.0,Moonless Night,-18.8501,263.3026,-10.2775,81.7529,28.1819,23.0,0.9407,Waning Crescent,
2003-02-18,19:13:00,0.0,Moonless Night,-19.0877,263.3656,-10.0507,81.8323,28.1912,23.01,0.9407,Waning Crescent,
2003-02-18,19:14:00,0.0,Moonless Night,-19.3254,263.4286,-9.8239,81.9115,28.2005,23.02,0.9406,Waning Crescent,
2003-02-18,19:15:00,0.0,Moonless Night,-19.5631,263.4915,-9.597,81.9906,28.2098,23.02,0.9406,Waning Crescent,
2003-02-18,19:16:00,0.0,Moonless Night,-19.8008,263.5544,-9.3701,82.0694,28.2191,23.03,0.9406,Waning Crescent,
2003-02-18,19:17:00,0.0,Moonless Night,-20.0386,263.6173,-9.1431,82.1481,28.2284,23.04,0.9405,Waning Crescent,
2003-02-18,19:18:00,0.0,Moonless Night,-20.2764,263.6802,-8.916,82.2266,28.2377,23.05,0.9405,Waning Crescent,
2003-02-18,19:19:00,0.0,Moonless Night,-20.5142,263.743,-8.6889,82.3049,28.247,23.05,0.9405,Waning Crescent,
2003-02-18,19:20:00,0.0,Moonless Night,-20.7521,263.8058,-8.4617,82.383,28.2563,23.06,0.9404,Waning Crescent,
2003-02-18,19:21:00,0.0,Moonless Night,-20.99,263.8686,-8.2345,82.461,28.2655,23.07,0.9404,Waning Crescent,
2003-02-18,19:22:00,0.0,Moonless Night,-21.2279,263.9313,-8.0072,82.5388,28.2748,23.08,0.9403,Waning Crescent,
2003-02-18,19:23:00,0.0,Moonless Night,-21.4658,263.9941,-7.7799,82.6165,28.2841,23.09,0.9403,Waning Crescent,
2003-02-18,19:24:00,0.0,Moonless Night,-21.7038,264.0568,-7.5525,82.694,28.2934,23.09,0.9403,Waning Crescent,
2003-02-18,19:25:00,0.0,Moonless Night,-21.9418,264.1195,-7.325,82.7713,28.3027,23.1,0.9402,Waning Crescent,
2003-02-18,19:26:00,0.0,Moonless Night,-22.1798,264.1822,-7.0975,82.8485,28.312,23.11,0.9402,Waning Crescent,
2003-02-18,19:27:00,0.0,Moonless Night,-22.4179,264.2449,-6.8699,82.9256,28.3213,23.12,0.9402,Waning Crescent,
2003-02-18,19:28:00,0.0,Moonless Night,-22.6559,264.3075,-6.6422,83.0025,28.3306,23.12,0.9401,Waning Crescent,
2003-02-18,19:29:00,0.0,Moonless Night,-22.894,264.3702,-6.4145,83.0792,28.3399,23.13,0.9401,Waning Crescent,
2003-02-18,19:30:00,0.0,Moonless Night,-23.1322,264.4329,-6.1868,83.1559,28.3492,23.14,0.94,Waning Crescent,
2003-02-18,19:31:00,0.0,Moonless Night,-23.3703,264.4955,-5.959,83.2323,28.3584,23.15,0.94,Waning Crescent,
2003-02-18,19:32:00,0.0,Moonless Night,-23.6085,264.5582,-5.7311,83.3087,28.3677,23.16,0.94,Waning Crescent,
2003-02-18,19:33:00,0.0,Moonless Night,-23.8467,264.6208,-5.5032,83.3849,28.377,23.16,0.9399,Waning Crescent,
2003-02-18,19:34:00,0.0,Moonless Night,-24.0849,264.6835,-5.2753,83.4609,28.3863,23.17,0.9399,Waning Crescent,
2003-02-18,19:35:00,0.0,Moonless Night,-24.3232,264.7462,-5.0472,83.5369,28.3956,23.18,0.9398,Waning Crescent,
2003-02-18,19:36:00,0.0,Moonless Night,-24.5614,264.8088,-4.8192,83.6127,28.4049,23.19,0.9398,Waning Crescent,
2003-02-18,19:37:00,0.0,Moonless Night,-24.7997,264.8715,-4.591,83.6884,28.4142,23.19,0.9398,Waning Crescent,
2003-02-18,19:38:00,0.0,Moonless Night,-25.0381,264.9342,-4.3629,83.764,28.4235,23.2,0.9397,Waning Crescent,
2003-02-18,19:39:00,0.0,Moonless Night,-25.2764,264.9969,-4.1347,83.8394,28.4328,23.21,0.9397,Waning Crescent,
2003-02-18,19:40:00,0.0,Moonless Night,-25.5148,265.0597,-3.9064,83.9147,28.4421,23.22,0.9396,Waning Crescent,
2003-02-18,19:41:00,0.0,Moonless Night,-25.7532,265.1224,-3.6781,83.99,28.4514,23.23,0.9396,Waning Crescent,
2003-02-18,19:42:00,0.0,Moonless Night,-25.9916,265.1852,-3.4497,84.0651,28.4606,23.23,0.9396,Waning Crescent,
2003-02-18,19:43:00,0.0,Moonless Night,-26.23,265.248,-3.2213,84.1401,28.4699,23.24,0.9395,Waning Crescent,
2003-02-18,19:44:00,0.0,Moonless Night,-26.4685,265.3108,-2.9928,84.215,28.4792,23.25,0.9395,Waning Crescent,
2003-02-18,19:45:00,0.0,Moonless Night,-26.7069,265.3737,-2.7643,84.2898,28.4885,23.26,0.9395,Waning Crescent,
2003-02-18,19:46:00,0.0,Moonless Night,-26.9454,265.4366,-2.5357,84.3645,28.4978,23.26,0.9394,Waning Crescent,
2003-02-18,19:47:00,0.0,Moonless Night,-27.184,265.4995,-2.3071,84.4391,28.5071,23.27,0.9394,Waning Crescent,
2003-02-18,19:48:00,0.0,Moonless Night,-27.4225,265.5625,-2.0784,84.5136,28.5164,23.28,0.9393,Waning Crescent,
2003-02-18,19:49:00,0.0,Moonless Night,-27.6611,265.6255,-1.8497,84.588,28.5257,23.29,0.9393,Waning Crescent,
2003-02-18,19:50:00,0.0,Moonless Night,-27.8996,265.6885,-1.621,84.6623,28.535,23.3,0.9393,Waning Crescent,
2003-02-18,19:51:00,0.0,Moonless Night,-28.1382,265.7516,-1.3922,84.7365,28.5443,23.3,0.9392,Waning Crescent,
2003-02-18,19:52:00,0.0,Moonless Night,-28.3769,265.8147,-1.1633,84.8106,28.5536,23.31,0.9392,Waning Crescent,
2003-02-18,19:53:00,0.0,Moonless Night,-28.6155,265.8779,-0.9345,84.8847,28.5629,23.32,0.9391,Waning Crescent,
2003-02-18,19:54:00,0.0,Moonless Night,-28.8542,265.9411,-0.7055,84.9587,28.5722,23.33,0.9391,Waning Crescent,
2003-02-18,19:55:00,0.0,Moonless Night,-29.0928,266.0044,-0.4765,85.0326,28.5815,23.33,0.9391,Waning Crescent,
2003-02-18,19:56:00,0.0,Moonless Night,-29.3315,266.0677,-0.2475,85.1064,28.5907,23.34,0.939,Waning Crescent,
2003-02-18,19:57:00,0.0,Moonless Night,-29.5703,266.1311,-0.0185,85.1801,28.6,23.35,0.939,Waning Crescent,
2003-02-18,19:58:00,0.0008,Moonlit,-29.809,266.1946,0.2106,85.2538,28.6093,23.36,0.939,Waning Crescent,
2003-02-18,19:59:00,0.0016,Moonlit,-30.0477,266.2581,0.4398,85.3274,28.6186,23.37,0.9389,Waning Crescent,
2003-02-18,20:00:00,0.0024,Moonlit,-30.2865,266.3217,0.669,85.4009,28.6279,23.37,0.9389,Waning Crescent,
2003-02-19,17:00:00,36650.165,Daylit,12.2006,254.203,-52.9159,68.2632,40.394,33.87,0.8808,Waning Crescent,
2003-02-19,17:01:00,36081.592,Daylit,11.9703,254.2895,-52.7059,68.4495,40.4033,33.88,0.8808,Waning Crescent,
2003-02-19,17:02:00,35510.487,Daylit,11.74,254.3756,-52.4956,68.6341,40.4127,33.89,0.8807,Waning Crescent,
2003-02-19,17:03:00,34936.813,Daylit,11.5095,254.4614,-52.2851,68.8169,40.4221,33.9,0.8806,Waning Crescent,
2003-02-19,17:04:00,34360.5312,Daylit,11.279,254.5468,-52.0742,68.998,40.4314,33.9,0.8806,Waning Crescent,
2003-02-19,17:05:00,33781.6008,Daylit,11.0483,254.6319,-51.8631,69.1775,40.4408,33.91,0.8805,Waning Crescent,
2003-02-19,17:06:00,33199.9787,Daylit,10.8176,254.7167,-51.6518,69.3553,40.4501,33.92,0.8805,Waning Crescent,
2003-02-19,17:07:00,32615.6195,Daylit,10.5868,254.8011,-51.4401,69.5315,40.4595,33.93,0.8804,Waning Crescent,
2003-02-19,17:08:00,32028.4752,Daylit,10.3558,254.8853,-51.2282,69.706,40.4689,33.94,0.8804,Waning Crescent,
2003-02-19,17:09:00,31438.4953,Daylit,10.1248,254.9691,-51.0161,69.8791,40.4782,33.95,0.8803,Waning Crescent,
2003-02-19,17:10:00,30845.6263,Daylit,9.8937,255.0525,-50.8036,70.0505,40.4876,33.96,0.8803,Waning Crescent,
2003-02-19,17:11:00,30249.8117,Daylit,9.6625,255.1357,-50.591,70.2205,40.497,33.97,0.8802,Waning Crescent,
2003-02-19,17:12:00,29650.9914,Daylit,9.4312,255.2186,-50.3781,70.3889,40.5063,33.98,0.8802,Waning Crescent,
2003-02-19,17:13:00,29049.102,Daylit,9.1999,255.3011,-50.1649,70.5559,40.5157,33.98,0.8801,Waning Crescent,
2003-02-19,17:14:00,28444.0762,Daylit,8.9684,255.3833,-49.9515,70.7215,40.525,33.99,0.8801,Waning Crescent,
2003-02-19,17:15:00,27835.8422,Daylit,8.7369,255.4653,-49.7379,70.8856,40.5344,34.0,0.88,Waning Crescent,
2003-02-19,17:16:00,27224.3239,Daylit,8.5052,255.5469,-49.524,71.0483,40.5438,34.01,0.88,Waning Crescent,
2003-02-19,17:17:00,26609.4401,Daylit,8.2735,255.6283,-49.31,71.2096,40.5531,34.02,0.8799,Waning Crescent,
2003-02-19,17:18:00,25991.1042,Daylit,8.0417,255.7093,-49.0957,71.3695,40.5625,34.03,0.8798,Waning Crescent,
2003-02-19,17:19:00,25369.2237,Daylit,7.8098,255.7901,-48.8811,71.5281,40.5718,34.04,0.8798,Waning Crescent,
2003-02-19,17:20:00,24743.6995,Daylit,7.5778,255.8705,-48.6664,71.6854,40.5812,34.05,0.8797,Waning Crescent,
2003-02-19,17:21:00,24114.4256,Daylit,7.3458,255.9507,-48.4514,71.8414,40.5906,34.05,0.8797,Waning Crescent,
2003-02-19,17:22:00,23481.2879,Daylit,7.1136,256.0306,-48.2363,71.996,40.5999,34.06,0.8796,Waning Crescent,
2003-02-19,17:23:00,22844.1638,Daylit,6.8814,256.1102,-48.0209,72.1495,40.6093,34.07,0.8796,Waning Crescent,
2003-02-19,17:24:00,22202.921,Daylit,6.6491,256.1896,-47.8053,72.3016,40.6186,34.08,0.8795,Waning Crescent,
2003-02-19,17:25:00,21557.4166,Daylit,6.4168,256.2687,-47.5896,72.4526,40.628,34.09,0.8795,Waning Crescent,
2003-02-19,17:26:00,20907.4956,Daylit,6.1843,256.3475,-47.3736,72.6023,40.6374,34.1,0.8794,Waning Crescent,
2003-02-19,17:27:00,20252.9899,Daylit,5.9518,256.426,-47.1574,72.7509,40.6467,34.11,0.8794,Waning Crescent,
2003-02-19,17:28:00,19593.7163,Daylit,5.7192,256.5043,-46.9411,72.8983,40.6561,34.12,0.8793,Waning Crescent,
2003-02-19,17:29:00,18929.4744,Daylit,5.4865,256.5823,-46.7245,73.0445,40.6654,34.12,0.8793,Waning Crescent,
2003-02-19,17:30:00,18260.0448,Daylit,5.2537,256.6601,-46.5078,73.1896,40.6748,34.13,0.8792,Waning Crescent,
2003-02-19,17:31:00,17585.1859,Daylit,5.0209,256.7376,-46.2909,73.3336,40.6842,34.14,0.8792,Waning Crescent,
2003-02-19,17:32:00,16904.6308,Daylit,4.788,256.8148,-46.0738,73.4764,40.6935,34.15,0.8791,Waning Crescent,
2003-02-19,17:33:00,16218.0837,Daylit,4.555,256.8918,-45.8565,73.6182,40.7029,34.16,0.8791,Waning Crescent,
2003-02-19,17:34:00,15525.2143,Daylit,4.322,256.9686,-45.639,73.7589,40.7122,34.17,0.879,Waning Crescent,
2003-02-19,17:35:00,14825.6528,Daylit,4.0888,257.0451,-45.4214,73.8986,40.7216,34.18,0.8789,Waning Crescent,
2003-02-19,17:36:00,14118.9821,Daylit,3.8556,257.1214,-45.2036,74.0372,40.731,34.19,0.8789,Waning Crescent,
2003-02-19,17:37:00,13404.7289,Daylit,3.6224,257.1974,-44.9857,74.1748,40.7403,34.2,0.8788,Waning Crescent,
2003-02-19,17:38:00,12682.3521,Daylit,3.389,257.2732,-44.7675,74.3113,40.7497,34.2,0.8788,Waning Crescent,
2003-02-19,17:39:00,11951.2275,Daylit,3.1556,257.3488,-44.5492,74.4469,40.7591,34.21,0.8787,Waning Crescent,
2003-02-19,17:40:00,11210.6288,Daylit,2.9221,257.4241,-44.3308,74.5815,40.7684,34.22,0.8787,Waning Crescent,
2003-02-19,17:41:00,10459.7006,Daylit,2.6886,257.4992,-44.1122,74.7151,40.7778,34.23,0.8786,Waning Crescent,
2003-02-19,17:42:00,9697.4231,Daylit,2.455,257.5741,-43.8934,74.8478,40.7871,34.24,0.8786,Waning Crescent,
2003-02-19,17:43:00,8922.5615,Daylit,2.2213,257.6487,-43.6745,74.9795,40.7965,34.25,0.8785,Waning Crescent,
2003-02-19,17:44:00,8133.5931,Daylit,1.9875,257.7231,-43.4554,75.1104,40.8059,34.26,0.8785,Waning Crescent,
2003-02-19,17:45:00,7328.5982,Daylit,1.7537,257.7974,-43.2362,75.2403,40.8152,34.27,0.8784,Waning Crescent,
2003-02-19,17:46:00,6505.0885,Daylit,1.5198,257.8714,-43.0168,75.3692,40.8246,34.27,0.8784,Waning Crescent,
2003-02-19,17:47:00,5659.7225,Daylit,1.2859,257.9451,-42.7973,75.4974,40.8339,34.28,0.8783,Waning Crescent,
2003-02-19,17:48:00,4787.7973,Daylit,1.0519,258.0187,-42.5776,75.6246,40.8433,34.29,0.8783,Waning Crescent,
2003-02-19,17:49:00,3882.2449,Daylit,0.8178,258.0921,-42.3578,75.751,40.8527,34.3,0.8782,Waning Crescent,
2003-02-19,17:50:00,2931.3427,Daylit,0.5837,258.1652,-42.1379,75.8765,40.862,34.31,0.8781,Waning Crescent,
2003-02-19,17:51:00,1912.0974,Daylit,0.3495,258.2382,-41.9178,76.0012,40.8714,34.32,0.8781,Waning Crescent,
2003-02-19,17:52:00,758.6609,Daylit,0.1152,258.3109,-41.6976,76.1251,40.8807,34.33,0.878,Waning Crescent,
2003-02-19,17:53:00,19.995,Civil Twilight,-0.1191,258.3835,-41.4772,76.2481,40.8901,34.34,0.878,Waning Crescent,
2003-02-19,17:54:00,19.1981,Civil Twilight,-0.3535,258.4558,-41.2567,76.3704,40.8995,34.34,0.8779,Waning Crescent,
2003-02-19,17:55:00,18.4009,Civil Twilight,-0.588,258.528,-41.0361,76.4918,40.9088,34.35,0.8779,Waning Crescent,
2003-02-19,17:56:00,17.6036,Civil Twilight,-0.8225,258.6,-40.8154,76.6125,40.9182,34.36,0.8778,Waning Crescent,
2003-02-19,17:57:00,16.8061,Civil Twilight,-1.057,258.6718,-40.5945,76.7324,40.9275,34.37,0.8778,Waning Crescent,
2003-02-19,17:58:00,16.0084,Civil Twilight,-1.2917,258.7434,-40.3735,76.8516,40.9369,34.38,0.8777,Waning Crescent,
2003-02-19,17:59:00,15.2104,Civil Twilight,-1.5263,258.8148,-40.1524,76.97,40.9463,34.39,0.8777,Waning Crescent,
2003-02-19,18:00:00,14.4123,Civil Twilight,-1.7611,258.886,-39.9311,77.0876,40.9556,34.4,0.8776,Waning Crescent,
2003-02-19,18:01:00,13.614,Civil Twilight,-1.9959,258.957,-39.7098,77.2046,40.965,34.41,0.8776,Waning Crescent,
2003-02-19,18:02:00,12.8155,Civil Twilight,-2.2307,259.0279,-39.4883,77.3208,40.9744,34.42,0.8775,Waning Crescent,
2003-02-19,18:03:00,12.0168,Civil Twilight,-2.4656,259.0986,-39.2667,77.4363,40.9837,34.42,0.8774,Waning Crescent,
2003-02-19,18:04:00,11.2179,Civil Twilight,-2.7006,259.1691,-39.045,77.5512,40.9931,34.43,0.8774,Waning Crescent,
2003-02-19,18:05:00,10.4188,Civil Twilight,-2.9356,259.2395,-38.8231,77.6653,41.0024,34.44,0.8773,Waning Crescent,
2003-02-19,18:06:00,9.6195,Civil Twilight,-3.1707,259.3096,-38.6012,77.7788,41.0118,34.45,0.8773,Waning Crescent,
2003-02-19,18:07:00,8.8201,Civil Twilight,-3.4059,259.3797,-38.3791,77.8916,41.0212,34.46,0.8772,Waning Crescent,
2003-02-19,18:08:00,8.0205,Civil Twilight,-3.641,259.4495,-38.1569,78.0037,41.0305,34.47,0.8772,Waning Crescent,
2003-02-19,18:09:00,7.2206,Civil Twilight,-3.8763,259.5192,-37.9347,78.1152,41.0399,34.48,0.8771,Waning Crescent,
2003-02-19,18:10:00,6.4206,Civil Twilight,-4.1116,259.5887,-37.7123,78.226,41.0492,34.49,0.8771,Waning Crescent,
2003-02-19,18:11:00,5.6205,Civil Twilight,-4.3469,259.6581,-37.4898,78.3362,41.0586,34.49,0.877,Waning Crescent,
2003-02-19,18:12:00,4.8201,Civil Twilight,-4.5823,259.7273,-37.2672,78.4458,41.068,34.5,0.877,Waning Crescent,
2003-02-19,18:13:00,4.0196,Civil Twilight,-4.8178,259.7964,-37.0445,78.5548,41.0773,34.51,0.8769,Waning Crescent,
2003-02-19,18:14:00,3.2189,Civil Twilight,-5.0533,259.8653,-36.8217,78.6632,41.0867,34.52,0.8769,Waning Crescent,
2003-02-19,18:15:00,2.418,Civil Twilight,-5.2888,259.934,-36.5988,78.771,41.096,34.53,0.8768,Waning Crescent,
2003-02-19,18:16:00,1.617,Civil Twilight,-5.5244,260.0026,-36.3757,78.8782,41.1054,34.54,0.8768,Waning Crescent,
2003-02-19,18:17:00,0.8157,Civil Twilight,-5.7601,260.0711,-36.1526,78.9848,41.1148,34.55,0.8767,Waning Crescent,
2003-02-19,18:18:00,0.0144,Civil Twilight,-5.9958,260.1394,-35.9294,79.0908,41.1241,34.56,0.8766,Waning Crescent,
2003-02-19,18:19:00,0.5768,Nautical Twilight,-6.2315,260.2076,-35.7061,79.1963,41.1335,34.57,0.8766,Waning Crescent,
2003-02-19,18:20:00,0.5533,Nautical Twilight,-6.4673,260.2757,-35.4827,79.3012,41.1429,34.57,0.8765,Waning Crescent,
2003-02-19,18:21:00,0.5297,Nautical Twilight,-6.7032,260.3436,-35.2593,79.4056,41.1522,34.58,0.8765,Waning Crescent,
2003-02-19,18:22:00,0.5061,Nautical Twilight,-6.9391,260.4113,-35.0357,79.5094,41.1616,34.59,0.8764,Waning Crescent,
2003-02-19,18:23:00,0.4825,Nautical Twilight,-7.175,260.479,-34.812,79.6127,41.1709,34.6,0.8764,Waning Crescent,
2003-02-19,18:24:00,0.4589,Nautical Twilight,-7.411,260.5465,-34.5882,79.7155,41.1803,34.61,0.8763,Waning Crescent,
2003-02-19,18:25:00,0.4353,Nautical Twilight,-7.647,260.6139,-34.3644,79.8177,41.1897,34.62,0.8763,Waning Crescent,
2003-02-19,18:26:00,0.4117,Nautical Twilight,-7.8831,260.6811,-34.1404,79.9194,41.199,34.63,0.8762,Waning Crescent,
2003-02-19,18:27:00,0.3881,Nautical Twilight,-8.1192,260.7483,-33.9164,80.0207,41.2084,34.64,0.8762,Waning Crescent,
2003-02-19,18:28:00,0.3645,Nautical Twilight,-8.3554,260.8153,-33.6923,80.1214,41.2177,34.64,0.8761,Waning Crescent,
2003-02-19,18:29:00,0.3408,Nautical Twilight,-8.5916,260.8821,-33.4681,80.2216,41.2271,34.65,0.8761,Waning Crescent,
2003-02-19,18:30:00,0.3172,Nautical Twilight,-8.8279,260.9489,-33.2438,80.3214,41.2365,34.66,0.876,Waning Crescent,
2003-02-19,18:31:00,0.2936,Nautical Twilight,-9.0642,261.0156,-33.0194,80.4207,41.2458,34.67,0.8759,Waning Crescent,
2003-02-19,18:32:00,0.2699,Nautical Twilight,-9.3005,261.0821,-32.795,80.5195,41.2552,34.68,0.8759,Waning Crescent,
2003-02-19,18:33:00,0.2463,Nautical Twilight,-9.5369,261.1485,-32.5705,80.6178,41.2645,34.69,0.8758,Waning Crescent,
2003-02-19,18:34:00,0.2227,Nautical Twilight,-9.7734,261.2149,-32.3459,80.7157,41.2739,34.7,0.8758,Waning Crescent,
2003-02-19,18:35:00,0.199,Nautical Twilight,-10.0098,261.2811,-32.1212,80.8131,41.2833,34.71,0.8757,Waning Crescent,
2003-02-19,18:36:00,0.1754,Nautical Twilight,-10.2464,261.3472,-31.8964,80.9101,41.2926,34.72,0.8757,Waning Crescent,
2003-02-19,18:37:00,0.1517,Nautical Twilight,-10.4829,261.4132,-31.6715,81.0066,41.302,34.72,0.8756,Waning Crescent,
2003-02-19,18:38:00,0.128,Nautical Twilight,-10.7195,261.4791,-31.4466,81.1027,41.3113,34.73,0.8756,Waning Crescent,
2003-02-19,18:39:00,0.1044,Nautical Twilight,-10.9562,261.5449,-31.2216,81.1984,41.3207,34.74,0.8755,Waning Crescent,
2003-02-19,18:40:00,0.0807,Nautical Twilight,-11.1929,261.6106,-30.9966,81.2937,41.3301,34.75,0.8755,Waning Crescent,
2003-02-19,18:41:00,0.057,Nautical Twilight,-11.4296,261.6762,-30.7714,81.3885,41.3394,34.76,0.8754,Waning Crescent,
2003-02-19,18:42:00,0.0334,Nautical Twilight,-11.6663,261.7417,-30.5462,81.483,41.3488,34.77,0.8754,Waning Crescent,
2003-02-19,18:43:00,0.0097,Nautical Twilight,-11.9031,261.8071,-30.3209,81.577,41.3582,34.78,0.8753,Waning Crescent,
2003-02-19,18:44:00,0.0059,Astronomical Twilight,-12.14,261.8724,-30.0955,81.6706,41.3675,34.79,0.8752,Waning Crescent,
2003-02-19,18:45:00,0.0056,Astronomical Twilight,-12.3769,261.9377,-29.8701,81.7639,41.3769,34.8,0.8752,Waning Crescent,
2003-02-19,18:46:00,0.0054,Astronomical Twilight,-12.6138,262.0028,-29.6446,81.8567,41.3862,34.8,0.8751,Waning Crescent,
2003-02-19,18:47:00,0.0051,Astronomical Twilight,-12.8507,262.0679,-29.419,81.9492,41.3956,34.81,0.8751,Waning Crescent,
2003-02-19,18:48:00,0.0049,Astronomical Twilight,-13.0877,262.1329,-29.1934,82.0413,41.405,34.82,0.875,Waning Crescent,
2003-02-19,18:49:00,0.0047,Astronomical Twilight,-13.3248,262.1978,-28.9677,82.133,41.4143,34.83,0.875,Waning Crescent,
2003-02-19,18:50:00,0.0044,Astronomical Twilight,-13.5618,262.2626,-28.7419,82.2244,41.4237,34.84,0.8749,Waning Crescent,
2003-02-19,18:51:00,0.0042,Astronomical Twilight,-13.7989,262.3274,-28.5161,82.3154,41.433,34.85,0.8749,Waning Crescent,
2003-02-19,18:52:00,0.004,Astronomical Twilight,-14.0361,262.3921,-28.2902,82.406,41.4424,34.86,0.8748,Waning Crescent,
2003-02-19,18:53:00,0.0037,Astronomical Twilight,-14.2733,262.4567,-28.0642,82.4963,41.4518,34.87,0.8748,Waning Crescent,
2003-02-19,18:54:00,0.0035,Astronomical Twilight,-14.5105,262.5212,-27.8382,82.5862,41.4611,34.87,0.8747,Waning Crescent,
2003-02-19,18:55:00,0.0033,Astronomical Twilight,-14.7477,262.5857,-27.6121,82.6758,41.4705,34.88,0.8746,Waning Crescent,
2003-02-19,18:56:00,0.003,Astronomical Twilight,-14.985,262.6501,-27.3859,82.7651,41.4798,34.89,0.8746,Waning Crescent,
2003-02-19,18:57:00,0.0028,Astronomical Twilight,-15.2223,262.7144,-27.1597,82.8541,41.4892,34.9,0.8745,Waning Crescent,
2003-02-19,18:58:00,0.0025,Astronomical Twilight,-15.4597,262.7787,-26.9334,82.9427,41.4986,34.91,0.8745,Waning Crescent,
2003-02-19,18:59:00,0.0023,Astronomical Twilight,-15.697,262.8429,-26.7071,83.031,41.5079,34.92,0.8744,Waning Crescent,
2003-02-19,19:00:00,0.0021,Astronomical Twilight,-15.9345,262.9071,-26.4807,83.1189,41.5173,34.93,0.8744,Waning Crescent,
2003-02-19,19:01:00,0.0018,Astronomical Twilight,-16.1719,262.9712,-26.2542,83.2066,41.5267,34.94,0.8743,Waning Crescent,
2003-02-19,19:02:00,0.0016,Astronomical Twilight,-16.4094,263.0352,-26.0277,83.2939,41.536,34.95,0.8743,Waning Crescent,
2003-02-19,19:03:00,0.0014,Astronomical Twilight,-16.6469,263.0992,-25.8011,83.381,41.5454,34.95,0.8742,Waning Crescent,
2003-02-19,19:04:00,0.0011,Astronomical Twilight,-16.8845,263.1631,-25.5745,83.4677,41.5547,34.96,0.8742,Waning Crescent,
2003-02-19,19:05:00,0.0009,Astronomical Twilight,-17.122,263.227,-25.3478,83.5542,41.5641,34.97,0.8741,Waning Crescent,
2003-02-19,19:06:00,0.0006,Astronomical Twilight,-17.3597,263.2909,-25.1211,83.6404,41.5735,34.98,0.8741,Waning Crescent,
2003-02-19,19:07:00,0.0004,Astronomical Twilight,-17.5973,263.3547,-24.8943,83.7262,41.5828,34.99,0.874,Waning Crescent,
2003-02-19,19:08:00,0.0002,Astronomical Twilight,-17.835,263.4185,-24.6675,83.8118,41.5922,35.0,0.8739,Waning Crescent,
2003-02-19,19:09:00,0.0,Moonless Night,-18.0727,263.4822,-24.4406,83.8972,41.6015,35.01,0.8739,Waning Crescent,
2003-02-19,19:10:00,0.0,Moonless Night,-18.3104,263.5459,-24.2136,83.9822,41.6109,35.02,0.8738,Waning Crescent,
2003-02-19,19:11:00,0.0,Moonless Night,-18.5482,263.6095,-23.9866,84.067,41.6203,35.03,0.8738,Waning Crescent,
2003-02-19,19:12:00,0.0,Moonless Night,-18.786,263.6731,-23.7596,84.1515,41.6296,35.03,0.8737,Waning Crescent,
2003-02-19,19:13:00,0.0,Moonless Night,-19.0238,263.7367,-23.5325,84.2358,41.639,35.04,0.8737,Waning Crescent,
2003-02-19,19:14:00,0.0,Moonless Night,-19.2617,263.8003,-23.3053,84.3198,41.6483,35.05,0.8736,Waning Crescent,
2003-02-19,19:15:00,0.0,Moonless Night,-19.4995,263.8638,-23.0781,84.4035,41.6577,35.06,0.8736,Waning Crescent,
2003-02-19,19:16:00,0.0,Moonless Night,-19.7374,263.9273,-22.8508,84.487,41.6671,35.07,0.8735,Waning Crescent,
2003-02-19,19:17:00,0.0,Moonless Night,-19.9754,263.9908,-22.6235,84.5703,41.6764,35.08,0.8735,Waning Crescent,
2003-02-19,19:18:00,0.0,Moonless Night,-20.2133,264.0542,-22.3962,84.6533,41.6858,35.09,0.8734,Waning Crescent,
2003-02-19,19:19:00,0.0,Moonless Night,-20.4513,264.1177,-22.1688,84.7361,41.6952,35.1,0.8733,Waning Crescent,
2003-02-19,19:20:00,0.0,Moonless Night,-20.6894,264.1811,-21.9413,84.8186,41.7045,35.11,0.8733,Waning Crescent,
2003-02-19,19:21:00,0.0,Moonless Night,-20.9274,264.2445,-21.7138,84.9009,41.7139,35.11,0.8732,Waning Crescent,
2003-02-19,19:22:00,0.0,Moonless Night,-21.1655,264.3079,-21.4863,84.983,41.7232,35.12,0.8732,Waning Crescent,
2003-02-19,19:23:00,0.0,Moonless Night,-21.4036,264.3713,-21.2587,85.0649,41.7326,35.13,0.8731,Waning Crescent,
2003-02-19,19:24:00,0.0,Moonless Night,-21.6417,264.4346,-21.0311,85.1465,41.742,35.14,0.8731,Waning Crescent,
2003-02-19,19:25:00,0.0,Moonless Night,-21.8799,264.498,-20.8034,85.2279,41.7513,35.15,0.873,Waning Crescent,
2003-02-19,19:26:00,0.0,Moonless Night,-22.118,264.5614,-20.5757,85.3092,41.7607,35.16,0.873,Waning Crescent,
2003-02-19,19:27:00,0.0,Moonless Night,-22.3562,264.6247,-20.348,85.3902,41.77,35.17,0.8729,Waning Crescent,
2003-02-19,19:28:00,0.0,Moonless Night,-22.5945,264.6881,-20.1202,85.471,41.7794,35.18,0.8729,Waning Crescent,
2003-02-19,19:29:00,0.0,Moonless Night,-22.8327,264.7514,-19.8923,85.5516,41.7888,35.18,0.8728,Waning Crescent,
2003-02-19,19:30:00,0.0,Moonless Night,-23.071,264.8148,-19.6644,85.632,41.7981,35.19,0.8727,Waning Crescent,
2003-02-19,19:31:00,0.0,Moonless Night,-23.3093,264.8782,-19.4365,85.7122,41.8075,35.2,0.8727,Waning Crescent,
2003-02-19,19:32:00,0.0,Moonless Night,-23.5476,264.9415,-19.2086,85.7923,41.8168,35.21,0.8726,Waning Crescent,
2003-02-19,19:33:00,0.0,Moonless Night,-23.786,265.0049,-18.9806,85.8721,41.8262,35.22,0.8726,Waning Crescent,
2003-02-19,19:34:00,0.0,Moonless Night,-24.0243,265.0683,-18.7525,85.9517,41.8356,35.23,0.8725,Waning Crescent,
2003-02-19,19:35:00,0.0,Moonless Night,-24.2627,265.1318,-18.5244,86.0312,41.8449,35.24,0.8725,Waning Crescent,
2003-02-19,19:36:00,0.0,Moonless Night,-24.5012,265.1952,-18.2963,86.1105,41.8543,35.25,0.8724,Waning Crescent,
2003-02-19,19:37:00,0.0,Moonless Night,-24.7396,265.2586,-18.0682,86.1897,41.8637,35.26,0.8724,Waning Crescent,
2003-02-19,19:38:00,0.0,Moonless Night,-24.9781,265.3221,-17.84,86.2686,41.873,35.26,0.8723,Waning Crescent,
2003-02-19,19:39:00,0.0,Moonless Night,-25.2165,265.3856,-17.6117,86.3474,41.8824,35.27,0.8723,Waning Crescent,
2003-02-19,19:40:00,0.0,Moonless Night,-25.455,265.4492,-17.3835,86.426,41.8917,35.28,0.8722,Waning Crescent,
2003-02-19,19:41:00,0.0,Moonless Night,-25.6936,265.5127,-17.1552,86.5045,41.9011,35.29,0.8721,Waning Crescent,
2003-02-19,19:42:00,0.0,Moonless Night,-25.9321,265.5763,-16.9268,86.5828,41.9105,35.3,0.8721,Waning Crescent,
2003-02-19,19:43:00,0.0,Moonless Night,-26.1707,265.6399,-16.6984,86.6609,41.9198,35.31,0.872,Waning Crescent,
2003-02-19,19:44:00,0.0,Moonless Night,-26.4093,265.7036,-16.47,86.7389,41.9292,35.32,0.872,Waning Crescent,
2003-02-19,19:45:00,0.0,Moonless Night,-26.6479,265.7673,-16.2416,86.8168,41.9385,35.33,0.8719,Waning Crescent,
2003-02-19,19:46:00,0.0,Moonless Night,-26.8865,265.831,-16.0131,86.8945,41.9479,35.34,0.8719,Waning Crescent,
2003-02-19,19:47:00,0.0,Moonless Night,-27.1251,265.8948,-15.7846,86.9721,41.9573,35.34,0.8718,Waning Crescent,
2003-02-19,19:48:00,0.0,Moonless Night,-27.3638,265.9587,-15.5561,87.0495,41.9666,35.35,0.8718,Waning Crescent,
2003-02-19,19:49:00,0.0,Moonless Night,-27.6025,266.0226,-15.3275,87.1268,41.976,35.36,0.8717,Waning Crescent,
2003-02-19,19:50:00,0.0,Moonless Night,-27.8412,266.0865,-15.0989,87.2039,41.9853,35.37,0.8717,Waning Crescent,
2003-02-19,19:51:00,0.0,Moonless Night,-28.0799,266.1505,-14.8702,87.2809,41.9947,35.38,0.8716,Waning Crescent,
2003-02-19,19:52:00,0.0,Moonless Night,-28.3187,266.2145,-14.6416,87.3578,42.0041,35.39,0.8715,Waning Crescent,
2003-02-19,19:53:00,0.0,Moonless Night,-28.5574,266.2786,-14.4129,87.4346,42.0134,35.4,0.8715,Waning Crescent,
2003-02-19,19:54:00,0.0,Moonless Night,-28.7962,266.3428,-14.1841,87.5113,42.0228,35.41,0.8714,Waning Crescent,
2003-02-19,19:55:00,0.0,Moonless Night,-29.035,266.407,-13.9554,87.5878,42.0322,35.42,0.8714,Waning Crescent,
2003-02-19,19:56:00,0.0,Moonless Night,-29.2738,266.4713,-13.7266,87.6642,42.0415,35.42,0.8713,Waning Crescent,
2003-02-19,19:57:00,0.0,Moonless Night,-29.5126,266.5357,-13.4978,87.7405,42.0509,35.43,0.8713,Waning Crescent,
2003-02-19,19:58:00,0.0,Moonless Night,-29.7514,266.6002,-13.2689,87.8167,42.0602,35.44,0.8712,Waning Crescent,
2003-02-19,19:59:00,0.0,Moonless Night,-29.9903,266.6647,-13.04,87.8928,42.0696,35.45,0.8712,Waning Crescent,
2003-02-19,20:00:00,0.0,Moonless Night,-30.2292,266.7293,-12.8111,87.9688,42.079,35.46,0.8711,Waning Crescent,
2003-02-20,17:00:00,36894.0788,Daylit,12.2997,254.5565,-66.4042,68.5697,53.8568,46.94,0.7949,Waning Crescent,
2003-02-20,17:01:00,36325.4973,Daylit,12.069,254.6428,-66.1941,68.8366,53.8661,46.95,0.7948,Waning Crescent,
2003-02-20,17:02:00,35754.3971,Daylit,11.8382,254.7287,-65.9835,69.0994,53.8754,46.96,0.7948,Waning Crescent,
2003-02-20,17:03:00,35180.7419,Daylit,11.6074,254.8143,-65.7726,69.3582,53.8848,46.96,0.7947,Waning Crescent,
2003-02-20,17:04:00,34604.4936,Daylit,11.3765,254.8996,-65.5613,69.613,53.8941,46.97,0.7946,Waning Crescent,
2003-02-20,17:05:00,34025.612,Daylit,11.1454,254.9845,-65.3496,69.864,53.9034,46.98,0.7946,Waning Crescent,
2003-02-20,17:06:00,33444.0547,Daylit,10.9143,255.0691,-65.1376,70.1113,53.9127,46.99,0.7945,Waning Crescent,
2003-02-20,17:07:00,32859.7771,Daylit,10.6831,255.1534,-64.9252,70.3549,53.9221,47.0,0.7944,Waning Crescent,
2003-02-20,17:08:00,32272.7321,Daylit,10.4518,255.2374,-64.7124,70.5949,53.9314,47.01,0.7944,Waning Crescent,
2003-02-20,17:09:00,31682.8702,Daylit,10.2204,255.3211,-64.4994,70.8315,53.9407,47.02,0.7943,Waning Crescent,
2003-02-20,17:10:00,31090.1387,Daylit,9.9889,255.4044,-64.286,71.0647,53.95,47.03,0.7942,Waning Crescent,
2003-02-20,17:11:00,30494.4822,Daylit,9.7573,255.4874,-64.0723,71.2945,53.9594,47.04,0.7942,Waning Crescent,
2003-02-20,17:12:00,29895.8419,Daylit,9.5257,255.5701,-63.8583,71.5211,53.9687,47.05,0.7941,Waning Crescent,
2003-02-20,17:13:00,29294.1555,Daylit,9.2939,255.6525,-63.6439,71.7446,53.978,47.06,0.794,Waning Crescent,
2003-02-20,17:14:00,28689.3569,Daylit,9.0621,255.7347,-63.4293,71.9649,53.9873,47.07,0.794,Waning Crescent,
2003-02-20,17:15:00,28081.3759,Daylit,8.8302,255.8165,-63.2144,72.1823,53.9966,47.08,0.7939,Waning Crescent,
2003-02-20,17:16:00,27470.1379,Daylit,8.5982,255.898,-62.9993,72.3967,54.006,47.08,0.7939,Waning Crescent,
2003-02-20,17:17:00,26855.5634,Daylit,8.3661,255.9792,-62.7838,72.6081,54.0153,47.09,0.7938,Waning Crescent,
2003-02-20,17:18:00,26237.5677,Daylit,8.1339,256.0602,-62.5681,72.8168,54.0246,47.1,0.7937,Waning Crescent,
2003-02-20,17:19:00,25616.0603,Daylit,7.9017,256.1408,-62.3521,73.0227,54.0339,47.11,0.7937,Waning Crescent,
2003-02-20,17:20:00,24990.9444,Daylit,7.6694,256.2212,-62.1359,73.226,54.0433,47.12,0.7936,Waning Crescent,
2003-02-20,17:21:00,24362.1163,Daylit,7.437,256.3013,-61.9194,73.4266,54.0526,47.13,0.7935,Waning Crescent,
2003-02-20,17:22:00,23729.4647,Daylit,7.2045,256.3811,-61.7027,73.6246,54.0619,47.14,0.7935,Waning Crescent,
2003-02-20,17:23:00,23092.8699,Daylit,6.9719,256.4607,-61.4857,73.8201,54.0712,47.15,0.7934,Waning Crescent,
2003-02-20,17:24:00,22452.203,Daylit,6.7393,256.5399,-61.2685,74.0131,54.0805,47.16,0.7933,Waning Crescent,
2003-02-20,17:25:00,21807.3247,Daylit,6.5066,256.6189,-61.0511,74.2038,54.0899,47.17,0.7933,Waning Crescent,
2003-02-20,17:26:00,21158.0843,Daylit,6.2738,256.6977,-60.8335,74.392,54.0992,47.18,0.7932,Waning Crescent,
2003-02-20,17:27:00,20504.3183,Daylit,6.0409,256.7762,-60.6156,74.578,54.1085,47.19,0.7931,Waning Crescent,
2003-02-20,17:28:00,19845.8485,Daylit,5.8079,256.8544,-60.3976,74.7617,54.1178,47.2,0.7931,Waning Crescent,
2003-02-20,17:29:00,19182.4806,Daylit,5.5749,256.9323,-60.1793,74.9432,54.1271,47.2,0.793,Waning Crescent,
2003-02-20,17:30:00,18514.0019,Daylit,5.3418,257.0101,-59.9608,75.1226,54.1365,47.21,0.7929,Waning Crescent,
2003-02-20,17:31:00,17840.1786,Daylit,5.1087,257.0875,-59.7422,75.2998,54.1458,47.22,0.7929,Waning Crescent,
2003-02-20,17:32:00,17160.7527,Daylit,4.8754,257.1647,-59.5233,75.475,54.1551,47.23,0.7928,Waning Crescent,
2003-02-20,17:33:00,16475.4385,Daylit,4.6421,257.2417,-59.3043,75.6481,54.1644,47.24,0.7927,Waning Crescent,
2003-02-20,17:34:00,15783.918,Daylit,4.4087,257.3184,-59.085,75.8193,54.1738,47.25,0.7927,Waning Crescent,
2003-02-20,17:35:00,15085.8354,Daylit,4.1753,257.3949,-58.8656,75.9885,54.1831,47.26,0.7926,Waning Crescent,
2003-02-20,17:36:00,14380.7905,Daylit,3.9418,257.4712,-58.646,76.1558,54.1924,47.27,0.7925,Waning Crescent,
2003-02-20,17:37:00,13668.33,Daylit,3.7082,257.5472,-58.4262,76.3213,54.2017,47.28,0.7925,Waning Crescent,
2003-02-20,17:38:00,12947.9373,Daylit,3.4745,257.623,-58.2063,76.4849,54.211,47.29,0.7924,Waning Crescent,
2003-02-20,17:39:00,12219.0183,Daylit,3.2408,257.6985,-57.9862,76.6467,54.2204,47.3,0.7923,Waning Crescent,
2003-02-20,17:40:00,11480.8837,Daylit,3.007,257.7739,-57.7659,76.8068,54.2297,47.31,0.7923,Waning Crescent,
2003-02-20,17:41:00,10732.7255,Daylit,2.7731,257.849,-57.5455,76.9652,54.239,47.32,0.7922,Waning Crescent,
2003-02-20,17:42:00,9973.5845,Daylit,2.5392,257.9239,-57.3249,77.1219,54.2483,47.32,0.7921,Waning Crescent,
2003-02-20,17:43:00,9202.3058,Daylit,2.3052,257.9985,-57.1042,77.2769,54.2576,47.33,0.7921,Waning Crescent,
2003-02-20,17:44:00,8417.4748,Daylit,2.0711,258.073,-56.8833,77.4304,54.267,47.34,0.792,Waning Crescent,
2003-02-20,17:45:00,7617.3225,Daylit,1.837,258.1472,-56.6623,77.5822,54.2763,47.35,0.7919,Waning Crescent,
2003-02-20,17:46:00,6799.5796,Daylit,1.6028,258.2212,-56.4411,77.7325,54.2856,47.36,0.7919,Waning Crescent,
2003-02-20,17:47:00,5961.239,Daylit,1.3686,258.2951,-56.2198,77.8813,54.2949,47.37,0.7918,Waning Crescent,
2003-02-20,17:48:00,5098.143,Daylit,1.1343,258.3687,-55.9983,78.0286,54.3043,47.38,0.7917,Waning Crescent,
2003-02-20,17:49:00,4204.2003,Daylit,0.8999,258.4421,-55.7767,78.1744,54.3136,47.39,0.7917,Waning Crescent,
2003-02-20,17:50:00,3269.6967,Daylit,0.6655,258.5153,-55.555,78.3188,54.3229,47.4,0.7916,Waning Crescent,
2003-02-20,17:51:00,2276.8683,Daylit,0.431,258.5883,-55.3332,78.4618,54.3322,47.41,0.7915,Waning Crescent,
2003-02-20,17:52:00,1183.1555,Daylit,0.1964,258.6611,-55.1112,78.6034,54.3415,47.42,0.7915,Waning Crescent,
2003-02-20,17:53:00,20.2701,Civil Twilight,-0.0382,258.7338,-54.8891,78.7437,54.3509,47.43,0.7914,Waning Crescent,
2003-02-20,17:54:00,19.4722,Civil Twilight,-0.2729,258.8062,-54.6669,78.8826,54.3602,47.44,0.7913,Waning Crescent,
2003-02-20,17:55:00,18.6741,Civil Twilight,-0.5076,258.8784,-54.4445,79.0202,54.3695,47.44,0.7913,Waning Crescent,
2003-02-20,17:56:00,17.8758,Civil Twilight,-0.7424,258.9505,-54.222,79.1566,54.3788,47.45,0.7912,Waning Crescent,
2003-02-20,17:57:00,17.0773,Civil Twilight,-0.9773,259.0224,-53.9995,79.2917,54.3881,47.46,0.7911,Waning Crescent,
2003-02-20,17:58:00,16.2786,Civil Twilight,-1.2122,259.094,-53.7768,79.4256,54.3975,47.47,0.7911,Waning Crescent,
2003-02-20,17:59:00,15.4797,Civil Twilight,-1.4472,259.1656,-53.554,79.5583,54.4068,47.48,0.791,Waning Crescent,
2003-02-20,18:00:00,14.6806,Civil Twilight,-1.6822,259.2369,-53.331,79.6897,54.4161,47.49,0.7909,Waning Crescent,
2003-02-20,18:01:00,13.8813,Civil Twilight,-1.9173,259.308,-53.108,79.8201,54.4254,47.5,0.7909,Waning Crescent,
2003-02-20,18:02:00,13.0819,Civil Twilight,-2.1524,259.379,-52.8849,79.9493,54.4347,47.51,0.7908,Waning Crescent,
2003-02-20,18:03:00,12.2823,Civil Twilight,-2.3876,259.4498,-52.6617,80.0774,54.4441,47.52,0.7907,Waning Crescent,
2003-02-20,18:04:00,11.4824,Civil Twilight,-2.6228,259.5205,-52.4383,80.2043,54.4534,47.53,0.7907,Waning Crescent,
2003-02-20,18:05:00,10.6824,Civil Twilight,-2.8581,259.591,-52.2149,80.3302,54.4627,47.54,0.7906,Waning Crescent,
2003-02-20,18:06:00,9.8822,Civil Twilight,-3.0935,259.6613,-51.9914,80.4551,54.472,47.55,0.7906,Waning Crescent,
2003-02-20,18:07:00,9.0819,Civil Twilight,-3.3289,259.7314,-51.7677,80.5789,54.4813,47.56,0.7905,Waning Crescent,
2003-02-20,18:08:00,8.2813,Civil Twilight,-3.5643,259.8014,-51.544,80.7017,54.4907,47.56,0.7904,Waning Crescent,
2003-02-20,18:09:00,7.4806,Civil Twilight,-3.7998,259.8713,-51.3202,80.8234,54.5,47.57,0.7904,Waning Crescent,
2003-02-20,18:10:00,6.6797,Civil Twilight,-4.0354,259.941,-51.0963,80.9442,54.5093,47.58,0.7903,Waning Crescent,
2003-02-20,18:11:00,5.8787,Civil Twilight,-4.271,260.0105,-50.8723,81.0641,54.5186,47.59,0.7902,Waning Crescent,
2003-02-20,18:12:00,5.0774,Civil Twilight,-4.5066,260.0799,-50.6482,81.183,54.5279,47.6,0.7902,Waning Crescent,
2003-02-20,18:13:00,4.276,Civil Twilight,-4.7424,260.1491,-50.4241,81.3009,54.5372,47.61,0.7901,Waning Crescent,
2003-02-20,18:14:00,3.4744,Civil Twilight,-4.9781,260.2182,-50.1998,81.418,54.5466,47.62,0.79,Waning Crescent,
2003-02-20,18:15:00,2.6727,Civil Twilight,-5.2139,260.2872,-49.9755,81.5341,54.5559,47.63,0.79,Waning Crescent,
2003-02-20,18:16:00,1.8708,Civil Twilight,-5.4498,260.356,-49.7511,81.6494,54.5652,47.64,0.7899,Waning Crescent,
2003-02-20,18:17:00,1.0687,Civil Twilight,-5.6857,260.4246,-49.5266,81.7638,54.5745,47.65,0.7898,Waning Crescent,
2003-02-20,18:18:00,0.2665,Civil Twilight,-5.9216,260.4932,-49.302,81.8773,54.5838,47.66,0.7898,Waning Crescent,
2003-02-20,18:19:00,0.5842,Nautical Twilight,-6.1576,260.5615,-49.0773,81.99,54.5932,47.67,0.7897,Waning Crescent,
2003-02-20,18:20:00,0.5606,Nautical Twilight,-6.3937,260.6298,-48.8526,82.1019,54.6025,47.68,0.7896,Waning Crescent,
2003-02-20,18:21:00,0.537,Nautical Twilight,-6.6298,260.6979,-48.6278,82.213,54.6118,47.68,0.7896,Waning Crescent,
2003-02-20,18:22:00,0.5134,Nautical Twilight,-6.8659,260.7659,-48.4029,82.3232,54.6211,47.69,0.7895,Waning Crescent,
2003-02-20,18:23:00,0.4898,Nautical Twilight,-7.1021,260.8338,-48.178,82.4327,54.6304,47.7,0.7894,Waning Crescent,
2003-02-20,18:24:00,0.4662,Nautical Twilight,-7.3383,260.9016,-47.953,82.5415,54.6398,47.71,0.7894,Waning Crescent,
2003-02-20,18:25:00,0.4425,Nautical Twilight,-7.5746,260.9692,-47.7279,82.6495,54.6491,47.72,0.7893,Waning Crescent,
2003-02-20,18:26:00,0.4189,Nautical Twilight,-7.8109,261.0367,-47.5027,82.7567,54.6584,47.73,0.7892,Waning Crescent,
2003-02-20,18:27:00,0.3953,Nautical Twilight,-8.0473,261.1041,-47.2775,82.8632,54.6677,47.74,0.7892,Waning Crescent,
2003-02-20,18:28:00,0.3716,Nautical Twilight,-8.2837,261.1713,-47.0522,82.969,54.677,47.75,0.7891,Waning Crescent,
2003-02-20,18:29:00,0.348,Nautical Twilight,-8.5201,261.2385,-46.8269,83.0741,54.6863,47.76,0.789,Waning Crescent,
2003-02-20,18:30:00,0.3243,Nautical Twilight,-8.7566,261.3055,-46.6014,83.1785,54.6957,47.77,0.789,Waning Crescent,
2003-02-20,18:31:00,0.3007,Nautical Twilight,-8.9932,261.3725,-46.376,83.2822,54.705,47.78,0.7889,Waning Crescent,
2003-02-20,18:32:00,0.277,Nautical Twilight,-9.2297,261.4393,-46.1504,83.3853,54.7143,47.79,0.7888,Waning Crescent,
2003-02-20,18:33:00,0.2534,Nautical Twilight,-9.4664,261.506,-45.9248,83.4877,54.7236,47.8,0.7888,Waning Crescent,
2003-02-20,18:34:00,0.2297,Nautical Twilight,-9.703,261.5726,-45.6991,83.5894,54.7329,47.8,0.7887,Waning Crescent,
2003-02-20,18:35:00,0.206,Nautical Twilight,-9.9397,261.6392,-45.4734,83.6905,54.7423,47.81,0.7886,Waning Crescent,
2003-02-20,18:36:00,0.1824,Nautical Twilight,-10.1765,261.7056,-45.2476,83.791,54.7516,47.82,0.7886,Waning Crescent,
2003-02-20,18:37:00,0.1587,Nautical Twilight,-10.4132,261.7719,-45.0218,83.8909,54.7609,47.83,0.7885,Waning Crescent,
2003-02-20,18:38:00,0.135,Nautical Twilight,-10.6501,261.8381,-44.7959,83.9902,54.7702,47.84,0.7884,Waning Crescent,
2003-02-20,18:39:00,0.1113,Nautical Twilight,-10.8869,261.9042,-44.57,84.0888,54.7795,47.85,0.7884,Waning Crescent,
2003-02-20,18:40:00,0.0876,Nautical Twilight,-11.1238,261.9703,-44.344,84.1869,54.7888,47.86,0.7883,Waning Crescent,
2003-02-20,18:41:00,0.0639,Nautical Twilight,-11.3608,262.0362,-44.1179,84.2845,54.7982,47.87,0.7882,Waning Crescent,
2003-02-20,18:42:00,0.0402,Nautical Twilight,-11.5977,262.1021,-43.8918,84.3814,54.8075,47.88,0.7882,Waning Crescent,
2003-02-20,18:43:00,0.0165,Nautical Twilight,-11.8347,262.1678,-43.6656,84.4778,54.8168,47.89,0.7881,Waning Crescent,
2003-02-20,18:44:00,0.0059,Astronomical Twilight,-12.0718,262.2335,-43.4394,84.5737,54.8261,47.9,0.788,Waning Crescent,
2003-02-20,18:45:00,0.0057,Astronomical Twilight,-12.3089,262.2991,-43.2132,84.669,54.8354,47.91,0.788,Waning Crescent,
2003-02-20,18:46:00,0.0055,Astronomical Twilight,-12.546,262.3647,-42.9869,84.7638,54.8448,47.92,0.7879,Waning Crescent,
2003-02-20,18:47:00,0.0052,Astronomical Twilight,-12.7832,262.4301,-42.7605,84.8581,54.8541,47.92,0.7878,Waning Crescent,
2003-02-20,18:48:00,0.005,Astronomical Twilight,-13.0204,262.4955,-42.5341,84.9519,54.8634,47.93,0.7878,Waning Crescent,
2003-02-20,18:49:00,0.0047,Astronomical Twilight,-13.2576,262.5608,-42.3077,85.0451,54.8727,47.94,0.7877,Waning Crescent,
2003-02-20,18:50:00,0.0045,Astronomical Twilight,-13.4949,262.626,-42.0812,85.1379,54.882,47.95,0.7876,Waning Crescent,
2003-02-20,18:51:00,0.0043,Astronomical Twilight,-13.7322,262.6912,-41.8546,85.2302,54.8913,47.96,0.7876,Waning Crescent,
2003-02-20,18:52:00,0.004,Astronomical Twilight,-13.9695,262.7563,-41.6281,85.322,54.9007,47.97,0.7875,Waning Crescent,
2003-02-20,18:53:00,0.0038,Astronomical Twilight,-14.2069,262.8213,-41.4014,85.4134,54.91,47.98,0.7874,Waning Crescent,
2003-02-20,18:54:00,0.0036,Astronomical Twilight,-14.4443,262.8863,-41.1748,85.5042,54.9193,47.99,0.7874,Waning Crescent,
2003-02-20,18:55:00,0.0033,Astronomical Twilight,-14.6817,262.9512,-40.9481,85.5947,54.9286,48.0,0.7873,Waning Crescent,
2003-02-20,18:56:00,0.0031,Astronomical Twilight,-14.9192,263.016,-40.7213,85.6846,54.9379,48.01,0.7872,Waning Crescent,
2003-02-20,18:57:00,0.0028,Astronomical Twilight,-15.1567,263.0808,-40.4945,85.7742,54.9472,48.02,0.7872,Waning Crescent,
2003-02-20,18:58:00,0.0026,Astronomical Twilight,-15.3943,263.1455,-40.2677,85.8633,54.9566,48.03,0.7871,Waning Crescent,
2003-02-20,18:59:00,0.0024,Astronomical Twilight,-15.6318,263.2102,-40.0408,85.952,54.9659,48.03,0.787,Waning Crescent,
2003-02-20,19:00:00,0.0021,Astronomical Twilight,-15.8694,263.2748,-39.8139,86.0403,54.9752,48.04,0.787,Waning Crescent,
2003-02-20,19:01:00,0.0019,Astronomical Twilight,-16.1071,263.3394,-39.587,86.1281,54.9845,48.05,0.7869,Waning Crescent,
2003-02-20,19:02:00,0.0017,Astronomical Twilight,-16.3447,263.4039,-39.36,86.2156,54.9938,48.06,0.7868,Waning Crescent,
2003-02-20,19:03:00,0.0014,Astronomical Twilight,-16.5824,263.4684,-39.133,86.3026,55.0031,48.07,0.7868,Waning Crescent,
2003-02-20,19:04:00,0.0012,Astronomical Twilight,-16.8202,263.5329,-38.9059,86.3893,55.0125,48.08,0.7867,Waning Crescent,
2003-02-20,19:05:00,0.0009,Astronomical Twilight,-17.0579,263.5973,-38.6788,86.4756,55.0218,48.09,0.7866,Waning Crescent,
2003-02-20,19:06:00,0.0007,Astronomical Twilight,-17.2957,263.6616,-38.4517,86.5615,55.0311,48.1,0.7866,Waning Crescent,
2003-02-20,19:07:00,0.0005,Astronomical Twilight,-17.5335,263.726,-38.2245,86.647,55.0404,48.11,0.7865,Waning Crescent,
2003-02-20,19:08:00,0.0002,Astronomical Twilight,-17.7714,263.7902,-37.9973,86.7322,55.0497,48.12,0.7864,Waning Crescent,
2003-02-20,19:09:00,0.0,Moonless Night,-18.0093,263.8545,-37.7701,86.817,55.059,48.13,0.7864,Waning Crescent,
2003-02-20,19:10:00,0.0,Moonless Night,-18.2472,263.9187,-37.5429,86.9015,55.0683,48.14,0.7863,Waning Crescent,
2003-02-20,19:11:00,0.0,Moonless Night,-18.4851,263.9829,-37.3156,86.9856,55.0777,48.15,0.7862,Waning Crescent,
2003-02-20,19:12:00,0.0,Moonless Night,-18.7231,264.0471,-37.0882,87.0694,55.087,48.15,0.7862,Waning Crescent,
2003-02-20,19:13:00,0.0,Moonless Night,-18.9611,264.1113,-36.8609,87.1528,55.0963,48.16,0.7861,Waning Crescent,
2003-02-20,19:14:00,0.0,Moonless Night,-19.1991,264.1754,-36.6335,87.2359,55.1056,48.17,0.786,Waning Crescent,
2003-02-20,19:15:00,0.0,Moonless Night,-19.4371,264.2395,-36.4061,87.3187,55.1149,48.18,0.786,Waning Crescent,
2003-02-20,19:16:00,0.0,Moonless Night,-19.6752,264.3036,-36.1787,87.4012,55.1242,48.19,0.7859,Waning Crescent,
2003-02-20,19:17:00,0.0,Moonless Night,-19.9133,264.3676,-35.9512,87.4833,55.1336,48.2,0.7858,Waning Crescent,
2003-02-20,19:18:00,0.0,Moonless Night,-20.1514,264.4317,-35.7237,87.5652,55.1429,48.21,0.7858,Waning Crescent,
2003-02-20,19:19:00,0.0,Moonless Night,-20.3896,264.4958,-35.4962,87.6467,55.1522,48.22,0.7857,Waning Crescent,
2003-02-20,19:20:00,0.0,Moonless Night,-20.6278,264.5598,-35.2686,87.728,55.1615,48.23,0.7856,Waning Crescent,
2003-02-20,19:21:00,0.0,Moonless Night,-20.866,264.6238,-35.041,87.8089,55.1708,48.24,0.7856,Waning Crescent,
2003-02-20,19:22:00,0.0,Moonless Night,-21.1042,264.6879,-34.8134,87.8896,55.1801,48.25,0.7855,Waning Crescent,
2003-02-20,19:23:00,0.0,Moonless Night,-21.3424,264.7519,-34.5858,87.97,55.1895,48.26,0.7854,Waning Crescent,
2003-02-20,19:24:00,0.0,Moonless Night,-21.5807,264.8159,-34.3581,88.0501,55.1988,48.27,0.7854,Waning Crescent,
2003-02-20,19:25:00,0.0,Moonless Night,-21.819,264.8799,-34.1305,88.1299,55.2081,48.27,0.7853,Waning Crescent,
2003-02-20,19:26:00,0.0,Moonless Night,-22.0573,264.944,-33.9028,88.2095,55.2174,48.28,0.7852,Waning Crescent,
2003-02-20,19:27:00,0.0,Moonless Night,-22.2957,265.008,-33.675,88.2888,55.2267,48.29,0.7852,Waning Crescent,
2003-02-20,19:28:00,0.0,Moonless Night,-22.5341,265.072,-33.4473,88.3679,55.236,48.3,0.7851,Waning Crescent,
2003-02-20,19:29:00,0.0,Moonless Night,-22.7725,265.1361,-33.2195,88.4467,55.2453,48.31,0.785,Waning Crescent,
2003-02-20,19:30:00,0.0,Moonless Night,-23.0109,265.2002,-32.9917,88.5252,55.2547,48.32,0.785,Waning Crescent,
2003-02-20,19:31:00,0.0,Moonless Night,-23.2493,265.2643,-32.7639,88.6035,55.264,48.33,0.7849,Waning Crescent,
2003-02-20,19:32:00,0.0,Moonless Night,-23.4878,265.3284,-32.5361,88.6816,55.2733,48.34,0.7848,Waning Crescent,
2003-02-20,19:33:00,0.0,Moonless Night,-23.7263,265.3925,-32.3082,88.7594,55.2826,48.35,0.7848,Waning Crescent,
2003-02-20,19:34:00,0.0,Moonless Night,-23.9648,265.4566,-32.0803,88.837,55.2919,48.36,0.7847,Waning Crescent,
2003-02-20,19:35:00,0.0,Moonless Night,-24.2033,265.5208,-31.8524,88.9144,55.3012,48.37,0.7846,Waning Crescent,
2003-02-20,19:36:00,0.0,Moonless Night,-24.4418,265.585,-31.6245,88.9915,55.3105,48.38,0.7846,Waning Crescent,
2003-02-20,19:37:00,0.0,Moonless Night,-24.6804,265.6492,-31.3966,89.0684,55.3199,48.39,0.7845,Waning Crescent,
2003-02-20,19:38:00,0.0,Moonless Night,-24.919,265.7135,-31.1686,89.1451,55.3292,48.39,0.7844,Waning Crescent,
2003-02-20,19:39:00,0.0,Moonless Night,-25.1576,265.7778,-30.9406,89.2217,55.3385,48.4,0.7844,Waning Crescent,
2003-02-20,19:40:00,0.0,Moonless Night,-25.3962,265.8421,-30.7126,89.2979,55.3478,48.41,0.7843,Waning Crescent,
2003-02-20,19:41:00,0.0,Moonless Night,-25.6349,265.9065,-30.4846,89.374,55.3571,48.42,0.7842,Waning Crescent,
2003-02-20,19:42:00,0.0,Moonless Night,-25.8736,265.9709,-30.2566,89.4499,55.3664,48.43,0.7842,Waning Crescent,
2003-02-20,19:43:00,0.0,Moonless Night,-26.1123,266.0353,-30.0285,89.5256,55.3757,48.44,0.7841,Waning Crescent,
2003-02-20,19:44:00,0.0,Moonless Night,-26.351,266.0998,-29.8005,89.6011,55.3851,48.45,0.784,Waning Crescent,
2003-02-20,19:45:00,0.0,Moonless Night,-26.5897,266.1644,-29.5724,89.6765,55.3944,48.46,0.784,Waning Crescent,
2003-02-20,19:46:00,0.0,Moonless Night,-26.8284,266.229,-29.3443,89.7516,55.4037,48.47,0.7839,Waning Crescent,
2003-02-20,19:47:00,0.0,Moonless Night,-27.0672,266.2936,-29.1162,89.8266,55.413,48.48,0.7838,Waning Crescent,
2003-02-20,19:48:00,0.0,Moonless Night,-27.306,266.3583,-28.8881,89.9013,55.4223,48.49,0.7838,Waning Crescent,
2003-02-20,19:49:00,0.0,Moonless Night,-27.5448,266.4231,-28.6599,89.9759,55.4316,48.5,0.7837,Waning Crescent,
2003-02-20,19:50:00,0.0,Moonless Night,-27.7836,266.4879,-28.4318,90.0504,55.4409,48.51,0.7836,Waning Crescent,
2003-02-20,19:51:00,0.0,Moonless Night,-28.0224,266.5528,-28.2036,90.1247,55.4503,48.51,0.7836,Waning Crescent,
2003-02-20,19:52:00,0.0,Moonless Night,-28.2612,266.6178,-27.9754,90.1988,55.4596,48.52,0.7835,Waning Crescent,
2003-02-20,19:53:00,0.0,Moonless Night,-28.5001,266.6829,-27.7472,90.2727,55.4689,48.53,0.7834,Waning Crescent,
2003-02-20,19:54:00,0.0,Moonless Night,-28.739,266.748,-27.519,90.3465,55.4782,48.54,0.7834,Waning Crescent,
2003-02-20,19:55:00,0.0,Moonless Night,-28.9779,266.8132,-27.2908,90.4202,55.4875,48.55,0.7833,Waning Crescent,
2003-02-20,19:56:00,0.0,Moonless Night,-29.2168,266.8784,-27.0626,90.4937,55.4968,48.56,0.7832,Waning Crescent,
2003-02-20,19:57:00,0.0,Moonless Night,-29.4557,266.9438,-26.8343,90.567,55.5061,48.57,0.7832,Waning Crescent,
2003-02-20,19:58:00,0.0,Moonless Night,-29.6946,267.0092,-26.6061,90.6402,55.5154,48.58,0.7831,Waning Crescent,
2003-02-20,19:59:00,0.0,Moonless Night,-29.9336,267.0747,-26.3778,90.7133,55.5248,48.59,0.783,Waning Crescent,
2003-02-20,20:00:00,0.0,Moonless Night,-30.1726,267.1403,-26.1496,90.7863,55.5341,48.6,0.783,Waning Crescent,
2003-02-21,17:00:00,37132.6788,Daylit,12.3967,254.9139,-79.7357,69.31,67.2126,60.03,0.6937,Waning Gibbous,
2003-02-21,17:01:00,36564.0777,Daylit,12.1657,255.0,-79.5244,69.8321,67.2219,60.04,0.6936,Waning Gibbous,
2003-02-21,17:02:00,35992.9708,Daylit,11.9345,255.0857,-79.3123,70.3347,67.2311,60.05,0.6935,Waning Gibbous,
2003-02-21,17:03:00,35419.3225,Daylit,11.7033,255.1712,-79.0996,70.8191,67.2403,60.06,0.6934,Waning Gibbous,
2003-02-21,17:04:00,34843.0953,Daylit,11.472,255.2562,-78.8862,71.2862,67.2495,60.07,0.6934,Waning Gibbous,
2003-02-21,17:05:00,34264.2495,Daylit,11.2406,255.341,-78.6722,71.7369,67.2587,60.08,0.6933,Waning Gibbous,
2003-02-21,17:06:00,33682.7437,Daylit,11.009,255.4254,-78.4577,72.172,67.2679,60.09,0.6932,Waning Gibbous,
2003-02-21,17:07:00,33098.5339,Daylit,10.7774,255.5096,-78.2426,72.5925,67.2772,60.09,0.6931,Waning Gibbous,
2003-02-21,17:08:00,32511.5738,Daylit,10.5458,255.5934,-78.0269,72.9991,67.2864,60.1,0.6931,Waning Gibbous,
2003-02-21,17:09:00,31921.8148,Daylit,10.314,255.6769,-77.8108,73.3924,67.2956,60.11,0.693,Waning Gibbous,
2003-02-21,17:10:00,31329.2051,Daylit,10.0821,255.76,-77.5943,73.7731,67.3048,60.12,0.6929,Waning Gibbous,
2003-02-21,17:11:00,30733.6904,Daylit,9.8502,255.8429,-77.3773,74.1419,67.314,60.13,0.6928,Waning Gibbous,
2003-02-21,17:12:00,30135.2128,Daylit,9.6182,255.9255,-77.1598,74.4994,67.3233,60.14,0.6928,Waning Gibbous,
2003-02-21,17:13:00,29533.7113,Daylit,9.3861,256.0078,-76.942,74.8461,67.3325,60.15,0.6927,Waning Gibbous,
2003-02-21,17:14:00,28929.1211,Daylit,9.1539,256.0897,-76.7238,75.1824,67.3417,60.16,0.6926,Waning Gibbous,
2003-02-21,17:15:00,28321.3733,Daylit,8.9216,256.1714,-76.5053,75.509,67.3509,60.17,0.6925,Waning Gibbous,
2003-02-21,17:16:00,27710.3948,Daylit,8.6892,256.2528,-76.2864,75.8262,67.3601,60.17,0.6925,Waning Gibbous,
2003-02-21,17:17:00,27096.1077,Daylit,8.4568,256.3339,-76.0672,76.1345,67.3693,60.18,0.6924,Waning Gibbous,
2003-02-21,17:18:00,26478.429,Daylit,8.2243,256.4148,-75.8477,76.4342,67.3786,60.19,0.6923,Waning Gibbous,
2003-02-21,17:19:00,25857.2702,Daylit,7.9917,256.4953,-75.6279,76.7258,67.3878,60.2,0.6922,Waning Gibbous,
2003-02-21,17:20:00,25232.5366,Daylit,7.759,256.5756,-75.4078,77.0097,67.397,60.21,0.6922,Waning Gibbous,
2003-02-21,17:21:00,24604.1268,Daylit,7.5263,256.6556,-75.1874,77.2861,67.4062,60.22,0.6921,Waning Gibbous,
2003-02-21,17:22:00,23971.9321,Daylit,7.2934,256.7353,-74.9668,77.5553,67.4154,60.23,0.692,Waning Gibbous,
2003-02-21,17:23:00,23335.8356,Daylit,7.0605,256.8147,-74.746,77.8178,67.4246,60.24,0.6919,Waning Gibbous,
2003-02-21,17:24:00,22695.7115,Daylit,6.8275,256.8939,-74.5249,78.0737,67.4339,60.24,0.6919,Waning Gibbous,
2003-02-21,17:25:00,22051.4239,Daylit,6.5945,256.9729,-74.3036,78.3234,67.4431,60.25,0.6918,Waning Gibbous,
2003-02-21,17:26:00,21402.8262,Daylit,6.3613,257.0515,-74.082,78.5671,67.4523,60.26,0.6917,Waning Gibbous,
2003-02-21,17:27:00,20749.7589,Daylit,6.1281,257.1299,-73.8603,78.8049,67.4615,60.27,0.6917,Waning Gibbous,
2003-02-21,17:28:00,20092.0491,Daylit,5.8949,257.2081,-73.6384,79.0373,67.4707,60.28,0.6916,Waning Gibbous,
2003-02-21,17:29:00,19429.5079,Daylit,5.6615,257.286,-73.4163,79.2644,67.4799,60.29,0.6915,Waning Gibbous,
2003-02-21,17:30:00,18761.9288,Daylit,5.4281,257.3637,-73.194,79.4863,67.4891,60.3,0.6914,Waning Gibbous,
2003-02-21,17:31:00,18089.0853,Daylit,5.1946,257.4411,-72.9715,79.7033,67.4984,60.31,0.6914,Waning Gibbous,
2003-02-21,17:32:00,17410.7276,Daylit,4.961,257.5182,-72.7489,79.9157,67.5076,60.32,0.6913,Waning Gibbous,
2003-02-21,17:33:00,16726.5797,Daylit,4.7274,257.5952,-72.5261,80.1234,67.5168,60.32,0.6912,Waning Gibbous,
2003-02-21,17:34:00,16036.3346,Daylit,4.4937,257.6719,-72.3032,80.3268,67.526,60.33,0.6911,Waning Gibbous,
2003-02-21,17:35:00,15339.6496,Daylit,4.2599,257.7483,-72.0801,80.526,67.5352,60.34,0.6911,Waning Gibbous,
2003-02-21,17:36:00,14636.1401,Daylit,4.0261,257.8245,-71.8568,80.7212,67.5444,60.35,0.691,Waning Gibbous,
2003-02-21,17:37:00,13925.3713,Daylit,3.7922,257.9005,-71.6335,80.9124,67.5537,60.36,0.6909,Waning Gibbous,
2003-02-21,17:38:00,13206.8488,Daylit,3.5582,257.9763,-71.41,81.0998,67.5629,60.37,0.6908,Waning Gibbous,
2003-02-21,17:39:00,12480.0058,Daylit,3.3241,258.0519,-71.1863,81.2837,67.5721,60.38,0.6908,Waning Gibbous,
2003-02-21,17:40:00,11744.1868,Daylit,3.09,258.1272,-70.9626,81.464,67.5813,60.39,0.6907,Waning Gibbous,
2003-02-21,17:41:00,10998.6262,Daylit,2.8559,258.2023,-70.7387,81.6409,67.5905,60.39,0.6906,Waning Gibbous,
2003-02-21,17:42:00,10242.4191,Daylit,2.6216,258.2772,-70.5147,81.8145,67.5997,60.4,0.6905,Waning Gibbous,
2003-02-21,17:43:00,9474.4816,Daylit,2.3873,258.3519,-70.2907,81.985,67.6089,60.41,0.6905,Waning Gibbous,
2003-02-21,17:44:00,8693.494,Daylit,2.153,258.4263,-70.0665,82.1525,67.6182,60.42,0.6904,Waning Gibbous,
2003-02-21,17:45:00,7897.8184,Daylit,1.9185,258.5006,-69.8422,82.3169,67.6274,60.43,0.6903,Waning Gibbous,
2003-02-21,17:46:00,7085.3729,Daylit,1.6841,258.5747,-69.6178,82.4786,67.6366,60.44,0.6902,Waning Gibbous,
2003-02-21,17:47:00,6253.4312,Daylit,1.4495,258.6485,-69.3933,82.6374,67.6458,60.45,0.6902,Waning Gibbous,
2003-02-21,17:48:00,5398.2829,Daylit,1.2149,258.7222,-69.1687,82.7936,67.655,60.46,0.6901,Waning Gibbous,
2003-02-21,17:49:00,4514.6089,Daylit,0.9802,258.7956,-68.9441,82.9472,67.6642,60.46,0.69,Waning Gibbous,
2003-02-21,17:50:00,3594.1993,Daylit,0.7455,258.8689,-68.7193,83.0984,67.6734,60.47,0.6899,Waning Gibbous,
2003-02-21,17:51:00,2622.8423,Daylit,0.5107,258.9419,-68.4945,83.247,67.6827,60.48,0.6899,Waning Gibbous,
2003-02-21,17:52:00,1570.2665,Daylit,0.2759,259.0148,-68.2696,83.3934,67.6919,60.49,0.6898,Waning Gibbous,
2003-02-21,17:53:00,320.6799,Daylit,0.041,259.0875,-68.0446,83.5374,67.7011,60.5,0.6897,Waning Gibbous,
2003-02-21,17:54:00,19.7404,Civil Twilight,-0.194,259.16,-67.8195,83.6793,67.7103,60.51,0.6896,Waning Gibbous,
2003-02-21,17:55:00,18.9414,Civil Twilight,-0.429,259.2323,-67.5944,83.819,67.7195,60.52,0.6896,Waning Gibbous,
2003-02-21,17:56:00,18.1421,Civil Twilight,-0.6641,259.3044,-67.3692,83.9566,67.7287,60.53,0.6895,Waning Gibbous,
2003-02-21,17:57:00,17.3427,Civil Twilight,-0.8992,259.3764,-67.1439,84.0922,67.7379,60.54,0.6894,Waning Gibbous,
2003-02-21,17:58:00,16.543,Civil Twilight,-1.1344,259.4482,-66.9186,84.2259,67.7471,60.54,0.6893,Waning Gibbous,
2003-02-21,17:59:00,15.7432,Civil Twilight,-1.3696,259.5198,-66.6932,84.3577,67.7564,60.55,0.6893,Waning Gibbous,
2003-02-21,18:00:00,14.9432,Civil Twilight,-1.6049,259.5912,-66.4677,84.4876,67.7656,60.56,0.6892,Waning Gibbous,
2003-02-21,18:01:00,14.143,Civil Twilight,-1.8403,259.6625,-66.2422,84.6157,67.7748,60.57,0.6891,Waning Gibbous,
2003-02-21,18:02:00,13.3427,Civil Twilight,-2.0757,259.7336,-66.0166,84.7421,67.784,60.58,0.689,Waning Gibbous,
2003-02-21,18:03:00,12.5421,Civil Twilight,-2.3111,259.8045,-65.791,84.8668,67.7932,60.59,0.689,Waning Gibbous,
2003-02-21,18:04:00,11.7414,Civil Twilight,-2.5467,259.8753,-65.5653,84.9899,67.8024,60.6,0.6889,Waning Gibbous,
2003-02-21,18:05:00,10.9405,Civil Twilight,-2.7822,259.9459,-65.3395,85.1114,67.8116,60.61,0.6888,Waning Gibbous,
2003-02-21,18:06:00,10.1394,Civil Twilight,-3.0178,260.0163,-65.1137,85.2313,67.8208,60.61,0.6888,Waning Gibbous,
2003-02-21,18:07:00,9.3381,Civil Twilight,-3.2535,260.0866,-64.8879,85.3498,67.8301,60.62,0.6887,Waning Gibbous,
2003-02-21,18:08:00,8.5367,Civil Twilight,-3.4892,260.1568,-64.662,85.4667,67.8393,60.63,0.6886,Waning Gibbous,
2003-02-21,18:09:00,7.7351,Civil Twilight,-3.725,260.2268,-64.4361,85.5822,67.8485,60.64,0.6885,Waning Gibbous,
2003-02-21,18:10:00,6.9333,Civil Twilight,-3.9608,260.2966,-64.2101,85.6964,67.8577,60.65,0.6885,Waning Gibbous,
2003-02-21,18:11:00,6.1314,Civil Twilight,-4.1966,260.3663,-63.9841,85.8092,67.8669,60.66,0.6884,Waning Gibbous,
2003-02-21,18:12:00,5.3293,Civil Twilight,-4.4326,260.4359,-63.758,85.9207,67.8761,60.67,0.6883,Waning Gibbous,
2003-02-21,18:13:00,4.527,Civil Twilight,-4.6685,260.5053,-63.5319,86.0309,67.8853,60.68,0.6882,Waning Gibbous,
2003-02-21,18:14:00,3.7246,Civil Twilight,-4.9045,260.5745,-63.3058,86.1398,67.8945,60.68,0.6882,Waning Gibbous,
2003-02-21,18:15:00,2.922,Civil Twilight,-5.1406,260.6437,-63.0796,86.2476,67.9038,60.69,0.6881,Waning Gibbous,
2003-02-21,18:16:00,2.1193,Civil Twilight,-5.3767,260.7127,-62.8534,86.3541,67.913,60.7,0.688,Waning Gibbous,
2003-02-21,18:17:00,1.3164,Civil Twilight,-5.6128,260.7815,-62.6271,86.4595,67.9222,60.71,0.6879,Waning Gibbous,
2003-02-21,18:18:00,0.5133,Civil Twilight,-5.849,260.8502,-62.4008,86.5638,67.9314,60.72,0.6879,Waning Gibbous,
2003-02-21,18:19:00,0.5915,Nautical Twilight,-6.0853,260.9188,-62.1745,86.667,67.9406,60.73,0.6878,Waning Gibbous,
2003-02-21,18:20:00,0.5678,Nautical Twilight,-6.3216,260.9873,-61.9481,86.7691,67.9498,60.74,0.6877,Waning Gibbous,
2003-02-21,18:21:00,0.5442,Nautical Twilight,-6.5579,261.0557,-61.7217,86.8702,67.959,60.75,0.6876,Waning Gibbous,
2003-02-21,18:22:00,0.5206,Nautical Twilight,-6.7943,261.1239,-61.4953,86.9703,67.9682,60.75,0.6876,Waning Gibbous,
2003-02-21,18:23:00,0.4969,Nautical Twilight,-7.0307,261.192,-61.2689,87.0694,67.9774,60.76,0.6875,Waning Gibbous,
2003-02-21,18:24:00,0.4733,Nautical Twilight,-7.2671,261.26,-61.0424,87.1675,67.9867,60.77,0.6874,Waning Gibbous,
2003-02-21,18:25:00,0.4496,Nautical Twilight,-7.5037,261.3278,-60.8159,87.2647,67.9959,60.78,0.6873,Waning Gibbous,
2003-02-21,18:26:00,0.426,Nautical Twilight,-7.7402,261.3956,-60.5893,87.3609,68.0051,60.79,0.6873,Waning Gibbous,
2003-02-21,18:27:00,0.4023,Nautical Twilight,-7.9768,261.4632,-60.3628,87.4563,68.0143,60.8,0.6872,Waning Gibbous,
2003-02-21,18:28:00,0.3787,Nautical Twilight,-8.2134,261.5308,-60.1362,87.5508,68.0235,60.81,0.6871,Waning Gibbous,
2003-02-21,18:29:00,0.355,Nautical Twilight,-8.4501,261.5982,-59.9096,87.6444,68.0327,60.82,0.687,Waning Gibbous,
2003-02-21,18:30:00,0.3313,Nautical Twilight,-8.6868,261.6655,-59.6829,87.7372,68.0419,60.83,0.687,Waning Gibbous,
2003-02-21,18:31:00,0.3076,Nautical Twilight,-8.9236,261.7327,-59.4563,87.8292,68.0511,60.83,0.6869,Waning Gibbous,
2003-02-21,18:32:00,0.284,Nautical Twilight,-9.1604,261.7998,-59.2296,87.9204,68.0603,60.84,0.6868,Waning Gibbous,
2003-02-21,18:33:00,0.2603,Nautical Twilight,-9.3972,261.8668,-59.0029,88.0109,68.0695,60.85,0.6867,Waning Gibbous,
2003-02-21,18:34:00,0.2366,Nautical Twilight,-9.6341,261.9337,-58.7762,88.1005,68.0788,60.86,0.6867,Waning Gibbous,
2003-02-21,18:35:00,0.2129,Nautical Twilight,-9.871,262.0006,-58.5494,88.1894,68.088,60.87,0.6866,Waning Gibbous,
2003-02-21,18:36:00,0.1892,Nautical Twilight,-10.108,262.0673,-58.3226,88.2777,68.0972,60.88,0.6865,Waning Gibbous,
2003-02-21,18:37:00,0.1655,Nautical Twilight,-10.345,262.1339,-58.0958,88.3652,68.1064,60.89,0.6864,Waning Gibbous,
2003-02-21,18:38:00,0.1418,Nautical Twilight,-10.582,262.2004,-57.869,88.452,68.1156,60.9,0.6864,Waning Gibbous,
2003-02-21,18:39:00,0.1181,Nautical Twilight,-10.8191,262.2669,-57.6422,88.5381,68.1248,60.9,0.6863,Waning Gibbous,
2003-02-21,18:40:00,0.0944,Nautical Twilight,-11.0562,262.3333,-57.4154,88.6236,68.134,60.91,0.6862,Waning Gibbous,
2003-02-21,18:41:00,0.0707,Nautical Twilight,-11.2933,262.3996,-57.1885,88.7084,68.1432,60.92,0.6861,Waning Gibbous,
2003-02-21,18:42:00,0.0469,Nautical Twilight,-11.5305,262.4658,-56.9616,88.7926,68.1524,60.93,0.6861,Waning Gibbous,
2003-02-21,18:43:00,0.0232,Nautical Twilight,-11.7677,262.5319,-56.7347,88.8762,68.1616,60.94,0.686,Waning Gibbous,
2003-02-21,18:44:00,0.006,Astronomical Twilight,-12.005,262.5979,-56.5078,88.9592,68.1708,60.95,0.6859,Waning Gibbous,
2003-02-21,18:45:00,0.0058,Astronomical Twilight,-12.2423,262.6639,-56.2809,89.0416,68.1801,60.96,0.6858,Waning Gibbous,
2003-02-21,18:46:00,0.0055,Astronomical Twilight,-12.4796,262.7298,-56.0539,89.1234,68.1893,60.97,0.6858,Waning Gibbous,
2003-02-21,18:47:00,0.0053,Astronomical Twilight,-12.7169,262.7956,-55.827,89.2047,68.1985,60.97,0.6857,Waning Gibbous,
2003-02-21,18:48:00,0.005,Astronomical Twilight,-12.9543,262.8614,-55.6,89.2854,68.2077,60.98,0.6856,Waning Gibbous,
2003-02-21,18:49:00,0.0048,Astronomical Twilight,-13.1918,262.9271,-55.373,89.3656,68.2169,60.99,0.6855,Waning Gibbous,
2003-02-21,18:50:00,0.0046,Astronomical Twilight,-13.4292,262.9927,-55.146,89.4453,68.2261,61.0,0.6855,Waning Gibbous,
2003-02-21,18:51:00,0.0043,Astronomical Twilight,-13.6667,263.0583,-54.919,89.5244,68.2353,61.01,0.6854,Waning Gibbous,
2003-02-21,18:52:00,0.0041,Astronomical Twilight,-13.9043,263.1238,-54.692,89.603,68.2445,61.02,0.6853,Waning Gibbous,
2003-02-21,18:53:00,0.0039,Astronomical Twilight,-14.1418,263.1892,-54.465,89.6812,68.2537,61.03,0.6852,Waning Gibbous,
2003-02-21,18:54:00,0.0036,Astronomical Twilight,-14.3794,263.2546,-54.2379,89.7589,68.2629,61.04,0.6852,Waning Gibbous,
2003-02-21,18:55:00,0.0034,Astronomical Twilight,-14.617,263.32,-54.0109,89.8361,68.2721,61.04,0.6851,Waning Gibbous,
2003-02-21,18:56:00,0.0031,Astronomical Twilight,-14.8547,263.3852,-53.7838,89.9128,68.2813,61.05,0.685,Waning Gibbous,
2003-02-21,18:57:00,0.0029,Astronomical Twilight,-15.0924,263.4505,-53.5568,89.9891,68.2906,61.06,0.6849,Waning Gibbous,
2003-02-21,18:58:00,0.0027,Astronomical Twilight,-15.3301,263.5157,-53.3297,90.0649,68.2998,61.07,0.6849,Waning Gibbous,
2003-02-21,18:59:00,0.0024,Astronomical Twilight,-15.5679,263.5808,-53.1026,90.1403,68.309,61.08,0.6848,Waning Gibbous,
2003-02-21,19:00:00,0.0022,Astronomical Twilight,-15.8056,263.6459,-52.8755,90.2153,68.3182,61.09,0.6847,Waning Gibbous,
2003-02-21,19:01:00,0.002,Astronomical Twilight,-16.0435,263.7109,-52.6484,90.2899,68.3274,61.1,0.6847,Waning Gibbous,
2003-02-21,19:02:00,0.0017,Astronomical Twilight,-16.2813,263.776,-52.4213,90.3641,68.3366,61.11,0.6846,Waning Gibbous,
2003-02-21,19:03:00,0.0015,Astronomical Twilight,-16.5192,263.8409,-52.1941,90.4379,68.3458,61.11,0.6845,Waning Gibbous,
2003-02-21,19:04:00,0.0012,Astronomical Twilight,-16.7571,263.9059,-51.967,90.5113,68.355,61.12,0.6844,Waning Gibbous,
2003-02-21,19:05:00,0.001,Astronomical Twilight,-16.995,263.9708,-51.7399,90.5843,68.3642,61.13,0.6844,Waning Gibbous,
2003-02-21,19:06:00,0.0008,Astronomical Twilight,-17.233,264.0357,-51.5127,90.6569,68.3734,61.14,0.6843,Waning Gibbous,
2003-02-21,19:07:00,0.0005,Astronomical Twilight,-17.4709,264.1005,-51.2856,90.7292,68.3826,61.15,0.6842,Waning Gibbous,
2003-02-21,19:08:00,0.0003,Astronomical Twilight,-17.709,264.1653,-51.0584,90.8011,68.3918,61.16,0.6841,Waning Gibbous,
2003-02-21,19:09:00,0.0001,Astronomical Twilight,-17.947,264.2301,-50.8313,90.8727,68.401,61.17,0.6841,Waning Gibbous,
2003-02-21,19:10:00,0.0,Moonless Night,-18.1851,264.2949,-50.6041,90.944,68.4102,61.18,0.684,Waning Gibbous,
2003-02-21,19:11:00,0.0,Moonless Night,-18.4232,264.3596,-50.3769,91.0149,68.4195,61.18,0.6839,Waning Gibbous,
2003-02-21,19:12:00,0.0,Moonless Night,-18.6613,264.4244,-50.1497,91.0854,68.4287,61.19,0.6838,Waning Gibbous,
2003-02-21,19:13:00,0.0,Moonless Night,-18.8994,264.4891,-49.9226,91.1557,68.4379,61.2,0.6838,Waning Gibbous,
2003-02-21,19:14:00,0.0,Moonless Night,-19.1376,264.5538,-49.6954,91.2257,68.4471,61.21,0.6837,Waning Gibbous,
2003-02-21,19:15:00,0.0,Moonless Night,-19.3758,264.6185,-49.4682,91.2953,68.4563,61.22,0.6836,Waning Gibbous,
2003-02-21,19:16:00,0.0,Moonless Night,-19.614,264.6831,-49.241,91.3647,68.4655,61.23,0.6835,Waning Gibbous,
2003-02-21,19:17:00,0.0,Moonless Night,-19.8523,264.7478,-49.0138,91.4337,68.4747,61.24,0.6835,Waning Gibbous,
2003-02-21,19:18:00,0.0,Moonless Night,-20.0906,264.8125,-48.7866,91.5025,68.4839,61.25,0.6834,Waning Gibbous,
2003-02-21,19:19:00,0.0,Moonless Night,-20.3289,264.8771,-48.5594,91.571,68.4931,61.25,0.6833,Waning Gibbous,
2003-02-21,19:20:00,0.0,Moonless Night,-20.5672,264.9418,-48.3322,91.6392,68.5023,61.26,0.6832,Waning Gibbous,
2003-02-21,19:21:00,0.0,Moonless Night,-20.8056,265.0065,-48.105,91.7071,68.5115,61.27,0.6832,Waning Gibbous,
2003-02-21,19:22:00,0.0,Moonless Night,-21.0439,265.0711,-47.8778,91.7748,68.5207,61.28,0.6831,Waning Gibbous,
2003-02-21,19:23:00,0.0,Moonless Night,-21.2823,265.1358,-47.6506,91.8422,68.5299,61.29,0.683,Waning Gibbous,
2003-02-21,19:24:00,0.0,Moonless Night,-21.5207,265.2005,-47.4234,91.9094,68.5391,61.3,0.6829,Waning Gibbous,
2003-02-21,19:25:00,0.0,Moonless Night,-21.7592,265.2652,-47.1961,91.9764,68.5483,61.31,0.6829,Waning Gibbous,
2003-02-21,19:26:00,0.0,Moonless Night,-21.9976,265.3299,-46.9689,92.0431,68.5575,61.32,0.6828,Waning Gibbous,
2003-02-21,19:27:00,0.0,Moonless Night,-22.2361,265.3946,-46.7417,92.1095,68.5667,61.32,0.6827,Waning Gibbous,
2003-02-21,19:28:00,0.0,Moonless Night,-22.4746,265.4593,-46.5145,92.1757,68.5759,61.33,0.6826,Waning Gibbous,
2003-02-21,19:29:00,0.0,Moonless Night,-22.7132,265.5241,-46.2873,92.2417,68.5852,61.34,0.6826,Waning Gibbous,
2003-02-21,19:30:00,0.0,Moonless Night,-22.9517,265.5888,-46.0601,92.3075,68.5944,61.35,0.6825,Waning Gibbous,
2003-02-21,19:31:00,0.0,Moonless Night,-23.1903,265.6536,-45.8329,92.3731,68.6036,61.36,0.6824,Waning Gibbous,
2003-02-21,19:32:00,0.0,Moonless Night,-23.4289,265.7185,-45.6057,92.4385,68.6128,61.37,0.6823,Waning Gibbous,
2003-02-21,19:33:00,0.0,Moonless Night,-23.6675,265.7833,-45.3785,92.5036,68.622,61.38,0.6823,Waning Gibbous,
2003-02-21,19:34:00,0.0,Moonless Night,-23.9061,265.8482,-45.1513,92.5686,68.6312,61.39,0.6822,Waning Gibbous,
2003-02-21,19:35:00,0.0,Moonless Night,-24.1448,265.9131,-44.924,92.6333,68.6404,61.39,0.6821,Waning Gibbous,
2003-02-21,19:36:00,0.0,Moonless Night,-24.3834,265.9781,-44.6968,92.6979,68.6496,61.4,0.682,Waning Gibbous,
2003-02-21,19:37:00,0.0,Moonless Night,-24.6221,266.0431,-44.4696,92.7623,68.6588,61.41,0.682,Waning Gibbous,
2003-02-21,19:38:00,0.0,Moonless Night,-24.8608,266.1081,-44.2424,92.8265,68.668,61.42,0.6819,Waning Gibbous,
2003-02-21,19:39:00,0.0,Moonless Night,-25.0996,266.1732,-44.0152,92.8905,68.6772,61.43,0.6818,Waning Gibbous,
2003-02-21,19:40:00,0.0,Moonless Night,-25.3383,266.2383,-43.788,92.9543,68.6864,61.44,0.6817,Waning Gibbous,
2003-02-21,19:41:00,0.0,Moonless Night,-25.5771,266.3035,-43.5608,93.018,68.6956,61.45,0.6817,Waning Gibbous,
2003-02-21,19:42:00,0.0,Moonless Night,-25.8159,266.3688,-43.3337,93.0815,68.7048,61.46,0.6816,Waning Gibbous,
2003-02-21,19:43:00,0.0,Moonless Night,-26.0547,266.434,-43.1065,93.1449,68.714,61.46,0.6815,Waning Gibbous,
2003-02-21,19:44:00,0.0,Moonless Night,-26.2935,266.4994,-42.8793,93.2081,68.7232,61.47,0.6814,Waning Gibbous,
2003-02-21,19:45:00,0.0,Moonless Night,-26.5323,266.5648,-42.6521,93.2711,68.7324,61.48,0.6814,Waning Gibbous,
2003-02-21,19:46:00,0.0,Moonless Night,-26.7712,266.6302,-42.4249,93.334,68.7416,61.49,0.6813,Waning Gibbous,
2003-02-21,19:47:00,0.0,Moonless Night,-27.01,266.6958,-42.1978,93.3967,68.7508,61.5,0.6812,Waning Gibbous,
2003-02-21,19:48:00,0.0,Moonless Night,-27.2489,266.7614,-41.9706,93.4593,68.76,61.51,0.6811,Waning Gibbous,
2003-02-21,19:49:00,0.0,Moonless Night,-27.4878,266.827,-41.7434,93.5217,68.7692,61.52,0.6811,Waning Gibbous,
2003-02-21,19:50:00,0.0,Moonless Night,-27.7267,266.8928,-41.5163,93.5841,68.7784,61.53,0.681,Waning Gibbous,
2003-02-21,19:51:00,0.0,Moonless Night,-27.9656,266.9586,-41.2891,93.6462,68.7876,61.53,0.6809,Waning Gibbous,
2003-02-21,19:52:00,0.0,Moonless Night,-28.2046,267.0245,-41.062,93.7083,68.7968,61.54,0.6808,Waning Gibbous,
2003-02-21,19:53:00,0.0,Moonless Night,-28.4435,267.0905,-40.8348,93.7702,68.806,61.55,0.6808,Waning Gibbous,
2003-02-21,19:54:00,0.0,Moonless Night,-28.6825,267.1565,-40.6077,93.832,68.8152,61.56,0.6807,Waning Gibbous,
2003-02-21,19:55:00,0.0,Moonless Night,-28.9215,267.2227,-40.3806,93.8937,68.8244,61.57,0.6806,Waning Gibbous,
2003-02-21,19:56:00,0.0,Moonless Night,-29.1605,267.2889,-40.1534,93.9553,68.8336,61.58,0.6805,Waning Gibbous,
2003-02-21,19:57:00,0.0,Moonless Night,-29.3995,267.3552,-39.9263,94.0167,68.8428,61.59,0.6805,Waning Gibbous,
2003-02-21,19:58:00,0.0,Moonless Night,-29.6385,267.4216,-39.6992,94.0781,68.8521,61.6,0.6804,Waning Gibbous,
2003-02-21,19:59:00,0.0,Moonless Night,-29.8775,267.4882,-39.4721,94.1393,68.8613,61.6,0.6803,Waning Gibbous,
2003-02-21,20:00:00,0.0,Moonless Night,-30.1166,267.5548,-39.245,94.2004,68.8705,61.61,0.6802,Waning Gibbous,
2003-02-22,17:00:00,37366.0002,Daylit,12.4918,255.2751,-87.1258,245.4064,80.3872,72.03,0.5835,Waning Gibbous,
2003-02-22,17:01:00,36797.3697,Daylit,12.2604,255.361,-87.329,243.3939,80.3963,72.04,0.5834,Waning Gibbous,
2003-02-22,17:02:00,36226.246,Daylit,12.0288,255.4465,-87.5282,241.0478,80.4053,72.04,0.5833,Waning Gibbous,
2003-02-22,17:03:00,35652.5941,Daylit,11.7972,255.5317,-87.7224,238.2902,80.4144,72.05,0.5833,Waning Gibbous,
2003-02-22,17:04:00,35076.3771,Daylit,11.5655,255.6166,-87.9102,235.0215,80.4235,72.06,0.5832,Waning Gibbous,
2003-02-22,17:05:00,34497.5559,Daylit,11.3337,255.7012,-88.0897,231.1167,80.4326,72.07,0.5831,Waning Gibbous,
2003-02-22,17:06:00,33916.0897,Daylit,11.1018,255.7855,-88.2583,226.4229,80.4416,72.07,0.583,Waning Gibbous,
2003-02-22,17:07:00,33331.9354,Daylit,10.8699,255.8694,-88.4125,220.7644,80.4507,72.08,0.5829,Waning Gibbous,
2003-02-22,17:08:00,32745.0474,Daylit,10.6378,255.953,-88.5479,213.9655,80.4598,72.09,0.5829,Waning Gibbous,
2003-02-22,17:09:00,32155.3779,Daylit,10.4057,256.0364,-88.6586,205.9054,80.4689,72.1,0.5828,Waning Gibbous,
2003-02-22,17:10:00,31562.876,Daylit,10.1734,256.1194,-88.7381,196.6148,80.4779,72.1,0.5827,Waning Gibbous,
2003-02-22,17:11:00,30967.4883,Daylit,9.9411,256.2021,-88.7804,186.3832,80.487,72.11,0.5826,Waning Gibbous,
2003-02-22,17:12:00,30369.1581,Daylit,9.7087,256.2845,-88.7816,175.7817,80.4961,72.12,0.5826,Waning Gibbous,
2003-02-22,17:13:00,29767.8254,Daylit,9.4763,256.3666,-88.7414,165.5135,80.5052,72.13,0.5825,Waning Gibbous,
2003-02-22,17:14:00,29163.4266,Daylit,9.2437,256.4485,-88.6638,156.1622,80.5142,72.14,0.5824,Waning Gibbous,
2003-02-22,17:15:00,28555.8941,Daylit,9.0111,256.53,-88.5546,148.0332,80.5233,72.14,0.5823,Waning Gibbous,
2003-02-22,17:16:00,27945.1563,Daylit,8.7784,256.6113,-88.4205,141.1687,80.5324,72.15,0.5822,Waning Gibbous,
2003-02-22,17:17:00,27331.1367,Daylit,8.5456,256.6923,-88.2672,135.4532,80.5415,72.16,0.5822,Waning Gibbous,
2003-02-22,17:18:00,26713.754,Daylit,8.3127,256.773,-88.0993,130.7121,80.5505,72.17,0.5821,Waning Gibbous,
2003-02-22,17:19:00,26092.9216,Daylit,8.0798,256.8534,-87.9204,126.7691,80.5596,72.17,0.582,Waning Gibbous,
2003-02-22,17:20:00,25468.5468,Daylit,7.8468,256.9335,-87.7331,123.4696,80.5687,72.18,0.5819,Waning Gibbous,
2003-02-22,17:21:00,24840.5302,Daylit,7.6137,257.0134,-87.5393,120.6873,80.5777,72.19,0.5819,Waning Gibbous,
2003-02-22,17:22:00,24208.7658,Daylit,7.3805,257.093,-87.3404,118.3213,80.5868,72.2,0.5818,Waning Gibbous,
2003-02-22,17:23:00,23573.1391,Daylit,7.1472,257.1724,-87.1375,116.2926,80.5959,72.21,0.5817,Waning Gibbous,
2003-02-22,17:24:00,22933.5274,Daylit,6.9139,257.2515,-86.9314,114.5392,80.605,72.21,0.5816,Waning Gibbous,
2003-02-22,17:25:00,22289.7982,Daylit,6.6805,257.3303,-86.7226,113.0124,80.614,72.22,0.5815,Waning Gibbous,
2003-02-22,17:26:00,21641.8083,Daylit,6.4471,257.4089,-86.5118,111.6736,80.6231,72.23,0.5815,Waning Gibbous,
2003-02-22,17:27:00,20989.4024,Daylit,6.2135,257.4872,-86.2991,110.4921,80.6322,72.24,0.5814,Waning Gibbous,
2003-02-22,17:28:00,20332.4122,Daylit,5.9799,257.5653,-86.085,109.4434,80.6413,72.24,0.5813,Waning Gibbous,
2003-02-22,17:29:00,19670.6541,Daylit,5.7462,257.6432,-85.8696,108.5074,80.6503,72.25,0.5812,Waning Gibbous,
2003-02-22,17:30:00,19003.9274,Daylit,5.5125,257.7208,-85.6532,107.6681,80.6594,72.26,0.5812,Waning Gibbous,
2003-02-22,17:31:00,18332.0123,Daylit,5.2787,257.7981,-85.4358,106.9119,80.6685,72.27,0.5811,Waning Gibbous,
2003-02-22,17:32:00,17654.6668,Daylit,5.0448,257.8752,-85.2177,106.2278,80.6775,72.27,0.581,Waning Gibbous,
2003-02-22,17:33:00,16971.6237,Daylit,4.8108,257.9521,-84.9989,105.6067,80.6866,72.28,0.5809,Waning Gibbous,
2003-02-22,17:34:00,16282.5865,Daylit,4.5768,258.0288,-84.7794,105.0408,80.6957,72.29,0.5808,Waning Gibbous,
2003-02-22,17:35:00,15587.2245,Daylit,4.3427,258.1052,-84.5595,104.5234,80.7048,72.3,0.5808,Waning Gibbous,
2003-02-22,17:36:00,14885.1674,Daylit,4.1086,258.1814,-84.3391,104.0491,80.7138,72.31,0.5807,Waning Gibbous,
2003-02-22,17:37:00,14175.9975,Daylit,3.8744,258.2573,-84.1183,103.6131,80.7229,72.31,0.5806,Waning Gibbous,
2003-02-22,17:38:00,13459.2408,Daylit,3.6401,258.3331,-83.8971,103.2113,80.732,72.32,0.5805,Waning Gibbous,
2003-02-22,17:39:00,12734.3554,Daylit,3.4057,258.4086,-83.6756,102.8401,80.741,72.33,0.5804,Waning Gibbous,
2003-02-22,17:40:00,12000.7165,Daylit,3.1713,258.4839,-83.4537,102.4965,80.7501,72.34,0.5804,Waning Gibbous,
2003-02-22,17:41:00,11257.5968,Daylit,2.9368,258.559,-83.2317,102.1778,80.7592,72.34,0.5803,Waning Gibbous,
2003-02-22,17:42:00,10504.1402,Daylit,2.7023,258.6339,-83.0094,101.8817,80.7683,72.35,0.5802,Waning Gibbous,
2003-02-22,17:43:00,9739.3261,Daylit,2.4677,258.7086,-82.7869,101.606,80.7773,72.36,0.5801,Waning Gibbous,
2003-02-22,17:44:00,8961.9188,Daylit,2.2331,258.7831,-82.5641,101.3491,80.7864,72.37,0.5801,Waning Gibbous,
2003-02-22,17:45:00,8170.395,Daylit,1.9983,258.8574,-82.3412,101.1092,80.7955,72.37,0.58,Waning Gibbous,
2003-02-22,17:46:00,7362.8345,Daylit,1.7636,258.9315,-82.1182,100.8849,80.8045,72.38,0.5799,Waning Gibbous,
2003-02-22,17:47:00,6536.7497,Daylit,1.5287,259.0053,-81.895,100.6749,80.8136,72.39,0.5798,Waning Gibbous,
2003-02-22,17:48:00,5688.8012,Daylit,1.2938,259.079,-81.6716,100.4782,80.8227,72.4,0.5797,Waning Gibbous,
2003-02-22,17:49:00,4814.2924,Daylit,1.0589,259.1525,-81.4482,100.2936,80.8318,72.41,0.5797,Waning Gibbous,
2003-02-22,17:50:00,3906.1709,Daylit,0.8239,259.2258,-81.2246,100.1203,80.8408,72.41,0.5796,Waning Gibbous,
2003-02-22,17:51:00,2952.7573,Daylit,0.5888,259.2989,-81.0009,99.9574,80.8499,72.42,0.5795,Waning Gibbous,
2003-02-22,17:52:00,1931.2054,Daylit,0.3537,259.3718,-80.7771,99.8041,80.859,72.43,0.5794,Waning Gibbous,
2003-02-22,17:53:00,776.5931,Daylit,0.1185,259.4446,-80.5532,99.6599,80.868,72.44,0.5794,Waning Gibbous,
2003-02-22,17:54:00,20.003,Civil Twilight,-0.1168,259.5171,-80.3293,99.524,80.8771,72.44,0.5793,Waning Gibbous,
2003-02-22,17:55:00,19.203,Civil Twilight,-0.3521,259.5895,-80.1053,99.3959,80.8862,72.45,0.5792,Waning Gibbous,
2003-02-22,17:56:00,18.4028,Civil Twilight,-0.5874,259.6617,-79.8811,99.2751,80.8952,72.46,0.5791,Waning Gibbous,
2003-02-22,17:57:00,17.6024,Civil Twilight,-0.8228,259.7338,-79.657,99.1612,80.9043,72.47,0.579,Waning Gibbous,
2003-02-22,17:58:00,16.8019,Civil Twilight,-1.0583,259.8056,-79.4327,99.0536,80.9134,72.47,0.579,Waning Gibbous,
2003-02-22,17:59:00,16.0012,Civil Twilight,-1.2938,259.8773,-79.2084,98.952,80.9225,72.48,0.5789,Waning Gibbous,
2003-02-22,18:00:00,15.2002,Civil Twilight,-1.5293,259.9489,-78.9841,98.856,80.9315,72.49,0.5788,Waning Gibbous,
2003-02-22,18:01:00,14.3991,Civil Twilight,-1.765,260.0202,-78.7597,98.7653,80.9406,72.5,0.5787,Waning Gibbous,
2003-02-22,18:02:00,13.5979,Civil Twilight,-2.0006,260.0914,-78.5353,98.6797,80.9497,72.51,0.5787,Waning Gibbous,
2003-02-22,18:03:00,12.7964,Civil Twilight,-2.2363,260.1625,-78.3108,98.5987,80.9587,72.51,0.5786,Waning Gibbous,
2003-02-22,18:04:00,11.9948,Civil Twilight,-2.4721,260.2334,-78.0862,98.5221,80.9678,72.52,0.5785,Waning Gibbous,
2003-02-22,18:05:00,11.193,Civil Twilight,-2.7079,260.3041,-77.8617,98.4498,80.9769,72.53,0.5784,Waning Gibbous,
2003-02-22,18:06:00,10.3911,Civil Twilight,-2.9438,260.3747,-77.6371,98.3814,80.9859,72.54,0.5783,Waning Gibbous,
2003-02-22,18:07:00,9.589,Civil Twilight,-3.1797,260.4451,-77.4124,98.3167,80.995,72.54,0.5783,Waning Gibbous,
2003-02-22,18:08:00,8.7867,Civil Twilight,-3.4157,260.5154,-77.1877,98.2557,81.0041,72.55,0.5782,Waning Gibbous,
2003-02-22,18:09:00,7.9842,Civil Twilight,-3.6517,260.5855,-76.963,98.198,81.0131,72.56,0.5781,Waning Gibbous,
2003-02-22,18:10:00,7.1816,Civil Twilight,-3.8878,260.6555,-76.7383,98.1435,81.0222,72.57,0.578,Waning Gibbous,
2003-02-22,18:11:00,6.3788,Civil Twilight,-4.1239,260.7254,-76.5136,98.092,81.0313,72.57,0.5779,Waning Gibbous,
2003-02-22,18:12:00,5.5759,Civil Twilight,-4.36,260.7951,-76.2888,98.0435,81.0403,72.58,0.5779,Waning Gibbous,
2003-02-22,18:13:00,4.7728,Civil Twilight,-4.5962,260.8647,-76.064,97.9977,81.0494,72.59,0.5778,Waning Gibbous,
2003-02-22,18:14:00,3.9695,Civil Twilight,-4.8325,260.9341,-75.8392,97.9546,81.0585,72.6,0.5777,Waning Gibbous,
2003-02-22,18:15:00,3.1661,Civil Twilight,-5.0688,261.0034,-75.6143,97.9139,81.0675,72.61,0.5776,Waning Gibbous,
2003-02-22,18:16:00,2.3626,Civil Twilight,-5.3051,261.0726,-75.3895,97.8757,81.0766,72.61,0.5776,Waning Gibbous,
2003-02-22,18:17:00,1.5588,Civil Twilight,-5.5415,261.1416,-75.1646,97.8398,81.0857,72.62,0.5775,Waning Gibbous,
2003-02-22,18:18:00,0.755,Civil Twilight,-5.778,261.2106,-74.9397,97.806,81.0947,72.63,0.5774,Waning Gibbous,
2003-02-22,18:19:00,0.5986,Nautical Twilight,-6.0144,261.2794,-74.7148,97.7743,81.1038,72.64,0.5773,Waning Gibbous,
2003-02-22,18:20:00,0.5749,Nautical Twilight,-6.2509,261.348,-74.4899,97.7447,81.1129,72.64,0.5772,Waning Gibbous,
2003-02-22,18:21:00,0.5512,Nautical Twilight,-6.4875,261.4166,-74.2649,97.7169,81.1219,72.65,0.5772,Waning Gibbous,
2003-02-22,18:22:00,0.5276,Nautical Twilight,-6.7241,261.4851,-74.04,97.691,81.131,72.66,0.5771,Waning Gibbous,
2003-02-22,18:23:00,0.5039,Nautical Twilight,-6.9608,261.5534,-73.815,97.6669,81.1401,72.67,0.577,Waning Gibbous,
2003-02-22,18:24:00,0.4803,Nautical Twilight,-7.1975,261.6216,-73.59,97.6444,81.1491,72.67,0.5769,Waning Gibbous,
2003-02-22,18:25:00,0.4566,Nautical Twilight,-7.4342,261.6897,-73.365,97.6236,81.1582,72.68,0.5769,Waning Gibbous,
2003-02-22,18:26:00,0.4329,Nautical Twilight,-7.671,261.7577,-73.14,97.6043,81.1673,72.69,0.5768,Waning Gibbous,
2003-02-22,18:27:00,0.4092,Nautical Twilight,-7.9078,261.8256,-72.915,97.5865,81.1763,72.7,0.5767,Waning Gibbous,
2003-02-22,18:28:00,0.3855,Nautical Twilight,-8.1446,261.8934,-72.69,97.5702,81.1854,72.7,0.5766,Waning Gibbous,
2003-02-22,18:29:00,0.3618,Nautical Twilight,-8.3815,261.9611,-72.465,97.5553,81.1945,72.71,0.5765,Waning Gibbous,
2003-02-22,18:30:00,0.3382,Nautical Twilight,-8.6185,262.0286,-72.24,97.5417,81.2035,72.72,0.5765,Waning Gibbous,
2003-02-22,18:31:00,0.3145,Nautical Twilight,-8.8554,262.0961,-72.015,97.5294,81.2126,72.73,0.5764,Waning Gibbous,
2003-02-22,18:32:00,0.2908,Nautical Twilight,-9.0924,262.1635,-71.7899,97.5183,81.2217,72.74,0.5763,Waning Gibbous,
2003-02-22,18:33:00,0.2671,Nautical Twilight,-9.3295,262.2308,-71.5649,97.5085,81.2307,72.74,0.5762,Waning Gibbous,
2003-02-22,18:34:00,0.2433,Nautical Twilight,-9.5666,262.298,-71.3398,97.4998,81.2398,72.75,0.5761,Waning Gibbous,
2003-02-22,18:35:00,0.2196,Nautical Twilight,-9.8037,262.3651,-71.1148,97.4922,81.2489,72.76,0.5761,Waning Gibbous,
2003-02-22,18:36:00,0.1959,Nautical Twilight,-10.0409,262.4322,-70.8897,97.4857,81.2579,72.77,0.576,Waning Gibbous,
2003-02-22,18:37:00,0.1722,Nautical Twilight,-10.2781,262.4991,-70.6647,97.4802,81.267,72.77,0.5759,Waning Gibbous,
2003-02-22,18:38:00,0.1485,Nautical Twilight,-10.5153,262.566,-70.4396,97.4758,81.2761,72.78,0.5758,Waning Gibbous,
2003-02-22,18:39:00,0.1247,Nautical Twilight,-10.7526,262.6328,-70.2145,97.4723,81.2851,72.79,0.5758,Waning Gibbous,
2003-02-22,18:40:00,0.101,Nautical Twilight,-10.9899,262.6995,-69.9895,97.4697,81.2942,72.8,0.5757,Waning Gibbous,
2003-02-22,18:41:00,0.0773,Nautical Twilight,-11.2272,262.7661,-69.7644,97.4681,81.3033,72.8,0.5756,Waning Gibbous,
2003-02-22,18:42:00,0.0535,Nautical Twilight,-11.4646,262.8326,-69.5393,97.4674,81.3123,72.81,0.5755,Waning Gibbous,
2003-02-22,18:43:00,0.0298,Nautical Twilight,-11.702,262.8991,-69.3143,97.4675,81.3214,72.82,0.5754,Waning Gibbous,
2003-02-22,18:44:00,0.0061,Nautical Twilight,-11.9395,262.9655,-69.0892,97.4684,81.3305,72.83,0.5754,Waning Gibbous,
2003-02-22,18:45:00,0.0058,Astronomical Twilight,-12.177,263.0319,-68.8641,97.4702,81.3395,72.83,0.5753,Waning Gibbous,
2003-02-22,18:46:00,0.0056,Astronomical Twilight,-12.4145,263.0981,-68.6391,97.4727,81.3486,72.84,0.5752,Waning Gibbous,
2003-02-22,18:47:00,0.0053,Astronomical Twilight,-12.652,263.1643,-68.414,97.476,81.3576,72.85,0.5751,Waning Gibbous,
2003-02-22,18:48:00,0.0051,Astronomical Twilight,-12.8896,263.2305,-68.1889,97.48,81.3667,72.86,0.5751,Waning Gibbous,
2003-02-22,18:49:00,0.0049,Astronomical Twilight,-13.1272,263.2966,-67.9638,97.4848,81.3758,72.87,0.575,Waning Gibbous,
2003-02-22,18:50:00,0.0046,Astronomical Twilight,-13.3649,263.3626,-67.7388,97.4902,81.3848,72.87,0.5749,Waning Gibbous,
2003-02-22,18:51:00,0.0044,Astronomical Twilight,-13.6026,263.4286,-67.5137,97.4963,81.3939,72.88,0.5748,Waning Gibbous,
2003-02-22,18:52:00,0.0042,Astronomical Twilight,-13.8403,263.4945,-67.2886,97.5031,81.403,72.89,0.5747,Waning Gibbous,
2003-02-22,18:53:00,0.0039,Astronomical Twilight,-14.078,263.5603,-67.0636,97.5105,81.412,72.9,0.5747,Waning Gibbous,
2003-02-22,18:54:00,0.0037,Astronomical Twilight,-14.3158,263.6261,-66.8385,97.5185,81.4211,72.9,0.5746,Waning Gibbous,
2003-02-22,18:55:00,0.0034,Astronomical Twilight,-14.5536,263.6919,-66.6135,97.5271,81.4302,72.91,0.5745,Waning Gibbous,
2003-02-22,18:56:00,0.0032,Astronomical Twilight,-14.7914,263.7576,-66.3884,97.5364,81.4392,72.92,0.5744,Waning Gibbous,
2003-02-22,18:57:00,0.003,Astronomical Twilight,-15.0293,263.8233,-66.1633,97.5461,81.4483,72.93,0.5744,Waning Gibbous,
2003-02-22,18:58:00,0.0027,Astronomical Twilight,-15.2672,263.889,-65.9383,97.5565,81.4573,72.93,0.5743,Waning Gibbous,
2003-02-22,18:59:00,0.0025,Astronomical Twilight,-15.5051,263.9546,-65.7132,97.5674,81.4664,72.94,0.5742,Waning Gibbous,
2003-02-22,19:00:00,0.0023,Astronomical Twilight,-15.743,264.0201,-65.4882,97.5788,81.4755,72.95,0.5741,Waning Gibbous,
2003-02-22,19:01:00,0.002,Astronomical Twilight,-15.981,264.0856,-65.2632,97.5908,81.4845,72.96,0.574,Waning Gibbous,
2003-02-22,19:02:00,0.0018,Astronomical Twilight,-16.219,264.1511,-65.0381,97.6032,81.4936,72.96,0.574,Waning Gibbous,
2003-02-22,19:03:00,0.0015,Astronomical Twilight,-16.4571,264.2166,-64.8131,97.6162,81.5027,72.97,0.5739,Waning Gibbous,
2003-02-22,19:04:00,0.0013,Astronomical Twilight,-16.6951,264.282,-64.5881,97.6296,81.5117,72.98,0.5738,Waning Gibbous,
2003-02-22,19:05:00,0.0011,Astronomical Twilight,-16.9332,264.3475,-64.363,97.6435,81.5208,72.99,0.5737,Waning Gibbous,
2003-02-22,19:06:00,0.0008,Astronomical Twilight,-17.1713,264.4128,-64.138,97.6578,81.5298,72.99,0.5736,Waning Gibbous,
2003-02-22,19:07:00,0.0006,Astronomical Twilight,-17.4095,264.4782,-63.913,97.6726,81.5389,73.0,0.5736,Waning Gibbous,
2003-02-22,19:08:00,0.0004,Astronomical Twilight,-17.6477,264.5435,-63.688,97.6879,81.548,73.01,0.5735,Waning Gibbous,
2003-02-22,19:09:00,0.0001,Astronomical Twilight,-17.8859,264.6089,-63.463,97.7035,81.557,73.02,0.5734,Waning Gibbous,
2003-02-22,19:10:00,0.0,Moonless Night,-18.1241,264.6742,-63.238,97.7196,81.5661,73.03,0.5733,Waning Gibbous,
2003-02-22,19:11:00,0.0,Moonless Night,-18.3623,264.7395,-63.013,97.7361,81.5752,73.03,0.5733,Waning Gibbous,
2003-02-22,19:12:00,0.0,Moonless Night,-18.6006,264.8048,-62.788,97.753,81.5842,73.04,0.5732,Waning Gibbous,
2003-02-22,19:13:00,0.0,Moonless Night,-18.8389,264.8701,-62.563,97.7703,81.5933,73.05,0.5731,Waning Gibbous,
2003-02-22,19:14:00,0.0,Moonless Night,-19.0772,264.9353,-62.338,97.788,81.6023,73.06,0.573,Waning Gibbous,
2003-02-22,19:15:00,0.0,Moonless Night,-19.3156,265.0006,-62.1131,97.806,81.6114,73.06,0.5729,Waning Gibbous,
2003-02-22,19:16:00,0.0,Moonless Night,-19.5539,265.0659,-61.8881,97.8244,81.6205,73.07,0.5729,Waning Gibbous,
2003-02-22,19:17:00,0.0,Moonless Night,-19.7923,265.1311,-61.6631,97.8432,81.6295,73.08,0.5728,Waning Gibbous,
2003-02-22,19:18:00,0.0,Moonless Night,-20.0308,265.1964,-61.4382,97.8623,81.6386,73.09,0.5727,Waning Gibbous,
2003-02-22,19:19:00,0.0,Moonless Night,-20.2692,265.2617,-61.2132,97.8818,81.6476,73.09,0.5726,Waning Gibbous,
2003-02-22,19:20:00,0.0,Moonless Night,-20.5077,265.327,-60.9883,97.9016,81.6567,73.1,0.5726,Waning Gibbous,
2003-02-22,19:21:00,0.0,Moonless Night,-20.7461,265.3923,-60.7634,97.9218,81.6658,73.11,0.5725,Waning Gibbous,
2003-02-22,19:22:00,0.0,Moonless Night,-20.9847,265.4576,-60.5384,97.9423,81.6748,73.12,0.5724,Waning Gibbous,
2003-02-22,19:23:00,0.0,Moonless Night,-21.2232,265.5229,-60.3135,97.9631,81.6839,73.12,0.5723,Waning Gibbous,
2003-02-22,19:24:00,0.0,Moonless Night,-21.4617,265.5882,-60.0886,97.9842,81.6929,73.13,0.5722,Waning Gibbous,
2003-02-22,19:25:00,0.0,Moonless Night,-21.7003,265.6536,-59.8637,98.0057,81.702,73.14,0.5722,Waning Gibbous,
2003-02-22,19:26:00,0.0,Moonless Night,-21.9389,265.7189,-59.6388,98.0274,81.7111,73.15,0.5721,Waning Gibbous,
2003-02-22,19:27:00,0.0,Moonless Night,-22.1775,265.7843,-59.4139,98.0494,81.7201,73.15,0.572,Waning Gibbous,
2003-02-22,19:28:00,0.0,Moonless Night,-22.4161,265.8498,-59.189,98.0718,81.7292,73.16,0.5719,Waning Gibbous,
2003-02-22,19:29:00,0.0,Moonless Night,-22.6548,265.9152,-58.9642,98.0944,81.7382,73.17,0.5718,Waning Gibbous,
2003-02-22,19:30:00,0.0,Moonless Night,-22.8935,265.9807,-58.7393,98.1173,81.7473,73.18,0.5718,Waning Gibbous,
2003-02-22,19:31:00,0.0,Moonless Night,-23.1322,266.0462,-58.5145,98.1405,81.7564,73.18,0.5717,Waning Gibbous,
2003-02-22,19:32:00,0.0,Moonless Night,-23.3709,266.1118,-58.2896,98.1639,81.7654,73.19,0.5716,Waning Gibbous,
2003-02-22,19:33:00,0.0,Moonless Night,-23.6096,266.1774,-58.0648,98.1877,81.7745,73.2,0.5715,Waning Gibbous,
2003-02-22,19:34:00,0.0,Moonless Night,-23.8483,266.243,-57.8399,98.2117,81.7835,73.21,0.5715,Waning Gibbous,
2003-02-22,19:35:00,0.0,Moonless Night,-24.0871,266.3087,-57.6151,98.2359,81.7926,73.22,0.5714,Waning Gibbous,
2003-02-22,19:36:00,0.0,Moonless Night,-24.3259,266.3744,-57.3903,98.2604,81.8017,73.22,0.5713,Waning Gibbous,
2003-02-22,19:37:00,0.0,Moonless Night,-24.5647,266.4402,-57.1655,98.2852,81.8107,73.23,0.5712,Waning Gibbous,
2003-02-22,19:38:00,0.0,Moonless Night,-24.8035,266.506,-56.9407,98.3103,81.8198,73.24,0.5711,Waning Gibbous,
2003-02-22,19:39:00,0.0,Moonless Night,-25.0423,266.5719,-56.7159,98.3355,81.8288,73.25,0.5711,Waning Gibbous,
2003-02-22,19:40:00,0.0,Moonless Night,-25.2812,266.6378,-56.4912,98.361,81.8379,73.25,0.571,Waning Gibbous,
2003-02-22,19:41:00,0.0,Moonless Night,-25.5201,266.7038,-56.2664,98.3868,81.8469,73.26,0.5709,Waning Gibbous,
2003-02-22,19:42:00,0.0,Moonless Night,-25.7589,266.7699,-56.0417,98.4128,81.856,73.27,0.5708,Waning Gibbous,
2003-02-22,19:43:00,0.0,Moonless Night,-25.9978,266.836,-55.8169,98.439,81.8651,73.28,0.5708,Waning Gibbous,
2003-02-22,19:44:00,0.0,Moonless Night,-26.2368,266.9022,-55.5922,98.4655,81.8741,73.28,0.5707,Waning Gibbous,
2003-02-22,19:45:00,0.0,Moonless Night,-26.4757,266.9684,-55.3675,98.4922,81.8832,73.29,0.5706,Waning Gibbous,
2003-02-22,19:46:00,0.0,Moonless Night,-26.7146,267.0347,-55.1427,98.5191,81.8922,73.3,0.5705,Waning Gibbous,
2003-02-22,19:47:00,0.0,Moonless Night,-26.9536,267.1011,-54.918,98.5462,81.9013,73.31,0.5704,Waning Gibbous,
2003-02-22,19:48:00,0.0,Moonless Night,-27.1926,267.1676,-54.6933,98.5736,81.9104,73.31,0.5704,Waning Gibbous,
2003-02-22,19:49:00,0.0,Moonless Night,-27.4315,267.2342,-54.4687,98.6011,81.9194,73.32,0.5703,Waning Gibbous,
2003-02-22,19:50:00,0.0,Moonless Night,-27.6705,267.3008,-54.244,98.6289,81.9285,73.33,0.5702,Waning Gibbous,
2003-02-22,19:51:00,0.0,Moonless Night,-27.9096,267.3675,-54.0193,98.6569,81.9375,73.34,0.5701,Waning Gibbous,
2003-02-22,19:52:00,0.0,Moonless Night,-28.1486,267.4344,-53.7947,98.6851,81.9466,73.34,0.57,Waning Gibbous,
2003-02-22,19:53:00,0.0,Moonless Night,-28.3876,267.5013,-53.57,98.7135,81.9556,73.35,0.57,Waning Gibbous,
2003-02-22,19:54:00,0.0,Moonless Night,-28.6267,267.5683,-53.3454,98.7421,81.9647,73.36,0.5699,Waning Gibbous,
2003-02-22,19:55:00,0.0,Moonless Night,-28.8657,267.6354,-53.1208,98.771,81.9738,73.37,0.5698,Waning Gibbous,
2003-02-22,19:56:00,0.0,Moonless Night,-29.1048,267.7026,-52.8962,98.8,81.9828,73.37,0.5697,Waning Gibbous,
2003-02-22,19:57:00,0.0,Moonless Night,-29.3439,267.7699,-52.6716,98.8292,81.9919,73.38,0.5697,Waning Gibbous,
2003-02-22,19:58:00,0.0,Moonless Night,-29.583,267.8373,-52.447,98.8586,82.0009,73.39,0.5696,Waning Gibbous,
2003-02-22,19:59:00,0.0,Moonless Night,-29.8221,267.9049,-52.2225,98.8882,82.01,73.4,0.5695,Waning Gibbous,
2003-02-22,20:00:00,0.0,Moonless Night,-30.0612,267.9725,-51.9979,98.918,82.019,73.4,0.5694,Waning Gibbous,
2003-02-23,17:00:00,37594.0706,Daylit,12.5849,255.64,-74.2145,248.4171,93.342,82.1,0.4709,Waxing Gibbous,
2003-02-23,17:01:00,37025.4023,Daylit,12.3531,255.7256,-74.4244,248.1804,93.3509,82.11,0.4708,Waxing Gibbous,
2003-02-23,17:02:00,36454.2531,Daylit,12.1211,255.8109,-74.6339,247.9361,93.3598,82.11,0.4707,Waxing Gibbous,
2003-02-23,17:03:00,35880.5886,Daylit,11.8892,255.896,-74.843,247.684,93.3687,82.12,0.4706,Waxing Gibbous,
2003-02-23,17:04:00,35304.3722,Daylit,11.6571,255.9806,-75.0517,247.4238,93.3777,82.12,0.4705,Waxing Gibbous,
2003-02-23,17:05:00,34725.5658,Daylit,11.4249,256.065,-75.26,247.1551,93.3866,82.13,0.4705,Waxing Gibbous,
2003-02-23,17:06:00,34144.129,Daylit,11.1926,256.1491,-75.4679,246.8776,93.3955,82.14,0.4704,Waxing Gibbous,
2003-02-23,17:07:00,33560.0193,Daylit,10.9603,256.2328,-75.6753,246.5909,93.4044,82.14,0.4703,Waxing Gibbous,
2003-02-23,17:08:00,32973.1922,Daylit,10.7279,256.3163,-75.8822,246.2947,93.4133,82.15,0.4702,Waxing Gibbous,
2003-02-23,17:09:00,32383.6003,Daylit,10.4954,256.3994,-76.0886,245.9884,93.4222,82.16,0.4702,Waxing Gibbous,
2003-02-23,17:10:00,31791.1938,Daylit,10.2628,256.4822,-76.2945,245.6719,93.4312,82.16,0.4701,Waxing Gibbous,
2003-02-23,17:11:00,31195.9202,Daylit,10.0301,256.5648,-76.4999,245.3444,93.4401,82.17,0.47,Waxing Gibbous,
2003-02-23,17:12:00,30597.7237,Daylit,9.7974,256.647,-76.7047,245.0057,93.449,82.17,0.4699,Waxing Gibbous,
2003-02-23,17:13:00,29996.5454,Daylit,9.5646,256.729,-76.9089,244.6552,93.4579,82.18,0.4698,Waxing Gibbous,
2003-02-23,17:14:00,29392.3228,Daylit,9.3317,256.8107,-77.1125,244.2924,93.4668,82.19,0.4698,Waxing Gibbous,
2003-02-23,17:15:00,28784.9896,Daylit,9.0987,256.8921,-77.3154,243.9167,93.4757,82.19,0.4697,Waxing Gibbous,
2003-02-23,17:16:00,28174.4754,Daylit,8.8656,256.9732,-77.5176,243.5275,93.4846,82.2,0.4696,Waxing Gibbous,
2003-02-23,17:17:00,27560.7054,Daylit,8.6325,257.0541,-77.7191,243.1243,93.4936,82.2,0.4695,Waxing Gibbous,
2003-02-23,17:18:00,26943.5998,Daylit,8.3993,257.1346,-77.9199,242.7064,93.5025,82.21,0.4695,Waxing Gibbous,
2003-02-23,17:19:00,26323.0737,Daylit,8.166,257.2149,-78.1199,242.2731,93.5114,82.22,0.4694,Waxing Gibbous,
2003-02-23,17:20:00,25699.0362,Daylit,7.9326,257.2949,-78.319,241.8236,93.5203,82.22,0.4693,Waxing Gibbous,
2003-02-23,17:21:00,25071.3902,Daylit,7.6992,257.3747,-78.5173,241.3573,93.5292,82.23,0.4692,Waxing Gibbous,
2003-02-23,17:22:00,24440.0317,Daylit,7.4657,257.4542,-78.7146,240.8732,93.5381,82.24,0.4691,Waxing Gibbous,
2003-02-23,17:23:00,23804.849,Daylit,7.2321,257.5335,-78.911,240.3706,93.547,82.24,0.4691,Waxing Gibbous,
2003-02-23,17:24:00,23165.7221,Daylit,6.9985,257.6125,-79.1064,239.8486,93.5559,82.25,0.469,Waxing Gibbous,
2003-02-23,17:25:00,22522.5215,Daylit,6.7647,257.6912,-79.3006,239.3061,93.5649,82.25,0.4689,Waxing Gibbous,
2003-02-23,17:26:00,21875.1075,Daylit,6.5309,257.7697,-79.4938,238.7422,93.5738,82.26,0.4688,Waxing Gibbous,
2003-02-23,17:27:00,21223.3288,Daylit,6.2971,257.8479,-79.6857,238.1558,93.5827,82.27,0.4688,Waxing Gibbous,
2003-02-23,17:28:00,20567.0212,Daylit,6.0632,257.9259,-79.8763,237.5458,93.5916,82.27,0.4687,Waxing Gibbous,
2003-02-23,17:29:00,19906.0061,Daylit,5.8292,258.0037,-80.0656,236.9111,93.6005,82.28,0.4686,Waxing Gibbous,
2003-02-23,17:30:00,19240.0883,Daylit,5.5951,258.0812,-80.2535,236.2502,93.6094,82.28,0.4685,Waxing Gibbous,
2003-02-23,17:31:00,18569.0544,Daylit,5.361,258.1585,-80.4399,235.562,93.6183,82.29,0.4684,Waxing Gibbous,
2003-02-23,17:32:00,17892.6695,Daylit,5.1268,258.2356,-80.6246,234.8451,93.6272,82.3,0.4684,Waxing Gibbous,
2003-02-23,17:33:00,17210.6748,Daylit,4.8925,258.3124,-80.8077,234.0979,93.6362,82.3,0.4683,Waxing Gibbous,
2003-02-23,17:34:00,16522.7833,Daylit,4.6582,258.389,-80.989,233.319,93.6451,82.31,0.4682,Waxing Gibbous,
2003-02-23,17:35:00,15828.6757,Daylit,4.4238,258.4654,-81.1683,232.5067,93.654,82.32,0.4681,Waxing Gibbous,
2003-02-23,17:36:00,15127.9947,Daylit,4.1893,258.5415,-81.3457,231.6593,93.6629,82.32,0.4681,Waxing Gibbous,
2003-02-23,17:37:00,14420.3384,Daylit,3.9548,258.6175,-81.5209,230.7752,93.6718,82.33,0.468,Waxing Gibbous,
2003-02-23,17:38:00,13705.2517,Daylit,3.7202,258.6932,-81.6937,229.8523,93.6807,82.33,0.4679,Waxing Gibbous,
2003-02-23,17:39:00,12982.2154,Daylit,3.4856,258.7687,-81.8642,228.889,93.6896,82.34,0.4678,Waxing Gibbous,
2003-02-23,17:40:00,12250.6327,Daylit,3.2509,258.844,-82.0321,227.8831,93.6985,82.35,0.4677,Waxing Gibbous,
2003-02-23,17:41:00,11509.8112,Daylit,3.0161,258.9191,-82.1972,226.8326,93.7075,82.35,0.4677,Waxing Gibbous,
2003-02-23,17:42:00,10758.9386,Daylit,2.7813,258.994,-82.3593,225.7355,93.7164,82.36,0.4676,Waxing Gibbous,
2003-02-23,17:43:00,9997.0511,Daylit,2.5464,259.0687,-82.5183,224.5897,93.7253,82.37,0.4675,Waxing Gibbous,
2003-02-23,17:44:00,9222.9876,Daylit,2.3114,259.1431,-82.674,223.3931,93.7342,82.37,0.4674,Waxing Gibbous,
2003-02-23,17:45:00,8435.3256,Daylit,2.0764,259.2174,-82.8262,222.1434,93.7431,82.38,0.4674,Waxing Gibbous,
2003-02-23,17:46:00,7632.2859,Daylit,1.8413,259.2915,-82.9746,220.8387,93.752,82.38,0.4673,Waxing Gibbous,
2003-02-23,17:47:00,6811.5849,Daylit,1.6062,259.3654,-83.1189,219.4768,93.7609,82.39,0.4672,Waxing Gibbous,
2003-02-23,17:48:00,5970.1954,Daylit,1.371,259.4391,-83.259,218.0559,93.7698,82.4,0.4671,Waxing Gibbous,
2003-02-23,17:49:00,5103.9296,Daylit,1.1358,259.5126,-83.3945,216.5741,93.7787,82.4,0.467,Waxing Gibbous,
2003-02-23,17:50:00,4206.6465,Daylit,0.9005,259.586,-83.5251,215.0299,93.7876,82.41,0.467,Waxing Gibbous,
2003-02-23,17:51:00,3268.5403,Daylit,0.6652,259.6591,-83.6506,213.4218,93.7966,82.41,0.4669,Waxing Gibbous,
2003-02-23,17:52:00,2271.6402,Daylit,0.4298,259.7321,-83.7707,211.7488,93.8055,82.42,0.4668,Waxing Gibbous,
2003-02-23,17:53:00,1172.6741,Daylit,0.1943,259.8049,-83.885,210.0102,93.8144,82.43,0.4667,Waxing Gibbous,
2003-02-23,17:54:00,20.2599,Civil Twilight,-0.0412,259.8775,-83.9932,208.2058,93.8233,82.43,0.4667,Waxing Gibbous,
2003-02-23,17:55:00,19.459,Civil Twilight,-0.2768,259.95,-84.0949,206.336,93.8322,82.44,0.4666,Waxing Gibbous,
2003-02-23,17:56:00,18.6579,Civil Twilight,-0.5124,260.0222,-84.1899,204.4015,93.8411,82.44,0.4665,Waxing Gibbous,
2003-02-23,17:57:00,17.8566,Civil Twilight,-0.748,260.0944,-84.2778,202.404,93.85,82.45,0.4664,Waxing Gibbous,
2003-02-23,17:58:00,17.0552,Civil Twilight,-0.9838,260.1663,-84.3582,200.3457,93.8589,82.46,0.4663,Waxing Gibbous,
2003-02-23,17:59:00,16.2536,Civil Twilight,-1.2195,260.2381,-84.4309,198.2299,93.8678,82.46,0.4663,Waxing Gibbous,
2003-02-23,18:00:00,15.4518,Civil Twilight,-1.4554,260.3097,-84.4955,196.0603,93.8767,82.47,0.4662,Waxing Gibbous,
2003-02-23,18:01:00,14.6498,Civil Twilight,-1.6912,260.3812,-84.5517,193.8418,93.8857,82.48,0.4661,Waxing Gibbous,
2003-02-23,18:02:00,13.8476,Civil Twilight,-1.9272,260.4525,-84.5993,191.5799,93.8946,82.48,0.466,Waxing Gibbous,
2003-02-23,18:03:00,13.0453,Civil Twilight,-2.1631,260.5236,-84.6381,189.281,93.9035,82.49,0.466,Waxing Gibbous,
2003-02-23,18:04:00,12.2429,Civil Twilight,-2.3992,260.5946,-84.6678,186.9521,93.9124,82.49,0.4659,Waxing Gibbous,
2003-02-23,18:05:00,11.4402,Civil Twilight,-2.6352,260.6655,-84.6883,184.6008,93.9213,82.5,0.4658,Waxing Gibbous,
2003-02-23,18:06:00,10.6374,Civil Twilight,-2.8713,260.7362,-84.6995,182.2353,93.9302,82.51,0.4657,Waxing Gibbous,
2003-02-23,18:07:00,9.8344,Civil Twilight,-3.1075,260.8067,-84.7014,179.8638,93.9391,82.51,0.4657,Waxing Gibbous,
2003-02-23,18:08:00,9.0313,Civil Twilight,-3.3437,260.8772,-84.6939,177.495,93.948,82.52,0.4656,Waxing Gibbous,
2003-02-23,18:09:00,8.228,Civil Twilight,-3.58,260.9474,-84.6771,175.1372,93.9569,82.52,0.4655,Waxing Gibbous,
2003-02-23,18:10:00,7.4246,Civil Twilight,-3.8163,261.0176,-84.651,172.7986,93.9658,82.53,0.4654,Waxing Gibbous,
2003-02-23,18:11:00,6.621,Civil Twilight,-4.0526,261.0876,-84.6158,170.4872,93.9747,82.54,0.4653,Waxing Gibbous,
2003-02-23,18:12:00,5.8172,Civil Twilight,-4.289,261.1575,-84.5717,168.2101,93.9836,82.54,0.4653,Waxing Gibbous,
2003-02-23,18:13:00,5.0133,Civil Twilight,-4.5255,261.2272,-84.5189,165.9741,93.9926,82.55,0.4652,Waxing Gibbous,
2003-02-23,18:14:00,4.2093,Civil Twilight,-4.762,261.2968,-84.4576,163.7849,94.0015,82.56,0.4651,Waxing Gibbous,
2003-02-23,18:15:00,3.4051,Civil Twilight,-4.9985,261.3663,-84.3882,161.6476,94.0104,82.56,0.465,Waxing Gibbous,
2003-02-23,18:16:00,2.6007,Civil Twilight,-5.2351,261.4357,-84.3108,159.5666,94.0193,82.57,0.465,Waxing Gibbous,
2003-02-23,18:17:00,1.7962,Civil Twilight,-5.4717,261.5049,-84.2259,157.5452,94.0282,82.57,0.4649,Waxing Gibbous,
2003-02-23,18:18:00,0.9916,Civil Twilight,-5.7084,261.574,-84.1338,155.586,94.0371,82.58,0.4648,Waxing Gibbous,
2003-02-23,18:19:00,0.1868,Civil Twilight,-5.9451,261.643,-84.0347,153.6908,94.046,82.59,0.4647,Waxing Gibbous,
2003-02-23,18:20:00,0.5818,Nautical Twilight,-6.1818,261.7119,-83.9291,151.861,94.0549,82.59,0.4646,Waxing Gibbous,
2003-02-23,18:21:00,0.5581,Nautical Twilight,-6.4186,261.7807,-83.8173,150.0968,94.0638,82.6,0.4646,Waxing Gibbous,
2003-02-23,18:22:00,0.5345,Nautical Twilight,-6.6554,261.8493,-83.6996,148.3984,94.0727,82.6,0.4645,Waxing Gibbous,
2003-02-23,18:23:00,0.5108,Nautical Twilight,-6.8923,261.9179,-83.5763,146.7653,94.0816,82.61,0.4644,Waxing Gibbous,
2003-02-23,18:24:00,0.4871,Nautical Twilight,-7.1292,261.9863,-83.4477,145.1964,94.0905,82.62,0.4643,Waxing Gibbous,
2003-02-23,18:25:00,0.4634,Nautical Twilight,-7.3662,262.0547,-83.3142,143.6906,94.0994,82.62,0.4643,Waxing Gibbous,
2003-02-23,18:26:00,0.4397,Nautical Twilight,-7.6031,262.1229,-83.1761,142.2462,94.1083,82.63,0.4642,Waxing Gibbous,
2003-02-23,18:27:00,0.416,Nautical Twilight,-7.8402,262.1911,-83.0335,140.8617,94.1172,82.63,0.4641,Waxing Gibbous,
2003-02-23,18:28:00,0.3923,Nautical Twilight,-8.0772,262.2591,-82.8868,139.5351,94.1262,82.64,0.464,Waxing Gibbous,
2003-02-23,18:29:00,0.3686,Nautical Twilight,-8.3143,262.327,-82.7363,138.2644,94.1351,82.65,0.4639,Waxing Gibbous,
2003-02-23,18:30:00,0.3449,Nautical Twilight,-8.5515,262.3949,-82.5821,137.0474,94.144,82.65,0.4639,Waxing Gibbous,
2003-02-23,18:31:00,0.3211,Nautical Twilight,-8.7887,262.4627,-82.4246,135.8822,94.1529,82.66,0.4638,Waxing Gibbous,
2003-02-23,18:32:00,0.2974,Nautical Twilight,-9.0259,262.5303,-82.2638,134.7665,94.1618,82.67,0.4637,Waxing Gibbous,
2003-02-23,18:33:00,0.2737,Nautical Twilight,-9.2631,262.5979,-82.1,133.6983,94.1707,82.67,0.4636,Waxing Gibbous,
2003-02-23,18:34:00,0.25,Nautical Twilight,-9.5004,262.6654,-81.9334,132.6755,94.1796,82.68,0.4636,Waxing Gibbous,
2003-02-23,18:35:00,0.2262,Nautical Twilight,-9.7378,262.7328,-81.7641,131.6959,94.1885,82.68,0.4635,Waxing Gibbous,
2003-02-23,18:36:00,0.2025,Nautical Twilight,-9.9751,262.8001,-81.5924,130.7577,94.1974,82.69,0.4634,Waxing Gibbous,
2003-02-23,18:37:00,0.1787,Nautical Twilight,-10.2125,262.8674,-81.4183,129.8589,94.2063,82.7,0.4633,Waxing Gibbous,
2003-02-23,18:38:00,0.155,Nautical Twilight,-10.45,262.9346,-81.242,128.9976,94.2152,82.7,0.4632,Waxing Gibbous,
2003-02-23,18:39:00,0.1313,Nautical Twilight,-10.6874,263.0017,-81.0636,128.172,94.2241,82.71,0.4632,Waxing Gibbous,
2003-02-23,18:40:00,0.1075,Nautical Twilight,-10.9249,263.0687,-80.8833,127.3805,94.233,82.71,0.4631,Waxing Gibbous,
2003-02-23,18:41:00,0.0838,Nautical Twilight,-11.1625,263.1357,-80.7012,126.6213,94.2419,82.72,0.463,Waxing Gibbous,
2003-02-23,18:42:00,0.06,Nautical Twilight,-11.4,263.2026,-80.5173,125.8929,94.2508,82.73,0.4629,Waxing Gibbous,
2003-02-23,18:43:00,0.0362,Nautical Twilight,-11.6376,263.2694,-80.3318,125.1939,94.2597,82.73,0.4629,Waxing Gibbous,
2003-02-23,18:44:00,0.0125,Nautical Twilight,-11.8753,263.3362,-80.1448,124.5228,94.2686,82.74,0.4628,Waxing Gibbous,
2003-02-23,18:45:00,0.0059,Astronomical Twilight,-12.1129,263.4029,-79.9563,123.8782,94.2775,82.74,0.4627,Waxing Gibbous,
2003-02-23,18:46:00,0.0056,Astronomical Twilight,-12.3506,263.4695,-79.7665,123.259,94.2864,82.75,0.4626,Waxing Gibbous,
2003-02-23,18:47:00,0.0054,Astronomical Twilight,-12.5884,263.5361,-79.5753,122.6638,94.2953,82.76,0.4626,Waxing Gibbous,
2003-02-23,18:48:00,0.0052,Astronomical Twilight,-12.8261,263.6026,-79.3829,122.0915,94.3042,82.76,0.4625,Waxing Gibbous,
2003-02-23,18:49:00,0.0049,Astronomical Twilight,-13.0639,263.6691,-79.1894,121.541,94.3131,82.77,0.4624,Waxing Gibbous,
2003-02-23,18:50:00,0.0047,Astronomical Twilight,-13.3017,263.7355,-78.9948,121.0114,94.3221,82.77,0.4623,Waxing Gibbous,
2003-02-23,18:51:00,0.0045,Astronomical Twilight,-13.5396,263.8019,-78.7991,120.5015,94.331,82.78,0.4622,Waxing Gibbous,
2003-02-23,18:52:00,0.0042,Astronomical Twilight,-13.7775,263.8682,-78.6025,120.0106,94.3399,82.79,0.4622,Waxing Gibbous,
2003-02-23,18:53:00,0.004,Astronomical Twilight,-14.0154,263.9345,-78.4049,119.5377,94.3488,82.79,0.4621,Waxing Gibbous,
2003-02-23,18:54:00,0.0037,Astronomical Twilight,-14.2533,264.0007,-78.2064,119.0821,94.3577,82.8,0.462,Waxing Gibbous,
2003-02-23,18:55:00,0.0035,Astronomical Twilight,-14.4913,264.0669,-78.0071,118.6428,94.3666,82.81,0.4619,Waxing Gibbous,
2003-02-23,18:56:00,0.0033,Astronomical Twilight,-14.7293,264.1331,-77.807,118.2192,94.3755,82.81,0.4619,Waxing Gibbous,
2003-02-23,18:57:00,0.003,Astronomical Twilight,-14.9673,264.1992,-77.6061,117.8106,94.3844,82.82,0.4618,Waxing Gibbous,
2003-02-23,18:58:00,0.0028,Astronomical Twilight,-15.2054,264.2653,-77.4045,117.4164,94.3933,82.82,0.4617,Waxing Gibbous,
2003-02-23,18:59:00,0.0026,Astronomical Twilight,-15.4435,264.3314,-77.2022,117.0358,94.4022,82.83,0.4616,Waxing Gibbous,
2003-02-23,19:00:00,0.0023,Astronomical Twilight,-15.6816,264.3974,-76.9992,116.6683,94.4111,82.84,0.4615,Waxing Gibbous,
2003-02-23,19:01:00,0.0021,Astronomical Twilight,-15.9197,264.4634,-76.7957,116.3134,94.42,82.84,0.4615,Waxing Gibbous,
2003-02-23,19:02:00,0.0018,Astronomical Twilight,-16.1579,264.5294,-76.5915,115.9705,94.4289,82.85,0.4614,Waxing Gibbous,
2003-02-23,19:03:00,0.0016,Astronomical Twilight,-16.3961,264.5953,-76.3867,115.639,94.4378,82.85,0.4613,Waxing Gibbous,
2003-02-23,19:04:00,0.0014,Astronomical Twilight,-16.6343,264.6613,-76.1814,115.3186,94.4467,82.86,0.4612,Waxing Gibbous,
2003-02-23,19:05:00,0.0011,Astronomical Twilight,-16.8726,264.7272,-75.9756,115.0087,94.4556,82.87,0.4612,Waxing Gibbous,
2003-02-23,19:06:00,0.0009,Astronomical Twilight,-17.1108,264.7931,-75.7693,114.709,94.4645,82.87,0.4611,Waxing Gibbous,
2003-02-23,19:07:00,0.0007,Astronomical Twilight,-17.3491,264.859,-75.5625,114.419,94.4734,82.88,0.461,Waxing Gibbous,
2003-02-23,19:08:00,0.0004,Astronomical Twilight,-17.5874,264.9248,-75.3553,114.1383,94.4823,82.88,0.4609,Waxing Gibbous,
2003-02-23,19:09:00,0.0002,Astronomical Twilight,-17.8258,264.9907,-75.1476,113.8665,94.4912,82.89,0.4608,Waxing Gibbous,
2003-02-23,19:10:00,0.0,Moonless Night,-18.0642,265.0565,-74.9395,113.6034,94.5001,82.9,0.4608,Waxing Gibbous,
2003-02-23,19:11:00,0.0,Moonless Night,-18.3025,265.1224,-74.731,113.3485,94.509,82.9,0.4607,Waxing Gibbous,
2003-02-23,19:12:00,0.0,Moonless Night,-18.541,265.1882,-74.5221,113.1016,94.5179,82.91,0.4606,Waxing Gibbous,
2003-02-23,19:13:00,0.0,Moonless Night,-18.7794,265.2541,-74.3129,112.8624,94.5268,82.91,0.4605,Waxing Gibbous,
2003-02-23,19:14:00,0.0,Moonless Night,-19.0179,265.3199,-74.1033,112.6305,94.5357,82.92,0.4605,Waxing Gibbous,
2003-02-23,19:15:00,0.0,Moonless Night,-19.2563,265.3858,-73.8933,112.4057,94.5446,82.93,0.4604,Waxing Gibbous,
2003-02-23,19:16:00,0.0,Moonless Night,-19.4948,265.4516,-73.6831,112.1877,94.5535,82.93,0.4603,Waxing Gibbous,
2003-02-23,19:17:00,0.0,Moonless Night,-19.7334,265.5175,-73.4725,111.9763,94.5624,82.94,0.4602,Waxing Gibbous,
2003-02-23,19:18:00,0.0,Moonless Night,-19.9719,265.5834,-73.2616,111.7713,94.5713,82.94,0.4602,Waxing Gibbous,
2003-02-23,19:19:00,0.0,Moonless Night,-20.2105,265.6493,-73.0504,111.5723,94.5802,82.95,0.4601,Waxing Gibbous,
2003-02-23,19:20:00,0.0,Moonless Night,-20.4491,265.7152,-72.839,111.3793,94.5891,82.96,0.46,Waxing Gibbous,
2003-02-23,19:21:00,0.0,Moonless Night,-20.6877,265.7811,-72.6273,111.1919,94.598,82.96,0.4599,Waxing Gibbous,
2003-02-23,19:22:00,0.0,Moonless Night,-20.9263,265.8471,-72.4153,111.01,94.6069,82.97,0.4598,Waxing Gibbous,
2003-02-23,19:23:00,0.0,Moonless Night,-21.165,265.913,-72.2031,110.8335,94.6158,82.97,0.4598,Waxing Gibbous,
2003-02-23,19:24:00,0.0,Moonless Night,-21.4037,265.979,-71.9906,110.662,94.6247,82.98,0.4597,Waxing Gibbous,
2003-02-23,19:25:00,0.0,Moonless Night,-21.6423,266.045,-71.7779,110.4955,94.6336,82.99,0.4596,Waxing Gibbous,
2003-02-23,19:26:00,0.0,Moonless Night,-21.8811,266.1111,-71.565,110.3338,94.6425,82.99,0.4595,Waxing Gibbous,
2003-02-23,19:27:00,0.0,Moonless Night,-22.1198,266.1772,-71.3519,110.1767,94.6514,83.0,0.4595,Waxing Gibbous,
2003-02-23,19:28:00,0.0,Moonless Night,-22.3585,266.2433,-71.1385,110.0241,94.6603,83.01,0.4594,Waxing Gibbous,
2003-02-23,19:29:00,0.0,Moonless Night,-22.5973,266.3094,-70.925,109.8758,94.6692,83.01,0.4593,Waxing Gibbous,
2003-02-23,19:30:00,0.0,Moonless Night,-22.8361,266.3756,-70.7113,109.7318,94.6781,83.02,0.4592,Waxing Gibbous,
2003-02-23,19:31:00,0.0,Moonless Night,-23.0749,266.4419,-70.4974,109.5917,94.687,83.02,0.4591,Waxing Gibbous,
2003-02-23,19:32:00,0.0,Moonless Night,-23.3137,266.5082,-70.2833,109.4556,94.6959,83.03,0.4591,Waxing Gibbous,
2003-02-23,19:33:00,0.0,Moonless Night,-23.5525,266.5745,-70.069,109.3234,94.7048,83.04,0.459,Waxing Gibbous,
2003-02-23,19:34:00,0.0,Moonless Night,-23.7914,266.6409,-69.8546,109.1948,94.7137,83.04,0.4589,Waxing Gibbous,
2003-02-23,19:35:00,0.0,Moonless Night,-24.0303,266.7073,-69.64,109.0698,94.7226,83.05,0.4588,Waxing Gibbous,
2003-02-23,19:36:00,0.0,Moonless Night,-24.2691,266.7738,-69.4253,108.9482,94.7315,83.05,0.4588,Waxing Gibbous,
2003-02-23,19:37:00,0.0,Moonless Night,-24.508,266.8403,-69.2104,108.83,94.7404,83.06,0.4587,Waxing Gibbous,
2003-02-23,19:38:00,0.0,Moonless Night,-24.747,266.9069,-68.9953,108.7151,94.7493,83.07,0.4586,Waxing Gibbous,
2003-02-23,19:39:00,0.0,Moonless Night,-24.9859,266.9736,-68.7802,108.6034,94.7582,83.07,0.4585,Waxing Gibbous,
2003-02-23,19:40:00,0.0,Moonless Night,-25.2248,267.0404,-68.5648,108.4948,94.7671,83.08,0.4584,Waxing Gibbous,
2003-02-23,19:41:00,0.0,Moonless Night,-25.4638,267.1072,-68.3494,108.3891,94.776,83.08,0.4584,Waxing Gibbous,
2003-02-23,19:42:00,0.0,Moonless Night,-25.7028,267.174,-68.1338,108.2863,94.7849,83.09,0.4583,Waxing Gibbous,
2003-02-23,19:43:00,0.0,Moonless Night,-25.9417,267.241,-67.9181,108.1864,94.7938,83.1,0.4582,Waxing Gibbous,
2003-02-23,19:44:00,0.0,Moonless Night,-26.1807,267.308,-67.7023,108.0892,94.8027,83.1,0.4581,Waxing Gibbous,
2003-02-23,19:45:00,0.0,Moonless Night,-26.4198,267.3751,-67.4864,107.9947,94.8116,83.11,0.4581,Waxing Gibbous,
2003-02-23,19:46:00,0.0,Moonless Night,-26.6588,267.4423,-67.2703,107.9028,94.8205,83.11,0.458,Waxing Gibbous,
2003-02-23,19:47:00,0.0,Moonless Night,-26.8978,267.5096,-67.0542,107.8134,94.8294,83.12,0.4579,Waxing Gibbous,
2003-02-23,19:48:00,0.0,Moonless Night,-27.1369,267.577,-66.8379,107.7264,94.8383,83.13,0.4578,Waxing Gibbous,
2003-02-23,19:49:00,0.0,Moonless Night,-27.3759,267.6444,-66.6215,107.6418,94.8471,83.13,0.4578,Waxing Gibbous,
2003-02-23,19:50:00,0.0,Moonless Night,-27.615,267.712,-66.4051,107.5596,94.856,83.14,0.4577,Waxing Gibbous,
2003-02-23,19:51:00,0.0,Moonless Night,-27.8541,267.7796,-66.1885,107.4797,94.8649,83.14,0.4576,Waxing Gibbous,
2003-02-23,19:52:00,0.0,Moonless Night,-28.0932,267.8474,-65.9719,107.4019,94.8738,83.15,0.4575,Waxing Gibbous,
2003-02-23,19:53:00,0.0,Moonless Night,-28.3323,267.9152,-65.7551,107.3263,94.8827,83.16,0.4574,Waxing Gibbous,
2003-02-23,19:54:00,0.0,Moonless Night,-28.5714,267.9832,-65.5383,107.2528,94.8916,83.16,0.4574,Waxing Gibbous,
2003-02-23,19:55:00,0.0,Moonless Night,-28.8105,268.0512,-65.3214,107.1813,94.9005,83.17,0.4573,Waxing Gibbous,
2003-02-23,19:56:00,0.0,Moonless Night,-29.0497,268.1194,-65.1044,107.1118,94.9094,83.17,0.4572,Waxing Gibbous,
2003-02-23,19:57:00,0.0,Moonless Night,-29.2888,268.1877,-64.8873,107.0443,94.9183,83.18,0.4571,Waxing Gibbous,
2003-02-23,19:58:00,0.0,Moonless Night,-29.528,268.2561,-64.6702,106.9786,94.9272,83.19,0.4571,Waxing Gibbous,
2003-02-23,19:59:00,0.0,Moonless Night,-29.7672,268.3247,-64.4529,106.9148,94.9361,83.19,0.457,Waxing Gibbous,
2003-02-23,20:00:00,0.0,Moonless Night,-30.0063,268.3934,-64.2356,106.8528,94.945,83.2,0.4569,Waxing Gibbous,
2003-06-15,17:00:00,51137.5037,Daylit,18.3751,289.5986,-39.8117,110.5836,20.6884,16.98,0.9678,Waning Crescent,
2003-06-15,17:01:00,50632.2253,Daylit,18.1497,289.6444,-39.5994,110.5871,20.6977,16.98,0.9677,Waning Crescent,
2003-06-15,17:02:00,50125.4255,Daylit,17.9244,289.6905,-39.387,110.591,20.707,16.99,0.9677,Waning Crescent,
2003-06-15,17:03:00,49617.0965,Daylit,17.6992,289.7369,-39.1747,110.5955,20.7163,17.0,0.9677,Waning Crescent,
2003-06-15,17:04:00,49107.2302,Daylit,17.474,289.7836,-38.9624,110.6005,20.7256,17.0,0.9676,Waning Crescent,
2003-06-15,17:05:00,48595.818,Daylit,17.2489,289.8305,-38.75,110.6059,20.7349,17.01,0.9676,Waning Crescent,
2003-06-15,17:06:00,48082.8508,Daylit,17.0238,289.8778,-38.5377,110.6118,20.7442,17.02,0.9676,Waning Crescent,
2003-06-15,17:07:00,47568.3192,Daylit,16.7988,289.9254,-38.3254,110.6181,20.7535,17.03,0.9676,Waning Crescent,
2003-06-15,17:08:00,47052.2133,Daylit,16.5739,289.9732,-38.113,110.625,20.7628,17.03,0.9675,Waning Crescent,
2003-06-15,17:09:00,46534.5227,Daylit,16.349,290.0214,-37.9007,110.6323,20.7721,17.04,0.9675,Waning Crescent,
2003-06-15,17:10:00,46015.2365,Daylit,16.1243,290.0698,-37.6883,110.64,20.7814,17.05,0.9675,Waning Crescent,
2003-06-15,17:11:00,45494.3434,Daylit,15.8996,290.1185,-37.476,110.6482,20.7907,17.05,0.9674,Waning Crescent,
2003-06-15,17:12:00,44971.8312,Daylit,15.6749,290.1676,-37.2636,110.6568,20.8,17.06,0.9674,Waning Crescent,
2003-06-15,17:13:00,44447.6877,Daylit,15.4503,290.2169,-37.0513,110.6659,20.8093,17.07,0.9674,Waning Crescent,
2003-06-15,17:14:00,43921.8995,Daylit,15.2258,290.2665,-36.8389,110.6754,20.8185,17.08,0.9674,Waning Crescent,
2003-06-15,17:15:00,43394.453,Daylit,15.0014,290.3164,-36.6266,110.6854,20.8278,17.08,0.9673,Waning Crescent,
2003-06-15,17:16:00,42865.3338,Daylit,14.7771,290.3666,-36.4142,110.6958,20.8371,17.09,0.9673,Waning Crescent,
2003-06-15,17:17:00,42334.5267,Daylit,14.5528,290.4171,-36.2019,110.7066,20.8464,17.1,0.9673,Waning Crescent,
2003-06-15,17:18:00,41802.016,Daylit,14.3286,290.468,-35.9896,110.7179,20.8557,17.1,0.9672,Waning Crescent,
2003-06-15,17:19:00,41267.785,Daylit,14.1044,290.5191,-35.7772,110.7296,20.865,17.11,0.9672,Waning Crescent,
2003-06-15,17:20:00,40731.8165,Daylit,13.8804,290.5705,-35.5649,110.7417,20.8743,17.12,0.9672,Waning Crescent,
2003-06-15,17:21:00,40194.0921,Daylit,13.6564,290.6222,-35.3526,110.7542,20.8836,17.13,0.9672,Waning Crescent,
2003-06-15,17:22:00,39654.5928,Daylit,13.4325,290.6741,-35.1402,110.7671,20.8929,17.13,0.9671,Waning Crescent,
2003-06-15,17:23:00,39113.2986,Daylit,13.2087,290.7264,-34.9279,110.7805,20.9022,17.14,0.9671,Waning Crescent,
2003-06-15,17:24:00,38570.1883,Daylit,12.9849,290.779,-34.7156,110.7942,20.9115,17.15,0.9671,Waning Crescent,
2003-06-15,17:25:00,38025.2401,Daylit,12.7613,290.8319,-34.5033,110.8084,20.9208,17.16,0.967,Waning Crescent,
2003-06-15,17:26:00,37478.4307,Daylit,12.5377,290.8852,-34.291,110.823,20.93,17.16,0.967,Waning Crescent,
2003-06-15,17:27:00,36929.7358,Daylit,12.3141,290.9387,-34.0787,110.838,20.9393,17.17,0.967,Waning Crescent,
2003-06-15,17:28:00,36379.13,Daylit,12.0907,290.9925,-33.8665,110.8533,20.9486,17.18,0.967,Waning Crescent,
2003-06-15,17:29:00,35826.5863,Daylit,11.8674,291.0466,-33.6542,110.8691,20.9579,17.18,0.9669,Waning Crescent,
2003-06-15,17:30:00,35272.0765,Daylit,11.6441,291.101,-33.442,110.8853,20.9672,17.19,0.9669,Waning Crescent,
2003-06-15,17:31:00,34715.5711,Daylit,11.4209,291.1557,-33.2297,110.9018,20.9765,17.2,0.9669,Waning Crescent,
2003-06-15,17:32:00,34157.0388,Daylit,11.1978,291.2108,-33.0175,110.9188,20.9858,17.21,0.9668,Waning Crescent,
2003-06-15,17:33:00,33596.4467,Daylit,10.9748,291.2661,-32.8053,110.9361,20.9951,17.21,0.9668,Waning Crescent,
2003-06-15,17:34:00,33033.7602,Daylit,10.7518,291.3217,-32.5931,110.9539,21.0044,17.22,0.9668,Waning Crescent,
2003-06-15,17:35:00,32468.9428,Daylit,10.529,291.3777,-32.3809,110.972,21.0137,17.23,0.9667,Waning Crescent,
2003-06-15,17:36:00,31901.9561,Daylit,10.3062,291.434,-32.1687,110.9904,21.023,17.23,0.9667,Waning Crescent,
2003-06-15,17:37:00,31332.7594,Daylit,10.0835,291.4906,-31.9565,111.0093,21.0322,17.24,0.9667,Waning Crescent,
2003-06-15,17:38:00,30761.3097,Daylit,9.8609,291.5474,-31.7443,111.0286,21.0415,17.25,0.9667,Waning Crescent,
2003-06-15,17:39:00,30187.5619,Daylit,9.6384,291.6046,-31.5322,111.0482,21.0508,17.26,0.9666,Waning Crescent,
2003-06-15,17:40:00,29611.4678,Daylit,9.416,291.6622,-31.3201,111.0682,21.0601,17.26,0.9666,Waning Crescent,
2003-06-15,17:41:00,29032.9766,Daylit,9.1937,291.72,-31.108,111.0885,21.0694,17.27,0.9666,Waning Crescent,
2003-06-15,17:42:00,28452.0345,Daylit,8.9714,291.7782,-30.8959,111.1093,21.0787,17.28,0.9665,Waning Crescent,
2003-06-15,17:43:00,27868.5843,Daylit,8.7493,291.8366,-30.6838,111.1303,21.088,17.29,0.9665,Waning Crescent,
2003-06-15,17:44:00,27282.5653,Daylit,8.5272,291.8954,-30.4718,111.1518,21.0973,17.29,0.9665,Waning Crescent,
2003-06-15,17:45:00,26693.913,Daylit,8.3053,291.9545,-30.2597,111.1736,21.1065,17.3,0.9665,Waning Crescent,
2003-06-15,17:46:00,26102.5587,Daylit,8.0834,292.0139,-30.0477,111.1958,21.1158,17.31,0.9664,Waning Crescent,
2003-06-15,17:47:00,25508.4292,Daylit,7.8616,292.0737,-29.8357,111.2184,21.1251,17.31,0.9664,Waning Crescent,
2003-06-15,17:48:00,24911.4461,Daylit,7.6399,292.1337,-29.6237,111.2413,21.1344,17.32,0.9664,Waning Crescent,
2003-06-15,17:49:00,24311.5261,Daylit,7.4183,292.1941,-29.4118,111.2645,21.1437,17.33,0.9663,Waning Crescent,
2003-06-15,17:50:00,23708.5796,Daylit,7.1968,292.2549,-29.1998,111.2881,21.153,17.34,0.9663,Waning Crescent,
2003-06-15,17:51:00,23102.5106,Daylit,6.9754,292.3159,-28.9879,111.3121,21.1623,17.34,0.9663,Waning Crescent,
2003-06-15,17:52:00,22493.216,Daylit,6.7541,292.3773,-28.776,111.3364,21.1716,17.35,0.9663,Waning Crescent,
2003-06-15,17:53:00,21880.5849,Daylit,6.5329,292.439,-28.5641,111.3611,21.1809,17.36,0.9662,Waning Crescent,
2003-06-15,17:54:00,21264.4976,Daylit,6.3118,292.501,-28.3523,111.3861,21.1901,17.36,0.9662,Waning Crescent,
2003-06-15,17:55:00,20644.8246,Daylit,6.0908,292.5634,-28.1404,111.4115,21.1994,17.37,0.9662,Waning Crescent,
2003-06-15,17:56:00,20021.4258,Daylit,5.8699,292.6261,-27.9286,111.4372,21.2087,17.38,0.9661,Waning Crescent,
2003-06-15,17:57:00,19394.149,Daylit,5.6491,292.6891,-27.7169,111.4633,21.218,17.39,0.9661,Waning Crescent,
2003-06-15,17:58:00,18762.8281,Daylit,5.4284,292.7524,-27.5051,111.4897,21.2273,17.39,0.9661,Waning Crescent,
2003-06-15,17:59:00,18127.2819,Daylit,5.2078,292.8161,-27.2934,111.5164,21.2366,17.4,0.966,Waning Crescent,
2003-06-15,18:00:00,17487.3118,Daylit,4.9873,292.8802,-27.0817,111.5435,21.2459,17.41,0.966,Waning Crescent,
2003-06-15,18:01:00,16842.6993,Daylit,4.7669,292.9445,-26.87,111.5709,21.2551,17.42,0.966,Waning Crescent,
2003-06-15,18:02:00,16193.2029,Daylit,4.5466,293.0093,-26.6583,111.5987,21.2644,17.42,0.966,Waning Crescent,
2003-06-15,18:03:00,15538.555,Daylit,4.3264,293.0743,-26.4467,111.6268,21.2737,17.43,0.9659,Waning Crescent,
2003-06-15,18:04:00,14878.4576,Daylit,4.1064,293.1397,-26.2351,111.6552,21.283,17.44,0.9659,Waning Crescent,
2003-06-15,18:05:00,14212.5767,Daylit,3.8864,293.2055,-26.0235,111.684,21.2923,17.44,0.9659,Waning Crescent,
2003-06-15,18:06:00,13540.5361,Daylit,3.6665,293.2716,-25.812,111.7131,21.3016,17.45,0.9658,Waning Crescent,
2003-06-15,18:07:00,12861.9095,Daylit,3.4468,293.338,-25.6005,111.7426,21.3109,17.46,0.9658,Waning Crescent,
2003-06-15,18:08:00,12176.2102,Daylit,3.2271,293.4048,-25.389,111.7723,21.3201,17.47,0.9658,Waning Crescent,
2003-06-15,18:09:00,11482.8777,Daylit,3.0076,293.4719,-25.1776,111.8024,21.3294,17.47,0.9658,Waning Crescent,
2003-06-15,18:10:00,10781.2611,Daylit,2.7882,293.5394,-24.9662,111.8329,21.3387,17.48,0.9657,Waning Crescent,
2003-06-15,18:11:00,10070.5958,Daylit,2.5689,293.6073,-24.7548,111.8636,21.348,17.49,0.9657,Waning Crescent,
2003-06-15,18:12:00,9349.973,Daylit,2.3497,293.6755,-24.5434,111.8947,21.3573,17.49,0.9657,Waning Crescent,
2003-06-15,18:13:00,8618.296,Daylit,2.1306,293.744,-24.3321,111.9262,21.3666,17.5,0.9656,Waning Crescent,
2003-06-15,18:14:00,7874.219,Daylit,1.9117,293.8129,-24.1208,111.9579,21.3758,17.51,0.9656,Waning Crescent,
2003-06-15,18:15:00,7116.0545,Daylit,1.6928,293.8822,-23.9096,111.99,21.3851,17.52,0.9656,Waning Crescent,
2003-06-15,18:16:00,6341.6315,Daylit,1.4741,293.9519,-23.6983,112.0224,21.3944,17.52,0.9655,Waning Crescent,
2003-06-15,18:17:00,5548.0625,Daylit,1.2555,294.0219,-23.4872,112.0551,21.4037,17.53,0.9655,Waning Crescent,
2003-06-15,18:18:00,4731.3366,Daylit,1.037,294.0922,-23.276,112.0882,21.413,17.54,0.9655,Waning Crescent,
2003-06-15,18:19:00,3885.5399,Daylit,0.8186,294.163,-23.0649,112.1215,21.4223,17.55,0.9655,Waning Crescent,
2003-06-15,18:20:00,3001.1515,Daylit,0.6004,294.2341,-22.8538,112.1552,21.4315,17.55,0.9654,Waning Crescent,
2003-06-15,18:21:00,2060.4813,Daylit,0.3823,294.3056,-22.6428,112.1892,21.4408,17.56,0.9654,Waning Crescent,
2003-06-15,18:22:00,1019.5641,Daylit,0.1643,294.3774,-22.4318,112.2236,21.4501,17.57,0.9654,Waning Crescent,
2003-06-15,18:23:00,20.2177,Civil Twilight,-0.0536,294.4496,-22.2208,112.2583,21.4594,17.57,0.9653,Waning Crescent,
2003-06-15,18:24:00,19.4774,Civil Twilight,-0.2714,294.5222,-22.0099,112.2932,21.4687,17.58,0.9653,Waning Crescent,
2003-06-15,18:25:00,18.7375,Civil Twilight,-0.489,294.5952,-21.799,112.3285,21.478,17.59,0.9653,Waning Crescent,
2003-06-15,18:26:00,17.998,Civil Twilight,-0.7065,294.6686,-21.5882,112.3642,21.4872,17.6,0.9652,Waning Crescent,
2003-06-15,18:27:00,17.2589,Civil Twilight,-0.9238,294.7423,-21.3774,112.4001,21.4965,17.6,0.9652,Waning Crescent,
2003-06-15,18:28:00,16.5203,Civil Twilight,-1.1411,294.8165,-21.1666,112.4364,21.5058,17.61,0.9652,Waning Crescent,
2003-06-15,18:29:00,15.7821,Civil Twilight,-1.3582,294.891,-20.9559,112.4729,21.5151,17.62,0.9652,Waning Crescent,
2003-06-15,18:30:00,15.0444,Civil Twilight,-1.5752,294.9659,-20.7452,112.5098,21.5244,17.63,0.9651,Waning Crescent,
2003-06-15,18:31:00,14.3071,Civil Twilight,-1.792,295.0412,-20.5346,112.5471,21.5337,17.63,0.9651,Waning Crescent,
2003-06-15,18:32:00,13.5703,Civil Twilight,-2.0087,295.1169,-20.324,112.5846,21.5429,17.64,0.9651,Waning Crescent,
2003-06-15,18:33:00,12.834,Civil Twilight,-2.2253,295.1929,-20.1134,112.6224,21.5522,17.65,0.965,Waning Crescent,
2003-06-15,18:34:00,12.0981,Civil Twilight,-2.4417,295.2694,-19.9029,112.6606,21.5615,17.65,0.965,Waning Crescent,
2003-06-15,18:35:00,11.3626,Civil Twilight,-2.6581,295.3463,-19.6925,112.6991,21.5708,17.66,0.965,Waning Crescent,
2003-06-15,18:36:00,10.6277,Civil Twilight,-2.8742,295.4236,-19.4821,112.7379,21.5801,17.67,0.965,Waning Crescent,
2003-06-15,18:37:00,9.8932,Civil Twilight,-3.0902,295.5013,-19.2717,112.777,21.5893,17.68,0.9649,Waning Crescent,
2003-06-15,18:38:00,9.1591,Civil Twilight,-3.3061,295.5793,-19.0614,112.8164,21.5986,17.68,0.9649,Waning Crescent,
2003-06-15,18:39:00,8.4256,Civil Twilight,-3.5219,295.6578,-18.8511,112.8562,21.6079,17.69,0.9649,Waning Crescent,
2003-06-15,18:40:00,7.6926,Civil Twilight,-3.7375,295.7367,-18.6409,112.8962,21.6172,17.7,0.9648,Waning Crescent,
2003-06-15,18:41:00,6.96,Civil Twilight,-3.9529,295.8161,-18.4307,112.9366,21.6265,17.71,0.9648,Waning Crescent,
2003-06-15,18:42:00,6.2279,Civil Twilight,-4.1683,295.8958,-18.2206,112.9773,21.6357,17.71,0.9648,Waning Crescent,
2003-06-15,18:43:00,5.4963,Civil Twilight,-4.3834,295.9759,-18.0105,113.0183,21.645,17.72,0.9647,Waning Crescent,
2003-06-15,18:44:00,4.7653,Civil Twilight,-4.5985,296.0565,-17.8004,113.0596,21.6543,17.73,0.9647,Waning Crescent,
2003-06-15,18:45:00,4.0347,Civil Twilight,-4.8133,296.1375,-17.5905,113.1013,21.6636,17.73,0.9647,Waning Crescent,
2003-06-15,18:46:00,3.3046,Civil Twilight,-5.028,296.2189,-17.3805,113.1432,21.6729,17.74,0.9647,Waning Crescent,
2003-06-15,18:47:00,2.5751,Civil Twilight,-5.2426,296.3007,-17.1707,113.1855,21.6821,17.75,0.9646,Waning Crescent,
2003-06-15,18:48:00,1.846,Civil Twilight,-5.457,296.383,-16.9608,113.2281,21.6914,17.76,0.9646,Waning Crescent,
2003-06-15,18:49:00,1.1175,Civil Twilight,-5.6713,296.4657,-16.7511,113.271,21.7007,17.76,0.9646,Waning Crescent,
2003-06-15,18:50:00,0.3895,Civil Twilight,-5.8854,296.5488,-16.5413,113.3142,21.71,17.77,0.9645,Waning Crescent,
2003-06-15,18:51:00,0.5901,Nautical Twilight,-6.0994,296.6324,-16.3317,113.3577,21.7193,17.78,0.9645,Waning Crescent,
2003-06-15,18:52:00,0.5687,Nautical Twilight,-6.3132,296.7164,-16.1221,113.4016,21.7285,17.78,0.9645,Waning Crescent,
2003-06-15,18:53:00,0.5473,Nautical Twilight,-6.5268,296.8008,-15.9125,113.4457,21.7378,17.79,0.9644,Waning Crescent,
2003-06-15,18:54:00,0.526,Nautical Twilight,-6.7403,296.8857,-15.703,113.4902,21.7471,17.8,0.9644,Waning Crescent,
2003-06-15,18:55:00,0.5046,Nautical Twilight,-6.9536,296.9711,-15.4936,113.535,21.7564,17.81,0.9644,Waning Crescent,
2003-06-15,18:56:00,0.4833,Nautical Twilight,-7.1668,297.0568,-15.2842,113.5801,21.7657,17.81,0.9644,Waning Crescent,
2003-06-15,18:57:00,0.462,Nautical Twilight,-7.3798,297.1431,-15.0749,113.6255,21.7749,17.82,0.9643,Waning Crescent,
2003-06-15,18:58:00,0.4407,Nautical Twilight,-7.5926,297.2298,-14.8656,113.6713,21.7842,17.83,0.9643,Waning Crescent,
2003-06-15,18:59:00,0.4195,Nautical Twilight,-7.8053,297.3169,-14.6564,113.7173,21.7935,17.84,0.9643,Waning Crescent,
2003-06-15,19:00:00,0.3982,Nautical Twilight,-8.0178,297.4045,-14.4472,113.7637,21.8028,17.84,0.9642,Waning Crescent,
2003-06-15,19:01:00,0.377,Nautical Twilight,-8.2301,297.4926,-14.2382,113.8104,21.812,17.85,0.9642,Waning Crescent,
2003-06-15,19:02:00,0.3558,Nautical Twilight,-8.4423,297.5811,-14.0291,113.8574,21.8213,17.86,0.9642,Waning Crescent,
2003-06-15,19:03:00,0.3346,Nautical Twilight,-8.6543,297.6701,-13.8202,113.9047,21.8306,17.86,0.9641,Waning Crescent,
2003-06-15,19:04:00,0.3134,Nautical Twilight,-8.8661,297.7596,-13.6113,113.9524,21.8399,17.87,0.9641,Waning Crescent,
2003-06-15,19:05:00,0.2922,Nautical Twilight,-9.0777,297.8495,-13.4024,114.0003,21.8491,17.88,0.9641,Waning Crescent,
2003-06-15,19:06:00,0.2711,Nautical Twilight,-9.2892,297.9399,-13.1937,114.0486,21.8584,17.89,0.9641,Waning Crescent,
2003-06-15,19:07:00,0.25,Nautical Twilight,-9.5005,298.0308,-12.9849,114.0972,21.8677,17.89,0.964,Waning Crescent,
2003-06-15,19:08:00,0.2288,Nautical Twilight,-9.7116,298.1222,-12.7763,114.1462,21.877,17.9,0.964,Waning Crescent,
2003-06-15,19:09:00,0.2077,Nautical Twilight,-9.9225,298.2141,-12.5677,114.1954,21.8863,17.91,0.964,Waning Crescent,
2003-06-15,19:10:00,0.1867,Nautical Twilight,-10.1333,298.3064,-12.3592,114.245,21.8955,17.92,0.9639,Waning Crescent,
2003-06-15,19:11:00,0.1656,Nautical Twilight,-10.3438,298.3993,-12.1508,114.2948,21.9048,17.92,0.9639,Waning Crescent,
2003-06-15,19:12:00,0.1446,Nautical Twilight,-10.5542,298.4926,-11.9424,114.345,21.9141,17.93,0.9639,Waning Crescent,
2003-06-15,19:13:00,0.1236,Nautical Twilight,-10.7644,298.5865,-11.7341,114.3956,21.9234,17.94,0.9638,Waning Crescent,
2003-06-15,19:14:00,0.1026,Nautical Twilight,-10.9744,298.6808,-11.5258,114.4464,21.9326,17.94,0.9638,Waning Crescent,
2003-06-15,19:15:00,0.0816,Nautical Twilight,-11.1842,298.7756,-11.3177,114.4976,21.9419,17.95,0.9638,Waning Crescent,
2003-06-15,19:16:00,0.0606,Nautical Twilight,-11.3938,298.871,-11.1096,114.5491,21.9512,17.96,0.9638,Waning Crescent,
2003-06-15,19:17:00,0.0397,Nautical Twilight,-11.6033,298.9668,-10.9015,114.6009,21.9605,17.97,0.9637,Waning Crescent,
2003-06-15,19:18:00,0.0187,Nautical Twilight,-11.8125,299.0632,-10.6936,114.6531,21.9697,17.97,0.9637,Waning Crescent,
2003-06-15,19:19:00,0.006,Astronomical Twilight,-12.0215,299.1601,-10.4857,114.7055,21.979,17.98,0.9637,Waning Crescent,
2003-06-15,19:20:00,0.0058,Astronomical Twilight,-12.2304,299.2575,-10.2779,114.7583,21.9883,17.99,0.9636,Waning Crescent,
2003-06-15,19:21:00,0.0056,Astronomical Twilight,-12.439,299.3554,-10.0702,114.8115,21.9976,18.0,0.9636,Waning Crescent,
2003-06-15,19:22:00,0.0054,Astronomical Twilight,-12.6475,299.4539,-9.8625,114.8649,22.0068,18.0,0.9636,Waning Crescent,
2003-06-15,19:23:00,0.0051,Astronomical Twilight,-12.8557,299.5529,-9.6549,114.9187,22.0161,18.01,0.9635,Waning Crescent,
2003-06-15,19:24:00,0.0049,Astronomical Twilight,-13.0637,299.6524,-9.4474,114.9728,22.0254,18.02,0.9635,Waning Crescent,
2003-06-15,19:25:00,0.0047,Astronomical Twilight,-13.2716,299.7525,-9.24,115.0273,22.0347,18.02,0.9635,Waning Crescent,
2003-06-15,19:26:00,0.0045,Astronomical Twilight,-13.4792,299.8531,-9.0326,115.082,22.0439,18.03,0.9634,Waning Crescent,
2003-06-15,19:27:00,0.0043,Astronomical Twilight,-13.6866,299.9542,-8.8253,115.1371,22.0532,18.04,0.9634,Waning Crescent,
2003-06-15,19:28:00,0.0041,Astronomical Twilight,-13.8938,300.0559,-8.6181,115.1926,22.0625,18.05,0.9634,Waning Crescent,
2003-06-15,19:29:00,0.0039,Astronomical Twilight,-14.1008,300.1581,-8.411,115.2484,22.0717,18.05,0.9634,Waning Crescent,
2003-06-15,19:30:00,0.0037,Astronomical Twilight,-14.3075,300.2609,-8.204,115.3045,22.081,18.06,0.9633,Waning Crescent,
2003-06-15,19:31:00,0.0035,Astronomical Twilight,-14.5141,300.3643,-7.997,115.3609,22.0903,18.07,0.9633,Waning Crescent,
2003-06-15,19:32:00,0.0033,Astronomical Twilight,-14.7204,300.4682,-7.7902,115.4177,22.0996,18.08,0.9633,Waning Crescent,
2003-06-15,19:33:00,0.0031,Astronomical Twilight,-14.9265,300.5727,-7.5834,115.4748,22.1088,18.08,0.9632,Waning Crescent,
2003-06-15,19:34:00,0.0029,Astronomical Twilight,-15.1324,300.6777,-7.3767,115.5322,22.1181,18.09,0.9632,Waning Crescent,
2003-06-15,19:35:00,0.0027,Astronomical Twilight,-15.3381,300.7834,-7.1701,115.59,22.1274,18.1,0.9632,Waning Crescent,
2003-06-15,19:36:00,0.0025,Astronomical Twilight,-15.5435,300.8896,-6.9635,115.6481,22.1367,18.1,0.9631,Waning Crescent,
2003-06-15,19:37:00,0.0023,Astronomical Twilight,-15.7487,300.9963,-6.7571,115.7066,22.1459,18.11,0.9631,Waning Crescent,
2003-06-15,19:38:00,0.002,Astronomical Twilight,-15.9537,301.1037,-6.5507,115.7654,22.1552,18.12,0.9631,Waning Crescent,
2003-06-15,19:39:00,0.0018,Astronomical Twilight,-16.1585,301.2116,-6.3445,115.8246,22.1645,18.13,0.9631,Waning Crescent,
2003-06-15,19:40:00,0.0016,Astronomical Twilight,-16.363,301.3202,-6.1383,115.8841,22.1737,18.13,0.963,Waning Crescent,
2003-06-15,19:41:00,0.0014,Astronomical Twilight,-16.5673,301.4293,-5.9322,115.9439,22.183,18.14,0.963,Waning Crescent,
2003-06-15,19:42:00,0.0012,Astronomical Twilight,-16.7713,301.5391,-5.7262,116.0041,22.1923,18.15,0.963,Waning Crescent,
2003-06-15,19:43:00,0.001,Astronomical Twilight,-16.9751,301.6494,-5.5203,116.0646,22.2016,18.16,0.9629,Waning Crescent,
2003-06-15,19:44:00,0.0008,Astronomical Twilight,-17.1787,301.7604,-5.3145,116.1255,22.2108,18.16,0.9629,Waning Crescent,
2003-06-15,19:45:00,0.0006,Astronomical Twilight,-17.382,301.8719,-5.1087,116.1867,22.2201,18.17,0.9629,Waning Crescent,
2003-06-15,19:46:00,0.0004,Astronomical Twilight,-17.585,301.9841,-4.9031,116.2483,22.2294,18.18,0.9628,Waning Crescent,
2003-06-15,19:47:00,0.0002,Astronomical Twilight,-17.7878,302.0969,-4.6976,116.3102,22.2386,18.18,0.9628,Waning Crescent,
2003-06-15,19:48:00,0.0,Astronomical Twilight,-17.9904,302.2103,-4.4921,116.3725,22.2479,18.19,0.9628,Waning Crescent,
2003-06-15,19:49:00,0.0,Moonless Night,-18.1927,302.3244,-4.2868,116.4351,22.2572,18.2,0.9627,Waning Crescent,
2003-06-15,19:50:00,0.0,Moonless Night,-18.3948,302.4391,-4.0815,116.4981,22.2664,18.21,0.9627,Waning Crescent,
2003-06-15,19:51:00,0.0,Moonless Night,-18.5966,302.5544,-3.8764,116.5614,22.2757,18.21,0.9627,Waning Crescent,
2003-06-15,19:52:00,0.0,Moonless Night,-18.7981,302.6704,-3.6713,116.6251,22.285,18.22,0.9627,Waning Crescent,
2003-06-15,19:53:00,0.0,Moonless Night,-18.9994,302.787,-3.4664,116.6892,22.2943,18.23,0.9626,Waning Crescent,
2003-06-15,19:54:00,0.0,Moonless Night,-19.2004,302.9042,-3.2615,116.7536,22.3035,18.24,0.9626,Waning Crescent,
2003-06-15,19:55:00,0.0,Moonless Night,-19.4011,303.0221,-3.0568,116.8184,22.3128,18.24,0.9626,Waning Crescent,
2003-06-15,19:56:00,0.0,Moonless Night,-19.6016,303.1407,-2.8522,116.8835,22.3221,18.25,0.9625,Waning Crescent,
2003-06-15,19:57:00,0.0,Moonless Night,-19.8018,303.2599,-2.6476,116.949,22.3313,18.26,0.9625,Waning Crescent,
2003-06-15,19:58:00,0.0,Moonless Night,-20.0017,303.3799,-2.4432,117.0149,22.3406,18.26,0.9625,Waning Crescent,
2003-06-15,19:59:00,0.0,Moonless Night,-20.2014,303.5004,-2.2389,117.0811,22.3499,18.27,0.9624,Waning Crescent,
2003-06-15,20:00:00,0.0,Moonless Night,-20.4008,303.6217,-2.0346,117.1477,22.3591,18.28,0.9624,Waning Crescent,
2003-06-16,17:00:00,51260.4931,Daylit,18.4301,289.6269,-52.9197,108.9703,33.8999,27.93,0.915,Waning Crescent,
2003-06-16,17:01:00,50755.7071,Daylit,18.2047,289.6726,-52.7053,108.9407,33.909,27.94,0.915,Waning Crescent,
2003-06-16,17:02:00,50249.4025,Daylit,17.9795,289.7185,-52.4909,108.9121,33.918,27.95,0.9149,Waning Crescent,
2003-06-16,17:03:00,49741.5716,Daylit,17.7542,289.7648,-52.2765,108.8844,33.9271,27.96,0.9149,Waning Crescent,
2003-06-16,17:04:00,49232.2064,Daylit,17.5291,289.8114,-52.062,108.8575,33.9361,27.96,0.9148,Waning Crescent,
2003-06-16,17:05:00,48721.2982,Daylit,17.304,289.8582,-51.8474,108.8315,33.9451,27.97,0.9148,Waning Crescent,
2003-06-16,17:06:00,48208.8383,Daylit,17.079,289.9054,-51.6328,108.8064,33.9542,27.98,0.9147,Waning Crescent,
2003-06-16,17:07:00,47694.8172,Daylit,16.8541,289.9528,-51.4182,108.7821,33.9632,27.99,0.9147,Waning Crescent,
2003-06-16,17:08:00,47179.2253,Daylit,16.6292,290.0005,-51.2035,108.7586,33.9722,28.0,0.9147,Waning Crescent,
2003-06-16,17:09:00,46662.0523,Daylit,16.4044,290.0486,-50.9888,108.736,33.9813,28.0,0.9146,Waning Crescent,
2003-06-16,17:10:00,46143.2873,Daylit,16.1796,290.0969,-50.774,108.7141,33.9903,28.01,0.9146,Waning Crescent,
2003-06-16,17:11:00,45622.9193,Daylit,15.9549,290.1455,-50.5592,108.693,33.9994,28.02,0.9145,Waning Crescent,
2003-06-16,17:12:00,45100.9362,Daylit,15.7303,290.1944,-50.3444,108.6727,34.0084,28.03,0.9145,Waning Crescent,
2003-06-16,17:13:00,44577.3259,Daylit,15.5058,290.2436,-50.1295,108.6532,34.0174,28.04,0.9144,Waning Crescent,
2003-06-16,17:14:00,44052.0753,Daylit,15.2814,290.2931,-49.9146,108.6344,34.0265,28.04,0.9144,Waning Crescent,
2003-06-16,17:15:00,43525.1709,Daylit,15.057,290.3429,-49.6996,108.6164,34.0355,28.05,0.9143,Waning Crescent,
2003-06-16,17:16:00,42996.5984,Daylit,14.8326,290.393,-49.4846,108.5991,34.0445,28.06,0.9143,Waning Crescent,
2003-06-16,17:17:00,42466.343,Daylit,14.6084,290.4434,-49.2696,108.5826,34.0536,28.07,0.9143,Waning Crescent,
2003-06-16,17:18:00,41934.3889,Daylit,14.3842,290.494,-49.0546,108.5667,34.0626,28.08,0.9142,Waning Crescent,
2003-06-16,17:19:00,41400.72,Daylit,14.1601,290.545,-48.8395,108.5516,34.0717,28.08,0.9142,Waning Crescent,
2003-06-16,17:20:00,40865.3189,Daylit,13.9361,290.5963,-48.6244,108.5372,34.0807,28.09,0.9141,Waning Crescent,
2003-06-16,17:21:00,40328.1677,Daylit,13.7122,290.6479,-48.4092,108.5234,34.0897,28.1,0.9141,Waning Crescent,
2003-06-16,17:22:00,39789.2477,Daylit,13.4883,290.6998,-48.194,108.5103,34.0988,28.11,0.914,Waning Crescent,
2003-06-16,17:23:00,39248.5389,Daylit,13.2645,290.752,-47.9788,108.498,34.1078,28.12,0.914,Waning Crescent,
2003-06-16,17:24:00,38706.0206,Daylit,13.0408,290.8044,-47.7636,108.4862,34.1168,28.13,0.9139,Waning Crescent,
2003-06-16,17:25:00,38161.6711,Daylit,12.8172,290.8572,-47.5483,108.4751,34.1259,28.13,0.9139,Waning Crescent,
2003-06-16,17:26:00,37615.4676,Daylit,12.5936,290.9103,-47.333,108.4647,34.1349,28.14,0.9139,Waning Crescent,
2003-06-16,17:27:00,37067.386,Daylit,12.3701,290.9637,-47.1177,108.4549,34.1439,28.15,0.9138,Waning Crescent,
2003-06-16,17:28:00,36517.4012,Daylit,12.1467,291.0174,-46.9024,108.4457,34.153,28.16,0.9138,Waning Crescent,
2003-06-16,17:29:00,35965.4867,Daylit,11.9234,291.0714,-46.687,108.4372,34.162,28.17,0.9137,Waning Crescent,
2003-06-16,17:30:00,35411.6147,Daylit,11.7002,291.1257,-46.4717,108.4293,34.171,28.17,0.9137,Waning Crescent,
2003-06-16,17:31:00,34855.7559,Daylit,11.477,291.1803,-46.2562,108.4219,34.1801,28.18,0.9136,Waning Crescent,
2003-06-16,17:32:00,34297.8795,Daylit,11.254,291.2353,-46.0408,108.4152,34.1891,28.19,0.9136,Waning Crescent,
2003-06-16,17:33:00,33737.9532,Daylit,11.031,291.2905,-45.8254,108.4091,34.1981,28.2,0.9135,Waning Crescent,
2003-06-16,17:34:00,33175.9428,Daylit,10.8081,291.346,-45.6099,108.4035,34.2072,28.21,0.9135,Waning Crescent,
2003-06-16,17:35:00,32611.8123,Daylit,10.5853,291.4019,-45.3944,108.3986,34.2162,28.21,0.9135,Waning Crescent,
2003-06-16,17:36:00,32045.5239,Daylit,10.3625,291.458,-45.1789,108.3942,34.2252,28.22,0.9134,Waning Crescent,
2003-06-16,17:37:00,31477.0374,Daylit,10.1399,291.5145,-44.9634,108.3904,34.2343,28.23,0.9134,Waning Crescent,
2003-06-16,17:38:00,30906.3106,Daylit,9.9173,291.5713,-44.7478,108.3871,34.2433,28.24,0.9133,Waning Crescent,
2003-06-16,17:39:00,30333.2988,Daylit,9.6949,291.6284,-44.5323,108.3844,34.2523,28.25,0.9133,Waning Crescent,
2003-06-16,17:40:00,29757.9548,Daylit,9.4725,291.6858,-44.3167,108.3822,34.2614,28.25,0.9132,Waning Crescent,
2003-06-16,17:41:00,29180.2285,Daylit,9.2502,291.7435,-44.1011,108.3806,34.2704,28.26,0.9132,Waning Crescent,
2003-06-16,17:42:00,28600.0669,Daylit,9.028,291.8015,-43.8855,108.3795,34.2794,28.27,0.9132,Waning Crescent,
2003-06-16,17:43:00,28017.4138,Daylit,8.8059,291.8599,-43.6699,108.3789,34.2885,28.28,0.9131,Waning Crescent,
2003-06-16,17:44:00,27432.2095,Daylit,8.5838,291.9186,-43.4542,108.3789,34.2975,28.29,0.9131,Waning Crescent,
2003-06-16,17:45:00,26844.3905,Daylit,8.3619,291.9776,-43.2386,108.3793,34.3065,28.29,0.913,Waning Crescent,
2003-06-16,17:46:00,26253.8892,Daylit,8.1401,292.0369,-43.0229,108.3803,34.3156,28.3,0.913,Waning Crescent,
2003-06-16,17:47:00,25660.6337,Daylit,7.9183,292.0965,-42.8072,108.3818,34.3246,28.31,0.9129,Waning Crescent,
2003-06-16,17:48:00,25064.5472,Daylit,7.6967,292.1565,-42.5916,108.3838,34.3336,28.32,0.9129,Waning Crescent,
2003-06-16,17:49:00,24465.5475,Daylit,7.4751,292.2168,-42.3759,108.3863,34.3427,28.33,0.9128,Waning Crescent,
2003-06-16,17:50:00,23863.547,Daylit,7.2536,292.2774,-42.1602,108.3893,34.3517,28.33,0.9128,Waning Crescent,
2003-06-16,17:51:00,23258.4513,Daylit,7.0323,292.3383,-41.9444,108.3928,34.3607,28.34,0.9128,Waning Crescent,
2003-06-16,17:52:00,22650.1594,Daylit,6.811,292.3996,-41.7287,108.3968,34.3697,28.35,0.9127,Waning Crescent,
2003-06-16,17:53:00,22038.5626,Daylit,6.5898,292.4612,-41.513,108.4012,34.3788,28.36,0.9127,Waning Crescent,
2003-06-16,17:54:00,21423.5436,Daylit,6.3688,292.5231,-41.2972,108.4061,34.3878,28.37,0.9126,Waning Crescent,
2003-06-16,17:55:00,20804.9756,Daylit,6.1478,292.5854,-41.0815,108.4115,34.3968,28.37,0.9126,Waning Crescent,
2003-06-16,17:56:00,20182.7216,Daylit,5.9269,292.6479,-40.8657,108.4173,34.4059,28.38,0.9125,Waning Crescent,
2003-06-16,17:57:00,19556.6327,Daylit,5.7061,292.7109,-40.65,108.4236,34.4149,28.39,0.9125,Waning Crescent,
2003-06-16,17:58:00,18926.5466,Daylit,5.4855,292.7741,-40.4342,108.4304,34.4239,28.4,0.9124,Waning Crescent,
2003-06-16,17:59:00,18292.2866,Daylit,5.2649,292.8377,-40.2184,108.4376,34.433,28.41,0.9124,Waning Crescent,
2003-06-16,18:00:00,17653.6589,Daylit,5.0444,292.9016,-40.0027,108.4452,34.442,28.41,0.9123,Waning Crescent,
2003-06-16,18:01:00,17010.4504,Daylit,4.8241,292.9659,-39.7869,108.4533,34.451,28.42,0.9123,Waning Crescent,
2003-06-16,18:02:00,16362.4263,Daylit,4.6038,293.0305,-39.5711,108.4619,34.46,28.43,0.9123,Waning Crescent,
2003-06-16,18:03:00,15709.3265,Daylit,4.3837,293.0955,-39.3553,108.4708,34.4691,28.44,0.9122,Waning Crescent,
2003-06-16,18:04:00,15050.8614,Daylit,4.1636,293.1608,-39.1395,108.4802,34.4781,28.45,0.9122,Waning Crescent,
2003-06-16,18:05:00,14386.7073,Daylit,3.9437,293.2264,-38.9238,108.4901,34.4871,28.46,0.9121,Waning Crescent,
2003-06-16,18:06:00,13716.5,Daylit,3.7239,293.2924,-38.708,108.5003,34.4961,28.46,0.9121,Waning Crescent,
2003-06-16,18:07:00,13039.8276,Daylit,3.5042,293.3587,-38.4922,108.511,34.5052,28.47,0.912,Waning Crescent,
2003-06-16,18:08:00,12356.2206,Daylit,3.2846,293.4254,-38.2764,108.5221,34.5142,28.48,0.912,Waning Crescent,
2003-06-16,18:09:00,11665.1399,Daylit,3.0651,293.4924,-38.0606,108.5336,34.5232,28.49,0.9119,Waning Crescent,
2003-06-16,18:10:00,10965.9606,Daylit,2.8457,293.5598,-37.8448,108.5455,34.5322,28.5,0.9119,Waning Crescent,
2003-06-16,18:11:00,10257.9512,Daylit,2.6264,293.6276,-37.629,108.5579,34.5413,28.5,0.9119,Waning Crescent,
2003-06-16,18:12:00,9540.245,Daylit,2.4073,293.6957,-37.4132,108.5706,34.5503,28.51,0.9118,Waning Crescent,
2003-06-16,18:13:00,8811.8008,Daylit,2.1882,293.7641,-37.1974,108.5837,34.5593,28.52,0.9118,Waning Crescent,
2003-06-16,18:14:00,8071.3467,Daylit,1.9693,293.8329,-36.9816,108.5973,34.5684,28.53,0.9117,Waning Crescent,
2003-06-16,18:15:00,7317.2978,Daylit,1.7505,293.9021,-36.7659,108.6112,34.5774,28.54,0.9117,Waning Crescent,
2003-06-16,18:16:00,6547.6301,Daylit,1.5318,293.9716,-36.5501,108.6255,34.5864,28.54,0.9116,Waning Crescent,
2003-06-16,18:17:00,5759.6775,Daylit,1.3132,294.0415,-36.3343,108.6402,34.5954,28.55,0.9116,Waning Crescent,
2003-06-16,18:18:00,4949.7842,Daylit,1.0948,294.1118,-36.1186,108.6553,34.6045,28.56,0.9115,Waning Crescent,
2003-06-16,18:19:00,4112.6551,Daylit,0.8764,294.1824,-35.9028,108.6708,34.6135,28.57,0.9115,Waning Crescent,
2003-06-16,18:20:00,3239.9949,Daylit,0.6582,294.2535,-35.687,108.6867,34.6225,28.58,0.9115,Waning Crescent,
2003-06-16,18:21:00,2317.0898,Daylit,0.4401,294.3248,-35.4713,108.7029,34.6315,28.58,0.9114,Waning Crescent,
2003-06-16,18:22:00,1311.0025,Daylit,0.2221,294.3966,-35.2555,108.7195,34.6405,28.59,0.9114,Waning Crescent,
2003-06-16,18:23:00,49.0348,Daylit,0.0043,294.4687,-35.0398,108.7365,34.6496,28.6,0.9113,Waning Crescent,
2003-06-16,18:24:00,19.6744,Civil Twilight,-0.2134,294.5412,-34.8241,108.7539,34.6586,28.61,0.9113,Waning Crescent,
2003-06-16,18:25:00,18.9346,Civil Twilight,-0.431,294.6141,-34.6084,108.7716,34.6676,28.62,0.9112,Waning Crescent,
2003-06-16,18:26:00,18.1952,Civil Twilight,-0.6485,294.6873,-34.3926,108.7897,34.6766,28.62,0.9112,Waning Crescent,
2003-06-16,18:27:00,17.4562,Civil Twilight,-0.8658,294.761,-34.1769,108.8081,34.6857,28.63,0.9111,Waning Crescent,
2003-06-16,18:28:00,16.7177,Civil Twilight,-1.083,294.835,-33.9612,108.827,34.6947,28.64,0.9111,Waning Crescent,
2003-06-16,18:29:00,15.9797,Civil Twilight,-1.3001,294.9094,-33.7456,108.8461,34.7037,28.65,0.9111,Waning Crescent,
2003-06-16,18:30:00,15.242,Civil Twilight,-1.517,294.9842,-33.5299,108.8657,34.7127,28.66,0.911,Waning Crescent,
2003-06-16,18:31:00,14.5049,Civil Twilight,-1.7339,295.0594,-33.3142,108.8856,34.7218,28.66,0.911,Waning Crescent,
2003-06-16,18:32:00,13.7682,Civil Twilight,-1.9505,295.135,-33.0986,108.9058,34.7308,28.67,0.9109,Waning Crescent,
2003-06-16,18:33:00,13.0319,Civil Twilight,-2.1671,295.211,-32.8829,108.9264,34.7398,28.68,0.9109,Waning Crescent,
2003-06-16,18:34:00,12.2961,Civil Twilight,-2.3835,295.2873,-32.6673,108.9474,34.7488,28.69,0.9108,Waning Crescent,
2003-06-16,18:35:00,11.5608,Civil Twilight,-2.5998,295.3641,-32.4517,108.9687,34.7578,28.7,0.9108,Waning Crescent,
2003-06-16,18:36:00,10.8259,Civil Twilight,-2.8159,295.4413,-32.2361,108.9903,34.7669,28.71,0.9107,Waning Crescent,
2003-06-16,18:37:00,10.0915,Civil Twilight,-3.0319,295.5188,-32.0205,109.0123,34.7759,28.71,0.9107,Waning Crescent,
2003-06-16,18:38:00,9.3576,Civil Twilight,-3.2478,295.5968,-31.8049,109.0346,34.7849,28.72,0.9106,Waning Crescent,
2003-06-16,18:39:00,8.6242,Civil Twilight,-3.4635,295.6752,-31.5893,109.0573,34.7939,28.73,0.9106,Waning Crescent,
2003-06-16,18:40:00,7.8912,Civil Twilight,-3.6791,295.754,-31.3738,109.0803,34.8029,28.74,0.9106,Waning Crescent,
2003-06-16,18:41:00,7.1588,Civil Twilight,-3.8945,295.8332,-31.1583,109.1036,34.812,28.75,0.9105,Waning Crescent,
2003-06-16,18:42:00,6.4268,Civil Twilight,-4.1098,295.9128,-30.9428,109.1273,34.821,28.75,0.9105,Waning Crescent,
2003-06-16,18:43:00,5.6953,Civil Twilight,-4.3249,295.9929,-30.7273,109.1513,34.83,28.76,0.9104,Waning Crescent,
2003-06-16,18:44:00,4.9643,Civil Twilight,-4.5399,296.0733,-30.5118,109.1757,34.839,28.77,0.9104,Waning Crescent,
2003-06-16,18:45:00,4.2339,Civil Twilight,-4.7547,296.1542,-30.2963,109.2003,34.848,28.78,0.9103,Waning Crescent,
2003-06-16,18:46:00,3.5039,Civil Twilight,-4.9694,296.2355,-30.0809,109.2253,34.8571,28.79,0.9103,Waning Crescent,
2003-06-16,18:47:00,2.7744,Civil Twilight,-5.184,296.3172,-29.8654,109.2507,34.8661,28.79,0.9102,Waning Crescent,
2003-06-16,18:48:00,2.0455,Civil Twilight,-5.3984,296.3994,-29.65,109.2763,34.8751,28.8,0.9102,Waning Crescent,
2003-06-16,18:49:00,1.3171,Civil Twilight,-5.6126,296.482,-29.4346,109.3023,34.8841,28.81,0.9102,Waning Crescent,
2003-06-16,18:50:00,0.5892,Civil Twilight,-5.8267,296.565,-29.2192,109.3286,34.8931,28.82,0.9101,Waning Crescent,
2003-06-16,18:51:00,0.5959,Nautical Twilight,-6.0406,296.6485,-29.0039,109.3552,34.9021,28.83,0.9101,Waning Crescent,
2003-06-16,18:52:00,0.5746,Nautical Twilight,-6.2544,296.7324,-28.7886,109.3821,34.9112,28.83,0.91,Waning Crescent,
2003-06-16,18:53:00,0.5532,Nautical Twilight,-6.468,296.8167,-28.5732,109.4094,34.9202,28.84,0.91,Waning Crescent,
2003-06-16,18:54:00,0.5319,Nautical Twilight,-6.6815,296.9015,-28.3579,109.437,34.9292,28.85,0.9099,Waning Crescent,
2003-06-16,18:55:00,0.5105,Nautical Twilight,-6.8948,296.9867,-28.1427,109.4649,34.9382,28.86,0.9099,Waning Crescent,
2003-06-16,18:56:00,0.4892,Nautical Twilight,-7.1079,297.0724,-27.9274,109.4931,34.9472,28.87,0.9098,Waning Crescent,
2003-06-16,18:57:00,0.4679,Nautical Twilight,-7.3209,297.1585,-27.7122,109.5216,34.9562,28.88,0.9098,Waning Crescent,
2003-06-16,18:58:00,0.4466,Nautical Twilight,-7.5337,297.2451,-27.497,109.5505,34.9653,28.88,0.9097,Waning Crescent,
2003-06-16,18:59:00,0.4254,Nautical Twilight,-7.7463,297.3321,-27.2818,109.5796,34.9743,28.89,0.9097,Waning Crescent,
2003-06-16,19:00:00,0.4041,Nautical Twilight,-7.9588,297.4196,-27.0667,109.6091,34.9833,28.9,0.9097,Waning Crescent,
2003-06-16,19:01:00,0.3829,Nautical Twilight,-8.1711,297.5075,-26.8515,109.6389,34.9923,28.91,0.9096,Waning Crescent,
2003-06-16,19:02:00,0.3617,Nautical Twilight,-8.3832,297.596,-26.6364,109.669,35.0013,28.92,0.9096,Waning Crescent,
2003-06-16,19:03:00,0.3405,Nautical Twilight,-8.5952,297.6848,-26.4213,109.6994,35.0103,28.92,0.9095,Waning Crescent,
2003-06-16,19:04:00,0.3193,Nautical Twilight,-8.807,297.7742,-26.2063,109.7301,35.0194,28.93,0.9095,Waning Crescent,
2003-06-16,19:05:00,0.2981,Nautical Twilight,-9.0186,297.864,-25.9912,109.7611,35.0284,28.94,0.9094,Waning Crescent,
2003-06-16,19:06:00,0.277,Nautical Twilight,-9.23,297.9543,-25.7762,109.7924,35.0374,28.95,0.9094,Waning Crescent,
2003-06-16,19:07:00,0.2559,Nautical Twilight,-9.4413,298.0451,-25.5613,109.824,35.0464,28.96,0.9093,Waning Crescent,
2003-06-16,19:08:00,0.2348,Nautical Twilight,-9.6524,298.1364,-25.3463,109.856,35.0554,28.96,0.9093,Waning Crescent,
2003-06-16,19:09:00,0.2137,Nautical Twilight,-9.8633,298.2281,-25.1314,109.8882,35.0644,28.97,0.9093,Waning Crescent,
2003-06-16,19:10:00,0.1926,Nautical Twilight,-10.074,298.3204,-24.9165,109.9207,35.0734,28.98,0.9092,Waning Crescent,
2003-06-16,19:11:00,0.1715,Nautical Twilight,-10.2845,298.4131,-24.7016,109.9536,35.0825,28.99,0.9092,Waning Crescent,
2003-06-16,19:12:00,0.1505,Nautical Twilight,-10.4949,298.5063,-24.4868,109.9867,35.0915,29.0,0.9091,Waning Crescent,
2003-06-16,19:13:00,0.1295,Nautical Twilight,-10.7051,298.6,-24.272,110.0201,35.1005,29.0,0.9091,Waning Crescent,
2003-06-16,19:14:00,0.1085,Nautical Twilight,-10.915,298.6943,-24.0572,110.0539,35.1095,29.01,0.909,Waning Crescent,
2003-06-16,19:15:00,0.0875,Nautical Twilight,-11.1248,298.789,-23.8425,110.0879,35.1185,29.02,0.909,Waning Crescent,
2003-06-16,19:16:00,0.0666,Nautical Twilight,-11.3344,298.8842,-23.6278,110.1223,35.1275,29.03,0.9089,Waning Crescent,
2003-06-16,19:17:00,0.0456,Nautical Twilight,-11.5438,298.9799,-23.4131,110.1569,35.1365,29.04,0.9089,Waning Crescent,
2003-06-16,19:18:00,0.0247,Nautical Twilight,-11.753,299.0762,-23.1984,110.1918,35.1456,29.05,0.9088,Waning Crescent,
2003-06-16,19:19:00,0.0038,Nautical Twilight,-11.962,299.173,-22.9838,110.2271,35.1546,29.05,0.9088,Waning Crescent,
2003-06-16,19:20:00,0.0058,Astronomical Twilight,-12.1709,299.2703,-22.7692,110.2626,35.1636,29.06,0.9088,Waning Crescent,
2003-06-16,19:21:00,0.0056,Astronomical Twilight,-12.3795,299.3681,-22.5547,110.2985,35.1726,29.07,0.9087,Waning Crescent,
2003-06-16,19:22:00,0.0054,Astronomical Twilight,-12.5879,299.4664,-22.3402,110.3346,35.1816,29.08,0.9087,Waning Crescent,
2003-06-16,19:23:00,0.0052,Astronomical Twilight,-12.7961,299.5653,-22.1257,110.371,35.1906,29.09,0.9086,Waning Crescent,
2003-06-16,19:24:00,0.005,Astronomical Twilight,-13.0041,299.6647,-21.9112,110.4077,35.1996,29.09,0.9086,Waning Crescent,
2003-06-16,19:25:00,0.0048,Astronomical Twilight,-13.2119,299.7646,-21.6968,110.4448,35.2086,29.1,0.9085,Waning Crescent,
2003-06-16,19:26:00,0.0046,Astronomical Twilight,-13.4195,299.8651,-21.4824,110.4821,35.2176,29.11,0.9085,Waning Crescent,
2003-06-16,19:27:00,0.0044,Astronomical Twilight,-13.6269,299.9661,-21.2681,110.5197,35.2267,29.12,0.9084,Waning Crescent,
2003-06-16,19:28:00,0.0042,Astronomical Twilight,-13.8341,300.0677,-21.0538,110.5576,35.2357,29.13,0.9084,Waning Crescent,
2003-06-16,19:29:00,0.004,Astronomical Twilight,-14.041,300.1698,-20.8395,110.5958,35.2447,29.13,0.9083,Waning Crescent,
2003-06-16,19:30:00,0.0038,Astronomical Twilight,-14.2478,300.2724,-20.6253,110.6343,35.2537,29.14,0.9083,Waning Crescent,
2003-06-16,19:31:00,0.0035,Astronomical Twilight,-14.4543,300.3757,-20.4111,110.673,35.2627,29.15,0.9083,Waning Crescent,
2003-06-16,19:32:00,0.0033,Astronomical Twilight,-14.6606,300.4794,-20.197,110.7121,35.2717,29.16,0.9082,Waning Crescent,
2003-06-16,19:33:00,0.0031,Astronomical Twilight,-14.8667,300.5838,-19.9829,110.7515,35.2807,29.17,0.9082,Waning Crescent,
2003-06-16,19:34:00,0.0029,Astronomical Twilight,-15.0726,300.6887,-19.7688,110.7912,35.2897,29.17,0.9081,Waning Crescent,
2003-06-16,19:35:00,0.0027,Astronomical Twilight,-15.2782,300.7942,-19.5548,110.8311,35.2987,29.18,0.9081,Waning Crescent,
2003-06-16,19:36:00,0.0025,Astronomical Twilight,-15.4836,300.9003,-19.3408,110.8714,35.3077,29.19,0.908,Waning Crescent,
2003-06-16,19:37:00,0.0023,Astronomical Twilight,-15.6888,301.0069,-19.1268,110.9119,35.3167,29.2,0.908,Waning Crescent,
2003-06-16,19:38:00,0.0021,Astronomical Twilight,-15.8938,301.1141,-18.9129,110.9528,35.3258,29.21,0.9079,Waning Crescent,
2003-06-16,19:39:00,0.0019,Astronomical Twilight,-16.0985,301.222,-18.6991,110.9939,35.3348,29.22,0.9079,Waning Crescent,
2003-06-16,19:40:00,0.0017,Astronomical Twilight,-16.303,301.3304,-18.4852,111.0353,35.3438,29.22,0.9078,Waning Crescent,
2003-06-16,19:41:00,0.0015,Astronomical Twilight,-16.5073,301.4394,-18.2715,111.0771,35.3528,29.23,0.9078,Waning Crescent,
2003-06-16,19:42:00,0.0013,Astronomical Twilight,-16.7113,301.549,-18.0577,111.1191,35.3618,29.24,0.9078,Waning Crescent,
2003-06-16,19:43:00,0.0011,Astronomical Twilight,-16.9151,301.6592,-17.844,111.1614,35.3708,29.25,0.9077,Waning Crescent,
2003-06-16,19:44:00,0.0009,Astronomical Twilight,-17.1186,301.77,-17.6304,111.204,35.3798,29.26,0.9077,Waning Crescent,
2003-06-16,19:45:00,0.0007,Astronomical Twilight,-17.3219,301.8814,-17.4168,111.2469,35.3888,29.26,0.9076,Waning Crescent,
2003-06-16,19:46:00,0.0005,Astronomical Twilight,-17.5249,301.9935,-17.2032,111.2901,35.3978,29.27,0.9076,Waning Crescent,
2003-06-16,19:47:00,0.0003,Astronomical Twilight,-17.7277,302.1061,-16.9897,111.3336,35.4068,29.28,0.9075,Waning Crescent,
2003-06-16,19:48:00,0.0001,Astronomical Twilight,-17.9303,302.2194,-16.7763,111.3773,35.4158,29.29,0.9075,Waning Crescent,
2003-06-16,19:49:00,0.0,Moonless Night,-18.1326,302.3333,-16.5629,111.4214,35.4248,29.3,0.9074,Waning Crescent,
2003-06-16,19:50:00,0.0,Moonless Night,-18.3346,302.4478,-16.3495,111.4658,35.4338,29.3,0.9074,Waning Crescent,
2003-06-16,19:51:00,0.0,Moonless Night,-18.5364,302.563,-16.1362,111.5104,35.4428,29.31,0.9073,Waning Crescent,
2003-06-16,19:52:00,0.0,Moonless Night,-18.7379,302.6788,-15.9229,111.5554,35.4518,29.32,0.9073,Waning Crescent,
2003-06-16,19:53:00,0.0,Moonless Night,-18.9392,302.7953,-15.7097,111.6006,35.4609,29.33,0.9073,Waning Crescent,
2003-06-16,19:54:00,0.0,Moonless Night,-19.1402,302.9124,-15.4966,111.6462,35.4699,29.34,0.9072,Waning Crescent,
2003-06-16,19:55:00,0.0,Moonless Night,-19.3409,303.0302,-15.2834,111.692,35.4789,29.35,0.9072,Waning Crescent,
2003-06-16,19:56:00,0.0,Moonless Night,-19.5414,303.1486,-15.0704,111.7382,35.4879,29.35,0.9071,Waning Crescent,
2003-06-16,19:57:00,0.0,Moonless Night,-19.7415,303.2677,-14.8574,111.7846,35.4969,29.36,0.9071,Waning Crescent,
2003-06-16,19:58:00,0.0,Moonless Night,-19.9415,303.3875,-14.6444,111.8313,35.5059,29.37,0.907,Waning Crescent,
2003-06-16,19:59:00,0.0,Moonless Night,-20.1411,303.5079,-14.4315,111.8784,35.5149,29.38,0.907,Waning Crescent,
2003-06-16,20:00:00,0.0,Moonless Night,-20.3405,303.629,-14.2187,111.9257,35.5239,29.39,0.9069,Waning Crescent,
2003-06-17,17:00:00,51381.2416,Daylit,18.4841,289.6481,-65.5114,105.6205,46.7022,39.9,0.8429,Waning Crescent,
2003-06-17,17:01:00,50876.9179,Daylit,18.2588,289.6936,-65.2929,105.5514,46.7109,39.91,0.8428,Waning Crescent,
2003-06-17,17:02:00,50371.0781,Daylit,18.0335,289.7395,-65.0743,105.4843,46.7196,39.92,0.8428,Waning Crescent,
2003-06-17,17:03:00,49863.7146,Daylit,17.8083,289.7856,-64.8557,105.419,46.7284,39.93,0.8427,Waning Crescent,
2003-06-17,17:04:00,49354.8194,Daylit,17.5832,289.8321,-64.6369,105.3556,46.7371,39.94,0.8427,Waning Crescent,
2003-06-17,17:05:00,48844.3842,Daylit,17.3582,289.8788,-64.4181,105.294,46.7458,39.95,0.8426,Waning Crescent,
2003-06-17,17:06:00,48332.4001,Daylit,17.1332,289.9258,-64.1992,105.2341,46.7546,39.96,0.8426,Waning Crescent,
2003-06-17,17:07:00,47818.8579,Daylit,16.9083,289.9732,-63.9802,105.1759,46.7633,39.96,0.8425,Waning Crescent,
2003-06-17,17:08:00,47303.748,Daylit,16.6834,290.0208,-63.7612,105.1194,46.772,39.97,0.8425,Waning Crescent,
2003-06-17,17:09:00,46787.0603,Daylit,16.4586,290.0687,-63.5421,105.0646,46.7808,39.98,0.8424,Waning Crescent,
2003-06-17,17:10:00,46268.7841,Daylit,16.2339,290.1169,-63.3229,105.0113,46.7895,39.99,0.8423,Waning Crescent,
2003-06-17,17:11:00,45748.9084,Daylit,16.0093,290.1654,-63.1036,104.9596,46.7983,40.0,0.8423,Waning Crescent,
2003-06-17,17:12:00,45227.4214,Daylit,15.7847,290.2142,-62.8843,104.9094,46.807,40.01,0.8422,Waning Crescent,
2003-06-17,17:13:00,44704.3109,Daylit,15.5602,290.2633,-62.6649,104.8607,46.8157,40.02,0.8422,Waning Crescent,
2003-06-17,17:14:00,44179.5642,Daylit,15.3358,290.3127,-62.4455,104.8134,46.8245,40.02,0.8421,Waning Crescent,
2003-06-17,17:15:00,43653.1679,Daylit,15.1114,290.3624,-62.226,104.7676,46.8332,40.03,0.8421,Waning Crescent,
2003-06-17,17:16:00,43125.1078,Daylit,14.8871,290.4123,-62.0064,104.7231,46.8419,40.04,0.842,Waning Crescent,
2003-06-17,17:17:00,42595.3694,Daylit,14.6629,290.4626,-61.7868,104.6801,46.8507,40.05,0.842,Waning Crescent,
2003-06-17,17:18:00,42063.937,Daylit,14.4388,290.5132,-61.5671,104.6383,46.8594,40.06,0.8419,Waning Crescent,
2003-06-17,17:19:00,41530.7947,Daylit,14.2147,290.5641,-61.3474,104.5978,46.8681,40.07,0.8418,Waning Crescent,
2003-06-17,17:20:00,40995.9254,Daylit,13.9907,290.6152,-61.1276,104.5586,46.8769,40.07,0.8418,Waning Crescent,
2003-06-17,17:21:00,40459.3114,Daylit,13.7668,290.6667,-60.9078,104.5206,46.8856,40.08,0.8417,Waning Crescent,
2003-06-17,17:22:00,39920.934,Daylit,13.5429,290.7185,-60.6879,104.4839,46.8943,40.09,0.8417,Waning Crescent,
2003-06-17,17:23:00,39380.7738,Daylit,13.3192,290.7706,-60.468,104.4483,46.9031,40.1,0.8416,Waning Crescent,
2003-06-17,17:24:00,38838.8102,Daylit,13.0955,290.8229,-60.248,104.4139,46.9118,40.11,0.8416,Waning Crescent,
2003-06-17,17:25:00,38295.0218,Daylit,12.8719,290.8756,-60.028,104.3806,46.9205,40.12,0.8415,Waning Crescent,
2003-06-17,17:26:00,37749.3859,Daylit,12.6483,290.9286,-59.808,104.3485,46.9293,40.13,0.8415,Waning Crescent,
2003-06-17,17:27:00,37201.879,Daylit,12.4249,290.9819,-59.5879,104.3175,46.938,40.13,0.8414,Waning Crescent,
2003-06-17,17:28:00,36652.4762,Daylit,12.2015,291.0355,-59.3677,104.2875,46.9467,40.14,0.8413,Waning Crescent,
2003-06-17,17:29:00,36101.1513,Daylit,11.9782,291.0894,-59.1475,104.2585,46.9555,40.15,0.8413,Waning Crescent,
2003-06-17,17:30:00,35547.8769,Daylit,11.755,291.1436,-58.9273,104.2307,46.9642,40.16,0.8412,Waning Crescent,
2003-06-17,17:31:00,34992.6241,Daylit,11.5319,291.1981,-58.707,104.2038,46.9729,40.17,0.8412,Waning Crescent,
2003-06-17,17:32:00,34435.3625,Daylit,11.3089,291.2529,-58.4867,104.1779,46.9816,40.18,0.8411,Waning Crescent,
2003-06-17,17:33:00,33876.0602,Daylit,11.0859,291.308,-58.2664,104.1529,46.9904,40.19,0.8411,Waning Crescent,
2003-06-17,17:34:00,33314.6835,Daylit,10.863,291.3635,-58.046,104.129,46.9991,40.19,0.841,Waning Crescent,
2003-06-17,17:35:00,32751.1969,Daylit,10.6402,291.4192,-57.8255,104.1059,47.0078,40.2,0.8409,Waning Crescent,
2003-06-17,17:36:00,32185.563,Daylit,10.4175,291.4753,-57.6051,104.0838,47.0166,40.21,0.8409,Waning Crescent,
2003-06-17,17:37:00,31617.7424,Daylit,10.1949,291.5316,-57.3846,104.0626,47.0253,40.22,0.8408,Waning Crescent,
2003-06-17,17:38:00,31047.6934,Daylit,9.9724,291.5883,-57.1641,104.0422,47.034,40.23,0.8408,Waning Crescent,
2003-06-17,17:39:00,30475.3719,Daylit,9.7499,291.6453,-56.9435,104.0228,47.0428,40.24,0.8407,Waning Crescent,
2003-06-17,17:40:00,29900.7313,Daylit,9.5276,291.7026,-56.7229,104.0041,47.0515,40.24,0.8407,Waning Crescent,
2003-06-17,17:41:00,29323.7225,Daylit,9.3053,291.7602,-56.5023,103.9864,47.0602,40.25,0.8406,Waning Crescent,
2003-06-17,17:42:00,28744.2931,Daylit,9.0831,291.8182,-56.2817,103.9694,47.0689,40.26,0.8406,Waning Crescent,
2003-06-17,17:43:00,28162.3879,Daylit,8.861,291.8764,-56.061,103.9532,47.0777,40.27,0.8405,Waning Crescent,
2003-06-17,17:44:00,27577.9479,Daylit,8.639,291.935,-55.8403,103.9379,47.0864,40.28,0.8404,Waning Crescent,
2003-06-17,17:45:00,26990.9109,Daylit,8.4171,291.9939,-55.6196,103.9233,47.0951,40.29,0.8404,Waning Crescent,
2003-06-17,17:46:00,26401.2102,Daylit,8.1953,292.0531,-55.3988,103.9094,47.1039,40.3,0.8403,Waning Crescent,
2003-06-17,17:47:00,25808.7752,Daylit,7.9736,292.1126,-55.1781,103.8964,47.1126,40.3,0.8403,Waning Crescent,
2003-06-17,17:48:00,25213.5304,Daylit,7.7519,292.1725,-54.9573,103.884,47.1213,40.31,0.8402,Waning Crescent,
2003-06-17,17:49:00,24615.395,Daylit,7.5304,292.2327,-54.7364,103.8724,47.13,40.32,0.8402,Waning Crescent,
2003-06-17,17:50:00,24014.2828,Daylit,7.309,292.2932,-54.5156,103.8615,47.1388,40.33,0.8401,Waning Crescent,
2003-06-17,17:51:00,23410.1013,Daylit,7.0876,292.354,-54.2947,103.8513,47.1475,40.34,0.8401,Waning Crescent,
2003-06-17,17:52:00,22802.7514,Daylit,6.8664,292.4152,-54.0738,103.8418,47.1562,40.35,0.84,Waning Crescent,
2003-06-17,17:53:00,22192.1263,Daylit,6.6452,292.4767,-53.8529,103.833,47.1649,40.36,0.8399,Waning Crescent,
2003-06-17,17:54:00,21578.111,Daylit,6.4242,292.5385,-53.6319,103.8248,47.1737,40.36,0.8399,Waning Crescent,
2003-06-17,17:55:00,20960.5815,Daylit,6.2032,292.6006,-53.411,103.8173,47.1824,40.37,0.8398,Waning Crescent,
2003-06-17,17:56:00,20339.4034,Daylit,5.9824,292.6631,-53.19,103.8105,47.1911,40.38,0.8398,Waning Crescent,
2003-06-17,17:57:00,19714.431,Daylit,5.7616,292.7259,-52.969,103.8043,47.1998,40.39,0.8397,Waning Crescent,
2003-06-17,17:58:00,19085.5057,Daylit,5.541,292.7891,-52.748,103.7987,47.2086,40.4,0.8397,Waning Crescent,
2003-06-17,17:59:00,18452.4548,Daylit,5.3205,292.8526,-52.5269,103.7937,47.2173,40.41,0.8396,Waning Crescent,
2003-06-17,18:00:00,17815.0889,Daylit,5.1,292.9164,-52.3059,103.7894,47.226,40.41,0.8396,Waning Crescent,
2003-06-17,18:01:00,17173.2005,Daylit,4.8797,292.9806,-52.0848,103.7856,47.2347,40.42,0.8395,Waning Crescent,
2003-06-17,18:02:00,16526.5605,Daylit,4.6594,293.0451,-51.8637,103.7824,47.2435,40.43,0.8394,Waning Crescent,
2003-06-17,18:03:00,15874.9157,Daylit,4.4393,293.1099,-51.6426,103.7798,47.2522,40.44,0.8394,Waning Crescent,
2003-06-17,18:04:00,15217.9847,Daylit,4.2193,293.1751,-51.4215,103.7778,47.2609,40.45,0.8393,Waning Crescent,
2003-06-17,18:05:00,14555.4531,Daylit,3.9994,293.2407,-51.2004,103.7764,47.2696,40.46,0.8393,Waning Crescent,
2003-06-17,18:06:00,13886.968,Daylit,3.7796,293.3066,-50.9792,103.7755,47.2784,40.47,0.8392,Waning Crescent,
2003-06-17,18:07:00,13212.1306,Daylit,3.5599,293.3728,-50.758,103.7752,47.2871,40.47,0.8392,Waning Crescent,
2003-06-17,18:08:00,12530.4873,Daylit,3.3403,293.4394,-50.5369,103.7754,47.2958,40.48,0.8391,Waning Crescent,
2003-06-17,18:09:00,11841.5185,Daylit,3.1208,293.5063,-50.3157,103.7761,47.3045,40.49,0.8391,Waning Crescent,
2003-06-17,18:10:00,11144.6232,Daylit,2.9015,293.5736,-50.0945,103.7773,47.3133,40.5,0.839,Waning Crescent,
2003-06-17,18:11:00,10439.0999,Daylit,2.6822,293.6412,-49.8732,103.7791,47.322,40.51,0.8389,Waning Crescent,
2003-06-17,18:12:00,9724.1203,Daylit,2.4631,293.7092,-49.652,103.7814,47.3307,40.52,0.8389,Waning Crescent,
2003-06-17,18:13:00,8998.6927,Daylit,2.2441,293.7776,-49.4308,103.7842,47.3394,40.53,0.8388,Waning Crescent,
2003-06-17,18:14:00,8261.6114,Daylit,2.0252,293.8463,-49.2095,103.7875,47.3481,40.53,0.8388,Waning Crescent,
2003-06-17,18:15:00,7511.3825,Daylit,1.8064,293.9154,-48.9883,103.7913,47.3569,40.54,0.8387,Waning Crescent,
2003-06-17,18:16:00,6746.1108,Daylit,1.5877,293.9848,-48.767,103.7956,47.3656,40.55,0.8387,Waning Crescent,
2003-06-17,18:17:00,5963.3219,Daylit,1.3692,294.0546,-48.5457,103.8003,47.3743,40.56,0.8386,Waning Crescent,
2003-06-17,18:18:00,5159.6613,Daylit,1.1507,294.1248,-48.3244,103.8055,47.383,40.57,0.8385,Waning Crescent,
2003-06-17,18:19:00,4330.347,Daylit,0.9324,294.1953,-48.1031,103.8112,47.3918,40.58,0.8385,Waning Crescent,
2003-06-17,18:20:00,3468.0602,Daylit,0.7142,294.2662,-47.8818,103.8174,47.4005,40.58,0.8384,Waning Crescent,
2003-06-17,18:21:00,2560.3096,Daylit,0.4961,294.3375,-47.6605,103.824,47.4092,40.59,0.8384,Waning Crescent,
2003-06-17,18:22:00,1581.2367,Daylit,0.2782,294.4091,-47.4392,103.8311,47.4179,40.6,0.8383,Waning Crescent,
2003-06-17,18:23:00,442.8695,Daylit,0.0604,294.4812,-47.2179,103.8386,47.4266,40.61,0.8383,Waning Crescent,
2003-06-17,18:24:00,19.8651,Civil Twilight,-0.1573,294.5536,-46.9965,103.8465,47.4354,40.62,0.8382,Waning Crescent,
2003-06-17,18:25:00,19.1253,Civil Twilight,-0.3749,294.6263,-46.7752,103.8549,47.4441,40.63,0.8382,Waning Crescent,
2003-06-17,18:26:00,18.386,Civil Twilight,-0.5923,294.6995,-46.5539,103.8637,47.4528,40.64,0.8381,Waning Crescent,
2003-06-17,18:27:00,17.6471,Civil Twilight,-0.8097,294.773,-46.3325,103.8729,47.4615,40.64,0.838,Waning Crescent,
2003-06-17,18:28:00,16.9087,Civil Twilight,-1.0269,294.8469,-46.1111,103.8826,47.4702,40.65,0.838,Waning Crescent,
2003-06-17,18:29:00,16.1707,Civil Twilight,-1.2439,294.9213,-45.8898,103.8926,47.479,40.66,0.8379,Waning Crescent,
2003-06-17,18:30:00,15.4332,Civil Twilight,-1.4608,294.996,-45.6684,103.9031,47.4877,40.67,0.8379,Waning Crescent,
2003-06-17,18:31:00,14.696,Civil Twilight,-1.6776,295.071,-45.4471,103.914,47.4964,40.68,0.8378,Waning Crescent,
2003-06-17,18:32:00,13.9594,Civil Twilight,-1.8943,295.1465,-45.2257,103.9253,47.5051,40.69,0.8378,Waning Crescent,
2003-06-17,18:33:00,13.2232,Civil Twilight,-2.1108,295.2224,-45.0043,103.9369,47.5138,40.7,0.8377,Waning Crescent,
2003-06-17,18:34:00,12.4875,Civil Twilight,-2.3272,295.2987,-44.7829,103.949,47.5225,40.7,0.8377,Waning Crescent,
2003-06-17,18:35:00,11.7522,Civil Twilight,-2.5435,295.3753,-44.5615,103.9614,47.5313,40.71,0.8376,Waning Crescent,
2003-06-17,18:36:00,11.0174,Civil Twilight,-2.7596,295.4524,-44.3402,103.9743,47.54,40.72,0.8375,Waning Crescent,
2003-06-17,18:37:00,10.2831,Civil Twilight,-2.9756,295.5299,-44.1188,103.9875,47.5487,40.73,0.8375,Waning Crescent,
2003-06-17,18:38:00,9.5492,Civil Twilight,-3.1914,295.6077,-43.8974,104.0011,47.5574,40.74,0.8374,Waning Crescent,
2003-06-17,18:39:00,8.8159,Civil Twilight,-3.4071,295.686,-43.676,104.0151,47.5661,40.75,0.8374,Waning Crescent,
2003-06-17,18:40:00,8.083,Civil Twilight,-3.6227,295.7647,-43.4546,104.0294,47.5748,40.75,0.8373,Waning Crescent,
2003-06-17,18:41:00,7.3506,Civil Twilight,-3.8381,295.8438,-43.2332,104.0441,47.5836,40.76,0.8373,Waning Crescent,
2003-06-17,18:42:00,6.6187,Civil Twilight,-4.0533,295.9233,-43.0118,104.0592,47.5923,40.77,0.8372,Waning Crescent,
2003-06-17,18:43:00,5.8872,Civil Twilight,-4.2685,296.0033,-42.7905,104.0746,47.601,40.78,0.8371,Waning Crescent,
2003-06-17,18:44:00,5.1563,Civil Twilight,-4.4834,296.0836,-42.5691,104.0904,47.6097,40.79,0.8371,Waning Crescent,
2003-06-17,18:45:00,4.4259,Civil Twilight,-4.6983,296.1644,-42.3477,104.1065,47.6184,40.8,0.837,Waning Crescent,
2003-06-17,18:46:00,3.696,Civil Twilight,-4.9129,296.2456,-42.1263,104.123,47.6271,40.81,0.837,Waning Crescent,
2003-06-17,18:47:00,2.9666,Civil Twilight,-5.1275,296.3272,-41.9049,104.1398,47.6359,40.81,0.8369,Waning Crescent,
2003-06-17,18:48:00,2.2377,Civil Twilight,-5.3418,296.4093,-41.6835,104.157,47.6446,40.82,0.8369,Waning Crescent,
2003-06-17,18:49:00,1.5094,Civil Twilight,-5.5561,296.4917,-41.4622,104.1745,47.6533,40.83,0.8368,Waning Crescent,
2003-06-17,18:50:00,0.7815,Civil Twilight,-5.7701,296.5747,-41.2408,104.1923,47.662,40.84,0.8368,Waning Crescent,
2003-06-17,18:51:00,0.0542,Civil Twilight,-5.9841,296.658,-41.0194,104.2105,47.6707,40.85,0.8367,Waning Crescent,
2003-06-17,18:52:00,0.5802,Nautical Twilight,-6.1978,296.7418,-40.798,104.229,47.6794,40.86,0.8366,Waning Crescent,
2003-06-17,18:53:00,0.5589,Nautical Twilight,-6.4114,296.826,-40.5767,104.2478,47.6881,40.87,0.8366,Waning Crescent,
2003-06-17,18:54:00,0.5375,Nautical Twilight,-6.6248,296.9107,-40.3553,104.267,47.6968,40.87,0.8365,Waning Crescent,
2003-06-17,18:55:00,0.5162,Nautical Twilight,-6.8381,296.9958,-40.1339,104.2865,47.7056,40.88,0.8365,Waning Crescent,
2003-06-17,18:56:00,0.4949,Nautical Twilight,-7.0512,297.0814,-39.9126,104.3063,47.7143,40.89,0.8364,Waning Crescent,
2003-06-17,18:57:00,0.4736,Nautical Twilight,-7.2642,297.1674,-39.6912,104.3264,47.723,40.9,0.8364,Waning Crescent,
2003-06-17,18:58:00,0.4523,Nautical Twilight,-7.477,297.2538,-39.4699,104.3468,47.7317,40.91,0.8363,Waning Crescent,
2003-06-17,18:59:00,0.431,Nautical Twilight,-7.6896,297.3408,-39.2486,104.3675,47.7404,40.92,0.8362,Waning Crescent,
2003-06-17,19:00:00,0.4098,Nautical Twilight,-7.9021,297.4281,-39.0272,104.3886,47.7491,40.92,0.8362,Waning Crescent,
2003-06-17,19:01:00,0.3886,Nautical Twilight,-8.1144,297.516,-38.8059,104.41,47.7578,40.93,0.8361,Waning Crescent,
2003-06-17,19:02:00,0.3674,Nautical Twilight,-8.3265,297.6043,-38.5846,104.4316,47.7665,40.94,0.8361,Waning Crescent,
2003-06-17,19:03:00,0.3462,Nautical Twilight,-8.5384,297.6931,-38.3633,104.4536,47.7753,40.95,0.836,Waning Crescent,
2003-06-17,19:04:00,0.325,Nautical Twilight,-8.7502,297.7823,-38.142,104.4759,47.784,40.96,0.836,Waning Crescent,
2003-06-17,19:05:00,0.3038,Nautical Twilight,-8.9618,297.872,-37.9207,104.4984,47.7927,40.97,0.8359,Waning Crescent,
2003-06-17,19:06:00,0.2827,Nautical Twilight,-9.1732,297.9622,-37.6994,104.5213,47.8014,40.98,0.8359,Waning Crescent,
2003-06-17,19:07:00,0.2616,Nautical Twilight,-9.3845,298.0529,-37.4781,104.5445,47.8101,40.98,0.8358,Waning Crescent,
2003-06-17,19:08:00,0.2404,Nautical Twilight,-9.5955,298.144,-37.2568,104.5679,47.8188,40.99,0.8357,Waning Crescent,
2003-06-17,19:09:00,0.2194,Nautical Twilight,-9.8064,298.2357,-37.0355,104.5917,47.8275,41.0,0.8357,Waning Crescent,
2003-06-17,19:10:00,0.1983,Nautical Twilight,-10.0171,298.3278,-36.8143,104.6157,47.8362,41.01,0.8356,Waning Crescent,
2003-06-17,19:11:00,0.1772,Nautical Twilight,-10.2277,298.4204,-36.593,104.64,47.8449,41.02,0.8356,Waning Crescent,
2003-06-17,19:12:00,0.1562,Nautical Twilight,-10.438,298.5135,-36.3718,104.6646,47.8536,41.03,0.8355,Waning Crescent,
2003-06-17,19:13:00,0.1352,Nautical Twilight,-10.6482,298.6071,-36.1505,104.6895,47.8624,41.04,0.8355,Waning Crescent,
2003-06-17,19:14:00,0.1142,Nautical Twilight,-10.8581,298.7012,-35.9293,104.7147,47.8711,41.04,0.8354,Waning Crescent,
2003-06-17,19:15:00,0.0932,Nautical Twilight,-11.0679,298.7958,-35.7081,104.7401,47.8798,41.05,0.8353,Waning Crescent,
2003-06-17,19:16:00,0.0723,Nautical Twilight,-11.2775,298.8909,-35.4869,104.7659,47.8885,41.06,0.8353,Waning Crescent,
2003-06-17,19:17:00,0.0513,Nautical Twilight,-11.4869,298.9865,-35.2657,104.7919,47.8972,41.07,0.8352,Waning Crescent,
2003-06-17,19:18:00,0.0304,Nautical Twilight,-11.6961,299.0827,-35.0445,104.8182,47.9059,41.08,0.8352,Waning Crescent,
2003-06-17,19:19:00,0.0095,Nautical Twilight,-11.9051,299.1793,-34.8234,104.8447,47.9146,41.09,0.8351,Waning Crescent,
2003-06-17,19:20:00,0.0059,Astronomical Twilight,-12.1139,299.2765,-34.6022,104.8716,47.9233,41.09,0.8351,Waning Crescent,
2003-06-17,19:21:00,0.0057,Astronomical Twilight,-12.3225,299.3742,-34.3811,104.8987,47.932,41.1,0.835,Waning Crescent,
2003-06-17,19:22:00,0.0055,Astronomical Twilight,-12.5309,299.4724,-34.1599,104.9261,47.9407,41.11,0.8349,Waning Crescent,
2003-06-17,19:23:00,0.0053,Astronomical Twilight,-12.7391,299.5711,-33.9388,104.9537,47.9494,41.12,0.8349,Waning Crescent,
2003-06-17,19:24:00,0.0051,Astronomical Twilight,-12.9471,299.6704,-33.7177,104.9816,47.9581,41.13,0.8348,Waning Crescent,
2003-06-17,19:25:00,0.0048,Astronomical Twilight,-13.1549,299.7702,-33.4966,105.0098,47.9669,41.14,0.8348,Waning Crescent,
2003-06-17,19:26:00,0.0046,Astronomical Twilight,-13.3625,299.8706,-33.2755,105.0382,47.9756,41.15,0.8347,Waning Crescent,
2003-06-17,19:27:00,0.0044,Astronomical Twilight,-13.5698,299.9715,-33.0545,105.067,47.9843,41.15,0.8347,Waning Crescent,
2003-06-17,19:28:00,0.0042,Astronomical Twilight,-13.777,300.0729,-32.8334,105.0959,47.993,41.16,0.8346,Waning Crescent,
2003-06-17,19:29:00,0.004,Astronomical Twilight,-13.984,300.1749,-32.6124,105.1252,48.0017,41.17,0.8346,Waning Crescent,
2003-06-17,19:30:00,0.0038,Astronomical Twilight,-14.1907,300.2774,-32.3914,105.1547,48.0104,41.18,0.8345,Waning Crescent,
2003-06-17,19:31:00,0.0036,Astronomical Twilight,-14.3972,300.3805,-32.1704,105.1844,48.0191,41.19,0.8344,Waning Crescent,
2003-06-17,19:32:00,0.0034,Astronomical Twilight,-14.6035,300.4842,-31.9494,105.2144,48.0278,41.2,0.8344,Waning Crescent,
2003-06-17,19:33:00,0.0032,Astronomical Twilight,-14.8096,300.5884,-31.7284,105.2447,48.0365,41.21,0.8343,Waning Crescent,
2003-06-17,19:34:00,0.003,Astronomical Twilight,-15.0155,300.6932,-31.5074,105.2752,48.0452,41.21,0.8343,Waning Crescent,
2003-06-17,19:35:00,0.0028,Astronomical Twilight,-15.2211,300.7985,-31.2865,105.306,48.0539,41.22,0.8342,Waning Crescent,
2003-06-17,19:36:00,0.0026,Astronomical Twilight,-15.4265,300.9045,-31.0656,105.3371,48.0626,41.23,0.8342,Waning Crescent,
2003-06-17,19:37:00,0.0024,Astronomical Twilight,-15.6317,301.011,-30.8447,105.3684,48.0713,41.24,0.8341,Waning Crescent,
2003-06-17,19:38:00,0.0022,Astronomical Twilight,-15.8367,301.1181,-30.6238,105.3999,48.08,41.25,0.834,Waning Crescent,
2003-06-17,19:39:00,0.002,Astronomical Twilight,-16.0414,301.2258,-30.4029,105.4317,48.0887,41.26,0.834,Waning Crescent,
2003-06-17,19:40:00,0.0018,Astronomical Twilight,-16.2459,301.334,-30.182,105.4638,48.0974,41.27,0.8339,Waning Crescent,
2003-06-17,19:41:00,0.0015,Astronomical Twilight,-16.4501,301.4429,-29.9612,105.4961,48.1061,41.27,0.8339,Waning Crescent,
2003-06-17,19:42:00,0.0013,Astronomical Twilight,-16.6541,301.5524,-29.7404,105.5286,48.1148,41.28,0.8338,Waning Crescent,
2003-06-17,19:43:00,0.0011,Astronomical Twilight,-16.8579,301.6624,-29.5196,105.5614,48.1235,41.29,0.8338,Waning Crescent,
2003-06-17,19:44:00,0.0009,Astronomical Twilight,-17.0614,301.7731,-29.2988,105.5945,48.1322,41.3,0.8337,Waning Crescent,
2003-06-17,19:45:00,0.0007,Astronomical Twilight,-17.2647,301.8844,-29.078,105.6278,48.1409,41.31,0.8337,Waning Crescent,
2003-06-17,19:46:00,0.0005,Astronomical Twilight,-17.4678,301.9963,-28.8573,105.6613,48.1496,41.32,0.8336,Waning Crescent,
2003-06-17,19:47:00,0.0003,Astronomical Twilight,-17.6705,302.1088,-28.6366,105.6951,48.1583,41.32,0.8335,Waning Crescent,
2003-06-17,19:48:00,0.0001,Astronomical Twilight,-17.8731,302.222,-28.4159,105.7292,48.167,41.33,0.8335,Waning Crescent,
2003-06-17,19:49:00,0.0,Moonless Night,-18.0754,302.3357,-28.1952,105.7635,48.1757,41.34,0.8334,Waning Crescent,
2003-06-17,19:50:00,0.0,Moonless Night,-18.2774,302.4501,-27.9745,105.798,48.1844,41.35,0.8334,Waning Crescent,
2003-06-17,19:51:00,0.0,Moonless Night,-18.4792,302.5652,-27.7539,105.8328,48.1931,41.36,0.8333,Waning Crescent,
2003-06-17,19:52:00,0.0,Moonless Night,-18.6807,302.6808,-27.5332,105.8678,48.2019,41.37,0.8333,Waning Crescent,
2003-06-17,19:53:00,0.0,Moonless Night,-18.882,302.7972,-27.3127,105.9031,48.2106,41.38,0.8332,Waning Crescent,
2003-06-17,19:54:00,0.0,Moonless Night,-19.083,302.9141,-27.0921,105.9386,48.2193,41.38,0.8331,Waning Crescent,
2003-06-17,19:55:00,0.0,Moonless Night,-19.2837,303.0317,-26.8715,105.9743,48.228,41.39,0.8331,Waning Crescent,
2003-06-17,19:56:00,0.0,Moonless Night,-19.4841,303.15,-26.651,106.0103,48.2367,41.4,0.833,Waning Crescent,
2003-06-17,19:57:00,0.0,Moonless Night,-19.6843,303.2689,-26.4305,106.0466,48.2454,41.41,0.833,Waning Crescent,
2003-06-17,19:58:00,0.0,Moonless Night,-19.8842,303.3885,-26.21,106.083,48.2541,41.42,0.8329,Waning Crescent,
2003-06-17,19:59:00,0.0,Moonless Night,-20.0839,303.5088,-25.9896,106.1198,48.2628,41.43,0.8329,Waning Crescent,
2003-06-17,20:00:00,0.0,Moonless Night,-20.2832,303.6298,-25.7691,106.1567,48.2714,41.44,0.8328,Waning Crescent,
2003-06-18,17:00:00,51499.6026,Daylit,18.5371,289.6621,-77.4063,95.8844,59.0639,52.09,0.757,Last Quarter,
2003-06-18,17:01:00,50995.7104,Daylit,18.3118,289.7076,-77.1799,95.8373,59.0723,52.1,0.757,Last Quarter,
2003-06-18,17:02:00,50490.3044,Daylit,18.0866,289.7533,-76.9535,95.7932,59.0808,52.11,0.7569,Last Quarter,
2003-06-18,17:03:00,49983.3771,Daylit,17.8614,289.7994,-76.727,95.7517,59.0892,52.11,0.7569,Last Quarter,
2003-06-18,17:04:00,49474.9206,Daylit,17.6363,289.8457,-76.5005,95.7129,59.0976,52.12,0.7568,Last Quarter,
2003-06-18,17:05:00,48964.9265,Daylit,17.4113,289.8923,-76.274,95.6766,59.1061,52.13,0.7567,Last Quarter,
2003-06-18,17:06:00,48453.3863,Daylit,17.1863,289.9393,-76.0475,95.6426,59.1145,52.14,0.7567,Last Quarter,
2003-06-18,17:07:00,47940.2909,Daylit,16.9614,289.9865,-75.8209,95.6108,59.1229,52.15,0.7566,Last Quarter,
2003-06-18,17:08:00,47425.6306,Daylit,16.7366,290.034,-75.5944,95.5812,59.1314,52.16,0.7565,Last Quarter,
2003-06-18,17:09:00,46909.3955,Daylit,16.5118,290.0818,-75.3678,95.5537,59.1398,52.16,0.7565,Last Quarter,
2003-06-18,17:10:00,46391.575,Daylit,16.2871,290.1299,-75.1411,95.528,59.1482,52.17,0.7564,Last Quarter,
2003-06-18,17:11:00,45872.1583,Daylit,16.0625,290.1783,-74.9145,95.5043,59.1567,52.18,0.7563,Last Quarter,
2003-06-18,17:12:00,45351.1338,Daylit,15.8379,290.227,-74.6879,95.4823,59.1651,52.19,0.7563,Last Quarter,
2003-06-18,17:13:00,44828.4893,Daylit,15.6134,290.276,-74.4612,95.4621,59.1735,52.2,0.7562,Last Quarter,
2003-06-18,17:14:00,44304.2123,Daylit,15.389,290.3253,-74.2345,95.4435,59.1819,52.21,0.7562,Last Quarter,
2003-06-18,17:15:00,43778.2896,Daylit,15.1647,290.3748,-74.0078,95.4264,59.1904,52.21,0.7561,Last Quarter,
2003-06-18,17:16:00,43250.7071,Daylit,14.9404,290.4247,-73.7811,95.4108,59.1988,52.22,0.756,Last Quarter,
2003-06-18,17:17:00,42721.4505,Daylit,14.7162,290.4749,-73.5543,95.3967,59.2072,52.23,0.756,Last Quarter,
2003-06-18,17:18:00,42190.5043,Daylit,14.4921,290.5254,-73.3276,95.384,59.2157,52.24,0.7559,Last Quarter,
2003-06-18,17:19:00,41657.8527,Daylit,14.268,290.5762,-73.1008,95.3726,59.2241,52.25,0.7558,Last Quarter,
2003-06-18,17:20:00,41123.479,Daylit,14.044,290.6272,-72.874,95.3624,59.2325,52.26,0.7558,Last Quarter,
2003-06-18,17:21:00,40587.3655,Daylit,13.8201,290.6786,-72.6472,95.3535,59.241,52.26,0.7557,Last Quarter,
2003-06-18,17:22:00,40049.4939,Daylit,13.5963,290.7303,-72.4204,95.3458,59.2494,52.27,0.7557,Last Quarter,
2003-06-18,17:23:00,39509.8448,Daylit,13.3726,290.7823,-72.1936,95.3392,59.2578,52.28,0.7556,Last Quarter,
2003-06-18,17:24:00,38968.3981,Daylit,13.1489,290.8345,-71.9668,95.3337,59.2662,52.29,0.7555,Last Quarter,
2003-06-18,17:25:00,38425.1325,Daylit,12.9253,290.8871,-71.74,95.3293,59.2747,52.3,0.7555,Last Quarter,
2003-06-18,17:26:00,37880.0257,Daylit,12.7018,290.94,-71.5131,95.3258,59.2831,52.31,0.7554,Last Quarter,
2003-06-18,17:27:00,37333.0544,Daylit,12.4784,290.9932,-71.2863,95.3234,59.2915,52.31,0.7553,Last Quarter,
2003-06-18,17:28:00,36784.1939,Daylit,12.255,291.0467,-71.0594,95.3219,59.3,52.32,0.7553,Last Quarter,
2003-06-18,17:29:00,36233.4186,Daylit,12.0317,291.1005,-70.8325,95.3213,59.3084,52.33,0.7552,Last Quarter,
2003-06-18,17:30:00,35680.7012,Daylit,11.8085,291.1546,-70.6056,95.3216,59.3168,52.34,0.7551,Last Quarter,
2003-06-18,17:31:00,35126.0132,Daylit,11.5854,291.209,-70.3787,95.3228,59.3252,52.35,0.7551,Last Quarter,
2003-06-18,17:32:00,34569.3247,Daylit,11.3624,291.2637,-70.1518,95.3248,59.3337,52.35,0.755,Last Quarter,
2003-06-18,17:33:00,34010.6042,Daylit,11.1394,291.3187,-69.9249,95.3276,59.3421,52.36,0.755,Last Quarter,
2003-06-18,17:34:00,33449.8183,Daylit,10.9166,291.3741,-69.698,95.3311,59.3505,52.37,0.7549,Last Quarter,
2003-06-18,17:35:00,32886.9321,Daylit,10.6938,291.4297,-69.4711,95.3354,59.359,52.38,0.7548,Last Quarter,
2003-06-18,17:36:00,32321.9087,Daylit,10.4711,291.4857,-69.2441,95.3404,59.3674,52.39,0.7548,Last Quarter,
2003-06-18,17:37:00,31754.7091,Daylit,10.2485,291.5419,-69.0172,95.3462,59.3758,52.4,0.7547,Last Quarter,
2003-06-18,17:38:00,31185.2923,Daylit,10.026,291.5985,-68.7902,95.3526,59.3842,52.4,0.7546,Last Quarter,
2003-06-18,17:39:00,30613.6148,Daylit,9.8036,291.6554,-68.5633,95.3597,59.3927,52.41,0.7546,Last Quarter,
2003-06-18,17:40:00,30039.6306,Daylit,9.5812,291.7126,-68.3363,95.3674,59.4011,52.42,0.7545,Last Quarter,
2003-06-18,17:41:00,29463.2913,Daylit,9.359,291.7701,-68.1093,95.3757,59.4095,52.43,0.7544,Last Quarter,
2003-06-18,17:42:00,28884.5454,Daylit,9.1368,291.828,-67.8823,95.3846,59.4179,52.44,0.7544,Last Quarter,
2003-06-18,17:43:00,28303.3382,Daylit,8.9147,291.8861,-67.6554,95.3942,59.4264,52.45,0.7543,Last Quarter,
2003-06-18,17:44:00,27719.612,Daylit,8.6927,291.9446,-67.4284,95.4043,59.4348,52.45,0.7543,Last Quarter,
2003-06-18,17:45:00,27133.3052,Daylit,8.4708,292.0034,-67.2014,95.4149,59.4432,52.46,0.7542,Last Quarter,
2003-06-18,17:46:00,26544.3524,Daylit,8.249,292.0625,-66.9744,95.4261,59.4516,52.47,0.7541,Last Quarter,
2003-06-18,17:47:00,25952.6839,Daylit,8.0273,292.122,-66.7474,95.4378,59.4601,52.48,0.7541,Last Quarter,
2003-06-18,17:48:00,25358.2255,Daylit,7.8057,292.1817,-66.5204,95.4501,59.4685,52.49,0.754,Last Quarter,
2003-06-18,17:49:00,24760.8978,Daylit,7.5842,292.2418,-66.2933,95.4628,59.4769,52.5,0.7539,Last Quarter,
2003-06-18,17:50:00,24160.616,Daylit,7.3628,292.3022,-66.0663,95.476,59.4853,52.5,0.7539,Last Quarter,
2003-06-18,17:51:00,23557.2893,Daylit,7.1414,292.363,-65.8393,95.4897,59.4938,52.51,0.7538,Last Quarter,
2003-06-18,17:52:00,22950.8202,Daylit,6.9202,292.4241,-65.6123,95.5038,59.5022,52.52,0.7538,Last Quarter,
2003-06-18,17:53:00,22341.104,Daylit,6.6991,292.4854,-65.3852,95.5184,59.5106,52.53,0.7537,Last Quarter,
2003-06-18,17:54:00,21728.0279,Daylit,6.478,292.5472,-65.1582,95.5334,59.519,52.54,0.7536,Last Quarter,
2003-06-18,17:55:00,21111.47,Daylit,6.2571,292.6092,-64.9311,95.5489,59.5274,52.55,0.7536,Last Quarter,
2003-06-18,17:56:00,20491.2988,Daylit,6.0363,292.6716,-64.7041,95.5648,59.5359,52.55,0.7535,Last Quarter,
2003-06-18,17:57:00,19867.3715,Daylit,5.8155,292.7343,-64.477,95.581,59.5443,52.56,0.7534,Last Quarter,
2003-06-18,17:58:00,19239.533,Daylit,5.5949,292.7974,-64.25,95.5977,59.5527,52.57,0.7534,Last Quarter,
2003-06-18,17:59:00,18607.6141,Daylit,5.3744,292.8608,-64.0229,95.6147,59.5611,52.58,0.7533,Last Quarter,
2003-06-18,18:00:00,17971.43,Daylit,5.1539,292.9245,-63.7959,95.6322,59.5696,52.59,0.7532,Last Quarter,
2003-06-18,18:01:00,17330.7777,Daylit,4.9336,292.9886,-63.5688,95.65,59.578,52.6,0.7532,Last Quarter,
2003-06-18,18:02:00,16685.434,Daylit,4.7134,293.053,-63.3417,95.6681,59.5864,52.6,0.7531,Last Quarter,
2003-06-18,18:03:00,16035.152,Daylit,4.4933,293.1178,-63.1146,95.6867,59.5948,52.61,0.7531,Last Quarter,
2003-06-18,18:04:00,15379.6578,Daylit,4.2733,293.1829,-62.8876,95.7055,59.6032,52.62,0.753,Last Quarter,
2003-06-18,18:05:00,14718.6457,Daylit,4.0534,293.2483,-62.6605,95.7247,59.6117,52.63,0.7529,Last Quarter,
2003-06-18,18:06:00,14051.7729,Daylit,3.8336,293.3141,-62.4334,95.7442,59.6201,52.64,0.7529,Last Quarter,
2003-06-18,18:07:00,13378.6531,Daylit,3.6139,293.3802,-62.2063,95.7641,59.6285,52.65,0.7528,Last Quarter,
2003-06-18,18:08:00,12698.8473,Daylit,3.3943,293.4467,-61.9793,95.7843,59.6369,52.65,0.7527,Last Quarter,
2003-06-18,18:09:00,12011.8535,Daylit,3.1749,293.5136,-61.7522,95.8048,59.6453,52.66,0.7527,Last Quarter,
2003-06-18,18:10:00,11317.0928,Daylit,2.9555,293.5808,-61.5251,95.8255,59.6538,52.67,0.7526,Last Quarter,
2003-06-18,18:11:00,10613.891,Daylit,2.7363,293.6483,-61.298,95.8466,59.6622,52.68,0.7525,Last Quarter,
2003-06-18,18:12:00,9901.4542,Daylit,2.5171,293.7162,-61.0709,95.868,59.6706,52.69,0.7525,Last Quarter,
2003-06-18,18:13:00,9178.8358,Daylit,2.2981,293.7845,-60.8438,95.8897,59.679,52.7,0.7524,Last Quarter,
2003-06-18,18:14:00,8444.8892,Daylit,2.0792,293.8531,-60.6167,95.9116,59.6874,52.7,0.7524,Last Quarter,
2003-06-18,18:15:00,7698.2012,Daylit,1.8605,293.922,-60.3896,95.9338,59.6959,52.71,0.7523,Last Quarter,
2003-06-18,18:16:00,6936.9902,Daylit,1.6418,293.9914,-60.1625,95.9563,59.7043,52.72,0.7522,Last Quarter,
2003-06-18,18:17:00,6158.9482,Daylit,1.4233,294.0611,-59.9354,95.9791,59.7127,52.73,0.7522,Last Quarter,
2003-06-18,18:18:00,5360.9785,Daylit,1.2048,294.1312,-59.7083,96.0021,59.7211,52.74,0.7521,Last Quarter,
2003-06-18,18:19:00,4538.7281,Daylit,0.9865,294.2016,-59.4812,96.0254,59.7295,52.75,0.752,Last Quarter,
2003-06-18,18:20:00,3685.6689,Daylit,0.7683,294.2724,-59.2541,96.0489,59.738,52.75,0.752,Last Quarter,
2003-06-18,18:21:00,2791.0129,Daylit,0.5503,294.3436,-59.027,96.0727,59.7464,52.76,0.7519,Last Quarter,
2003-06-18,18:22:00,1833.7522,Daylit,0.3323,294.4151,-58.7999,96.0967,59.7548,52.77,0.7519,Last Quarter,
2003-06-18,18:23:00,754.9879,Daylit,0.1145,294.487,-58.5728,96.121,59.7632,52.78,0.7518,Last Quarter,
2003-06-18,18:24:00,20.0493,Civil Twilight,-0.1032,294.5593,-58.3457,96.1455,59.7716,52.79,0.7517,Last Quarter,
2003-06-18,18:25:00,19.3095,Civil Twilight,-0.3207,294.632,-58.1185,96.1702,59.78,52.8,0.7517,Last Quarter,
2003-06-18,18:26:00,18.5703,Civil Twilight,-0.5382,294.7051,-57.8914,96.1952,59.7885,52.8,0.7516,Last Quarter,
2003-06-18,18:27:00,17.8314,Civil Twilight,-0.7555,294.7785,-57.6643,96.2203,59.7969,52.81,0.7515,Last Quarter,
2003-06-18,18:28:00,17.093,Civil Twilight,-0.9726,294.8523,-57.4372,96.2457,59.8053,52.82,0.7515,Last Quarter,
2003-06-18,18:29:00,16.355,Civil Twilight,-1.1897,294.9265,-57.2101,96.2714,59.8137,52.83,0.7514,Last Quarter,
2003-06-18,18:30:00,15.6175,Civil Twilight,-1.4066,295.0011,-56.983,96.2972,59.8221,52.84,0.7513,Last Quarter,
2003-06-18,18:31:00,14.8804,Civil Twilight,-1.6234,295.0761,-56.7559,96.3232,59.8305,52.84,0.7513,Last Quarter,
2003-06-18,18:32:00,14.1438,Civil Twilight,-1.8401,295.1515,-56.5288,96.3495,59.8389,52.85,0.7512,Last Quarter,
2003-06-18,18:33:00,13.4076,Civil Twilight,-2.0566,295.2273,-56.3017,96.376,59.8474,52.86,0.7512,Last Quarter,
2003-06-18,18:34:00,12.6719,Civil Twilight,-2.273,295.3034,-56.0746,96.4026,59.8558,52.87,0.7511,Last Quarter,
2003-06-18,18:35:00,11.9367,Civil Twilight,-2.4892,295.38,-55.8475,96.4295,59.8642,52.88,0.751,Last Quarter,
2003-06-18,18:36:00,11.2019,Civil Twilight,-2.7053,295.457,-55.6203,96.4565,59.8726,52.89,0.751,Last Quarter,
2003-06-18,18:37:00,10.4676,Civil Twilight,-2.9213,295.5343,-55.3932,96.4838,59.881,52.89,0.7509,Last Quarter,
2003-06-18,18:38:00,9.7338,Civil Twilight,-3.1371,295.6121,-55.1661,96.5112,59.8894,52.9,0.7508,Last Quarter,
2003-06-18,18:39:00,9.0004,Civil Twilight,-3.3528,295.6903,-54.939,96.5389,59.8978,52.91,0.7508,Last Quarter,
2003-06-18,18:40:00,8.2675,Civil Twilight,-3.5684,295.7689,-54.7119,96.5667,59.9063,52.92,0.7507,Last Quarter,
2003-06-18,18:41:00,7.5352,Civil Twilight,-3.7838,295.8479,-54.4848,96.5947,59.9147,52.93,0.7506,Last Quarter,
2003-06-18,18:42:00,6.8033,Civil Twilight,-3.999,295.9273,-54.2577,96.6229,59.9231,52.94,0.7506,Last Quarter,
2003-06-18,18:43:00,6.0719,Civil Twilight,-4.2142,296.0071,-54.0306,96.6513,59.9315,52.94,0.7505,Last Quarter,
2003-06-18,18:44:00,5.341,Civil Twilight,-4.4291,296.0874,-53.8035,96.6798,59.9399,52.95,0.7505,Last Quarter,
2003-06-18,18:45:00,4.6106,Civil Twilight,-4.6439,296.1681,-53.5764,96.7085,59.9483,52.96,0.7504,Last Quarter,
2003-06-18,18:46:00,3.8807,Civil Twilight,-4.8586,296.2491,-53.3493,96.7374,59.9567,52.97,0.7503,Last Quarter,
2003-06-18,18:47:00,3.1513,Civil Twilight,-5.0731,296.3307,-53.1222,96.7665,59.9652,52.98,0.7503,Last Quarter,
2003-06-18,18:48:00,2.4225,Civil Twilight,-5.2875,296.4126,-52.8951,96.7958,59.9736,52.99,0.7502,Last Quarter,
2003-06-18,18:49:00,1.6941,Civil Twilight,-5.5017,296.495,-52.668,96.8252,59.982,52.99,0.7501,Last Quarter,
2003-06-18,18:50:00,0.9663,Civil Twilight,-5.7158,296.5778,-52.4409,96.8547,59.9904,53.0,0.7501,Last Quarter,
2003-06-18,18:51:00,0.239,Civil Twilight,-5.9297,296.661,-52.2138,96.8845,59.9988,53.01,0.75,Last Quarter,
2003-06-18,18:52:00,0.5857,Nautical Twilight,-6.1435,296.7447,-51.9867,96.9144,60.0072,53.02,0.7499,Last Quarter,
2003-06-18,18:53:00,0.5643,Nautical Twilight,-6.3571,296.8288,-51.7597,96.9445,60.0156,53.03,0.7499,Last Quarter,
2003-06-18,18:54:00,0.543,Nautical Twilight,-6.5705,296.9134,-51.5326,96.9747,60.024,53.04,0.7498,Last Quarter,
2003-06-18,18:55:00,0.5216,Nautical Twilight,-6.7838,296.9984,-51.3055,97.0051,60.0324,53.04,0.7498,Last Quarter,
2003-06-18,18:56:00,0.5003,Nautical Twilight,-6.9969,297.0838,-51.0784,97.0356,60.0409,53.05,0.7497,Last Quarter,
2003-06-18,18:57:00,0.479,Nautical Twilight,-7.2098,297.1698,-50.8513,97.0663,60.0493,53.06,0.7496,Last Quarter,
2003-06-18,18:58:00,0.4577,Nautical Twilight,-7.4226,297.2561,-50.6243,97.0972,60.0577,53.07,0.7496,Last Quarter,
2003-06-18,18:59:00,0.4365,Nautical Twilight,-7.6352,297.3429,-50.3972,97.1282,60.0661,53.08,0.7495,Last Quarter,
2003-06-18,19:00:00,0.4152,Nautical Twilight,-7.8477,297.4302,-50.1701,97.1594,60.0745,53.09,0.7494,Last Quarter,
2003-06-18,19:01:00,0.394,Nautical Twilight,-8.06,297.5179,-49.9431,97.1907,60.0829,53.09,0.7494,Last Quarter,
2003-06-18,19:02:00,0.3728,Nautical Twilight,-8.2721,297.6061,-49.716,97.2221,60.0913,53.1,0.7493,Last Quarter,
2003-06-18,19:03:00,0.3516,Nautical Twilight,-8.484,297.6948,-49.4889,97.2538,60.0997,53.11,0.7492,Last Quarter,
2003-06-18,19:04:00,0.3304,Nautical Twilight,-8.6958,297.7839,-49.2619,97.2855,60.1081,53.12,0.7492,Last Quarter,
2003-06-18,19:05:00,0.3093,Nautical Twilight,-8.9074,297.8735,-49.0348,97.3174,60.1165,53.13,0.7491,Last Quarter,
2003-06-18,19:06:00,0.2881,Nautical Twilight,-9.1188,297.9636,-48.8078,97.3495,60.1249,53.13,0.7491,Last Quarter,
2003-06-18,19:07:00,0.267,Nautical Twilight,-9.3301,298.0541,-48.5807,97.3817,60.1334,53.14,0.749,Last Quarter,
2003-06-18,19:08:00,0.2459,Nautical Twilight,-9.5412,298.1452,-48.3537,97.414,60.1418,53.15,0.7489,Last Quarter,
2003-06-18,19:09:00,0.2248,Nautical Twilight,-9.752,298.2367,-48.1267,97.4465,60.1502,53.16,0.7489,Last Quarter,
2003-06-18,19:10:00,0.2037,Nautical Twilight,-9.9628,298.3287,-47.8996,97.4791,60.1586,53.17,0.7488,Last Quarter,
2003-06-18,19:11:00,0.1827,Nautical Twilight,-10.1733,298.4212,-47.6726,97.5119,60.167,53.18,0.7487,Last Quarter,
2003-06-18,19:12:00,0.1616,Nautical Twilight,-10.3836,298.5142,-47.4456,97.5448,60.1754,53.18,0.7487,Last Quarter,
2003-06-18,19:13:00,0.1406,Nautical Twilight,-10.5938,298.6077,-47.2186,97.5778,60.1838,53.19,0.7486,Last Quarter,
2003-06-18,19:14:00,0.1196,Nautical Twilight,-10.8037,298.7017,-46.9915,97.611,60.1922,53.2,0.7485,Last Quarter,
2003-06-18,19:15:00,0.0986,Nautical Twilight,-11.0135,298.7962,-46.7645,97.6443,60.2006,53.21,0.7485,Last Quarter,
2003-06-18,19:16:00,0.0777,Nautical Twilight,-11.2231,298.8912,-46.5375,97.6778,60.209,53.22,0.7484,Last Quarter,
2003-06-18,19:17:00,0.0568,Nautical Twilight,-11.4325,298.9867,-46.3105,97.7114,60.2174,53.23,0.7484,Last Quarter,
2003-06-18,19:18:00,0.0358,Nautical Twilight,-11.6417,299.0827,-46.0835,97.7451,60.2258,53.23,0.7483,Last Quarter,
2003-06-18,19:19:00,0.0149,Nautical Twilight,-11.8507,299.1792,-45.8565,97.779,60.2342,53.24,0.7482,Last Quarter,
2003-06-18,19:20:00,0.0059,Astronomical Twilight,-12.0595,299.2762,-45.6295,97.813,60.2426,53.25,0.7482,Last Quarter,
2003-06-18,19:21:00,0.0057,Astronomical Twilight,-12.2681,299.3738,-45.4025,97.8471,60.251,53.26,0.7481,Last Quarter,
2003-06-18,19:22:00,0.0055,Astronomical Twilight,-12.4765,299.4719,-45.1756,97.8814,60.2595,53.27,0.748,Last Quarter,
2003-06-18,19:23:00,0.0053,Astronomical Twilight,-12.6847,299.5705,-44.9486,97.9158,60.2679,53.28,0.748,Last Quarter,
2003-06-18,19:24:00,0.0051,Astronomical Twilight,-12.8927,299.6697,-44.7216,97.9503,60.2763,53.28,0.7479,Last Quarter,
2003-06-18,19:25:00,0.0049,Astronomical Twilight,-13.1005,299.7694,-44.4947,97.985,60.2847,53.29,0.7478,Last Quarter,
2003-06-18,19:26:00,0.0047,Astronomical Twilight,-13.3081,299.8696,-44.2677,98.0198,60.2931,53.3,0.7478,Last Quarter,
2003-06-18,19:27:00,0.0045,Astronomical Twilight,-13.5155,299.9703,-44.0407,98.0547,60.3015,53.31,0.7477,Last Quarter,
2003-06-18,19:28:00,0.0043,Astronomical Twilight,-13.7227,300.0717,-43.8138,98.0897,60.3099,53.32,0.7477,Last Quarter,
2003-06-18,19:29:00,0.0041,Astronomical Twilight,-13.9296,300.1735,-43.5869,98.1249,60.3183,53.33,0.7476,Last Quarter,
2003-06-18,19:30:00,0.0039,Astronomical Twilight,-14.1364,300.2759,-43.3599,98.1602,60.3267,53.33,0.7475,Last Quarter,
2003-06-18,19:31:00,0.0037,Astronomical Twilight,-14.3429,300.3789,-43.133,98.1957,60.3351,53.34,0.7475,Last Quarter,
2003-06-18,19:32:00,0.0035,Astronomical Twilight,-14.5492,300.4824,-42.9061,98.2312,60.3435,53.35,0.7474,Last Quarter,
2003-06-18,19:33:00,0.0032,Astronomical Twilight,-14.7553,300.5865,-42.6792,98.2669,60.3519,53.36,0.7473,Last Quarter,
2003-06-18,19:34:00,0.003,Astronomical Twilight,-14.9612,300.6912,-42.4523,98.3028,60.3603,53.37,0.7473,Last Quarter,
2003-06-18,19:35:00,0.0028,Astronomical Twilight,-15.1668,300.7964,-42.2253,98.3387,60.3687,53.37,0.7472,Last Quarter,
2003-06-18,19:36:00,0.0026,Astronomical Twilight,-15.3722,300.9022,-41.9985,98.3748,60.3771,53.38,0.7471,Last Quarter,
2003-06-18,19:37:00,0.0024,Astronomical Twilight,-15.5774,301.0086,-41.7716,98.411,60.3855,53.39,0.7471,Last Quarter,
2003-06-18,19:38:00,0.0022,Astronomical Twilight,-15.7824,301.1156,-41.5447,98.4473,60.3939,53.4,0.747,Last Quarter,
2003-06-18,19:39:00,0.002,Astronomical Twilight,-15.9871,301.2231,-41.3178,98.4838,60.4023,53.41,0.747,Last Quarter,
2003-06-18,19:40:00,0.0018,Astronomical Twilight,-16.1916,301.3312,-41.0909,98.5204,60.4107,53.42,0.7469,Last Quarter,
2003-06-18,19:41:00,0.0016,Astronomical Twilight,-16.3958,301.44,-40.8641,98.5571,60.4191,53.42,0.7468,Last Quarter,
2003-06-18,19:42:00,0.0014,Astronomical Twilight,-16.5999,301.5493,-40.6372,98.5939,60.4275,53.43,0.7468,Last Quarter,
2003-06-18,19:43:00,0.0012,Astronomical Twilight,-16.8037,301.6592,-40.4104,98.6309,60.4359,53.44,0.7467,Last Quarter,
2003-06-18,19:44:00,0.001,Astronomical Twilight,-17.0072,301.7698,-40.1836,98.668,60.4443,53.45,0.7466,Last Quarter,
2003-06-18,19:45:00,0.0008,Astronomical Twilight,-17.2105,301.8809,-39.9567,98.7052,60.4527,53.46,0.7466,Last Quarter,
2003-06-18,19:46:00,0.0006,Astronomical Twilight,-17.4135,301.9927,-39.7299,98.7425,60.4611,53.47,0.7465,Last Quarter,
2003-06-18,19:47:00,0.0004,Astronomical Twilight,-17.6163,302.1051,-39.5031,98.78,60.4695,53.47,0.7464,Last Quarter,
2003-06-18,19:48:00,0.0002,Astronomical Twilight,-17.8189,302.2181,-39.2763,98.8176,60.4779,53.48,0.7464,Last Quarter,
2003-06-18,19:49:00,0.0,Moonless Night,-18.0212,302.3317,-39.0495,98.8553,60.4863,53.49,0.7463,Last Quarter,
2003-06-18,19:50:00,0.0,Moonless Night,-18.2232,302.4459,-38.8227,98.8932,60.4947,53.5,0.7463,Last Quarter,
2003-06-18,19:51:00,0.0,Moonless Night,-18.425,302.5608,-38.5959,98.9311,60.5031,53.51,0.7462,Last Quarter,
2003-06-18,19:52:00,0.0,Moonless Night,-18.6266,302.6763,-38.3692,98.9692,60.5115,53.52,0.7461,Last Quarter,
2003-06-18,19:53:00,0.0,Moonless Night,-18.8278,302.7925,-38.1424,99.0074,60.5199,53.52,0.7461,Last Quarter,
2003-06-18,19:54:00,0.0,Moonless Night,-19.0288,302.9093,-37.9157,99.0458,60.5283,53.53,0.746,Last Quarter,
2003-06-18,19:55:00,0.0,Moonless Night,-19.2296,303.0268,-37.6889,99.0843,60.5367,53.54,0.7459,Last Quarter,
2003-06-18,19:56:00,0.0,Moonless Night,-19.43,303.1449,-37.4622,99.1228,60.5451,53.55,0.7459,Last Quarter,
2003-06-18,19:57:00,0.0,Moonless Night,-19.6302,303.2637,-37.2355,99.1616,60.5535,53.56,0.7458,Last Quarter,
2003-06-18,19:58:00,0.0,Moonless Night,-19.8302,303.3832,-37.0088,99.2004,60.5619,53.57,0.7457,Last Quarter,
2003-06-18,19:59:00,0.0,Moonless Night,-20.0298,303.5033,-36.7821,99.2394,60.5703,53.57,0.7457,Last Quarter,
2003-06-18,20:00:00,0.0,Moonless Night,-20.2292,303.6241,-36.5554,99.2785,60.5787,53.58,0.7456,Last Quarter,
2003-06-19,17:00:00,51615.4201,Daylit,18.589,289.669,-85.7332,25.7428,71.0045,63.62,0.6627,Waning Gibbous,
2003-06-19,17:01:00,51111.9283,Daylit,18.3637,289.7144,-85.626,28.4822,71.0127,63.63,0.6627,Waning Gibbous,
2003-06-19,17:02:00,50606.9247,Daylit,18.1385,289.76,-85.5096,31.0867,71.0208,63.64,0.6626,Waning Gibbous,
2003-06-19,17:03:00,50100.4018,Daylit,17.9133,289.806,-85.3846,33.5567,71.029,63.64,0.6625,Waning Gibbous,
2003-06-19,17:04:00,49592.352,Daylit,17.6882,289.8522,-85.2517,35.8942,71.0371,63.65,0.6625,Waning Gibbous,
2003-06-19,17:05:00,49082.7671,Daylit,17.4632,289.8988,-85.1115,38.1029,71.0453,63.66,0.6624,Waning Gibbous,
2003-06-19,17:06:00,48571.6383,Daylit,17.2382,289.9456,-84.9646,40.1875,71.0535,63.67,0.6623,Waning Gibbous,
2003-06-19,17:07:00,48058.9569,Daylit,17.0133,289.9927,-84.8117,42.1536,71.0616,63.68,0.6623,Waning Gibbous,
2003-06-19,17:08:00,47544.7132,Daylit,16.7885,290.0401,-84.6532,44.007,71.0698,63.68,0.6622,Waning Gibbous,
2003-06-19,17:09:00,47028.8975,Daylit,16.5638,290.0879,-84.4896,45.754,71.0779,63.69,0.6621,Waning Gibbous,
2003-06-19,17:10:00,46511.4993,Daylit,16.3391,290.1359,-84.3213,47.4007,71.0861,63.7,0.6621,Waning Gibbous,
2003-06-19,17:11:00,45992.5079,Daylit,16.1144,290.1842,-84.1489,48.9535,71.0942,63.71,0.662,Waning Gibbous,
2003-06-19,17:12:00,45471.9117,Daylit,15.8899,290.2328,-83.9725,50.4183,71.1024,63.71,0.6619,Waning Gibbous,
2003-06-19,17:13:00,44949.6989,Daylit,15.6654,290.2817,-83.7925,51.8009,71.1105,63.72,0.6619,Waning Gibbous,
2003-06-19,17:14:00,44425.8569,Daylit,15.441,290.3309,-83.6094,53.1068,71.1187,63.73,0.6618,Waning Gibbous,
2003-06-19,17:15:00,43900.3727,Daylit,15.2167,290.3804,-83.4232,54.3411,71.1268,63.74,0.6617,Waning Gibbous,
2003-06-19,17:16:00,43373.2325,Daylit,14.9924,290.4301,-83.2343,55.5089,71.135,63.74,0.6617,Waning Gibbous,
2003-06-19,17:17:00,42844.422,Daylit,14.7682,290.4802,-83.0428,56.6146,71.1432,63.75,0.6616,Waning Gibbous,
2003-06-19,17:18:00,42313.9261,Daylit,14.5441,290.5306,-82.8491,57.6625,71.1513,63.76,0.6615,Waning Gibbous,
2003-06-19,17:19:00,41781.7289,Daylit,14.3201,290.5813,-82.6532,58.6566,71.1595,63.77,0.6615,Waning Gibbous,
2003-06-19,17:20:00,41247.814,Daylit,14.0961,290.6323,-82.4554,59.6005,71.1676,63.77,0.6614,Waning Gibbous,
2003-06-19,17:21:00,40712.1639,Daylit,13.8722,290.6836,-82.2558,60.4976,71.1758,63.78,0.6613,Waning Gibbous,
2003-06-19,17:22:00,40174.7605,Daylit,13.6484,290.7351,-82.0544,61.3511,71.1839,63.79,0.6613,Waning Gibbous,
2003-06-19,17:23:00,39635.5848,Daylit,13.4246,290.787,-81.8516,62.164,71.1921,63.8,0.6612,Waning Gibbous,
2003-06-19,17:24:00,39094.6167,Daylit,13.201,290.8392,-81.6472,62.9387,71.2002,63.8,0.6611,Waning Gibbous,
2003-06-19,17:25:00,38551.8351,Daylit,12.9774,290.8917,-81.4416,63.678,71.2084,63.81,0.6611,Waning Gibbous,
2003-06-19,17:26:00,38007.2183,Daylit,12.7539,290.9445,-81.2347,64.384,71.2165,63.82,0.661,Waning Gibbous,
2003-06-19,17:27:00,37460.7429,Daylit,12.5304,290.9976,-81.0266,65.0588,71.2247,63.83,0.6609,Waning Gibbous,
2003-06-19,17:28:00,36912.3847,Daylit,12.3071,291.051,-80.8175,65.7045,71.2328,63.83,0.6609,Waning Gibbous,
2003-06-19,17:29:00,36362.1182,Daylit,12.0838,291.1047,-80.6073,66.3228,71.241,63.84,0.6608,Waning Gibbous,
2003-06-19,17:30:00,35809.9167,Daylit,11.8606,291.1587,-80.3963,66.9155,71.2491,63.85,0.6607,Waning Gibbous,
2003-06-19,17:31:00,35255.752,Daylit,11.6375,291.213,-80.1843,67.484,71.2573,63.86,0.6607,Waning Gibbous,
2003-06-19,17:32:00,34699.5945,Daylit,11.4145,291.2677,-79.9715,68.0299,71.2654,63.87,0.6606,Waning Gibbous,
2003-06-19,17:33:00,34141.4129,Daylit,11.1916,291.3226,-79.7579,68.5543,71.2736,63.87,0.6605,Waning Gibbous,
2003-06-19,17:34:00,33581.1745,Daylit,10.9687,291.3778,-79.5436,69.0587,71.2817,63.88,0.6605,Waning Gibbous,
2003-06-19,17:35:00,33018.8448,Daylit,10.7459,291.4334,-79.3286,69.5441,71.2899,63.89,0.6604,Waning Gibbous,
2003-06-19,17:36:00,32454.3872,Daylit,10.5232,291.4893,-79.113,70.0116,71.298,63.9,0.6603,Waning Gibbous,
2003-06-19,17:37:00,31887.7634,Daylit,10.3006,291.5454,-78.8968,70.4622,71.3062,63.9,0.6603,Waning Gibbous,
2003-06-19,17:38:00,31318.9327,Daylit,10.0781,291.6019,-78.68,70.8968,71.3143,63.91,0.6602,Waning Gibbous,
2003-06-19,17:39:00,30747.8524,Daylit,9.8557,291.6587,-78.4626,71.3163,71.3225,63.92,0.6601,Waning Gibbous,
2003-06-19,17:40:00,30174.4771,Daylit,9.6334,291.7159,-78.2448,71.7215,71.3306,63.93,0.6601,Waning Gibbous,
2003-06-19,17:41:00,29598.7589,Daylit,9.4111,291.7733,-78.0264,72.1131,71.3388,63.93,0.66,Waning Gibbous,
2003-06-19,17:42:00,29020.6472,Daylit,9.1889,291.831,-77.8076,72.4919,71.3469,63.94,0.6599,Waning Gibbous,
2003-06-19,17:43:00,28440.088,Daylit,8.9669,291.8891,-77.5884,72.8585,71.3551,63.95,0.6599,Waning Gibbous,
2003-06-19,17:44:00,27857.0243,Daylit,8.7449,291.9475,-77.3688,73.2135,71.3632,63.96,0.6598,Waning Gibbous,
2003-06-19,17:45:00,27271.3956,Daylit,8.523,292.0062,-77.1487,73.5575,71.3714,63.96,0.6597,Waning Gibbous,
2003-06-19,17:46:00,26683.1374,Daylit,8.3012,292.0652,-76.9283,73.8909,71.3795,63.97,0.6596,Waning Gibbous,
2003-06-19,17:47:00,26092.181,Daylit,8.0795,292.1246,-76.7076,74.2145,71.3877,63.98,0.6596,Waning Gibbous,
2003-06-19,17:48:00,25498.4534,Daylit,7.8579,292.1843,-76.4865,74.5285,71.3958,63.99,0.6595,Waning Gibbous,
2003-06-19,17:49:00,24901.8766,Daylit,7.6364,292.2443,-76.2651,74.8335,71.404,63.99,0.6594,Waning Gibbous,
2003-06-19,17:50:00,24302.3669,Daylit,7.415,292.3046,-76.0434,75.1298,71.4121,64.0,0.6594,Waning Gibbous,
2003-06-19,17:51:00,23699.8352,Daylit,7.1936,292.3652,-75.8214,75.4179,71.4203,64.01,0.6593,Waning Gibbous,
2003-06-19,17:52:00,23094.1856,Daylit,6.9724,292.4262,-75.5991,75.6982,71.4284,64.02,0.6592,Waning Gibbous,
2003-06-19,17:53:00,22485.3151,Daylit,6.7513,292.4875,-75.3766,75.9709,71.4366,64.02,0.6592,Waning Gibbous,
2003-06-19,17:54:00,21873.1131,Daylit,6.5302,292.5492,-75.1538,76.2365,71.4447,64.03,0.6591,Waning Gibbous,
2003-06-19,17:55:00,21257.4599,Daylit,6.3093,292.6111,-74.9308,76.4952,71.4529,64.04,0.659,Waning Gibbous,
2003-06-19,17:56:00,20638.2265,Daylit,6.0885,292.6734,-74.7075,76.7473,71.461,64.05,0.659,Waning Gibbous,
2003-06-19,17:57:00,20015.2728,Daylit,5.8677,292.7361,-74.484,76.9931,71.4691,64.06,0.6589,Waning Gibbous,
2003-06-19,17:58:00,19388.4469,Daylit,5.6471,292.799,-74.2603,77.2328,71.4773,64.06,0.6588,Waning Gibbous,
2003-06-19,17:59:00,18757.5831,Daylit,5.4266,292.8623,-74.0364,77.4668,71.4854,64.07,0.6588,Waning Gibbous,
2003-06-19,18:00:00,18122.5006,Daylit,5.2061,292.926,-73.8123,77.6952,71.4936,64.08,0.6587,Waning Gibbous,
2003-06-19,18:01:00,17483.0009,Daylit,4.9858,292.99,-73.5881,77.9183,71.5017,64.09,0.6586,Waning Gibbous,
2003-06-19,18:02:00,16838.866,Daylit,4.7656,293.0543,-73.3636,78.1363,71.5099,64.09,0.6586,Waning Gibbous,
2003-06-19,18:03:00,16189.8551,Daylit,4.5455,293.1189,-73.139,78.3494,71.518,64.1,0.6585,Waning Gibbous,
2003-06-19,18:04:00,15535.701,Daylit,4.3255,293.1839,-72.9142,78.5577,71.5262,64.11,0.6584,Waning Gibbous,
2003-06-19,18:05:00,14876.1061,Daylit,4.1056,293.2493,-72.6892,78.7615,71.5343,64.12,0.6584,Waning Gibbous,
2003-06-19,18:06:00,14210.7374,Daylit,3.8858,293.315,-72.4641,78.961,71.5425,64.12,0.6583,Waning Gibbous,
2003-06-19,18:07:00,13539.2194,Daylit,3.6661,293.381,-72.2389,79.1562,71.5506,64.13,0.6582,Waning Gibbous,
2003-06-19,18:08:00,12861.1268,Daylit,3.4465,293.4474,-72.0135,79.3474,71.5587,64.14,0.6582,Waning Gibbous,
2003-06-19,18:09:00,12175.9739,Daylit,3.2271,293.5142,-71.7879,79.5346,71.5669,64.15,0.6581,Waning Gibbous,
2003-06-19,18:10:00,11483.2018,Daylit,3.0077,293.5813,-71.5623,79.7182,71.575,64.15,0.658,Waning Gibbous,
2003-06-19,18:11:00,10782.1611,Daylit,2.7885,293.6487,-71.3365,79.8981,71.5832,64.16,0.658,Waning Gibbous,
2003-06-19,18:12:00,10072.0894,Daylit,2.5693,293.7165,-71.1105,80.0745,71.5913,64.17,0.6579,Waning Gibbous,
2003-06-19,18:13:00,9352.0803,Daylit,2.3503,293.7847,-70.8845,80.2475,71.5995,64.18,0.6578,Waning Gibbous,
2003-06-19,18:14:00,8621.0407,Daylit,2.1314,293.8532,-70.6584,80.4173,71.6076,64.18,0.6578,Waning Gibbous,
2003-06-19,18:15:00,7877.6289,Daylit,1.9127,293.9221,-70.4321,80.5839,71.6157,64.19,0.6577,Waning Gibbous,
2003-06-19,18:16:00,7120.1637,Daylit,1.694,293.9914,-70.2057,80.7475,71.6239,64.2,0.6576,Waning Gibbous,
2003-06-19,18:17:00,6346.4822,Daylit,1.4755,294.061,-69.9793,80.9082,71.632,64.21,0.6576,Waning Gibbous,
2003-06-19,18:18:00,5553.7096,Daylit,1.257,294.1309,-69.7527,81.066,71.6402,64.21,0.6575,Waning Gibbous,
2003-06-19,18:19:00,4737.8548,Daylit,1.0387,294.2013,-69.526,81.2211,71.6483,64.22,0.6574,Waning Gibbous,
2003-06-19,18:20:00,3893.0375,Daylit,0.8205,294.272,-69.2993,81.3736,71.6565,64.23,0.6574,Waning Gibbous,
2003-06-19,18:21:00,3009.8039,Daylit,0.6025,294.3431,-69.0724,81.5234,71.6646,64.24,0.6573,Waning Gibbous,
2003-06-19,18:22:00,2070.6275,Daylit,0.3845,294.4145,-68.8455,81.6708,71.6727,64.24,0.6572,Waning Gibbous,
2003-06-19,18:23:00,1032.1822,Daylit,0.1667,294.4864,-68.6184,81.8158,71.6809,64.25,0.6572,Waning Gibbous,
2003-06-19,18:24:00,20.2267,Civil Twilight,-0.051,294.5586,-68.3913,81.9585,71.689,64.26,0.6571,Waning Gibbous,
2003-06-19,18:25:00,19.4869,Civil Twilight,-0.2685,294.6311,-68.1641,82.0989,71.6972,64.27,0.657,Waning Gibbous,
2003-06-19,18:26:00,18.7476,Civil Twilight,-0.486,294.7041,-67.9369,82.2371,71.7053,64.27,0.657,Waning Gibbous,
2003-06-19,18:27:00,18.0088,Civil Twilight,-0.7033,294.7774,-67.7095,82.3732,71.7135,64.28,0.6569,Waning Gibbous,
2003-06-19,18:28:00,17.2704,Civil Twilight,-0.9205,294.8512,-67.4821,82.5073,71.7216,64.29,0.6568,Waning Gibbous,
2003-06-19,18:29:00,16.5324,Civil Twilight,-1.1375,294.9253,-67.2546,82.6393,71.7297,64.3,0.6567,Waning Gibbous,
2003-06-19,18:30:00,15.7948,Civil Twilight,-1.3545,294.9998,-67.0271,82.7694,71.7379,64.31,0.6567,Waning Gibbous,
2003-06-19,18:31:00,15.0577,Civil Twilight,-1.5713,295.0747,-66.7994,82.8977,71.746,64.31,0.6566,Waning Gibbous,
2003-06-19,18:32:00,14.3211,Civil Twilight,-1.7879,295.15,-66.5717,83.0241,71.7542,64.32,0.6565,Waning Gibbous,
2003-06-19,18:33:00,13.5849,Civil Twilight,-2.0044,295.2256,-66.344,83.1488,71.7623,64.33,0.6565,Waning Gibbous,
2003-06-19,18:34:00,12.8492,Civil Twilight,-2.2208,295.3017,-66.1162,83.2717,71.7704,64.34,0.6564,Waning Gibbous,
2003-06-19,18:35:00,12.1139,Civil Twilight,-2.4371,295.3782,-65.8883,83.393,71.7786,64.34,0.6563,Waning Gibbous,
2003-06-19,18:36:00,11.3792,Civil Twilight,-2.6532,295.455,-65.6604,83.5127,71.7867,64.35,0.6563,Waning Gibbous,
2003-06-19,18:37:00,10.6448,Civil Twilight,-2.8692,295.5323,-65.4324,83.6307,71.7949,64.36,0.6562,Waning Gibbous,
2003-06-19,18:38:00,9.911,Civil Twilight,-3.085,295.61,-65.2043,83.7473,71.803,64.37,0.6561,Waning Gibbous,
2003-06-19,18:39:00,9.1776,Civil Twilight,-3.3007,295.6881,-64.9762,83.8624,71.8111,64.37,0.6561,Waning Gibbous,
2003-06-19,18:40:00,8.4447,Civil Twilight,-3.5163,295.7666,-64.7481,83.976,71.8193,64.38,0.656,Waning Gibbous,
2003-06-19,18:41:00,7.7123,Civil Twilight,-3.7317,295.8455,-64.5199,84.0882,71.8274,64.39,0.6559,Waning Gibbous,
2003-06-19,18:42:00,6.9804,Civil Twilight,-3.9469,295.9248,-64.2916,84.199,71.8355,64.4,0.6559,Waning Gibbous,
2003-06-19,18:43:00,6.249,Civil Twilight,-4.1621,296.0045,-64.0633,84.3085,71.8437,64.4,0.6558,Waning Gibbous,
2003-06-19,18:44:00,5.5181,Civil Twilight,-4.377,296.0846,-63.835,84.4168,71.8518,64.41,0.6557,Waning Gibbous,
2003-06-19,18:45:00,4.7877,Civil Twilight,-4.5919,296.1652,-63.6066,84.5237,71.86,64.42,0.6557,Waning Gibbous,
2003-06-19,18:46:00,4.0577,Civil Twilight,-4.8065,296.2462,-63.3781,84.6294,71.8681,64.43,0.6556,Waning Gibbous,
2003-06-19,18:47:00,3.3283,Civil Twilight,-5.0211,296.3276,-63.1497,84.734,71.8762,64.43,0.6555,Waning Gibbous,
2003-06-19,18:48:00,2.5995,Civil Twilight,-5.2355,296.4095,-62.9211,84.8373,71.8844,64.44,0.6555,Waning Gibbous,
2003-06-19,18:49:00,1.8711,Civil Twilight,-5.4497,296.4917,-62.6926,84.9395,71.8925,64.45,0.6554,Waning Gibbous,
2003-06-19,18:50:00,1.1432,Civil Twilight,-5.6638,296.5744,-62.464,85.0407,71.9006,64.46,0.6553,Waning Gibbous,
2003-06-19,18:51:00,0.4159,Civil Twilight,-5.8777,296.6576,-62.2353,85.1407,71.9088,64.46,0.6553,Waning Gibbous,
2003-06-19,18:52:00,0.5909,Nautical Twilight,-6.0914,296.7411,-62.0066,85.2397,71.9169,64.47,0.6552,Waning Gibbous,
2003-06-19,18:53:00,0.5695,Nautical Twilight,-6.305,296.8252,-61.7779,85.3376,71.9251,64.48,0.6551,Waning Gibbous,
2003-06-19,18:54:00,0.5482,Nautical Twilight,-6.5185,296.9096,-61.5491,85.4346,71.9332,64.49,0.6551,Waning Gibbous,
2003-06-19,18:55:00,0.5268,Nautical Twilight,-6.7318,296.9945,-61.3203,85.5306,71.9413,64.49,0.655,Waning Gibbous,
2003-06-19,18:56:00,0.5055,Nautical Twilight,-6.9449,297.0799,-61.0915,85.6256,71.9495,64.5,0.6549,Waning Gibbous,
2003-06-19,18:57:00,0.4842,Nautical Twilight,-7.1579,297.1657,-60.8626,85.7197,71.9576,64.51,0.6549,Waning Gibbous,
2003-06-19,18:58:00,0.4629,Nautical Twilight,-7.3707,297.2519,-60.6337,85.8129,71.9657,64.52,0.6548,Waning Gibbous,
2003-06-19,18:59:00,0.4417,Nautical Twilight,-7.5833,297.3386,-60.4048,85.9052,71.9739,64.52,0.6547,Waning Gibbous,
2003-06-19,19:00:00,0.4204,Nautical Twilight,-7.7957,297.4258,-60.1758,85.9967,71.982,64.53,0.6547,Waning Gibbous,
2003-06-19,19:01:00,0.3992,Nautical Twilight,-8.008,297.5134,-59.9468,86.0873,71.9901,64.54,0.6546,Waning Gibbous,
2003-06-19,19:02:00,0.378,Nautical Twilight,-8.2202,297.6015,-59.7178,86.1771,71.9983,64.55,0.6545,Waning Gibbous,
2003-06-19,19:03:00,0.3568,Nautical Twilight,-8.4321,297.69,-59.4887,86.2661,72.0064,64.55,0.6545,Waning Gibbous,
2003-06-19,19:04:00,0.3356,Nautical Twilight,-8.6439,297.779,-59.2596,86.3543,72.0145,64.56,0.6544,Waning Gibbous,
2003-06-19,19:05:00,0.3144,Nautical Twilight,-8.8555,297.8685,-59.0305,86.4417,72.0227,64.57,0.6543,Waning Gibbous,
2003-06-19,19:06:00,0.2933,Nautical Twilight,-9.067,297.9585,-58.8014,86.5284,72.0308,64.58,0.6543,Waning Gibbous,
2003-06-19,19:07:00,0.2722,Nautical Twilight,-9.2782,298.049,-58.5722,86.6144,72.0389,64.58,0.6542,Waning Gibbous,
2003-06-19,19:08:00,0.2511,Nautical Twilight,-9.4893,298.1399,-58.343,86.6997,72.0471,64.59,0.6541,Waning Gibbous,
2003-06-19,19:09:00,0.23,Nautical Twilight,-9.7002,298.2313,-58.1138,86.7842,72.0552,64.6,0.6541,Waning Gibbous,
2003-06-19,19:10:00,0.2089,Nautical Twilight,-9.9109,298.3232,-57.8845,86.8681,72.0633,64.61,0.654,Waning Gibbous,
2003-06-19,19:11:00,0.1879,Nautical Twilight,-10.1215,298.4156,-57.6552,86.9513,72.0715,64.61,0.6539,Waning Gibbous,
2003-06-19,19:12:00,0.1668,Nautical Twilight,-10.3318,298.5084,-57.4259,87.0339,72.0796,64.62,0.6538,Waning Gibbous,
2003-06-19,19:13:00,0.1458,Nautical Twilight,-10.542,298.6018,-57.1966,87.1158,72.0877,64.63,0.6538,Waning Gibbous,
2003-06-19,19:14:00,0.1248,Nautical Twilight,-10.752,298.6957,-56.9672,87.1971,72.0959,64.64,0.6537,Waning Gibbous,
2003-06-19,19:15:00,0.1038,Nautical Twilight,-10.9617,298.7901,-56.7379,87.2778,72.104,64.64,0.6536,Waning Gibbous,
2003-06-19,19:16:00,0.0829,Nautical Twilight,-11.1713,298.8849,-56.5085,87.3579,72.1121,64.65,0.6536,Waning Gibbous,
2003-06-19,19:17:00,0.0619,Nautical Twilight,-11.3808,298.9803,-56.279,87.4374,72.1203,64.66,0.6535,Waning Gibbous,
2003-06-19,19:18:00,0.041,Nautical Twilight,-11.59,299.0762,-56.0496,87.5164,72.1284,64.67,0.6534,Waning Gibbous,
2003-06-19,19:19:00,0.0201,Nautical Twilight,-11.799,299.1726,-55.8201,87.5948,72.1365,64.67,0.6534,Waning Gibbous,
2003-06-19,19:20:00,0.006,Astronomical Twilight,-12.0078,299.2695,-55.5906,87.6726,72.1447,64.68,0.6533,Waning Gibbous,
2003-06-19,19:21:00,0.0058,Astronomical Twilight,-12.2164,299.367,-55.3611,87.75,72.1528,64.69,0.6532,Waning Gibbous,
2003-06-19,19:22:00,0.0056,Astronomical Twilight,-12.4249,299.465,-55.1316,87.8268,72.1609,64.7,0.6532,Waning Gibbous,
2003-06-19,19:23:00,0.0054,Astronomical Twilight,-12.6331,299.5635,-54.902,87.9031,72.1691,64.71,0.6531,Waning Gibbous,
2003-06-19,19:24:00,0.0052,Astronomical Twilight,-12.8411,299.6625,-54.6725,87.9789,72.1772,64.71,0.653,Waning Gibbous,
2003-06-19,19:25:00,0.005,Astronomical Twilight,-13.0489,299.762,-54.4429,88.0542,72.1853,64.72,0.653,Waning Gibbous,
2003-06-19,19:26:00,0.0047,Astronomical Twilight,-13.2565,299.8621,-54.2133,88.129,72.1935,64.73,0.6529,Waning Gibbous,
2003-06-19,19:27:00,0.0045,Astronomical Twilight,-13.4639,299.9628,-53.9837,88.2034,72.2016,64.74,0.6528,Waning Gibbous,
2003-06-19,19:28:00,0.0043,Astronomical Twilight,-13.6711,300.064,-53.754,88.2773,72.2097,64.74,0.6528,Waning Gibbous,
2003-06-19,19:29:00,0.0041,Astronomical Twilight,-13.8781,300.1657,-53.5244,88.3507,72.2178,64.75,0.6527,Waning Gibbous,
2003-06-19,19:30:00,0.0039,Astronomical Twilight,-14.0848,300.268,-53.2947,88.4238,72.226,64.76,0.6526,Waning Gibbous,
2003-06-19,19:31:00,0.0037,Astronomical Twilight,-14.2914,300.3708,-53.065,88.4964,72.2341,64.77,0.6526,Waning Gibbous,
2003-06-19,19:32:00,0.0035,Astronomical Twilight,-14.4977,300.4742,-52.8353,88.5685,72.2422,64.77,0.6525,Waning Gibbous,
2003-06-19,19:33:00,0.0033,Astronomical Twilight,-14.7038,300.5782,-52.6055,88.6403,72.2504,64.78,0.6524,Waning Gibbous,
2003-06-19,19:34:00,0.0031,Astronomical Twilight,-14.9097,300.6827,-52.3758,88.7117,72.2585,64.79,0.6524,Waning Gibbous,
2003-06-19,19:35:00,0.0029,Astronomical Twilight,-15.1154,300.7878,-52.146,88.7827,72.2666,64.8,0.6523,Waning Gibbous,
2003-06-19,19:36:00,0.0027,Astronomical Twilight,-15.3208,300.8935,-51.9163,88.8532,72.2747,64.8,0.6522,Waning Gibbous,
2003-06-19,19:37:00,0.0025,Astronomical Twilight,-15.526,300.9997,-51.6865,88.9235,72.2829,64.81,0.6522,Waning Gibbous,
2003-06-19,19:38:00,0.0023,Astronomical Twilight,-15.731,301.1066,-51.4567,88.9933,72.291,64.82,0.6521,Waning Gibbous,
2003-06-19,19:39:00,0.0021,Astronomical Twilight,-15.9358,301.214,-51.2269,89.0628,72.2991,64.83,0.652,Waning Gibbous,
2003-06-19,19:40:00,0.0019,Astronomical Twilight,-16.1403,301.322,-50.997,89.1319,72.3073,64.83,0.652,Waning Gibbous,
2003-06-19,19:41:00,0.0017,Astronomical Twilight,-16.3445,301.4306,-50.7672,89.2007,72.3154,64.84,0.6519,Waning Gibbous,
2003-06-19,19:42:00,0.0015,Astronomical Twilight,-16.5486,301.5398,-50.5373,89.2691,72.3235,64.85,0.6518,Waning Gibbous,
2003-06-19,19:43:00,0.0012,Astronomical Twilight,-16.7524,301.6496,-50.3074,89.3372,72.3316,64.86,0.6518,Waning Gibbous,
2003-06-19,19:44:00,0.001,Astronomical Twilight,-16.956,301.76,-50.0776,89.405,72.3398,64.86,0.6517,Waning Gibbous,
2003-06-19,19:45:00,0.0008,Astronomical Twilight,-17.1593,301.871,-49.8477,89.4725,72.3479,64.87,0.6516,Waning Gibbous,
2003-06-19,19:46:00,0.0006,Astronomical Twilight,-17.3624,301.9826,-49.6177,89.5397,72.356,64.88,0.6516,Waning Gibbous,
2003-06-19,19:47:00,0.0004,Astronomical Twilight,-17.5652,302.0948,-49.3878,89.6065,72.3642,64.89,0.6515,Waning Gibbous,
2003-06-19,19:48:00,0.0002,Astronomical Twilight,-17.7678,302.2077,-49.1579,89.6731,72.3723,64.89,0.6514,Waning Gibbous,
2003-06-19,19:49:00,0.0,Astronomical Twilight,-17.9701,302.3212,-48.9279,89.7393,72.3804,64.9,0.6513,Waning Gibbous,
2003-06-19,19:50:00,0.0,Moonless Night,-18.1722,302.4353,-48.698,89.8053,72.3885,64.91,0.6513,Waning Gibbous,
2003-06-19,19:51:00,0.0,Moonless Night,-18.374,302.55,-48.468,89.871,72.3967,64.92,0.6512,Waning Gibbous,
2003-06-19,19:52:00,0.0,Moonless Night,-18.5755,302.6654,-48.238,89.9364,72.4048,64.92,0.6511,Waning Gibbous,
2003-06-19,19:53:00,0.0,Moonless Night,-18.7768,302.7814,-48.008,90.0015,72.4129,64.93,0.6511,Waning Gibbous,
2003-06-19,19:54:00,0.0,Moonless Night,-18.9779,302.8981,-47.778,90.0664,72.421,64.94,0.651,Waning Gibbous,
2003-06-19,19:55:00,0.0,Moonless Night,-19.1786,303.0154,-47.548,90.131,72.4292,64.95,0.6509,Waning Gibbous,
2003-06-19,19:56:00,0.0,Moonless Night,-19.3791,303.1334,-47.318,90.1954,72.4373,64.95,0.6509,Waning Gibbous,
2003-06-19,19:57:00,0.0,Moonless Night,-19.5794,303.252,-47.0879,90.2595,72.4454,64.96,0.6508,Waning Gibbous,
2003-06-19,19:58:00,0.0,Moonless Night,-19.7793,303.3713,-46.8579,90.3234,72.4535,64.97,0.6507,Waning Gibbous,
2003-06-19,19:59:00,0.0,Moonless Night,-19.979,303.4913,-46.6279,90.3871,72.4617,64.98,0.6507,Waning Gibbous,
2003-06-19,20:00:00,0.0,Moonless Night,-20.1784,303.612,-46.3978,90.4505,72.4698,64.98,0.6506,Waning Gibbous,
2003-06-20,17:00:00,51728.5294,Daylit,18.6397,289.6688,-77.7557,316.0048,82.5753,73.87,0.5646,Waning Gibbous,
2003-06-20,17:01:00,51225.4062,Daylit,18.4144,289.7141,-77.9107,316.8551,82.5832,73.87,0.5645,Waning Gibbous,
2003-06-20,17:02:00,50720.7731,Daylit,18.1892,289.7596,-78.0632,317.7265,82.5912,73.88,0.5645,Waning Gibbous,
2003-06-20,17:03:00,50214.6226,Daylit,17.964,289.8055,-78.213,318.6195,82.5991,73.89,0.5644,Waning Gibbous,
2003-06-20,17:04:00,49706.9471,Daylit,17.7389,289.8517,-78.3601,319.5345,82.607,73.89,0.5643,Waning Gibbous,
2003-06-20,17:05:00,49197.7385,Daylit,17.5139,289.8981,-78.5044,320.472,82.6149,73.9,0.5643,Waning Gibbous,
2003-06-20,17:06:00,48686.9884,Daylit,17.2889,289.9449,-78.6457,321.4323,82.6229,73.91,0.5642,Waning Gibbous,
2003-06-20,17:07:00,48174.6877,Daylit,17.064,289.9919,-78.7839,322.4159,82.6308,73.91,0.5641,Waning Gibbous,
2003-06-20,17:08:00,47660.8272,Daylit,16.8392,290.0392,-78.9189,323.4229,82.6387,73.92,0.5641,Waning Gibbous,
2003-06-20,17:09:00,47145.3972,Daylit,16.6144,290.0869,-79.0507,324.4538,82.6466,73.93,0.564,Waning Gibbous,
2003-06-20,17:10:00,46628.3873,Daylit,16.3898,290.1348,-79.179,325.5088,82.6545,73.93,0.5639,Waning Gibbous,
2003-06-20,17:11:00,46109.7868,Daylit,16.1651,290.183,-79.3037,326.588,82.6625,73.94,0.5639,Waning Gibbous,
2003-06-20,17:12:00,45589.5844,Daylit,15.9406,290.2315,-79.4248,327.6916,82.6704,73.95,0.5638,Waning Gibbous,
2003-06-20,17:13:00,45067.7683,Daylit,15.7161,290.2804,-79.5421,328.8198,82.6783,73.95,0.5637,Waning Gibbous,
2003-06-20,17:14:00,44544.3262,Daylit,15.4917,290.3295,-79.6554,329.9724,82.6862,73.96,0.5637,Waning Gibbous,
2003-06-20,17:15:00,44019.245,Daylit,15.2673,290.3789,-79.7647,331.1495,82.6941,73.97,0.5636,Waning Gibbous,
2003-06-20,17:16:00,43492.5113,Daylit,15.0431,290.4286,-79.8698,332.3509,82.7021,73.97,0.5635,Waning Gibbous,
2003-06-20,17:17:00,42964.1108,Daylit,14.8189,290.4786,-79.9706,333.5764,82.71,73.98,0.5634,Waning Gibbous,
2003-06-20,17:18:00,42434.0285,Daylit,14.5948,290.5289,-80.0669,334.8256,82.7179,73.99,0.5634,Waning Gibbous,
2003-06-20,17:19:00,41902.2489,Daylit,14.3707,290.5795,-80.1586,336.0981,82.7258,73.99,0.5633,Waning Gibbous,
2003-06-20,17:20:00,41368.7556,Daylit,14.1467,290.6304,-80.2456,337.3934,82.7337,74.0,0.5632,Waning Gibbous,
2003-06-20,17:21:00,40833.5314,Daylit,13.9228,290.6816,-80.3277,338.7109,82.7417,74.0,0.5632,Waning Gibbous,
2003-06-20,17:22:00,40296.5583,Daylit,13.699,290.7331,-80.4049,340.0497,82.7496,74.01,0.5631,Waning Gibbous,
2003-06-20,17:23:00,39757.8175,Daylit,13.4753,290.7849,-80.477,341.4091,82.7575,74.02,0.563,Waning Gibbous,
2003-06-20,17:24:00,39217.2891,Daylit,13.2516,290.837,-80.5439,342.7881,82.7654,74.02,0.563,Waning Gibbous,
2003-06-20,17:25:00,38674.9525,Daylit,13.028,290.8894,-80.6054,344.1856,82.7733,74.03,0.5629,Waning Gibbous,
2003-06-20,17:26:00,38130.7858,Daylit,12.8045,290.9421,-80.6616,345.6002,82.7813,74.04,0.5628,Waning Gibbous,
2003-06-20,17:27:00,37584.7662,Daylit,12.5811,290.9951,-80.7122,347.0309,82.7892,74.04,0.5628,Waning Gibbous,
2003-06-20,17:28:00,37036.8697,Daylit,12.3577,291.0485,-80.7571,348.476,82.7971,74.05,0.5627,Waning Gibbous,
2003-06-20,17:29:00,36487.0711,Daylit,12.1344,291.1021,-80.7964,349.9341,82.805,74.06,0.5626,Waning Gibbous,
2003-06-20,17:30:00,35935.344,Daylit,11.9113,291.156,-80.83,351.4036,82.8129,74.06,0.5626,Waning Gibbous,
2003-06-20,17:31:00,35381.6604,Daylit,11.6881,291.2102,-80.8576,352.8828,82.8209,74.07,0.5625,Waning Gibbous,
2003-06-20,17:32:00,34825.9911,Daylit,11.4651,291.2648,-80.8794,354.3698,82.8288,74.08,0.5624,Waning Gibbous,
2003-06-20,17:33:00,34268.3053,Daylit,11.2422,291.3196,-80.8953,355.8629,82.8367,74.08,0.5623,Waning Gibbous,
2003-06-20,17:34:00,33708.5705,Daylit,11.0193,291.3748,-80.9052,357.3601,82.8446,74.09,0.5623,Waning Gibbous,
2003-06-20,17:35:00,33146.7527,Daylit,10.7965,291.4303,-80.9091,358.8596,82.8525,74.1,0.5622,Waning Gibbous,
2003-06-20,17:36:00,32582.8159,Daylit,10.5738,291.4861,-80.907,0.3593,82.8604,74.1,0.5621,Waning Gibbous,
2003-06-20,17:37:00,32016.722,Daylit,10.3512,291.5422,-80.899,1.8575,82.8684,74.11,0.5621,Waning Gibbous,
2003-06-20,17:38:00,31448.431,Daylit,10.1287,291.5986,-80.8849,3.3521,82.8763,74.12,0.562,Waning Gibbous,
2003-06-20,17:39:00,30877.9006,Daylit,9.9063,291.6553,-80.865,4.8413,82.8842,74.12,0.5619,Waning Gibbous,
2003-06-20,17:40:00,30305.0862,Daylit,9.6839,291.7123,-80.8391,6.3232,82.8921,74.13,0.5619,Waning Gibbous,
2003-06-20,17:41:00,29729.9403,Daylit,9.4617,291.7697,-80.8073,7.796,82.9,74.14,0.5618,Waning Gibbous,
2003-06-20,17:42:00,29152.413,Daylit,9.2395,291.8274,-80.7698,9.2579,82.9079,74.14,0.5617,Waning Gibbous,
2003-06-20,17:43:00,28572.4511,Daylit,9.0174,291.8853,-80.7266,10.7074,82.9159,74.15,0.5617,Waning Gibbous,
2003-06-20,17:44:00,27989.9985,Daylit,8.7954,291.9436,-80.6777,12.1429,82.9238,74.16,0.5616,Waning Gibbous,
2003-06-20,17:45:00,27404.9952,Daylit,8.5735,292.0023,-80.6232,13.5629,82.9317,74.16,0.5615,Waning Gibbous,
2003-06-20,17:46:00,26817.3779,Daylit,8.3517,292.0612,-80.5633,14.966,82.9396,74.17,0.5615,Waning Gibbous,
2003-06-20,17:47:00,26227.0789,Daylit,8.13,292.1205,-80.498,16.3511,82.9475,74.17,0.5614,Waning Gibbous,
2003-06-20,17:48:00,25634.0261,Daylit,7.9084,292.1801,-80.4275,17.7169,82.9554,74.18,0.5613,Waning Gibbous,
2003-06-20,17:49:00,25038.1427,Daylit,7.6869,292.24,-80.3518,19.0624,82.9634,74.19,0.5613,Waning Gibbous,
2003-06-20,17:50:00,24439.3465,Daylit,7.4654,292.3002,-80.2711,20.3869,82.9713,74.19,0.5612,Waning Gibbous,
2003-06-20,17:51:00,23837.5496,Daylit,7.2441,292.3608,-80.1856,21.6894,82.9792,74.2,0.5611,Waning Gibbous,
2003-06-20,17:52:00,23232.6577,Daylit,7.0229,292.4217,-80.0952,22.9693,82.9871,74.21,0.561,Waning Gibbous,
2003-06-20,17:53:00,22624.5696,Daylit,6.8017,292.4829,-80.0003,24.226,82.995,74.21,0.561,Waning Gibbous,
2003-06-20,17:54:00,22013.1764,Daylit,6.5807,292.5445,-79.9008,25.4591,83.0029,74.22,0.5609,Waning Gibbous,
2003-06-20,17:55:00,21398.3607,Daylit,6.3597,292.6063,-79.7969,26.6682,83.0108,74.23,0.5608,Waning Gibbous,
2003-06-20,17:56:00,20779.9957,Daylit,6.1389,292.6686,-79.6888,27.8531,83.0188,74.23,0.5608,Waning Gibbous,
2003-06-20,17:57:00,20157.944,Daylit,5.9182,292.7311,-79.5766,29.0136,83.0267,74.24,0.5607,Waning Gibbous,
2003-06-20,17:58:00,19532.0565,Daylit,5.6975,292.794,-79.4605,30.1495,83.0346,74.25,0.5606,Waning Gibbous,
2003-06-20,17:59:00,18902.1708,Daylit,5.477,292.8572,-79.3404,31.2609,83.0425,74.25,0.5606,Waning Gibbous,
2003-06-20,18:00:00,18268.1098,Daylit,5.2565,292.9208,-79.2167,32.3479,83.0504,74.26,0.5605,Waning Gibbous,
2003-06-20,18:01:00,17629.6793,Daylit,5.0362,292.9847,-79.0893,33.4106,83.0583,74.27,0.5604,Waning Gibbous,
2003-06-20,18:02:00,16986.6661,Daylit,4.816,293.0489,-78.9585,34.4491,83.0662,74.27,0.5604,Waning Gibbous,
2003-06-20,18:03:00,16338.8348,Daylit,4.5958,293.1135,-78.8244,35.4636,83.0742,74.28,0.5603,Waning Gibbous,
2003-06-20,18:04:00,15685.9247,Daylit,4.3758,293.1784,-78.687,36.4546,83.0821,74.29,0.5602,Waning Gibbous,
2003-06-20,18:05:00,15027.6458,Daylit,4.1559,293.2437,-78.5464,37.4222,83.09,74.29,0.5602,Waning Gibbous,
2003-06-20,18:06:00,14363.6736,Daylit,3.9361,293.3093,-78.4029,38.3668,83.0979,74.3,0.5601,Waning Gibbous,
2003-06-20,18:07:00,13693.643,Daylit,3.7164,293.3752,-78.2565,39.2888,83.1058,74.31,0.56,Waning Gibbous,
2003-06-20,18:08:00,13017.1412,Daylit,3.4968,293.4415,-78.1074,40.1887,83.1137,74.31,0.5599,Waning Gibbous,
2003-06-20,18:09:00,12333.6974,Daylit,3.2774,293.5082,-77.9555,41.0668,83.1216,74.32,0.5599,Waning Gibbous,
2003-06-20,18:10:00,11642.7709,Daylit,3.058,293.5752,-77.801,41.9236,83.1295,74.32,0.5598,Waning Gibbous,
2003-06-20,18:11:00,10943.7349,Daylit,2.8387,293.6426,-77.6441,42.7595,83.1375,74.33,0.5597,Waning Gibbous,
2003-06-20,18:12:00,10235.8555,Daylit,2.6196,293.7103,-77.4848,43.5751,83.1454,74.34,0.5597,Waning Gibbous,
2003-06-20,18:13:00,9518.2629,Daylit,2.4006,293.7784,-77.3232,44.3708,83.1533,74.34,0.5596,Waning Gibbous,
2003-06-20,18:14:00,8789.9115,Daylit,2.1817,293.8468,-77.1593,45.147,83.1612,74.35,0.5595,Waning Gibbous,
2003-06-20,18:15:00,8049.5237,Daylit,1.9629,293.9156,-76.9933,45.9044,83.1691,74.36,0.5595,Waning Gibbous,
2003-06-20,18:16:00,7295.5069,Daylit,1.7442,293.9847,-76.8253,46.6432,83.177,74.36,0.5594,Waning Gibbous,
2003-06-20,18:17:00,6525.8257,Daylit,1.5257,294.0543,-76.6553,47.3641,83.1849,74.37,0.5593,Waning Gibbous,
2003-06-20,18:18:00,5737.7966,Daylit,1.3072,294.1242,-76.4834,48.0675,83.1928,74.38,0.5593,Waning Gibbous,
2003-06-20,18:19:00,4927.736,Daylit,1.0889,294.1944,-76.3097,48.754,83.2008,74.38,0.5592,Waning Gibbous,
2003-06-20,18:20:00,4090.3005,Daylit,0.8707,294.265,-76.1342,49.4238,83.2087,74.39,0.5591,Waning Gibbous,
2003-06-20,18:21:00,3217.0996,Daylit,0.6526,294.336,-75.957,50.0776,83.2166,74.4,0.5591,Waning Gibbous,
2003-06-20,18:22:00,2293.1936,Daylit,0.4347,294.4074,-75.7782,50.7158,83.2245,74.4,0.559,Waning Gibbous,
2003-06-20,18:23:00,1284.8641,Daylit,0.2168,294.4791,-75.5979,51.3388,83.2324,74.41,0.5589,Waning Gibbous,
2003-06-20,18:24:00,20.397,Civil Twilight,-0.0009,294.5512,-75.416,51.947,83.2403,74.42,0.5589,Waning Gibbous,
2003-06-20,18:25:00,19.6573,Civil Twilight,-0.2185,294.6237,-75.2326,52.541,83.2482,74.42,0.5588,Waning Gibbous,
2003-06-20,18:26:00,18.9179,Civil Twilight,-0.4359,294.6966,-75.0479,53.121,83.2561,74.43,0.5587,Waning Gibbous,
2003-06-20,18:27:00,18.179,Civil Twilight,-0.6532,294.7698,-74.8618,53.6876,83.264,74.44,0.5586,Waning Gibbous,
2003-06-20,18:28:00,17.4405,Civil Twilight,-0.8704,294.8435,-74.6744,54.2411,83.2719,74.44,0.5586,Waning Gibbous,
2003-06-20,18:29:00,16.7025,Civil Twilight,-1.0875,294.9175,-74.4857,54.7819,83.2799,74.45,0.5585,Waning Gibbous,
2003-06-20,18:30:00,15.9649,Civil Twilight,-1.3044,294.9919,-74.2958,55.3103,83.2878,74.45,0.5584,Waning Gibbous,
2003-06-20,18:31:00,15.2278,Civil Twilight,-1.5212,295.0667,-74.1048,55.8268,83.2957,74.46,0.5584,Waning Gibbous,
2003-06-20,18:32:00,14.4911,Civil Twilight,-1.7379,295.1419,-73.9126,56.3318,83.3036,74.47,0.5583,Waning Gibbous,
2003-06-20,18:33:00,13.7548,Civil Twilight,-1.9545,295.2175,-73.7194,56.8254,83.3115,74.47,0.5582,Waning Gibbous,
2003-06-20,18:34:00,13.0191,Civil Twilight,-2.1709,295.2934,-73.5251,57.3082,83.3194,74.48,0.5582,Waning Gibbous,
2003-06-20,18:35:00,12.2838,Civil Twilight,-2.3871,295.3698,-73.3298,57.7804,83.3273,74.49,0.5581,Waning Gibbous,
2003-06-20,18:36:00,11.5489,Civil Twilight,-2.6033,295.4466,-73.1335,58.2423,83.3352,74.49,0.558,Waning Gibbous,
2003-06-20,18:37:00,10.8145,Civil Twilight,-2.8193,295.5238,-72.9362,58.6942,83.3431,74.5,0.558,Waning Gibbous,
2003-06-20,18:38:00,10.0806,Civil Twilight,-3.0351,295.6013,-72.7381,59.1365,83.351,74.51,0.5579,Waning Gibbous,
2003-06-20,18:39:00,9.3472,Civil Twilight,-3.2508,295.6793,-72.5391,59.5694,83.3589,74.51,0.5578,Waning Gibbous,
2003-06-20,18:40:00,8.6142,Civil Twilight,-3.4664,295.7577,-72.3392,59.9932,83.3669,74.52,0.5578,Waning Gibbous,
2003-06-20,18:41:00,7.8818,Civil Twilight,-3.6818,295.8365,-72.1385,60.4082,83.3748,74.53,0.5577,Waning Gibbous,
2003-06-20,18:42:00,7.1498,Civil Twilight,-3.8971,295.9157,-71.937,60.8145,83.3827,74.53,0.5576,Waning Gibbous,
2003-06-20,18:43:00,6.4183,Civil Twilight,-4.1123,295.9954,-71.7348,61.2126,83.3906,74.54,0.5576,Waning Gibbous,
2003-06-20,18:44:00,5.6873,Civil Twilight,-4.3273,296.0754,-71.5318,61.6026,83.3985,74.55,0.5575,Waning Gibbous,
2003-06-20,18:45:00,4.9569,Civil Twilight,-4.5421,296.1559,-71.328,61.9847,83.4064,74.55,0.5574,Waning Gibbous,
2003-06-20,18:46:00,4.2269,Civil Twilight,-4.7568,296.2368,-71.1236,62.3593,83.4143,74.56,0.5573,Waning Gibbous,
2003-06-20,18:47:00,3.4974,Civil Twilight,-4.9713,296.3181,-70.9185,62.7264,83.4222,74.57,0.5573,Waning Gibbous,
2003-06-20,18:48:00,2.7685,Civil Twilight,-5.1857,296.3998,-70.7128,63.0864,83.4301,74.57,0.5572,Waning Gibbous,
2003-06-20,18:49:00,2.04,Civil Twilight,-5.4,296.482,-70.5064,63.4394,83.438,74.58,0.5571,Waning Gibbous,
2003-06-20,18:50:00,1.3121,Civil Twilight,-5.6141,296.5646,-70.2994,63.7856,83.4459,74.58,0.5571,Waning Gibbous,
2003-06-20,18:51:00,0.5847,Civil Twilight,-5.828,296.6476,-70.0918,64.1252,83.4538,74.59,0.557,Waning Gibbous,
2003-06-20,18:52:00,0.5958,Nautical Twilight,-6.0418,296.7311,-69.8836,64.4584,83.4617,74.6,0.5569,Waning Gibbous,
2003-06-20,18:53:00,0.5745,Nautical Twilight,-6.2554,296.815,-69.6749,64.7855,83.4696,74.6,0.5569,Waning Gibbous,
2003-06-20,18:54:00,0.5531,Nautical Twilight,-6.4689,296.8994,-69.4657,65.1064,83.4776,74.61,0.5568,Waning Gibbous,
2003-06-20,18:55:00,0.5318,Nautical Twilight,-6.6822,296.9842,-69.2559,65.4216,83.4855,74.62,0.5567,Waning Gibbous,
2003-06-20,18:56:00,0.5105,Nautical Twilight,-6.8953,297.0694,-69.0456,65.7309,83.4934,74.62,0.5567,Waning Gibbous,
2003-06-20,18:57:00,0.4892,Nautical Twilight,-7.1083,297.1551,-68.8348,66.0348,83.5013,74.63,0.5566,Waning Gibbous,
2003-06-20,18:58:00,0.4679,Nautical Twilight,-7.3212,297.2412,-68.6235,66.3332,83.5092,74.64,0.5565,Waning Gibbous,
2003-06-20,18:59:00,0.4466,Nautical Twilight,-7.5338,297.3278,-68.4118,66.6264,83.5171,74.64,0.5565,Waning Gibbous,
2003-06-20,19:00:00,0.4254,Nautical Twilight,-7.7463,297.4149,-68.1996,66.9145,83.525,74.65,0.5564,Waning Gibbous,
2003-06-20,19:01:00,0.4041,Nautical Twilight,-7.9586,297.5024,-67.987,67.1976,83.5329,74.66,0.5563,Waning Gibbous,
2003-06-20,19:02:00,0.3829,Nautical Twilight,-8.1708,297.5904,-67.7739,67.4759,83.5408,74.66,0.5562,Waning Gibbous,
2003-06-20,19:03:00,0.3617,Nautical Twilight,-8.3827,297.6788,-67.5604,67.7494,83.5487,74.67,0.5562,Waning Gibbous,
2003-06-20,19:04:00,0.3405,Nautical Twilight,-8.5945,297.7677,-67.3466,68.0184,83.5566,74.68,0.5561,Waning Gibbous,
2003-06-20,19:05:00,0.3194,Nautical Twilight,-8.8062,297.8571,-67.1323,68.2829,83.5645,74.68,0.556,Waning Gibbous,
2003-06-20,19:06:00,0.2982,Nautical Twilight,-9.0176,297.947,-66.9177,68.5431,83.5724,74.69,0.556,Waning Gibbous,
2003-06-20,19:07:00,0.2771,Nautical Twilight,-9.2289,298.0373,-66.7026,68.799,83.5803,74.69,0.5559,Waning Gibbous,
2003-06-20,19:08:00,0.256,Nautical Twilight,-9.44,298.1281,-66.4873,69.0508,83.5882,74.7,0.5558,Waning Gibbous,
2003-06-20,19:09:00,0.2349,Nautical Twilight,-9.651,298.2194,-66.2715,69.2986,83.5961,74.71,0.5558,Waning Gibbous,
2003-06-20,19:10:00,0.2138,Nautical Twilight,-9.8617,298.3112,-66.0555,69.5425,83.604,74.71,0.5557,Waning Gibbous,
2003-06-20,19:11:00,0.1928,Nautical Twilight,-10.0723,298.4035,-65.8391,69.7826,83.6119,74.72,0.5556,Waning Gibbous,
2003-06-20,19:12:00,0.1717,Nautical Twilight,-10.2826,298.4962,-65.6223,70.0189,83.6198,74.73,0.5556,Waning Gibbous,
2003-06-20,19:13:00,0.1507,Nautical Twilight,-10.4928,298.5895,-65.4053,70.2516,83.6277,74.73,0.5555,Waning Gibbous,
2003-06-20,19:14:00,0.1297,Nautical Twilight,-10.7028,298.6833,-65.1879,70.4808,83.6356,74.74,0.5554,Waning Gibbous,
2003-06-20,19:15:00,0.1087,Nautical Twilight,-10.9127,298.7775,-64.9703,70.7065,83.6436,74.75,0.5554,Waning Gibbous,
2003-06-20,19:16:00,0.0878,Nautical Twilight,-11.1223,298.8723,-64.7523,70.9289,83.6515,74.75,0.5553,Waning Gibbous,
2003-06-20,19:17:00,0.0668,Nautical Twilight,-11.3317,298.9675,-64.5341,71.148,83.6594,74.76,0.5552,Waning Gibbous,
2003-06-20,19:18:00,0.0459,Nautical Twilight,-11.541,299.0633,-64.3156,71.3639,83.6673,74.77,0.5552,Waning Gibbous,
2003-06-20,19:19:00,0.025,Nautical Twilight,-11.75,299.1596,-64.0968,71.5767,83.6752,74.77,0.5551,Waning Gibbous,
2003-06-20,19:20:00,0.0041,Nautical Twilight,-11.9589,299.2564,-63.8778,71.7865,83.6831,74.78,0.555,Waning Gibbous,
2003-06-20,19:21:00,0.0058,Astronomical Twilight,-12.1675,299.3537,-63.6585,71.9932,83.691,74.78,0.5549,Waning Gibbous,
2003-06-20,19:22:00,0.0056,Astronomical Twilight,-12.376,299.4516,-63.4389,72.1971,83.6989,74.79,0.5549,Waning Gibbous,
2003-06-20,19:23:00,0.0054,Astronomical Twilight,-12.5842,299.55,-63.2191,72.3981,83.7068,74.8,0.5548,Waning Gibbous,
2003-06-20,19:24:00,0.0052,Astronomical Twilight,-12.7923,299.6489,-62.9991,72.5964,83.7147,74.8,0.5547,Waning Gibbous,
2003-06-20,19:25:00,0.005,Astronomical Twilight,-13.0001,299.7483,-62.7788,72.792,83.7226,74.81,0.5547,Waning Gibbous,
2003-06-20,19:26:00,0.0048,Astronomical Twilight,-13.2078,299.8483,-62.5584,72.9849,83.7305,74.82,0.5546,Waning Gibbous,
2003-06-20,19:27:00,0.0046,Astronomical Twilight,-13.4152,299.9488,-62.3376,73.1752,83.7384,74.82,0.5545,Waning Gibbous,
2003-06-20,19:28:00,0.0044,Astronomical Twilight,-13.6224,300.0499,-62.1167,73.3631,83.7463,74.83,0.5545,Waning Gibbous,
2003-06-20,19:29:00,0.0042,Astronomical Twilight,-13.8294,300.1515,-61.8956,73.5485,83.7542,74.84,0.5544,Waning Gibbous,
2003-06-20,19:30:00,0.004,Astronomical Twilight,-14.0362,300.2536,-61.6742,73.7314,83.7621,74.84,0.5543,Waning Gibbous,
2003-06-20,19:31:00,0.0038,Astronomical Twilight,-14.2428,300.3564,-61.4526,73.9121,83.77,74.85,0.5543,Waning Gibbous,
2003-06-20,19:32:00,0.0036,Astronomical Twilight,-14.4491,300.4596,-61.2309,74.0904,83.7779,74.86,0.5542,Waning Gibbous,
2003-06-20,19:33:00,0.0033,Astronomical Twilight,-14.6553,300.5635,-61.0089,74.2665,83.7858,74.86,0.5541,Waning Gibbous,
2003-06-20,19:34:00,0.0031,Astronomical Twilight,-14.8612,300.6679,-60.7868,74.4404,83.7937,74.87,0.5541,Waning Gibbous,
2003-06-20,19:35:00,0.0029,Astronomical Twilight,-15.0669,300.7728,-60.5645,74.6121,83.8016,74.88,0.554,Waning Gibbous,
2003-06-20,19:36:00,0.0027,Astronomical Twilight,-15.2724,300.8784,-60.342,74.7818,83.8095,74.88,0.5539,Waning Gibbous,
2003-06-20,19:37:00,0.0025,Astronomical Twilight,-15.4776,300.9845,-60.1193,74.9494,83.8174,74.89,0.5538,Waning Gibbous,
2003-06-20,19:38:00,0.0023,Astronomical Twilight,-15.6826,301.0912,-59.8964,75.115,83.8253,74.89,0.5538,Waning Gibbous,
2003-06-20,19:39:00,0.0021,Astronomical Twilight,-15.8874,301.1985,-59.6734,75.2786,83.8332,74.9,0.5537,Waning Gibbous,
2003-06-20,19:40:00,0.0019,Astronomical Twilight,-16.092,301.3063,-59.4502,75.4403,83.8411,74.91,0.5536,Waning Gibbous,
2003-06-20,19:41:00,0.0017,Astronomical Twilight,-16.2963,301.4148,-59.2268,75.6001,83.849,74.91,0.5536,Waning Gibbous,
2003-06-20,19:42:00,0.0015,Astronomical Twilight,-16.5004,301.5239,-59.0033,75.7581,83.8569,74.92,0.5535,Waning Gibbous,
2003-06-20,19:43:00,0.0013,Astronomical Twilight,-16.7042,301.6335,-58.7797,75.9143,83.8648,74.93,0.5534,Waning Gibbous,
2003-06-20,19:44:00,0.0011,Astronomical Twilight,-16.9078,301.7438,-58.5558,76.0687,83.8727,74.93,0.5534,Waning Gibbous,
2003-06-20,19:45:00,0.0009,Astronomical Twilight,-17.1112,301.8546,-58.3319,76.2214,83.8806,74.94,0.5533,Waning Gibbous,
2003-06-20,19:46:00,0.0007,Astronomical Twilight,-17.3143,301.9661,-58.1077,76.3724,83.8885,74.95,0.5532,Waning Gibbous,
2003-06-20,19:47:00,0.0005,Astronomical Twilight,-17.5172,302.0782,-57.8835,76.5217,83.8964,74.95,0.5532,Waning Gibbous,
2003-06-20,19:48:00,0.0003,Astronomical Twilight,-17.7198,302.1909,-57.6591,76.6695,83.9043,74.96,0.5531,Waning Gibbous,
2003-06-20,19:49:00,0.0001,Astronomical Twilight,-17.9221,302.3043,-57.4345,76.8156,83.9122,74.97,0.553,Waning Gibbous,
2003-06-20,19:50:00,0.0,Moonless Night,-18.1242,302.4183,-57.2098,76.9602,83.9201,74.97,0.553,Waning Gibbous,
2003-06-20,19:51:00,0.0,Moonless Night,-18.3261,302.5329,-56.985,77.1032,83.928,74.98,0.5529,Waning Gibbous,
2003-06-20,19:52:00,0.0,Moonless Night,-18.5277,302.6481,-56.7601,77.2448,83.9359,74.98,0.5528,Waning Gibbous,
2003-06-20,19:53:00,0.0,Moonless Night,-18.729,302.764,-56.535,77.3849,83.9438,74.99,0.5528,Waning Gibbous,
2003-06-20,19:54:00,0.0,Moonless Night,-18.9301,302.8805,-56.3098,77.5236,83.9517,75.0,0.5527,Waning Gibbous,
2003-06-20,19:55:00,0.0,Moonless Night,-19.1309,302.9977,-56.0845,77.6609,83.9596,75.0,0.5526,Waning Gibbous,
2003-06-20,19:56:00,0.0,Moonless Night,-19.3315,303.1155,-55.8591,77.7967,83.9675,75.01,0.5525,Waning Gibbous,
2003-06-20,19:57:00,0.0,Moonless Night,-19.5317,303.234,-55.6335,77.9313,83.9754,75.02,0.5525,Waning Gibbous,
2003-06-20,19:58:00,0.0,Moonless Night,-19.7317,303.3531,-55.4079,78.0645,83.9833,75.02,0.5524,Waning Gibbous,
2003-06-20,19:59:00,0.0,Moonless Night,-19.9315,303.473,-55.1821,78.1964,83.9912,75.03,0.5523,Waning Gibbous,
2003-06-20,20:00:00,0.0,Moonless Night,-20.1309,303.5934,-54.9562,78.3271,83.9991,75.04,0.5523,Waning Gibbous,
2003-06-21,17:00:00,51838.7577,Daylit,18.6891,289.6614,-66.9299,306.1455,93.8471,82.45,0.4665,Waxing Gibbous,
2003-06-21,17:01:00,51335.971,Daylit,18.4638,289.7066,-67.1124,306.5428,93.8548,82.45,0.4664,Waxing Gibbous,
2003-06-21,17:02:00,50831.6758,Daylit,18.2386,289.7521,-67.2938,306.9461,93.8626,82.46,0.4663,Waxing Gibbous,
2003-06-21,17:03:00,50325.865,Daylit,18.0134,289.7979,-67.4742,307.3554,93.8703,82.47,0.4663,Waxing Gibbous,
2003-06-21,17:04:00,49818.5309,Daylit,17.7883,289.844,-67.6536,307.7708,93.878,82.47,0.4662,Waxing Gibbous,
2003-06-21,17:05:00,49309.6656,Daylit,17.5633,289.8904,-67.832,308.1925,93.8858,82.48,0.4661,Waxing Gibbous,
2003-06-21,17:06:00,48799.2605,Daylit,17.3383,289.9371,-68.0093,308.6206,93.8935,82.48,0.466,Waxing Gibbous,
2003-06-21,17:07:00,48287.3071,Daylit,17.1134,289.984,-68.1855,309.0552,93.9013,82.49,0.466,Waxing Gibbous,
2003-06-21,17:08:00,47773.7958,Daylit,16.8886,290.0313,-68.3606,309.4964,93.909,82.49,0.4659,Waxing Gibbous,
2003-06-21,17:09:00,47258.7172,Daylit,16.6638,290.0789,-68.5345,309.9444,93.9168,82.5,0.4658,Waxing Gibbous,
2003-06-21,17:10:00,46742.0611,Daylit,16.4391,290.1267,-68.7072,310.3991,93.9245,82.5,0.4658,Waxing Gibbous,
2003-06-21,17:11:00,46223.8168,Daylit,16.2145,290.1749,-68.8787,310.8609,93.9322,82.51,0.4657,Waxing Gibbous,
2003-06-21,17:12:00,45703.9731,Daylit,15.9899,290.2233,-69.049,311.3297,93.94,82.51,0.4656,Waxing Gibbous,
2003-06-21,17:13:00,45182.5184,Daylit,15.7654,290.2721,-69.218,311.8058,93.9477,82.52,0.4656,Waxing Gibbous,
2003-06-21,17:14:00,44659.4405,Daylit,15.541,290.3211,-69.3857,312.2892,93.9555,82.52,0.4655,Waxing Gibbous,
2003-06-21,17:15:00,44134.7264,Daylit,15.3166,290.3704,-69.5521,312.78,93.9632,82.53,0.4654,Waxing Gibbous,
2003-06-21,17:16:00,43608.3629,Daylit,15.0923,290.4201,-69.7171,313.2784,93.9709,82.53,0.4654,Waxing Gibbous,
2003-06-21,17:17:00,43080.3357,Daylit,14.8681,290.47,-69.8807,313.7845,93.9787,82.54,0.4653,Waxing Gibbous,
2003-06-21,17:18:00,42550.6301,Daylit,14.644,290.5202,-70.0429,314.2985,93.9864,82.54,0.4652,Waxing Gibbous,
2003-06-21,17:19:00,42019.2307,Daylit,14.4199,290.5708,-70.2036,314.8204,93.9942,82.55,0.4652,Waxing Gibbous,
2003-06-21,17:20:00,41486.1213,Daylit,14.1959,290.6216,-70.3628,315.3503,94.0019,82.56,0.4651,Waxing Gibbous,
2003-06-21,17:21:00,40951.2848,Daylit,13.972,290.6727,-70.5204,315.8884,94.0096,82.56,0.465,Waxing Gibbous,
2003-06-21,17:22:00,40414.7035,Daylit,13.7482,290.7241,-70.6765,316.4349,94.0174,82.57,0.465,Waxing Gibbous,
2003-06-21,17:23:00,39876.3588,Daylit,13.5244,290.7759,-70.8309,316.9897,94.0251,82.57,0.4649,Waxing Gibbous,
2003-06-21,17:24:00,39336.2309,Daylit,13.3008,290.8279,-70.9837,317.5531,94.0329,82.58,0.4648,Waxing Gibbous,
2003-06-21,17:25:00,38794.2994,Daylit,13.0772,290.8802,-71.1348,318.1251,94.0406,82.58,0.4648,Waxing Gibbous,
2003-06-21,17:26:00,38250.5428,Daylit,12.8536,290.9329,-71.2841,318.7059,94.0483,82.59,0.4647,Waxing Gibbous,
2003-06-21,17:27:00,37704.9384,Daylit,12.6302,290.9858,-71.4317,319.2955,94.0561,82.59,0.4646,Waxing Gibbous,
2003-06-21,17:28:00,37157.4626,Daylit,12.4068,291.0391,-71.5774,319.8941,94.0638,82.6,0.4646,Waxing Gibbous,
2003-06-21,17:29:00,36608.0902,Daylit,12.1835,291.0926,-71.7213,320.5018,94.0716,82.6,0.4645,Waxing Gibbous,
2003-06-21,17:30:00,36056.7953,Daylit,11.9603,291.1465,-71.8632,321.1186,94.0793,82.61,0.4644,Waxing Gibbous,
2003-06-21,17:31:00,35503.5502,Daylit,11.7372,291.2006,-72.0032,321.7447,94.087,82.61,0.4644,Waxing Gibbous,
2003-06-21,17:32:00,34948.326,Daylit,11.5141,291.2551,-72.1412,322.3801,94.0948,82.62,0.4643,Waxing Gibbous,
2003-06-21,17:33:00,34391.0922,Daylit,11.2912,291.3099,-72.2771,323.0249,94.1025,82.62,0.4642,Waxing Gibbous,
2003-06-21,17:34:00,33831.8168,Daylit,11.0683,291.365,-72.4109,323.6792,94.1102,82.63,0.4642,Waxing Gibbous,
2003-06-21,17:35:00,33270.466,Daylit,10.8455,291.4204,-72.5426,324.343,94.118,82.64,0.4641,Waxing Gibbous,
2003-06-21,17:36:00,32707.0042,Daylit,10.6228,291.4761,-72.6721,325.0164,94.1257,82.64,0.464,Waxing Gibbous,
2003-06-21,17:37:00,32141.394,Daylit,10.4002,291.5321,-72.7993,325.6995,94.1335,82.65,0.464,Waxing Gibbous,
2003-06-21,17:38:00,31573.5957,Daylit,10.1776,291.5884,-72.9243,326.3924,94.1412,82.65,0.4639,Waxing Gibbous,
2003-06-21,17:39:00,31003.5676,Daylit,9.9552,291.6451,-73.0468,327.0949,94.1489,82.66,0.4638,Waxing Gibbous,
2003-06-21,17:40:00,30431.2654,Daylit,9.7328,291.702,-73.167,327.8072,94.1567,82.66,0.4638,Waxing Gibbous,
2003-06-21,17:41:00,29856.6425,Daylit,9.5105,291.7593,-73.2848,328.5292,94.1644,82.67,0.4637,Waxing Gibbous,
2003-06-21,17:42:00,29279.6495,Daylit,9.2884,291.8169,-73.4,329.2611,94.1722,82.67,0.4636,Waxing Gibbous,
2003-06-21,17:43:00,28700.2339,Daylit,9.0663,291.8748,-73.5127,330.0026,94.1799,82.68,0.4636,Waxing Gibbous,
2003-06-21,17:44:00,28118.3401,Daylit,8.8443,291.933,-73.6227,330.7539,94.1876,82.68,0.4635,Waxing Gibbous,
2003-06-21,17:45:00,27533.9094,Daylit,8.6223,291.9916,-73.7301,331.5149,94.1954,82.69,0.4634,Waxing Gibbous,
2003-06-21,17:46:00,26946.8788,Daylit,8.4005,292.0505,-73.8348,332.2856,94.2031,82.69,0.4634,Waxing Gibbous,
2003-06-21,17:47:00,26357.1819,Daylit,8.1788,292.1097,-73.9367,333.0658,94.2108,82.7,0.4633,Waxing Gibbous,
2003-06-21,17:48:00,25764.7475,Daylit,7.9571,292.1692,-74.0358,333.8555,94.2186,82.7,0.4632,Waxing Gibbous,
2003-06-21,17:49:00,25169.4998,Daylit,7.7356,292.229,-74.1321,334.6546,94.2263,82.71,0.4632,Waxing Gibbous,
2003-06-21,17:50:00,24571.358,Daylit,7.5142,292.2892,-74.2254,335.463,94.2341,82.71,0.4631,Waxing Gibbous,
2003-06-21,17:51:00,23970.2353,Daylit,7.2928,292.3497,-74.3157,336.2806,94.2418,82.72,0.463,Waxing Gibbous,
2003-06-21,17:52:00,23366.0391,Daylit,7.0715,292.4105,-74.403,337.1071,94.2495,82.73,0.4629,Waxing Gibbous,
2003-06-21,17:53:00,22758.6696,Daylit,6.8504,292.4716,-74.4872,337.9425,94.2573,82.73,0.4629,Waxing Gibbous,
2003-06-21,17:54:00,22148.0197,Daylit,6.6293,292.5331,-74.5683,338.7866,94.265,82.74,0.4628,Waxing Gibbous,
2003-06-21,17:55:00,21533.974,Daylit,6.4084,292.5949,-74.6461,339.6392,94.2727,82.74,0.4627,Waxing Gibbous,
2003-06-21,17:56:00,20916.4078,Daylit,6.1875,292.657,-74.7208,340.5,94.2805,82.75,0.4627,Waxing Gibbous,
2003-06-21,17:57:00,20295.1861,Daylit,5.9667,292.7195,-74.7922,341.3689,94.2882,82.75,0.4626,Waxing Gibbous,
2003-06-21,17:58:00,19670.1626,Daylit,5.7461,292.7823,-74.8602,342.2455,94.2959,82.76,0.4625,Waxing Gibbous,
2003-06-21,17:59:00,19041.178,Daylit,5.5255,292.8454,-74.9249,343.1296,94.3037,82.76,0.4625,Waxing Gibbous,
2003-06-21,18:00:00,18408.0584,Daylit,5.305,292.9089,-74.9862,344.0209,94.3114,82.77,0.4624,Waxing Gibbous,
2003-06-21,18:01:00,17770.6138,Daylit,5.0847,292.9727,-75.044,344.919,94.3191,82.77,0.4623,Waxing Gibbous,
2003-06-21,18:02:00,17128.6353,Daylit,4.8644,293.0369,-75.0983,345.8238,94.3269,82.78,0.4623,Waxing Gibbous,
2003-06-21,18:03:00,16481.8926,Daylit,4.6443,293.1014,-75.1491,346.7348,94.3346,82.78,0.4622,Waxing Gibbous,
2003-06-21,18:04:00,15830.131,Daylit,4.4243,293.1662,-75.1963,347.6516,94.3424,82.79,0.4621,Waxing Gibbous,
2003-06-21,18:05:00,15173.0673,Daylit,4.2043,293.2314,-75.2399,348.5739,94.3501,82.79,0.4621,Waxing Gibbous,
2003-06-21,18:06:00,14510.385,Daylit,3.9845,293.2969,-75.2799,349.5013,94.3578,82.8,0.462,Waxing Gibbous,
2003-06-21,18:07:00,13841.7287,Daylit,3.7648,293.3628,-75.3162,350.4334,94.3656,82.8,0.4619,Waxing Gibbous,
2003-06-21,18:08:00,13166.6968,Daylit,3.5452,293.429,-75.3488,351.3698,94.3733,82.81,0.4619,Waxing Gibbous,
2003-06-21,18:09:00,12484.8322,Daylit,3.3257,293.4956,-75.3777,352.31,94.381,82.82,0.4618,Waxing Gibbous,
2003-06-21,18:10:00,11795.6109,Daylit,3.1063,293.5625,-75.4028,353.2536,94.3888,82.82,0.4617,Waxing Gibbous,
2003-06-21,18:11:00,11098.4266,Daylit,2.887,293.6298,-75.4242,354.2001,94.3965,82.83,0.4617,Waxing Gibbous,
2003-06-21,18:12:00,10392.5713,Daylit,2.6679,293.6975,-75.4418,355.1491,94.4042,82.83,0.4616,Waxing Gibbous,
2003-06-21,18:13:00,9677.208,Daylit,2.4488,293.7655,-75.4556,356.1001,94.412,82.84,0.4615,Waxing Gibbous,
2003-06-21,18:14:00,8951.3339,Daylit,2.2299,293.8338,-75.4657,357.0526,94.4197,82.84,0.4615,Waxing Gibbous,
2003-06-21,18:15:00,8213.7289,Daylit,2.0111,293.9025,-75.4719,358.0061,94.4274,82.85,0.4614,Waxing Gibbous,
2003-06-21,18:16:00,7462.8785,Daylit,1.7924,293.9716,-75.4742,358.9602,94.4352,82.85,0.4613,Waxing Gibbous,
2003-06-21,18:17:00,6696.8592,Daylit,1.5738,294.041,-75.4728,359.9143,94.4429,82.86,0.4613,Waxing Gibbous,
2003-06-21,18:18:00,5913.1539,Daylit,1.3553,294.1108,-75.4676,0.8681,94.4506,82.86,0.4612,Waxing Gibbous,
2003-06-21,18:19:00,5108.3415,Daylit,1.137,294.181,-75.4585,1.8209,94.4584,82.87,0.4611,Waxing Gibbous,
2003-06-21,18:20:00,4277.5275,Daylit,0.9188,294.2515,-75.4456,2.7723,94.4661,82.87,0.4611,Waxing Gibbous,
2003-06-21,18:21:00,3413.1809,Daylit,0.7007,294.3224,-75.429,3.7219,94.4738,82.88,0.461,Waxing Gibbous,
2003-06-21,18:22:00,2502.3374,Daylit,0.4827,294.3937,-75.4085,4.6691,94.4816,82.88,0.4609,Waxing Gibbous,
2003-06-21,18:23:00,1517.7017,Daylit,0.2648,294.4653,-75.3843,5.6135,94.4893,82.89,0.4609,Waxing Gibbous,
2003-06-21,18:24:00,360.1263,Daylit,0.0471,294.5374,-75.3564,6.5546,94.497,82.89,0.4608,Waxing Gibbous,
2003-06-21,18:25:00,19.8203,Civil Twilight,-0.1705,294.6098,-75.3247,7.492,94.5048,82.9,0.4607,Waxing Gibbous,
2003-06-21,18:26:00,19.0808,Civil Twilight,-0.388,294.6826,-75.2893,8.4252,94.5125,82.9,0.4607,Waxing Gibbous,
2003-06-21,18:27:00,18.3418,Civil Twilight,-0.6053,294.7557,-75.2502,9.3539,94.5202,82.91,0.4606,Waxing Gibbous,
2003-06-21,18:28:00,17.6033,Civil Twilight,-0.8226,294.8293,-75.2075,10.2776,94.528,82.92,0.4605,Waxing Gibbous,
2003-06-21,18:29:00,16.8651,Civil Twilight,-1.0397,294.9032,-75.1612,11.1959,94.5357,82.92,0.4605,Waxing Gibbous,
2003-06-21,18:30:00,16.1275,Civil Twilight,-1.2566,294.9775,-75.1113,12.1084,94.5434,82.93,0.4604,Waxing Gibbous,
2003-06-21,18:31:00,15.3902,Civil Twilight,-1.4735,295.0522,-75.0578,13.0148,94.5512,82.93,0.4603,Waxing Gibbous,
2003-06-21,18:32:00,14.6534,Civil Twilight,-1.6902,295.1273,-75.0008,13.9147,94.5589,82.94,0.4603,Waxing Gibbous,
2003-06-21,18:33:00,13.9171,Civil Twilight,-1.9067,295.2028,-74.9404,14.8079,94.5666,82.94,0.4602,Waxing Gibbous,
2003-06-21,18:34:00,13.1812,Civil Twilight,-2.1232,295.2787,-74.8765,15.6938,94.5744,82.95,0.4601,Waxing Gibbous,
2003-06-21,18:35:00,12.4458,Civil Twilight,-2.3395,295.355,-74.8093,16.5724,94.5821,82.95,0.4601,Waxing Gibbous,
2003-06-21,18:36:00,11.7109,Civil Twilight,-2.5556,295.4317,-74.7387,17.4433,94.5898,82.96,0.46,Waxing Gibbous,
2003-06-21,18:37:00,10.9764,Civil Twilight,-2.7716,295.5087,-74.6648,18.3062,94.5976,82.96,0.4599,Waxing Gibbous,
2003-06-21,18:38:00,10.2424,Civil Twilight,-2.9875,295.5862,-74.5877,19.1609,94.6053,82.97,0.4599,Waxing Gibbous,
2003-06-21,18:39:00,9.5089,Civil Twilight,-3.2033,295.6641,-74.5074,20.0071,94.613,82.97,0.4598,Waxing Gibbous,
2003-06-21,18:40:00,8.7758,Civil Twilight,-3.4189,295.7424,-74.4239,20.8448,94.6208,82.98,0.4597,Waxing Gibbous,
2003-06-21,18:41:00,8.0433,Civil Twilight,-3.6343,295.8211,-74.3373,21.6736,94.6285,82.98,0.4597,Waxing Gibbous,
2003-06-21,18:42:00,7.3112,Civil Twilight,-3.8496,295.9002,-74.2477,22.4935,94.6362,82.99,0.4596,Waxing Gibbous,
2003-06-21,18:43:00,6.5796,Civil Twilight,-4.0648,295.9798,-74.1551,23.3042,94.644,82.99,0.4595,Waxing Gibbous,
2003-06-21,18:44:00,5.8485,Civil Twilight,-4.2798,296.0597,-74.0595,24.1057,94.6517,83.0,0.4595,Waxing Gibbous,
2003-06-21,18:45:00,5.1179,Civil Twilight,-4.4947,296.1401,-73.961,24.8978,94.6594,83.0,0.4594,Waxing Gibbous,
2003-06-21,18:46:00,4.3879,Civil Twilight,-4.7095,296.2209,-73.8597,25.6804,94.6672,83.01,0.4593,Waxing Gibbous,
2003-06-21,18:47:00,3.6583,Civil Twilight,-4.924,296.3021,-73.7557,26.4534,94.6749,83.01,0.4592,Waxing Gibbous,
2003-06-21,18:48:00,2.9292,Civil Twilight,-5.1385,296.3837,-73.6489,27.2168,94.6826,83.02,0.4592,Waxing Gibbous,
2003-06-21,18:49:00,2.2007,Civil Twilight,-5.3527,296.4658,-73.5394,27.9705,94.6903,83.03,0.4591,Waxing Gibbous,
2003-06-21,18:50:00,1.4726,Civil Twilight,-5.5669,296.5483,-73.4272,28.7145,94.6981,83.03,0.459,Waxing Gibbous,
2003-06-21,18:51:00,0.7452,Civil Twilight,-5.7808,296.6313,-73.3125,29.4488,94.7058,83.04,0.459,Waxing Gibbous,
2003-06-21,18:52:00,0.0182,Civil Twilight,-5.9947,296.7146,-73.1953,30.1732,94.7135,83.04,0.4589,Waxing Gibbous,
2003-06-21,18:53:00,0.5792,Nautical Twilight,-6.2083,296.7984,-73.0756,30.8879,94.7213,83.05,0.4588,Waxing Gibbous,
2003-06-21,18:54:00,0.5578,Nautical Twilight,-6.4218,296.8827,-72.9535,31.5928,94.729,83.05,0.4588,Waxing Gibbous,
2003-06-21,18:55:00,0.5365,Nautical Twilight,-6.6351,296.9674,-72.8291,32.2879,94.7367,83.06,0.4587,Waxing Gibbous,
2003-06-21,18:56:00,0.5152,Nautical Twilight,-6.8483,297.0525,-72.7023,32.9734,94.7445,83.06,0.4586,Waxing Gibbous,
2003-06-21,18:57:00,0.4939,Nautical Twilight,-7.0613,297.1381,-72.5732,33.6491,94.7522,83.07,0.4586,Waxing Gibbous,
2003-06-21,18:58:00,0.4726,Nautical Twilight,-7.2742,297.2241,-72.442,34.3152,94.7599,83.07,0.4585,Waxing Gibbous,
2003-06-21,18:59:00,0.4513,Nautical Twilight,-7.4869,297.3106,-72.3085,34.9718,94.7676,83.08,0.4584,Waxing Gibbous,
2003-06-21,19:00:00,0.4301,Nautical Twilight,-7.6994,297.3976,-72.173,35.6188,94.7754,83.08,0.4584,Waxing Gibbous,
2003-06-21,19:01:00,0.4088,Nautical Twilight,-7.9118,297.485,-72.0354,36.2564,94.7831,83.09,0.4583,Waxing Gibbous,
2003-06-21,19:02:00,0.3876,Nautical Twilight,-8.124,297.5729,-71.8957,36.8846,94.7908,83.09,0.4582,Waxing Gibbous,
2003-06-21,19:03:00,0.3664,Nautical Twilight,-8.336,297.6612,-71.7541,37.5036,94.7986,83.1,0.4582,Waxing Gibbous,
2003-06-21,19:04:00,0.3452,Nautical Twilight,-8.5478,297.75,-71.6106,38.1133,94.8063,83.1,0.4581,Waxing Gibbous,
2003-06-21,19:05:00,0.3241,Nautical Twilight,-8.7595,297.8393,-71.4652,38.7139,94.814,83.11,0.458,Waxing Gibbous,
2003-06-21,19:06:00,0.3029,Nautical Twilight,-8.971,297.929,-71.3179,39.3056,94.8218,83.11,0.458,Waxing Gibbous,
2003-06-21,19:07:00,0.2818,Nautical Twilight,-9.1823,298.0193,-71.1688,39.8883,94.8295,83.12,0.4579,Waxing Gibbous,
2003-06-21,19:08:00,0.2607,Nautical Twilight,-9.3934,298.11,-71.018,40.4623,94.8372,83.12,0.4578,Waxing Gibbous,
2003-06-21,19:09:00,0.2396,Nautical Twilight,-9.6044,298.2012,-70.8654,41.0275,94.8449,83.13,0.4578,Waxing Gibbous,
2003-06-21,19:10:00,0.2185,Nautical Twilight,-9.8152,298.2928,-70.7112,41.5842,94.8527,83.14,0.4577,Waxing Gibbous,
2003-06-21,19:11:00,0.1974,Nautical Twilight,-10.0258,298.385,-70.5554,42.1325,94.8604,83.14,0.4576,Waxing Gibbous,
2003-06-21,19:12:00,0.1764,Nautical Twilight,-10.2362,298.4776,-70.3979,42.6723,94.8681,83.15,0.4576,Waxing Gibbous,
2003-06-21,19:13:00,0.1554,Nautical Twilight,-10.4464,298.5708,-70.2389,43.204,94.8759,83.15,0.4575,Waxing Gibbous,
2003-06-21,19:14:00,0.1344,Nautical Twilight,-10.6565,298.6644,-70.0784,43.7275,94.8836,83.16,0.4574,Waxing Gibbous,
2003-06-21,19:15:00,0.1134,Nautical Twilight,-10.8663,298.7586,-69.9164,44.2431,94.8913,83.16,0.4574,Waxing Gibbous,
2003-06-21,19:16:00,0.0924,Nautical Twilight,-11.076,298.8532,-69.7529,44.7508,94.899,83.17,0.4573,Waxing Gibbous,
2003-06-21,19:17:00,0.0715,Nautical Twilight,-11.2855,298.9484,-69.588,45.2507,94.9068,83.17,0.4572,Waxing Gibbous,
2003-06-21,19:18:00,0.0505,Nautical Twilight,-11.4948,299.044,-69.4217,45.743,94.9145,83.18,0.4572,Waxing Gibbous,
2003-06-21,19:19:00,0.0296,Nautical Twilight,-11.7039,299.1402,-69.2541,46.2279,94.9222,83.18,0.4571,Waxing Gibbous,
2003-06-21,19:20:00,0.0087,Nautical Twilight,-11.9128,299.2369,-69.0852,46.7053,94.9299,83.19,0.457,Waxing Gibbous,
2003-06-21,19:21:00,0.0059,Astronomical Twilight,-12.1214,299.3341,-68.915,47.1755,94.9377,83.19,0.457,Waxing Gibbous,
2003-06-21,19:22:00,0.0057,Astronomical Twilight,-12.3299,299.4318,-68.7435,47.6385,94.9454,83.2,0.4569,Waxing Gibbous,
2003-06-21,19:23:00,0.0055,Astronomical Twilight,-12.5382,299.5301,-68.5709,48.0946,94.9531,83.2,0.4568,Waxing Gibbous,
2003-06-21,19:24:00,0.0053,Astronomical Twilight,-12.7463,299.6289,-68.397,48.5437,94.9609,83.21,0.4568,Waxing Gibbous,
2003-06-21,19:25:00,0.005,Astronomical Twilight,-12.9542,299.7282,-68.2219,48.9861,94.9686,83.21,0.4567,Waxing Gibbous,
2003-06-21,19:26:00,0.0048,Astronomical Twilight,-13.1619,299.828,-68.0458,49.4218,94.9763,83.22,0.4566,Waxing Gibbous,
2003-06-21,19:27:00,0.0046,Astronomical Twilight,-13.3694,299.9284,-67.8685,49.851,94.984,83.22,0.4566,Waxing Gibbous,
2003-06-21,19:28:00,0.0044,Astronomical Twilight,-13.5766,300.0294,-67.6901,50.2737,94.9918,83.23,0.4565,Waxing Gibbous,
2003-06-21,19:29:00,0.0042,Astronomical Twilight,-13.7837,300.1309,-67.5106,50.6901,94.9995,83.23,0.4564,Waxing Gibbous,
2003-06-21,19:30:00,0.004,Astronomical Twilight,-13.9905,300.2329,-67.3302,51.1004,95.0072,83.24,0.4564,Waxing Gibbous,
2003-06-21,19:31:00,0.0038,Astronomical Twilight,-14.1972,300.3355,-67.1487,51.5046,95.0149,83.24,0.4563,Waxing Gibbous,
2003-06-21,19:32:00,0.0036,Astronomical Twilight,-14.4036,300.4386,-66.9662,51.9028,95.0227,83.25,0.4562,Waxing Gibbous,
2003-06-21,19:33:00,0.0034,Astronomical Twilight,-14.6097,300.5423,-66.7828,52.2951,95.0304,83.26,0.4562,Waxing Gibbous,
2003-06-21,19:34:00,0.0032,Astronomical Twilight,-14.8157,300.6466,-66.5984,52.6817,95.0381,83.26,0.4561,Waxing Gibbous,
2003-06-21,19:35:00,0.003,Astronomical Twilight,-15.0215,300.7515,-66.4131,53.0627,95.0458,83.27,0.456,Waxing Gibbous,
2003-06-21,19:36:00,0.0028,Astronomical Twilight,-15.227,300.8569,-66.2269,53.4381,95.0536,83.27,0.456,Waxing Gibbous,
2003-06-21,19:37:00,0.0026,Astronomical Twilight,-15.4323,300.9629,-66.0399,53.808,95.0613,83.28,0.4559,Waxing Gibbous,
2003-06-21,19:38:00,0.0024,Astronomical Twilight,-15.6373,301.0694,-65.852,54.1727,95.069,83.28,0.4558,Waxing Gibbous,
2003-06-21,19:39:00,0.0022,Astronomical Twilight,-15.8422,301.1766,-65.6632,54.5321,95.0768,83.29,0.4558,Waxing Gibbous,
2003-06-21,19:40:00,0.002,Astronomical Twilight,-16.0468,301.2843,-65.4736,54.8864,95.0845,83.29,0.4557,Waxing Gibbous,
2003-06-21,19:41:00,0.0017,Astronomical Twilight,-16.2511,301.3926,-65.2833,55.2356,95.0922,83.3,0.4556,Waxing Gibbous,
2003-06-21,19:42:00,0.0015,Astronomical Twilight,-16.4553,301.5016,-65.0921,55.5799,95.0999,83.3,0.4556,Waxing Gibbous,
2003-06-21,19:43:00,0.0013,Astronomical Twilight,-16.6592,301.6111,-64.9002,55.9194,95.1077,83.31,0.4555,Waxing Gibbous,
2003-06-21,19:44:00,0.0011,Astronomical Twilight,-16.8628,301.7212,-64.7075,56.2541,95.1154,83.31,0.4554,Waxing Gibbous,
2003-06-21,19:45:00,0.0009,Astronomical Twilight,-17.0662,301.8319,-64.5141,56.5841,95.1231,83.32,0.4554,Waxing Gibbous,
2003-06-21,19:46:00,0.0007,Astronomical Twilight,-17.2694,301.9433,-64.32,56.9095,95.1308,83.32,0.4553,Waxing Gibbous,
2003-06-21,19:47:00,0.0005,Astronomical Twilight,-17.4723,302.0552,-64.1252,57.2305,95.1386,83.33,0.4552,Waxing Gibbous,
2003-06-21,19:48:00,0.0003,Astronomical Twilight,-17.675,302.1678,-63.9297,57.5471,95.1463,83.33,0.4552,Waxing Gibbous,
2003-06-21,19:49:00,0.0001,Astronomical Twilight,-17.8774,302.281,-63.7336,57.8593,95.154,83.34,0.4551,Waxing Gibbous,
2003-06-21,19:50:00,0.0,Moonless Night,-18.0796,302.3948,-63.5368,58.1673,95.1617,83.34,0.455,Waxing Gibbous,
2003-06-21,19:51:00,0.0,Moonless Night,-18.2815,302.5093,-63.3394,58.4712,95.1695,83.35,0.4549,Waxing Gibbous,
2003-06-21,19:52:00,0.0,Moonless Night,-18.4831,302.6244,-63.1413,58.7709,95.1772,83.35,0.4549,Waxing Gibbous,
2003-06-21,19:53:00,0.0,Moonless Night,-18.6845,302.7401,-62.9426,59.0667,95.1849,83.36,0.4548,Waxing Gibbous,
2003-06-21,19:54:00,0.0,Moonless Night,-18.8857,302.8565,-62.7434,59.3586,95.1926,83.36,0.4547,Waxing Gibbous,
2003-06-21,19:55:00,0.0,Moonless Night,-19.0865,302.9735,-62.5435,59.6466,95.2004,83.37,0.4547,Waxing Gibbous,
2003-06-21,19:56:00,0.0,Moonless Night,-19.2871,303.0912,-62.3431,59.9308,95.2081,83.37,0.4546,Waxing Gibbous,
2003-06-21,19:57:00,0.0,Moonless Night,-19.4875,303.2096,-62.1421,60.2113,95.2158,83.38,0.4545,Waxing Gibbous,
2003-06-21,19:58:00,0.0,Moonless Night,-19.6875,303.3286,-61.9406,60.4882,95.2235,83.38,0.4545,Waxing Gibbous,
2003-06-21,19:59:00,0.0,Moonless Night,-19.8873,303.4482,-61.7385,60.7615,95.2312,83.39,0.4544,Waxing Gibbous,
2003-06-21,20:00:00,0.0,Moonless Night,-20.0868,303.5686,-61.5359,61.0313,95.239,83.4,0.4543,Waxing Gibbous,
2003-06-22,17:00:00,51945.9262,Daylit,18.7373,289.6469,-56.0673,302.5191,104.8999,89.21,0.3714,Waxing Gibbous,
2003-06-22,17:01:00,51443.4432,Daylit,18.5119,289.6921,-56.2587,302.7785,104.9075,89.22,0.3714,Waxing Gibbous,
2003-06-22,17:02:00,50939.4532,Daylit,18.2867,289.7375,-56.4494,303.0407,104.9151,89.22,0.3713,Waxing Gibbous,
2003-06-22,17:03:00,50433.9489,Daylit,18.0615,289.7833,-56.6396,303.3055,104.9228,89.23,0.3712,Waxing Gibbous,
2003-06-22,17:04:00,49926.9229,Daylit,17.8364,289.8293,-56.8292,303.5731,104.9304,89.23,0.3712,Waxing Gibbous,
2003-06-22,17:05:00,49418.3671,Daylit,17.6113,289.8756,-57.0182,303.8435,104.938,89.23,0.3711,Waxing Gibbous,
2003-06-22,17:06:00,48908.2734,Daylit,17.3863,289.9222,-57.2065,304.1166,104.9456,89.24,0.371,Waxing Gibbous,
2003-06-22,17:07:00,48396.6329,Daylit,17.1614,289.9691,-57.3942,304.3927,104.9532,89.24,0.371,Waxing Gibbous,
2003-06-22,17:08:00,47883.4365,Daylit,16.9365,290.0163,-57.5813,304.6716,104.9608,89.25,0.3709,Waxing Gibbous,
2003-06-22,17:09:00,47368.6747,Daylit,16.7117,290.0638,-57.7677,304.9535,104.9685,89.25,0.3709,Waxing Gibbous,
2003-06-22,17:10:00,46852.3374,Daylit,16.487,290.1116,-57.9535,305.2383,104.9761,89.25,0.3708,Waxing Gibbous,
2003-06-22,17:11:00,46334.414,Daylit,16.2623,290.1597,-58.1385,305.5262,104.9837,89.26,0.3707,Waxing Gibbous,
2003-06-22,17:12:00,45814.8935,Daylit,16.0377,290.2081,-58.3229,305.8172,104.9913,89.26,0.3707,Waxing Gibbous,
2003-06-22,17:13:00,45293.7644,Daylit,15.8132,290.2568,-58.5065,306.1112,104.9989,89.27,0.3706,Waxing Gibbous,
2003-06-22,17:14:00,44771.0145,Daylit,15.5888,290.3058,-58.6895,306.4084,105.0066,89.27,0.3705,Waxing Gibbous,
2003-06-22,17:15:00,44246.6311,Daylit,15.3644,290.355,-58.8717,306.7088,105.0142,89.28,0.3705,Waxing Gibbous,
2003-06-22,17:16:00,43720.6009,Daylit,15.1401,290.4046,-59.0532,307.0125,105.0218,89.28,0.3704,Waxing Gibbous,
2003-06-22,17:17:00,43192.9099,Daylit,14.9159,290.4545,-59.2339,307.3194,105.0294,89.28,0.3703,Waxing Gibbous,
2003-06-22,17:18:00,42663.5436,Daylit,14.6917,290.5046,-59.4139,307.6296,105.037,89.29,0.3703,Waxing Gibbous,
2003-06-22,17:19:00,42132.4866,Daylit,14.4676,290.5551,-59.593,307.9432,105.0446,89.29,0.3702,Waxing Gibbous,
2003-06-22,17:20:00,41599.7229,Daylit,14.2436,290.6059,-59.7714,308.2603,105.0523,89.3,0.3702,Waxing Gibbous,
2003-06-22,17:21:00,41065.2356,Daylit,14.0197,290.6569,-59.949,308.5808,105.0599,89.3,0.3701,Waxing Gibbous,
2003-06-22,17:22:00,40529.0072,Daylit,13.7958,290.7083,-60.1257,308.9048,105.0675,89.3,0.37,Waxing Gibbous,
2003-06-22,17:23:00,39991.0191,Daylit,13.572,290.76,-60.3016,309.2323,105.0751,89.31,0.37,Waxing Gibbous,
2003-06-22,17:24:00,39451.252,Daylit,13.3483,290.8119,-60.4767,309.5635,105.0827,89.31,0.3699,Waxing Gibbous,
2003-06-22,17:25:00,38909.6855,Daylit,13.1247,290.8642,-60.6509,309.8983,105.0903,89.32,0.3698,Waxing Gibbous,
2003-06-22,17:26:00,38366.2983,Daylit,12.9011,290.9168,-60.8242,310.2368,105.098,89.32,0.3698,Waxing Gibbous,
2003-06-22,17:27:00,37821.068,Daylit,12.6777,290.9696,-60.9966,310.579,105.1056,89.32,0.3697,Waxing Gibbous,
2003-06-22,17:28:00,37273.9712,Daylit,12.4543,291.0228,-61.1681,310.9251,105.1132,89.33,0.3696,Waxing Gibbous,
2003-06-22,17:29:00,36724.9831,Daylit,12.231,291.0763,-61.3386,311.2749,105.1208,89.33,0.3696,Waxing Gibbous,
2003-06-22,17:30:00,36174.0778,Daylit,12.0077,291.1301,-61.5082,311.6287,105.1284,89.34,0.3695,Waxing Gibbous,
2003-06-22,17:31:00,35621.2281,Daylit,11.7846,291.1842,-61.6769,311.9864,105.136,89.34,0.3694,Waxing Gibbous,
2003-06-22,17:32:00,35066.4053,Daylit,11.5615,291.2386,-61.8445,312.3481,105.1437,89.34,0.3694,Waxing Gibbous,
2003-06-22,17:33:00,34509.5794,Daylit,11.3385,291.2933,-62.0112,312.7138,105.1513,89.35,0.3693,Waxing Gibbous,
2003-06-22,17:34:00,33950.7185,Daylit,11.1156,291.3483,-62.1768,313.0835,105.1589,89.35,0.3693,Waxing Gibbous,
2003-06-22,17:35:00,33389.7893,Daylit,10.8928,291.4037,-62.3414,313.4575,105.1665,89.36,0.3692,Waxing Gibbous,
2003-06-22,17:36:00,32826.7566,Daylit,10.67,291.4593,-62.505,313.8355,105.1741,89.36,0.3691,Waxing Gibbous,
2003-06-22,17:37:00,32261.5833,Daylit,10.4474,291.5153,-62.6674,314.2178,105.1817,89.36,0.3691,Waxing Gibbous,
2003-06-22,17:38:00,31694.2302,Daylit,10.2248,291.5715,-62.8288,314.6044,105.1894,89.37,0.369,Waxing Gibbous,
2003-06-22,17:39:00,31124.6561,Daylit,10.0024,291.6281,-62.9891,314.9953,105.197,89.37,0.3689,Waxing Gibbous,
2003-06-22,17:40:00,30552.8173,Daylit,9.78,291.685,-63.1482,315.3905,105.2046,89.38,0.3689,Waxing Gibbous,
2003-06-22,17:41:00,29978.6676,Daylit,9.5577,291.7422,-63.3062,315.7902,105.2122,89.38,0.3688,Waxing Gibbous,
2003-06-22,17:42:00,29402.1581,Daylit,9.3354,291.7997,-63.463,316.1943,105.2198,89.38,0.3687,Waxing Gibbous,
2003-06-22,17:43:00,28823.2372,Daylit,9.1133,291.8576,-63.6186,316.6029,105.2274,89.39,0.3687,Waxing Gibbous,
2003-06-22,17:44:00,28241.8499,Daylit,8.8913,291.9157,-63.773,317.0161,105.2351,89.39,0.3686,Waxing Gibbous,
2003-06-22,17:45:00,27657.9381,Daylit,8.6693,291.9742,-63.9262,317.4339,105.2427,89.4,0.3685,Waxing Gibbous,
2003-06-22,17:46:00,27071.4398,Daylit,8.4475,292.033,-64.0781,317.8563,105.2503,89.4,0.3685,Waxing Gibbous,
2003-06-22,17:47:00,26482.2893,Daylit,8.2257,292.0921,-64.2287,318.2833,105.2579,89.4,0.3684,Waxing Gibbous,
2003-06-22,17:48:00,25890.4163,Daylit,8.0041,292.1516,-64.378,318.7151,105.2655,89.41,0.3684,Waxing Gibbous,
2003-06-22,17:49:00,25295.7463,Daylit,7.7825,292.2113,-64.526,319.1517,105.2731,89.41,0.3683,Waxing Gibbous,
2003-06-22,17:50:00,24698.1993,Daylit,7.561,292.2714,-64.6727,319.593,105.2807,89.42,0.3682,Waxing Gibbous,
2003-06-22,17:51:00,24097.69,Daylit,7.3396,292.3318,-64.818,320.0392,105.2884,89.42,0.3682,Waxing Gibbous,
2003-06-22,17:52:00,23494.127,Daylit,7.1183,292.3926,-64.9618,320.4903,105.296,89.42,0.3681,Waxing Gibbous,
2003-06-22,17:53:00,22887.412,Daylit,6.8972,292.4537,-65.1043,320.9463,105.3036,89.43,0.368,Waxing Gibbous,
2003-06-22,17:54:00,22277.4395,Daylit,6.6761,292.5151,-65.2453,321.4072,105.3112,89.43,0.368,Waxing Gibbous,
2003-06-22,17:55:00,21664.096,Daylit,6.4551,292.5768,-65.3849,321.8732,105.3188,89.44,0.3679,Waxing Gibbous,
2003-06-22,17:56:00,21047.2587,Daylit,6.2342,292.6389,-65.5229,322.3441,105.3264,89.44,0.3678,Waxing Gibbous,
2003-06-22,17:57:00,20426.795,Daylit,6.0134,292.7013,-65.6594,322.8201,105.3341,89.44,0.3678,Waxing Gibbous,
2003-06-22,17:58:00,19802.561,Daylit,5.7927,292.764,-65.7944,323.3012,105.3417,89.45,0.3677,Waxing Gibbous,
2003-06-22,17:59:00,19174.4002,Daylit,5.5721,292.8271,-65.9278,323.7873,105.3493,89.45,0.3676,Waxing Gibbous,
2003-06-22,18:00:00,18542.1421,Daylit,5.3516,292.8905,-66.0596,324.2786,105.3569,89.46,0.3676,Waxing Gibbous,
2003-06-22,18:01:00,17905.6,Daylit,5.1312,292.9542,-66.1898,324.775,105.3645,89.46,0.3675,Waxing Gibbous,
2003-06-22,18:02:00,17264.5693,Daylit,4.9109,293.0183,-66.3184,325.2766,105.3721,89.46,0.3675,Waxing Gibbous,
2003-06-22,18:03:00,16618.8244,Daylit,4.6908,293.0827,-66.4452,325.7834,105.3797,89.47,0.3674,Waxing Gibbous,
2003-06-22,18:04:00,15968.116,Daylit,4.4707,293.1475,-66.5704,326.2954,105.3874,89.47,0.3673,Waxing Gibbous,
2003-06-22,18:05:00,15312.1673,Daylit,4.2507,293.2126,-66.6938,326.8126,105.395,89.48,0.3673,Waxing Gibbous,
2003-06-22,18:06:00,14650.6692,Daylit,4.0309,293.278,-66.8155,327.335,105.4026,89.48,0.3672,Waxing Gibbous,
2003-06-22,18:07:00,13983.275,Daylit,3.8111,293.3438,-66.9353,327.8627,105.4102,89.48,0.3671,Waxing Gibbous,
2003-06-22,18:08:00,13309.5935,Daylit,3.5915,293.41,-67.0534,328.3956,105.4178,89.49,0.3671,Waxing Gibbous,
2003-06-22,18:09:00,12629.18,Daylit,3.372,293.4765,-67.1696,328.9337,105.4254,89.49,0.367,Waxing Gibbous,
2003-06-22,18:10:00,11941.5258,Daylit,3.1525,293.5433,-67.2839,329.477,105.433,89.5,0.3669,Waxing Gibbous,
2003-06-22,18:11:00,11246.0433,Daylit,2.9332,293.6105,-67.3964,330.0255,105.4407,89.5,0.3669,Waxing Gibbous,
2003-06-22,18:12:00,10542.0477,Daylit,2.714,293.6781,-67.5069,330.5793,105.4483,89.5,0.3668,Waxing Gibbous,
2003-06-22,18:13:00,9828.7317,Daylit,2.495,293.746,-67.6154,331.1382,105.4559,89.51,0.3668,Waxing Gibbous,
2003-06-22,18:14:00,9105.1313,Daylit,2.276,293.8143,-67.722,331.7023,105.4635,89.51,0.3667,Waxing Gibbous,
2003-06-22,18:15:00,8370.077,Daylit,2.0571,293.8829,-67.8266,332.2716,105.4711,89.52,0.3666,Waxing Gibbous,
2003-06-22,18:16:00,7622.1243,Daylit,1.8384,293.9519,-67.9291,332.846,105.4787,89.52,0.3666,Waxing Gibbous,
2003-06-22,18:17:00,6859.4477,Daylit,1.6198,294.0212,-68.0295,333.4254,105.4863,89.52,0.3665,Waxing Gibbous,
2003-06-22,18:18:00,6079.6751,Daylit,1.4013,294.091,-68.1278,334.01,105.4939,89.53,0.3664,Waxing Gibbous,
2003-06-22,18:19:00,5279.6108,Daylit,1.1829,294.161,-68.224,334.5995,105.5016,89.53,0.3664,Waxing Gibbous,
2003-06-22,18:20:00,4454.7382,Daylit,0.9647,294.2315,-68.3181,335.194,105.5092,89.54,0.3663,Waxing Gibbous,
2003-06-22,18:21:00,3598.2298,Daylit,0.7465,294.3023,-68.41,335.7935,105.5168,89.54,0.3662,Waxing Gibbous,
2003-06-22,18:22:00,2698.6623,Daylit,0.5285,294.3735,-68.4996,336.3978,105.5244,89.54,0.3662,Waxing Gibbous,
2003-06-22,18:23:00,1733.2714,Daylit,0.3106,294.4451,-68.587,337.0069,105.532,89.55,0.3661,Waxing Gibbous,
2003-06-22,18:24:00,633.8221,Daylit,0.0928,294.517,-68.6722,337.6207,105.5396,89.55,0.366,Waxing Gibbous,
2003-06-22,18:25:00,19.9757,Civil Twilight,-0.1248,294.5893,-68.755,338.2393,105.5472,89.56,0.366,Waxing Gibbous,
2003-06-22,18:26:00,19.2361,Civil Twilight,-0.3423,294.662,-68.8355,338.8624,105.5549,89.56,0.3659,Waxing Gibbous,
2003-06-22,18:27:00,18.497,Civil Twilight,-0.5597,294.7351,-68.9137,339.49,105.5625,89.56,0.3659,Waxing Gibbous,
2003-06-22,18:28:00,17.7583,Civil Twilight,-0.777,294.8086,-68.9895,340.1221,105.5701,89.57,0.3658,Waxing Gibbous,
2003-06-22,18:29:00,17.02,Civil Twilight,-0.9941,294.8824,-69.0629,340.7585,105.5777,89.57,0.3657,Waxing Gibbous,
2003-06-22,18:30:00,16.2822,Civil Twilight,-1.2111,294.9567,-69.1338,341.3991,105.5853,89.58,0.3657,Waxing Gibbous,
2003-06-22,18:31:00,15.5448,Civil Twilight,-1.428,295.0313,-69.2024,342.0439,105.5929,89.58,0.3656,Waxing Gibbous,
2003-06-22,18:32:00,14.8079,Civil Twilight,-1.6447,295.1063,-69.2684,342.6927,105.6005,89.58,0.3655,Waxing Gibbous,
2003-06-22,18:33:00,14.0715,Civil Twilight,-1.8613,295.1817,-69.3319,343.3455,105.6081,89.59,0.3655,Waxing Gibbous,
2003-06-22,18:34:00,13.3355,Civil Twilight,-2.0778,295.2575,-69.393,344.002,105.6158,89.59,0.3654,Waxing Gibbous,
2003-06-22,18:35:00,12.5999,Civil Twilight,-2.2941,295.3337,-69.4514,344.6622,105.6234,89.6,0.3653,Waxing Gibbous,
2003-06-22,18:36:00,11.8648,Civil Twilight,-2.5103,295.4103,-69.5073,345.326,105.631,89.6,0.3653,Waxing Gibbous,
2003-06-22,18:37:00,11.1302,Civil Twilight,-2.7264,295.4873,-69.5607,345.9932,105.6386,89.6,0.3652,Waxing Gibbous,
2003-06-22,18:38:00,10.3961,Civil Twilight,-2.9423,295.5646,-69.6114,346.6637,105.6462,89.61,0.3652,Waxing Gibbous,
2003-06-22,18:39:00,9.6624,Civil Twilight,-3.1581,295.6424,-69.6594,347.3374,105.6538,89.61,0.3651,Waxing Gibbous,
2003-06-22,18:40:00,8.9292,Civil Twilight,-3.3738,295.7207,-69.7049,348.014,105.6614,89.62,0.365,Waxing Gibbous,
2003-06-22,18:41:00,8.1965,Civil Twilight,-3.5893,295.7993,-69.7476,348.6935,105.669,89.62,0.365,Waxing Gibbous,
2003-06-22,18:42:00,7.4643,Civil Twilight,-3.8046,295.8783,-69.7877,349.3757,105.6767,89.62,0.3649,Waxing Gibbous,
2003-06-22,18:43:00,6.7326,Civil Twilight,-4.0198,295.9577,-69.8251,350.0604,105.6843,89.63,0.3648,Waxing Gibbous,
2003-06-22,18:44:00,6.0014,Civil Twilight,-4.2349,296.0376,-69.8598,350.7475,105.6919,89.63,0.3648,Waxing Gibbous,
2003-06-22,18:45:00,5.2706,Civil Twilight,-4.4498,296.1179,-69.8918,351.4367,105.6995,89.64,0.3647,Waxing Gibbous,
2003-06-22,18:46:00,4.5404,Civil Twilight,-4.6646,296.1986,-69.921,352.128,105.7071,89.64,0.3646,Waxing Gibbous,
2003-06-22,18:47:00,3.8107,Civil Twilight,-4.8792,296.2797,-69.9474,352.8212,105.7147,89.64,0.3646,Waxing Gibbous,
2003-06-22,18:48:00,3.0815,Civil Twilight,-5.0937,296.3612,-69.9711,353.516,105.7223,89.65,0.3645,Waxing Gibbous,
2003-06-22,18:49:00,2.3528,Civil Twilight,-5.308,296.4432,-69.9921,354.2123,105.7299,89.65,0.3644,Waxing Gibbous,
2003-06-22,18:50:00,1.6246,Civil Twilight,-5.5222,296.5256,-70.0102,354.91,105.7375,89.66,0.3644,Waxing Gibbous,
2003-06-22,18:51:00,0.8969,Civil Twilight,-5.7362,296.6085,-70.0256,355.6088,105.7452,89.66,0.3643,Waxing Gibbous,
2003-06-22,18:52:00,0.1698,Civil Twilight,-5.9501,296.6917,-70.0381,356.3085,105.7528,89.66,0.3643,Waxing Gibbous,
2003-06-22,18:53:00,0.5836,Nautical Twilight,-6.1638,296.7755,-70.0479,357.009,105.7604,89.67,0.3642,Waxing Gibbous,
2003-06-22,18:54:00,0.5623,Nautical Twilight,-6.3773,296.8596,-70.0548,357.71,105.768,89.67,0.3641,Waxing Gibbous,
2003-06-22,18:55:00,0.5409,Nautical Twilight,-6.5907,296.9442,-70.059,358.4114,105.7756,89.68,0.3641,Waxing Gibbous,
2003-06-22,18:56:00,0.5196,Nautical Twilight,-6.8039,297.0292,-70.0603,359.113,105.7832,89.68,0.364,Waxing Gibbous,
2003-06-22,18:57:00,0.4983,Nautical Twilight,-7.017,297.1147,-70.0589,359.8146,105.7908,89.68,0.3639,Waxing Gibbous,
2003-06-22,18:58:00,0.477,Nautical Twilight,-7.2299,297.2007,-70.0546,0.516,105.7984,89.69,0.3639,Waxing Gibbous,
2003-06-22,18:59:00,0.4557,Nautical Twilight,-7.4426,297.2871,-70.0475,1.217,105.806,89.69,0.3638,Waxing Gibbous,
2003-06-22,19:00:00,0.4345,Nautical Twilight,-7.6552,297.3739,-70.0376,1.9174,105.8137,89.7,0.3637,Waxing Gibbous,
2003-06-22,19:01:00,0.4132,Nautical Twilight,-7.8676,297.4612,-70.0249,2.6171,105.8213,89.7,0.3637,Waxing Gibbous,
2003-06-22,19:02:00,0.392,Nautical Twilight,-8.0798,297.549,-70.0094,3.3158,105.8289,89.7,0.3636,Waxing Gibbous,
2003-06-22,19:03:00,0.3708,Nautical Twilight,-8.2919,297.6372,-69.9912,4.0133,105.8365,89.71,0.3636,Waxing Gibbous,
2003-06-22,19:04:00,0.3496,Nautical Twilight,-8.5038,297.7259,-69.9701,4.7096,105.8441,89.71,0.3635,Waxing Gibbous,
2003-06-22,19:05:00,0.3285,Nautical Twilight,-8.7155,297.8151,-69.9463,5.4043,105.8517,89.72,0.3634,Waxing Gibbous,
2003-06-22,19:06:00,0.3073,Nautical Twilight,-8.927,297.9047,-69.9197,6.0973,105.8593,89.72,0.3634,Waxing Gibbous,
2003-06-22,19:07:00,0.2862,Nautical Twilight,-9.1384,297.9948,-69.8904,6.7885,105.8669,89.72,0.3633,Waxing Gibbous,
2003-06-22,19:08:00,0.265,Nautical Twilight,-9.3496,298.0854,-69.8583,7.4776,105.8745,89.73,0.3632,Waxing Gibbous,
2003-06-22,19:09:00,0.2439,Nautical Twilight,-9.5606,298.1765,-69.8235,8.1645,105.8822,89.73,0.3632,Waxing Gibbous,
2003-06-22,19:10:00,0.2229,Nautical Twilight,-9.7714,298.2681,-69.786,8.849,105.8898,89.73,0.3631,Waxing Gibbous,
2003-06-22,19:11:00,0.2018,Nautical Twilight,-9.9821,298.3601,-69.7458,9.531,105.8974,89.74,0.363,Waxing Gibbous,
2003-06-22,19:12:00,0.1807,Nautical Twilight,-10.1926,298.4527,-69.7029,10.2103,105.905,89.74,0.363,Waxing Gibbous,
2003-06-22,19:13:00,0.1597,Nautical Twilight,-10.4028,298.5457,-69.6573,10.8867,105.9126,89.75,0.3629,Waxing Gibbous,
2003-06-22,19:14:00,0.1387,Nautical Twilight,-10.6129,298.6392,-69.6091,11.5601,105.9202,89.75,0.3629,Waxing Gibbous,
2003-06-22,19:15:00,0.1177,Nautical Twilight,-10.8229,298.7333,-69.5583,12.2303,105.9278,89.75,0.3628,Waxing Gibbous,
2003-06-22,19:16:00,0.0967,Nautical Twilight,-11.0326,298.8278,-69.5048,12.8973,105.9354,89.76,0.3627,Waxing Gibbous,
2003-06-22,19:17:00,0.0758,Nautical Twilight,-11.2421,298.9228,-69.4488,13.5608,105.943,89.76,0.3627,Waxing Gibbous,
2003-06-22,19:18:00,0.0549,Nautical Twilight,-11.4514,299.0184,-69.3902,14.2207,105.9506,89.77,0.3626,Waxing Gibbous,
2003-06-22,19:19:00,0.0339,Nautical Twilight,-11.6606,299.1144,-69.329,14.877,105.9583,89.77,0.3625,Waxing Gibbous,
2003-06-22,19:20:00,0.013,Nautical Twilight,-11.8695,299.211,-69.2654,15.5294,105.9659,89.77,0.3625,Waxing Gibbous,
2003-06-22,19:21:00,0.0059,Astronomical Twilight,-12.0783,299.3081,-69.1992,16.1779,105.9735,89.78,0.3624,Waxing Gibbous,
2003-06-22,19:22:00,0.0057,Astronomical Twilight,-12.2868,299.4057,-69.1306,16.8224,105.9811,89.78,0.3623,Waxing Gibbous,
2003-06-22,19:23:00,0.0055,Astronomical Twilight,-12.4952,299.5039,-69.0595,17.4627,105.9887,89.79,0.3623,Waxing Gibbous,
2003-06-22,19:24:00,0.0053,Astronomical Twilight,-12.7033,299.6025,-68.9859,18.0987,105.9963,89.79,0.3622,Waxing Gibbous,
2003-06-22,19:25:00,0.0051,Astronomical Twilight,-12.9113,299.7017,-68.91,18.7304,106.0039,89.79,0.3621,Waxing Gibbous,
2003-06-22,19:26:00,0.0049,Astronomical Twilight,-13.119,299.8015,-68.8317,19.3576,106.0115,89.8,0.3621,Waxing Gibbous,
2003-06-22,19:27:00,0.0047,Astronomical Twilight,-13.3266,299.9017,-68.7511,19.9803,106.0191,89.8,0.362,Waxing Gibbous,
2003-06-22,19:28:00,0.0045,Astronomical Twilight,-13.5339,300.0026,-68.6681,20.5984,106.0267,89.81,0.362,Waxing Gibbous,
2003-06-22,19:29:00,0.0043,Astronomical Twilight,-13.741,300.1039,-68.5828,21.2119,106.0343,89.81,0.3619,Waxing Gibbous,
2003-06-22,19:30:00,0.0041,Astronomical Twilight,-13.9479,300.2058,-68.4953,21.8205,106.042,89.81,0.3618,Waxing Gibbous,
2003-06-22,19:31:00,0.0038,Astronomical Twilight,-14.1546,300.3083,-68.4055,22.4244,106.0496,89.82,0.3618,Waxing Gibbous,
2003-06-22,19:32:00,0.0036,Astronomical Twilight,-14.361,300.4113,-68.3135,23.0234,106.0572,89.82,0.3617,Waxing Gibbous,
2003-06-22,19:33:00,0.0034,Astronomical Twilight,-14.5673,300.5149,-68.2193,23.6174,106.0648,89.83,0.3616,Waxing Gibbous,
2003-06-22,19:34:00,0.0032,Astronomical Twilight,-14.7733,300.619,-68.123,24.2065,106.0724,89.83,0.3616,Waxing Gibbous,
2003-06-22,19:35:00,0.003,Astronomical Twilight,-14.9791,300.7238,-68.0245,24.7905,106.08,89.83,0.3615,Waxing Gibbous,
2003-06-22,19:36:00,0.0028,Astronomical Twilight,-15.1847,300.829,-67.9239,25.3695,106.0876,89.84,0.3614,Waxing Gibbous,
2003-06-22,19:37:00,0.0026,Astronomical Twilight,-15.39,300.9349,-67.8213,25.9434,106.0952,89.84,0.3614,Waxing Gibbous,
2003-06-22,19:38:00,0.0024,Astronomical Twilight,-15.5952,301.0413,-67.7166,26.5121,106.1028,89.85,0.3613,Waxing Gibbous,
2003-06-22,19:39:00,0.0022,Astronomical Twilight,-15.8001,301.1483,-67.6099,27.0757,106.1104,89.85,0.3613,Waxing Gibbous,
2003-06-22,19:40:00,0.002,Astronomical Twilight,-16.0047,301.256,-67.5012,27.6341,106.118,89.85,0.3612,Waxing Gibbous,
2003-06-22,19:41:00,0.0018,Astronomical Twilight,-16.2092,301.3642,-67.3905,28.1873,106.1256,89.86,0.3611,Waxing Gibbous,
2003-06-22,19:42:00,0.0016,Astronomical Twilight,-16.4134,301.4729,-67.2779,28.7352,106.1333,89.86,0.3611,Waxing Gibbous,
2003-06-22,19:43:00,0.0014,Astronomical Twilight,-16.6173,301.5823,-67.1635,29.278,106.1409,89.86,0.361,Waxing Gibbous,
2003-06-22,19:44:00,0.0012,Astronomical Twilight,-16.821,301.6923,-67.0471,29.8155,106.1485,89.87,0.3609,Waxing Gibbous,
2003-06-22,19:45:00,0.001,Astronomical Twilight,-17.0245,301.8029,-66.9289,30.3477,106.1561,89.87,0.3609,Waxing Gibbous,
2003-06-22,19:46:00,0.0008,Astronomical Twilight,-17.2278,301.9141,-66.8089,30.8748,106.1637,89.88,0.3608,Waxing Gibbous,
2003-06-22,19:47:00,0.0006,Astronomical Twilight,-17.4307,302.0259,-66.6871,31.3966,106.1713,89.88,0.3607,Waxing Gibbous,
2003-06-22,19:48:00,0.0004,Astronomical Twilight,-17.6335,302.1384,-66.5635,31.9131,106.1789,89.88,0.3607,Waxing Gibbous,
2003-06-22,19:49:00,0.0002,Astronomical Twilight,-17.836,302.2514,-66.4382,32.4245,106.1865,89.89,0.3606,Waxing Gibbous,
2003-06-22,19:50:00,0.0,Moonless Night,-18.0382,302.3651,-66.3112,32.9306,106.1941,89.89,0.3606,Waxing Gibbous,
2003-06-22,19:51:00,0.0,Moonless Night,-18.2402,302.4794,-66.1825,33.4315,106.2017,89.9,0.3605,Waxing Gibbous,
2003-06-22,19:52:00,0.0,Moonless Night,-18.4419,302.5944,-66.0522,33.9273,106.2093,89.9,0.3604,Waxing Gibbous,
2003-06-22,19:53:00,0.0,Moonless Night,-18.6434,302.71,-65.9202,34.4179,106.2169,89.9,0.3604,Waxing Gibbous,
2003-06-22,19:54:00,0.0,Moonless Night,-18.8446,302.8262,-65.7866,34.9033,106.2245,89.91,0.3603,Waxing Gibbous,
2003-06-22,19:55:00,0.0,Moonless Night,-19.0455,302.9431,-65.6515,35.3837,106.2322,89.91,0.3602,Waxing Gibbous,
2003-06-22,19:56:00,0.0,Moonless Night,-19.2462,303.0606,-65.5148,35.859,106.2398,89.92,0.3602,Waxing Gibbous,
2003-06-22,19:57:00,0.0,Moonless Night,-19.4466,303.1788,-65.3766,36.3292,106.2474,89.92,0.3601,Waxing Gibbous,
2003-06-22,19:58:00,0.0,Moonless Night,-19.6467,303.2977,-65.2369,36.7943,106.255,89.92,0.36,Waxing Gibbous,
2003-06-22,19:59:00,0.0,Moonless Night,-19.8466,303.4172,-65.0957,37.2545,106.2626,89.93,0.36,Waxing Gibbous,
2003-06-22,20:00:00,0.0,Moonless Night,-20.0462,303.5374,-64.9531,37.7098,106.2702,89.93,0.3599,Waxing Gibbous,
2003-06-23,17:00:00,52049.8509,Daylit,18.784,289.6254,-45.2621,300.4963,115.815,94.18,0.2823,Waxing Gibbous,
2003-06-23,17:01:00,51547.6386,Daylit,18.5586,289.6705,-45.4583,300.6881,115.8226,94.18,0.2822,Waxing Gibbous,
2003-06-23,17:02:00,51043.9204,Daylit,18.3333,289.7159,-45.6541,300.8814,115.8301,94.18,0.2821,Waxing Gibbous,
2003-06-23,17:03:00,50538.689,Daylit,18.1081,289.7615,-45.8495,301.0761,115.8377,94.19,0.2821,Waxing Gibbous,
2003-06-23,17:04:00,50031.9372,Daylit,17.8829,289.8075,-46.0445,301.2724,115.8452,94.19,0.282,Waxing Gibbous,
2003-06-23,17:05:00,49523.657,Daylit,17.6578,289.8538,-46.2391,301.4703,115.8528,94.19,0.282,Waxing Gibbous,
2003-06-23,17:06:00,49013.8402,Daylit,17.4328,289.9004,-46.4332,301.6697,115.8603,94.2,0.2819,Waxing Gibbous,
2003-06-23,17:07:00,48502.4781,Daylit,17.2078,289.9472,-46.6269,301.8707,115.8679,94.2,0.2819,Waxing Gibbous,
2003-06-23,17:08:00,47989.5617,Daylit,16.9829,289.9944,-46.8201,302.0733,115.8754,94.2,0.2818,Waxing Gibbous,
2003-06-23,17:09:00,47475.0816,Daylit,16.7581,290.0418,-47.0129,302.2775,115.883,94.2,0.2817,Waxing Gibbous,
2003-06-23,17:10:00,46959.0277,Daylit,16.5334,290.0895,-47.2052,302.4833,115.8905,94.21,0.2817,Waxing Gibbous,
2003-06-23,17:11:00,46441.3895,Daylit,16.3087,290.1376,-47.3971,302.6908,115.8981,94.21,0.2816,Waxing Gibbous,
2003-06-23,17:12:00,45922.1563,Daylit,16.0841,290.1859,-47.5885,302.9,115.9056,94.21,0.2816,Waxing Gibbous,
2003-06-23,17:13:00,45401.3164,Daylit,15.8595,290.2345,-47.7794,303.1108,115.9132,94.22,0.2815,Waxing Gibbous,
2003-06-23,17:14:00,44878.8579,Daylit,15.635,290.2835,-47.9699,303.3234,115.9207,94.22,0.2814,Waxing Gibbous,
2003-06-23,17:15:00,44354.7682,Daylit,15.4106,290.3327,-48.1599,303.5377,115.9283,94.22,0.2814,Waxing Gibbous,
2003-06-23,17:16:00,43829.0341,Daylit,15.1863,290.3822,-48.3493,303.7537,115.9358,94.22,0.2813,Waxing Gibbous,
2003-06-23,17:17:00,43301.6418,Daylit,14.962,290.432,-48.5383,303.9715,115.9434,94.23,0.2813,Waxing Gibbous,
2003-06-23,17:18:00,42772.5768,Daylit,14.7378,290.4821,-48.7268,304.1911,115.9509,94.23,0.2812,Waxing Gibbous,
2003-06-23,17:19:00,42241.8239,Daylit,14.5137,290.5325,-48.9147,304.4125,115.9585,94.23,0.2811,Waxing Gibbous,
2003-06-23,17:20:00,41709.3673,Daylit,14.2897,290.5832,-49.1021,304.6357,115.966,94.24,0.2811,Waxing Gibbous,
2003-06-23,17:21:00,41175.1902,Daylit,14.0657,290.6343,-49.289,304.8608,115.9736,94.24,0.281,Waxing Gibbous,
2003-06-23,17:22:00,40639.2752,Daylit,13.8418,290.6856,-49.4754,305.0877,115.9811,94.24,0.281,Waxing Gibbous,
2003-06-23,17:23:00,40101.604,Daylit,13.618,290.7372,-49.6612,305.3165,115.9887,94.24,0.2809,Waxing Gibbous,
2003-06-23,17:24:00,39562.1574,Daylit,13.3942,290.7891,-49.8465,305.5473,115.9962,94.25,0.2808,Waxing Gibbous,
2003-06-23,17:25:00,39020.9153,Daylit,13.1706,290.8413,-50.0312,305.7799,116.0038,94.25,0.2808,Waxing Gibbous,
2003-06-23,17:26:00,38477.8565,Daylit,12.947,290.8938,-50.2154,306.0145,116.0113,94.25,0.2807,Waxing Gibbous,
2003-06-23,17:27:00,37932.9588,Daylit,12.7235,290.9466,-50.399,306.2511,116.0189,94.26,0.2807,Waxing Gibbous,
2003-06-23,17:28:00,37386.1989,Daylit,12.5,290.9998,-50.582,306.4897,116.0264,94.26,0.2806,Waxing Gibbous,
2003-06-23,17:29:00,36837.5526,Daylit,12.2767,291.0532,-50.7644,306.7303,116.034,94.26,0.2805,Waxing Gibbous,
2003-06-23,17:30:00,36286.9939,Daylit,12.0534,291.1069,-50.9462,306.973,116.0415,94.26,0.2805,Waxing Gibbous,
2003-06-23,17:31:00,35734.4961,Daylit,11.8302,291.161,-51.1274,307.2177,116.0491,94.27,0.2804,Waxing Gibbous,
2003-06-23,17:32:00,35180.0307,Daylit,11.6071,291.2153,-51.308,307.4645,116.0566,94.27,0.2804,Waxing Gibbous,
2003-06-23,17:33:00,34623.5678,Daylit,11.3841,291.27,-51.488,307.7134,116.0642,94.27,0.2803,Waxing Gibbous,
2003-06-23,17:34:00,34065.0762,Daylit,11.1611,291.3249,-51.6673,307.9644,116.0717,94.27,0.2803,Waxing Gibbous,
2003-06-23,17:35:00,33504.5227,Daylit,10.9383,291.3802,-51.8461,308.2176,116.0793,94.28,0.2802,Waxing Gibbous,
2003-06-23,17:36:00,32941.8725,Daylit,10.7155,291.4358,-52.0241,308.473,116.0868,94.28,0.2801,Waxing Gibbous,
2003-06-23,17:37:00,32377.0889,Daylit,10.4928,291.4917,-52.2015,308.7305,116.0944,94.28,0.2801,Waxing Gibbous,
2003-06-23,17:38:00,31810.1332,Daylit,10.2702,291.5479,-52.3783,308.9903,116.1019,94.29,0.28,Waxing Gibbous,
2003-06-23,17:39:00,31240.9644,Daylit,10.0477,291.6044,-52.5543,309.2523,116.1095,94.29,0.28,Waxing Gibbous,
2003-06-23,17:40:00,30669.5395,Daylit,9.8253,291.6612,-52.7297,309.5166,116.117,94.29,0.2799,Waxing Gibbous,
2003-06-23,17:41:00,30095.8128,Daylit,9.6029,291.7184,-52.9044,309.7832,116.1246,94.29,0.2798,Waxing Gibbous,
2003-06-23,17:42:00,29519.7358,Daylit,9.3807,291.7758,-53.0784,310.052,116.1321,94.3,0.2798,Waxing Gibbous,
2003-06-23,17:43:00,28941.2576,Daylit,9.1585,291.8336,-53.2517,310.3233,116.1397,94.3,0.2797,Waxing Gibbous,
2003-06-23,17:44:00,28360.3239,Daylit,8.9364,291.8917,-53.4242,310.5969,116.1472,94.3,0.2797,Waxing Gibbous,
2003-06-23,17:45:00,27776.8771,Daylit,8.7145,291.9501,-53.596,310.8728,116.1548,94.31,0.2796,Waxing Gibbous,
2003-06-23,17:46:00,27190.856,Daylit,8.4926,292.0089,-53.7671,311.1512,116.1623,94.31,0.2795,Waxing Gibbous,
2003-06-23,17:47:00,26602.1958,Daylit,8.2708,292.0679,-53.9374,311.432,116.1699,94.31,0.2795,Waxing Gibbous,
2003-06-23,17:48:00,26010.8271,Daylit,8.0491,292.1273,-54.107,311.7153,116.1774,94.31,0.2794,Waxing Gibbous,
2003-06-23,17:49:00,25416.6761,Daylit,7.8275,292.187,-54.2758,312.0011,116.185,94.32,0.2794,Waxing Gibbous,
2003-06-23,17:50:00,24819.6641,Daylit,7.6059,292.247,-54.4438,312.2893,116.1925,94.32,0.2793,Waxing Gibbous,
2003-06-23,17:51:00,24219.7069,Daylit,7.3845,292.3074,-54.611,312.5801,116.2001,94.32,0.2792,Waxing Gibbous,
2003-06-23,17:52:00,23616.7142,Daylit,7.1632,292.3681,-54.7774,312.8735,116.2076,94.33,0.2792,Waxing Gibbous,
2003-06-23,17:53:00,23010.5892,Daylit,6.942,292.4291,-54.9429,313.1694,116.2152,94.33,0.2791,Waxing Gibbous,
2003-06-23,17:54:00,22401.228,Daylit,6.7208,292.4904,-55.1077,313.4679,116.2227,94.33,0.2791,Waxing Gibbous,
2003-06-23,17:55:00,21788.5186,Daylit,6.4998,292.5521,-55.2715,313.7691,116.2303,94.33,0.279,Waxing Gibbous,
2003-06-23,17:56:00,21172.3401,Daylit,6.2789,292.6141,-55.4346,314.0729,116.2378,94.34,0.279,Waxing Gibbous,
2003-06-23,17:57:00,20552.5621,Daylit,6.058,292.6764,-55.5968,314.3793,116.2454,94.34,0.2789,Waxing Gibbous,
2003-06-23,17:58:00,19929.0428,Daylit,5.8373,292.7391,-55.758,314.6885,116.2529,94.34,0.2788,Waxing Gibbous,
2003-06-23,17:59:00,19301.6286,Daylit,5.6167,292.8021,-55.9184,315.0004,116.2605,94.35,0.2788,Waxing Gibbous,
2003-06-23,18:00:00,18670.1516,Daylit,5.3961,292.8654,-56.0779,315.315,116.268,94.35,0.2787,Waxing Gibbous,
2003-06-23,18:01:00,18034.4287,Daylit,5.1757,292.9291,-56.2365,315.6324,116.2756,94.35,0.2787,Waxing Gibbous,
2003-06-23,18:02:00,17394.259,Daylit,4.9554,292.9931,-56.3942,315.9526,116.2831,94.35,0.2786,Waxing Gibbous,
2003-06-23,18:03:00,16749.4213,Daylit,4.7351,293.0574,-56.5509,316.2756,116.2907,94.36,0.2785,Waxing Gibbous,
2003-06-23,18:04:00,16099.6712,Daylit,4.515,293.1221,-56.7066,316.6015,116.2982,94.36,0.2785,Waxing Gibbous,
2003-06-23,18:05:00,15444.7378,Daylit,4.295,293.1872,-56.8614,316.9301,116.3057,94.36,0.2784,Waxing Gibbous,
2003-06-23,18:06:00,14784.3187,Daylit,4.0751,293.2526,-57.0152,317.2617,116.3133,94.36,0.2784,Waxing Gibbous,
2003-06-23,18:07:00,14118.0753,Daylit,3.8553,293.3183,-57.168,317.5962,116.3208,94.37,0.2783,Waxing Gibbous,
2003-06-23,18:08:00,13445.6258,Daylit,3.6357,293.3844,-57.3198,317.9336,116.3284,94.37,0.2782,Waxing Gibbous,
2003-06-23,18:09:00,12766.5369,Daylit,3.4161,293.4508,-57.4705,318.2739,116.3359,94.37,0.2782,Waxing Gibbous,
2003-06-23,18:10:00,12080.3137,Daylit,3.1966,293.5176,-57.6203,318.6173,116.3435,94.38,0.2781,Waxing Gibbous,
2003-06-23,18:11:00,11386.3855,Daylit,2.9773,293.5847,-57.7689,318.9636,116.351,94.38,0.2781,Waxing Gibbous,
2003-06-23,18:12:00,10684.0888,Daylit,2.758,293.6522,-57.9165,319.3129,116.3586,94.38,0.278,Waxing Gibbous,
2003-06-23,18:13:00,9972.6429,Daylit,2.5389,293.72,-58.0631,319.6652,116.3661,94.38,0.2779,Waxing Gibbous,
2003-06-23,18:14:00,9251.1183,Daylit,2.3199,293.7882,-58.2085,320.0206,116.3737,94.39,0.2779,Waxing Gibbous,
2003-06-23,18:15:00,8518.3911,Daylit,2.101,293.8568,-58.3528,320.379,116.3812,94.39,0.2778,Waxing Gibbous,
2003-06-23,18:16:00,7773.0786,Daylit,1.8822,293.9257,-58.496,320.7405,116.3888,94.39,0.2778,Waxing Gibbous,
2003-06-23,18:17:00,7013.442,Daylit,1.6636,293.995,-58.638,321.1052,116.3963,94.4,0.2777,Waxing Gibbous,
2003-06-23,18:18:00,6237.2355,Daylit,1.445,294.0646,-58.7789,321.4729,116.4039,94.4,0.2777,Waxing Gibbous,
2003-06-23,18:19:00,5441.4576,Daylit,1.2266,294.1346,-58.9186,321.8438,116.4114,94.4,0.2776,Waxing Gibbous,
2003-06-23,18:20:00,4621.9117,Daylit,1.0083,294.205,-59.0572,322.2178,116.419,94.4,0.2775,Waxing Gibbous,
2003-06-23,18:21:00,3772.3518,Daylit,0.7901,294.2757,-59.1945,322.595,116.4265,94.41,0.2775,Waxing Gibbous,
2003-06-23,18:22:00,2882.5777,Daylit,0.572,294.3469,-59.3306,322.9754,116.4341,94.41,0.2774,Waxing Gibbous,
2003-06-23,18:23:00,1933.1481,Daylit,0.3541,294.4183,-59.4654,323.359,116.4416,94.41,0.2774,Waxing Gibbous,
2003-06-23,18:24:00,872.5993,Daylit,0.1363,294.4902,-59.599,323.7458,116.4492,94.42,0.2773,Waxing Gibbous,
2003-06-23,18:25:00,20.1232,Civil Twilight,-0.0814,294.5624,-59.7314,324.1358,116.4567,94.42,0.2772,Waxing Gibbous,
2003-06-23,18:26:00,19.3834,Civil Twilight,-0.299,294.6351,-59.8624,324.529,116.4643,94.42,0.2772,Waxing Gibbous,
2003-06-23,18:27:00,18.6441,Civil Twilight,-0.5164,294.7081,-59.9922,324.9255,116.4718,94.42,0.2771,Waxing Gibbous,
2003-06-23,18:28:00,17.9053,Civil Twilight,-0.7337,294.7814,-60.1206,325.3252,116.4794,94.43,0.2771,Waxing Gibbous,
2003-06-23,18:29:00,17.1669,Civil Twilight,-0.9509,294.8552,-60.2477,325.7282,116.4869,94.43,0.277,Waxing Gibbous,
2003-06-23,18:30:00,16.4289,Civil Twilight,-1.168,294.9293,-60.3734,326.1344,116.4944,94.43,0.2769,Waxing Gibbous,
2003-06-23,18:31:00,15.6914,Civil Twilight,-1.3849,295.0039,-60.4978,326.5439,116.502,94.43,0.2769,Waxing Gibbous,
2003-06-23,18:32:00,14.9543,Civil Twilight,-1.6017,295.0788,-60.6208,326.9567,116.5095,94.44,0.2768,Waxing Gibbous,
2003-06-23,18:33:00,14.2176,Civil Twilight,-1.8183,295.1541,-60.7423,327.3728,116.5171,94.44,0.2768,Waxing Gibbous,
2003-06-23,18:34:00,13.4815,Civil Twilight,-2.0349,295.2298,-60.8625,327.7921,116.5246,94.44,0.2767,Waxing Gibbous,
2003-06-23,18:35:00,12.7457,Civil Twilight,-2.2513,295.3059,-60.9812,328.2148,116.5322,94.45,0.2766,Waxing Gibbous,
2003-06-23,18:36:00,12.0105,Civil Twilight,-2.4675,295.3824,-61.0984,328.6407,116.5397,94.45,0.2766,Waxing Gibbous,
2003-06-23,18:37:00,11.2757,Civil Twilight,-2.6836,295.4594,-61.2142,329.0699,116.5473,94.45,0.2765,Waxing Gibbous,
2003-06-23,18:38:00,10.5414,Civil Twilight,-2.8996,295.5367,-61.3284,329.5024,116.5548,94.45,0.2765,Waxing Gibbous,
2003-06-23,18:39:00,9.8075,Civil Twilight,-3.1154,295.6144,-61.4412,329.9381,116.5624,94.46,0.2764,Waxing Gibbous,
2003-06-23,18:40:00,9.0742,Civil Twilight,-3.3311,295.6925,-61.5524,330.3772,116.5699,94.46,0.2764,Waxing Gibbous,
2003-06-23,18:41:00,8.3413,Civil Twilight,-3.5467,295.771,-61.6621,330.8195,116.5775,94.46,0.2763,Waxing Gibbous,
2003-06-23,18:42:00,7.6089,Civil Twilight,-3.7621,295.85,-61.7702,331.265,116.585,94.46,0.2762,Waxing Gibbous,
2003-06-23,18:43:00,6.877,Civil Twilight,-3.9774,295.9293,-61.8767,331.7139,116.5926,94.47,0.2762,Waxing Gibbous,
2003-06-23,18:44:00,6.1456,Civil Twilight,-4.1925,296.0091,-61.9816,332.1659,116.6001,94.47,0.2761,Waxing Gibbous,
2003-06-23,18:45:00,5.4146,Civil Twilight,-4.4075,296.0893,-62.0849,332.6212,116.6077,94.47,0.2761,Waxing Gibbous,
2003-06-23,18:46:00,4.6842,Civil Twilight,-4.6223,296.1699,-62.1866,333.0796,116.6152,94.48,0.276,Waxing Gibbous,
2003-06-23,18:47:00,3.9543,Civil Twilight,-4.837,296.2509,-62.2866,333.5413,116.6228,94.48,0.2759,Waxing Gibbous,
2003-06-23,18:48:00,3.2249,Civil Twilight,-5.0515,296.3324,-62.3849,334.0061,116.6303,94.48,0.2759,Waxing Gibbous,
2003-06-23,18:49:00,2.496,Civil Twilight,-5.2659,296.4142,-62.4816,334.4741,116.6379,94.48,0.2758,Waxing Gibbous,
2003-06-23,18:50:00,1.7677,Civil Twilight,-5.4801,296.4966,-62.5765,334.9452,116.6454,94.49,0.2758,Waxing Gibbous,
2003-06-23,18:51:00,1.0398,Civil Twilight,-5.6942,296.5793,-62.6697,335.4194,116.6529,94.49,0.2757,Waxing Gibbous,
2003-06-23,18:52:00,0.3125,Civil Twilight,-5.9081,296.6625,-62.7611,335.8967,116.6605,94.49,0.2756,Waxing Gibbous,
2003-06-23,18:53:00,0.5878,Nautical Twilight,-6.1218,296.7461,-62.8508,336.3771,116.668,94.5,0.2756,Waxing Gibbous,
2003-06-23,18:54:00,0.5665,Nautical Twilight,-6.3354,296.8301,-62.9388,336.8604,116.6756,94.5,0.2755,Waxing Gibbous,
2003-06-23,18:55:00,0.5451,Nautical Twilight,-6.5489,296.9146,-63.0249,337.3468,116.6831,94.5,0.2755,Waxing Gibbous,
2003-06-23,18:56:00,0.5238,Nautical Twilight,-6.7622,296.9996,-63.1092,337.8361,116.6907,94.5,0.2754,Waxing Gibbous,
2003-06-23,18:57:00,0.5025,Nautical Twilight,-6.9753,297.085,-63.1916,338.3283,116.6982,94.51,0.2754,Waxing Gibbous,
2003-06-23,18:58:00,0.4812,Nautical Twilight,-7.1882,297.1708,-63.2723,338.8234,116.7058,94.51,0.2753,Waxing Gibbous,
2003-06-23,18:59:00,0.4599,Nautical Twilight,-7.401,297.2571,-63.351,339.3213,116.7133,94.51,0.2752,Waxing Gibbous,
2003-06-23,19:00:00,0.4386,Nautical Twilight,-7.6137,297.3439,-63.4279,339.8221,116.7209,94.51,0.2752,Waxing Gibbous,
2003-06-23,19:01:00,0.4174,Nautical Twilight,-7.8261,297.4311,-63.5029,340.3256,116.7284,94.52,0.2751,Waxing Gibbous,
2003-06-23,19:02:00,0.3962,Nautical Twilight,-8.0384,297.5187,-63.5759,340.8318,116.736,94.52,0.2751,Waxing Gibbous,
2003-06-23,19:03:00,0.3749,Nautical Twilight,-8.2506,297.6069,-63.647,341.3407,116.7435,94.52,0.275,Waxing Gibbous,
2003-06-23,19:04:00,0.3537,Nautical Twilight,-8.4625,297.6955,-63.7162,341.8521,116.7511,94.53,0.2749,Waxing Gibbous,
2003-06-23,19:05:00,0.3326,Nautical Twilight,-8.6743,297.7845,-63.7834,342.3662,116.7586,94.53,0.2749,Waxing Gibbous,
2003-06-23,19:06:00,0.3114,Nautical Twilight,-8.8859,297.8741,-63.8487,342.8827,116.7661,94.53,0.2748,Waxing Gibbous,
2003-06-23,19:07:00,0.2903,Nautical Twilight,-9.0973,297.9641,-63.9119,343.4017,116.7737,94.53,0.2748,Waxing Gibbous,
2003-06-23,19:08:00,0.2691,Nautical Twilight,-9.3086,298.0546,-63.9732,343.923,116.7812,94.54,0.2747,Waxing Gibbous,
2003-06-23,19:09:00,0.248,Nautical Twilight,-9.5197,298.1455,-64.0324,344.4467,116.7888,94.54,0.2746,Waxing Gibbous,
2003-06-23,19:10:00,0.2269,Nautical Twilight,-9.7306,298.237,-64.0896,344.9727,116.7963,94.54,0.2746,Waxing Gibbous,
2003-06-23,19:11:00,0.2059,Nautical Twilight,-9.9413,298.3289,-64.1448,345.5008,116.8039,94.54,0.2745,Waxing Gibbous,
2003-06-23,19:12:00,0.1848,Nautical Twilight,-10.1518,298.4214,-64.1979,346.0311,116.8114,94.55,0.2745,Waxing Gibbous,
2003-06-23,19:13:00,0.1638,Nautical Twilight,-10.3621,298.5143,-64.2489,346.5634,116.819,94.55,0.2744,Waxing Gibbous,
2003-06-23,19:14:00,0.1428,Nautical Twilight,-10.5723,298.6077,-64.2978,347.0978,116.8265,94.55,0.2744,Waxing Gibbous,
2003-06-23,19:15:00,0.1218,Nautical Twilight,-10.7823,298.7016,-64.3446,347.634,116.8341,94.56,0.2743,Waxing Gibbous,
2003-06-23,19:16:00,0.1008,Nautical Twilight,-10.9921,298.7961,-64.3894,348.1721,116.8416,94.56,0.2742,Waxing Gibbous,
2003-06-23,19:17:00,0.0798,Nautical Twilight,-11.2017,298.891,-64.432,348.712,116.8492,94.56,0.2742,Waxing Gibbous,
2003-06-23,19:18:00,0.0589,Nautical Twilight,-11.4111,298.9864,-64.4724,349.2535,116.8567,94.56,0.2741,Waxing Gibbous,
2003-06-23,19:19:00,0.038,Nautical Twilight,-11.6203,299.0824,-64.5108,349.7967,116.8643,94.57,0.2741,Waxing Gibbous,
2003-06-23,19:20:00,0.0171,Nautical Twilight,-11.8293,299.1788,-64.547,350.3414,116.8718,94.57,0.274,Waxing Gibbous,
2003-06-23,19:21:00,0.006,Astronomical Twilight,-12.0381,299.2758,-64.581,350.8875,116.8793,94.57,0.2739,Waxing Gibbous,
2003-06-23,19:22:00,0.0058,Astronomical Twilight,-12.2467,299.3733,-64.6129,351.435,116.8869,94.58,0.2739,Waxing Gibbous,
2003-06-23,19:23:00,0.0055,Astronomical Twilight,-12.4552,299.4713,-64.6425,351.9838,116.8944,94.58,0.2738,Waxing Gibbous,
2003-06-23,19:24:00,0.0053,Astronomical Twilight,-12.6634,299.5699,-64.67,352.5337,116.902,94.58,0.2738,Waxing Gibbous,
2003-06-23,19:25:00,0.0051,Astronomical Twilight,-12.8714,299.669,-64.6954,353.0848,116.9095,94.58,0.2737,Waxing Gibbous,
2003-06-23,19:26:00,0.0049,Astronomical Twilight,-13.0792,299.7686,-64.7185,353.6369,116.9171,94.59,0.2736,Waxing Gibbous,
2003-06-23,19:27:00,0.0047,Astronomical Twilight,-13.2868,299.8687,-64.7394,354.1899,116.9246,94.59,0.2736,Waxing Gibbous,
2003-06-23,19:28:00,0.0045,Astronomical Twilight,-13.4942,299.9694,-64.7581,354.7437,116.9322,94.59,0.2735,Waxing Gibbous,
2003-06-23,19:29:00,0.0043,Astronomical Twilight,-13.7014,300.0707,-64.7746,355.2983,116.9397,94.59,0.2735,Waxing Gibbous,
2003-06-23,19:30:00,0.0041,Astronomical Twilight,-13.9083,300.1725,-64.7888,355.8535,116.9473,94.6,0.2734,Waxing Gibbous,
2003-06-23,19:31:00,0.0039,Astronomical Twilight,-14.1151,300.2748,-64.8009,356.4093,116.9548,94.6,0.2734,Waxing Gibbous,
2003-06-23,19:32:00,0.0037,Astronomical Twilight,-14.3216,300.3777,-64.8107,356.9655,116.9624,94.6,0.2733,Waxing Gibbous,
2003-06-23,19:33:00,0.0035,Astronomical Twilight,-14.528,300.4811,-64.8183,357.5221,116.9699,94.61,0.2732,Waxing Gibbous,
2003-06-23,19:34:00,0.0033,Astronomical Twilight,-14.7341,300.5852,-64.8237,358.079,116.9774,94.61,0.2732,Waxing Gibbous,
2003-06-23,19:35:00,0.0031,Astronomical Twilight,-14.9399,300.6898,-64.8268,358.6361,116.985,94.61,0.2731,Waxing Gibbous,
2003-06-23,19:36:00,0.0029,Astronomical Twilight,-15.1456,300.7949,-64.8277,359.1932,116.9925,94.61,0.2731,Waxing Gibbous,
2003-06-23,19:37:00,0.0026,Astronomical Twilight,-15.351,300.9006,-64.8264,359.7503,117.0001,94.62,0.273,Waxing Gibbous,
2003-06-23,19:38:00,0.0024,Astronomical Twilight,-15.5562,301.0069,-64.8229,0.3074,117.0076,94.62,0.2729,Waxing Gibbous,
2003-06-23,19:39:00,0.0022,Astronomical Twilight,-15.7612,301.1138,-64.8171,0.8642,117.0152,94.62,0.2729,Waxing Gibbous,
2003-06-23,19:40:00,0.002,Astronomical Twilight,-15.966,301.2213,-64.8091,1.4207,117.0227,94.62,0.2728,Waxing Gibbous,
2003-06-23,19:41:00,0.0018,Astronomical Twilight,-16.1705,301.3294,-64.7988,1.9768,117.0303,94.63,0.2728,Waxing Gibbous,
2003-06-23,19:42:00,0.0016,Astronomical Twilight,-16.3747,301.438,-64.7864,2.5324,117.0378,94.63,0.2727,Waxing Gibbous,
2003-06-23,19:43:00,0.0014,Astronomical Twilight,-16.5788,301.5473,-64.7717,3.0875,117.0454,94.63,0.2727,Waxing Gibbous,
2003-06-23,19:44:00,0.0012,Astronomical Twilight,-16.7826,301.6571,-64.7548,3.6418,117.0529,94.64,0.2726,Waxing Gibbous,
2003-06-23,19:45:00,0.001,Astronomical Twilight,-16.9861,301.7676,-64.7357,4.1954,117.0605,94.64,0.2725,Waxing Gibbous,
2003-06-23,19:46:00,0.0008,Astronomical Twilight,-17.1894,301.8787,-64.7144,4.7481,117.068,94.64,0.2725,Waxing Gibbous,
2003-06-23,19:47:00,0.0006,Astronomical Twilight,-17.3925,301.9904,-64.6908,5.2999,117.0755,94.64,0.2724,Waxing Gibbous,
2003-06-23,19:48:00,0.0004,Astronomical Twilight,-17.5953,302.1027,-64.6651,5.8507,117.0831,94.65,0.2724,Waxing Gibbous,
2003-06-23,19:49:00,0.0002,Astronomical Twilight,-17.7979,302.2156,-64.6372,6.4003,117.0906,94.65,0.2723,Waxing Gibbous,
2003-06-23,19:50:00,0.0,Moonless Night,-18.0002,302.3291,-64.6071,6.9487,117.0982,94.65,0.2722,Waxing Gibbous,
2003-06-23,19:51:00,0.0,Moonless Night,-18.2023,302.4433,-64.5749,7.4958,117.1057,94.65,0.2722,Waxing Gibbous,
2003-06-23,19:52:00,0.0,Moonless Night,-18.4041,302.5581,-64.5404,8.0415,117.1133,94.66,0.2721,Waxing Gibbous,
2003-06-23,19:53:00,0.0,Moonless Night,-18.6056,302.6736,-64.5038,8.5857,117.1208,94.66,0.2721,Waxing Gibbous,
2003-06-23,19:54:00,0.0,Moonless Night,-18.8069,302.7897,-64.4651,9.1284,117.1284,94.66,0.272,Waxing Gibbous,
2003-06-23,19:55:00,0.0,Moonless Night,-19.0079,302.9064,-64.4242,9.6694,117.1359,94.66,0.2719,Waxing Gibbous,
2003-06-23,19:56:00,0.0,Moonless Night,-19.2087,303.0238,-64.3812,10.2087,117.1435,94.67,0.2719,Waxing Gibbous,
2003-06-23,19:57:00,0.0,Moonless Night,-19.4092,303.1418,-64.3361,10.7463,117.151,94.67,0.2718,Waxing Gibbous,
2003-06-23,19:58:00,0.0,Moonless Night,-19.6094,303.2605,-64.2889,11.2819,117.1585,94.67,0.2718,Waxing Gibbous,
2003-06-23,19:59:00,0.0,Moonless Night,-19.8094,303.3799,-64.2396,11.8156,117.1661,94.68,0.2717,Waxing Gibbous,
2003-06-23,20:00:00,0.0,Moonless Night,-20.009,303.5,-64.1882,12.3474,117.1736,94.68,0.2717,Waxing Gibbous,
2003-06-24,17:00:00,52150.3438,Daylit,18.8291,289.5967,-34.4736,299.063,126.6686,97.49,0.2014,Waxing Crescent,
2003-06-24,17:01:00,51648.3685,Daylit,18.6037,289.6418,-34.6733,299.2125,126.6762,97.49,0.2014,Waxing Crescent,
2003-06-24,17:02:00,51144.8883,Daylit,18.3784,289.6871,-34.8726,299.363,126.6837,97.49,0.2013,Waxing Crescent,
2003-06-24,17:03:00,50639.8959,Daylit,18.1531,289.7328,-35.0717,299.5144,126.6912,97.49,0.2012,Waxing Crescent,
2003-06-24,17:04:00,50133.384,Daylit,17.9279,289.7787,-35.2704,299.6667,126.6988,97.49,0.2012,Waxing Crescent,
2003-06-24,17:05:00,49625.3448,Daylit,17.7028,289.8249,-35.4688,299.8201,126.7063,97.49,0.2011,Waxing Crescent,
2003-06-24,17:06:00,49115.7701,Daylit,17.4777,289.8715,-35.6669,299.9743,126.7138,97.5,0.2011,Waxing Crescent,
2003-06-24,17:07:00,48604.6515,Daylit,17.2527,289.9183,-35.8647,300.1296,126.7214,97.5,0.201,Waxing Crescent,
2003-06-24,17:08:00,48091.9798,Daylit,17.0278,289.9654,-36.0622,300.2859,126.7289,97.5,0.201,Waxing Crescent,
2003-06-24,17:09:00,47577.7457,Daylit,16.8029,290.0128,-36.2593,300.4432,126.7364,97.5,0.2009,Waxing Crescent,
2003-06-24,17:10:00,47061.9394,Daylit,16.5781,290.0605,-36.456,300.6015,126.744,97.5,0.2009,Waxing Crescent,
2003-06-24,17:11:00,46544.5504,Daylit,16.3534,290.1085,-36.6525,300.7608,126.7515,97.5,0.2008,Waxing Crescent,
2003-06-24,17:12:00,46025.5679,Daylit,16.1287,290.1568,-36.8485,300.9211,126.759,97.51,0.2008,Waxing Crescent,
2003-06-24,17:13:00,45504.9806,Daylit,15.9041,290.2054,-37.0443,301.0825,126.7665,97.51,0.2007,Waxing Crescent,
2003-06-24,17:14:00,44982.7765,Daylit,15.6796,290.2542,-37.2397,301.245,126.7741,97.51,0.2007,Waxing Crescent,
2003-06-24,17:15:00,44458.9431,Daylit,15.4552,290.3034,-37.4347,301.4085,126.7816,97.51,0.2006,Waxing Crescent,
2003-06-24,17:16:00,43933.4675,Daylit,15.2308,290.3529,-37.6294,301.5731,126.7891,97.51,0.2006,Waxing Crescent,
2003-06-24,17:17:00,43406.3358,Daylit,15.0065,290.4027,-37.8237,301.7388,126.7967,97.52,0.2005,Waxing Crescent,
2003-06-24,17:18:00,42877.5338,Daylit,14.7822,290.4527,-38.0176,301.9055,126.8042,97.52,0.2005,Waxing Crescent,
2003-06-24,17:19:00,42347.0463,Daylit,14.5581,290.5031,-38.2112,302.0734,126.8117,97.52,0.2004,Waxing Crescent,
2003-06-24,17:20:00,41814.8577,Daylit,14.334,290.5538,-38.4044,302.2424,126.8193,97.52,0.2004,Waxing Crescent,
2003-06-24,17:21:00,41280.9513,Daylit,14.11,290.6047,-38.5972,302.4125,126.8268,97.52,0.2003,Waxing Crescent,
2003-06-24,17:22:00,40745.3099,Daylit,13.886,290.656,-38.7896,302.5837,126.8343,97.52,0.2002,Waxing Crescent,
2003-06-24,17:23:00,40207.9154,Daylit,13.6622,290.7076,-38.9817,302.7561,126.8419,97.53,0.2002,Waxing Crescent,
2003-06-24,17:24:00,39668.7487,Daylit,13.4384,290.7594,-39.1733,302.9297,126.8494,97.53,0.2001,Waxing Crescent,
2003-06-24,17:25:00,39127.7898,Daylit,13.2147,290.8116,-39.3646,303.1044,126.8569,97.53,0.2001,Waxing Crescent,
2003-06-24,17:26:00,38585.0177,Daylit,12.991,290.8641,-39.5555,303.2803,126.8645,97.53,0.2,Waxing Crescent,
2003-06-24,17:27:00,38040.4106,Daylit,12.7675,290.9168,-39.7459,303.4574,126.872,97.53,0.2,Waxing Crescent,
2003-06-24,17:28:00,37493.9454,Daylit,12.544,290.9699,-39.936,303.6357,126.8795,97.53,0.1999,Waxing Crescent,
2003-06-24,17:29:00,36945.5978,Daylit,12.3206,291.0233,-40.1256,303.8152,126.8871,97.54,0.1999,Waxing Crescent,
2003-06-24,17:30:00,36395.3423,Daylit,12.0973,291.077,-40.3148,303.996,126.8946,97.54,0.1998,Waxing Crescent,
2003-06-24,17:31:00,35843.1524,Daylit,11.874,291.131,-40.5036,304.1779,126.9021,97.54,0.1998,Waxing Crescent,
2003-06-24,17:32:00,35288.9998,Daylit,11.6509,291.1853,-40.692,304.3612,126.9097,97.54,0.1997,Waxing Crescent,
2003-06-24,17:33:00,34732.8549,Daylit,11.4278,291.2399,-40.8799,304.5457,126.9172,97.54,0.1997,Waxing Crescent,
2003-06-24,17:34:00,34174.6868,Daylit,11.2048,291.2948,-41.0674,304.7314,126.9247,97.55,0.1996,Waxing Crescent,
2003-06-24,17:35:00,33614.4627,Daylit,10.9819,291.35,-41.2544,304.9185,126.9323,97.55,0.1996,Waxing Crescent,
2003-06-24,17:36:00,33052.148,Daylit,10.7591,291.4055,-41.441,305.1068,126.9398,97.55,0.1995,Waxing Crescent,
2003-06-24,17:37:00,32487.7065,Daylit,10.5364,291.4614,-41.6272,305.2965,126.9473,97.55,0.1995,Waxing Crescent,
2003-06-24,17:38:00,31921.0997,Daylit,10.3137,291.5175,-41.8129,305.4874,126.9548,97.55,0.1994,Waxing Crescent,
2003-06-24,17:39:00,31352.2873,Daylit,10.0912,291.574,-41.9981,305.6797,126.9624,97.55,0.1994,Waxing Crescent,
2003-06-24,17:40:00,30781.2264,Daylit,9.8687,291.6308,-42.1829,305.8734,126.9699,97.56,0.1993,Waxing Crescent,
2003-06-24,17:41:00,30207.8719,Daylit,9.6463,291.6879,-42.3672,306.0684,126.9774,97.56,0.1992,Waxing Crescent,
2003-06-24,17:42:00,29632.176,Daylit,9.424,291.7453,-42.551,306.2648,126.985,97.56,0.1992,Waxing Crescent,
2003-06-24,17:43:00,29054.0881,Daylit,9.2018,291.803,-42.7343,306.4625,126.9925,97.56,0.1991,Waxing Crescent,
2003-06-24,17:44:00,28473.5545,Daylit,8.9796,291.8611,-42.9172,306.6617,127.0,97.56,0.1991,Waxing Crescent,
2003-06-24,17:45:00,27890.5183,Daylit,8.7576,291.9194,-43.0995,306.8622,127.0076,97.56,0.199,Waxing Crescent,
2003-06-24,17:46:00,27304.9191,Daylit,8.5357,291.9781,-43.2814,307.0642,127.0151,97.57,0.199,Waxing Crescent,
2003-06-24,17:47:00,26716.6927,Daylit,8.3138,292.0371,-43.4627,307.2676,127.0226,97.57,0.1989,Waxing Crescent,
2003-06-24,17:48:00,26125.7705,Daylit,8.0921,292.0964,-43.6436,307.4725,127.0302,97.57,0.1989,Waxing Crescent,
2003-06-24,17:49:00,25532.0797,Daylit,7.8704,292.1561,-43.8239,307.6788,127.0377,97.57,0.1988,Waxing Crescent,
2003-06-24,17:50:00,24935.5425,Daylit,7.6488,292.216,-44.0037,307.8866,127.0452,97.57,0.1988,Waxing Crescent,
2003-06-24,17:51:00,24336.0756,Daylit,7.4274,292.2763,-44.183,308.0959,127.0528,97.57,0.1987,Waxing Crescent,
2003-06-24,17:52:00,23733.59,Daylit,7.206,292.3369,-44.3617,308.3067,127.0603,97.58,0.1987,Waxing Crescent,
2003-06-24,17:53:00,23127.9903,Daylit,6.9847,292.3979,-44.5399,308.519,127.0678,97.58,0.1986,Waxing Crescent,
2003-06-24,17:54:00,22519.1738,Daylit,6.7635,292.4592,-44.7175,308.7328,127.0754,97.58,0.1986,Waxing Crescent,
2003-06-24,17:55:00,21907.03,Daylit,6.5424,292.5208,-44.8946,308.9482,127.0829,97.58,0.1985,Waxing Crescent,
2003-06-24,17:56:00,21291.44,Daylit,6.3215,292.5827,-45.0711,309.1651,127.0904,97.58,0.1985,Waxing Crescent,
2003-06-24,17:57:00,20672.275,Daylit,6.1006,292.645,-45.2471,309.3836,127.098,97.59,0.1984,Waxing Crescent,
2003-06-24,17:58:00,20049.3956,Daylit,5.8798,292.7076,-45.4225,309.6037,127.1055,97.59,0.1984,Waxing Crescent,
2003-06-24,17:59:00,19422.6503,Daylit,5.6591,292.7705,-45.5973,309.8254,127.113,97.59,0.1983,Waxing Crescent,
2003-06-24,18:00:00,18791.8742,Daylit,5.4385,292.8338,-45.7715,310.0486,127.1206,97.59,0.1983,Waxing Crescent,
2003-06-24,18:01:00,18156.8872,Daylit,5.218,292.8974,-45.9452,310.2735,127.1281,97.59,0.1982,Waxing Crescent,
2003-06-24,18:02:00,17517.4917,Daylit,4.9977,292.9614,-46.1182,310.5,127.1356,97.59,0.1981,Waxing Crescent,
2003-06-24,18:03:00,16873.4706,Daylit,4.7774,293.0256,-46.2906,310.7282,127.1432,97.6,0.1981,Waxing Crescent,
2003-06-24,18:04:00,16224.5842,Daylit,4.5572,293.0903,-46.4624,310.9581,127.1507,97.6,0.198,Waxing Crescent,
2003-06-24,18:05:00,15570.5666,Daylit,4.3371,293.1552,-46.6336,311.1896,127.1582,97.6,0.198,Waxing Crescent,
2003-06-24,18:06:00,14911.122,Daylit,4.1172,293.2206,-46.8042,311.4228,127.1657,97.6,0.1979,Waxing Crescent,
2003-06-24,18:07:00,14245.9188,Daylit,3.8973,293.2862,-46.9741,311.6577,127.1733,97.6,0.1979,Waxing Crescent,
2003-06-24,18:08:00,13574.5839,Daylit,3.6776,293.3522,-47.1433,311.8943,127.1808,97.6,0.1978,Waxing Crescent,
2003-06-24,18:09:00,12896.6944,Daylit,3.458,293.4186,-47.312,312.1327,127.1883,97.61,0.1978,Waxing Crescent,
2003-06-24,18:10:00,12211.7678,Daylit,3.2385,293.4853,-47.4799,312.3728,127.1959,97.61,0.1977,Waxing Crescent,
2003-06-24,18:11:00,11519.249,Daylit,3.0191,293.5524,-47.6472,312.6147,127.2034,97.61,0.1977,Waxing Crescent,
2003-06-24,18:12:00,10818.4932,Daylit,2.7998,293.6198,-47.8139,312.8583,127.2109,97.61,0.1976,Waxing Crescent,
2003-06-24,18:13:00,10108.744,Daylit,2.5806,293.6876,-47.9798,313.1038,127.2185,97.61,0.1976,Waxing Crescent,
2003-06-24,18:14:00,9389.1027,Daylit,2.3615,293.7557,-48.1451,313.351,127.226,97.61,0.1975,Waxing Crescent,
2003-06-24,18:15:00,8658.4863,Daylit,2.1426,293.8242,-48.3096,313.6001,127.2335,97.62,0.1975,Waxing Crescent,
2003-06-24,18:16:00,7915.5667,Daylit,1.9237,293.893,-48.4735,313.851,127.2411,97.62,0.1974,Waxing Crescent,
2003-06-24,18:17:00,7158.6813,Daylit,1.705,293.9622,-48.6366,314.1037,127.2486,97.62,0.1974,Waxing Crescent,
2003-06-24,18:18:00,6385.6949,Daylit,1.4864,294.0318,-48.799,314.3583,127.2561,97.62,0.1973,Waxing Crescent,
2003-06-24,18:19:00,5593.7738,Daylit,1.2679,294.1017,-48.9607,314.6148,127.2637,97.62,0.1973,Waxing Crescent,
2003-06-24,18:20:00,4778.9939,Daylit,1.0496,294.172,-49.1217,314.8731,127.2712,97.62,0.1972,Waxing Crescent,
2003-06-24,18:21:00,3935.5931,Daylit,0.8313,294.2427,-49.2819,315.1334,127.2787,97.63,0.1972,Waxing Crescent,
2003-06-24,18:22:00,3054.3558,Daylit,0.6132,294.3137,-49.4413,315.3955,127.2863,97.63,0.1971,Waxing Crescent,
2003-06-24,18:23:00,2118.3496,Daylit,0.3952,294.3852,-49.6,315.6596,127.2938,97.63,0.197,Waxing Crescent,
2003-06-24,18:24:00,1086.593,Daylit,0.1773,294.4569,-49.7579,315.9257,127.3013,97.63,0.197,Waxing Crescent,
2003-06-24,18:25:00,20.2625,Civil Twilight,-0.0404,294.5291,-49.915,316.1936,127.3089,97.63,0.1969,Waxing Crescent,
2003-06-24,18:26:00,19.5226,Civil Twilight,-0.2581,294.6016,-50.0713,316.4636,127.3164,97.64,0.1969,Waxing Crescent,
2003-06-24,18:27:00,18.7831,Civil Twilight,-0.4756,294.6746,-50.2269,316.7355,127.3239,97.64,0.1968,Waxing Crescent,
2003-06-24,18:28:00,18.044,Civil Twilight,-0.6929,294.7479,-50.3816,317.0095,127.3315,97.64,0.1968,Waxing Crescent,
2003-06-24,18:29:00,17.3054,Civil Twilight,-0.9102,294.8216,-50.5355,317.2854,127.339,97.64,0.1967,Waxing Crescent,
2003-06-24,18:30:00,16.5672,Civil Twilight,-1.1273,294.8956,-50.6885,317.5634,127.3465,97.64,0.1967,Waxing Crescent,
2003-06-24,18:31:00,15.8295,Civil Twilight,-1.3443,294.9701,-50.8407,317.8434,127.3541,97.64,0.1966,Waxing Crescent,
2003-06-24,18:32:00,15.0922,Civil Twilight,-1.5611,295.0449,-50.9921,318.1254,127.3616,97.65,0.1966,Waxing Crescent,
2003-06-24,18:33:00,14.3553,Civil Twilight,-1.7778,295.1202,-51.1426,318.4095,127.3691,97.65,0.1965,Waxing Crescent,
2003-06-24,18:34:00,13.6189,Civil Twilight,-1.9944,295.1958,-51.2923,318.6956,127.3766,97.65,0.1965,Waxing Crescent,
2003-06-24,18:35:00,12.883,Civil Twilight,-2.2109,295.2718,-51.441,318.9839,127.3842,97.65,0.1964,Waxing Crescent,
2003-06-24,18:36:00,12.1475,Civil Twilight,-2.4272,295.3482,-51.5889,319.2742,127.3917,97.65,0.1964,Waxing Crescent,
2003-06-24,18:37:00,11.4125,Civil Twilight,-2.6434,295.4251,-51.7359,319.5667,127.3992,97.65,0.1963,Waxing Crescent,
2003-06-24,18:38:00,10.678,Civil Twilight,-2.8594,295.5023,-51.882,319.8612,127.4068,97.66,0.1963,Waxing Crescent,
2003-06-24,18:39:00,9.9439,Civil Twilight,-3.0753,295.5799,-52.0271,320.1579,127.4143,97.66,0.1962,Waxing Crescent,
2003-06-24,18:40:00,9.2104,Civil Twilight,-3.2911,295.658,-52.1713,320.4567,127.4218,97.66,0.1962,Waxing Crescent,
2003-06-24,18:41:00,8.4773,Civil Twilight,-3.5067,295.7364,-52.3146,320.7577,127.4294,97.66,0.1961,Waxing Crescent,
2003-06-24,18:42:00,7.7446,Civil Twilight,-3.7222,295.8153,-52.457,321.0608,127.4369,97.66,0.1961,Waxing Crescent,
2003-06-24,18:43:00,7.0125,Civil Twilight,-3.9375,295.8945,-52.5983,321.3661,127.4444,97.66,0.196,Waxing Crescent,
2003-06-24,18:44:00,6.2809,Civil Twilight,-4.1527,295.9742,-52.7387,321.6736,127.452,97.67,0.196,Waxing Crescent,
2003-06-24,18:45:00,5.5497,Civil Twilight,-4.3677,296.0543,-52.8781,321.9833,127.4595,97.67,0.1959,Waxing Crescent,
2003-06-24,18:46:00,4.8191,Civil Twilight,-4.5826,296.1348,-53.0165,322.2952,127.467,97.67,0.1958,Waxing Crescent,
2003-06-24,18:47:00,4.089,Civil Twilight,-4.7974,296.2158,-53.154,322.6092,127.4746,97.67,0.1958,Waxing Crescent,
2003-06-24,18:48:00,3.3593,Civil Twilight,-5.012,296.2971,-53.2903,322.9255,127.4821,97.67,0.1957,Waxing Crescent,
2003-06-24,18:49:00,2.6302,Civil Twilight,-5.2264,296.3789,-53.4257,323.244,127.4896,97.67,0.1957,Waxing Crescent,
2003-06-24,18:50:00,1.9016,Civil Twilight,-5.4407,296.4611,-53.56,323.5648,127.4972,97.68,0.1956,Waxing Crescent,
2003-06-24,18:51:00,1.1736,Civil Twilight,-5.6548,296.5438,-53.6933,323.8878,127.5047,97.68,0.1956,Waxing Crescent,
2003-06-24,18:52:00,0.446,Civil Twilight,-5.8688,296.6269,-53.8255,324.213,127.5122,97.68,0.1955,Waxing Crescent,
2003-06-24,18:53:00,0.5917,Nautical Twilight,-6.0826,296.7104,-53.9567,324.5405,127.5198,97.68,0.1955,Waxing Crescent,
2003-06-24,18:54:00,0.5704,Nautical Twilight,-6.2963,296.7944,-54.0867,324.8702,127.5273,97.68,0.1954,Waxing Crescent,
2003-06-24,18:55:00,0.549,Nautical Twilight,-6.5098,296.8788,-54.2157,325.2022,127.5348,97.68,0.1954,Waxing Crescent,
2003-06-24,18:56:00,0.5277,Nautical Twilight,-6.7232,296.9636,-54.3435,325.5365,127.5424,97.69,0.1953,Waxing Crescent,
2003-06-24,18:57:00,0.5064,Nautical Twilight,-6.9364,297.0489,-54.4702,325.8731,127.5499,97.69,0.1953,Waxing Crescent,
2003-06-24,18:58:00,0.4851,Nautical Twilight,-7.1494,297.1347,-54.5958,326.2119,127.5574,97.69,0.1952,Waxing Crescent,
2003-06-24,18:59:00,0.4638,Nautical Twilight,-7.3623,297.2209,-54.7203,326.553,127.565,97.69,0.1952,Waxing Crescent,
2003-06-24,19:00:00,0.4425,Nautical Twilight,-7.575,297.3075,-54.8436,326.8964,127.5725,97.69,0.1951,Waxing Crescent,
2003-06-24,19:01:00,0.4212,Nautical Twilight,-7.7875,297.3946,-54.9657,327.2421,127.58,97.69,0.1951,Waxing Crescent,
2003-06-24,19:02:00,0.4,Nautical Twilight,-7.9999,297.4822,-55.0867,327.59,127.5876,97.7,0.195,Waxing Crescent,
2003-06-24,19:03:00,0.3788,Nautical Twilight,-8.2121,297.5702,-55.2064,327.9403,127.5951,97.7,0.195,Waxing Crescent,
2003-06-24,19:04:00,0.3576,Nautical Twilight,-8.4241,297.6587,-55.3249,328.2929,127.6026,97.7,0.1949,Waxing Crescent,
2003-06-24,19:05:00,0.3364,Nautical Twilight,-8.6359,297.7477,-55.4423,328.6477,127.6102,97.7,0.1949,Waxing Crescent,
2003-06-24,19:06:00,0.3152,Nautical Twilight,-8.8476,297.8371,-55.5584,329.0048,127.6177,97.7,0.1948,Waxing Crescent,
2003-06-24,19:07:00,0.2941,Nautical Twilight,-9.0591,297.927,-55.6732,329.3643,127.6252,97.7,0.1948,Waxing Crescent,
2003-06-24,19:08:00,0.273,Nautical Twilight,-9.2705,298.0174,-55.7868,329.726,127.6327,97.71,0.1947,Waxing Crescent,
2003-06-24,19:09:00,0.2518,Nautical Twilight,-9.4816,298.1083,-55.8992,330.09,127.6403,97.71,0.1946,Waxing Crescent,
2003-06-24,19:10:00,0.2307,Nautical Twilight,-9.6926,298.1996,-56.0102,330.4562,127.6478,97.71,0.1946,Waxing Crescent,
2003-06-24,19:11:00,0.2097,Nautical Twilight,-9.9034,298.2915,-56.12,330.8248,127.6553,97.71,0.1945,Waxing Crescent,
2003-06-24,19:12:00,0.1886,Nautical Twilight,-10.114,298.3838,-56.2284,331.1956,127.6629,97.71,0.1945,Waxing Crescent,
2003-06-24,19:13:00,0.1676,Nautical Twilight,-10.3244,298.4766,-56.3356,331.5687,127.6704,97.71,0.1944,Waxing Crescent,
2003-06-24,19:14:00,0.1465,Nautical Twilight,-10.5347,298.5699,-56.4414,331.9441,127.6779,97.72,0.1944,Waxing Crescent,
2003-06-24,19:15:00,0.1255,Nautical Twilight,-10.7447,298.6637,-56.5459,332.3217,127.6855,97.72,0.1943,Waxing Crescent,
2003-06-24,19:16:00,0.1045,Nautical Twilight,-10.9546,298.758,-56.649,332.7015,127.693,97.72,0.1943,Waxing Crescent,
2003-06-24,19:17:00,0.0836,Nautical Twilight,-11.1643,298.8529,-56.7507,333.0836,127.7005,97.72,0.1942,Waxing Crescent,
2003-06-24,19:18:00,0.0626,Nautical Twilight,-11.3737,298.9482,-56.8511,333.4679,127.7081,97.72,0.1942,Waxing Crescent,
2003-06-24,19:19:00,0.0417,Nautical Twilight,-11.583,299.044,-56.9501,333.8545,127.7156,97.73,0.1941,Waxing Crescent,
2003-06-24,19:20:00,0.0208,Nautical Twilight,-11.7921,299.1404,-57.0476,334.2432,127.7231,97.73,0.1941,Waxing Crescent,
2003-06-24,19:21:00,0.006,Astronomical Twilight,-12.001,299.2372,-57.1438,334.6342,127.7307,97.73,0.194,Waxing Crescent,
2003-06-24,19:22:00,0.0058,Astronomical Twilight,-12.2097,299.3346,-57.2385,335.0273,127.7382,97.73,0.194,Waxing Crescent,
2003-06-24,19:23:00,0.0056,Astronomical Twilight,-12.4182,299.4325,-57.3318,335.4225,127.7457,97.73,0.1939,Waxing Crescent,
2003-06-24,19:24:00,0.0054,Astronomical Twilight,-12.6265,299.531,-57.4237,335.82,127.7533,97.73,0.1939,Waxing Crescent,
2003-06-24,19:25:00,0.0052,Astronomical Twilight,-12.8346,299.6299,-57.514,336.2195,127.7608,97.74,0.1938,Waxing Crescent,
2003-06-24,19:26:00,0.005,Astronomical Twilight,-13.0425,299.7294,-57.6029,336.6212,127.7683,97.74,0.1938,Waxing Crescent,
2003-06-24,19:27:00,0.0047,Astronomical Twilight,-13.2502,299.8295,-57.6903,337.025,127.7759,97.74,0.1937,Waxing Crescent,
2003-06-24,19:28:00,0.0045,Astronomical Twilight,-13.4577,299.93,-57.7762,337.4309,127.7834,97.74,0.1937,Waxing Crescent,
2003-06-24,19:29:00,0.0043,Astronomical Twilight,-13.6649,300.0312,-57.8606,337.8388,127.7909,97.74,0.1936,Waxing Crescent,
2003-06-24,19:30:00,0.0041,Astronomical Twilight,-13.872,300.1328,-57.9434,338.2487,127.7985,97.74,0.1936,Waxing Crescent,
2003-06-24,19:31:00,0.0039,Astronomical Twilight,-14.0788,300.235,-58.0248,338.6607,127.806,97.75,0.1935,Waxing Crescent,
2003-06-24,19:32:00,0.0037,Astronomical Twilight,-14.2855,300.3378,-58.1045,339.0747,127.8135,97.75,0.1935,Waxing Crescent,
2003-06-24,19:33:00,0.0035,Astronomical Twilight,-14.4919,300.4412,-58.1827,339.4906,127.8211,97.75,0.1934,Waxing Crescent,
2003-06-24,19:34:00,0.0033,Astronomical Twilight,-14.6981,300.5451,-58.2594,339.9085,127.8286,97.75,0.1933,Waxing Crescent,
2003-06-24,19:35:00,0.0031,Astronomical Twilight,-14.904,300.6495,-58.3344,340.3284,127.8361,97.75,0.1933,Waxing Crescent,
2003-06-24,19:36:00,0.0029,Astronomical Twilight,-15.1098,300.7545,-58.4079,340.7501,127.8437,97.75,0.1932,Waxing Crescent,
2003-06-24,19:37:00,0.0027,Astronomical Twilight,-15.3153,300.8601,-58.4797,341.1736,127.8512,97.76,0.1932,Waxing Crescent,
2003-06-24,19:38:00,0.0025,Astronomical Twilight,-15.5206,300.9663,-58.55,341.599,127.8587,97.76,0.1931,Waxing Crescent,
2003-06-24,19:39:00,0.0023,Astronomical Twilight,-15.7256,301.0731,-58.6186,342.0263,127.8663,97.76,0.1931,Waxing Crescent,
2003-06-24,19:40:00,0.0021,Astronomical Twilight,-15.9305,301.1804,-58.6856,342.4553,127.8738,97.76,0.193,Waxing Crescent,
2003-06-24,19:41:00,0.0019,Astronomical Twilight,-16.1351,301.2884,-58.7509,342.886,127.8813,97.76,0.193,Waxing Crescent,
2003-06-24,19:42:00,0.0017,Astronomical Twilight,-16.3394,301.3969,-58.8145,343.3184,127.8889,97.76,0.1929,Waxing Crescent,
2003-06-24,19:43:00,0.0015,Astronomical Twilight,-16.5436,301.506,-58.8765,343.7526,127.8964,97.77,0.1929,Waxing Crescent,
2003-06-24,19:44:00,0.0013,Astronomical Twilight,-16.7475,301.6158,-58.9369,344.1883,127.9039,97.77,0.1928,Waxing Crescent,
2003-06-24,19:45:00,0.001,Astronomical Twilight,-16.9511,301.7261,-58.9955,344.6257,127.9115,97.77,0.1928,Waxing Crescent,
2003-06-24,19:46:00,0.0008,Astronomical Twilight,-17.1545,301.837,-59.0524,345.0646,127.919,97.77,0.1927,Waxing Crescent,
2003-06-24,19:47:00,0.0006,Astronomical Twilight,-17.3577,301.9486,-59.1076,345.5051,127.9265,97.77,0.1927,Waxing Crescent,
2003-06-24,19:48:00,0.0004,Astronomical Twilight,-17.5606,302.0607,-59.1611,345.9471,127.934,97.77,0.1926,Waxing Crescent,
2003-06-24,19:49:00,0.0002,Astronomical Twilight,-17.7633,302.1735,-59.2129,346.3905,127.9416,97.78,0.1926,Waxing Crescent,
2003-06-24,19:50:00,0.0,Astronomical Twilight,-17.9657,302.2869,-59.2629,346.8353,127.9491,97.78,0.1925,Waxing Crescent,
2003-06-24,19:51:00,0.0,Moonless Night,-18.1678,302.401,-59.3112,347.2815,127.9566,97.78,0.1925,Waxing Crescent,
2003-06-24,19:52:00,0.0,Moonless Night,-18.3697,302.5156,-59.3578,347.729,127.9642,97.78,0.1924,Waxing Crescent,
2003-06-24,19:53:00,0.0,Moonless Night,-18.5714,302.6309,-59.4026,348.1778,127.9717,97.78,0.1924,Waxing Crescent,
2003-06-24,19:54:00,0.0,Moonless Night,-18.7728,302.7469,-59.4456,348.6279,127.9792,97.78,0.1923,Waxing Crescent,
2003-06-24,19:55:00,0.0,Moonless Night,-18.9739,302.8635,-59.4869,349.0791,127.9868,97.78,0.1923,Waxing Crescent,
2003-06-24,19:56:00,0.0,Moonless Night,-19.1748,302.9807,-59.5263,349.5315,127.9943,97.79,0.1922,Waxing Crescent,
2003-06-24,19:57:00,0.0,Moonless Night,-19.3753,303.0986,-59.564,349.985,128.0018,97.79,0.1922,Waxing Crescent,
2003-06-24,19:58:00,0.0,Moonless Night,-19.5757,303.2172,-59.5999,350.4395,128.0094,97.79,0.1921,Waxing Crescent,
2003-06-24,19:59:00,0.0,Moonless Night,-19.7757,303.3364,-59.634,350.8951,128.0169,97.79,0.1921,Waxing Crescent,
2003-06-24,20:00:00,0.0,Moonless Night,-19.9755,303.4563,-59.6663,351.3516,128.0244,97.79,0.192,Waxing Crescent,
2003-06-25,17:00:00,52247.2124,Daylit,18.8727,289.561,-23.6444,297.8582,137.5269,99.38,0.1312,Waxing Crescent,
2003-06-25,17:01:00,51745.4404,Daylit,18.6473,289.606,-23.847,297.977,137.5344,99.38,0.1312,Waxing Crescent,
2003-06-25,17:02:00,51242.1639,Daylit,18.4219,289.6513,-24.0493,298.0966,137.542,99.38,0.1311,Waxing Crescent,
2003-06-25,17:03:00,50737.376,Daylit,18.1966,289.6969,-24.2514,298.2167,137.5495,99.38,0.1311,Waxing Crescent,
2003-06-25,17:04:00,50231.0693,Daylit,17.9713,289.7429,-24.4533,298.3375,137.5571,99.38,0.131,Waxing Crescent,
2003-06-25,17:05:00,49723.2362,Daylit,17.7461,289.7891,-24.6549,298.459,137.5646,99.38,0.131,Waxing Crescent,
2003-06-25,17:06:00,49213.8686,Daylit,17.521,289.8356,-24.8563,298.5811,137.5722,99.38,0.1309,Waxing Crescent,
2003-06-25,17:07:00,48702.9578,Daylit,17.296,289.8823,-25.0574,298.7039,137.5797,99.38,0.1309,Waxing Crescent,
2003-06-25,17:08:00,48190.4952,Daylit,17.071,289.9294,-25.2582,298.8274,137.5873,99.38,0.1308,Waxing Crescent,
2003-06-25,17:09:00,47676.4712,Daylit,16.846,289.9768,-25.4588,298.9515,137.5949,99.38,0.1308,Waxing Crescent,
2003-06-25,17:10:00,47160.8762,Daylit,16.6212,290.0245,-25.6592,299.0763,137.6024,99.39,0.1308,Waxing Crescent,
2003-06-25,17:11:00,46643.6998,Daylit,16.3964,290.0724,-25.8592,299.2018,137.61,99.39,0.1307,Waxing Crescent,
2003-06-25,17:12:00,46124.9312,Daylit,16.1717,290.1207,-26.0591,299.328,137.6175,99.39,0.1307,Waxing Crescent,
2003-06-25,17:13:00,45604.5593,Daylit,15.947,290.1693,-26.2586,299.4549,137.6251,99.39,0.1306,Waxing Crescent,
2003-06-25,17:14:00,45082.5722,Daylit,15.7225,290.2181,-26.4579,299.5825,137.6326,99.39,0.1306,Waxing Crescent,
2003-06-25,17:15:00,44558.9574,Daylit,15.498,290.2673,-26.6569,299.7108,137.6402,99.39,0.1305,Waxing Crescent,
2003-06-25,17:16:00,44033.7021,Daylit,15.2735,290.3167,-26.8556,299.8399,137.6477,99.39,0.1305,Waxing Crescent,
2003-06-25,17:17:00,43506.7927,Daylit,15.0492,290.3664,-27.0541,299.9696,137.6553,99.39,0.1304,Waxing Crescent,
2003-06-25,17:18:00,42978.2148,Daylit,14.8249,290.4165,-27.2523,300.1001,137.6629,99.39,0.1304,Waxing Crescent,
2003-06-25,17:19:00,42447.9536,Daylit,14.6006,290.4668,-27.4502,300.2313,137.6704,99.39,0.1304,Waxing Crescent,
2003-06-25,17:20:00,41915.9935,Daylit,14.3765,290.5174,-27.6479,300.3633,137.678,99.39,0.1303,Waxing Crescent,
2003-06-25,17:21:00,41382.318,Daylit,14.1524,290.5684,-27.8452,300.496,137.6855,99.4,0.1303,Waxing Crescent,
2003-06-25,17:22:00,40846.91,Daylit,13.9284,290.6196,-28.0423,300.6295,137.6931,99.4,0.1302,Waxing Crescent,
2003-06-25,17:23:00,40309.7514,Daylit,13.7045,290.6711,-28.239,300.7637,137.7006,99.4,0.1302,Waxing Crescent,
2003-06-25,17:24:00,39770.8235,Daylit,13.4807,290.7229,-28.4355,300.8987,137.7082,99.4,0.1301,Waxing Crescent,
2003-06-25,17:25:00,39230.1063,Daylit,13.2569,290.7751,-28.6317,301.0344,137.7157,99.4,0.1301,Waxing Crescent,
2003-06-25,17:26:00,38687.5791,Daylit,13.0332,290.8275,-28.8276,301.171,137.7233,99.4,0.13,Waxing Crescent,
2003-06-25,17:27:00,38143.2202,Daylit,12.8096,290.8802,-29.0232,301.3083,137.7309,99.4,0.13,Waxing Crescent,
2003-06-25,17:28:00,37597.0066,Daylit,12.5861,290.9333,-29.2185,301.4464,137.7384,99.4,0.13,Waxing Crescent,
2003-06-25,17:29:00,37048.9144,Daylit,12.3626,290.9866,-29.4134,301.5853,137.746,99.4,0.1299,Waxing Crescent,
2003-06-25,17:30:00,36498.9183,Daylit,12.1392,291.0403,-29.6081,301.725,137.7535,99.4,0.1299,Waxing Crescent,
2003-06-25,17:31:00,35946.9917,Daylit,11.916,291.0942,-29.8025,301.8655,137.7611,99.4,0.1298,Waxing Crescent,
2003-06-25,17:32:00,35393.107,Daylit,11.6927,291.1485,-29.9965,302.0069,137.7686,99.41,0.1298,Waxing Crescent,
2003-06-25,17:33:00,34837.2347,Daylit,11.4696,291.203,-30.1902,302.149,137.7762,99.41,0.1297,Waxing Crescent,
2003-06-25,17:34:00,34279.344,Daylit,11.2466,291.2579,-30.3836,302.292,137.7837,99.41,0.1297,Waxing Crescent,
2003-06-25,17:35:00,33719.4024,Daylit,11.0236,291.3131,-30.5767,302.4359,137.7913,99.41,0.1296,Waxing Crescent,
2003-06-25,17:36:00,33157.3759,Daylit,10.8007,291.3686,-30.7695,302.5806,137.7989,99.41,0.1296,Waxing Crescent,
2003-06-25,17:37:00,32593.2283,Daylit,10.5779,291.4244,-30.9619,302.7261,137.8064,99.41,0.1296,Waxing Crescent,
2003-06-25,17:38:00,32026.9218,Daylit,10.3552,291.4805,-31.154,302.8725,137.814,99.41,0.1295,Waxing Crescent,
2003-06-25,17:39:00,31458.4161,Daylit,10.1326,291.5369,-31.3458,303.0197,137.8215,99.41,0.1295,Waxing Crescent,
2003-06-25,17:40:00,30887.669,Daylit,9.9101,291.5936,-31.5372,303.1678,137.8291,99.41,0.1294,Waxing Crescent,
2003-06-25,17:41:00,30314.6357,Daylit,9.6876,291.6507,-31.7283,303.3169,137.8366,99.41,0.1294,Waxing Crescent,
2003-06-25,17:42:00,29739.2688,Daylit,9.4653,291.7081,-31.919,303.4667,137.8442,99.41,0.1293,Waxing Crescent,
2003-06-25,17:43:00,29161.5183,Daylit,9.243,291.7657,-32.1094,303.6175,137.8518,99.41,0.1293,Waxing Crescent,
2003-06-25,17:44:00,28581.3311,Daylit,9.0208,291.8237,-32.2995,303.7692,137.8593,99.42,0.1293,Waxing Crescent,
2003-06-25,17:45:00,27998.6508,Daylit,8.7987,291.8821,-32.4891,303.9218,137.8669,99.42,0.1292,Waxing Crescent,
2003-06-25,17:46:00,27413.4176,Daylit,8.5767,291.9407,-32.6785,304.0753,137.8744,99.42,0.1292,Waxing Crescent,
2003-06-25,17:47:00,26825.568,Daylit,8.3548,291.9996,-32.8674,304.2297,137.882,99.42,0.1291,Waxing Crescent,
2003-06-25,17:48:00,26235.0343,Daylit,8.133,292.0589,-33.056,304.3851,137.8895,99.42,0.1291,Waxing Crescent,
2003-06-25,17:49:00,25641.7443,Daylit,7.9113,292.1185,-33.2443,304.5414,137.8971,99.42,0.129,Waxing Crescent,
2003-06-25,17:50:00,25045.6212,Daylit,7.6896,292.1784,-33.4321,304.6987,137.9046,99.42,0.129,Waxing Crescent,
2003-06-25,17:51:00,24446.5826,Daylit,7.4681,292.2387,-33.6196,304.8569,137.9122,99.42,0.1289,Waxing Crescent,
2003-06-25,17:52:00,23844.5407,Daylit,7.2467,292.2992,-33.8067,305.016,137.9198,99.42,0.1289,Waxing Crescent,
2003-06-25,17:53:00,23239.401,Daylit,7.0253,292.3601,-33.9934,305.1762,137.9273,99.42,0.1289,Waxing Crescent,
2003-06-25,17:54:00,22631.0623,Daylit,6.8041,292.4214,-34.1798,305.3373,137.9349,99.42,0.1288,Waxing Crescent,
2003-06-25,17:55:00,22019.4155,Daylit,6.5829,292.4829,-34.3657,305.4994,137.9424,99.43,0.1288,Waxing Crescent,
2003-06-25,17:56:00,21404.3432,Daylit,6.3619,292.5448,-34.5513,305.6625,137.95,99.43,0.1287,Waxing Crescent,
2003-06-25,17:57:00,20785.7184,Daylit,6.1409,292.607,-34.7364,305.8265,137.9575,99.43,0.1287,Waxing Crescent,
2003-06-25,17:58:00,20163.4036,Daylit,5.9201,292.6696,-34.9212,305.9916,137.9651,99.43,0.1286,Waxing Crescent,
2003-06-25,17:59:00,19537.2497,Daylit,5.6993,292.7324,-35.1056,306.1578,137.9727,99.43,0.1286,Waxing Crescent,
2003-06-25,18:00:00,18907.094,Daylit,5.4787,292.7957,-35.2895,306.3249,137.9802,99.43,0.1285,Waxing Crescent,
2003-06-25,18:01:00,18272.7592,Daylit,5.2581,292.8592,-35.473,306.4931,137.9878,99.43,0.1285,Waxing Crescent,
2003-06-25,18:02:00,17634.0512,Daylit,5.0377,292.9231,-35.6561,306.6623,137.9953,99.43,0.1285,Waxing Crescent,
2003-06-25,18:03:00,16990.7562,Daylit,4.8174,292.9873,-35.8388,306.8325,138.0029,99.43,0.1284,Waxing Crescent,
2003-06-25,18:04:00,16342.6389,Daylit,4.5971,293.0519,-36.0211,307.0039,138.0104,99.43,0.1284,Waxing Crescent,
2003-06-25,18:05:00,15689.4382,Daylit,4.377,293.1168,-36.2029,307.1762,138.018,99.43,0.1283,Waxing Crescent,
2003-06-25,18:06:00,15030.8637,Daylit,4.157,293.1821,-36.3843,307.3497,138.0256,99.43,0.1283,Waxing Crescent,
2003-06-25,18:07:00,14366.5907,Daylit,3.9371,293.2477,-36.5653,307.5242,138.0331,99.44,0.1282,Waxing Crescent,
2003-06-25,18:08:00,13696.2539,Daylit,3.7173,293.3136,-36.7458,307.6999,138.0407,99.44,0.1282,Waxing Crescent,
2003-06-25,18:09:00,13019.4397,Daylit,3.4976,293.3799,-36.9259,307.8766,138.0482,99.44,0.1281,Waxing Crescent,
2003-06-25,18:10:00,12335.677,Daylit,3.278,293.4466,-37.1055,308.0544,138.0558,99.44,0.1281,Waxing Crescent,
2003-06-25,18:11:00,11644.4243,Daylit,3.0585,293.5136,-37.2847,308.2334,138.0633,99.44,0.1281,Waxing Crescent,
2003-06-25,18:12:00,10945.0542,Daylit,2.8392,293.5809,-37.4634,308.4135,138.0709,99.44,0.128,Waxing Crescent,
2003-06-25,18:13:00,10236.8319,Daylit,2.6199,293.6486,-37.6417,308.5947,138.0785,99.44,0.128,Waxing Crescent,
2003-06-25,18:14:00,9518.8862,Daylit,2.4008,293.7167,-37.8194,308.7771,138.086,99.44,0.1279,Waxing Crescent,
2003-06-25,18:15:00,8790.1702,Daylit,2.1818,293.7851,-37.9967,308.9606,138.0936,99.44,0.1279,Waxing Crescent,
2003-06-25,18:16:00,8049.4046,Daylit,1.9629,293.8539,-38.1736,309.1452,138.1011,99.44,0.1278,Waxing Crescent,
2003-06-25,18:17:00,7294.9941,Daylit,1.7441,293.923,-38.3499,309.3311,138.1087,99.44,0.1278,Waxing Crescent,
2003-06-25,18:18:00,6524.8996,Daylit,1.5254,293.9925,-38.5258,309.5181,138.1162,99.44,0.1277,Waxing Crescent,
2003-06-25,18:19:00,5736.4328,Daylit,1.3068,294.0624,-38.7011,309.7063,138.1238,99.45,0.1277,Waxing Crescent,
2003-06-25,18:20:00,4925.9023,Daylit,1.0884,294.1327,-38.876,309.8957,138.1314,99.45,0.1277,Waxing Crescent,
2003-06-25,18:21:00,4087.9516,Daylit,0.8701,294.2033,-39.0503,310.0863,138.1389,99.45,0.1276,Waxing Crescent,
2003-06-25,18:22:00,3214.1659,Daylit,0.6519,294.2742,-39.2242,310.2781,138.1465,99.45,0.1276,Waxing Crescent,
2003-06-25,18:23:00,2289.5503,Daylit,0.4338,294.3456,-39.3975,310.4712,138.154,99.45,0.1275,Waxing Crescent,
2003-06-25,18:24:00,1280.204,Daylit,0.2159,294.4173,-39.5703,310.6654,138.1616,99.45,0.1275,Waxing Crescent,
2003-06-25,18:25:00,20.3934,Civil Twilight,-0.0019,294.4894,-39.7426,310.8609,138.1691,99.45,0.1274,Waxing Crescent,
2003-06-25,18:26:00,19.6533,Civil Twilight,-0.2196,294.5618,-39.9144,311.0577,138.1767,99.45,0.1274,Waxing Crescent,
2003-06-25,18:27:00,18.9135,Civil Twilight,-0.4372,294.6347,-40.0857,311.2557,138.1843,99.45,0.1274,Waxing Crescent,
2003-06-25,18:28:00,18.1742,Civil Twilight,-0.6546,294.7079,-40.2564,311.455,138.1918,99.45,0.1273,Waxing Crescent,
2003-06-25,18:29:00,17.4354,Civil Twilight,-0.872,294.7815,-40.4265,311.6556,138.1994,99.45,0.1273,Waxing Crescent,
2003-06-25,18:30:00,16.6969,Civil Twilight,-1.0891,294.8555,-40.5961,311.8574,138.2069,99.45,0.1272,Waxing Crescent,
2003-06-25,18:31:00,15.9589,Civil Twilight,-1.3062,294.9299,-40.7652,312.0606,138.2145,99.46,0.1272,Waxing Crescent,
2003-06-25,18:32:00,15.2214,Civil Twilight,-1.5231,295.0047,-40.9336,312.265,138.222,99.46,0.1271,Waxing Crescent,
2003-06-25,18:33:00,14.4843,Civil Twilight,-1.7399,295.0798,-41.1016,312.4708,138.2296,99.46,0.1271,Waxing Crescent,
2003-06-25,18:34:00,13.7477,Civil Twilight,-1.9566,295.1554,-41.2689,312.6779,138.2372,99.46,0.127,Waxing Crescent,
2003-06-25,18:35:00,13.0115,Civil Twilight,-2.1731,295.2314,-41.4357,312.8863,138.2447,99.46,0.127,Waxing Crescent,
2003-06-25,18:36:00,12.2758,Civil Twilight,-2.3895,295.3077,-41.6019,313.096,138.2523,99.46,0.127,Waxing Crescent,
2003-06-25,18:37:00,11.5405,Civil Twilight,-2.6057,295.3844,-41.7675,313.3072,138.2598,99.46,0.1269,Waxing Crescent,
2003-06-25,18:38:00,10.8057,Civil Twilight,-2.8219,295.4616,-41.9325,313.5196,138.2674,99.46,0.1269,Waxing Crescent,
2003-06-25,18:39:00,10.0714,Civil Twilight,-3.0378,295.5391,-42.0969,313.7335,138.2749,99.46,0.1268,Waxing Crescent,
2003-06-25,18:40:00,9.3376,Civil Twilight,-3.2537,295.6171,-42.2607,313.9487,138.2825,99.46,0.1268,Waxing Crescent,
2003-06-25,18:41:00,8.6042,Civil Twilight,-3.4694,295.6955,-42.4238,314.1653,138.2901,99.46,0.1267,Waxing Crescent,
2003-06-25,18:42:00,7.8713,Civil Twilight,-3.6849,295.7742,-42.5864,314.3833,138.2976,99.47,0.1267,Waxing Crescent,
2003-06-25,18:43:00,7.1389,Civil Twilight,-3.9003,295.8534,-42.7483,314.6027,138.3052,99.47,0.1267,Waxing Crescent,
2003-06-25,18:44:00,6.407,Civil Twilight,-4.1156,295.933,-42.9096,314.8235,138.3127,99.47,0.1266,Waxing Crescent,
2003-06-25,18:45:00,5.6756,Civil Twilight,-4.3307,296.013,-43.0703,315.0457,138.3203,99.47,0.1266,Waxing Crescent,
2003-06-25,18:46:00,4.9447,Civil Twilight,-4.5457,296.0935,-43.2303,315.2694,138.3278,99.47,0.1265,Waxing Crescent,
2003-06-25,18:47:00,4.2143,Civil Twilight,-4.7605,296.1743,-43.3897,315.4945,138.3354,99.47,0.1265,Waxing Crescent,
2003-06-25,18:48:00,3.4844,Civil Twilight,-4.9752,296.2556,-43.5484,315.721,138.343,99.47,0.1264,Waxing Crescent,
2003-06-25,18:49:00,2.7551,Civil Twilight,-5.1897,296.3373,-43.7064,315.949,138.3505,99.47,0.1264,Waxing Crescent,
2003-06-25,18:50:00,2.0262,Civil Twilight,-5.4041,296.4194,-43.8638,316.1785,138.3581,99.47,0.1263,Waxing Crescent,
2003-06-25,18:51:00,1.2978,Civil Twilight,-5.6183,296.502,-44.0205,316.4095,138.3656,99.47,0.1263,Waxing Crescent,
2003-06-25,18:52:00,0.57,Civil Twilight,-5.8323,296.585,-44.1765,316.6419,138.3732,99.47,0.1263,Waxing Crescent,
2003-06-25,18:53:00,0.5954,Nautical Twilight,-6.0463,296.6684,-44.3318,316.8759,138.3808,99.47,0.1262,Waxing Crescent,
2003-06-25,18:54:00,0.574,Nautical Twilight,-6.26,296.7523,-44.4864,317.1113,138.3883,99.48,0.1262,Waxing Crescent,
2003-06-25,18:55:00,0.5526,Nautical Twilight,-6.4736,296.8366,-44.6403,317.3482,138.3959,99.48,0.1261,Waxing Crescent,
2003-06-25,18:56:00,0.5313,Nautical Twilight,-6.687,296.9214,-44.7935,317.5867,138.4034,99.48,0.1261,Waxing Crescent,
2003-06-25,18:57:00,0.51,Nautical Twilight,-6.9003,297.0066,-44.946,317.8267,138.411,99.48,0.126,Waxing Crescent,
2003-06-25,18:58:00,0.4887,Nautical Twilight,-7.1134,297.0922,-45.0977,318.0682,138.4185,99.48,0.126,Waxing Crescent,
2003-06-25,18:59:00,0.4674,Nautical Twilight,-7.3264,297.1783,-45.2487,318.3113,138.4261,99.48,0.1259,Waxing Crescent,
2003-06-25,19:00:00,0.4461,Nautical Twilight,-7.5392,297.2649,-45.399,318.5559,138.4337,99.48,0.1259,Waxing Crescent,
2003-06-25,19:01:00,0.4248,Nautical Twilight,-7.7518,297.3519,-45.5485,318.8021,138.4412,99.48,0.1259,Waxing Crescent,
2003-06-25,19:02:00,0.4036,Nautical Twilight,-7.9642,297.4394,-45.6973,319.0499,138.4488,99.48,0.1258,Waxing Crescent,
2003-06-25,19:03:00,0.3823,Nautical Twilight,-8.1765,297.5273,-45.8453,319.2992,138.4563,99.48,0.1258,Waxing Crescent,
2003-06-25,19:04:00,0.3611,Nautical Twilight,-8.3886,297.6157,-45.9925,319.5501,138.4639,99.48,0.1257,Waxing Crescent,
2003-06-25,19:05:00,0.3399,Nautical Twilight,-8.6006,297.7046,-46.139,319.8026,138.4715,99.48,0.1257,Waxing Crescent,
2003-06-25,19:06:00,0.3188,Nautical Twilight,-8.8123,297.7939,-46.2846,320.0567,138.479,99.49,0.1256,Waxing Crescent,
2003-06-25,19:07:00,0.2976,Nautical Twilight,-9.0239,297.8837,-46.4295,320.3124,138.4866,99.49,0.1256,Waxing Crescent,
2003-06-25,19:08:00,0.2765,Nautical Twilight,-9.2353,297.974,-46.5735,320.5697,138.4941,99.49,0.1256,Waxing Crescent,
2003-06-25,19:09:00,0.2553,Nautical Twilight,-9.4466,298.0648,-46.7168,320.8287,138.5017,99.49,0.1255,Waxing Crescent,
2003-06-25,19:10:00,0.2342,Nautical Twilight,-9.6576,298.156,-46.8592,321.0892,138.5092,99.49,0.1255,Waxing Crescent,
2003-06-25,19:11:00,0.2131,Nautical Twilight,-9.8685,298.2477,-47.0008,321.3514,138.5168,99.49,0.1254,Waxing Crescent,
2003-06-25,19:12:00,0.1921,Nautical Twilight,-10.0792,298.34,-47.1416,321.6153,138.5244,99.49,0.1254,Waxing Crescent,
2003-06-25,19:13:00,0.171,Nautical Twilight,-10.2897,298.4327,-47.2815,321.8807,138.5319,99.49,0.1253,Waxing Crescent,
2003-06-25,19:14:00,0.15,Nautical Twilight,-10.5001,298.5259,-47.4206,322.1479,138.5395,99.49,0.1253,Waxing Crescent,
2003-06-25,19:15:00,0.129,Nautical Twilight,-10.7102,298.6196,-47.5588,322.4167,138.547,99.49,0.1253,Waxing Crescent,
2003-06-25,19:16:00,0.108,Nautical Twilight,-10.9202,298.7138,-47.6962,322.6871,138.5546,99.49,0.1252,Waxing Crescent,
2003-06-25,19:17:00,0.087,Nautical Twilight,-11.1299,298.8085,-47.8327,322.9592,138.5622,99.49,0.1252,Waxing Crescent,
2003-06-25,19:18:00,0.0661,Nautical Twilight,-11.3395,298.9037,-47.9683,323.2331,138.5697,99.49,0.1251,Waxing Crescent,
2003-06-25,19:19:00,0.0451,Nautical Twilight,-11.5489,298.9994,-48.103,323.5085,138.5773,99.5,0.1251,Waxing Crescent,
2003-06-25,19:20:00,0.0242,Nautical Twilight,-11.7581,299.0957,-48.2368,323.7857,138.5848,99.5,0.125,Waxing Crescent,
2003-06-25,19:21:00,0.0033,Nautical Twilight,-11.9671,299.1924,-48.3696,324.0646,138.5924,99.5,0.125,Waxing Crescent,
2003-06-25,19:22:00,0.0058,Astronomical Twilight,-12.1759,299.2897,-48.5016,324.3451,138.6,99.5,0.1249,Waxing Crescent,
2003-06-25,19:23:00,0.0056,Astronomical Twilight,-12.3844,299.3875,-48.6327,324.6274,138.6075,99.5,0.1249,Waxing Crescent,
2003-06-25,19:24:00,0.0054,Astronomical Twilight,-12.5928,299.4858,-48.7628,324.9113,138.6151,99.5,0.1249,Waxing Crescent,
2003-06-25,19:25:00,0.0052,Astronomical Twilight,-12.801,299.5847,-48.8919,325.197,138.6226,99.5,0.1248,Waxing Crescent,
2003-06-25,19:26:00,0.005,Astronomical Twilight,-13.009,299.6841,-49.0202,325.4844,138.6302,99.5,0.1248,Waxing Crescent,
2003-06-25,19:27:00,0.0048,Astronomical Twilight,-13.2168,299.784,-49.1474,325.7735,138.6378,99.5,0.1247,Waxing Crescent,
2003-06-25,19:28:00,0.0046,Astronomical Twilight,-13.4244,299.8844,-49.2737,326.0643,138.6453,99.5,0.1247,Waxing Crescent,
2003-06-25,19:29:00,0.0044,Astronomical Twilight,-13.6317,299.9854,-49.399,326.3568,138.6529,99.5,0.1246,Waxing Crescent,
2003-06-25,19:30:00,0.0042,Astronomical Twilight,-13.8389,300.087,-49.5233,326.6511,138.6604,99.5,0.1246,Waxing Crescent,
2003-06-25,19:31:00,0.004,Astronomical Twilight,-14.0458,300.1891,-49.6466,326.947,138.668,99.51,0.1246,Waxing Crescent,
2003-06-25,19:32:00,0.0037,Astronomical Twilight,-14.2526,300.2918,-49.7689,327.2447,138.6755,99.51,0.1245,Waxing Crescent,
2003-06-25,19:33:00,0.0035,Astronomical Twilight,-14.4591,300.395,-49.8902,327.5442,138.6831,99.51,0.1245,Waxing Crescent,
2003-06-25,19:34:00,0.0033,Astronomical Twilight,-14.6654,300.4987,-50.0105,327.8453,138.6907,99.51,0.1244,Waxing Crescent,
2003-06-25,19:35:00,0.0031,Astronomical Twilight,-14.8714,300.6031,-50.1297,328.1482,138.6982,99.51,0.1244,Waxing Crescent,
2003-06-25,19:36:00,0.0029,Astronomical Twilight,-15.0773,300.708,-50.2479,328.4528,138.7058,99.51,0.1243,Waxing Crescent,
2003-06-25,19:37:00,0.0027,Astronomical Twilight,-15.2829,300.8135,-50.365,328.7592,138.7133,99.51,0.1243,Waxing Crescent,
2003-06-25,19:38:00,0.0025,Astronomical Twilight,-15.4883,300.9195,-50.4811,329.0672,138.7209,99.51,0.1242,Waxing Crescent,
2003-06-25,19:39:00,0.0023,Astronomical Twilight,-15.6935,301.0262,-50.5961,329.377,138.7285,99.51,0.1242,Waxing Crescent,
2003-06-25,19:40:00,0.0021,Astronomical Twilight,-15.8984,301.1334,-50.71,329.6886,138.736,99.51,0.1242,Waxing Crescent,
2003-06-25,19:41:00,0.0019,Astronomical Twilight,-16.1031,301.2412,-50.8229,330.0018,138.7436,99.51,0.1241,Waxing Crescent,
2003-06-25,19:42:00,0.0017,Astronomical Twilight,-16.3076,301.3496,-50.9346,330.3168,138.7511,99.51,0.1241,Waxing Crescent,
2003-06-25,19:43:00,0.0015,Astronomical Twilight,-16.5118,301.4586,-51.0452,330.6335,138.7587,99.52,0.124,Waxing Crescent,
2003-06-25,19:44:00,0.0013,Astronomical Twilight,-16.7158,301.5682,-51.1548,330.9519,138.7663,99.52,0.124,Waxing Crescent,
2003-06-25,19:45:00,0.0011,Astronomical Twilight,-16.9196,301.6784,-51.2631,331.2721,138.7738,99.52,0.1239,Waxing Crescent,
2003-06-25,19:46:00,0.0009,Astronomical Twilight,-17.1231,301.7892,-51.3704,331.5939,138.7814,99.52,0.1239,Waxing Crescent,
2003-06-25,19:47:00,0.0007,Astronomical Twilight,-17.3263,301.9006,-51.4765,331.9175,138.7889,99.52,0.1239,Waxing Crescent,
2003-06-25,19:48:00,0.0005,Astronomical Twilight,-17.5294,302.0126,-51.5814,332.2428,138.7965,99.52,0.1238,Waxing Crescent,
2003-06-25,19:49:00,0.0003,Astronomical Twilight,-17.7321,302.1253,-51.6852,332.5697,138.8041,99.52,0.1238,Waxing Crescent,
2003-06-25,19:50:00,0.0001,Astronomical Twilight,-17.9347,302.2386,-51.7878,332.8984,138.8116,99.52,0.1237,Waxing Crescent,
2003-06-25,19:51:00,0.0,Moonless Night,-18.1369,302.3525,-51.8893,333.2287,138.8192,99.52,0.1237,Waxing Crescent,
2003-06-25,19:52:00,0.0,Moonless Night,-18.3389,302.467,-51.9895,333.5608,138.8267,99.52,0.1236,Waxing Crescent,
2003-06-25,19:53:00,0.0,Moonless Night,-18.5407,302.5822,-52.0885,333.8945,138.8343,99.52,0.1236,Waxing Crescent,
2003-06-25,19:54:00,0.0,Moonless Night,-18.7422,302.698,-52.1864,334.2299,138.8419,99.52,0.1236,Waxing Crescent,
2003-06-25,19:55:00,0.0,Moonless Night,-18.9434,302.8144,-52.283,334.5669,138.8494,99.52,0.1235,Waxing Crescent,
2003-06-25,19:56:00,0.0,Moonless Night,-19.1444,302.9315,-52.3783,334.9056,138.857,99.53,0.1235,Waxing Crescent,
2003-06-25,19:57:00,0.0,Moonless Night,-19.3451,303.0493,-52.4725,335.2459,138.8645,99.53,0.1234,Waxing Crescent,
2003-06-25,19:58:00,0.0,Moonless Night,-19.5456,303.1677,-52.5653,335.5879,138.8721,99.53,0.1234,Waxing Crescent,
2003-06-25,19:59:00,0.0,Moonless Night,-19.7457,303.2868,-52.657,335.9315,138.8797,99.53,0.1233,Waxing Crescent,
2003-06-25,20:00:00,0.0,Moonless Night,-19.9456,303.4065,-52.7473,336.2767,138.8872,99.53,0.1233,Waxing Crescent,
2003-06-26,17:00:00,52340.2612,Daylit,18.9146,289.5182,-12.7207,296.7043,148.4404,100.0,0.074,Waxing Crescent,
2003-06-26,17:01:00,51838.6579,Daylit,18.6891,289.5632,-12.926,296.7986,148.448,100.0,0.0739,Waxing Crescent,
2003-06-26,17:02:00,51335.5506,Daylit,18.4637,289.6085,-13.1311,296.8933,148.4556,100.0,0.0739,Waxing Crescent,
2003-06-26,17:03:00,50830.9323,Daylit,18.2383,289.6541,-13.3361,296.9885,148.4632,100.0,0.0738,Waxing Crescent,
2003-06-26,17:04:00,50324.7959,Daylit,18.013,289.7,-13.5408,297.0842,148.4708,100.0,0.0738,Waxing Crescent,
2003-06-26,17:05:00,49817.1335,Daylit,17.7877,289.7462,-13.7454,297.1803,148.4784,100.0,0.0738,Waxing Crescent,
2003-06-26,17:06:00,49307.9373,Daylit,17.5625,289.7927,-13.9498,297.277,148.486,100.0,0.0737,Waxing Crescent,
2003-06-26,17:07:00,48797.1987,Daylit,17.3374,289.8395,-14.154,297.3741,148.4936,100.0,0.0737,Waxing Crescent,
2003-06-26,17:08:00,48284.9089,Daylit,17.1124,289.8865,-14.3579,297.4717,148.5012,100.0,0.0737,Waxing Crescent,
2003-06-26,17:09:00,47771.0587,Daylit,16.8874,289.9339,-14.5617,297.5697,148.5088,100.0,0.0736,Waxing Crescent,
2003-06-26,17:10:00,47255.6383,Daylit,16.6625,289.9815,-14.7653,297.6683,148.5165,100.0,0.0736,Waxing Crescent,
2003-06-26,17:11:00,46738.6375,Daylit,16.4376,290.0295,-14.9687,297.7674,148.5241,100.0,0.0736,Waxing Crescent,
2003-06-26,17:12:00,46220.0457,Daylit,16.2128,290.0777,-15.1719,297.8669,148.5317,100.0,0.0735,Waxing Crescent,
2003-06-26,17:13:00,45699.8516,Daylit,15.9881,290.1263,-15.3749,297.967,148.5393,100.0,0.0735,Waxing Crescent,
2003-06-26,17:14:00,45178.0436,Daylit,15.7635,290.1751,-15.5777,298.0676,148.5469,100.0,0.0735,Waxing Crescent,
2003-06-26,17:15:00,44654.6093,Daylit,15.5389,290.2242,-15.7802,298.1686,148.5545,100.0,0.0734,Waxing Crescent,
2003-06-26,17:16:00,44129.5358,Daylit,15.3144,290.2736,-15.9826,298.2702,148.5621,100.0,0.0734,Waxing Crescent,
2003-06-26,17:17:00,43602.8098,Daylit,15.09,290.3234,-16.1848,298.3723,148.5697,100.0,0.0734,Waxing Crescent,
2003-06-26,17:18:00,43074.4169,Daylit,14.8656,290.3734,-16.3867,298.4749,148.5773,100.0,0.0733,Waxing Crescent,
2003-06-26,17:19:00,42544.3425,Daylit,14.6413,290.4237,-16.5884,298.5781,148.5849,100.0,0.0733,Waxing Crescent,
2003-06-26,17:20:00,42012.5709,Daylit,14.4171,290.4743,-16.79,298.6817,148.5925,100.0,0.0733,Waxing Crescent,
2003-06-26,17:21:00,41479.086,Daylit,14.193,290.5252,-16.9913,298.7859,148.6001,100.0,0.0732,Waxing Crescent,
2003-06-26,17:22:00,40943.8707,Daylit,13.9689,290.5764,-17.1923,298.8907,148.6077,100.0,0.0732,Waxing Crescent,
2003-06-26,17:23:00,40406.9071,Daylit,13.745,290.6279,-17.3932,298.9959,148.6153,100.0,0.0732,Waxing Crescent,
2003-06-26,17:24:00,39868.1764,Daylit,13.521,290.6797,-17.5939,299.1018,148.6229,100.0,0.0731,Waxing Crescent,
2003-06-26,17:25:00,39327.659,Daylit,13.2972,290.7318,-17.7943,299.2081,148.6305,100.0,0.0731,Waxing Crescent,
2003-06-26,17:26:00,38785.3344,Daylit,13.0735,290.7842,-17.9945,299.315,148.6382,100.0,0.0731,Waxing Crescent,
2003-06-26,17:27:00,38241.1808,Daylit,12.8498,290.8369,-18.1945,299.4225,148.6458,100.0,0.073,Waxing Crescent,
2003-06-26,17:28:00,37695.1757,Daylit,12.6262,290.8899,-18.3942,299.5305,148.6534,100.0,0.073,Waxing Crescent,
2003-06-26,17:29:00,37147.295,Daylit,12.4027,290.9432,-18.5937,299.639,148.661,100.0,0.0729,Waxing Crescent,
2003-06-26,17:30:00,36597.5139,Daylit,12.1792,290.9968,-18.793,299.7482,148.6686,100.0,0.0729,Waxing Crescent,
2003-06-26,17:31:00,36045.806,Daylit,11.9559,291.0508,-18.992,299.8579,148.6762,100.0,0.0729,Waxing Crescent,
2003-06-26,17:32:00,35492.1437,Daylit,11.7326,291.105,-19.1909,299.9681,148.6838,100.0,0.0728,Waxing Crescent,
2003-06-26,17:33:00,34936.4979,Daylit,11.5094,291.1595,-19.3894,300.079,148.6914,100.0,0.0728,Waxing Crescent,
2003-06-26,17:34:00,34378.8381,Daylit,11.2863,291.2144,-19.5878,300.1904,148.699,100.0,0.0728,Waxing Crescent,
2003-06-26,17:35:00,33819.132,Daylit,11.0633,291.2695,-19.7859,300.3024,148.7066,100.0,0.0727,Waxing Crescent,
2003-06-26,17:36:00,33257.3458,Daylit,10.8403,291.325,-19.9837,300.415,148.7142,100.0,0.0727,Waxing Crescent,
2003-06-26,17:37:00,32693.4437,Daylit,10.6174,291.3807,-20.1813,300.5282,148.7218,100.0,0.0727,Waxing Crescent,
2003-06-26,17:38:00,32127.3882,Daylit,10.3947,291.4368,-20.3787,300.642,148.7294,100.0,0.0726,Waxing Crescent,
2003-06-26,17:39:00,31559.1393,Daylit,10.172,291.4932,-20.5758,300.7564,148.737,100.0,0.0726,Waxing Crescent,
2003-06-26,17:40:00,30988.6553,Daylit,9.9494,291.5499,-20.7727,300.8714,148.7446,100.0,0.0726,Waxing Crescent,
2003-06-26,17:41:00,30415.8916,Daylit,9.7269,291.6069,-20.9693,300.987,148.7523,100.0,0.0725,Waxing Crescent,
2003-06-26,17:42:00,29840.8014,Daylit,9.5044,291.6642,-21.1657,301.1032,148.7599,100.0,0.0725,Waxing Crescent,
2003-06-26,17:43:00,29263.3352,Daylit,9.2821,291.7219,-21.3618,301.2201,148.7675,100.0,0.0725,Waxing Crescent,
2003-06-26,17:44:00,28683.4401,Daylit,9.0598,291.7798,-21.5576,301.3375,148.7751,100.0,0.0724,Waxing Crescent,
2003-06-26,17:45:00,28101.0605,Daylit,8.8377,291.8381,-21.7532,301.4556,148.7827,100.0,0.0724,Waxing Crescent,
2003-06-26,17:46:00,27516.1372,Daylit,8.6156,291.8967,-21.9485,301.5743,148.7903,100.0,0.0724,Waxing Crescent,
2003-06-26,17:47:00,26928.6071,Daylit,8.3936,291.9556,-22.1436,301.6937,148.7979,100.0,0.0723,Waxing Crescent,
2003-06-26,17:48:00,26338.4033,Daylit,8.1717,292.0148,-22.3384,301.8137,148.8055,100.0,0.0723,Waxing Crescent,
2003-06-26,17:49:00,25745.4544,Daylit,7.9499,292.0744,-22.5329,301.9343,148.8131,100.0,0.0723,Waxing Crescent,
2003-06-26,17:50:00,25149.6843,Daylit,7.7282,292.1343,-22.7271,302.0556,148.8207,100.0,0.0722,Waxing Crescent,
2003-06-26,17:51:00,24551.0116,Daylit,7.5066,292.1945,-22.9211,302.1775,148.8283,100.0,0.0722,Waxing Crescent,
2003-06-26,17:52:00,23949.3494,Daylit,7.2851,292.255,-23.1148,302.3001,148.8359,100.0,0.0722,Waxing Crescent,
2003-06-26,17:53:00,23344.6042,Daylit,7.0637,292.3158,-23.3082,302.4234,148.8435,100.0,0.0721,Waxing Crescent,
2003-06-26,17:54:00,22736.6761,Daylit,6.8424,292.377,-23.5013,302.5473,148.8512,100.0,0.0721,Waxing Crescent,
2003-06-26,17:55:00,22125.4573,Daylit,6.6212,292.4385,-23.6942,302.6719,148.8588,100.0,0.0721,Waxing Crescent,
2003-06-26,17:56:00,21510.8317,Daylit,6.4001,292.5004,-23.8868,302.7972,148.8664,100.0,0.072,Waxing Crescent,
2003-06-26,17:57:00,20892.6739,Daylit,6.179,292.5625,-24.0791,302.9232,148.874,100.0,0.072,Waxing Crescent,
2003-06-26,17:58:00,20270.8484,Daylit,5.9581,292.625,-24.271,303.0498,148.8816,100.0,0.0719,Waxing Crescent,
2003-06-26,17:59:00,19645.2077,Daylit,5.7373,292.6878,-24.4627,303.1772,148.8892,100.0,0.0719,Waxing Crescent,
2003-06-26,18:00:00,19015.5918,Daylit,5.5166,292.751,-24.6542,303.3052,148.8968,100.0,0.0719,Waxing Crescent,
2003-06-26,18:01:00,18381.8258,Daylit,5.2959,292.8145,-24.8453,303.434,148.9044,100.0,0.0718,Waxing Crescent,
2003-06-26,18:02:00,17743.7182,Daylit,5.0754,292.8784,-25.0361,303.5634,148.912,100.0,0.0718,Waxing Crescent,
2003-06-26,18:03:00,17101.0589,Daylit,4.855,292.9425,-25.2266,303.6936,148.9196,100.0,0.0718,Waxing Crescent,
2003-06-26,18:04:00,16453.6162,Daylit,4.6347,293.0071,-25.4168,303.8245,148.9272,100.0,0.0717,Waxing Crescent,
2003-06-26,18:05:00,15801.1334,Daylit,4.4145,293.0719,-25.6067,303.9561,148.9348,100.0,0.0717,Waxing Crescent,
2003-06-26,18:06:00,15143.3252,Daylit,4.1944,293.1371,-25.7963,304.0884,148.9424,100.0,0.0717,Waxing Crescent,
2003-06-26,18:07:00,14479.873,Daylit,3.9744,293.2027,-25.9855,304.2215,148.9501,100.0,0.0716,Waxing Crescent,
2003-06-26,18:08:00,13810.4183,Daylit,3.7546,293.2686,-26.1745,304.3553,148.9577,100.0,0.0716,Waxing Crescent,
2003-06-26,18:09:00,13134.5563,Daylit,3.5348,293.3348,-26.3631,304.4898,148.9653,100.0,0.0716,Waxing Crescent,
2003-06-26,18:10:00,12451.8257,Daylit,3.3151,293.4014,-26.5514,304.6251,148.9729,100.0,0.0715,Waxing Crescent,
2003-06-26,18:11:00,11761.6979,Daylit,3.0956,293.4684,-26.7394,304.7612,148.9805,100.0,0.0715,Waxing Crescent,
2003-06-26,18:12:00,11063.5605,Daylit,2.8761,293.5356,-26.9271,304.898,148.9881,100.0,0.0715,Waxing Crescent,
2003-06-26,18:13:00,10356.698,Daylit,2.6568,293.6033,-27.1145,305.0355,148.9957,100.0,0.0714,Waxing Crescent,
2003-06-26,18:14:00,9640.264,Daylit,2.4376,293.6713,-27.3015,305.1739,149.0033,100.0,0.0714,Waxing Crescent,
2003-06-26,18:15:00,8913.2438,Daylit,2.2185,293.7397,-27.4881,305.313,149.0109,100.0,0.0714,Waxing Crescent,
2003-06-26,18:16:00,8174.4008,Daylit,1.9995,293.8084,-27.6745,305.4529,149.0185,100.0,0.0713,Waxing Crescent,
2003-06-26,18:17:00,7422.1989,Daylit,1.7807,293.8775,-27.8605,305.5936,149.0261,100.0,0.0713,Waxing Crescent,
2003-06-26,18:18:00,6654.6832,Daylit,1.5619,293.9469,-28.0461,305.735,149.0338,100.0,0.0713,Waxing Crescent,
2003-06-26,18:19:00,5869.2912,Daylit,1.3433,294.0167,-28.2314,305.8773,149.0414,100.0,0.0712,Waxing Crescent,
2003-06-26,18:20:00,5062.5303,Daylit,1.1248,294.0869,-28.4164,306.0204,149.049,100.0,0.0712,Waxing Crescent,
2003-06-26,18:21:00,4229.3855,Daylit,0.9064,294.1574,-28.601,306.1643,149.0566,100.0,0.0712,Waxing Crescent,
2003-06-26,18:22:00,3362.0989,Daylit,0.6881,294.2283,-28.7852,306.309,149.0642,100.0,0.0711,Waxing Crescent,
2003-06-26,18:23:00,2447.1978,Daylit,0.4699,294.2996,-28.9691,306.4545,149.0718,100.0,0.0711,Waxing Crescent,
2003-06-26,18:24:00,1455.8114,Daylit,0.2519,294.3713,-29.1527,306.6008,149.0794,100.0,0.0711,Waxing Crescent,
2003-06-26,18:25:00,274.6178,Daylit,0.034,294.4433,-29.3358,306.748,149.087,100.0,0.071,Waxing Crescent,
2003-06-26,18:26:00,19.7752,Civil Twilight,-0.1838,294.5157,-29.5186,306.896,149.0946,100.0,0.071,Waxing Crescent,
2003-06-26,18:27:00,19.0352,Civil Twilight,-0.4014,294.5885,-29.7011,307.0449,149.1022,100.0,0.071,Waxing Crescent,
2003-06-26,18:28:00,18.2956,Civil Twilight,-0.6189,294.6616,-29.8831,307.1946,149.1098,100.0,0.0709,Waxing Crescent,
2003-06-26,18:29:00,17.5564,Civil Twilight,-0.8363,294.7352,-30.0648,307.3452,149.1174,100.0,0.0709,Waxing Crescent,
2003-06-26,18:30:00,16.8177,Civil Twilight,-1.0536,294.8091,-30.2461,307.4966,149.1251,100.0,0.0709,Waxing Crescent,
2003-06-26,18:31:00,16.0795,Civil Twilight,-1.2707,294.8834,-30.427,307.6489,149.1327,100.0,0.0708,Waxing Crescent,
2003-06-26,18:32:00,15.3416,Civil Twilight,-1.4878,294.9581,-30.6075,307.8021,149.1403,100.0,0.0708,Waxing Crescent,
2003-06-26,18:33:00,14.6042,Civil Twilight,-1.7046,295.0332,-30.7877,307.9561,149.1479,100.0,0.0708,Waxing Crescent,
2003-06-26,18:34:00,13.8673,Civil Twilight,-1.9214,295.1087,-30.9674,308.111,149.1555,100.0,0.0707,Waxing Crescent,
2003-06-26,18:35:00,13.1308,Civil Twilight,-2.138,295.1846,-31.1467,308.2668,149.1631,100.0,0.0707,Waxing Crescent,
2003-06-26,18:36:00,12.3948,Civil Twilight,-2.3545,295.2608,-31.3257,308.4236,149.1707,100.0,0.0707,Waxing Crescent,
2003-06-26,18:37:00,11.6593,Civil Twilight,-2.5708,295.3375,-31.5042,308.5812,149.1783,100.0,0.0706,Waxing Crescent,
2003-06-26,18:38:00,10.9242,Civil Twilight,-2.787,295.4146,-31.6824,308.7397,149.1859,100.0,0.0706,Waxing Crescent,
2003-06-26,18:39:00,10.1896,Civil Twilight,-3.0031,295.4921,-31.8601,308.8992,149.1935,100.0,0.0705,Waxing Crescent,
2003-06-26,18:40:00,9.4555,Civil Twilight,-3.219,295.5699,-32.0374,309.0595,149.2011,100.0,0.0705,Waxing Crescent,
2003-06-26,18:41:00,8.7218,Civil Twilight,-3.4348,295.6482,-32.2143,309.2208,149.2088,100.0,0.0705,Waxing Crescent,
2003-06-26,18:42:00,7.9886,Civil Twilight,-3.6504,295.7269,-32.3907,309.3831,149.2164,100.0,0.0704,Waxing Crescent,
2003-06-26,18:43:00,7.2559,Civil Twilight,-3.8659,295.806,-32.5667,309.5462,149.224,100.0,0.0704,Waxing Crescent,
2003-06-26,18:44:00,6.5237,Civil Twilight,-4.0813,295.8855,-32.7423,309.7104,149.2316,100.0,0.0704,Waxing Crescent,
2003-06-26,18:45:00,5.792,Civil Twilight,-4.2965,295.9655,-32.9175,309.8754,149.2392,100.0,0.0703,Waxing Crescent,
2003-06-26,18:46:00,5.0608,Civil Twilight,-4.5115,296.0458,-33.0922,310.0415,149.2468,100.0,0.0703,Waxing Crescent,
2003-06-26,18:47:00,4.3301,Civil Twilight,-4.7264,296.1266,-33.2665,310.2085,149.2544,100.0,0.0703,Waxing Crescent,
2003-06-26,18:48:00,3.5999,Civil Twilight,-4.9412,296.2078,-33.4404,310.3764,149.262,100.0,0.0702,Waxing Crescent,
2003-06-26,18:49:00,2.8702,Civil Twilight,-5.1558,296.2894,-33.6138,310.5454,149.2696,100.0,0.0702,Waxing Crescent,
2003-06-26,18:50:00,2.1411,Civil Twilight,-5.3703,296.3715,-33.7867,310.7153,149.2772,100.0,0.0702,Waxing Crescent,
2003-06-26,18:51:00,1.4124,Civil Twilight,-5.5846,296.4539,-33.9592,310.8862,149.2849,100.0,0.0701,Waxing Crescent,
2003-06-26,18:52:00,0.6843,Civil Twilight,-5.7987,296.5368,-34.1312,311.0582,149.2925,100.0,0.0701,Waxing Crescent,
2003-06-26,18:53:00,0.5987,Nautical Twilight,-6.0127,296.6202,-34.3027,311.2311,149.3001,100.0,0.0701,Waxing Crescent,
2003-06-26,18:54:00,0.5773,Nautical Twilight,-6.2266,296.704,-34.4738,311.4051,149.3077,100.0,0.07,Waxing Crescent,
2003-06-26,18:55:00,0.556,Nautical Twilight,-6.4403,296.7882,-34.6444,311.58,149.3153,100.0,0.07,Waxing Crescent,
2003-06-26,18:56:00,0.5346,Nautical Twilight,-6.6538,296.8729,-34.8146,311.756,149.3229,100.0,0.07,Waxing Crescent,
2003-06-26,18:57:00,0.5133,Nautical Twilight,-6.8672,296.958,-34.9842,311.933,149.3305,100.0,0.0699,Waxing Crescent,
2003-06-26,18:58:00,0.492,Nautical Twilight,-7.0804,297.0435,-35.1534,312.1111,149.3381,100.0,0.0699,Waxing Crescent,
2003-06-26,18:59:00,0.4707,Nautical Twilight,-7.2934,297.1296,-35.322,312.2902,149.3457,100.0,0.0699,Waxing Crescent,
2003-06-26,19:00:00,0.4494,Nautical Twilight,-7.5063,297.216,-35.4902,312.4703,149.3533,100.0,0.0698,Waxing Crescent,
2003-06-26,19:01:00,0.4281,Nautical Twilight,-7.719,297.3029,-35.6579,312.6515,149.361,100.0,0.0698,Waxing Crescent,
2003-06-26,19:02:00,0.4068,Nautical Twilight,-7.9316,297.3903,-35.825,312.8338,149.3686,100.0,0.0698,Waxing Crescent,
2003-06-26,19:03:00,0.3856,Nautical Twilight,-8.1439,297.4782,-35.9917,313.0171,149.3762,100.0,0.0697,Waxing Crescent,
2003-06-26,19:04:00,0.3644,Nautical Twilight,-8.3561,297.5665,-36.1578,313.2015,149.3838,100.0,0.0697,Waxing Crescent,
2003-06-26,19:05:00,0.3432,Nautical Twilight,-8.5682,297.6552,-36.3234,313.387,149.3914,100.0,0.0697,Waxing Crescent,
2003-06-26,19:06:00,0.322,Nautical Twilight,-8.78,297.7445,-36.4885,313.5736,149.399,100.0,0.0696,Waxing Crescent,
2003-06-26,19:07:00,0.3008,Nautical Twilight,-8.9917,297.8342,-36.6531,313.7613,149.4066,100.0,0.0696,Waxing Crescent,
2003-06-26,19:08:00,0.2797,Nautical Twilight,-9.2033,297.9244,-36.8171,313.9501,149.4142,100.0,0.0696,Waxing Crescent,
2003-06-26,19:09:00,0.2585,Nautical Twilight,-9.4146,298.015,-36.9806,314.14,149.4218,100.0,0.0695,Waxing Crescent,
2003-06-26,19:10:00,0.2374,Nautical Twilight,-9.6258,298.1062,-37.1436,314.331,149.4295,100.0,0.0695,Waxing Crescent,
2003-06-26,19:11:00,0.2163,Nautical Twilight,-9.8367,298.1978,-37.306,314.5232,149.4371,100.0,0.0695,Waxing Crescent,
2003-06-26,19:12:00,0.1952,Nautical Twilight,-10.0475,298.2899,-37.4678,314.7164,149.4447,100.0,0.0694,Waxing Crescent,
2003-06-26,19:13:00,0.1742,Nautical Twilight,-10.2581,298.3826,-37.6291,314.9108,149.4523,100.0,0.0694,Waxing Crescent,
2003-06-26,19:14:00,0.1531,Nautical Twilight,-10.4686,298.4757,-37.7898,315.1064,149.4599,100.0,0.0694,Waxing Crescent,
2003-06-26,19:15:00,0.1321,Nautical Twilight,-10.6788,298.5693,-37.95,315.3031,149.4675,100.0,0.0693,Waxing Crescent,
2003-06-26,19:16:00,0.1111,Nautical Twilight,-10.8889,298.6634,-38.1096,315.5009,149.4751,100.0,0.0693,Waxing Crescent,
2003-06-26,19:17:00,0.0901,Nautical Twilight,-11.0988,298.758,-38.2686,315.6999,149.4827,100.0,0.0693,Waxing Crescent,
2003-06-26,19:18:00,0.0692,Nautical Twilight,-11.3084,298.8531,-38.427,315.9001,149.4903,100.0,0.0692,Waxing Crescent,
2003-06-26,19:19:00,0.0482,Nautical Twilight,-11.5179,298.9487,-38.5849,316.1015,149.498,100.0,0.0692,Waxing Crescent,
2003-06-26,19:20:00,0.0273,Nautical Twilight,-11.7272,299.0448,-38.7421,316.304,149.5056,100.0,0.0692,Waxing Crescent,
2003-06-26,19:21:00,0.0064,Nautical Twilight,-11.9363,299.1415,-38.8987,316.5077,149.5132,100.0,0.0691,Waxing Crescent,
2003-06-26,19:22:00,0.0059,Astronomical Twilight,-12.1452,299.2386,-39.0548,316.7127,149.5208,100.0,0.0691,Waxing Crescent,
2003-06-26,19:23:00,0.0056,Astronomical Twilight,-12.3539,299.3363,-39.2102,316.9188,149.5284,100.0,0.0691,Waxing Crescent,
2003-06-26,19:24:00,0.0054,Astronomical Twilight,-12.5624,299.4345,-39.365,317.1261,149.536,100.0,0.069,Waxing Crescent,
2003-06-26,19:25:00,0.0052,Astronomical Twilight,-12.7707,299.5333,-39.5192,317.3346,149.5436,100.0,0.069,Waxing Crescent,
2003-06-26,19:26:00,0.005,Astronomical Twilight,-12.9788,299.6325,-39.6728,317.5444,149.5512,100.0,0.069,Waxing Crescent,
2003-06-26,19:27:00,0.0048,Astronomical Twilight,-13.1867,299.7323,-39.8257,317.7554,149.5588,100.0,0.0689,Waxing Crescent,
2003-06-26,19:28:00,0.0046,Astronomical Twilight,-13.3944,299.8327,-39.978,317.9676,149.5665,100.0,0.0689,Waxing Crescent,
2003-06-26,19:29:00,0.0044,Astronomical Twilight,-13.6019,299.9336,-40.1297,318.181,149.5741,100.0,0.0689,Waxing Crescent,
2003-06-26,19:30:00,0.0042,Astronomical Twilight,-13.8091,300.035,-40.2807,318.3957,149.5817,100.0,0.0688,Waxing Crescent,
2003-06-26,19:31:00,0.004,Astronomical Twilight,-14.0162,300.137,-40.431,318.6116,149.5893,100.0,0.0688,Waxing Crescent,
2003-06-26,19:32:00,0.0038,Astronomical Twilight,-14.223,300.2395,-40.5807,318.8288,149.5969,100.0,0.0688,Waxing Crescent,
2003-06-26,19:33:00,0.0036,Astronomical Twilight,-14.4296,300.3426,-40.7297,319.0473,149.6045,100.0,0.0687,Waxing Crescent,
2003-06-26,19:34:00,0.0034,Astronomical Twilight,-14.636,300.4463,-40.8781,319.267,149.6121,100.0,0.0687,Waxing Crescent,
2003-06-26,19:35:00,0.0032,Astronomical Twilight,-14.8422,300.5505,-41.0257,319.488,149.6197,100.0,0.0687,Waxing Crescent,
2003-06-26,19:36:00,0.003,Astronomical Twilight,-15.0482,300.6553,-41.1727,319.7103,149.6273,100.0,0.0686,Waxing Crescent,
2003-06-26,19:37:00,0.0027,Astronomical Twilight,-15.2539,300.7607,-41.319,319.9338,149.635,100.0,0.0686,Waxing Crescent,
2003-06-26,19:38:00,0.0025,Astronomical Twilight,-15.4594,300.8666,-41.4646,320.1586,149.6426,100.0,0.0686,Waxing Crescent,
2003-06-26,19:39:00,0.0023,Astronomical Twilight,-15.6647,300.9731,-41.6095,320.3848,149.6502,100.0,0.0685,Waxing Crescent,
2003-06-26,19:40:00,0.0021,Astronomical Twilight,-15.8698,301.0802,-41.7537,320.6122,149.6578,100.0,0.0685,Waxing Crescent,
2003-06-26,19:41:00,0.0019,Astronomical Twilight,-16.0746,301.1879,-41.8972,320.8409,149.6654,100.0,0.0685,Waxing Crescent,
2003-06-26,19:42:00,0.0017,Astronomical Twilight,-16.2792,301.2961,-42.0399,321.071,149.673,100.0,0.0684,Waxing Crescent,
2003-06-26,19:43:00,0.0015,Astronomical Twilight,-16.4835,301.405,-42.1819,321.3023,149.6806,100.0,0.0684,Waxing Crescent,
2003-06-26,19:44:00,0.0013,Astronomical Twilight,-16.6877,301.5145,-42.3232,321.535,149.6882,100.0,0.0684,Waxing Crescent,
2003-06-26,19:45:00,0.0011,Astronomical Twilight,-16.8915,301.6245,-42.4637,321.769,149.6959,100.0,0.0683,Waxing Crescent,
2003-06-26,19:46:00,0.0009,Astronomical Twilight,-17.0952,301.7352,-42.6035,322.0043,149.7035,100.0,0.0683,Waxing Crescent,
2003-06-26,19:47:00,0.0007,Astronomical Twilight,-17.2986,301.8465,-42.7426,322.241,149.7111,100.0,0.0683,Waxing Crescent,
2003-06-26,19:48:00,0.0005,Astronomical Twilight,-17.5017,301.9584,-42.8809,322.479,149.7187,100.0,0.0682,Waxing Crescent,
2003-06-26,19:49:00,0.0003,Astronomical Twilight,-17.7046,302.0709,-43.0184,322.7183,149.7263,100.0,0.0682,Waxing Crescent,
2003-06-26,19:50:00,0.0001,Astronomical Twilight,-17.9072,302.1841,-43.1551,322.959,149.7339,100.0,0.0682,Waxing Crescent,
2003-06-26,19:51:00,0.0,Moonless Night,-18.1096,302.2978,-43.2911,323.201,149.7415,100.0,0.0681,Waxing Crescent,
2003-06-26,19:52:00,0.0,Moonless Night,-18.3118,302.4122,-43.4262,323.4444,149.7491,100.0,0.0681,Waxing Crescent,
2003-06-26,19:53:00,0.0,Moonless Night,-18.5137,302.5273,-43.5606,323.6892,149.7567,100.0,0.0681,Waxing Crescent,
2003-06-26,19:54:00,0.0,Moonless Night,-18.7153,302.6429,-43.6942,323.9353,149.7644,100.0,0.068,Waxing Crescent,
2003-06-26,19:55:00,0.0,Moonless Night,-18.9166,302.7593,-43.8269,324.1828,149.772,100.0,0.068,Waxing Crescent,
2003-06-26,19:56:00,0.0,Moonless Night,-19.1177,302.8762,-43.9589,324.4316,149.7796,100.0,0.068,Waxing Crescent,
2003-06-26,19:57:00,0.0,Moonless Night,-19.3186,302.9939,-44.09,324.6818,149.7872,100.0,0.0679,Waxing Crescent,
2003-06-26,19:58:00,0.0,Moonless Night,-19.5191,303.1121,-44.2203,324.9334,149.7948,100.0,0.0679,Waxing Crescent,
2003-06-26,19:59:00,0.0,Moonless Night,-19.7194,303.2311,-44.3498,325.1864,149.8024,100.0,0.0679,Waxing Crescent,
2003-06-26,20:00:00,0.0,Moonless Night,-19.9195,303.3507,-44.4784,325.4407,149.81,100.0,0.0678,Waxing Crescent,
2003-06-27,17:00:00,52429.2909,Daylit,18.9547,289.4684,-1.6585,295.4819,159.4286,100.0,0.0319,Waxing Crescent,
2003-06-27,17:01:00,51927.8216,Daylit,18.7291,289.5134,-1.8666,295.5548,159.4362,100.0,0.0319,Waxing Crescent,
2003-06-27,17:02:00,51424.8485,Daylit,18.5036,289.5587,-2.0746,295.6281,159.4439,100.0,0.0318,Waxing Crescent,
2003-06-27,17:03:00,50920.3647,Daylit,18.2782,289.6043,-2.2824,295.7018,159.4515,100.0,0.0318,Waxing Crescent,
2003-06-27,17:04:00,50414.363,Daylit,18.0528,289.6502,-2.4901,295.7758,159.4592,100.0,0.0318,Waxing Crescent,
2003-06-27,17:05:00,49906.8357,Daylit,17.8275,289.6964,-2.6977,295.8502,159.4668,100.0,0.0318,Waxing Crescent,
2003-06-27,17:06:00,49397.7749,Daylit,17.6022,289.7429,-2.9051,295.925,159.4745,100.0,0.0317,Waxing Crescent,
2003-06-27,17:07:00,48887.1722,Daylit,17.377,289.7897,-3.1123,296.0002,159.4821,100.0,0.0317,Waxing Crescent,
2003-06-27,17:08:00,48375.0189,Daylit,17.1519,289.8367,-3.3194,296.0757,159.4898,100.0,0.0317,Waxing Crescent,
2003-06-27,17:09:00,47861.3056,Daylit,16.9268,289.8841,-3.5264,296.1516,159.4974,100.0,0.0317,Waxing Crescent,
2003-06-27,17:10:00,47346.0228,Daylit,16.7018,289.9317,-3.7332,296.2279,159.5051,100.0,0.0316,Waxing Crescent,
2003-06-27,17:11:00,46829.1604,Daylit,16.4769,289.9797,-3.9399,296.3046,159.5127,100.0,0.0316,Waxing Crescent,
2003-06-27,17:12:00,46310.7076,Daylit,16.2521,290.0279,-4.1464,296.3817,159.5204,100.0,0.0316,Waxing Crescent,
2003-06-27,17:13:00,45790.6535,Daylit,16.0273,290.0764,-4.3527,296.4591,159.528,100.0,0.0316,Waxing Crescent,
2003-06-27,17:14:00,45268.9863,Daylit,15.8026,290.1252,-4.5589,296.537,159.5357,100.0,0.0316,Waxing Crescent,
2003-06-27,17:15:00,44745.6939,Daylit,15.5779,290.1743,-4.765,296.6152,159.5433,100.0,0.0315,Waxing Crescent,
2003-06-27,17:16:00,44220.7635,Daylit,15.3534,290.2238,-4.9709,296.6938,159.551,100.0,0.0315,Waxing Crescent,
2003-06-27,17:17:00,43694.1816,Daylit,15.1289,290.2735,-5.1766,296.7728,159.5586,100.0,0.0315,Waxing Crescent,
2003-06-27,17:18:00,43165.9342,Daylit,14.9044,290.3235,-5.3822,296.8522,159.5663,100.0,0.0315,Waxing Crescent,
2003-06-27,17:19:00,42636.0066,Daylit,14.6801,290.3738,-5.5876,296.9321,159.5739,100.0,0.0314,Waxing Crescent,
2003-06-27,17:20:00,42104.3833,Daylit,14.4558,290.4243,-5.7929,297.0123,159.5815,100.0,0.0314,Waxing Crescent,
2003-06-27,17:21:00,41571.0483,Daylit,14.2316,290.4752,-5.9979,297.0929,159.5892,100.0,0.0314,Waxing Crescent,
2003-06-27,17:22:00,41035.9846,Daylit,14.0074,290.5264,-6.2029,297.1739,159.5968,100.0,0.0314,Waxing Crescent,
2003-06-27,17:23:00,40499.1745,Daylit,13.7834,290.5779,-6.4076,297.2553,159.6045,100.0,0.0313,Waxing Crescent,
2003-06-27,17:24:00,39960.5993,Daylit,13.5594,290.6297,-6.6122,297.3372,159.6121,100.0,0.0313,Waxing Crescent,
2003-06-27,17:25:00,39420.2394,Daylit,13.3355,290.6818,-6.8167,297.4194,159.6198,100.0,0.0313,Waxing Crescent,
2003-06-27,17:26:00,38878.0746,Daylit,13.1117,290.7342,-7.0209,297.5021,159.6274,100.0,0.0313,Waxing Crescent,
2003-06-27,17:27:00,38334.0832,Daylit,12.8879,290.7868,-7.225,297.5852,159.6351,100.0,0.0313,Waxing Crescent,
2003-06-27,17:28:00,37788.2427,Daylit,12.6642,290.8398,-7.429,297.6687,159.6427,100.0,0.0312,Waxing Crescent,
2003-06-27,17:29:00,37240.5295,Daylit,12.4406,290.8931,-7.6327,297.7526,159.6504,100.0,0.0312,Waxing Crescent,
2003-06-27,17:30:00,36690.9187,Daylit,12.2171,290.9467,-7.8363,297.8369,159.658,100.0,0.0312,Waxing Crescent,
2003-06-27,17:31:00,36139.3842,Daylit,11.9937,291.0006,-8.0397,297.9217,159.6657,100.0,0.0312,Waxing Crescent,
2003-06-27,17:32:00,35585.8986,Daylit,11.7703,291.0548,-8.243,298.0069,159.6733,100.0,0.0311,Waxing Crescent,
2003-06-27,17:33:00,35030.433,Daylit,11.5471,291.1093,-8.446,298.0925,159.681,100.0,0.0311,Waxing Crescent,
2003-06-27,17:34:00,34472.9571,Daylit,11.3239,291.1641,-8.6489,298.1786,159.6886,100.0,0.0311,Waxing Crescent,
2003-06-27,17:35:00,33913.4389,Daylit,11.1008,291.2193,-8.8516,298.2651,159.6963,100.0,0.0311,Waxing Crescent,
2003-06-27,17:36:00,33351.8448,Daylit,10.8777,291.2747,-9.0541,298.352,159.7039,100.0,0.031,Waxing Crescent,
2003-06-27,17:37:00,32788.1394,Daylit,10.6548,291.3304,-9.2565,298.4394,159.7116,100.0,0.031,Waxing Crescent,
2003-06-27,17:38:00,32222.2852,Daylit,10.432,291.3865,-9.4587,298.5272,159.7192,100.0,0.031,Waxing Crescent,
2003-06-27,17:39:00,31654.2429,Daylit,10.2092,291.4428,-9.6606,298.6155,159.7269,100.0,0.031,Waxing Crescent,
2003-06-27,17:40:00,31083.9707,Daylit,9.9865,291.4995,-9.8624,298.7042,159.7345,100.0,0.031,Waxing Crescent,
2003-06-27,17:41:00,30511.4248,Daylit,9.7639,291.5565,-10.064,298.7934,159.7422,100.0,0.0309,Waxing Crescent,
2003-06-27,17:42:00,29936.5586,Daylit,9.5414,291.6138,-10.2655,298.883,159.7498,100.0,0.0309,Waxing Crescent,
2003-06-27,17:43:00,29359.3228,Daylit,9.319,291.6714,-10.4667,298.9731,159.7575,100.0,0.0309,Waxing Crescent,
2003-06-27,17:44:00,28779.6654,Daylit,9.0966,291.7293,-10.6677,299.0636,159.7651,100.0,0.0309,Waxing Crescent,
2003-06-27,17:45:00,28197.5309,Daylit,8.8744,291.7876,-10.8686,299.1546,159.7728,100.0,0.0308,Waxing Crescent,
2003-06-27,17:46:00,27612.8608,Daylit,8.6523,291.8461,-11.0693,299.246,159.7804,100.0,0.0308,Waxing Crescent,
2003-06-27,17:47:00,27025.5925,Daylit,8.4302,291.905,-11.2697,299.3379,159.788,100.0,0.0308,Waxing Crescent,
2003-06-27,17:48:00,26435.6597,Daylit,8.2082,291.9642,-11.47,299.4303,159.7957,100.0,0.0308,Waxing Crescent,
2003-06-27,17:49:00,25842.9918,Daylit,7.9864,292.0237,-11.6701,299.5232,159.8033,100.0,0.0307,Waxing Crescent,
2003-06-27,17:50:00,25247.5133,Daylit,7.7646,292.0836,-11.8699,299.6165,159.811,100.0,0.0307,Waxing Crescent,
2003-06-27,17:51:00,24649.1437,Daylit,7.5429,292.1437,-12.0696,299.7104,159.8186,100.0,0.0307,Waxing Crescent,
2003-06-27,17:52:00,24047.7969,Daylit,7.3213,292.2042,-12.2691,299.8047,159.8263,100.0,0.0307,Waxing Crescent,
2003-06-27,17:53:00,23443.3804,Daylit,7.0998,292.265,-12.4683,299.8994,159.8339,100.0,0.0307,Waxing Crescent,
2003-06-27,17:54:00,22835.7953,Daylit,6.8784,292.3262,-12.6674,299.9947,159.8416,100.0,0.0306,Waxing Crescent,
2003-06-27,17:55:00,22224.935,Daylit,6.6571,292.3876,-12.8663,300.0905,159.8492,100.0,0.0306,Waxing Crescent,
2003-06-27,17:56:00,21610.6847,Daylit,6.4359,292.4494,-13.0649,300.1867,159.8569,100.0,0.0306,Waxing Crescent,
2003-06-27,17:57:00,20992.9206,Daylit,6.2148,292.5116,-13.2634,300.2834,159.8645,100.0,0.0306,Waxing Crescent,
2003-06-27,17:58:00,20371.5085,Daylit,5.9938,292.574,-13.4616,300.3807,159.8722,100.0,0.0305,Waxing Crescent,
2003-06-27,17:59:00,19746.3031,Daylit,5.7729,292.6368,-13.6596,300.4784,159.8798,100.0,0.0305,Waxing Crescent,
2003-06-27,18:00:00,19117.146,Daylit,5.5521,292.6999,-13.8574,300.5767,159.8875,100.0,0.0305,Waxing Crescent,
2003-06-27,18:01:00,18483.8649,Daylit,5.3314,292.7634,-14.055,300.6754,159.8951,100.0,0.0305,Waxing Crescent,
2003-06-27,18:02:00,17846.2708,Daylit,5.1108,292.8272,-14.2524,300.7747,159.9028,100.0,0.0304,Waxing Crescent,
2003-06-27,18:03:00,17204.1566,Daylit,4.8903,292.8913,-14.4495,300.8745,159.9104,100.0,0.0304,Waxing Crescent,
2003-06-27,18:04:00,16557.294,Daylit,4.6699,292.9558,-14.6465,300.9747,159.9181,100.0,0.0304,Waxing Crescent,
2003-06-27,18:05:00,15905.4303,Daylit,4.4496,293.0206,-14.8432,301.0756,159.9257,100.0,0.0304,Waxing Crescent,
2003-06-27,18:06:00,15248.2848,Daylit,4.2294,293.0858,-15.0397,301.1769,159.9334,100.0,0.0304,Waxing Crescent,
2003-06-27,18:07:00,14585.5441,Daylit,4.0093,293.1513,-15.236,301.2788,159.941,100.0,0.0303,Waxing Crescent,
2003-06-27,18:08:00,13916.8562,Daylit,3.7894,293.2171,-15.432,301.3811,159.9487,100.0,0.0303,Waxing Crescent,
2003-06-27,18:09:00,13241.8239,Daylit,3.5695,293.2833,-15.6278,301.4841,159.9563,100.0,0.0303,Waxing Crescent,
2003-06-27,18:10:00,12559.995,Daylit,3.3498,293.3499,-15.8234,301.5875,159.964,100.0,0.0303,Waxing Crescent,
2003-06-27,18:11:00,11870.8519,Daylit,3.1301,293.4167,-16.0187,301.6915,159.9716,100.0,0.0302,Waxing Crescent,
2003-06-27,18:12:00,11173.796,Daylit,2.9106,293.484,-16.2139,301.7961,159.9793,100.0,0.0302,Waxing Crescent,
2003-06-27,18:13:00,10468.129,Daylit,2.6912,293.5516,-16.4087,301.9011,159.9869,100.0,0.0302,Waxing Crescent,
2003-06-27,18:14:00,9753.0263,Daylit,2.4719,293.6195,-16.6034,302.0068,159.9945,100.0,0.0302,Waxing Crescent,
2003-06-27,18:15:00,9027.5016,Daylit,2.2527,293.6878,-16.7978,302.113,160.0022,100.0,0.0301,Waxing Crescent,
2003-06-27,18:16:00,8290.3562,Daylit,2.0336,293.7565,-16.992,302.2197,160.0098,100.0,0.0301,Waxing Crescent,
2003-06-27,18:17:00,7540.1055,Daylit,1.8147,293.8255,-17.1859,302.327,160.0175,100.0,0.0301,Waxing Crescent,
2003-06-27,18:18:00,6774.8684,Daylit,1.5958,293.8949,-17.3796,302.4349,160.0251,100.0,0.0301,Waxing Crescent,
2003-06-27,18:19:00,5992.1908,Daylit,1.3771,293.9647,-17.573,302.5433,160.0328,100.0,0.0301,Waxing Crescent,
2003-06-27,18:20:00,5188.7503,Daylit,1.1585,294.0348,-17.7662,302.6523,160.0404,100.0,0.03,Waxing Crescent,
2003-06-27,18:21:00,4359.8197,Daylit,0.94,294.1053,-17.9591,302.7619,160.0481,100.0,0.03,Waxing Crescent,
2003-06-27,18:22:00,3498.1836,Daylit,0.7217,294.1761,-18.1518,302.872,160.0557,100.0,0.03,Waxing Crescent,
2003-06-27,18:23:00,2591.5803,Daylit,0.5034,294.2473,-18.3442,302.9828,160.0634,100.0,0.03,Waxing Crescent,
2003-06-27,18:24:00,1614.8406,Daylit,0.2853,294.3189,-18.5364,303.0941,160.071,100.0,0.0299,Waxing Crescent,
2003-06-27,18:25:00,484.8931,Daylit,0.0673,294.3909,-18.7283,303.206,160.0787,100.0,0.0299,Waxing Crescent,
2003-06-27,18:26:00,19.8881,Civil Twilight,-0.1506,294.4632,-18.92,303.3185,160.0863,100.0,0.0299,Waxing Crescent,
2003-06-27,18:27:00,19.1478,Civil Twilight,-0.3683,294.5359,-19.1114,303.4316,160.094,100.0,0.0299,Waxing Crescent,
2003-06-27,18:28:00,18.4079,Civil Twilight,-0.5859,294.609,-19.3025,303.5453,160.1016,100.0,0.0299,Waxing Crescent,
2003-06-27,18:29:00,17.6684,Civil Twilight,-0.8034,294.6825,-19.4934,303.6596,160.1093,100.0,0.0298,Waxing Crescent,
2003-06-27,18:30:00,16.9293,Civil Twilight,-1.0208,294.7564,-19.684,303.7745,160.1169,100.0,0.0298,Waxing Crescent,
2003-06-27,18:31:00,16.1908,Civil Twilight,-1.238,294.8306,-19.8743,303.89,160.1246,100.0,0.0298,Waxing Crescent,
2003-06-27,18:32:00,15.4526,Civil Twilight,-1.4551,294.9053,-20.0643,304.0061,160.1322,100.0,0.0298,Waxing Crescent,
2003-06-27,18:33:00,14.7149,Civil Twilight,-1.6721,294.9803,-20.2541,304.1228,160.1399,100.0,0.0297,Waxing Crescent,
2003-06-27,18:34:00,13.9776,Civil Twilight,-1.8889,295.0557,-20.4436,304.2402,160.1475,100.0,0.0297,Waxing Crescent,
2003-06-27,18:35:00,13.2408,Civil Twilight,-2.1056,295.1315,-20.6329,304.3582,160.1552,100.0,0.0297,Waxing Crescent,
2003-06-27,18:36:00,12.5045,Civil Twilight,-2.3222,295.2077,-20.8218,304.4768,160.1628,100.0,0.0297,Waxing Crescent,
2003-06-27,18:37:00,11.7686,Civil Twilight,-2.5386,295.2843,-21.0105,304.5961,160.1705,100.0,0.0296,Waxing Crescent,
2003-06-27,18:38:00,11.0332,Civil Twilight,-2.7549,295.3613,-21.1988,304.716,160.1781,100.0,0.0296,Waxing Crescent,
2003-06-27,18:39:00,10.2983,Civil Twilight,-2.9711,295.4387,-21.3869,304.8365,160.1857,100.0,0.0296,Waxing Crescent,
2003-06-27,18:40:00,9.5638,Civil Twilight,-3.1871,295.5165,-21.5747,304.9577,160.1934,100.0,0.0296,Waxing Crescent,
2003-06-27,18:41:00,8.8298,Civil Twilight,-3.403,295.5947,-21.7622,305.0795,160.201,100.0,0.0296,Waxing Crescent,
2003-06-27,18:42:00,8.0963,Civil Twilight,-3.6187,295.6733,-21.9495,305.202,160.2087,100.0,0.0295,Waxing Crescent,
2003-06-27,18:43:00,7.3633,Civil Twilight,-3.8343,295.7524,-22.1364,305.3252,160.2163,100.0,0.0295,Waxing Crescent,
2003-06-27,18:44:00,6.6307,Civil Twilight,-4.0498,295.8318,-22.323,305.449,160.224,100.0,0.0295,Waxing Crescent,
2003-06-27,18:45:00,5.8987,Civil Twilight,-4.2651,295.9117,-22.5093,305.5734,160.2316,100.0,0.0295,Waxing Crescent,
2003-06-27,18:46:00,5.1672,Civil Twilight,-4.4802,295.992,-22.6953,305.6986,160.2393,100.0,0.0294,Waxing Crescent,
2003-06-27,18:47:00,4.4361,Civil Twilight,-4.6953,296.0726,-22.881,305.8244,160.2469,100.0,0.0294,Waxing Crescent,
2003-06-27,18:48:00,3.7056,Civil Twilight,-4.9101,296.1538,-23.0664,305.9509,160.2546,100.0,0.0294,Waxing Crescent,
2003-06-27,18:49:00,2.9755,Civil Twilight,-5.1248,296.2353,-23.2515,306.0781,160.2622,100.0,0.0294,Waxing Crescent,
2003-06-27,18:50:00,2.246,Civil Twilight,-5.3394,296.3173,-23.4363,306.206,160.2699,100.0,0.0294,Waxing Crescent,
2003-06-27,18:51:00,1.517,Civil Twilight,-5.5538,296.3997,-23.6208,306.3345,160.2775,100.0,0.0293,Waxing Crescent,
2003-06-27,18:52:00,0.7885,Civil Twilight,-5.7681,296.4825,-23.8049,306.4638,160.2852,100.0,0.0293,Waxing Crescent,
2003-06-27,18:53:00,0.0606,Civil Twilight,-5.9822,296.5658,-23.9887,306.5938,160.2928,100.0,0.0293,Waxing Crescent,
2003-06-27,18:54:00,0.5804,Nautical Twilight,-6.1961,296.6495,-24.1722,306.7244,160.3005,100.0,0.0293,Waxing Crescent,
2003-06-27,18:55:00,0.559,Nautical Twilight,-6.4099,296.7336,-24.3554,306.8558,160.3081,100.0,0.0292,Waxing Crescent,
2003-06-27,18:56:00,0.5376,Nautical Twilight,-6.6236,296.8182,-24.5382,306.9879,160.3158,100.0,0.0292,Waxing Crescent,
2003-06-27,18:57:00,0.5163,Nautical Twilight,-6.837,296.9032,-24.7207,307.1207,160.3234,100.0,0.0292,Waxing Crescent,
2003-06-27,18:58:00,0.495,Nautical Twilight,-7.0503,296.9887,-24.9029,307.2543,160.3311,100.0,0.0292,Waxing Crescent,
2003-06-27,18:59:00,0.4737,Nautical Twilight,-7.2635,297.0746,-25.0848,307.3885,160.3387,100.0,0.0292,Waxing Crescent,
2003-06-27,19:00:00,0.4524,Nautical Twilight,-7.4765,297.161,-25.2663,307.5235,160.3464,100.0,0.0291,Waxing Crescent,
2003-06-27,19:01:00,0.4311,Nautical Twilight,-7.6893,297.2478,-25.4474,307.6593,160.354,100.0,0.0291,Waxing Crescent,
2003-06-27,19:02:00,0.4098,Nautical Twilight,-7.902,297.3351,-25.6282,307.7957,160.3617,100.0,0.0291,Waxing Crescent,
2003-06-27,19:03:00,0.3886,Nautical Twilight,-8.1144,297.4229,-25.8087,307.933,160.3693,100.0,0.0291,Waxing Crescent,
2003-06-27,19:04:00,0.3673,Nautical Twilight,-8.3268,297.5111,-25.9888,308.0709,160.377,100.0,0.029,Waxing Crescent,
2003-06-27,19:05:00,0.3461,Nautical Twilight,-8.5389,297.5997,-26.1686,308.2097,160.3846,100.0,0.029,Waxing Crescent,
2003-06-27,19:06:00,0.3249,Nautical Twilight,-8.7509,297.6889,-26.348,308.3492,160.3922,100.0,0.029,Waxing Crescent,
2003-06-27,19:07:00,0.3037,Nautical Twilight,-8.9627,297.7785,-26.527,308.4894,160.3999,100.0,0.029,Waxing Crescent,
2003-06-27,19:08:00,0.2826,Nautical Twilight,-9.1743,297.8686,-26.7057,308.6305,160.4075,100.0,0.0289,Waxing Crescent,
2003-06-27,19:09:00,0.2614,Nautical Twilight,-9.3858,297.9592,-26.884,308.7723,160.4152,100.0,0.0289,Waxing Crescent,
2003-06-27,19:10:00,0.2403,Nautical Twilight,-9.597,298.0502,-27.062,308.9148,160.4228,100.0,0.0289,Waxing Crescent,
2003-06-27,19:11:00,0.2192,Nautical Twilight,-9.8081,298.1418,-27.2396,309.0582,160.4305,100.0,0.0289,Waxing Crescent,
2003-06-27,19:12:00,0.1981,Nautical Twilight,-10.019,298.2338,-27.4168,309.2024,160.4381,100.0,0.0289,Waxing Crescent,
2003-06-27,19:13:00,0.177,Nautical Twilight,-10.2298,298.3263,-27.5936,309.3473,160.4458,100.0,0.0288,Waxing Crescent,
2003-06-27,19:14:00,0.156,Nautical Twilight,-10.4403,298.4193,-27.77,309.4931,160.4534,100.0,0.0288,Waxing Crescent,
2003-06-27,19:15:00,0.1349,Nautical Twilight,-10.6507,298.5128,-27.9461,309.6396,160.4611,100.0,0.0288,Waxing Crescent,
2003-06-27,19:16:00,0.1139,Nautical Twilight,-10.8609,298.6068,-28.1218,309.787,160.4687,100.0,0.0288,Waxing Crescent,
2003-06-27,19:17:00,0.0929,Nautical Twilight,-11.0708,298.7013,-28.297,309.9352,160.4764,100.0,0.0287,Waxing Crescent,
2003-06-27,19:18:00,0.0719,Nautical Twilight,-11.2806,298.7963,-28.4719,310.0842,160.484,100.0,0.0287,Waxing Crescent,
2003-06-27,19:19:00,0.051,Nautical Twilight,-11.4902,298.8918,-28.6464,310.234,160.4917,100.0,0.0287,Waxing Crescent,
2003-06-27,19:20:00,0.03,Nautical Twilight,-11.6996,298.9878,-28.8205,310.3846,160.4993,100.0,0.0287,Waxing Crescent,
2003-06-27,19:21:00,0.0091,Nautical Twilight,-11.9089,299.0844,-28.9942,310.5361,160.507,100.0,0.0287,Waxing Crescent,
2003-06-27,19:22:00,0.0059,Astronomical Twilight,-12.1179,299.1814,-29.1675,310.6884,160.5146,100.0,0.0286,Waxing Crescent,
2003-06-27,19:23:00,0.0057,Astronomical Twilight,-12.3267,299.279,-29.3404,310.8416,160.5223,100.0,0.0286,Waxing Crescent,
2003-06-27,19:24:00,0.0055,Astronomical Twilight,-12.5353,299.3771,-29.5129,310.9956,160.5299,100.0,0.0286,Waxing Crescent,
2003-06-27,19:25:00,0.0053,Astronomical Twilight,-12.7437,299.4757,-29.6849,311.1505,160.5376,100.0,0.0286,Waxing Crescent,
2003-06-27,19:26:00,0.005,Astronomical Twilight,-12.952,299.5749,-29.8565,311.3062,160.5452,100.0,0.0285,Waxing Crescent,
2003-06-27,19:27:00,0.0048,Astronomical Twilight,-13.16,299.6746,-30.0277,311.4628,160.5529,100.0,0.0285,Waxing Crescent,
2003-06-27,19:28:00,0.0046,Astronomical Twilight,-13.3678,299.7748,-30.1985,311.6203,160.5605,100.0,0.0285,Waxing Crescent,
2003-06-27,19:29:00,0.0044,Astronomical Twilight,-13.5754,299.8756,-30.3689,311.7786,160.5681,100.0,0.0285,Waxing Crescent,
2003-06-27,19:30:00,0.0042,Astronomical Twilight,-13.7828,299.9769,-30.5388,311.9378,160.5758,100.0,0.0285,Waxing Crescent,
2003-06-27,19:31:00,0.004,Astronomical Twilight,-13.9899,300.0788,-30.7082,312.0979,160.5834,100.0,0.0284,Waxing Crescent,
2003-06-27,19:32:00,0.0038,Astronomical Twilight,-14.1969,300.1812,-30.8773,312.2589,160.5911,100.0,0.0284,Waxing Crescent,
2003-06-27,19:33:00,0.0036,Astronomical Twilight,-14.4036,300.2842,-31.0459,312.4208,160.5987,100.0,0.0284,Waxing Crescent,
2003-06-27,19:34:00,0.0034,Astronomical Twilight,-14.6102,300.3877,-31.214,312.5836,160.6064,100.0,0.0284,Waxing Crescent,
2003-06-27,19:35:00,0.0032,Astronomical Twilight,-14.8165,300.4918,-31.3817,312.7472,160.614,100.0,0.0283,Waxing Crescent,
2003-06-27,19:36:00,0.003,Astronomical Twilight,-15.0226,300.5965,-31.5489,312.9118,160.6217,100.0,0.0283,Waxing Crescent,
2003-06-27,19:37:00,0.0028,Astronomical Twilight,-15.2284,300.7018,-31.7157,313.0774,160.6293,100.0,0.0283,Waxing Crescent,
2003-06-27,19:38:00,0.0026,Astronomical Twilight,-15.4341,300.8076,-31.882,313.2438,160.637,100.0,0.0283,Waxing Crescent,
2003-06-27,19:39:00,0.0024,Astronomical Twilight,-15.6395,300.914,-32.0478,313.4112,160.6446,100.0,0.0283,Waxing Crescent,
2003-06-27,19:40:00,0.0022,Astronomical Twilight,-15.8447,301.0209,-32.2132,313.5794,160.6523,100.0,0.0282,Waxing Crescent,
2003-06-27,19:41:00,0.002,Astronomical Twilight,-16.0496,301.1285,-32.3781,313.7487,160.6599,100.0,0.0282,Waxing Crescent,
2003-06-27,19:42:00,0.0017,Astronomical Twilight,-16.2543,301.2366,-32.5425,313.9188,160.6676,100.0,0.0282,Waxing Crescent,
2003-06-27,19:43:00,0.0015,Astronomical Twilight,-16.4588,301.3454,-32.7064,314.09,160.6752,100.0,0.0282,Waxing Crescent,
2003-06-27,19:44:00,0.0013,Astronomical Twilight,-16.6631,301.4547,-32.8699,314.262,160.6829,100.0,0.0281,Waxing Crescent,
2003-06-27,19:45:00,0.0011,Astronomical Twilight,-16.8671,301.5647,-33.0328,314.435,160.6905,100.0,0.0281,Waxing Crescent,
2003-06-27,19:46:00,0.0009,Astronomical Twilight,-17.0709,301.6752,-33.1953,314.609,160.6982,100.0,0.0281,Waxing Crescent,
2003-06-27,19:47:00,0.0007,Astronomical Twilight,-17.2744,301.7864,-33.3572,314.784,160.7058,100.0,0.0281,Waxing Crescent,
2003-06-27,19:48:00,0.0005,Astronomical Twilight,-17.4777,301.8981,-33.5187,314.9599,160.7135,100.0,0.0281,Waxing Crescent,
2003-06-27,19:49:00,0.0003,Astronomical Twilight,-17.6807,302.0105,-33.6796,315.1368,160.7211,100.0,0.028,Waxing Crescent,
2003-06-27,19:50:00,0.0001,Astronomical Twilight,-17.8835,302.1235,-33.84,315.3147,160.7287,100.0,0.028,Waxing Crescent,
2003-06-27,19:51:00,0.0,Moonless Night,-18.086,302.2372,-33.9999,315.4936,160.7364,100.0,0.028,Waxing Crescent,
2003-06-27,19:52:00,0.0,Moonless Night,-18.2883,302.3514,-34.1593,315.6734,160.744,100.0,0.028,Waxing Crescent,
2003-06-27,19:53:00,0.0,Moonless Night,-18.4903,302.4663,-34.3182,315.8543,160.7517,100.0,0.028,Waxing Crescent,
2003-06-27,19:54:00,0.0,Moonless Night,-18.6921,302.5819,-34.4765,316.0362,160.7593,100.0,0.0279,Waxing Crescent,
2003-06-27,19:55:00,0.0,Moonless Night,-18.8936,302.6981,-34.6343,316.2191,160.767,100.0,0.0279,Waxing Crescent,
2003-06-27,19:56:00,0.0,Moonless Night,-19.0948,302.8149,-34.7916,316.4029,160.7746,100.0,0.0279,Waxing Crescent,
2003-06-27,19:57:00,0.0,Moonless Night,-19.2958,302.9324,-34.9483,316.5879,160.7823,100.0,0.0279,Waxing Crescent,
2003-06-27,19:58:00,0.0,Moonless Night,-19.4965,303.0505,-35.1044,316.7738,160.7899,100.0,0.0278,Waxing Crescent,
2003-06-27,19:59:00,0.0,Moonless Night,-19.6969,303.1693,-35.2601,316.9608,160.7976,100.0,0.0278,Waxing Crescent,
2003-06-27,20:00:00,0.0,Moonless Night,-19.8971,303.2888,-35.4151,317.1487,160.8052,100.0,0.0278,Waxing Crescent,
2003-06-28,17:00:00,52514.1,Daylit,18.9929,289.4116,9.5726,294.0776,170.3625,100.0,0.0071,New Moon,
2003-06-28,17:01:00,52012.7297,Daylit,18.7673,289.4567,9.3615,294.131,170.3699,100.0,0.007,New Moon,
2003-06-28,17:02:00,51509.8555,Daylit,18.5417,289.502,9.1504,294.1847,170.3773,100.0,0.007,New Moon,
2003-06-28,17:03:00,51005.4705,Daylit,18.3161,289.5476,8.9395,294.2387,170.3847,100.0,0.007,New Moon,
2003-06-28,17:04:00,50499.5677,Daylit,18.0907,289.5935,8.7286,294.293,170.3921,100.0,0.007,New Moon,
2003-06-28,17:05:00,49992.1394,Daylit,17.8653,289.6397,8.5178,294.3476,170.3995,100.0,0.007,New Moon,
2003-06-28,17:06:00,49483.1777,Daylit,17.6399,289.6862,8.3072,294.4026,170.407,100.0,0.007,New Moon,
2003-06-28,17:07:00,48972.6743,Daylit,17.4147,289.733,8.0967,294.4579,170.4144,100.0,0.007,New Moon,
2003-06-28,17:08:00,48460.6205,Daylit,17.1895,289.78,7.8862,294.5135,170.4218,100.0,0.007,New Moon,
2003-06-28,17:09:00,47947.0071,Daylit,16.9643,289.8274,7.6759,294.5694,170.4292,100.0,0.007,New Moon,
2003-06-28,17:10:00,47431.8245,Daylit,16.7393,289.875,7.4657,294.6257,170.4366,100.0,0.0069,New Moon,
2003-06-28,17:11:00,46915.0627,Daylit,16.5143,289.923,7.2556,294.6823,170.444,100.0,0.0069,New Moon,
2003-06-28,17:12:00,46396.7111,Daylit,16.2893,289.9712,7.0456,294.7392,170.4514,100.0,0.0069,New Moon,
2003-06-28,17:13:00,45876.7586,Daylit,16.0644,290.0197,6.8357,294.7964,170.4588,100.0,0.0069,New Moon,
2003-06-28,17:14:00,45355.1937,Daylit,15.8397,290.0686,6.6259,294.854,170.4662,100.0,0.0069,New Moon,
2003-06-28,17:15:00,44832.0043,Daylit,15.6149,290.1177,6.4163,294.9119,170.4736,100.0,0.0069,New Moon,
2003-06-28,17:16:00,44307.1776,Daylit,15.3903,290.1671,6.2067,294.9702,170.481,100.0,0.0069,New Moon,
2003-06-28,17:17:00,43780.7002,Daylit,15.1657,290.2168,5.9973,295.0288,170.4884,100.0,0.0069,New Moon,
2003-06-28,17:18:00,43252.5584,Daylit,14.9412,290.2668,5.7879,295.0877,170.4958,100.0,0.0069,New Moon,
2003-06-28,17:19:00,42722.7373,Daylit,14.7167,290.3171,5.5787,295.1469,170.5032,100.0,0.0069,New Moon,
2003-06-28,17:20:00,42191.2218,Daylit,14.4924,290.3677,5.3696,295.2065,170.5106,100.0,0.0068,New Moon,
2003-06-28,17:21:00,41657.9956,Daylit,14.2681,290.4185,5.1606,295.2664,170.518,100.0,0.0068,New Moon,
2003-06-28,17:22:00,41123.0421,Daylit,14.0439,290.4697,4.9518,295.3267,170.5254,100.0,0.0068,New Moon,
2003-06-28,17:23:00,40586.3436,Daylit,13.8197,290.5212,4.743,295.3873,170.5328,100.0,0.0068,New Moon,
2003-06-28,17:24:00,40047.8816,Daylit,13.5956,290.573,4.5344,295.4482,170.5402,100.0,0.0068,New Moon,
2003-06-28,17:25:00,39507.6366,Daylit,13.3717,290.6251,4.3259,295.5095,170.5476,100.0,0.0068,New Moon,
2003-06-28,17:26:00,38965.5884,Daylit,13.1477,290.6774,4.1175,295.5712,170.555,100.0,0.0068,New Moon,
2003-06-28,17:27:00,38421.7155,Daylit,12.9239,290.7301,3.9092,295.6331,170.5623,100.0,0.0068,New Moon,
2003-06-28,17:28:00,37875.9957,Daylit,12.7001,290.7831,3.7011,295.6954,170.5697,100.0,0.0068,New Moon,
2003-06-28,17:29:00,37328.4054,Daylit,12.4765,290.8364,3.4931,295.7581,170.5771,100.0,0.0067,New Moon,
2003-06-28,17:30:00,36778.9198,Daylit,12.2529,290.89,3.2852,295.8211,170.5845,100.0,0.0067,New Moon,
2003-06-28,17:31:00,36227.5131,Daylit,12.0293,290.9438,3.0774,295.8845,170.5919,100.0,0.0067,New Moon,
2003-06-28,17:32:00,35674.1581,Daylit,11.8059,290.998,2.8698,295.9482,170.5993,100.0,0.0067,New Moon,
2003-06-28,17:33:00,35118.8259,Daylit,11.5825,291.0525,2.6622,296.0122,170.6067,100.0,0.0067,New Moon,
2003-06-28,17:34:00,34561.4866,Daylit,11.3593,291.1073,2.4548,296.0766,170.6141,100.0,0.0067,New Moon,
2003-06-28,17:35:00,34002.1084,Daylit,11.1361,291.1624,2.2476,296.1414,170.6215,100.0,0.0067,New Moon,
2003-06-28,17:36:00,33440.6578,Daylit,10.913,291.2178,2.0404,296.2065,170.6289,100.0,0.0067,New Moon,
2003-06-28,17:37:00,32877.0997,Daylit,10.6899,291.2736,1.8334,296.272,170.6362,100.0,0.0067,New Moon,
2003-06-28,17:38:00,32311.3969,Daylit,10.467,291.3296,1.6266,296.3378,170.6436,100.0,0.0067,New Moon,
2003-06-28,17:39:00,31743.5103,Daylit,10.2441,291.3859,1.4198,296.404,170.651,100.0,0.0066,New Moon,
2003-06-28,17:40:00,31173.3987,Daylit,10.0214,291.4426,1.2132,296.4705,170.6584,100.0,0.0066,New Moon,
2003-06-28,17:41:00,30601.0182,Daylit,9.7987,291.4995,1.0067,296.5375,170.6658,100.0,0.0066,New Moon,
2003-06-28,17:42:00,30026.3227,Daylit,9.5761,291.5568,0.8004,296.6047,170.6732,100.0,0.0066,New Moon,
2003-06-28,17:43:00,29449.2635,Daylit,9.3536,291.6144,0.5942,296.6724,170.6805,100.0,0.0066,New Moon,
2003-06-28,17:44:00,28869.7886,Daylit,9.1311,291.6723,0.3881,296.7404,170.6879,100.0,0.0066,New Moon,
2003-06-28,17:45:00,28287.8433,Daylit,8.9088,291.7305,0.1821,296.8087,170.6953,100.0,0.0066,New Moon,
2003-06-28,17:46:00,27703.3693,Daylit,8.6866,291.7891,-0.0237,296.8775,170.7027,100.0,0.0066,New Moon,
2003-06-28,17:47:00,27116.3047,Daylit,8.4644,291.8479,-0.2293,296.9466,170.7101,100.0,0.0066,New Moon,
2003-06-28,17:48:00,26526.5838,Daylit,8.2424,291.9071,-0.4348,297.0161,170.7174,100.0,0.0065,New Moon,
2003-06-28,17:49:00,25934.1363,Daylit,8.0204,291.9666,-0.6402,297.0859,170.7248,100.0,0.0065,New Moon,
2003-06-28,17:50:00,25338.8876,Daylit,7.7985,292.0264,-0.8455,297.1561,170.7322,100.0,0.0065,New Moon,
2003-06-28,17:51:00,24740.7579,Daylit,7.5767,292.0865,-1.0506,297.2267,170.7396,100.0,0.0065,New Moon,
2003-06-28,17:52:00,24139.6618,Daylit,7.3551,292.147,-1.2555,297.2977,170.7469,100.0,0.0065,New Moon,
2003-06-28,17:53:00,23535.5077,Daylit,7.1335,292.2078,-1.4603,297.3691,170.7543,100.0,0.0065,New Moon,
2003-06-28,17:54:00,22928.1977,Daylit,6.912,292.2689,-1.665,297.4408,170.7617,100.0,0.0065,New Moon,
2003-06-28,17:55:00,22317.6262,Daylit,6.6906,292.3303,-1.8695,297.5129,170.7691,100.0,0.0065,New Moon,
2003-06-28,17:56:00,21703.6796,Daylit,6.4693,292.3921,-2.0739,297.5854,170.7764,100.0,0.0065,New Moon,
2003-06-28,17:57:00,21086.2353,Daylit,6.2481,292.4542,-2.2781,297.6583,170.7838,100.0,0.0065,New Moon,
2003-06-28,17:58:00,20465.1607,Daylit,6.027,292.5166,-2.4822,297.7316,170.7912,100.0,0.0064,New Moon,
2003-06-28,17:59:00,19840.3119,Daylit,5.806,292.5793,-2.6861,297.8053,170.7986,100.0,0.0064,New Moon,
2003-06-28,18:00:00,19211.5326,Daylit,5.5851,292.6424,-2.8898,297.8793,170.8059,100.0,0.0064,New Moon,
2003-06-28,18:01:00,18578.6523,Daylit,5.3643,292.7058,-3.0935,297.9538,170.8133,100.0,0.0064,New Moon,
2003-06-28,18:02:00,17941.4845,Daylit,5.1436,292.7696,-3.2969,298.0286,170.8207,100.0,0.0064,New Moon,
2003-06-28,18:03:00,17299.8247,Daylit,4.923,292.8337,-3.5002,298.1039,170.828,100.0,0.0064,New Moon,
2003-06-28,18:04:00,16653.4476,Daylit,4.7025,292.8981,-3.7034,298.1795,170.8354,100.0,0.0064,New Moon,
2003-06-28,18:05:00,16002.1042,Daylit,4.4821,292.9629,-3.9064,298.2556,170.8428,100.0,0.0064,New Moon,
2003-06-28,18:06:00,15345.5177,Daylit,4.2619,293.028,-4.1092,298.332,170.8501,100.0,0.0064,New Moon,
2003-06-28,18:07:00,14683.3796,Daylit,4.0417,293.0935,-4.3119,298.4089,170.8575,100.0,0.0064,New Moon,
2003-06-28,18:08:00,14015.3436,Daylit,3.8216,293.1593,-4.5144,298.4861,170.8649,100.0,0.0063,New Moon,
2003-06-28,18:09:00,13341.0191,Daylit,3.6017,293.2254,-4.7167,298.5638,170.8722,100.0,0.0063,New Moon,
2003-06-28,18:10:00,12659.9622,Daylit,3.3818,293.2919,-4.9189,298.6418,170.8796,100.0,0.0063,New Moon,
2003-06-28,18:11:00,11971.6648,Daylit,3.1621,293.3588,-5.121,298.7203,170.8869,100.0,0.0063,New Moon,
2003-06-28,18:12:00,11275.5409,Daylit,2.9425,293.426,-5.3228,298.7992,170.8943,100.0,0.0063,New Moon,
2003-06-28,18:13:00,10570.907,Daylit,2.723,293.4935,-5.5245,298.8785,170.9017,100.0,0.0063,New Moon,
2003-06-28,18:14:00,9856.9579,Daylit,2.5036,293.5614,-5.726,298.9582,170.909,100.0,0.0063,New Moon,
2003-06-28,18:15:00,9132.7323,Daylit,2.2843,293.6297,-5.9274,299.0384,170.9164,100.0,0.0063,New Moon,
2003-06-28,18:16:00,8397.0646,Daylit,2.0651,293.6983,-6.1286,299.119,170.9237,100.0,0.0063,New Moon,
2003-06-28,18:17:00,7648.5155,Daylit,1.8461,293.7673,-6.3296,299.1999,170.9311,100.0,0.0063,New Moon,
2003-06-28,18:18:00,6885.2673,Daylit,1.6271,293.8366,-6.5305,299.2814,170.9384,100.0,0.0062,New Moon,
2003-06-28,18:19:00,6104.9597,Daylit,1.4083,293.9063,-6.7311,299.3632,170.9458,100.0,0.0062,New Moon,
2003-06-28,18:20:00,5304.4158,Daylit,1.1896,293.9764,-6.9316,299.4455,170.9532,100.0,0.0062,New Moon,
2003-06-28,18:21:00,4479.1509,Daylit,0.971,294.0468,-7.132,299.5282,170.9605,100.0,0.0062,New Moon,
2003-06-28,18:22:00,3622.3986,Daylit,0.7525,294.1176,-7.3321,299.6113,170.9679,100.0,0.0062,New Moon,
2003-06-28,18:23:00,2722.8698,Daylit,0.5342,294.1888,-7.5321,299.6949,170.9752,100.0,0.0062,New Moon,
2003-06-28,18:24:00,1758.1881,Daylit,0.316,294.2603,-7.7319,299.7789,170.9826,100.0,0.0062,New Moon,
2003-06-28,18:25:00,662.3502,Daylit,0.0979,294.3322,-7.9315,299.8634,170.9899,100.0,0.0062,New Moon,
2003-06-28,18:26:00,19.9917,Civil Twilight,-0.1201,294.4045,-8.1309,299.9483,170.9973,100.0,0.0062,New Moon,
2003-06-28,18:27:00,19.251,Civil Twilight,-0.3379,294.4772,-8.3302,300.0336,171.0046,100.0,0.0061,New Moon,
2003-06-28,18:28:00,18.5107,Civil Twilight,-0.5557,294.5502,-8.5292,300.1194,171.012,100.0,0.0061,New Moon,
2003-06-28,18:29:00,17.7709,Civil Twilight,-0.7733,294.6236,-8.7281,300.2056,171.0193,100.0,0.0061,New Moon,
2003-06-28,18:30:00,17.0315,Civil Twilight,-0.9907,294.6974,-8.9268,300.2923,171.0267,100.0,0.0061,New Moon,
2003-06-28,18:31:00,16.2925,Civil Twilight,-1.2081,294.7716,-9.1253,300.3795,171.034,100.0,0.0061,New Moon,
2003-06-28,18:32:00,15.554,Civil Twilight,-1.4253,294.8462,-9.3236,300.4671,171.0413,100.0,0.0061,New Moon,
2003-06-28,18:33:00,14.816,Civil Twilight,-1.6424,294.9211,-9.5217,300.5551,171.0487,100.0,0.0061,New Moon,
2003-06-28,18:34:00,14.0784,Civil Twilight,-1.8593,294.9965,-9.7196,300.6436,171.056,100.0,0.0061,New Moon,
2003-06-28,18:35:00,13.3412,Civil Twilight,-2.0761,295.0722,-9.9174,300.7326,171.0634,100.0,0.0061,New Moon,
2003-06-28,18:36:00,12.6045,Civil Twilight,-2.2928,295.1484,-10.1149,300.8221,171.0707,100.0,0.0061,New Moon,
2003-06-28,18:37:00,11.8683,Civil Twilight,-2.5093,295.2249,-10.3122,300.912,171.0781,100.0,0.006,New Moon,
2003-06-28,18:38:00,11.1325,Civil Twilight,-2.7257,295.3018,-10.5094,301.0024,171.0854,100.0,0.006,New Moon,
2003-06-28,18:39:00,10.3972,Civil Twilight,-2.942,295.3792,-10.7063,301.0933,171.0927,100.0,0.006,New Moon,
2003-06-28,18:40:00,9.6623,Civil Twilight,-3.1581,295.4569,-10.903,301.1846,171.1001,100.0,0.006,New Moon,
2003-06-28,18:41:00,8.928,Civil Twilight,-3.3741,295.535,-11.0996,301.2764,171.1074,100.0,0.006,New Moon,
2003-06-28,18:42:00,8.1941,Civil Twilight,-3.59,295.6136,-11.2959,301.3687,171.1147,100.0,0.006,New Moon,
2003-06-28,18:43:00,7.4607,Civil Twilight,-3.8057,295.6926,-11.492,301.4615,171.1221,100.0,0.006,New Moon,
2003-06-28,18:44:00,6.7278,Civil Twilight,-4.0212,295.7719,-11.688,301.5548,171.1294,100.0,0.006,New Moon,
2003-06-28,18:45:00,5.9953,Civil Twilight,-4.2367,295.8517,-11.8837,301.6486,171.1368,100.0,0.006,New Moon,
2003-06-28,18:46:00,5.2634,Civil Twilight,-4.4519,295.9319,-12.0792,301.7428,171.1441,100.0,0.006,New Moon,
2003-06-28,18:47:00,4.532,Civil Twilight,-4.6671,296.0125,-12.2745,301.8376,171.1514,100.0,0.006,New Moon,
2003-06-28,18:48:00,3.8011,Civil Twilight,-4.882,296.0936,-12.4695,301.9328,171.1588,100.0,0.0059,New Moon,
2003-06-28,18:49:00,3.0706,Civil Twilight,-5.0969,296.175,-12.6644,302.0286,171.1661,100.0,0.0059,New Moon,
2003-06-28,18:50:00,2.3407,Civil Twilight,-5.3115,296.2569,-12.859,302.1249,171.1734,100.0,0.0059,New Moon,
2003-06-28,18:51:00,1.6113,Civil Twilight,-5.5261,296.3393,-13.0535,302.2216,171.1807,100.0,0.0059,New Moon,
2003-06-28,18:52:00,0.8825,Civil Twilight,-5.7404,296.422,-13.2477,302.3189,171.1881,100.0,0.0059,New Moon,
2003-06-28,18:53:00,0.1541,Civil Twilight,-5.9547,296.5052,-13.4417,302.4167,171.1954,100.0,0.0059,New Moon,
2003-06-28,18:54:00,0.5831,Nautical Twilight,-6.1687,296.5888,-13.6354,302.515,171.2027,100.0,0.0059,New Moon,
2003-06-28,18:55:00,0.5617,Nautical Twilight,-6.3826,296.6729,-13.829,302.6138,171.21,100.0,0.0059,New Moon,
2003-06-28,18:56:00,0.5404,Nautical Twilight,-6.5964,296.7574,-14.0223,302.7131,171.2174,100.0,0.0059,New Moon,
2003-06-28,18:57:00,0.519,Nautical Twilight,-6.81,296.8423,-14.2154,302.813,171.2247,100.0,0.0059,New Moon,
2003-06-28,18:58:00,0.4977,Nautical Twilight,-7.0234,296.9277,-14.4082,302.9134,171.232,100.0,0.0058,New Moon,
2003-06-28,18:59:00,0.4763,Nautical Twilight,-7.2367,297.0135,-14.6009,303.0143,171.2393,100.0,0.0058,New Moon,
2003-06-28,19:00:00,0.455,Nautical Twilight,-7.4498,297.0998,-14.7933,303.1157,171.2467,100.0,0.0058,New Moon,
2003-06-28,19:01:00,0.4337,Nautical Twilight,-7.6627,297.1866,-14.9854,303.2177,171.254,100.0,0.0058,New Moon,
2003-06-28,19:02:00,0.4125,Nautical Twilight,-7.8755,297.2738,-15.1773,303.3202,171.2613,100.0,0.0058,New Moon,
2003-06-28,19:03:00,0.3912,Nautical Twilight,-8.0881,297.3614,-15.369,303.4233,171.2686,100.0,0.0058,New Moon,
2003-06-28,19:04:00,0.3699,Nautical Twilight,-8.3005,297.4496,-15.5605,303.5269,171.2759,100.0,0.0058,New Moon,
2003-06-28,19:05:00,0.3487,Nautical Twilight,-8.5128,297.5381,-15.7517,303.631,171.2833,100.0,0.0058,New Moon,
2003-06-28,19:06:00,0.3275,Nautical Twilight,-8.7249,297.6272,-15.9426,303.7357,171.2906,100.0,0.0058,New Moon,
2003-06-28,19:07:00,0.3063,Nautical Twilight,-8.9368,297.7167,-16.1334,303.841,171.2979,100.0,0.0058,New Moon,
2003-06-28,19:08:00,0.2851,Nautical Twilight,-9.1486,297.8067,-16.3238,303.9468,171.3052,100.0,0.0057,New Moon,
2003-06-28,19:09:00,0.264,Nautical Twilight,-9.3602,297.8972,-16.514,304.0532,171.3125,100.0,0.0057,New Moon,
2003-06-28,19:10:00,0.2428,Nautical Twilight,-9.5715,297.9882,-16.704,304.1601,171.3198,100.0,0.0057,New Moon,
2003-06-28,19:11:00,0.2217,Nautical Twilight,-9.7828,298.0796,-16.8937,304.2676,171.3271,100.0,0.0057,New Moon,
2003-06-28,19:12:00,0.2006,Nautical Twilight,-9.9938,298.1715,-17.0832,304.3757,171.3344,100.0,0.0057,New Moon,
2003-06-28,19:13:00,0.1795,Nautical Twilight,-10.2047,298.264,-17.2724,304.4844,171.3418,100.0,0.0057,New Moon,
2003-06-28,19:14:00,0.1585,Nautical Twilight,-10.4153,298.3569,-17.4613,304.5936,171.3491,100.0,0.0057,New Moon,
2003-06-28,19:15:00,0.1374,Nautical Twilight,-10.6258,298.4503,-17.65,304.7034,171.3564,100.0,0.0057,New Moon,
2003-06-28,19:16:00,0.1164,Nautical Twilight,-10.8361,298.5442,-17.8385,304.8138,171.3637,100.0,0.0057,New Moon,
2003-06-28,19:17:00,0.0954,Nautical Twilight,-11.0462,298.6386,-18.0266,304.9248,171.371,100.0,0.0057,New Moon,
2003-06-28,19:18:00,0.0744,Nautical Twilight,-11.2562,298.7335,-18.2145,305.0363,171.3783,100.0,0.0057,New Moon,
2003-06-28,19:19:00,0.0534,Nautical Twilight,-11.4659,298.8289,-18.4021,305.1485,171.3856,100.0,0.0056,New Moon,
2003-06-28,19:20:00,0.0325,Nautical Twilight,-11.6754,298.9248,-18.5895,305.2612,171.3929,100.0,0.0056,New Moon,
2003-06-28,19:21:00,0.0115,Nautical Twilight,-11.8848,299.0212,-18.7766,305.3746,171.4002,100.0,0.0056,New Moon,
2003-06-28,19:22:00,0.0059,Astronomical Twilight,-12.0939,299.1182,-18.9634,305.4886,171.4075,100.0,0.0056,New Moon,
2003-06-28,19:23:00,0.0057,Astronomical Twilight,-12.3029,299.2157,-19.1499,305.6031,171.4148,100.0,0.0056,New Moon,
2003-06-28,19:24:00,0.0055,Astronomical Twilight,-12.5116,299.3137,-19.3362,305.7183,171.4221,100.0,0.0056,New Moon,
2003-06-28,19:25:00,0.0053,Astronomical Twilight,-12.7202,299.4122,-19.5221,305.8341,171.4294,100.0,0.0056,New Moon,
2003-06-28,19:26:00,0.0051,Astronomical Twilight,-12.9285,299.5112,-19.7078,305.9505,171.4367,100.0,0.0056,New Moon,
2003-06-28,19:27:00,0.0049,Astronomical Twilight,-13.1367,299.6108,-19.8932,306.0675,171.444,100.0,0.0056,New Moon,
2003-06-28,19:28:00,0.0047,Astronomical Twilight,-13.3446,299.7109,-20.0784,306.1852,171.4513,100.0,0.0056,New Moon,
2003-06-28,19:29:00,0.0044,Astronomical Twilight,-13.5524,299.8116,-20.2632,306.3035,171.4586,100.0,0.0055,New Moon,
2003-06-28,19:30:00,0.0042,Astronomical Twilight,-13.7599,299.9128,-20.4477,306.4224,171.4659,100.0,0.0055,New Moon,
2003-06-28,19:31:00,0.004,Astronomical Twilight,-13.9672,300.0146,-20.632,306.542,171.4732,100.0,0.0055,New Moon,
2003-06-28,19:32:00,0.0038,Astronomical Twilight,-14.1743,300.1169,-20.8159,306.6622,171.4805,100.0,0.0055,New Moon,
2003-06-28,19:33:00,0.0036,Astronomical Twilight,-14.3812,300.2198,-20.9995,306.783,171.4878,100.0,0.0055,New Moon,
2003-06-28,19:34:00,0.0034,Astronomical Twilight,-14.5878,300.3232,-21.1829,306.9045,171.495,100.0,0.0055,New Moon,
2003-06-28,19:35:00,0.0032,Astronomical Twilight,-14.7943,300.4272,-21.3659,307.0266,171.5023,100.0,0.0055,New Moon,
2003-06-28,19:36:00,0.003,Astronomical Twilight,-15.0005,300.5317,-21.5487,307.1494,171.5096,100.0,0.0055,New Moon,
2003-06-28,19:37:00,0.0028,Astronomical Twilight,-15.2065,300.6368,-21.7311,307.2729,171.5169,100.0,0.0055,New Moon,
2003-06-28,19:38:00,0.0026,Astronomical Twilight,-15.4123,300.7425,-21.9132,307.397,171.5242,100.0,0.0055,New Moon,
2003-06-28,19:39:00,0.0024,Astronomical Twilight,-15.6179,300.8488,-22.095,307.5218,171.5315,100.0,0.0055,New Moon,
2003-06-28,19:40:00,0.0022,Astronomical Twilight,-15.8232,300.9557,-22.2765,307.6473,171.5388,100.0,0.0054,New Moon,
2003-06-28,19:41:00,0.002,Astronomical Twilight,-16.0283,301.0631,-22.4577,307.7734,171.546,100.0,0.0054,New Moon,
2003-06-28,19:42:00,0.0018,Astronomical Twilight,-16.2331,301.1711,-22.6385,307.9002,171.5533,100.0,0.0054,New Moon,
2003-06-28,19:43:00,0.0016,Astronomical Twilight,-16.4378,301.2797,-22.8191,308.0277,171.5606,100.0,0.0054,New Moon,
2003-06-28,19:44:00,0.0014,Astronomical Twilight,-16.6422,301.389,-22.9993,308.1559,171.5679,100.0,0.0054,New Moon,
2003-06-28,19:45:00,0.0012,Astronomical Twilight,-16.8463,301.4988,-23.1791,308.2847,171.5752,100.0,0.0054,New Moon,
2003-06-28,19:46:00,0.0009,Astronomical Twilight,-17.0502,301.6092,-23.3587,308.4143,171.5824,100.0,0.0054,New Moon,
2003-06-28,19:47:00,0.0007,Astronomical Twilight,-17.2539,301.7202,-23.5379,308.5446,171.5897,100.0,0.0054,New Moon,
2003-06-28,19:48:00,0.0005,Astronomical Twilight,-17.4573,301.8319,-23.7168,308.6755,171.597,100.0,0.0054,New Moon,
2003-06-28,19:49:00,0.0003,Astronomical Twilight,-17.6605,301.9441,-23.8953,308.8072,171.6043,100.0,0.0054,New Moon,
2003-06-28,19:50:00,0.0001,Astronomical Twilight,-17.8635,302.057,-24.0735,308.9396,171.6115,100.0,0.0053,New Moon,
2003-06-28,19:51:00,0.0,Moonless Night,-18.0661,302.1705,-24.2514,309.0727,171.6188,100.0,0.0053,New Moon,
2003-06-28,19:52:00,0.0,Moonless Night,-18.2686,302.2847,-24.4289,309.2065,171.6261,100.0,0.0053,New Moon,
2003-06-28,19:53:00,0.0,Moonless Night,-18.4707,302.3994,-24.606,309.3411,171.6334,100.0,0.0053,New Moon,
2003-06-28,19:54:00,0.0,Moonless Night,-18.6727,302.5148,-24.7829,309.4763,171.6406,100.0,0.0053,New Moon,
2003-06-28,19:55:00,0.0,Moonless Night,-18.8743,302.6309,-24.9593,309.6123,171.6479,100.0,0.0053,New Moon,
2003-06-28,19:56:00,0.0,Moonless Night,-19.0757,302.7476,-25.1354,309.7491,171.6552,100.0,0.0053,New Moon,
2003-06-28,19:57:00,0.0,Moonless Night,-19.2768,302.8649,-25.3111,309.8866,171.6624,100.0,0.0053,New Moon,
2003-06-28,19:58:00,0.0,Moonless Night,-19.4777,302.9829,-25.4865,310.0248,171.6697,100.0,0.0053,New Moon,
2003-06-28,19:59:00,0.0,Moonless Night,-19.6783,303.1016,-25.6615,310.1637,171.677,100.0,0.0053,New Moon,
2003-06-28,20:00:00,0.0,Moonless Night,-19.8786,303.2209,-25.8362,310.3035,171.6842,100.0,0.0053,New Moon,
2003-06-29,17:00:00,52594.4837,Daylit,19.0292,289.3479,20.9864,292.3462,176.023,100.0,0.0012,New Moon,2003-06-29 17:00:00
2003-06-29,17:01:00,52093.1769,Daylit,18.8034,289.393,20.7718,292.3808,176.0183,100.0,0.0012,New Moon,2003-06-29 17:01:00
2003-06-29,17:02:00,51590.3659,Daylit,18.5777,289.4383,20.5573,292.4158,176.0136,100.0,0.0012,New Moon,2003-06-29 17:02:00
2003-06-29,17:03:00,51086.0439,Daylit,18.3521,289.484,20.3428,292.4511,176.0088,100.0,0.0012,New Moon,2003-06-29 17:03:00
2003-06-29,17:04:00,50580.2038,Daylit,18.1266,289.5299,20.1284,292.4867,176.0041,100.0,0.0012,New Moon,2003-06-29 17:04:00
2003-06-29,17:05:00,50072.8381,Daylit,17.9011,289.5761,19.9141,292.5226,175.9994,100.0,0.0012,New Moon,2003-06-29 17:05:00
2003-06-29,17:06:00,49563.9389,Daylit,17.6756,289.6226,19.6998,292.5589,175.9946,100.0,0.0012,New Moon,2003-06-29 17:06:00
2003-06-29,17:07:00,49053.498,Daylit,17.4503,289.6694,19.4856,292.5955,175.9899,100.0,0.0012,New Moon,2003-06-29 17:07:00
2003-06-29,17:08:00,48541.5065,Daylit,17.225,289.7165,19.2714,292.6324,175.9851,100.0,0.0012,New Moon,2003-06-29 17:08:00
2003-06-29,17:09:00,48027.9555,Daylit,16.9998,289.7639,19.0574,292.6696,175.9803,100.0,0.0012,New Moon,2003-06-29 17:09:00
2003-06-29,17:10:00,47512.8354,Daylit,16.7746,289.8115,18.8434,292.7072,175.9755,100.0,0.0012,New Moon,2003-06-29 17:10:00
2003-06-29,17:11:00,46996.1362,Daylit,16.5495,289.8595,18.6295,292.745,175.9708,100.0,0.0012,New Moon,2003-06-29 17:11:00
2003-06-29,17:12:00,46477.8474,Daylit,16.3245,289.9077,18.4156,292.7832,175.9659,100.0,0.0012,New Moon,2003-06-29 17:12:00
2003-06-29,17:13:00,45957.958,Daylit,16.0995,289.9563,18.2018,292.8217,175.9611,100.0,0.0012,New Moon,2003-06-29 17:13:00
2003-06-29,17:14:00,45436.4564,Daylit,15.8746,290.0051,17.9881,292.8606,175.9563,100.0,0.0012,New Moon,2003-06-29 17:14:00
2003-06-29,17:15:00,44913.3307,Daylit,15.6498,290.0542,17.7745,292.8997,175.9515,100.0,0.0012,New Moon,2003-06-29 17:15:00
2003-06-29,17:16:00,44388.5682,Daylit,15.4251,290.1036,17.5609,292.9392,175.9466,100.0,0.0013,New Moon,2003-06-29 17:16:00
2003-06-29,17:17:00,43862.1555,Daylit,15.2004,290.1534,17.3475,292.979,175.9417,100.0,0.0013,New Moon,2003-06-29 17:17:00
2003-06-29,17:18:00,43334.0789,Daylit,14.9758,290.2034,17.1341,293.0192,175.9369,100.0,0.0013,New Moon,2003-06-29 17:18:00
2003-06-29,17:19:00,42804.3238,Daylit,14.7512,290.2537,16.9207,293.0596,175.932,100.0,0.0013,New Moon,2003-06-29 17:19:00
2003-06-29,17:20:00,42272.875,Daylit,14.5268,290.3043,16.7075,293.1004,175.9271,100.0,0.0013,New Moon,2003-06-29 17:20:00
2003-06-29,17:21:00,41739.7164,Daylit,14.3024,290.3551,16.4943,293.1415,175.9222,100.0,0.0013,New Moon,2003-06-29 17:21:00
2003-06-29,17:22:00,41204.8313,Daylit,14.0781,290.4063,16.2812,293.1829,175.9173,100.0,0.0013,New Moon,2003-06-29 17:22:00
2003-06-29,17:23:00,40668.2023,Daylit,13.8538,290.4578,16.0682,293.2246,175.9124,100.0,0.0013,New Moon,2003-06-29 17:23:00
2003-06-29,17:24:00,40129.8108,Daylit,13.6297,290.5096,15.8552,293.2666,175.9075,100.0,0.0013,New Moon,2003-06-29 17:24:00
2003-06-29,17:25:00,39589.6377,Daylit,13.4056,290.5617,15.6424,293.309,175.9025,100.0,0.0013,New Moon,2003-06-29 17:25:00
2003-06-29,17:26:00,39047.6627,Daylit,13.1816,290.6141,15.4296,293.3517,175.8976,100.0,0.0013,New Moon,2003-06-29 17:26:00
2003-06-29,17:27:00,38503.8645,Daylit,12.9577,290.6667,15.2169,293.3947,175.8926,100.0,0.0013,New Moon,2003-06-29 17:27:00
2003-06-29,17:28:00,37958.2209,Daylit,12.7338,290.7197,15.0042,293.438,175.8876,100.0,0.0013,New Moon,2003-06-29 17:28:00
2003-06-29,17:29:00,37410.7085,Daylit,12.51,290.773,14.7917,293.4817,175.8827,100.0,0.0013,New Moon,2003-06-29 17:29:00
2003-06-29,17:30:00,36861.3028,Daylit,12.2863,290.8266,14.5792,293.5256,175.8777,100.0,0.0013,New Moon,2003-06-29 17:30:00
2003-06-29,17:31:00,36309.978,Daylit,12.0627,290.8805,14.3669,293.5699,175.8727,100.0,0.0013,New Moon,2003-06-29 17:31:00
2003-06-29,17:32:00,35756.707,Daylit,11.8392,290.9346,14.1546,293.6145,175.8677,100.0,0.0013,New Moon,2003-06-29 17:32:00
2003-06-29,17:33:00,35201.4612,Daylit,11.6157,290.9891,13.9424,293.6595,175.8627,100.0,0.0013,New Moon,2003-06-29 17:33:00
2003-06-29,17:34:00,34644.2108,Daylit,11.3923,291.0439,13.7303,293.7047,175.8576,100.0,0.0013,New Moon,2003-06-29 17:34:00
2003-06-29,17:35:00,34084.9242,Daylit,11.1691,291.099,13.5182,293.7503,175.8526,100.0,0.0013,New Moon,2003-06-29 17:35:00
2003-06-29,17:36:00,33523.5682,Daylit,10.9458,291.1544,13.3063,293.7962,175.8476,100.0,0.0013,New Moon,2003-06-29 17:36:00
2003-06-29,17:37:00,32960.1078,Daylit,10.7227,291.2101,13.0944,293.8424,175.8425,100.0,0.0013,New Moon,2003-06-29 17:37:00
2003-06-29,17:38:00,32394.5061,Daylit,10.4997,291.2662,12.8826,293.8889,175.8375,100.0,0.0013,New Moon,2003-06-29 17:38:00
2003-06-29,17:39:00,31826.7242,Daylit,10.2767,291.3225,12.671,293.9358,175.8324,100.0,0.0013,New Moon,2003-06-29 17:39:00
2003-06-29,17:40:00,31256.7211,Daylit,10.0539,291.3791,12.4594,293.983,175.8273,100.0,0.0013,New Moon,2003-06-29 17:40:00
2003-06-29,17:41:00,30684.4534,Daylit,9.8311,291.4361,12.2479,294.0305,175.8222,100.0,0.0013,New Moon,2003-06-29 17:41:00
2003-06-29,17:42:00,30109.8752,Daylit,9.6084,291.4933,12.0364,294.0783,175.8171,100.0,0.0013,New Moon,2003-06-29 17:42:00
2003-06-29,17:43:00,29532.938,Daylit,9.3858,291.5509,11.8251,294.1264,175.812,100.0,0.0013,New Moon,2003-06-29 17:43:00
2003-06-29,17:44:00,28953.5904,Daylit,9.1632,291.6088,11.6139,294.1749,175.8069,100.0,0.0013,New Moon,2003-06-29 17:44:00
2003-06-29,17:45:00,28371.7779,Daylit,8.9408,291.667,11.4028,294.2237,175.8018,100.0,0.0013,New Moon,2003-06-29 17:45:00
2003-06-29,17:46:00,27787.4427,Daylit,8.7185,291.7255,11.1917,294.2728,175.7966,100.0,0.0013,New Moon,2003-06-29 17:46:00
2003-06-29,17:47:00,27200.5233,Daylit,8.4962,291.7843,10.9808,294.3223,175.7915,100.0,0.0013,New Moon,2003-06-29 17:47:00
2003-06-29,17:48:00,26610.9545,Daylit,8.2741,291.8435,10.7699,294.372,175.7863,100.0,0.0014,New Moon,2003-06-29 17:48:00
2003-06-29,17:49:00,26018.6666,Daylit,8.052,291.903,10.5591,294.4221,175.7812,100.0,0.0014,New Moon,2003-06-29 17:49:00
2003-06-29,17:50:00,25423.5855,Daylit,7.83,291.9628,10.3485,294.4726,175.776,100.0,0.0014,New Moon,2003-06-29 17:50:00
2003-06-29,17:51:00,24825.6321,Daylit,7.6081,292.0229,10.1379,294.5233,175.7708,100.0,0.0014,New Moon,2003-06-29 17:51:00
2003-06-29,17:52:00,24224.7216,Daylit,7.3864,292.0833,9.9274,294.5744,175.7656,100.0,0.0014,New Moon,2003-06-29 17:52:00
2003-06-29,17:53:00,23620.7633,Daylit,7.1647,292.1441,9.7171,294.6258,175.7604,100.0,0.0014,New Moon,2003-06-29 17:53:00
2003-06-29,17:54:00,23013.6601,Daylit,6.9431,292.2052,9.5068,294.6775,175.7552,100.0,0.0014,New Moon,2003-06-29 17:54:00
2003-06-29,17:55:00,22403.3072,Daylit,6.7216,292.2666,9.2966,294.7296,175.75,100.0,0.0014,New Moon,2003-06-29 17:55:00
2003-06-29,17:56:00,21789.5922,Daylit,6.5002,292.3283,9.0865,294.782,175.7448,100.0,0.0014,New Moon,2003-06-29 17:56:00
2003-06-29,17:57:00,21172.3936,Daylit,6.2789,292.3904,8.8766,294.8347,175.7396,100.0,0.0014,New Moon,2003-06-29 17:57:00
2003-06-29,17:58:00,20551.5801,Daylit,6.0577,292.4528,8.6667,294.8877,175.7343,100.0,0.0014,New Moon,2003-06-29 17:58:00
2003-06-29,17:59:00,19927.0092,Daylit,5.8366,292.5155,8.4569,294.9411,175.7291,100.0,0.0014,New Moon,2003-06-29 17:59:00
2003-06-29,18:00:00,19298.5262,Daylit,5.6156,292.5785,8.2473,294.9948,175.7238,100.0,0.0014,New Moon,2003-06-29 18:00:00
2003-06-29,18:01:00,18665.9624,Daylit,5.3947,292.6419,8.0377,295.0489,175.7186,100.0,0.0014,New Moon,2003-06-29 18:01:00
2003-06-29,18:02:00,18029.1334,Daylit,5.1739,292.7057,7.8282,295.1033,175.7133,100.0,0.0014,New Moon,2003-06-29 18:02:00
2003-06-29,18:03:00,17387.8371,Daylit,4.9532,292.7697,7.6189,295.158,175.708,100.0,0.0014,New Moon,2003-06-29 18:03:00
2003-06-29,18:04:00,16741.8509,Daylit,4.7326,292.8341,7.4096,295.213,175.7027,100.0,0.0014,New Moon,2003-06-29 18:04:00
2003-06-29,18:05:00,16090.9288,Daylit,4.5121,292.8989,7.2005,295.2684,175.6974,100.0,0.0014,New Moon,2003-06-29 18:05:00
2003-06-29,18:06:00,15434.7977,Daylit,4.2917,292.964,6.9915,295.3242,175.6921,100.0,0.0014,New Moon,2003-06-29 18:06:00
2003-06-29,18:07:00,14773.1534,Daylit,4.0714,293.0294,6.7825,295.3802,175.6868,100.0,0.0014,New Moon,2003-06-29 18:07:00
2003-06-29,18:08:00,14105.6545,Daylit,3.8513,293.0952,6.5737,295.4366,175.6815,100.0,0.0014,New Moon,2003-06-29 18:08:00
2003-06-29,18:09:00,13431.9162,Daylit,3.6312,293.1613,6.365,295.4933,175.6761,100.0,0.0014,New Moon,2003-06-29 18:09:00
2003-06-29,18:10:00,12751.502,Daylit,3.4112,293.2277,6.1564,295.5504,175.6708,100.0,0.0014,New Moon,2003-06-29 18:10:00
2003-06-29,18:11:00,12063.9124,Daylit,3.1914,293.2945,5.9479,295.6078,175.6654,100.0,0.0014,New Moon,2003-06-29 18:11:00
2003-06-29,18:12:00,11368.5719,Daylit,2.9717,293.3617,5.7396,295.6656,175.6601,100.0,0.0014,New Moon,2003-06-29 18:12:00
2003-06-29,18:13:00,10664.8105,Daylit,2.752,293.4292,5.5313,295.7237,175.6547,100.0,0.0014,New Moon,2003-06-29 18:13:00
2003-06-29,18:14:00,9951.8397,Daylit,2.5325,293.4971,5.3232,295.7822,175.6493,100.0,0.0014,New Moon,2003-06-29 18:14:00
2003-06-29,18:15:00,9228.72,Daylit,2.3131,293.5653,5.1151,295.8409,175.6439,100.0,0.0014,New Moon,2003-06-29 18:15:00
2003-06-29,18:16:00,8494.3146,Daylit,2.0939,293.6339,4.9072,295.9001,175.6386,100.0,0.0014,New Moon,2003-06-29 18:16:00
2003-06-29,18:17:00,7747.2233,Daylit,1.8747,293.7028,4.6994,295.9596,175.6332,100.0,0.0015,New Moon,2003-06-29 18:17:00
2003-06-29,18:18:00,6985.6834,Daylit,1.6556,293.7721,4.4918,296.0194,175.6277,100.0,0.0015,New Moon,2003-06-29 18:18:00
2003-06-29,18:19:00,6207.4149,Daylit,1.4367,293.8417,4.2842,296.0796,175.6223,100.0,0.0015,New Moon,2003-06-29 18:19:00
2003-06-29,18:20:00,5409.3644,Daylit,1.2179,293.9118,4.0768,296.1401,175.6169,100.0,0.0015,New Moon,2003-06-29 18:20:00
2003-06-29,18:21:00,4587.2515,Daylit,0.9992,293.9821,3.8694,296.201,175.6115,100.0,0.0015,New Moon,2003-06-29 18:21:00
2003-06-29,18:22:00,3734.6816,Daylit,0.7806,294.0529,3.6622,296.2622,175.606,100.0,0.0015,New Moon,2003-06-29 18:22:00
2003-06-29,18:23:00,2841.1505,Daylit,0.5622,294.124,3.4551,296.3238,175.6006,100.0,0.0015,New Moon,2003-06-29 18:23:00
2003-06-29,18:24:00,1886.4255,Daylit,0.3438,294.1955,3.2482,296.3857,175.5951,100.0,0.0015,New Moon,2003-06-29 18:24:00
2003-06-29,18:25:00,815.4441,Daylit,0.1256,294.2673,3.0413,296.448,175.5897,100.0,0.0015,New Moon,2003-06-29 18:25:00
2003-06-29,18:26:00,20.0858,Civil Twilight,-0.0925,294.3396,2.8346,296.5107,175.5842,100.0,0.0015,New Moon,2003-06-29 18:26:00
2003-06-29,18:27:00,19.3447,Civil Twilight,-0.3104,294.4122,2.628,296.5737,175.5787,100.0,0.0015,New Moon,2003-06-29 18:27:00
2003-06-29,18:28:00,18.6041,Civil Twilight,-0.5283,294.4852,2.4216,296.637,175.5732,100.0,0.0015,New Moon,2003-06-29 18:28:00
2003-06-29,18:29:00,17.8638,Civil Twilight,-0.746,294.5585,2.2152,296.7007,175.5678,100.0,0.0015,New Moon,2003-06-29 18:29:00
2003-06-29,18:30:00,17.124,Civil Twilight,-0.9636,294.6323,2.009,296.7648,175.5622,100.0,0.0015,New Moon,2003-06-29 18:30:00
2003-06-29,18:31:00,16.3847,Civil Twilight,-1.181,294.7064,1.803,296.8293,175.5567,100.0,0.0015,New Moon,2003-06-29 18:31:00
2003-06-29,18:32:00,15.6458,Civil Twilight,-1.3983,294.7809,1.597,296.8941,175.5512,100.0,0.0015,New Moon,2003-06-29 18:32:00
2003-06-29,18:33:00,14.9073,Civil Twilight,-1.6155,294.8558,1.3912,296.9593,175.5457,100.0,0.0015,New Moon,2003-06-29 18:33:00
2003-06-29,18:34:00,14.1693,Civil Twilight,-1.8326,294.9311,1.1855,297.0248,175.5402,100.0,0.0015,New Moon,2003-06-29 18:34:00
2003-06-29,18:35:00,13.4317,Civil Twilight,-2.0495,295.0068,0.9799,297.0907,175.5346,100.0,0.0015,New Moon,2003-06-29 18:35:00
2003-06-29,18:36:00,12.6946,Civil Twilight,-2.2663,295.0829,0.7745,297.157,175.5291,100.0,0.0015,New Moon,2003-06-29 18:36:00
2003-06-29,18:37:00,11.9579,Civil Twilight,-2.483,295.1593,0.5692,297.2236,175.5235,100.0,0.0015,New Moon,2003-06-29 18:37:00
2003-06-29,18:38:00,11.2217,Civil Twilight,-2.6995,295.2362,0.3641,297.2906,175.518,100.0,0.0015,New Moon,2003-06-29 18:38:00
2003-06-29,18:39:00,10.486,Civil Twilight,-2.9159,295.3135,0.159,297.358,175.5124,100.0,0.0015,New Moon,2003-06-29 18:39:00
2003-06-29,18:40:00,9.7507,Civil Twilight,-3.1321,295.3911,-0.0459,297.4258,175.5068,100.0,0.0015,New Moon,2003-06-29 18:40:00
2003-06-29,18:41:00,9.016,Civil Twilight,-3.3482,295.4692,-0.2506,297.4939,175.5012,100.0,0.0015,New Moon,2003-06-29 18:41:00
2003-06-29,18:42:00,8.2817,Civil Twilight,-3.5642,295.5477,-0.4552,297.5625,175.4956,100.0,0.0015,New Moon,2003-06-29 18:42:00
2003-06-29,18:43:00,7.5478,Civil Twilight,-3.78,295.6266,-0.6597,297.6314,175.49,100.0,0.0015,New Moon,2003-06-29 18:43:00
2003-06-29,18:44:00,6.8145,Civil Twilight,-3.9957,295.7059,-0.864,297.7006,175.4844,100.0,0.0016,New Moon,2003-06-29 18:44:00
2003-06-29,18:45:00,6.0817,Civil Twilight,-4.2113,295.7856,-1.0682,297.7703,175.4788,100.0,0.0016,New Moon,2003-06-29 18:45:00
2003-06-29,18:46:00,5.3493,Civil Twilight,-4.4267,295.8658,-1.2722,297.8403,175.4732,100.0,0.0016,New Moon,2003-06-29 18:46:00
2003-06-29,18:47:00,4.6175,Civil Twilight,-4.6419,295.9463,-1.4762,297.9107,175.4676,100.0,0.0016,New Moon,2003-06-29 18:47:00
2003-06-29,18:48:00,3.8861,Civil Twilight,-4.857,296.0273,-1.6799,297.9816,175.4619,100.0,0.0016,New Moon,2003-06-29 18:48:00
2003-06-29,18:49:00,3.1553,Civil Twilight,-5.072,296.1087,-1.8835,298.0528,175.4563,100.0,0.0016,New Moon,2003-06-29 18:49:00
2003-06-29,18:50:00,2.425,Civil Twilight,-5.2868,296.1905,-2.087,298.1243,175.4507,100.0,0.0016,New Moon,2003-06-29 18:50:00
2003-06-29,18:51:00,1.6952,Civil Twilight,-5.5014,296.2727,-2.2903,298.1963,175.445,100.0,0.0016,New Moon,2003-06-29 18:51:00
2003-06-29,18:52:00,0.9659,Civil Twilight,-5.7159,296.3554,-2.4935,298.2687,175.4393,100.0,0.0016,New Moon,2003-06-29 18:52:00
2003-06-29,18:53:00,0.2371,Civil Twilight,-5.9303,296.4385,-2.6965,298.3415,175.4337,100.0,0.0016,New Moon,2003-06-29 18:53:00
2003-06-29,18:54:00,0.5856,Nautical Twilight,-6.1445,296.5221,-2.8994,298.4146,175.428,100.0,0.0016,New Moon,2003-06-29 18:54:00
2003-06-29,18:55:00,0.5642,Nautical Twilight,-6.3585,296.606,-3.1021,298.4882,175.4223,100.0,0.0016,New Moon,2003-06-29 18:55:00
2003-06-29,18:56:00,0.5428,Nautical Twilight,-6.5724,296.6905,-3.3047,298.5621,175.4166,100.0,0.0016,New Moon,2003-06-29 18:56:00
2003-06-29,18:57:00,0.5214,Nautical Twilight,-6.7861,296.7753,-3.5071,298.6365,175.4109,100.0,0.0016,New Moon,2003-06-29 18:57:00
2003-06-29,18:58:00,0.5,Nautical Twilight,-6.9996,296.8606,-3.7093,298.7113,175.4052,100.0,0.0016,New Moon,2003-06-29 18:58:00
2003-06-29,18:59:00,0.4787,Nautical Twilight,-7.213,296.9464,-3.9114,298.7864,175.3995,100.0,0.0016,New Moon,2003-06-29 18:59:00
2003-06-29,19:00:00,0.4574,Nautical Twilight,-7.4263,297.0326,-4.1134,298.862,175.3938,100.0,0.0016,New Moon,2003-06-29 19:00:00
2003-06-29,19:01:00,0.4361,Nautical Twilight,-7.6393,297.1193,-4.3152,298.938,175.388,100.0,0.0016,New Moon,2003-06-29 19:01:00
2003-06-29,19:02:00,0.4148,Nautical Twilight,-7.8523,297.2064,-4.5168,299.0144,175.3823,100.0,0.0016,New Moon,2003-06-29 19:02:00
2003-06-29,19:03:00,0.3935,Nautical Twilight,-8.065,297.294,-4.7183,299.0912,175.3766,100.0,0.0016,New Moon,2003-06-29 19:03:00
2003-06-29,19:04:00,0.3722,Nautical Twilight,-8.2776,297.382,-4.9196,299.1684,175.3708,100.0,0.0016,New Moon,2003-06-29 19:04:00
2003-06-29,19:05:00,0.351,Nautical Twilight,-8.49,297.4705,-5.1207,299.2461,175.3651,100.0,0.0016,New Moon,2003-06-29 19:05:00
2003-06-29,19:06:00,0.3298,Nautical Twilight,-8.7022,297.5595,-5.3217,299.3241,175.3593,100.0,0.0016,New Moon,2003-06-29 19:06:00
2003-06-29,19:07:00,0.3086,Nautical Twilight,-8.9142,297.6489,-5.5225,299.4026,175.3535,100.0,0.0016,New Moon,2003-06-29 19:07:00
2003-06-29,19:08:00,0.2874,Nautical Twilight,-9.1261,297.7388,-5.7232,299.4815,175.3478,100.0,0.0016,New Moon,2003-06-29 19:08:00
2003-06-29,19:09:00,0.2662,Nautical Twilight,-9.3378,297.8292,-5.9236,299.5608,175.342,100.0,0.0017,New Moon,2003-06-29 19:09:00
2003-06-29,19:10:00,0.2451,Nautical Twilight,-9.5494,297.9201,-6.124,299.6405,175.3362,100.0,0.0017,New Moon,2003-06-29 19:10:00
2003-06-29,19:11:00,0.2239,Nautical Twilight,-9.7607,298.0114,-6.3241,299.7207,175.3304,100.0,0.0017,New Moon,2003-06-29 19:11:00
2003-06-29,19:12:00,0.2028,Nautical Twilight,-9.9719,298.1033,-6.5241,299.8013,175.3246,100.0,0.0017,New Moon,2003-06-29 19:12:00
2003-06-29,19:13:00,0.1817,Nautical Twilight,-10.1829,298.1956,-6.7239,299.8823,175.3188,100.0,0.0017,New Moon,2003-06-29 19:13:00
2003-06-29,19:14:00,0.1606,Nautical Twilight,-10.3937,298.2884,-6.9235,299.9638,175.313,100.0,0.0017,New Moon,2003-06-29 19:14:00
2003-06-29,19:15:00,0.1396,Nautical Twilight,-10.6043,298.3817,-7.123,300.0457,175.3072,100.0,0.0017,New Moon,2003-06-29 19:15:00
2003-06-29,19:16:00,0.1185,Nautical Twilight,-10.8148,298.4755,-7.3222,300.1281,175.3013,100.0,0.0017,New Moon,2003-06-29 19:16:00
2003-06-29,19:17:00,0.0975,Nautical Twilight,-11.025,298.5698,-7.5213,300.2108,175.2955,100.0,0.0017,New Moon,2003-06-29 19:17:00
2003-06-29,19:18:00,0.0765,Nautical Twilight,-11.2351,298.6646,-7.7202,300.2941,175.2897,100.0,0.0017,New Moon,2003-06-29 19:18:00
2003-06-29,19:19:00,0.0555,Nautical Twilight,-11.445,298.7599,-7.919,300.3777,175.2838,100.0,0.0017,New Moon,2003-06-29 19:19:00
2003-06-29,19:20:00,0.0345,Nautical Twilight,-11.6546,298.8557,-8.1176,300.4618,175.278,100.0,0.0017,New Moon,2003-06-29 19:20:00
2003-06-29,19:21:00,0.0136,Nautical Twilight,-11.8641,298.9521,-8.3159,300.5464,175.2721,100.0,0.0017,New Moon,2003-06-29 19:21:00
2003-06-29,19:22:00,0.0059,Astronomical Twilight,-12.0734,299.0489,-8.5141,300.6314,175.2662,100.0,0.0017,New Moon,2003-06-29 19:22:00
2003-06-29,19:23:00,0.0057,Astronomical Twilight,-12.2825,299.1463,-8.7121,300.7169,175.2604,100.0,0.0017,New Moon,2003-06-29 19:23:00
2003-06-29,19:24:00,0.0055,Astronomical Twilight,-12.4914,299.2442,-8.91,300.8028,175.2545,100.0,0.0017,New Moon,2003-06-29 19:24:00
2003-06-29,19:25:00,0.0053,Astronomical Twilight,-12.7001,299.3426,-9.1076,300.8892,175.2486,100.0,0.0017,New Moon,2003-06-29 19:25:00
2003-06-29,19:26:00,0.0051,Astronomical Twilight,-12.9086,299.4416,-9.305,300.976,175.2427,100.0,0.0017,New Moon,2003-06-29 19:26:00
2003-06-29,19:27:00,0.0049,Astronomical Twilight,-13.1169,299.5411,-9.5023,301.0633,175.2368,100.0,0.0017,New Moon,2003-06-29 19:27:00
2003-06-29,19:28:00,0.0047,Astronomical Twilight,-13.325,299.6411,-9.6994,301.1511,175.2309,100.0,0.0017,New Moon,2003-06-29 19:28:00
2003-06-29,19:29:00,0.0045,Astronomical Twilight,-13.5329,299.7416,-9.8962,301.2393,175.225,100.0,0.0017,New Moon,2003-06-29 19:29:00
2003-06-29,19:30:00,0.0043,Astronomical Twilight,-13.7405,299.8427,-10.0929,301.328,175.2191,100.0,0.0017,New Moon,2003-06-29 19:30:00
2003-06-29,19:31:00,0.0041,Astronomical Twilight,-13.948,299.9444,-10.2894,301.4172,175.2132,100.0,0.0017,New Moon,2003-06-29 19:31:00
2003-06-29,19:32:00,0.0038,Astronomical Twilight,-14.1552,300.0466,-10.4857,301.5069,175.2072,100.0,0.0017,New Moon,2003-06-29 19:32:00
2003-06-29,19:33:00,0.0036,Astronomical Twilight,-14.3623,300.1493,-10.6818,301.597,175.2013,100.0,0.0018,New Moon,2003-06-29 19:33:00
2003-06-29,19:34:00,0.0034,Astronomical Twilight,-14.5691,300.2526,-10.8777,301.6876,175.1954,100.0,0.0018,New Moon,2003-06-29 19:34:00
2003-06-29,19:35:00,0.0032,Astronomical Twilight,-14.7757,300.3565,-11.0733,301.7787,175.1894,100.0,0.0018,New Moon,2003-06-29 19:35:00
2003-06-29,19:36:00,0.003,Astronomical Twilight,-14.9821,300.461,-11.2688,301.8703,175.1835,100.0,0.0018,New Moon,2003-06-29 19:36:00
2003-06-29,19:37:00,0.0028,Astronomical Twilight,-15.1882,300.566,-11.4641,301.9624,175.1775,100.0,0.0018,New Moon,2003-06-29 19:37:00
2003-06-29,19:38:00,0.0026,Astronomical Twilight,-15.3942,300.6715,-11.6592,302.0549,175.1716,100.0,0.0018,New Moon,2003-06-29 19:38:00
2003-06-29,19:39:00,0.0024,Astronomical Twilight,-15.5999,300.7777,-11.854,302.148,175.1656,100.0,0.0018,New Moon,2003-06-29 19:39:00
2003-06-29,19:40:00,0.0022,Astronomical Twilight,-15.8054,300.8844,-12.0487,302.2415,175.1596,100.0,0.0018,New Moon,2003-06-29 19:40:00
2003-06-29,19:41:00,0.002,Astronomical Twilight,-16.0106,300.9917,-12.2431,302.3356,175.1536,100.0,0.0018,New Moon,2003-06-29 19:41:00
2003-06-29,19:42:00,0.0018,Astronomical Twilight,-16.2156,301.0997,-12.4374,302.4301,175.1476,100.0,0.0018,New Moon,2003-06-29 19:42:00
2003-06-29,19:43:00,0.0016,Astronomical Twilight,-16.4204,301.2082,-12.6314,302.5251,175.1416,100.0,0.0018,New Moon,2003-06-29 19:43:00
2003-06-29,19:44:00,0.0014,Astronomical Twilight,-16.625,301.3173,-12.8252,302.6207,175.1356,100.0,0.0018,New Moon,2003-06-29 19:44:00
2003-06-29,19:45:00,0.0012,Astronomical Twilight,-16.8293,301.4269,-13.0188,302.7168,175.1296,100.0,0.0018,New Moon,2003-06-29 19:45:00
2003-06-29,19:46:00,0.001,Astronomical Twilight,-17.0334,301.5372,-13.2121,302.8133,175.1236,100.0,0.0018,New Moon,2003-06-29 19:46:00
2003-06-29,19:47:00,0.0008,Astronomical Twilight,-17.2372,301.6482,-13.4053,302.9104,175.1176,100.0,0.0018,New Moon,2003-06-29 19:47:00
2003-06-29,19:48:00,0.0006,Astronomical Twilight,-17.4408,301.7597,-13.5982,303.008,175.1116,100.0,0.0018,New Moon,2003-06-29 19:48:00
2003-06-29,19:49:00,0.0004,Astronomical Twilight,-17.6441,301.8718,-13.7909,303.1061,175.1056,100.0,0.0018,New Moon,2003-06-29 19:49:00
2003-06-29,19:50:00,0.0002,Astronomical Twilight,-17.8472,301.9846,-13.9834,303.2048,175.0995,100.0,0.0018,New Moon,2003-06-29 19:50:00
2003-06-29,19:51:00,0.0,Moonless Night,-18.0501,302.0979,-14.1756,303.304,175.0935,100.0,0.0018,New Moon,2003-06-29 19:51:00
2003-06-29,19:52:00,0.0,Moonless Night,-18.2527,302.212,-14.3677,303.4037,175.0874,100.0,0.0018,New Moon,2003-06-29 19:52:00
2003-06-29,19:53:00,0.0,Moonless Night,-18.455,302.3266,-14.5594,303.5039,175.0814,100.0,0.0018,New Moon,2003-06-29 19:53:00
2003-06-29,19:54:00,0.0,Moonless Night,-18.6571,302.4419,-14.751,303.6047,175.0753,100.0,0.0018,New Moon,2003-06-29 19:54:00
2003-06-29,19:55:00,0.0,Moonless Night,-18.8589,302.5578,-14.9423,303.706,175.0693,100.0,0.0019,New Moon,2003-06-29 19:55:00
2003-06-29,19:56:00,0.0,Moonless Night,-19.0605,302.6744,-15.1334,303.8078,175.0632,100.0,0.0019,New Moon,2003-06-29 19:56:00
2003-06-29,19:57:00,0.0,Moonless Night,-19.2618,302.7916,-15.3243,303.9102,175.0571,100.0,0.0019,New Moon,2003-06-29 19:57:00
2003-06-29,19:58:00,0.0,Moonless Night,-19.4628,302.9094,-15.5149,304.0131,175.0511,100.0,0.0019,New Moon,2003-06-29 19:58:00
2003-06-29,19:59:00,0.0,Moonless Night,-19.6636,303.028,-15.7053,304.1166,175.045,100.0,0.0019,New Moon,2003-06-29 19:59:00
2003-06-29,20:00:00,0.0,Moonless Night,-19.8641,303.1472,-15.8954,304.2206,175.0389,100.0,0.0019,New Moon,2003-06-29 20:00:00
